;FLAVOR:Marlin
;TIME:4352
;Filament used: 2.4235m
;Layer height: 0.2
;MINX:98.631
;MINY:70.174
;MINZ:0.2
;MAXX:166.318
;MAXY:134.838
;MAXZ:10.6
;TARGET_MACHINE.NAME:Creality Ender-3
;Generated with Cura_SteamEngine 5.10.0
M140 S50
M105
M190 S50
M104 S200
M105
M109 S200
; Ender 3 Custom Start G-code
G92 E0 ; Reset Extruder
G28 ; Home all axes
G1 Z2.0 F3000 ; Move Z Axis up little to prevent scratching of Heat Bed
G1 X0.1 Y20 Z0.3 F5000.0 ; Move to start position
G1 X0.1 Y200.0 Z0.3 F1500.0 E15 ; Draw the first line
G1 X0.4 Y200.0 Z0.3 F5000.0 ; Move to side a little
G1 X0.4 Y20 Z0.3 F1500.0 E30 ; Draw the second line
G92 E0 ; Reset Extruder
G1 Z2.0 F3000 ; Move Z Axis up little to prevent scratching of Heat Bed
G1 X5 Y20 Z0.3 F5000.0 ; Move over to prevent blob squish
M82 ;absolute extrusion mode
G92 E0
G92 E0
G1 F2700 E-5
;LAYER_COUNT:53
;LAYER:0
M107
G0 F6000 X105.719 Y73.197 Z0.2
;TYPE:SKIRT
G1 F2700 E0
G1 F1200 X107.28 Y71.738 E0.07107
G1 X109.303 Y70.531 E0.14942
G1 X111.021 Y70.249 E0.20732
G1 X123.843 Y70.174 E0.63379
G1 X125.751 Y70.642 E0.69913
G1 X127.777 Y71.693 E0.77505
G1 X129.248 Y73.266 E0.84668
G1 X130.287 Y75.01 E0.9142
G1 X130.47 Y75.445 E0.92989
G1 X130.751 Y77.31 E0.99262
G1 X130.775 Y80.059 E1.08406
G1 X131.185 Y80.17 E1.09819
G1 X132.286 Y80.6 E1.1375
G1 X132.532 Y80.794 E1.14792
G1 X134.2 Y79.944 E1.21018
G1 X134.2 Y77.121 E1.30408
G1 X134.666 Y75.225 E1.36902
G1 X135.719 Y73.197 E1.44502
G1 X137.28 Y71.738 E1.51608
G1 X139.303 Y70.531 E1.59444
G1 X141.021 Y70.249 E1.65234
G1 X153.843 Y70.174 E2.07881
G1 X155.751 Y70.642 E2.14415
G1 X157.777 Y71.693 E2.22006
G1 X159.248 Y73.266 E2.29169
G1 X160.287 Y75.01 E2.35921
G1 X160.47 Y75.445 E2.37491
G1 X160.751 Y77.31 E2.43764
G1 X160.775 Y80.059 E2.52908
G1 X161.184 Y80.17 E2.54317
G1 X162.296 Y80.603 E2.58286
G1 X163.9 Y81.901 E2.65149
G1 X164.847 Y82.87 E2.69655
G1 X165.808 Y84.701 E2.76533
G1 X166.318 Y86.7 E2.83395
G1 X166.182 Y89.277 E2.91978
G1 X165.315 Y91.293 E2.99277
G1 X159.321 Y101.694 E3.39204
G1 X158.532 Y102.501 E3.42958
G1 X159.248 Y103.266 E3.46443
G1 X160.287 Y105.01 E3.53195
G1 X160.47 Y105.445 E3.54765
G1 X160.751 Y107.31 E3.61038
G1 X160.775 Y110.059 E3.70181
G1 X161.184 Y110.17 E3.71591
G1 X162.296 Y110.603 E3.7556
G1 X163.9 Y111.901 E3.82423
G1 X164.847 Y112.87 E3.86929
G1 X165.808 Y114.701 E3.93807
G1 X166.318 Y116.7 E4.00669
G1 X166.182 Y119.277 E4.09252
G1 X165.315 Y121.293 E4.16551
G1 X159.324 Y131.691 E4.56464
G1 X157.94 Y133.116 E4.63071
G1 X155.945 Y134.367 E4.70903
G1 X153.816 Y134.826 E4.78147
G1 X150.747 Y134.826 E4.88355
G1 X148.851 Y134.36 E4.94848
G1 X147.478 Y133.648 E4.99993
G1 X146.518 Y134.211 E5.03694
G1 X145.726 Y134.533 E5.06538
G1 X143.83 Y134.798 E5.12905
G1 X141.142 Y134.838 E5.21846
G1 X139.18 Y134.342 E5.28577
G1 X137.074 Y133.209 E5.36531
G1 X135.673 Y131.653 E5.43495
G1 X132.507 Y126.17 E5.64554
G1 X129.324 Y131.691 E5.8575
G1 X127.94 Y133.116 E5.92357
G1 X125.945 Y134.367 E6.00189
G1 X123.816 Y134.826 E6.07433
G1 X120.747 Y134.826 E6.1764
G1 X118.851 Y134.36 E6.24134
G1 X117.478 Y133.648 E6.29278
G1 X116.518 Y134.211 E6.3298
G1 X115.726 Y134.533 E6.35823
G1 X113.83 Y134.798 E6.42191
G1 X111.142 Y134.838 E6.51132
G1 X109.18 Y134.342 E6.57863
G1 X107.074 Y133.209 E6.65817
G1 X105.673 Y131.653 E6.72781
G1 X99.375 Y120.747 E7.14668
G1 X98.924 Y119.305 E7.19693
G1 X98.631 Y117.776 E7.24871
G1 X98.864 Y115.998 E7.30836
G1 X99.286 Y114.355 E7.36478
G1 X100.375 Y112.622 E7.43285
G1 X101.872 Y111.126 E7.50324
G1 X104.2 Y109.943 E7.5901
G1 X104.2 Y107.121 E7.68396
G1 X104.666 Y105.225 E7.74889
G1 X105.719 Y103.197 E7.8249
G1 X106.449 Y102.515 E7.85812
G1 X105.673 Y101.653 E7.8967
G1 X99.375 Y90.747 E8.31557
G1 X98.924 Y89.305 E8.36583
G1 X98.631 Y87.776 E8.41761
G1 X98.864 Y85.998 E8.47725
G1 X99.286 Y84.355 E8.53367
G1 X100.375 Y82.622 E8.60174
G1 X101.872 Y81.126 E8.67213
G1 X104.2 Y79.943 E8.75899
G1 X104.2 Y77.121 E8.85285
G1 X104.666 Y75.225 E8.91779
G1 X105.719 Y73.197 E8.99379
G0 F6000 X106.042 Y73.442
G1 F1200 X107.519 Y72.062 E9.06102
G1 X109.443 Y70.914 E9.13554
G1 X111.086 Y70.644 E9.19092
G1 X123.798 Y70.574 E9.61373
G1 X125.608 Y71.018 E9.67571
G1 X127.532 Y72.016 E9.7478
G1 X128.924 Y73.505 E9.8156
G1 X129.943 Y75.215 E9.8818
G1 X130.081 Y75.552 E9.89391
G1 X130.355 Y77.37 E9.95506
G1 X130.377 Y80.368 E10.05478
G1 X131.04 Y80.543 E10.07759
G1 X132.085 Y80.951 E10.1149
G1 X132.485 Y81.267 E10.13185
G1 X134.283 Y80.35 E10.19898
G1 X134.6 Y80.309 E10.20962
G1 X134.6 Y77.167 E10.31412
G1 X135.042 Y75.368 E10.37573
G1 X136.042 Y73.442 E10.44791
G1 X137.519 Y72.062 E10.51514
G1 X139.443 Y70.914 E10.58966
G1 X141.086 Y70.644 E10.64504
G1 X153.798 Y70.574 E11.06785
G1 X155.608 Y71.018 E11.12984
G1 X157.532 Y72.016 E11.20193
G1 X158.924 Y73.505 E11.26972
G1 X159.943 Y75.215 E11.33593
G1 X160.081 Y75.552 E11.34804
G1 X160.355 Y77.37 E11.40919
G1 X160.377 Y80.368 E11.50891
G1 X161.039 Y80.543 E11.53168
G1 X162.094 Y80.954 E11.56934
G1 X163.614 Y82.181 E11.63431
G1 X164.521 Y83.109 E11.67747
G1 X165.431 Y84.843 E11.7426
G1 X165.916 Y86.743 E11.80782
G1 X165.787 Y89.182 E11.88906
G1 X164.968 Y91.093 E11.95821
G1 X158.999 Y101.451 E12.35583
G1 X157.979 Y102.495 E12.40437
G1 X158.924 Y103.505 E12.45038
G1 X159.943 Y105.215 E12.51658
G1 X160.081 Y105.552 E12.5287
G1 X160.355 Y107.37 E12.58985
G1 X160.377 Y110.368 E12.68956
G1 X161.039 Y110.543 E12.71234
G1 X162.094 Y110.954 E12.75
G1 X163.614 Y112.181 E12.81497
G1 X164.521 Y113.109 E12.85813
G1 X165.431 Y114.843 E12.92326
G1 X165.916 Y116.743 E12.98848
G1 X165.787 Y119.182 E13.06971
G1 X164.968 Y121.093 E13.13887
G1 X159.001 Y131.449 E13.53639
G1 X157.685 Y132.804 E13.59922
G1 X155.792 Y133.991 E13.67353
G1 X153.774 Y134.426 E13.74219
G1 X150.793 Y134.426 E13.84134
G1 X148.994 Y133.984 E13.90296
G1 X147.465 Y133.191 E13.96024
G1 X146.367 Y133.84 E14.00267
G1 X145.619 Y134.144 E14.02952
G1 X143.824 Y134.398 E14.08982
G1 X141.189 Y134.437 E14.17747
G1 X139.325 Y133.966 E14.24141
G1 X137.325 Y132.89 E14.31695
G1 X135.997 Y131.415 E14.38296
G1 X132.506 Y125.37 E14.61514
G1 X129.001 Y131.449 E14.84853
G1 X127.685 Y132.804 E14.91135
G1 X125.792 Y133.991 E14.98567
G1 X123.774 Y134.426 E15.05433
G1 X120.793 Y134.426 E15.15348
G1 X118.994 Y133.984 E15.21509
G1 X117.465 Y133.191 E15.27238
G1 X116.367 Y133.84 E15.3148
G1 X115.619 Y134.144 E15.34166
G1 X113.824 Y134.398 E15.40195
G1 X111.189 Y134.437 E15.4896
G1 X109.325 Y133.966 E15.55355
G1 X107.325 Y132.89 E15.62908
G1 X105.997 Y131.415 E15.6951
G1 X99.745 Y120.588 E16.11093
G1 X99.317 Y119.23 E16.15829
G1 X99.036 Y117.765 E16.2079
G1 X99.261 Y116.05 E16.26543
G1 X99.657 Y114.517 E16.31809
G1 X100.69 Y112.873 E16.38267
G1 X102.11 Y111.454 E16.44944
G1 X104.283 Y110.35 E16.53051
G1 X104.6 Y110.309 E16.54114
G1 X104.6 Y107.167 E16.64564
G1 X105.042 Y105.368 E16.70726
G1 X106.042 Y103.442 E16.77943
G1 X107.009 Y102.539 E16.82344
G1 X105.997 Y101.415 E16.87374
G1 X99.745 Y90.588 E17.28958
G1 X99.317 Y89.23 E17.33694
G1 X99.036 Y87.765 E17.38655
G1 X99.261 Y86.05 E17.44408
G1 X99.657 Y84.517 E17.49674
G1 X100.69 Y82.873 E17.56132
G1 X102.11 Y81.454 E17.62809
G1 X104.283 Y80.35 E17.70916
G1 X104.6 Y80.309 E17.71979
G1 X104.6 Y77.167 E17.82429
G1 X105.042 Y75.368 E17.8859
G1 X106.042 Y73.442 E17.95808
G0 F6000 X106.365 Y73.687
G1 F1200 X107.761 Y72.383 E18.02162
G1 X109.581 Y71.297 E18.09211
G1 X111.151 Y71.039 E18.14503
G1 X123.753 Y70.974 E18.56418
G1 X125.465 Y71.394 E18.62281
G1 X127.287 Y72.339 E18.69108
G1 X128.6 Y73.744 E18.75504
G1 X129.599 Y75.42 E18.81993
G1 X129.694 Y75.663 E18.82861
G1 X129.955 Y77.373 E18.88614
G1 X129.979 Y80.678 E18.99607
G1 X130.894 Y80.916 E19.02752
G1 X131.885 Y81.303 E19.0629
G1 X132.438 Y81.74 E19.08634
G1 X134.402 Y80.738 E19.15968
G1 X135 Y80.662 E19.17973
G1 X135 Y77.214 E19.29441
G1 X135.419 Y75.51 E19.35277
G1 X136.365 Y73.687 E19.42108
G1 X137.761 Y72.383 E19.48462
G1 X139.581 Y71.297 E19.55511
G1 X141.151 Y71.039 E19.60803
G1 X153.753 Y70.974 E20.02718
G1 X155.465 Y71.394 E20.08581
G1 X157.287 Y72.339 E20.15407
G1 X158.6 Y73.744 E20.21803
G1 X159.599 Y75.42 E20.28293
G1 X159.694 Y75.663 E20.29161
G1 X159.955 Y77.373 E20.34914
G1 X159.979 Y80.678 E20.45907
G1 X160.894 Y80.916 E20.49051
G1 X161.89 Y81.304 E20.52607
G1 X163.328 Y82.461 E20.58745
G1 X164.195 Y83.348 E20.62871
G1 X165.054 Y84.985 E20.69019
G1 X165.514 Y86.786 E20.75202
G1 X165.392 Y89.088 E20.82869
G1 X164.621 Y90.893 E20.89397
G1 X158.677 Y101.208 E21.28994
G1 X157.426 Y102.488 E21.34947
G1 X158.6 Y103.744 E21.40665
G1 X159.599 Y105.42 E21.47154
G1 X159.694 Y105.663 E21.48022
G1 X159.955 Y107.373 E21.53776
G1 X159.979 Y110.678 E21.64768
G1 X160.894 Y110.916 E21.67913
G1 X161.89 Y111.304 E21.71468
G1 X163.328 Y112.461 E21.77607
G1 X164.195 Y113.348 E21.81732
G1 X165.054 Y114.985 E21.87881
G1 X165.514 Y116.786 E21.94063
G1 X165.392 Y119.088 E22.01731
G1 X164.621 Y120.893 E22.08259
G1 X158.678 Y131.207 E22.47851
G1 X157.43 Y132.492 E22.53808
G1 X155.639 Y133.615 E22.6084
G1 X153.732 Y134.026 E22.67328
G1 X150.84 Y134.026 E22.76947
G1 X149.136 Y133.607 E22.82783
G1 X147.452 Y132.734 E22.89092
G1 X146.216 Y133.469 E22.93875
G1 X145.512 Y133.755 E22.96402
G1 X143.818 Y133.998 E23.02094
G1 X141.236 Y134.036 E23.10683
G1 X139.47 Y133.59 E23.16741
G1 X137.576 Y132.571 E23.23894
G1 X136.321 Y131.177 E23.30133
G1 X132.505 Y124.569 E23.55513
G1 X128.678 Y131.207 E23.80997
G1 X127.43 Y132.492 E23.86955
G1 X125.639 Y133.615 E23.93986
G1 X123.732 Y134.026 E24.00475
G1 X120.84 Y134.026 E24.10093
G1 X119.136 Y133.607 E24.1593
G1 X117.452 Y132.734 E24.22239
G1 X116.216 Y133.469 E24.27021
G1 X115.512 Y133.755 E24.29549
G1 X113.818 Y133.998 E24.35241
G1 X111.236 Y134.036 E24.43829
G1 X109.47 Y133.59 E24.49888
G1 X107.576 Y132.571 E24.57041
G1 X106.321 Y131.177 E24.6328
G1 X100.113 Y120.427 E25.04568
G1 X99.71 Y119.155 E25.09006
G1 X99.441 Y117.754 E25.13751
G1 X99.658 Y116.102 E25.19293
G1 X100.028 Y114.678 E25.24186
G1 X101.005 Y113.124 E25.30291
G1 X102.348 Y111.782 E25.36606
G1 X104.403 Y110.738 E25.44272
G1 X105 Y110.662 E25.46274
G1 X105 Y107.214 E25.57742
G1 X105.419 Y105.51 E25.63579
G1 X106.365 Y103.687 E25.7041
G1 X107.569 Y102.563 E25.75888
G1 X106.321 Y101.177 E25.82091
G1 X100.113 Y90.427 E26.2338
G1 X99.71 Y89.155 E26.27818
G1 X99.441 Y87.754 E26.32562
G1 X99.658 Y86.102 E26.38104
G1 X100.028 Y84.678 E26.42998
G1 X101.005 Y83.124 E26.49103
G1 X102.348 Y81.782 E26.55418
G1 X104.403 Y80.738 E26.63084
G1 X105 Y80.662 E26.65086
G1 X105 Y77.214 E26.76554
G1 X105.419 Y75.51 E26.8239
G1 X106.365 Y73.687 E26.89221
G0 F6000 X106.688 Y73.932
G1 F1200 X108.003 Y72.704 E26.95205
G1 X109.719 Y71.68 E27.01852
G1 X111.216 Y71.434 E27.06898
G1 X123.708 Y71.374 E27.48447
G1 X125.322 Y71.77 E27.53974
G1 X127.042 Y72.662 E27.60418
G1 X128.276 Y73.983 E27.66431
G1 X129.255 Y75.625 E27.72789
G1 X129.306 Y75.768 E27.73294
G1 X129.555 Y77.376 E27.78706
G1 X129.581 Y80.988 E27.9072
G1 X130.749 Y81.289 E27.94732
G1 X131.684 Y81.654 E27.9807
G1 X132.442 Y82.254 E28.01285
G1 X132.643 Y82.081 E28.02168
G1 X134.522 Y81.126 E28.09178
G1 X135.4 Y81.014 E28.12122
G1 X135.4 Y77.26 E28.24608
G1 X135.795 Y75.653 E28.30112
G1 X136.688 Y73.932 E28.3656
G1 X138.003 Y72.704 E28.42545
G1 X139.719 Y71.68 E28.49191
G1 X141.216 Y71.434 E28.54237
G1 X153.708 Y71.374 E28.95786
G1 X155.322 Y71.77 E29.01313
G1 X157.042 Y72.662 E29.07758
G1 X158.276 Y73.983 E29.1377
G1 X159.255 Y75.625 E29.20128
G1 X159.306 Y75.768 E29.20633
G1 X159.555 Y77.376 E29.26045
G1 X159.581 Y80.988 E29.38059
G1 X160.749 Y81.289 E29.42071
G1 X161.688 Y81.655 E29.45423
G1 X163.042 Y82.741 E29.51196
G1 X163.869 Y83.587 E29.55131
G1 X164.677 Y85.127 E29.60915
G1 X165.112 Y86.829 E29.66758
G1 X164.997 Y88.995 E29.73972
G1 X164.274 Y90.693 E29.80111
G1 X158.355 Y100.965 E30.19541
G1 X157.175 Y102.18 E30.25175
G1 X156.694 Y102.481 E30.27062
G1 X157.042 Y102.662 E30.28367
G1 X158.276 Y103.983 E30.34379
G1 X159.255 Y105.625 E30.40737
G1 X159.306 Y105.768 E30.41242
G1 X159.555 Y107.376 E30.46654
G1 X159.581 Y110.988 E30.58668
G1 X160.749 Y111.289 E30.6268
G1 X161.688 Y111.655 E30.66032
G1 X163.042 Y112.741 E30.71805
G1 X163.869 Y113.587 E30.7574
G1 X164.677 Y115.127 E30.81524
G1 X165.112 Y116.829 E30.87367
G1 X164.997 Y118.995 E30.94581
G1 X164.274 Y120.693 E31.00719
G1 X158.355 Y130.965 E31.4015
G1 X157.177 Y132.178 E31.45774
G1 X155.485 Y133.239 E31.52417
G1 X153.69 Y133.626 E31.58524
G1 X150.886 Y133.626 E31.6785
G1 X149.279 Y133.231 E31.73354
G1 X147.617 Y132.369 E31.79581
G1 X147.478 Y132.252 E31.80186
G1 X146.011 Y133.125 E31.85864
G1 X145.41 Y133.365 E31.88016
G1 X143.812 Y133.598 E31.93387
G1 X141.283 Y133.635 E32.018
G1 X139.615 Y133.214 E32.07521
G1 X137.827 Y132.252 E32.14274
G1 X136.645 Y130.939 E32.2015
G1 X132.504 Y123.768 E32.47692
G1 X128.355 Y130.965 E32.75322
G1 X127.177 Y132.178 E32.80946
G1 X125.485 Y133.239 E32.87589
G1 X123.69 Y133.626 E32.93696
G1 X120.886 Y133.626 E33.03022
G1 X119.279 Y133.231 E33.08526
G1 X117.617 Y132.369 E33.14753
G1 X117.478 Y132.252 E33.15358
G1 X116.011 Y133.125 E33.21036
G1 X115.41 Y133.365 E33.23188
G1 X113.812 Y133.598 E33.28559
G1 X111.283 Y133.635 E33.36972
G1 X109.615 Y133.214 E33.42693
G1 X107.827 Y132.252 E33.49446
G1 X106.645 Y130.939 E33.55322
G1 X100.482 Y120.266 E33.96314
G1 X100.103 Y119.079 E34.00458
G1 X99.846 Y117.742 E34.04987
G1 X100.055 Y116.154 E34.10314
G1 X100.399 Y114.84 E34.14832
G1 X101.32 Y113.375 E34.20587
G1 X102.586 Y112.11 E34.2654
G1 X104.522 Y111.126 E34.33763
G1 X105.4 Y111.014 E34.36707
G1 X105.4 Y107.26 E34.49192
G1 X105.795 Y105.653 E34.54696
G1 X106.688 Y103.932 E34.61145
G1 X108.007 Y102.701 E34.67146
G1 X108.318 Y102.516 E34.6835
G1 X107.827 Y102.252 E34.70204
G1 X106.645 Y100.939 E34.7608
G1 X100.482 Y90.266 E35.17071
G1 X100.103 Y89.079 E35.21216
G1 X99.846 Y87.742 E35.25744
G1 X100.055 Y86.154 E35.31071
G1 X100.399 Y84.84 E35.35589
G1 X101.32 Y83.375 E35.41345
G1 X102.586 Y82.11 E35.47297
G1 X104.522 Y81.126 E35.5452
G1 X105.4 Y81.014 E35.57464
G1 X105.4 Y77.26 E35.6995
G1 X105.795 Y75.653 E35.75454
G1 X106.688 Y73.932 E35.81903
G0 F6000 X107.011 Y74.177
G1 F1200 X108.245 Y73.025 E35.87518
G1 X109.857 Y72.063 E35.93761
G1 X111.281 Y71.829 E35.98561
G1 X123.663 Y71.774 E36.39744
G1 X125.179 Y72.146 E36.44936
G1 X126.797 Y72.985 E36.50998
G1 X127.952 Y74.222 E36.56627
G1 X128.911 Y75.83 E36.62854
G1 X129.155 Y77.379 E36.68069
G1 X129.183 Y81.298 E36.81104
G1 X130.604 Y81.662 E36.85983
G1 X131.483 Y82.005 E36.89122
G1 X132.473 Y82.789 E36.93322
G1 X132.824 Y82.438 E36.94973
G1 X134.642 Y81.514 E37.01756
G1 X135.8 Y81.367 E37.05638
G1 X135.8 Y77.306 E37.19145
G1 X136.171 Y75.796 E37.24317
G1 X137.011 Y74.177 E37.30383
G1 X138.245 Y73.025 E37.35998
G1 X139.857 Y72.063 E37.42242
G1 X141.281 Y71.829 E37.47041
G1 X153.663 Y71.774 E37.88225
G1 X155.179 Y72.146 E37.93416
G1 X156.797 Y72.985 E37.99478
G1 X157.952 Y74.222 E38.05107
G1 X158.911 Y75.83 E38.11334
G1 X159.155 Y77.379 E38.1655
G1 X159.183 Y81.298 E38.29585
G1 X160.604 Y81.662 E38.34464
G1 X161.487 Y82.006 E38.37616
G1 X162.756 Y83.021 E38.4302
G1 X163.543 Y83.826 E38.46765
G1 X164.3 Y85.269 E38.52185
G1 X164.71 Y86.872 E38.57688
G1 X164.602 Y88.903 E38.64452
G1 X163.927 Y90.493 E38.70198
G1 X158.032 Y100.723 E39.09468
G1 X156.922 Y101.866 E39.14767
G1 X155.889 Y102.514 E39.18823
G1 X156.797 Y102.985 E39.22225
G1 X157.952 Y104.222 E39.27854
G1 X158.911 Y105.83 E39.34081
G1 X159.155 Y107.379 E39.39296
G1 X159.183 Y111.298 E39.52331
G1 X160.604 Y111.662 E39.5721
G1 X161.487 Y112.006 E39.60362
G1 X162.756 Y113.021 E39.65767
G1 X163.543 Y113.826 E39.69511
G1 X164.3 Y115.269 E39.74931
G1 X164.71 Y116.872 E39.80434
G1 X164.602 Y118.903 E39.87199
G1 X163.927 Y120.493 E39.92944
G1 X158.032 Y130.723 E40.32214
G1 X156.922 Y131.866 E40.37513
G1 X155.332 Y132.863 E40.43756
G1 X153.648 Y133.226 E40.49485
G1 X150.932 Y133.226 E40.58519
G1 X149.422 Y132.855 E40.6369
G1 X147.801 Y132.014 E40.69764
G1 X147.482 Y131.672 E40.7132
G1 X147.152 Y131.98 E40.72821
G1 X145.806 Y132.781 E40.78031
G1 X145.306 Y132.976 E40.79816
G1 X143.806 Y133.198 E40.84859
G1 X141.33 Y133.234 E40.93095
G1 X139.76 Y132.838 E40.9848
G1 X138.078 Y131.933 E41.04833
G1 X136.969 Y130.701 E41.10346
G1 X132.503 Y122.967 E41.40051
G1 X128.032 Y130.723 E41.69826
G1 X126.922 Y131.866 E41.75126
G1 X125.332 Y132.863 E41.81368
G1 X123.648 Y133.226 E41.87097
G1 X120.932 Y133.226 E41.96131
G1 X119.422 Y132.855 E42.01302
G1 X117.801 Y132.014 E42.07376
G1 X117.482 Y131.672 E42.08932
G1 X117.152 Y131.98 E42.10433
G1 X115.806 Y132.781 E42.15643
G1 X115.306 Y132.976 E42.17428
G1 X113.806 Y133.198 E42.22471
G1 X111.33 Y133.234 E42.30707
G1 X109.76 Y132.838 E42.36093
G1 X108.078 Y131.933 E42.42445
G1 X106.969 Y130.701 E42.47959
G1 X100.851 Y120.106 E42.88651
G1 X100.496 Y119.003 E42.92505
G1 X100.251 Y117.73 E42.96816
G1 X100.452 Y116.206 E43.01929
G1 X100.77 Y115.001 E43.06074
G1 X101.635 Y113.626 E43.11477
G1 X102.824 Y112.438 E43.17068
G1 X104.642 Y111.514 E43.2385
G1 X105.8 Y111.367 E43.27733
G1 X105.8 Y107.306 E43.4124
G1 X106.171 Y105.796 E43.46411
G1 X107.011 Y104.177 E43.52478
G1 X108.247 Y103.023 E43.58102
G1 X109.131 Y102.5 E43.61518
G1 X108.078 Y101.933 E43.65496
G1 X106.969 Y100.701 E43.71009
G1 X100.851 Y90.106 E44.11702
G1 X100.496 Y89.003 E44.15555
G1 X100.251 Y87.73 E44.19867
G1 X100.452 Y86.206 E44.2498
G1 X100.77 Y85.001 E44.29125
G1 X101.635 Y83.626 E44.34528
G1 X102.824 Y82.438 E44.40118
G1 X104.642 Y81.514 E44.46901
G1 X105.8 Y81.367 E44.50784
G1 X105.8 Y77.306 E44.64291
G1 X106.171 Y75.796 E44.69462
G1 X107.011 Y74.177 E44.75529
G0 F6000 X107.334 Y74.422
G1 F1200 X108.487 Y73.346 E44.80774
G1 X109.995 Y72.446 E44.86615
G1 X111.346 Y72.224 E44.91169
G1 X123.618 Y72.174 E45.31986
G1 X125.036 Y72.522 E45.36842
G1 X126.552 Y73.308 E45.42522
G1 X127.628 Y74.461 E45.47767
G1 X128.528 Y75.97 E45.53611
G1 X128.755 Y77.382 E45.58368
G1 X128.786 Y81.701 E45.72733
G1 X129.142 Y81.701 E45.73917
G1 X130.459 Y82.035 E45.78436
G1 X131.284 Y82.357 E45.81382
G1 X132.504 Y83.324 E45.86559
G1 X133.062 Y82.766 E45.89184
G1 X134.762 Y81.902 E45.95527
G1 X136.2 Y81.719 E46.00348
G1 X136.2 Y77.353 E46.14869
G1 X136.548 Y75.938 E46.19716
G1 X137.334 Y74.422 E46.25396
G1 X138.487 Y73.346 E46.30641
G1 X139.995 Y72.446 E46.36482
G1 X141.346 Y72.224 E46.41036
G1 X153.618 Y72.174 E46.81853
G1 X155.036 Y72.522 E46.86709
G1 X156.552 Y73.308 E46.92389
G1 X157.628 Y74.461 E46.97634
G1 X158.528 Y75.97 E47.03478
G1 X158.755 Y77.382 E47.08235
G1 X158.786 Y81.701 E47.226
G1 X159.142 Y81.701 E47.23784
G1 X160.459 Y82.035 E47.28303
G1 X161.285 Y82.357 E47.31252
G1 X162.47 Y83.301 E47.36291
G1 X163.217 Y84.065 E47.39845
G1 X163.923 Y85.411 E47.449
G1 X164.308 Y86.915 E47.50064
G1 X164.207 Y88.811 E47.56379
G1 X163.58 Y90.293 E47.61731
G1 X157.709 Y100.481 E48.0084
G1 X156.667 Y101.554 E48.05815
G1 X155.238 Y102.45 E48.11425
G1 X155.03 Y102.519 E48.12154
G1 X156.552 Y103.308 E48.17855
G1 X157.628 Y104.461 E48.23101
G1 X158.528 Y105.97 E48.28945
G1 X158.755 Y107.382 E48.33701
G1 X158.786 Y111.701 E48.48067
G1 X159.142 Y111.701 E48.49251
G1 X160.459 Y112.035 E48.5377
G1 X161.285 Y112.357 E48.56719
G1 X162.47 Y113.301 E48.61758
G1 X163.217 Y114.065 E48.65311
G1 X163.923 Y115.411 E48.70367
G1 X164.308 Y116.915 E48.7553
G1 X164.207 Y118.811 E48.81845
G1 X163.58 Y120.293 E48.87198
G1 X157.709 Y130.481 E49.26307
G1 X156.667 Y131.554 E49.31281
G1 X155.179 Y132.487 E49.37123
G1 X153.606 Y132.826 E49.42475
G1 X150.979 Y132.826 E49.51212
G1 X149.564 Y132.478 E49.56059
G1 X148.046 Y131.691 E49.61746
G1 X147.501 Y131.107 E49.64403
G1 X146.91 Y131.658 E49.6709
G1 X145.601 Y132.437 E49.72157
G1 X145.206 Y132.586 E49.73561
G1 X143.8 Y132.798 E49.7829
G1 X141.377 Y132.833 E49.8635
G1 X139.905 Y132.462 E49.91399
G1 X138.329 Y131.614 E49.97351
G1 X137.293 Y130.463 E50.02502
G1 X132.502 Y122.166 E50.34368
G1 X127.709 Y130.481 E50.66289
G1 X126.667 Y131.554 E50.71264
G1 X125.179 Y132.487 E50.77106
G1 X123.606 Y132.826 E50.82458
G1 X120.979 Y132.826 E50.91195
G1 X119.564 Y132.478 E50.96042
G1 X118.046 Y131.691 E51.01729
G1 X117.501 Y131.107 E51.04385
G1 X116.91 Y131.658 E51.07073
G1 X115.601 Y132.437 E51.12139
G1 X115.206 Y132.586 E51.13543
G1 X113.8 Y132.798 E51.18273
G1 X111.377 Y132.833 E51.26332
G1 X109.905 Y132.462 E51.31381
G1 X108.329 Y131.614 E51.37334
G1 X107.293 Y130.463 E51.42484
G1 X101.22 Y119.946 E51.82877
G1 X100.877 Y118.88 E51.86602
G1 X100.656 Y117.719 E51.90533
G1 X100.839 Y116.308 E51.95265
G1 X101.141 Y115.163 E51.99203
G1 X101.95 Y113.877 E52.04257
G1 X103.062 Y112.766 E52.09485
G1 X104.762 Y111.902 E52.15827
G1 X106.2 Y111.719 E52.20649
G1 X106.2 Y107.353 E52.3517
G1 X106.548 Y105.938 E52.40017
G1 X107.334 Y104.422 E52.45696
G1 X108.487 Y103.346 E52.50942
G1 X109.944 Y102.483 E52.56574
G1 X108.329 Y101.614 E52.62674
G1 X107.293 Y100.463 E52.67824
G1 X101.22 Y89.946 E53.08217
G1 X100.877 Y88.88 E53.11942
G1 X100.656 Y87.719 E53.15872
G1 X100.839 Y86.308 E53.20605
G1 X101.141 Y85.163 E53.24543
G1 X101.95 Y83.877 E53.29597
G1 X103.062 Y82.766 E53.34825
G1 X104.762 Y81.902 E53.41167
G1 X106.2 Y81.719 E53.45989
G1 X106.2 Y77.353 E53.6051
G1 X106.548 Y75.938 E53.65357
G1 X107.334 Y74.422 E53.71036
G1 F2700 E48.71036
G0 F6000 X105.738 Y87.5
G0 X111.62 Y97.685
G0 X117.501 Y101.107
G1 F2700 E53.71036
G1 F1200 X116.91 Y101.658 E53.73724
G1 X115.996 Y102.202 E53.77261
G1 X119.01 Y102.191 E53.87286
G1 X118.046 Y101.691 E53.90898
G1 X117.501 Y101.107 E53.93555
G1 F2700 E48.93555
G0 F6000 X128.532 Y102.501
G1 F2700 E53.93555
G1 F1200 X129.248 Y103.266 E53.9704
G1 X130.287 Y105.01 E54.03792
G1 X130.47 Y105.445 E54.05361
G1 X130.751 Y107.31 E54.11634
G1 X130.775 Y110.059 E54.20778
G1 X131.185 Y110.17 E54.22191
G1 X132.286 Y110.6 E54.26122
G1 X132.532 Y110.794 E54.27164
G1 X134.2 Y109.944 E54.33391
G1 X134.2 Y107.121 E54.4278
G1 X134.666 Y105.225 E54.49274
G1 X135.719 Y103.197 E54.56874
G1 X136.449 Y102.515 E54.60197
G1 X135.673 Y101.653 E54.64054
G1 X132.507 Y96.17 E54.85113
G1 X129.321 Y101.694 E55.06322
G1 X128.532 Y102.501 E55.10076
G0 F6000 X127.979 Y102.495
G1 F1200 X128.924 Y103.505 E55.14677
G1 X129.943 Y105.215 E55.21297
G1 X130.081 Y105.552 E55.22509
G1 X130.355 Y107.37 E55.28623
G1 X130.377 Y110.368 E55.38595
G1 X131.04 Y110.543 E55.40876
G1 X132.085 Y110.951 E55.44607
G1 X132.485 Y111.267 E55.46302
G1 X134.283 Y110.35 E55.53016
G1 X134.6 Y110.309 E55.54079
G1 X134.6 Y107.167 E55.64529
G1 X135.042 Y105.368 E55.7069
G1 X136.042 Y103.442 E55.77908
G1 X137.009 Y102.539 E55.82309
G1 X135.997 Y101.415 E55.87339
G1 X132.506 Y95.369 E56.1056
G1 X128.999 Y101.451 E56.33911
G1 X127.979 Y102.495 E56.38765
G0 F6000 X127.426 Y102.488
G1 F1200 X128.6 Y103.744 E56.44483
G1 X129.599 Y105.42 E56.50973
G1 X129.694 Y105.663 E56.51841
G1 X129.955 Y107.373 E56.57594
G1 X129.979 Y110.678 E56.68587
G1 X130.894 Y110.916 E56.71731
G1 X131.885 Y111.303 E56.7527
G1 X132.438 Y111.74 E56.77614
G1 X134.402 Y110.738 E56.84948
G1 X135 Y110.662 E56.86952
G1 X135 Y107.214 E56.98421
G1 X135.419 Y105.51 E57.04257
G1 X136.365 Y103.687 E57.11088
G1 X137.569 Y102.563 E57.16566
G1 X136.321 Y101.177 E57.2277
G1 X132.505 Y94.569 E57.48149
G1 X128.677 Y101.208 E57.73638
G1 X127.426 Y102.488 E57.79591
G0 F6000 X127.175 Y102.18
G1 F1200 X126.694 Y102.481 E57.81479
G1 X127.042 Y102.662 E57.82783
G1 X128.276 Y103.983 E57.88796
G1 X129.255 Y105.625 E57.95154
G1 X129.306 Y105.768 E57.95659
G1 X129.555 Y107.376 E58.01071
G1 X129.581 Y110.988 E58.13085
G1 X130.749 Y111.289 E58.17097
G1 X131.684 Y111.654 E58.20435
G1 X132.442 Y112.254 E58.2365
G1 X132.643 Y112.081 E58.24532
G1 X134.522 Y111.126 E58.31543
G1 X135.4 Y111.014 E58.34487
G1 X135.4 Y107.26 E58.46973
G1 X135.795 Y105.653 E58.52477
G1 X136.688 Y103.932 E58.58925
G1 X138.007 Y102.701 E58.64926
G1 X138.318 Y102.516 E58.6613
G1 X137.827 Y102.252 E58.67984
G1 X136.645 Y100.939 E58.7386
G1 X132.504 Y93.768 E59.01402
G1 X128.355 Y100.965 E59.29032
G1 X127.175 Y102.18 E59.34665
G0 F6000 X126.922 Y101.866
G1 F1200 X125.889 Y102.514 E59.38721
G1 X126.797 Y102.985 E59.42123
G1 X127.952 Y104.222 E59.47752
G1 X128.911 Y105.83 E59.53979
G1 X129.155 Y107.379 E59.59195
G1 X129.183 Y111.298 E59.7223
G1 X130.604 Y111.662 E59.77109
G1 X131.483 Y112.005 E59.80247
G1 X132.473 Y112.789 E59.84447
G1 X132.824 Y112.438 E59.86098
G1 X134.642 Y111.514 E59.92881
G1 X135.8 Y111.367 E59.96763
G1 X135.8 Y107.306 E60.1027
G1 X136.171 Y105.796 E60.15442
G1 X137.011 Y104.177 E60.21508
G1 X138.247 Y103.023 E60.27133
G1 X139.131 Y102.5 E60.30549
G1 X138.078 Y101.933 E60.34527
G1 X136.969 Y100.701 E60.4004
G1 X132.503 Y92.967 E60.69744
G1 X128.032 Y100.723 E60.9952
G1 X126.922 Y101.866 E61.04819
G0 F6000 X126.667 Y101.554
G1 F1200 X125.238 Y102.45 E61.10429
G1 X125.03 Y102.519 E61.11158
G1 X126.552 Y103.308 E61.1686
G1 X127.628 Y104.461 E61.22105
G1 X128.528 Y105.97 E61.27949
G1 X128.755 Y107.382 E61.32706
G1 X128.786 Y111.701 E61.47071
G1 X129.142 Y111.701 E61.48255
G1 X130.459 Y112.035 E61.52774
G1 X131.284 Y112.357 E61.5572
G1 X132.504 Y113.324 E61.60897
G1 X133.062 Y112.766 E61.63522
G1 X134.762 Y111.902 E61.69865
G1 X136.2 Y111.719 E61.74686
G1 X136.2 Y107.353 E61.89207
G1 X136.548 Y105.938 E61.94054
G1 X137.334 Y104.422 E61.99734
G1 X138.487 Y103.346 E62.04979
G1 X139.944 Y102.483 E62.10611
G1 X138.329 Y101.614 E62.16711
G1 X137.293 Y100.463 E62.21862
G1 X132.502 Y92.166 E62.53728
G1 X127.709 Y100.481 E62.85649
G1 X126.667 Y101.554 E62.90624
G1 F2700 E57.90624
G0 F6000 X126.307 Y103.631
G1 F2700 E62.90624
G1 F1200 X127.307 Y104.703 E62.955
G1 X128.145 Y106.107 E63.00938
G1 X128.355 Y107.385 E63.05246
G1 X128.389 Y112.1 E63.20928
G1 X129.091 Y112.101 E63.23263
G1 X130.361 Y112.423 E63.27621
G1 X131.083 Y112.708 E63.30203
G1 X132.184 Y113.581 E63.34876
G1 X132.495 Y113.899 E63.36356
G1 X133.3 Y113.094 E63.40142
G1 X134.881 Y112.29 E63.46041
G1 X136.188 Y112.119 E63.50425
G1 X136.6 Y112.112 E63.51796
G1 X136.6 Y107.399 E63.67471
G1 X136.924 Y106.081 E63.71986
G1 X137.657 Y104.667 E63.77283
G1 X138.729 Y103.667 E63.82159
G1 X140.133 Y102.829 E63.87597
G1 X141.411 Y102.619 E63.91905
G1 X153.573 Y102.574 E64.32356
G1 X154.893 Y102.898 E64.36877
G1 X156.307 Y103.631 E64.42174
G1 X157.307 Y104.703 E64.4705
G1 X158.145 Y106.107 E64.52488
G1 X158.355 Y107.385 E64.56796
G1 X158.389 Y112.1 E64.72479
G1 X159.091 Y112.101 E64.74813
G1 X160.361 Y112.423 E64.79171
G1 X161.083 Y112.708 E64.81753
G1 X162.184 Y113.581 E64.86426
G1 X162.891 Y114.304 E64.8979
G1 X163.548 Y115.557 E64.94495
G1 X163.906 Y116.955 E64.99295
G1 X163.812 Y118.718 E65.05167
G1 X163.233 Y120.093 E65.10129
G1 X157.386 Y130.239 E65.49078
G1 X156.414 Y131.24 E65.53718
G1 X155.025 Y132.111 E65.59171
G1 X153.564 Y132.426 E65.64142
G1 X151.025 Y132.426 E65.72587
G1 X149.707 Y132.102 E65.77101
G1 X148.293 Y131.369 E65.82399
G1 X147.521 Y130.541 E65.86164
G1 X146.668 Y131.336 E65.90042
G1 X145.396 Y132.093 E65.94965
G1 X145.107 Y132.196 E65.95986
G1 X143.74 Y132.402 E66.00584
G1 X141.424 Y132.432 E66.08287
G1 X140.05 Y132.086 E66.13
G1 X138.58 Y131.295 E66.18552
G1 X137.617 Y130.225 E66.2334
G1 X132.501 Y121.365 E66.57368
G1 X127.386 Y130.239 E66.91436
G1 X126.414 Y131.24 E66.96076
G1 X125.025 Y132.111 E67.01529
G1 X123.564 Y132.426 E67.065
G1 X121.025 Y132.426 E67.14945
G1 X119.707 Y132.102 E67.19459
G1 X118.293 Y131.369 E67.24756
G1 X117.521 Y130.541 E67.28522
G1 X116.668 Y131.336 E67.324
G1 X115.396 Y132.093 E67.37323
G1 X115.107 Y132.196 E67.38344
G1 X113.74 Y132.402 E67.42942
G1 X111.424 Y132.432 E67.50645
G1 X110.05 Y132.086 E67.55358
G1 X108.58 Y131.295 E67.6091
G1 X107.617 Y130.225 E67.65698
G1 X101.587 Y119.782 E68.05806
G1 X101.27 Y118.805 E68.09222
G1 X101.061 Y117.707 E68.1294
G1 X101.226 Y116.41 E68.17288
G1 X101.512 Y115.325 E68.2102
G1 X102.265 Y114.128 E68.25724
G1 X103.3 Y113.094 E68.3059
G1 X104.881 Y112.29 E68.36489
G1 X106.188 Y112.119 E68.40873
G1 X106.6 Y112.112 E68.42244
G1 X106.6 Y107.399 E68.57919
G1 X106.924 Y106.081 E68.62434
G1 X107.657 Y104.667 E68.67731
G1 X108.729 Y103.667 E68.72607
G1 X110.133 Y102.829 E68.78045
G1 X111.411 Y102.619 E68.82353
G1 X123.573 Y102.574 E69.22804
G1 X124.893 Y102.898 E69.27325
G1 X126.307 Y103.631 E69.32622
G1 F2700 E64.32622
G0 F6000 X145.996 Y102.202
G1 F2700 E69.32622
G1 F1200 X149.01 Y102.191 E69.42647
G1 X148.046 Y101.691 E69.46259
G1 X147.501 Y101.107 E69.48915
G1 X146.91 Y101.658 E69.51603
G1 X145.996 Y102.202 E69.55141
G0 F6000 X145.396 Y102.093
G1 F1200 X145.107 Y102.196 E69.56161
G1 X143.74 Y102.402 E69.60759
G1 X141.424 Y102.432 E69.68463
G1 X140.05 Y102.086 E69.73175
G1 X138.58 Y101.295 E69.78727
G1 X137.617 Y100.225 E69.83515
G1 X132.501 Y91.365 E70.17544
G1 X127.386 Y100.239 E70.51611
G1 X126.414 Y101.24 E70.56252
G1 X125.025 Y102.111 E70.61705
G1 X123.564 Y102.426 E70.66676
G1 X121.025 Y102.426 E70.7512
G1 X119.707 Y102.102 E70.79634
G1 X118.293 Y101.369 E70.84932
G1 X117.521 Y100.541 E70.88697
G1 X116.668 Y101.336 E70.92575
G1 X115.396 Y102.093 E70.97499
G1 X115.107 Y102.196 E70.98519
G1 X113.74 Y102.402 E71.03117
G1 X111.424 Y102.432 E71.10821
G1 X110.05 Y102.086 E71.15533
G1 X108.58 Y101.295 E71.21085
G1 X107.617 Y100.225 E71.25873
G1 X101.587 Y89.782 E71.65981
G1 X101.27 Y88.805 E71.69398
G1 X101.061 Y87.707 E71.73115
G1 X101.226 Y86.41 E71.77464
G1 X101.512 Y85.325 E71.81196
G1 X102.265 Y84.128 E71.85899
G1 X103.3 Y83.094 E71.90765
G1 X104.881 Y82.29 E71.96665
G1 X106.188 Y82.119 E72.01049
G1 X106.6 Y82.112 E72.02419
G1 X106.6 Y77.399 E72.18095
G1 X106.924 Y76.081 E72.22609
G1 X107.657 Y74.667 E72.27906
G1 X108.729 Y73.667 E72.32782
G1 X110.133 Y72.829 E72.38221
G1 X111.411 Y72.619 E72.42528
G1 X123.573 Y72.574 E72.82979
G1 X124.893 Y72.898 E72.875
G1 X126.307 Y73.631 E72.92797
G1 X127.307 Y74.703 E72.97673
G1 X128.145 Y76.107 E73.03112
G1 X128.355 Y77.385 E73.07419
G1 X128.389 Y82.1 E73.23102
G1 X129.091 Y82.101 E73.25437
G1 X130.361 Y82.423 E73.29794
G1 X131.083 Y82.708 E73.32376
G1 X132.184 Y83.581 E73.3705
G1 X132.495 Y83.899 E73.38529
G1 X133.3 Y83.094 E73.42315
G1 X134.881 Y82.29 E73.48215
G1 X136.188 Y82.119 E73.52599
G1 X136.6 Y82.112 E73.53969
G1 X136.6 Y77.399 E73.69645
G1 X136.924 Y76.081 E73.74159
G1 X137.657 Y74.667 E73.79456
G1 X138.729 Y73.667 E73.84332
G1 X140.133 Y72.829 E73.89771
G1 X141.411 Y72.619 E73.94078
G1 X153.573 Y72.574 E74.3453
G1 X154.893 Y72.898 E74.3905
G1 X156.307 Y73.631 E74.44348
G1 X157.307 Y74.703 E74.49224
G1 X158.145 Y76.107 E74.54662
G1 X158.355 Y77.385 E74.58969
G1 X158.389 Y82.1 E74.74652
G1 X159.091 Y82.101 E74.76987
G1 X160.361 Y82.423 E74.81345
G1 X161.083 Y82.708 E74.83926
G1 X162.184 Y83.581 E74.886
G1 X162.891 Y84.304 E74.91963
G1 X163.548 Y85.557 E74.96669
G1 X163.906 Y86.955 E75.01468
G1 X163.812 Y88.718 E75.07341
G1 X163.233 Y90.093 E75.12303
G1 X157.386 Y100.239 E75.51251
G1 X156.414 Y101.24 E75.55892
G1 X155.025 Y102.111 E75.61345
G1 X153.564 Y102.426 E75.66316
G1 X151.025 Y102.426 E75.7476
G1 X149.707 Y102.102 E75.79275
G1 X148.293 Y101.369 E75.84572
G1 X147.521 Y100.541 E75.88337
G1 X146.668 Y101.336 E75.92215
G1 X145.396 Y102.093 E75.97139
G0 F6000 X145.191 Y101.749
G1 F1200 X145.047 Y101.8 E75.97647
G1 X143.68 Y102.006 E76.02245
G1 X141.472 Y102.031 E76.09589
G1 X140.193 Y101.709 E76.13976
G1 X138.832 Y100.977 E76.19116
G1 X137.941 Y99.987 E76.23546
G1 X132.5 Y90.564 E76.59736
G1 X127.063 Y99.997 E76.95949
G1 X126.159 Y100.928 E77.00265
G1 X124.872 Y101.735 E77.05317
G1 X123.522 Y102.026 E77.09911
G1 X121.071 Y102.026 E77.18063
G1 X119.85 Y101.726 E77.22245
G1 X118.54 Y101.047 E77.27152
G1 X117.641 Y100.083 E77.31536
G1 X117.519 Y99.897 E77.32276
G1 X117.372 Y100.132 E77.33198
G1 X116.426 Y101.014 E77.375
G1 X115.191 Y101.749 E77.4228
G1 X115.047 Y101.8 E77.42788
G1 X113.68 Y102.006 E77.47386
G1 X111.472 Y102.031 E77.5473
G1 X110.193 Y101.709 E77.59117
G1 X108.832 Y100.977 E77.64257
G1 X107.941 Y99.987 E77.68687
G1 X101.954 Y89.619 E78.08507
G1 X101.663 Y88.73 E78.11619
G1 X101.466 Y87.694 E78.15126
G1 X101.613 Y86.512 E78.19088
G1 X101.883 Y85.487 E78.22613
G1 X102.58 Y84.379 E78.26967
G1 X103.538 Y83.422 E78.31471
G1 X105.001 Y82.678 E78.3693
G1 X106.24 Y82.516 E78.41086
G1 X107 Y82.507 E78.43614
G1 X107 Y77.445 E78.6045
G1 X107.3 Y76.224 E78.64632
G1 X107.979 Y74.914 E78.69539
G1 X108.974 Y73.986 E78.74065
G1 X110.271 Y73.212 E78.79088
G1 X111.476 Y73.014 E78.8315
G1 X123.528 Y72.974 E79.23235
G1 X124.75 Y73.274 E79.2742
G1 X126.06 Y73.953 E79.32328
G1 X126.988 Y74.948 E79.36853
G1 X127.762 Y76.245 E79.41877
G1 X127.96 Y77.45 E79.45939
G1 X127.991 Y82.5 E79.62735
G1 X129.04 Y82.501 E79.66224
G1 X130.263 Y82.811 E79.70421
G1 X130.879 Y83.057 E79.72627
G1 X131.898 Y83.861 E79.76944
G1 X132.511 Y84.488 E79.7986
G1 X132.612 Y84.347 E79.80437
G1 X133.538 Y83.422 E79.8479
G1 X135.001 Y82.678 E79.90249
G1 X136.24 Y82.516 E79.94405
G1 X137 Y82.507 E79.96933
G1 X137 Y77.445 E80.1377
G1 X137.3 Y76.224 E80.17952
G1 X137.979 Y74.914 E80.22859
G1 X138.974 Y73.986 E80.27384
G1 X140.271 Y73.212 E80.32408
G1 X141.476 Y73.014 E80.3647
G1 X153.528 Y72.974 E80.76555
G1 X154.75 Y73.274 E80.8074
G1 X156.06 Y73.953 E80.85648
G1 X156.988 Y74.948 E80.90173
G1 X157.762 Y76.245 E80.95197
G1 X157.96 Y77.45 E80.99258
G1 X157.991 Y82.5 E81.16055
G1 X159.04 Y82.501 E81.19544
G1 X160.263 Y82.811 E81.2374
G1 X160.879 Y83.057 E81.25946
G1 X161.898 Y83.861 E81.30263
G1 X162.565 Y84.543 E81.33436
G1 X163.173 Y85.703 E81.37792
G1 X163.504 Y86.995 E81.42228
G1 X163.417 Y88.625 E81.47657
G1 X162.886 Y89.893 E81.5223
G1 X157.063 Y99.997 E81.91017
G1 X156.159 Y100.928 E81.95333
G1 X154.872 Y101.735 E82.00386
G1 X153.522 Y102.026 E82.04979
G1 X151.071 Y102.026 E82.13131
G1 X149.85 Y101.726 E82.17313
G1 X148.54 Y101.047 E82.2222
G1 X147.641 Y100.083 E82.26605
G1 X147.519 Y99.897 E82.27344
G1 X147.372 Y100.132 E82.28266
G1 X146.426 Y101.014 E82.32568
G1 X145.191 Y101.749 E82.37348
G1 F2700 E77.37348
G0 F6000 X141.476 Y103.014
G1 F2700 E82.37348
G1 F1200 X153.528 Y102.974 E82.77434
G1 X154.75 Y103.274 E82.81619
G1 X156.06 Y103.953 E82.86526
G1 X156.988 Y104.948 E82.91052
G1 X157.762 Y106.245 E82.96075
G1 X157.96 Y107.45 E83.00137
G1 X157.991 Y112.5 E83.16933
G1 X159.04 Y112.501 E83.20422
G1 X160.263 Y112.811 E83.24619
G1 X160.879 Y113.057 E83.26825
G1 X161.898 Y113.861 E83.31142
G1 X162.565 Y114.543 E83.34315
G1 X163.173 Y115.703 E83.38671
G1 X163.504 Y116.995 E83.43107
G1 X163.417 Y118.625 E83.48536
G1 X162.886 Y119.893 E83.53108
G1 X157.063 Y129.997 E83.91896
G1 X156.159 Y130.928 E83.96212
G1 X154.872 Y131.735 E84.01264
G1 X153.522 Y132.026 E84.05857
G1 X151.071 Y132.026 E84.1401
G1 X149.85 Y131.726 E84.18191
G1 X148.54 Y131.047 E84.23099
G1 X147.641 Y130.083 E84.27483
G1 X147.519 Y129.897 E84.28223
G1 X147.372 Y130.132 E84.29145
G1 X146.426 Y131.014 E84.33447
G1 X145.191 Y131.749 E84.38227
G1 X145.047 Y131.8 E84.38735
G1 X143.68 Y132.006 E84.43333
G1 X141.472 Y132.031 E84.50677
G1 X140.193 Y131.709 E84.55064
G1 X138.832 Y130.977 E84.60204
G1 X137.941 Y129.987 E84.64634
G1 X132.5 Y120.564 E85.00824
G1 X127.063 Y129.997 E85.37037
G1 X126.159 Y130.928 E85.41353
G1 X124.872 Y131.735 E85.46406
G1 X123.522 Y132.026 E85.50999
G1 X121.071 Y132.026 E85.59151
G1 X119.85 Y131.726 E85.63333
G1 X118.54 Y131.047 E85.6824
G1 X117.641 Y130.083 E85.72624
G1 X117.519 Y129.897 E85.73364
G1 X117.372 Y130.132 E85.74286
G1 X116.426 Y131.014 E85.78588
G1 X115.191 Y131.749 E85.83368
G1 X115.047 Y131.8 E85.83876
G1 X113.68 Y132.006 E85.88474
G1 X111.472 Y132.031 E85.95818
G1 X110.193 Y131.709 E86.00205
G1 X108.832 Y130.977 E86.05345
G1 X107.941 Y129.987 E86.09775
G1 X101.954 Y119.619 E86.49596
G1 X101.663 Y118.73 E86.52707
G1 X101.466 Y117.694 E86.56214
G1 X101.613 Y116.512 E86.60176
G1 X101.883 Y115.487 E86.63701
G1 X102.58 Y114.379 E86.68055
G1 X103.538 Y113.422 E86.72559
G1 X105.001 Y112.678 E86.78018
G1 X106.24 Y112.516 E86.82174
G1 X107 Y112.507 E86.84702
G1 X107 Y107.445 E87.01538
G1 X107.3 Y106.224 E87.0572
G1 X107.979 Y104.914 E87.10628
G1 X108.974 Y103.986 E87.15153
G1 X110.271 Y103.212 E87.20177
G1 X111.476 Y103.014 E87.24238
G1 X123.528 Y102.974 E87.64323
G1 X124.75 Y103.274 E87.68509
G1 X126.06 Y103.953 E87.73416
G1 X126.988 Y104.948 E87.77941
G1 X127.762 Y106.245 E87.82965
G1 X127.96 Y107.45 E87.87027
G1 X127.991 Y112.5 E88.03823
G1 X129.04 Y112.501 E88.07312
G1 X130.263 Y112.811 E88.11509
G1 X130.879 Y113.057 E88.13715
G1 X131.898 Y113.861 E88.18032
G1 X132.511 Y114.488 E88.20948
G1 X132.612 Y114.347 E88.21525
G1 X133.538 Y113.422 E88.25879
G1 X135.001 Y112.678 E88.31338
G1 X136.24 Y112.516 E88.35494
G1 X137 Y112.507 E88.38022
G1 X137 Y107.445 E88.54858
G1 X137.3 Y106.224 E88.5904
G1 X137.979 Y104.914 E88.63947
G1 X138.974 Y103.986 E88.68473
G1 X140.271 Y103.212 E88.73496
G1 X141.476 Y103.014 E88.77558
G0 F6000 X141.541 Y103.409
G1 F1200 X153.483 Y103.374 E89.17277
G1 X154.607 Y103.65 E89.21127
G1 X155.813 Y104.275 E89.25644
G1 X156.666 Y105.19 E89.29805
G1 X157.379 Y106.385 E89.34433
G1 X157.565 Y107.515 E89.38242
G1 X157.593 Y112.9 E89.56153
G1 X158.99 Y112.901 E89.608
G1 X160.115 Y113.183 E89.64657
G1 X160.677 Y113.407 E89.66669
G1 X161.612 Y114.141 E89.70623
G1 X162.239 Y114.782 E89.73605
G1 X162.798 Y115.849 E89.77612
G1 X163.102 Y117.035 E89.81684
G1 X163.022 Y118.534 E89.86677
G1 X162.539 Y119.693 E89.90853
G1 X156.74 Y129.755 E90.29479
G1 X155.904 Y130.616 E90.33471
G1 X154.719 Y131.359 E90.38123
G1 X153.48 Y131.626 E90.42338
G1 X151.117 Y131.626 E90.50198
G1 X149.993 Y131.35 E90.54047
G1 X148.787 Y130.725 E90.58565
G1 X147.934 Y129.81 E90.62726
G1 X147.495 Y129.074 E90.65576
G1 X147.099 Y129.839 E90.68441
G1 X146.184 Y130.692 E90.72602
G1 X144.986 Y131.405 E90.77239
G1 X143.676 Y131.606 E90.81647
G1 X141.52 Y131.63 E90.88818
G1 X140.336 Y131.332 E90.92879
G1 X139.084 Y130.659 E90.97606
G1 X138.265 Y129.749 E91.01678
G1 X132.499 Y119.763 E91.40031
G1 X126.74 Y129.755 E91.78389
G1 X125.904 Y130.616 E91.82381
G1 X124.719 Y131.359 E91.87033
G1 X123.48 Y131.626 E91.91249
G1 X121.117 Y131.626 E91.99108
G1 X119.993 Y131.35 E92.02957
G1 X118.787 Y130.725 E92.07475
G1 X117.934 Y129.81 E92.11636
G1 X117.495 Y129.074 E92.14486
G1 X117.099 Y129.839 E92.17351
G1 X116.184 Y130.692 E92.21512
G1 X114.986 Y131.405 E92.26149
G1 X113.676 Y131.606 E92.30557
G1 X111.52 Y131.63 E92.37728
G1 X110.336 Y131.332 E92.41789
G1 X109.084 Y130.659 E92.46517
G1 X108.265 Y129.749 E92.50589
G1 X102.323 Y119.458 E92.90113
G1 X102.056 Y118.655 E92.92927
G1 X101.871 Y117.68 E92.96228
G1 X102 Y116.614 E92.99799
G1 X102.254 Y115.649 E93.03118
G1 X102.895 Y114.63 E93.07122
G1 X103.776 Y113.75 E93.11264
G1 X105.121 Y113.066 E93.16282
G1 X106.292 Y112.913 E93.2021
G1 X107.4 Y112.904 E93.23896
G1 X107.4 Y107.491 E93.41899
G1 X107.676 Y106.367 E93.45749
G1 X108.301 Y105.161 E93.50267
G1 X109.216 Y104.308 E93.54427
G1 X110.411 Y103.595 E93.59056
G1 X111.541 Y103.409 E93.62865
G1 X123.483 Y103.374 E94.02584
G1 X124.607 Y103.65 E94.06433
G1 X125.813 Y104.275 E94.10951
G1 X126.666 Y105.19 E94.15112
G1 X127.379 Y106.385 E94.1974
G1 X127.565 Y107.515 E94.23549
G1 X127.593 Y112.9 E94.4146
G1 X128.99 Y112.901 E94.46106
G1 X130.115 Y113.183 E94.49964
G1 X130.677 Y113.407 E94.51976
G1 X131.612 Y114.141 E94.5593
G1 X132.239 Y114.782 E94.58912
G1 X132.494 Y115.268 E94.60738
G1 X132.895 Y114.63 E94.63244
G1 X133.776 Y113.75 E94.67386
G1 X135.121 Y113.066 E94.72404
G1 X136.292 Y112.913 E94.76332
G1 X137.4 Y112.904 E94.80017
G1 X137.4 Y107.491 E94.98021
G1 X137.676 Y106.367 E95.01871
G1 X138.301 Y105.161 E95.06388
G1 X139.216 Y104.308 E95.10549
G1 X140.411 Y103.595 E95.15177
G1 X141.541 Y103.409 E95.18986
G0 F6000 X141.606 Y103.804
G1 F1200 X153.436 Y103.774 E95.58333
G1 X154.465 Y104.027 E95.61858
G1 X155.566 Y104.597 E95.65981
G1 X156.344 Y105.432 E95.69777
G1 X156.996 Y106.525 E95.7401
G1 X157.17 Y107.58 E95.77566
G1 X157.195 Y113.3 E95.96591
G1 X158.941 Y113.301 E96.02399
G1 X160.018 Y113.571 E96.06092
G1 X160.475 Y113.757 E96.07733
G1 X161.326 Y114.421 E96.11323
G1 X161.913 Y115.021 E96.14115
G1 X162.423 Y115.995 E96.17771
G1 X162.7 Y117.075 E96.2148
G1 X162.627 Y118.441 E96.2603
G1 X162.192 Y119.493 E96.29816
G1 X156.417 Y129.513 E96.68281
G1 X155.651 Y130.302 E96.71939
G1 X154.565 Y130.983 E96.76202
G1 X153.438 Y131.226 E96.80037
G1 X151.164 Y131.226 E96.876
G1 X150.135 Y130.973 E96.91125
G1 X149.034 Y130.403 E96.95248
G1 X148.256 Y129.568 E96.99044
G1 X147.604 Y128.475 E97.03277
G1 X147.524 Y127.995 E97.04896
G1 X147.469 Y127.994 E97.05079
G1 X147.347 Y128.491 E97.06781
G1 X146.777 Y129.592 E97.10904
G1 X145.942 Y130.37 E97.147
G1 X144.847 Y131.022 E97.18939
G1 X143.672 Y131.206 E97.22895
G1 X141.568 Y131.229 E97.29893
G1 X140.479 Y130.955 E97.33628
G1 X139.336 Y130.341 E97.37943
G1 X138.589 Y129.511 E97.41657
G1 X132.691 Y119.296 E97.80889
G1 X132.505 Y118.738 E97.82846
G1 X132.192 Y119.493 E97.85564
G1 X126.417 Y129.513 E98.24029
G1 X125.651 Y130.302 E98.27687
G1 X124.565 Y130.983 E98.3195
G1 X123.438 Y131.226 E98.35785
G1 X121.164 Y131.226 E98.43348
G1 X120.135 Y130.973 E98.46873
G1 X119.034 Y130.403 E98.50996
G1 X118.256 Y129.568 E98.54792
G1 X117.604 Y128.475 E98.59025
G1 X117.524 Y127.995 E98.60644
G1 X117.469 Y127.994 E98.60827
G1 X117.347 Y128.491 E98.62529
G1 X116.777 Y129.592 E98.66652
G1 X115.942 Y130.37 E98.70448
G1 X114.847 Y131.022 E98.74687
G1 X113.672 Y131.206 E98.78643
G1 X111.568 Y131.229 E98.85641
G1 X110.479 Y130.955 E98.89376
G1 X109.336 Y130.341 E98.93691
G1 X108.589 Y129.511 E98.97405
G1 X102.691 Y119.296 E99.36637
G1 X102.436 Y118.529 E99.39326
G1 X102.275 Y117.667 E99.42242
G1 X102.387 Y116.716 E99.45427
G1 X102.625 Y115.811 E99.48539
G1 X103.21 Y114.881 E99.52194
G1 X104.014 Y114.078 E99.55973
G1 X105.241 Y113.454 E99.60552
G1 X106.344 Y113.31 E99.64251
G1 X107.8 Y113.302 E99.69094
G1 X107.8 Y107.538 E99.88265
G1 X108.053 Y106.509 E99.9179
G1 X108.623 Y105.408 E99.95913
G1 X109.458 Y104.63 E99.99709
G1 X110.551 Y103.978 E100.03942
G1 X111.606 Y103.804 E100.07498
G1 X123.436 Y103.774 E100.46845
G1 X124.465 Y104.027 E100.5037
G1 X125.566 Y104.597 E100.54493
G1 X126.344 Y105.432 E100.58289
G1 X126.996 Y106.525 E100.62522
G1 X127.17 Y107.58 E100.66079
G1 X127.195 Y113.3 E100.85104
G1 X128.941 Y113.301 E100.90911
G1 X130.018 Y113.571 E100.94604
G1 X130.475 Y113.757 E100.96245
G1 X131.326 Y114.421 E100.99835
G1 X131.913 Y115.021 E101.02627
G1 X132.423 Y115.995 E101.06283
G1 X132.499 Y116.29 E101.07297
G1 X132.625 Y115.811 E101.08944
G1 X133.21 Y114.881 E101.12598
G1 X134.014 Y114.078 E101.16378
G1 X135.241 Y113.454 E101.20956
G1 X136.344 Y113.31 E101.24656
G1 X137.8 Y113.302 E101.29499
G1 X137.8 Y107.538 E101.4867
G1 X138.053 Y106.509 E101.52194
G1 X138.623 Y105.408 E101.56318
G1 X139.458 Y104.63 E101.60114
G1 X140.551 Y103.978 E101.64347
G1 X141.606 Y103.804 E101.67903
G0 F6000 X141.671 Y104.199
G1 F1200 X153.39 Y104.174 E102.06881
G1 X154.322 Y104.403 E102.10073
G1 X155.319 Y104.919 E102.13807
G1 X156.022 Y105.674 E102.17238
G1 X156.613 Y106.665 E102.21075
G1 X156.775 Y107.645 E102.24379
G1 X156.796 Y113.7 E102.44518
G1 X158.893 Y113.701 E102.51493
G1 X159.867 Y113.942 E102.5483
G1 X160.275 Y114.108 E102.56295
G1 X161.04 Y114.701 E102.59515
G1 X161.588 Y115.261 E102.62121
G1 X162.047 Y116.138 E102.65413
G1 X162.298 Y117.115 E102.68768
G1 X162.232 Y118.35 E102.72881
G1 X161.845 Y119.293 E102.76272
G1 X156.094 Y129.271 E103.14576
G1 X155.396 Y129.99 E103.17909
G1 X154.412 Y130.607 E103.21772
G1 X153.396 Y130.826 E103.25229
G1 X151.21 Y130.826 E103.325
G1 X150.278 Y130.597 E103.35692
G1 X149.281 Y130.081 E103.39426
G1 X148.578 Y129.326 E103.42857
G1 X147.987 Y128.335 E103.46694
G1 X147.864 Y127.595 E103.49189
G1 X147.156 Y127.594 E103.51544
G1 X146.971 Y128.348 E103.54126
G1 X146.455 Y129.345 E103.5786
G1 X145.7 Y130.048 E103.61291
G1 X144.708 Y130.639 E103.65132
G1 X143.668 Y130.806 E103.68635
G1 X141.615 Y130.828 E103.75464
G1 X140.623 Y130.579 E103.78866
G1 X139.586 Y130.022 E103.82781
G1 X138.915 Y129.276 E103.86118
G1 X133.059 Y119.134 E104.2507
G1 X132.816 Y118.403 E104.27632
G1 X132.679 Y117.653 E104.30168
G1 X132.774 Y116.818 E104.32963
G1 X132.996 Y115.973 E104.35869
G1 X133.525 Y115.132 E104.39173
G1 X134.252 Y114.406 E104.42591
G1 X135.361 Y113.842 E104.46729
G1 X136.396 Y113.707 E104.502
G1 X138.2 Y113.7 E104.56201
G1 X138.2 Y107.584 E104.76542
G1 X138.429 Y106.652 E104.79734
G1 X138.945 Y105.655 E104.83468
G1 X139.7 Y104.952 E104.86899
G1 X140.691 Y104.361 E104.90737
G1 X141.671 Y104.199 E104.94041
G1 F2700 E99.94041
G0 F6000 X131.04 Y114.701
G1 F2700 E104.94041
G1 F1200 X131.588 Y115.261 E104.96647
G1 X132.047 Y116.138 E104.99939
G1 X132.298 Y117.115 E105.03294
G1 X132.232 Y118.35 E105.07408
G1 X131.845 Y119.293 E105.10798
G1 X126.094 Y129.271 E105.49103
G1 X125.396 Y129.99 E105.52436
G1 X124.412 Y130.607 E105.56299
G1 X123.396 Y130.826 E105.59755
G1 X121.21 Y130.826 E105.67026
G1 X120.278 Y130.597 E105.70218
G1 X119.281 Y130.081 E105.73952
G1 X118.578 Y129.326 E105.77383
G1 X117.987 Y128.335 E105.81221
G1 X117.864 Y127.595 E105.83716
G1 X117.156 Y127.594 E105.86071
G1 X116.971 Y128.348 E105.88653
G1 X116.455 Y129.345 E105.92387
G1 X115.7 Y130.048 E105.95818
G1 X114.708 Y130.639 E105.99658
G1 X113.668 Y130.806 E106.03162
G1 X111.615 Y130.828 E106.09991
G1 X110.623 Y130.579 E106.13392
G1 X109.586 Y130.022 E106.17307
G1 X108.915 Y129.276 E106.20645
G1 X103.059 Y119.134 E106.59596
G1 X102.816 Y118.403 E106.62159
G1 X102.679 Y117.653 E106.64694
G1 X102.774 Y116.818 E106.67489
G1 X102.996 Y115.973 E106.70395
G1 X103.525 Y115.132 E106.737
G1 X104.252 Y114.406 E106.77117
G1 X105.361 Y113.842 E106.81255
G1 X106.396 Y113.707 E106.84727
G1 X108.2 Y113.7 E106.90727
G1 X108.2 Y107.584 E107.11069
G1 X108.429 Y106.652 E107.14261
G1 X108.945 Y105.655 E107.17995
G1 X109.7 Y104.952 E107.21426
G1 X110.691 Y104.361 E107.25264
G1 X111.671 Y104.199 E107.28567
G1 X123.39 Y104.174 E107.67545
G1 X124.322 Y104.403 E107.70737
G1 X125.319 Y104.919 E107.74471
G1 X126.022 Y105.674 E107.77902
G1 X126.613 Y106.665 E107.8174
G1 X126.775 Y107.645 E107.85043
G1 X126.796 Y113.7 E108.05183
G1 X128.893 Y113.701 E108.12157
G1 X129.867 Y113.942 E108.15494
G1 X130.275 Y114.108 E108.1696
G1 X131.04 Y114.701 E108.20179
G0 F6000 X130.754 Y114.981
G1 F1200 X131.263 Y115.501 E108.22599
G1 X131.671 Y116.281 E108.25527
G1 X131.896 Y117.156 E108.28532
G1 X131.837 Y118.261 E108.32212
G1 X131.498 Y119.093 E108.352
G1 X125.771 Y129.029 E108.73344
G1 X125.141 Y129.678 E108.76353
G1 X124.259 Y130.231 E108.79815
G1 X123.354 Y130.426 E108.82894
G1 X121.256 Y130.426 E108.89872
G1 X120.421 Y130.221 E108.92732
G1 X119.526 Y129.758 E108.96083
G1 X118.902 Y129.087 E108.99131
G1 X118.37 Y128.195 E109.02585
G1 X118.204 Y127.195 E109.05957
G1 X116.8 Y127.194 E109.10627
G1 X116.788 Y127.419 E109.11376
G1 X116.595 Y128.205 E109.14068
G1 X116.132 Y129.1 E109.17419
G1 X115.461 Y129.724 E109.20467
G1 X114.569 Y130.256 E109.23921
G1 X113.664 Y130.406 E109.26973
G1 X111.662 Y130.427 E109.33632
G1 X110.767 Y130.203 E109.367
G1 X109.836 Y129.703 E109.40215
G1 X109.241 Y129.041 E109.43176
G1 X103.427 Y118.972 E109.81847
G1 X103.196 Y118.277 E109.84283
G1 X103.083 Y117.64 E109.86435
G1 X103.161 Y116.92 E109.88844
G1 X103.367 Y116.135 E109.91543
G1 X103.84 Y115.383 E109.94498
G1 X104.49 Y114.734 E109.97553
G1 X105.481 Y114.23 E110.01251
G1 X106.448 Y114.104 E110.04494
G1 X108.292 Y114.1 E110.10627
G1 X108.6 Y114.165 E110.11674
G1 X108.6 Y107.63 E110.3341
G1 X108.805 Y106.795 E110.36269
G1 X109.268 Y105.9 E110.39621
G1 X109.939 Y105.276 E110.42668
G1 X110.831 Y104.744 E110.46123
G1 X111.736 Y104.594 E110.49174
G1 X123.344 Y104.574 E110.87782
G1 X124.179 Y104.779 E110.90642
G1 X125.074 Y105.242 E110.93994
G1 X125.698 Y105.913 E110.97041
G1 X126.23 Y106.805 E111.00496
G1 X126.38 Y107.71 E111.03547
G1 X126.397 Y114.152 E111.24973
G1 X126.681 Y114.1 E111.25933
G1 X128.843 Y114.101 E111.33124
G1 X129.716 Y114.313 E111.36112
G1 X130.075 Y114.459 E111.37401
G1 X130.754 Y114.981 E111.4025
G0 F6000 X130.468 Y115.261
G1 F1200 X130.938 Y115.741 E111.42484
G1 X131.296 Y116.425 E111.45052
G1 X131.494 Y117.196 E111.47699
G1 X131.442 Y118.171 E111.50947
G1 X131.151 Y118.893 E111.53536
G1 X125.448 Y128.787 E111.91519
G1 X124.888 Y129.364 E111.94193
G1 X124.105 Y129.855 E111.97267
G1 X123.312 Y130.026 E111.99965
G1 X121.302 Y130.026 E112.06651
G1 X120.564 Y129.845 E112.09178
G1 X119.771 Y129.435 E112.12147
G1 X119.226 Y128.848 E112.14811
G1 X118.753 Y128.055 E112.17882
G1 X118.615 Y127.224 E112.20684
G1 X118.606 Y126.795 E112.22111
G1 X116.4 Y126.794 E112.29449
G1 X116.4 Y127.324 E112.31211
G1 X116.219 Y128.062 E112.33739
G1 X115.809 Y128.855 E112.36708
G1 X115.222 Y129.4 E112.39372
G1 X114.429 Y129.873 E112.42443
G1 X113.598 Y130.011 E112.45245
G1 X111.709 Y130.026 E112.51528
G1 X110.911 Y129.827 E112.54263
G1 X110.088 Y129.385 E112.5737
G1 X109.565 Y128.803 E112.59973
G1 X103.795 Y118.81 E112.98352
G1 X103.576 Y118.151 E113.00662
G1 X103.487 Y117.629 E113.02423
G1 X103.559 Y116.963 E113.04651
G1 X103.738 Y116.298 E113.06942
G1 X104.155 Y115.634 E113.0955
G1 X104.728 Y115.062 E113.12243
G1 X105.601 Y114.618 E113.155
G1 X106.5 Y114.501 E113.18516
G1 X108.292 Y114.5 E113.24476
G1 X109 Y114.676 E113.26902
G1 X109 Y107.676 E113.50184
G1 X109.181 Y106.938 E113.52712
G1 X109.591 Y106.145 E113.55681
G1 X110.178 Y105.6 E113.58345
G1 X110.971 Y105.127 E113.61416
G1 X111.802 Y104.989 E113.64218
G1 X123.298 Y104.974 E114.02454
G1 X124.036 Y105.155 E114.04981
G1 X124.829 Y105.565 E114.0795
G1 X125.374 Y106.152 E114.10614
G1 X125.847 Y106.945 E114.13685
G1 X125.985 Y107.776 E114.16487
G1 X125.998 Y114.648 E114.39344
G1 X126.681 Y114.5 E114.41668
G1 X128.794 Y114.501 E114.48696
G1 X129.622 Y114.702 E114.5153
G1 X129.874 Y114.809 E114.5244
G1 X130.468 Y115.261 E114.54923
G0 F6000 X130.182 Y115.541
G1 F1200 X130.613 Y115.981 E114.56972
G1 X130.92 Y116.568 E114.59175
G1 X131.092 Y117.237 E114.61472
G1 X131.047 Y118.081 E114.64283
G1 X130.804 Y118.693 E114.66474
G1 X125.125 Y128.545 E115.04296
G1 X124.633 Y129.052 E115.06645
G1 X123.952 Y129.479 E115.09319
G1 X123.27 Y129.626 E115.11639
G1 X121.352 Y129.626 E115.18019
G1 X120.703 Y129.467 E115.20241
G1 X120.016 Y129.112 E115.22813
G1 X119.55 Y128.609 E115.25094
G1 X119.136 Y127.915 E115.27781
G1 X119.01 Y127.158 E115.30334
G1 X119.002 Y126.395 E115.32872
G1 X116 Y126.394 E115.42856
G1 X116 Y127.274 E115.45783
G1 X115.841 Y127.923 E115.48006
G1 X115.486 Y128.61 E115.50578
G1 X114.983 Y129.076 E115.52858
G1 X114.289 Y129.49 E115.55546
G1 X113.532 Y129.616 E115.58098
G1 X111.756 Y129.626 E115.64006
G1 X111.055 Y129.451 E115.66409
G1 X110.34 Y129.067 E115.69108
G1 X109.889 Y128.565 E115.71353
G1 X104.163 Y118.648 E116.0944
G1 X103.956 Y118.025 E116.11623
G1 X103.891 Y117.618 E116.12994
G1 X103.957 Y117.006 E116.15042
G1 X104.108 Y116.462 E116.16919
G1 X104.47 Y115.885 E116.19185
G1 X104.966 Y115.39 E116.21516
G1 X105.723 Y115.005 E116.2434
G1 X106.5 Y114.901 E116.26948
G1 X108.244 Y114.9 E116.32748
G1 X108.948 Y115.075 E116.35161
G1 X109.4 Y115.318 E116.36868
G1 X109.4 Y107.726 E116.62119
G1 X109.559 Y107.077 E116.64341
G1 X109.914 Y106.39 E116.66913
G1 X110.417 Y105.924 E116.69194
G1 X111.111 Y105.51 E116.71882
G1 X111.868 Y105.384 E116.74434
G1 X123.248 Y105.374 E117.12284
G1 X123.897 Y105.533 E117.14507
G1 X124.584 Y105.888 E117.17079
G1 X125.05 Y106.391 E117.19359
G1 X125.464 Y107.085 E117.22047
G1 X125.59 Y107.842 E117.24599
G1 X125.599 Y115.328 E117.49498
G1 X126.044 Y115.048 E117.51247
G1 X126.724 Y114.9 E117.53561
G1 X128.745 Y114.901 E117.60283
G1 X129.528 Y115.091 E117.62963
G1 X129.672 Y115.158 E117.63491
G1 X130.182 Y115.541 E117.65613
G0 F6000 X129.896 Y115.821
G1 F1200 X130.288 Y116.221 E117.67475
G1 X130.545 Y116.712 E117.69319
G1 X130.69 Y117.277 E117.71259
G1 X130.652 Y117.992 E117.7364
G1 X130.457 Y118.493 E117.75428
G1 X124.802 Y128.303 E118.13089
G1 X124.378 Y128.74 E118.15115
G1 X123.799 Y129.103 E118.17388
G1 X123.228 Y129.226 E118.1933
G1 X121.402 Y129.226 E118.25404
G1 X120.842 Y129.089 E118.27321
G1 X120.262 Y128.789 E118.29493
G1 X119.874 Y128.37 E118.31392
G1 X119.519 Y127.775 E118.33697
G1 X119.405 Y127.092 E118.36
G1 X119.4 Y125.995 E118.39648
G1 X115.6 Y125.994 E118.52287
G1 X115.6 Y127.224 E118.56378
G1 X115.463 Y127.784 E118.58296
G1 X115.163 Y128.364 E118.60468
G1 X114.744 Y128.752 E118.62367
G1 X114.149 Y129.107 E118.64671
G1 X113.466 Y129.221 E118.66975
G1 X111.804 Y129.226 E118.72502
G1 X111.199 Y129.075 E118.74576
G1 X110.592 Y128.749 E118.76868
G1 X110.213 Y128.327 E118.78755
G1 X104.531 Y118.486 E119.1655
G1 X104.336 Y117.899 E119.18607
G1 X104.295 Y117.609 E119.19581
G1 X104.355 Y117.049 E119.21455
G1 X104.477 Y116.627 E119.22916
G1 X104.785 Y116.136 E119.24843
G1 X105.204 Y115.718 E119.26812
G1 X105.845 Y115.392 E119.29204
G1 X106.5 Y115.301 E119.31403
G1 X108.196 Y115.3 E119.37044
G1 X108.804 Y115.451 E119.39128
G1 X109.411 Y115.777 E119.41419
G1 X109.8 Y116.226 E119.43395
G1 X109.8 Y107.776 E119.715
G1 X109.937 Y107.216 E119.73418
G1 X110.237 Y106.636 E119.75589
G1 X110.656 Y106.248 E119.77489
G1 X111.251 Y105.893 E119.79793
G1 X111.934 Y105.779 E119.82096
G1 X123.198 Y105.774 E120.19561
G1 X123.758 Y105.911 E120.21478
G1 X124.338 Y106.211 E120.2365
G1 X124.726 Y106.63 E120.25549
G1 X125.081 Y107.225 E120.27854
G1 X125.195 Y107.908 E120.30157
G1 X125.2 Y116.233 E120.57846
G1 X125.61 Y115.793 E120.59846
G1 X126.196 Y115.424 E120.62149
G1 X126.767 Y115.3 E120.64093
G1 X128.696 Y115.301 E120.70509
G1 X129.434 Y115.48 E120.73035
G1 X129.896 Y115.821 E120.74944
G0 F6000 X129.658 Y116.143
G1 F1200 X129.961 Y116.459 E120.764
G1 X130.17 Y116.859 E120.77902
G1 X130.288 Y117.318 E120.79478
G1 X130.257 Y117.904 E120.8143
G1 X130.084 Y118.347 E120.83011
G1 X124.482 Y128.058 E121.20299
G1 X124.123 Y128.428 E121.22014
G1 X123.646 Y128.727 E121.23886
G1 X123.186 Y128.826 E121.25451
G1 X121.452 Y128.826 E121.31219
G1 X120.981 Y128.711 E121.32831
G1 X120.508 Y128.466 E121.34603
G1 X120.195 Y128.128 E121.36135
G1 X119.902 Y127.637 E121.38037
G1 X119.8 Y127.026 E121.40097
G1 X119.8 Y125.595 E121.44857
G1 X115.2 Y125.594 E121.60156
G1 X115.2 Y127.174 E121.65411
G1 X115.085 Y127.645 E121.67024
G1 X114.84 Y128.118 E121.68796
G1 X114.502 Y128.431 E121.70328
G1 X114.011 Y128.724 E121.7223
G1 X113.4 Y128.826 E121.7429
G1 X111.852 Y128.826 E121.79439
G1 X111.343 Y128.699 E121.81184
G1 X110.844 Y128.431 E121.83067
G1 X110.537 Y128.089 E121.84596
G1 X104.899 Y118.324 E122.22099
G1 X104.716 Y117.773 E122.2403
G1 X104.698 Y117.604 E122.24596
G1 X104.753 Y117.092 E122.26308
G1 X104.844 Y116.795 E122.27341
G1 X105.102 Y116.384 E122.28955
G1 X105.441 Y116.046 E122.30548
G1 X105.965 Y115.779 E122.32504
G1 X106.5 Y115.701 E122.34302
G1 X108.148 Y115.7 E122.39783
G1 X108.66 Y115.827 E122.41538
G1 X109.157 Y116.094 E122.43414
G1 X109.469 Y116.446 E122.44979
G1 X110.2 Y117.725 E122.49878
G1 X110.2 Y107.826 E122.82803
G1 X110.315 Y107.355 E122.84415
G1 X110.56 Y106.882 E122.86187
G1 X110.898 Y106.569 E122.87719
G1 X111.389 Y106.276 E122.89621
G1 X112 Y106.174 E122.91681
G1 X123.148 Y106.174 E123.2876
G1 X123.619 Y106.289 E123.30372
G1 X124.092 Y106.534 E123.32144
G1 X124.405 Y106.872 E123.33676
G1 X124.698 Y107.363 E123.35578
G1 X124.8 Y107.974 E123.37638
G1 X124.8 Y117.725 E123.7007
G1 X125.514 Y116.476 E123.74855
G1 X125.866 Y116.105 E123.76556
G1 X126.349 Y115.8 E123.78456
G1 X126.81 Y115.7 E123.80025
G1 X128.647 Y115.701 E123.86135
G1 X129.261 Y115.85 E123.88236
G1 X129.658 Y116.143 E123.89877
G0 F6000 X129.42 Y116.465
G1 F1200 X129.632 Y116.693 E123.90913
G1 X129.795 Y117.006 E123.92087
G1 X129.886 Y117.359 E123.93299
G1 X129.862 Y117.815 E123.94818
G1 X129.711 Y118.201 E123.96196
G1 X124.162 Y127.813 E124.33111
G1 X123.868 Y128.116 E124.34515
G1 X123.493 Y128.351 E124.35987
G1 X123.144 Y128.426 E124.37174
G1 X121.502 Y128.426 E124.42636
G1 X121.12 Y128.333 E124.43943
G1 X120.754 Y128.143 E124.45315
G1 X120.516 Y127.886 E124.4648
G1 X120.285 Y127.499 E124.47979
G1 X120.2 Y127.026 E124.49577
G1 X120.2 Y125.195 E124.55667
G1 X114.8 Y125.194 E124.73628
G1 X114.8 Y127.124 E124.80047
G1 X114.707 Y127.506 E124.81355
G1 X114.517 Y127.872 E124.82726
G1 X114.26 Y128.11 E124.83891
G1 X113.873 Y128.341 E124.8539
G1 X113.4 Y128.426 E124.86989
G1 X111.901 Y128.426 E124.91974
G1 X111.487 Y128.323 E124.93393
G1 X111.096 Y128.113 E124.9487
G1 X110.861 Y127.851 E124.9604
G1 X105.267 Y118.163 E125.33248
G1 X105.096 Y117.647 E125.35056
G1 X105.151 Y117.135 E125.36769
G1 X105.21 Y116.965 E125.37368
G1 X105.419 Y116.632 E125.38675
G1 X105.678 Y116.374 E125.39891
G1 X106.088 Y116.165 E125.41422
G1 X106.5 Y116.101 E125.42809
G1 X108.099 Y116.1 E125.48127
G1 X108.513 Y116.203 E125.49546
G1 X108.907 Y116.414 E125.51032
G1 X109.143 Y116.68 E125.52215
G1 X110.6 Y119.23 E125.61983
G1 X110.6 Y107.876 E125.99747
G1 X110.693 Y107.494 E126.01054
G1 X110.883 Y107.128 E126.02426
G1 X111.14 Y106.89 E126.03591
G1 X111.527 Y106.659 E126.0509
G1 X112 Y106.574 E126.06688
G1 X123.098 Y106.574 E126.43601
G1 X123.48 Y106.667 E126.44908
G1 X123.846 Y106.857 E126.4628
G1 X124.084 Y107.114 E126.47445
G1 X124.315 Y107.501 E126.48944
G1 X124.4 Y107.974 E126.50542
G1 X124.4 Y119.23 E126.8798
G1 X125.835 Y116.719 E126.97599
G1 X126.123 Y116.416 E126.98989
G1 X126.503 Y116.176 E127.00484
G1 X126.853 Y116.1 E127.01676
G1 X128.598 Y116.101 E127.07479
G1 X129.088 Y116.22 E127.09157
G1 X129.42 Y116.465 E127.10529
G0 F6000 X129.183 Y116.787
G1 F1200 X128.916 Y116.59 E127.11633
G1 X128.549 Y116.501 E127.12889
G1 X126.853 Y116.5 E127.18529
G1 X126.658 Y116.551 E127.192
G1 X126.38 Y116.727 E127.20294
G1 X126.156 Y116.962 E127.21374
G1 X124 Y120.735 E127.35827
G1 X124 Y107.974 E127.78271
G1 X123.935 Y107.646 E127.79383
G1 X123.74 Y107.319 E127.80649
G1 X123.601 Y107.181 E127.81301
G1 X123.338 Y107.044 E127.82287
G1 X123.049 Y106.974 E127.83276
G1 X112 Y106.974 E128.20025
G1 X111.672 Y107.039 E128.21137
G1 X111.345 Y107.234 E128.22403
G1 X111.207 Y107.373 E128.23055
G1 X111.07 Y107.636 E128.24041
G1 X111 Y107.925 E128.2503
G1 X111 Y120.736 E128.6764
G1 X108.796 Y116.878 E128.82418
G1 X108.656 Y116.734 E128.83086
G1 X108.366 Y116.579 E128.8418
G1 X108.05 Y116.5 E128.85263
G1 X106.5 Y116.501 E128.90418
G1 X106.213 Y116.55 E128.91387
G1 X105.915 Y116.702 E128.92499
G1 X105.758 Y116.845 E128.93206
G1 X105.549 Y117.178 E128.94513
G1 X105.503 Y117.603 E128.95935
G1 X105.635 Y118.001 E128.9733
G1 X111.207 Y127.651 E129.34392
G1 X111.346 Y127.793 E129.35053
G1 X111.634 Y127.947 E129.36139
G1 X111.95 Y128.026 E129.37222
G1 X113.4 Y128.026 E129.42045
G1 X113.728 Y127.961 E129.43157
G1 X114.055 Y127.766 E129.44424
G1 X114.193 Y127.627 E129.45075
G1 X114.33 Y127.364 E129.46061
G1 X114.4 Y127.075 E129.4705
G1 X114.4 Y124.794 E129.54637
G1 X120.6 Y124.795 E129.75258
G1 X120.6 Y127.026 E129.82679
G1 X120.665 Y127.354 E129.83791
G1 X120.86 Y127.681 E129.85057
G1 X120.999 Y127.819 E129.85709
G1 X121.262 Y127.956 E129.86695
G1 X121.551 Y128.026 E129.87684
G1 X123.144 Y128.026 E129.92982
G1 X123.338 Y127.976 E129.93649
G1 X123.615 Y127.802 E129.94737
G1 X123.842 Y127.568 E129.95821
G1 X129.365 Y118.001 E130.32563
G1 X129.466 Y117.729 E130.33528
G1 X129.484 Y117.398 E130.3463
G1 X129.44 Y117.191 E130.35334
G1 X129.301 Y116.924 E130.36335
G1 X129.183 Y116.787 E130.36937
G0 F6000 X128.619 Y117.34
G1 F1200 X128.691 Y117.442 E130.37352
G1 X128.673 Y117.601 E130.37884
G1 X123.174 Y127.126 E130.74465
G1 X123.062 Y127.226 E130.74964
G1 X121.6 Y127.226 E130.79827
G1 X121.481 Y127.187 E130.80243
G1 X121.4 Y127.026 E130.80843
G1 X121.4 Y110.7 E131.35143
G1 X113.6 Y110.7 E131.61086
G1 X113.6 Y127.026 E132.15387
G1 X113.561 Y127.145 E132.15803
G1 X113.4 Y127.226 E132.16403
G1 X111.999 Y127.226 E132.21062
G1 X111.857 Y127.179 E132.2156
G1 X106.327 Y117.601 E132.58345
G1 X106.301 Y117.479 E132.5876
G1 X106.353 Y117.365 E132.59177
G1 X106.5 Y117.301 E132.5971
G1 X108.001 Y117.3 E132.64702
G1 X108.144 Y117.347 E132.65203
G1 X111.8 Y123.747 E132.89718
G1 X111.8 Y107.974 E133.42179
G1 X111.839 Y107.855 E133.42595
G1 X112 Y107.774 E133.43195
G1 X123 Y107.774 E133.79781
G1 X123.119 Y107.813 E133.80197
G1 X123.2 Y107.974 E133.80797
G1 X123.2 Y123.747 E134.33258
G1 X126.825 Y117.401 E134.57566
G1 X126.937 Y117.3 E134.58067
G1 X128.5 Y117.301 E134.63266
G1 X128.619 Y117.34 E134.63683
G1 F2700 E129.63683
G0 F6000 X128.619 Y116.835
G0 X128.88 Y116.841
G0 X129.262 Y117.5
G0 X123.38 Y127.685
G0 X120.947 Y127.679
G0 X120.935 Y111.3
G0 X121 Y111.3
G1 F2700 E134.63683
G1 F1200 X121 Y123.595 E135.04576
G1 X120.961 Y123.714 E135.04992
G1 X120.799 Y123.798 E135.05599
G1 X120.761 Y123.914 E135.06005
G1 X120.6 Y123.995 E135.06605
G1 X114.4 Y123.994 E135.27226
G1 X114.281 Y123.955 E135.27643
G1 X114.203 Y123.799 E135.28223
G1 X114.05 Y123.726 E135.28787
G1 X114 Y123.594 E135.29256
G1 X114 Y111.3 E135.70146
G1 X114.039 Y111.181 E135.70562
G1 X114.2 Y111.1 E135.71162
G1 X120.8 Y111.1 E135.93114
G1 X120.919 Y111.139 E135.9353
G1 X121 Y111.3 E135.9413
G1 F2700 E130.9413
G0 F6000 X120.947 Y111.153
G0 X120.947 Y127.679
G0 X123.38 Y127.685
G0 X129.262 Y117.5
G0 X123.665 Y107.974
G0 X123.6 Y107.974
G1 F2700 E135.9413
G1 F1200 X123.6 Y122.241 E136.41582
G1 X126.478 Y117.203 E136.6088
G1 X126.669 Y117.003 E136.61799
G1 X126.853 Y116.9 E136.62501
G1 X128.5 Y116.901 E136.67979
G1 X128.744 Y116.96 E136.68814
G1 X128.946 Y117.109 E136.69649
G1 X129.085 Y117.376 E136.7065
G1 X129.07 Y117.646 E136.71549
G1 X129.019 Y117.801 E136.72092
G1 X123.52 Y127.326 E137.08673
G1 X123.328 Y127.524 E137.0959
G1 X123.144 Y127.626 E137.1029
G1 X121.6 Y127.626 E137.15425
G1 X121.356 Y127.567 E137.1626
G1 X121.204 Y127.476 E137.16849
G1 X121.043 Y127.206 E137.17895
G1 X121 Y127.026 E137.1851
G1 X121 Y124.229 E137.27813
G1 X120.775 Y124.355 E137.28671
G1 X120.6 Y124.395 E137.29268
G1 X114.4 Y124.394 E137.49889
G1 X114.156 Y124.335 E137.50724
G1 X114 Y124.238 E137.51335
G1 X114 Y127.026 E137.60608
G1 X113.941 Y127.27 E137.61443
G1 X113.85 Y127.422 E137.62032
G1 X113.58 Y127.583 E137.63078
G1 X113.4 Y127.626 E137.63693
G1 X111.999 Y127.626 E137.68353
G1 X111.731 Y127.559 E137.69272
G1 X111.553 Y127.451 E137.69964
G1 X105.981 Y117.801 E138.07027
G1 X105.91 Y117.562 E138.07856
G1 X105.937 Y117.313 E138.08689
G1 X106.097 Y117.058 E138.0969
G1 X106.34 Y116.934 E138.10598
G1 X106.5 Y116.901 E138.11141
G1 X108.001 Y116.9 E138.16133
G1 X108.269 Y116.967 E138.17052
G1 X108.449 Y117.076 E138.17752
G1 X111.4 Y122.241 E138.37537
G1 X111.4 Y107.974 E138.84989
G1 X111.459 Y107.73 E138.85824
G1 X111.55 Y107.578 E138.86413
G1 X111.82 Y107.417 E138.87459
G1 X112 Y107.374 E138.88075
G1 X123 Y107.374 E139.24661
G1 X123.244 Y107.433 E139.25496
G1 X123.396 Y107.524 E139.26085
G1 X123.557 Y107.794 E139.2713
G1 X123.6 Y107.974 E139.27746
G1 F2700 E134.27746
G0 F6000 X123.665 Y107.974
G0 X133.367 Y116.135
G1 F2700 E139.27746
G1 F1200 X133.84 Y115.383 E139.30701
G1 X134.49 Y114.734 E139.33756
G1 X135.481 Y114.23 E139.37454
G1 X136.448 Y114.104 E139.40697
G1 X138.292 Y114.1 E139.4683
G1 X138.6 Y114.165 E139.47877
G1 X138.6 Y107.63 E139.69613
G1 X138.805 Y106.795 E139.72472
G1 X139.268 Y105.9 E139.75824
G1 X139.939 Y105.276 E139.78872
G1 X140.831 Y104.744 E139.82326
G1 X141.736 Y104.594 E139.85377
G1 X153.344 Y104.574 E140.23985
G1 X154.179 Y104.779 E140.26845
G1 X155.074 Y105.242 E140.30197
G1 X155.698 Y105.913 E140.33244
G1 X156.23 Y106.805 E140.36699
G1 X156.38 Y107.71 E140.3975
G1 X156.397 Y114.152 E140.61176
G1 X156.681 Y114.1 E140.62136
G1 X158.843 Y114.101 E140.69327
G1 X159.716 Y114.313 E140.72315
G1 X160.075 Y114.459 E140.73604
G1 X160.754 Y114.981 E140.76453
G1 X161.263 Y115.501 E140.78873
G1 X161.671 Y116.281 E140.81801
G1 X161.896 Y117.156 E140.84806
G1 X161.837 Y118.261 E140.88486
G1 X161.498 Y119.093 E140.91474
G1 X155.771 Y129.029 E141.29618
G1 X155.141 Y129.678 E141.32627
G1 X154.259 Y130.231 E141.36089
G1 X153.354 Y130.426 E141.39168
G1 X151.256 Y130.426 E141.46146
G1 X150.421 Y130.221 E141.49006
G1 X149.526 Y129.758 E141.52357
G1 X148.902 Y129.087 E141.55405
G1 X148.37 Y128.195 E141.58859
G1 X148.204 Y127.195 E141.62231
G1 X146.8 Y127.194 E141.66901
G1 X146.788 Y127.419 E141.6765
G1 X146.595 Y128.205 E141.70342
G1 X146.132 Y129.1 E141.73693
G1 X145.461 Y129.724 E141.76741
G1 X144.569 Y130.256 E141.80195
G1 X143.664 Y130.406 E141.83247
G1 X141.662 Y130.427 E141.89906
G1 X140.767 Y130.203 E141.92974
G1 X139.836 Y129.703 E141.96489
G1 X139.241 Y129.041 E141.9945
G1 X133.427 Y118.972 E142.38121
G1 X133.196 Y118.277 E142.40557
G1 X133.083 Y117.64 E142.42709
G1 X133.161 Y116.92 E142.45118
G1 X133.367 Y116.135 E142.47817
G0 F6000 X133.738 Y116.298
G1 F1200 X134.155 Y115.634 E142.50425
G1 X134.728 Y115.062 E142.53118
G1 X135.601 Y114.618 E142.56375
G1 X136.5 Y114.501 E142.5939
G1 X138.292 Y114.5 E142.65351
G1 X139 Y114.676 E142.67777
G1 X139 Y107.676 E142.91059
G1 X139.181 Y106.938 E142.93587
G1 X139.591 Y106.145 E142.96556
G1 X140.178 Y105.6 E142.9922
G1 X140.971 Y105.127 E143.02291
G1 X141.802 Y104.989 E143.05093
G1 X153.298 Y104.974 E143.43329
G1 X154.036 Y105.155 E143.45856
G1 X154.829 Y105.565 E143.48825
G1 X155.374 Y106.152 E143.51489
G1 X155.847 Y106.945 E143.5456
G1 X155.985 Y107.776 E143.57362
G1 X155.998 Y114.648 E143.80219
G1 X156.681 Y114.5 E143.82543
G1 X158.794 Y114.501 E143.89571
G1 X159.622 Y114.702 E143.92405
G1 X159.874 Y114.809 E143.93315
G1 X160.468 Y115.261 E143.95798
G1 X160.938 Y115.741 E143.98032
G1 X161.296 Y116.425 E144.006
G1 X161.494 Y117.196 E144.03248
G1 X161.442 Y118.171 E144.06495
G1 X161.151 Y118.893 E144.09084
G1 X155.448 Y128.787 E144.47067
G1 X154.888 Y129.364 E144.49741
G1 X154.105 Y129.855 E144.52815
G1 X153.312 Y130.026 E144.55514
G1 X151.302 Y130.026 E144.62199
G1 X150.564 Y129.845 E144.64726
G1 X149.771 Y129.435 E144.67695
G1 X149.226 Y128.848 E144.7036
G1 X148.753 Y128.055 E144.73431
G1 X148.615 Y127.224 E144.76232
G1 X148.606 Y126.795 E144.7766
G1 X146.4 Y126.794 E144.84997
G1 X146.4 Y127.324 E144.8676
G1 X146.219 Y128.062 E144.89287
G1 X145.809 Y128.855 E144.92256
G1 X145.222 Y129.4 E144.9492
G1 X144.429 Y129.873 E144.97991
G1 X143.598 Y130.011 E145.00793
G1 X141.709 Y130.026 E145.07076
G1 X140.911 Y129.827 E145.09812
G1 X140.088 Y129.385 E145.12919
G1 X139.565 Y128.803 E145.15521
G1 X133.795 Y118.81 E145.53901
G1 X133.576 Y118.151 E145.5621
G1 X133.487 Y117.629 E145.57972
G1 X133.559 Y116.963 E145.602
G1 X133.738 Y116.298 E145.6249
G0 F6000 X134.108 Y116.462
G1 F1200 X133.957 Y117.006 E145.64368
G1 X133.891 Y117.618 E145.66415
G1 X133.956 Y118.025 E145.67786
G1 X134.163 Y118.648 E145.6997
G1 X139.889 Y128.565 E146.08057
G1 X140.34 Y129.067 E146.10301
G1 X141.055 Y129.451 E146.13001
G1 X141.756 Y129.626 E146.15404
G1 X143.532 Y129.616 E146.21311
G1 X144.289 Y129.49 E146.23863
G1 X144.983 Y129.076 E146.26551
G1 X145.486 Y128.61 E146.28832
G1 X145.841 Y127.923 E146.31404
G1 X146 Y127.274 E146.33626
G1 X146 Y126.394 E146.36553
G1 X149.002 Y126.395 E146.46538
G1 X149.01 Y127.158 E146.49076
G1 X149.136 Y127.915 E146.51628
G1 X149.55 Y128.609 E146.54316
G1 X150.016 Y129.112 E146.56596
G1 X150.703 Y129.467 E146.59169
G1 X151.352 Y129.626 E146.61391
G1 X153.27 Y129.626 E146.6777
G1 X153.952 Y129.479 E146.70091
G1 X154.633 Y129.052 E146.72764
G1 X155.125 Y128.545 E146.75114
G1 X160.804 Y118.693 E147.12936
G1 X161.047 Y118.081 E147.15126
G1 X161.092 Y117.237 E147.17937
G1 X160.92 Y116.568 E147.20235
G1 X160.613 Y115.981 E147.22438
G1 X160.182 Y115.541 E147.24486
G1 X159.672 Y115.158 E147.26608
G1 X159.528 Y115.091 E147.27136
G1 X158.745 Y114.901 E147.29816
G1 X156.724 Y114.9 E147.36538
G1 X156.044 Y115.048 E147.38852
G1 X155.599 Y115.328 E147.40601
G1 X155.59 Y107.842 E147.655
G1 X155.464 Y107.085 E147.68052
G1 X155.05 Y106.391 E147.7074
G1 X154.584 Y105.888 E147.7302
G1 X153.897 Y105.533 E147.75592
G1 X153.248 Y105.374 E147.77815
G1 X141.868 Y105.384 E148.15665
G1 X141.111 Y105.51 E148.18217
G1 X140.417 Y105.924 E148.20905
G1 X139.914 Y106.39 E148.23186
G1 X139.559 Y107.077 E148.25758
G1 X139.4 Y107.726 E148.2798
G1 X139.4 Y115.318 E148.53231
G1 X138.948 Y115.075 E148.54938
G1 X138.244 Y114.9 E148.57351
G1 X136.5 Y114.901 E148.63151
G1 X135.723 Y115.005 E148.65759
G1 X134.966 Y115.39 E148.68583
G1 X134.47 Y115.885 E148.70914
G1 X134.108 Y116.462 E148.7318
G0 F6000 X134.477 Y116.627
G1 F1200 X134.785 Y116.136 E148.75107
G1 X135.204 Y115.718 E148.77076
G1 X135.845 Y115.392 E148.79468
G1 X136.5 Y115.301 E148.81667
G1 X138.196 Y115.3 E148.87308
G1 X138.804 Y115.451 E148.89392
G1 X139.411 Y115.777 E148.91683
G1 X139.8 Y116.226 E148.93659
G1 X139.8 Y107.776 E149.21764
G1 X139.937 Y107.216 E149.23682
G1 X140.237 Y106.636 E149.25854
G1 X140.656 Y106.248 E149.27753
G1 X141.251 Y105.893 E149.30057
G1 X141.934 Y105.779 E149.3236
G1 X153.198 Y105.774 E149.69825
G1 X153.758 Y105.911 E149.71742
G1 X154.338 Y106.211 E149.73914
G1 X154.726 Y106.63 E149.75813
G1 X155.081 Y107.225 E149.78118
G1 X155.195 Y107.908 E149.80421
G1 X155.2 Y116.233 E150.0811
G1 X155.61 Y115.793 E150.1011
G1 X156.196 Y115.424 E150.12414
G1 X156.767 Y115.3 E150.14357
G1 X158.696 Y115.301 E150.20773
G1 X159.434 Y115.48 E150.23299
G1 X159.896 Y115.821 E150.25208
G1 X160.288 Y116.221 E150.27071
G1 X160.545 Y116.712 E150.28914
G1 X160.69 Y117.277 E150.30855
G1 X160.652 Y117.992 E150.33236
G1 X160.457 Y118.493 E150.35024
G1 X154.802 Y128.303 E150.72685
G1 X154.378 Y128.74 E150.7471
G1 X153.799 Y129.103 E150.76983
G1 X153.228 Y129.226 E150.78926
G1 X151.402 Y129.226 E150.84999
G1 X150.842 Y129.089 E150.86917
G1 X150.262 Y128.789 E150.89089
G1 X149.874 Y128.37 E150.90988
G1 X149.519 Y127.775 E150.93293
G1 X149.405 Y127.092 E150.95596
G1 X149.4 Y125.995 E150.99244
G1 X145.6 Y125.994 E151.11883
G1 X145.6 Y127.224 E151.15974
G1 X145.463 Y127.784 E151.17892
G1 X145.163 Y128.364 E151.20064
G1 X144.744 Y128.752 E151.21963
G1 X144.149 Y129.107 E151.24267
G1 X143.466 Y129.221 E151.2657
G1 X141.804 Y129.226 E151.32098
G1 X141.199 Y129.075 E151.34172
G1 X140.592 Y128.749 E151.36464
G1 X140.213 Y128.327 E151.3835
G1 X134.531 Y118.486 E151.76146
G1 X134.336 Y117.899 E151.78203
G1 X134.295 Y117.609 E151.79177
G1 X134.355 Y117.049 E151.8105
G1 X134.477 Y116.627 E151.82511
G0 F6000 X134.844 Y116.795
G1 F1200 X135.102 Y116.384 E151.84125
G1 X135.441 Y116.046 E151.85718
G1 X135.965 Y115.779 E151.87674
G1 X136.5 Y115.701 E151.89472
G1 X138.148 Y115.7 E151.94953
G1 X138.66 Y115.827 E151.96708
G1 X139.157 Y116.094 E151.98584
G1 X139.469 Y116.446 E152.00149
G1 X140.2 Y117.725 E152.05048
G1 X140.2 Y107.826 E152.37973
G1 X140.315 Y107.355 E152.39585
G1 X140.56 Y106.882 E152.41357
G1 X140.898 Y106.569 E152.42889
G1 X141.389 Y106.276 E152.44791
G1 X142 Y106.174 E152.46851
G1 X153.148 Y106.174 E152.8393
G1 X153.619 Y106.289 E152.85542
G1 X154.092 Y106.534 E152.87314
G1 X154.405 Y106.872 E152.88846
G1 X154.698 Y107.363 E152.90748
G1 X154.8 Y107.974 E152.92808
G1 X154.8 Y117.725 E153.2524
G1 X155.514 Y116.476 E153.30025
G1 X155.866 Y116.105 E153.31726
G1 X156.349 Y115.8 E153.33626
G1 X156.81 Y115.7 E153.35195
G1 X158.647 Y115.701 E153.41305
G1 X159.261 Y115.85 E153.43406
G1 X159.658 Y116.143 E153.45047
G1 X159.961 Y116.459 E153.46504
G1 X160.17 Y116.859 E153.48005
G1 X160.288 Y117.318 E153.49581
G1 X160.257 Y117.904 E153.51533
G1 X160.084 Y118.347 E153.53114
G1 X154.482 Y128.058 E153.90402
G1 X154.123 Y128.428 E153.92117
G1 X153.646 Y128.727 E153.93989
G1 X153.186 Y128.826 E153.95554
G1 X151.452 Y128.826 E154.01322
G1 X150.981 Y128.711 E154.02934
G1 X150.508 Y128.466 E154.04706
G1 X150.195 Y128.128 E154.06238
G1 X149.902 Y127.637 E154.0814
G1 X149.8 Y127.026 E154.102
G1 X149.8 Y125.595 E154.1496
G1 X145.2 Y125.594 E154.30259
G1 X145.2 Y127.174 E154.35515
G1 X145.085 Y127.645 E154.37127
G1 X144.84 Y128.118 E154.38899
G1 X144.502 Y128.431 E154.40431
G1 X144.011 Y128.724 E154.42333
G1 X143.4 Y128.826 E154.44393
G1 X141.852 Y128.826 E154.49542
G1 X141.343 Y128.699 E154.51287
G1 X140.844 Y128.431 E154.5317
G1 X140.537 Y128.089 E154.54699
G1 X134.899 Y118.324 E154.92202
G1 X134.716 Y117.773 E154.94133
G1 X134.698 Y117.604 E154.94699
G1 X134.753 Y117.092 E154.96411
G1 X134.844 Y116.795 E154.97444
G0 F6000 X135.21 Y116.965
G1 F1200 X135.419 Y116.632 E154.98752
G1 X135.678 Y116.374 E154.99968
G1 X136.088 Y116.165 E155.01499
G1 X136.5 Y116.101 E155.02885
G1 X138.099 Y116.1 E155.08204
G1 X138.513 Y116.203 E155.09623
G1 X138.907 Y116.414 E155.11109
G1 X139.143 Y116.68 E155.12292
G1 X140.6 Y119.23 E155.2206
G1 X140.6 Y107.876 E155.59824
G1 X140.693 Y107.494 E155.61131
G1 X140.883 Y107.128 E155.62503
G1 X141.14 Y106.89 E155.63668
G1 X141.527 Y106.659 E155.65167
G1 X142 Y106.574 E155.66765
G1 X153.098 Y106.574 E156.03677
G1 X153.48 Y106.667 E156.04985
G1 X153.846 Y106.857 E156.06357
G1 X154.084 Y107.114 E156.07522
G1 X154.315 Y107.501 E156.09021
G1 X154.4 Y107.974 E156.10619
G1 X154.4 Y119.23 E156.48057
G1 X155.835 Y116.719 E156.57676
G1 X156.123 Y116.416 E156.59066
G1 X156.503 Y116.176 E156.60561
G1 X156.853 Y116.1 E156.61752
G1 X158.598 Y116.101 E156.67556
G1 X159.088 Y116.22 E156.69233
G1 X159.42 Y116.465 E156.70606
G1 X159.632 Y116.693 E156.71641
G1 X159.795 Y117.006 E156.72815
G1 X159.886 Y117.359 E156.74027
G1 X159.862 Y117.815 E156.75546
G1 X159.711 Y118.201 E156.76925
G1 X154.162 Y127.813 E157.13839
G1 X153.868 Y128.116 E157.15244
G1 X153.493 Y128.351 E157.16716
G1 X153.144 Y128.426 E157.17903
G1 X151.502 Y128.426 E157.23364
G1 X151.12 Y128.333 E157.24672
G1 X150.754 Y128.143 E157.26043
G1 X150.516 Y127.886 E157.27208
G1 X150.285 Y127.499 E157.28707
G1 X150.2 Y127.026 E157.30306
G1 X150.2 Y125.195 E157.36396
G1 X144.8 Y125.194 E157.54356
G1 X144.8 Y127.124 E157.60775
G1 X144.707 Y127.506 E157.62083
G1 X144.517 Y127.872 E157.63455
G1 X144.26 Y128.11 E157.6462
G1 X143.873 Y128.341 E157.66119
G1 X143.4 Y128.426 E157.67717
G1 X141.901 Y128.426 E157.72703
G1 X141.487 Y128.323 E157.74122
G1 X141.096 Y128.113 E157.75598
G1 X140.861 Y127.851 E157.76768
G1 X135.267 Y118.163 E158.13977
G1 X135.096 Y117.647 E158.15785
G1 X135.151 Y117.135 E158.17497
G1 X135.21 Y116.965 E158.18096
G0 F6000 X135.549 Y117.178
G1 F1200 X135.758 Y116.845 E158.19404
G1 X135.915 Y116.702 E158.2011
G1 X136.213 Y116.55 E158.21223
G1 X136.5 Y116.501 E158.22191
G1 X138.05 Y116.5 E158.27346
G1 X138.366 Y116.579 E158.2843
G1 X138.656 Y116.734 E158.29523
G1 X138.796 Y116.878 E158.30191
G1 X141 Y120.736 E158.44969
G1 X141 Y107.925 E158.87579
G1 X141.07 Y107.636 E158.88568
G1 X141.207 Y107.373 E158.89554
G1 X141.345 Y107.234 E158.90206
G1 X141.672 Y107.039 E158.91472
G1 X142 Y106.974 E158.92584
G1 X153.049 Y106.974 E159.29333
G1 X153.338 Y107.044 E159.30322
G1 X153.601 Y107.181 E159.31309
G1 X153.74 Y107.319 E159.3196
G1 X153.935 Y107.646 E159.33226
G1 X154 Y107.974 E159.34339
G1 X154 Y120.735 E159.76782
G1 X156.156 Y116.962 E159.91235
G1 X156.38 Y116.727 E159.92315
G1 X156.658 Y116.551 E159.93409
G1 X156.853 Y116.5 E159.9408
G1 X158.549 Y116.501 E159.99721
G1 X158.916 Y116.59 E160.00977
G1 X159.183 Y116.787 E160.0208
G1 X159.301 Y116.924 E160.02682
G1 X159.44 Y117.191 E160.03683
G1 X159.484 Y117.398 E160.04387
G1 X159.466 Y117.729 E160.05489
G1 X159.365 Y118.001 E160.06454
G1 X153.842 Y127.568 E160.43196
G1 X153.615 Y127.802 E160.4428
G1 X153.338 Y127.976 E160.45368
G1 X153.144 Y128.026 E160.46035
G1 X151.551 Y128.026 E160.51333
G1 X151.262 Y127.956 E160.52322
G1 X150.999 Y127.819 E160.53308
G1 X150.86 Y127.681 E160.5396
G1 X150.665 Y127.354 E160.55226
G1 X150.6 Y127.026 E160.56338
G1 X150.6 Y124.795 E160.63759
G1 X144.4 Y124.794 E160.8438
G1 X144.4 Y127.075 E160.91966
G1 X144.33 Y127.364 E160.92955
G1 X144.193 Y127.627 E160.93942
G1 X144.055 Y127.766 E160.94593
G1 X143.728 Y127.961 E160.9586
G1 X143.4 Y128.026 E160.96972
G1 X141.95 Y128.026 E161.01794
G1 X141.634 Y127.947 E161.02878
G1 X141.346 Y127.793 E161.03964
G1 X141.207 Y127.651 E161.04625
G1 X135.635 Y118.001 E161.41687
G1 X135.503 Y117.603 E161.43082
G1 X135.549 Y117.178 E161.44504
G0 F6000 X136.301 Y117.479
G1 F1200 X136.353 Y117.365 E161.4492
G1 X136.5 Y117.301 E161.45454
G1 X138.001 Y117.3 E161.50446
G1 X138.144 Y117.347 E161.50947
G1 X141.8 Y123.747 E161.75461
G1 X141.8 Y107.974 E162.27923
G1 X141.839 Y107.855 E162.28339
G1 X142 Y107.774 E162.28939
G1 X153 Y107.774 E162.65525
G1 X153.119 Y107.813 E162.65941
G1 X153.2 Y107.974 E162.66541
G1 X153.2 Y123.747 E163.19002
G1 X156.825 Y117.401 E163.4331
G1 X156.937 Y117.3 E163.43811
G1 X158.5 Y117.301 E163.4901
G1 X158.619 Y117.34 E163.49426
G1 X158.691 Y117.442 E163.49842
G1 X158.673 Y117.601 E163.50374
G1 X153.174 Y127.126 E163.86955
G1 X153.062 Y127.226 E163.87454
G1 X151.6 Y127.226 E163.92317
G1 X151.481 Y127.187 E163.92733
G1 X151.4 Y127.026 E163.93333
G1 X151.4 Y110.7 E164.47633
G1 X143.6 Y110.7 E164.73576
G1 X143.6 Y127.026 E165.27877
G1 X143.561 Y127.145 E165.28293
G1 X143.4 Y127.226 E165.28892
G1 X141.999 Y127.226 E165.33552
G1 X141.857 Y127.179 E165.3405
G1 X136.327 Y117.601 E165.70835
G1 X136.301 Y117.479 E165.7125
G1 F2700 E160.7125
G0 F6000 X135.866 Y117.731
G0 X141.62 Y127.685
G0 X144.053 Y127.679
G0 X144.065 Y123.594
G0 X144 Y123.594
G1 F2700 E165.7125
G1 F1200 X144 Y111.3 E166.1214
G1 X144.039 Y111.181 E166.12556
G1 X144.2 Y111.1 E166.13156
G1 X150.8 Y111.1 E166.35107
G1 X150.919 Y111.139 E166.35524
G1 X151 Y111.3 E166.36123
G1 X151 Y123.595 E166.77017
G1 X150.961 Y123.714 E166.77433
G1 X150.799 Y123.798 E166.7804
G1 X150.761 Y123.914 E166.78446
G1 X150.6 Y123.995 E166.79045
G1 X144.4 Y123.994 E166.99667
G1 X144.281 Y123.955 E167.00083
G1 X144.203 Y123.799 E167.00663
G1 X144.05 Y123.726 E167.01227
G1 X144 Y123.594 E167.01697
G0 F6000 X144 Y124.238
G1 F1200 X144 Y127.026 E167.1097
G1 X143.941 Y127.27 E167.11805
G1 X143.85 Y127.422 E167.12394
G1 X143.58 Y127.583 E167.13439
G1 X143.4 Y127.626 E167.14055
G1 X141.999 Y127.626 E167.18715
G1 X141.731 Y127.559 E167.19633
G1 X141.553 Y127.451 E167.20326
G1 X135.981 Y117.801 E167.57388
G1 X135.91 Y117.562 E167.58217
G1 X135.937 Y117.313 E167.5905
G1 X136.097 Y117.058 E167.60052
G1 X136.34 Y116.934 E167.60959
G1 X136.5 Y116.901 E167.61502
G1 X138.001 Y116.9 E167.66495
G1 X138.269 Y116.967 E167.67414
G1 X138.449 Y117.076 E167.68113
G1 X141.4 Y122.241 E167.87898
G1 X141.4 Y107.974 E168.35351
G1 X141.459 Y107.73 E168.36186
G1 X141.55 Y107.578 E168.36775
G1 X141.82 Y107.417 E168.3782
G1 X142 Y107.374 E168.38436
G1 X153 Y107.374 E168.75022
G1 X153.244 Y107.433 E168.75857
G1 X153.396 Y107.524 E168.76446
G1 X153.557 Y107.794 E168.77492
G1 X153.6 Y107.974 E168.78107
G1 X153.6 Y122.241 E169.2556
G1 X156.478 Y117.203 E169.44857
G1 X156.669 Y117.003 E169.45777
G1 X156.853 Y116.9 E169.46479
G1 X158.5 Y116.901 E169.51957
G1 X158.744 Y116.96 E169.52792
G1 X158.946 Y117.109 E169.53626
G1 X159.085 Y117.376 E169.54628
G1 X159.07 Y117.646 E169.55527
G1 X159.019 Y117.801 E169.5607
G1 X153.52 Y127.326 E169.9265
G1 X153.328 Y127.524 E169.93568
G1 X153.144 Y127.626 E169.94268
G1 X151.6 Y127.626 E169.99403
G1 X151.356 Y127.567 E170.00238
G1 X151.204 Y127.476 E170.00827
G1 X151.043 Y127.206 E170.01873
G1 X151 Y127.026 E170.02488
G1 X151 Y124.229 E170.11791
G1 X150.775 Y124.355 E170.12649
G1 X150.6 Y124.395 E170.13246
G1 X144.4 Y124.394 E170.33867
G1 X144.156 Y124.335 E170.34702
G1 X144 Y124.238 E170.35313
G1 F2700 E165.35313
G0 F6000 X144.065 Y124.238
G0 X144.053 Y127.679
G0 X141.62 Y127.685
G0 X135.738 Y117.5
G0 X141.52 Y101.63
G1 F2700 E170.35313
G1 F1200 X140.336 Y101.332 E170.39374
G1 X139.084 Y100.659 E170.44101
G1 X138.265 Y99.749 E170.48173
G1 X132.499 Y89.763 E170.86526
G1 X126.74 Y99.755 E171.24884
G1 X125.904 Y100.616 E171.28876
G1 X124.719 Y101.359 E171.33528
G1 X123.48 Y101.626 E171.37744
G1 X121.117 Y101.626 E171.45603
G1 X119.993 Y101.35 E171.49452
G1 X118.787 Y100.725 E171.5397
G1 X117.934 Y99.81 E171.58131
G1 X117.495 Y99.074 E171.60981
G1 X117.099 Y99.839 E171.63846
G1 X116.184 Y100.692 E171.68007
G1 X114.986 Y101.405 E171.72644
G1 X113.676 Y101.606 E171.77052
G1 X111.52 Y101.63 E171.84223
G1 X110.336 Y101.332 E171.88284
G1 X109.084 Y100.659 E171.93012
G1 X108.265 Y99.749 E171.97084
G1 X102.323 Y89.458 E172.36607
G1 X102.056 Y88.655 E172.39422
G1 X101.871 Y87.68 E172.42723
G1 X102 Y86.614 E172.46294
G1 X102.254 Y85.649 E172.49613
G1 X102.895 Y84.63 E172.53617
G1 X103.776 Y83.75 E172.57759
G1 X105.121 Y83.066 E172.62777
G1 X106.292 Y82.913 E172.66705
G1 X107.4 Y82.904 E172.70391
G1 X107.4 Y77.491 E172.88394
G1 X107.676 Y76.367 E172.92244
G1 X108.301 Y75.161 E172.96762
G1 X109.216 Y74.308 E173.00922
G1 X110.411 Y73.595 E173.05551
G1 X111.541 Y73.409 E173.0936
G1 X123.483 Y73.374 E173.49079
G1 X124.607 Y73.65 E173.52928
G1 X125.813 Y74.275 E173.57446
G1 X126.666 Y75.19 E173.61607
G1 X127.379 Y76.385 E173.66235
G1 X127.565 Y77.515 E173.70044
G1 X127.593 Y82.9 E173.87955
G1 X128.99 Y82.901 E173.92601
G1 X130.115 Y83.183 E173.96459
G1 X130.677 Y83.407 E173.98471
G1 X131.612 Y84.141 E174.02425
G1 X132.239 Y84.782 E174.05407
G1 X132.494 Y85.268 E174.07233
G1 X132.895 Y84.63 E174.09739
G1 X133.776 Y83.75 E174.1388
G1 X135.121 Y83.066 E174.18899
G1 X136.292 Y82.913 E174.22827
G1 X137.4 Y82.904 E174.26512
G1 X137.4 Y77.491 E174.44516
G1 X137.676 Y76.367 E174.48366
G1 X138.301 Y75.161 E174.52883
G1 X139.216 Y74.308 E174.57044
G1 X140.411 Y73.595 E174.61672
G1 X141.541 Y73.409 E174.65481
G1 X153.483 Y73.374 E175.05201
G1 X154.607 Y73.65 E175.0905
G1 X155.813 Y74.275 E175.13568
G1 X156.666 Y75.19 E175.17729
G1 X157.379 Y76.385 E175.22357
G1 X157.565 Y77.515 E175.26166
G1 X157.593 Y82.9 E175.44077
G1 X158.99 Y82.901 E175.48723
G1 X160.115 Y83.183 E175.52581
G1 X160.677 Y83.407 E175.54593
G1 X161.612 Y84.141 E175.58547
G1 X162.239 Y84.782 E175.61529
G1 X162.798 Y85.849 E175.65535
G1 X163.102 Y87.035 E175.69607
G1 X163.022 Y88.534 E175.746
G1 X162.539 Y89.693 E175.78776
G1 X156.74 Y99.755 E176.17403
G1 X155.904 Y100.616 E176.21394
G1 X154.719 Y101.359 E176.26046
G1 X153.48 Y101.626 E176.30262
G1 X151.117 Y101.626 E176.38121
G1 X149.993 Y101.35 E176.41971
G1 X148.787 Y100.725 E176.46489
G1 X147.934 Y99.81 E176.50649
G1 X147.495 Y99.074 E176.535
G1 X147.099 Y99.839 E176.56365
G1 X146.184 Y100.692 E176.60525
G1 X144.986 Y101.405 E176.65162
G1 X143.676 Y101.606 E176.6957
G1 X141.52 Y101.63 E176.76742
G0 F6000 X141.568 Y101.229
G1 F1200 X140.479 Y100.955 E176.80477
G1 X139.336 Y100.341 E176.84792
G1 X138.589 Y99.511 E176.88506
G1 X132.691 Y89.296 E177.27738
G1 X132.505 Y88.738 E177.29694
G1 X132.192 Y89.493 E177.32412
G1 X126.417 Y99.513 E177.70878
G1 X125.651 Y100.302 E177.74536
G1 X124.565 Y100.983 E177.78799
G1 X123.438 Y101.226 E177.82634
G1 X121.164 Y101.226 E177.90197
G1 X120.135 Y100.973 E177.93721
G1 X119.034 Y100.403 E177.97845
G1 X118.256 Y99.568 E178.01641
G1 X117.604 Y98.475 E178.05874
G1 X117.524 Y97.995 E178.07492
G1 X117.469 Y97.994 E178.07675
G1 X117.347 Y98.491 E178.09377
G1 X116.777 Y99.592 E178.13501
G1 X115.942 Y100.37 E178.17297
G1 X114.847 Y101.022 E178.21536
G1 X113.672 Y101.206 E178.25491
G1 X111.568 Y101.229 E178.3249
G1 X110.479 Y100.955 E178.36225
G1 X109.336 Y100.341 E178.4054
G1 X108.589 Y99.511 E178.44254
G1 X102.691 Y89.296 E178.83486
G1 X102.436 Y88.529 E178.86174
G1 X102.275 Y87.667 E178.89091
G1 X102.387 Y86.716 E178.92276
G1 X102.625 Y85.811 E178.95388
G1 X103.21 Y84.881 E178.99042
G1 X104.014 Y84.078 E179.02822
G1 X105.241 Y83.454 E179.074
G1 X106.344 Y83.31 E179.111
G1 X107.8 Y83.302 E179.15943
G1 X107.8 Y77.538 E179.35114
G1 X108.053 Y76.509 E179.38638
G1 X108.623 Y75.408 E179.42762
G1 X109.458 Y74.63 E179.46558
G1 X110.551 Y73.978 E179.50791
G1 X111.606 Y73.804 E179.54347
G1 X123.436 Y73.774 E179.93694
G1 X124.465 Y74.027 E179.97218
G1 X125.566 Y74.597 E180.01342
G1 X126.344 Y75.432 E180.05138
G1 X126.996 Y76.525 E180.09371
G1 X127.17 Y77.58 E180.12927
G1 X127.195 Y83.3 E180.31952
G1 X128.941 Y83.301 E180.37759
G1 X130.018 Y83.571 E180.41452
G1 X130.475 Y83.757 E180.43093
G1 X131.326 Y84.421 E180.46683
G1 X131.913 Y85.021 E180.49475
G1 X132.423 Y85.995 E180.53132
G1 X132.499 Y86.29 E180.54145
G1 X132.625 Y85.811 E180.55793
G1 X133.21 Y84.881 E180.59447
G1 X134.014 Y84.078 E180.63226
G1 X135.241 Y83.454 E180.67805
G1 X136.344 Y83.31 E180.71504
G1 X137.8 Y83.302 E180.76347
G1 X137.8 Y77.538 E180.95518
G1 X138.053 Y76.509 E180.99043
G1 X138.623 Y75.408 E181.03166
G1 X139.458 Y74.63 E181.06962
G1 X140.551 Y73.978 E181.11195
G1 X141.606 Y73.804 E181.14752
G1 X153.436 Y73.774 E181.54098
G1 X154.465 Y74.027 E181.57623
G1 X155.566 Y74.597 E181.61746
G1 X156.344 Y75.432 E181.65542
G1 X156.996 Y76.525 E181.69775
G1 X157.17 Y77.58 E181.73332
G1 X157.195 Y83.3 E181.92357
G1 X158.941 Y83.301 E181.98164
G1 X160.018 Y83.571 E182.01857
G1 X160.475 Y83.757 E182.03498
G1 X161.326 Y84.421 E182.07088
G1 X161.913 Y85.021 E182.0988
G1 X162.423 Y85.995 E182.13537
G1 X162.7 Y87.075 E182.17245
G1 X162.627 Y88.441 E182.21795
G1 X162.192 Y89.493 E182.25581
G1 X156.417 Y99.513 E182.64047
G1 X155.651 Y100.302 E182.67704
G1 X154.565 Y100.983 E182.71968
G1 X153.438 Y101.226 E182.75802
G1 X151.164 Y101.226 E182.83366
G1 X150.135 Y100.973 E182.8689
G1 X149.034 Y100.403 E182.91014
G1 X148.256 Y99.568 E182.94809
G1 X147.604 Y98.475 E182.99042
G1 X147.524 Y97.995 E183.00661
G1 X147.469 Y97.994 E183.00844
G1 X147.347 Y98.491 E183.02546
G1 X146.777 Y99.592 E183.0667
G1 X145.942 Y100.37 E183.10465
G1 X144.847 Y101.022 E183.14704
G1 X143.672 Y101.206 E183.1866
G1 X141.568 Y101.229 E183.25658
G0 F6000 X141.615 Y100.828
G1 F1200 X140.623 Y100.579 E183.2906
G1 X139.586 Y100.022 E183.32975
G1 X138.915 Y99.276 E183.36312
G1 X133.059 Y89.134 E183.75264
G1 X132.816 Y88.403 E183.77826
G1 X132.679 Y87.653 E183.80362
G1 X132.774 Y86.818 E183.83157
G1 X132.996 Y85.973 E183.86063
G1 X133.525 Y85.132 E183.89368
G1 X134.252 Y84.406 E183.92785
G1 X135.361 Y83.842 E183.96923
G1 X136.396 Y83.707 E184.00394
G1 X138.2 Y83.7 E184.06395
G1 X138.2 Y77.584 E184.26737
G1 X138.429 Y76.652 E184.29929
G1 X138.945 Y75.655 E184.33662
G1 X139.7 Y74.952 E184.37094
G1 X140.691 Y74.361 E184.40931
G1 X141.671 Y74.199 E184.44235
G1 X153.39 Y74.174 E184.83213
G1 X154.322 Y74.403 E184.86405
G1 X155.319 Y74.919 E184.90139
G1 X156.022 Y75.674 E184.9357
G1 X156.613 Y76.665 E184.97407
G1 X156.775 Y77.645 E185.00711
G1 X156.796 Y83.7 E185.2085
G1 X158.893 Y83.701 E185.27825
G1 X159.867 Y83.942 E185.31162
G1 X160.275 Y84.108 E185.32627
G1 X161.04 Y84.701 E185.35847
G1 X161.588 Y85.261 E185.38453
G1 X162.047 Y86.138 E185.41745
G1 X162.298 Y87.115 E185.451
G1 X162.232 Y88.35 E185.49213
G1 X161.845 Y89.293 E185.52604
G1 X156.094 Y99.271 E185.90908
G1 X155.396 Y99.99 E185.94241
G1 X154.412 Y100.607 E185.98104
G1 X153.396 Y100.826 E186.01561
G1 X151.21 Y100.826 E186.08832
G1 X150.278 Y100.597 E186.12024
G1 X149.281 Y100.081 E186.15758
G1 X148.578 Y99.326 E186.19189
G1 X147.987 Y98.335 E186.23026
G1 X147.864 Y97.595 E186.25522
G1 X147.156 Y97.594 E186.27876
G1 X146.971 Y98.348 E186.30459
G1 X146.455 Y99.345 E186.34192
G1 X145.7 Y100.048 E186.37624
G1 X144.708 Y100.639 E186.41464
G1 X143.668 Y100.806 E186.44967
G1 X141.615 Y100.828 E186.51796
G1 F2700 E181.51796
G0 F6000 X131.845 Y89.293
G1 F2700 E186.51796
G1 F1200 X126.094 Y99.271 E186.90101
G1 X125.396 Y99.99 E186.93434
G1 X124.412 Y100.607 E186.97297
G1 X123.396 Y100.826 E187.00754
G1 X121.21 Y100.826 E187.08024
G1 X120.278 Y100.597 E187.11216
G1 X119.281 Y100.081 E187.1495
G1 X118.578 Y99.326 E187.18381
G1 X117.987 Y98.335 E187.22219
G1 X117.864 Y97.595 E187.24714
G1 X117.156 Y97.594 E187.27069
G1 X116.971 Y98.348 E187.29651
G1 X116.455 Y99.345 E187.33385
G1 X115.7 Y100.048 E187.36816
G1 X114.708 Y100.639 E187.40657
G1 X113.668 Y100.806 E187.4416
G1 X111.615 Y100.828 E187.50989
G1 X110.623 Y100.579 E187.5439
G1 X109.586 Y100.022 E187.58306
G1 X108.915 Y99.276 E187.61643
G1 X103.059 Y89.134 E188.00595
G1 X102.816 Y88.403 E188.03157
G1 X102.679 Y87.653 E188.05692
G1 X102.774 Y86.818 E188.08488
G1 X102.996 Y85.973 E188.11393
G1 X103.525 Y85.132 E188.14698
G1 X104.252 Y84.406 E188.18115
G1 X105.361 Y83.842 E188.22253
G1 X106.396 Y83.707 E188.25725
G1 X108.2 Y83.7 E188.31725
G1 X108.2 Y77.584 E188.52067
G1 X108.429 Y76.652 E188.55259
G1 X108.945 Y75.655 E188.58993
G1 X109.7 Y74.952 E188.62424
G1 X110.691 Y74.361 E188.66262
G1 X111.671 Y74.199 E188.69566
G1 X123.39 Y74.174 E189.08543
G1 X124.322 Y74.403 E189.11735
G1 X125.319 Y74.919 E189.15469
G1 X126.022 Y75.674 E189.189
G1 X126.613 Y76.665 E189.22738
G1 X126.775 Y77.645 E189.26042
G1 X126.796 Y83.7 E189.46181
G1 X128.893 Y83.701 E189.53155
G1 X129.867 Y83.942 E189.56493
G1 X130.275 Y84.108 E189.57958
G1 X131.04 Y84.701 E189.61177
G1 X131.588 Y85.261 E189.63783
G1 X132.047 Y86.138 E189.67075
G1 X132.298 Y87.115 E189.7043
G1 X132.232 Y88.35 E189.74544
G1 X131.845 Y89.293 E189.77934
G0 F6000 X131.498 Y89.093
G1 F1200 X125.771 Y99.029 E190.16078
G1 X125.141 Y99.678 E190.19086
G1 X124.259 Y100.231 E190.22549
G1 X123.354 Y100.426 E190.25628
G1 X121.256 Y100.426 E190.32606
G1 X120.421 Y100.221 E190.35466
G1 X119.526 Y99.758 E190.38817
G1 X118.902 Y99.087 E190.41865
G1 X118.37 Y98.195 E190.45319
G1 X118.204 Y97.195 E190.48691
G1 X116.8 Y97.194 E190.5336
G1 X116.788 Y97.419 E190.5411
G1 X116.595 Y98.205 E190.56802
G1 X116.132 Y99.1 E190.60153
G1 X115.461 Y99.724 E190.63201
G1 X114.569 Y100.256 E190.66655
G1 X113.664 Y100.406 E190.69706
G1 X111.662 Y100.427 E190.76365
G1 X110.767 Y100.203 E190.79434
G1 X109.836 Y99.703 E190.82949
G1 X109.241 Y99.041 E190.85909
G1 X103.427 Y88.972 E191.24581
G1 X103.196 Y88.277 E191.27017
G1 X103.083 Y87.64 E191.29169
G1 X103.161 Y86.92 E191.31577
G1 X103.367 Y86.135 E191.34277
G1 X103.84 Y85.383 E191.37231
G1 X104.49 Y84.734 E191.40286
G1 X105.481 Y84.23 E191.43984
G1 X106.448 Y84.104 E191.47228
G1 X108.292 Y84.1 E191.53361
G1 X108.6 Y84.165 E191.54408
G1 X108.6 Y77.63 E191.76143
G1 X108.805 Y76.795 E191.79003
G1 X109.268 Y75.9 E191.82355
G1 X109.939 Y75.276 E191.85402
G1 X110.831 Y74.744 E191.88857
G1 X111.736 Y74.594 E191.91908
G1 X123.344 Y74.574 E192.30516
G1 X124.179 Y74.779 E192.33376
G1 X125.074 Y75.242 E192.36727
G1 X125.698 Y75.913 E192.39775
G1 X126.23 Y76.805 E192.43229
G1 X126.38 Y77.71 E192.46281
G1 X126.397 Y84.152 E192.67707
G1 X126.681 Y84.1 E192.68667
G1 X128.843 Y84.101 E192.75858
G1 X129.716 Y84.313 E192.78846
G1 X130.075 Y84.459 E192.80135
G1 X130.754 Y84.981 E192.82984
G1 X131.263 Y85.501 E192.85404
G1 X131.671 Y86.281 E192.88331
G1 X131.896 Y87.156 E192.91336
G1 X131.837 Y88.261 E192.95017
G1 X131.498 Y89.093 E192.98005
G0 F6000 X131.151 Y88.893
G1 F1200 X131.442 Y88.171 E193.00594
G1 X131.494 Y87.196 E193.03842
G1 X131.296 Y86.425 E193.06489
G1 X130.938 Y85.741 E193.09057
G1 X130.468 Y85.261 E193.11291
G1 X129.874 Y84.809 E193.13774
G1 X129.622 Y84.702 E193.14684
G1 X128.794 Y84.501 E193.17518
G1 X126.681 Y84.5 E193.24546
G1 X125.998 Y84.648 E193.26871
G1 X125.985 Y77.776 E193.49727
G1 X125.847 Y76.945 E193.52529
G1 X125.374 Y76.152 E193.556
G1 X124.829 Y75.565 E193.58264
G1 X124.036 Y75.155 E193.61233
G1 X123.298 Y74.974 E193.63761
G1 X111.802 Y74.989 E194.01996
G1 X110.971 Y75.127 E194.04798
G1 X110.178 Y75.6 E194.07869
G1 X109.591 Y76.145 E194.10533
G1 X109.181 Y76.938 E194.13503
G1 X109 Y77.676 E194.1603
G1 X109 Y84.676 E194.39312
G1 X108.292 Y84.5 E194.41739
G1 X106.5 Y84.501 E194.47699
G1 X105.601 Y84.618 E194.50714
G1 X104.728 Y85.062 E194.53972
G1 X104.155 Y85.634 E194.56664
G1 X103.738 Y86.298 E194.59272
G1 X103.559 Y86.963 E194.61563
G1 X103.487 Y87.629 E194.63791
G1 X103.576 Y88.151 E194.65552
G1 X103.795 Y88.81 E194.67862
G1 X109.565 Y98.803 E195.06241
G1 X110.088 Y99.385 E195.08844
G1 X110.911 Y99.827 E195.11951
G1 X111.709 Y100.026 E195.14686
G1 X113.598 Y100.011 E195.20969
G1 X114.429 Y99.873 E195.23771
G1 X115.222 Y99.4 E195.26842
G1 X115.809 Y98.855 E195.29506
G1 X116.219 Y98.062 E195.32476
G1 X116.4 Y97.324 E195.35003
G1 X116.4 Y96.794 E195.36766
G1 X118.606 Y96.795 E195.44103
G1 X118.615 Y97.224 E195.4553
G1 X118.753 Y98.055 E195.48332
G1 X119.226 Y98.848 E195.51403
G1 X119.771 Y99.435 E195.54067
G1 X120.564 Y99.845 E195.57036
G1 X121.302 Y100.026 E195.59564
G1 X123.312 Y100.026 E195.66249
G1 X124.105 Y99.855 E195.68947
G1 X124.888 Y99.364 E195.72021
G1 X125.448 Y98.787 E195.74695
G1 X131.151 Y88.893 E196.12678
G0 F6000 X130.804 Y88.693
G1 F1200 X125.125 Y98.545 E196.505
G1 X124.633 Y99.052 E196.5285
G1 X123.952 Y99.479 E196.55524
G1 X123.27 Y99.626 E196.57844
G1 X121.352 Y99.626 E196.64223
G1 X120.703 Y99.467 E196.66446
G1 X120.016 Y99.112 E196.69018
G1 X119.55 Y98.609 E196.71298
G1 X119.136 Y97.915 E196.73986
G1 X119.01 Y97.158 E196.76538
G1 X119.002 Y96.395 E196.79076
G1 X116 Y96.394 E196.89061
G1 X116 Y97.274 E196.91988
G1 X115.841 Y97.923 E196.9421
G1 X115.486 Y98.61 E196.96782
G1 X114.983 Y99.076 E196.99063
G1 X114.289 Y99.49 E197.01751
G1 X113.532 Y99.616 E197.04303
G1 X111.756 Y99.626 E197.1021
G1 X111.055 Y99.451 E197.12613
G1 X110.34 Y99.067 E197.15313
G1 X109.889 Y98.565 E197.17557
G1 X104.163 Y88.648 E197.55645
G1 X103.956 Y88.025 E197.57828
G1 X103.891 Y87.618 E197.59199
G1 X103.957 Y87.006 E197.61246
G1 X104.108 Y86.462 E197.63124
G1 X104.47 Y85.885 E197.6539
G1 X104.966 Y85.39 E197.6772
G1 X105.723 Y85.005 E197.70545
G1 X106.5 Y84.901 E197.73152
G1 X108.244 Y84.9 E197.78953
G1 X108.948 Y85.075 E197.81366
G1 X109.4 Y85.318 E197.83073
G1 X109.4 Y77.726 E198.08324
G1 X109.559 Y77.077 E198.10546
G1 X109.914 Y76.39 E198.13118
G1 X110.417 Y75.924 E198.15399
G1 X111.111 Y75.51 E198.18086
G1 X111.868 Y75.384 E198.20639
G1 X123.248 Y75.374 E198.58489
G1 X123.897 Y75.533 E198.60711
G1 X124.584 Y75.888 E198.63283
G1 X125.05 Y76.391 E198.65564
G1 X125.464 Y77.085 E198.68252
G1 X125.59 Y77.842 E198.70804
G1 X125.599 Y85.328 E198.95703
G1 X126.044 Y85.048 E198.97451
G1 X126.724 Y84.9 E198.99766
G1 X128.745 Y84.901 E199.06488
G1 X129.528 Y85.091 E199.09168
G1 X129.672 Y85.158 E199.09696
G1 X130.182 Y85.541 E199.11817
G1 X130.613 Y85.981 E199.13866
G1 X130.92 Y86.568 E199.16069
G1 X131.092 Y87.237 E199.18367
G1 X131.047 Y88.081 E199.21178
G1 X130.804 Y88.693 E199.23368
G0 F6000 X130.457 Y88.493
G1 F1200 X124.802 Y98.303 E199.61029
G1 X124.378 Y98.74 E199.63054
G1 X123.799 Y99.103 E199.65327
G1 X123.228 Y99.226 E199.6727
G1 X121.402 Y99.226 E199.73343
G1 X120.842 Y99.089 E199.75261
G1 X120.262 Y98.789 E199.77432
G1 X119.874 Y98.37 E199.79332
G1 X119.519 Y97.775 E199.81636
G1 X119.405 Y97.092 E199.83939
G1 X119.4 Y95.995 E199.87588
G1 X115.6 Y95.994 E200.00227
G1 X115.6 Y97.224 E200.04318
G1 X115.463 Y97.784 E200.06235
G1 X115.163 Y98.364 E200.08407
G1 X114.744 Y98.752 E200.10307
G1 X114.149 Y99.107 E200.12611
G1 X113.466 Y99.221 E200.14914
G1 X111.804 Y99.226 E200.20442
G1 X111.199 Y99.075 E200.22516
G1 X110.592 Y98.749 E200.24808
G1 X110.213 Y98.327 E200.26694
G1 X104.531 Y88.486 E200.64489
G1 X104.336 Y87.899 E200.66547
G1 X104.295 Y87.609 E200.67521
G1 X104.355 Y87.049 E200.69394
G1 X104.477 Y86.627 E200.70855
G1 X104.785 Y86.136 E200.72783
G1 X105.204 Y85.718 E200.74751
G1 X105.845 Y85.392 E200.77143
G1 X106.5 Y85.301 E200.79343
G1 X108.196 Y85.3 E200.84984
G1 X108.804 Y85.451 E200.87067
G1 X109.411 Y85.777 E200.89359
G1 X109.8 Y86.226 E200.91335
G1 X109.8 Y77.776 E201.1944
G1 X109.937 Y77.216 E201.21357
G1 X110.237 Y76.636 E201.23529
G1 X110.656 Y76.248 E201.25428
G1 X111.251 Y75.893 E201.27733
G1 X111.934 Y75.779 E201.30036
G1 X123.198 Y75.774 E201.675
G1 X123.758 Y75.911 E201.69418
G1 X124.338 Y76.211 E201.7159
G1 X124.726 Y76.63 E201.73489
G1 X125.081 Y77.225 E201.75793
G1 X125.195 Y77.908 E201.78096
G1 X125.2 Y86.233 E202.05785
G1 X125.61 Y85.793 E202.07786
G1 X126.196 Y85.424 E202.10089
G1 X126.767 Y85.3 E202.12032
G1 X128.696 Y85.301 E202.18448
G1 X129.434 Y85.48 E202.20974
G1 X129.896 Y85.821 E202.22884
G1 X130.288 Y86.221 E202.24747
G1 X130.545 Y86.712 E202.2659
G1 X130.69 Y87.277 E202.2853
G1 X130.652 Y87.992 E202.30912
G1 X130.457 Y88.493 E202.327
G0 F6000 X130.084 Y88.347
G1 F1200 X124.482 Y98.058 E202.69987
G1 X124.123 Y98.428 E202.71702
G1 X123.646 Y98.727 E202.73575
G1 X123.186 Y98.826 E202.7514
G1 X121.452 Y98.826 E202.80907
G1 X120.981 Y98.711 E202.82519
G1 X120.508 Y98.466 E202.84291
G1 X120.195 Y98.128 E202.85823
G1 X119.902 Y97.637 E202.87725
G1 X119.8 Y97.026 E202.89785
G1 X119.8 Y95.595 E202.94545
G1 X115.2 Y95.594 E203.09845
G1 X115.2 Y97.174 E203.151
G1 X115.085 Y97.645 E203.16712
G1 X114.84 Y98.118 E203.18484
G1 X114.502 Y98.431 E203.20016
G1 X114.011 Y98.724 E203.21918
G1 X113.4 Y98.826 E203.23978
G1 X111.852 Y98.826 E203.29127
G1 X111.343 Y98.699 E203.30872
G1 X110.844 Y98.431 E203.32756
G1 X110.537 Y98.089 E203.34284
G1 X104.899 Y88.324 E203.71787
G1 X104.716 Y87.773 E203.73719
G1 X104.698 Y87.604 E203.74284
G1 X104.753 Y87.092 E203.75997
G1 X104.844 Y86.795 E203.7703
G1 X105.102 Y86.384 E203.78644
G1 X105.441 Y86.046 E203.80236
G1 X105.965 Y85.779 E203.82192
G1 X106.5 Y85.701 E203.8399
G1 X108.148 Y85.7 E203.89471
G1 X108.66 Y85.827 E203.91226
G1 X109.157 Y86.094 E203.93102
G1 X109.469 Y86.446 E203.94667
G1 X110.2 Y87.725 E203.99567
G1 X110.2 Y77.826 E204.32491
G1 X110.315 Y77.355 E204.34103
G1 X110.56 Y76.882 E204.35875
G1 X110.898 Y76.569 E204.37407
G1 X111.389 Y76.276 E204.39309
G1 X112 Y76.174 E204.41369
G1 X123.148 Y76.174 E204.78448
G1 X123.619 Y76.289 E204.8006
G1 X124.092 Y76.534 E204.81832
G1 X124.405 Y76.872 E204.83364
G1 X124.698 Y77.363 E204.85266
G1 X124.8 Y77.974 E204.87326
G1 X124.8 Y87.725 E205.19758
G1 X125.514 Y86.476 E205.24543
G1 X125.866 Y86.105 E205.26244
G1 X126.349 Y85.8 E205.28144
G1 X126.81 Y85.7 E205.29713
G1 X128.647 Y85.701 E205.35823
G1 X129.261 Y85.85 E205.37925
G1 X129.658 Y86.143 E205.39566
G1 X129.961 Y86.459 E205.41022
G1 X130.17 Y86.859 E205.42523
G1 X130.288 Y87.318 E205.44099
G1 X130.257 Y87.904 E205.46051
G1 X130.084 Y88.347 E205.47633
G0 F6000 X129.711 Y88.201
G1 F1200 X124.162 Y97.813 E205.84547
G1 X123.868 Y98.116 E205.85951
G1 X123.493 Y98.351 E205.87423
G1 X123.144 Y98.426 E205.88611
G1 X121.502 Y98.426 E205.94072
G1 X121.12 Y98.333 E205.9538
G1 X120.754 Y98.143 E205.96751
G1 X120.516 Y97.886 E205.97916
G1 X120.285 Y97.499 E205.99415
G1 X120.2 Y97.026 E206.01014
G1 X120.2 Y95.195 E206.07104
G1 X114.8 Y95.194 E206.25064
G1 X114.8 Y97.124 E206.31483
G1 X114.707 Y97.506 E206.32791
G1 X114.517 Y97.872 E206.34162
G1 X114.26 Y98.11 E206.35327
G1 X113.873 Y98.341 E206.36827
G1 X113.4 Y98.426 E206.38425
G1 X111.901 Y98.426 E206.43411
G1 X111.487 Y98.323 E206.4483
G1 X111.096 Y98.113 E206.46306
G1 X110.861 Y97.851 E206.47476
G1 X105.267 Y88.163 E206.84685
G1 X105.096 Y87.647 E206.86493
G1 X105.151 Y87.135 E206.88205
G1 X105.21 Y86.965 E206.88804
G1 X105.419 Y86.632 E206.90111
G1 X105.678 Y86.374 E206.91327
G1 X106.088 Y86.165 E206.92858
G1 X106.5 Y86.101 E206.94245
G1 X108.099 Y86.1 E206.99563
G1 X108.513 Y86.203 E207.00982
G1 X108.907 Y86.414 E207.02469
G1 X109.143 Y86.68 E207.03651
G1 X110.6 Y89.23 E207.13419
G1 X110.6 Y77.876 E207.51183
G1 X110.693 Y77.494 E207.52491
G1 X110.883 Y77.128 E207.53862
G1 X111.14 Y76.89 E207.55027
G1 X111.527 Y76.659 E207.56526
G1 X112 Y76.574 E207.58125
G1 X123.098 Y76.574 E207.95037
G1 X123.48 Y76.667 E207.96344
G1 X123.846 Y76.857 E207.97716
G1 X124.084 Y77.114 E207.98881
G1 X124.315 Y77.501 E208.0038
G1 X124.4 Y77.974 E208.01978
G1 X124.4 Y89.23 E208.39416
G1 X125.835 Y86.719 E208.49035
G1 X126.123 Y86.416 E208.50426
G1 X126.503 Y86.176 E208.51921
G1 X126.853 Y86.1 E208.53112
G1 X128.598 Y86.101 E208.58916
G1 X129.088 Y86.22 E208.60593
G1 X129.42 Y86.465 E208.61965
G1 X129.632 Y86.693 E208.63001
G1 X129.795 Y87.006 E208.64174
G1 X129.886 Y87.359 E208.65387
G1 X129.862 Y87.815 E208.66906
G1 X129.711 Y88.201 E208.68284
G0 F6000 X129.365 Y88.001
G1 F1200 X123.842 Y97.568 E209.05026
G1 X123.615 Y97.802 E209.0611
G1 X123.338 Y97.976 E209.07198
G1 X123.144 Y98.026 E209.07865
G1 X121.551 Y98.026 E209.13163
G1 X121.262 Y97.956 E209.14152
G1 X120.999 Y97.819 E209.15138
G1 X120.86 Y97.681 E209.1579
G1 X120.665 Y97.354 E209.17056
G1 X120.6 Y97.026 E209.18168
G1 X120.6 Y94.795 E209.25588
G1 X114.4 Y94.794 E209.4621
G1 X114.4 Y97.075 E209.53796
G1 X114.33 Y97.364 E209.54785
G1 X114.193 Y97.627 E209.55772
G1 X114.055 Y97.766 E209.56423
G1 X113.728 Y97.961 E209.57689
G1 X113.4 Y98.026 E209.58802
G1 X111.95 Y98.026 E209.63624
G1 X111.634 Y97.947 E209.64708
G1 X111.346 Y97.793 E209.65794
G1 X111.207 Y97.651 E209.66455
G1 X105.635 Y88.001 E210.03517
G1 X105.503 Y87.603 E210.04912
G1 X105.549 Y87.178 E210.06334
G1 X105.758 Y86.845 E210.07641
G1 X105.915 Y86.702 E210.08347
G1 X106.213 Y86.55 E210.0946
G1 X106.5 Y86.501 E210.10429
G1 X108.05 Y86.5 E210.15584
G1 X108.366 Y86.579 E210.16667
G1 X108.656 Y86.734 E210.17761
G1 X108.796 Y86.878 E210.18429
G1 X111 Y90.736 E210.33207
G1 X111 Y77.925 E210.75816
G1 X111.07 Y77.636 E210.76805
G1 X111.207 Y77.373 E210.77792
G1 X111.345 Y77.234 E210.78443
G1 X111.672 Y77.039 E210.7971
G1 X112 Y76.974 E210.80822
G1 X123.049 Y76.974 E211.17571
G1 X123.338 Y77.044 E211.1856
G1 X123.601 Y77.181 E211.19546
G1 X123.74 Y77.319 E211.20198
G1 X123.935 Y77.646 E211.21464
G1 X124 Y77.974 E211.22576
G1 X124 Y90.735 E211.65019
G1 X126.156 Y86.962 E211.79473
G1 X126.38 Y86.727 E211.80553
G1 X126.658 Y86.551 E211.81647
G1 X126.853 Y86.5 E211.82317
G1 X128.549 Y86.501 E211.87958
G1 X128.916 Y86.59 E211.89214
G1 X129.183 Y86.787 E211.90318
G1 X129.301 Y86.924 E211.90919
G1 X129.44 Y87.191 E211.9192
G1 X129.484 Y87.398 E211.92624
G1 X129.466 Y87.729 E211.93727
G1 X129.365 Y88.001 E211.94692
G0 F6000 X128.673 Y87.601
G1 F1200 X123.174 Y97.126 E212.31273
G1 X123.062 Y97.226 E212.31772
G1 X121.6 Y97.226 E212.36635
G1 X121.481 Y97.187 E212.37051
G1 X121.4 Y97.026 E212.37651
G1 X121.4 Y80.7 E212.91951
G1 X113.6 Y80.7 E213.17894
G1 X113.6 Y97.026 E213.72194
G1 X113.561 Y97.145 E213.72611
G1 X113.4 Y97.226 E213.7321
G1 X111.999 Y97.226 E213.7787
G1 X111.857 Y97.179 E213.78368
G1 X106.327 Y87.601 E214.15153
G1 X106.301 Y87.479 E214.15568
G1 X106.353 Y87.365 E214.15984
G1 X106.5 Y87.301 E214.16518
G1 X108.001 Y87.3 E214.2151
G1 X108.144 Y87.347 E214.22011
G1 X111.8 Y93.747 E214.46525
G1 X111.8 Y77.974 E214.98987
G1 X111.839 Y77.855 E214.99403
G1 X112 Y77.774 E215.00003
G1 X123 Y77.774 E215.36589
G1 X123.119 Y77.813 E215.37005
G1 X123.2 Y77.974 E215.37605
G1 X123.2 Y93.747 E215.90066
G1 X126.825 Y87.401 E216.14374
G1 X126.937 Y87.3 E216.14875
G1 X128.5 Y87.301 E216.20074
G1 X128.619 Y87.34 E216.2049
G1 X128.691 Y87.442 E216.20906
G1 X128.673 Y87.601 E216.21438
G1 F2700 E211.21438
G0 F6000 X129.076 Y87.833
G0 X123.38 Y97.685
G0 X120.947 Y97.679
G0 X120.935 Y93.595
G0 X121 Y93.595
G1 F2700 E216.21438
G1 F1200 X120.961 Y93.714 E216.21854
G1 X120.799 Y93.798 E216.22461
G1 X120.761 Y93.914 E216.22867
G1 X120.6 Y93.995 E216.23467
G1 X114.4 Y93.994 E216.44088
G1 X114.281 Y93.955 E216.44504
G1 X114.203 Y93.799 E216.45085
G1 X114.05 Y93.726 E216.45648
G1 X114 Y93.594 E216.46118
G1 X114 Y81.3 E216.87008
G1 X114.039 Y81.181 E216.87424
G1 X114.2 Y81.1 E216.88024
G1 X120.8 Y81.1 E217.09976
G1 X120.919 Y81.139 E217.10392
G1 X121 Y81.3 E217.10991
G1 X121 Y93.595 E217.51885
G0 F6000 X121 Y94.229
G1 F1200 X120.775 Y94.355 E217.52743
G1 X120.6 Y94.395 E217.5334
G1 X114.4 Y94.394 E217.73961
G1 X114.156 Y94.335 E217.74796
G1 X114 Y94.238 E217.75407
G1 X114 Y97.026 E217.8468
G1 X113.941 Y97.27 E217.85515
G1 X113.85 Y97.422 E217.86104
G1 X113.58 Y97.583 E217.87149
G1 X113.4 Y97.626 E217.87765
G1 X111.999 Y97.626 E217.92425
G1 X111.731 Y97.559 E217.93344
G1 X111.553 Y97.451 E217.94036
G1 X105.981 Y87.801 E218.31098
G1 X105.91 Y87.562 E218.31928
G1 X105.937 Y87.313 E218.32761
G1 X106.097 Y87.058 E218.33762
G1 X106.34 Y86.934 E218.34669
G1 X106.5 Y86.901 E218.35213
G1 X108.001 Y86.9 E218.40205
G1 X108.269 Y86.967 E218.41124
G1 X108.449 Y87.076 E218.41824
G1 X111.4 Y92.241 E218.61609
G1 X111.4 Y77.974 E219.09061
G1 X111.459 Y77.73 E219.09896
G1 X111.55 Y77.578 E219.10485
G1 X111.82 Y77.417 E219.11531
G1 X112 Y77.374 E219.12146
G1 X123 Y77.374 E219.48732
G1 X123.244 Y77.433 E219.49567
G1 X123.396 Y77.524 E219.50156
G1 X123.557 Y77.794 E219.51202
G1 X123.6 Y77.974 E219.51818
G1 X123.6 Y92.241 E219.9927
G1 X126.478 Y87.203 E220.18568
G1 X126.669 Y87.003 E220.19487
G1 X126.853 Y86.9 E220.20189
G1 X128.5 Y86.901 E220.25667
G1 X128.744 Y86.96 E220.26502
G1 X128.946 Y87.109 E220.27337
G1 X129.085 Y87.376 E220.28338
G1 X129.07 Y87.646 E220.29237
G1 X129.019 Y87.801 E220.2978
G1 X123.52 Y97.326 E220.66361
G1 X123.328 Y97.524 E220.67278
G1 X123.144 Y97.626 E220.67978
G1 X121.6 Y97.626 E220.73113
G1 X121.356 Y97.567 E220.73948
G1 X121.204 Y97.476 E220.74537
G1 X121.043 Y97.206 E220.75583
G1 X121 Y97.026 E220.76198
G1 X121 Y94.229 E220.85501
G1 F2700 E215.85501
G0 F6000 X120.935 Y94.229
G0 X120.947 Y97.679
G0 X123.38 Y97.685
G0 X133.196 Y88.277
G1 F2700 E220.85501
G1 F1200 X133.083 Y87.64 E220.87653
G1 X133.161 Y86.92 E220.90062
G1 X133.367 Y86.135 E220.92761
G1 X133.84 Y85.383 E220.95716
G1 X134.49 Y84.734 E220.98771
G1 X135.481 Y84.23 E221.02469
G1 X136.448 Y84.104 E221.05712
G1 X138.292 Y84.1 E221.11845
G1 X138.6 Y84.165 E221.12892
G1 X138.6 Y77.63 E221.34628
G1 X138.805 Y76.795 E221.37487
G1 X139.268 Y75.9 E221.40839
G1 X139.939 Y75.276 E221.43887
G1 X140.831 Y74.744 E221.47341
G1 X141.736 Y74.594 E221.50392
G1 X153.344 Y74.574 E221.89001
G1 X154.179 Y74.779 E221.9186
G1 X155.074 Y75.242 E221.95212
G1 X155.698 Y75.913 E221.98259
G1 X156.23 Y76.805 E222.01714
G1 X156.38 Y77.71 E222.04765
G1 X156.397 Y84.152 E222.26191
G1 X156.681 Y84.1 E222.27151
G1 X158.843 Y84.101 E222.34342
G1 X159.716 Y84.313 E222.3733
G1 X160.075 Y84.459 E222.38619
G1 X160.754 Y84.981 E222.41468
G1 X161.263 Y85.501 E222.43888
G1 X161.671 Y86.281 E222.46816
G1 X161.896 Y87.156 E222.49821
G1 X161.837 Y88.261 E222.53501
G1 X161.498 Y89.093 E222.56489
G1 X155.771 Y99.029 E222.94633
G1 X155.141 Y99.678 E222.97642
G1 X154.259 Y100.231 E223.01104
G1 X153.354 Y100.426 E223.04183
G1 X151.256 Y100.426 E223.11161
G1 X150.421 Y100.221 E223.14021
G1 X149.526 Y99.758 E223.17372
G1 X148.902 Y99.087 E223.2042
G1 X148.37 Y98.195 E223.23874
G1 X148.204 Y97.195 E223.27246
G1 X146.8 Y97.194 E223.31916
G1 X146.788 Y97.419 E223.32665
G1 X146.595 Y98.205 E223.35357
G1 X146.132 Y99.1 E223.38708
G1 X145.461 Y99.724 E223.41756
G1 X144.569 Y100.256 E223.45211
G1 X143.664 Y100.406 E223.48262
G1 X141.662 Y100.427 E223.54921
G1 X140.767 Y100.203 E223.57989
G1 X139.836 Y99.703 E223.61504
G1 X139.241 Y99.041 E223.64465
G1 X133.427 Y88.972 E224.03136
G1 X133.196 Y88.277 E224.05572
G0 F6000 X133.576 Y88.151
G1 F1200 X133.487 Y87.629 E224.07333
G1 X133.559 Y86.963 E224.09561
G1 X133.738 Y86.298 E224.11852
G1 X134.155 Y85.634 E224.1446
G1 X134.728 Y85.062 E224.17153
G1 X135.601 Y84.618 E224.2041
G1 X136.5 Y84.501 E224.23425
G1 X138.292 Y84.5 E224.29386
G1 X139 Y84.676 E224.31812
G1 X139 Y77.676 E224.55094
G1 X139.181 Y76.938 E224.57622
G1 X139.591 Y76.145 E224.60591
G1 X140.178 Y75.6 E224.63255
G1 X140.971 Y75.127 E224.66326
G1 X141.802 Y74.989 E224.69128
G1 X153.298 Y74.974 E225.07364
G1 X154.036 Y75.155 E225.09891
G1 X154.829 Y75.565 E225.1286
G1 X155.374 Y76.152 E225.15524
G1 X155.847 Y76.945 E225.18595
G1 X155.985 Y77.776 E225.21397
G1 X155.998 Y84.648 E225.44254
G1 X156.681 Y84.5 E225.46578
G1 X158.794 Y84.501 E225.53606
G1 X159.622 Y84.702 E225.5644
G1 X159.874 Y84.809 E225.5735
G1 X160.468 Y85.261 E225.59833
G1 X160.938 Y85.741 E225.62067
G1 X161.296 Y86.425 E225.64635
G1 X161.494 Y87.196 E225.67283
G1 X161.442 Y88.171 E225.7053
G1 X161.151 Y88.893 E225.73119
G1 X155.448 Y98.787 E226.11102
G1 X154.888 Y99.364 E226.13776
G1 X154.105 Y99.855 E226.1685
G1 X153.312 Y100.026 E226.19549
G1 X151.302 Y100.026 E226.26234
G1 X150.564 Y99.845 E226.28761
G1 X149.771 Y99.435 E226.3173
G1 X149.226 Y98.848 E226.34395
G1 X148.753 Y98.055 E226.37466
G1 X148.615 Y97.224 E226.40267
G1 X148.606 Y96.795 E226.41695
G1 X146.4 Y96.794 E226.49032
G1 X146.4 Y97.324 E226.50795
G1 X146.219 Y98.062 E226.53322
G1 X145.809 Y98.855 E226.56291
G1 X145.222 Y99.4 E226.58955
G1 X144.429 Y99.873 E226.62026
G1 X143.598 Y100.011 E226.64828
G1 X141.709 Y100.026 E226.71111
G1 X140.911 Y99.827 E226.73847
G1 X140.088 Y99.385 E226.76954
G1 X139.565 Y98.803 E226.79556
G1 X133.795 Y88.81 E227.17936
G1 X133.576 Y88.151 E227.20245
G0 F6000 X133.956 Y88.025
G1 F1200 X133.891 Y87.618 E227.21616
G1 X133.957 Y87.006 E227.23664
G1 X134.108 Y86.462 E227.25541
G1 X134.47 Y85.885 E227.27807
G1 X134.966 Y85.39 E227.30137
G1 X135.723 Y85.005 E227.32962
G1 X136.5 Y84.901 E227.3557
G1 X138.244 Y84.9 E227.4137
G1 X138.948 Y85.075 E227.43783
G1 X139.4 Y85.318 E227.4549
G1 X139.4 Y77.726 E227.70741
G1 X139.559 Y77.077 E227.72963
G1 X139.914 Y76.39 E227.75535
G1 X140.417 Y75.924 E227.77816
G1 X141.111 Y75.51 E227.80504
G1 X141.868 Y75.384 E227.83056
G1 X153.248 Y75.374 E228.20906
G1 X153.897 Y75.533 E228.23129
G1 X154.584 Y75.888 E228.25701
G1 X155.05 Y76.391 E228.27981
G1 X155.464 Y77.085 E228.30669
G1 X155.59 Y77.842 E228.33221
G1 X155.599 Y85.328 E228.5812
G1 X156.044 Y85.048 E228.59869
G1 X156.724 Y84.9 E228.62183
G1 X158.745 Y84.901 E228.68905
G1 X159.528 Y85.091 E228.71585
G1 X159.672 Y85.158 E228.72113
G1 X160.182 Y85.541 E228.74235
G1 X160.613 Y85.981 E228.76283
G1 X160.92 Y86.568 E228.78486
G1 X161.092 Y87.237 E228.80784
G1 X161.047 Y88.081 E228.83595
G1 X160.804 Y88.693 E228.85785
G1 X155.125 Y98.545 E229.23607
G1 X154.633 Y99.052 E229.25957
G1 X153.952 Y99.479 E229.2863
G1 X153.27 Y99.626 E229.30951
G1 X151.352 Y99.626 E229.3733
G1 X150.703 Y99.467 E229.39552
G1 X150.016 Y99.112 E229.42124
G1 X149.55 Y98.609 E229.44405
G1 X149.136 Y97.915 E229.47093
G1 X149.01 Y97.158 E229.49645
G1 X149.002 Y96.395 E229.52183
G1 X146 Y96.394 E229.62168
G1 X146 Y97.274 E229.65095
G1 X145.841 Y97.923 E229.67317
G1 X145.486 Y98.61 E229.69889
G1 X144.983 Y99.076 E229.7217
G1 X144.289 Y99.49 E229.74858
G1 X143.532 Y99.616 E229.7741
G1 X141.756 Y99.626 E229.83317
G1 X141.055 Y99.451 E229.8572
G1 X140.34 Y99.067 E229.88419
G1 X139.889 Y98.565 E229.90664
G1 X134.163 Y88.648 E230.28751
G1 X133.956 Y88.025 E230.30935
G0 F6000 X134.336 Y87.899
G1 F1200 X134.295 Y87.609 E230.31909
G1 X134.355 Y87.049 E230.33782
G1 X134.477 Y86.627 E230.35243
G1 X134.785 Y86.136 E230.37171
G1 X135.204 Y85.718 E230.3914
G1 X135.845 Y85.392 E230.41531
G1 X136.5 Y85.301 E230.43731
G1 X138.196 Y85.3 E230.49372
G1 X138.804 Y85.451 E230.51456
G1 X139.411 Y85.777 E230.53747
G1 X139.8 Y86.226 E230.55723
G1 X139.8 Y77.776 E230.83828
G1 X139.937 Y77.216 E230.85745
G1 X140.237 Y76.636 E230.87917
G1 X140.656 Y76.248 E230.89817
G1 X141.251 Y75.893 E230.92121
G1 X141.934 Y75.779 E230.94424
G1 X153.198 Y75.774 E231.31888
G1 X153.758 Y75.911 E231.33806
G1 X154.338 Y76.211 E231.35978
G1 X154.726 Y76.63 E231.37877
G1 X155.081 Y77.225 E231.40181
G1 X155.195 Y77.908 E231.42485
G1 X155.2 Y86.233 E231.70174
G1 X155.61 Y85.793 E231.72174
G1 X156.196 Y85.424 E231.74477
G1 X156.767 Y85.3 E231.76421
G1 X158.696 Y85.301 E231.82837
G1 X159.434 Y85.48 E231.85362
G1 X159.896 Y85.821 E231.87272
G1 X160.288 Y86.221 E231.89135
G1 X160.545 Y86.712 E231.90978
G1 X160.69 Y87.277 E231.92918
G1 X160.652 Y87.992 E231.953
G1 X160.457 Y88.493 E231.97088
G1 X154.802 Y98.303 E232.34749
G1 X154.378 Y98.74 E232.36774
G1 X153.799 Y99.103 E232.39047
G1 X153.228 Y99.226 E232.4099
G1 X151.402 Y99.226 E232.47063
G1 X150.842 Y99.089 E232.48981
G1 X150.262 Y98.789 E232.51152
G1 X149.874 Y98.37 E232.53052
G1 X149.519 Y97.775 E232.55356
G1 X149.405 Y97.092 E232.57659
G1 X149.4 Y95.995 E232.61308
G1 X145.6 Y95.994 E232.73947
G1 X145.6 Y97.224 E232.78038
G1 X145.463 Y97.784 E232.79955
G1 X145.163 Y98.364 E232.82127
G1 X144.744 Y98.752 E232.84027
G1 X144.149 Y99.107 E232.86331
G1 X143.466 Y99.221 E232.88634
G1 X141.804 Y99.226 E232.94162
G1 X141.199 Y99.075 E232.96236
G1 X140.592 Y98.749 E232.98528
G1 X140.213 Y98.327 E233.00414
G1 X134.531 Y88.486 E233.38209
G1 X134.336 Y87.899 E233.40267
G0 F6000 X134.716 Y87.773
G1 F1200 X134.698 Y87.604 E233.40832
G1 X134.753 Y87.092 E233.42545
G1 X134.844 Y86.795 E233.43578
G1 X135.102 Y86.384 E233.45192
G1 X135.441 Y86.046 E233.46784
G1 X135.965 Y85.779 E233.4874
G1 X136.5 Y85.701 E233.50538
G1 X138.148 Y85.7 E233.5602
G1 X138.66 Y85.827 E233.57774
G1 X139.157 Y86.094 E233.59651
G1 X139.469 Y86.446 E233.61215
G1 X140.2 Y87.725 E233.66115
G1 X140.2 Y77.826 E233.99039
G1 X140.315 Y77.355 E234.00652
G1 X140.56 Y76.882 E234.02423
G1 X140.898 Y76.569 E234.03955
G1 X141.389 Y76.276 E234.05857
G1 X142 Y76.174 E234.07918
G1 X153.148 Y76.174 E234.44996
G1 X153.619 Y76.289 E234.46609
G1 X154.092 Y76.534 E234.4838
G1 X154.405 Y76.872 E234.49912
G1 X154.698 Y77.363 E234.51814
G1 X154.8 Y77.974 E234.53874
G1 X154.8 Y87.725 E234.86306
G1 X155.514 Y86.476 E234.91091
G1 X155.866 Y86.105 E234.92792
G1 X156.349 Y85.8 E234.94692
G1 X156.81 Y85.7 E234.96261
G1 X158.647 Y85.701 E235.02371
G1 X159.261 Y85.85 E235.04473
G1 X159.658 Y86.143 E235.06114
G1 X159.961 Y86.459 E235.0757
G1 X160.17 Y86.859 E235.09071
G1 X160.288 Y87.318 E235.10647
G1 X160.257 Y87.904 E235.12599
G1 X160.084 Y88.347 E235.14181
G1 X154.482 Y98.058 E235.51469
G1 X154.123 Y98.428 E235.53183
G1 X153.646 Y98.727 E235.55056
G1 X153.186 Y98.826 E235.56621
G1 X151.452 Y98.826 E235.62388
G1 X150.981 Y98.711 E235.64001
G1 X150.508 Y98.466 E235.65772
G1 X150.195 Y98.128 E235.67305
G1 X149.902 Y97.637 E235.69206
G1 X149.8 Y97.026 E235.71267
G1 X149.8 Y95.595 E235.76026
G1 X145.2 Y95.594 E235.91326
G1 X145.2 Y97.174 E235.96581
G1 X145.085 Y97.645 E235.98193
G1 X144.84 Y98.118 E235.99965
G1 X144.502 Y98.431 E236.01497
G1 X144.011 Y98.724 E236.03399
G1 X143.4 Y98.826 E236.05459
G1 X141.852 Y98.826 E236.10608
G1 X141.343 Y98.699 E236.12353
G1 X140.844 Y98.431 E236.14237
G1 X140.537 Y98.089 E236.15765
G1 X134.899 Y88.324 E236.53269
G1 X134.716 Y87.773 E236.552
G0 F6000 X135.096 Y87.647
G1 F1200 X135.151 Y87.135 E236.56912
G1 X135.21 Y86.965 E236.57511
G1 X135.419 Y86.632 E236.58819
G1 X135.678 Y86.374 E236.60035
G1 X136.088 Y86.165 E236.61565
G1 X136.5 Y86.101 E236.62952
G1 X138.099 Y86.1 E236.6827
G1 X138.513 Y86.203 E236.69689
G1 X138.907 Y86.414 E236.71176
G1 X139.143 Y86.68 E236.72358
G1 X140.6 Y89.23 E236.82127
G1 X140.6 Y77.876 E237.1989
G1 X140.693 Y77.494 E237.21198
G1 X140.883 Y77.128 E237.22569
G1 X141.14 Y76.89 E237.23734
G1 X141.527 Y76.659 E237.25233
G1 X142 Y76.574 E237.26832
G1 X153.098 Y76.574 E237.63744
G1 X153.48 Y76.667 E237.65052
G1 X153.846 Y76.857 E237.66423
G1 X154.084 Y77.114 E237.67588
G1 X154.315 Y77.501 E237.69087
G1 X154.4 Y77.974 E237.70686
G1 X154.4 Y89.23 E238.08123
G1 X155.835 Y86.719 E238.17742
G1 X156.123 Y86.416 E238.19133
G1 X156.503 Y86.176 E238.20628
G1 X156.853 Y86.1 E238.21819
G1 X158.598 Y86.101 E238.27623
G1 X159.088 Y86.22 E238.293
G1 X159.42 Y86.465 E238.30672
G1 X159.632 Y86.693 E238.31708
G1 X159.795 Y87.006 E238.32881
G1 X159.886 Y87.359 E238.34094
G1 X159.862 Y87.815 E238.35613
G1 X159.711 Y88.201 E238.36991
G1 X154.162 Y97.813 E238.73906
G1 X153.868 Y98.116 E238.7531
G1 X153.493 Y98.351 E238.76782
G1 X153.144 Y98.426 E238.77969
G1 X151.502 Y98.426 E238.83431
G1 X151.12 Y98.333 E238.84738
G1 X150.754 Y98.143 E238.8611
G1 X150.516 Y97.886 E238.87275
G1 X150.285 Y97.499 E238.88774
G1 X150.2 Y97.026 E238.90372
G1 X150.2 Y95.195 E238.96462
G1 X144.8 Y95.194 E239.14423
G1 X144.8 Y97.124 E239.20842
G1 X144.707 Y97.506 E239.2215
G1 X144.517 Y97.872 E239.23521
G1 X144.26 Y98.11 E239.24686
G1 X143.873 Y98.341 E239.26185
G1 X143.4 Y98.426 E239.27784
G1 X141.901 Y98.426 E239.32769
G1 X141.487 Y98.323 E239.34188
G1 X141.096 Y98.113 E239.35664
G1 X140.861 Y97.851 E239.36835
G1 X135.267 Y88.163 E239.74043
G1 X135.096 Y87.647 E239.75851
G0 F6000 X135.503 Y87.603
G1 F1200 X135.635 Y88.001 E239.77246
G1 X141.207 Y97.651 E240.14308
G1 X141.346 Y97.793 E240.14969
G1 X141.634 Y97.947 E240.16055
G1 X141.95 Y98.026 E240.17139
G1 X143.4 Y98.026 E240.21961
G1 X143.728 Y97.961 E240.23074
G1 X144.055 Y97.766 E240.2434
G1 X144.193 Y97.627 E240.24991
G1 X144.33 Y97.364 E240.25978
G1 X144.4 Y97.075 E240.26967
G1 X144.4 Y94.794 E240.34553
G1 X150.6 Y94.795 E240.55175
G1 X150.6 Y97.026 E240.62595
G1 X150.665 Y97.354 E240.63707
G1 X150.86 Y97.681 E240.64973
G1 X150.999 Y97.819 E240.65625
G1 X151.262 Y97.956 E240.66611
G1 X151.551 Y98.026 E240.676
G1 X153.144 Y98.026 E240.72898
G1 X153.338 Y97.976 E240.73565
G1 X153.615 Y97.802 E240.74653
G1 X153.842 Y97.568 E240.75737
G1 X159.365 Y88.001 E241.12479
G1 X159.466 Y87.729 E241.13444
G1 X159.484 Y87.398 E241.14546
G1 X159.44 Y87.191 E241.1525
G1 X159.301 Y86.924 E241.16251
G1 X159.183 Y86.787 E241.16853
G1 X158.916 Y86.59 E241.17956
G1 X158.549 Y86.501 E241.19212
G1 X156.853 Y86.5 E241.24853
G1 X156.658 Y86.551 E241.25524
G1 X156.38 Y86.727 E241.26618
G1 X156.156 Y86.962 E241.27698
G1 X154 Y90.735 E241.42151
G1 X154 Y77.974 E241.84595
G1 X153.935 Y77.646 E241.85707
G1 X153.74 Y77.319 E241.86973
G1 X153.601 Y77.181 E241.87624
G1 X153.338 Y77.044 E241.88611
G1 X153.049 Y76.974 E241.896
G1 X142 Y76.974 E242.26349
G1 X141.672 Y77.039 E242.27461
G1 X141.345 Y77.234 E242.28727
G1 X141.207 Y77.373 E242.29379
G1 X141.07 Y77.636 E242.30365
G1 X141 Y77.925 E242.31354
G1 X141 Y90.736 E242.73964
G1 X138.796 Y86.878 E242.88742
G1 X138.656 Y86.734 E242.8941
G1 X138.366 Y86.579 E242.90503
G1 X138.05 Y86.5 E242.91587
G1 X136.5 Y86.501 E242.96742
G1 X136.213 Y86.55 E242.9771
G1 X135.915 Y86.702 E242.98823
G1 X135.758 Y86.845 E242.99529
G1 X135.549 Y87.178 E243.00837
G1 X135.503 Y87.603 E243.02259
G0 F6000 X136.301 Y87.479
G1 F1200 X136.327 Y87.601 E243.02674
G1 X141.857 Y97.179 E243.39459
G1 X141.999 Y97.226 E243.39956
G1 X143.4 Y97.226 E243.44616
G1 X143.561 Y97.145 E243.45215
G1 X143.6 Y97.026 E243.45632
G1 X143.6 Y80.7 E243.99932
G1 X151.4 Y80.7 E244.25875
G1 X151.4 Y97.026 E244.80176
G1 X151.481 Y97.187 E244.80775
G1 X151.6 Y97.226 E244.81192
G1 X153.062 Y97.226 E244.86054
G1 X153.174 Y97.126 E244.86554
G1 X158.673 Y87.601 E245.23135
G1 X158.691 Y87.442 E245.23667
G1 X158.619 Y87.34 E245.24082
G1 X158.5 Y87.301 E245.24499
G1 X156.937 Y87.3 E245.29697
G1 X156.825 Y87.401 E245.30199
G1 X153.2 Y93.747 E245.54507
G1 X153.2 Y77.974 E246.06968
G1 X153.119 Y77.813 E246.07567
G1 X153 Y77.774 E246.07984
G1 X142 Y77.774 E246.4457
G1 X141.839 Y77.855 E246.45169
G1 X141.8 Y77.974 E246.45586
G1 X141.8 Y93.747 E246.98047
G1 X138.144 Y87.347 E247.22562
G1 X138.001 Y87.3 E247.23063
G1 X136.5 Y87.301 E247.28055
G1 X136.353 Y87.365 E247.28588
G1 X136.301 Y87.479 E247.29005
G1 F2700 E242.29005
G0 F6000 X135.866 Y87.731
G0 X141.62 Y97.685
G0 X144.053 Y97.679
G0 X144.065 Y93.594
G0 X144 Y93.594
G1 F2700 E247.29005
G1 F1200 X144 Y81.3 E247.69895
G1 X144.039 Y81.181 E247.70311
G1 X144.2 Y81.1 E247.70911
G1 X150.8 Y81.1 E247.92863
G1 X150.919 Y81.139 E247.93279
G1 X151 Y81.3 E247.93878
G1 X151 Y93.595 E248.34772
G1 X150.961 Y93.714 E248.35188
G1 X150.799 Y93.798 E248.35795
G1 X150.761 Y93.914 E248.36201
G1 X150.6 Y93.995 E248.36801
G1 X144.4 Y93.994 E248.57422
G1 X144.281 Y93.955 E248.57838
G1 X144.203 Y93.799 E248.58419
G1 X144.05 Y93.726 E248.58982
G1 X144 Y93.594 E248.59452
G0 F6000 X144 Y94.238
G1 F1200 X144.156 Y94.335 E248.60063
G1 X144.4 Y94.394 E248.60898
G1 X150.6 Y94.395 E248.81519
G1 X150.78 Y94.352 E248.82135
G1 X151 Y94.229 E248.82973
G1 X151 Y97.026 E248.92276
G1 X151.043 Y97.206 E248.92891
G1 X151.204 Y97.476 E248.93937
G1 X151.356 Y97.567 E248.94526
G1 X151.6 Y97.626 E248.95361
G1 X153.144 Y97.626 E249.00496
G1 X153.328 Y97.524 E249.01196
G1 X153.52 Y97.326 E249.02113
G1 X159.019 Y87.801 E249.38694
G1 X159.07 Y87.646 E249.39237
G1 X159.085 Y87.376 E249.40136
G1 X158.946 Y87.109 E249.41138
G1 X158.744 Y86.96 E249.41972
G1 X158.5 Y86.901 E249.42807
G1 X156.853 Y86.9 E249.48285
G1 X156.669 Y87.003 E249.48987
G1 X156.478 Y87.203 E249.49906
G1 X153.6 Y92.241 E249.69204
G1 X153.6 Y77.974 E250.16657
G1 X153.557 Y77.794 E250.17272
G1 X153.396 Y77.524 E250.18318
G1 X153.244 Y77.433 E250.18907
G1 X153 Y77.374 E250.19742
G1 X142 Y77.374 E250.56328
G1 X141.82 Y77.417 E250.56944
G1 X141.55 Y77.578 E250.57989
G1 X141.459 Y77.73 E250.58578
G1 X141.4 Y77.974 E250.59413
G1 X141.4 Y92.241 E251.06865
G1 X138.449 Y87.076 E251.26651
G1 X138.269 Y86.967 E251.2735
G1 X138.001 Y86.9 E251.28269
G1 X136.5 Y86.901 E251.33262
G1 X136.34 Y86.934 E251.33805
G1 X136.097 Y87.058 E251.34712
G1 X135.937 Y87.313 E251.35714
G1 X135.91 Y87.562 E251.36547
G1 X135.981 Y87.801 E251.37376
G1 X141.553 Y97.451 E251.74438
G1 X141.731 Y97.559 E251.75131
G1 X141.999 Y97.626 E251.76049
G1 X143.4 Y97.626 E251.80709
G1 X143.58 Y97.583 E251.81325
G1 X143.85 Y97.422 E251.8237
G1 X143.941 Y97.27 E251.82959
G1 X144 Y97.026 E251.83794
G1 X144 Y94.238 E251.93067
G1 F2700 E246.93067
G0 F6000 X144.065 Y94.238
G0 X144.053 Y97.679
G0 X120.947 Y97.679
G0 X117.2 Y84.3
G1 F2700 E251.93067
G1 F1200 X117.8 Y84.3 E251.95063
G1 X117.8 Y90.795 E252.16665
G1 X117.2 Y90.794 E252.18661
G1 X117.2 Y84.3 E252.4026
G0 F6000 X116.8 Y83.9
G1 F1200 X118.2 Y83.9 E252.44917
G1 X118.2 Y91.195 E252.6918
G1 X116.8 Y91.194 E252.73836
G1 X116.8 Y83.9 E252.98096
G0 F6000 X116.4 Y83.5
G1 F1200 X118.6 Y83.5 E253.05413
G1 X118.6 Y91.595 E253.32337
G1 X116.4 Y91.594 E253.39655
G1 X116.4 Y83.5 E253.66575
G0 F6000 X116 Y83.1
G1 F1200 X119 Y83.1 E253.76554
G1 X119 Y91.995 E254.06138
G1 X116 Y91.994 E254.16116
G1 X116 Y83.1 E254.45698
G0 F6000 X115.6 Y82.7
G1 F1200 X119.4 Y82.7 E254.58337
G1 X119.4 Y92.395 E254.90583
G1 X115.6 Y92.394 E255.03221
G1 X115.6 Y82.7 E255.35464
G0 F6000 X115.2 Y82.3
G1 F1200 X119.8 Y82.3 E255.50763
G1 X119.8 Y92.795 E255.8567
G1 X115.2 Y92.794 E256.0097
G1 X115.2 Y82.3 E256.35873
G0 F6000 X114.8 Y81.9
G1 F1200 X120.2 Y81.9 E256.53833
G1 X120.2 Y93.194 E256.91397
G1 X114.8 Y93.194 E257.09358
G1 X114.8 Y81.9 E257.46922
G0 F6000 X114.4 Y81.5
G1 F1200 X120.6 Y81.5 E257.67543
G1 X120.6 Y93.426 E258.07209
G1 X120.567 Y93.431 E258.0732
G1 X120.457 Y93.488 E258.07732
G1 X120.413 Y93.595 E258.08117
G1 X114.586 Y93.594 E258.27498
G1 X114.561 Y93.519 E258.27761
G1 X114.443 Y93.443 E258.28227
G1 X114.4 Y93.434 E258.28374
G1 X114.4 Y81.5 E258.68066
G1 F2700 E253.68066
G0 F6000 X113.82 Y107.311
G0 X111.347 Y107.321
G0 X105.738 Y117.5
G0 X111.62 Y127.685
G0 X114.053 Y127.679
G0 X114.4 Y111.5
G1 F2700 E258.68066
G1 F1200 X120.6 Y111.5 E258.88687
G1 X120.6 Y123.426 E259.28353
G1 X120.567 Y123.431 E259.28464
G1 X120.457 Y123.488 E259.28877
G1 X120.413 Y123.595 E259.29261
G1 X114.586 Y123.594 E259.48642
G1 X114.561 Y123.519 E259.48905
G1 X114.443 Y123.443 E259.49372
G1 X114.4 Y123.434 E259.49518
G1 X114.4 Y111.5 E259.89211
G0 F6000 X114.8 Y111.9
G1 F1200 X120.2 Y111.9 E260.07171
G1 X120.2 Y123.194 E260.44735
G1 X114.8 Y123.194 E260.62696
G1 X114.8 Y111.9 E261.00259
G0 F6000 X115.2 Y112.3
G1 F1200 X119.8 Y112.3 E261.15559
G1 X119.8 Y122.795 E261.50466
G1 X115.2 Y122.794 E261.65765
G1 X115.2 Y112.3 E262.00669
G0 F6000 X115.6 Y112.7
G1 F1200 X119.4 Y112.7 E262.13307
G1 X119.4 Y122.395 E262.45553
G1 X115.6 Y122.394 E262.58192
G1 X115.6 Y112.7 E262.90434
G0 F6000 X116 Y113.1
G1 F1200 X119 Y113.1 E263.00412
G1 X119 Y121.995 E263.29997
G1 X116 Y121.994 E263.39975
G1 X116 Y113.1 E263.69557
G0 F6000 X116.4 Y113.5
G1 F1200 X118.6 Y113.5 E263.76874
G1 X118.6 Y121.595 E264.03798
G1 X116.4 Y121.594 E264.11115
G1 X116.4 Y113.5 E264.38036
G0 F6000 X116.8 Y113.9
G1 F1200 X118.2 Y113.9 E264.42693
G1 X118.2 Y121.195 E264.66956
G1 X116.8 Y121.194 E264.71612
G1 X116.8 Y113.9 E264.95872
G0 F6000 X117.2 Y114.3
G1 F1200 X117.8 Y114.3 E264.97868
G1 X117.8 Y120.795 E265.1947
G1 X117.2 Y120.794 E265.21466
G1 X117.2 Y114.3 E265.43065
G1 F2700 E260.43065
G0 F6000 X120.947 Y127.679
G0 X123.38 Y127.685
G0 X144.053 Y97.679
G0 X144.4 Y93.434
G1 F2700 E265.43065
G1 F1200 X144.4 Y81.5 E265.82758
G1 X150.6 Y81.5 E266.03379
G1 X150.6 Y93.426 E266.43045
G1 X150.567 Y93.431 E266.43156
G1 X150.457 Y93.488 E266.43568
G1 X150.413 Y93.595 E266.43953
G1 X144.586 Y93.594 E266.63334
G1 X144.561 Y93.519 E266.63596
G1 X144.443 Y93.443 E266.64063
G1 X144.4 Y93.434 E266.64209
G0 F6000 X144.8 Y93.194
G1 F1200 X144.8 Y81.9 E267.01773
G1 X150.2 Y81.9 E267.19734
G1 X150.2 Y93.194 E267.57298
G1 X144.8 Y93.194 E267.75258
G0 F6000 X145.2 Y92.794
G1 F1200 X145.2 Y82.3 E268.10162
G1 X149.8 Y82.3 E268.25461
G1 X149.8 Y92.795 E268.60368
G1 X145.2 Y92.794 E268.75667
G0 F6000 X145.6 Y92.394
G1 F1200 X145.6 Y82.7 E269.0791
G1 X149.4 Y82.7 E269.20549
G1 X149.4 Y92.395 E269.52794
G1 X145.6 Y92.394 E269.65433
G0 F6000 X146 Y91.994
G1 F1200 X146 Y83.1 E269.95015
G1 X149 Y83.1 E270.04993
G1 X149 Y91.995 E270.34578
G1 X146 Y91.994 E270.44556
G0 F6000 X146.4 Y91.594
G1 F1200 X146.4 Y83.5 E270.71476
G1 X148.6 Y83.5 E270.78794
G1 X148.6 Y91.595 E271.05718
G1 X146.4 Y91.594 E271.13035
G0 F6000 X146.8 Y91.194
G1 F1200 X146.8 Y83.9 E271.37295
G1 X148.2 Y83.9 E271.41951
G1 X148.2 Y91.195 E271.66215
G1 X146.8 Y91.194 E271.70871
G0 F6000 X147.2 Y90.794
G1 F1200 X147.2 Y84.3 E271.9247
G1 X147.8 Y84.3 E271.94466
G1 X147.8 Y90.795 E272.16068
G1 X147.2 Y90.794 E272.18064
G1 F2700 E267.18064
G0 F6000 X135.738 Y117.5
G0 X141.62 Y127.685
G0 X144.053 Y127.679
G0 X144.4 Y111.5
G1 F2700 E272.18064
G1 F1200 X150.6 Y111.5 E272.38685
G1 X150.6 Y123.426 E272.78351
G1 X150.567 Y123.431 E272.78462
G1 X150.457 Y123.488 E272.78874
G1 X150.413 Y123.595 E272.79259
G1 X144.586 Y123.594 E272.9864
G1 X144.561 Y123.519 E272.98903
G1 X144.443 Y123.443 E272.99369
G1 X144.4 Y123.434 E272.99516
G1 X144.4 Y111.5 E273.39208
G0 F6000 X144.8 Y111.9
G1 F1200 X150.2 Y111.9 E273.57169
G1 X150.2 Y123.194 E273.94733
G1 X144.8 Y123.194 E274.12693
G1 X144.8 Y111.9 E274.50257
G0 F6000 X145.2 Y112.3
G1 F1200 X149.8 Y112.3 E274.65557
G1 X149.8 Y122.795 E275.00463
G1 X145.2 Y122.794 E275.15763
G1 X145.2 Y112.3 E275.50666
G0 F6000 X145.6 Y112.7
G1 F1200 X149.4 Y112.7 E275.63305
G1 X149.4 Y122.395 E275.95551
G1 X145.6 Y122.394 E276.0819
G1 X145.6 Y112.7 E276.40432
G0 F6000 X146 Y113.1
G1 F1200 X149 Y113.1 E276.5041
G1 X149 Y121.995 E276.79995
G1 X146 Y121.994 E276.89973
G1 X146 Y113.1 E277.19555
G0 F6000 X146.4 Y113.5
G1 F1200 X148.6 Y113.5 E277.26872
G1 X148.6 Y121.595 E277.53796
G1 X146.4 Y121.594 E277.61113
G1 X146.4 Y113.5 E277.88034
G0 F6000 X146.8 Y113.9
G1 F1200 X148.2 Y113.9 E277.9269
G1 X148.2 Y121.195 E278.16953
G1 X146.8 Y121.194 E278.2161
G1 X146.8 Y113.9 E278.4587
G0 F6000 X147.2 Y114.3
G1 F1200 X147.8 Y114.3 E278.47865
G1 X147.8 Y120.795 E278.69468
G1 X147.2 Y120.794 E278.71464
G1 X147.2 Y114.3 E278.93063
G1 F2700 E273.93063
;MESH:batclipholder.stl(1)
G0 F6000 X144.053 Y127.679
G0 X141.62 Y127.685
G0 X123.699 Y97.145
G0 X123.793 Y94.382
;TYPE:WALL-INNER
G1 F2700 E278.93063
G1 F1016.9 X125.584 Y91.265 E279.07172
G1 F983.6 X127.376 Y88.148 E279.21761
G0 F6000 X123.215 Y95.013
G0 X122.559 Y94.839
G0 X122.305 Y94.125
G1 F793.4 X122.3 Y80.5 E279.90303
G0 F6000 X122.038 Y80.062
G0 X113.034 Y79.585
G1 F1025.6 X113.291 Y79.471 E279.91397
G1 X121.709 Y79.471 E280.24155
G1 F1027.8 X121.967 Y79.585 E280.2525
G1 X121.967 Y79.005 E280.27502
G1 F1025.6 X113.034 Y79.006 E280.62265
G1 X113.034 Y79.585 E280.64518
G0 F6000 X122.038 Y80.062
G0 X122.3 Y80.5
G1 F960 X122.4 Y79.869 E280.67174
G1 F1200 X122.4 Y78.572 E280.71488
G1 X112.6 Y78.572 E281.04083
G1 X112.6 Y79.869 E281.08396
G1 F960 X112.7 Y80.5 E281.11053
G1 X113.002 Y80.05 E281.13306
G1 F1200 X113.337 Y79.903 E281.14522
G1 X121.663 Y79.902 E281.42215
G1 X121.998 Y80.05 E281.43433
G1 F960 X122.3 Y80.5 E281.45686
G0 F6000 X122.038 Y80.062
G0 X112.962 Y80.062
G0 X112.7 Y80.5
G1 F793.4 X112.695 Y94.125 E282.14228
G0 F6000 X112.441 Y94.839
G0 X111.785 Y95.013
G0 X111.263 Y94.477
G1 F991.7 X107.621 Y88.146 E282.43622
G0 F6000 X111.785 Y95.013
G0 X112.422 Y95.799
G1 F1348.3 X112.422 Y94.76 E282.46698
G1 X112.245 Y94.952 E282.47471
G1 X111.973 Y95.021 E282.48301
G1 X112.422 Y95.799 E282.5096
G0 F6000 X112.8 Y96.424
G1 F1200 X112.8 Y95.089 E282.55401
G1 F1061.9 X112.748 Y94.607 E282.57223
G1 F860.2 X112.695 Y94.125 E282.59472
G1 F950.5 X112.15 Y94.586 E282.6247
G1 F1200 X111.902 Y94.649 E282.63321
G1 F1098.4 X111.263 Y94.477 E282.65725
G1 X111.658 Y95.23 E282.68815
G1 F1200 X112.346 Y96.424 E282.73399
G1 X112.8 Y96.424 E282.74909
G1 F2700 E277.74909
G0 F6000 X112.52 Y96.146
G0 X112.962 Y80.062
G0 X122.038 Y80.062
G0 X122.578 Y95.794
G1 F2700 E282.74909
G1 F1355.9 X123.025 Y95.021 E282.77537
G1 X122.752 Y94.95 E282.78367
G1 X122.578 Y94.76 E282.79126
G1 X122.578 Y95.794 E282.82169
G0 F6000 X122.2 Y96.424
G1 F1200 X122.649 Y96.424 E282.83663
G1 X123.336 Y95.235 E282.8823
G1 F1111.1 X123.793 Y94.382 E282.91706
G1 X123.091 Y94.649 E282.94404
G1 F1200 X122.847 Y94.585 E282.95243
G1 F950.5 X122.305 Y94.125 E282.98228
G1 F860.2 X122.253 Y94.605 E283.00468
G1 F1061.9 X122.201 Y95.085 E283.02283
G1 F1200 X122.2 Y96.424 E283.06736
G1 F2700 E278.06736
G0 F6000 X122.48 Y96.146
G0 X122.038 Y80.062
G0 X112.962 Y80.062
G0 X112.92 Y96.546
G0 X113.2 Y96.824
;TYPE:WALL-OUTER
G1 F2700 E283.06736
G1 F1200 X113.2 Y80.5 E283.6103
G1 X113.267 Y80.35 E283.61576
G1 X113.379 Y80.301 E283.61983
G1 X121.621 Y80.3 E283.89396
G1 X121.733 Y80.35 E283.89804
G1 X121.8 Y80.5 E283.9035
G1 X121.8 Y96.824 E284.44644
G1 X122.88 Y96.824 E284.48236
G1 X128.151 Y87.701 E284.8328
G1 X127.117 Y87.7 E284.86719
G1 X123.418 Y94.168 E285.11501
G1 X123.193 Y94.262 E285.12312
G1 X122.949 Y94.198 E285.13151
G1 X122.802 Y94.039 E285.13872
G1 X122.8 Y78.172 E285.66645
G1 X112.2 Y78.172 E286.01901
G1 X112.198 Y94.039 E286.54675
G1 X112.05 Y94.198 E286.55398
G1 X111.802 Y94.262 E286.56249
G1 X111.598 Y94.197 E286.56962
G1 X107.88 Y87.7 E286.81859
G1 X106.848 Y87.7 E286.85291
G1 X112.116 Y96.824 E287.20333
G1 X113.2 Y96.824 E287.23938
G1 F2700 E282.23938
;MESH:batclipholder.stl
G0 F6000 X112.92 Y96.546
G0 X112.976 Y97.691
G0 X112.976 Y107.309
G0 X112.976 Y108.404
G0 X113.034 Y109.585
;TYPE:WALL-INNER
G1 F2700 E287.23938
G1 F1025.6 X113.291 Y109.471 E287.25032
G1 X121.709 Y109.471 E287.5779
G1 F1027.8 X121.967 Y109.585 E287.58886
G1 X121.967 Y109.005 E287.61138
G1 F1025.6 X113.034 Y109.006 E287.959
G1 X113.034 Y109.585 E287.98153
G0 F6000 X122.038 Y110.062
G0 X122.3 Y110.5
G1 F960 X122.4 Y109.869 E288.00809
G1 F1200 X122.4 Y108.572 E288.05123
G1 X112.6 Y108.572 E288.37718
G1 X112.6 Y109.869 E288.42032
G1 F960 X112.7 Y110.5 E288.44688
G1 X113.002 Y110.05 E288.46941
G1 F1200 X113.337 Y109.903 E288.48158
G1 X121.663 Y109.902 E288.7585
G1 X121.998 Y110.05 E288.77069
G1 F960 X122.3 Y110.5 E288.79322
G1 F793.4 X122.305 Y124.125 E289.47864
G0 F6000 X122.559 Y124.839
G0 X123.215 Y125.013
G0 X123.793 Y124.382
G1 F1016.9 X125.584 Y121.265 E289.61973
G1 F983.6 X127.376 Y118.148 E289.76562
G0 F6000 X123.215 Y125.013
G0 X122.578 Y125.794
G1 F1355.9 X123.025 Y125.021 E289.7919
G1 X122.752 Y124.95 E289.8002
G1 X122.578 Y124.76 E289.80779
G1 X122.578 Y125.794 E289.83822
G0 F6000 X122.2 Y126.424
G1 F1200 X122.649 Y126.424 E289.85316
G1 X123.336 Y125.235 E289.89883
G1 F1111.1 X123.793 Y124.382 E289.93359
G1 X123.091 Y124.649 E289.96057
G1 F1200 X122.847 Y124.585 E289.96896
G1 F950.5 X122.305 Y124.125 E289.99881
G1 F860.2 X122.253 Y124.605 E290.02121
G1 F1061.9 X122.201 Y125.085 E290.03936
G1 F1200 X122.2 Y126.424 E290.08389
G1 F2700 E285.08389
G0 F6000 X122.48 Y126.146
G0 X122.038 Y110.062
G0 X112.962 Y110.062
G0 X112.695 Y124.125
G1 F2700 E290.08389
G1 F793.4 X112.7 Y110.5 E290.76931
G0 F6000 X112.441 Y124.839
G0 X111.785 Y125.013
G0 X107.621 Y118.146
G1 F991.7 X111.263 Y124.477 E291.06325
G0 F6000 X112.422 Y125.799
G1 F1348.3 X112.422 Y124.76 E291.09401
G1 X112.245 Y124.952 E291.10174
G1 X111.973 Y125.021 E291.11005
G1 X112.422 Y125.799 E291.13664
G0 F6000 X112.8 Y126.424
G1 F1200 X112.8 Y125.089 E291.18104
G1 F1061.9 X112.748 Y124.607 E291.19926
G1 F860.2 X112.695 Y124.125 E291.22176
G1 F950.5 X112.15 Y124.586 E291.25173
G1 F1200 X111.902 Y124.649 E291.26024
G1 F1098.4 X111.263 Y124.477 E291.28429
G1 X111.658 Y125.23 E291.31518
G1 F1200 X112.346 Y126.424 E291.36102
G1 X112.8 Y126.424 E291.37612
G0 F6000 X113.2 Y126.824
;TYPE:WALL-OUTER
G1 F1200 X113.2 Y110.5 E291.91906
G1 X113.267 Y110.35 E291.92452
G1 X113.379 Y110.301 E291.92859
G1 X121.621 Y110.3 E292.20272
G1 X121.733 Y110.35 E292.2068
G1 X121.8 Y110.5 E292.21226
G1 X121.8 Y126.824 E292.7552
G1 X122.88 Y126.824 E292.79112
G1 X128.151 Y117.701 E293.14156
G1 X127.117 Y117.7 E293.17595
G1 X123.418 Y124.168 E293.42377
G1 X123.193 Y124.262 E293.43188
G1 X122.949 Y124.198 E293.44027
G1 X122.802 Y124.039 E293.44747
G1 X122.8 Y108.172 E293.97521
G1 X112.2 Y108.172 E294.32777
G1 X112.198 Y124.039 E294.85551
G1 X112.05 Y124.198 E294.86273
G1 X111.802 Y124.262 E294.87125
G1 X111.598 Y124.197 E294.87837
G1 X107.88 Y117.7 E295.12734
G1 X106.848 Y117.7 E295.16167
G1 X112.116 Y126.824 E295.51209
G1 X113.2 Y126.824 E295.54814
G1 F2700 E290.54814
;MESH:batclipholder.stl(3)
G0 F6000 X112.92 Y126.546
G0 X112.962 Y110.062
G0 X122.038 Y110.062
G0 X122.559 Y124.839
G0 X123.215 Y125.013
G0 X127.773 Y117.92
G0 X128.712 Y118.462
G0 X136.289 Y118.463
G0 X137.621 Y118.146
;TYPE:WALL-INNER
G1 F2700 E295.54814
G1 F991.7 X141.263 Y124.477 E295.84208
G0 F6000 X141.785 Y125.013
G0 X142.441 Y124.839
G0 X142.695 Y124.125
G1 F793.4 X142.7 Y110.5 E296.5275
G0 F6000 X143.034 Y109.585
G1 F1025.6 X143.291 Y109.471 E296.53844
G1 X151.709 Y109.471 E296.86602
G1 F1027.8 X151.967 Y109.585 E296.87697
G1 X151.967 Y109.005 E296.89949
G1 F1025.6 X143.034 Y109.006 E297.24712
G1 X143.034 Y109.585 E297.26965
G0 F6000 X142.7 Y110.5
G1 F960 X143.002 Y110.05 E297.29218
G1 F1200 X143.337 Y109.903 E297.30435
G1 X151.663 Y109.902 E297.58127
G1 X151.998 Y110.05 E297.59345
G1 F960 X152.3 Y110.5 E297.61598
G1 X152.4 Y109.869 E297.64255
G1 F1200 X152.4 Y108.572 E297.68568
G1 X142.6 Y108.572 E298.01163
G1 X142.6 Y109.869 E298.05477
G1 F960 X142.7 Y110.5 E298.08133
G0 F6000 X142.962 Y110.062
G0 X152.038 Y110.062
G0 X152.3 Y110.5
G1 F793.4 X152.305 Y124.125 E298.76675
G0 F6000 X152.559 Y124.839
G0 X153.215 Y125.013
G0 X153.793 Y124.382
G1 F1016.9 X155.584 Y121.265 E298.90784
G1 F983.6 X157.376 Y118.148 E299.05373
G0 F6000 X153.215 Y125.013
G0 X152.578 Y125.794
G1 F1355.9 X153.025 Y125.021 E299.08002
G1 X152.752 Y124.95 E299.08832
G1 X152.578 Y124.76 E299.0959
G1 X152.578 Y125.794 E299.12634
G0 F6000 X152.2 Y126.424
G1 F1200 X152.649 Y126.424 E299.14127
G1 X153.336 Y125.235 E299.18695
G1 F1111.1 X153.793 Y124.382 E299.22171
G1 X153.091 Y124.649 E299.24869
G1 F1200 X152.847 Y124.585 E299.25708
G1 F950.5 X152.305 Y124.125 E299.28693
G1 F860.2 X152.253 Y124.605 E299.30933
G1 F1061.9 X152.201 Y125.085 E299.32747
G1 F1200 X152.2 Y126.424 E299.37201
G1 F2700 E294.37201
G0 F6000 X152.48 Y126.146
G0 X152.038 Y110.062
G0 X142.962 Y110.062
G0 X142.422 Y125.799
G1 F2700 E299.37201
G1 F1348.3 X142.422 Y124.76 E299.40277
G1 X142.245 Y124.952 E299.4105
G1 X141.973 Y125.021 E299.4188
G1 X142.422 Y125.799 E299.44539
G0 F6000 X142.346 Y126.424
G1 F1200 X142.8 Y126.424 E299.46049
G1 X142.8 Y125.089 E299.50489
G1 F1061.9 X142.748 Y124.607 E299.52311
G1 F860.2 X142.695 Y124.125 E299.54561
G1 F950.5 X142.15 Y124.586 E299.57559
G1 F1200 X141.902 Y124.649 E299.5841
G1 F1098.4 X141.263 Y124.477 E299.60814
G1 X141.658 Y125.23 E299.63904
G1 F1200 X142.346 Y126.424 E299.68487
G0 F6000 X142.116 Y126.824
;TYPE:WALL-OUTER
G1 F1200 X143.2 Y126.824 E299.72093
G1 X143.2 Y110.5 E300.26387
G1 X143.267 Y110.35 E300.26933
G1 X143.379 Y110.301 E300.2734
G1 X151.621 Y110.3 E300.54753
G1 X151.733 Y110.35 E300.55161
G1 X151.8 Y110.5 E300.55707
G1 X151.8 Y126.824 E301.10001
G1 X152.88 Y126.824 E301.13593
G1 X158.151 Y117.701 E301.48637
G1 X157.117 Y117.7 E301.52076
G1 X153.418 Y124.168 E301.76858
G1 X153.193 Y124.262 E301.77669
G1 X152.949 Y124.198 E301.78508
G1 X152.802 Y124.039 E301.79228
G1 X152.8 Y108.172 E302.32002
G1 X142.2 Y108.172 E302.67258
G1 X142.198 Y124.039 E303.20032
G1 X142.05 Y124.198 E303.20754
G1 X141.802 Y124.262 E303.21606
G1 X141.598 Y124.197 E303.22318
G1 X137.88 Y117.7 E303.47216
G1 X136.848 Y117.7 E303.50648
G1 X142.116 Y126.824 E303.8569
G1 F2700 E298.8569
;MESH:batclipholder.stl(2)
G0 F6000 X142.287 Y126.53
G0 X142.412 Y125.16
G0 X142.424 Y108.398
G0 X142.424 Y107.309
G0 X142.424 Y97.691
G0 X142.424 Y96.596
G0 X142.422 Y95.799
;TYPE:WALL-INNER
G1 F2700 E303.8569
G1 F1348.3 X142.422 Y94.76 E303.88765
G1 X142.245 Y94.952 E303.89538
G1 X141.973 Y95.021 E303.90369
G1 X142.422 Y95.799 E303.93028
G0 F6000 X142.346 Y96.424
G1 F1200 X142.8 Y96.424 E303.94538
G1 X142.8 Y95.089 E303.98978
G1 F1061.9 X142.748 Y94.607 E304.008
G1 F860.2 X142.695 Y94.125 E304.0305
G1 F950.5 X142.15 Y94.586 E304.06047
G1 F1200 X141.902 Y94.649 E304.06898
G1 F1098.4 X141.263 Y94.477 E304.09303
G1 X141.658 Y95.23 E304.12393
G1 F1200 X142.346 Y96.424 E304.16976
G0 F6000 X142.517 Y96.13
G0 X141.263 Y94.477
G1 F991.7 X137.621 Y88.146 E304.4637
G0 F6000 X141.785 Y95.013
G0 X142.441 Y94.839
G0 X142.695 Y94.125
G1 F793.4 X142.7 Y80.5 E305.14912
G0 F6000 X143.034 Y79.585
G1 F1025.6 X143.291 Y79.471 E305.16006
G1 X151.709 Y79.471 E305.48764
G1 F1027.8 X151.967 Y79.585 E305.4986
G1 X151.967 Y79.005 E305.52112
G1 F1025.6 X143.034 Y79.006 E305.86874
G1 X143.034 Y79.585 E305.89127
G0 F6000 X142.7 Y80.5
G1 F960 X143.002 Y80.05 E305.9138
G1 F1200 X143.337 Y79.903 E305.92597
G1 X151.663 Y79.902 E306.20289
G1 X151.998 Y80.05 E306.21507
G1 F960 X152.3 Y80.5 E306.23761
G1 X152.4 Y79.869 E306.26417
G1 F1200 X152.4 Y78.572 E306.30731
G1 X142.6 Y78.572 E306.63326
G1 X142.6 Y79.869 E306.67639
G1 F960 X142.7 Y80.5 E306.70295
G0 F6000 X142.962 Y80.062
G0 X152.038 Y80.062
G0 X152.3 Y80.5
G1 F793.4 X152.305 Y94.125 E307.38837
G0 F6000 X152.559 Y94.839
G0 X153.215 Y95.013
G0 X153.793 Y94.382
G1 F1016.9 X155.584 Y91.265 E307.52946
G1 F983.6 X157.376 Y88.148 E307.67535
G0 F6000 X153.215 Y95.013
G0 X152.578 Y95.794
G1 F1355.9 X153.025 Y95.021 E307.70164
G1 X152.752 Y94.95 E307.70994
G1 X152.578 Y94.76 E307.71753
G1 X152.578 Y95.794 E307.74796
G0 F6000 X152.2 Y96.424
G1 F1200 X152.649 Y96.424 E307.7629
G1 X153.336 Y95.235 E307.80857
G1 F1111.1 X153.793 Y94.382 E307.84333
G1 X153.091 Y94.649 E307.87031
G1 F1200 X152.847 Y94.585 E307.8787
G1 F950.5 X152.305 Y94.125 E307.90855
G1 F860.2 X152.253 Y94.605 E307.93095
G1 F1061.9 X152.201 Y95.085 E307.9491
G1 F1200 X152.2 Y96.424 E307.99363
G1 F2700 E302.99363
G0 F6000 X152.48 Y96.146
G0 X152.038 Y80.062
G0 X142.962 Y80.062
G0 X142.955 Y89.385
G0 X142.287 Y96.53
G0 X142.116 Y96.824
;TYPE:WALL-OUTER
G1 F2700 E307.99363
G1 F1200 X143.2 Y96.824 E308.02969
G1 X143.2 Y80.5 E308.57262
G1 X143.267 Y80.35 E308.57809
G1 X143.379 Y80.301 E308.58215
G1 X151.621 Y80.3 E308.85628
G1 X151.733 Y80.35 E308.86036
G1 X151.8 Y80.5 E308.86583
G1 X151.8 Y96.824 E309.40877
G1 X152.88 Y96.824 E309.44469
G1 X158.151 Y87.701 E309.79512
G1 X157.117 Y87.7 E309.82951
G1 X153.418 Y94.168 E310.07734
G1 X153.193 Y94.262 E310.08545
G1 X152.949 Y94.198 E310.09384
G1 X152.802 Y94.039 E310.10104
G1 X152.8 Y78.172 E310.62878
G1 X142.2 Y78.172 E310.98134
G1 X142.198 Y94.039 E311.50907
G1 X142.05 Y94.198 E311.5163
G1 X141.802 Y94.262 E311.52482
G1 X141.598 Y94.197 E311.53194
G1 X137.88 Y87.7 E311.78091
G1 X136.848 Y87.7 E311.81524
G1 X142.116 Y96.824 E312.16565
G1 F2700 E307.16565
;MESH:NONMESH
G0 F300 X142.116 Y96.824 Z0.4
G0 F6000 X142.287 Y96.53
G0 X137.227 Y87.92
G0 X136.289 Y88.463
G0 X123.38 Y97.685
G0 X120.947 Y97.679
G0 X116 Y81.3
;TIME_ELAPSED:527.016137
;LAYER:1
M106 S85
;TYPE:SUPPORT
G1 F2700 E312.16565
G1 F1350 X116 Y93.794 E312.5812
G1 F2700 E307.5812
G0 F7500 X116 Y94.46
G0 X120 Y94.46
G0 X120 Y93.794
G1 F2700 E312.5812
G1 F1350 X120 Y81.3 E312.99676
G1 F2700 E307.99676
G0 F7500 X123.665 Y81.3
G0 X128.88 Y86.841
G0 X129.262 Y87.5
G0 X123.665 Y111.3
G0 X120 Y111.3
G1 F2700 E312.99676
G1 F1350 X120 Y123.794 E313.41231
G1 F2700 E308.41231
G0 F7500 X120 Y124.46
G0 X116 Y124.46
G0 X116 Y123.794
G1 F2700 E313.41231
G1 F1350 X116 Y111.3 E313.82786
G1 F2700 E308.82786
G0 F7500 X116 Y107.309
G0 X148 Y107.309
G0 X148 Y111.3
G1 F2700 E313.82786
G1 F1350 X148 Y123.794 E314.24341
G1 F2700 E309.24341
G0 F7500 X148 Y124.46
G0 X150.947 Y127.679
G0 X153.38 Y127.685
G0 X159.262 Y117.5
G0 X148 Y94.46
G0 X148 Y93.794
G1 F2700 E314.24341
G1 F1350 X148 Y81.3 E314.65896
G1 F2700 E309.65896
;MESH:batclipholder.stl(1)
G0 F7500 X148 Y77.309
G0 X141.347 Y77.321
G0 X128.712 Y88.462
G0 X127.376 Y88.148
;TYPE:WALL-INNER
G1 F2700 E314.65896
G1 F1106.6 X125.584 Y91.265 E314.80486
G1 F1144.1 X123.793 Y94.382 E314.94595
G0 F7500 X123.215 Y95.013
G0 X122.559 Y94.839
G0 X122.305 Y94.125
G1 F892.6 X122.3 Y80.5 E315.63136
G0 F7500 X122.038 Y80.062
G0 X113.034 Y79.585
G1 F1153.8 X113.291 Y79.471 E315.64231
G1 X121.709 Y79.471 E315.96989
G1 F1156.3 X121.967 Y79.585 E315.98084
G1 X121.967 Y79.005 E316.00336
G1 F1153.8 X113.034 Y79.006 E316.35098
G1 X113.034 Y79.585 E316.37351
G0 F7500 X122.038 Y80.062
G0 X122.3 Y80.5
G1 F1080 X122.4 Y79.869 E316.40008
G1 F1350 X122.4 Y78.572 E316.44321
G1 X112.6 Y78.572 E316.76916
G1 X112.6 Y79.869 E316.8123
G1 F1080 X112.7 Y80.5 E316.83886
G1 X113.002 Y80.05 E316.8614
G1 F1350 X113.337 Y79.903 E316.87356
G1 X121.663 Y79.902 E317.15049
G1 X121.998 Y80.05 E317.16267
G1 F1080 X122.3 Y80.5 E317.1852
G0 F7500 X122.038 Y80.062
G0 X112.962 Y80.062
G0 X112.7 Y80.5
G1 F892.6 X112.695 Y94.125 E317.87062
G0 F7500 X112.441 Y94.839
G0 X111.785 Y95.013
G0 X111.263 Y94.477
G1 F1115.7 X107.621 Y88.146 E318.16456
G0 F7500 X111.785 Y95.013
G0 X112.422 Y95.799
G1 F1516.9 X112.422 Y94.76 E318.19531
G1 X112.245 Y94.952 E318.20304
G1 X111.973 Y95.021 E318.21135
G1 X112.422 Y95.799 E318.23794
G0 F7500 X112.8 Y96.424
G1 F1350 X112.8 Y95.089 E318.28234
G1 F1194.7 X112.748 Y94.607 E318.30056
G1 F967.7 X112.695 Y94.125 E318.32306
G1 F1069.3 X112.15 Y94.586 E318.35304
G1 F1350 X111.902 Y94.649 E318.36155
G1 F1235.7 X111.263 Y94.477 E318.38559
G1 X111.658 Y95.23 E318.41649
G1 F1350 X112.346 Y96.424 E318.46232
G1 X112.8 Y96.424 E318.47742
G1 F2700 E313.47742
G0 F7500 X112.52 Y96.146
G0 X112.962 Y80.062
G0 X122.038 Y80.062
G0 X122.578 Y95.794
G1 F2700 E318.47742
G1 F1525.4 X123.025 Y95.021 E318.50371
G1 X122.752 Y94.95 E318.51201
G1 X122.578 Y94.76 E318.51959
G1 X122.578 Y95.794 E318.55003
G0 F7500 X122.2 Y96.424
G1 F1350 X122.649 Y96.424 E318.56496
G1 X123.336 Y95.235 E318.61064
G1 F1250 X123.793 Y94.382 E318.6454
G1 X123.091 Y94.649 E318.67238
G1 F1350 X122.847 Y94.585 E318.68077
G1 F1069.3 X122.305 Y94.125 E318.71062
G1 F967.7 X122.253 Y94.605 E318.73302
G1 F1194.7 X122.201 Y95.085 E318.75117
G1 F1350 X122.2 Y96.424 E318.7957
G1 F2700 E313.7957
G0 F7500 X122.48 Y96.146
G0 X122.038 Y80.062
G0 X112.962 Y80.062
G0 X112.92 Y96.546
G0 X113.2 Y96.824
;TYPE:WALL-OUTER
G1 F2700 E318.7957
G1 F1350 X113.2 Y80.5 E319.33864
G1 X113.267 Y80.35 E319.3441
G1 X113.379 Y80.301 E319.34817
G1 X121.621 Y80.3 E319.6223
G1 X121.733 Y80.35 E319.62638
G1 X121.8 Y80.5 E319.63184
G1 X121.8 Y96.824 E320.17478
G1 X122.88 Y96.824 E320.2107
G1 X128.151 Y87.701 E320.56114
G1 X127.117 Y87.7 E320.59553
G1 X123.418 Y94.168 E320.84335
G1 X123.27 Y94.23 E320.84869
G1 F1500 X123.193 Y94.262 E320.85146
G1 X122.949 Y94.198 E320.85985
G1 X122.9 Y94.145 E320.86225
G1 F1350 X122.802 Y94.039 E320.86705
G1 X122.8 Y78.172 E321.39479
G1 X112.2 Y78.172 E321.74735
G1 X112.198 Y94.039 E322.27509
G1 X112.1 Y94.144 E322.27987
G1 F1500 X112.05 Y94.198 E322.28231
G1 X111.802 Y94.262 E322.29083
G1 X111.737 Y94.241 E322.2931
G1 F1350 X111.598 Y94.197 E322.29795
G1 X107.88 Y87.7 E322.54693
G1 X106.848 Y87.7 E322.58125
G1 X112.116 Y96.824 E322.93167
G1 X113.2 Y96.824 E322.96772
G1 F2700 E317.96772
;MESH:batclipholder.stl
G0 F7500 X112.92 Y96.546
G0 X112.976 Y97.691
G0 X112.976 Y107.309
G0 X112.976 Y108.404
G0 X113.034 Y109.585
;TYPE:WALL-INNER
G1 F2700 E322.96772
G1 F1153.8 X113.291 Y109.471 E322.97866
G1 X121.709 Y109.471 E323.30624
G1 F1156.3 X121.967 Y109.585 E323.3172
G1 X121.967 Y109.005 E323.33972
G1 F1153.8 X113.034 Y109.006 E323.68734
G1 X113.034 Y109.585 E323.70987
G0 F7500 X122.038 Y110.062
G0 X122.3 Y110.5
G1 F1080 X122.4 Y109.869 E323.73643
G1 F1350 X122.4 Y108.572 E323.77957
G1 X112.6 Y108.572 E324.10552
G1 X112.6 Y109.869 E324.14866
G1 F1080 X112.7 Y110.5 E324.17522
G1 X113.002 Y110.05 E324.19775
G1 F1350 X113.337 Y109.903 E324.20992
G1 X121.663 Y109.902 E324.48684
G1 X121.998 Y110.05 E324.49902
G1 F1080 X122.3 Y110.5 E324.52156
G1 F892.6 X122.305 Y124.125 E325.20697
G0 F7500 X122.559 Y124.839
G0 X123.215 Y125.013
G0 X123.793 Y124.382
G1 F1144.1 X125.584 Y121.265 E325.34806
G1 F1106.6 X127.376 Y118.148 E325.49396
G0 F7500 X123.215 Y125.013
G0 X122.578 Y125.794
G1 F1525.4 X123.025 Y125.021 E325.52024
G1 X122.752 Y124.95 E325.52854
G1 X122.578 Y124.76 E325.53613
G1 X122.578 Y125.794 E325.56656
G0 F7500 X122.2 Y126.424
G1 F1350 X122.649 Y126.424 E325.5815
G1 X123.336 Y125.235 E325.62717
G1 F1250 X123.793 Y124.382 E325.66193
G1 X123.091 Y124.649 E325.68891
G1 F1350 X122.847 Y124.585 E325.6973
G1 F1069.3 X122.305 Y124.125 E325.72715
G1 F967.7 X122.253 Y124.605 E325.74955
G1 F1194.7 X122.201 Y125.085 E325.7677
G1 F1350 X122.2 Y126.424 E325.81223
G1 F2700 E320.81223
G0 F7500 X122.48 Y126.146
G0 X122.038 Y110.062
G0 X112.962 Y110.062
G0 X112.695 Y124.125
G1 F2700 E325.81223
G1 F892.6 X112.7 Y110.5 E326.49765
G0 F7500 X112.441 Y124.839
G0 X111.785 Y125.013
G0 X107.621 Y118.146
G1 F1115.7 X111.263 Y124.477 E326.79159
G0 F7500 X112.422 Y125.799
G1 F1516.9 X112.422 Y124.76 E326.82235
G1 X112.245 Y124.952 E326.83008
G1 X111.973 Y125.021 E326.83838
G1 X112.422 Y125.799 E326.86497
G0 F7500 X112.8 Y126.424
G1 F1350 X112.8 Y125.089 E326.90938
G1 F1194.7 X112.748 Y124.607 E326.9276
G1 F967.7 X112.695 Y124.125 E326.9501
G1 F1069.3 X112.15 Y124.586 E326.98007
G1 F1350 X111.902 Y124.649 E326.98858
G1 F1235.7 X111.263 Y124.477 E327.01263
G1 X111.658 Y125.23 E327.04352
G1 F1350 X112.346 Y126.424 E327.08936
G1 X112.8 Y126.424 E327.10446
G0 F7500 X113.2 Y126.824
;TYPE:WALL-OUTER
G1 F1350 X113.2 Y110.5 E327.6474
G1 X113.267 Y110.35 E327.65286
G1 X113.379 Y110.301 E327.65693
G1 X121.621 Y110.3 E327.93106
G1 X121.733 Y110.35 E327.93513
G1 X121.8 Y110.5 E327.9406
G1 X121.8 Y126.824 E328.48354
G1 X122.88 Y126.824 E328.51946
G1 X128.151 Y117.701 E328.8699
G1 X127.117 Y117.7 E328.90429
G1 X123.418 Y124.168 E329.15211
G1 X123.27 Y124.23 E329.15745
G1 F1500 X123.193 Y124.262 E329.16022
G1 X122.949 Y124.198 E329.16861
G1 X122.9 Y124.145 E329.17101
G1 F1350 X122.802 Y124.039 E329.17581
G1 X122.8 Y108.172 E329.70355
G1 X112.2 Y108.172 E330.05611
G1 X112.198 Y124.039 E330.58385
G1 X112.1 Y124.144 E330.58862
G1 F1500 X112.05 Y124.198 E330.59107
G1 X111.802 Y124.262 E330.59959
G1 X111.737 Y124.241 E330.60186
G1 F1350 X111.598 Y124.197 E330.60671
G1 X107.88 Y117.7 E330.85568
G1 X106.848 Y117.7 E330.89001
G1 X112.116 Y126.824 E331.24042
G1 X113.2 Y126.824 E331.27648
G1 F2700 E326.27648
;MESH:batclipholder.stl(3)
G0 F7500 X112.92 Y126.546
G0 X112.962 Y110.062
G0 X122.038 Y110.062
G0 X122.559 Y124.839
G0 X123.215 Y125.013
G0 X127.773 Y117.92
G0 X128.712 Y118.462
G0 X136.289 Y118.463
G0 X137.621 Y118.146
;TYPE:WALL-INNER
G1 F2700 E331.27648
G1 F1115.7 X141.263 Y124.477 E331.57042
G0 F7500 X141.785 Y125.013
G0 X142.441 Y124.839
G0 X142.695 Y124.125
G1 F892.6 X142.7 Y110.5 E332.25584
G0 F7500 X143.034 Y109.585
G1 F1153.8 X143.291 Y109.471 E332.26678
G1 X151.709 Y109.471 E332.59436
G1 F1156.3 X151.967 Y109.585 E332.60531
G1 X151.967 Y109.005 E332.62783
G1 F1153.8 X143.034 Y109.006 E332.97546
G1 X143.034 Y109.585 E332.99799
G0 F7500 X142.7 Y110.5
G1 F1080 X143.002 Y110.05 E333.02052
G1 F1350 X143.337 Y109.903 E333.03269
G1 X151.663 Y109.902 E333.30961
G1 X151.998 Y110.05 E333.32179
G1 F1080 X152.3 Y110.5 E333.34432
G1 X152.4 Y109.869 E333.37088
G1 F1350 X152.4 Y108.572 E333.41402
G1 X142.6 Y108.572 E333.73997
G1 X142.6 Y109.869 E333.78311
G1 F1080 X142.7 Y110.5 E333.80967
G0 F7500 X142.962 Y110.062
G0 X152.038 Y110.062
G0 X152.3 Y110.5
G1 F892.6 X152.305 Y124.125 E334.49509
G0 F7500 X152.559 Y124.839
G0 X153.215 Y125.013
G0 X153.793 Y124.382
G1 F1144.1 X155.584 Y121.265 E334.63618
G1 F1106.6 X157.376 Y118.148 E334.78207
G0 F7500 X153.215 Y125.013
G0 X152.578 Y125.794
G1 F1525.4 X153.025 Y125.021 E334.80835
G1 X152.752 Y124.95 E334.81666
G1 X152.578 Y124.76 E334.82424
G1 X152.578 Y125.794 E334.85468
G0 F7500 X152.2 Y126.424
G1 F1350 X152.649 Y126.424 E334.86961
G1 X153.336 Y125.235 E334.91528
G1 F1250 X153.793 Y124.382 E334.95005
G1 X153.091 Y124.649 E334.97702
G1 F1350 X152.847 Y124.585 E334.98541
G1 F1069.3 X152.305 Y124.125 E335.01526
G1 F967.7 X152.253 Y124.605 E335.03767
G1 F1194.7 X152.201 Y125.085 E335.05581
G1 F1350 X152.2 Y126.424 E335.10035
G1 F2700 E330.10035
G0 F7500 X152.48 Y126.146
G0 X152.038 Y110.062
G0 X142.962 Y110.062
G0 X142.422 Y125.799
G1 F2700 E335.10035
G1 F1516.9 X142.422 Y124.76 E335.1311
G1 X142.245 Y124.952 E335.13883
G1 X141.973 Y125.021 E335.14714
G1 X142.422 Y125.799 E335.17373
G0 F7500 X142.346 Y126.424
G1 F1350 X142.8 Y126.424 E335.18883
G1 X142.8 Y125.089 E335.23323
G1 F1194.7 X142.748 Y124.607 E335.25145
G1 F967.7 X142.695 Y124.125 E335.27395
G1 F1069.3 X142.15 Y124.586 E335.30393
G1 F1350 X141.902 Y124.649 E335.31244
G1 F1235.7 X141.263 Y124.477 E335.33648
G1 X141.658 Y125.23 E335.36738
G1 F1350 X142.346 Y126.424 E335.41321
G0 F7500 X142.116 Y126.824
;TYPE:WALL-OUTER
G1 F1350 X143.2 Y126.824 E335.44927
G1 X143.2 Y110.5 E335.99221
G1 X143.267 Y110.35 E335.99767
G1 X143.379 Y110.301 E336.00174
G1 X151.621 Y110.3 E336.27587
G1 X151.733 Y110.35 E336.27995
G1 X151.8 Y110.5 E336.28541
G1 X151.8 Y126.824 E336.82835
G1 X152.88 Y126.824 E336.86427
G1 X158.151 Y117.701 E337.21471
G1 X157.117 Y117.7 E337.2491
G1 X153.418 Y124.168 E337.49692
G1 X153.27 Y124.23 E337.50226
G1 F1500 X153.193 Y124.262 E337.50503
G1 X152.949 Y124.198 E337.51342
G1 X152.9 Y124.145 E337.51582
G1 F1350 X152.802 Y124.039 E337.52062
G1 X152.8 Y108.172 E338.04836
G1 X142.2 Y108.172 E338.40092
G1 X142.198 Y124.039 E338.92866
G1 X142.1 Y124.144 E338.93343
G1 F1500 X142.05 Y124.198 E338.93588
G1 X141.802 Y124.262 E338.9444
G1 X141.737 Y124.241 E338.94667
G1 F1350 X141.598 Y124.197 E338.95152
G1 X137.88 Y117.7 E339.20049
G1 X136.848 Y117.7 E339.23482
G1 X142.116 Y126.824 E339.58523
G1 F2700 E334.58523
;MESH:batclipholder.stl(2)
G0 F7500 X142.287 Y126.53
G0 X142.412 Y125.16
G0 X142.424 Y108.398
G0 X142.424 Y107.309
G0 X142.424 Y97.691
G0 X142.424 Y96.596
G0 X142.422 Y95.799
;TYPE:WALL-INNER
G1 F2700 E339.58523
G1 F1516.9 X142.422 Y94.76 E339.61599
G1 X142.245 Y94.952 E339.62372
G1 X141.973 Y95.021 E339.63203
G1 X142.422 Y95.799 E339.65862
G0 F7500 X142.346 Y96.424
G1 F1350 X142.8 Y96.424 E339.67372
G1 X142.8 Y95.089 E339.71812
G1 F1194.7 X142.748 Y94.607 E339.73634
G1 F967.7 X142.695 Y94.125 E339.75884
G1 F1069.3 X142.15 Y94.586 E339.78881
G1 F1350 X141.902 Y94.649 E339.79732
G1 F1235.7 X141.263 Y94.477 E339.82137
G1 X141.658 Y95.23 E339.85227
G1 F1350 X142.346 Y96.424 E339.8981
G0 F7500 X142.517 Y96.13
G0 X141.263 Y94.477
G1 F1115.7 X137.621 Y88.146 E340.19204
G0 F7500 X141.785 Y95.013
G0 X142.441 Y94.839
G0 X142.695 Y94.125
G1 F892.6 X142.7 Y80.5 E340.87746
G0 F7500 X143.034 Y79.585
G1 F1153.8 X143.291 Y79.471 E340.8884
G1 X151.709 Y79.471 E341.21598
G1 F1156.3 X151.967 Y79.585 E341.22693
G1 X151.967 Y79.005 E341.24946
G1 F1153.8 X143.034 Y79.006 E341.59708
G1 X143.034 Y79.585 E341.61961
G0 F7500 X142.7 Y80.5
G1 F1080 X143.002 Y80.05 E341.64214
G1 F1350 X143.337 Y79.903 E341.65431
G1 X151.663 Y79.902 E341.93123
G1 X151.998 Y80.05 E341.94341
G1 F1080 X152.3 Y80.5 E341.96594
G1 X152.4 Y79.869 E341.99251
G1 F1350 X152.4 Y78.572 E342.03564
G1 X142.6 Y78.572 E342.36159
G1 X142.6 Y79.869 E342.40473
G1 F1080 X142.7 Y80.5 E342.43129
G0 F7500 X142.962 Y80.062
G0 X152.038 Y80.062
G0 X152.3 Y80.5
G1 F892.6 X152.305 Y94.125 E343.11671
G0 F7500 X152.559 Y94.839
G0 X153.215 Y95.013
G0 X153.793 Y94.382
G1 F1144.1 X155.584 Y91.265 E343.2578
G1 F1106.6 X157.376 Y88.148 E343.40369
G0 F7500 X153.215 Y95.013
G0 X152.578 Y95.794
G1 F1525.4 X153.025 Y95.021 E343.42998
G1 X152.752 Y94.95 E343.43828
G1 X152.578 Y94.76 E343.44586
G1 X152.578 Y95.794 E343.4763
G0 F7500 X152.2 Y96.424
G1 F1350 X152.649 Y96.424 E343.49123
G1 X153.336 Y95.235 E343.53691
G1 F1250 X153.793 Y94.382 E343.57167
G1 X153.091 Y94.649 E343.59865
G1 F1350 X152.847 Y94.585 E343.60704
G1 F1069.3 X152.305 Y94.125 E343.63689
G1 F967.7 X152.253 Y94.605 E343.65929
G1 F1194.7 X152.201 Y95.085 E343.67743
G1 F1350 X152.2 Y96.424 E343.72197
G1 F2700 E338.72197
G0 F7500 X152.48 Y96.146
G0 X152.038 Y80.062
G0 X142.962 Y80.062
G0 X142.955 Y89.385
G0 X142.287 Y96.53
G0 X142.116 Y96.824
;TYPE:WALL-OUTER
G1 F2700 E343.72197
G1 F1350 X143.2 Y96.824 E343.75802
G1 X143.2 Y80.5 E344.30096
G1 X143.267 Y80.35 E344.30643
G1 X143.379 Y80.301 E344.31049
G1 X151.621 Y80.3 E344.58462
G1 X151.733 Y80.35 E344.5887
G1 X151.8 Y80.5 E344.59417
G1 X151.8 Y96.824 E345.1371
G1 X152.88 Y96.824 E345.17302
G1 X158.151 Y87.701 E345.52346
G1 X157.117 Y87.7 E345.55785
G1 X153.418 Y94.168 E345.80567
G1 X153.27 Y94.23 E345.81101
G1 F1500 X153.193 Y94.262 E345.81379
G1 X152.949 Y94.198 E345.82218
G1 X152.9 Y94.145 E345.82458
G1 F1350 X152.802 Y94.039 E345.82938
G1 X152.8 Y78.172 E346.35712
G1 X142.2 Y78.172 E346.70967
G1 X142.198 Y94.039 E347.23741
G1 X142.1 Y94.144 E347.24219
G1 F1500 X142.05 Y94.198 E347.24464
G1 X141.802 Y94.262 E347.25316
G1 X141.737 Y94.241 E347.25543
G1 F1350 X141.598 Y94.197 E347.26028
G1 X137.88 Y87.7 E347.50925
G1 X136.848 Y87.7 E347.54357
G1 X142.116 Y96.824 E347.89399
G1 F2700 E342.89399
;MESH:NONMESH
G0 F300 X142.116 Y96.824 Z0.6
G0 F7500 X142.287 Y96.53
G0 X137.227 Y87.92
G0 X136.289 Y88.463
G0 X123.653 Y77.321
G0 X116 Y77.309
G0 X116 Y81.3
;TIME_ELAPSED:601.209209
;LAYER:2
M106 S170
;TYPE:SUPPORT
G1 F2700 E347.89399
G1 F1500 X116 Y93.794 E348.30954
G1 F2700 E343.30954
G0 F9000 X116 Y94.46
G0 X120 Y94.46
G0 X120 Y93.794
G1 F2700 E348.30954
G1 F1500 X120 Y81.3 E348.72509
G1 F2700 E343.72509
G0 F9000 X123.665 Y81.3
G0 X128.88 Y86.841
G0 X129.262 Y87.5
G0 X123.665 Y111.3
G0 X120 Y111.3
G1 F2700 E348.72509
G1 F1500 X120 Y123.794 E349.14065
G1 F2700 E344.14065
G0 F9000 X120 Y124.46
G0 X116 Y124.46
G0 X116 Y123.794
G1 F2700 E349.14065
G1 F1500 X116 Y111.3 E349.5562
G1 F2700 E344.5562
G0 F9000 X116 Y107.309
G0 X148 Y107.309
G0 X148 Y111.3
G1 F2700 E349.5562
G1 F1500 X148 Y123.794 E349.97175
G1 F2700 E344.97175
G0 F9000 X148 Y124.46
G0 X150.947 Y127.679
G0 X153.38 Y127.685
G0 X159.262 Y117.5
G0 X148 Y94.46
G0 X148 Y93.794
G1 F2700 E349.97175
G1 F1500 X148 Y81.3 E350.3873
G1 F2700 E345.3873
;MESH:batclipholder.stl(1)
G0 F9000 X148 Y77.309
G0 X141.347 Y77.321
G0 X128.712 Y88.462
G0 X127.376 Y88.148
;TYPE:WALL-INNER
G1 F2700 E350.3873
G1 F1229.5 X125.584 Y91.265 E350.53319
G1 F1271.2 X123.793 Y94.382 E350.67428
G0 F9000 X123.215 Y95.013
G0 X122.559 Y94.839
G0 X122.305 Y94.125
G1 F991.7 X122.3 Y80.5 E351.3597
G0 F9000 X122.038 Y80.062
G0 X113.034 Y79.585
G1 F1282.1 X113.291 Y79.471 E351.37064
G1 X121.709 Y79.471 E351.69822
G1 F1284.8 X121.967 Y79.585 E351.70918
G1 X121.967 Y79.005 E351.7317
G1 F1282.1 X113.034 Y79.006 E352.07932
G1 X113.034 Y79.585 E352.10185
G0 F9000 X122.038 Y80.062
G0 X122.3 Y80.5
G1 F1200 X122.4 Y79.869 E352.12841
G1 F1500 X122.4 Y78.572 E352.17155
G1 X112.6 Y78.572 E352.4975
G1 X112.6 Y79.869 E352.54064
G1 F1200 X112.7 Y80.5 E352.5672
G1 X113.002 Y80.05 E352.58973
G1 F1500 X113.337 Y79.903 E352.6019
G1 X121.663 Y79.902 E352.87882
G1 X121.998 Y80.05 E352.89101
G1 F1200 X122.3 Y80.5 E352.91354
G0 F9000 X122.038 Y80.062
G0 X112.962 Y80.062
G0 X112.7 Y80.5
G1 F991.7 X112.695 Y94.125 E353.59896
G0 F9000 X112.441 Y94.839
G0 X111.785 Y95.013
G0 X111.263 Y94.477
G1 F1239.7 X107.621 Y88.146 E353.8929
G0 F9000 X111.785 Y95.013
G0 X112.422 Y95.799
G1 F1685.4 X112.422 Y94.76 E353.92365
G1 X112.245 Y94.952 E353.93138
G1 X111.973 Y95.021 E353.93969
G1 X112.422 Y95.799 E353.96628
G0 F9000 X112.8 Y96.424
G1 F1500 X112.8 Y95.089 E354.01068
G1 F1327.4 X112.748 Y94.607 E354.0289
G1 F1075.3 X112.695 Y94.125 E354.0514
G1 F1188.1 X112.15 Y94.586 E354.08137
G1 F1500 X111.902 Y94.649 E354.08989
G1 F1373 X111.263 Y94.477 E354.11393
G1 X111.658 Y95.23 E354.14483
G1 F1500 X112.346 Y96.424 E354.19066
G1 X112.8 Y96.424 E354.20576
G1 F2700 E349.20576
G0 F9000 X112.52 Y96.146
G0 X112.962 Y80.062
G0 X122.038 Y80.062
G0 X122.578 Y95.794
G1 F2700 E354.20576
G1 F1694.9 X123.025 Y95.021 E354.23205
G1 X122.752 Y94.95 E354.24035
G1 X122.578 Y94.76 E354.24793
G1 X122.578 Y95.794 E354.27837
G0 F9000 X122.2 Y96.424
G1 F1500 X122.649 Y96.424 E354.2933
G1 X123.336 Y95.235 E354.33898
G1 F1388.9 X123.793 Y94.382 E354.37374
G1 X123.091 Y94.649 E354.40072
G1 F1500 X122.847 Y94.585 E354.40911
G1 F1188.1 X122.305 Y94.125 E354.43896
G1 F1075.3 X122.253 Y94.605 E354.46136
G1 F1327.4 X122.201 Y95.085 E354.4795
G1 F1500 X122.2 Y96.424 E354.52404
G1 F2700 E349.52404
G0 F9000 X122.48 Y96.146
G0 X122.038 Y80.062
G0 X112.962 Y80.062
G0 X112.92 Y96.546
G0 X113.2 Y96.824
;TYPE:WALL-OUTER
G1 F2700 E354.52404
G1 F1500 X113.2 Y80.5 E355.06698
G1 X113.267 Y80.35 E355.07244
G1 X113.379 Y80.301 E355.07651
G1 X121.621 Y80.3 E355.35064
G1 X121.733 Y80.35 E355.35472
G1 X121.8 Y80.5 E355.36018
G1 X121.8 Y96.824 E355.90312
G1 X122.88 Y96.824 E355.93904
G1 X128.151 Y87.701 E356.28948
G1 X127.117 Y87.7 E356.32387
G1 X123.418 Y94.168 E356.57169
G1 X123.193 Y94.262 E356.5798
G1 X122.949 Y94.198 E356.58819
G1 X122.802 Y94.039 E356.59539
G1 X122.8 Y78.172 E357.12313
G1 X112.2 Y78.172 E357.47569
G1 X112.198 Y94.039 E358.00343
G1 X112.05 Y94.198 E358.01065
G1 X111.802 Y94.262 E358.01917
G1 X111.598 Y94.197 E358.02629
G1 X107.88 Y87.7 E358.27526
G1 X106.848 Y87.7 E358.30959
G1 X112.116 Y96.824 E358.66001
G1 X113.2 Y96.824 E358.69606
G1 F2700 E353.69606
;MESH:batclipholder.stl
G0 F9000 X112.92 Y96.546
G0 X112.976 Y97.691
G0 X112.976 Y107.309
G0 X112.976 Y108.404
G0 X113.034 Y109.585
;TYPE:WALL-INNER
G1 F2700 E358.69606
G1 F1282.1 X113.291 Y109.471 E358.707
G1 X121.709 Y109.471 E359.03458
G1 F1284.8 X121.967 Y109.585 E359.04553
G1 X121.967 Y109.005 E359.06806
G1 F1282.1 X113.034 Y109.006 E359.41568
G1 X113.034 Y109.585 E359.43821
G0 F9000 X122.038 Y110.062
G0 X122.3 Y110.5
G1 F1200 X122.4 Y109.869 E359.46477
G1 F1500 X122.4 Y108.572 E359.50791
G1 X112.6 Y108.572 E359.83386
G1 X112.6 Y109.869 E359.877
G1 F1200 X112.7 Y110.5 E359.90356
G1 X113.002 Y110.05 E359.92609
G1 F1500 X113.337 Y109.903 E359.93826
G1 X121.663 Y109.902 E360.21518
G1 X121.998 Y110.05 E360.22736
G1 F1200 X122.3 Y110.5 E360.24989
G1 F991.7 X122.305 Y124.125 E360.93531
G0 F9000 X122.559 Y124.839
G0 X123.215 Y125.013
G0 X123.793 Y124.382
G1 F1271.2 X125.584 Y121.265 E361.0764
G1 F1229.5 X127.376 Y118.148 E361.22229
G0 F9000 X123.215 Y125.013
G0 X122.578 Y125.794
G1 F1694.9 X123.025 Y125.021 E361.24858
G1 X122.752 Y124.95 E361.25688
G1 X122.578 Y124.76 E361.26446
G1 X122.578 Y125.794 E361.2949
G0 F9000 X122.2 Y126.424
G1 F1500 X122.649 Y126.424 E361.30983
G1 X123.336 Y125.235 E361.35551
G1 F1388.9 X123.793 Y124.382 E361.39027
G1 X123.091 Y124.649 E361.41725
G1 F1500 X122.847 Y124.585 E361.42564
G1 F1188.1 X122.305 Y124.125 E361.45549
G1 F1075.3 X122.253 Y124.605 E361.47789
G1 F1327.4 X122.201 Y125.085 E361.49603
G1 F1500 X122.2 Y126.424 E361.54057
G1 F2700 E356.54057
G0 F9000 X122.48 Y126.146
G0 X122.038 Y110.062
G0 X112.962 Y110.062
G0 X112.695 Y124.125
G1 F2700 E361.54057
G1 F991.7 X112.7 Y110.5 E362.22599
G0 F9000 X112.441 Y124.839
G0 X111.785 Y125.013
G0 X107.621 Y118.146
G1 F1239.7 X111.263 Y124.477 E362.51993
G0 F9000 X112.422 Y125.799
G1 F1685.4 X112.422 Y124.76 E362.55068
G1 X112.245 Y124.952 E362.55842
G1 X111.973 Y125.021 E362.56672
G1 X112.422 Y125.799 E362.59331
G0 F9000 X112.8 Y126.424
G1 F1500 X112.8 Y125.089 E362.63771
G1 F1327.4 X112.748 Y124.607 E362.65593
G1 F1075.3 X112.695 Y124.125 E362.67843
G1 F1188.1 X112.15 Y124.586 E362.70841
G1 F1500 X111.902 Y124.649 E362.71692
G1 F1373 X111.263 Y124.477 E362.74096
G1 X111.658 Y125.23 E362.77186
G1 F1500 X112.346 Y126.424 E362.81769
G1 X112.8 Y126.424 E362.83279
G0 F9000 X113.2 Y126.824
;TYPE:WALL-OUTER
G1 F1500 X113.2 Y110.5 E363.37573
G1 X113.267 Y110.35 E363.3812
G1 X113.379 Y110.301 E363.38526
G1 X121.621 Y110.3 E363.65939
G1 X121.733 Y110.35 E363.66347
G1 X121.8 Y110.5 E363.66894
G1 X121.8 Y126.824 E364.21188
G1 X122.88 Y126.824 E364.2478
G1 X128.151 Y117.701 E364.59823
G1 X127.117 Y117.7 E364.63262
G1 X123.418 Y124.168 E364.88045
G1 X123.193 Y124.262 E364.88856
G1 X122.949 Y124.198 E364.89695
G1 X122.802 Y124.039 E364.90415
G1 X122.8 Y108.172 E365.43189
G1 X112.2 Y108.172 E365.78444
G1 X112.198 Y124.039 E366.31218
G1 X112.05 Y124.198 E366.31941
G1 X111.802 Y124.262 E366.32793
G1 X111.598 Y124.197 E366.33505
G1 X107.88 Y117.7 E366.58402
G1 X106.848 Y117.7 E366.61835
G1 X112.116 Y126.824 E366.96876
G1 X113.2 Y126.824 E367.00482
G1 F2700 E362.00482
;MESH:batclipholder.stl(3)
G0 F9000 X112.92 Y126.546
G0 X112.962 Y110.062
G0 X122.038 Y110.062
G0 X122.559 Y124.839
G0 X123.215 Y125.013
G0 X127.773 Y117.92
G0 X128.712 Y118.462
G0 X136.289 Y118.463
G0 X137.621 Y118.146
;TYPE:WALL-INNER
G1 F2700 E367.00482
G1 F1239.7 X141.263 Y124.477 E367.29876
G0 F9000 X141.785 Y125.013
G0 X142.441 Y124.839
G0 X142.695 Y124.125
G1 F991.7 X142.7 Y110.5 E367.98417
G0 F9000 X143.034 Y109.585
G1 F1282.1 X143.291 Y109.471 E367.99512
G1 X151.709 Y109.471 E368.3227
G1 F1284.8 X151.967 Y109.585 E368.33365
G1 X151.967 Y109.005 E368.35617
G1 F1282.1 X143.034 Y109.006 E368.70379
G1 X143.034 Y109.585 E368.72632
G0 F9000 X142.7 Y110.5
G1 F1200 X143.002 Y110.05 E368.74886
G1 F1500 X143.337 Y109.903 E368.76102
G1 X151.663 Y109.902 E369.03795
G1 X151.998 Y110.05 E369.05013
G1 F1200 X152.3 Y110.5 E369.07266
G1 X152.4 Y109.869 E369.09922
G1 F1500 X152.4 Y108.572 E369.14236
G1 X142.6 Y108.572 E369.46831
G1 X142.6 Y109.869 E369.51145
G1 F1200 X142.7 Y110.5 E369.53801
G0 F9000 X142.962 Y110.062
G0 X152.038 Y110.062
G0 X152.3 Y110.5
G1 F991.7 X152.305 Y124.125 E370.22343
G0 F9000 X152.559 Y124.839
G0 X153.215 Y125.013
G0 X153.793 Y124.382
G1 F1271.2 X155.584 Y121.265 E370.36452
G1 F1229.5 X157.376 Y118.148 E370.51041
G0 F9000 X153.215 Y125.013
G0 X152.578 Y125.794
G1 F1694.9 X153.025 Y125.021 E370.53669
G1 X152.752 Y124.95 E370.545
G1 X152.578 Y124.76 E370.55258
G1 X152.578 Y125.794 E370.58302
G0 F9000 X152.2 Y126.424
G1 F1500 X152.649 Y126.424 E370.59795
G1 X153.336 Y125.235 E370.64362
G1 F1388.9 X153.793 Y124.382 E370.67838
G1 X153.091 Y124.649 E370.70536
G1 F1500 X152.847 Y124.585 E370.71375
G1 F1188.1 X152.305 Y124.125 E370.7436
G1 F1075.3 X152.253 Y124.605 E370.766
G1 F1327.4 X152.201 Y125.085 E370.78415
G1 F1500 X152.2 Y126.424 E370.82869
G1 F2700 E365.82869
G0 F9000 X152.48 Y126.146
G0 X152.038 Y110.062
G0 X142.962 Y110.062
G0 X142.422 Y125.799
G1 F2700 E370.82869
G1 F1685.4 X142.422 Y124.76 E370.85944
G1 X142.245 Y124.952 E370.86717
G1 X141.973 Y125.021 E370.87548
G1 X142.422 Y125.799 E370.90207
G0 F9000 X142.346 Y126.424
G1 F1500 X142.8 Y126.424 E370.91717
G1 X142.8 Y125.089 E370.96157
G1 F1327.4 X142.748 Y124.607 E370.97979
G1 F1075.3 X142.695 Y124.125 E371.00229
G1 F1188.1 X142.15 Y124.586 E371.03226
G1 F1500 X141.902 Y124.649 E371.04077
G1 F1373 X141.263 Y124.477 E371.06482
G1 X141.658 Y125.23 E371.09572
G1 F1500 X142.346 Y126.424 E371.14155
G0 F9000 X142.116 Y126.824
;TYPE:WALL-OUTER
G1 F1500 X143.2 Y126.824 E371.17761
G1 X143.2 Y110.5 E371.72054
G1 X143.267 Y110.35 E371.72601
G1 X143.379 Y110.301 E371.73007
G1 X151.621 Y110.3 E372.0042
G1 X151.733 Y110.35 E372.00828
G1 X151.8 Y110.5 E372.01375
G1 X151.8 Y126.824 E372.55669
G1 X152.88 Y126.824 E372.59261
G1 X158.151 Y117.701 E372.94304
G1 X157.117 Y117.7 E372.97743
G1 X153.418 Y124.168 E373.22526
G1 X153.193 Y124.262 E373.23337
G1 X152.949 Y124.198 E373.24176
G1 X152.802 Y124.039 E373.24896
G1 X152.8 Y108.172 E373.7767
G1 X142.2 Y108.172 E374.12926
G1 X142.198 Y124.039 E374.65699
G1 X142.05 Y124.198 E374.66422
G1 X141.802 Y124.262 E374.67274
G1 X141.598 Y124.197 E374.67986
G1 X137.88 Y117.7 E374.92883
G1 X136.848 Y117.7 E374.96316
G1 X142.116 Y126.824 E375.31357
G1 F2700 E370.31357
;MESH:batclipholder.stl(2)
G0 F9000 X142.287 Y126.53
G0 X142.412 Y125.16
G0 X142.424 Y108.398
G0 X142.424 Y107.309
G0 X142.424 Y97.691
G0 X142.424 Y96.596
G0 X142.422 Y95.799
;TYPE:WALL-INNER
G1 F2700 E375.31357
G1 F1685.4 X142.422 Y94.76 E375.34433
G1 X142.245 Y94.952 E375.35206
G1 X141.973 Y95.021 E375.36036
G1 X142.422 Y95.799 E375.38695
G0 F9000 X142.346 Y96.424
G1 F1500 X142.8 Y96.424 E375.40205
G1 X142.8 Y95.089 E375.44646
G1 F1327.4 X142.748 Y94.607 E375.46468
G1 F1075.3 X142.695 Y94.125 E375.48718
G1 F1188.1 X142.15 Y94.586 E375.51715
G1 F1500 X141.902 Y94.649 E375.52566
G1 F1373 X141.263 Y94.477 E375.54971
G1 X141.658 Y95.23 E375.5806
G1 F1500 X142.346 Y96.424 E375.62644
G0 F9000 X142.517 Y96.13
G0 X141.263 Y94.477
G1 F1239.7 X137.621 Y88.146 E375.92038
G0 F9000 X141.785 Y95.013
G0 X142.441 Y94.839
G0 X142.695 Y94.125
G1 F991.7 X142.7 Y80.5 E376.6058
G0 F9000 X143.034 Y79.585
G1 F1282.1 X143.291 Y79.471 E376.61674
G1 X151.709 Y79.471 E376.94432
G1 F1284.8 X151.967 Y79.585 E376.95527
G1 X151.967 Y79.005 E376.97779
G1 F1282.1 X143.034 Y79.006 E377.32542
G1 X143.034 Y79.585 E377.34795
G0 F9000 X142.7 Y80.5
G1 F1200 X143.002 Y80.05 E377.37048
G1 F1500 X143.337 Y79.903 E377.38265
G1 X151.663 Y79.902 E377.65957
G1 X151.998 Y80.05 E377.67175
G1 F1200 X152.3 Y80.5 E377.69428
G1 X152.4 Y79.869 E377.72084
G1 F1500 X152.4 Y78.572 E377.76398
G1 X142.6 Y78.572 E378.08993
G1 X142.6 Y79.869 E378.13307
G1 F1200 X142.7 Y80.5 E378.15963
G0 F9000 X142.962 Y80.062
G0 X152.038 Y80.062
G0 X152.3 Y80.5
G1 F991.7 X152.305 Y94.125 E378.84505
G0 F9000 X152.559 Y94.839
G0 X153.215 Y95.013
G0 X153.793 Y94.382
G1 F1271.2 X155.584 Y91.265 E378.98614
G1 F1229.5 X157.376 Y88.148 E379.13203
G0 F9000 X153.215 Y95.013
G0 X152.578 Y95.794
G1 F1694.9 X153.025 Y95.021 E379.15831
G1 X152.752 Y94.95 E379.16662
G1 X152.578 Y94.76 E379.1742
G1 X152.578 Y95.794 E379.20464
G0 F9000 X152.2 Y96.424
G1 F1500 X152.649 Y96.424 E379.21957
G1 X153.336 Y95.235 E379.26524
G1 F1388.9 X153.793 Y94.382 E379.30001
G1 X153.091 Y94.649 E379.32698
G1 F1500 X152.847 Y94.585 E379.33537
G1 F1188.1 X152.305 Y94.125 E379.36522
G1 F1075.3 X152.253 Y94.605 E379.38763
G1 F1327.4 X152.201 Y95.085 E379.40577
G1 F1500 X152.2 Y96.424 E379.45031
G1 F2700 E374.45031
G0 F9000 X152.48 Y96.146
G0 X152.038 Y80.062
G0 X142.962 Y80.062
G0 X142.955 Y89.385
G0 X142.287 Y96.53
G0 X142.116 Y96.824
;TYPE:WALL-OUTER
G1 F2700 E379.45031
G1 F1500 X143.2 Y96.824 E379.48636
G1 X143.2 Y80.5 E380.0293
G1 X143.267 Y80.35 E380.03476
G1 X143.379 Y80.301 E380.03883
G1 X151.621 Y80.3 E380.31296
G1 X151.733 Y80.35 E380.31704
G1 X151.8 Y80.5 E380.3225
G1 X151.8 Y96.824 E380.86544
G1 X152.88 Y96.824 E380.90136
G1 X158.151 Y87.701 E381.2518
G1 X157.117 Y87.7 E381.28619
G1 X153.418 Y94.168 E381.53401
G1 X153.193 Y94.262 E381.54212
G1 X152.949 Y94.198 E381.55051
G1 X152.802 Y94.039 E381.55772
G1 X152.8 Y78.172 E382.08545
G1 X142.2 Y78.172 E382.43801
G1 X142.198 Y94.039 E382.96575
G1 X142.05 Y94.198 E382.97297
G1 X141.802 Y94.262 E382.98149
G1 X141.598 Y94.197 E382.98861
G1 X137.88 Y87.7 E383.23759
G1 X136.848 Y87.7 E383.27191
G1 X142.116 Y96.824 E383.62233
G1 F2700 E378.62233
;MESH:NONMESH
G0 F300 X142.116 Y96.824 Z0.8
G0 F9000 X142.287 Y96.53
G0 X137.227 Y87.92
G0 X136.289 Y88.463
G0 X123.653 Y77.321
G0 X116 Y77.309
G0 X116 Y81.3
;TIME_ELAPSED:671.331776
;LAYER:3
M106 S255
;TYPE:SUPPORT
G1 F2700 E383.62233
G1 F1500 X116 Y93.794 E384.03788
G1 F2700 E379.03788
G0 F9000 X116 Y94.46
G0 X120 Y94.46
G0 X120 Y93.794
G1 F2700 E384.03788
G1 F1500 X120 Y81.3 E384.45343
G1 F2700 E379.45343
G0 F9000 X123.665 Y81.3
G0 X128.88 Y86.841
G0 X129.262 Y87.5
G0 X123.665 Y111.3
G0 X120 Y111.3
G1 F2700 E384.45343
G1 F1500 X120 Y123.794 E384.86898
G1 F2700 E379.86898
G0 F9000 X120 Y124.46
G0 X116 Y124.46
G0 X116 Y123.794
G1 F2700 E384.86898
G1 F1500 X116 Y111.3 E385.28454
G1 F2700 E380.28454
G0 F9000 X116 Y107.309
G0 X148 Y107.309
G0 X148 Y111.3
G1 F2700 E385.28454
G1 F1500 X148 Y123.794 E385.70009
G1 F2700 E380.70009
G0 F9000 X148 Y124.46
G0 X150.947 Y127.679
G0 X153.38 Y127.685
G0 X159.262 Y117.5
G0 X148 Y94.46
G0 X148 Y93.794
G1 F2700 E385.70009
G1 F1500 X148 Y81.3 E386.11564
G1 F2700 E381.11564
;MESH:batclipholder.stl(1)
G0 F9000 X148 Y77.309
G0 X141.347 Y77.321
G0 X128.712 Y88.462
G0 X127.376 Y88.148
;TYPE:WALL-INNER
G1 F2700 E386.11564
G1 F1229.5 X125.584 Y91.265 E386.26153
G1 F1271.2 X123.793 Y94.382 E386.40262
G0 F9000 X123.215 Y95.013
G0 X122.559 Y94.839
G0 X122.305 Y94.125
G1 F991.7 X122.3 Y80.5 E387.08804
G0 F9000 X122.038 Y80.062
G0 X113.034 Y79.585
G1 F1282.1 X113.291 Y79.471 E387.09898
G1 X121.709 Y79.471 E387.42656
G1 F1284.8 X121.967 Y79.585 E387.43752
G1 X121.967 Y79.005 E387.46004
G1 F1282.1 X113.034 Y79.006 E387.80766
G1 X113.034 Y79.585 E387.83019
G0 F9000 X122.038 Y80.062
G0 X122.3 Y80.5
G1 F1200 X122.4 Y79.869 E387.85675
G1 F1500 X122.4 Y78.572 E387.89989
G1 X112.6 Y78.572 E388.22584
G1 X112.6 Y79.869 E388.26898
G1 F1200 X112.7 Y80.5 E388.29554
G1 X113.002 Y80.05 E388.31807
G1 F1500 X113.337 Y79.903 E388.33024
G1 X121.663 Y79.902 E388.60716
G1 X121.998 Y80.05 E388.61934
G1 F1200 X122.3 Y80.5 E388.64188
G0 F9000 X122.038 Y80.062
G0 X112.962 Y80.062
G0 X112.7 Y80.5
G1 F991.7 X112.695 Y94.125 E389.32729
G0 F9000 X112.441 Y94.839
G0 X111.785 Y95.013
G0 X111.263 Y94.477
G1 F1239.7 X107.621 Y88.146 E389.62123
G0 F9000 X111.785 Y95.013
G0 X112.422 Y95.799
G1 F1685.4 X112.422 Y94.76 E389.65199
G1 X112.245 Y94.952 E389.65972
G1 X111.973 Y95.021 E389.66803
G1 X112.422 Y95.799 E389.69462
G0 F9000 X112.8 Y96.424
G1 F1500 X112.8 Y95.089 E389.73902
G1 F1327.4 X112.748 Y94.607 E389.75724
G1 F1075.3 X112.695 Y94.125 E389.77974
G1 F1188.1 X112.15 Y94.586 E389.80971
G1 F1500 X111.902 Y94.649 E389.81822
G1 F1373 X111.263 Y94.477 E389.84227
G1 X111.658 Y95.23 E389.87317
G1 F1500 X112.346 Y96.424 E389.919
G1 X112.8 Y96.424 E389.9341
G1 F2700 E384.9341
G0 F9000 X112.52 Y96.146
G0 X112.962 Y80.062
G0 X122.038 Y80.062
G0 X122.578 Y95.794
G1 F2700 E389.9341
G1 F1694.9 X123.025 Y95.021 E389.96038
G1 X122.752 Y94.95 E389.96869
G1 X122.578 Y94.76 E389.97627
G1 X122.578 Y95.794 E390.00671
G0 F9000 X122.2 Y96.424
G1 F1500 X122.649 Y96.424 E390.02164
G1 X123.336 Y95.235 E390.06731
G1 F1388.9 X123.793 Y94.382 E390.10207
G1 X123.091 Y94.649 E390.12905
G1 F1500 X122.847 Y94.585 E390.13744
G1 F1188.1 X122.305 Y94.125 E390.16729
G1 F1075.3 X122.253 Y94.605 E390.1897
G1 F1327.4 X122.201 Y95.085 E390.20784
G1 F1500 X122.2 Y96.424 E390.25238
G1 F2700 E385.25238
G0 F9000 X122.48 Y96.146
G0 X122.038 Y80.062
G0 X112.962 Y80.062
G0 X112.92 Y96.546
G0 X113.2 Y96.824
;TYPE:WALL-OUTER
G1 F2700 E390.25238
G1 F1500 X113.2 Y80.5 E390.79531
G1 X113.267 Y80.35 E390.80078
G1 X113.379 Y80.301 E390.80485
G1 X121.621 Y80.3 E391.07898
G1 X121.733 Y80.35 E391.08305
G1 X121.8 Y80.5 E391.08852
G1 X121.8 Y96.824 E391.63146
G1 X122.88 Y96.824 E391.66738
G1 X128.151 Y87.701 E392.01782
G1 X127.117 Y87.7 E392.05221
G1 X123.418 Y94.168 E392.30003
G1 X123.193 Y94.262 E392.30814
G1 X122.949 Y94.198 E392.31653
G1 X122.802 Y94.039 E392.32373
G1 X122.8 Y78.172 E392.85147
G1 X112.2 Y78.172 E393.20403
G1 X112.198 Y94.039 E393.73177
G1 X112.05 Y94.198 E393.73899
G1 X111.802 Y94.262 E393.74751
G1 X111.598 Y94.197 E393.75463
G1 X107.88 Y87.7 E394.0036
G1 X106.848 Y87.7 E394.03793
G1 X112.116 Y96.824 E394.38834
G1 X113.2 Y96.824 E394.4244
G1 F2700 E389.4244
;MESH:batclipholder.stl
G0 F9000 X112.92 Y96.546
G0 X112.976 Y97.691
G0 X112.976 Y107.309
G0 X112.976 Y108.404
G0 X113.034 Y109.585
;TYPE:WALL-INNER
G1 F2700 E394.4244
G1 F1282.1 X113.291 Y109.471 E394.43534
G1 X121.709 Y109.471 E394.76292
G1 F1284.8 X121.967 Y109.585 E394.77387
G1 X121.967 Y109.005 E394.79639
G1 F1282.1 X113.034 Y109.006 E395.14402
G1 X113.034 Y109.585 E395.16655
G0 F9000 X122.038 Y110.062
G0 X122.3 Y110.5
G1 F1200 X122.4 Y109.869 E395.19311
G1 F1500 X122.4 Y108.572 E395.23625
G1 X112.6 Y108.572 E395.5622
G1 X112.6 Y109.869 E395.60533
G1 F1200 X112.7 Y110.5 E395.6319
G1 X113.002 Y110.05 E395.65443
G1 F1500 X113.337 Y109.903 E395.6666
G1 X121.663 Y109.902 E395.94352
G1 X121.998 Y110.05 E395.9557
G1 F1200 X122.3 Y110.5 E395.97823
G1 F991.7 X122.305 Y124.125 E396.66365
G0 F9000 X122.559 Y124.839
G0 X123.215 Y125.013
G0 X123.793 Y124.382
G1 F1271.2 X125.584 Y121.265 E396.80474
G1 F1229.5 X127.376 Y118.148 E396.95063
G0 F9000 X123.215 Y125.013
G0 X122.578 Y125.794
G1 F1694.9 X123.025 Y125.021 E396.97692
G1 X122.752 Y124.95 E396.98522
G1 X122.578 Y124.76 E396.9928
G1 X122.578 Y125.794 E397.02324
G0 F9000 X122.2 Y126.424
G1 F1500 X122.649 Y126.424 E397.03817
G1 X123.336 Y125.235 E397.08384
G1 F1388.9 X123.793 Y124.382 E397.11861
G1 X123.091 Y124.649 E397.14558
G1 F1500 X122.847 Y124.585 E397.15397
G1 F1188.1 X122.305 Y124.125 E397.18383
G1 F1075.3 X122.253 Y124.605 E397.20623
G1 F1327.4 X122.201 Y125.085 E397.22437
G1 F1500 X122.2 Y126.424 E397.26891
G1 F2700 E392.26891
G0 F9000 X122.48 Y126.146
G0 X122.038 Y110.062
G0 X112.962 Y110.062
G0 X112.695 Y124.125
G1 F2700 E397.26891
G1 F991.7 X112.7 Y110.5 E397.95433
G0 F9000 X112.441 Y124.839
G0 X111.785 Y125.013
G0 X107.621 Y118.146
G1 F1239.7 X111.263 Y124.477 E398.24827
G0 F9000 X112.422 Y125.799
G1 F1685.4 X112.422 Y124.76 E398.27902
G1 X112.245 Y124.952 E398.28675
G1 X111.973 Y125.021 E398.29506
G1 X112.422 Y125.799 E398.32165
G0 F9000 X112.8 Y126.424
G1 F1500 X112.8 Y125.089 E398.36605
G1 F1327.4 X112.748 Y124.607 E398.38427
G1 F1075.3 X112.695 Y124.125 E398.40677
G1 F1188.1 X112.15 Y124.586 E398.43675
G1 F1500 X111.902 Y124.649 E398.44526
G1 F1373 X111.263 Y124.477 E398.4693
G1 X111.658 Y125.23 E398.5002
G1 F1500 X112.346 Y126.424 E398.54603
G1 X112.8 Y126.424 E398.56113
G0 F9000 X113.2 Y126.824
;TYPE:WALL-OUTER
G1 F1500 X113.2 Y110.5 E399.10407
G1 X113.267 Y110.35 E399.10954
G1 X113.379 Y110.301 E399.1136
G1 X121.621 Y110.3 E399.38773
G1 X121.733 Y110.35 E399.39181
G1 X121.8 Y110.5 E399.39727
G1 X121.8 Y126.824 E399.94021
G1 X122.88 Y126.824 E399.97613
G1 X128.151 Y117.701 E400.32657
G1 X127.117 Y117.7 E400.36096
G1 X123.418 Y124.168 E400.60878
G1 X123.193 Y124.262 E400.61689
G1 X122.949 Y124.198 E400.62528
G1 X122.802 Y124.039 E400.63249
G1 X122.8 Y108.172 E401.16023
G1 X112.2 Y108.172 E401.51278
G1 X112.198 Y124.039 E402.04052
G1 X112.05 Y124.198 E402.04775
G1 X111.802 Y124.262 E402.05626
G1 X111.598 Y124.197 E402.06339
G1 X107.88 Y117.7 E402.31236
G1 X106.848 Y117.7 E402.34668
G1 X112.116 Y126.824 E402.6971
G1 X113.2 Y126.824 E402.73315
G1 F2700 E397.73315
;MESH:batclipholder.stl(3)
G0 F9000 X112.92 Y126.546
G0 X112.962 Y110.062
G0 X122.038 Y110.062
G0 X122.559 Y124.839
G0 X123.215 Y125.013
G0 X127.773 Y117.92
G0 X128.712 Y118.462
G0 X136.289 Y118.463
G0 X137.621 Y118.146
;TYPE:WALL-INNER
G1 F2700 E402.73315
G1 F1239.7 X141.263 Y124.477 E403.02709
G0 F9000 X141.785 Y125.013
G0 X142.441 Y124.839
G0 X142.695 Y124.125
G1 F991.7 X142.7 Y110.5 E403.71251
G0 F9000 X143.034 Y109.585
G1 F1282.1 X143.291 Y109.471 E403.72345
G1 X151.709 Y109.471 E404.05103
G1 F1284.8 X151.967 Y109.585 E404.06199
G1 X151.967 Y109.005 E404.08451
G1 F1282.1 X143.034 Y109.006 E404.43213
G1 X143.034 Y109.585 E404.45466
G0 F9000 X142.7 Y110.5
G1 F1200 X143.002 Y110.05 E404.47719
G1 F1500 X143.337 Y109.903 E404.48936
G1 X151.663 Y109.902 E404.76629
G1 X151.998 Y110.05 E404.77847
G1 F1200 X152.3 Y110.5 E404.801
G1 X152.4 Y109.869 E404.82756
G1 F1500 X152.4 Y108.572 E404.8707
G1 X142.6 Y108.572 E405.19665
G1 X142.6 Y109.869 E405.23979
G1 F1200 X142.7 Y110.5 E405.26635
G0 F9000 X142.962 Y110.062
G0 X152.038 Y110.062
G0 X152.3 Y110.5
G1 F991.7 X152.305 Y124.125 E405.95177
G0 F9000 X152.559 Y124.839
G0 X153.215 Y125.013
G0 X153.793 Y124.382
G1 F1271.2 X155.584 Y121.265 E406.09285
G1 F1229.5 X157.376 Y118.148 E406.23875
G0 F9000 X153.215 Y125.013
G0 X152.578 Y125.794
G1 F1694.9 X153.025 Y125.021 E406.26503
G1 X152.752 Y124.95 E406.27333
G1 X152.578 Y124.76 E406.28092
G1 X152.578 Y125.794 E406.31135
G0 F9000 X152.2 Y126.424
G1 F1500 X152.649 Y126.424 E406.32629
G1 X153.336 Y125.235 E406.37196
G1 F1388.9 X153.793 Y124.382 E406.40672
G1 X153.091 Y124.649 E406.4337
G1 F1500 X152.847 Y124.585 E406.44209
G1 F1188.1 X152.305 Y124.125 E406.47194
G1 F1075.3 X152.253 Y124.605 E406.49434
G1 F1327.4 X152.201 Y125.085 E406.51249
G1 F1500 X152.2 Y126.424 E406.55702
G1 F2700 E401.55702
G0 F9000 X152.48 Y126.146
G0 X152.038 Y110.062
G0 X142.962 Y110.062
G0 X142.422 Y125.799
G1 F2700 E406.55702
G1 F1685.4 X142.422 Y124.76 E406.58778
G1 X142.245 Y124.952 E406.59551
G1 X141.973 Y125.021 E406.60382
G1 X142.422 Y125.799 E406.63041
G0 F9000 X142.346 Y126.424
G1 F1500 X142.8 Y126.424 E406.64551
G1 X142.8 Y125.089 E406.68991
G1 F1327.4 X142.748 Y124.607 E406.70813
G1 F1075.3 X142.695 Y124.125 E406.73063
G1 F1188.1 X142.15 Y124.586 E406.7606
G1 F1500 X141.902 Y124.649 E406.76911
G1 F1373 X141.263 Y124.477 E406.79316
G1 X141.658 Y125.23 E406.82406
G1 F1500 X142.346 Y126.424 E406.86989
G0 F9000 X142.116 Y126.824
;TYPE:WALL-OUTER
G1 F1500 X143.2 Y126.824 E406.90594
G1 X143.2 Y110.5 E407.44888
G1 X143.267 Y110.35 E407.45435
G1 X143.379 Y110.301 E407.45841
G1 X151.621 Y110.3 E407.73254
G1 X151.733 Y110.35 E407.73662
G1 X151.8 Y110.5 E407.74209
G1 X151.8 Y126.824 E408.28502
G1 X152.88 Y126.824 E408.32094
G1 X158.151 Y117.701 E408.67138
G1 X157.117 Y117.7 E408.70577
G1 X153.418 Y124.168 E408.95359
G1 X153.193 Y124.262 E408.9617
G1 X152.949 Y124.198 E408.97009
G1 X152.802 Y124.039 E408.9773
G1 X152.8 Y108.172 E409.50504
G1 X142.2 Y108.172 E409.85759
G1 X142.198 Y124.039 E410.38533
G1 X142.05 Y124.198 E410.39256
G1 X141.802 Y124.262 E410.40108
G1 X141.598 Y124.197 E410.4082
G1 X137.88 Y117.7 E410.65717
G1 X136.848 Y117.7 E410.69149
G1 X142.116 Y126.824 E411.04191
G1 F2700 E406.04191
;MESH:batclipholder.stl(2)
G0 F9000 X142.287 Y126.53
G0 X142.412 Y125.16
G0 X142.424 Y108.398
G0 X142.424 Y107.309
G0 X142.424 Y97.691
G0 X142.424 Y96.596
G0 X142.422 Y95.799
;TYPE:WALL-INNER
G1 F2700 E411.04191
G1 F1685.4 X142.422 Y94.76 E411.07267
G1 X142.245 Y94.952 E411.0804
G1 X141.973 Y95.021 E411.0887
G1 X142.422 Y95.799 E411.11529
G0 F9000 X142.346 Y96.424
G1 F1500 X142.8 Y96.424 E411.13039
G1 X142.8 Y95.089 E411.17479
G1 F1327.4 X142.748 Y94.607 E411.19302
G1 F1075.3 X142.695 Y94.125 E411.21551
G1 F1188.1 X142.15 Y94.586 E411.24549
G1 F1500 X141.902 Y94.649 E411.254
G1 F1373 X141.263 Y94.477 E411.27804
G1 X141.658 Y95.23 E411.30894
G1 F1500 X142.346 Y96.424 E411.35478
G0 F9000 X142.517 Y96.13
G0 X141.263 Y94.477
G1 F1239.7 X137.621 Y88.146 E411.64872
G0 F9000 X141.785 Y95.013
G0 X142.441 Y94.839
G0 X142.695 Y94.125
G1 F991.7 X142.7 Y80.5 E412.33413
G0 F9000 X143.034 Y79.585
G1 F1282.1 X143.291 Y79.471 E412.34508
G1 X151.709 Y79.471 E412.67266
G1 F1284.8 X151.967 Y79.585 E412.68361
G1 X151.967 Y79.005 E412.70613
G1 F1282.1 X143.034 Y79.006 E413.05375
G1 X143.034 Y79.585 E413.07628
G0 F9000 X142.7 Y80.5
G1 F1200 X143.002 Y80.05 E413.09882
G1 F1500 X143.337 Y79.903 E413.11098
G1 X151.663 Y79.902 E413.38791
G1 X151.998 Y80.05 E413.40009
G1 F1200 X152.3 Y80.5 E413.42262
G1 X152.4 Y79.869 E413.44918
G1 F1500 X152.4 Y78.572 E413.49232
G1 X142.6 Y78.572 E413.81827
G1 X142.6 Y79.869 E413.86141
G1 F1200 X142.7 Y80.5 E413.88797
G0 F9000 X142.962 Y80.062
G0 X152.038 Y80.062
G0 X152.3 Y80.5
G1 F991.7 X152.305 Y94.125 E414.57339
G0 F9000 X152.559 Y94.839
G0 X153.215 Y95.013
G0 X153.793 Y94.382
G1 F1271.2 X155.584 Y91.265 E414.71448
G1 F1229.5 X157.376 Y88.148 E414.86037
G0 F9000 X153.215 Y95.013
G0 X152.578 Y95.794
G1 F1694.9 X153.025 Y95.021 E414.88665
G1 X152.752 Y94.95 E414.89496
G1 X152.578 Y94.76 E414.90254
G1 X152.578 Y95.794 E414.93298
G0 F9000 X152.2 Y96.424
G1 F1500 X152.649 Y96.424 E414.94791
G1 X153.336 Y95.235 E414.99358
G1 F1388.9 X153.793 Y94.382 E415.02834
G1 X153.091 Y94.649 E415.05532
G1 F1500 X152.847 Y94.585 E415.06371
G1 F1188.1 X152.305 Y94.125 E415.09356
G1 F1075.3 X152.253 Y94.605 E415.11596
G1 F1327.4 X152.201 Y95.085 E415.13411
G1 F1500 X152.2 Y96.424 E415.17865
G1 F2700 E410.17865
G0 F9000 X152.48 Y96.146
G0 X152.038 Y80.062
G0 X142.962 Y80.062
G0 X142.955 Y89.385
G0 X142.287 Y96.53
G0 X142.116 Y96.824
;TYPE:WALL-OUTER
G1 F2700 E415.17865
G1 F1500 X143.2 Y96.824 E415.2147
G1 X143.2 Y80.5 E415.75764
G1 X143.267 Y80.35 E415.7631
G1 X143.379 Y80.301 E415.76717
G1 X151.621 Y80.3 E416.0413
G1 X151.733 Y80.35 E416.04538
G1 X151.8 Y80.5 E416.05084
G1 X151.8 Y96.824 E416.59378
G1 X152.88 Y96.824 E416.6297
G1 X158.151 Y87.701 E416.98014
G1 X157.117 Y87.7 E417.01453
G1 X153.418 Y94.168 E417.26235
G1 X153.193 Y94.262 E417.27046
G1 X152.949 Y94.198 E417.27885
G1 X152.802 Y94.039 E417.28605
G1 X152.8 Y78.172 E417.81379
G1 X142.2 Y78.172 E418.16635
G1 X142.198 Y94.039 E418.69409
G1 X142.05 Y94.198 E418.70131
G1 X141.802 Y94.262 E418.70983
G1 X141.598 Y94.197 E418.71695
G1 X137.88 Y87.7 E418.96593
G1 X136.848 Y87.7 E419.00025
G1 X142.116 Y96.824 E419.35067
G1 F2700 E414.35067
;MESH:NONMESH
G0 F300 X142.116 Y96.824 Z1
G0 F9000 X142.287 Y96.53
G0 X137.227 Y87.92
G0 X136.289 Y88.463
G0 X123.653 Y77.321
G0 X116 Y77.309
G0 X116 Y81.3
;TIME_ELAPSED:741.454343
;LAYER:4
;TYPE:SUPPORT
G1 F2700 E419.35067
G1 F1500 X116 Y93.794 E419.76622
G1 F2700 E414.76622
G0 F9000 X116 Y94.46
G0 X120 Y94.46
G0 X120 Y93.794
G1 F2700 E419.76622
G1 F1500 X120 Y81.3 E420.18177
G1 F2700 E415.18177
G0 F9000 X123.665 Y81.3
G0 X128.88 Y86.841
G0 X129.262 Y87.5
G0 X123.665 Y111.3
G0 X120 Y111.3
G1 F2700 E420.18177
G1 F1500 X120 Y123.794 E420.59732
G1 F2700 E415.59732
G0 F9000 X120 Y124.46
G0 X116 Y124.46
G0 X116 Y123.794
G1 F2700 E420.59732
G1 F1500 X116 Y111.3 E421.01287
G1 F2700 E416.01287
G0 F9000 X116 Y107.309
G0 X148 Y107.309
G0 X148 Y111.3
G1 F2700 E421.01287
G1 F1500 X148 Y123.794 E421.42843
G1 F2700 E416.42843
G0 F9000 X148 Y124.46
G0 X150.947 Y127.679
G0 X153.38 Y127.685
G0 X159.262 Y117.5
G0 X148 Y94.46
G0 X148 Y93.794
G1 F2700 E421.42843
G1 F1500 X148 Y81.3 E421.84398
G1 F2700 E416.84398
;MESH:batclipholder.stl(1)
G0 F9000 X148 Y77.309
G0 X141.347 Y77.321
G0 X128.712 Y88.462
G0 X127.376 Y88.148
;TYPE:WALL-INNER
G1 F2700 E421.84398
G1 F1229.5 X125.584 Y91.265 E421.98987
G1 F1271.2 X123.793 Y94.382 E422.13096
G0 F9000 X123.215 Y95.013
G0 X122.559 Y94.839
G0 X122.305 Y94.125
G1 F991.7 X122.3 Y80.5 E422.81638
G0 F9000 X122.038 Y80.062
G0 X113.034 Y79.585
G1 F1282.1 X113.291 Y79.471 E422.82732
G1 X121.709 Y79.471 E423.1549
G1 F1284.8 X121.967 Y79.585 E423.16585
G1 X121.967 Y79.005 E423.18838
G1 F1282.1 X113.034 Y79.006 E423.536
G1 X113.034 Y79.585 E423.55853
G0 F9000 X122.038 Y80.062
G0 X122.3 Y80.5
G1 F1200 X122.4 Y79.869 E423.58509
G1 F1500 X122.4 Y78.572 E423.62823
G1 X112.6 Y78.572 E423.95418
G1 X112.6 Y79.869 E423.99732
G1 F1200 X112.7 Y80.5 E424.02388
G1 X113.002 Y80.05 E424.04641
G1 F1500 X113.337 Y79.903 E424.05858
G1 X121.663 Y79.902 E424.3355
G1 X121.998 Y80.05 E424.34768
G1 F1200 X122.3 Y80.5 E424.37021
G0 F9000 X122.038 Y80.062
G0 X112.962 Y80.062
G0 X112.7 Y80.5
G1 F991.7 X112.695 Y94.125 E425.05563
G0 F9000 X112.441 Y94.839
G0 X111.785 Y95.013
G0 X111.263 Y94.477
G1 F1239.7 X107.621 Y88.146 E425.34957
G0 F9000 X111.785 Y95.013
G0 X112.422 Y95.799
G1 F1685.4 X112.422 Y94.76 E425.38033
G1 X112.245 Y94.952 E425.38806
G1 X111.973 Y95.021 E425.39636
G1 X112.422 Y95.799 E425.42295
G0 F9000 X112.8 Y96.424
G1 F1500 X112.8 Y95.089 E425.46736
G1 F1327.4 X112.748 Y94.607 E425.48558
G1 F1075.3 X112.695 Y94.125 E425.50808
G1 F1188.1 X112.15 Y94.586 E425.53805
G1 F1500 X111.902 Y94.649 E425.54656
G1 F1373 X111.263 Y94.477 E425.57061
G1 X111.658 Y95.23 E425.6015
G1 F1500 X112.346 Y96.424 E425.64734
G1 X112.8 Y96.424 E425.66244
G1 F2700 E420.66244
G0 F9000 X112.52 Y96.146
G0 X112.962 Y80.062
G0 X122.038 Y80.062
G0 X122.578 Y95.794
G1 F2700 E425.66244
G1 F1694.9 X123.025 Y95.021 E425.68872
G1 X122.752 Y94.95 E425.69702
G1 X122.578 Y94.76 E425.70461
G1 X122.578 Y95.794 E425.73504
G0 F9000 X122.2 Y96.424
G1 F1500 X122.649 Y96.424 E425.74998
G1 X123.336 Y95.235 E425.79565
G1 F1388.9 X123.793 Y94.382 E425.83041
G1 X123.091 Y94.649 E425.85739
G1 F1500 X122.847 Y94.585 E425.86578
G1 F1188.1 X122.305 Y94.125 E425.89563
G1 F1075.3 X122.253 Y94.605 E425.91803
G1 F1327.4 X122.201 Y95.085 E425.93618
G1 F1500 X122.2 Y96.424 E425.98071
G1 F2700 E420.98071
G0 F9000 X122.48 Y96.146
G0 X122.038 Y80.062
G0 X112.962 Y80.062
G0 X112.92 Y96.546
G0 X113.2 Y96.824
;TYPE:WALL-OUTER
G1 F2700 E425.98071
G1 F1500 X113.2 Y80.5 E426.52365
G1 X113.267 Y80.35 E426.52912
G1 X113.379 Y80.301 E426.53318
G1 X121.621 Y80.3 E426.80731
G1 X121.733 Y80.35 E426.81139
G1 X121.8 Y80.5 E426.81686
G1 X121.8 Y96.824 E427.3598
G1 X122.88 Y96.824 E427.39572
G1 X128.151 Y87.701 E427.74615
G1 X127.117 Y87.7 E427.78054
G1 X123.418 Y94.168 E428.02837
G1 X123.193 Y94.262 E428.03648
G1 X122.949 Y94.198 E428.04487
G1 X122.802 Y94.039 E428.05207
G1 X122.8 Y78.172 E428.57981
G1 X112.2 Y78.172 E428.93236
G1 X112.198 Y94.039 E429.4601
G1 X112.05 Y94.198 E429.46733
G1 X111.802 Y94.262 E429.47585
G1 X111.598 Y94.197 E429.48297
G1 X107.88 Y87.7 E429.73194
G1 X106.848 Y87.7 E429.76626
G1 X112.116 Y96.824 E430.11668
G1 X113.2 Y96.824 E430.15273
G1 F2700 E425.15273
;MESH:batclipholder.stl
G0 F9000 X112.92 Y96.546
G0 X112.976 Y97.691
G0 X112.976 Y107.309
G0 X112.976 Y108.404
G0 X113.034 Y109.585
;TYPE:WALL-INNER
G1 F2700 E430.15273
G1 F1282.1 X113.291 Y109.471 E430.16368
G1 X121.709 Y109.471 E430.49126
G1 F1284.8 X121.967 Y109.585 E430.50221
G1 X121.967 Y109.005 E430.52473
G1 F1282.1 X113.034 Y109.006 E430.87235
G1 X113.034 Y109.585 E430.89489
G0 F9000 X122.038 Y110.062
G0 X122.3 Y110.5
G1 F1200 X122.4 Y109.869 E430.92145
G1 F1500 X122.4 Y108.572 E430.96458
G1 X112.6 Y108.572 E431.29053
G1 X112.6 Y109.869 E431.33367
G1 F1200 X112.7 Y110.5 E431.36023
G1 X113.002 Y110.05 E431.38277
G1 F1500 X113.337 Y109.903 E431.39493
G1 X121.663 Y109.902 E431.67186
G1 X121.998 Y110.05 E431.68404
G1 F1200 X122.3 Y110.5 E431.70657
G1 F991.7 X122.305 Y124.125 E432.39199
G0 F9000 X122.559 Y124.839
G0 X123.215 Y125.013
G0 X123.793 Y124.382
G1 F1271.2 X125.584 Y121.265 E432.53308
G1 F1229.5 X127.376 Y118.148 E432.67897
G0 F9000 X123.215 Y125.013
G0 X122.578 Y125.794
G1 F1694.9 X123.025 Y125.021 E432.70525
G1 X122.752 Y124.95 E432.71356
G1 X122.578 Y124.76 E432.72114
G1 X122.578 Y125.794 E432.75158
G0 F9000 X122.2 Y126.424
G1 F1500 X122.649 Y126.424 E432.76651
G1 X123.336 Y125.235 E432.81218
G1 F1388.9 X123.793 Y124.382 E432.84694
G1 X123.091 Y124.649 E432.87392
G1 F1500 X122.847 Y124.585 E432.88231
G1 F1188.1 X122.305 Y124.125 E432.91216
G1 F1075.3 X122.253 Y124.605 E432.93456
G1 F1327.4 X122.201 Y125.085 E432.95271
G1 F1500 X122.2 Y126.424 E432.99725
G1 F2700 E427.99725
G0 F9000 X122.48 Y126.146
G0 X122.038 Y110.062
G0 X112.962 Y110.062
G0 X112.695 Y124.125
G1 F2700 E432.99725
G1 F991.7 X112.7 Y110.5 E433.68266
G0 F9000 X112.441 Y124.839
G0 X111.785 Y125.013
G0 X107.621 Y118.146
G1 F1239.7 X111.263 Y124.477 E433.9766
G0 F9000 X112.422 Y125.799
G1 F1685.4 X112.422 Y124.76 E434.00736
G1 X112.245 Y124.952 E434.01509
G1 X111.973 Y125.021 E434.0234
G1 X112.422 Y125.799 E434.04999
G0 F9000 X112.8 Y126.424
G1 F1500 X112.8 Y125.089 E434.09439
G1 F1327.4 X112.748 Y124.607 E434.11261
G1 F1075.3 X112.695 Y124.125 E434.13511
G1 F1188.1 X112.15 Y124.586 E434.16508
G1 F1500 X111.902 Y124.649 E434.17359
G1 F1373 X111.263 Y124.477 E434.19764
G1 X111.658 Y125.23 E434.22854
G1 F1500 X112.346 Y126.424 E434.27437
G1 X112.8 Y126.424 E434.28947
G0 F9000 X113.2 Y126.824
;TYPE:WALL-OUTER
G1 F1500 X113.2 Y110.5 E434.83241
G1 X113.267 Y110.35 E434.83787
G1 X113.379 Y110.301 E434.84194
G1 X121.621 Y110.3 E435.11607
G1 X121.733 Y110.35 E435.12015
G1 X121.8 Y110.5 E435.12561
G1 X121.8 Y126.824 E435.66855
G1 X122.88 Y126.824 E435.70447
G1 X128.151 Y117.701 E436.05491
G1 X127.117 Y117.7 E436.0893
G1 X123.418 Y124.168 E436.33712
G1 X123.193 Y124.262 E436.34523
G1 X122.949 Y124.198 E436.35362
G1 X122.802 Y124.039 E436.36082
G1 X122.8 Y108.172 E436.88856
G1 X112.2 Y108.172 E437.24112
G1 X112.198 Y124.039 E437.76886
G1 X112.05 Y124.198 E437.77608
G1 X111.802 Y124.262 E437.7846
G1 X111.598 Y124.197 E437.79172
G1 X107.88 Y117.7 E438.0407
G1 X106.848 Y117.7 E438.07502
G1 X112.116 Y126.824 E438.42544
G1 X113.2 Y126.824 E438.46149
G1 F2700 E433.46149
;MESH:batclipholder.stl(3)
G0 F9000 X112.92 Y126.546
G0 X112.962 Y110.062
G0 X122.038 Y110.062
G0 X122.559 Y124.839
G0 X123.215 Y125.013
G0 X127.773 Y117.92
G0 X128.712 Y118.462
G0 X136.289 Y118.463
G0 X137.621 Y118.146
;TYPE:WALL-INNER
G1 F2700 E438.46149
G1 F1239.7 X141.263 Y124.477 E438.75543
G0 F9000 X141.785 Y125.013
G0 X142.441 Y124.839
G0 X142.695 Y124.125
G1 F991.7 X142.7 Y110.5 E439.44085
G0 F9000 X143.034 Y109.585
G1 F1282.1 X143.291 Y109.471 E439.45179
G1 X151.709 Y109.471 E439.77937
G1 F1284.8 X151.967 Y109.585 E439.79032
G1 X151.967 Y109.005 E439.81285
G1 F1282.1 X143.034 Y109.006 E440.16047
G1 X143.034 Y109.585 E440.183
G0 F9000 X142.7 Y110.5
G1 F1200 X143.002 Y110.05 E440.20553
G1 F1500 X143.337 Y109.903 E440.2177
G1 X151.663 Y109.902 E440.49462
G1 X151.998 Y110.05 E440.5068
G1 F1200 X152.3 Y110.5 E440.52934
G1 X152.4 Y109.869 E440.5559
G1 F1500 X152.4 Y108.572 E440.59904
G1 X142.6 Y108.572 E440.92498
G1 X142.6 Y109.869 E440.96812
G1 F1200 X142.7 Y110.5 E440.99468
G0 F9000 X142.962 Y110.062
G0 X152.038 Y110.062
G0 X152.3 Y110.5
G1 F991.7 X152.305 Y124.125 E441.6801
G0 F9000 X152.559 Y124.839
G0 X153.215 Y125.013
G0 X153.793 Y124.382
G1 F1271.2 X155.584 Y121.265 E441.82119
G1 F1229.5 X157.376 Y118.148 E441.96708
G0 F9000 X153.215 Y125.013
G0 X152.578 Y125.794
G1 F1694.9 X153.025 Y125.021 E441.99337
G1 X152.752 Y124.95 E442.00167
G1 X152.578 Y124.76 E442.00926
G1 X152.578 Y125.794 E442.03969
G0 F9000 X152.2 Y126.424
G1 F1500 X152.649 Y126.424 E442.05463
G1 X153.336 Y125.235 E442.1003
G1 F1388.9 X153.793 Y124.382 E442.13506
G1 X153.091 Y124.649 E442.16204
G1 F1500 X152.847 Y124.585 E442.17043
G1 F1188.1 X152.305 Y124.125 E442.20028
G1 F1075.3 X152.253 Y124.605 E442.22268
G1 F1327.4 X152.201 Y125.085 E442.24083
G1 F1500 X152.2 Y126.424 E442.28536
G1 F2700 E437.28536
G0 F9000 X152.48 Y126.146
G0 X152.038 Y110.062
G0 X142.962 Y110.062
G0 X142.422 Y125.799
G1 F2700 E442.28536
G1 F1685.4 X142.422 Y124.76 E442.31612
G1 X142.245 Y124.952 E442.32385
G1 X141.973 Y125.021 E442.33215
G1 X142.422 Y125.799 E442.35874
G0 F9000 X142.346 Y126.424
G1 F1500 X142.8 Y126.424 E442.37384
G1 X142.8 Y125.089 E442.41825
G1 F1327.4 X142.748 Y124.607 E442.43647
G1 F1075.3 X142.695 Y124.125 E442.45897
G1 F1188.1 X142.15 Y124.586 E442.48894
G1 F1500 X141.902 Y124.649 E442.49745
G1 F1373 X141.263 Y124.477 E442.5215
G1 X141.658 Y125.23 E442.55239
G1 F1500 X142.346 Y126.424 E442.59823
G0 F9000 X142.116 Y126.824
;TYPE:WALL-OUTER
G1 F1500 X143.2 Y126.824 E442.63428
G1 X143.2 Y110.5 E443.17722
G1 X143.267 Y110.35 E443.18268
G1 X143.379 Y110.301 E443.18675
G1 X151.621 Y110.3 E443.46088
G1 X151.733 Y110.35 E443.46496
G1 X151.8 Y110.5 E443.47042
G1 X151.8 Y126.824 E444.01336
G1 X152.88 Y126.824 E444.04928
G1 X158.151 Y117.701 E444.39972
G1 X157.117 Y117.7 E444.43411
G1 X153.418 Y124.168 E444.68193
G1 X153.193 Y124.262 E444.69004
G1 X152.949 Y124.198 E444.69843
G1 X152.802 Y124.039 E444.70564
G1 X152.8 Y108.172 E445.23337
G1 X142.2 Y108.172 E445.58593
G1 X142.198 Y124.039 E446.11367
G1 X142.05 Y124.198 E446.12089
G1 X141.802 Y124.262 E446.12941
G1 X141.598 Y124.197 E446.13653
G1 X137.88 Y117.7 E446.38551
G1 X136.848 Y117.7 E446.41983
G1 X142.116 Y126.824 E446.77025
G1 F2700 E441.77025
;MESH:batclipholder.stl(2)
G0 F9000 X142.287 Y126.53
G0 X142.412 Y125.16
G0 X142.424 Y108.398
G0 X142.424 Y107.309
G0 X142.424 Y97.691
G0 X142.424 Y96.596
G0 X142.422 Y95.799
;TYPE:WALL-INNER
G1 F2700 E446.77025
G1 F1685.4 X142.422 Y94.76 E446.801
G1 X142.245 Y94.952 E446.80873
G1 X141.973 Y95.021 E446.81704
G1 X142.422 Y95.799 E446.84363
G0 F9000 X142.346 Y96.424
G1 F1500 X142.8 Y96.424 E446.85873
G1 X142.8 Y95.089 E446.90313
G1 F1327.4 X142.748 Y94.607 E446.92135
G1 F1075.3 X142.695 Y94.125 E446.94385
G1 F1188.1 X142.15 Y94.586 E446.97383
G1 F1500 X141.902 Y94.649 E446.98234
G1 F1373 X141.263 Y94.477 E447.00638
G1 X141.658 Y95.23 E447.03728
G1 F1500 X142.346 Y96.424 E447.08311
G0 F9000 X142.517 Y96.13
G0 X141.263 Y94.477
G1 F1239.7 X137.621 Y88.146 E447.37705
G0 F9000 X141.785 Y95.013
G0 X142.441 Y94.839
G0 X142.695 Y94.125
G1 F991.7 X142.7 Y80.5 E448.06247
G0 F9000 X143.034 Y79.585
G1 F1282.1 X143.291 Y79.471 E448.07341
G1 X151.709 Y79.471 E448.40099
G1 F1284.8 X151.967 Y79.585 E448.41195
G1 X151.967 Y79.005 E448.43447
G1 F1282.1 X143.034 Y79.006 E448.78209
G1 X143.034 Y79.585 E448.80462
G0 F9000 X142.7 Y80.5
G1 F1200 X143.002 Y80.05 E448.82715
G1 F1500 X143.337 Y79.903 E448.83932
G1 X151.663 Y79.902 E449.11625
G1 X151.998 Y80.05 E449.12843
G1 F1200 X152.3 Y80.5 E449.15096
G1 X152.4 Y79.869 E449.17752
G1 F1500 X152.4 Y78.572 E449.22066
G1 X142.6 Y78.572 E449.54661
G1 X142.6 Y79.869 E449.58975
G1 F1200 X142.7 Y80.5 E449.61631
G0 F9000 X142.962 Y80.062
G0 X152.038 Y80.062
G0 X152.3 Y80.5
G1 F991.7 X152.305 Y94.125 E450.30173
G0 F9000 X152.559 Y94.839
G0 X153.215 Y95.013
G0 X153.793 Y94.382
G1 F1271.2 X155.584 Y91.265 E450.44281
G1 F1229.5 X157.376 Y88.148 E450.58871
G0 F9000 X153.215 Y95.013
G0 X152.578 Y95.794
G1 F1694.9 X153.025 Y95.021 E450.61499
G1 X152.752 Y94.95 E450.62329
G1 X152.578 Y94.76 E450.63088
G1 X152.578 Y95.794 E450.66131
G0 F9000 X152.2 Y96.424
G1 F1500 X152.649 Y96.424 E450.67625
G1 X153.336 Y95.235 E450.72192
G1 F1388.9 X153.793 Y94.382 E450.75668
G1 X153.091 Y94.649 E450.78366
G1 F1500 X152.847 Y94.585 E450.79205
G1 F1188.1 X152.305 Y94.125 E450.8219
G1 F1075.3 X152.253 Y94.605 E450.8443
G1 F1327.4 X152.201 Y95.085 E450.86245
G1 F1500 X152.2 Y96.424 E450.90698
G1 F2700 E445.90698
G0 F9000 X152.48 Y96.146
G0 X152.038 Y80.062
G0 X142.962 Y80.062
G0 X142.955 Y89.385
G0 X142.287 Y96.53
G0 X142.116 Y96.824
;TYPE:WALL-OUTER
G1 F2700 E450.90698
G1 F1500 X143.2 Y96.824 E450.94304
G1 X143.2 Y80.5 E451.48598
G1 X143.267 Y80.35 E451.49144
G1 X143.379 Y80.301 E451.49551
G1 X151.621 Y80.3 E451.76964
G1 X151.733 Y80.35 E451.77372
G1 X151.8 Y80.5 E451.77918
G1 X151.8 Y96.824 E452.32212
G1 X152.88 Y96.824 E452.35804
G1 X158.151 Y87.701 E452.70848
G1 X157.117 Y87.7 E452.74287
G1 X153.418 Y94.168 E452.99069
G1 X153.193 Y94.262 E452.9988
G1 X152.949 Y94.198 E453.00719
G1 X152.802 Y94.039 E453.01439
G1 X152.8 Y78.172 E453.54213
G1 X142.2 Y78.172 E453.89469
G1 X142.198 Y94.039 E454.42243
G1 X142.05 Y94.198 E454.42965
G1 X141.802 Y94.262 E454.43817
G1 X141.598 Y94.197 E454.44529
G1 X137.88 Y87.7 E454.69426
G1 X136.848 Y87.7 E454.72859
G1 X142.116 Y96.824 E455.079
G1 F2700 E450.079
;MESH:NONMESH
G0 F300 X142.116 Y96.824 Z1.2
G0 F9000 X142.287 Y96.53
G0 X137.227 Y87.92
G0 X136.289 Y88.463
G0 X123.653 Y77.321
G0 X116 Y77.309
G0 X116 Y81.3
;TIME_ELAPSED:811.576910
;LAYER:5
;TYPE:SUPPORT
G1 F2700 E455.079
G1 F1500 X116 Y93.794 E455.49456
G1 F2700 E450.49456
G0 F9000 X116 Y94.46
G0 X120 Y94.46
G0 X120 Y93.794
G1 F2700 E455.49456
G1 F1500 X120 Y81.3 E455.91011
G1 F2700 E450.91011
G0 F9000 X123.665 Y81.3
G0 X128.88 Y86.841
G0 X129.262 Y87.5
G0 X123.665 Y111.3
G0 X120 Y111.3
G1 F2700 E455.91011
G1 F1500 X120 Y123.794 E456.32566
G1 F2700 E451.32566
G0 F9000 X120 Y124.46
G0 X116 Y124.46
G0 X116 Y123.794
G1 F2700 E456.32566
G1 F1500 X116 Y111.3 E456.74121
G1 F2700 E451.74121
G0 F9000 X116 Y107.309
G0 X148 Y107.309
G0 X148 Y111.3
G1 F2700 E456.74121
G1 F1500 X148 Y123.794 E457.15676
G1 F2700 E452.15676
G0 F9000 X148 Y124.46
G0 X150.947 Y127.679
G0 X153.38 Y127.685
G0 X159.262 Y117.5
G0 X148 Y94.46
G0 X148 Y93.794
G1 F2700 E457.15676
G1 F1500 X148 Y81.3 E457.57232
G1 F2700 E452.57232
;MESH:batclipholder.stl(1)
G0 F9000 X148 Y77.309
G0 X141.347 Y77.321
G0 X128.712 Y88.462
G0 X127.376 Y88.148
;TYPE:WALL-INNER
G1 F2700 E457.57232
G1 F1229.5 X125.584 Y91.265 E457.71821
G1 F1271.2 X123.793 Y94.382 E457.8593
G0 F9000 X123.215 Y95.013
G0 X122.559 Y94.839
G0 X122.305 Y94.125
G1 F991.7 X122.3 Y80.5 E458.54472
G0 F9000 X122.038 Y80.062
G0 X113.034 Y79.585
G1 F1282.1 X113.291 Y79.471 E458.55566
G1 X121.709 Y79.471 E458.88324
G1 F1284.8 X121.967 Y79.585 E458.89419
G1 X121.967 Y79.005 E458.91671
G1 F1282.1 X113.034 Y79.006 E459.26434
G1 X113.034 Y79.585 E459.28687
G0 F9000 X122.038 Y80.062
G0 X122.3 Y80.5
G1 F1200 X122.4 Y79.869 E459.31343
G1 F1500 X122.4 Y78.572 E459.35657
G1 X112.6 Y78.572 E459.68252
G1 X112.6 Y79.869 E459.72565
G1 F1200 X112.7 Y80.5 E459.75222
G1 X113.002 Y80.05 E459.77475
G1 F1500 X113.337 Y79.903 E459.78691
G1 X121.663 Y79.902 E460.06384
G1 X121.998 Y80.05 E460.07602
G1 F1200 X122.3 Y80.5 E460.09855
G0 F9000 X122.038 Y80.062
G0 X112.962 Y80.062
G0 X112.7 Y80.5
G1 F991.7 X112.695 Y94.125 E460.78397
G0 F9000 X112.441 Y94.839
G0 X111.785 Y95.013
G0 X111.263 Y94.477
G1 F1239.7 X107.621 Y88.146 E461.07791
G0 F9000 X111.785 Y95.013
G0 X112.422 Y95.799
G1 F1685.4 X112.422 Y94.76 E461.10867
G1 X112.245 Y94.952 E461.1164
G1 X111.973 Y95.021 E461.1247
G1 X112.422 Y95.799 E461.15129
G0 F9000 X112.8 Y96.424
G1 F1500 X112.8 Y95.089 E461.1957
G1 F1327.4 X112.748 Y94.607 E461.21392
G1 F1075.3 X112.695 Y94.125 E461.23641
G1 F1188.1 X112.15 Y94.586 E461.26639
G1 F1500 X111.902 Y94.649 E461.2749
G1 F1373 X111.263 Y94.477 E461.29894
G1 X111.658 Y95.23 E461.32984
G1 F1500 X112.346 Y96.424 E461.37568
G1 X112.8 Y96.424 E461.39078
G1 F2700 E456.39078
G0 F9000 X112.52 Y96.146
G0 X112.962 Y80.062
G0 X122.038 Y80.062
G0 X122.578 Y95.794
G1 F2700 E461.39078
G1 F1694.9 X123.025 Y95.021 E461.41706
G1 X122.752 Y94.95 E461.42536
G1 X122.578 Y94.76 E461.43295
G1 X122.578 Y95.794 E461.46338
G0 F9000 X122.2 Y96.424
G1 F1500 X122.649 Y96.424 E461.47832
G1 X123.336 Y95.235 E461.52399
G1 F1388.9 X123.793 Y94.382 E461.55875
G1 X123.091 Y94.649 E461.58573
G1 F1500 X122.847 Y94.585 E461.59412
G1 F1188.1 X122.305 Y94.125 E461.62397
G1 F1075.3 X122.253 Y94.605 E461.64637
G1 F1327.4 X122.201 Y95.085 E461.66452
G1 F1500 X122.2 Y96.424 E461.70905
G1 F2700 E456.70905
G0 F9000 X122.48 Y96.146
G0 X122.038 Y80.062
G0 X112.962 Y80.062
G0 X112.92 Y96.546
G0 X113.2 Y96.824
;TYPE:WALL-OUTER
G1 F2700 E461.70905
G1 F1500 X113.2 Y80.5 E462.25199
G1 X113.267 Y80.35 E462.25745
G1 X113.379 Y80.301 E462.26152
G1 X121.621 Y80.3 E462.53565
G1 X121.733 Y80.35 E462.53973
G1 X121.8 Y80.5 E462.54519
G1 X121.8 Y96.824 E463.08813
G1 X122.88 Y96.824 E463.12405
G1 X128.151 Y87.701 E463.47449
G1 X127.117 Y87.7 E463.50888
G1 X123.418 Y94.168 E463.7567
G1 X123.193 Y94.262 E463.76481
G1 X122.949 Y94.198 E463.7732
G1 X122.802 Y94.039 E463.78041
G1 X122.8 Y78.172 E464.30814
G1 X112.2 Y78.172 E464.6607
G1 X112.198 Y94.039 E465.18844
G1 X112.05 Y94.198 E465.19567
G1 X111.802 Y94.262 E465.20418
G1 X111.598 Y94.197 E465.21131
G1 X107.88 Y87.7 E465.46028
G1 X106.848 Y87.7 E465.4946
G1 X112.116 Y96.824 E465.84502
G1 X113.2 Y96.824 E465.88107
G1 F2700 E460.88107
;MESH:batclipholder.stl
G0 F9000 X112.92 Y96.546
G0 X112.976 Y97.691
G0 X112.976 Y107.309
G0 X112.976 Y108.404
G0 X113.034 Y109.585
;TYPE:WALL-INNER
G1 F2700 E465.88107
G1 F1282.1 X113.291 Y109.471 E465.89201
G1 X121.709 Y109.471 E466.21959
G1 F1284.8 X121.967 Y109.585 E466.23055
G1 X121.967 Y109.005 E466.25307
G1 F1282.1 X113.034 Y109.006 E466.60069
G1 X113.034 Y109.585 E466.62322
G0 F9000 X122.038 Y110.062
G0 X122.3 Y110.5
G1 F1200 X122.4 Y109.869 E466.64978
G1 F1500 X122.4 Y108.572 E466.69292
G1 X112.6 Y108.572 E467.01887
G1 X112.6 Y109.869 E467.06201
G1 F1200 X112.7 Y110.5 E467.08857
G1 X113.002 Y110.05 E467.1111
G1 F1500 X113.337 Y109.903 E467.12327
G1 X121.663 Y109.902 E467.40019
G1 X121.998 Y110.05 E467.41238
G1 F1200 X122.3 Y110.5 E467.43491
G1 F991.7 X122.305 Y124.125 E468.12033
G0 F9000 X122.559 Y124.839
G0 X123.215 Y125.013
G0 X123.793 Y124.382
G1 F1271.2 X125.584 Y121.265 E468.26142
G1 F1229.5 X127.376 Y118.148 E468.40731
G0 F9000 X123.215 Y125.013
G0 X122.578 Y125.794
G1 F1694.9 X123.025 Y125.021 E468.43359
G1 X122.752 Y124.95 E468.44189
G1 X122.578 Y124.76 E468.44948
G1 X122.578 Y125.794 E468.47991
G0 F9000 X122.2 Y126.424
G1 F1500 X122.649 Y126.424 E468.49485
G1 X123.336 Y125.235 E468.54052
G1 F1388.9 X123.793 Y124.382 E468.57528
G1 X123.091 Y124.649 E468.60226
G1 F1500 X122.847 Y124.585 E468.61065
G1 F1188.1 X122.305 Y124.125 E468.6405
G1 F1075.3 X122.253 Y124.605 E468.6629
G1 F1327.4 X122.201 Y125.085 E468.68105
G1 F1500 X122.2 Y126.424 E468.72558
G1 F2700 E463.72558
G0 F9000 X122.48 Y126.146
G0 X122.038 Y110.062
G0 X112.962 Y110.062
G0 X112.695 Y124.125
G1 F2700 E468.72558
G1 F991.7 X112.7 Y110.5 E469.411
G0 F9000 X112.441 Y124.839
G0 X111.785 Y125.013
G0 X107.621 Y118.146
G1 F1239.7 X111.263 Y124.477 E469.70494
G0 F9000 X112.422 Y125.799
G1 F1685.4 X112.422 Y124.76 E469.7357
G1 X112.245 Y124.952 E469.74343
G1 X111.973 Y125.021 E469.75174
G1 X112.422 Y125.799 E469.77833
G0 F9000 X112.8 Y126.424
G1 F1500 X112.8 Y125.089 E469.82273
G1 F1327.4 X112.748 Y124.607 E469.84095
G1 F1075.3 X112.695 Y124.125 E469.86345
G1 F1188.1 X112.15 Y124.586 E469.89342
G1 F1500 X111.902 Y124.649 E469.90193
G1 F1373 X111.263 Y124.477 E469.92598
G1 X111.658 Y125.23 E469.95687
G1 F1500 X112.346 Y126.424 E470.00271
G1 X112.8 Y126.424 E470.01781
G0 F9000 X113.2 Y126.824
;TYPE:WALL-OUTER
G1 F1500 X113.2 Y110.5 E470.56075
G1 X113.267 Y110.35 E470.56621
G1 X113.379 Y110.301 E470.57028
G1 X121.621 Y110.3 E470.84441
G1 X121.733 Y110.35 E470.84849
G1 X121.8 Y110.5 E470.85395
G1 X121.8 Y126.824 E471.39689
G1 X122.88 Y126.824 E471.43281
G1 X128.151 Y117.701 E471.78325
G1 X127.117 Y117.7 E471.81764
G1 X123.418 Y124.168 E472.06546
G1 X123.193 Y124.262 E472.07357
G1 X122.949 Y124.198 E472.08196
G1 X122.802 Y124.039 E472.08916
G1 X122.8 Y108.172 E472.6169
G1 X112.2 Y108.172 E472.96946
G1 X112.198 Y124.039 E473.4972
G1 X112.05 Y124.198 E473.50442
G1 X111.802 Y124.262 E473.51294
G1 X111.598 Y124.197 E473.52006
G1 X107.88 Y117.7 E473.76903
G1 X106.848 Y117.7 E473.80336
G1 X112.116 Y126.824 E474.15378
G1 X113.2 Y126.824 E474.18983
G1 F2700 E469.18983
;MESH:batclipholder.stl(3)
G0 F9000 X112.92 Y126.546
G0 X112.962 Y110.062
G0 X122.038 Y110.062
G0 X122.559 Y124.839
G0 X123.215 Y125.013
G0 X127.773 Y117.92
G0 X128.712 Y118.462
G0 X136.289 Y118.463
G0 X137.621 Y118.146
;TYPE:WALL-INNER
G1 F2700 E474.18983
G1 F1239.7 X141.263 Y124.477 E474.48377
G0 F9000 X141.785 Y125.013
G0 X142.441 Y124.839
G0 X142.695 Y124.125
G1 F991.7 X142.7 Y110.5 E475.16919
G0 F9000 X143.034 Y109.585
G1 F1282.1 X143.291 Y109.471 E475.18013
G1 X151.709 Y109.471 E475.50771
G1 F1284.8 X151.967 Y109.585 E475.51866
G1 X151.967 Y109.005 E475.54119
G1 F1282.1 X143.034 Y109.006 E475.88881
G1 X143.034 Y109.585 E475.91134
G0 F9000 X142.7 Y110.5
G1 F1200 X143.002 Y110.05 E475.93387
G1 F1500 X143.337 Y109.903 E475.94604
G1 X151.663 Y109.902 E476.22296
G1 X151.998 Y110.05 E476.23514
G1 F1200 X152.3 Y110.5 E476.25767
G1 X152.4 Y109.869 E476.28424
G1 F1500 X152.4 Y108.572 E476.32737
G1 X142.6 Y108.572 E476.65332
G1 X142.6 Y109.869 E476.69646
G1 F1200 X142.7 Y110.5 E476.72302
G0 F9000 X142.962 Y110.062
G0 X152.038 Y110.062
G0 X152.3 Y110.5
G1 F991.7 X152.305 Y124.125 E477.40844
G0 F9000 X152.559 Y124.839
G0 X153.215 Y125.013
G0 X153.793 Y124.382
G1 F1271.2 X155.584 Y121.265 E477.54953
G1 F1229.5 X157.376 Y118.148 E477.69542
G0 F9000 X153.215 Y125.013
G0 X152.578 Y125.794
G1 F1694.9 X153.025 Y125.021 E477.72171
G1 X152.752 Y124.95 E477.73001
G1 X152.578 Y124.76 E477.73759
G1 X152.578 Y125.794 E477.76803
G0 F9000 X152.2 Y126.424
G1 F1500 X152.649 Y126.424 E477.78296
G1 X153.336 Y125.235 E477.82864
G1 F1388.9 X153.793 Y124.382 E477.8634
G1 X153.091 Y124.649 E477.89038
G1 F1500 X152.847 Y124.585 E477.89877
G1 F1188.1 X152.305 Y124.125 E477.92862
G1 F1075.3 X152.253 Y124.605 E477.95102
G1 F1327.4 X152.201 Y125.085 E477.96916
G1 F1500 X152.2 Y126.424 E478.0137
G1 F2700 E473.0137
G0 F9000 X152.48 Y126.146
G0 X152.038 Y110.062
G0 X142.962 Y110.062
G0 X142.422 Y125.799
G1 F2700 E478.0137
G1 F1685.4 X142.422 Y124.76 E478.04446
G1 X142.245 Y124.952 E478.05219
G1 X141.973 Y125.021 E478.06049
G1 X142.422 Y125.799 E478.08708
G0 F9000 X142.346 Y126.424
G1 F1500 X142.8 Y126.424 E478.10218
G1 X142.8 Y125.089 E478.14658
G1 F1327.4 X142.748 Y124.607 E478.1648
G1 F1075.3 X142.695 Y124.125 E478.1873
G1 F1188.1 X142.15 Y124.586 E478.21728
G1 F1500 X141.902 Y124.649 E478.22579
G1 F1373 X141.263 Y124.477 E478.24983
G1 X141.658 Y125.23 E478.28073
G1 F1500 X142.346 Y126.424 E478.32657
G0 F9000 X142.116 Y126.824
;TYPE:WALL-OUTER
G1 F1500 X143.2 Y126.824 E478.36262
G1 X143.2 Y110.5 E478.90556
G1 X143.267 Y110.35 E478.91102
G1 X143.379 Y110.301 E478.91509
G1 X151.621 Y110.3 E479.18922
G1 X151.733 Y110.35 E479.1933
G1 X151.8 Y110.5 E479.19876
G1 X151.8 Y126.824 E479.7417
G1 X152.88 Y126.824 E479.77762
G1 X158.151 Y117.701 E480.12806
G1 X157.117 Y117.7 E480.16245
G1 X153.418 Y124.168 E480.41027
G1 X153.193 Y124.262 E480.41838
G1 X152.949 Y124.198 E480.42677
G1 X152.802 Y124.039 E480.43397
G1 X152.8 Y108.172 E480.96171
G1 X142.2 Y108.172 E481.31427
G1 X142.198 Y124.039 E481.84201
G1 X142.05 Y124.198 E481.84923
G1 X141.802 Y124.262 E481.85775
G1 X141.598 Y124.197 E481.86487
G1 X137.88 Y117.7 E482.11385
G1 X136.848 Y117.7 E482.14817
G1 X142.116 Y126.824 E482.49859
G1 F2700 E477.49859
;MESH:batclipholder.stl(2)
G0 F9000 X142.287 Y126.53
G0 X142.412 Y125.16
G0 X142.424 Y108.398
G0 X142.424 Y107.309
G0 X142.424 Y97.691
G0 X142.424 Y96.596
G0 X142.422 Y95.799
;TYPE:WALL-INNER
G1 F2700 E482.49859
G1 F1685.4 X142.422 Y94.76 E482.52934
G1 X142.245 Y94.952 E482.53707
G1 X141.973 Y95.021 E482.54538
G1 X142.422 Y95.799 E482.57197
G0 F9000 X142.346 Y96.424
G1 F1500 X142.8 Y96.424 E482.58707
G1 X142.8 Y95.089 E482.63147
G1 F1327.4 X142.748 Y94.607 E482.64969
G1 F1075.3 X142.695 Y94.125 E482.67219
G1 F1188.1 X142.15 Y94.586 E482.70216
G1 F1500 X141.902 Y94.649 E482.71067
G1 F1373 X141.263 Y94.477 E482.73472
G1 X141.658 Y95.23 E482.76562
G1 F1500 X142.346 Y96.424 E482.81145
G0 F9000 X142.517 Y96.13
G0 X141.263 Y94.477
G1 F1239.7 X137.621 Y88.146 E483.10539
G0 F9000 X141.785 Y95.013
G0 X142.441 Y94.839
G0 X142.695 Y94.125
G1 F991.7 X142.7 Y80.5 E483.79081
G0 F9000 X143.034 Y79.585
G1 F1282.1 X143.291 Y79.471 E483.80175
G1 X151.709 Y79.471 E484.12933
G1 F1284.8 X151.967 Y79.585 E484.14029
G1 X151.967 Y79.005 E484.16281
G1 F1282.1 X143.034 Y79.006 E484.51043
G1 X143.034 Y79.585 E484.53296
G0 F9000 X142.7 Y80.5
G1 F1200 X143.002 Y80.05 E484.55549
G1 F1500 X143.337 Y79.903 E484.56766
G1 X151.663 Y79.902 E484.84458
G1 X151.998 Y80.05 E484.85676
G1 F1200 X152.3 Y80.5 E484.8793
G1 X152.4 Y79.869 E484.90586
G1 F1500 X152.4 Y78.572 E484.949
G1 X142.6 Y78.572 E485.27495
G1 X142.6 Y79.869 E485.31808
G1 F1200 X142.7 Y80.5 E485.34464
G0 F9000 X142.962 Y80.062
G0 X152.038 Y80.062
G0 X152.3 Y80.5
G1 F991.7 X152.305 Y94.125 E486.03006
G0 F9000 X152.559 Y94.839
G0 X153.215 Y95.013
G0 X153.793 Y94.382
G1 F1271.2 X155.584 Y91.265 E486.17115
G1 F1229.5 X157.376 Y88.148 E486.31704
G0 F9000 X153.215 Y95.013
G0 X152.578 Y95.794
G1 F1694.9 X153.025 Y95.021 E486.34333
G1 X152.752 Y94.95 E486.35163
G1 X152.578 Y94.76 E486.35922
G1 X152.578 Y95.794 E486.38965
G0 F9000 X152.2 Y96.424
G1 F1500 X152.649 Y96.424 E486.40459
G1 X153.336 Y95.235 E486.45026
G1 F1388.9 X153.793 Y94.382 E486.48502
G1 X153.091 Y94.649 E486.512
G1 F1500 X152.847 Y94.585 E486.52039
G1 F1188.1 X152.305 Y94.125 E486.55024
G1 F1075.3 X152.253 Y94.605 E486.57264
G1 F1327.4 X152.201 Y95.085 E486.59079
G1 F1500 X152.2 Y96.424 E486.63532
G1 F2700 E481.63532
G0 F9000 X152.48 Y96.146
G0 X152.038 Y80.062
G0 X142.962 Y80.062
G0 X142.955 Y89.385
G0 X142.287 Y96.53
G0 X142.116 Y96.824
;TYPE:WALL-OUTER
G1 F2700 E486.63532
G1 F1500 X143.2 Y96.824 E486.67138
G1 X143.2 Y80.5 E487.21431
G1 X143.267 Y80.35 E487.21978
G1 X143.379 Y80.301 E487.22384
G1 X151.621 Y80.3 E487.49797
G1 X151.733 Y80.35 E487.50205
G1 X151.8 Y80.5 E487.50752
G1 X151.8 Y96.824 E488.05046
G1 X152.88 Y96.824 E488.08638
G1 X158.151 Y87.701 E488.43681
G1 X157.117 Y87.7 E488.4712
G1 X153.418 Y94.168 E488.71903
G1 X153.193 Y94.262 E488.72714
G1 X152.949 Y94.198 E488.73553
G1 X152.802 Y94.039 E488.74273
G1 X152.8 Y78.172 E489.27047
G1 X142.2 Y78.172 E489.62303
G1 X142.198 Y94.039 E490.15076
G1 X142.05 Y94.198 E490.15799
G1 X141.802 Y94.262 E490.16651
G1 X141.598 Y94.197 E490.17363
G1 X137.88 Y87.7 E490.4226
G1 X136.848 Y87.7 E490.45693
G1 X142.116 Y96.824 E490.80734
G1 F2700 E485.80734
;MESH:NONMESH
G0 F300 X142.116 Y96.824 Z1.4
G0 F9000 X142.287 Y96.53
G0 X137.227 Y87.92
G0 X136.289 Y88.463
G0 X123.653 Y77.321
G0 X116 Y77.309
G0 X116 Y81.3
;TIME_ELAPSED:881.699478
;LAYER:6
;TYPE:SUPPORT
G1 F2700 E490.80734
G1 F1500 X116 Y93.794 E491.22289
G1 F2700 E486.22289
G0 F9000 X116 Y94.46
G0 X120 Y94.46
G0 X120 Y93.794
G1 F2700 E491.22289
G1 F1500 X120 Y81.3 E491.63845
G1 F2700 E486.63845
G0 F9000 X123.665 Y81.3
G0 X128.88 Y86.841
G0 X129.262 Y87.5
G0 X123.665 Y111.3
G0 X120 Y111.3
G1 F2700 E491.63845
G1 F1500 X120 Y123.794 E492.054
G1 F2700 E487.054
G0 F9000 X120 Y124.46
G0 X116 Y124.46
G0 X116 Y123.794
G1 F2700 E492.054
G1 F1500 X116 Y111.3 E492.46955
G1 F2700 E487.46955
G0 F9000 X116 Y107.309
G0 X148 Y107.309
G0 X148 Y111.3
G1 F2700 E492.46955
G1 F1500 X148 Y123.794 E492.8851
G1 F2700 E487.8851
G0 F9000 X148 Y124.46
G0 X150.947 Y127.679
G0 X153.38 Y127.685
G0 X159.262 Y117.5
G0 X148 Y94.46
G0 X148 Y93.794
G1 F2700 E492.8851
G1 F1500 X148 Y81.3 E493.30065
G1 F2700 E488.30065
;MESH:batclipholder.stl(1)
G0 F9000 X148 Y77.309
G0 X141.347 Y77.321
G0 X128.712 Y88.462
G0 X127.376 Y88.148
;TYPE:WALL-INNER
G1 F2700 E493.30065
G1 F1229.5 X125.584 Y91.265 E493.44655
G1 F1271.2 X123.793 Y94.382 E493.58764
G0 F9000 X123.215 Y95.013
G0 X122.559 Y94.839
G0 X122.305 Y94.125
G1 F991.7 X122.3 Y80.5 E494.27305
G0 F9000 X122.038 Y80.062
G0 X113.034 Y79.585
G1 F1282.1 X113.291 Y79.471 E494.284
G1 X121.709 Y79.471 E494.61158
G1 F1284.8 X121.967 Y79.585 E494.62253
G1 X121.967 Y79.005 E494.64505
G1 F1282.1 X113.034 Y79.006 E494.99267
G1 X113.034 Y79.585 E495.0152
G0 F9000 X122.038 Y80.062
G0 X122.3 Y80.5
G1 F1200 X122.4 Y79.869 E495.04177
G1 F1500 X122.4 Y78.572 E495.0849
G1 X112.6 Y78.572 E495.41085
G1 X112.6 Y79.869 E495.45399
G1 F1200 X112.7 Y80.5 E495.48055
G1 X113.002 Y80.05 E495.50309
G1 F1500 X113.337 Y79.903 E495.51525
G1 X121.663 Y79.902 E495.79218
G1 X121.998 Y80.05 E495.80436
G1 F1200 X122.3 Y80.5 E495.82689
G0 F9000 X122.038 Y80.062
G0 X112.962 Y80.062
G0 X112.7 Y80.5
G1 F991.7 X112.695 Y94.125 E496.51231
G0 F9000 X112.441 Y94.839
G0 X111.785 Y95.013
G0 X111.263 Y94.477
G1 F1239.7 X107.621 Y88.146 E496.80625
G0 F9000 X111.785 Y95.013
G0 X112.422 Y95.799
G1 F1685.4 X112.422 Y94.76 E496.837
G1 X112.245 Y94.952 E496.84473
G1 X111.973 Y95.021 E496.85304
G1 X112.422 Y95.799 E496.87963
G0 F9000 X112.8 Y96.424
G1 F1500 X112.8 Y95.089 E496.92403
G1 F1327.4 X112.748 Y94.607 E496.94225
G1 F1075.3 X112.695 Y94.125 E496.96475
G1 F1188.1 X112.15 Y94.586 E496.99473
G1 F1500 X111.902 Y94.649 E497.00324
G1 F1373 X111.263 Y94.477 E497.02728
G1 X111.658 Y95.23 E497.05818
G1 F1500 X112.346 Y96.424 E497.10401
G1 X112.8 Y96.424 E497.11911
G1 F2700 E492.11911
G0 F9000 X112.52 Y96.146
G0 X112.962 Y80.062
G0 X122.038 Y80.062
G0 X122.578 Y95.794
G1 F2700 E497.11911
G1 F1694.9 X123.025 Y95.021 E497.1454
G1 X122.752 Y94.95 E497.1537
G1 X122.578 Y94.76 E497.16128
G1 X122.578 Y95.794 E497.19172
G0 F9000 X122.2 Y96.424
G1 F1500 X122.649 Y96.424 E497.20665
G1 X123.336 Y95.235 E497.25233
G1 F1388.9 X123.793 Y94.382 E497.28709
G1 X123.091 Y94.649 E497.31407
G1 F1500 X122.847 Y94.585 E497.32246
G1 F1188.1 X122.305 Y94.125 E497.35231
G1 F1075.3 X122.253 Y94.605 E497.37471
G1 F1327.4 X122.201 Y95.085 E497.39286
G1 F1500 X122.2 Y96.424 E497.43739
G1 F2700 E492.43739
G0 F9000 X122.48 Y96.146
G0 X122.038 Y80.062
G0 X112.962 Y80.062
G0 X112.92 Y96.546
G0 X113.2 Y96.824
;TYPE:WALL-OUTER
G1 F2700 E497.43739
G1 F1500 X113.2 Y80.5 E497.98033
G1 X113.267 Y80.35 E497.98579
G1 X113.379 Y80.301 E497.98986
G1 X121.621 Y80.3 E498.26399
G1 X121.733 Y80.35 E498.26807
G1 X121.8 Y80.5 E498.27353
G1 X121.8 Y96.824 E498.81647
G1 X122.88 Y96.824 E498.85239
G1 X128.151 Y87.701 E499.20283
G1 X127.117 Y87.7 E499.23722
G1 X123.418 Y94.168 E499.48504
G1 X123.193 Y94.262 E499.49315
G1 X122.949 Y94.198 E499.50154
G1 X122.802 Y94.039 E499.50874
G1 X122.8 Y78.172 E500.03648
G1 X112.2 Y78.172 E500.38904
G1 X112.198 Y94.039 E500.91678
G1 X112.05 Y94.198 E500.924
G1 X111.802 Y94.262 E500.93252
G1 X111.598 Y94.197 E500.93964
G1 X107.88 Y87.7 E501.18862
G1 X106.848 Y87.7 E501.22294
G1 X112.116 Y96.824 E501.57336
G1 X113.2 Y96.824 E501.60941
G1 F2700 E496.60941
;MESH:batclipholder.stl
G0 F9000 X112.92 Y96.546
G0 X112.976 Y97.691
G0 X112.976 Y107.309
G0 X112.976 Y108.404
G0 X113.034 Y109.585
;TYPE:WALL-INNER
G1 F2700 E501.60941
G1 F1282.1 X113.291 Y109.471 E501.62035
G1 X121.709 Y109.471 E501.94793
G1 F1284.8 X121.967 Y109.585 E501.95889
G1 X121.967 Y109.005 E501.98141
G1 F1282.1 X113.034 Y109.006 E502.32903
G1 X113.034 Y109.585 E502.35156
G0 F9000 X122.038 Y110.062
G0 X122.3 Y110.5
G1 F1200 X122.4 Y109.869 E502.37812
G1 F1500 X122.4 Y108.572 E502.42126
G1 X112.6 Y108.572 E502.74721
G1 X112.6 Y109.869 E502.79035
G1 F1200 X112.7 Y110.5 E502.81691
G1 X113.002 Y110.05 E502.83944
G1 F1500 X113.337 Y109.903 E502.85161
G1 X121.663 Y109.902 E503.12853
G1 X121.998 Y110.05 E503.14071
G1 F1200 X122.3 Y110.5 E503.16325
G1 F991.7 X122.305 Y124.125 E503.84866
G0 F9000 X122.559 Y124.839
G0 X123.215 Y125.013
G0 X123.793 Y124.382
G1 F1271.2 X125.584 Y121.265 E503.98975
G1 F1229.5 X127.376 Y118.148 E504.13565
G0 F9000 X123.215 Y125.013
G0 X122.578 Y125.794
G1 F1694.9 X123.025 Y125.021 E504.16193
G1 X122.752 Y124.95 E504.17023
G1 X122.578 Y124.76 E504.17782
G1 X122.578 Y125.794 E504.20825
G0 F9000 X122.2 Y126.424
G1 F1500 X122.649 Y126.424 E504.22319
G1 X123.336 Y125.235 E504.26886
G1 F1388.9 X123.793 Y124.382 E504.30362
G1 X123.091 Y124.649 E504.3306
G1 F1500 X122.847 Y124.585 E504.33899
G1 F1188.1 X122.305 Y124.125 E504.36884
G1 F1075.3 X122.253 Y124.605 E504.39124
G1 F1327.4 X122.201 Y125.085 E504.40939
G1 F1500 X122.2 Y126.424 E504.45392
G1 F2700 E499.45392
G0 F9000 X122.48 Y126.146
G0 X122.038 Y110.062
G0 X112.962 Y110.062
G0 X112.695 Y124.125
G1 F2700 E504.45392
G1 F991.7 X112.7 Y110.5 E505.13934
G0 F9000 X112.441 Y124.839
G0 X111.785 Y125.013
G0 X107.621 Y118.146
G1 F1239.7 X111.263 Y124.477 E505.43328
G0 F9000 X112.422 Y125.799
G1 F1685.4 X112.422 Y124.76 E505.46404
G1 X112.245 Y124.952 E505.47177
G1 X111.973 Y125.021 E505.48007
G1 X112.422 Y125.799 E505.50666
G0 F9000 X112.8 Y126.424
G1 F1500 X112.8 Y125.089 E505.55107
G1 F1327.4 X112.748 Y124.607 E505.56929
G1 F1075.3 X112.695 Y124.125 E505.59179
G1 F1188.1 X112.15 Y124.586 E505.62176
G1 F1500 X111.902 Y124.649 E505.63027
G1 F1373 X111.263 Y124.477 E505.65432
G1 X111.658 Y125.23 E505.68521
G1 F1500 X112.346 Y126.424 E505.73105
G1 X112.8 Y126.424 E505.74615
G0 F9000 X113.2 Y126.824
;TYPE:WALL-OUTER
G1 F1500 X113.2 Y110.5 E506.28909
G1 X113.267 Y110.35 E506.29455
G1 X113.379 Y110.301 E506.29862
G1 X121.621 Y110.3 E506.57275
G1 X121.733 Y110.35 E506.57682
G1 X121.8 Y110.5 E506.58229
G1 X121.8 Y126.824 E507.12523
G1 X122.88 Y126.824 E507.16115
G1 X128.151 Y117.701 E507.51159
G1 X127.117 Y117.7 E507.54598
G1 X123.418 Y124.168 E507.7938
G1 X123.193 Y124.262 E507.80191
G1 X122.949 Y124.198 E507.8103
G1 X122.802 Y124.039 E507.8175
G1 X122.8 Y108.172 E508.34524
G1 X112.2 Y108.172 E508.6978
G1 X112.198 Y124.039 E509.22554
G1 X112.05 Y124.198 E509.23276
G1 X111.802 Y124.262 E509.24128
G1 X111.598 Y124.197 E509.2484
G1 X107.88 Y117.7 E509.49737
G1 X106.848 Y117.7 E509.5317
G1 X112.116 Y126.824 E509.88211
G1 X113.2 Y126.824 E509.91817
G1 F2700 E504.91817
;MESH:batclipholder.stl(3)
G0 F9000 X112.92 Y126.546
G0 X112.962 Y110.062
G0 X122.038 Y110.062
G0 X122.559 Y124.839
G0 X123.215 Y125.013
G0 X127.773 Y117.92
G0 X128.712 Y118.462
G0 X136.289 Y118.463
G0 X137.621 Y118.146
;TYPE:WALL-INNER
G1 F2700 E509.91817
G1 F1239.7 X141.263 Y124.477 E510.21211
G0 F9000 X141.785 Y125.013
G0 X142.441 Y124.839
G0 X142.695 Y124.125
G1 F991.7 X142.7 Y110.5 E510.89753
G0 F9000 X143.034 Y109.585
G1 F1282.1 X143.291 Y109.471 E510.90847
G1 X151.709 Y109.471 E511.23605
G1 F1284.8 X151.967 Y109.585 E511.247
G1 X151.967 Y109.005 E511.26952
G1 F1282.1 X143.034 Y109.006 E511.61714
G1 X143.034 Y109.585 E511.63968
G0 F9000 X142.7 Y110.5
G1 F1200 X143.002 Y110.05 E511.66221
G1 F1500 X143.337 Y109.903 E511.67438
G1 X151.663 Y109.902 E511.9513
G1 X151.998 Y110.05 E511.96348
G1 F1200 X152.3 Y110.5 E511.98601
G1 X152.4 Y109.869 E512.01257
G1 F1500 X152.4 Y108.572 E512.05571
G1 X142.6 Y108.572 E512.38166
G1 X142.6 Y109.869 E512.4248
G1 F1200 X142.7 Y110.5 E512.45136
G0 F9000 X142.962 Y110.062
G0 X152.038 Y110.062
G0 X152.3 Y110.5
G1 F991.7 X152.305 Y124.125 E513.13678
G0 F9000 X152.559 Y124.839
G0 X153.215 Y125.013
G0 X153.793 Y124.382
G1 F1271.2 X155.584 Y121.265 E513.27787
G1 F1229.5 X157.376 Y118.148 E513.42376
G0 F9000 X153.215 Y125.013
G0 X152.578 Y125.794
G1 F1694.9 X153.025 Y125.021 E513.45004
G1 X152.752 Y124.95 E513.45835
G1 X152.578 Y124.76 E513.46593
G1 X152.578 Y125.794 E513.49637
G0 F9000 X152.2 Y126.424
G1 F1500 X152.649 Y126.424 E513.5113
G1 X153.336 Y125.235 E513.55697
G1 F1388.9 X153.793 Y124.382 E513.59173
G1 X153.091 Y124.649 E513.61871
G1 F1500 X152.847 Y124.585 E513.6271
G1 F1188.1 X152.305 Y124.125 E513.65695
G1 F1075.3 X152.253 Y124.605 E513.67936
G1 F1327.4 X152.201 Y125.085 E513.6975
G1 F1500 X152.2 Y126.424 E513.74204
G1 F2700 E508.74204
G0 F9000 X152.48 Y126.146
G0 X152.038 Y110.062
G0 X142.962 Y110.062
G0 X142.422 Y125.799
G1 F2700 E513.74204
G1 F1685.4 X142.422 Y124.76 E513.77279
G1 X142.245 Y124.952 E513.78052
G1 X141.973 Y125.021 E513.78883
G1 X142.422 Y125.799 E513.81542
G0 F9000 X142.346 Y126.424
G1 F1500 X142.8 Y126.424 E513.83052
G1 X142.8 Y125.089 E513.87492
G1 F1327.4 X142.748 Y124.607 E513.89314
G1 F1075.3 X142.695 Y124.125 E513.91564
G1 F1188.1 X142.15 Y124.586 E513.94562
G1 F1500 X141.902 Y124.649 E513.95413
G1 F1373 X141.263 Y124.477 E513.97817
G1 X141.658 Y125.23 E514.00907
G1 F1500 X142.346 Y126.424 E514.0549
G0 F9000 X142.116 Y126.824
;TYPE:WALL-OUTER
G1 F1500 X143.2 Y126.824 E514.09096
G1 X143.2 Y110.5 E514.6339
G1 X143.267 Y110.35 E514.63936
G1 X143.379 Y110.301 E514.64343
G1 X151.621 Y110.3 E514.91756
G1 X151.733 Y110.35 E514.92164
G1 X151.8 Y110.5 E514.9271
G1 X151.8 Y126.824 E515.47004
G1 X152.88 Y126.824 E515.50596
G1 X158.151 Y117.701 E515.8564
G1 X157.117 Y117.7 E515.89079
G1 X153.418 Y124.168 E516.13861
G1 X153.193 Y124.262 E516.14672
G1 X152.949 Y124.198 E516.15511
G1 X152.802 Y124.039 E516.16231
G1 X152.8 Y108.172 E516.69005
G1 X142.2 Y108.172 E517.04261
G1 X142.198 Y124.039 E517.57035
G1 X142.05 Y124.198 E517.57757
G1 X141.802 Y124.262 E517.58609
G1 X141.598 Y124.197 E517.59321
G1 X137.88 Y117.7 E517.84218
G1 X136.848 Y117.7 E517.87651
G1 X142.116 Y126.824 E518.22692
G1 F2700 E513.22692
;MESH:batclipholder.stl(2)
G0 F9000 X142.287 Y126.53
G0 X142.412 Y125.16
G0 X142.424 Y108.398
G0 X142.424 Y107.309
G0 X142.424 Y97.691
G0 X142.424 Y96.596
G0 X142.422 Y95.799
;TYPE:WALL-INNER
G1 F2700 E518.22692
G1 F1685.4 X142.422 Y94.76 E518.25768
G1 X142.245 Y94.952 E518.26541
G1 X141.973 Y95.021 E518.27372
G1 X142.422 Y95.799 E518.30031
G0 F9000 X142.346 Y96.424
G1 F1500 X142.8 Y96.424 E518.31541
G1 X142.8 Y95.089 E518.35981
G1 F1327.4 X142.748 Y94.607 E518.37803
G1 F1075.3 X142.695 Y94.125 E518.40053
G1 F1188.1 X142.15 Y94.586 E518.4305
G1 F1500 X141.902 Y94.649 E518.43901
G1 F1373 X141.263 Y94.477 E518.46306
G1 X141.658 Y95.23 E518.49396
G1 F1500 X142.346 Y96.424 E518.53979
G0 F9000 X142.517 Y96.13
G0 X141.263 Y94.477
G1 F1239.7 X137.621 Y88.146 E518.83373
G0 F9000 X141.785 Y95.013
G0 X142.441 Y94.839
G0 X142.695 Y94.125
G1 F991.7 X142.7 Y80.5 E519.51915
G0 F9000 X143.034 Y79.585
G1 F1282.1 X143.291 Y79.471 E519.53009
G1 X151.709 Y79.471 E519.85767
G1 F1284.8 X151.967 Y79.585 E519.86862
G1 X151.967 Y79.005 E519.89115
G1 F1282.1 X143.034 Y79.006 E520.23877
G1 X143.034 Y79.585 E520.2613
G0 F9000 X142.7 Y80.5
G1 F1200 X143.002 Y80.05 E520.28383
G1 F1500 X143.337 Y79.903 E520.296
G1 X151.663 Y79.902 E520.57292
G1 X151.998 Y80.05 E520.5851
G1 F1200 X152.3 Y80.5 E520.60763
G1 X152.4 Y79.869 E520.6342
G1 F1500 X152.4 Y78.572 E520.67733
G1 X142.6 Y78.572 E521.00328
G1 X142.6 Y79.869 E521.04642
G1 F1200 X142.7 Y80.5 E521.07298
G0 F9000 X142.962 Y80.062
G0 X152.038 Y80.062
G0 X152.3 Y80.5
G1 F991.7 X152.305 Y94.125 E521.7584
G0 F9000 X152.559 Y94.839
G0 X153.215 Y95.013
G0 X153.793 Y94.382
G1 F1271.2 X155.584 Y91.265 E521.89949
G1 F1229.5 X157.376 Y88.148 E522.04538
G0 F9000 X153.215 Y95.013
G0 X152.578 Y95.794
G1 F1694.9 X153.025 Y95.021 E522.07167
G1 X152.752 Y94.95 E522.07997
G1 X152.578 Y94.76 E522.08755
G1 X152.578 Y95.794 E522.11799
G0 F9000 X152.2 Y96.424
G1 F1500 X152.649 Y96.424 E522.13292
G1 X153.336 Y95.235 E522.1786
G1 F1388.9 X153.793 Y94.382 E522.21336
G1 X153.091 Y94.649 E522.24034
G1 F1500 X152.847 Y94.585 E522.24873
G1 F1188.1 X152.305 Y94.125 E522.27858
G1 F1075.3 X152.253 Y94.605 E522.30098
G1 F1327.4 X152.201 Y95.085 E522.31912
G1 F1500 X152.2 Y96.424 E522.36366
G1 F2700 E517.36366
G0 F9000 X152.48 Y96.146
G0 X152.038 Y80.062
G0 X142.962 Y80.062
G0 X142.955 Y89.385
G0 X142.287 Y96.53
G0 X142.116 Y96.824
;TYPE:WALL-OUTER
G1 F2700 E522.36366
G1 F1500 X143.2 Y96.824 E522.39971
G1 X143.2 Y80.5 E522.94265
G1 X143.267 Y80.35 E522.94812
G1 X143.379 Y80.301 E522.95218
G1 X151.621 Y80.3 E523.22631
G1 X151.733 Y80.35 E523.23039
G1 X151.8 Y80.5 E523.23586
G1 X151.8 Y96.824 E523.77879
G1 X152.88 Y96.824 E523.81471
G1 X158.151 Y87.701 E524.16515
G1 X157.117 Y87.7 E524.19954
G1 X153.418 Y94.168 E524.44736
G1 X153.193 Y94.262 E524.45548
G1 X152.949 Y94.198 E524.46387
G1 X152.802 Y94.039 E524.47107
G1 X152.8 Y78.172 E524.99881
G1 X142.2 Y78.172 E525.35136
G1 X142.198 Y94.039 E525.8791
G1 X142.05 Y94.198 E525.88633
G1 X141.802 Y94.262 E525.89485
G1 X141.598 Y94.197 E525.90197
G1 X137.88 Y87.7 E526.15094
G1 X136.848 Y87.7 E526.18526
G1 X142.116 Y96.824 E526.53568
G1 F2700 E521.53568
;MESH:NONMESH
G0 F300 X142.116 Y96.824 Z1.6
G0 F9000 X142.287 Y96.53
G0 X137.227 Y87.92
G0 X136.289 Y88.463
G0 X123.653 Y77.321
G0 X116 Y77.309
G0 X116 Y81.3
;TIME_ELAPSED:951.822045
;LAYER:7
;TYPE:SUPPORT
G1 F2700 E526.53568
G1 F1500 X116 Y93.794 E526.95123
G1 F2700 E521.95123
G0 F9000 X116 Y94.46
G0 X120 Y94.46
G0 X120 Y93.794
G1 F2700 E526.95123
G1 F1500 X120 Y81.3 E527.36678
G1 F2700 E522.36678
G0 F9000 X123.665 Y81.3
G0 X128.88 Y86.841
G0 X129.262 Y87.5
G0 X123.665 Y111.3
G0 X120 Y111.3
G1 F2700 E527.36678
G1 F1500 X120 Y123.794 E527.78234
G1 F2700 E522.78234
G0 F9000 X120 Y124.46
G0 X116 Y124.46
G0 X116 Y123.794
G1 F2700 E527.78234
G1 F1500 X116 Y111.3 E528.19789
G1 F2700 E523.19789
G0 F9000 X116 Y107.309
G0 X148 Y107.309
G0 X148 Y111.3
G1 F2700 E528.19789
G1 F1500 X148 Y123.794 E528.61344
G1 F2700 E523.61344
G0 F9000 X148 Y124.46
G0 X150.947 Y127.679
G0 X153.38 Y127.685
G0 X159.262 Y117.5
G0 X148 Y94.46
G0 X148 Y93.794
G1 F2700 E528.61344
G1 F1500 X148 Y81.3 E529.02899
G1 F2700 E524.02899
;MESH:batclipholder.stl(1)
G0 F9000 X148 Y77.309
G0 X141.347 Y77.321
G0 X128.712 Y88.462
G0 X127.376 Y88.148
;TYPE:WALL-INNER
G1 F2700 E529.02899
G1 F1229.5 X125.584 Y91.265 E529.17488
G1 F1271.2 X123.793 Y94.382 E529.31597
G0 F9000 X123.215 Y95.013
G0 X122.559 Y94.839
G0 X122.305 Y94.125
G1 F991.7 X122.3 Y80.5 E530.00139
G0 F9000 X122.038 Y80.062
G0 X113.034 Y79.585
G1 F1282.1 X113.291 Y79.471 E530.01233
G1 X121.709 Y79.471 E530.33991
G1 F1284.8 X121.967 Y79.585 E530.35087
G1 X121.967 Y79.005 E530.37339
G1 F1282.1 X113.034 Y79.006 E530.72101
G1 X113.034 Y79.585 E530.74354
G0 F9000 X122.038 Y80.062
G0 X122.3 Y80.5
G1 F1200 X122.4 Y79.869 E530.7701
G1 F1500 X122.4 Y78.572 E530.81324
G1 X112.6 Y78.572 E531.13919
G1 X112.6 Y79.869 E531.18233
G1 F1200 X112.7 Y80.5 E531.20889
G1 X113.002 Y80.05 E531.23142
G1 F1500 X113.337 Y79.903 E531.24359
G1 X121.663 Y79.902 E531.52051
G1 X121.998 Y80.05 E531.5327
G1 F1200 X122.3 Y80.5 E531.55523
G0 F9000 X122.038 Y80.062
G0 X112.962 Y80.062
G0 X112.7 Y80.5
G1 F991.7 X112.695 Y94.125 E532.24065
G0 F9000 X112.441 Y94.839
G0 X111.785 Y95.013
G0 X111.263 Y94.477
G1 F1239.7 X107.621 Y88.146 E532.53459
G0 F9000 X111.785 Y95.013
G0 X112.422 Y95.799
G1 F1685.4 X112.422 Y94.76 E532.56534
G1 X112.245 Y94.952 E532.57307
G1 X111.973 Y95.021 E532.58138
G1 X112.422 Y95.799 E532.60797
G0 F9000 X112.8 Y96.424
G1 F1500 X112.8 Y95.089 E532.65237
G1 F1327.4 X112.748 Y94.607 E532.67059
G1 F1075.3 X112.695 Y94.125 E532.69309
G1 F1188.1 X112.15 Y94.586 E532.72306
G1 F1500 X111.902 Y94.649 E532.73157
G1 F1373 X111.263 Y94.477 E532.75562
G1 X111.658 Y95.23 E532.78652
G1 F1500 X112.346 Y96.424 E532.83235
G1 X112.8 Y96.424 E532.84745
G1 F2700 E527.84745
G0 F9000 X112.52 Y96.146
G0 X112.962 Y80.062
G0 X122.038 Y80.062
G0 X122.578 Y95.794
G1 F2700 E532.84745
G1 F1694.9 X123.025 Y95.021 E532.87374
G1 X122.752 Y94.95 E532.88204
G1 X122.578 Y94.76 E532.88962
G1 X122.578 Y95.794 E532.92006
G0 F9000 X122.2 Y96.424
G1 F1500 X122.649 Y96.424 E532.93499
G1 X123.336 Y95.235 E532.98067
G1 F1388.9 X123.793 Y94.382 E533.01543
G1 X123.091 Y94.649 E533.0424
G1 F1500 X122.847 Y94.585 E533.05079
G1 F1188.1 X122.305 Y94.125 E533.08065
G1 F1075.3 X122.253 Y94.605 E533.10305
G1 F1327.4 X122.201 Y95.085 E533.12119
G1 F1500 X122.2 Y96.424 E533.16573
G1 F2700 E528.16573
G0 F9000 X122.48 Y96.146
G0 X122.038 Y80.062
G0 X112.962 Y80.062
G0 X112.92 Y96.546
G0 X113.2 Y96.824
;TYPE:WALL-OUTER
G1 F2700 E533.16573
G1 F1500 X113.2 Y80.5 E533.70867
G1 X113.267 Y80.35 E533.71413
G1 X113.379 Y80.301 E533.7182
G1 X121.621 Y80.3 E533.99233
G1 X121.733 Y80.35 E533.99641
G1 X121.8 Y80.5 E534.00187
G1 X121.8 Y96.824 E534.54481
G1 X122.88 Y96.824 E534.58073
G1 X128.151 Y87.701 E534.93117
G1 X127.117 Y87.7 E534.96556
G1 X123.418 Y94.168 E535.21338
G1 X123.193 Y94.262 E535.22149
G1 X122.949 Y94.198 E535.22988
G1 X122.802 Y94.039 E535.23708
G1 X122.8 Y78.172 E535.76482
G1 X112.2 Y78.172 E536.11738
G1 X112.198 Y94.039 E536.64512
G1 X112.05 Y94.198 E536.65234
G1 X111.802 Y94.262 E536.66086
G1 X111.598 Y94.197 E536.66798
G1 X107.88 Y87.7 E536.91695
G1 X106.848 Y87.7 E536.95128
G1 X112.116 Y96.824 E537.30169
G1 X113.2 Y96.824 E537.33775
G1 F2700 E532.33775
;MESH:batclipholder.stl
G0 F9000 X112.92 Y96.546
G0 X112.976 Y97.691
G0 X112.976 Y107.309
G0 X112.976 Y108.404
G0 X113.034 Y109.585
;TYPE:WALL-INNER
G1 F2700 E537.33775
G1 F1282.1 X113.291 Y109.471 E537.34869
G1 X121.709 Y109.471 E537.67627
G1 F1284.8 X121.967 Y109.585 E537.68722
G1 X121.967 Y109.005 E537.70975
G1 F1282.1 X113.034 Y109.006 E538.05737
G1 X113.034 Y109.585 E538.0799
G0 F9000 X122.038 Y110.062
G0 X122.3 Y110.5
G1 F1200 X122.4 Y109.869 E538.10646
G1 F1500 X122.4 Y108.572 E538.1496
G1 X112.6 Y108.572 E538.47555
G1 X112.6 Y109.869 E538.51869
G1 F1200 X112.7 Y110.5 E538.54525
G1 X113.002 Y110.05 E538.56778
G1 F1500 X113.337 Y109.903 E538.57995
G1 X121.663 Y109.902 E538.85687
G1 X121.998 Y110.05 E538.86905
G1 F1200 X122.3 Y110.5 E538.89158
G1 F991.7 X122.305 Y124.125 E539.577
G0 F9000 X122.559 Y124.839
G0 X123.215 Y125.013
G0 X123.793 Y124.382
G1 F1271.2 X125.584 Y121.265 E539.71809
G1 F1229.5 X127.376 Y118.148 E539.86398
G0 F9000 X123.215 Y125.013
G0 X122.578 Y125.794
G1 F1694.9 X123.025 Y125.021 E539.89027
G1 X122.752 Y124.95 E539.89857
G1 X122.578 Y124.76 E539.90615
G1 X122.578 Y125.794 E539.93659
G0 F9000 X122.2 Y126.424
G1 F1500 X122.649 Y126.424 E539.95152
G1 X123.336 Y125.235 E539.9972
G1 F1388.9 X123.793 Y124.382 E540.03196
G1 X123.091 Y124.649 E540.05894
G1 F1500 X122.847 Y124.585 E540.06733
G1 F1188.1 X122.305 Y124.125 E540.09718
G1 F1075.3 X122.253 Y124.605 E540.11958
G1 F1327.4 X122.201 Y125.085 E540.13772
G1 F1500 X122.2 Y126.424 E540.18226
G1 F2700 E535.18226
G0 F9000 X122.48 Y126.146
G0 X122.038 Y110.062
G0 X112.962 Y110.062
G0 X112.695 Y124.125
G1 F2700 E540.18226
G1 F991.7 X112.7 Y110.5 E540.86768
G0 F9000 X112.441 Y124.839
G0 X111.785 Y125.013
G0 X107.621 Y118.146
G1 F1239.7 X111.263 Y124.477 E541.16162
G0 F9000 X112.422 Y125.799
G1 F1685.4 X112.422 Y124.76 E541.19237
G1 X112.245 Y124.952 E541.2001
G1 X111.973 Y125.021 E541.20841
G1 X112.422 Y125.799 E541.235
G0 F9000 X112.8 Y126.424
G1 F1500 X112.8 Y125.089 E541.2794
G1 F1327.4 X112.748 Y124.607 E541.29762
G1 F1075.3 X112.695 Y124.125 E541.32012
G1 F1188.1 X112.15 Y124.586 E541.3501
G1 F1500 X111.902 Y124.649 E541.35861
G1 F1373 X111.263 Y124.477 E541.38265
G1 X111.658 Y125.23 E541.41355
G1 F1500 X112.346 Y126.424 E541.45938
G1 X112.8 Y126.424 E541.47448
G0 F9000 X113.2 Y126.824
;TYPE:WALL-OUTER
G1 F1500 X113.2 Y110.5 E542.01742
G1 X113.267 Y110.35 E542.02289
G1 X113.379 Y110.301 E542.02695
G1 X121.621 Y110.3 E542.30108
G1 X121.733 Y110.35 E542.30516
G1 X121.8 Y110.5 E542.31063
G1 X121.8 Y126.824 E542.85357
G1 X122.88 Y126.824 E542.88949
G1 X128.151 Y117.701 E543.23992
G1 X127.117 Y117.7 E543.27431
G1 X123.418 Y124.168 E543.52214
G1 X123.193 Y124.262 E543.53025
G1 X122.949 Y124.198 E543.53864
G1 X122.802 Y124.039 E543.54584
G1 X122.8 Y108.172 E544.07358
G1 X112.2 Y108.172 E544.42613
G1 X112.198 Y124.039 E544.95387
G1 X112.05 Y124.198 E544.9611
G1 X111.802 Y124.262 E544.96962
G1 X111.598 Y124.197 E544.97674
G1 X107.88 Y117.7 E545.22571
G1 X106.848 Y117.7 E545.26004
G1 X112.116 Y126.824 E545.61045
G1 X113.2 Y126.824 E545.64651
G1 F2700 E540.64651
;MESH:batclipholder.stl(3)
G0 F9000 X112.92 Y126.546
G0 X112.962 Y110.062
G0 X122.038 Y110.062
G0 X122.559 Y124.839
G0 X123.215 Y125.013
G0 X127.773 Y117.92
G0 X128.712 Y118.462
G0 X136.289 Y118.463
G0 X137.621 Y118.146
;TYPE:WALL-INNER
G1 F2700 E545.64651
G1 F1239.7 X141.263 Y124.477 E545.94045
G0 F9000 X141.785 Y125.013
G0 X142.441 Y124.839
G0 X142.695 Y124.125
G1 F991.7 X142.7 Y110.5 E546.62586
G0 F9000 X143.034 Y109.585
G1 F1282.1 X143.291 Y109.471 E546.6368
G1 X151.709 Y109.471 E546.96439
G1 F1284.8 X151.967 Y109.585 E546.97534
G1 X151.967 Y109.005 E546.99786
G1 F1282.1 X143.034 Y109.006 E547.34548
G1 X143.034 Y109.585 E547.36801
G0 F9000 X142.7 Y110.5
G1 F1200 X143.002 Y110.05 E547.39055
G1 F1500 X143.337 Y109.903 E547.40271
G1 X151.663 Y109.902 E547.67964
G1 X151.998 Y110.05 E547.69182
G1 F1200 X152.3 Y110.5 E547.71435
G1 X152.4 Y109.869 E547.74091
G1 F1500 X152.4 Y108.572 E547.78405
G1 X142.6 Y108.572 E548.11
G1 X142.6 Y109.869 E548.15314
G1 F1200 X142.7 Y110.5 E548.1797
G0 F9000 X142.962 Y110.062
G0 X152.038 Y110.062
G0 X152.3 Y110.5
G1 F991.7 X152.305 Y124.125 E548.86512
G0 F9000 X152.559 Y124.839
G0 X153.215 Y125.013
G0 X153.793 Y124.382
G1 F1271.2 X155.584 Y121.265 E549.00621
G1 F1229.5 X157.376 Y118.148 E549.1521
G0 F9000 X153.215 Y125.013
G0 X152.578 Y125.794
G1 F1694.9 X153.025 Y125.021 E549.17838
G1 X152.752 Y124.95 E549.18669
G1 X152.578 Y124.76 E549.19427
G1 X152.578 Y125.794 E549.22471
G0 F9000 X152.2 Y126.424
G1 F1500 X152.649 Y126.424 E549.23964
G1 X153.336 Y125.235 E549.28531
G1 F1388.9 X153.793 Y124.382 E549.32007
G1 X153.091 Y124.649 E549.34705
G1 F1500 X152.847 Y124.585 E549.35544
G1 F1188.1 X152.305 Y124.125 E549.38529
G1 F1075.3 X152.253 Y124.605 E549.40769
G1 F1327.4 X152.201 Y125.085 E549.42584
G1 F1500 X152.2 Y126.424 E549.47038
G1 F2700 E544.47038
G0 F9000 X152.48 Y126.146
G0 X152.038 Y110.062
G0 X142.962 Y110.062
G0 X142.422 Y125.799
G1 F2700 E549.47038
G1 F1685.4 X142.422 Y124.76 E549.50113
G1 X142.245 Y124.952 E549.50886
G1 X141.973 Y125.021 E549.51717
G1 X142.422 Y125.799 E549.54376
G0 F9000 X142.346 Y126.424
G1 F1500 X142.8 Y126.424 E549.55886
G1 X142.8 Y125.089 E549.60326
G1 F1327.4 X142.748 Y124.607 E549.62148
G1 F1075.3 X142.695 Y124.125 E549.64398
G1 F1188.1 X142.15 Y124.586 E549.67395
G1 F1500 X141.902 Y124.649 E549.68246
G1 F1373 X141.263 Y124.477 E549.70651
G1 X141.658 Y125.23 E549.73741
G1 F1500 X142.346 Y126.424 E549.78324
G0 F9000 X142.116 Y126.824
;TYPE:WALL-OUTER
G1 F1500 X143.2 Y126.824 E549.81929
G1 X143.2 Y110.5 E550.36223
G1 X143.267 Y110.35 E550.3677
G1 X143.379 Y110.301 E550.37176
G1 X151.621 Y110.3 E550.64589
G1 X151.733 Y110.35 E550.64997
G1 X151.8 Y110.5 E550.65544
G1 X151.8 Y126.824 E551.19838
G1 X152.88 Y126.824 E551.2343
G1 X158.151 Y117.701 E551.58473
G1 X157.117 Y117.7 E551.61912
G1 X153.418 Y124.168 E551.86695
G1 X153.193 Y124.262 E551.87506
G1 X152.949 Y124.198 E551.88345
G1 X152.802 Y124.039 E551.89065
G1 X152.8 Y108.172 E552.41839
G1 X142.2 Y108.172 E552.77094
G1 X142.198 Y124.039 E553.29868
G1 X142.05 Y124.198 E553.30591
G1 X141.802 Y124.262 E553.31443
G1 X141.598 Y124.197 E553.32155
G1 X137.88 Y117.7 E553.57052
G1 X136.848 Y117.7 E553.60485
G1 X142.116 Y126.824 E553.95526
G1 F2700 E548.95526
;MESH:batclipholder.stl(2)
G0 F9000 X142.287 Y126.53
G0 X142.412 Y125.16
G0 X142.424 Y108.398
G0 X142.424 Y107.309
G0 X142.424 Y97.691
G0 X142.424 Y96.596
G0 X142.422 Y95.799
;TYPE:WALL-INNER
G1 F2700 E553.95526
G1 F1685.4 X142.422 Y94.76 E553.98602
G1 X142.245 Y94.952 E553.99375
G1 X141.973 Y95.021 E554.00205
G1 X142.422 Y95.799 E554.02864
G0 F9000 X142.346 Y96.424
G1 F1500 X142.8 Y96.424 E554.04374
G1 X142.8 Y95.089 E554.08815
G1 F1327.4 X142.748 Y94.607 E554.10637
G1 F1075.3 X142.695 Y94.125 E554.12887
G1 F1188.1 X142.15 Y94.586 E554.15884
G1 F1500 X141.902 Y94.649 E554.16735
G1 F1373 X141.263 Y94.477 E554.1914
G1 X141.658 Y95.23 E554.22229
G1 F1500 X142.346 Y96.424 E554.26813
G0 F9000 X142.517 Y96.13
G0 X141.263 Y94.477
G1 F1239.7 X137.621 Y88.146 E554.56207
G0 F9000 X141.785 Y95.013
G0 X142.441 Y94.839
G0 X142.695 Y94.125
G1 F991.7 X142.7 Y80.5 E555.24749
G0 F9000 X143.034 Y79.585
G1 F1282.1 X143.291 Y79.471 E555.25843
G1 X151.709 Y79.471 E555.58601
G1 F1284.8 X151.967 Y79.585 E555.59696
G1 X151.967 Y79.005 E555.61948
G1 F1282.1 X143.034 Y79.006 E555.96711
G1 X143.034 Y79.585 E555.98964
G0 F9000 X142.7 Y80.5
G1 F1200 X143.002 Y80.05 E556.01217
G1 F1500 X143.337 Y79.903 E556.02434
G1 X151.663 Y79.902 E556.30126
G1 X151.998 Y80.05 E556.31344
G1 F1200 X152.3 Y80.5 E556.33597
G1 X152.4 Y79.869 E556.36253
G1 F1500 X152.4 Y78.572 E556.40567
G1 X142.6 Y78.572 E556.73162
G1 X142.6 Y79.869 E556.77476
G1 F1200 X142.7 Y80.5 E556.80132
G0 F9000 X142.962 Y80.062
G0 X152.038 Y80.062
G0 X152.3 Y80.5
G1 F991.7 X152.305 Y94.125 E557.48674
G0 F9000 X152.559 Y94.839
G0 X153.215 Y95.013
G0 X153.793 Y94.382
G1 F1271.2 X155.584 Y91.265 E557.62783
G1 F1229.5 X157.376 Y88.148 E557.77372
G0 F9000 X153.215 Y95.013
G0 X152.578 Y95.794
G1 F1694.9 X153.025 Y95.021 E557.8
G1 X152.752 Y94.95 E557.80831
G1 X152.578 Y94.76 E557.81589
G1 X152.578 Y95.794 E557.84633
G0 F9000 X152.2 Y96.424
G1 F1500 X152.649 Y96.424 E557.86126
G1 X153.336 Y95.235 E557.90693
G1 F1388.9 X153.793 Y94.382 E557.9417
G1 X153.091 Y94.649 E557.96867
G1 F1500 X152.847 Y94.585 E557.97706
G1 F1188.1 X152.305 Y94.125 E558.00691
G1 F1075.3 X152.253 Y94.605 E558.02932
G1 F1327.4 X152.201 Y95.085 E558.04746
G1 F1500 X152.2 Y96.424 E558.092
G1 F2700 E553.092
G0 F9000 X152.48 Y96.146
G0 X152.038 Y80.062
G0 X142.962 Y80.062
G0 X142.955 Y89.385
G0 X142.287 Y96.53
G0 X142.116 Y96.824
;TYPE:WALL-OUTER
G1 F2700 E558.092
G1 F1500 X143.2 Y96.824 E558.12805
G1 X143.2 Y80.5 E558.67099
G1 X143.267 Y80.35 E558.67645
G1 X143.379 Y80.301 E558.68052
G1 X151.621 Y80.3 E558.95465
G1 X151.733 Y80.35 E558.95873
G1 X151.8 Y80.5 E558.96419
G1 X151.8 Y96.824 E559.50713
G1 X152.88 Y96.824 E559.54305
G1 X158.151 Y87.701 E559.89349
G1 X157.117 Y87.7 E559.92788
G1 X153.418 Y94.168 E560.1757
G1 X153.193 Y94.262 E560.18381
G1 X152.949 Y94.198 E560.1922
G1 X152.802 Y94.039 E560.19941
G1 X152.8 Y78.172 E560.72714
G1 X142.2 Y78.172 E561.0797
G1 X142.198 Y94.039 E561.60744
G1 X142.05 Y94.198 E561.61466
G1 X141.802 Y94.262 E561.62318
G1 X141.598 Y94.197 E561.6303
G1 X137.88 Y87.7 E561.87928
G1 X136.848 Y87.7 E561.9136
G1 X142.116 Y96.824 E562.26402
G1 F2700 E557.26402
;MESH:NONMESH
G0 F300 X142.116 Y96.824 Z1.8
G0 F9000 X142.287 Y96.53
G0 X137.227 Y87.92
G0 X136.289 Y88.463
G0 X123.653 Y77.321
G0 X116 Y77.309
G0 X116 Y81.3
;TIME_ELAPSED:1021.944612
;LAYER:8
;TYPE:SUPPORT
G1 F2700 E562.26402
G1 F1500 X116 Y93.794 E562.67957
G1 F2700 E557.67957
G0 F9000 X116 Y94.46
G0 X120 Y94.46
G0 X120 Y93.794
G1 F2700 E562.67957
G1 F1500 X120 Y81.3 E563.09512
G1 F2700 E558.09512
G0 F9000 X123.665 Y81.3
G0 X128.88 Y86.841
G0 X129.262 Y87.5
G0 X123.665 Y111.3
G0 X120 Y111.3
G1 F2700 E563.09512
G1 F1500 X120 Y123.794 E563.51067
G1 F2700 E558.51067
G0 F9000 X120 Y124.46
G0 X116 Y124.46
G0 X116 Y123.794
G1 F2700 E563.51067
G1 F1500 X116 Y111.3 E563.92623
G1 F2700 E558.92623
G0 F9000 X116 Y107.309
G0 X148 Y107.309
G0 X148 Y111.3
G1 F2700 E563.92623
G1 F1500 X148 Y123.794 E564.34178
G1 F2700 E559.34178
G0 F9000 X148 Y124.46
G0 X150.947 Y127.679
G0 X153.38 Y127.685
G0 X159.262 Y117.5
G0 X148 Y94.46
G0 X148 Y93.794
G1 F2700 E564.34178
G1 F1500 X148 Y81.3 E564.75733
G1 F2700 E559.75733
;MESH:batclipholder.stl(1)
G0 F9000 X148 Y77.309
G0 X141.347 Y77.321
G0 X128.712 Y88.462
G0 X127.376 Y88.148
;TYPE:WALL-INNER
G1 F2700 E564.75733
G1 F1229.5 X125.584 Y91.265 E564.90322
G1 F1271.2 X123.793 Y94.382 E565.04431
G0 F9000 X123.215 Y95.013
G0 X122.559 Y94.839
G0 X122.305 Y94.125
G1 F991.7 X122.3 Y80.5 E565.72973
G0 F9000 X122.038 Y80.062
G0 X113.034 Y79.585
G1 F1282.1 X113.291 Y79.471 E565.74067
G1 X121.709 Y79.471 E566.06825
G1 F1284.8 X121.967 Y79.585 E566.07921
G1 X121.967 Y79.005 E566.10173
G1 F1282.1 X113.034 Y79.006 E566.44935
G1 X113.034 Y79.585 E566.47188
G0 F9000 X122.038 Y80.062
G0 X122.3 Y80.5
G1 F1200 X122.4 Y79.869 E566.49844
G1 F1500 X122.4 Y78.572 E566.54158
G1 X112.6 Y78.572 E566.86753
G1 X112.6 Y79.869 E566.91067
G1 F1200 X112.7 Y80.5 E566.93723
G1 X113.002 Y80.05 E566.95976
G1 F1500 X113.337 Y79.903 E566.97193
G1 X121.663 Y79.902 E567.24885
G1 X121.998 Y80.05 E567.26103
G1 F1200 X122.3 Y80.5 E567.28357
G0 F9000 X122.038 Y80.062
G0 X112.962 Y80.062
G0 X112.7 Y80.5
G1 F991.7 X112.695 Y94.125 E567.96898
G0 F9000 X112.441 Y94.839
G0 X111.785 Y95.013
G0 X111.263 Y94.477
G1 F1239.7 X107.621 Y88.146 E568.26292
G0 F9000 X111.785 Y95.013
G0 X112.422 Y95.799
G1 F1685.4 X112.422 Y94.76 E568.29368
G1 X112.245 Y94.952 E568.30141
G1 X111.973 Y95.021 E568.30972
G1 X112.422 Y95.799 E568.33631
G0 F9000 X112.8 Y96.424
G1 F1500 X112.8 Y95.089 E568.38071
G1 F1327.4 X112.748 Y94.607 E568.39893
G1 F1075.3 X112.695 Y94.125 E568.42143
G1 F1188.1 X112.15 Y94.586 E568.4514
G1 F1500 X111.902 Y94.649 E568.45991
G1 F1373 X111.263 Y94.477 E568.48396
G1 X111.658 Y95.23 E568.51486
G1 F1500 X112.346 Y96.424 E568.56069
G1 X112.8 Y96.424 E568.57579
G1 F2700 E563.57579
G0 F9000 X112.52 Y96.146
G0 X112.962 Y80.062
G0 X122.038 Y80.062
G0 X122.578 Y95.794
G1 F2700 E568.57579
G1 F1694.9 X123.025 Y95.021 E568.60207
G1 X122.752 Y94.95 E568.61038
G1 X122.578 Y94.76 E568.61796
G1 X122.578 Y95.794 E568.6484
G0 F9000 X122.2 Y96.424
G1 F1500 X122.649 Y96.424 E568.66333
G1 X123.336 Y95.235 E568.709
G1 F1388.9 X123.793 Y94.382 E568.74376
G1 X123.091 Y94.649 E568.77074
G1 F1500 X122.847 Y94.585 E568.77913
G1 F1188.1 X122.305 Y94.125 E568.80898
G1 F1075.3 X122.253 Y94.605 E568.83139
G1 F1327.4 X122.201 Y95.085 E568.84953
G1 F1500 X122.2 Y96.424 E568.89407
G1 F2700 E563.89407
G0 F9000 X122.48 Y96.146
G0 X122.038 Y80.062
G0 X112.962 Y80.062
G0 X112.92 Y96.546
G0 X113.2 Y96.824
;TYPE:WALL-OUTER
G1 F2700 E568.89407
G1 F1500 X113.2 Y80.5 E569.437
G1 X113.267 Y80.35 E569.44247
G1 X113.379 Y80.301 E569.44653
G1 X121.621 Y80.3 E569.72066
G1 X121.733 Y80.35 E569.72474
G1 X121.8 Y80.5 E569.73021
G1 X121.8 Y96.824 E570.27315
G1 X122.88 Y96.824 E570.30907
G1 X128.151 Y87.701 E570.6595
G1 X127.117 Y87.7 E570.6939
G1 X123.418 Y94.168 E570.94172
G1 X123.193 Y94.262 E570.94983
G1 X122.949 Y94.198 E570.95822
G1 X122.802 Y94.039 E570.96542
G1 X122.8 Y78.172 E571.49316
G1 X112.2 Y78.172 E571.84572
G1 X112.198 Y94.039 E572.37345
G1 X112.05 Y94.198 E572.38068
G1 X111.802 Y94.262 E572.3892
G1 X111.598 Y94.197 E572.39632
G1 X107.88 Y87.7 E572.64529
G1 X106.848 Y87.7 E572.67962
G1 X112.116 Y96.824 E573.03003
G1 X113.2 Y96.824 E573.06609
G1 F2700 E568.06609
;MESH:batclipholder.stl
G0 F9000 X112.92 Y96.546
G0 X112.976 Y97.691
G0 X112.976 Y107.309
G0 X112.976 Y108.404
G0 X113.034 Y109.585
;TYPE:WALL-INNER
G1 F2700 E573.06609
G1 F1282.1 X113.291 Y109.471 E573.07703
G1 X121.709 Y109.471 E573.40461
G1 F1284.8 X121.967 Y109.585 E573.41556
G1 X121.967 Y109.005 E573.43808
G1 F1282.1 X113.034 Y109.006 E573.78571
G1 X113.034 Y109.585 E573.80824
G0 F9000 X122.038 Y110.062
G0 X122.3 Y110.5
G1 F1200 X122.4 Y109.869 E573.8348
G1 F1500 X122.4 Y108.572 E573.87794
G1 X112.6 Y108.572 E574.20389
G1 X112.6 Y109.869 E574.24702
G1 F1200 X112.7 Y110.5 E574.27359
G1 X113.002 Y110.05 E574.29612
G1 F1500 X113.337 Y109.903 E574.30828
G1 X121.663 Y109.902 E574.58521
G1 X121.998 Y110.05 E574.59739
G1 F1200 X122.3 Y110.5 E574.61992
G1 F991.7 X122.305 Y124.125 E575.30534
G0 F9000 X122.559 Y124.839
G0 X123.215 Y125.013
G0 X123.793 Y124.382
G1 F1271.2 X125.584 Y121.265 E575.44643
G1 F1229.5 X127.376 Y118.148 E575.59232
G0 F9000 X123.215 Y125.013
G0 X122.578 Y125.794
G1 F1694.9 X123.025 Y125.021 E575.61861
G1 X122.752 Y124.95 E575.62691
G1 X122.578 Y124.76 E575.63449
G1 X122.578 Y125.794 E575.66493
G0 F9000 X122.2 Y126.424
G1 F1500 X122.649 Y126.424 E575.67986
G1 X123.336 Y125.235 E575.72553
G1 F1388.9 X123.793 Y124.382 E575.7603
G1 X123.091 Y124.649 E575.78727
G1 F1500 X122.847 Y124.585 E575.79566
G1 F1188.1 X122.305 Y124.125 E575.82552
G1 F1075.3 X122.253 Y124.605 E575.84792
G1 F1327.4 X122.201 Y125.085 E575.86606
G1 F1500 X122.2 Y126.424 E575.9106
G1 F2700 E570.9106
G0 F9000 X122.48 Y126.146
G0 X122.038 Y110.062
G0 X112.962 Y110.062
G0 X112.695 Y124.125
G1 F2700 E575.9106
G1 F991.7 X112.7 Y110.5 E576.59602
G0 F9000 X112.441 Y124.839
G0 X111.785 Y125.013
G0 X107.621 Y118.146
G1 F1239.7 X111.263 Y124.477 E576.88996
G0 F9000 X112.422 Y125.799
G1 F1685.4 X112.422 Y124.76 E576.92071
G1 X112.245 Y124.952 E576.92844
G1 X111.973 Y125.021 E576.93675
G1 X112.422 Y125.799 E576.96334
G0 F9000 X112.8 Y126.424
G1 F1500 X112.8 Y125.089 E577.00774
G1 F1327.4 X112.748 Y124.607 E577.02596
G1 F1075.3 X112.695 Y124.125 E577.04846
G1 F1188.1 X112.15 Y124.586 E577.07844
G1 F1500 X111.902 Y124.649 E577.08695
G1 F1373 X111.263 Y124.477 E577.11099
G1 X111.658 Y125.23 E577.14189
G1 F1500 X112.346 Y126.424 E577.18772
G1 X112.8 Y126.424 E577.20282
G0 F9000 X113.2 Y126.824
;TYPE:WALL-OUTER
G1 F1500 X113.2 Y110.5 E577.74576
G1 X113.267 Y110.35 E577.75123
G1 X113.379 Y110.301 E577.75529
G1 X121.621 Y110.3 E578.02942
G1 X121.733 Y110.35 E578.0335
G1 X121.8 Y110.5 E578.03896
G1 X121.8 Y126.824 E578.5819
G1 X122.88 Y126.824 E578.61782
G1 X128.151 Y117.701 E578.96826
G1 X127.117 Y117.7 E579.00265
G1 X123.418 Y124.168 E579.25047
G1 X123.193 Y124.262 E579.25858
G1 X122.949 Y124.198 E579.26697
G1 X122.802 Y124.039 E579.27418
G1 X122.8 Y108.172 E579.80192
G1 X112.2 Y108.172 E580.15447
G1 X112.198 Y124.039 E580.68221
G1 X112.05 Y124.198 E580.68944
G1 X111.802 Y124.262 E580.69795
G1 X111.598 Y124.197 E580.70508
G1 X107.88 Y117.7 E580.95405
G1 X106.848 Y117.7 E580.98837
G1 X112.116 Y126.824 E581.33879
G1 X113.2 Y126.824 E581.37484
G1 F2700 E576.37484
;MESH:batclipholder.stl(3)
G0 F9000 X112.92 Y126.546
G0 X112.962 Y110.062
G0 X122.038 Y110.062
G0 X122.559 Y124.839
G0 X123.215 Y125.013
G0 X127.773 Y117.92
G0 X128.712 Y118.462
G0 X136.289 Y118.463
G0 X137.621 Y118.146
;TYPE:WALL-INNER
G1 F2700 E581.37484
G1 F1239.7 X141.263 Y124.477 E581.66878
G0 F9000 X141.785 Y125.013
G0 X142.441 Y124.839
G0 X142.695 Y124.125
G1 F991.7 X142.7 Y110.5 E582.3542
G0 F9000 X143.034 Y109.585
G1 F1282.1 X143.291 Y109.471 E582.36514
G1 X151.709 Y109.471 E582.69272
G1 F1284.8 X151.967 Y109.585 E582.70368
G1 X151.967 Y109.005 E582.7262
G1 F1282.1 X143.034 Y109.006 E583.07382
G1 X143.034 Y109.585 E583.09635
G0 F9000 X142.7 Y110.5
G1 F1200 X143.002 Y110.05 E583.11888
G1 F1500 X143.337 Y109.903 E583.13105
G1 X151.663 Y109.902 E583.40798
G1 X151.998 Y110.05 E583.42016
G1 F1200 X152.3 Y110.5 E583.44269
G1 X152.4 Y109.869 E583.46925
G1 F1500 X152.4 Y108.572 E583.51239
G1 X142.6 Y108.572 E583.83834
G1 X142.6 Y109.869 E583.88148
G1 F1200 X142.7 Y110.5 E583.90804
G0 F9000 X142.962 Y110.062
G0 X152.038 Y110.062
G0 X152.3 Y110.5
G1 F991.7 X152.305 Y124.125 E584.59346
G0 F9000 X152.559 Y124.839
G0 X153.215 Y125.013
G0 X153.793 Y124.382
G1 F1271.2 X155.584 Y121.265 E584.73454
G1 F1229.5 X157.376 Y118.148 E584.88044
G0 F9000 X153.215 Y125.013
G0 X152.578 Y125.794
G1 F1694.9 X153.025 Y125.021 E584.90672
G1 X152.752 Y124.95 E584.91502
G1 X152.578 Y124.76 E584.92261
G1 X152.578 Y125.794 E584.95304
G0 F9000 X152.2 Y126.424
G1 F1500 X152.649 Y126.424 E584.96798
G1 X153.336 Y125.235 E585.01365
G1 F1388.9 X153.793 Y124.382 E585.04841
G1 X153.091 Y124.649 E585.07539
G1 F1500 X152.847 Y124.585 E585.08378
G1 F1188.1 X152.305 Y124.125 E585.11363
G1 F1075.3 X152.253 Y124.605 E585.13603
G1 F1327.4 X152.201 Y125.085 E585.15418
G1 F1500 X152.2 Y126.424 E585.19871
G1 F2700 E580.19871
G0 F9000 X152.48 Y126.146
G0 X152.038 Y110.062
G0 X142.962 Y110.062
G0 X142.422 Y125.799
G1 F2700 E585.19871
G1 F1685.4 X142.422 Y124.76 E585.22947
G1 X142.245 Y124.952 E585.2372
G1 X141.973 Y125.021 E585.24551
G1 X142.422 Y125.799 E585.2721
G0 F9000 X142.346 Y126.424
G1 F1500 X142.8 Y126.424 E585.2872
G1 X142.8 Y125.089 E585.3316
G1 F1327.4 X142.748 Y124.607 E585.34982
G1 F1075.3 X142.695 Y124.125 E585.37232
G1 F1188.1 X142.15 Y124.586 E585.40229
G1 F1500 X141.902 Y124.649 E585.4108
G1 F1373 X141.263 Y124.477 E585.43485
G1 X141.658 Y125.23 E585.46575
G1 F1500 X142.346 Y126.424 E585.51158
G0 F9000 X142.116 Y126.824
;TYPE:WALL-OUTER
G1 F1500 X143.2 Y126.824 E585.54763
G1 X143.2 Y110.5 E586.09057
G1 X143.267 Y110.35 E586.09604
G1 X143.379 Y110.301 E586.1001
G1 X151.621 Y110.3 E586.37423
G1 X151.733 Y110.35 E586.37831
G1 X151.8 Y110.5 E586.38378
G1 X151.8 Y126.824 E586.92671
G1 X152.88 Y126.824 E586.96263
G1 X158.151 Y117.701 E587.31307
G1 X157.117 Y117.7 E587.34746
G1 X153.418 Y124.168 E587.59528
G1 X153.193 Y124.262 E587.60339
G1 X152.949 Y124.198 E587.61178
G1 X152.802 Y124.039 E587.61899
G1 X152.8 Y108.172 E588.14673
G1 X142.2 Y108.172 E588.49928
G1 X142.198 Y124.039 E589.02702
G1 X142.05 Y124.198 E589.03425
G1 X141.802 Y124.262 E589.04276
G1 X141.598 Y124.197 E589.04989
G1 X137.88 Y117.7 E589.29886
G1 X136.848 Y117.7 E589.33318
G1 X142.116 Y126.824 E589.6836
G1 F2700 E584.6836
;MESH:batclipholder.stl(2)
G0 F9000 X142.287 Y126.53
G0 X142.412 Y125.16
G0 X142.424 Y108.398
G0 X142.424 Y107.309
G0 X142.424 Y97.691
G0 X142.424 Y96.596
G0 X142.422 Y95.799
;TYPE:WALL-INNER
G1 F2700 E589.6836
G1 F1685.4 X142.422 Y94.76 E589.71436
G1 X142.245 Y94.952 E589.72209
G1 X141.973 Y95.021 E589.73039
G1 X142.422 Y95.799 E589.75698
G0 F9000 X142.346 Y96.424
G1 F1500 X142.8 Y96.424 E589.77208
G1 X142.8 Y95.089 E589.81648
G1 F1327.4 X142.748 Y94.607 E589.83471
G1 F1075.3 X142.695 Y94.125 E589.8572
G1 F1188.1 X142.15 Y94.586 E589.88718
G1 F1500 X141.902 Y94.649 E589.89569
G1 F1373 X141.263 Y94.477 E589.91973
G1 X141.658 Y95.23 E589.95063
G1 F1500 X142.346 Y96.424 E589.99647
G0 F9000 X142.517 Y96.13
G0 X141.263 Y94.477
G1 F1239.7 X137.621 Y88.146 E590.29041
G0 F9000 X141.785 Y95.013
G0 X142.441 Y94.839
G0 X142.695 Y94.125
G1 F991.7 X142.7 Y80.5 E590.97582
G0 F9000 X143.034 Y79.585
G1 F1282.1 X143.291 Y79.471 E590.98676
G1 X151.709 Y79.471 E591.31435
G1 F1284.8 X151.967 Y79.585 E591.3253
G1 X151.967 Y79.005 E591.34782
G1 F1282.1 X143.034 Y79.006 E591.69544
G1 X143.034 Y79.585 E591.71797
G0 F9000 X142.7 Y80.5
G1 F1200 X143.002 Y80.05 E591.74051
G1 F1500 X143.337 Y79.903 E591.75267
G1 X151.663 Y79.902 E592.0296
G1 X151.998 Y80.05 E592.04178
G1 F1200 X152.3 Y80.5 E592.06431
G1 X152.4 Y79.869 E592.09087
G1 F1500 X152.4 Y78.572 E592.13401
G1 X142.6 Y78.572 E592.45996
G1 X142.6 Y79.869 E592.5031
G1 F1200 X142.7 Y80.5 E592.52966
G0 F9000 X142.962 Y80.062
G0 X152.038 Y80.062
G0 X152.3 Y80.5
G1 F991.7 X152.305 Y94.125 E593.21508
G0 F9000 X152.559 Y94.839
G0 X153.215 Y95.013
G0 X153.793 Y94.382
G1 F1271.2 X155.584 Y91.265 E593.35617
G1 F1229.5 X157.376 Y88.148 E593.50206
G0 F9000 X153.215 Y95.013
G0 X152.578 Y95.794
G1 F1694.9 X153.025 Y95.021 E593.52834
G1 X152.752 Y94.95 E593.53665
G1 X152.578 Y94.76 E593.54423
G1 X152.578 Y95.794 E593.57467
G0 F9000 X152.2 Y96.424
G1 F1500 X152.649 Y96.424 E593.5896
G1 X153.336 Y95.235 E593.63527
G1 F1388.9 X153.793 Y94.382 E593.67003
G1 X153.091 Y94.649 E593.69701
G1 F1500 X152.847 Y94.585 E593.7054
G1 F1188.1 X152.305 Y94.125 E593.73525
G1 F1075.3 X152.253 Y94.605 E593.75765
G1 F1327.4 X152.201 Y95.085 E593.7758
G1 F1500 X152.2 Y96.424 E593.82034
G1 F2700 E588.82034
G0 F9000 X152.48 Y96.146
G0 X152.038 Y80.062
G0 X142.962 Y80.062
G0 X142.955 Y89.385
G0 X142.287 Y96.53
G0 X142.116 Y96.824
;TYPE:WALL-OUTER
G1 F2700 E593.82034
G1 F1500 X143.2 Y96.824 E593.85639
G1 X143.2 Y80.5 E594.39933
G1 X143.267 Y80.35 E594.40479
G1 X143.379 Y80.301 E594.40886
G1 X151.621 Y80.3 E594.68299
G1 X151.733 Y80.35 E594.68707
G1 X151.8 Y80.5 E594.69253
G1 X151.8 Y96.824 E595.23547
G1 X152.88 Y96.824 E595.27139
G1 X158.151 Y87.701 E595.62183
G1 X157.117 Y87.7 E595.65622
G1 X153.418 Y94.168 E595.90404
G1 X153.193 Y94.262 E595.91215
G1 X152.949 Y94.198 E595.92054
G1 X152.802 Y94.039 E595.92774
G1 X152.8 Y78.172 E596.45548
G1 X142.2 Y78.172 E596.80804
G1 X142.198 Y94.039 E597.33578
G1 X142.05 Y94.198 E597.343
G1 X141.802 Y94.262 E597.35152
G1 X141.598 Y94.197 E597.35864
G1 X137.88 Y87.7 E597.60762
G1 X136.848 Y87.7 E597.64194
G1 X142.116 Y96.824 E597.99236
G1 F2700 E592.99236
;MESH:NONMESH
G0 F300 X142.116 Y96.824 Z2
G0 F9000 X142.287 Y96.53
G0 X137.227 Y87.92
G0 X136.289 Y88.463
G0 X123.653 Y77.321
G0 X116 Y77.309
G0 X116 Y81.3
;TIME_ELAPSED:1092.067180
;LAYER:9
;TYPE:SUPPORT
G1 F2700 E597.99236
G1 F1500 X116 Y93.794 E598.40791
G1 F2700 E593.40791
G0 F9000 X116 Y94.46
G0 X120 Y94.46
G0 X120 Y93.794
G1 F2700 E598.40791
G1 F1500 X120 Y81.3 E598.82346
G1 F2700 E593.82346
G0 F9000 X123.665 Y81.3
G0 X128.88 Y86.841
G0 X129.262 Y87.5
G0 X123.665 Y111.3
G0 X120 Y111.3
G1 F2700 E598.82346
G1 F1500 X120 Y123.794 E599.23901
G1 F2700 E594.23901
G0 F9000 X120 Y124.46
G0 X116 Y124.46
G0 X116 Y123.794
G1 F2700 E599.23901
G1 F1500 X116 Y111.3 E599.65456
G1 F2700 E594.65456
G0 F9000 X116 Y107.309
G0 X148 Y107.309
G0 X148 Y111.3
G1 F2700 E599.65456
G1 F1500 X148 Y123.794 E600.07012
G1 F2700 E595.07012
G0 F9000 X148 Y124.46
G0 X150.947 Y127.679
G0 X153.38 Y127.685
G0 X159.262 Y117.5
G0 X148 Y94.46
G0 X148 Y93.794
G1 F2700 E600.07012
G1 F1500 X148 Y81.3 E600.48567
G1 F2700 E595.48567
;MESH:batclipholder.stl(1)
G0 F9000 X148 Y77.309
G0 X141.347 Y77.321
G0 X128.712 Y88.462
G0 X127.376 Y88.148
;TYPE:WALL-INNER
G1 F2700 E600.48567
G1 F1229.5 X125.584 Y91.265 E600.63156
G1 F1271.2 X123.793 Y94.382 E600.77265
G0 F9000 X123.215 Y95.013
G0 X122.559 Y94.839
G0 X122.305 Y94.125
G1 F991.7 X122.3 Y80.5 E601.45807
G0 F9000 X122.038 Y80.062
G0 X113.034 Y79.585
G1 F1282.1 X113.291 Y79.471 E601.46901
G1 X121.709 Y79.471 E601.79659
G1 F1284.8 X121.967 Y79.585 E601.80754
G1 X121.967 Y79.005 E601.83007
G1 F1282.1 X113.034 Y79.006 E602.17769
G1 X113.034 Y79.585 E602.20022
G0 F9000 X122.038 Y80.062
G0 X122.3 Y80.5
G1 F1200 X122.4 Y79.869 E602.22678
G1 F1500 X122.4 Y78.572 E602.26992
G1 X112.6 Y78.572 E602.59587
G1 X112.6 Y79.869 E602.63901
G1 F1200 X112.7 Y80.5 E602.66557
G1 X113.002 Y80.05 E602.6881
G1 F1500 X113.337 Y79.903 E602.70027
G1 X121.663 Y79.902 E602.97719
G1 X121.998 Y80.05 E602.98937
G1 F1200 X122.3 Y80.5 E603.0119
G0 F9000 X122.038 Y80.062
G0 X112.962 Y80.062
G0 X112.7 Y80.5
G1 F991.7 X112.695 Y94.125 E603.69732
G0 F9000 X112.441 Y94.839
G0 X111.785 Y95.013
G0 X111.263 Y94.477
G1 F1239.7 X107.621 Y88.146 E603.99126
G0 F9000 X111.785 Y95.013
G0 X112.422 Y95.799
G1 F1685.4 X112.422 Y94.76 E604.02202
G1 X112.245 Y94.952 E604.02975
G1 X111.973 Y95.021 E604.03805
G1 X112.422 Y95.799 E604.06464
G0 F9000 X112.8 Y96.424
G1 F1500 X112.8 Y95.089 E604.10905
G1 F1327.4 X112.748 Y94.607 E604.12727
G1 F1075.3 X112.695 Y94.125 E604.14977
G1 F1188.1 X112.15 Y94.586 E604.17974
G1 F1500 X111.902 Y94.649 E604.18825
G1 F1373 X111.263 Y94.477 E604.2123
G1 X111.658 Y95.23 E604.24319
G1 F1500 X112.346 Y96.424 E604.28903
G1 X112.8 Y96.424 E604.30413
G1 F2700 E599.30413
G0 F9000 X112.52 Y96.146
G0 X112.962 Y80.062
G0 X122.038 Y80.062
G0 X122.578 Y95.794
G1 F2700 E604.30413
G1 F1694.9 X123.025 Y95.021 E604.33041
G1 X122.752 Y94.95 E604.33871
G1 X122.578 Y94.76 E604.3463
G1 X122.578 Y95.794 E604.37673
G0 F9000 X122.2 Y96.424
G1 F1500 X122.649 Y96.424 E604.39167
G1 X123.336 Y95.235 E604.43734
G1 F1388.9 X123.793 Y94.382 E604.4721
G1 X123.091 Y94.649 E604.49908
G1 F1500 X122.847 Y94.585 E604.50747
G1 F1188.1 X122.305 Y94.125 E604.53732
G1 F1075.3 X122.253 Y94.605 E604.55972
G1 F1327.4 X122.201 Y95.085 E604.57787
G1 F1500 X122.2 Y96.424 E604.6224
G1 F2700 E599.6224
G0 F9000 X122.48 Y96.146
G0 X122.038 Y80.062
G0 X112.962 Y80.062
G0 X112.92 Y96.546
G0 X113.2 Y96.824
;TYPE:WALL-OUTER
G1 F2700 E604.6224
G1 F1500 X113.2 Y80.5 E605.16534
G1 X113.267 Y80.35 E605.17081
G1 X113.379 Y80.301 E605.17487
G1 X121.621 Y80.3 E605.449
G1 X121.733 Y80.35 E605.45308
G1 X121.8 Y80.5 E605.45855
G1 X121.8 Y96.824 E606.00148
G1 X122.88 Y96.824 E606.03741
G1 X128.151 Y87.701 E606.38784
G1 X127.117 Y87.7 E606.42223
G1 X123.418 Y94.168 E606.67006
G1 X123.193 Y94.262 E606.67817
G1 X122.949 Y94.198 E606.68656
G1 X122.802 Y94.039 E606.69376
G1 X122.8 Y78.172 E607.2215
G1 X112.2 Y78.172 E607.57405
G1 X112.198 Y94.039 E608.10179
G1 X112.05 Y94.198 E608.10902
G1 X111.802 Y94.262 E608.11754
G1 X111.598 Y94.197 E608.12466
G1 X107.88 Y87.7 E608.37363
G1 X106.848 Y87.7 E608.40795
G1 X112.116 Y96.824 E608.75837
G1 X113.2 Y96.824 E608.79442
G1 F2700 E603.79442
;MESH:batclipholder.stl
G0 F9000 X112.92 Y96.546
G0 X112.976 Y97.691
G0 X112.976 Y107.309
G0 X112.976 Y108.404
G0 X113.034 Y109.585
;TYPE:WALL-INNER
G1 F2700 E608.79442
G1 F1282.1 X113.291 Y109.471 E608.80537
G1 X121.709 Y109.471 E609.13295
G1 F1284.8 X121.967 Y109.585 E609.1439
G1 X121.967 Y109.005 E609.16642
G1 F1282.1 X113.034 Y109.006 E609.51404
G1 X113.034 Y109.585 E609.53657
G0 F9000 X122.038 Y110.062
G0 X122.3 Y110.5
G1 F1200 X122.4 Y109.869 E609.56314
G1 F1500 X122.4 Y108.572 E609.60627
G1 X112.6 Y108.572 E609.93222
G1 X112.6 Y109.869 E609.97536
G1 F1200 X112.7 Y110.5 E610.00192
G1 X113.002 Y110.05 E610.02446
G1 F1500 X113.337 Y109.903 E610.03662
G1 X121.663 Y109.902 E610.31355
G1 X121.998 Y110.05 E610.32573
G1 F1200 X122.3 Y110.5 E610.34826
G1 F991.7 X122.305 Y124.125 E611.03368
G0 F9000 X122.559 Y124.839
G0 X123.215 Y125.013
G0 X123.793 Y124.382
G1 F1271.2 X125.584 Y121.265 E611.17477
G1 F1229.5 X127.376 Y118.148 E611.32066
G0 F9000 X123.215 Y125.013
G0 X122.578 Y125.794
G1 F1694.9 X123.025 Y125.021 E611.34694
G1 X122.752 Y124.95 E611.35525
G1 X122.578 Y124.76 E611.36283
G1 X122.578 Y125.794 E611.39327
G0 F9000 X122.2 Y126.424
G1 F1500 X122.649 Y126.424 E611.4082
G1 X123.336 Y125.235 E611.45387
G1 F1388.9 X123.793 Y124.382 E611.48863
G1 X123.091 Y124.649 E611.51561
G1 F1500 X122.847 Y124.585 E611.524
G1 F1188.1 X122.305 Y124.125 E611.55385
G1 F1075.3 X122.253 Y124.605 E611.57625
G1 F1327.4 X122.201 Y125.085 E611.5944
G1 F1500 X122.2 Y126.424 E611.63894
G1 F2700 E606.63894
G0 F9000 X122.48 Y126.146
G0 X122.038 Y110.062
G0 X112.962 Y110.062
G0 X112.695 Y124.125
G1 F2700 E611.63894
G1 F991.7 X112.7 Y110.5 E612.32435
G0 F9000 X112.441 Y124.839
G0 X111.785 Y125.013
G0 X107.621 Y118.146
G1 F1239.7 X111.263 Y124.477 E612.61829
G0 F9000 X112.422 Y125.799
G1 F1685.4 X112.422 Y124.76 E612.64905
G1 X112.245 Y124.952 E612.65678
G1 X111.973 Y125.021 E612.66509
G1 X112.422 Y125.799 E612.69168
G0 F9000 X112.8 Y126.424
G1 F1500 X112.8 Y125.089 E612.73608
G1 F1327.4 X112.748 Y124.607 E612.7543
G1 F1075.3 X112.695 Y124.125 E612.7768
G1 F1188.1 X112.15 Y124.586 E612.80677
G1 F1500 X111.902 Y124.649 E612.81528
G1 F1373 X111.263 Y124.477 E612.83933
G1 X111.658 Y125.23 E612.87023
G1 F1500 X112.346 Y126.424 E612.91606
G1 X112.8 Y126.424 E612.93116
G0 F9000 X113.2 Y126.824
;TYPE:WALL-OUTER
G1 F1500 X113.2 Y110.5 E613.4741
G1 X113.267 Y110.35 E613.47956
G1 X113.379 Y110.301 E613.48363
G1 X121.621 Y110.3 E613.75776
G1 X121.733 Y110.35 E613.76184
G1 X121.8 Y110.5 E613.7673
G1 X121.8 Y126.824 E614.31024
G1 X122.88 Y126.824 E614.34616
G1 X128.151 Y117.701 E614.6966
G1 X127.117 Y117.7 E614.73099
G1 X123.418 Y124.168 E614.97881
G1 X123.193 Y124.262 E614.98692
G1 X122.949 Y124.198 E614.99531
G1 X122.802 Y124.039 E615.00251
G1 X122.8 Y108.172 E615.53025
G1 X112.2 Y108.172 E615.88281
G1 X112.198 Y124.039 E616.41055
G1 X112.05 Y124.198 E616.41777
G1 X111.802 Y124.262 E616.42629
G1 X111.598 Y124.197 E616.43341
G1 X107.88 Y117.7 E616.68239
G1 X106.848 Y117.7 E616.71671
G1 X112.116 Y126.824 E617.06713
G1 X113.2 Y126.824 E617.10318
G1 F2700 E612.10318
;MESH:batclipholder.stl(3)
G0 F9000 X112.92 Y126.546
G0 X112.962 Y110.062
G0 X122.038 Y110.062
G0 X122.559 Y124.839
G0 X123.215 Y125.013
G0 X127.773 Y117.92
G0 X128.712 Y118.462
G0 X136.289 Y118.463
G0 X137.621 Y118.146
;TYPE:WALL-INNER
G1 F2700 E617.10318
G1 F1239.7 X141.263 Y124.477 E617.39712
G0 F9000 X141.785 Y125.013
G0 X142.441 Y124.839
G0 X142.695 Y124.125
G1 F991.7 X142.7 Y110.5 E618.08254
G0 F9000 X143.034 Y109.585
G1 F1282.1 X143.291 Y109.471 E618.09348
G1 X151.709 Y109.471 E618.42106
G1 F1284.8 X151.967 Y109.585 E618.43201
G1 X151.967 Y109.005 E618.45454
G1 F1282.1 X143.034 Y109.006 E618.80216
G1 X143.034 Y109.585 E618.82469
G0 F9000 X142.7 Y110.5
G1 F1200 X143.002 Y110.05 E618.84722
G1 F1500 X143.337 Y109.903 E618.85939
G1 X151.663 Y109.902 E619.13631
G1 X151.998 Y110.05 E619.14849
G1 F1200 X152.3 Y110.5 E619.17103
G1 X152.4 Y109.869 E619.19759
G1 F1500 X152.4 Y108.572 E619.24073
G1 X142.6 Y108.572 E619.56667
G1 X142.6 Y109.869 E619.60981
G1 F1200 X142.7 Y110.5 E619.63637
G0 F9000 X142.962 Y110.062
G0 X152.038 Y110.062
G0 X152.3 Y110.5
G1 F991.7 X152.305 Y124.125 E620.32179
G0 F9000 X152.559 Y124.839
G0 X153.215 Y125.013
G0 X153.793 Y124.382
G1 F1271.2 X155.584 Y121.265 E620.46288
G1 F1229.5 X157.376 Y118.148 E620.60877
G0 F9000 X153.215 Y125.013
G0 X152.578 Y125.794
G1 F1694.9 X153.025 Y125.021 E620.63506
G1 X152.752 Y124.95 E620.64336
G1 X152.578 Y124.76 E620.65095
G1 X152.578 Y125.794 E620.68138
G0 F9000 X152.2 Y126.424
G1 F1500 X152.649 Y126.424 E620.69631
G1 X153.336 Y125.235 E620.74199
G1 F1388.9 X153.793 Y124.382 E620.77675
G1 X153.091 Y124.649 E620.80373
G1 F1500 X152.847 Y124.585 E620.81212
G1 F1188.1 X152.305 Y124.125 E620.84197
G1 F1075.3 X152.253 Y124.605 E620.86437
G1 F1327.4 X152.201 Y125.085 E620.88252
G1 F1500 X152.2 Y126.424 E620.92705
G1 F2700 E615.92705
G0 F9000 X152.48 Y126.146
G0 X152.038 Y110.062
G0 X142.962 Y110.062
G0 X142.422 Y125.799
G1 F2700 E620.92705
G1 F1685.4 X142.422 Y124.76 E620.95781
G1 X142.245 Y124.952 E620.96554
G1 X141.973 Y125.021 E620.97384
G1 X142.422 Y125.799 E621.00043
G0 F9000 X142.346 Y126.424
G1 F1500 X142.8 Y126.424 E621.01553
G1 X142.8 Y125.089 E621.05994
G1 F1327.4 X142.748 Y124.607 E621.07816
G1 F1075.3 X142.695 Y124.125 E621.10066
G1 F1188.1 X142.15 Y124.586 E621.13063
G1 F1500 X141.902 Y124.649 E621.13914
G1 F1373 X141.263 Y124.477 E621.16319
G1 X141.658 Y125.23 E621.19408
G1 F1500 X142.346 Y126.424 E621.23992
G0 F9000 X142.116 Y126.824
;TYPE:WALL-OUTER
G1 F1500 X143.2 Y126.824 E621.27597
G1 X143.2 Y110.5 E621.81891
G1 X143.267 Y110.35 E621.82437
G1 X143.379 Y110.301 E621.82844
G1 X151.621 Y110.3 E622.10257
G1 X151.733 Y110.35 E622.10665
G1 X151.8 Y110.5 E622.11211
G1 X151.8 Y126.824 E622.65505
G1 X152.88 Y126.824 E622.69097
G1 X158.151 Y117.701 E623.04141
G1 X157.117 Y117.7 E623.0758
G1 X153.418 Y124.168 E623.32362
G1 X153.193 Y124.262 E623.33173
G1 X152.949 Y124.198 E623.34012
G1 X152.802 Y124.039 E623.34732
G1 X152.8 Y108.172 E623.87506
G1 X142.2 Y108.172 E624.22762
G1 X142.198 Y124.039 E624.75536
G1 X142.05 Y124.198 E624.76258
G1 X141.802 Y124.262 E624.7711
G1 X141.598 Y124.197 E624.77822
G1 X137.88 Y117.7 E625.0272
G1 X136.848 Y117.7 E625.06152
G1 X142.116 Y126.824 E625.41194
G1 F2700 E620.41194
;MESH:batclipholder.stl(2)
G0 F9000 X142.287 Y126.53
G0 X142.412 Y125.16
G0 X142.424 Y108.398
G0 X142.424 Y107.309
G0 X142.424 Y97.691
G0 X142.424 Y96.596
G0 X142.422 Y95.799
;TYPE:WALL-INNER
G1 F2700 E625.41194
G1 F1685.4 X142.422 Y94.76 E625.44269
G1 X142.245 Y94.952 E625.45042
G1 X141.973 Y95.021 E625.45873
G1 X142.422 Y95.799 E625.48532
G0 F9000 X142.346 Y96.424
G1 F1500 X142.8 Y96.424 E625.50042
G1 X142.8 Y95.089 E625.54482
G1 F1327.4 X142.748 Y94.607 E625.56304
G1 F1075.3 X142.695 Y94.125 E625.58554
G1 F1188.1 X142.15 Y94.586 E625.61552
G1 F1500 X141.902 Y94.649 E625.62403
G1 F1373 X141.263 Y94.477 E625.64807
G1 X141.658 Y95.23 E625.67897
G1 F1500 X142.346 Y96.424 E625.7248
G0 F9000 X142.517 Y96.13
G0 X141.263 Y94.477
G1 F1239.7 X137.621 Y88.146 E626.01874
G0 F9000 X141.785 Y95.013
G0 X142.441 Y94.839
G0 X142.695 Y94.125
G1 F991.7 X142.7 Y80.5 E626.70416
G0 F9000 X143.034 Y79.585
G1 F1282.1 X143.291 Y79.471 E626.7151
G1 X151.709 Y79.471 E627.04268
G1 F1284.8 X151.967 Y79.585 E627.05364
G1 X151.967 Y79.005 E627.07616
G1 F1282.1 X143.034 Y79.006 E627.42378
G1 X143.034 Y79.585 E627.44631
G0 F9000 X142.7 Y80.5
G1 F1200 X143.002 Y80.05 E627.46884
G1 F1500 X143.337 Y79.903 E627.48101
G1 X151.663 Y79.902 E627.75794
G1 X151.998 Y80.05 E627.77012
G1 F1200 X152.3 Y80.5 E627.79265
G1 X152.4 Y79.869 E627.81921
G1 F1500 X152.4 Y78.572 E627.86235
G1 X142.6 Y78.572 E628.1883
G1 X142.6 Y79.869 E628.23144
G1 F1200 X142.7 Y80.5 E628.258
G0 F9000 X142.962 Y80.062
G0 X152.038 Y80.062
G0 X152.3 Y80.5
G1 F991.7 X152.305 Y94.125 E628.94342
G0 F9000 X152.559 Y94.839
G0 X153.215 Y95.013
G0 X153.793 Y94.382
G1 F1271.2 X155.584 Y91.265 E629.0845
G1 F1229.5 X157.376 Y88.148 E629.2304
G0 F9000 X153.215 Y95.013
G0 X152.578 Y95.794
G1 F1694.9 X153.025 Y95.021 E629.25668
G1 X152.752 Y94.95 E629.26498
G1 X152.578 Y94.76 E629.27257
G1 X152.578 Y95.794 E629.303
G0 F9000 X152.2 Y96.424
G1 F1500 X152.649 Y96.424 E629.31794
G1 X153.336 Y95.235 E629.36361
G1 F1388.9 X153.793 Y94.382 E629.39837
G1 X153.091 Y94.649 E629.42535
G1 F1500 X152.847 Y94.585 E629.43374
G1 F1188.1 X152.305 Y94.125 E629.46359
G1 F1075.3 X152.253 Y94.605 E629.48599
G1 F1327.4 X152.201 Y95.085 E629.50414
G1 F1500 X152.2 Y96.424 E629.54867
G1 F2700 E624.54867
G0 F9000 X152.48 Y96.146
G0 X152.038 Y80.062
G0 X142.962 Y80.062
G0 X142.955 Y89.385
G0 X142.287 Y96.53
G0 X142.116 Y96.824
;TYPE:WALL-OUTER
G1 F2700 E629.54867
G1 F1500 X143.2 Y96.824 E629.58473
G1 X143.2 Y80.5 E630.12767
G1 X143.267 Y80.35 E630.13313
G1 X143.379 Y80.301 E630.1372
G1 X151.621 Y80.3 E630.41133
G1 X151.733 Y80.35 E630.41541
G1 X151.8 Y80.5 E630.42087
G1 X151.8 Y96.824 E630.96381
G1 X152.88 Y96.824 E630.99973
G1 X158.151 Y87.701 E631.35017
G1 X157.117 Y87.7 E631.38456
G1 X153.418 Y94.168 E631.63238
G1 X153.193 Y94.262 E631.64049
G1 X152.949 Y94.198 E631.64888
G1 X152.802 Y94.039 E631.65608
G1 X152.8 Y78.172 E632.18382
G1 X142.2 Y78.172 E632.53638
G1 X142.198 Y94.039 E633.06412
G1 X142.05 Y94.198 E633.07134
G1 X141.802 Y94.262 E633.07986
G1 X141.598 Y94.197 E633.08698
G1 X137.88 Y87.7 E633.33595
G1 X136.848 Y87.7 E633.37028
G1 X142.116 Y96.824 E633.72069
G1 F2700 E628.72069
;MESH:NONMESH
G0 F300 X142.116 Y96.824 Z2.2
G0 F9000 X142.287 Y96.53
G0 X137.227 Y87.92
G0 X136.289 Y88.463
G0 X123.653 Y77.321
G0 X116 Y77.309
G0 X116 Y81.3
;TIME_ELAPSED:1162.189747
;LAYER:10
;TYPE:SUPPORT
G1 F2700 E633.72069
G1 F1500 X116 Y93.794 E634.13625
G1 F2700 E629.13625
G0 F9000 X116 Y94.46
G0 X120 Y94.46
G0 X120 Y93.794
G1 F2700 E634.13625
G1 F1500 X120 Y81.3 E634.5518
G1 F2700 E629.5518
G0 F9000 X123.665 Y81.3
G0 X128.88 Y86.841
G0 X129.262 Y87.5
G0 X123.665 Y111.3
G0 X120 Y111.3
G1 F2700 E634.5518
G1 F1500 X120 Y123.794 E634.96735
G1 F2700 E629.96735
G0 F9000 X120 Y124.46
G0 X116 Y124.46
G0 X116 Y123.794
G1 F2700 E634.96735
G1 F1500 X116 Y111.3 E635.3829
G1 F2700 E630.3829
G0 F9000 X116 Y107.309
G0 X148 Y107.309
G0 X148 Y111.3
G1 F2700 E635.3829
G1 F1500 X148 Y123.794 E635.79845
G1 F2700 E630.79845
G0 F9000 X148 Y124.46
G0 X150.947 Y127.679
G0 X153.38 Y127.685
G0 X159.262 Y117.5
G0 X148 Y94.46
G0 X148 Y93.794
G1 F2700 E635.79845
G1 F1500 X148 Y81.3 E636.21401
G1 F2700 E631.21401
;MESH:batclipholder.stl(1)
G0 F9000 X148 Y77.309
G0 X141.347 Y77.321
G0 X128.712 Y88.462
G0 X127.376 Y88.148
;TYPE:WALL-INNER
G1 F2700 E636.21401
G1 F1229.5 X125.584 Y91.265 E636.3599
G1 F1271.2 X123.793 Y94.382 E636.50099
G0 F9000 X123.215 Y95.013
G0 X122.559 Y94.839
G0 X122.305 Y94.125
G1 F991.7 X122.3 Y80.5 E637.18641
G0 F9000 X122.038 Y80.062
G0 X113.034 Y79.585
G1 F1282.1 X113.291 Y79.471 E637.19735
G1 X121.709 Y79.471 E637.52493
G1 F1284.8 X121.967 Y79.585 E637.53588
G1 X121.967 Y79.005 E637.5584
G1 F1282.1 X113.034 Y79.006 E637.90603
G1 X113.034 Y79.585 E637.92856
G0 F9000 X122.038 Y80.062
G0 X122.3 Y80.5
G1 F1200 X122.4 Y79.869 E637.95512
G1 F1500 X122.4 Y78.572 E637.99826
G1 X112.6 Y78.572 E638.32421
G1 X112.6 Y79.869 E638.36734
G1 F1200 X112.7 Y80.5 E638.39391
G1 X113.002 Y80.05 E638.41644
G1 F1500 X113.337 Y79.903 E638.4286
G1 X121.663 Y79.902 E638.70553
G1 X121.998 Y80.05 E638.71771
G1 F1200 X122.3 Y80.5 E638.74024
G0 F9000 X122.038 Y80.062
G0 X112.962 Y80.062
G0 X112.7 Y80.5
G1 F991.7 X112.695 Y94.125 E639.42566
G0 F9000 X112.441 Y94.839
G0 X111.785 Y95.013
G0 X111.263 Y94.477
G1 F1239.7 X107.621 Y88.146 E639.7196
G0 F9000 X111.785 Y95.013
G0 X112.422 Y95.799
G1 F1685.4 X112.422 Y94.76 E639.75036
G1 X112.245 Y94.952 E639.75809
G1 X111.973 Y95.021 E639.76639
G1 X112.422 Y95.799 E639.79298
G0 F9000 X112.8 Y96.424
G1 F1500 X112.8 Y95.089 E639.83739
G1 F1327.4 X112.748 Y94.607 E639.85561
G1 F1075.3 X112.695 Y94.125 E639.8781
G1 F1188.1 X112.15 Y94.586 E639.90808
G1 F1500 X111.902 Y94.649 E639.91659
G1 F1373 X111.263 Y94.477 E639.94063
G1 X111.658 Y95.23 E639.97153
G1 F1500 X112.346 Y96.424 E640.01737
G1 X112.8 Y96.424 E640.03247
G1 F2700 E635.03247
G0 F9000 X112.52 Y96.146
G0 X112.962 Y80.062
G0 X122.038 Y80.062
G0 X122.578 Y95.794
G1 F2700 E640.03247
G1 F1694.9 X123.025 Y95.021 E640.05875
G1 X122.752 Y94.95 E640.06705
G1 X122.578 Y94.76 E640.07464
G1 X122.578 Y95.794 E640.10507
G0 F9000 X122.2 Y96.424
G1 F1500 X122.649 Y96.424 E640.12001
G1 X123.336 Y95.235 E640.16568
G1 F1388.9 X123.793 Y94.382 E640.20044
G1 X123.091 Y94.649 E640.22742
G1 F1500 X122.847 Y94.585 E640.23581
G1 F1188.1 X122.305 Y94.125 E640.26566
G1 F1075.3 X122.253 Y94.605 E640.28806
G1 F1327.4 X122.201 Y95.085 E640.30621
G1 F1500 X122.2 Y96.424 E640.35074
G1 F2700 E635.35074
G0 F9000 X122.48 Y96.146
G0 X122.038 Y80.062
G0 X112.962 Y80.062
G0 X112.92 Y96.546
G0 X113.2 Y96.824
;TYPE:WALL-OUTER
G1 F2700 E640.35074
G1 F1500 X113.2 Y80.5 E640.89368
G1 X113.267 Y80.35 E640.89914
G1 X113.379 Y80.301 E640.90321
G1 X121.621 Y80.3 E641.17734
G1 X121.733 Y80.35 E641.18142
G1 X121.8 Y80.5 E641.18688
G1 X121.8 Y96.824 E641.72982
G1 X122.88 Y96.824 E641.76574
G1 X128.151 Y87.701 E642.11618
G1 X127.117 Y87.7 E642.15057
G1 X123.418 Y94.168 E642.39839
G1 X123.193 Y94.262 E642.4065
G1 X122.949 Y94.198 E642.41489
G1 X122.802 Y94.039 E642.4221
G1 X122.8 Y78.172 E642.94983
G1 X112.2 Y78.172 E643.30239
G1 X112.198 Y94.039 E643.83013
G1 X112.05 Y94.198 E643.83736
G1 X111.802 Y94.262 E643.84587
G1 X111.598 Y94.197 E643.853
G1 X107.88 Y87.7 E644.10197
G1 X106.848 Y87.7 E644.13629
G1 X112.116 Y96.824 E644.48671
G1 X113.2 Y96.824 E644.52276
G1 F2700 E639.52276
;MESH:batclipholder.stl
G0 F9000 X112.92 Y96.546
G0 X112.976 Y97.691
G0 X112.976 Y107.309
G0 X112.976 Y108.404
G0 X113.034 Y109.585
;TYPE:WALL-INNER
G1 F2700 E644.52276
G1 F1282.1 X113.291 Y109.471 E644.5337
G1 X121.709 Y109.471 E644.86128
G1 F1284.8 X121.967 Y109.585 E644.87224
G1 X121.967 Y109.005 E644.89476
G1 F1282.1 X113.034 Y109.006 E645.24238
G1 X113.034 Y109.585 E645.26491
G0 F9000 X122.038 Y110.062
G0 X122.3 Y110.5
G1 F1200 X122.4 Y109.869 E645.29147
G1 F1500 X122.4 Y108.572 E645.33461
G1 X112.6 Y108.572 E645.66056
G1 X112.6 Y109.869 E645.7037
G1 F1200 X112.7 Y110.5 E645.73026
G1 X113.002 Y110.05 E645.75279
G1 F1500 X113.337 Y109.903 E645.76496
G1 X121.663 Y109.902 E646.04188
G1 X121.998 Y110.05 E646.05407
G1 F1200 X122.3 Y110.5 E646.0766
G1 F991.7 X122.305 Y124.125 E646.76202
G0 F9000 X122.559 Y124.839
G0 X123.215 Y125.013
G0 X123.793 Y124.382
G1 F1271.2 X125.584 Y121.265 E646.90311
G1 F1229.5 X127.376 Y118.148 E647.049
G0 F9000 X123.215 Y125.013
G0 X122.578 Y125.794
G1 F1694.9 X123.025 Y125.021 E647.07528
G1 X122.752 Y124.95 E647.08358
G1 X122.578 Y124.76 E647.09117
G1 X122.578 Y125.794 E647.1216
G0 F9000 X122.2 Y126.424
G1 F1500 X122.649 Y126.424 E647.13654
G1 X123.336 Y125.235 E647.18221
G1 F1388.9 X123.793 Y124.382 E647.21697
G1 X123.091 Y124.649 E647.24395
G1 F1500 X122.847 Y124.585 E647.25234
G1 F1188.1 X122.305 Y124.125 E647.28219
G1 F1075.3 X122.253 Y124.605 E647.30459
G1 F1327.4 X122.201 Y125.085 E647.32274
G1 F1500 X122.2 Y126.424 E647.36727
G1 F2700 E642.36727
G0 F9000 X122.48 Y126.146
G0 X122.038 Y110.062
G0 X112.962 Y110.062
G0 X112.695 Y124.125
G1 F2700 E647.36727
G1 F991.7 X112.7 Y110.5 E648.05269
G0 F9000 X112.441 Y124.839
G0 X111.785 Y125.013
G0 X107.621 Y118.146
G1 F1239.7 X111.263 Y124.477 E648.34663
G0 F9000 X112.422 Y125.799
G1 F1685.4 X112.422 Y124.76 E648.37739
G1 X112.245 Y124.952 E648.38512
G1 X111.973 Y125.021 E648.39343
G1 X112.422 Y125.799 E648.42002
G0 F9000 X112.8 Y126.424
G1 F1500 X112.8 Y125.089 E648.46442
G1 F1327.4 X112.748 Y124.607 E648.48264
G1 F1075.3 X112.695 Y124.125 E648.50514
G1 F1188.1 X112.15 Y124.586 E648.53511
G1 F1500 X111.902 Y124.649 E648.54362
G1 F1373 X111.263 Y124.477 E648.56767
G1 X111.658 Y125.23 E648.59856
G1 F1500 X112.346 Y126.424 E648.6444
G1 X112.8 Y126.424 E648.6595
G0 F9000 X113.2 Y126.824
;TYPE:WALL-OUTER
G1 F1500 X113.2 Y110.5 E649.20244
G1 X113.267 Y110.35 E649.2079
G1 X113.379 Y110.301 E649.21197
G1 X121.621 Y110.3 E649.4861
G1 X121.733 Y110.35 E649.49018
G1 X121.8 Y110.5 E649.49564
G1 X121.8 Y126.824 E650.03858
G1 X122.88 Y126.824 E650.0745
G1 X128.151 Y117.701 E650.42494
G1 X127.117 Y117.7 E650.45933
G1 X123.418 Y124.168 E650.70715
G1 X123.193 Y124.262 E650.71526
G1 X122.949 Y124.198 E650.72365
G1 X122.802 Y124.039 E650.73085
G1 X122.8 Y108.172 E651.25859
G1 X112.2 Y108.172 E651.61115
G1 X112.198 Y124.039 E652.13889
G1 X112.05 Y124.198 E652.14611
G1 X111.802 Y124.262 E652.15463
G1 X111.598 Y124.197 E652.16175
G1 X107.88 Y117.7 E652.41072
G1 X106.848 Y117.7 E652.44505
G1 X112.116 Y126.824 E652.79547
G1 X113.2 Y126.824 E652.83152
G1 F2700 E647.83152
;MESH:batclipholder.stl(3)
G0 F9000 X112.92 Y126.546
G0 X112.962 Y110.062
G0 X122.038 Y110.062
G0 X122.559 Y124.839
G0 X123.215 Y125.013
G0 X127.773 Y117.92
G0 X128.712 Y118.462
G0 X136.289 Y118.463
G0 X137.621 Y118.146
;TYPE:WALL-INNER
G1 F2700 E652.83152
G1 F1239.7 X141.263 Y124.477 E653.12546
G0 F9000 X141.785 Y125.013
G0 X142.441 Y124.839
G0 X142.695 Y124.125
G1 F991.7 X142.7 Y110.5 E653.81088
G0 F9000 X143.034 Y109.585
G1 F1282.1 X143.291 Y109.471 E653.82182
G1 X151.709 Y109.471 E654.1494
G1 F1284.8 X151.967 Y109.585 E654.16035
G1 X151.967 Y109.005 E654.18287
G1 F1282.1 X143.034 Y109.006 E654.5305
G1 X143.034 Y109.585 E654.55303
G0 F9000 X142.7 Y110.5
G1 F1200 X143.002 Y110.05 E654.57556
G1 F1500 X143.337 Y109.903 E654.58773
G1 X151.663 Y109.902 E654.86465
G1 X151.998 Y110.05 E654.87683
G1 F1200 X152.3 Y110.5 E654.89936
G1 X152.4 Y109.869 E654.92593
G1 F1500 X152.4 Y108.572 E654.96906
G1 X142.6 Y108.572 E655.29501
G1 X142.6 Y109.869 E655.33815
G1 F1200 X142.7 Y110.5 E655.36471
G0 F9000 X142.962 Y110.062
G0 X152.038 Y110.062
G0 X152.3 Y110.5
G1 F991.7 X152.305 Y124.125 E656.05013
G0 F9000 X152.559 Y124.839
G0 X153.215 Y125.013
G0 X153.793 Y124.382
G1 F1271.2 X155.584 Y121.265 E656.19122
G1 F1229.5 X157.376 Y118.148 E656.33711
G0 F9000 X153.215 Y125.013
G0 X152.578 Y125.794
G1 F1694.9 X153.025 Y125.021 E656.3634
G1 X152.752 Y124.95 E656.3717
G1 X152.578 Y124.76 E656.37928
G1 X152.578 Y125.794 E656.40972
G0 F9000 X152.2 Y126.424
G1 F1500 X152.649 Y126.424 E656.42465
G1 X153.336 Y125.235 E656.47033
G1 F1388.9 X153.793 Y124.382 E656.50509
G1 X153.091 Y124.649 E656.53207
G1 F1500 X152.847 Y124.585 E656.54046
G1 F1188.1 X152.305 Y124.125 E656.57031
G1 F1075.3 X152.253 Y124.605 E656.59271
G1 F1327.4 X152.201 Y125.085 E656.61085
G1 F1500 X152.2 Y126.424 E656.65539
G1 F2700 E651.65539
G0 F9000 X152.48 Y126.146
G0 X152.038 Y110.062
G0 X142.962 Y110.062
G0 X142.422 Y125.799
G1 F2700 E656.65539
G1 F1685.4 X142.422 Y124.76 E656.68615
G1 X142.245 Y124.952 E656.69388
G1 X141.973 Y125.021 E656.70218
G1 X142.422 Y125.799 E656.72877
G0 F9000 X142.346 Y126.424
G1 F1500 X142.8 Y126.424 E656.74387
G1 X142.8 Y125.089 E656.78827
G1 F1327.4 X142.748 Y124.607 E656.80649
G1 F1075.3 X142.695 Y124.125 E656.82899
G1 F1188.1 X142.15 Y124.586 E656.85897
G1 F1500 X141.902 Y124.649 E656.86748
G1 F1373 X141.263 Y124.477 E656.89152
G1 X141.658 Y125.23 E656.92242
G1 F1500 X142.346 Y126.424 E656.96825
G0 F9000 X142.116 Y126.824
;TYPE:WALL-OUTER
G1 F1500 X143.2 Y126.824 E657.00431
G1 X143.2 Y110.5 E657.54725
G1 X143.267 Y110.35 E657.55271
G1 X143.379 Y110.301 E657.55678
G1 X151.621 Y110.3 E657.83091
G1 X151.733 Y110.35 E657.83499
G1 X151.8 Y110.5 E657.84045
G1 X151.8 Y126.824 E658.38339
G1 X152.88 Y126.824 E658.41931
G1 X158.151 Y117.701 E658.76975
G1 X157.117 Y117.7 E658.80414
G1 X153.418 Y124.168 E659.05196
G1 X153.193 Y124.262 E659.06007
G1 X152.949 Y124.198 E659.06846
G1 X152.802 Y124.039 E659.07566
G1 X152.8 Y108.172 E659.6034
G1 X142.2 Y108.172 E659.95596
G1 X142.198 Y124.039 E660.4837
G1 X142.05 Y124.198 E660.49092
G1 X141.802 Y124.262 E660.49944
G1 X141.598 Y124.197 E660.50656
G1 X137.88 Y117.7 E660.75553
G1 X136.848 Y117.7 E660.78986
G1 X142.116 Y126.824 E661.14028
G1 F2700 E656.14028
;MESH:batclipholder.stl(2)
G0 F9000 X142.287 Y126.53
G0 X142.412 Y125.16
G0 X142.424 Y108.398
G0 X142.424 Y107.309
G0 X142.424 Y97.691
G0 X142.424 Y96.596
G0 X142.422 Y95.799
;TYPE:WALL-INNER
G1 F2700 E661.14028
G1 F1685.4 X142.422 Y94.76 E661.17103
G1 X142.245 Y94.952 E661.17876
G1 X141.973 Y95.021 E661.18707
G1 X142.422 Y95.799 E661.21366
G0 F9000 X142.346 Y96.424
G1 F1500 X142.8 Y96.424 E661.22876
G1 X142.8 Y95.089 E661.27316
G1 F1327.4 X142.748 Y94.607 E661.29138
G1 F1075.3 X142.695 Y94.125 E661.31388
G1 F1188.1 X142.15 Y94.586 E661.34385
G1 F1500 X141.902 Y94.649 E661.35236
G1 F1373 X141.263 Y94.477 E661.37641
G1 X141.658 Y95.23 E661.40731
G1 F1500 X142.346 Y96.424 E661.45314
G0 F9000 X142.517 Y96.13
G0 X141.263 Y94.477
G1 F1239.7 X137.621 Y88.146 E661.74708
G0 F9000 X141.785 Y95.013
G0 X142.441 Y94.839
G0 X142.695 Y94.125
G1 F991.7 X142.7 Y80.5 E662.4325
G0 F9000 X143.034 Y79.585
G1 F1282.1 X143.291 Y79.471 E662.44344
G1 X151.709 Y79.471 E662.77102
G1 F1284.8 X151.967 Y79.585 E662.78197
G1 X151.967 Y79.005 E662.8045
G1 F1282.1 X143.034 Y79.006 E663.15212
G1 X143.034 Y79.585 E663.17465
G0 F9000 X142.7 Y80.5
G1 F1200 X143.002 Y80.05 E663.19718
G1 F1500 X143.337 Y79.903 E663.20935
G1 X151.663 Y79.902 E663.48627
G1 X151.998 Y80.05 E663.49845
G1 F1200 X152.3 Y80.5 E663.52099
G1 X152.4 Y79.869 E663.54755
G1 F1500 X152.4 Y78.572 E663.59069
G1 X142.6 Y78.572 E663.91663
G1 X142.6 Y79.869 E663.95977
G1 F1200 X142.7 Y80.5 E663.98633
G0 F9000 X142.962 Y80.062
G0 X152.038 Y80.062
G0 X152.3 Y80.5
G1 F991.7 X152.305 Y94.125 E664.67175
G0 F9000 X152.559 Y94.839
G0 X153.215 Y95.013
G0 X153.793 Y94.382
G1 F1271.2 X155.584 Y91.265 E664.81284
G1 F1229.5 X157.376 Y88.148 E664.95873
G0 F9000 X153.215 Y95.013
G0 X152.578 Y95.794
G1 F1694.9 X153.025 Y95.021 E664.98502
G1 X152.752 Y94.95 E664.99332
G1 X152.578 Y94.76 E665.00091
G1 X152.578 Y95.794 E665.03134
G0 F9000 X152.2 Y96.424
G1 F1500 X152.649 Y96.424 E665.04628
G1 X153.336 Y95.235 E665.09195
G1 F1388.9 X153.793 Y94.382 E665.12671
G1 X153.091 Y94.649 E665.15369
G1 F1500 X152.847 Y94.585 E665.16208
G1 F1188.1 X152.305 Y94.125 E665.19193
G1 F1075.3 X152.253 Y94.605 E665.21433
G1 F1327.4 X152.201 Y95.085 E665.23248
G1 F1500 X152.2 Y96.424 E665.27701
G1 F2700 E660.27701
G0 F9000 X152.48 Y96.146
G0 X152.038 Y80.062
G0 X142.962 Y80.062
G0 X142.955 Y89.385
G0 X142.287 Y96.53
G0 X142.116 Y96.824
;TYPE:WALL-OUTER
G1 F2700 E665.27701
G1 F1500 X143.2 Y96.824 E665.31307
G1 X143.2 Y80.5 E665.856
G1 X143.267 Y80.35 E665.86147
G1 X143.379 Y80.301 E665.86553
G1 X151.621 Y80.3 E666.13966
G1 X151.733 Y80.35 E666.14374
G1 X151.8 Y80.5 E666.14921
G1 X151.8 Y96.824 E666.69215
G1 X152.88 Y96.824 E666.72807
G1 X158.151 Y87.701 E667.0785
G1 X157.117 Y87.7 E667.11289
G1 X153.418 Y94.168 E667.36072
G1 X153.193 Y94.262 E667.36883
G1 X152.949 Y94.198 E667.37722
G1 X152.802 Y94.039 E667.38442
G1 X152.8 Y78.172 E667.91216
G1 X142.2 Y78.172 E668.26472
G1 X142.198 Y94.039 E668.79245
G1 X142.05 Y94.198 E668.79968
G1 X141.802 Y94.262 E668.8082
G1 X141.598 Y94.197 E668.81532
G1 X137.88 Y87.7 E669.06429
G1 X136.848 Y87.7 E669.09862
G1 X142.116 Y96.824 E669.44903
G1 F2700 E664.44903
;MESH:NONMESH
G0 F300 X142.116 Y96.824 Z2.4
G0 F9000 X142.287 Y96.53
G0 X137.227 Y87.92
G0 X136.289 Y88.463
G0 X123.653 Y77.321
G0 X116 Y77.309
G0 X116 Y81.3
;TIME_ELAPSED:1232.312314
;LAYER:11
;TYPE:SUPPORT
G1 F2700 E669.44903
G1 F1500 X116 Y93.794 E669.86458
G1 F2700 E664.86458
G0 F9000 X116 Y94.46
G0 X120 Y94.46
G0 X120 Y93.794
G1 F2700 E669.86458
G1 F1500 X120 Y81.3 E670.28014
G1 F2700 E665.28014
G0 F9000 X123.665 Y81.3
G0 X128.88 Y86.841
G0 X129.262 Y87.5
G0 X123.665 Y111.3
G0 X120 Y111.3
G1 F2700 E670.28014
G1 F1500 X120 Y123.794 E670.69569
G1 F2700 E665.69569
G0 F9000 X120 Y124.46
G0 X116 Y124.46
G0 X116 Y123.794
G1 F2700 E670.69569
G1 F1500 X116 Y111.3 E671.11124
G1 F2700 E666.11124
G0 F9000 X116 Y107.309
G0 X148 Y107.309
G0 X148 Y111.3
G1 F2700 E671.11124
G1 F1500 X148 Y123.794 E671.52679
G1 F2700 E666.52679
G0 F9000 X148 Y124.46
G0 X150.947 Y127.679
G0 X153.38 Y127.685
G0 X159.262 Y117.5
G0 X148 Y94.46
G0 X148 Y93.794
G1 F2700 E671.52679
G1 F1500 X148 Y81.3 E671.94234
G1 F2700 E666.94234
;MESH:batclipholder.stl(1)
G0 F9000 X148 Y77.309
G0 X141.347 Y77.321
G0 X128.712 Y88.462
G0 X127.376 Y88.148
;TYPE:WALL-INNER
G1 F2700 E671.94234
G1 F1229.5 X125.584 Y91.265 E672.08824
G1 F1271.2 X123.793 Y94.382 E672.22933
G0 F9000 X123.215 Y95.013
G0 X122.559 Y94.839
G0 X122.305 Y94.125
G1 F991.7 X122.3 Y80.5 E672.91474
G0 F9000 X122.038 Y80.062
G0 X113.034 Y79.585
G1 F1282.1 X113.291 Y79.471 E672.92569
G1 X121.709 Y79.471 E673.25327
G1 F1284.8 X121.967 Y79.585 E673.26422
G1 X121.967 Y79.005 E673.28674
G1 F1282.1 X113.034 Y79.006 E673.63436
G1 X113.034 Y79.585 E673.65689
G0 F9000 X122.038 Y80.062
G0 X122.3 Y80.5
G1 F1200 X122.4 Y79.869 E673.68346
G1 F1500 X122.4 Y78.572 E673.72659
G1 X112.6 Y78.572 E674.05254
G1 X112.6 Y79.869 E674.09568
G1 F1200 X112.7 Y80.5 E674.12224
G1 X113.002 Y80.05 E674.14477
G1 F1500 X113.337 Y79.903 E674.15694
G1 X121.663 Y79.902 E674.43387
G1 X121.998 Y80.05 E674.44605
G1 F1200 X122.3 Y80.5 E674.46858
G0 F9000 X122.038 Y80.062
G0 X112.962 Y80.062
G0 X112.7 Y80.5
G1 F991.7 X112.695 Y94.125 E675.154
G0 F9000 X112.441 Y94.839
G0 X111.785 Y95.013
G0 X111.263 Y94.477
G1 F1239.7 X107.621 Y88.146 E675.44794
G0 F9000 X111.785 Y95.013
G0 X112.422 Y95.799
G1 F1685.4 X112.422 Y94.76 E675.47869
G1 X112.245 Y94.952 E675.48642
G1 X111.973 Y95.021 E675.49473
G1 X112.422 Y95.799 E675.52132
G0 F9000 X112.8 Y96.424
G1 F1500 X112.8 Y95.089 E675.56572
G1 F1327.4 X112.748 Y94.607 E675.58394
G1 F1075.3 X112.695 Y94.125 E675.60644
G1 F1188.1 X112.15 Y94.586 E675.63642
G1 F1500 X111.902 Y94.649 E675.64493
G1 F1373 X111.263 Y94.477 E675.66897
G1 X111.658 Y95.23 E675.69987
G1 F1500 X112.346 Y96.424 E675.7457
G1 X112.8 Y96.424 E675.7608
G1 F2700 E670.7608
G0 F9000 X112.52 Y96.146
G0 X112.962 Y80.062
G0 X122.038 Y80.062
G0 X122.578 Y95.794
G1 F2700 E675.7608
G1 F1694.9 X123.025 Y95.021 E675.78709
G1 X122.752 Y94.95 E675.79539
G1 X122.578 Y94.76 E675.80297
G1 X122.578 Y95.794 E675.83341
G0 F9000 X122.2 Y96.424
G1 F1500 X122.649 Y96.424 E675.84834
G1 X123.336 Y95.235 E675.89402
G1 F1388.9 X123.793 Y94.382 E675.92878
G1 X123.091 Y94.649 E675.95576
G1 F1500 X122.847 Y94.585 E675.96415
G1 F1188.1 X122.305 Y94.125 E675.994
G1 F1075.3 X122.253 Y94.605 E676.0164
G1 F1327.4 X122.201 Y95.085 E676.03454
G1 F1500 X122.2 Y96.424 E676.07908
G1 F2700 E671.07908
G0 F9000 X122.48 Y96.146
G0 X122.038 Y80.062
G0 X112.962 Y80.062
G0 X112.92 Y96.546
G0 X113.2 Y96.824
;TYPE:WALL-OUTER
G1 F2700 E676.07908
G1 F1500 X113.2 Y80.5 E676.62202
G1 X113.267 Y80.35 E676.62748
G1 X113.379 Y80.301 E676.63155
G1 X121.621 Y80.3 E676.90568
G1 X121.733 Y80.35 E676.90976
G1 X121.8 Y80.5 E676.91522
G1 X121.8 Y96.824 E677.45816
G1 X122.88 Y96.824 E677.49408
G1 X128.151 Y87.701 E677.84452
G1 X127.117 Y87.7 E677.87891
G1 X123.418 Y94.168 E678.12673
G1 X123.193 Y94.262 E678.13484
G1 X122.949 Y94.198 E678.14323
G1 X122.802 Y94.039 E678.15043
G1 X122.8 Y78.172 E678.67817
G1 X112.2 Y78.172 E679.03073
G1 X112.198 Y94.039 E679.55847
G1 X112.05 Y94.198 E679.56569
G1 X111.802 Y94.262 E679.57421
G1 X111.598 Y94.197 E679.58133
G1 X107.88 Y87.7 E679.83031
G1 X106.848 Y87.7 E679.86463
G1 X112.116 Y96.824 E680.21505
G1 X113.2 Y96.824 E680.2511
G1 F2700 E675.2511
;MESH:batclipholder.stl
G0 F9000 X112.92 Y96.546
G0 X112.976 Y97.691
G0 X112.976 Y107.309
G0 X112.976 Y108.404
G0 X113.034 Y109.585
;TYPE:WALL-INNER
G1 F2700 E680.2511
G1 F1282.1 X113.291 Y109.471 E680.26204
G1 X121.709 Y109.471 E680.58962
G1 F1284.8 X121.967 Y109.585 E680.60058
G1 X121.967 Y109.005 E680.6231
G1 F1282.1 X113.034 Y109.006 E680.97072
G1 X113.034 Y109.585 E680.99325
G0 F9000 X122.038 Y110.062
G0 X122.3 Y110.5
G1 F1200 X122.4 Y109.869 E681.01981
G1 F1500 X122.4 Y108.572 E681.06295
G1 X112.6 Y108.572 E681.3889
G1 X112.6 Y109.869 E681.43204
G1 F1200 X112.7 Y110.5 E681.4586
G1 X113.002 Y110.05 E681.48113
G1 F1500 X113.337 Y109.903 E681.4933
G1 X121.663 Y109.902 E681.77022
G1 X121.998 Y110.05 E681.7824
G1 F1200 X122.3 Y110.5 E681.80494
G1 F991.7 X122.305 Y124.125 E682.49035
G0 F9000 X122.559 Y124.839
G0 X123.215 Y125.013
G0 X123.793 Y124.382
G1 F1271.2 X125.584 Y121.265 E682.63144
G1 F1229.5 X127.376 Y118.148 E682.77734
G0 F9000 X123.215 Y125.013
G0 X122.578 Y125.794
G1 F1694.9 X123.025 Y125.021 E682.80362
G1 X122.752 Y124.95 E682.81192
G1 X122.578 Y124.76 E682.81951
G1 X122.578 Y125.794 E682.84994
G0 F9000 X122.2 Y126.424
G1 F1500 X122.649 Y126.424 E682.86488
G1 X123.336 Y125.235 E682.91055
G1 F1388.9 X123.793 Y124.382 E682.94531
G1 X123.091 Y124.649 E682.97229
G1 F1500 X122.847 Y124.585 E682.98068
G1 F1188.1 X122.305 Y124.125 E683.01053
G1 F1075.3 X122.253 Y124.605 E683.03293
G1 F1327.4 X122.201 Y125.085 E683.05108
G1 F1500 X122.2 Y126.424 E683.09561
G1 F2700 E678.09561
G0 F9000 X122.48 Y126.146
G0 X122.038 Y110.062
G0 X112.962 Y110.062
G0 X112.695 Y124.125
G1 F2700 E683.09561
G1 F991.7 X112.7 Y110.5 E683.78103
G0 F9000 X112.441 Y124.839
G0 X111.785 Y125.013
G0 X107.621 Y118.146
G1 F1239.7 X111.263 Y124.477 E684.07497
G0 F9000 X112.422 Y125.799
G1 F1685.4 X112.422 Y124.76 E684.10573
G1 X112.245 Y124.952 E684.11346
G1 X111.973 Y125.021 E684.12176
G1 X112.422 Y125.799 E684.14835
G0 F9000 X112.8 Y126.424
G1 F1500 X112.8 Y125.089 E684.19276
G1 F1327.4 X112.748 Y124.607 E684.21098
G1 F1075.3 X112.695 Y124.125 E684.23347
G1 F1188.1 X112.15 Y124.586 E684.26345
G1 F1500 X111.902 Y124.649 E684.27196
G1 F1373 X111.263 Y124.477 E684.29601
G1 X111.658 Y125.23 E684.3269
G1 F1500 X112.346 Y126.424 E684.37274
G1 X112.8 Y126.424 E684.38784
G0 F9000 X113.2 Y126.824
;TYPE:WALL-OUTER
G1 F1500 X113.2 Y110.5 E684.93077
G1 X113.267 Y110.35 E684.93624
G1 X113.379 Y110.301 E684.94031
G1 X121.621 Y110.3 E685.21444
G1 X121.733 Y110.35 E685.21851
G1 X121.8 Y110.5 E685.22398
G1 X121.8 Y126.824 E685.76692
G1 X122.88 Y126.824 E685.80284
G1 X128.151 Y117.701 E686.15328
G1 X127.117 Y117.7 E686.18767
G1 X123.418 Y124.168 E686.43549
G1 X123.193 Y124.262 E686.4436
G1 X122.949 Y124.198 E686.45199
G1 X122.802 Y124.039 E686.45919
G1 X122.8 Y108.172 E686.98693
G1 X112.2 Y108.172 E687.33949
G1 X112.198 Y124.039 E687.86723
G1 X112.05 Y124.198 E687.87445
G1 X111.802 Y124.262 E687.88297
G1 X111.598 Y124.197 E687.89009
G1 X107.88 Y117.7 E688.13906
G1 X106.848 Y117.7 E688.17339
G1 X112.116 Y126.824 E688.5238
G1 X113.2 Y126.824 E688.55986
G1 F2700 E683.55986
;MESH:batclipholder.stl(3)
G0 F9000 X112.92 Y126.546
G0 X112.962 Y110.062
G0 X122.038 Y110.062
G0 X122.559 Y124.839
G0 X123.215 Y125.013
G0 X127.773 Y117.92
G0 X128.712 Y118.462
G0 X136.289 Y118.463
G0 X137.621 Y118.146
;TYPE:WALL-INNER
G1 F2700 E688.55986
G1 F1239.7 X141.263 Y124.477 E688.8538
G0 F9000 X141.785 Y125.013
G0 X142.441 Y124.839
G0 X142.695 Y124.125
G1 F991.7 X142.7 Y110.5 E689.53922
G0 F9000 X143.034 Y109.585
G1 F1282.1 X143.291 Y109.471 E689.55016
G1 X151.709 Y109.471 E689.87774
G1 F1284.8 X151.967 Y109.585 E689.88869
G1 X151.967 Y109.005 E689.91121
G1 F1282.1 X143.034 Y109.006 E690.25883
G1 X143.034 Y109.585 E690.28137
G0 F9000 X142.7 Y110.5
G1 F1200 X143.002 Y110.05 E690.3039
G1 F1500 X143.337 Y109.903 E690.31607
G1 X151.663 Y109.902 E690.59299
G1 X151.998 Y110.05 E690.60517
G1 F1200 X152.3 Y110.5 E690.6277
G1 X152.4 Y109.869 E690.65426
G1 F1500 X152.4 Y108.572 E690.6974
G1 X142.6 Y108.572 E691.02335
G1 X142.6 Y109.869 E691.06649
G1 F1200 X142.7 Y110.5 E691.09305
G0 F9000 X142.962 Y110.062
G0 X152.038 Y110.062
G0 X152.3 Y110.5
G1 F991.7 X152.305 Y124.125 E691.77847
G0 F9000 X152.559 Y124.839
G0 X153.215 Y125.013
G0 X153.793 Y124.382
G1 F1271.2 X155.584 Y121.265 E691.91956
G1 F1229.5 X157.376 Y118.148 E692.06545
G0 F9000 X153.215 Y125.013
G0 X152.578 Y125.794
G1 F1694.9 X153.025 Y125.021 E692.09173
G1 X152.752 Y124.95 E692.10004
G1 X152.578 Y124.76 E692.10762
G1 X152.578 Y125.794 E692.13806
G0 F9000 X152.2 Y126.424
G1 F1500 X152.649 Y126.424 E692.15299
G1 X153.336 Y125.235 E692.19866
G1 F1388.9 X153.793 Y124.382 E692.23342
G1 X153.091 Y124.649 E692.2604
G1 F1500 X152.847 Y124.585 E692.26879
G1 F1188.1 X152.305 Y124.125 E692.29864
G1 F1075.3 X152.253 Y124.605 E692.32105
G1 F1327.4 X152.201 Y125.085 E692.33919
G1 F1500 X152.2 Y126.424 E692.38373
G1 F2700 E687.38373
G0 F9000 X152.48 Y126.146
G0 X152.038 Y110.062
G0 X142.962 Y110.062
G0 X142.422 Y125.799
G1 F2700 E692.38373
G1 F1685.4 X142.422 Y124.76 E692.41448
G1 X142.245 Y124.952 E692.42221
G1 X141.973 Y125.021 E692.43052
G1 X142.422 Y125.799 E692.45711
G0 F9000 X142.346 Y126.424
G1 F1500 X142.8 Y126.424 E692.47221
G1 X142.8 Y125.089 E692.51661
G1 F1327.4 X142.748 Y124.607 E692.53483
G1 F1075.3 X142.695 Y124.125 E692.55733
G1 F1188.1 X142.15 Y124.586 E692.58731
G1 F1500 X141.902 Y124.649 E692.59582
G1 F1373 X141.263 Y124.477 E692.61986
G1 X141.658 Y125.23 E692.65076
G1 F1500 X142.346 Y126.424 E692.69659
G0 F9000 X142.116 Y126.824
;TYPE:WALL-OUTER
G1 F1500 X143.2 Y126.824 E692.73265
G1 X143.2 Y110.5 E693.27559
G1 X143.267 Y110.35 E693.28105
G1 X143.379 Y110.301 E693.28512
G1 X151.621 Y110.3 E693.55925
G1 X151.733 Y110.35 E693.56332
G1 X151.8 Y110.5 E693.56879
G1 X151.8 Y126.824 E694.11173
G1 X152.88 Y126.824 E694.14765
G1 X158.151 Y117.701 E694.49809
G1 X157.117 Y117.7 E694.53248
G1 X153.418 Y124.168 E694.7803
G1 X153.193 Y124.262 E694.78841
G1 X152.949 Y124.198 E694.7968
G1 X152.802 Y124.039 E694.804
G1 X152.8 Y108.172 E695.33174
G1 X142.2 Y108.172 E695.6843
G1 X142.198 Y124.039 E696.21204
G1 X142.05 Y124.198 E696.21926
G1 X141.802 Y124.262 E696.22778
G1 X141.598 Y124.197 E696.2349
G1 X137.88 Y117.7 E696.48387
G1 X136.848 Y117.7 E696.5182
G1 X142.116 Y126.824 E696.86861
G1 F2700 E691.86861
;MESH:batclipholder.stl(2)
G0 F9000 X142.287 Y126.53
G0 X142.412 Y125.16
G0 X142.424 Y108.398
G0 X142.424 Y107.309
G0 X142.424 Y97.691
G0 X142.424 Y96.596
G0 X142.422 Y95.799
;TYPE:WALL-INNER
G1 F2700 E696.86861
G1 F1685.4 X142.422 Y94.76 E696.89937
G1 X142.245 Y94.952 E696.9071
G1 X141.973 Y95.021 E696.91541
G1 X142.422 Y95.799 E696.942
G0 F9000 X142.346 Y96.424
G1 F1500 X142.8 Y96.424 E696.9571
G1 X142.8 Y95.089 E697.0015
G1 F1327.4 X142.748 Y94.607 E697.01972
G1 F1075.3 X142.695 Y94.125 E697.04222
G1 F1188.1 X142.15 Y94.586 E697.07219
G1 F1500 X141.902 Y94.649 E697.0807
G1 F1373 X141.263 Y94.477 E697.10475
G1 X141.658 Y95.23 E697.13565
G1 F1500 X142.346 Y96.424 E697.18148
G0 F9000 X142.517 Y96.13
G0 X141.263 Y94.477
G1 F1239.7 X137.621 Y88.146 E697.47542
G0 F9000 X141.785 Y95.013
G0 X142.441 Y94.839
G0 X142.695 Y94.125
G1 F991.7 X142.7 Y80.5 E698.16084
G0 F9000 X143.034 Y79.585
G1 F1282.1 X143.291 Y79.471 E698.17178
G1 X151.709 Y79.471 E698.49936
G1 F1284.8 X151.967 Y79.585 E698.51031
G1 X151.967 Y79.005 E698.53283
G1 F1282.1 X143.034 Y79.006 E698.88046
G1 X143.034 Y79.585 E698.90299
G0 F9000 X142.7 Y80.5
G1 F1200 X143.002 Y80.05 E698.92552
G1 F1500 X143.337 Y79.903 E698.93769
G1 X151.663 Y79.902 E699.21461
G1 X151.998 Y80.05 E699.22679
G1 F1200 X152.3 Y80.5 E699.24932
G1 X152.4 Y79.869 E699.27589
G1 F1500 X152.4 Y78.572 E699.31902
G1 X142.6 Y78.572 E699.64497
G1 X142.6 Y79.869 E699.68811
G1 F1200 X142.7 Y80.5 E699.71467
G0 F9000 X142.962 Y80.062
G0 X152.038 Y80.062
G0 X152.3 Y80.5
G1 F991.7 X152.305 Y94.125 E700.40009
G0 F9000 X152.559 Y94.839
G0 X153.215 Y95.013
G0 X153.793 Y94.382
G1 F1271.2 X155.584 Y91.265 E700.54118
G1 F1229.5 X157.376 Y88.148 E700.68707
G0 F9000 X153.215 Y95.013
G0 X152.578 Y95.794
G1 F1694.9 X153.025 Y95.021 E700.71336
G1 X152.752 Y94.95 E700.72166
G1 X152.578 Y94.76 E700.72924
G1 X152.578 Y95.794 E700.75968
G0 F9000 X152.2 Y96.424
G1 F1500 X152.649 Y96.424 E700.77461
G1 X153.336 Y95.235 E700.82029
G1 F1388.9 X153.793 Y94.382 E700.85505
G1 X153.091 Y94.649 E700.88203
G1 F1500 X152.847 Y94.585 E700.89042
G1 F1188.1 X152.305 Y94.125 E700.92027
G1 F1075.3 X152.253 Y94.605 E700.94267
G1 F1327.4 X152.201 Y95.085 E700.96081
G1 F1500 X152.2 Y96.424 E701.00535
G1 F2700 E696.00535
G0 F9000 X152.48 Y96.146
G0 X152.038 Y80.062
G0 X142.962 Y80.062
G0 X142.955 Y89.385
G0 X142.287 Y96.53
G0 X142.116 Y96.824
;TYPE:WALL-OUTER
G1 F2700 E701.00535
G1 F1500 X143.2 Y96.824 E701.0414
G1 X143.2 Y80.5 E701.58434
G1 X143.267 Y80.35 E701.58981
G1 X143.379 Y80.301 E701.59387
G1 X151.621 Y80.3 E701.868
G1 X151.733 Y80.35 E701.87208
G1 X151.8 Y80.5 E701.87755
G1 X151.8 Y96.824 E702.42048
G1 X152.88 Y96.824 E702.4564
G1 X158.151 Y87.701 E702.80684
G1 X157.117 Y87.7 E702.84123
G1 X153.418 Y94.168 E703.08905
G1 X153.193 Y94.262 E703.09716
G1 X152.949 Y94.198 E703.10555
G1 X152.802 Y94.039 E703.11276
G1 X152.8 Y78.172 E703.6405
G1 X142.2 Y78.172 E703.99305
G1 X142.198 Y94.039 E704.52079
G1 X142.05 Y94.198 E704.52802
G1 X141.802 Y94.262 E704.53654
G1 X141.598 Y94.197 E704.54366
G1 X137.88 Y87.7 E704.79263
G1 X136.848 Y87.7 E704.82695
G1 X142.116 Y96.824 E705.17737
G1 F2700 E700.17737
;MESH:NONMESH
G0 F300 X142.116 Y96.824 Z2.6
G0 F9000 X142.287 Y96.53
G0 X137.227 Y87.92
G0 X136.289 Y88.463
G0 X123.653 Y77.321
G0 X116 Y77.309
G0 X116 Y81.3
;TIME_ELAPSED:1302.434881
;LAYER:12
;TYPE:SUPPORT
G1 F2700 E705.17737
G1 F1500 X116 Y93.794 E705.59292
G1 F2700 E700.59292
G0 F9000 X116 Y94.46
G0 X120 Y94.46
G0 X120 Y93.794
G1 F2700 E705.59292
G1 F1500 X120 Y81.3 E706.00847
G1 F2700 E701.00847
G0 F9000 X123.665 Y81.3
G0 X128.88 Y86.841
G0 X129.262 Y87.5
G0 X123.665 Y111.3
G0 X120 Y111.3
G1 F2700 E706.00847
G1 F1500 X120 Y123.794 E706.42403
G1 F2700 E701.42403
G0 F9000 X120 Y124.46
G0 X116 Y124.46
G0 X116 Y123.794
G1 F2700 E706.42403
G1 F1500 X116 Y111.3 E706.83958
G1 F2700 E701.83958
G0 F9000 X116 Y107.309
G0 X148 Y107.309
G0 X148 Y111.3
G1 F2700 E706.83958
G1 F1500 X148 Y123.794 E707.25513
G1 F2700 E702.25513
G0 F9000 X148 Y124.46
G0 X150.947 Y127.679
G0 X153.38 Y127.685
G0 X159.262 Y117.5
G0 X148 Y94.46
G0 X148 Y93.794
G1 F2700 E707.25513
G1 F1500 X148 Y81.3 E707.67068
G1 F2700 E702.67068
;MESH:batclipholder.stl(1)
G0 F9000 X148 Y77.309
G0 X141.347 Y77.321
G0 X128.712 Y88.462
G0 X127.376 Y88.148
;TYPE:WALL-INNER
G1 F2700 E707.67068
G1 F1229.5 X125.584 Y91.265 E707.81657
G1 F1271.2 X123.793 Y94.382 E707.95766
G0 F9000 X123.215 Y95.013
G0 X122.559 Y94.839
G0 X122.305 Y94.125
G1 F991.7 X122.3 Y80.5 E708.64308
G0 F9000 X122.038 Y80.062
G0 X113.034 Y79.585
G1 F1282.1 X113.291 Y79.471 E708.65402
G1 X121.709 Y79.471 E708.9816
G1 F1284.8 X121.967 Y79.585 E708.99256
G1 X121.967 Y79.005 E709.01508
G1 F1282.1 X113.034 Y79.006 E709.3627
G1 X113.034 Y79.585 E709.38523
G0 F9000 X122.038 Y80.062
G0 X122.3 Y80.5
G1 F1200 X122.4 Y79.869 E709.41179
G1 F1500 X122.4 Y78.572 E709.45493
G1 X112.6 Y78.572 E709.78088
G1 X112.6 Y79.869 E709.82402
G1 F1200 X112.7 Y80.5 E709.85058
G1 X113.002 Y80.05 E709.87311
G1 F1500 X113.337 Y79.903 E709.88528
G1 X121.663 Y79.902 E710.1622
G1 X121.998 Y80.05 E710.17439
G1 F1200 X122.3 Y80.5 E710.19692
G0 F9000 X122.038 Y80.062
G0 X112.962 Y80.062
G0 X112.7 Y80.5
G1 F991.7 X112.695 Y94.125 E710.88234
G0 F9000 X112.441 Y94.839
G0 X111.785 Y95.013
G0 X111.263 Y94.477
G1 F1239.7 X107.621 Y88.146 E711.17628
G0 F9000 X111.785 Y95.013
G0 X112.422 Y95.799
G1 F1685.4 X112.422 Y94.76 E711.20703
G1 X112.245 Y94.952 E711.21476
G1 X111.973 Y95.021 E711.22307
G1 X112.422 Y95.799 E711.24966
G0 F9000 X112.8 Y96.424
G1 F1500 X112.8 Y95.089 E711.29406
G1 F1327.4 X112.748 Y94.607 E711.31228
G1 F1075.3 X112.695 Y94.125 E711.33478
G1 F1188.1 X112.15 Y94.586 E711.36475
G1 F1500 X111.902 Y94.649 E711.37326
G1 F1373 X111.263 Y94.477 E711.39731
G1 X111.658 Y95.23 E711.42821
G1 F1500 X112.346 Y96.424 E711.47404
G1 X112.8 Y96.424 E711.48914
G1 F2700 E706.48914
G0 F9000 X112.52 Y96.146
G0 X112.962 Y80.062
G0 X122.038 Y80.062
G0 X122.578 Y95.794
G1 F2700 E711.48914
G1 F1694.9 X123.025 Y95.021 E711.51543
G1 X122.752 Y94.95 E711.52373
G1 X122.578 Y94.76 E711.53131
G1 X122.578 Y95.794 E711.56175
G0 F9000 X122.2 Y96.424
G1 F1500 X122.649 Y96.424 E711.57668
G1 X123.336 Y95.235 E711.62235
G1 F1388.9 X123.793 Y94.382 E711.65712
G1 X123.091 Y94.649 E711.68409
G1 F1500 X122.847 Y94.585 E711.69248
G1 F1188.1 X122.305 Y94.125 E711.72234
G1 F1075.3 X122.253 Y94.605 E711.74474
G1 F1327.4 X122.201 Y95.085 E711.76288
G1 F1500 X122.2 Y96.424 E711.80742
G1 F2700 E706.80742
G0 F9000 X122.48 Y96.146
G0 X122.038 Y80.062
G0 X112.962 Y80.062
G0 X112.92 Y96.546
G0 X113.2 Y96.824
;TYPE:WALL-OUTER
G1 F2700 E711.80742
G1 F1500 X113.2 Y80.5 E712.35036
G1 X113.267 Y80.35 E712.35582
G1 X113.379 Y80.301 E712.35989
G1 X121.621 Y80.3 E712.63402
G1 X121.733 Y80.35 E712.6381
G1 X121.8 Y80.5 E712.64356
G1 X121.8 Y96.824 E713.1865
G1 X122.88 Y96.824 E713.22242
G1 X128.151 Y87.701 E713.57286
G1 X127.117 Y87.7 E713.60725
G1 X123.418 Y94.168 E713.85507
G1 X123.193 Y94.262 E713.86318
G1 X122.949 Y94.198 E713.87157
G1 X122.802 Y94.039 E713.87877
G1 X122.8 Y78.172 E714.40651
G1 X112.2 Y78.172 E714.75907
G1 X112.198 Y94.039 E715.28681
G1 X112.05 Y94.198 E715.29403
G1 X111.802 Y94.262 E715.30255
G1 X111.598 Y94.197 E715.30967
G1 X107.88 Y87.7 E715.55864
G1 X106.848 Y87.7 E715.59297
G1 X112.116 Y96.824 E715.94338
G1 X113.2 Y96.824 E715.97944
G1 F2700 E710.97944
;MESH:batclipholder.stl
G0 F9000 X112.92 Y96.546
G0 X112.976 Y97.691
G0 X112.976 Y107.309
G0 X112.976 Y108.404
G0 X113.034 Y109.585
;TYPE:WALL-INNER
G1 F2700 E715.97944
G1 F1282.1 X113.291 Y109.471 E715.99038
G1 X121.709 Y109.471 E716.31796
G1 F1284.8 X121.967 Y109.585 E716.32891
G1 X121.967 Y109.005 E716.35144
G1 F1282.1 X113.034 Y109.006 E716.69906
G1 X113.034 Y109.585 E716.72159
G0 F9000 X122.038 Y110.062
G0 X122.3 Y110.5
G1 F1200 X122.4 Y109.869 E716.74815
G1 F1500 X122.4 Y108.572 E716.79129
G1 X112.6 Y108.572 E717.11724
G1 X112.6 Y109.869 E717.16038
G1 F1200 X112.7 Y110.5 E717.18694
G1 X113.002 Y110.05 E717.20947
G1 F1500 X113.337 Y109.903 E717.22164
G1 X121.663 Y109.902 E717.49856
G1 X121.998 Y110.05 E717.51074
G1 F1200 X122.3 Y110.5 E717.53327
G1 F991.7 X122.305 Y124.125 E718.21869
G0 F9000 X122.559 Y124.839
G0 X123.215 Y125.013
G0 X123.793 Y124.382
G1 F1271.2 X125.584 Y121.265 E718.35978
G1 F1229.5 X127.376 Y118.148 E718.50567
G0 F9000 X123.215 Y125.013
G0 X122.578 Y125.794
G1 F1694.9 X123.025 Y125.021 E718.53196
G1 X122.752 Y124.95 E718.54026
G1 X122.578 Y124.76 E718.54784
G1 X122.578 Y125.794 E718.57828
G0 F9000 X122.2 Y126.424
G1 F1500 X122.649 Y126.424 E718.59321
G1 X123.336 Y125.235 E718.63889
G1 F1388.9 X123.793 Y124.382 E718.67365
G1 X123.091 Y124.649 E718.70063
G1 F1500 X122.847 Y124.585 E718.70902
G1 F1188.1 X122.305 Y124.125 E718.73887
G1 F1075.3 X122.253 Y124.605 E718.76127
G1 F1327.4 X122.201 Y125.085 E718.77941
G1 F1500 X122.2 Y126.424 E718.82395
G1 F2700 E713.82395
G0 F9000 X122.48 Y126.146
G0 X122.038 Y110.062
G0 X112.962 Y110.062
G0 X112.695 Y124.125
G1 F2700 E718.82395
G1 F991.7 X112.7 Y110.5 E719.50937
G0 F9000 X112.441 Y124.839
G0 X111.785 Y125.013
G0 X107.621 Y118.146
G1 F1239.7 X111.263 Y124.477 E719.80331
G0 F9000 X112.422 Y125.799
G1 F1685.4 X112.422 Y124.76 E719.83406
G1 X112.245 Y124.952 E719.84179
G1 X111.973 Y125.021 E719.8501
G1 X112.422 Y125.799 E719.87669
G0 F9000 X112.8 Y126.424
G1 F1500 X112.8 Y125.089 E719.92109
G1 F1327.4 X112.748 Y124.607 E719.93931
G1 F1075.3 X112.695 Y124.125 E719.96181
G1 F1188.1 X112.15 Y124.586 E719.99179
G1 F1500 X111.902 Y124.649 E720.0003
G1 F1373 X111.263 Y124.477 E720.02434
G1 X111.658 Y125.23 E720.05524
G1 F1500 X112.346 Y126.424 E720.10107
G1 X112.8 Y126.424 E720.11617
G0 F9000 X113.2 Y126.824
;TYPE:WALL-OUTER
G1 F1500 X113.2 Y110.5 E720.65911
G1 X113.267 Y110.35 E720.66458
G1 X113.379 Y110.301 E720.66864
G1 X121.621 Y110.3 E720.94277
G1 X121.733 Y110.35 E720.94685
G1 X121.8 Y110.5 E720.95232
G1 X121.8 Y126.824 E721.49526
G1 X122.88 Y126.824 E721.53118
G1 X128.151 Y117.701 E721.88161
G1 X127.117 Y117.7 E721.916
G1 X123.418 Y124.168 E722.16383
G1 X123.193 Y124.262 E722.17194
G1 X122.949 Y124.198 E722.18033
G1 X122.802 Y124.039 E722.18753
G1 X122.8 Y108.172 E722.71527
G1 X112.2 Y108.172 E723.06782
G1 X112.198 Y124.039 E723.59556
G1 X112.05 Y124.198 E723.60279
G1 X111.802 Y124.262 E723.61131
G1 X111.598 Y124.197 E723.61843
G1 X107.88 Y117.7 E723.8674
G1 X106.848 Y117.7 E723.90172
G1 X112.116 Y126.824 E724.25214
G1 X113.2 Y126.824 E724.28819
G1 F2700 E719.28819
;MESH:batclipholder.stl(3)
G0 F9000 X112.92 Y126.546
G0 X112.962 Y110.062
G0 X122.038 Y110.062
G0 X122.559 Y124.839
G0 X123.215 Y125.013
G0 X127.773 Y117.92
G0 X128.712 Y118.462
G0 X136.289 Y118.463
G0 X137.621 Y118.146
;TYPE:WALL-INNER
G1 F2700 E724.28819
G1 F1239.7 X141.263 Y124.477 E724.58214
G0 F9000 X141.785 Y125.013
G0 X142.441 Y124.839
G0 X142.695 Y124.125
G1 F991.7 X142.7 Y110.5 E725.26755
G0 F9000 X143.034 Y109.585
G1 F1282.1 X143.291 Y109.471 E725.27849
G1 X151.709 Y109.471 E725.60608
G1 F1284.8 X151.967 Y109.585 E725.61703
G1 X151.967 Y109.005 E725.63955
G1 F1282.1 X143.034 Y109.006 E725.98717
G1 X143.034 Y109.585 E726.0097
G0 F9000 X142.7 Y110.5
G1 F1200 X143.002 Y110.05 E726.03224
G1 F1500 X143.337 Y109.903 E726.0444
G1 X151.663 Y109.902 E726.32133
G1 X151.998 Y110.05 E726.33351
G1 F1200 X152.3 Y110.5 E726.35604
G1 X152.4 Y109.869 E726.3826
G1 F1500 X152.4 Y108.572 E726.42574
G1 X142.6 Y108.572 E726.75169
G1 X142.6 Y109.869 E726.79483
G1 F1200 X142.7 Y110.5 E726.82139
G0 F9000 X142.962 Y110.062
G0 X152.038 Y110.062
G0 X152.3 Y110.5
G1 F991.7 X152.305 Y124.125 E727.50681
G0 F9000 X152.559 Y124.839
G0 X153.215 Y125.013
G0 X153.793 Y124.382
G1 F1271.2 X155.584 Y121.265 E727.6479
G1 F1229.5 X157.376 Y118.148 E727.79379
G0 F9000 X153.215 Y125.013
G0 X152.578 Y125.794
G1 F1694.9 X153.025 Y125.021 E727.82007
G1 X152.752 Y124.95 E727.82838
G1 X152.578 Y124.76 E727.83596
G1 X152.578 Y125.794 E727.8664
G0 F9000 X152.2 Y126.424
G1 F1500 X152.649 Y126.424 E727.88133
G1 X153.336 Y125.235 E727.927
G1 F1388.9 X153.793 Y124.382 E727.96176
G1 X153.091 Y124.649 E727.98874
G1 F1500 X152.847 Y124.585 E727.99713
G1 F1188.1 X152.305 Y124.125 E728.02698
G1 F1075.3 X152.253 Y124.605 E728.04938
G1 F1327.4 X152.201 Y125.085 E728.06753
G1 F1500 X152.2 Y126.424 E728.11206
G1 F2700 E723.11206
G0 F9000 X152.48 Y126.146
G0 X152.038 Y110.062
G0 X142.962 Y110.062
G0 X142.422 Y125.799
G1 F2700 E728.11206
G1 F1685.4 X142.422 Y124.76 E728.14282
G1 X142.245 Y124.952 E728.15055
G1 X141.973 Y125.021 E728.15886
G1 X142.422 Y125.799 E728.18545
G0 F9000 X142.346 Y126.424
G1 F1500 X142.8 Y126.424 E728.20055
G1 X142.8 Y125.089 E728.24495
G1 F1327.4 X142.748 Y124.607 E728.26317
G1 F1075.3 X142.695 Y124.125 E728.28567
G1 F1188.1 X142.15 Y124.586 E728.31564
G1 F1500 X141.902 Y124.649 E728.32415
G1 F1373 X141.263 Y124.477 E728.3482
G1 X141.658 Y125.23 E728.3791
G1 F1500 X142.346 Y126.424 E728.42493
G0 F9000 X142.116 Y126.824
;TYPE:WALL-OUTER
G1 F1500 X143.2 Y126.824 E728.46098
G1 X143.2 Y110.5 E729.00392
G1 X143.267 Y110.35 E729.00939
G1 X143.379 Y110.301 E729.01345
G1 X151.621 Y110.3 E729.28758
G1 X151.733 Y110.35 E729.29166
G1 X151.8 Y110.5 E729.29713
G1 X151.8 Y126.824 E729.84007
G1 X152.88 Y126.824 E729.87599
G1 X158.151 Y117.701 E730.22642
G1 X157.117 Y117.7 E730.26081
G1 X153.418 Y124.168 E730.50864
G1 X153.193 Y124.262 E730.51675
G1 X152.949 Y124.198 E730.52514
G1 X152.802 Y124.039 E730.53234
G1 X152.8 Y108.172 E731.06008
G1 X142.2 Y108.172 E731.41263
G1 X142.198 Y124.039 E731.94037
G1 X142.05 Y124.198 E731.9476
G1 X141.802 Y124.262 E731.95612
G1 X141.598 Y124.197 E731.96324
G1 X137.88 Y117.7 E732.21221
G1 X136.848 Y117.7 E732.24654
G1 X142.116 Y126.824 E732.59695
G1 F2700 E727.59695
;MESH:batclipholder.stl(2)
G0 F9000 X142.287 Y126.53
G0 X142.412 Y125.16
G0 X142.424 Y108.398
G0 X142.424 Y107.309
G0 X142.424 Y97.691
G0 X142.424 Y96.596
G0 X142.422 Y95.799
;TYPE:WALL-INNER
G1 F2700 E732.59695
G1 F1685.4 X142.422 Y94.76 E732.62771
G1 X142.245 Y94.952 E732.63544
G1 X141.973 Y95.021 E732.64374
G1 X142.422 Y95.799 E732.67033
G0 F9000 X142.346 Y96.424
G1 F1500 X142.8 Y96.424 E732.68543
G1 X142.8 Y95.089 E732.72984
G1 F1327.4 X142.748 Y94.607 E732.74806
G1 F1075.3 X142.695 Y94.125 E732.77056
G1 F1188.1 X142.15 Y94.586 E732.80053
G1 F1500 X141.902 Y94.649 E732.80904
G1 F1373 X141.263 Y94.477 E732.83309
G1 X141.658 Y95.23 E732.86398
G1 F1500 X142.346 Y96.424 E732.90982
G0 F9000 X142.517 Y96.13
G0 X141.263 Y94.477
G1 F1239.7 X137.621 Y88.146 E733.20376
G0 F9000 X141.785 Y95.013
G0 X142.441 Y94.839
G0 X142.695 Y94.125
G1 F991.7 X142.7 Y80.5 E733.88918
G0 F9000 X143.034 Y79.585
G1 F1282.1 X143.291 Y79.471 E733.90012
G1 X151.709 Y79.471 E734.2277
G1 F1284.8 X151.967 Y79.585 E734.23865
G1 X151.967 Y79.005 E734.26117
G1 F1282.1 X143.034 Y79.006 E734.60879
G1 X143.034 Y79.585 E734.63133
G0 F9000 X142.7 Y80.5
G1 F1200 X143.002 Y80.05 E734.65386
G1 F1500 X143.337 Y79.903 E734.66603
G1 X151.663 Y79.902 E734.94295
G1 X151.998 Y80.05 E734.95513
G1 F1200 X152.3 Y80.5 E734.97766
G1 X152.4 Y79.869 E735.00422
G1 F1500 X152.4 Y78.572 E735.04736
G1 X142.6 Y78.572 E735.37331
G1 X142.6 Y79.869 E735.41645
G1 F1200 X142.7 Y80.5 E735.44301
G0 F9000 X142.962 Y80.062
G0 X152.038 Y80.062
G0 X152.3 Y80.5
G1 F991.7 X152.305 Y94.125 E736.12843
G0 F9000 X152.559 Y94.839
G0 X153.215 Y95.013
G0 X153.793 Y94.382
G1 F1271.2 X155.584 Y91.265 E736.26952
G1 F1229.5 X157.376 Y88.148 E736.41541
G0 F9000 X153.215 Y95.013
G0 X152.578 Y95.794
G1 F1694.9 X153.025 Y95.021 E736.44169
G1 X152.752 Y94.95 E736.45
G1 X152.578 Y94.76 E736.45758
G1 X152.578 Y95.794 E736.48802
G0 F9000 X152.2 Y96.424
G1 F1500 X152.649 Y96.424 E736.50295
G1 X153.336 Y95.235 E736.54862
G1 F1388.9 X153.793 Y94.382 E736.58338
G1 X153.091 Y94.649 E736.61036
G1 F1500 X152.847 Y94.585 E736.61875
G1 F1188.1 X152.305 Y94.125 E736.6486
G1 F1075.3 X152.253 Y94.605 E736.67101
G1 F1327.4 X152.201 Y95.085 E736.68915
G1 F1500 X152.2 Y96.424 E736.73369
G1 F2700 E731.73369
G0 F9000 X152.48 Y96.146
G0 X152.038 Y80.062
G0 X142.962 Y80.062
G0 X142.955 Y89.385
G0 X142.287 Y96.53
G0 X142.116 Y96.824
;TYPE:WALL-OUTER
G1 F2700 E736.73369
G1 F1500 X143.2 Y96.824 E736.76974
G1 X143.2 Y80.5 E737.31268
G1 X143.267 Y80.35 E737.31814
G1 X143.379 Y80.301 E737.32221
G1 X151.621 Y80.3 E737.59634
G1 X151.733 Y80.35 E737.60042
G1 X151.8 Y80.5 E737.60588
G1 X151.8 Y96.824 E738.14882
G1 X152.88 Y96.824 E738.18474
G1 X158.151 Y87.701 E738.53518
G1 X157.117 Y87.7 E738.56957
G1 X153.418 Y94.168 E738.81739
G1 X153.193 Y94.262 E738.8255
G1 X152.949 Y94.198 E738.83389
G1 X152.802 Y94.039 E738.8411
G1 X152.8 Y78.172 E739.36883
G1 X142.2 Y78.172 E739.72139
G1 X142.198 Y94.039 E740.24913
G1 X142.05 Y94.198 E740.25635
G1 X141.802 Y94.262 E740.26487
G1 X141.598 Y94.197 E740.27199
G1 X137.88 Y87.7 E740.52097
G1 X136.848 Y87.7 E740.55529
G1 X142.116 Y96.824 E740.90571
G1 F2700 E735.90571
;MESH:NONMESH
G0 F300 X142.116 Y96.824 Z2.8
G0 F9000 X142.287 Y96.53
G0 X137.227 Y87.92
G0 X136.289 Y88.463
G0 X123.653 Y77.321
G0 X116 Y77.309
G0 X116 Y81.3
;TIME_ELAPSED:1372.557449
;LAYER:13
;TYPE:SUPPORT
G1 F2700 E740.90571
G1 F1500 X116 Y93.794 E741.32126
G1 F2700 E736.32126
G0 F9000 X116 Y94.46
G0 X120 Y94.46
G0 X120 Y93.794
G1 F2700 E741.32126
G1 F1500 X120 Y81.3 E741.73681
G1 F2700 E736.73681
G0 F9000 X123.665 Y81.3
G0 X128.88 Y86.841
G0 X129.262 Y87.5
G0 X123.665 Y111.3
G0 X120 Y111.3
G1 F2700 E741.73681
G1 F1500 X120 Y123.794 E742.15236
G1 F2700 E737.15236
G0 F9000 X120 Y124.46
G0 X116 Y124.46
G0 X116 Y123.794
G1 F2700 E742.15236
G1 F1500 X116 Y111.3 E742.56792
G1 F2700 E737.56792
G0 F9000 X116 Y107.309
G0 X148 Y107.309
G0 X148 Y111.3
G1 F2700 E742.56792
G1 F1500 X148 Y123.794 E742.98347
G1 F2700 E737.98347
G0 F9000 X148 Y124.46
G0 X150.947 Y127.679
G0 X153.38 Y127.685
G0 X159.262 Y117.5
G0 X148 Y94.46
G0 X148 Y93.794
G1 F2700 E742.98347
G1 F1500 X148 Y81.3 E743.39902
G1 F2700 E738.39902
;MESH:batclipholder.stl(1)
G0 F9000 X148 Y77.309
G0 X141.347 Y77.321
G0 X128.712 Y88.462
G0 X127.376 Y88.148
;TYPE:WALL-INNER
G1 F2700 E743.39902
G1 F1229.5 X125.584 Y91.265 E743.54491
G1 F1271.2 X123.793 Y94.382 E743.686
G0 F9000 X123.215 Y95.013
G0 X122.559 Y94.839
G0 X122.305 Y94.125
G1 F991.7 X122.3 Y80.5 E744.37142
G0 F9000 X122.038 Y80.062
G0 X113.034 Y79.585
G1 F1282.1 X113.291 Y79.471 E744.38236
G1 X121.709 Y79.471 E744.70994
G1 F1284.8 X121.967 Y79.585 E744.7209
G1 X121.967 Y79.005 E744.74342
G1 F1282.1 X113.034 Y79.006 E745.09104
G1 X113.034 Y79.585 E745.11357
G0 F9000 X122.038 Y80.062
G0 X122.3 Y80.5
G1 F1200 X122.4 Y79.869 E745.14013
G1 F1500 X122.4 Y78.572 E745.18327
G1 X112.6 Y78.572 E745.50922
G1 X112.6 Y79.869 E745.55236
G1 F1200 X112.7 Y80.5 E745.57892
G1 X113.002 Y80.05 E745.60145
G1 F1500 X113.337 Y79.903 E745.61362
G1 X121.663 Y79.902 E745.89054
G1 X121.998 Y80.05 E745.90272
G1 F1200 X122.3 Y80.5 E745.92525
G0 F9000 X122.038 Y80.062
G0 X112.962 Y80.062
G0 X112.7 Y80.5
G1 F991.7 X112.695 Y94.125 E746.61067
G0 F9000 X112.441 Y94.839
G0 X111.785 Y95.013
G0 X111.263 Y94.477
G1 F1239.7 X107.621 Y88.146 E746.90461
G0 F9000 X111.785 Y95.013
G0 X112.422 Y95.799
G1 F1685.4 X112.422 Y94.76 E746.93537
G1 X112.245 Y94.952 E746.9431
G1 X111.973 Y95.021 E746.95141
G1 X112.422 Y95.799 E746.978
G0 F9000 X112.8 Y96.424
G1 F1500 X112.8 Y95.089 E747.0224
G1 F1327.4 X112.748 Y94.607 E747.04062
G1 F1075.3 X112.695 Y94.125 E747.06312
G1 F1188.1 X112.15 Y94.586 E747.09309
G1 F1500 X111.902 Y94.649 E747.1016
G1 F1373 X111.263 Y94.477 E747.12565
G1 X111.658 Y95.23 E747.15655
G1 F1500 X112.346 Y96.424 E747.20238
G1 X112.8 Y96.424 E747.21748
G1 F2700 E742.21748
G0 F9000 X112.52 Y96.146
G0 X112.962 Y80.062
G0 X122.038 Y80.062
G0 X122.578 Y95.794
G1 F2700 E747.21748
G1 F1694.9 X123.025 Y95.021 E747.24376
G1 X122.752 Y94.95 E747.25207
G1 X122.578 Y94.76 E747.25965
G1 X122.578 Y95.794 E747.29009
G0 F9000 X122.2 Y96.424
G1 F1500 X122.649 Y96.424 E747.30502
G1 X123.336 Y95.235 E747.35069
G1 F1388.9 X123.793 Y94.382 E747.38545
G1 X123.091 Y94.649 E747.41243
G1 F1500 X122.847 Y94.585 E747.42082
G1 F1188.1 X122.305 Y94.125 E747.45067
G1 F1075.3 X122.253 Y94.605 E747.47307
G1 F1327.4 X122.201 Y95.085 E747.49122
G1 F1500 X122.2 Y96.424 E747.53576
G1 F2700 E742.53576
G0 F9000 X122.48 Y96.146
G0 X122.038 Y80.062
G0 X112.962 Y80.062
G0 X112.92 Y96.546
G0 X113.2 Y96.824
;TYPE:WALL-OUTER
G1 F2700 E747.53576
G1 F1500 X113.2 Y80.5 E748.07869
G1 X113.267 Y80.35 E748.08416
G1 X113.379 Y80.301 E748.08822
G1 X121.621 Y80.3 E748.36235
G1 X121.733 Y80.35 E748.36643
G1 X121.8 Y80.5 E748.3719
G1 X121.8 Y96.824 E748.91484
G1 X122.88 Y96.824 E748.95076
G1 X128.151 Y87.701 E749.30119
G1 X127.117 Y87.7 E749.33559
G1 X123.418 Y94.168 E749.58341
G1 X123.193 Y94.262 E749.59152
G1 X122.949 Y94.198 E749.59991
G1 X122.802 Y94.039 E749.60711
G1 X122.8 Y78.172 E750.13485
G1 X112.2 Y78.172 E750.48741
G1 X112.198 Y94.039 E751.01514
G1 X112.05 Y94.198 E751.02237
G1 X111.802 Y94.262 E751.03089
G1 X111.598 Y94.197 E751.03801
G1 X107.88 Y87.7 E751.28698
G1 X106.848 Y87.7 E751.32131
G1 X112.116 Y96.824 E751.67172
G1 X113.2 Y96.824 E751.70778
G1 F2700 E746.70778
;MESH:batclipholder.stl
G0 F9000 X112.92 Y96.546
G0 X112.976 Y97.691
G0 X112.976 Y107.309
G0 X112.976 Y108.404
G0 X113.034 Y109.585
;TYPE:WALL-INNER
G1 F2700 E751.70778
G1 F1282.1 X113.291 Y109.471 E751.71872
G1 X121.709 Y109.471 E752.0463
G1 F1284.8 X121.967 Y109.585 E752.05725
G1 X121.967 Y109.005 E752.07977
G1 F1282.1 X113.034 Y109.006 E752.4274
G1 X113.034 Y109.585 E752.44993
G0 F9000 X122.038 Y110.062
G0 X122.3 Y110.5
G1 F1200 X122.4 Y109.869 E752.47649
G1 F1500 X122.4 Y108.572 E752.51963
G1 X112.6 Y108.572 E752.84558
G1 X112.6 Y109.869 E752.88871
G1 F1200 X112.7 Y110.5 E752.91528
G1 X113.002 Y110.05 E752.93781
G1 F1500 X113.337 Y109.903 E752.94997
G1 X121.663 Y109.902 E753.2269
G1 X121.998 Y110.05 E753.23908
G1 F1200 X122.3 Y110.5 E753.26161
G1 F991.7 X122.305 Y124.125 E753.94703
G0 F9000 X122.559 Y124.839
G0 X123.215 Y125.013
G0 X123.793 Y124.382
G1 F1271.2 X125.584 Y121.265 E754.08812
G1 F1229.5 X127.376 Y118.148 E754.23401
G0 F9000 X123.215 Y125.013
G0 X122.578 Y125.794
G1 F1694.9 X123.025 Y125.021 E754.26029
G1 X122.752 Y124.95 E754.2686
G1 X122.578 Y124.76 E754.27618
G1 X122.578 Y125.794 E754.30662
G0 F9000 X122.2 Y126.424
G1 F1500 X122.649 Y126.424 E754.32155
G1 X123.336 Y125.235 E754.36722
G1 F1388.9 X123.793 Y124.382 E754.40199
G1 X123.091 Y124.649 E754.42896
G1 F1500 X122.847 Y124.585 E754.43735
G1 F1188.1 X122.305 Y124.125 E754.46721
G1 F1075.3 X122.253 Y124.605 E754.48961
G1 F1327.4 X122.201 Y125.085 E754.50775
G1 F1500 X122.2 Y126.424 E754.55229
G1 F2700 E749.55229
G0 F9000 X122.48 Y126.146
G0 X122.038 Y110.062
G0 X112.962 Y110.062
G0 X112.695 Y124.125
G1 F2700 E754.55229
G1 F991.7 X112.7 Y110.5 E755.23771
G0 F9000 X112.441 Y124.839
G0 X111.785 Y125.013
G0 X107.621 Y118.146
G1 F1239.7 X111.263 Y124.477 E755.53165
G0 F9000 X112.422 Y125.799
G1 F1685.4 X112.422 Y124.76 E755.5624
G1 X112.245 Y124.952 E755.57013
G1 X111.973 Y125.021 E755.57844
G1 X112.422 Y125.799 E755.60503
G0 F9000 X112.8 Y126.424
G1 F1500 X112.8 Y125.089 E755.64943
G1 F1327.4 X112.748 Y124.607 E755.66765
G1 F1075.3 X112.695 Y124.125 E755.69015
G1 F1188.1 X112.15 Y124.586 E755.72013
G1 F1500 X111.902 Y124.649 E755.72864
G1 F1373 X111.263 Y124.477 E755.75268
G1 X111.658 Y125.23 E755.78358
G1 F1500 X112.346 Y126.424 E755.82941
G1 X112.8 Y126.424 E755.84451
G0 F9000 X113.2 Y126.824
;TYPE:WALL-OUTER
G1 F1500 X113.2 Y110.5 E756.38745
G1 X113.267 Y110.35 E756.39291
G1 X113.379 Y110.301 E756.39698
G1 X121.621 Y110.3 E756.67111
G1 X121.733 Y110.35 E756.67519
G1 X121.8 Y110.5 E756.68065
G1 X121.8 Y126.824 E757.22359
G1 X122.88 Y126.824 E757.25951
G1 X128.151 Y117.701 E757.60995
G1 X127.117 Y117.7 E757.64434
G1 X123.418 Y124.168 E757.89216
G1 X123.193 Y124.262 E757.90027
G1 X122.949 Y124.198 E757.90866
G1 X122.802 Y124.039 E757.91587
G1 X122.8 Y108.172 E758.4436
G1 X112.2 Y108.172 E758.79616
G1 X112.198 Y124.039 E759.3239
G1 X112.05 Y124.198 E759.33113
G1 X111.802 Y124.262 E759.33964
G1 X111.598 Y124.197 E759.34677
G1 X107.88 Y117.7 E759.59574
G1 X106.848 Y117.7 E759.63006
G1 X112.116 Y126.824 E759.98048
G1 X113.2 Y126.824 E760.01653
G1 F2700 E755.01653
;MESH:batclipholder.stl(3)
G0 F9000 X112.92 Y126.546
G0 X112.962 Y110.062
G0 X122.038 Y110.062
G0 X122.559 Y124.839
G0 X123.215 Y125.013
G0 X127.773 Y117.92
G0 X128.712 Y118.462
G0 X136.289 Y118.463
G0 X137.621 Y118.146
;TYPE:WALL-INNER
G1 F2700 E760.01653
G1 F1239.7 X141.263 Y124.477 E760.31047
G0 F9000 X141.785 Y125.013
G0 X142.441 Y124.839
G0 X142.695 Y124.125
G1 F991.7 X142.7 Y110.5 E760.99589
G0 F9000 X143.034 Y109.585
G1 F1282.1 X143.291 Y109.471 E761.00683
G1 X151.709 Y109.471 E761.33441
G1 F1284.8 X151.967 Y109.585 E761.34537
G1 X151.967 Y109.005 E761.36789
G1 F1282.1 X143.034 Y109.006 E761.71551
G1 X143.034 Y109.585 E761.73804
G0 F9000 X142.7 Y110.5
G1 F1200 X143.002 Y110.05 E761.76057
G1 F1500 X143.337 Y109.903 E761.77274
G1 X151.663 Y109.902 E762.04967
G1 X151.998 Y110.05 E762.06185
G1 F1200 X152.3 Y110.5 E762.08438
G1 X152.4 Y109.869 E762.11094
G1 F1500 X152.4 Y108.572 E762.15408
G1 X142.6 Y108.572 E762.48003
G1 X142.6 Y109.869 E762.52317
G1 F1200 X142.7 Y110.5 E762.54973
G0 F9000 X142.962 Y110.062
G0 X152.038 Y110.062
G0 X152.3 Y110.5
G1 F991.7 X152.305 Y124.125 E763.23515
G0 F9000 X152.559 Y124.839
G0 X153.215 Y125.013
G0 X153.793 Y124.382
G1 F1271.2 X155.584 Y121.265 E763.37623
G1 F1229.5 X157.376 Y118.148 E763.52213
G0 F9000 X153.215 Y125.013
G0 X152.578 Y125.794
G1 F1694.9 X153.025 Y125.021 E763.54841
G1 X152.752 Y124.95 E763.55671
G1 X152.578 Y124.76 E763.5643
G1 X152.578 Y125.794 E763.59473
G0 F9000 X152.2 Y126.424
G1 F1500 X152.649 Y126.424 E763.60967
G1 X153.336 Y125.235 E763.65534
G1 F1388.9 X153.793 Y124.382 E763.6901
G1 X153.091 Y124.649 E763.71708
G1 F1500 X152.847 Y124.585 E763.72547
G1 F1188.1 X152.305 Y124.125 E763.75532
G1 F1075.3 X152.253 Y124.605 E763.77772
G1 F1327.4 X152.201 Y125.085 E763.79587
G1 F1500 X152.2 Y126.424 E763.8404
G1 F2700 E758.8404
G0 F9000 X152.48 Y126.146
G0 X152.038 Y110.062
G0 X142.962 Y110.062
G0 X142.422 Y125.799
G1 F2700 E763.8404
G1 F1685.4 X142.422 Y124.76 E763.87116
G1 X142.245 Y124.952 E763.87889
G1 X141.973 Y125.021 E763.8872
G1 X142.422 Y125.799 E763.91379
G0 F9000 X142.346 Y126.424
G1 F1500 X142.8 Y126.424 E763.92889
G1 X142.8 Y125.089 E763.97329
G1 F1327.4 X142.748 Y124.607 E763.99151
G1 F1075.3 X142.695 Y124.125 E764.01401
G1 F1188.1 X142.15 Y124.586 E764.04398
G1 F1500 X141.902 Y124.649 E764.05249
G1 F1373 X141.263 Y124.477 E764.07654
G1 X141.658 Y125.23 E764.10744
G1 F1500 X142.346 Y126.424 E764.15327
G0 F9000 X142.116 Y126.824
;TYPE:WALL-OUTER
G1 F1500 X143.2 Y126.824 E764.18932
G1 X143.2 Y110.5 E764.73226
G1 X143.267 Y110.35 E764.73773
G1 X143.379 Y110.301 E764.74179
G1 X151.621 Y110.3 E765.01592
G1 X151.733 Y110.35 E765.02
G1 X151.8 Y110.5 E765.02546
G1 X151.8 Y126.824 E765.5684
G1 X152.88 Y126.824 E765.60432
G1 X158.151 Y117.701 E765.95476
G1 X157.117 Y117.7 E765.98915
G1 X153.418 Y124.168 E766.23697
G1 X153.193 Y124.262 E766.24508
G1 X152.949 Y124.198 E766.25347
G1 X152.802 Y124.039 E766.26068
G1 X152.8 Y108.172 E766.78842
G1 X142.2 Y108.172 E767.14097
G1 X142.198 Y124.039 E767.66871
G1 X142.05 Y124.198 E767.67594
G1 X141.802 Y124.262 E767.68445
G1 X141.598 Y124.197 E767.69158
G1 X137.88 Y117.7 E767.94055
G1 X136.848 Y117.7 E767.97487
G1 X142.116 Y126.824 E768.32529
G1 F2700 E763.32529
;MESH:batclipholder.stl(2)
G0 F9000 X142.287 Y126.53
G0 X142.412 Y125.16
G0 X142.424 Y108.398
G0 X142.424 Y107.309
G0 X142.424 Y97.691
G0 X142.424 Y96.596
G0 X142.422 Y95.799
;TYPE:WALL-INNER
G1 F2700 E768.32529
G1 F1685.4 X142.422 Y94.76 E768.35605
G1 X142.245 Y94.952 E768.36378
G1 X141.973 Y95.021 E768.37208
G1 X142.422 Y95.799 E768.39867
G0 F9000 X142.346 Y96.424
G1 F1500 X142.8 Y96.424 E768.41377
G1 X142.8 Y95.089 E768.45817
G1 F1327.4 X142.748 Y94.607 E768.4764
G1 F1075.3 X142.695 Y94.125 E768.49889
G1 F1188.1 X142.15 Y94.586 E768.52887
G1 F1500 X141.902 Y94.649 E768.53738
G1 F1373 X141.263 Y94.477 E768.56142
G1 X141.658 Y95.23 E768.59232
G1 F1500 X142.346 Y96.424 E768.63816
G0 F9000 X142.517 Y96.13
G0 X141.263 Y94.477
G1 F1239.7 X137.621 Y88.146 E768.9321
G0 F9000 X141.785 Y95.013
G0 X142.441 Y94.839
G0 X142.695 Y94.125
G1 F991.7 X142.7 Y80.5 E769.61751
G0 F9000 X143.034 Y79.585
G1 F1282.1 X143.291 Y79.471 E769.62845
G1 X151.709 Y79.471 E769.95604
G1 F1284.8 X151.967 Y79.585 E769.96699
G1 X151.967 Y79.005 E769.98951
G1 F1282.1 X143.034 Y79.006 E770.33713
G1 X143.034 Y79.585 E770.35966
G0 F9000 X142.7 Y80.5
G1 F1200 X143.002 Y80.05 E770.3822
G1 F1500 X143.337 Y79.903 E770.39436
G1 X151.663 Y79.902 E770.67129
G1 X151.998 Y80.05 E770.68347
G1 F1200 X152.3 Y80.5 E770.706
G1 X152.4 Y79.869 E770.73256
G1 F1500 X152.4 Y78.572 E770.7757
G1 X142.6 Y78.572 E771.10165
G1 X142.6 Y79.869 E771.14479
G1 F1200 X142.7 Y80.5 E771.17135
G0 F9000 X142.962 Y80.062
G0 X152.038 Y80.062
G0 X152.3 Y80.5
G1 F991.7 X152.305 Y94.125 E771.85677
G0 F9000 X152.559 Y94.839
G0 X153.215 Y95.013
G0 X153.793 Y94.382
G1 F1271.2 X155.584 Y91.265 E771.99786
G1 F1229.5 X157.376 Y88.148 E772.14375
G0 F9000 X153.215 Y95.013
G0 X152.578 Y95.794
G1 F1694.9 X153.025 Y95.021 E772.17003
G1 X152.752 Y94.95 E772.17834
G1 X152.578 Y94.76 E772.18592
G1 X152.578 Y95.794 E772.21636
G0 F9000 X152.2 Y96.424
G1 F1500 X152.649 Y96.424 E772.23129
G1 X153.336 Y95.235 E772.27696
G1 F1388.9 X153.793 Y94.382 E772.31172
G1 X153.091 Y94.649 E772.3387
G1 F1500 X152.847 Y94.585 E772.34709
G1 F1188.1 X152.305 Y94.125 E772.37694
G1 F1075.3 X152.253 Y94.605 E772.39934
G1 F1327.4 X152.201 Y95.085 E772.41749
G1 F1500 X152.2 Y96.424 E772.46203
G1 F2700 E767.46203
G0 F9000 X152.48 Y96.146
G0 X152.038 Y80.062
G0 X142.962 Y80.062
G0 X142.955 Y89.385
G0 X142.287 Y96.53
G0 X142.116 Y96.824
;TYPE:WALL-OUTER
G1 F2700 E772.46203
G1 F1500 X143.2 Y96.824 E772.49808
G1 X143.2 Y80.5 E773.04102
G1 X143.267 Y80.35 E773.04648
G1 X143.379 Y80.301 E773.05055
G1 X151.621 Y80.3 E773.32468
G1 X151.733 Y80.35 E773.32876
G1 X151.8 Y80.5 E773.33422
G1 X151.8 Y96.824 E773.87716
G1 X152.88 Y96.824 E773.91308
G1 X158.151 Y87.701 E774.26352
G1 X157.117 Y87.7 E774.29791
G1 X153.418 Y94.168 E774.54573
G1 X153.193 Y94.262 E774.55384
G1 X152.949 Y94.198 E774.56223
G1 X152.802 Y94.039 E774.56943
G1 X152.8 Y78.172 E775.09717
G1 X142.2 Y78.172 E775.44973
G1 X142.198 Y94.039 E775.97747
G1 X142.05 Y94.198 E775.98469
G1 X141.802 Y94.262 E775.99321
G1 X141.598 Y94.197 E776.00033
G1 X137.88 Y87.7 E776.24931
G1 X136.848 Y87.7 E776.28363
G1 X142.116 Y96.824 E776.63405
G1 F2700 E771.63405
;MESH:NONMESH
G0 F300 X142.116 Y96.824 Z3
G0 F9000 X142.287 Y96.53
G0 X137.227 Y87.92
G0 X136.289 Y88.463
G0 X123.653 Y77.321
G0 X116 Y77.309
G0 X116 Y81.3
;TIME_ELAPSED:1442.680016
;LAYER:14
;TYPE:SUPPORT
G1 F2700 E776.63405
G1 F1500 X116 Y93.794 E777.0496
G1 F2700 E772.0496
G0 F9000 X116 Y94.46
G0 X120 Y94.46
G0 X120 Y93.794
G1 F2700 E777.0496
G1 F1500 X120 Y81.3 E777.46515
G1 F2700 E772.46515
G0 F9000 X123.665 Y81.3
G0 X128.88 Y86.841
G0 X129.262 Y87.5
G0 X123.665 Y111.3
G0 X120 Y111.3
G1 F2700 E777.46515
G1 F1500 X120 Y123.794 E777.8807
G1 F2700 E772.8807
G0 F9000 X120 Y124.46
G0 X116 Y124.46
G0 X116 Y123.794
G1 F2700 E777.8807
G1 F1500 X116 Y111.3 E778.29625
G1 F2700 E773.29625
G0 F9000 X116 Y107.309
G0 X148 Y107.309
G0 X148 Y111.3
G1 F2700 E778.29625
G1 F1500 X148 Y123.794 E778.71181
G1 F2700 E773.71181
G0 F9000 X148 Y124.46
G0 X150.947 Y127.679
G0 X153.38 Y127.685
G0 X159.262 Y117.5
G0 X148 Y94.46
G0 X148 Y93.794
G1 F2700 E778.71181
G1 F1500 X148 Y81.3 E779.12736
G1 F2700 E774.12736
;MESH:batclipholder.stl(1)
G0 F9000 X148 Y77.309
G0 X141.347 Y77.321
G0 X128.712 Y88.462
G0 X127.376 Y88.148
;TYPE:WALL-INNER
G1 F2700 E779.12736
G1 F1229.5 X125.584 Y91.265 E779.27325
G1 F1271.2 X123.793 Y94.382 E779.41434
G0 F9000 X123.215 Y95.013
G0 X122.559 Y94.839
G0 X122.305 Y94.125
G1 F991.7 X122.3 Y80.5 E780.09976
G0 F9000 X122.038 Y80.062
G0 X113.034 Y79.585
G1 F1282.1 X113.291 Y79.471 E780.1107
G1 X121.709 Y79.471 E780.43828
G1 F1284.8 X121.967 Y79.585 E780.44923
G1 X121.967 Y79.005 E780.47176
G1 F1282.1 X113.034 Y79.006 E780.81938
G1 X113.034 Y79.585 E780.84191
G0 F9000 X122.038 Y80.062
G0 X122.3 Y80.5
G1 F1200 X122.4 Y79.869 E780.86847
G1 F1500 X122.4 Y78.572 E780.91161
G1 X112.6 Y78.572 E781.23756
G1 X112.6 Y79.869 E781.2807
G1 F1200 X112.7 Y80.5 E781.30726
G1 X113.002 Y80.05 E781.32979
G1 F1500 X113.337 Y79.903 E781.34196
G1 X121.663 Y79.902 E781.61888
G1 X121.998 Y80.05 E781.63106
G1 F1200 X122.3 Y80.5 E781.65359
G0 F9000 X122.038 Y80.062
G0 X112.962 Y80.062
G0 X112.7 Y80.5
G1 F991.7 X112.695 Y94.125 E782.33901
G0 F9000 X112.441 Y94.839
G0 X111.785 Y95.013
G0 X111.263 Y94.477
G1 F1239.7 X107.621 Y88.146 E782.63295
G0 F9000 X111.785 Y95.013
G0 X112.422 Y95.799
G1 F1685.4 X112.422 Y94.76 E782.66371
G1 X112.245 Y94.952 E782.67144
G1 X111.973 Y95.021 E782.67974
G1 X112.422 Y95.799 E782.70633
G0 F9000 X112.8 Y96.424
G1 F1500 X112.8 Y95.089 E782.75074
G1 F1327.4 X112.748 Y94.607 E782.76896
G1 F1075.3 X112.695 Y94.125 E782.79146
G1 F1188.1 X112.15 Y94.586 E782.82143
G1 F1500 X111.902 Y94.649 E782.82994
G1 F1373 X111.263 Y94.477 E782.85399
G1 X111.658 Y95.23 E782.88488
G1 F1500 X112.346 Y96.424 E782.93072
G1 X112.8 Y96.424 E782.94582
G1 F2700 E777.94582
G0 F9000 X112.52 Y96.146
G0 X112.962 Y80.062
G0 X122.038 Y80.062
G0 X122.578 Y95.794
G1 F2700 E782.94582
G1 F1694.9 X123.025 Y95.021 E782.9721
G1 X122.752 Y94.95 E782.9804
G1 X122.578 Y94.76 E782.98799
G1 X122.578 Y95.794 E783.01842
G0 F9000 X122.2 Y96.424
G1 F1500 X122.649 Y96.424 E783.03336
G1 X123.336 Y95.235 E783.07903
G1 F1388.9 X123.793 Y94.382 E783.11379
G1 X123.091 Y94.649 E783.14077
G1 F1500 X122.847 Y94.585 E783.14916
G1 F1188.1 X122.305 Y94.125 E783.17901
G1 F1075.3 X122.253 Y94.605 E783.20141
G1 F1327.4 X122.201 Y95.085 E783.21956
G1 F1500 X122.2 Y96.424 E783.26409
G1 F2700 E778.26409
G0 F9000 X122.48 Y96.146
G0 X122.038 Y80.062
G0 X112.962 Y80.062
G0 X112.92 Y96.546
G0 X113.2 Y96.824
;TYPE:WALL-OUTER
G1 F2700 E783.26409
G1 F1500 X113.2 Y80.5 E783.80703
G1 X113.267 Y80.35 E783.8125
G1 X113.379 Y80.301 E783.81656
G1 X121.621 Y80.3 E784.09069
G1 X121.733 Y80.35 E784.09477
G1 X121.8 Y80.5 E784.10024
G1 X121.8 Y96.824 E784.64317
G1 X122.88 Y96.824 E784.6791
G1 X128.151 Y87.701 E785.02953
G1 X127.117 Y87.7 E785.06392
G1 X123.418 Y94.168 E785.31175
G1 X123.193 Y94.262 E785.31986
G1 X122.949 Y94.198 E785.32825
G1 X122.802 Y94.039 E785.33545
G1 X122.8 Y78.172 E785.86319
G1 X112.2 Y78.172 E786.21574
G1 X112.198 Y94.039 E786.74348
G1 X112.05 Y94.198 E786.75071
G1 X111.802 Y94.262 E786.75923
G1 X111.598 Y94.197 E786.76635
G1 X107.88 Y87.7 E787.01532
G1 X106.848 Y87.7 E787.04964
G1 X112.116 Y96.824 E787.40006
G1 X113.2 Y96.824 E787.43611
G1 F2700 E782.43611
;MESH:batclipholder.stl
G0 F9000 X112.92 Y96.546
G0 X112.976 Y97.691
G0 X112.976 Y107.309
G0 X112.976 Y108.404
G0 X113.034 Y109.585
;TYPE:WALL-INNER
G1 F2700 E787.43611
G1 F1282.1 X113.291 Y109.471 E787.44706
G1 X121.709 Y109.471 E787.77464
G1 F1284.8 X121.967 Y109.585 E787.78559
G1 X121.967 Y109.005 E787.80811
G1 F1282.1 X113.034 Y109.006 E788.15573
G1 X113.034 Y109.585 E788.17826
G0 F9000 X122.038 Y110.062
G0 X122.3 Y110.5
G1 F1200 X122.4 Y109.869 E788.20483
G1 F1500 X122.4 Y108.572 E788.24796
G1 X112.6 Y108.572 E788.57391
G1 X112.6 Y109.869 E788.61705
G1 F1200 X112.7 Y110.5 E788.64361
G1 X113.002 Y110.05 E788.66614
G1 F1500 X113.337 Y109.903 E788.67831
G1 X121.663 Y109.902 E788.95524
G1 X121.998 Y110.05 E788.96742
G1 F1200 X122.3 Y110.5 E788.98995
G1 F991.7 X122.305 Y124.125 E789.67537
G0 F9000 X122.559 Y124.839
G0 X123.215 Y125.013
G0 X123.793 Y124.382
G1 F1271.2 X125.584 Y121.265 E789.81646
G1 F1229.5 X127.376 Y118.148 E789.96235
G0 F9000 X123.215 Y125.013
G0 X122.578 Y125.794
G1 F1694.9 X123.025 Y125.021 E789.98863
G1 X122.752 Y124.95 E789.99694
G1 X122.578 Y124.76 E790.00452
G1 X122.578 Y125.794 E790.03496
G0 F9000 X122.2 Y126.424
G1 F1500 X122.649 Y126.424 E790.04989
G1 X123.336 Y125.235 E790.09556
G1 F1388.9 X123.793 Y124.382 E790.13032
G1 X123.091 Y124.649 E790.1573
G1 F1500 X122.847 Y124.585 E790.16569
G1 F1188.1 X122.305 Y124.125 E790.19554
G1 F1075.3 X122.253 Y124.605 E790.21794
G1 F1327.4 X122.201 Y125.085 E790.23609
G1 F1500 X122.2 Y126.424 E790.28063
G1 F2700 E785.28063
G0 F9000 X122.48 Y126.146
G0 X122.038 Y110.062
G0 X112.962 Y110.062
G0 X112.695 Y124.125
G1 F2700 E790.28063
G1 F991.7 X112.7 Y110.5 E790.96604
G0 F9000 X112.441 Y124.839
G0 X111.785 Y125.013
G0 X107.621 Y118.146
G1 F1239.7 X111.263 Y124.477 E791.25998
G0 F9000 X112.422 Y125.799
G1 F1685.4 X112.422 Y124.76 E791.29074
G1 X112.245 Y124.952 E791.29847
G1 X111.973 Y125.021 E791.30678
G1 X112.422 Y125.799 E791.33337
G0 F9000 X112.8 Y126.424
G1 F1500 X112.8 Y125.089 E791.37777
G1 F1327.4 X112.748 Y124.607 E791.39599
G1 F1075.3 X112.695 Y124.125 E791.41849
G1 F1188.1 X112.15 Y124.586 E791.44846
G1 F1500 X111.902 Y124.649 E791.45697
G1 F1373 X111.263 Y124.477 E791.48102
G1 X111.658 Y125.23 E791.51192
G1 F1500 X112.346 Y126.424 E791.55775
G1 X112.8 Y126.424 E791.57285
G0 F9000 X113.2 Y126.824
;TYPE:WALL-OUTER
G1 F1500 X113.2 Y110.5 E792.11579
G1 X113.267 Y110.35 E792.12125
G1 X113.379 Y110.301 E792.12532
G1 X121.621 Y110.3 E792.39945
G1 X121.733 Y110.35 E792.40353
G1 X121.8 Y110.5 E792.40899
G1 X121.8 Y126.824 E792.95193
G1 X122.88 Y126.824 E792.98785
G1 X128.151 Y117.701 E793.33829
G1 X127.117 Y117.7 E793.37268
G1 X123.418 Y124.168 E793.6205
G1 X123.193 Y124.262 E793.62861
G1 X122.949 Y124.198 E793.637
G1 X122.802 Y124.039 E793.6442
G1 X122.8 Y108.172 E794.17194
G1 X112.2 Y108.172 E794.5245
G1 X112.198 Y124.039 E795.05224
G1 X112.05 Y124.198 E795.05946
G1 X111.802 Y124.262 E795.06798
G1 X111.598 Y124.197 E795.0751
G1 X107.88 Y117.7 E795.32408
G1 X106.848 Y117.7 E795.3584
G1 X112.116 Y126.824 E795.70882
G1 X113.2 Y126.824 E795.74487
G1 F2700 E790.74487
;MESH:batclipholder.stl(3)
G0 F9000 X112.92 Y126.546
G0 X112.962 Y110.062
G0 X122.038 Y110.062
G0 X122.559 Y124.839
G0 X123.215 Y125.013
G0 X127.773 Y117.92
G0 X128.712 Y118.462
G0 X136.289 Y118.463
G0 X137.621 Y118.146
;TYPE:WALL-INNER
G1 F2700 E795.74487
G1 F1239.7 X141.263 Y124.477 E796.03881
G0 F9000 X141.785 Y125.013
G0 X142.441 Y124.839
G0 X142.695 Y124.125
G1 F991.7 X142.7 Y110.5 E796.72423
G0 F9000 X143.034 Y109.585
G1 F1282.1 X143.291 Y109.471 E796.73517
G1 X151.709 Y109.471 E797.06275
G1 F1284.8 X151.967 Y109.585 E797.0737
G1 X151.967 Y109.005 E797.09623
G1 F1282.1 X143.034 Y109.006 E797.44385
G1 X143.034 Y109.585 E797.46638
G0 F9000 X142.7 Y110.5
G1 F1200 X143.002 Y110.05 E797.48891
G1 F1500 X143.337 Y109.903 E797.50108
G1 X151.663 Y109.902 E797.778
G1 X151.998 Y110.05 E797.79018
G1 F1200 X152.3 Y110.5 E797.81272
G1 X152.4 Y109.869 E797.83928
G1 F1500 X152.4 Y108.572 E797.88242
G1 X142.6 Y108.572 E798.20836
G1 X142.6 Y109.869 E798.2515
G1 F1200 X142.7 Y110.5 E798.27806
G0 F9000 X142.962 Y110.062
G0 X152.038 Y110.062
G0 X152.3 Y110.5
G1 F991.7 X152.305 Y124.125 E798.96348
G0 F9000 X152.559 Y124.839
G0 X153.215 Y125.013
G0 X153.793 Y124.382
G1 F1271.2 X155.584 Y121.265 E799.10457
G1 F1229.5 X157.376 Y118.148 E799.25046
G0 F9000 X153.215 Y125.013
G0 X152.578 Y125.794
G1 F1694.9 X153.025 Y125.021 E799.27675
G1 X152.752 Y124.95 E799.28505
G1 X152.578 Y124.76 E799.29263
G1 X152.578 Y125.794 E799.32307
G0 F9000 X152.2 Y126.424
G1 F1500 X152.649 Y126.424 E799.338
G1 X153.336 Y125.235 E799.38368
G1 F1388.9 X153.793 Y124.382 E799.41844
G1 X153.091 Y124.649 E799.44542
G1 F1500 X152.847 Y124.585 E799.45381
G1 F1188.1 X152.305 Y124.125 E799.48366
G1 F1075.3 X152.253 Y124.605 E799.50606
G1 F1327.4 X152.201 Y125.085 E799.52421
G1 F1500 X152.2 Y126.424 E799.56874
G1 F2700 E794.56874
G0 F9000 X152.48 Y126.146
G0 X152.038 Y110.062
G0 X142.962 Y110.062
G0 X142.422 Y125.799
G1 F2700 E799.56874
G1 F1685.4 X142.422 Y124.76 E799.5995
G1 X142.245 Y124.952 E799.60723
G1 X141.973 Y125.021 E799.61553
G1 X142.422 Y125.799 E799.64212
G0 F9000 X142.346 Y126.424
G1 F1500 X142.8 Y126.424 E799.65722
G1 X142.8 Y125.089 E799.70163
G1 F1327.4 X142.748 Y124.607 E799.71985
G1 F1075.3 X142.695 Y124.125 E799.74235
G1 F1188.1 X142.15 Y124.586 E799.77232
G1 F1500 X141.902 Y124.649 E799.78083
G1 F1373 X141.263 Y124.477 E799.80488
G1 X141.658 Y125.23 E799.83577
G1 F1500 X142.346 Y126.424 E799.88161
G0 F9000 X142.116 Y126.824
;TYPE:WALL-OUTER
G1 F1500 X143.2 Y126.824 E799.91766
G1 X143.2 Y110.5 E800.4606
G1 X143.267 Y110.35 E800.46606
G1 X143.379 Y110.301 E800.47013
G1 X151.621 Y110.3 E800.74426
G1 X151.733 Y110.35 E800.74834
G1 X151.8 Y110.5 E800.7538
G1 X151.8 Y126.824 E801.29674
G1 X152.88 Y126.824 E801.33266
G1 X158.151 Y117.701 E801.6831
G1 X157.117 Y117.7 E801.71749
G1 X153.418 Y124.168 E801.96531
G1 X153.193 Y124.262 E801.97342
G1 X152.949 Y124.198 E801.98181
G1 X152.802 Y124.039 E801.98901
G1 X152.8 Y108.172 E802.51675
G1 X142.2 Y108.172 E802.86931
G1 X142.198 Y124.039 E803.39705
G1 X142.05 Y124.198 E803.40427
G1 X141.802 Y124.262 E803.41279
G1 X141.598 Y124.197 E803.41991
G1 X137.88 Y117.7 E803.66889
G1 X136.848 Y117.7 E803.70321
G1 X142.116 Y126.824 E804.05363
G1 F2700 E799.05363
;MESH:batclipholder.stl(2)
G0 F9000 X142.287 Y126.53
G0 X142.412 Y125.16
G0 X142.424 Y108.398
G0 X142.424 Y107.309
G0 X142.424 Y97.691
G0 X142.424 Y96.596
G0 X142.422 Y95.799
;TYPE:WALL-INNER
G1 F2700 E804.05363
G1 F1685.4 X142.422 Y94.76 E804.08438
G1 X142.245 Y94.952 E804.09211
G1 X141.973 Y95.021 E804.10042
G1 X142.422 Y95.799 E804.12701
G0 F9000 X142.346 Y96.424
G1 F1500 X142.8 Y96.424 E804.14211
G1 X142.8 Y95.089 E804.18651
G1 F1327.4 X142.748 Y94.607 E804.20473
G1 F1075.3 X142.695 Y94.125 E804.22723
G1 F1188.1 X142.15 Y94.586 E804.25721
G1 F1500 X141.902 Y94.649 E804.26572
G1 F1373 X141.263 Y94.477 E804.28976
G1 X141.658 Y95.23 E804.32066
G1 F1500 X142.346 Y96.424 E804.36649
G0 F9000 X142.517 Y96.13
G0 X141.263 Y94.477
G1 F1239.7 X137.621 Y88.146 E804.66043
G0 F9000 X141.785 Y95.013
G0 X142.441 Y94.839
G0 X142.695 Y94.125
G1 F991.7 X142.7 Y80.5 E805.34585
G0 F9000 X143.034 Y79.585
G1 F1282.1 X143.291 Y79.471 E805.35679
G1 X151.709 Y79.471 E805.68437
G1 F1284.8 X151.967 Y79.585 E805.69533
G1 X151.967 Y79.005 E805.71785
G1 F1282.1 X143.034 Y79.006 E806.06547
G1 X143.034 Y79.585 E806.088
G0 F9000 X142.7 Y80.5
G1 F1200 X143.002 Y80.05 E806.11053
G1 F1500 X143.337 Y79.903 E806.1227
G1 X151.663 Y79.902 E806.39963
G1 X151.998 Y80.05 E806.41181
G1 F1200 X152.3 Y80.5 E806.43434
G1 X152.4 Y79.869 E806.4609
G1 F1500 X152.4 Y78.572 E806.50404
G1 X142.6 Y78.572 E806.82999
G1 X142.6 Y79.869 E806.87313
G1 F1200 X142.7 Y80.5 E806.89969
G0 F9000 X142.962 Y80.062
G0 X152.038 Y80.062
G0 X152.3 Y80.5
G1 F991.7 X152.305 Y94.125 E807.58511
G0 F9000 X152.559 Y94.839
G0 X153.215 Y95.013
G0 X153.793 Y94.382
G1 F1271.2 X155.584 Y91.265 E807.72619
G1 F1229.5 X157.376 Y88.148 E807.87209
G0 F9000 X153.215 Y95.013
G0 X152.578 Y95.794
G1 F1694.9 X153.025 Y95.021 E807.89837
G1 X152.752 Y94.95 E807.90667
G1 X152.578 Y94.76 E807.91426
G1 X152.578 Y95.794 E807.94469
G0 F9000 X152.2 Y96.424
G1 F1500 X152.649 Y96.424 E807.95963
G1 X153.336 Y95.235 E808.0053
G1 F1388.9 X153.793 Y94.382 E808.04006
G1 X153.091 Y94.649 E808.06704
G1 F1500 X152.847 Y94.585 E808.07543
G1 F1188.1 X152.305 Y94.125 E808.10528
G1 F1075.3 X152.253 Y94.605 E808.12768
G1 F1327.4 X152.201 Y95.085 E808.14583
G1 F1500 X152.2 Y96.424 E808.19036
G1 F2700 E803.19036
G0 F9000 X152.48 Y96.146
G0 X152.038 Y80.062
G0 X142.962 Y80.062
G0 X142.955 Y89.385
G0 X142.287 Y96.53
G0 X142.116 Y96.824
;TYPE:WALL-OUTER
G1 F2700 E808.19036
G1 F1500 X143.2 Y96.824 E808.22642
G1 X143.2 Y80.5 E808.76936
G1 X143.267 Y80.35 E808.77482
G1 X143.379 Y80.301 E808.77889
G1 X151.621 Y80.3 E809.05302
G1 X151.733 Y80.35 E809.0571
G1 X151.8 Y80.5 E809.06256
G1 X151.8 Y96.824 E809.6055
G1 X152.88 Y96.824 E809.64142
G1 X158.151 Y87.701 E809.99186
G1 X157.117 Y87.7 E810.02625
G1 X153.418 Y94.168 E810.27407
G1 X153.193 Y94.262 E810.28218
G1 X152.949 Y94.198 E810.29057
G1 X152.802 Y94.039 E810.29777
G1 X152.8 Y78.172 E810.82551
G1 X142.2 Y78.172 E811.17807
G1 X142.198 Y94.039 E811.70581
G1 X142.05 Y94.198 E811.71303
G1 X141.802 Y94.262 E811.72155
G1 X141.598 Y94.197 E811.72867
G1 X137.88 Y87.7 E811.97764
G1 X136.848 Y87.7 E812.01197
G1 X142.116 Y96.824 E812.36238
G1 F2700 E807.36238
;MESH:NONMESH
G0 F300 X142.116 Y96.824 Z3.2
G0 F9000 X142.287 Y96.53
G0 X137.227 Y87.92
G0 X136.289 Y88.463
G0 X123.653 Y77.321
G0 X116 Y77.309
G0 X116 Y81.3
;TIME_ELAPSED:1512.802583
;LAYER:15
;TYPE:SUPPORT
G1 F2700 E812.36238
G1 F1500 X116 Y93.794 E812.77794
G1 F2700 E807.77794
G0 F9000 X116 Y94.46
G0 X120 Y94.46
G0 X120 Y93.794
G1 F2700 E812.77794
G1 F1500 X120 Y81.3 E813.19349
G1 F2700 E808.19349
G0 F9000 X123.665 Y81.3
G0 X128.88 Y86.841
G0 X129.262 Y87.5
G0 X123.665 Y111.3
G0 X120 Y111.3
G1 F2700 E813.19349
G1 F1500 X120 Y123.794 E813.60904
G1 F2700 E808.60904
G0 F9000 X120 Y124.46
G0 X116 Y124.46
G0 X116 Y123.794
G1 F2700 E813.60904
G1 F1500 X116 Y111.3 E814.02459
G1 F2700 E809.02459
G0 F9000 X116 Y107.309
G0 X148 Y107.309
G0 X148 Y111.3
G1 F2700 E814.02459
G1 F1500 X148 Y123.794 E814.44014
G1 F2700 E809.44014
G0 F9000 X148 Y124.46
G0 X150.947 Y127.679
G0 X153.38 Y127.685
G0 X159.262 Y117.5
G0 X148 Y94.46
G0 X148 Y93.794
G1 F2700 E814.44014
G1 F1500 X148 Y81.3 E814.8557
G1 F2700 E809.8557
;MESH:batclipholder.stl(1)
G0 F9000 X148 Y77.309
G0 X141.347 Y77.321
G0 X128.712 Y88.462
G0 X127.376 Y88.148
;TYPE:WALL-INNER
G1 F2700 E814.8557
G1 F1229.5 X125.584 Y91.265 E815.00159
G1 F1271.2 X123.793 Y94.382 E815.14268
G0 F9000 X123.215 Y95.013
G0 X122.559 Y94.839
G0 X122.305 Y94.125
G1 F991.7 X122.3 Y80.5 E815.8281
G0 F9000 X122.038 Y80.062
G0 X113.034 Y79.585
G1 F1282.1 X113.291 Y79.471 E815.83904
G1 X121.709 Y79.471 E816.16662
G1 F1284.8 X121.967 Y79.585 E816.17757
G1 X121.967 Y79.005 E816.20009
G1 F1282.1 X113.034 Y79.006 E816.54772
G1 X113.034 Y79.585 E816.57025
G0 F9000 X122.038 Y80.062
G0 X122.3 Y80.5
G1 F1200 X122.4 Y79.869 E816.59681
G1 F1500 X122.4 Y78.572 E816.63995
G1 X112.6 Y78.572 E816.9659
G1 X112.6 Y79.869 E817.00903
G1 F1200 X112.7 Y80.5 E817.0356
G1 X113.002 Y80.05 E817.05813
G1 F1500 X113.337 Y79.903 E817.07029
G1 X121.663 Y79.902 E817.34722
G1 X121.998 Y80.05 E817.3594
G1 F1200 X122.3 Y80.5 E817.38193
G0 F9000 X122.038 Y80.062
G0 X112.962 Y80.062
G0 X112.7 Y80.5
G1 F991.7 X112.695 Y94.125 E818.06735
G0 F9000 X112.441 Y94.839
G0 X111.785 Y95.013
G0 X111.263 Y94.477
G1 F1239.7 X107.621 Y88.146 E818.36129
G0 F9000 X111.785 Y95.013
G0 X112.422 Y95.799
G1 F1685.4 X112.422 Y94.76 E818.39205
G1 X112.245 Y94.952 E818.39978
G1 X111.973 Y95.021 E818.40808
G1 X112.422 Y95.799 E818.43467
G0 F9000 X112.8 Y96.424
G1 F1500 X112.8 Y95.089 E818.47907
G1 F1327.4 X112.748 Y94.607 E818.4973
G1 F1075.3 X112.695 Y94.125 E818.51979
G1 F1188.1 X112.15 Y94.586 E818.54977
G1 F1500 X111.902 Y94.649 E818.55828
G1 F1373 X111.263 Y94.477 E818.58232
G1 X111.658 Y95.23 E818.61322
G1 F1500 X112.346 Y96.424 E818.65906
G1 X112.8 Y96.424 E818.67416
G1 F2700 E813.67416
G0 F9000 X112.52 Y96.146
G0 X112.962 Y80.062
G0 X122.038 Y80.062
G0 X122.578 Y95.794
G1 F2700 E818.67416
G1 F1694.9 X123.025 Y95.021 E818.70044
G1 X122.752 Y94.95 E818.70874
G1 X122.578 Y94.76 E818.71633
G1 X122.578 Y95.794 E818.74676
G0 F9000 X122.2 Y96.424
G1 F1500 X122.649 Y96.424 E818.7617
G1 X123.336 Y95.235 E818.80737
G1 F1388.9 X123.793 Y94.382 E818.84213
G1 X123.091 Y94.649 E818.86911
G1 F1500 X122.847 Y94.585 E818.8775
G1 F1188.1 X122.305 Y94.125 E818.90735
G1 F1075.3 X122.253 Y94.605 E818.92975
G1 F1327.4 X122.201 Y95.085 E818.9479
G1 F1500 X122.2 Y96.424 E818.99243
G1 F2700 E813.99243
G0 F9000 X122.48 Y96.146
G0 X122.038 Y80.062
G0 X112.962 Y80.062
G0 X112.92 Y96.546
G0 X113.2 Y96.824
;TYPE:WALL-OUTER
G1 F2700 E818.99243
G1 F1500 X113.2 Y80.5 E819.53537
G1 X113.267 Y80.35 E819.54083
G1 X113.379 Y80.301 E819.5449
G1 X121.621 Y80.3 E819.81903
G1 X121.733 Y80.35 E819.82311
G1 X121.8 Y80.5 E819.82857
G1 X121.8 Y96.824 E820.37151
G1 X122.88 Y96.824 E820.40743
G1 X128.151 Y87.701 E820.75787
G1 X127.117 Y87.7 E820.79226
G1 X123.418 Y94.168 E821.04008
G1 X123.193 Y94.262 E821.04819
G1 X122.949 Y94.198 E821.05658
G1 X122.802 Y94.039 E821.06379
G1 X122.8 Y78.172 E821.59152
G1 X112.2 Y78.172 E821.94408
G1 X112.198 Y94.039 E822.47182
G1 X112.05 Y94.198 E822.47905
G1 X111.802 Y94.262 E822.48756
G1 X111.598 Y94.197 E822.49469
G1 X107.88 Y87.7 E822.74366
G1 X106.848 Y87.7 E822.77798
G1 X112.116 Y96.824 E823.1284
G1 X113.2 Y96.824 E823.16445
G1 F2700 E818.16445
;MESH:batclipholder.stl
G0 F9000 X112.92 Y96.546
G0 X112.976 Y97.691
G0 X112.976 Y107.309
G0 X112.976 Y108.404
G0 X113.034 Y109.585
;TYPE:WALL-INNER
G1 F2700 E823.16445
G1 F1282.1 X113.291 Y109.471 E823.17539
G1 X121.709 Y109.471 E823.50297
G1 F1284.8 X121.967 Y109.585 E823.51393
G1 X121.967 Y109.005 E823.53645
G1 F1282.1 X113.034 Y109.006 E823.88407
G1 X113.034 Y109.585 E823.9066
G0 F9000 X122.038 Y110.062
G0 X122.3 Y110.5
G1 F1200 X122.4 Y109.869 E823.93316
G1 F1500 X122.4 Y108.572 E823.9763
G1 X112.6 Y108.572 E824.30225
G1 X112.6 Y109.869 E824.34539
G1 F1200 X112.7 Y110.5 E824.37195
G1 X113.002 Y110.05 E824.39448
G1 F1500 X113.337 Y109.903 E824.40665
G1 X121.663 Y109.902 E824.68357
G1 X121.998 Y110.05 E824.69576
G1 F1200 X122.3 Y110.5 E824.71829
G1 F991.7 X122.305 Y124.125 E825.40371
G0 F9000 X122.559 Y124.839
G0 X123.215 Y125.013
G0 X123.793 Y124.382
G1 F1271.2 X125.584 Y121.265 E825.54479
G1 F1229.5 X127.376 Y118.148 E825.69069
G0 F9000 X123.215 Y125.013
G0 X122.578 Y125.794
G1 F1694.9 X123.025 Y125.021 E825.71697
G1 X122.752 Y124.95 E825.72527
G1 X122.578 Y124.76 E825.73286
G1 X122.578 Y125.794 E825.76329
G0 F9000 X122.2 Y126.424
G1 F1500 X122.649 Y126.424 E825.77823
G1 X123.336 Y125.235 E825.8239
G1 F1388.9 X123.793 Y124.382 E825.85866
G1 X123.091 Y124.649 E825.88564
G1 F1500 X122.847 Y124.585 E825.89403
G1 F1188.1 X122.305 Y124.125 E825.92388
G1 F1075.3 X122.253 Y124.605 E825.94628
G1 F1327.4 X122.201 Y125.085 E825.96443
G1 F1500 X122.2 Y126.424 E826.00896
G1 F2700 E821.00896
G0 F9000 X122.48 Y126.146
G0 X122.038 Y110.062
G0 X112.962 Y110.062
G0 X112.695 Y124.125
G1 F2700 E826.00896
G1 F991.7 X112.7 Y110.5 E826.69438
G0 F9000 X112.441 Y124.839
G0 X111.785 Y125.013
G0 X107.621 Y118.146
G1 F1239.7 X111.263 Y124.477 E826.98832
G0 F9000 X112.422 Y125.799
G1 F1685.4 X112.422 Y124.76 E827.01908
G1 X112.245 Y124.952 E827.02681
G1 X111.973 Y125.021 E827.03512
G1 X112.422 Y125.799 E827.06171
G0 F9000 X112.8 Y126.424
G1 F1500 X112.8 Y125.089 E827.10611
G1 F1327.4 X112.748 Y124.607 E827.12433
G1 F1075.3 X112.695 Y124.125 E827.14683
G1 F1188.1 X112.15 Y124.586 E827.1768
G1 F1500 X111.902 Y124.649 E827.18531
G1 F1373 X111.263 Y124.477 E827.20936
G1 X111.658 Y125.23 E827.24025
G1 F1500 X112.346 Y126.424 E827.28609
G1 X112.8 Y126.424 E827.30119
G0 F9000 X113.2 Y126.824
;TYPE:WALL-OUTER
G1 F1500 X113.2 Y110.5 E827.84413
G1 X113.267 Y110.35 E827.84959
G1 X113.379 Y110.301 E827.85366
G1 X121.621 Y110.3 E828.12779
G1 X121.733 Y110.35 E828.13187
G1 X121.8 Y110.5 E828.13733
G1 X121.8 Y126.824 E828.68027
G1 X122.88 Y126.824 E828.71619
G1 X128.151 Y117.701 E829.06663
G1 X127.117 Y117.7 E829.10102
G1 X123.418 Y124.168 E829.34884
G1 X123.193 Y124.262 E829.35695
G1 X122.949 Y124.198 E829.36534
G1 X122.802 Y124.039 E829.37254
G1 X122.8 Y108.172 E829.90028
G1 X112.2 Y108.172 E830.25284
G1 X112.198 Y124.039 E830.78058
G1 X112.05 Y124.198 E830.7878
G1 X111.802 Y124.262 E830.79632
G1 X111.598 Y124.197 E830.80344
G1 X107.88 Y117.7 E831.05241
G1 X106.848 Y117.7 E831.08674
G1 X112.116 Y126.824 E831.43715
G1 X113.2 Y126.824 E831.47321
G1 F2700 E826.47321
;MESH:batclipholder.stl(3)
G0 F9000 X112.92 Y126.546
G0 X112.962 Y110.062
G0 X122.038 Y110.062
G0 X122.559 Y124.839
G0 X123.215 Y125.013
G0 X127.773 Y117.92
G0 X128.712 Y118.462
G0 X136.289 Y118.463
G0 X137.621 Y118.146
;TYPE:WALL-INNER
G1 F2700 E831.47321
G1 F1239.7 X141.263 Y124.477 E831.76715
G0 F9000 X141.785 Y125.013
G0 X142.441 Y124.839
G0 X142.695 Y124.125
G1 F991.7 X142.7 Y110.5 E832.45257
G0 F9000 X143.034 Y109.585
G1 F1282.1 X143.291 Y109.471 E832.46351
G1 X151.709 Y109.471 E832.79109
G1 F1284.8 X151.967 Y109.585 E832.80204
G1 X151.967 Y109.005 E832.82456
G1 F1282.1 X143.034 Y109.006 E833.17219
G1 X143.034 Y109.585 E833.19472
G0 F9000 X142.7 Y110.5
G1 F1200 X143.002 Y110.05 E833.21725
G1 F1500 X143.337 Y109.903 E833.22942
G1 X151.663 Y109.902 E833.50634
G1 X151.998 Y110.05 E833.51852
G1 F1200 X152.3 Y110.5 E833.54105
G1 X152.4 Y109.869 E833.56761
G1 F1500 X152.4 Y108.572 E833.61075
G1 X142.6 Y108.572 E833.9367
G1 X142.6 Y109.869 E833.97984
G1 F1200 X142.7 Y110.5 E834.0064
G0 F9000 X142.962 Y110.062
G0 X152.038 Y110.062
G0 X152.3 Y110.5
G1 F991.7 X152.305 Y124.125 E834.69182
G0 F9000 X152.559 Y124.839
G0 X153.215 Y125.013
G0 X153.793 Y124.382
G1 F1271.2 X155.584 Y121.265 E834.83291
G1 F1229.5 X157.376 Y118.148 E834.9788
G0 F9000 X153.215 Y125.013
G0 X152.578 Y125.794
G1 F1694.9 X153.025 Y125.021 E835.00509
G1 X152.752 Y124.95 E835.01339
G1 X152.578 Y124.76 E835.02097
G1 X152.578 Y125.794 E835.05141
G0 F9000 X152.2 Y126.424
G1 F1500 X152.649 Y126.424 E835.06634
G1 X153.336 Y125.235 E835.11202
G1 F1388.9 X153.793 Y124.382 E835.14678
G1 X153.091 Y124.649 E835.17376
G1 F1500 X152.847 Y124.585 E835.18215
G1 F1188.1 X152.305 Y124.125 E835.212
G1 F1075.3 X152.253 Y124.605 E835.2344
G1 F1327.4 X152.201 Y125.085 E835.25254
G1 F1500 X152.2 Y126.424 E835.29708
G1 F2700 E830.29708
G0 F9000 X152.48 Y126.146
G0 X152.038 Y110.062
G0 X142.962 Y110.062
G0 X142.422 Y125.799
G1 F2700 E835.29708
G1 F1685.4 X142.422 Y124.76 E835.32783
G1 X142.245 Y124.952 E835.33556
G1 X141.973 Y125.021 E835.34387
G1 X142.422 Y125.799 E835.37046
G0 F9000 X142.346 Y126.424
G1 F1500 X142.8 Y126.424 E835.38556
G1 X142.8 Y125.089 E835.42996
G1 F1327.4 X142.748 Y124.607 E835.44818
G1 F1075.3 X142.695 Y124.125 E835.47068
G1 F1188.1 X142.15 Y124.586 E835.50066
G1 F1500 X141.902 Y124.649 E835.50917
G1 F1373 X141.263 Y124.477 E835.53321
G1 X141.658 Y125.23 E835.56411
G1 F1500 X142.346 Y126.424 E835.60994
G0 F9000 X142.116 Y126.824
;TYPE:WALL-OUTER
G1 F1500 X143.2 Y126.824 E835.646
G1 X143.2 Y110.5 E836.18894
G1 X143.267 Y110.35 E836.1944
G1 X143.379 Y110.301 E836.19847
G1 X151.621 Y110.3 E836.4726
G1 X151.733 Y110.35 E836.47668
G1 X151.8 Y110.5 E836.48214
G1 X151.8 Y126.824 E837.02508
G1 X152.88 Y126.824 E837.061
G1 X158.151 Y117.701 E837.41144
G1 X157.117 Y117.7 E837.44583
G1 X153.418 Y124.168 E837.69365
G1 X153.193 Y124.262 E837.70176
G1 X152.949 Y124.198 E837.71015
G1 X152.802 Y124.039 E837.71735
G1 X152.8 Y108.172 E838.24509
G1 X142.2 Y108.172 E838.59765
G1 X142.198 Y124.039 E839.12539
G1 X142.05 Y124.198 E839.13261
G1 X141.802 Y124.262 E839.14113
G1 X141.598 Y124.197 E839.14825
G1 X137.88 Y117.7 E839.39722
G1 X136.848 Y117.7 E839.43155
G1 X142.116 Y126.824 E839.78197
G1 F2700 E834.78197
;MESH:batclipholder.stl(2)
G0 F9000 X142.287 Y126.53
G0 X142.412 Y125.16
G0 X142.424 Y108.398
G0 X142.424 Y107.309
G0 X142.424 Y97.691
G0 X142.424 Y96.596
G0 X142.422 Y95.799
;TYPE:WALL-INNER
G1 F2700 E839.78197
G1 F1685.4 X142.422 Y94.76 E839.81272
G1 X142.245 Y94.952 E839.82045
G1 X141.973 Y95.021 E839.82876
G1 X142.422 Y95.799 E839.85535
G0 F9000 X142.346 Y96.424
G1 F1500 X142.8 Y96.424 E839.87045
G1 X142.8 Y95.089 E839.91485
G1 F1327.4 X142.748 Y94.607 E839.93307
G1 F1075.3 X142.695 Y94.125 E839.95557
G1 F1188.1 X142.15 Y94.586 E839.98554
G1 F1500 X141.902 Y94.649 E839.99405
G1 F1373 X141.263 Y94.477 E840.0181
G1 X141.658 Y95.23 E840.049
G1 F1500 X142.346 Y96.424 E840.09483
G0 F9000 X142.517 Y96.13
G0 X141.263 Y94.477
G1 F1239.7 X137.621 Y88.146 E840.38877
G0 F9000 X141.785 Y95.013
G0 X142.441 Y94.839
G0 X142.695 Y94.125
G1 F991.7 X142.7 Y80.5 E841.07419
G0 F9000 X143.034 Y79.585
G1 F1282.1 X143.291 Y79.471 E841.08513
G1 X151.709 Y79.471 E841.41271
G1 F1284.8 X151.967 Y79.585 E841.42366
G1 X151.967 Y79.005 E841.44619
G1 F1282.1 X143.034 Y79.006 E841.79381
G1 X143.034 Y79.585 E841.81634
G0 F9000 X142.7 Y80.5
G1 F1200 X143.002 Y80.05 E841.83887
G1 F1500 X143.337 Y79.903 E841.85104
G1 X151.663 Y79.902 E842.12796
G1 X151.998 Y80.05 E842.14014
G1 F1200 X152.3 Y80.5 E842.16268
G1 X152.4 Y79.869 E842.18924
G1 F1500 X152.4 Y78.572 E842.23238
G1 X142.6 Y78.572 E842.55832
G1 X142.6 Y79.869 E842.60146
G1 F1200 X142.7 Y80.5 E842.62802
G0 F9000 X142.962 Y80.062
G0 X152.038 Y80.062
G0 X152.3 Y80.5
G1 F991.7 X152.305 Y94.125 E843.31344
G0 F9000 X152.559 Y94.839
G0 X153.215 Y95.013
G0 X153.793 Y94.382
G1 F1271.2 X155.584 Y91.265 E843.45453
G1 F1229.5 X157.376 Y88.148 E843.60042
G0 F9000 X153.215 Y95.013
G0 X152.578 Y95.794
G1 F1694.9 X153.025 Y95.021 E843.62671
G1 X152.752 Y94.95 E843.63501
G1 X152.578 Y94.76 E843.6426
G1 X152.578 Y95.794 E843.67303
G0 F9000 X152.2 Y96.424
G1 F1500 X152.649 Y96.424 E843.68796
G1 X153.336 Y95.235 E843.73364
G1 F1388.9 X153.793 Y94.382 E843.7684
G1 X153.091 Y94.649 E843.79538
G1 F1500 X152.847 Y94.585 E843.80377
G1 F1188.1 X152.305 Y94.125 E843.83362
G1 F1075.3 X152.253 Y94.605 E843.85602
G1 F1327.4 X152.201 Y95.085 E843.87417
G1 F1500 X152.2 Y96.424 E843.9187
G1 F2700 E838.9187
G0 F9000 X152.48 Y96.146
G0 X152.038 Y80.062
G0 X142.962 Y80.062
G0 X142.955 Y89.385
G0 X142.287 Y96.53
G0 X142.116 Y96.824
;TYPE:WALL-OUTER
G1 F2700 E843.9187
G1 F1500 X143.2 Y96.824 E843.95475
G1 X143.2 Y80.5 E844.49769
G1 X143.267 Y80.35 E844.50316
G1 X143.379 Y80.301 E844.50722
G1 X151.621 Y80.3 E844.78135
G1 X151.733 Y80.35 E844.78543
G1 X151.8 Y80.5 E844.7909
G1 X151.8 Y96.824 E845.33384
G1 X152.88 Y96.824 E845.36976
G1 X158.151 Y87.701 E845.72019
G1 X157.117 Y87.7 E845.75458
G1 X153.418 Y94.168 E846.00241
G1 X153.193 Y94.262 E846.01052
G1 X152.949 Y94.198 E846.01891
G1 X152.802 Y94.039 E846.02611
G1 X152.8 Y78.172 E846.55385
G1 X142.2 Y78.172 E846.9064
G1 X142.198 Y94.039 E847.43414
G1 X142.05 Y94.198 E847.44137
G1 X141.802 Y94.262 E847.44989
G1 X141.598 Y94.197 E847.45701
G1 X137.88 Y87.7 E847.70598
G1 X136.848 Y87.7 E847.74031
G1 X142.116 Y96.824 E848.09072
G1 F2700 E843.09072
;MESH:NONMESH
G0 F300 X142.116 Y96.824 Z3.4
G0 F9000 X142.287 Y96.53
G0 X137.227 Y87.92
G0 X136.289 Y88.463
G0 X123.38 Y97.685
G0 X120.947 Y97.679
G0 X116 Y94.46
G0 X116 Y92.893
;TIME_ELAPSED:1582.834482
;LAYER:16
;TYPE:SUPPORT
G1 F2700 E848.09072
G1 F1500 X116 Y93.794 E848.12069
G1 F2700 E843.12069
G0 F9000 X116 Y94.46
G0 X120 Y94.46
G0 X120 Y93.794
G1 F2700 E848.12069
G1 F1500 X120 Y92.893 E848.15066
G1 F2700 E843.15066
G0 F9000 X120 Y94.46
G0 X126.617 Y116.841
G0 X128.88 Y116.841
G0 X129.262 Y117.5
G0 X123.38 Y127.685
G0 X120.947 Y127.679
G0 X120 Y124.46
G0 X120 Y122.893
G1 F2700 E848.15066
G1 F1500 X120 Y123.794 E848.18062
G1 F2700 E843.18062
G0 F9000 X120 Y124.46
G0 X116 Y124.46
G0 X116 Y123.794
G1 F2700 E848.18062
G1 F1500 X116 Y122.893 E848.21059
G1 F2700 E843.21059
G0 F9000 X116 Y124.46
G0 X120.947 Y127.679
G0 X144.053 Y127.679
G0 X148 Y124.46
G0 X148 Y122.893
G1 F2700 E848.21059
G1 F1500 X148 Y123.794 E848.24056
G1 F2700 E843.24056
G0 F9000 X148 Y124.46
G0 X150.947 Y127.679
G0 X153.38 Y127.685
G0 X159.262 Y117.5
G0 X148 Y94.46
G0 X148 Y93.794
G1 F2700 E848.24056
G1 F1500 X148 Y92.893 E848.27053
;TYPE:SUPPORT-INTERFACE
G1 X148.089 Y92.893
G1 X150.8 Y90.182 E848.39804
G0 F9000 X150.8 Y89.706
G1 F1500 X144.2 Y83.106 E848.70849
G1 X144.2 Y83.205
G1 X146.106 Y81.3 E848.79812
G0 F9000 X145.788 Y81.3
G1 F1500 X150.8 Y86.312 E849.03386
G0 F9000 X150.8 Y86.788
G1 F1500 X144.695 Y92.893 E849.32103
G1 F2700 E844.32103
G0 F9000 X147.198 Y92.893
G1 F2700 E849.32103
G1 F1500 X144.2 Y89.894 E849.46207
G1 X144.2 Y89.993
G1 X150.8 Y83.394 E849.77249
G0 F9000 X150.8 Y82.917
G1 F1500 X149.183 Y81.3 E849.84854
G0 F9000 X149.5 Y81.3
G1 F1500 X144.2 Y86.599 E850.09782
G1 X144.2 Y86.5
G1 X150.593 Y92.893 E850.39852
G1 F2700 E845.39852
G0 F9000 X150.593 Y94.46
G0 X150.947 Y97.679
G0 X153.653 Y107.321
G0 X153.665 Y111.3
G0 X150.047 Y111.3
G1 F2700 E850.39852
G1 F1500 X144.2 Y117.146 E850.67353
G1 X144.2 Y117.047
G1 X150.046 Y122.893 E850.9485
G0 F9000 X148.636 Y122.893
G1 F1500 X150.8 Y120.729 E851.05029
G0 F9000 X150.8 Y120.253
G1 F1500 X144.2 Y113.653 E851.36073
G1 X144.2 Y113.752
G1 X146.653 Y111.3 E851.47609
G0 F9000 X145.241 Y111.3
G1 F1500 X150.8 Y116.859 E851.73757
G0 F9000 X150.8 Y117.335
G1 F1500 X145.242 Y122.893 E851.999
G0 F9000 X146.652 Y122.893
G1 F1500 X144.2 Y120.441 E852.11434
G1 X144.2 Y120.54
G1 X150.8 Y113.941 E852.42476
G0 F9000 X150.8 Y113.465
G1 F1500 X148.635 Y111.3 E852.52659
G1 F2700 E847.52659
G0 F9000 X148.635 Y107.309
G0 X141.347 Y107.321
G0 X123.665 Y113.394
G0 X120.8 Y113.394
G1 F2700 E852.52659
G1 F1500 X114.201 Y119.993 E852.83699
G0 F9000 X114.2 Y120.988
G1 F1500 X116.105 Y122.893 E852.92659
G0 F9000 X114.695 Y122.893
G1 F1500 X120.8 Y116.788 E853.21375
G0 F9000 X120.8 Y117.406
G1 F1500 X114.694 Y111.3 E853.50096
G0 F9000 X116.106 Y111.299
G1 F1500 X114.201 Y113.205 E853.59059
G0 F9000 X114.2 Y114.2
G1 F1500 X120.8 Y120.8 E853.90103
G0 F9000 X120.8 Y120.182
G1 F1500 X118.089 Y122.893 E854.02855
G0 F9000 X119.499 Y122.893
G1 F1500 X114.2 Y117.594 E854.2778
G0 F9000 X114.201 Y116.599
G1 F1500 X119.5 Y111.299 E854.52707
G0 F9000 X118.088 Y111.3
G1 F1500 X120.8 Y114.012 E854.65464
G1 F2700 E849.65464
G0 F9000 X123.665 Y114.012
G0 X123.653 Y107.321
G0 X120.046 Y94.46
G0 X120.046 Y92.893
G1 F2700 E854.65464
G1 F1500 X114.2 Y87.047 E854.92962
G0 F9000 X114.2 Y86.053
G1 F1500 X118.953 Y81.3 E855.15318
G0 F9000 X118.635 Y81.3
G1 F1500 X120.8 Y83.465 E855.25502
G0 F9000 X120.8 Y82.847
G1 F1500 X114.2 Y89.447 E855.56546
G0 F9000 X114.2 Y90.441
G1 F1500 X116.652 Y92.893 E855.68079
G0 F9000 X117.542 Y92.893
G1 F1500 X120.8 Y89.635 E855.83404
G0 F9000 X120.8 Y90.253
G1 F1500 X114.2 Y83.653 E856.14449
G0 F9000 X114.2 Y82.659
G1 F1500 X115.559 Y81.3 E856.20841
G0 F9000 X115.241 Y81.3
G1 F1500 X120.8 Y86.859 E856.46989
G0 F9000 X120.8 Y86.241
G1 F1500 X114.2 Y92.841 E856.78033
G1 F2700 E851.78033
;MESH:batclipholder.stl(1)
G0 F9000 X112.97 Y92.841
G0 X112.695 Y94.125
;TYPE:WALL-INNER
G1 F2700 E856.78033
G1 F991.7 X112.7 Y80.5 E857.46575
G0 F9000 X113.034 Y79.585
G1 F1282.1 X113.291 Y79.471 E857.47669
G1 X121.709 Y79.471 E857.80427
G1 F1284.8 X121.967 Y79.585 E857.81522
G1 X121.967 Y79.005 E857.83775
G1 F1282.1 X113.034 Y79.006 E858.18537
G1 X113.034 Y79.585 E858.2079
G0 F9000 X122.038 Y80.062
G0 X122.3 Y80.5
G1 F1200 X122.4 Y79.869 E858.23446
G1 F1500 X122.4 Y78.572 E858.2776
G1 X112.6 Y78.572 E858.60355
G1 X112.6 Y79.869 E858.64669
G1 F1200 X112.7 Y80.5 E858.67325
G1 X113.002 Y80.05 E858.69578
G1 F1500 X113.337 Y79.903 E858.70795
G1 X121.663 Y79.902 E858.98487
G1 X121.998 Y80.05 E858.99705
G1 F1200 X122.3 Y80.5 E859.01958
G1 F991.7 X122.305 Y94.125 E859.705
G0 F9000 X122.559 Y94.839
G0 X123.215 Y95.013
G0 X123.793 Y94.382
G1 F1271.2 X125.584 Y91.265 E859.84609
G1 F1229.5 X127.376 Y88.148 E859.99198
G0 F9000 X123.215 Y95.013
G0 X122.578 Y95.794
G1 F1694.9 X123.025 Y95.021 E860.01827
G1 X122.752 Y94.95 E860.02657
G1 X122.578 Y94.76 E860.03415
G1 X122.578 Y95.794 E860.06459
G0 F9000 X122.2 Y96.424
G1 F1500 X122.649 Y96.424 E860.07952
G1 X123.336 Y95.235 E860.1252
G1 F1388.9 X123.793 Y94.382 E860.15996
G1 X123.091 Y94.649 E860.18694
G1 F1500 X122.847 Y94.585 E860.19533
G1 F1188.1 X122.305 Y94.125 E860.22518
G1 F1075.3 X122.253 Y94.605 E860.24758
G1 F1327.4 X122.201 Y95.085 E860.26572
G1 F1500 X122.2 Y96.424 E860.31026
G1 F2700 E855.31026
G0 F9000 X122.48 Y96.146
G0 X122.038 Y80.062
G0 X112.962 Y80.062
G0 X112.422 Y95.799
G1 F2700 E860.31026
G1 F1685.4 X112.422 Y94.76 E860.34102
G1 X112.245 Y94.952 E860.34875
G1 X111.973 Y95.021 E860.35705
G1 X112.422 Y95.799 E860.38364
G0 F9000 X112.8 Y96.424
G1 F1500 X112.8 Y95.089 E860.42805
G1 F1327.4 X112.748 Y94.607 E860.44627
G1 F1075.3 X112.695 Y94.125 E860.46876
G1 F1188.1 X112.15 Y94.586 E860.49874
G1 F1500 X111.902 Y94.649 E860.50725
G1 F1373 X111.263 Y94.477 E860.53129
G1 X111.658 Y95.23 E860.56219
G1 F1500 X112.346 Y96.424 E860.60803
G1 X112.8 Y96.424 E860.62313
G0 F9000 X112.52 Y96.146
G0 X111.263 Y94.477
G1 F1239.7 X107.621 Y88.146 E860.91707
G1 F2700 E855.91707
G0 F9000 X111.785 Y95.013
G0 X112.92 Y96.546
G0 X113.2 Y96.824
;TYPE:WALL-OUTER
G1 F2700 E860.91707
G1 F1500 X113.2 Y80.5 E861.46
G1 X113.267 Y80.35 E861.46547
G1 X113.379 Y80.301 E861.46953
G1 X121.621 Y80.3 E861.74366
G1 X121.733 Y80.35 E861.74774
G1 X121.8 Y80.5 E861.75321
G1 X121.8 Y96.824 E862.29615
G1 X122.88 Y96.824 E862.33207
G1 X128.151 Y87.701 E862.6825
G1 X127.117 Y87.7 E862.7169
G1 X123.418 Y94.168 E862.96472
G1 X123.193 Y94.262 E862.97283
G1 X122.949 Y94.198 E862.98122
G1 X122.802 Y94.039 E862.98842
G1 X122.8 Y78.172 E863.51616
G1 X112.2 Y78.172 E863.86872
G1 X112.198 Y94.039 E864.39645
G1 X112.05 Y94.198 E864.40368
G1 X111.802 Y94.262 E864.4122
G1 X111.598 Y94.197 E864.41932
G1 X107.88 Y87.7 E864.66829
G1 X106.848 Y87.7 E864.70262
G1 X112.116 Y96.824 E865.05303
G1 X113.2 Y96.824 E865.08909
G1 F2700 E860.08909
;MESH:batclipholder.stl
G0 F9000 X112.92 Y96.546
G0 X112.976 Y97.691
G0 X112.976 Y107.309
G0 X112.976 Y108.404
G0 X113.034 Y109.585
;TYPE:WALL-INNER
G1 F2700 E865.08909
G1 F1282.1 X113.291 Y109.471 E865.10003
G1 X121.709 Y109.471 E865.42761
G1 F1284.8 X121.967 Y109.585 E865.43856
G1 X121.967 Y109.005 E865.46108
G1 F1282.1 X113.034 Y109.006 E865.80871
G1 X113.034 Y109.585 E865.83124
G0 F9000 X122.038 Y110.062
G0 X122.3 Y110.5
G1 F1200 X122.4 Y109.869 E865.8578
G1 F1500 X122.4 Y108.572 E865.90094
G1 X112.6 Y108.572 E866.22689
G1 X112.6 Y109.869 E866.27002
G1 F1200 X112.7 Y110.5 E866.29659
G1 X113.002 Y110.05 E866.31912
G1 F1500 X113.337 Y109.903 E866.33128
G1 X121.663 Y109.902 E866.60821
G1 X121.998 Y110.05 E866.62039
G1 F1200 X122.3 Y110.5 E866.64292
G1 F991.7 X122.305 Y124.125 E867.32834
G0 F9000 X122.559 Y124.839
G0 X123.215 Y125.013
G0 X123.793 Y124.382
G1 F1271.2 X125.584 Y121.265 E867.46943
G1 F1229.5 X127.376 Y118.148 E867.61532
G0 F9000 X123.215 Y125.013
G0 X122.578 Y125.794
G1 F1694.9 X123.025 Y125.021 E867.6416
G1 X122.752 Y124.95 E867.64991
G1 X122.578 Y124.76 E867.65749
G1 X122.578 Y125.794 E867.68793
G0 F9000 X122.2 Y126.424
G1 F1500 X122.649 Y126.424 E867.70286
G1 X123.336 Y125.235 E867.74853
G1 F1388.9 X123.793 Y124.382 E867.7833
G1 X123.091 Y124.649 E867.81027
G1 F1500 X122.847 Y124.585 E867.81866
G1 F1188.1 X122.305 Y124.125 E867.84852
G1 F1075.3 X122.253 Y124.605 E867.87092
G1 F1327.4 X122.201 Y125.085 E867.88906
G1 F1500 X122.2 Y126.424 E867.9336
G1 F2700 E862.9336
G0 F9000 X122.48 Y126.146
G0 X122.038 Y110.062
G0 X112.962 Y110.062
G0 X112.695 Y124.125
G1 F2700 E867.9336
G1 F991.7 X112.7 Y110.5 E868.61902
G0 F9000 X112.441 Y124.839
G0 X111.785 Y125.013
G0 X107.621 Y118.146
G1 F1239.7 X111.263 Y124.477 E868.91296
G0 F9000 X112.422 Y125.799
G1 F1685.4 X112.422 Y124.76 E868.94371
G1 X112.245 Y124.952 E868.95144
G1 X111.973 Y125.021 E868.95975
G1 X112.422 Y125.799 E868.98634
G0 F9000 X112.8 Y126.424
G1 F1500 X112.8 Y125.089 E869.03074
G1 F1327.4 X112.748 Y124.607 E869.04896
G1 F1075.3 X112.695 Y124.125 E869.07146
G1 F1188.1 X112.15 Y124.586 E869.10143
G1 F1500 X111.902 Y124.649 E869.10995
G1 F1373 X111.263 Y124.477 E869.13399
G1 X111.658 Y125.23 E869.16489
G1 F1500 X112.346 Y126.424 E869.21072
G1 X112.8 Y126.424 E869.22582
G0 F9000 X113.2 Y126.824
;TYPE:WALL-OUTER
G1 F1500 X113.2 Y110.5 E869.76876
G1 X113.267 Y110.35 E869.77422
G1 X113.379 Y110.301 E869.77829
G1 X121.621 Y110.3 E870.05242
G1 X121.733 Y110.35 E870.0565
G1 X121.8 Y110.5 E870.06196
G1 X121.8 Y126.824 E870.6049
G1 X122.88 Y126.824 E870.64082
G1 X128.151 Y117.701 E870.99126
G1 X127.117 Y117.7 E871.02565
G1 X123.418 Y124.168 E871.27347
G1 X123.193 Y124.262 E871.28158
G1 X122.949 Y124.198 E871.28997
G1 X122.802 Y124.039 E871.29718
G1 X122.8 Y108.172 E871.82491
G1 X112.2 Y108.172 E872.17747
G1 X112.198 Y124.039 E872.70521
G1 X112.05 Y124.198 E872.71244
G1 X111.802 Y124.262 E872.72095
G1 X111.598 Y124.197 E872.72808
G1 X107.88 Y117.7 E872.97705
G1 X106.848 Y117.7 E873.01137
G1 X112.116 Y126.824 E873.36179
G1 X113.2 Y126.824 E873.39784
G1 F2700 E868.39784
;MESH:batclipholder.stl(3)
G0 F9000 X112.92 Y126.546
G0 X112.962 Y110.062
G0 X122.038 Y110.062
G0 X122.559 Y124.839
G0 X123.215 Y125.013
G0 X127.773 Y117.92
G0 X128.712 Y118.462
G0 X136.289 Y118.463
G0 X137.621 Y118.146
;TYPE:WALL-INNER
G1 F2700 E873.39784
G1 F1239.7 X141.263 Y124.477 E873.69178
G0 F9000 X141.785 Y125.013
G0 X142.441 Y124.839
G0 X142.695 Y124.125
G1 F991.7 X142.7 Y110.5 E874.3772
G0 F9000 X143.034 Y109.585
G1 F1282.1 X143.291 Y109.471 E874.38814
G1 X151.709 Y109.471 E874.71572
G1 F1284.8 X151.967 Y109.585 E874.72668
G1 X151.967 Y109.005 E874.7492
G1 F1282.1 X143.034 Y109.006 E875.09682
G1 X143.034 Y109.585 E875.11935
G0 F9000 X142.7 Y110.5
G1 F1200 X143.002 Y110.05 E875.14188
G1 F1500 X143.337 Y109.903 E875.15405
G1 X151.663 Y109.902 E875.43098
G1 X151.998 Y110.05 E875.44316
G1 F1200 X152.3 Y110.5 E875.46569
G1 X152.4 Y109.869 E875.49225
G1 F1500 X152.4 Y108.572 E875.53539
G1 X142.6 Y108.572 E875.86134
G1 X142.6 Y109.869 E875.90448
G1 F1200 X142.7 Y110.5 E875.93104
G0 F9000 X142.962 Y110.062
G0 X152.038 Y110.062
G0 X152.3 Y110.5
G1 F991.7 X152.305 Y124.125 E876.61646
G0 F9000 X152.559 Y124.839
G0 X153.215 Y125.013
G0 X153.793 Y124.382
G1 F1271.2 X155.584 Y121.265 E876.75754
G1 F1229.5 X157.376 Y118.148 E876.90344
G0 F9000 X153.215 Y125.013
G0 X152.578 Y125.794
G1 F1694.9 X153.025 Y125.021 E876.92972
G1 X152.752 Y124.95 E876.93802
G1 X152.578 Y124.76 E876.94561
G1 X152.578 Y125.794 E876.97604
G0 F9000 X152.2 Y126.424
G1 F1500 X152.649 Y126.424 E876.99098
G1 X153.336 Y125.235 E877.03665
G1 F1388.9 X153.793 Y124.382 E877.07141
G1 X153.091 Y124.649 E877.09839
G1 F1500 X152.847 Y124.585 E877.10678
G1 F1188.1 X152.305 Y124.125 E877.13663
G1 F1075.3 X152.253 Y124.605 E877.15903
G1 F1327.4 X152.201 Y125.085 E877.17718
G1 F1500 X152.2 Y126.424 E877.22171
G1 F2700 E872.22171
G0 F9000 X152.48 Y126.146
G0 X152.038 Y110.062
G0 X142.962 Y110.062
G0 X142.422 Y125.799
G1 F2700 E877.22171
G1 F1685.4 X142.422 Y124.76 E877.25247
G1 X142.245 Y124.952 E877.2602
G1 X141.973 Y125.021 E877.26851
G1 X142.422 Y125.799 E877.2951
G0 F9000 X142.346 Y126.424
G1 F1500 X142.8 Y126.424 E877.3102
G1 X142.8 Y125.089 E877.3546
G1 F1327.4 X142.748 Y124.607 E877.37282
G1 F1075.3 X142.695 Y124.125 E877.39532
G1 F1188.1 X142.15 Y124.586 E877.42529
G1 F1500 X141.902 Y124.649 E877.4338
G1 F1373 X141.263 Y124.477 E877.45785
G1 X141.658 Y125.23 E877.48875
G1 F1500 X142.346 Y126.424 E877.53458
G0 F9000 X142.116 Y126.824
;TYPE:WALL-OUTER
G1 F1500 X143.2 Y126.824 E877.57063
G1 X143.2 Y110.5 E878.11357
G1 X143.267 Y110.35 E878.11904
G1 X143.379 Y110.301 E878.1231
G1 X151.621 Y110.3 E878.39723
G1 X151.733 Y110.35 E878.40131
G1 X151.8 Y110.5 E878.40677
G1 X151.8 Y126.824 E878.94971
G1 X152.88 Y126.824 E878.98563
G1 X158.151 Y117.701 E879.33607
G1 X157.117 Y117.7 E879.37046
G1 X153.418 Y124.168 E879.61828
G1 X153.193 Y124.262 E879.62639
G1 X152.949 Y124.198 E879.63478
G1 X152.802 Y124.039 E879.64199
G1 X152.8 Y108.172 E880.16973
G1 X142.2 Y108.172 E880.52228
G1 X142.198 Y124.039 E881.05002
G1 X142.05 Y124.198 E881.05725
G1 X141.802 Y124.262 E881.06576
G1 X141.598 Y124.197 E881.07289
G1 X137.88 Y117.7 E881.32186
G1 X136.848 Y117.7 E881.35618
G1 X142.116 Y126.824 E881.7066
G1 F2700 E876.7066
;MESH:batclipholder.stl(2)
G0 F9000 X142.287 Y126.53
G0 X142.412 Y125.16
G0 X142.424 Y108.398
G0 X142.424 Y107.309
G0 X142.424 Y97.691
G0 X142.424 Y96.596
G0 X142.422 Y95.799
;TYPE:WALL-INNER
G1 F2700 E881.7066
G1 F1685.4 X142.422 Y94.76 E881.73736
G1 X142.245 Y94.952 E881.74509
G1 X141.973 Y95.021 E881.75339
G1 X142.422 Y95.799 E881.77998
G0 F9000 X142.346 Y96.424
G1 F1500 X142.8 Y96.424 E881.79508
G1 X142.8 Y95.089 E881.83948
G1 F1327.4 X142.748 Y94.607 E881.8577
G1 F1075.3 X142.695 Y94.125 E881.8802
G1 F1188.1 X142.15 Y94.586 E881.91018
G1 F1500 X141.902 Y94.649 E881.91869
G1 F1373 X141.263 Y94.477 E881.94273
G1 X141.658 Y95.23 E881.97363
G1 F1500 X142.346 Y96.424 E882.01947
G0 F9000 X142.517 Y96.13
G0 X141.263 Y94.477
G1 F1239.7 X137.621 Y88.146 E882.31341
G0 F9000 X141.785 Y95.013
G0 X142.441 Y94.839
G0 X142.695 Y94.125
G1 F991.7 X142.7 Y80.5 E882.99882
G0 F9000 X143.034 Y79.585
G1 F1282.1 X143.291 Y79.471 E883.00976
G1 X151.709 Y79.471 E883.33735
G1 F1284.8 X151.967 Y79.585 E883.3483
G1 X151.967 Y79.005 E883.37082
G1 F1282.1 X143.034 Y79.006 E883.71844
G1 X143.034 Y79.585 E883.74097
G0 F9000 X142.7 Y80.5
G1 F1200 X143.002 Y80.05 E883.76351
G1 F1500 X143.337 Y79.903 E883.77567
G1 X151.663 Y79.902 E884.0526
G1 X151.998 Y80.05 E884.06478
G1 F1200 X152.3 Y80.5 E884.08731
G1 X152.4 Y79.869 E884.11387
G1 F1500 X152.4 Y78.572 E884.15701
G1 X142.6 Y78.572 E884.48296
G1 X142.6 Y79.869 E884.5261
G1 F1200 X142.7 Y80.5 E884.55266
G0 F9000 X142.962 Y80.062
G0 X152.038 Y80.062
G0 X152.3 Y80.5
G1 F991.7 X152.305 Y94.125 E885.23808
G0 F9000 X152.559 Y94.839
G0 X153.215 Y95.013
G0 X153.793 Y94.382
G1 F1271.2 X155.584 Y91.265 E885.37917
G1 F1229.5 X157.376 Y88.148 E885.52506
G0 F9000 X153.215 Y95.013
G0 X152.578 Y95.794
G1 F1694.9 X153.025 Y95.021 E885.55134
G1 X152.752 Y94.95 E885.55965
G1 X152.578 Y94.76 E885.56723
G1 X152.578 Y95.794 E885.59767
G0 F9000 X152.2 Y96.424
G1 F1500 X152.649 Y96.424 E885.6126
G1 X153.336 Y95.235 E885.65827
G1 F1388.9 X153.793 Y94.382 E885.69303
G1 X153.091 Y94.649 E885.72001
G1 F1500 X152.847 Y94.585 E885.7284
G1 F1188.1 X152.305 Y94.125 E885.75825
G1 F1075.3 X152.253 Y94.605 E885.78065
G1 F1327.4 X152.201 Y95.085 E885.7988
G1 F1500 X152.2 Y96.424 E885.84334
G1 F2700 E880.84334
G0 F9000 X152.48 Y96.146
G0 X152.038 Y80.062
G0 X142.962 Y80.062
G0 X142.955 Y89.385
G0 X142.287 Y96.53
G0 X142.116 Y96.824
;TYPE:WALL-OUTER
G1 F2700 E885.84334
G1 F1500 X143.2 Y96.824 E885.87939
G1 X143.2 Y80.5 E886.42233
G1 X143.267 Y80.35 E886.42779
G1 X143.379 Y80.301 E886.43186
G1 X151.621 Y80.3 E886.70599
G1 X151.733 Y80.35 E886.71007
G1 X151.8 Y80.5 E886.71553
G1 X151.8 Y96.824 E887.25847
G1 X152.88 Y96.824 E887.29439
G1 X158.151 Y87.701 E887.64483
G1 X157.117 Y87.7 E887.67922
G1 X153.418 Y94.168 E887.92704
G1 X153.193 Y94.262 E887.93515
G1 X152.949 Y94.198 E887.94354
G1 X152.802 Y94.039 E887.95074
G1 X152.8 Y78.172 E888.47848
G1 X142.2 Y78.172 E888.83104
G1 X142.198 Y94.039 E889.35878
G1 X142.05 Y94.198 E889.366
G1 X141.802 Y94.262 E889.37452
G1 X141.598 Y94.197 E889.38164
G1 X137.88 Y87.7 E889.63062
G1 X136.848 Y87.7 E889.66494
G1 X142.116 Y96.824 E890.01536
G1 F2700 E885.01536
;MESH:NONMESH
G0 F300 X142.116 Y96.824 Z3.6
G0 F9000 X142.287 Y96.53
G0 X137.227 Y87.92
G0 X136.289 Y88.463
G0 X123.38 Y97.685
G0 X120.947 Y97.679
G0 X116 Y94.46
G0 X116 Y93.195
;TIME_ELAPSED:1665.275753
;LAYER:17
;TYPE:SUPPORT
G1 F2700 E890.01536
G1 F1500 X116 Y93.794 E890.03528
G1 F2700 E885.03528
G0 F9000 X116 Y94.46
G0 X120 Y94.46
G0 X120 Y93.794
G1 F2700 E890.03528
G1 F1500 X120 Y93.195 E890.0552
G1 F2700 E885.0552
G0 F9000 X120 Y94.46
G0 X126.617 Y116.841
G0 X128.88 Y116.841
G0 X129.262 Y117.5
G0 X123.38 Y127.685
G0 X120.947 Y127.679
G0 X120 Y124.46
G0 X120 Y123.195
G1 F2700 E890.0552
G1 F1500 X120 Y123.794 E890.07512
G1 F2700 E885.07512
G0 F9000 X120 Y124.46
G0 X116 Y124.46
G0 X116 Y123.794
G1 F2700 E890.07512
G1 F1500 X116 Y123.195 E890.09505
G1 F2700 E885.09505
G0 F9000 X116 Y124.46
G0 X120.947 Y127.679
G0 X144.053 Y127.679
G0 X148 Y124.46
G0 X148 Y123.195
G1 F2700 E890.09505
G1 F1500 X148 Y123.794 E890.11497
G1 F2700 E885.11497
G0 F9000 X148 Y124.46
G0 X150.947 Y127.679
G0 X153.38 Y127.685
G0 X159.262 Y117.5
G0 X148 Y94.46
G0 X148 Y93.794
G1 F2700 E890.11497
G1 F1500 X148 Y93.195 E890.13489
G0 F9000 X147.787 Y93.195
;TYPE:SUPPORT-INTERFACE
G1 F1500 X150.8 Y90.182 E890.27661
G0 F9000 X150.8 Y89.706
G1 F1500 X144.2 Y83.106 E890.58706
G1 X144.2 Y83.205
G1 X146.106 Y81.3 E890.67669
G0 F9000 X145.788 Y81.3
G1 F1500 X150.8 Y86.312 E890.91244
G0 F9000 X150.8 Y86.788
G1 F1500 X144.393 Y93.195 E891.2138
G1 F2700 E886.2138
G0 F9000 X144.393 Y94.46
G0 X147.5 Y94.46
G0 X147.5 Y93.195
G1 F2700 E891.2138
G1 F1500 X144.2 Y89.894 E891.36905
G1 X144.2 Y89.993
G1 X150.8 Y83.394 E891.67947
G0 F9000 X150.8 Y82.918
G1 F1500 X149.183 Y81.3 E891.75555
G0 F9000 X149.5 Y81.3
G1 F1500 X144.2 Y86.599 E892.00482
G1 X144.2 Y86.5
G1 X150.8 Y93.101 E892.31529
G1 F2700 E887.31529
G0 F9000 X150.8 Y94.46
G0 X150.947 Y97.679
G0 X153.653 Y107.321
G0 X153.665 Y111.3
G0 X150.047 Y111.3
G1 F2700 E892.31529
G1 F1500 X144.2 Y117.146 E892.59029
G1 X144.2 Y117.047
G1 X150.347 Y123.194 E892.87943
G1 F2700 E887.87943
G0 F9000 X148.334 Y123.195
G1 F2700 E892.87943
G1 F1500 X150.8 Y120.729 E892.99542
G0 F9000 X150.8 Y120.253
G1 F1500 X144.2 Y113.653 E893.30586
G1 X144.2 Y113.752
G1 X146.653 Y111.3 E893.42122
G0 F9000 X145.241 Y111.3
G1 F1500 X150.8 Y116.859 E893.6827
G0 F9000 X150.8 Y117.334
G1 F1500 X144.94 Y123.195 E893.95836
G1 F2700 E888.95836
G0 F9000 X146.953 Y123.194
G1 F2700 E893.95836
G1 F1500 X144.2 Y120.441 E894.08785
G1 X144.2 Y120.54
G1 X150.8 Y113.94 E894.3983
G0 F9000 X150.8 Y113.465
G1 F1500 X148.635 Y111.3 E894.50013
G1 F2700 E889.50013
G0 F9000 X148.635 Y107.309
G0 X141.347 Y107.321
G0 X123.665 Y113.394
G0 X120.8 Y113.394
G1 F2700 E894.50013
G1 F1500 X114.201 Y119.993 E894.81053
G0 F9000 X114.2 Y120.988
G1 F1500 X116.406 Y123.194 E894.91429
G0 F9000 X117.786 Y123.196
G1 F1500 X120.8 Y120.182 E895.05606
G0 F9000 X120.8 Y120.8
G1 F1500 X114.2 Y114.2 E895.3665
G0 F9000 X114.201 Y113.205
G1 F1500 X116.106 Y111.299 E895.45613
G0 F9000 X114.694 Y111.3
G1 F1500 X120.8 Y117.406 E895.74334
G0 F9000 X120.8 Y116.788
G1 F1500 X114.393 Y123.195 E896.04471
G1 F2700 E891.04471
G0 F9000 X114.393 Y124.46
G0 X119.801 Y124.46
G0 X119.801 Y123.195
G1 F2700 E896.04471
G1 F1500 X114.2 Y117.594 E896.30816
G0 F9000 X114.201 Y116.599
G1 F1500 X119.5 Y111.299 E896.55743
G0 F9000 X118.088 Y111.3
G1 F1500 X120.8 Y114.012 E896.685
G1 F2700 E891.685
G0 F9000 X123.665 Y114.012
G0 X123.653 Y107.321
G0 X120.947 Y97.679
G0 X120.635 Y94.46
G0 X120.635 Y93.195
G1 F2700 E896.685
G1 F1500 X120.8 Y93.029 E896.69278
G0 F9000 X120.347 Y93.195
G1 F1500 X114.2 Y87.047 E896.98194
G0 F9000 X114.2 Y86.053
G1 F1500 X118.953 Y81.3 E897.20551
G0 F9000 X118.635 Y81.3
G1 F1500 X120.8 Y83.465 E897.30734
G0 F9000 X120.8 Y82.847
G1 F1500 X114.2 Y89.447 E897.61779
G0 F9000 X114.2 Y90.441
G1 F1500 X116.953 Y93.195 E897.7473
G0 F9000 X117.24 Y93.195
G1 F1500 X120.8 Y89.635 E897.91475
G0 F9000 X120.8 Y90.253
G1 F1500 X114.2 Y83.653 E898.2252
G0 F9000 X114.2 Y82.659
G1 F1500 X115.559 Y81.3 E898.28912
G0 F9000 X115.241 Y81.3
G1 F1500 X120.8 Y86.859 E898.5506
G0 F9000 X120.8 Y86.241
G1 F1500 X114.2 Y92.841 E898.86104
G1 F2700 E893.86104
;MESH:batclipholder.stl(1)
G0 F9000 X112.97 Y92.841
G0 X112.695 Y94.125
;TYPE:WALL-INNER
G1 F2700 E898.86104
G1 F991.7 X112.7 Y80.5 E899.54646
G0 F9000 X113.034 Y79.585
G1 F1282.1 X113.291 Y79.471 E899.5574
G1 X121.709 Y79.471 E899.88498
G1 F1284.8 X121.967 Y79.585 E899.89594
G1 X121.967 Y79.005 E899.91846
G1 F1282.1 X113.034 Y79.006 E900.26608
G1 X113.034 Y79.585 E900.28861
G0 F9000 X122.038 Y80.062
G0 X122.3 Y80.5
G1 F1200 X122.4 Y79.869 E900.31517
G1 F1500 X122.4 Y78.572 E900.35831
G1 X112.6 Y78.572 E900.68426
G1 X112.6 Y79.869 E900.7274
G1 F1200 X112.7 Y80.5 E900.75396
G1 X113.002 Y80.05 E900.77649
G1 F1500 X113.337 Y79.903 E900.78866
G1 X121.663 Y79.902 E901.06558
G1 X121.998 Y80.05 E901.07777
G1 F1200 X122.3 Y80.5 E901.1003
G1 F991.7 X122.305 Y94.125 E901.78572
G0 F9000 X122.559 Y94.839
G0 X123.215 Y95.013
G0 X123.793 Y94.382
G1 F1271.2 X125.584 Y91.265 E901.9268
G1 F1229.5 X127.376 Y88.148 E902.0727
G0 F9000 X123.215 Y95.013
G0 X122.578 Y95.794
G1 F1694.9 X123.025 Y95.021 E902.09898
G1 X122.752 Y94.95 E902.10728
G1 X122.578 Y94.76 E902.11487
G1 X122.578 Y95.794 E902.1453
G0 F9000 X122.2 Y96.424
G1 F1500 X122.649 Y96.424 E902.16024
G1 X123.336 Y95.235 E902.20591
G1 F1388.9 X123.793 Y94.382 E902.24067
G1 X123.091 Y94.649 E902.26765
G1 F1500 X122.847 Y94.585 E902.27604
G1 F1188.1 X122.305 Y94.125 E902.30589
G1 F1075.3 X122.253 Y94.605 E902.32829
G1 F1327.4 X122.201 Y95.085 E902.34644
G1 F1500 X122.2 Y96.424 E902.39097
G1 F2700 E897.39097
G0 F9000 X122.48 Y96.146
G0 X122.038 Y80.062
G0 X112.962 Y80.062
G0 X112.422 Y95.799
G1 F2700 E902.39097
G1 F1685.4 X112.422 Y94.76 E902.42173
G1 X112.245 Y94.952 E902.42946
G1 X111.973 Y95.021 E902.43777
G1 X112.422 Y95.799 E902.46436
G0 F9000 X112.8 Y96.424
G1 F1500 X112.8 Y95.089 E902.50876
G1 F1327.4 X112.748 Y94.607 E902.52698
G1 F1075.3 X112.695 Y94.125 E902.54948
G1 F1188.1 X112.15 Y94.586 E902.57945
G1 F1500 X111.902 Y94.649 E902.58796
G1 F1373 X111.263 Y94.477 E902.61201
G1 X111.658 Y95.23 E902.64291
G1 F1500 X112.346 Y96.424 E902.68874
G1 X112.8 Y96.424 E902.70384
G0 F9000 X112.52 Y96.146
G0 X111.263 Y94.477
G1 F1239.7 X107.621 Y88.146 E902.99778
G1 F2700 E897.99778
G0 F9000 X111.785 Y95.013
G0 X112.92 Y96.546
G0 X113.2 Y96.824
;TYPE:WALL-OUTER
G1 F2700 E902.99778
G1 F1500 X113.2 Y80.5 E903.54072
G1 X113.267 Y80.35 E903.54618
G1 X113.379 Y80.301 E903.55025
G1 X121.621 Y80.3 E903.82438
G1 X121.733 Y80.35 E903.82846
G1 X121.8 Y80.5 E903.83392
G1 X121.8 Y96.824 E904.37686
G1 X122.88 Y96.824 E904.41278
G1 X128.151 Y87.701 E904.76322
G1 X127.117 Y87.7 E904.79761
G1 X123.418 Y94.168 E905.04543
G1 X123.193 Y94.262 E905.05354
G1 X122.949 Y94.198 E905.06193
G1 X122.802 Y94.039 E905.06913
G1 X122.8 Y78.172 E905.59687
G1 X112.2 Y78.172 E905.94943
G1 X112.198 Y94.039 E906.47717
G1 X112.05 Y94.198 E906.48439
G1 X111.802 Y94.262 E906.49291
G1 X111.598 Y94.197 E906.50003
G1 X107.88 Y87.7 E906.74901
G1 X106.848 Y87.7 E906.78333
G1 X112.116 Y96.824 E907.13375
G1 X113.2 Y96.824 E907.1698
G1 F2700 E902.1698
;MESH:batclipholder.stl
G0 F9000 X112.92 Y96.546
G0 X112.976 Y97.691
G0 X112.976 Y107.309
G0 X112.976 Y108.404
G0 X113.034 Y109.585
;TYPE:WALL-INNER
G1 F2700 E907.1698
G1 F1282.1 X113.291 Y109.471 E907.18074
G1 X121.709 Y109.471 E907.50832
G1 F1284.8 X121.967 Y109.585 E907.51927
G1 X121.967 Y109.005 E907.5418
G1 F1282.1 X113.034 Y109.006 E907.88942
G1 X113.034 Y109.585 E907.91195
G0 F9000 X122.038 Y110.062
G0 X122.3 Y110.5
G1 F1200 X122.4 Y109.869 E907.93851
G1 F1500 X122.4 Y108.572 E907.98165
G1 X112.6 Y108.572 E908.3076
G1 X112.6 Y109.869 E908.35074
G1 F1200 X112.7 Y110.5 E908.3773
G1 X113.002 Y110.05 E908.39983
G1 F1500 X113.337 Y109.903 E908.412
G1 X121.663 Y109.902 E908.68892
G1 X121.998 Y110.05 E908.7011
G1 F1200 X122.3 Y110.5 E908.72363
G1 F991.7 X122.305 Y124.125 E909.40905
G0 F9000 X122.559 Y124.839
G0 X123.215 Y125.013
G0 X123.793 Y124.382
G1 F1271.2 X125.584 Y121.265 E909.55014
G1 F1229.5 X127.376 Y118.148 E909.69603
G0 F9000 X123.215 Y125.013
G0 X122.578 Y125.794
G1 F1694.9 X123.025 Y125.021 E909.72232
G1 X122.752 Y124.95 E909.73062
G1 X122.578 Y124.76 E909.7382
G1 X122.578 Y125.794 E909.76864
G0 F9000 X122.2 Y126.424
G1 F1500 X122.649 Y126.424 E909.78357
G1 X123.336 Y125.235 E909.82925
G1 F1388.9 X123.793 Y124.382 E909.86401
G1 X123.091 Y124.649 E909.89099
G1 F1500 X122.847 Y124.585 E909.89938
G1 F1188.1 X122.305 Y124.125 E909.92923
G1 F1075.3 X122.253 Y124.605 E909.95163
G1 F1327.4 X122.201 Y125.085 E909.96978
G1 F1500 X122.2 Y126.424 E910.01431
G1 F2700 E905.01431
G0 F9000 X122.48 Y126.146
G0 X122.038 Y110.062
G0 X112.962 Y110.062
G0 X112.695 Y124.125
G1 F2700 E910.01431
G1 F991.7 X112.7 Y110.5 E910.69973
G0 F9000 X112.441 Y124.839
G0 X111.785 Y125.013
G0 X107.621 Y118.146
G1 F1239.7 X111.263 Y124.477 E910.99367
G0 F9000 X112.422 Y125.799
G1 F1685.4 X112.422 Y124.76 E911.02443
G1 X112.245 Y124.952 E911.03216
G1 X111.973 Y125.021 E911.04046
G1 X112.422 Y125.799 E911.06705
G0 F9000 X112.8 Y126.424
G1 F1500 X112.8 Y125.089 E911.11145
G1 F1327.4 X112.748 Y124.607 E911.12968
G1 F1075.3 X112.695 Y124.125 E911.15217
G1 F1188.1 X112.15 Y124.586 E911.18215
G1 F1500 X111.902 Y124.649 E911.19066
G1 F1373 X111.263 Y124.477 E911.2147
G1 X111.658 Y125.23 E911.2456
G1 F1500 X112.346 Y126.424 E911.29144
G1 X112.8 Y126.424 E911.30654
G0 F9000 X113.2 Y126.824
;TYPE:WALL-OUTER
G1 F1500 X113.2 Y110.5 E911.84947
G1 X113.267 Y110.35 E911.85494
G1 X113.379 Y110.301 E911.859
G1 X121.621 Y110.3 E912.13313
G1 X121.733 Y110.35 E912.13721
G1 X121.8 Y110.5 E912.14268
G1 X121.8 Y126.824 E912.68562
G1 X122.88 Y126.824 E912.72154
G1 X128.151 Y117.701 E913.07197
G1 X127.117 Y117.7 E913.10637
G1 X123.418 Y124.168 E913.35419
G1 X123.193 Y124.262 E913.3623
G1 X122.949 Y124.198 E913.37069
G1 X122.802 Y124.039 E913.37789
G1 X122.8 Y108.172 E913.90563
G1 X112.2 Y108.172 E914.25819
G1 X112.198 Y124.039 E914.78592
G1 X112.05 Y124.198 E914.79315
G1 X111.802 Y124.262 E914.80167
G1 X111.598 Y124.197 E914.80879
G1 X107.88 Y117.7 E915.05776
G1 X106.848 Y117.7 E915.09209
G1 X112.116 Y126.824 E915.4425
G1 X113.2 Y126.824 E915.47856
G1 F2700 E910.47856
;MESH:batclipholder.stl(3)
G0 F9000 X112.92 Y126.546
G0 X112.962 Y110.062
G0 X122.038 Y110.062
G0 X122.559 Y124.839
G0 X123.215 Y125.013
G0 X127.773 Y117.92
G0 X128.712 Y118.462
G0 X136.289 Y118.463
G0 X137.621 Y118.146
;TYPE:WALL-INNER
G1 F2700 E915.47856
G1 F1239.7 X141.263 Y124.477 E915.7725
G0 F9000 X141.785 Y125.013
G0 X142.441 Y124.839
G0 X142.695 Y124.125
G1 F991.7 X142.7 Y110.5 E916.45792
G0 F9000 X143.034 Y109.585
G1 F1282.1 X143.291 Y109.471 E916.46886
G1 X151.709 Y109.471 E916.79644
G1 F1284.8 X151.967 Y109.585 E916.80739
G1 X151.967 Y109.005 E916.82991
G1 F1282.1 X143.034 Y109.006 E917.17753
G1 X143.034 Y109.585 E917.20007
G0 F9000 X142.7 Y110.5
G1 F1200 X143.002 Y110.05 E917.2226
G1 F1500 X143.337 Y109.903 E917.23476
G1 X151.663 Y109.902 E917.51169
G1 X151.998 Y110.05 E917.52387
G1 F1200 X152.3 Y110.5 E917.5464
G1 X152.4 Y109.869 E917.57296
G1 F1500 X152.4 Y108.572 E917.6161
G1 X142.6 Y108.572 E917.94205
G1 X142.6 Y109.869 E917.98519
G1 F1200 X142.7 Y110.5 E918.01175
G0 F9000 X142.962 Y110.062
G0 X152.038 Y110.062
G0 X152.3 Y110.5
G1 F991.7 X152.305 Y124.125 E918.69717
G0 F9000 X152.559 Y124.839
G0 X153.215 Y125.013
G0 X153.793 Y124.382
G1 F1271.2 X155.584 Y121.265 E918.83826
G1 F1229.5 X157.376 Y118.148 E918.98415
G0 F9000 X153.215 Y125.013
G0 X152.578 Y125.794
G1 F1694.9 X153.025 Y125.021 E919.01043
G1 X152.752 Y124.95 E919.01874
G1 X152.578 Y124.76 E919.02632
G1 X152.578 Y125.794 E919.05676
G0 F9000 X152.2 Y126.424
G1 F1500 X152.649 Y126.424 E919.07169
G1 X153.336 Y125.235 E919.11736
G1 F1388.9 X153.793 Y124.382 E919.15212
G1 X153.091 Y124.649 E919.1791
G1 F1500 X152.847 Y124.585 E919.18749
G1 F1188.1 X152.305 Y124.125 E919.21734
G1 F1075.3 X152.253 Y124.605 E919.23974
G1 F1327.4 X152.201 Y125.085 E919.25789
G1 F1500 X152.2 Y126.424 E919.30243
G1 F2700 E914.30243
G0 F9000 X152.48 Y126.146
G0 X152.038 Y110.062
G0 X142.962 Y110.062
G0 X142.422 Y125.799
G1 F2700 E919.30243
G1 F1685.4 X142.422 Y124.76 E919.33318
G1 X142.245 Y124.952 E919.34091
G1 X141.973 Y125.021 E919.34922
G1 X142.422 Y125.799 E919.37581
G0 F9000 X142.346 Y126.424
G1 F1500 X142.8 Y126.424 E919.39091
G1 X142.8 Y125.089 E919.43531
G1 F1327.4 X142.748 Y124.607 E919.45353
G1 F1075.3 X142.695 Y124.125 E919.47603
G1 F1188.1 X142.15 Y124.586 E919.506
G1 F1500 X141.902 Y124.649 E919.51451
G1 F1373 X141.263 Y124.477 E919.53856
G1 X141.658 Y125.23 E919.56946
G1 F1500 X142.346 Y126.424 E919.61529
G0 F9000 X142.116 Y126.824
;TYPE:WALL-OUTER
G1 F1500 X143.2 Y126.824 E919.65135
G1 X143.2 Y110.5 E920.19428
G1 X143.267 Y110.35 E920.19975
G1 X143.379 Y110.301 E920.20381
G1 X151.621 Y110.3 E920.47794
G1 X151.733 Y110.35 E920.48202
G1 X151.8 Y110.5 E920.48749
G1 X151.8 Y126.824 E921.03043
G1 X152.88 Y126.824 E921.06635
G1 X158.151 Y117.701 E921.41678
G1 X157.117 Y117.7 E921.45118
G1 X153.418 Y124.168 E921.699
G1 X153.193 Y124.262 E921.70711
G1 X152.949 Y124.198 E921.7155
G1 X152.802 Y124.039 E921.7227
G1 X152.8 Y108.172 E922.25044
G1 X142.2 Y108.172 E922.603
G1 X142.198 Y124.039 E923.13073
G1 X142.05 Y124.198 E923.13796
G1 X141.802 Y124.262 E923.14648
G1 X141.598 Y124.197 E923.1536
G1 X137.88 Y117.7 E923.40257
G1 X136.848 Y117.7 E923.4369
G1 X142.116 Y126.824 E923.78731
G1 F2700 E918.78731
;MESH:batclipholder.stl(2)
G0 F9000 X142.287 Y126.53
G0 X142.412 Y125.16
G0 X142.424 Y108.398
G0 X142.424 Y107.309
G0 X142.424 Y97.691
G0 X142.424 Y96.596
G0 X142.422 Y95.799
;TYPE:WALL-INNER
G1 F2700 E923.78731
G1 F1685.4 X142.422 Y94.76 E923.81807
G1 X142.245 Y94.952 E923.8258
G1 X141.973 Y95.021 E923.8341
G1 X142.422 Y95.799 E923.8607
G0 F9000 X142.346 Y96.424
G1 F1500 X142.8 Y96.424 E923.8758
G1 X142.8 Y95.089 E923.9202
G1 F1327.4 X142.748 Y94.607 E923.93842
G1 F1075.3 X142.695 Y94.125 E923.96092
G1 F1188.1 X142.15 Y94.586 E923.99089
G1 F1500 X141.902 Y94.649 E923.9994
G1 F1373 X141.263 Y94.477 E924.02345
G1 X141.658 Y95.23 E924.05434
G1 F1500 X142.346 Y96.424 E924.10018
G0 F9000 X142.517 Y96.13
G0 X141.263 Y94.477
G1 F1239.7 X137.621 Y88.146 E924.39412
G0 F9000 X141.785 Y95.013
G0 X142.441 Y94.839
G0 X142.695 Y94.125
G1 F991.7 X142.7 Y80.5 E925.07954
G0 F9000 X143.034 Y79.585
G1 F1282.1 X143.291 Y79.471 E925.09048
G1 X151.709 Y79.471 E925.41806
G1 F1284.8 X151.967 Y79.585 E925.42901
G1 X151.967 Y79.005 E925.45153
G1 F1282.1 X143.034 Y79.006 E925.79916
G1 X143.034 Y79.585 E925.82169
G0 F9000 X142.7 Y80.5
G1 F1200 X143.002 Y80.05 E925.84422
G1 F1500 X143.337 Y79.903 E925.85639
G1 X151.663 Y79.902 E926.13331
G1 X151.998 Y80.05 E926.14549
G1 F1200 X152.3 Y80.5 E926.16802
G1 X152.4 Y79.869 E926.19458
G1 F1500 X152.4 Y78.572 E926.23772
G1 X142.6 Y78.572 E926.56367
G1 X142.6 Y79.869 E926.60681
G1 F1200 X142.7 Y80.5 E926.63337
G0 F9000 X142.962 Y80.062
G0 X152.038 Y80.062
G0 X152.3 Y80.5
G1 F991.7 X152.305 Y94.125 E927.31879
G0 F9000 X152.559 Y94.839
G0 X153.215 Y95.013
G0 X153.793 Y94.382
G1 F1271.2 X155.584 Y91.265 E927.45988
G1 F1229.5 X157.376 Y88.148 E927.60577
G0 F9000 X153.215 Y95.013
G0 X152.578 Y95.794
G1 F1694.9 X153.025 Y95.021 E927.63206
G1 X152.752 Y94.95 E927.64036
G1 X152.578 Y94.76 E927.64794
G1 X152.578 Y95.794 E927.67838
G0 F9000 X152.2 Y96.424
G1 F1500 X152.649 Y96.424 E927.69331
G1 X153.336 Y95.235 E927.73898
G1 F1388.9 X153.793 Y94.382 E927.77375
G1 X153.091 Y94.649 E927.80072
G1 F1500 X152.847 Y94.585 E927.80911
G1 F1188.1 X152.305 Y94.125 E927.83897
G1 F1075.3 X152.253 Y94.605 E927.86137
G1 F1327.4 X152.201 Y95.085 E927.87951
G1 F1500 X152.2 Y96.424 E927.92405
G1 F2700 E922.92405
G0 F9000 X152.48 Y96.146
G0 X152.038 Y80.062
G0 X142.962 Y80.062
G0 X142.955 Y89.385
G0 X142.287 Y96.53
G0 X142.116 Y96.824
;TYPE:WALL-OUTER
G1 F2700 E927.92405
G1 F1500 X143.2 Y96.824 E927.9601
G1 X143.2 Y80.5 E928.50304
G1 X143.267 Y80.35 E928.5085
G1 X143.379 Y80.301 E928.51257
G1 X151.621 Y80.3 E928.7867
G1 X151.733 Y80.35 E928.79078
G1 X151.8 Y80.5 E928.79624
G1 X151.8 Y96.824 E929.33918
G1 X152.88 Y96.824 E929.3751
G1 X158.151 Y87.701 E929.72554
G1 X157.117 Y87.7 E929.75993
G1 X153.418 Y94.168 E930.00775
G1 X153.193 Y94.262 E930.01586
G1 X152.949 Y94.198 E930.02425
G1 X152.802 Y94.039 E930.03146
G1 X152.8 Y78.172 E930.55919
G1 X142.2 Y78.172 E930.91175
G1 X142.198 Y94.039 E931.43949
G1 X142.05 Y94.198 E931.44672
G1 X141.802 Y94.262 E931.45523
G1 X141.598 Y94.197 E931.46236
G1 X137.88 Y87.7 E931.71133
G1 X136.848 Y87.7 E931.74565
G1 X142.116 Y96.824 E932.09607
G1 F2700 E927.09607
;MESH:NONMESH
G0 F300 X142.116 Y96.824 Z3.8
G0 F9000 X142.287 Y96.53
G0 X137.227 Y87.92
G0 X136.289 Y88.463
G0 X123.38 Y97.685
G0 X120.947 Y97.679
G0 X116 Y94.46
G0 X116 Y93.329
;TIME_ELAPSED:1749.460206
;LAYER:18
;TYPE:SUPPORT
G1 F2700 E932.09607
G1 F1500 X116 Y93.794 E932.11153
G1 F2700 E927.11153
G0 F9000 X116 Y94.46
G0 X120 Y94.46
G0 X120 Y93.794
G1 F2700 E932.11153
G1 F1500 X120 Y93.329 E932.127
G1 F2700 E927.127
G0 F9000 X120 Y94.46
G0 X126.617 Y116.841
G0 X128.88 Y116.841
G0 X129.262 Y117.5
G0 X123.38 Y127.685
G0 X120.947 Y127.679
G0 X120 Y124.46
G0 X120 Y123.329
G1 F2700 E932.127
G1 F1500 X120 Y123.794 E932.14247
G1 F2700 E927.14247
G0 F9000 X120 Y124.46
G0 X116 Y124.46
G0 X116 Y123.794
G1 F2700 E932.14247
G1 F1500 X116 Y123.329 E932.15793
G1 F2700 E927.15793
G0 F9000 X116 Y124.46
G0 X120.947 Y127.679
G0 X144.053 Y127.679
G0 X148 Y124.46
G0 X148 Y123.329
G1 F2700 E932.15793
G1 F1500 X148 Y123.794 E932.1734
G1 F2700 E927.1734
G0 F9000 X148 Y124.46
G0 X150.947 Y127.679
G0 X153.38 Y127.685
G0 X159.262 Y117.5
G0 X148 Y94.46
G0 X148 Y93.794
G1 F2700 E932.1734
G1 F1500 X148 Y93.329 E932.18886
G0 F9000 X147.653 Y93.329
;TYPE:SUPPORT-INTERFACE
G1 F1500 X150.8 Y90.182 E932.33689
G0 F9000 X150.8 Y89.706
G1 F1500 X144.2 Y83.106 E932.64733
G1 X144.2 Y83.205
G1 X146.106 Y81.3 E932.73696
G0 F9000 X145.788 Y81.3
G1 F1500 X150.8 Y86.312 E932.97271
G0 F9000 X150.8 Y86.788
G1 F1500 X144.259 Y93.329 E933.28038
G1 F2700 E928.28038
G0 F9000 X144.2 Y89.993
G1 F2700 E933.28038
G1 F1500 X150.8 Y83.394 E933.5908
G0 F9000 X150.8 Y82.917
G1 F1500 X149.183 Y81.3 E933.66686
G0 F9000 X149.5 Y81.3
G1 F1500 X144.2 Y86.599 E933.91613
G1 X144.2 Y86.5
G1 X150.8 Y93.1 E934.22657
G1 F2700 E929.22657
G0 F9000 X150.8 Y94.46
G0 X147.635 Y94.46
G0 X147.635 Y93.329
G1 F2700 E934.22657
G1 F1500 X144.2 Y89.894 E934.38815
G1 F2700 E929.38815
G0 F9000 X141.335 Y89.894
G0 X138.383 Y86.841
G0 X136.12 Y86.841
G0 X135.738 Y87.5
G0 X141.335 Y111.3
G0 X145.241 Y111.3
G1 F2700 E934.38815
G1 F1500 X150.8 Y116.859 E934.64963
G0 F9000 X150.8 Y117.335
G1 F1500 X144.806 Y123.329 E934.93156
G1 F2700 E929.93156
G0 F9000 X147.087 Y123.329
G1 F2700 E934.93156
G1 F1500 X144.2 Y120.441 E935.06738
G1 X144.2 Y120.54
G1 X150.8 Y113.941 E935.3778
G0 F9000 X150.8 Y113.465
G1 F1500 X148.635 Y111.3 E935.47964
G0 F9000 X150.047 Y111.3
G1 F1500 X144.2 Y117.146 E935.75464
G1 X144.2 Y117.047
G1 X150.482 Y123.329 E936.05013
G1 F2700 E931.05013
G0 F9000 X148.2 Y123.329
G1 F2700 E936.05013
G1 F1500 X150.8 Y120.729 E936.17242
G0 F9000 X150.8 Y120.253
G1 F1500 X144.2 Y113.653 E936.48287
G1 X144.2 Y113.752
G1 X146.653 Y111.3 E936.59822
G1 F2700 E931.59822
G0 F9000 X146.653 Y107.309
G0 X141.347 Y107.321
G0 X123.665 Y113.394
G0 X120.8 Y113.394
G1 F2700 E936.59822
G1 F1500 X114.201 Y119.993 E936.90862
G0 F9000 X114.2 Y120.988
G1 F1500 X116.54 Y123.329 E937.01871
G0 F9000 X117.653 Y123.329
G1 F1500 X120.8 Y120.182 E937.16674
G0 F9000 X120.8 Y120.8
G1 F1500 X114.2 Y114.2 E937.47718
G0 F9000 X114.201 Y113.205
G1 F1500 X116.106 Y111.299 E937.56681
G0 F9000 X114.694 Y111.3
G1 F1500 X120.8 Y117.406 E937.85402
G0 F9000 X120.8 Y116.788
G1 F1500 X114.259 Y123.329 E938.16168
G1 F2700 E933.16168
G0 F9000 X114.259 Y124.46
G0 X119.935 Y124.46
G0 X119.935 Y123.329
G1 F2700 E938.16168
G1 F1500 X114.2 Y117.594 E938.43144
G0 F9000 X114.201 Y116.599
G1 F1500 X119.5 Y111.299 E938.68071
G0 F9000 X118.088 Y111.3
G1 F1500 X120.8 Y114.012 E938.80828
G1 F2700 E933.80828
G0 F9000 X123.665 Y114.012
G0 X123.653 Y107.321
G0 X120.947 Y97.679
G0 X120.5 Y94.46
G0 X120.5 Y93.329
G1 F2700 E938.80828
G1 F1500 X120.8 Y93.029 E938.82239
G0 F9000 X120.482 Y93.329
G1 F1500 X114.2 Y87.047 E939.11788
G0 F9000 X114.2 Y86.053
G1 F1500 X118.953 Y81.3 E939.34144
G0 F9000 X118.635 Y81.3
G1 F1500 X120.8 Y83.465 E939.44328
G0 F9000 X120.8 Y82.847
G1 F1500 X114.2 Y89.447 E939.75372
G0 F9000 X114.2 Y90.441
G1 F1500 X117.088 Y93.329 E939.88956
G1 X117.106 Y93.329
G1 X120.8 Y89.635 E940.06332
G0 F9000 X120.8 Y90.253
G1 F1500 X114.2 Y83.653 E940.37376
G0 F9000 X114.2 Y82.659
G1 F1500 X115.559 Y81.3 E940.43768
G0 F9000 X115.241 Y81.3
G1 F1500 X120.8 Y86.859 E940.69916
G0 F9000 X120.8 Y86.241
G1 F1500 X114.2 Y92.841 E941.00961
G1 F2700 E936.00961
;MESH:batclipholder.stl(1)
G0 F9000 X112.97 Y92.841
G0 X112.695 Y94.125
;TYPE:WALL-INNER
G1 F2700 E941.00961
G1 F991.7 X112.7 Y80.5 E941.69503
G0 F9000 X113.034 Y79.585
G1 F1282.1 X113.291 Y79.471 E941.70597
G1 X121.709 Y79.471 E942.03355
G1 F1284.8 X121.967 Y79.585 E942.0445
G1 X121.967 Y79.005 E942.06702
G1 F1282.1 X113.034 Y79.006 E942.41464
G1 X113.034 Y79.585 E942.43718
G0 F9000 X122.038 Y80.062
G0 X122.3 Y80.5
G1 F1200 X122.4 Y79.869 E942.46374
G1 F1500 X122.4 Y78.572 E942.50688
G1 X112.6 Y78.572 E942.83282
G1 X112.6 Y79.869 E942.87596
G1 F1200 X112.7 Y80.5 E942.90252
G1 X113.002 Y80.05 E942.92506
G1 F1500 X113.337 Y79.903 E942.93722
G1 X121.663 Y79.902 E943.21415
G1 X121.998 Y80.05 E943.22633
G1 F1200 X122.3 Y80.5 E943.24886
G1 F991.7 X122.305 Y94.125 E943.93428
G0 F9000 X122.559 Y94.839
G0 X123.215 Y95.013
G0 X123.793 Y94.382
G1 F1271.2 X125.584 Y91.265 E944.07537
G1 F1229.5 X127.376 Y88.148 E944.22126
G0 F9000 X123.215 Y95.013
G0 X122.578 Y95.794
G1 F1694.9 X123.025 Y95.021 E944.24754
G1 X122.752 Y94.95 E944.25585
G1 X122.578 Y94.76 E944.26343
G1 X122.578 Y95.794 E944.29387
G0 F9000 X122.2 Y96.424
G1 F1500 X122.649 Y96.424 E944.3088
G1 X123.336 Y95.235 E944.35447
G1 F1388.9 X123.793 Y94.382 E944.38923
G1 X123.091 Y94.649 E944.41621
G1 F1500 X122.847 Y94.585 E944.4246
G1 F1188.1 X122.305 Y94.125 E944.45445
G1 F1075.3 X122.253 Y94.605 E944.47686
G1 F1327.4 X122.201 Y95.085 E944.495
G1 F1500 X122.2 Y96.424 E944.53954
G1 F2700 E939.53954
G0 F9000 X122.48 Y96.146
G0 X122.038 Y80.062
G0 X112.962 Y80.062
G0 X112.422 Y95.799
G1 F2700 E944.53954
G1 F1685.4 X112.422 Y94.76 E944.57029
G1 X112.245 Y94.952 E944.57802
G1 X111.973 Y95.021 E944.58633
G1 X112.422 Y95.799 E944.61292
G0 F9000 X112.8 Y96.424
G1 F1500 X112.8 Y95.089 E944.65732
G1 F1327.4 X112.748 Y94.607 E944.67554
G1 F1075.3 X112.695 Y94.125 E944.69804
G1 F1188.1 X112.15 Y94.586 E944.72801
G1 F1500 X111.902 Y94.649 E944.73653
G1 F1373 X111.263 Y94.477 E944.76057
G1 X111.658 Y95.23 E944.79147
G1 F1500 X112.346 Y96.424 E944.8373
G1 X112.8 Y96.424 E944.8524
G0 F9000 X112.52 Y96.146
G0 X111.263 Y94.477
G1 F1239.7 X107.621 Y88.146 E945.14634
G1 F2700 E940.14634
G0 F9000 X111.785 Y95.013
G0 X112.92 Y96.546
G0 X113.2 Y96.824
;TYPE:WALL-OUTER
G1 F2700 E945.14634
G1 F1500 X113.2 Y80.5 E945.68928
G1 X113.267 Y80.35 E945.69474
G1 X113.379 Y80.301 E945.69881
G1 X121.621 Y80.3 E945.97294
G1 X121.733 Y80.35 E945.97702
G1 X121.8 Y80.5 E945.98248
G1 X121.8 Y96.824 E946.52542
G1 X122.88 Y96.824 E946.56134
G1 X128.151 Y87.701 E946.91178
G1 X127.117 Y87.7 E946.94617
G1 X123.418 Y94.168 E947.19399
G1 X123.193 Y94.262 E947.2021
G1 X122.949 Y94.198 E947.21049
G1 X122.802 Y94.039 E947.2177
G1 X122.8 Y78.172 E947.74543
G1 X112.2 Y78.172 E948.09799
G1 X112.198 Y94.039 E948.62573
G1 X112.05 Y94.198 E948.63296
G1 X111.802 Y94.262 E948.64147
G1 X111.598 Y94.197 E948.6486
G1 X107.88 Y87.7 E948.89757
G1 X106.848 Y87.7 E948.93189
G1 X112.116 Y96.824 E949.28231
G1 X113.2 Y96.824 E949.31836
G1 F2700 E944.31836
;MESH:batclipholder.stl
G0 F9000 X112.92 Y96.546
G0 X112.976 Y97.691
G0 X112.976 Y107.309
G0 X112.976 Y108.404
G0 X113.034 Y109.585
;TYPE:WALL-INNER
G1 F2700 E949.31836
G1 F1282.1 X113.291 Y109.471 E949.3293
G1 X121.709 Y109.471 E949.65688
G1 F1284.8 X121.967 Y109.585 E949.66784
G1 X121.967 Y109.005 E949.69036
G1 F1282.1 X113.034 Y109.006 E950.03798
G1 X113.034 Y109.585 E950.06051
G0 F9000 X122.038 Y110.062
G0 X122.3 Y110.5
G1 F1200 X122.4 Y109.869 E950.08707
G1 F1500 X122.4 Y108.572 E950.13021
G1 X112.6 Y108.572 E950.45616
G1 X112.6 Y109.869 E950.4993
G1 F1200 X112.7 Y110.5 E950.52586
G1 X113.002 Y110.05 E950.54839
G1 F1500 X113.337 Y109.903 E950.56056
G1 X121.663 Y109.902 E950.83748
G1 X121.998 Y110.05 E950.84967
G1 F1200 X122.3 Y110.5 E950.8722
G1 F991.7 X122.305 Y124.125 E951.55762
G0 F9000 X122.559 Y124.839
G0 X123.215 Y125.013
G0 X123.793 Y124.382
G1 F1271.2 X125.584 Y121.265 E951.69871
G1 F1229.5 X127.376 Y118.148 E951.8446
G0 F9000 X123.215 Y125.013
G0 X122.578 Y125.794
G1 F1694.9 X123.025 Y125.021 E951.87088
G1 X122.752 Y124.95 E951.87918
G1 X122.578 Y124.76 E951.88677
G1 X122.578 Y125.794 E951.9172
G0 F9000 X122.2 Y126.424
G1 F1500 X122.649 Y126.424 E951.93214
G1 X123.336 Y125.235 E951.97781
G1 F1388.9 X123.793 Y124.382 E952.01257
G1 X123.091 Y124.649 E952.03955
G1 F1500 X122.847 Y124.585 E952.04794
G1 F1188.1 X122.305 Y124.125 E952.07779
G1 F1075.3 X122.253 Y124.605 E952.10019
G1 F1327.4 X122.201 Y125.085 E952.11834
G1 F1500 X122.2 Y126.424 E952.16287
G1 F2700 E947.16287
G0 F9000 X122.48 Y126.146
G0 X122.038 Y110.062
G0 X112.962 Y110.062
G0 X112.695 Y124.125
G1 F2700 E952.16287
G1 F991.7 X112.7 Y110.5 E952.84829
G0 F9000 X112.441 Y124.839
G0 X111.785 Y125.013
G0 X107.621 Y118.146
G1 F1239.7 X111.263 Y124.477 E953.14223
G0 F9000 X112.422 Y125.799
G1 F1685.4 X112.422 Y124.76 E953.17299
G1 X112.245 Y124.952 E953.18072
G1 X111.973 Y125.021 E953.18903
G1 X112.422 Y125.799 E953.21562
G0 F9000 X112.8 Y126.424
G1 F1500 X112.8 Y125.089 E953.26002
G1 F1327.4 X112.748 Y124.607 E953.27824
G1 F1075.3 X112.695 Y124.125 E953.30074
G1 F1188.1 X112.15 Y124.586 E953.33071
G1 F1500 X111.902 Y124.649 E953.33922
G1 F1373 X111.263 Y124.477 E953.36327
G1 X111.658 Y125.23 E953.39416
G1 F1500 X112.346 Y126.424 E953.44
G1 X112.8 Y126.424 E953.4551
G0 F9000 X113.2 Y126.824
;TYPE:WALL-OUTER
G1 F1500 X113.2 Y110.5 E953.99804
G1 X113.267 Y110.35 E954.0035
G1 X113.379 Y110.301 E954.00757
G1 X121.621 Y110.3 E954.2817
G1 X121.733 Y110.35 E954.28578
G1 X121.8 Y110.5 E954.29124
G1 X121.8 Y126.824 E954.83418
G1 X122.88 Y126.824 E954.8701
G1 X128.151 Y117.701 E955.22054
G1 X127.117 Y117.7 E955.25493
G1 X123.418 Y124.168 E955.50275
G1 X123.193 Y124.262 E955.51086
G1 X122.949 Y124.198 E955.51925
G1 X122.802 Y124.039 E955.52645
G1 X122.8 Y108.172 E956.05419
G1 X112.2 Y108.172 E956.40675
G1 X112.198 Y124.039 E956.93449
G1 X112.05 Y124.198 E956.94171
G1 X111.802 Y124.262 E956.95023
G1 X111.598 Y124.197 E956.95735
G1 X107.88 Y117.7 E957.20632
G1 X106.848 Y117.7 E957.24065
G1 X112.116 Y126.824 E957.59107
G1 X113.2 Y126.824 E957.62712
G1 F2700 E952.62712
;MESH:batclipholder.stl(3)
G0 F9000 X112.92 Y126.546
G0 X112.962 Y110.062
G0 X122.038 Y110.062
G0 X122.559 Y124.839
G0 X123.215 Y125.013
G0 X127.773 Y117.92
G0 X128.712 Y118.462
G0 X136.289 Y118.463
G0 X137.621 Y118.146
;TYPE:WALL-INNER
G1 F2700 E957.62712
G1 F1239.7 X141.263 Y124.477 E957.92106
G0 F9000 X141.785 Y125.013
G0 X142.441 Y124.839
G0 X142.695 Y124.125
G1 F991.7 X142.7 Y110.5 E958.60648
G0 F9000 X143.034 Y109.585
G1 F1282.1 X143.291 Y109.471 E958.61742
G1 X151.709 Y109.471 E958.945
G1 F1284.8 X151.967 Y109.585 E958.95595
G1 X151.967 Y109.005 E958.97847
G1 F1282.1 X143.034 Y109.006 E959.3261
G1 X143.034 Y109.585 E959.34863
G0 F9000 X142.7 Y110.5
G1 F1200 X143.002 Y110.05 E959.37116
G1 F1500 X143.337 Y109.903 E959.38333
G1 X151.663 Y109.902 E959.66025
G1 X151.998 Y110.05 E959.67243
G1 F1200 X152.3 Y110.5 E959.69496
G1 X152.4 Y109.869 E959.72153
G1 F1500 X152.4 Y108.572 E959.76466
G1 X142.6 Y108.572 E960.09061
G1 X142.6 Y109.869 E960.13375
G1 F1200 X142.7 Y110.5 E960.16031
G0 F9000 X142.962 Y110.062
G0 X152.038 Y110.062
G0 X152.3 Y110.5
G1 F991.7 X152.305 Y124.125 E960.84573
G0 F9000 X152.559 Y124.839
G0 X153.215 Y125.013
G0 X153.793 Y124.382
G1 F1271.2 X155.584 Y121.265 E960.98682
G1 F1229.5 X157.376 Y118.148 E961.13271
G0 F9000 X153.215 Y125.013
G0 X152.578 Y125.794
G1 F1694.9 X153.025 Y125.021 E961.159
G1 X152.752 Y124.95 E961.1673
G1 X152.578 Y124.76 E961.17488
G1 X152.578 Y125.794 E961.20532
G0 F9000 X152.2 Y126.424
G1 F1500 X152.649 Y126.424 E961.22025
G1 X153.336 Y125.235 E961.26593
G1 F1388.9 X153.793 Y124.382 E961.30069
G1 X153.091 Y124.649 E961.32767
G1 F1500 X152.847 Y124.585 E961.33606
G1 F1188.1 X152.305 Y124.125 E961.36591
G1 F1075.3 X152.253 Y124.605 E961.38831
G1 F1327.4 X152.201 Y125.085 E961.40645
G1 F1500 X152.2 Y126.424 E961.45099
G1 F2700 E956.45099
G0 F9000 X152.48 Y126.146
G0 X152.038 Y110.062
G0 X142.962 Y110.062
G0 X142.422 Y125.799
G1 F2700 E961.45099
G1 F1685.4 X142.422 Y124.76 E961.48175
G1 X142.245 Y124.952 E961.48948
G1 X141.973 Y125.021 E961.49778
G1 X142.422 Y125.799 E961.52437
G0 F9000 X142.346 Y126.424
G1 F1500 X142.8 Y126.424 E961.53947
G1 X142.8 Y125.089 E961.58387
G1 F1327.4 X142.748 Y124.607 E961.60209
G1 F1075.3 X142.695 Y124.125 E961.62459
G1 F1188.1 X142.15 Y124.586 E961.65457
G1 F1500 X141.902 Y124.649 E961.66308
G1 F1373 X141.263 Y124.477 E961.68712
G1 X141.658 Y125.23 E961.71802
G1 F1500 X142.346 Y126.424 E961.76385
G0 F9000 X142.116 Y126.824
;TYPE:WALL-OUTER
G1 F1500 X143.2 Y126.824 E961.79991
G1 X143.2 Y110.5 E962.34285
G1 X143.267 Y110.35 E962.34831
G1 X143.379 Y110.301 E962.35238
G1 X151.621 Y110.3 E962.62651
G1 X151.733 Y110.35 E962.63059
G1 X151.8 Y110.5 E962.63605
G1 X151.8 Y126.824 E963.17899
G1 X152.88 Y126.824 E963.21491
G1 X158.151 Y117.701 E963.56535
G1 X157.117 Y117.7 E963.59974
G1 X153.418 Y124.168 E963.84756
G1 X153.193 Y124.262 E963.85567
G1 X152.949 Y124.198 E963.86406
G1 X152.802 Y124.039 E963.87126
G1 X152.8 Y108.172 E964.399
G1 X142.2 Y108.172 E964.75156
G1 X142.198 Y124.039 E965.2793
G1 X142.05 Y124.198 E965.28652
G1 X141.802 Y124.262 E965.29504
G1 X141.598 Y124.197 E965.30216
G1 X137.88 Y117.7 E965.55114
G1 X136.848 Y117.7 E965.58546
G1 X142.116 Y126.824 E965.93588
G1 F2700 E960.93588
;MESH:batclipholder.stl(2)
G0 F9000 X142.287 Y126.53
G0 X142.412 Y125.16
G0 X142.424 Y108.398
G0 X142.424 Y107.309
G0 X142.424 Y97.691
G0 X142.424 Y96.596
G0 X142.422 Y95.799
;TYPE:WALL-INNER
G1 F2700 E965.93588
G1 F1685.4 X142.422 Y94.76 E965.96663
G1 X142.245 Y94.952 E965.97436
G1 X141.973 Y95.021 E965.98267
G1 X142.422 Y95.799 E966.00926
G0 F9000 X142.346 Y96.424
G1 F1500 X142.8 Y96.424 E966.02436
G1 X142.8 Y95.089 E966.06876
G1 F1327.4 X142.748 Y94.607 E966.08698
G1 F1075.3 X142.695 Y94.125 E966.10948
G1 F1188.1 X142.15 Y94.586 E966.13945
G1 F1500 X141.902 Y94.649 E966.14796
G1 F1373 X141.263 Y94.477 E966.17201
G1 X141.658 Y95.23 E966.20291
G1 F1500 X142.346 Y96.424 E966.24874
G0 F9000 X142.517 Y96.13
G0 X141.263 Y94.477
G1 F1239.7 X137.621 Y88.146 E966.54268
G0 F9000 X141.785 Y95.013
G0 X142.441 Y94.839
G0 X142.695 Y94.125
G1 F991.7 X142.7 Y80.5 E967.2281
G0 F9000 X143.034 Y79.585
G1 F1282.1 X143.291 Y79.471 E967.23904
G1 X151.709 Y79.471 E967.56662
G1 F1284.8 X151.967 Y79.585 E967.57757
G1 X151.967 Y79.005 E967.6001
G1 F1282.1 X143.034 Y79.006 E967.94772
G1 X143.034 Y79.585 E967.97025
G0 F9000 X142.7 Y80.5
G1 F1200 X143.002 Y80.05 E967.99278
G1 F1500 X143.337 Y79.903 E968.00495
G1 X151.663 Y79.902 E968.28187
G1 X151.998 Y80.05 E968.29405
G1 F1200 X152.3 Y80.5 E968.31659
G1 X152.4 Y79.869 E968.34315
G1 F1500 X152.4 Y78.572 E968.38629
G1 X142.6 Y78.572 E968.71224
G1 X142.6 Y79.869 E968.75537
G1 F1200 X142.7 Y80.5 E968.78193
G0 F9000 X142.962 Y80.062
G0 X152.038 Y80.062
G0 X152.3 Y80.5
G1 F991.7 X152.305 Y94.125 E969.46735
G0 F9000 X152.559 Y94.839
G0 X153.215 Y95.013
G0 X153.793 Y94.382
G1 F1271.2 X155.584 Y91.265 E969.60844
G1 F1229.5 X157.376 Y88.148 E969.75433
G0 F9000 X153.215 Y95.013
G0 X152.578 Y95.794
G1 F1694.9 X153.025 Y95.021 E969.78062
G1 X152.752 Y94.95 E969.78892
G1 X152.578 Y94.76 E969.79651
G1 X152.578 Y95.794 E969.82694
G0 F9000 X152.2 Y96.424
G1 F1500 X152.649 Y96.424 E969.84188
G1 X153.336 Y95.235 E969.88755
G1 F1388.9 X153.793 Y94.382 E969.92231
G1 X153.091 Y94.649 E969.94929
G1 F1500 X152.847 Y94.585 E969.95768
G1 F1188.1 X152.305 Y94.125 E969.98753
G1 F1075.3 X152.253 Y94.605 E970.00993
G1 F1327.4 X152.201 Y95.085 E970.02808
G1 F1500 X152.2 Y96.424 E970.07261
G1 F2700 E965.07261
G0 F9000 X152.48 Y96.146
G0 X152.038 Y80.062
G0 X142.962 Y80.062
G0 X142.955 Y89.385
G0 X142.287 Y96.53
G0 X142.116 Y96.824
;TYPE:WALL-OUTER
G1 F2700 E970.07261
G1 F1500 X143.2 Y96.824 E970.10867
G1 X143.2 Y80.5 E970.6516
G1 X143.267 Y80.35 E970.65707
G1 X143.379 Y80.301 E970.66113
G1 X151.621 Y80.3 E970.93526
G1 X151.733 Y80.35 E970.93934
G1 X151.8 Y80.5 E970.94481
G1 X151.8 Y96.824 E971.48775
G1 X152.88 Y96.824 E971.52367
G1 X158.151 Y87.701 E971.8741
G1 X157.117 Y87.7 E971.90849
G1 X153.418 Y94.168 E972.15632
G1 X153.193 Y94.262 E972.16443
G1 X152.949 Y94.198 E972.17282
G1 X152.802 Y94.039 E972.18002
G1 X152.8 Y78.172 E972.70776
G1 X142.2 Y78.172 E973.06032
G1 X142.198 Y94.039 E973.58805
G1 X142.05 Y94.198 E973.59528
G1 X141.802 Y94.262 E973.6038
G1 X141.598 Y94.197 E973.61092
G1 X137.88 Y87.7 E973.85989
G1 X136.848 Y87.7 E973.89422
G1 X142.116 Y96.824 E974.24463
G1 F2700 E969.24463
;MESH:NONMESH
G0 F300 X142.116 Y96.824 Z4
G0 F9000 X142.287 Y96.53
G0 X137.227 Y87.92
G0 X136.289 Y88.463
G0 X123.38 Y97.685
G0 X120.947 Y97.679
G0 X116 Y94.46
G0 X116 Y93.385
;TIME_ELAPSED:1834.504671
;LAYER:19
;TYPE:SUPPORT
G1 F2700 E974.24463
G1 F1500 X116 Y93.794 E974.25824
G1 F2700 E969.25824
G0 F9000 X116 Y94.46
G0 X120 Y94.46
G0 X120 Y93.794
G1 F2700 E974.25824
G1 F1500 X120 Y93.385 E974.27184
G1 F2700 E969.27184
G0 F9000 X120 Y94.46
G0 X126.617 Y116.841
G0 X128.88 Y116.841
G0 X129.262 Y117.5
G0 X123.38 Y127.685
G0 X120.947 Y127.679
G0 X120 Y124.46
G0 X120 Y123.385
G1 F2700 E974.27184
G1 F1500 X120 Y123.794 E974.28544
G1 F2700 E969.28544
G0 F9000 X120 Y124.46
G0 X116 Y124.46
G0 X116 Y123.794
G1 F2700 E974.28544
G1 F1500 X116 Y123.385 E974.29905
G1 F2700 E969.29905
G0 F9000 X116 Y124.46
G0 X120.947 Y127.679
G0 X144.053 Y127.679
G0 X148 Y124.46
G0 X148 Y123.385
G1 F2700 E974.29905
G1 F1500 X148 Y123.794 E974.31265
G1 F2700 E969.31265
G0 F9000 X148 Y124.46
G0 X150.947 Y127.679
G0 X153.38 Y127.685
G0 X159.262 Y117.5
G0 X148 Y94.46
G0 X148 Y93.794
G1 F2700 E974.31265
G1 F1500 X148 Y93.385 E974.32625
G0 F9000 X147.69 Y93.384
;TYPE:SUPPORT-INTERFACE
G1 F1500 X144.2 Y89.894 E974.49041
G1 X144.2 Y89.993
G1 X150.8 Y83.394 E974.80083
G0 F9000 X150.8 Y82.918
G1 F1500 X149.183 Y81.3 E974.87691
G0 F9000 X149.5 Y81.3
G1 F1500 X144.2 Y86.599 E975.12619
G1 X144.2 Y86.5
G1 X150.8 Y93.101 E975.43665
G1 F2700 E970.43665
G0 F9000 X150.8 Y90.182
G1 F2700 E975.43665
G1 F1500 X147.597 Y93.385 E975.58731
G1 F2700 E970.58731
G0 F9000 X147.597 Y94.46
G0 X144.296 Y94.46
G0 X144.296 Y93.384
G1 F2700 E975.58731
G1 F1500 X144.2 Y93.288 E975.59183
G1 X144.203 Y93.385
G1 X150.8 Y86.788 E975.90213
G0 F9000 X150.8 Y86.312
G1 F1500 X145.788 Y81.3 E976.13788
G0 F9000 X146.106 Y81.3
G1 F1500 X144.2 Y83.205 E976.22751
G1 X144.2 Y83.106
G1 X150.8 Y89.706 E976.53795
G1 F2700 E971.53795
G0 F9000 X153.665 Y89.706
G0 X156.617 Y86.841
G0 X158.88 Y86.841
G0 X159.262 Y87.5
G0 X153.665 Y111.3
G0 X150.047 Y111.3
G1 F2700 E976.53795
G1 F1500 X144.2 Y117.146 E976.81295
G1 X144.2 Y117.047
G1 X150.537 Y123.384 E977.11103
G1 F2700 E972.11103
G0 F9000 X148.144 Y123.385
G1 F2700 E977.11103
G1 F1500 X150.8 Y120.729 E977.23596
G0 F9000 X150.8 Y120.253
G1 F1500 X144.2 Y113.653 E977.5464
G1 X144.2 Y113.752
G1 X146.653 Y111.3 E977.66176
G0 F9000 X145.241 Y111.3
G1 F1500 X150.8 Y116.859 E977.92324
G0 F9000 X150.8 Y117.335
G1 F1500 X144.75 Y123.384 E978.20779
G1 F2700 E973.20779
G0 F9000 X147.143 Y123.384
G1 F2700 E978.20779
G1 F1500 X144.2 Y120.441 E978.34622
G1 X144.2 Y120.54
G1 X150.8 Y113.941 E978.65664
G0 F9000 X150.8 Y113.465
G1 F1500 X148.635 Y111.3 E978.75847
G1 F2700 E973.75847
G0 F9000 X148.635 Y107.309
G0 X141.347 Y107.321
G0 X123.665 Y113.394
G0 X120.8 Y113.394
G1 F2700 E978.75847
G1 F1500 X114.201 Y119.993 E979.06887
G0 F9000 X114.2 Y120.988
G1 F1500 X116.596 Y123.384 E979.18157
G0 F9000 X117.597 Y123.385
G1 F1500 X120.8 Y120.182 E979.33223
G0 F9000 X120.8 Y120.8
G1 F1500 X114.2 Y114.2 E979.64267
G0 F9000 X114.201 Y113.205
G1 F1500 X116.106 Y111.299 E979.7323
G0 F9000 X114.694 Y111.3
G1 F1500 X120.8 Y117.406 E980.01951
G0 F9000 X120.8 Y116.788
G1 F1500 X114.203 Y123.384 E980.32979
G1 F2700 E975.32979
G0 F9000 X114.203 Y124.46
G0 X119.99 Y124.46
G0 X119.99 Y123.384
G1 F2700 E980.32979
G1 F1500 X114.2 Y117.594 E980.60213
G0 F9000 X114.201 Y116.599
G1 F1500 X119.5 Y111.299 E980.8514
G0 F9000 X118.088 Y111.3
G1 F1500 X120.8 Y114.012 E980.97897
G1 F2700 E975.97897
G0 F9000 X123.665 Y114.012
G0 X123.653 Y107.321
G0 X120.947 Y97.679
G0 X120.538 Y94.46
G0 X120.538 Y93.385
G1 F2700 E980.97897
G1 F1500 X114.2 Y87.047 E981.27709
G0 F9000 X114.2 Y86.053
G1 F1500 X118.953 Y81.3 E981.50065
G0 F9000 X118.635 Y81.3
G1 F1500 X120.8 Y83.465 E981.60249
G0 F9000 X120.8 Y82.847
G1 F1500 X114.2 Y89.447 E981.91293
G0 F9000 X114.2 Y90.441
G1 F1500 X117.143 Y93.384 E982.05136
G1 X117.05 Y93.385
G1 X120.8 Y89.635 E982.22775
G0 F9000 X120.8 Y90.253
G1 F1500 X114.2 Y83.653 E982.5382
G0 F9000 X114.2 Y82.659
G1 F1500 X115.559 Y81.3 E982.60212
G0 F9000 X115.241 Y81.3
G1 F1500 X120.8 Y86.859 E982.8636
G0 F9000 X120.8 Y86.241
G1 F1500 X114.2 Y92.841 E983.17404
G1 F2700 E978.17404
G0 F9000 X114.2 Y94.46
G0 X120.444 Y94.46
G0 X120.444 Y93.385
G1 F2700 E983.17404
G1 F1500 X120.8 Y93.029 E983.19079
G1 F2700 E978.19079
;MESH:batclipholder.stl(1)
G0 F9000 X122.03 Y93.029
G0 X122.305 Y94.125
;TYPE:WALL-INNER
G1 F2700 E983.19079
G1 F991.7 X122.3 Y80.5 E983.8762
G0 F9000 X122.559 Y94.839
G0 X123.215 Y95.013
G0 X127.376 Y88.148
G1 F1229.5 X125.584 Y91.265 E984.0221
G1 F1271.2 X123.793 Y94.382 E984.16319
G0 F9000 X122.578 Y95.794
G1 F1694.9 X123.025 Y95.021 E984.18947
G1 X122.752 Y94.95 E984.19777
G1 X122.578 Y94.76 E984.20536
G1 X122.578 Y95.794 E984.23579
G0 F9000 X122.2 Y96.424
G1 F1500 X122.649 Y96.424 E984.25073
G1 X123.336 Y95.235 E984.2964
G1 F1388.9 X123.793 Y94.382 E984.33116
G1 X123.091 Y94.649 E984.35814
G1 F1500 X122.847 Y94.585 E984.36653
G1 F1188.1 X122.305 Y94.125 E984.39638
G1 F1075.3 X122.253 Y94.605 E984.41878
G1 F1327.4 X122.201 Y95.085 E984.43693
G1 F1500 X122.2 Y96.424 E984.48146
G1 F2700 E979.48146
G0 F9000 X122.48 Y96.146
G0 X122.038 Y80.062
G0 X112.962 Y80.062
G0 X112.695 Y94.125
G1 F2700 E984.48146
G1 F991.7 X112.7 Y80.5 E985.16688
G0 F9000 X113.034 Y79.585
G1 F1282.1 X113.291 Y79.471 E985.17782
G1 X121.709 Y79.471 E985.5054
G1 F1284.8 X121.967 Y79.585 E985.51636
G1 X121.967 Y79.005 E985.53888
G1 F1282.1 X113.034 Y79.006 E985.8865
G1 X113.034 Y79.585 E985.90903
G0 F9000 X122.038 Y80.062
G0 X122.3 Y80.5
G1 F1200 X122.4 Y79.869 E985.93559
G1 F1500 X122.4 Y78.572 E985.97873
G1 X112.6 Y78.572 E986.30468
G1 X112.6 Y79.869 E986.34782
G1 F1200 X112.7 Y80.5 E986.37438
G1 X113.002 Y80.05 E986.39691
G1 F1500 X113.337 Y79.903 E986.40908
G1 X121.663 Y79.902 E986.686
G1 X121.998 Y80.05 E986.69818
G1 F1200 X122.3 Y80.5 E986.72072
G1 F2700 E981.72072
G0 F9000 X122.038 Y80.062
G0 X112.962 Y80.062
G0 X112.441 Y94.839
G0 X111.785 Y95.013
G0 X107.621 Y88.146
G1 F2700 E986.72072
G1 F1239.7 X111.263 Y94.477 E987.01466
G0 F9000 X112.422 Y95.799
G1 F1685.4 X112.422 Y94.76 E987.04541
G1 X112.245 Y94.952 E987.05314
G1 X111.973 Y95.021 E987.06145
G1 X112.422 Y95.799 E987.08804
G0 F9000 X112.8 Y96.424
G1 F1500 X112.8 Y95.089 E987.13244
G1 F1327.4 X112.748 Y94.607 E987.15066
G1 F1075.3 X112.695 Y94.125 E987.17316
G1 F1188.1 X112.15 Y94.586 E987.20313
G1 F1500 X111.902 Y94.649 E987.21164
G1 F1373 X111.263 Y94.477 E987.23569
G1 X111.658 Y95.23 E987.26659
G1 F1500 X112.346 Y96.424 E987.31242
G1 X112.8 Y96.424 E987.32752
G0 F9000 X113.2 Y96.824
;TYPE:WALL-OUTER
G1 F1500 X113.2 Y80.5 E987.87046
G1 X113.267 Y80.35 E987.87592
G1 X113.379 Y80.301 E987.87999
G1 X121.621 Y80.3 E988.15412
G1 X121.733 Y80.35 E988.1582
G1 X121.8 Y80.5 E988.16366
G1 X121.8 Y96.824 E988.7066
G1 X122.88 Y96.824 E988.74252
G1 X128.151 Y87.701 E989.09296
G1 X127.117 Y87.7 E989.12735
G1 X123.418 Y94.168 E989.37517
G1 X123.193 Y94.262 E989.38328
G1 X122.949 Y94.198 E989.39167
G1 X122.802 Y94.039 E989.39888
G1 X122.8 Y78.172 E989.92661
G1 X112.2 Y78.172 E990.27917
G1 X112.198 Y94.039 E990.80691
G1 X112.05 Y94.198 E990.81413
G1 X111.802 Y94.262 E990.82265
G1 X111.598 Y94.197 E990.82977
G1 X107.88 Y87.7 E991.07875
G1 X106.848 Y87.7 E991.11307
G1 X112.116 Y96.824 E991.46349
G1 X113.2 Y96.824 E991.49954
G1 F2700 E986.49954
;MESH:batclipholder.stl
G0 F9000 X112.92 Y96.546
G0 X112.976 Y97.691
G0 X112.976 Y107.309
G0 X112.976 Y108.404
G0 X113.034 Y109.585
;TYPE:WALL-INNER
G1 F2700 E991.49954
G1 F1282.1 X113.291 Y109.471 E991.51048
G1 X121.709 Y109.471 E991.83806
G1 F1284.8 X121.967 Y109.585 E991.84902
G1 X121.967 Y109.005 E991.87154
G1 F1282.1 X113.034 Y109.006 E992.21916
G1 X113.034 Y109.585 E992.24169
G0 F9000 X122.038 Y110.062
G0 X122.3 Y110.5
G1 F1200 X122.4 Y109.869 E992.26825
G1 F1500 X122.4 Y108.572 E992.31139
G1 X112.6 Y108.572 E992.63734
G1 X112.6 Y109.869 E992.68048
G1 F1200 X112.7 Y110.5 E992.70704
G1 X113.002 Y110.05 E992.72957
G1 F1500 X113.337 Y109.903 E992.74174
G1 X121.663 Y109.902 E993.01866
G1 X121.998 Y110.05 E993.03085
G1 F1200 X122.3 Y110.5 E993.05338
G1 F991.7 X122.305 Y124.125 E993.7388
G0 F9000 X122.559 Y124.839
G0 X123.215 Y125.013
G0 X123.793 Y124.382
G1 F1271.2 X125.584 Y121.265 E993.87988
G1 F1229.5 X127.376 Y118.148 E994.02578
G0 F9000 X123.215 Y125.013
G0 X122.578 Y125.794
G1 F1694.9 X123.025 Y125.021 E994.05206
G1 X122.752 Y124.95 E994.06036
G1 X122.578 Y124.76 E994.06795
G1 X122.578 Y125.794 E994.09838
G0 F9000 X122.2 Y126.424
G1 F1500 X122.649 Y126.424 E994.11332
G1 X123.336 Y125.235 E994.15899
G1 F1388.9 X123.793 Y124.382 E994.19375
G1 X123.091 Y124.649 E994.22073
G1 F1500 X122.847 Y124.585 E994.22912
G1 F1188.1 X122.305 Y124.125 E994.25897
G1 F1075.3 X122.253 Y124.605 E994.28137
G1 F1327.4 X122.201 Y125.085 E994.29952
G1 F1500 X122.2 Y126.424 E994.34405
G1 F2700 E989.34405
G0 F9000 X122.48 Y126.146
G0 X122.038 Y110.062
G0 X112.962 Y110.062
G0 X112.695 Y124.125
G1 F2700 E994.34405
G1 F991.7 X112.7 Y110.5 E995.02947
G0 F9000 X112.441 Y124.839
G0 X111.785 Y125.013
G0 X107.621 Y118.146
G1 F1239.7 X111.263 Y124.477 E995.32341
G0 F9000 X112.422 Y125.799
G1 F1685.4 X112.422 Y124.76 E995.35417
G1 X112.245 Y124.952 E995.3619
G1 X111.973 Y125.021 E995.3702
G1 X112.422 Y125.799 E995.39679
G0 F9000 X112.8 Y126.424
G1 F1500 X112.8 Y125.089 E995.4412
G1 F1327.4 X112.748 Y124.607 E995.45942
G1 F1075.3 X112.695 Y124.125 E995.48192
G1 F1188.1 X112.15 Y124.586 E995.51189
G1 F1500 X111.902 Y124.649 E995.5204
G1 F1373 X111.263 Y124.477 E995.54445
G1 X111.658 Y125.23 E995.57534
G1 F1500 X112.346 Y126.424 E995.62118
G1 X112.8 Y126.424 E995.63628
G0 F9000 X113.2 Y126.824
;TYPE:WALL-OUTER
G1 F1500 X113.2 Y110.5 E996.17922
G1 X113.267 Y110.35 E996.18468
G1 X113.379 Y110.301 E996.18875
G1 X121.621 Y110.3 E996.46288
G1 X121.733 Y110.35 E996.46696
G1 X121.8 Y110.5 E996.47242
G1 X121.8 Y126.824 E997.01536
G1 X122.88 Y126.824 E997.05128
G1 X128.151 Y117.701 E997.40172
G1 X127.117 Y117.7 E997.43611
G1 X123.418 Y124.168 E997.68393
G1 X123.193 Y124.262 E997.69204
G1 X122.949 Y124.198 E997.70043
G1 X122.802 Y124.039 E997.70763
G1 X122.8 Y108.172 E998.23537
G1 X112.2 Y108.172 E998.58793
G1 X112.198 Y124.039 E999.11567
G1 X112.05 Y124.198 E999.12289
G1 X111.802 Y124.262 E999.13141
G1 X111.598 Y124.197 E999.13853
G1 X107.88 Y117.7 E999.3875
G1 X106.848 Y117.7 E999.42183
G1 X112.116 Y126.824 E999.77224
G1 X113.2 Y126.824 E999.8083
G1 F2700 E994.8083
;MESH:batclipholder.stl(3)
G0 F9000 X112.92 Y126.546
G0 X112.962 Y110.062
G0 X122.038 Y110.062
G0 X122.559 Y124.839
G0 X123.215 Y125.013
G0 X127.773 Y117.92
G0 X128.712 Y118.462
G0 X136.289 Y118.463
G0 X137.621 Y118.146
;TYPE:WALL-INNER
G1 F2700 E999.8083
G1 F1239.7 X141.263 Y124.477 E1000.10224
G0 F9000 X141.785 Y125.013
G0 X142.441 Y124.839
G0 X142.695 Y124.125
G1 F991.7 X142.7 Y110.5 E1000.78766
G0 F9000 X143.034 Y109.585
G1 F1282.1 X143.291 Y109.471 E1000.7986
G1 X151.709 Y109.471 E1001.12618
G1 F1284.8 X151.967 Y109.585 E1001.13713
G1 X151.967 Y109.005 E1001.15965
G1 F1282.1 X143.034 Y109.006 E1001.50728
G1 X143.034 Y109.585 E1001.52981
G0 F9000 X142.7 Y110.5
G1 F1200 X143.002 Y110.05 E1001.55234
G1 F1500 X143.337 Y109.903 E1001.56451
G1 X151.663 Y109.902 E1001.84143
G1 X151.998 Y110.05 E1001.85361
G1 F1200 X152.3 Y110.5 E1001.87614
G1 X152.4 Y109.869 E1001.9027
G1 F1500 X152.4 Y108.572 E1001.94584
G1 X142.6 Y108.572 E1002.27179
G1 X142.6 Y109.869 E1002.31493
G1 F1200 X142.7 Y110.5 E1002.34149
G0 F9000 X142.962 Y110.062
G0 X152.038 Y110.062
G0 X152.3 Y110.5
G1 F991.7 X152.305 Y124.125 E1003.02691
G0 F9000 X152.559 Y124.839
G0 X153.215 Y125.013
G0 X153.793 Y124.382
G1 F1271.2 X155.584 Y121.265 E1003.168
G1 F1229.5 X157.376 Y118.148 E1003.31389
G0 F9000 X153.215 Y125.013
G0 X152.578 Y125.794
G1 F1694.9 X153.025 Y125.021 E1003.34018
G1 X152.752 Y124.95 E1003.34848
G1 X152.578 Y124.76 E1003.35606
G1 X152.578 Y125.794 E1003.3865
G0 F9000 X152.2 Y126.424
G1 F1500 X152.649 Y126.424 E1003.40143
G1 X153.336 Y125.235 E1003.44711
G1 F1388.9 X153.793 Y124.382 E1003.48187
G1 X153.091 Y124.649 E1003.50884
G1 F1500 X152.847 Y124.585 E1003.51723
G1 F1188.1 X152.305 Y124.125 E1003.54709
G1 F1075.3 X152.253 Y124.605 E1003.56949
G1 F1327.4 X152.201 Y125.085 E1003.58763
G1 F1500 X152.2 Y126.424 E1003.63217
G1 F2700 E998.63217
G0 F9000 X152.48 Y126.146
G0 X152.038 Y110.062
G0 X142.962 Y110.062
G0 X142.422 Y125.799
G1 F2700 E1003.63217
G1 F1685.4 X142.422 Y124.76 E1003.66292
G1 X142.245 Y124.952 E1003.67065
G1 X141.973 Y125.021 E1003.67896
G1 X142.422 Y125.799 E1003.70555
G0 F9000 X142.346 Y126.424
G1 F1500 X142.8 Y126.424 E1003.72065
G1 X142.8 Y125.089 E1003.76505
G1 F1327.4 X142.748 Y124.607 E1003.78327
G1 F1075.3 X142.695 Y124.125 E1003.80577
G1 F1188.1 X142.15 Y124.586 E1003.83575
G1 F1500 X141.902 Y124.649 E1003.84426
G1 F1373 X141.263 Y124.477 E1003.8683
G1 X141.658 Y125.23 E1003.8992
G1 F1500 X142.346 Y126.424 E1003.94503
G0 F9000 X142.116 Y126.824
;TYPE:WALL-OUTER
G1 F1500 X143.2 Y126.824 E1003.98109
G1 X143.2 Y110.5 E1004.52403
G1 X143.267 Y110.35 E1004.52949
G1 X143.379 Y110.301 E1004.53356
G1 X151.621 Y110.3 E1004.80769
G1 X151.733 Y110.35 E1004.81177
G1 X151.8 Y110.5 E1004.81723
G1 X151.8 Y126.824 E1005.36017
G1 X152.88 Y126.824 E1005.39609
G1 X158.151 Y117.701 E1005.74653
G1 X157.117 Y117.7 E1005.78092
G1 X153.418 Y124.168 E1006.02874
G1 X153.193 Y124.262 E1006.03685
G1 X152.949 Y124.198 E1006.04524
G1 X152.802 Y124.039 E1006.05244
G1 X152.8 Y108.172 E1006.58018
G1 X142.2 Y108.172 E1006.93274
G1 X142.198 Y124.039 E1007.46048
G1 X142.05 Y124.198 E1007.4677
G1 X141.802 Y124.262 E1007.47622
G1 X141.598 Y124.197 E1007.48334
G1 X137.88 Y117.7 E1007.73231
G1 X136.848 Y117.7 E1007.76664
G1 X142.116 Y126.824 E1008.11705
G1 F2700 E1003.11705
;MESH:batclipholder.stl(2)
G0 F9000 X142.287 Y126.53
G0 X142.412 Y125.16
G0 X142.424 Y108.398
G0 X142.424 Y107.309
G0 X142.424 Y97.691
G0 X142.424 Y96.596
G0 X142.422 Y95.799
;TYPE:WALL-INNER
G1 F2700 E1008.11705
G1 F1685.4 X142.422 Y94.76 E1008.14781
G1 X142.245 Y94.952 E1008.15554
G1 X141.973 Y95.021 E1008.16385
G1 X142.422 Y95.799 E1008.19044
G0 F9000 X142.346 Y96.424
G1 F1500 X142.8 Y96.424 E1008.20554
G1 X142.8 Y95.089 E1008.24994
G1 F1327.4 X142.748 Y94.607 E1008.26816
G1 F1075.3 X142.695 Y94.125 E1008.29066
G1 F1188.1 X142.15 Y94.586 E1008.32063
G1 F1500 X141.902 Y94.649 E1008.32914
G1 F1373 X141.263 Y94.477 E1008.35319
G1 X141.658 Y95.23 E1008.38409
G1 F1500 X142.346 Y96.424 E1008.42992
G0 F9000 X142.517 Y96.13
G0 X141.263 Y94.477
G1 F1239.7 X137.621 Y88.146 E1008.72386
G0 F9000 X141.785 Y95.013
G0 X142.441 Y94.839
G0 X142.695 Y94.125
G1 F991.7 X142.7 Y80.5 E1009.40928
G0 F9000 X143.034 Y79.585
G1 F1282.1 X143.291 Y79.471 E1009.42022
G1 X151.709 Y79.471 E1009.7478
G1 F1284.8 X151.967 Y79.585 E1009.75875
G1 X151.967 Y79.005 E1009.78128
G1 F1282.1 X143.034 Y79.006 E1010.1289
G1 X143.034 Y79.585 E1010.15143
G0 F9000 X142.7 Y80.5
G1 F1200 X143.002 Y80.05 E1010.17396
G1 F1500 X143.337 Y79.903 E1010.18613
G1 X151.663 Y79.902 E1010.46305
G1 X151.998 Y80.05 E1010.47523
G1 F1200 X152.3 Y80.5 E1010.49777
G1 X152.4 Y79.869 E1010.52433
G1 F1500 X152.4 Y78.572 E1010.56746
G1 X142.6 Y78.572 E1010.89341
G1 X142.6 Y79.869 E1010.93655
G1 F1200 X142.7 Y80.5 E1010.96311
G0 F9000 X142.962 Y80.062
G0 X152.038 Y80.062
G0 X152.3 Y80.5
G1 F991.7 X152.305 Y94.125 E1011.64853
G0 F9000 X152.559 Y94.839
G0 X153.215 Y95.013
G0 X153.793 Y94.382
G1 F1271.2 X155.584 Y91.265 E1011.78962
G1 F1229.5 X157.376 Y88.148 E1011.93551
G0 F9000 X153.215 Y95.013
G0 X152.578 Y95.794
G1 F1694.9 X153.025 Y95.021 E1011.9618
G1 X152.752 Y94.95 E1011.9701
G1 X152.578 Y94.76 E1011.97768
G1 X152.578 Y95.794 E1012.00812
G0 F9000 X152.2 Y96.424
G1 F1500 X152.649 Y96.424 E1012.02305
G1 X153.336 Y95.235 E1012.06873
G1 F1388.9 X153.793 Y94.382 E1012.10349
G1 X153.091 Y94.649 E1012.13047
G1 F1500 X152.847 Y94.585 E1012.13886
G1 F1188.1 X152.305 Y94.125 E1012.16871
G1 F1075.3 X152.253 Y94.605 E1012.19111
G1 F1327.4 X152.201 Y95.085 E1012.20926
G1 F1500 X152.2 Y96.424 E1012.25379
G1 F2700 E1007.25379
G0 F9000 X152.48 Y96.146
G0 X152.038 Y80.062
G0 X142.962 Y80.062
G0 X142.955 Y89.385
G0 X142.287 Y96.53
G0 X142.116 Y96.824
;TYPE:WALL-OUTER
G1 F2700 E1012.25379
G1 F1500 X143.2 Y96.824 E1012.28984
G1 X143.2 Y80.5 E1012.83278
G1 X143.267 Y80.35 E1012.83825
G1 X143.379 Y80.301 E1012.84231
G1 X151.621 Y80.3 E1013.11644
G1 X151.733 Y80.35 E1013.12052
G1 X151.8 Y80.5 E1013.12599
G1 X151.8 Y96.824 E1013.66893
G1 X152.88 Y96.824 E1013.70485
G1 X158.151 Y87.701 E1014.05528
G1 X157.117 Y87.7 E1014.08967
G1 X153.418 Y94.168 E1014.3375
G1 X153.193 Y94.262 E1014.34561
G1 X152.949 Y94.198 E1014.354
G1 X152.802 Y94.039 E1014.3612
G1 X152.8 Y78.172 E1014.88894
G1 X142.2 Y78.172 E1015.24149
G1 X142.198 Y94.039 E1015.76923
G1 X142.05 Y94.198 E1015.77646
G1 X141.802 Y94.262 E1015.78498
G1 X141.598 Y94.197 E1015.7921
G1 X137.88 Y87.7 E1016.04107
G1 X136.848 Y87.7 E1016.07539
G1 X142.116 Y96.824 E1016.42581
G1 F2700 E1011.42581
;MESH:NONMESH
G0 F300 X142.116 Y96.824 Z4.2
G0 F9000 X142.287 Y96.53
G0 X137.227 Y87.92
G0 X136.289 Y88.463
G0 X123.38 Y97.685
G0 X120.947 Y97.679
G0 X116 Y94.46
G0 X116 Y93.385
;TIME_ELAPSED:1921.183107
;LAYER:20
;TYPE:SUPPORT
G1 F2700 E1016.42581
G1 F1500 X116 Y93.794 E1016.43941
G1 F2700 E1011.43941
G0 F9000 X116 Y94.46
G0 X120 Y94.46
G0 X120 Y93.794
G1 F2700 E1016.43941
G1 F1500 X120 Y93.385 E1016.45302
G1 F2700 E1011.45302
G0 F9000 X120 Y123.385
G1 F2700 E1016.45302
G1 F1500 X120 Y123.794 E1016.46662
G1 F2700 E1011.46662
G0 F9000 X120 Y124.46
G0 X116 Y124.46
G0 X116 Y123.794
G1 F2700 E1016.46662
G1 F1500 X116 Y123.385 E1016.48022
G1 F2700 E1011.48022
G0 F9000 X148 Y123.385
G1 F2700 E1016.48022
G1 F1500 X148 Y123.794 E1016.49383
G1 F2700 E1011.49383
G0 F9000 X148 Y93.794
G1 F2700 E1016.49383
G1 F1500 X148 Y93.385 E1016.50743
G1 F2700 E1011.50743
;MESH:batclipholder.stl(1)
G0 F9000 X127.773 Y87.92
G0 X127.376 Y88.148
;TYPE:WALL-INNER
G1 F2700 E1016.50743
G1 F1229.5 X125.584 Y91.265 E1016.65332
G1 F1271.2 X123.793 Y94.382 E1016.79441
G0 F9000 X123.215 Y95.013
G0 X122.559 Y94.839
G0 X122.305 Y94.125
G1 F991.7 X122.3 Y80.5 E1017.47983
G0 F9000 X122.038 Y80.062
G0 X113.034 Y79.585
G1 F1282.1 X113.291 Y79.471 E1017.49077
G1 X121.709 Y79.471 E1017.81835
G1 F1284.8 X121.967 Y79.585 E1017.82931
G1 X121.967 Y79.005 E1017.85183
G1 F1282.1 X113.034 Y79.006 E1018.19945
G1 X113.034 Y79.585 E1018.22198
G0 F9000 X122.038 Y80.062
G0 X122.3 Y80.5
G1 F1200 X122.4 Y79.869 E1018.24854
G1 F1500 X122.4 Y78.572 E1018.29168
G1 X112.6 Y78.572 E1018.61763
G1 X112.6 Y79.869 E1018.66077
G1 F1200 X112.7 Y80.5 E1018.68733
G1 X113.002 Y80.05 E1018.70986
G1 F1500 X113.337 Y79.903 E1018.72203
G1 X121.663 Y79.902 E1018.99895
G1 X121.998 Y80.05 E1019.01113
G1 F1200 X122.3 Y80.5 E1019.03367
G0 F9000 X122.038 Y80.062
G0 X112.962 Y80.062
G0 X112.7 Y80.5
G1 F991.7 X112.695 Y94.125 E1019.71908
G0 F9000 X112.441 Y94.839
G0 X111.785 Y95.013
G0 X111.263 Y94.477
G1 F1239.7 X107.621 Y88.146 E1020.01302
G0 F9000 X111.785 Y95.013
G0 X112.422 Y95.799
G1 F1685.4 X112.422 Y94.76 E1020.04378
G1 X112.245 Y94.952 E1020.05151
G1 X111.973 Y95.021 E1020.05982
G1 X112.422 Y95.799 E1020.08641
G0 F9000 X112.8 Y96.424
G1 F1500 X112.8 Y95.089 E1020.13081
G1 F1327.4 X112.748 Y94.607 E1020.14903
G1 F1075.3 X112.695 Y94.125 E1020.17153
G1 F1188.1 X112.15 Y94.586 E1020.2015
G1 F1500 X111.902 Y94.649 E1020.21001
G1 F1373 X111.263 Y94.477 E1020.23406
G1 X111.658 Y95.23 E1020.26496
G1 F1500 X112.346 Y96.424 E1020.31079
G1 X112.8 Y96.424 E1020.32589
G1 F2700 E1015.32589
G0 F9000 X112.52 Y96.146
G0 X112.962 Y80.062
G0 X122.038 Y80.062
G0 X122.578 Y95.794
G1 F2700 E1020.32589
G1 F1694.9 X123.025 Y95.021 E1020.35217
G1 X122.752 Y94.95 E1020.36048
G1 X122.578 Y94.76 E1020.36806
G1 X122.578 Y95.794 E1020.3985
G0 F9000 X122.2 Y96.424
G1 F1500 X122.649 Y96.424 E1020.41343
G1 X123.336 Y95.235 E1020.4591
G1 F1388.9 X123.793 Y94.382 E1020.49386
G1 X123.091 Y94.649 E1020.52084
G1 F1500 X122.847 Y94.585 E1020.52923
G1 F1188.1 X122.305 Y94.125 E1020.55908
G1 F1075.3 X122.253 Y94.605 E1020.58149
G1 F1327.4 X122.201 Y95.085 E1020.59963
G1 F1500 X122.2 Y96.424 E1020.64417
G1 F2700 E1015.64417
G0 F9000 X122.48 Y96.146
G0 X122.038 Y80.062
G0 X112.962 Y80.062
G0 X112.92 Y96.546
G0 X113.2 Y96.824
;TYPE:WALL-OUTER
G1 F2700 E1020.64417
G1 F1500 X113.2 Y80.5 E1021.18711
G1 X113.267 Y80.35 E1021.19257
G1 X113.379 Y80.301 E1021.19664
G1 X121.621 Y80.3 E1021.47077
G1 X121.733 Y80.35 E1021.47485
G1 X121.8 Y80.5 E1021.48031
G1 X121.8 Y96.824 E1022.02325
G1 X122.88 Y96.824 E1022.05917
G1 X128.151 Y87.701 E1022.40961
G1 X127.117 Y87.7 E1022.444
G1 X123.418 Y94.168 E1022.69182
G1 X123.193 Y94.262 E1022.69993
G1 X122.949 Y94.198 E1022.70832
G1 X122.802 Y94.039 E1022.71552
G1 X122.8 Y78.172 E1023.24326
G1 X112.2 Y78.172 E1023.59582
G1 X112.198 Y94.039 E1024.12356
G1 X112.05 Y94.198 E1024.13078
G1 X111.802 Y94.262 E1024.1393
G1 X111.598 Y94.197 E1024.14642
G1 X107.88 Y87.7 E1024.39539
G1 X106.848 Y87.7 E1024.42972
G1 X112.116 Y96.824 E1024.78013
G1 X113.2 Y96.824 E1024.81619
G1 F2700 E1019.81619
;MESH:batclipholder.stl
G0 F9000 X112.92 Y96.546
G0 X112.976 Y97.691
G0 X112.976 Y107.309
G0 X112.976 Y108.404
G0 X113.034 Y109.585
;TYPE:WALL-INNER
G1 F2700 E1024.81619
G1 F1282.1 X113.291 Y109.471 E1024.82713
G1 X121.709 Y109.471 E1025.15471
G1 F1284.8 X121.967 Y109.585 E1025.16566
G1 X121.967 Y109.005 E1025.18818
G1 F1282.1 X113.034 Y109.006 E1025.53581
G1 X113.034 Y109.585 E1025.55834
G0 F9000 X122.038 Y110.062
G0 X122.3 Y110.5
G1 F1200 X122.4 Y109.869 E1025.5849
G1 F1500 X122.4 Y108.572 E1025.62804
G1 X112.6 Y108.572 E1025.95399
G1 X112.6 Y109.869 E1025.99713
G1 F1200 X112.7 Y110.5 E1026.02369
G1 X113.002 Y110.05 E1026.04622
G1 F1500 X113.337 Y109.903 E1026.05839
G1 X121.663 Y109.902 E1026.33531
G1 X121.998 Y110.05 E1026.34749
G1 F1200 X122.3 Y110.5 E1026.37002
G1 F991.7 X122.305 Y124.125 E1027.05544
G0 F9000 X122.559 Y124.839
G0 X123.215 Y125.013
G0 X123.793 Y124.382
G1 F1271.2 X125.584 Y121.265 E1027.19653
G1 F1229.5 X127.376 Y118.148 E1027.34242
G0 F9000 X123.215 Y125.013
G0 X122.578 Y125.794
G1 F1694.9 X123.025 Y125.021 E1027.36871
G1 X122.752 Y124.95 E1027.37701
G1 X122.578 Y124.76 E1027.38459
G1 X122.578 Y125.794 E1027.41503
G0 F9000 X122.2 Y126.424
G1 F1500 X122.649 Y126.424 E1027.42996
G1 X123.336 Y125.235 E1027.47564
G1 F1388.9 X123.793 Y124.382 E1027.5104
G1 X123.091 Y124.649 E1027.53738
G1 F1500 X122.847 Y124.585 E1027.54577
G1 F1188.1 X122.305 Y124.125 E1027.57562
G1 F1075.3 X122.253 Y124.605 E1027.59802
G1 F1327.4 X122.201 Y125.085 E1027.61616
G1 F1500 X122.2 Y126.424 E1027.6607
G1 F2700 E1022.6607
G0 F9000 X122.48 Y126.146
G0 X122.038 Y110.062
G0 X112.962 Y110.062
G0 X112.695 Y124.125
G1 F2700 E1027.6607
G1 F991.7 X112.7 Y110.5 E1028.34612
G0 F9000 X112.441 Y124.839
G0 X111.785 Y125.013
G0 X107.621 Y118.146
G1 F1239.7 X111.263 Y124.477 E1028.64006
G0 F9000 X112.422 Y125.799
G1 F1685.4 X112.422 Y124.76 E1028.67081
G1 X112.245 Y124.952 E1028.67854
G1 X111.973 Y125.021 E1028.68685
G1 X112.422 Y125.799 E1028.71344
G0 F9000 X112.8 Y126.424
G1 F1500 X112.8 Y125.089 E1028.75784
G1 F1327.4 X112.748 Y124.607 E1028.77606
G1 F1075.3 X112.695 Y124.125 E1028.79856
G1 F1188.1 X112.15 Y124.586 E1028.82854
G1 F1500 X111.902 Y124.649 E1028.83705
G1 F1373 X111.263 Y124.477 E1028.86109
G1 X111.658 Y125.23 E1028.89199
G1 F1500 X112.346 Y126.424 E1028.93782
G1 X112.8 Y126.424 E1028.95292
G0 F9000 X113.2 Y126.824
;TYPE:WALL-OUTER
G1 F1500 X113.2 Y110.5 E1029.49586
G1 X113.267 Y110.35 E1029.50133
G1 X113.379 Y110.301 E1029.50539
G1 X121.621 Y110.3 E1029.77952
G1 X121.733 Y110.35 E1029.7836
G1 X121.8 Y110.5 E1029.78907
G1 X121.8 Y126.824 E1030.332
G1 X122.88 Y126.824 E1030.36792
G1 X128.151 Y117.701 E1030.71836
G1 X127.117 Y117.7 E1030.75275
G1 X123.418 Y124.168 E1031.00057
G1 X123.193 Y124.262 E1031.00869
G1 X122.949 Y124.198 E1031.01708
G1 X122.802 Y124.039 E1031.02428
G1 X122.8 Y108.172 E1031.55202
G1 X112.2 Y108.172 E1031.90457
G1 X112.198 Y124.039 E1032.43231
G1 X112.05 Y124.198 E1032.43954
G1 X111.802 Y124.262 E1032.44806
G1 X111.598 Y124.197 E1032.45518
G1 X107.88 Y117.7 E1032.70415
G1 X106.848 Y117.7 E1032.73847
G1 X112.116 Y126.824 E1033.08889
G1 X113.2 Y126.824 E1033.12494
G1 F2700 E1028.12494
;MESH:batclipholder.stl(3)
G0 F9000 X112.92 Y126.546
G0 X112.962 Y110.062
G0 X122.038 Y110.062
G0 X122.559 Y124.839
G0 X123.215 Y125.013
G0 X127.773 Y117.92
G0 X128.712 Y118.462
G0 X136.289 Y118.463
G0 X137.621 Y118.146
;TYPE:WALL-INNER
G1 F2700 E1033.12494
G1 F1239.7 X141.263 Y124.477 E1033.41888
G0 F9000 X141.785 Y125.013
G0 X142.441 Y124.839
G0 X142.695 Y124.125
G1 F991.7 X142.7 Y110.5 E1034.1043
G0 F9000 X143.034 Y109.585
G1 F1282.1 X143.291 Y109.471 E1034.11524
G1 X151.709 Y109.471 E1034.44282
G1 F1284.8 X151.967 Y109.585 E1034.45378
G1 X151.967 Y109.005 E1034.4763
G1 F1282.1 X143.034 Y109.006 E1034.82392
G1 X143.034 Y109.585 E1034.84645
G0 F9000 X142.7 Y110.5
G1 F1200 X143.002 Y110.05 E1034.86898
G1 F1500 X143.337 Y109.903 E1034.88115
G1 X151.663 Y109.902 E1035.15808
G1 X151.998 Y110.05 E1035.17026
G1 F1200 X152.3 Y110.5 E1035.19279
G1 X152.4 Y109.869 E1035.21935
G1 F1500 X152.4 Y108.572 E1035.26249
G1 X142.6 Y108.572 E1035.58844
G1 X142.6 Y109.869 E1035.63158
G1 F1200 X142.7 Y110.5 E1035.65814
G0 F9000 X142.962 Y110.062
G0 X152.038 Y110.062
G0 X152.3 Y110.5
G1 F991.7 X152.305 Y124.125 E1036.34356
G0 F9000 X152.559 Y124.839
G0 X153.215 Y125.013
G0 X153.793 Y124.382
G1 F1271.2 X155.584 Y121.265 E1036.48465
G1 F1229.5 X157.376 Y118.148 E1036.63054
G0 F9000 X153.215 Y125.013
G0 X152.578 Y125.794
G1 F1694.9 X153.025 Y125.021 E1036.65682
G1 X152.752 Y124.95 E1036.66512
G1 X152.578 Y124.76 E1036.67271
G1 X152.578 Y125.794 E1036.70314
G0 F9000 X152.2 Y126.424
G1 F1500 X152.649 Y126.424 E1036.71808
G1 X153.336 Y125.235 E1036.76375
G1 F1388.9 X153.793 Y124.382 E1036.79851
G1 X153.091 Y124.649 E1036.82549
G1 F1500 X152.847 Y124.585 E1036.83388
G1 F1188.1 X152.305 Y124.125 E1036.86373
G1 F1075.3 X152.253 Y124.605 E1036.88613
G1 F1327.4 X152.201 Y125.085 E1036.90428
G1 F1500 X152.2 Y126.424 E1036.94881
G1 F2700 E1031.94881
G0 F9000 X152.48 Y126.146
G0 X152.038 Y110.062
G0 X142.962 Y110.062
G0 X142.422 Y125.799
G1 F2700 E1036.94881
G1 F1685.4 X142.422 Y124.76 E1036.97957
G1 X142.245 Y124.952 E1036.9873
G1 X141.973 Y125.021 E1036.99561
G1 X142.422 Y125.799 E1037.0222
G0 F9000 X142.346 Y126.424
G1 F1500 X142.8 Y126.424 E1037.0373
G1 X142.8 Y125.089 E1037.0817
G1 F1327.4 X142.748 Y124.607 E1037.09992
G1 F1075.3 X142.695 Y124.125 E1037.12242
G1 F1188.1 X142.15 Y124.586 E1037.15239
G1 F1500 X141.902 Y124.649 E1037.1609
G1 F1373 X141.263 Y124.477 E1037.18495
G1 X141.658 Y125.23 E1037.21585
G1 F1500 X142.346 Y126.424 E1037.26168
G0 F9000 X142.116 Y126.824
;TYPE:WALL-OUTER
G1 F1500 X143.2 Y126.824 E1037.29773
G1 X143.2 Y110.5 E1037.84067
G1 X143.267 Y110.35 E1037.84614
G1 X143.379 Y110.301 E1037.8502
G1 X151.621 Y110.3 E1038.12433
G1 X151.733 Y110.35 E1038.12841
G1 X151.8 Y110.5 E1038.13388
G1 X151.8 Y126.824 E1038.67681
G1 X152.88 Y126.824 E1038.71274
G1 X158.151 Y117.701 E1039.06317
G1 X157.117 Y117.7 E1039.09756
G1 X153.418 Y124.168 E1039.34539
G1 X153.193 Y124.262 E1039.3535
G1 X152.949 Y124.198 E1039.36189
G1 X152.802 Y124.039 E1039.36909
G1 X152.8 Y108.172 E1039.89683
G1 X142.2 Y108.172 E1040.24938
G1 X142.198 Y124.039 E1040.77712
G1 X142.05 Y124.198 E1040.78435
G1 X141.802 Y124.262 E1040.79287
G1 X141.598 Y124.197 E1040.79999
G1 X137.88 Y117.7 E1041.04896
G1 X136.848 Y117.7 E1041.08328
G1 X142.116 Y126.824 E1041.4337
G1 F2700 E1036.4337
;MESH:batclipholder.stl(2)
G0 F9000 X142.287 Y126.53
G0 X142.412 Y125.16
G0 X142.424 Y108.398
G0 X142.424 Y107.309
G0 X142.424 Y97.691
G0 X142.424 Y96.596
G0 X142.422 Y95.799
;TYPE:WALL-INNER
G1 F2700 E1041.4337
G1 F1685.4 X142.422 Y94.76 E1041.46446
G1 X142.245 Y94.952 E1041.47219
G1 X141.973 Y95.021 E1041.48049
G1 X142.422 Y95.799 E1041.50708
G0 F9000 X142.346 Y96.424
G1 F1500 X142.8 Y96.424 E1041.52218
G1 X142.8 Y95.089 E1041.56659
G1 F1327.4 X142.748 Y94.607 E1041.58481
G1 F1075.3 X142.695 Y94.125 E1041.6073
G1 F1188.1 X142.15 Y94.586 E1041.63728
G1 F1500 X141.902 Y94.649 E1041.64579
G1 F1373 X141.263 Y94.477 E1041.66983
G1 X141.658 Y95.23 E1041.70073
G1 F1500 X142.346 Y96.424 E1041.74657
G0 F9000 X142.517 Y96.13
G0 X141.263 Y94.477
G1 F1239.7 X137.621 Y88.146 E1042.04051
G0 F9000 X141.785 Y95.013
G0 X142.441 Y94.839
G0 X142.695 Y94.125
G1 F991.7 X142.7 Y80.5 E1042.72593
G0 F9000 X143.034 Y79.585
G1 F1282.1 X143.291 Y79.471 E1042.73687
G1 X151.709 Y79.471 E1043.06445
G1 F1284.8 X151.967 Y79.585 E1043.0754
G1 X151.967 Y79.005 E1043.09792
G1 F1282.1 X143.034 Y79.006 E1043.44554
G1 X143.034 Y79.585 E1043.46808
G0 F9000 X142.7 Y80.5
G1 F1200 X143.002 Y80.05 E1043.49061
G1 F1500 X143.337 Y79.903 E1043.50277
G1 X151.663 Y79.902 E1043.7797
G1 X151.998 Y80.05 E1043.79188
G1 F1200 X152.3 Y80.5 E1043.81441
G1 X152.4 Y79.869 E1043.84097
G1 F1500 X152.4 Y78.572 E1043.88411
G1 X142.6 Y78.572 E1044.21006
G1 X142.6 Y79.869 E1044.2532
G1 F1200 X142.7 Y80.5 E1044.27976
G0 F9000 X142.962 Y80.062
G0 X152.038 Y80.062
G0 X152.3 Y80.5
G1 F991.7 X152.305 Y94.125 E1044.96518
G0 F9000 X152.559 Y94.839
G0 X153.215 Y95.013
G0 X153.793 Y94.382
G1 F1271.2 X155.584 Y91.265 E1045.10627
G1 F1229.5 X157.376 Y88.148 E1045.25216
G0 F9000 X153.215 Y95.013
G0 X152.578 Y95.794
G1 F1694.9 X153.025 Y95.021 E1045.27844
G1 X152.752 Y94.95 E1045.28675
G1 X152.578 Y94.76 E1045.29433
G1 X152.578 Y95.794 E1045.32477
G0 F9000 X152.2 Y96.424
G1 F1500 X152.649 Y96.424 E1045.3397
G1 X153.336 Y95.235 E1045.38537
G1 F1388.9 X153.793 Y94.382 E1045.42013
G1 X153.091 Y94.649 E1045.44711
G1 F1500 X152.847 Y94.585 E1045.4555
G1 F1188.1 X152.305 Y94.125 E1045.48535
G1 F1075.3 X152.253 Y94.605 E1045.50775
G1 F1327.4 X152.201 Y95.085 E1045.5259
G1 F1500 X152.2 Y96.424 E1045.57044
G1 F2700 E1040.57044
G0 F9000 X152.48 Y96.146
G0 X152.038 Y80.062
G0 X142.962 Y80.062
G0 X142.955 Y89.385
G0 X142.287 Y96.53
G0 X142.116 Y96.824
;TYPE:WALL-OUTER
G1 F2700 E1045.57044
G1 F1500 X143.2 Y96.824 E1045.60649
G1 X143.2 Y80.5 E1046.14943
G1 X143.267 Y80.35 E1046.15489
G1 X143.379 Y80.301 E1046.15896
G1 X151.621 Y80.3 E1046.43309
G1 X151.733 Y80.35 E1046.43717
G1 X151.8 Y80.5 E1046.44263
G1 X151.8 Y96.824 E1046.98557
G1 X152.88 Y96.824 E1047.02149
G1 X158.151 Y87.701 E1047.37193
G1 X157.117 Y87.7 E1047.40632
G1 X153.418 Y94.168 E1047.65414
G1 X153.193 Y94.262 E1047.66225
G1 X152.949 Y94.198 E1047.67064
G1 X152.802 Y94.039 E1047.67784
G1 X152.8 Y78.172 E1048.20558
G1 X142.2 Y78.172 E1048.55814
G1 X142.198 Y94.039 E1049.08588
G1 X142.05 Y94.198 E1049.0931
G1 X141.802 Y94.262 E1049.10162
G1 X141.598 Y94.197 E1049.10874
G1 X137.88 Y87.7 E1049.35772
G1 X136.848 Y87.7 E1049.39204
G1 X142.116 Y96.824 E1049.74246
G1 F2700 E1044.74246
;MESH:NONMESH
G0 F300 X142.116 Y96.824 Z4.4
G0 F9000 X142.287 Y96.53
G0 X137.227 Y87.92
G0 X136.289 Y88.463
G0 X128.712 Y88.462
G0 X107.621 Y88.146
;TIME_ELAPSED:1986.490648
;LAYER:21
;TYPE:WALL-INNER
;MESH:batclipholder.stl(1)
G1 F2700 E1049.74246
G1 F1239.7 X111.263 Y94.477 E1050.0364
G0 F9000 X111.785 Y95.013
G0 X112.441 Y94.839
G0 X112.695 Y94.125
G1 F991.7 X112.7 Y92.492 E1050.11855
G0 F9000 X112.422 Y95.799
G1 F1685.4 X112.422 Y94.76 E1050.1493
G1 X112.245 Y94.952 E1050.15703
G1 X111.973 Y95.021 E1050.16534
G1 X112.422 Y95.799 E1050.19193
G0 F9000 X112.8 Y96.424
G1 F1500 X112.8 Y95.089 E1050.23633
G1 F1327.4 X112.748 Y94.607 E1050.25455
G1 F1075.3 X112.695 Y94.125 E1050.27705
G1 F1188.1 X112.15 Y94.586 E1050.30703
G1 F1500 X111.902 Y94.649 E1050.31554
G1 F1373 X111.263 Y94.477 E1050.33958
G1 X111.658 Y95.23 E1050.37048
G1 F1500 X112.346 Y96.424 E1050.41631
G1 X112.8 Y96.424 E1050.43141
G0 F9000 X112.52 Y96.146
G0 X112.962 Y92.055
G0 X117.5 Y91.092
G1 F1500 X121.6 Y91.092 E1050.56778
G1 X121.6 Y79.372 E1050.95759
G1 X113.4 Y79.372 E1051.23032
G1 X113.4 Y91.092 E1051.62013
G1 X117.5 Y91.092 E1051.7565
G0 F9000 X117.5 Y91.492
G1 F1500 X121.6 Y91.492 E1051.89286
G1 X122 Y91.625 E1051.90688
G1 X122 Y78.972 E1052.32772
G1 X113 Y78.972 E1052.62706
G1 X113 Y91.625 E1053.04791
G1 X113.4 Y91.492 E1053.06193
G1 X117.5 Y91.492 E1053.19829
G0 F9000 X117.5 Y91.892
G1 F1500 X121.6 Y91.892 E1053.33466
G1 X121.96 Y92.012 E1053.34728
G1 F1200 X122.3 Y92.492 E1053.37174
G1 X122.4 Y91.792 E1053.40113
G1 F1500 X122.4 Y78.572 E1053.84083
G1 X112.6 Y78.572 E1054.16678
G1 X112.6 Y91.792 E1054.60648
G1 F1200 X112.7 Y92.492 E1054.63588
G1 X113.04 Y92.012 E1054.66033
G1 F1500 X113.4 Y91.892 E1054.67296
G1 X117.5 Y91.892 E1054.80932
G0 F9000 X117.5 Y91.583
G0 X122.038 Y92.055
G0 X122.3 Y92.492
G1 F991.7 X122.305 Y94.125 E1054.89147
G0 F9000 X122.559 Y94.839
G0 X123.215 Y95.013
G0 X123.793 Y94.382
G1 F1271.2 X125.584 Y91.265 E1055.03256
G1 F1229.5 X127.376 Y88.148 E1055.17845
G0 F9000 X123.215 Y95.013
G0 X122.578 Y95.794
G1 F1694.9 X123.025 Y95.021 E1055.20474
G1 X122.752 Y94.95 E1055.21304
G1 X122.578 Y94.76 E1055.22062
G1 X122.578 Y95.794 E1055.25106
G0 F9000 X122.2 Y96.424
G1 F1500 X122.649 Y96.424 E1055.26599
G1 X123.336 Y95.235 E1055.31167
G1 F1388.9 X123.793 Y94.382 E1055.34643
G1 X123.091 Y94.649 E1055.37341
G1 F1500 X122.847 Y94.585 E1055.3818
G1 F1188.1 X122.305 Y94.125 E1055.41165
G1 F1075.3 X122.253 Y94.605 E1055.43405
G1 F1327.4 X122.201 Y95.085 E1055.45219
G1 F1500 X122.2 Y96.424 E1055.49673
G1 F2700 E1050.49673
G0 F9000 X122.48 Y96.146
G0 X122.038 Y92.055
G0 X117.5 Y91.983
G0 X117.5 Y92.292
;TYPE:WALL-OUTER
G1 F2700 E1055.49673
G1 F1500 X121.6 Y92.292 E1055.6331
G1 X121.72 Y92.332 E1055.6373
G1 X121.8 Y92.492 E1055.64325
G1 X121.8 Y96.824 E1055.78734
G1 X122.88 Y96.824 E1055.82326
G1 X128.151 Y87.701 E1056.17369
G1 X127.117 Y87.7 E1056.20809
G1 X123.418 Y94.168 E1056.45591
G1 X123.193 Y94.262 E1056.46402
G1 X122.949 Y94.198 E1056.47241
G1 X122.802 Y94.039 E1056.47961
G1 X122.8 Y78.172 E1057.00735
G1 X112.2 Y78.172 E1057.35991
G1 X112.198 Y94.039 E1057.88764
G1 X112.05 Y94.198 E1057.89487
G1 X111.802 Y94.262 E1057.90339
G1 X111.598 Y94.197 E1057.91051
G1 X107.88 Y87.7 E1058.15948
G1 X106.848 Y87.7 E1058.19381
G1 X112.116 Y96.824 E1058.54422
G1 X113.2 Y96.824 E1058.58028
G1 X113.2 Y92.492 E1058.72436
G1 X113.28 Y92.332 E1058.73031
G1 X113.4 Y92.292 E1058.73452
G1 X117.5 Y92.292 E1058.87088
G0 F9000 X117.5 Y91.983
G0 X117.5 Y90.992
G0 X117.5 Y90.732
;TYPE:SKIN
G1 F1500 X113.76 Y90.732 E1058.99528
G1 X113.76 Y79.732 E1059.36114
G1 X121.24 Y79.732 E1059.60992
G1 X121.24 Y90.732 E1059.97578
G1 X117.5 Y90.732 E1060.10018
G0 F9000 X117.5 Y90.992
G0 X121.428 Y90.92
G0 X121.5 Y89.961
G0 X121.04 Y89.961
G1 F1500 X120.468 Y90.532 E1060.12706
G0 F9000 X119.903 Y90.532
G1 F1500 X121.04 Y89.395 E1060.18054
G0 F9000 X121.04 Y88.83
G1 F1500 X119.337 Y90.532 E1060.26062
G0 F9000 X118.771 Y90.532
G1 F1500 X121.04 Y88.264 E1060.36732
G0 F9000 X121.04 Y87.698
G1 F1500 X118.206 Y90.532 E1060.50063
G0 F9000 X117.64 Y90.532
G1 F1500 X121.04 Y87.133 E1060.66053
G0 F9000 X121.04 Y86.567
G1 F1500 X117.074 Y90.532 E1060.84705
G0 F9000 X116.509 Y90.532
G1 F1500 X121.04 Y86.001 E1061.06018
G0 F9000 X121.04 Y85.435
G1 F1500 X115.943 Y90.532 E1061.29992
G0 F9000 X115.377 Y90.532
G1 F1500 X121.04 Y84.87 E1061.56627
G0 F9000 X121.04 Y84.304
G1 F1500 X114.812 Y90.532 E1061.85922
G0 F9000 X114.246 Y90.532
G1 F1500 X121.04 Y83.738 E1062.17879
G0 F9000 X121.04 Y83.173
G1 F1500 X113.96 Y90.252 E1062.51178
G0 F9000 X113.96 Y89.687
G1 F1500 X121.04 Y82.607 E1062.84481
G0 F9000 X121.04 Y82.041
G1 F1500 X113.96 Y89.121 E1063.17783
G0 F9000 X113.96 Y88.555
G1 F1500 X121.04 Y81.476 E1063.51082
G0 F9000 X121.04 Y80.91
G1 F1500 X113.96 Y87.99 E1063.84385
G0 F9000 X113.96 Y87.424
G1 F1500 X121.04 Y80.344 E1064.17687
G0 F9000 X120.886 Y79.932
G1 F1500 X113.96 Y86.858 E1064.50265
G0 F9000 X113.96 Y86.292
G1 F1500 X120.321 Y79.932 E1064.80182
G0 F9000 X119.755 Y79.932
G1 F1500 X113.96 Y85.727 E1065.0744
G0 F9000 X113.96 Y85.161
G1 F1500 X119.189 Y79.932 E1065.32036
G0 F9000 X118.624 Y79.932
G1 F1500 X113.96 Y84.595 E1065.53972
G0 F9000 X113.96 Y84.03
G1 F1500 X118.058 Y79.932 E1065.73247
G0 F9000 X117.492 Y79.932
G1 F1500 X113.96 Y83.464 E1065.89861
G0 F9000 X113.96 Y82.898
G1 F1500 X116.926 Y79.932 E1066.03812
G0 F9000 X116.361 Y79.932
G1 F1500 X113.96 Y82.333 E1066.15106
G0 F9000 X113.96 Y81.767
G1 F1500 X115.795 Y79.932 E1066.23737
G0 F9000 X115.229 Y79.932
G1 F1500 X113.96 Y81.201 E1066.29706
G0 F9000 X113.96 Y80.636
G1 F1500 X114.664 Y79.932 E1066.33017
G0 F9000 X114.098 Y79.932
G1 F1500 X113.96 Y80.07 E1066.33666
G0 F9000 X113.21 Y80.07
G1 F2700 E1061.33666
;MESH:batclipholder.stl
G0 F9000 X112.441 Y94.839
G0 X112.247 Y96.599
G0 X112.247 Y97.691
G0 X107.752 Y116.835
G0 X107.621 Y118.146
;TYPE:WALL-INNER
G1 F2700 E1066.33666
G1 F1239.7 X111.263 Y124.477 E1066.6306
G0 F9000 X111.785 Y125.013
G0 X112.441 Y124.839
G0 X112.695 Y124.125
G1 F991.7 X112.7 Y122.492 E1066.71275
G0 F9000 X112.422 Y125.799
G1 F1685.4 X112.422 Y124.76 E1066.74351
G1 X112.245 Y124.952 E1066.75124
G1 X111.973 Y125.021 E1066.75955
G1 X112.422 Y125.799 E1066.78614
G0 F9000 X112.8 Y126.424
G1 F1500 X112.8 Y125.089 E1066.83054
G1 F1327.4 X112.748 Y124.607 E1066.84876
G1 F1075.3 X112.695 Y124.125 E1066.87126
G1 F1188.1 X112.15 Y124.586 E1066.90123
G1 F1500 X111.902 Y124.649 E1066.90974
G1 F1373 X111.263 Y124.477 E1066.93379
G1 X111.658 Y125.23 E1066.96469
G1 F1500 X112.346 Y126.424 E1067.01052
G1 X112.8 Y126.424 E1067.02562
G0 F9000 X112.52 Y126.146
G0 X112.962 Y122.055
G0 X117.5 Y121.092
G1 F1500 X121.6 Y121.092 E1067.16199
G1 X121.6 Y109.372 E1067.55179
G1 X113.4 Y109.372 E1067.82453
G1 X113.4 Y121.092 E1068.21434
G1 X117.5 Y121.092 E1068.3507
G0 F9000 X117.5 Y121.492
G1 F1500 X121.6 Y121.492 E1068.48707
G1 X122 Y121.625 E1068.50109
G1 X122 Y108.972 E1068.92193
G1 X113 Y108.972 E1069.22127
G1 X113 Y121.625 E1069.64211
G1 X113.4 Y121.492 E1069.65613
G1 X117.5 Y121.492 E1069.7925
G0 F9000 X117.5 Y121.892
G1 F1500 X121.6 Y121.892 E1069.92887
G1 X121.96 Y122.012 E1069.94149
G1 F1200 X122.3 Y122.492 E1069.96594
G1 X122.4 Y121.792 E1069.99534
G1 F1500 X122.4 Y108.572 E1070.43504
G1 X112.6 Y108.572 E1070.76099
G1 X112.6 Y121.792 E1071.20069
G1 F1200 X112.7 Y122.492 E1071.23009
G1 X113.04 Y122.012 E1071.25454
G1 F1500 X113.4 Y121.892 E1071.26716
G1 X117.5 Y121.892 E1071.40353
G0 F9000 X117.5 Y121.583
G0 X122.038 Y122.055
G0 X122.3 Y122.492
G1 F991.7 X122.305 Y124.125 E1071.48568
G0 F9000 X122.559 Y124.839
G0 X123.215 Y125.013
G0 X123.793 Y124.382
G1 F1271.2 X125.584 Y121.265 E1071.62677
G1 F1229.5 X127.376 Y118.148 E1071.77266
G0 F9000 X123.215 Y125.013
G0 X122.578 Y125.794
G1 F1694.9 X123.025 Y125.021 E1071.79894
G1 X122.752 Y124.95 E1071.80725
G1 X122.578 Y124.76 E1071.81483
G1 X122.578 Y125.794 E1071.84527
G0 F9000 X122.2 Y126.424
G1 F1500 X122.649 Y126.424 E1071.8602
G1 X123.336 Y125.235 E1071.90587
G1 F1388.9 X123.793 Y124.382 E1071.94063
G1 X123.091 Y124.649 E1071.96761
G1 F1500 X122.847 Y124.585 E1071.976
G1 F1188.1 X122.305 Y124.125 E1072.00585
G1 F1075.3 X122.253 Y124.605 E1072.02825
G1 F1327.4 X122.201 Y125.085 E1072.0464
G1 F1500 X122.2 Y126.424 E1072.09094
G1 F2700 E1067.09094
G0 F9000 X122.48 Y126.146
G0 X122.038 Y122.055
G0 X117.5 Y121.983
G0 X117.5 Y122.292
;TYPE:WALL-OUTER
G1 F2700 E1072.09094
G1 F1500 X121.6 Y122.292 E1072.2273
G1 X121.72 Y122.332 E1072.23151
G1 X121.8 Y122.492 E1072.23746
G1 X121.8 Y126.824 E1072.38154
G1 X122.88 Y126.824 E1072.41746
G1 X128.151 Y117.701 E1072.7679
G1 X127.117 Y117.7 E1072.80229
G1 X123.418 Y124.168 E1073.05011
G1 X123.193 Y124.262 E1073.05822
G1 X122.949 Y124.198 E1073.06661
G1 X122.802 Y124.039 E1073.07382
G1 X122.8 Y108.172 E1073.60155
G1 X112.2 Y108.172 E1073.95411
G1 X112.198 Y124.039 E1074.48185
G1 X112.05 Y124.198 E1074.48908
G1 X111.802 Y124.262 E1074.49759
G1 X111.598 Y124.197 E1074.50472
G1 X107.88 Y117.7 E1074.75369
G1 X106.848 Y117.7 E1074.78801
G1 X112.116 Y126.824 E1075.13843
G1 X113.2 Y126.824 E1075.17448
G1 X113.2 Y122.492 E1075.31857
G1 X113.28 Y122.332 E1075.32451
G1 X113.4 Y122.292 E1075.32872
G1 X117.5 Y122.292 E1075.46509
G0 F9000 X117.5 Y121.983
G0 X117.5 Y120.992
G0 X117.5 Y120.732
;TYPE:SKIN
G1 F1500 X113.76 Y120.732 E1075.58948
G1 X113.76 Y109.732 E1075.95534
G1 X121.24 Y109.732 E1076.20413
G1 X121.24 Y120.732 E1076.56999
G1 X117.5 Y120.732 E1076.69438
G0 F9000 X117.5 Y120.992
G0 X120.45 Y120.992
G0 X120.45 Y120.532
G1 F1500 X121.04 Y119.942 E1076.72214
G0 F9000 X121.04 Y119.377
G1 F1500 X119.884 Y120.532 E1076.77649
G0 F9000 X119.319 Y120.532
G1 F1500 X121.04 Y118.811 E1076.85744
G0 F9000 X121.04 Y118.245
G1 F1500 X118.753 Y120.532 E1076.96501
G0 F9000 X118.187 Y120.532
G1 F1500 X121.04 Y117.68 E1077.09918
G0 F9000 X121.04 Y117.114
G1 F1500 X117.622 Y120.532 E1077.25996
G0 F9000 X117.056 Y120.532
G1 F1500 X121.04 Y116.548 E1077.44735
G0 F9000 X121.04 Y115.982
G1 F1500 X116.49 Y120.532 E1077.66137
G0 F9000 X115.924 Y120.532
G1 F1500 X121.04 Y115.417 E1077.90199
G0 F9000 X121.04 Y114.851
G1 F1500 X115.359 Y120.532 E1078.1692
G0 F9000 X114.793 Y120.532
G1 F1500 X121.04 Y114.285 E1078.46304
G0 F9000 X121.04 Y113.72
G1 F1500 X114.227 Y120.532 E1078.78348
G0 F9000 X113.96 Y120.234
G1 F1500 X121.04 Y113.154 E1079.1165
G0 F9000 X121.04 Y112.588
G1 F1500 X113.96 Y119.668 E1079.44952
G0 F9000 X113.96 Y119.102
G1 F1500 X121.04 Y112.023 E1079.78252
G0 F9000 X121.04 Y111.457
G1 F1500 X113.96 Y118.537 E1080.11554
G0 F9000 X113.96 Y117.971
G1 F1500 X121.04 Y110.891 E1080.44857
G0 F9000 X121.04 Y110.326
G1 F1500 X113.96 Y117.405 E1080.78156
G0 F9000 X113.96 Y116.839
G1 F1500 X120.868 Y109.932 E1081.10647
G0 F9000 X120.302 Y109.932
G1 F1500 X113.96 Y116.274 E1081.40478
G0 F9000 X113.96 Y115.708
G1 F1500 X119.737 Y109.932 E1081.67649
G0 F9000 X119.171 Y109.932
G1 F1500 X113.96 Y115.142 E1081.92157
G0 F9000 X113.96 Y114.577
G1 F1500 X118.605 Y109.932 E1082.14006
G0 F9000 X118.039 Y109.932
G1 F1500 X113.96 Y114.011 E1082.33192
G0 F9000 X113.96 Y113.445
G1 F1500 X117.474 Y109.932 E1082.49719
G0 F9000 X116.908 Y109.932
G1 F1500 X113.96 Y112.88 E1082.63585
G0 F9000 X113.96 Y112.314
G1 F1500 X116.342 Y109.932 E1082.7479
G0 F9000 X115.777 Y109.932
G1 F1500 X113.96 Y111.748 E1082.83334
G0 F9000 X113.96 Y111.183
G1 F1500 X115.211 Y109.932 E1082.89218
G0 F9000 X114.645 Y109.932
G1 F1500 X113.96 Y110.617 E1082.9244
G0 F9000 X113.96 Y110.051
G1 F1500 X114.08 Y109.932 E1082.93002
G0 F9000 X114.08 Y109.184
G1 F2700 E1077.93002
;MESH:batclipholder.stl(3)
G0 F9000 X121.428 Y109.544
G0 X122.57 Y118.146
G0 X123.665 Y118.146
G0 X126.617 Y116.841
G0 X128.88 Y116.841
G0 X136.289 Y118.463
G0 X137.621 Y118.146
;TYPE:WALL-INNER
G1 F2700 E1082.93002
G1 F1239.7 X141.263 Y124.477 E1083.22396
G0 F9000 X141.785 Y125.013
G0 X142.441 Y124.839
G0 X142.695 Y124.125
G1 F991.7 X142.7 Y122.492 E1083.30611
G0 F9000 X142.422 Y125.799
G1 F1685.4 X142.422 Y124.76 E1083.33687
G1 X142.245 Y124.952 E1083.3446
G1 X141.973 Y125.021 E1083.35291
G1 X142.422 Y125.799 E1083.3795
G0 F9000 X142.346 Y126.424
G1 F1500 X142.8 Y126.424 E1083.3946
G1 X142.8 Y125.089 E1083.439
G1 F1327.4 X142.748 Y124.607 E1083.45722
G1 F1075.3 X142.695 Y124.125 E1083.47972
G1 F1188.1 X142.15 Y124.586 E1083.50969
G1 F1500 X141.902 Y124.649 E1083.5182
G1 F1373 X141.263 Y124.477 E1083.54225
G1 X141.658 Y125.23 E1083.57315
G1 F1500 X142.346 Y126.424 E1083.61898
G0 F9000 X142.517 Y126.13
G0 X142.962 Y122.055
G0 X146.583 Y121.092
G1 F1500 X151.6 Y121.092 E1083.78584
G1 X151.6 Y109.372 E1084.17565
G1 X143.4 Y109.372 E1084.44839
G1 X143.4 Y121.092 E1084.8382
G1 X146.583 Y121.092 E1084.94406
G0 F9000 X146.481 Y121.492
G1 F1500 X151.6 Y121.492 E1085.11432
G1 X152 Y121.625 E1085.12834
G1 X152 Y108.972 E1085.54918
G1 X143 Y108.972 E1085.84852
G1 X143 Y121.625 E1086.26936
G1 X143.4 Y121.492 E1086.28338
G1 X146.481 Y121.492 E1086.38586
G0 F9000 X146.379 Y121.892
G1 F1500 X151.6 Y121.892 E1086.55951
G1 X151.96 Y122.012 E1086.57213
G1 F1200 X152.3 Y122.492 E1086.59659
G1 X152.4 Y121.792 E1086.62598
G1 F1500 X152.4 Y108.572 E1087.06568
G1 X142.6 Y108.572 E1087.39163
G1 X142.6 Y121.792 E1087.83133
G1 F1200 X142.7 Y122.492 E1087.86073
G1 X143.04 Y122.012 E1087.88518
G1 F1500 X143.4 Y121.892 E1087.89781
G1 X146.379 Y121.892 E1087.99689
G0 F9000 X146.379 Y121.583
G0 X152.038 Y122.055
G0 X152.3 Y122.492
G1 F991.7 X152.305 Y124.125 E1088.07904
G0 F9000 X152.559 Y124.839
G0 X153.215 Y125.013
G0 X153.793 Y124.382
G1 F1271.2 X155.584 Y121.265 E1088.22013
G1 F1229.5 X157.376 Y118.148 E1088.36602
G0 F9000 X153.215 Y125.013
G0 X152.578 Y125.794
G1 F1694.9 X153.025 Y125.021 E1088.3923
G1 X152.752 Y124.95 E1088.40061
G1 X152.578 Y124.76 E1088.40819
G1 X152.578 Y125.794 E1088.43863
G0 F9000 X152.2 Y126.424
G1 F1500 X152.649 Y126.424 E1088.45356
G1 X153.336 Y125.235 E1088.49923
G1 F1388.9 X153.793 Y124.382 E1088.53399
G1 X153.091 Y124.649 E1088.56097
G1 F1500 X152.847 Y124.585 E1088.56936
G1 F1188.1 X152.305 Y124.125 E1088.59921
G1 F1075.3 X152.253 Y124.605 E1088.62161
G1 F1327.4 X152.201 Y125.085 E1088.63976
G1 F1500 X152.2 Y126.424 E1088.6843
G1 F2700 E1083.6843
G0 F9000 X152.48 Y126.146
G0 X152.038 Y122.055
G0 X146.277 Y121.983
G0 X146.277 Y122.292
;TYPE:WALL-OUTER
G1 F2700 E1088.6843
G1 F1500 X151.6 Y122.292 E1088.86134
G1 X151.72 Y122.332 E1088.86555
G1 X151.8 Y122.492 E1088.8715
G1 X151.8 Y126.824 E1089.01558
G1 X152.88 Y126.824 E1089.0515
G1 X158.151 Y117.701 E1089.40194
G1 X157.117 Y117.7 E1089.43633
G1 X153.418 Y124.168 E1089.68415
G1 X153.193 Y124.262 E1089.69226
G1 X152.949 Y124.198 E1089.70065
G1 X152.802 Y124.039 E1089.70785
G1 X152.8 Y108.172 E1090.23559
G1 X142.2 Y108.172 E1090.58815
G1 X142.198 Y124.039 E1091.11589
G1 X142.05 Y124.198 E1091.12311
G1 X141.802 Y124.262 E1091.13163
G1 X141.598 Y124.197 E1091.13875
G1 X137.88 Y117.7 E1091.38772
G1 X136.848 Y117.7 E1091.42205
G1 X142.116 Y126.824 E1091.77247
G1 X143.2 Y126.824 E1091.80852
G1 X143.2 Y122.492 E1091.9526
G1 X143.28 Y122.332 E1091.95855
G1 X143.4 Y122.292 E1091.96276
G1 X146.277 Y122.292 E1092.05845
G0 F9000 X146.277 Y121.983
G0 X146.675 Y120.992
G0 X146.675 Y120.732
;TYPE:SKIN
G1 F1500 X143.76 Y120.732 E1092.1554
G1 X143.76 Y109.732 E1092.52126
G1 X151.24 Y109.732 E1092.77005
G1 X151.24 Y120.732 E1093.13591
G1 X146.675 Y120.732 E1093.28774
G0 F9000 X146.675 Y120.992
G0 X151.428 Y120.92
G0 X151.5 Y119.924
G0 X151.039 Y119.924
G1 F1500 X150.431 Y120.532 E1093.31634
G0 F9000 X149.866 Y120.532
G1 F1500 X151.039 Y119.358 E1093.37154
G0 F9000 X151.039 Y118.793
G1 F1500 X149.3 Y120.532 E1093.45334
G0 F9000 X148.734 Y120.532
G1 F1500 X151.039 Y118.227 E1093.56176
G0 F9000 X151.039 Y117.661
G1 F1500 X148.169 Y120.532 E1093.69678
G0 F9000 X147.603 Y120.532
G1 F1500 X151.039 Y117.095 E1093.85842
G0 F9000 X151.039 Y116.53
G1 F1500 X147.037 Y120.532 E1094.04666
G0 F9000 X146.472 Y120.532
G1 F1500 X151.039 Y115.964 E1094.2615
G0 F9000 X151.039 Y115.398
G1 F1500 X145.906 Y120.532 E1094.50297
G0 F9000 X145.34 Y120.532
G1 F1500 X151.039 Y114.833 E1094.77103
G0 F9000 X151.039 Y114.267
G1 F1500 X144.774 Y120.532 E1095.06572
G0 F9000 X144.209 Y120.532
G1 F1500 X151.039 Y113.701 E1095.387
G0 F9000 X151.039 Y113.136
G1 F1500 X143.96 Y120.215 E1095.71998
G0 F9000 X143.96 Y119.65
G1 F1500 X151.039 Y112.57 E1096.05297
G0 F9000 X151.039 Y112.004
G1 F1500 X143.96 Y119.084 E1096.38597
G0 F9000 X143.96 Y118.518
G1 F1500 X151.039 Y111.439 E1096.71895
G0 F9000 X151.039 Y110.873
G1 F1500 X143.96 Y117.952 E1097.05192
G0 F9000 X143.96 Y117.387
G1 F1500 X151.039 Y110.307 E1097.38492
G0 F9000 X150.849 Y109.932
G1 F1500 X143.96 Y116.821 E1097.70896
G0 F9000 X143.96 Y116.255
G1 F1500 X150.284 Y109.932 E1098.00639
G0 F9000 X149.718 Y109.932
G1 F1500 X143.96 Y115.69 E1098.27723
G0 F9000 X143.96 Y115.124
G1 F1500 X149.152 Y109.932 E1098.52145
G0 F9000 X148.586 Y109.932
G1 F1500 X143.96 Y114.558 E1098.73904
G0 F9000 X143.96 Y113.993
G1 F1500 X148.021 Y109.932 E1098.93006
G0 F9000 X147.455 Y109.932
G1 F1500 X143.96 Y113.427 E1099.09445
G0 F9000 X143.96 Y112.861
G1 F1500 X146.889 Y109.932 E1099.23222
G0 F9000 X146.324 Y109.932
G1 F1500 X143.96 Y112.296 E1099.34342
G0 F9000 X143.96 Y111.73
G1 F1500 X145.758 Y109.932 E1099.42799
G0 F9000 X145.192 Y109.932
G1 F1500 X143.96 Y111.164 E1099.48594
G0 F9000 X143.96 Y110.599
G1 F1500 X144.627 Y109.932 E1099.51731
G0 F9000 X144.061 Y109.932
G1 F1500 X143.96 Y110.033 E1099.52207
G0 F9000 X143.21 Y110.033
G1 F2700 E1094.52207
;MESH:batclipholder.stl(2)
G0 F9000 X142.422 Y108.404
G0 X142.422 Y107.309
G0 X142.422 Y97.691
G0 X142.422 Y96.596
G0 X142.422 Y95.799
;TYPE:WALL-INNER
G1 F2700 E1099.52207
G1 F1685.4 X142.422 Y94.76 E1099.55282
G1 X142.245 Y94.952 E1099.56055
G1 X141.973 Y95.021 E1099.56886
G1 X142.422 Y95.799 E1099.59545
G0 F9000 X142.346 Y96.424
G1 F1500 X142.8 Y96.424 E1099.61055
G1 X142.8 Y95.089 E1099.65495
G1 F1327.4 X142.748 Y94.607 E1099.67317
G1 F1075.3 X142.695 Y94.125 E1099.69567
G1 F1188.1 X142.15 Y94.586 E1099.72564
G1 F1500 X141.902 Y94.649 E1099.73415
G1 F1373 X141.263 Y94.477 E1099.7582
G1 X141.658 Y95.23 E1099.7891
G1 F1500 X142.346 Y96.424 E1099.83493
G0 F9000 X142.517 Y96.13
G0 X141.263 Y94.477
G1 F1239.7 X137.621 Y88.146 E1100.12887
G0 F9000 X141.785 Y95.013
G0 X142.441 Y94.839
G0 X142.7 Y92.492
G1 F991.7 X142.695 Y94.125 E1100.21102
G0 F9000 X142.962 Y92.055
G0 X146.769 Y91.092
G1 F1500 X151.6 Y91.092 E1100.3717
G1 X151.6 Y79.372 E1100.76151
G1 X143.4 Y79.372 E1101.03424
G1 X143.4 Y91.092 E1101.42405
G1 X146.769 Y91.092 E1101.53611
G0 F9000 X146.688 Y91.492
G1 F1500 X151.6 Y91.492 E1101.69948
G1 X152 Y91.625 E1101.7135
G1 X152 Y78.972 E1102.13434
G1 X143 Y78.972 E1102.43368
G1 X143 Y91.625 E1102.85452
G1 X143.4 Y91.492 E1102.86854
G1 X146.688 Y91.492 E1102.9779
G0 F9000 X146.607 Y91.892
G1 F1500 X151.6 Y91.892 E1103.14397
G1 X151.96 Y92.012 E1103.15659
G1 F1200 X152.3 Y92.492 E1103.18105
G1 X152.4 Y91.792 E1103.21044
G1 F1500 X152.4 Y78.572 E1103.65014
G1 X142.6 Y78.572 E1103.97609
G1 X142.6 Y91.792 E1104.41579
G1 F1200 X142.7 Y92.492 E1104.44519
G1 X143.04 Y92.012 E1104.46964
G1 F1500 X143.4 Y91.892 E1104.48227
G1 X146.607 Y91.892 E1104.58893
G0 F9000 X146.607 Y91.583
G0 X152.038 Y92.055
G0 X152.3 Y92.492
G1 F991.7 X152.305 Y94.125 E1104.67108
G0 F9000 X152.559 Y94.839
G0 X153.215 Y95.013
G0 X153.793 Y94.382
G1 F1271.2 X155.584 Y91.265 E1104.81217
G1 F1229.5 X157.376 Y88.148 E1104.95806
G0 F9000 X153.215 Y95.013
G0 X152.578 Y95.794
G1 F1694.9 X153.025 Y95.021 E1104.98435
G1 X152.752 Y94.95 E1104.99265
G1 X152.578 Y94.76 E1105.00023
G1 X152.578 Y95.794 E1105.03067
G0 F9000 X152.2 Y96.424
G1 F1500 X152.649 Y96.424 E1105.0456
G1 X153.336 Y95.235 E1105.09128
G1 F1388.9 X153.793 Y94.382 E1105.12604
G1 X153.091 Y94.649 E1105.15302
G1 F1500 X152.847 Y94.585 E1105.16141
G1 F1188.1 X152.305 Y94.125 E1105.19126
G1 F1075.3 X152.253 Y94.605 E1105.21366
G1 F1327.4 X152.201 Y95.085 E1105.2318
G1 F1500 X152.2 Y96.424 E1105.27634
G1 F2700 E1100.27634
G0 F9000 X152.48 Y96.146
G0 X152.038 Y92.055
G0 X146.525 Y91.983
G0 X146.525 Y92.292
;TYPE:WALL-OUTER
G1 F2700 E1105.27634
G1 F1500 X151.6 Y92.292 E1105.44513
G1 X151.72 Y92.332 E1105.44934
G1 X151.8 Y92.492 E1105.45529
G1 X151.8 Y96.824 E1105.59937
G1 X152.88 Y96.824 E1105.63529
G1 X158.151 Y87.701 E1105.98573
G1 X157.117 Y87.7 E1106.02012
G1 X153.418 Y94.168 E1106.26794
G1 X153.193 Y94.262 E1106.27605
G1 X152.949 Y94.198 E1106.28444
G1 X152.802 Y94.039 E1106.29165
G1 X152.8 Y78.172 E1106.81939
G1 X142.2 Y78.172 E1107.17194
G1 X142.198 Y94.039 E1107.69968
G1 X142.05 Y94.198 E1107.70691
G1 X141.802 Y94.262 E1107.71542
G1 X141.598 Y94.197 E1107.72255
G1 X137.88 Y87.7 E1107.97152
G1 X136.848 Y87.7 E1108.00584
G1 X142.116 Y96.824 E1108.35626
G1 X143.2 Y96.824 E1108.39231
G1 X143.2 Y92.492 E1108.5364
G1 X143.28 Y92.332 E1108.54235
G1 X143.4 Y92.292 E1108.54655
G1 X146.525 Y92.292 E1108.65049
G0 F9000 X146.525 Y91.983
G0 X146.843 Y90.992
G0 X146.843 Y90.732
;TYPE:SKIN
G1 F1500 X143.76 Y90.732 E1108.75303
G1 X143.76 Y79.732 E1109.11889
G1 X151.24 Y79.732 E1109.36768
G1 X151.24 Y90.732 E1109.73354
G1 X146.843 Y90.732 E1109.87979
G0 F9000 X146.843 Y90.992
G0 X150.45 Y90.992
G0 X150.45 Y90.532
G1 F1500 X151.04 Y89.942 E1109.90754
G0 F9000 X151.04 Y89.376
G1 F1500 X149.884 Y90.532 E1109.96191
G0 F9000 X149.318 Y90.532
G1 F1500 X151.04 Y88.81 E1110.04291
G0 F9000 X151.04 Y88.245
G1 F1500 X148.753 Y90.532 E1110.15048
G0 F9000 X148.187 Y90.532
G1 F1500 X151.04 Y87.679 E1110.28468
G0 F9000 X151.04 Y87.113
G1 F1500 X147.621 Y90.532 E1110.4455
G0 F9000 X147.056 Y90.532
G1 F1500 X151.04 Y86.548 E1110.63289
G0 F9000 X151.04 Y85.982
G1 F1500 X146.49 Y90.532 E1110.84691
G0 F9000 X145.924 Y90.532
G1 F1500 X151.04 Y85.416 E1111.08755
G0 F9000 X151.04 Y84.851
G1 F1500 X145.359 Y90.532 E1111.35477
G0 F9000 X144.793 Y90.532
G1 F1500 X151.04 Y84.285 E1111.64861
G0 F9000 X151.04 Y83.719
G1 F1500 X144.227 Y90.532 E1111.96907
G0 F9000 X143.961 Y90.233
G1 F1500 X151.04 Y83.154 E1112.30205
G0 F9000 X151.04 Y82.588
G1 F1500 X143.961 Y89.668 E1112.63504
G0 F9000 X143.961 Y89.102
G1 F1500 X151.04 Y82.022 E1112.96804
G0 F9000 X151.04 Y81.457
G1 F1500 X143.961 Y88.536 E1113.30102
G0 F9000 X143.961 Y87.97
G1 F1500 X151.04 Y80.891 E1113.63399
G0 F9000 X151.04 Y80.325
G1 F1500 X143.961 Y87.405 E1113.96699
G0 F9000 X143.961 Y86.839
G1 F1500 X150.868 Y79.932 E1114.29187
G0 F9000 X150.302 Y79.932
G1 F1500 X143.961 Y86.273 E1114.59013
G0 F9000 X143.961 Y85.708
G1 F1500 X149.736 Y79.932 E1114.8618
G0 F9000 X149.171 Y79.932
G1 F1500 X143.961 Y85.142 E1115.10686
G0 F9000 X143.961 Y84.576
G1 F1500 X148.605 Y79.932 E1115.3253
G0 F9000 X148.039 Y79.932
G1 F1500 X143.961 Y84.011 E1115.51714
G0 F9000 X143.961 Y83.445
G1 F1500 X147.473 Y79.932 E1115.68236
G0 F9000 X146.908 Y79.932
G1 F1500 X143.961 Y82.879 E1115.82097
G0 F9000 X143.961 Y82.314
G1 F1500 X146.342 Y79.932 E1115.93299
G0 F9000 X145.776 Y79.932
G1 F1500 X143.961 Y81.748 E1116.01839
G0 F9000 X143.961 Y81.182
G1 F1500 X145.211 Y79.932 E1116.07718
G0 F9000 X144.645 Y79.932
G1 F1500 X143.961 Y80.617 E1116.10938
G0 F9000 X143.961 Y80.051
G1 F1500 X144.079 Y79.932 E1116.11495
G0 F9000 X144.079 Y79.184
G1 F2700 E1111.11495
;MESH:NONMESH
G0 F300 X144.079 Y79.184 Z4.6
G0 F9000 X143.572 Y79.544
G0 X142.43 Y88.146
G0 X141.335 Y88.146
G0 X138.383 Y86.841
G0 X136.12 Y86.841
G0 X128.712 Y88.462
G0 X107.621 Y88.146
;TIME_ELAPSED:2096.296116
;LAYER:22
;TYPE:WALL-INNER
;MESH:batclipholder.stl(1)
G1 F2700 E1116.11495
G1 F1239.7 X111.263 Y94.477 E1116.40889
G0 F9000 X111.785 Y95.013
G0 X112.441 Y94.839
G0 X112.695 Y94.125
G1 F991.7 X112.7 Y92.792 E1116.47595
G0 F9000 X112.422 Y95.799
G1 F1685.4 X112.422 Y94.76 E1116.50671
G1 X112.245 Y94.952 E1116.51444
G1 X111.973 Y95.021 E1116.52275
G1 X112.422 Y95.799 E1116.54934
G0 F9000 X112.8 Y96.424
G1 F1500 X112.8 Y95.089 E1116.59374
G1 F1327.4 X112.748 Y94.607 E1116.61196
G1 F1075.3 X112.695 Y94.125 E1116.63446
G1 F1188.1 X112.15 Y94.586 E1116.66443
G1 F1500 X111.902 Y94.649 E1116.67294
G1 F1373 X111.263 Y94.477 E1116.69699
G1 X111.658 Y95.23 E1116.72789
G1 F1500 X112.346 Y96.424 E1116.77372
G1 X112.8 Y96.424 E1116.78882
G0 F9000 X112.52 Y96.146
G0 X112.962 Y92.356
G0 X117.5 Y91.392
G1 F1500 X121.6 Y91.392 E1116.92519
G1 X121.6 Y79.372 E1117.32497
G1 X113.4 Y79.372 E1117.59771
G1 X113.4 Y91.392 E1117.99749
G1 X117.5 Y91.392 E1118.13386
G0 F9000 X117.5 Y91.792
G1 F1500 X121.6 Y91.792 E1118.27023
G1 X122 Y91.925 E1118.28425
G1 X122 Y78.972 E1118.71506
G1 X113 Y78.972 E1119.01441
G1 X113 Y91.925 E1119.44522
G1 X113.4 Y91.792 E1119.45924
G1 X117.5 Y91.792 E1119.59561
G0 F9000 X117.5 Y92.192
G1 F1500 X121.6 Y92.192 E1119.73198
G1 X121.96 Y92.312 E1119.7446
G1 F1200 X122.3 Y92.792 E1119.76905
G1 X122.4 Y92.092 E1119.79845
G1 F1500 X122.4 Y78.572 E1120.24813
G1 X112.6 Y78.572 E1120.57408
G1 X112.6 Y92.092 E1121.02376
G1 F1200 X112.7 Y92.792 E1121.05315
G1 X113.04 Y92.312 E1121.07761
G1 F1500 X113.4 Y92.192 E1121.09023
G1 X117.5 Y92.192 E1121.2266
G0 F9000 X117.501 Y91.885
G0 X122.038 Y92.357
G0 X122.3 Y92.792
G1 F991.7 X122.305 Y94.125 E1121.29365
G0 F9000 X122.559 Y94.839
G0 X123.215 Y95.013
G0 X123.793 Y94.382
G1 F1271.2 X125.584 Y91.265 E1121.43474
G1 F1229.5 X127.376 Y88.148 E1121.58064
G0 F9000 X123.215 Y95.013
G0 X122.578 Y95.794
G1 F1694.9 X123.025 Y95.021 E1121.60692
G1 X122.752 Y94.95 E1121.61522
G1 X122.578 Y94.76 E1121.62281
G1 X122.578 Y95.794 E1121.65324
G0 F9000 X122.2 Y96.424
G1 F1500 X122.649 Y96.424 E1121.66818
G1 X123.336 Y95.235 E1121.71385
G1 F1388.9 X123.793 Y94.382 E1121.74861
G1 X123.091 Y94.649 E1121.77559
G1 F1500 X122.847 Y94.585 E1121.78398
G1 F1188.1 X122.305 Y94.125 E1121.81383
G1 F1075.3 X122.253 Y94.605 E1121.83623
G1 F1327.4 X122.201 Y95.085 E1121.85438
G1 F1500 X122.2 Y96.424 E1121.89891
G1 F2700 E1116.89891
G0 F9000 X122.48 Y96.146
G0 X122.038 Y92.357
G0 X113.281 Y92.285
G0 X113.28 Y92.632
;TYPE:WALL-OUTER
G1 F2700 E1121.89891
G1 F1500 X113.4 Y92.592 E1121.90312
G1 X117.5 Y92.592 E1122.03949
G1 X121.6 Y92.592 E1122.17585
G1 X121.72 Y92.632 E1122.18006
G1 X121.8 Y92.792 E1122.18601
G1 X121.8 Y96.824 E1122.32011
G1 X122.88 Y96.824 E1122.35604
G1 X128.151 Y87.701 E1122.70647
G1 X127.117 Y87.7 E1122.74086
G1 X123.418 Y94.168 E1122.98869
G1 X123.193 Y94.262 E1122.9968
G1 X122.949 Y94.198 E1123.00519
G1 X122.802 Y94.039 E1123.01239
G1 X122.8 Y78.172 E1123.54013
G1 X112.2 Y78.172 E1123.89268
G1 X112.198 Y94.039 E1124.42042
G1 X112.05 Y94.198 E1124.42765
G1 X111.802 Y94.262 E1124.43617
G1 X111.598 Y94.197 E1124.44329
G1 X107.88 Y87.7 E1124.69226
G1 X106.848 Y87.7 E1124.72658
G1 X112.116 Y96.824 E1125.077
G1 X113.2 Y96.824 E1125.11305
G1 X113.2 Y92.792 E1125.24716
G1 X113.28 Y92.632 E1125.25311
G0 F9000 X113.281 Y92.285
G0 X117.5 Y91.292
G0 X117.5 Y91.032
;TYPE:SKIN
G1 F1500 X113.76 Y91.032 E1125.3775
G1 X113.76 Y79.732 E1125.75334
G1 X121.24 Y79.732 E1126.00213
G1 X121.24 Y91.032 E1126.37797
G1 X117.5 Y91.032 E1126.50236
G0 F9000 X117.5 Y91.292
G0 X114.025 Y91.292
G0 X114.025 Y90.832
G1 F1500 X113.959 Y90.766 E1126.50546
G0 F9000 X113.959 Y90.201
G1 F1500 X114.591 Y90.832 E1126.53517
G0 F9000 X115.157 Y90.832
G1 F1500 X113.959 Y89.635 E1126.59149
G0 F9000 X113.959 Y89.069
G1 F1500 X115.722 Y90.832 E1126.67442
G0 F9000 X116.288 Y90.832
G1 F1500 X113.959 Y88.504 E1126.78395
G0 F9000 X113.959 Y87.938
G1 F1500 X116.854 Y90.832 E1126.92009
G0 F9000 X117.419 Y90.832
G1 F1500 X113.959 Y87.372 E1127.08284
G0 F9000 X113.959 Y86.807
G1 F1500 X117.985 Y90.832 E1127.27219
G0 F9000 X118.551 Y90.832
G1 F1500 X113.959 Y86.241 E1127.48816
G0 F9000 X113.959 Y85.675
G1 F1500 X119.116 Y90.832 E1127.73073
G0 F9000 X119.682 Y90.832
G1 F1500 X113.959 Y85.109 E1127.99992
G0 F9000 X113.959 Y84.544
G1 F1500 X120.248 Y90.832 E1128.29571
G0 F9000 X120.813 Y90.832
G1 F1500 X113.959 Y83.978 E1128.6181
G0 F9000 X113.959 Y83.412
G1 F1500 X121.04 Y90.493 E1128.95117
G0 F9000 X121.04 Y89.928
G1 F1500 X113.959 Y82.847 E1129.28424
G0 F9000 X113.959 Y82.281
G1 F1500 X121.04 Y89.362 E1129.61731
G0 F9000 X121.04 Y88.796
G1 F1500 X113.959 Y81.715 E1129.95038
G0 F9000 X113.959 Y81.15
G1 F1500 X121.04 Y88.231 E1130.28345
G0 F9000 X121.04 Y87.665
G1 F1500 X113.959 Y80.584 E1130.61652
G0 F9000 X113.959 Y80.018
G1 F1500 X121.04 Y87.099 E1130.94958
G0 F9000 X121.04 Y86.534
G1 F1500 X114.439 Y79.932 E1131.2601
G0 F9000 X115.005 Y79.932
G1 F1500 X121.04 Y85.968 E1131.54399
G0 F9000 X121.04 Y85.402
G1 F1500 X115.57 Y79.932 E1131.80128
G0 F9000 X116.136 Y79.932
G1 F1500 X121.04 Y84.837 E1132.03197
G0 F9000 X121.04 Y84.271
G1 F1500 X116.702 Y79.932 E1132.23604
G0 F9000 X117.267 Y79.932
G1 F1500 X121.04 Y83.705 E1132.41351
G0 F9000 X121.04 Y83.139
G1 F1500 X117.833 Y79.932 E1132.56436
G0 F9000 X118.399 Y79.932
G1 F1500 X121.04 Y82.574 E1132.68861
G0 F9000 X121.04 Y82.008
G1 F1500 X118.964 Y79.932 E1132.78626
G0 F9000 X119.53 Y79.932
G1 F1500 X121.04 Y81.442 E1132.85728
G0 F9000 X121.04 Y80.877
G1 F1500 X120.096 Y79.932 E1132.90171
G0 F9000 X120.661 Y79.932
G1 F1500 X121.04 Y80.311 E1132.91954
G0 F9000 X121.79 Y80.311
G1 F2700 E1127.91954
;MESH:batclipholder.stl
G0 F9000 X122.559 Y94.839
G0 X122.753 Y96.599
G0 X122.753 Y97.691
G0 X127.248 Y116.835
G0 X127.376 Y118.148
;TYPE:WALL-INNER
G1 F2700 E1132.91954
G1 F1229.5 X125.584 Y121.265 E1133.06543
G1 F1271.2 X123.793 Y124.382 E1133.20652
G0 F9000 X123.215 Y125.013
G0 X122.559 Y124.839
G0 X122.305 Y124.125
G1 F991.7 X122.3 Y122.792 E1133.27358
G0 F9000 X122.578 Y125.794
G1 F1694.9 X123.025 Y125.021 E1133.29986
G1 X122.752 Y124.95 E1133.30816
G1 X122.578 Y124.76 E1133.31575
G1 X122.578 Y125.794 E1133.34618
G0 F9000 X122.2 Y126.424
G1 F1500 X122.649 Y126.424 E1133.36112
G1 X123.336 Y125.235 E1133.40679
G1 F1388.9 X123.793 Y124.382 E1133.44155
G1 X123.091 Y124.649 E1133.46853
G1 F1500 X122.847 Y124.585 E1133.47692
G1 F1188.1 X122.305 Y124.125 E1133.50677
G1 F1075.3 X122.253 Y124.605 E1133.52917
G1 F1327.4 X122.201 Y125.085 E1133.54732
G1 F1500 X122.2 Y126.424 E1133.59185
G0 F9000 X122.48 Y126.146
G0 X122.038 Y122.357
G0 X117.5 Y121.392
G1 F1500 X121.6 Y121.392 E1133.72822
G1 X121.6 Y109.372 E1134.12801
G1 X113.4 Y109.372 E1134.40074
G1 X113.4 Y121.392 E1134.80053
G1 X117.5 Y121.392 E1134.93689
G0 F9000 X117.5 Y121.792
G1 F1500 X121.6 Y121.792 E1135.07326
G1 X122 Y121.925 E1135.08728
G1 X122 Y108.972 E1135.5181
G1 X113 Y108.972 E1135.81744
G1 X113 Y121.925 E1136.24826
G1 X113.4 Y121.792 E1136.26228
G1 X117.5 Y121.792 E1136.39865
G0 F9000 X117.5 Y122.192
G1 F1500 X121.6 Y122.192 E1136.53501
G1 X121.96 Y122.312 E1136.54763
G1 F1200 X122.3 Y122.792 E1136.57209
G1 X122.4 Y122.092 E1136.60149
G1 F1500 X122.4 Y108.572 E1137.05116
G1 X112.6 Y108.572 E1137.37711
G1 X112.6 Y122.092 E1137.82679
G1 F1200 X112.7 Y122.792 E1137.85619
G1 X113.04 Y122.312 E1137.88064
G1 F1500 X113.4 Y122.192 E1137.89327
G1 X117.5 Y122.192 E1138.02963
G0 F9000 X117.501 Y121.885
G0 X112.962 Y122.356
G0 X112.7 Y122.792
G1 F991.7 X112.695 Y124.125 E1138.09669
G0 F9000 X112.441 Y124.839
G0 X111.785 Y125.013
G0 X111.263 Y124.477
G1 F1239.7 X107.621 Y118.146 E1138.39063
G0 F9000 X111.785 Y125.013
G0 X112.422 Y125.799
G1 F1685.4 X112.422 Y124.76 E1138.42139
G1 X112.245 Y124.952 E1138.42912
G1 X111.973 Y125.021 E1138.43742
G1 X112.422 Y125.799 E1138.46401
G0 F9000 X112.8 Y126.424
G1 F1500 X112.8 Y125.089 E1138.50842
G1 F1327.4 X112.748 Y124.607 E1138.52664
G1 F1075.3 X112.695 Y124.125 E1138.54913
G1 F1188.1 X112.15 Y124.586 E1138.57911
G1 F1500 X111.902 Y124.649 E1138.58762
G1 F1373 X111.263 Y124.477 E1138.61167
G1 X111.658 Y125.23 E1138.64256
G1 F1500 X112.346 Y126.424 E1138.6884
G1 X112.8 Y126.424 E1138.7035
G1 F2700 E1133.7035
G0 F9000 X112.52 Y126.146
G0 X112.962 Y122.356
G0 X113.281 Y122.285
G0 X113.28 Y122.632
;TYPE:WALL-OUTER
G1 F2700 E1138.7035
G1 F1500 X113.4 Y122.592 E1138.7077
G1 X117.5 Y122.592 E1138.84407
G1 X121.6 Y122.592 E1138.98044
G1 X121.72 Y122.632 E1138.98464
G1 X121.8 Y122.792 E1138.99059
G1 X121.8 Y126.824 E1139.1247
G1 X122.88 Y126.824 E1139.16062
G1 X128.151 Y117.701 E1139.51106
G1 X127.117 Y117.7 E1139.54545
G1 X123.418 Y124.168 E1139.79327
G1 X123.193 Y124.262 E1139.80138
G1 X122.949 Y124.198 E1139.80977
G1 X122.802 Y124.039 E1139.81697
G1 X122.8 Y108.172 E1140.34471
G1 X112.2 Y108.172 E1140.69727
G1 X112.198 Y124.039 E1141.22501
G1 X112.05 Y124.198 E1141.23223
G1 X111.802 Y124.262 E1141.24075
G1 X111.598 Y124.197 E1141.24787
G1 X107.88 Y117.7 E1141.49684
G1 X106.848 Y117.7 E1141.53117
G1 X112.116 Y126.824 E1141.88158
G1 X113.2 Y126.824 E1141.91764
G1 X113.2 Y122.792 E1142.05174
G1 X113.28 Y122.632 E1142.05769
G0 F9000 X113.281 Y122.285
G0 X117.5 Y121.292
G0 X117.5 Y121.032
;TYPE:SKIN
G1 F1500 X113.76 Y121.032 E1142.18209
G1 X113.76 Y109.732 E1142.55793
G1 X121.24 Y109.732 E1142.80671
G1 X121.24 Y121.032 E1143.18255
G1 X117.5 Y121.032 E1143.30694
G0 F9000 X117.5 Y121.292
G0 X113.572 Y121.22
G0 X113.5 Y120.748
G0 X113.96 Y120.748
G1 F1500 X114.044 Y120.832 E1143.31089
G0 F9000 X114.609 Y120.832
G1 F1500 X113.96 Y120.183 E1143.34142
G0 F9000 X113.96 Y119.617
G1 F1500 X115.175 Y120.832 E1143.39857
G0 F9000 X115.741 Y120.832
G1 F1500 X113.96 Y119.051 E1143.48234
G0 F9000 X113.96 Y118.486
G1 F1500 X116.306 Y120.832 E1143.59269
G0 F9000 X116.872 Y120.832
G1 F1500 X113.96 Y117.92 E1143.72966
G0 F9000 X113.96 Y117.354
G1 F1500 X117.438 Y120.832 E1143.89326
G0 F9000 X118.003 Y120.832
G1 F1500 X113.96 Y116.789 E1144.08343
G0 F9000 X113.96 Y116.223
G1 F1500 X118.569 Y120.832 E1144.30022
G0 F9000 X119.135 Y120.832
G1 F1500 X113.96 Y115.657 E1144.54364
G0 F9000 X113.96 Y115.092
G1 F1500 X119.7 Y120.832 E1144.81363
G0 F9000 X120.266 Y120.832
G1 F1500 X113.96 Y114.526 E1145.11025
G0 F9000 X113.96 Y113.96
G1 F1500 X120.832 Y120.832 E1145.43348
G0 F9000 X121.04 Y120.475
G1 F1500 X113.96 Y113.394 E1145.76653
G0 F9000 X113.96 Y112.829
G1 F1500 X121.04 Y119.909 E1146.09955
G0 F9000 X121.04 Y119.343
G1 F1500 X113.96 Y112.263 E1146.43257
G0 F9000 X113.96 Y111.697
G1 F1500 X121.04 Y118.778 E1146.76562
G0 F9000 X121.04 Y118.212
G1 F1500 X113.96 Y111.132 E1147.09864
G0 F9000 X113.96 Y110.566
G1 F1500 X121.04 Y117.646 E1147.43166
G0 F9000 X121.04 Y117.081
G1 F1500 X113.96 Y110 E1147.7647
G0 F9000 X114.458 Y109.932
G1 F1500 X121.04 Y116.515 E1148.07432
G0 F9000 X121.04 Y115.949
G1 F1500 X115.024 Y109.932 E1148.35732
G0 F9000 X115.589 Y109.932
G1 F1500 X121.04 Y115.384 E1148.61374
G0 F9000 X121.04 Y114.818
G1 F1500 X116.155 Y109.932 E1148.84354
G0 F9000 X116.721 Y109.932
G1 F1500 X121.04 Y114.252 E1149.04672
G0 F9000 X121.04 Y113.687
G1 F1500 X117.286 Y109.932 E1149.22332
G0 F9000 X117.852 Y109.932
G1 F1500 X121.04 Y113.121 E1149.3733
G0 F9000 X121.04 Y112.555
G1 F1500 X118.418 Y109.932 E1149.49665
G0 F9000 X118.983 Y109.932
G1 F1500 X121.04 Y111.989 E1149.59341
G0 F9000 X121.04 Y111.424
G1 F1500 X119.549 Y109.932 E1149.66356
G0 F9000 X120.115 Y109.932
G1 F1500 X121.04 Y110.858 E1149.70709
G0 F9000 X121.04 Y110.292
G1 F1500 X120.681 Y109.932 E1149.724
G0 F9000 X120.681 Y109.184
G1 F2700 E1144.724
;MESH:batclipholder.stl(3)
G0 F9000 X121.428 Y109.544
G0 X122.57 Y118.146
G0 X123.665 Y118.146
G0 X126.617 Y116.841
G0 X128.88 Y116.841
G0 X136.289 Y118.463
G0 X137.621 Y118.146
;TYPE:WALL-INNER
G1 F2700 E1149.724
G1 F1239.7 X141.263 Y124.477 E1150.01794
G0 F9000 X141.785 Y125.013
G0 X142.441 Y124.839
G0 X142.695 Y124.125
G1 F991.7 X142.7 Y122.792 E1150.085
G0 F9000 X142.422 Y125.799
G1 F1685.4 X142.422 Y124.76 E1150.11576
G1 X142.245 Y124.952 E1150.12349
G1 X141.973 Y125.021 E1150.1318
G1 X142.422 Y125.799 E1150.15839
G0 F9000 X142.346 Y126.424
G1 F1500 X142.8 Y126.424 E1150.17349
G1 X142.8 Y125.089 E1150.21789
G1 F1327.4 X142.748 Y124.607 E1150.23611
G1 F1075.3 X142.695 Y124.125 E1150.25861
G1 F1188.1 X142.15 Y124.586 E1150.28858
G1 F1500 X141.902 Y124.649 E1150.29709
G1 F1373 X141.263 Y124.477 E1150.32114
G1 X141.658 Y125.23 E1150.35204
G1 F1500 X142.346 Y126.424 E1150.39787
G0 F9000 X142.517 Y126.13
G0 X142.962 Y122.356
G0 X146.506 Y121.392
G1 F1500 X151.6 Y121.392 E1150.5673
G1 X151.6 Y109.372 E1150.96708
G1 X143.4 Y109.372 E1151.23982
G1 X143.4 Y121.392 E1151.6396
G1 X146.506 Y121.392 E1151.74291
G0 F9000 X146.404 Y121.792
G1 F1500 X151.6 Y121.792 E1151.91573
G1 X152 Y121.925 E1151.92975
G1 X152 Y108.972 E1152.36057
G1 X143 Y108.972 E1152.65991
G1 X143 Y121.925 E1153.09073
G1 X143.4 Y121.792 E1153.10475
G1 X146.404 Y121.792 E1153.20466
G0 F9000 X146.302 Y122.192
G1 F1500 X151.6 Y122.192 E1153.38087
G1 X151.96 Y122.312 E1153.39349
G1 F1200 X152.3 Y122.792 E1153.41795
G1 X152.4 Y122.092 E1153.44735
G1 F1500 X152.4 Y108.572 E1153.89702
G1 X142.6 Y108.572 E1154.22297
G1 X142.6 Y122.092 E1154.67265
G1 F1200 X142.7 Y122.792 E1154.70205
G1 X143.04 Y122.312 E1154.7265
G1 F1500 X143.4 Y122.192 E1154.73913
G1 X146.302 Y122.192 E1154.83565
G0 F9000 X146.303 Y121.885
G0 X152.038 Y122.357
G0 X152.3 Y122.792
G1 F991.7 X152.305 Y124.125 E1154.9027
G0 F9000 X152.559 Y124.839
G0 X153.215 Y125.013
G0 X153.793 Y124.382
G1 F1271.2 X155.584 Y121.265 E1155.04379
G1 F1229.5 X157.376 Y118.148 E1155.18969
G0 F9000 X153.215 Y125.013
G0 X152.578 Y125.794
G1 F1694.9 X153.025 Y125.021 E1155.21597
G1 X152.752 Y124.95 E1155.22427
G1 X152.578 Y124.76 E1155.23186
G1 X152.578 Y125.794 E1155.26229
G0 F9000 X152.2 Y126.424
G1 F1500 X152.649 Y126.424 E1155.27723
G1 X153.336 Y125.235 E1155.3229
G1 F1388.9 X153.793 Y124.382 E1155.35766
G1 X153.091 Y124.649 E1155.38464
G1 F1500 X152.847 Y124.585 E1155.39303
G1 F1188.1 X152.305 Y124.125 E1155.42288
G1 F1075.3 X152.253 Y124.605 E1155.44528
G1 F1327.4 X152.201 Y125.085 E1155.46343
G1 F1500 X152.2 Y126.424 E1155.50796
G1 F2700 E1150.50796
G0 F9000 X152.48 Y126.146
G0 X152.038 Y122.357
G0 X143.281 Y122.285
G0 X143.28 Y122.632
;TYPE:WALL-OUTER
G1 F2700 E1155.50796
G1 F1500 X143.4 Y122.592 E1155.51217
G1 X146.2 Y122.592 E1155.6053
G1 X151.6 Y122.592 E1155.7849
G1 X151.72 Y122.632 E1155.78911
G1 X151.8 Y122.792 E1155.79506
G1 X151.8 Y126.824 E1155.92916
G1 X152.88 Y126.824 E1155.96509
G1 X158.151 Y117.701 E1156.31552
G1 X157.117 Y117.7 E1156.34991
G1 X153.418 Y124.168 E1156.59774
G1 X153.193 Y124.262 E1156.60585
G1 X152.949 Y124.198 E1156.61424
G1 X152.802 Y124.039 E1156.62144
G1 X152.8 Y108.172 E1157.14918
G1 X142.2 Y108.172 E1157.50173
G1 X142.198 Y124.039 E1158.02947
G1 X142.05 Y124.198 E1158.0367
G1 X141.802 Y124.262 E1158.04522
G1 X141.598 Y124.197 E1158.05234
G1 X137.88 Y117.7 E1158.30131
G1 X136.848 Y117.7 E1158.33563
G1 X142.116 Y126.824 E1158.68605
G1 X143.2 Y126.824 E1158.7221
G1 X143.2 Y122.792 E1158.85621
G1 X143.28 Y122.632 E1158.86216
G0 F9000 X143.281 Y122.285
G0 X146.598 Y121.292
G0 X146.598 Y121.032
;TYPE:SKIN
G1 F1500 X143.76 Y121.032 E1158.95655
G1 X143.76 Y109.732 E1159.33239
G1 X151.24 Y109.732 E1159.58118
G1 X151.24 Y121.032 E1159.95702
G1 X146.598 Y121.032 E1160.11141
G0 F9000 X146.598 Y121.292
G0 X143.572 Y121.22
G0 X143.5 Y120.767
G0 X143.96 Y120.767
G1 F1500 X144.025 Y120.832 E1160.11447
G0 F9000 X144.591 Y120.832
G1 F1500 X143.96 Y120.201 E1160.14415
G0 F9000 X143.96 Y119.635
G1 F1500 X145.156 Y120.832 E1160.20043
G0 F9000 X145.722 Y120.832
G1 F1500 X143.96 Y119.07 E1160.28331
G0 F9000 X143.96 Y118.504
G1 F1500 X146.288 Y120.832 E1160.39281
G0 F9000 X146.853 Y120.832
G1 F1500 X143.96 Y117.938 E1160.52891
G0 F9000 X143.96 Y117.373
G1 F1500 X147.419 Y120.832 E1160.69161
G0 F9000 X147.985 Y120.832
G1 F1500 X143.96 Y116.807 E1160.88093
G0 F9000 X143.96 Y116.241
G1 F1500 X148.55 Y120.832 E1161.09686
G0 F9000 X149.116 Y120.832
G1 F1500 X143.96 Y115.676 E1161.33938
G0 F9000 X143.96 Y115.11
G1 F1500 X149.682 Y120.832 E1161.60852
G0 F9000 X150.247 Y120.832
G1 F1500 X143.96 Y114.544 E1161.90427
G0 F9000 X143.96 Y113.979
G1 F1500 X150.813 Y120.832 E1162.22661
G0 F9000 X151.04 Y120.493
G1 F1500 X143.96 Y113.413 E1162.55963
G0 F9000 X143.96 Y112.847
G1 F1500 X151.04 Y119.927 E1162.89266
G0 F9000 X151.04 Y119.362
G1 F1500 X143.96 Y112.281 E1163.2257
G0 F9000 X143.96 Y111.716
G1 F1500 X151.04 Y118.796 E1163.55872
G0 F9000 X151.04 Y118.23
G1 F1500 X143.96 Y111.15 E1163.89174
G0 F9000 X143.96 Y110.584
G1 F1500 X151.04 Y117.665 E1164.22479
G0 F9000 X151.04 Y117.099
G1 F1500 X143.96 Y110.019 E1164.55781
G0 F9000 X144.439 Y109.932
G1 F1500 X151.04 Y116.533 E1164.8683
G0 F9000 X151.04 Y115.968
G1 F1500 X145.005 Y109.932 E1165.15219
G0 F9000 X145.571 Y109.932
G1 F1500 X151.04 Y115.402 E1165.40946
G0 F9000 X151.04 Y114.836
G1 F1500 X146.136 Y109.932 E1165.64013
G0 F9000 X146.702 Y109.932
G1 F1500 X151.04 Y114.271 E1165.8442
G0 F9000 X151.04 Y113.705
G1 F1500 X147.268 Y109.932 E1166.02165
G0 F9000 X147.833 Y109.932
G1 F1500 X151.04 Y113.139 E1166.17249
G0 F9000 X151.04 Y112.574
G1 F1500 X148.399 Y109.932 E1166.29674
G0 F9000 X148.965 Y109.932
G1 F1500 X151.04 Y112.008 E1166.39437
G0 F9000 X151.04 Y111.442
G1 F1500 X149.53 Y109.932 E1166.46539
G0 F9000 X150.096 Y109.932
G1 F1500 X151.04 Y110.876 E1166.5098
G0 F9000 X151.04 Y110.311
G1 F1500 X150.662 Y109.932 E1166.5276
G0 F9000 X150.662 Y109.184
G1 F2700 E1161.5276
;MESH:batclipholder.stl(2)
G0 F9000 X152.578 Y108.404
G0 X152.578 Y107.309
G0 X152.578 Y97.691
G0 X152.578 Y96.596
G0 X152.578 Y95.794
;TYPE:WALL-INNER
G1 F2700 E1166.5276
G1 F1694.9 X153.025 Y95.021 E1166.55388
G1 X152.752 Y94.95 E1166.56219
G1 X152.578 Y94.76 E1166.56977
G1 X152.578 Y95.794 E1166.60021
G0 F9000 X152.2 Y96.424
G1 F1500 X152.649 Y96.424 E1166.61514
G1 X153.336 Y95.235 E1166.66081
G1 F1388.9 X153.793 Y94.382 E1166.69557
G1 X153.091 Y94.649 E1166.72255
G1 F1500 X152.847 Y94.585 E1166.73094
G1 F1188.1 X152.305 Y94.125 E1166.76079
G1 F1075.3 X152.253 Y94.605 E1166.7832
G1 F1327.4 X152.201 Y95.085 E1166.80134
G1 F1500 X152.2 Y96.424 E1166.84588
G0 F9000 X152.48 Y96.146
G0 X152.305 Y94.125
G1 F991.7 X152.3 Y92.792 E1166.91293
G0 F9000 X152.559 Y94.839
G0 X153.215 Y95.013
G0 X153.793 Y94.382
G1 F1271.2 X155.584 Y91.265 E1167.05402
G1 F1229.5 X157.376 Y88.148 E1167.19992
G0 F9000 X153.215 Y95.013
G0 X152.559 Y94.839
G0 X152.553 Y89.615
G0 X151.682 Y91.474
G0 X146.708 Y91.392
G1 F1500 X151.6 Y91.392 E1167.36262
G1 X151.6 Y79.372 E1167.76241
G1 X143.4 Y79.372 E1168.03514
G1 X143.4 Y91.392 E1168.43493
G1 X146.708 Y91.392 E1168.54496
G0 F9000 X146.627 Y91.792
G1 F1500 X151.6 Y91.792 E1168.71036
G1 X152 Y91.925 E1168.72438
G1 X152 Y78.972 E1169.1552
G1 X143 Y78.972 E1169.45454
G1 X143 Y91.925 E1169.88536
G1 X143.4 Y91.792 E1169.89938
G1 X146.627 Y91.792 E1170.00671
G0 F9000 X146.546 Y92.192
G1 F1500 X151.6 Y92.192 E1170.1748
G1 X151.96 Y92.312 E1170.18743
G1 F1200 X152.3 Y92.792 E1170.21188
G1 X152.4 Y92.092 E1170.24128
G1 F1500 X152.4 Y78.572 E1170.69096
G1 X142.6 Y78.572 E1171.01691
G1 X142.6 Y92.092 E1171.46658
G1 F1200 X142.7 Y92.792 E1171.49598
G1 X143.04 Y92.312 E1171.52044
G1 F1500 X143.4 Y92.192 E1171.53306
G1 X146.546 Y92.192 E1171.63769
G0 F9000 X146.547 Y91.885
G0 X142.962 Y92.356
G0 X142.7 Y92.792
G1 F991.7 X142.695 Y94.125 E1171.70475
G0 F9000 X142.441 Y94.839
G0 X141.785 Y95.013
G0 X141.263 Y94.477
G1 F1239.7 X137.621 Y88.146 E1171.99869
G0 F9000 X141.785 Y95.013
G0 X142.422 Y95.799
G1 F1685.4 X142.422 Y94.76 E1172.02945
G1 X142.245 Y94.952 E1172.03718
G1 X141.973 Y95.021 E1172.04549
G1 X142.422 Y95.799 E1172.07208
G0 F9000 X142.346 Y96.424
G1 F1500 X142.8 Y96.424 E1172.08718
G1 X142.8 Y95.089 E1172.13158
G1 F1327.4 X142.748 Y94.607 E1172.1498
G1 F1075.3 X142.695 Y94.125 E1172.1723
G1 F1188.1 X142.15 Y94.586 E1172.20227
G1 F1500 X141.902 Y94.649 E1172.21078
G1 F1373 X141.263 Y94.477 E1172.23483
G1 X141.658 Y95.23 E1172.26572
G1 F1500 X142.346 Y96.424 E1172.31156
G1 F2700 E1167.31156
G0 F9000 X142.517 Y96.13
G0 X142.962 Y92.356
G0 X143.281 Y92.285
G0 X143.28 Y92.632
;TYPE:WALL-OUTER
G1 F2700 E1172.31156
G1 F1500 X143.4 Y92.592 E1172.31577
G1 X146.464 Y92.592 E1172.41767
G1 X151.6 Y92.592 E1172.5885
G1 X151.72 Y92.632 E1172.59271
G1 X151.8 Y92.792 E1172.59866
G1 X151.8 Y96.824 E1172.73276
G1 X152.88 Y96.824 E1172.76868
G1 X158.151 Y87.701 E1173.11912
G1 X157.117 Y87.7 E1173.15351
G1 X153.418 Y94.168 E1173.40133
G1 X153.193 Y94.262 E1173.40944
G1 X152.949 Y94.198 E1173.41783
G1 X152.802 Y94.039 E1173.42503
G1 X152.8 Y78.172 E1173.95277
G1 X142.2 Y78.172 E1174.30533
G1 X142.198 Y94.039 E1174.83307
G1 X142.05 Y94.198 E1174.84029
G1 X141.802 Y94.262 E1174.84881
G1 X141.598 Y94.197 E1174.85593
G1 X137.88 Y87.7 E1175.10491
G1 X136.848 Y87.7 E1175.13923
G1 X142.116 Y96.824 E1175.48965
G1 X143.2 Y96.824 E1175.5257
G1 X143.2 Y92.792 E1175.6598
G1 X143.28 Y92.632 E1175.66575
G0 F9000 X143.281 Y92.285
G0 X146.782 Y91.292
G0 X146.782 Y91.032
;TYPE:SKIN
G1 F1500 X143.76 Y91.032 E1175.76627
G1 X143.76 Y79.732 E1176.14211
G1 X151.24 Y79.732 E1176.39089
G1 X151.24 Y91.032 E1176.76673
G1 X146.782 Y91.032 E1176.91501
G0 F9000 X146.782 Y91.292
G0 X143.572 Y91.22
G0 X143.5 Y90.22
G0 X143.96 Y90.22
G1 F1500 X144.572 Y90.832 E1176.94379
G0 F9000 X145.138 Y90.832
G1 F1500 X143.96 Y89.654 E1176.9992
G0 F9000 X143.96 Y89.088
G1 F1500 X145.704 Y90.832 E1177.08123
G0 F9000 X146.269 Y90.832
G1 F1500 X143.96 Y88.523 E1177.18984
G0 F9000 X143.96 Y87.957
G1 F1500 X146.835 Y90.832 E1177.32507
G0 F9000 X147.401 Y90.832
G1 F1500 X143.96 Y87.391 E1177.48693
G0 F9000 X143.96 Y86.826
G1 F1500 X147.966 Y90.832 E1177.67536
G0 F9000 X148.532 Y90.832
G1 F1500 X143.96 Y86.26 E1177.89041
G0 F9000 X143.96 Y85.694
G1 F1500 X149.098 Y90.832 E1178.13209
G0 F9000 X149.663 Y90.832
G1 F1500 X143.96 Y85.129 E1178.40034
G0 F9000 X143.96 Y84.563
G1 F1500 X150.229 Y90.832 E1178.69521
G0 F9000 X150.795 Y90.832
G1 F1500 X143.96 Y83.997 E1179.01671
G0 F9000 X143.96 Y83.432
G1 F1500 X151.04 Y90.512 E1179.34973
G0 F9000 X151.04 Y89.946
G1 F1500 X143.96 Y82.866 E1179.68275
G0 F9000 X143.96 Y82.3
G1 F1500 X151.04 Y89.38 E1180.01577
G0 F9000 X151.04 Y88.815
G1 F1500 X143.96 Y81.734 E1180.34882
G0 F9000 X143.96 Y81.169
G1 F1500 X151.04 Y88.249 E1180.68184
G0 F9000 X151.04 Y87.683
G1 F1500 X143.96 Y80.603 E1181.01486
G0 F9000 X143.96 Y80.037
G1 F1500 X151.04 Y87.118 E1181.34791
G0 F9000 X151.04 Y86.552
G1 F1500 X144.42 Y79.932 E1181.65929
G0 F9000 X144.986 Y79.932
G1 F1500 X151.04 Y85.986 E1181.94405
G0 F9000 X151.04 Y85.421
G1 F1500 X145.552 Y79.932 E1182.20222
G0 F9000 X146.117 Y79.932
G1 F1500 X151.04 Y84.855 E1182.43378
G0 F9000 X151.04 Y84.289
G1 F1500 X146.683 Y79.932 E1182.63872
G0 F9000 X147.249 Y79.932
G1 F1500 X151.04 Y83.724 E1182.81706
G0 F9000 X151.04 Y83.158
G1 F1500 X147.814 Y79.932 E1182.9688
G0 F9000 X148.38 Y79.932
G1 F1500 X151.04 Y82.592 E1183.09392
G0 F9000 X151.04 Y82.027
G1 F1500 X148.946 Y79.932 E1183.19244
G0 F9000 X149.511 Y79.932
G1 F1500 X151.04 Y81.461 E1183.26436
G0 F9000 X151.04 Y80.895
G1 F1500 X150.077 Y79.932 E1183.30965
G0 F9000 X150.643 Y79.932
G1 F1500 X151.04 Y80.329 E1183.32833
G0 F9000 X151.79 Y80.329
G1 F2700 E1178.32833
;MESH:NONMESH
G0 F300 X151.79 Y80.329 Z4.8
G0 F9000 X151.428 Y79.544
G0 X143.572 Y79.544
G0 X142.43 Y88.146
G0 X141.335 Y88.146
G0 X138.383 Y86.841
G0 X136.12 Y86.841
G0 X128.712 Y88.462
G0 X107.621 Y88.146
;TIME_ELAPSED:2207.848863
;LAYER:23
;TYPE:WALL-INNER
;MESH:batclipholder.stl(1)
G1 F2700 E1183.32833
G1 F1239.7 X111.263 Y94.477 E1183.62227
G0 F9000 X111.785 Y95.013
G0 X112.441 Y94.839
G0 X112.695 Y94.125
G1 F991.7 X112.7 Y92.928 E1183.68248
G0 F9000 X112.422 Y95.799
G1 F1685.4 X112.422 Y94.76 E1183.71324
G1 X112.245 Y94.952 E1183.72097
G1 X111.973 Y95.021 E1183.72928
G1 X112.422 Y95.799 E1183.75587
G0 F9000 X112.8 Y96.424
G1 F1500 X112.8 Y95.089 E1183.80027
G1 F1327.4 X112.748 Y94.607 E1183.81849
G1 F1075.3 X112.695 Y94.125 E1183.84099
G1 F1188.1 X112.15 Y94.586 E1183.87096
G1 F1500 X111.902 Y94.649 E1183.87947
G1 F1373 X111.263 Y94.477 E1183.90352
G1 X111.658 Y95.23 E1183.93442
G1 F1500 X112.346 Y96.424 E1183.98025
G1 X112.8 Y96.424 E1183.99535
G0 F9000 X112.52 Y96.146
G0 X112.962 Y92.491
G0 X117.5 Y91.528
G1 F1500 X121.6 Y91.528 E1184.13172
G1 X121.6 Y79.372 E1184.53603
G1 X113.4 Y79.372 E1184.80876
G1 X113.4 Y91.528 E1185.21307
G1 X117.5 Y91.528 E1185.34944
G0 F9000 X117.5 Y91.928
G1 F1500 X121.6 Y91.928 E1185.4858
G1 X122 Y92.061 E1185.49982
G1 X122 Y78.972 E1185.93516
G1 X113 Y78.972 E1186.23451
G1 X113 Y92.061 E1186.66985
G1 X113.4 Y91.928 E1186.68387
G1 X117.5 Y91.928 E1186.82023
G0 F9000 X117.5 Y92.328
G1 F1500 X121.6 Y92.328 E1186.9566
G1 X121.96 Y92.448 E1186.96922
G1 F1200 X122.3 Y92.928 E1186.99368
G1 X122.4 Y92.228 E1187.02308
G1 F1500 X122.4 Y78.572 E1187.47728
G1 X112.6 Y78.572 E1187.80323
G1 X112.6 Y92.228 E1188.25743
G1 F1200 X112.7 Y92.928 E1188.28682
G1 X113.04 Y92.448 E1188.31128
G1 F1500 X113.4 Y92.328 E1188.3239
G1 X117.5 Y92.328 E1188.46027
G0 F9000 X117.5 Y92.019
G0 X122.038 Y92.491
G0 X122.3 Y92.928
G1 F991.7 X122.305 Y94.125 E1188.52048
G0 F9000 X122.559 Y94.839
G0 X123.215 Y95.013
G0 X123.793 Y94.382
G1 F1271.2 X125.584 Y91.265 E1188.66157
G1 F1229.5 X127.376 Y88.148 E1188.80747
G0 F9000 X123.215 Y95.013
G0 X122.578 Y95.794
G1 F1694.9 X123.025 Y95.021 E1188.83375
G1 X122.752 Y94.95 E1188.84205
G1 X122.578 Y94.76 E1188.84964
G1 X122.578 Y95.794 E1188.88007
G0 F9000 X122.2 Y96.424
G1 F1500 X122.649 Y96.424 E1188.89501
G1 X123.336 Y95.235 E1188.94068
G1 F1388.9 X123.793 Y94.382 E1188.97544
G1 X123.091 Y94.649 E1189.00242
G1 F1500 X122.847 Y94.585 E1189.01081
G1 F1188.1 X122.305 Y94.125 E1189.04066
G1 F1075.3 X122.253 Y94.605 E1189.06306
G1 F1327.4 X122.201 Y95.085 E1189.08121
G1 F1500 X122.2 Y96.424 E1189.12574
G1 F2700 E1184.12574
G0 F9000 X122.48 Y96.146
G0 X122.038 Y92.491
G0 X117.5 Y92.419
G0 X117.5 Y92.728
;TYPE:WALL-OUTER
G1 F2700 E1189.12574
G1 F1500 X121.6 Y92.728 E1189.26211
G1 X121.72 Y92.768 E1189.26632
G1 X121.8 Y92.928 E1189.27227
G1 X121.8 Y96.824 E1189.40185
G1 X122.88 Y96.824 E1189.43777
G1 X128.151 Y87.701 E1189.7882
G1 X127.117 Y87.7 E1189.8226
G1 X123.418 Y94.168 E1190.07042
G1 X123.193 Y94.262 E1190.07853
G1 X122.949 Y94.198 E1190.08692
G1 X122.802 Y94.039 E1190.09412
G1 X122.8 Y78.172 E1190.62186
G1 X112.2 Y78.172 E1190.97442
G1 X112.198 Y94.039 E1191.50215
G1 X112.05 Y94.198 E1191.50938
G1 X111.802 Y94.262 E1191.5179
G1 X111.598 Y94.197 E1191.52502
G1 X107.88 Y87.7 E1191.77399
G1 X106.848 Y87.7 E1191.80832
G1 X112.116 Y96.824 E1192.15873
G1 X113.2 Y96.824 E1192.19479
G1 X113.2 Y92.928 E1192.32437
G1 X113.28 Y92.768 E1192.33032
G1 X113.4 Y92.728 E1192.33453
G1 X117.5 Y92.728 E1192.47089
G0 F9000 X117.5 Y92.419
G0 X117.5 Y91.428
G0 X117.5 Y91.168
;TYPE:SKIN
G1 F1500 X113.76 Y91.168 E1192.59528
G1 X113.76 Y79.732 E1192.97565
G1 X121.24 Y79.732 E1193.22443
G1 X121.24 Y91.168 E1193.6048
G1 X117.5 Y91.168 E1193.72919
G0 F9000 X117.5 Y91.428
G0 X121.428 Y91.356
G0 X121.5 Y90.527
G0 X121.04 Y90.527
G1 F1500 X120.598 Y90.968 E1193.74996
G0 F9000 X120.033 Y90.968
G1 F1500 X121.04 Y89.961 E1193.79732
G0 F9000 X121.04 Y89.395
G1 F1500 X119.467 Y90.968 E1193.87131
G0 F9000 X118.901 Y90.968
G1 F1500 X121.04 Y88.83 E1193.9719
G0 F9000 X121.04 Y88.264
G1 F1500 X118.336 Y90.968 E1194.09909
G0 F9000 X117.77 Y90.968
G1 F1500 X121.04 Y87.698 E1194.2529
G0 F9000 X121.04 Y87.133
G1 F1500 X117.204 Y90.968 E1194.43331
G0 F9000 X116.639 Y90.968
G1 F1500 X121.04 Y86.567 E1194.64032
G0 F9000 X121.04 Y86.001
G1 F1500 X116.073 Y90.968 E1194.87395
G0 F9000 X115.507 Y90.968
G1 F1500 X121.04 Y85.435 E1195.13421
G0 F9000 X121.04 Y84.87
G1 F1500 X114.942 Y90.968 E1195.42104
G0 F9000 X114.376 Y90.968
G1 F1500 X121.04 Y84.304 E1195.73449
G0 F9000 X121.04 Y83.738
G1 F1500 X113.96 Y90.818 E1196.06751
G0 F9000 X113.96 Y90.252
G1 F1500 X121.04 Y83.173 E1196.40051
G0 F9000 X121.04 Y82.607
G1 F1500 X113.96 Y89.687 E1196.73353
G0 F9000 X113.96 Y89.121
G1 F1500 X121.04 Y82.041 E1197.06655
G0 F9000 X121.04 Y81.476
G1 F1500 X113.96 Y88.555 E1197.39955
G0 F9000 X113.96 Y87.99
G1 F1500 X121.04 Y80.91 E1197.73257
G0 F9000 X121.04 Y80.344
G1 F1500 X113.96 Y87.424 E1198.06559
G0 F9000 X113.96 Y86.858
G1 F1500 X120.886 Y79.932 E1198.39137
G0 F9000 X120.321 Y79.932
G1 F1500 X113.96 Y86.292 E1198.69055
G0 F9000 X113.96 Y85.727
G1 F1500 X119.755 Y79.932 E1198.96313
G0 F9000 X119.189 Y79.932
G1 F1500 X113.96 Y85.161 E1199.20909
G0 F9000 X113.96 Y84.595
G1 F1500 X118.624 Y79.932 E1199.42844
G0 F9000 X118.058 Y79.932
G1 F1500 X113.96 Y84.03 E1199.6212
G0 F9000 X113.96 Y83.464
G1 F1500 X117.492 Y79.932 E1199.78733
G0 F9000 X116.926 Y79.932
G1 F1500 X113.96 Y82.898 E1199.92685
G0 F9000 X113.96 Y82.333
G1 F1500 X116.361 Y79.932 E1200.03978
G0 F9000 X115.795 Y79.932
G1 F1500 X113.96 Y81.767 E1200.12609
G0 F9000 X113.96 Y81.201
G1 F1500 X115.229 Y79.932 E1200.18578
G0 F9000 X114.664 Y79.932
G1 F1500 X113.96 Y80.636 E1200.2189
G0 F9000 X113.96 Y80.07
G1 F1500 X114.098 Y79.932 E1200.22539
G0 F9000 X114.098 Y79.184
G1 F2700 E1195.22539
;MESH:batclipholder.stl
G0 F9000 X113.572 Y79.544
G0 X113.592 Y83.079
G0 X112.247 Y96.599
G0 X112.247 Y97.691
G0 X107.752 Y116.835
G0 X107.621 Y118.146
;TYPE:WALL-INNER
G1 F2700 E1200.22539
G1 F1239.7 X111.263 Y124.477 E1200.51933
G0 F9000 X111.785 Y125.013
G0 X112.441 Y124.839
G0 X112.695 Y124.125
G1 F991.7 X112.7 Y122.928 E1200.57955
G0 F9000 X112.422 Y125.799
G1 F1685.4 X112.422 Y124.76 E1200.6103
G1 X112.245 Y124.952 E1200.61803
G1 X111.973 Y125.021 E1200.62634
G1 X112.422 Y125.799 E1200.65293
G0 F9000 X112.8 Y126.424
G1 F1500 X112.8 Y125.089 E1200.69733
G1 F1327.4 X112.748 Y124.607 E1200.71555
G1 F1075.3 X112.695 Y124.125 E1200.73805
G1 F1188.1 X112.15 Y124.586 E1200.76802
G1 F1500 X111.902 Y124.649 E1200.77654
G1 F1373 X111.263 Y124.477 E1200.80058
G1 X111.658 Y125.23 E1200.83148
G1 F1500 X112.346 Y126.424 E1200.87731
G1 X112.8 Y126.424 E1200.89241
G0 F9000 X112.52 Y126.146
G0 X112.962 Y122.491
G0 X117.5 Y121.528
G1 F1500 X121.6 Y121.528 E1201.02878
G1 X121.6 Y109.372 E1201.43309
G1 X113.4 Y109.372 E1201.70582
G1 X113.4 Y121.528 E1202.11013
G1 X117.5 Y121.528 E1202.2465
G0 F9000 X117.5 Y121.928
G1 F1500 X121.6 Y121.928 E1202.38287
G1 X122 Y122.061 E1202.39689
G1 X122 Y108.972 E1202.83223
G1 X113 Y108.972 E1203.13157
G1 X113 Y122.061 E1203.56691
G1 X113.4 Y121.928 E1203.58093
G1 X117.5 Y121.928 E1203.7173
G0 F9000 X117.5 Y122.328
G1 F1500 X121.6 Y122.328 E1203.85366
G1 X121.96 Y122.448 E1203.86629
G1 F1200 X122.3 Y122.928 E1203.89074
G1 X122.4 Y122.228 E1203.92014
G1 F1500 X122.4 Y108.572 E1204.37434
G1 X112.6 Y108.572 E1204.70029
G1 X112.6 Y122.228 E1205.15449
G1 F1200 X112.7 Y122.928 E1205.18389
G1 X113.04 Y122.448 E1205.20834
G1 F1500 X113.4 Y122.328 E1205.22096
G1 X117.5 Y122.328 E1205.35733
G0 F9000 X117.5 Y122.019
G0 X122.038 Y122.491
G0 X122.3 Y122.928
G1 F991.7 X122.305 Y124.125 E1205.41755
G0 F9000 X122.559 Y124.839
G0 X123.215 Y125.013
G0 X123.793 Y124.382
G1 F1271.2 X125.584 Y121.265 E1205.55864
G1 F1229.5 X127.376 Y118.148 E1205.70453
G0 F9000 X123.215 Y125.013
G0 X122.578 Y125.794
G1 F1694.9 X123.025 Y125.021 E1205.73081
G1 X122.752 Y124.95 E1205.73912
G1 X122.578 Y124.76 E1205.7467
G1 X122.578 Y125.794 E1205.77713
G0 F9000 X122.2 Y126.424
G1 F1500 X122.649 Y126.424 E1205.79207
G1 X123.336 Y125.235 E1205.83774
G1 F1388.9 X123.793 Y124.382 E1205.8725
G1 X123.091 Y124.649 E1205.89948
G1 F1500 X122.847 Y124.585 E1205.90787
G1 F1188.1 X122.305 Y124.125 E1205.93772
G1 F1075.3 X122.253 Y124.605 E1205.96012
G1 F1327.4 X122.201 Y125.085 E1205.97827
G1 F1500 X122.2 Y126.424 E1206.0228
G1 F2700 E1201.0228
G0 F9000 X122.48 Y126.146
G0 X122.038 Y122.491
G0 X117.5 Y122.419
G0 X117.5 Y122.728
;TYPE:WALL-OUTER
G1 F2700 E1206.0228
G1 F1500 X121.6 Y122.728 E1206.15917
G1 X121.72 Y122.768 E1206.16338
G1 X121.8 Y122.928 E1206.16933
G1 X121.8 Y126.824 E1206.29891
G1 X122.88 Y126.824 E1206.33483
G1 X128.151 Y117.701 E1206.68527
G1 X127.117 Y117.7 E1206.71966
G1 X123.418 Y124.168 E1206.96748
G1 X123.193 Y124.262 E1206.97559
G1 X122.949 Y124.198 E1206.98398
G1 X122.802 Y124.039 E1206.99118
G1 X122.8 Y108.172 E1207.51892
G1 X112.2 Y108.172 E1207.87148
G1 X112.198 Y124.039 E1208.39922
G1 X112.05 Y124.198 E1208.40644
G1 X111.802 Y124.262 E1208.41496
G1 X111.598 Y124.197 E1208.42208
G1 X107.88 Y117.7 E1208.67106
G1 X106.848 Y117.7 E1208.70538
G1 X112.116 Y126.824 E1209.0558
G1 X113.2 Y126.824 E1209.09185
G1 X113.2 Y122.928 E1209.22143
G1 X113.28 Y122.768 E1209.22738
G1 X113.4 Y122.728 E1209.23159
G1 X117.5 Y122.728 E1209.36795
G0 F9000 X117.5 Y122.419
G0 X117.5 Y121.428
G0 X117.5 Y121.168
;TYPE:SKIN
G1 F1500 X113.76 Y121.168 E1209.49235
G1 X113.76 Y109.732 E1209.87271
G1 X121.24 Y109.732 E1210.1215
G1 X121.24 Y121.168 E1210.50186
G1 X117.5 Y121.168 E1210.62625
G0 F9000 X117.5 Y121.428
G0 X120.58 Y121.428
G0 X120.58 Y120.968
G1 F1500 X121.04 Y120.508 E1210.64789
G0 F9000 X121.04 Y119.942
G1 F1500 X120.014 Y120.968 E1210.69615
G0 F9000 X119.449 Y120.968
G1 F1500 X121.04 Y119.377 E1210.77098
G0 F9000 X121.04 Y118.811
G1 F1500 X118.883 Y120.968 E1210.87244
G0 F9000 X118.317 Y120.968
G1 F1500 X121.04 Y118.245 E1211.00052
G0 F9000 X121.04 Y117.68
G1 F1500 X117.752 Y120.968 E1211.15518
G0 F9000 X117.186 Y120.968
G1 F1500 X121.04 Y117.114 E1211.33646
G0 F9000 X121.04 Y116.548
G1 F1500 X116.62 Y120.968 E1211.54437
G0 F9000 X116.055 Y120.968
G1 F1500 X121.04 Y115.982 E1211.77887
G0 F9000 X121.04 Y115.417
G1 F1500 X115.489 Y120.968 E1212.03997
G0 F9000 X114.923 Y120.968
G1 F1500 X121.04 Y114.851 E1212.3277
G0 F9000 X121.04 Y114.285
G1 F1500 X114.358 Y120.968 E1212.64202
G0 F9000 X113.96 Y120.799
G1 F1500 X121.04 Y113.72 E1212.97502
G0 F9000 X121.04 Y113.154
G1 F1500 X113.96 Y120.234 E1213.30804
G0 F9000 X113.96 Y119.668
G1 F1500 X121.04 Y112.588 E1213.64106
G0 F9000 X121.04 Y112.023
G1 F1500 X113.96 Y119.102 E1213.97406
G0 F9000 X113.96 Y118.537
G1 F1500 X121.04 Y111.457 E1214.30708
G0 F9000 X121.04 Y110.891
G1 F1500 X113.96 Y117.971 E1214.6401
G0 F9000 X113.96 Y117.405
G1 F1500 X121.04 Y110.326 E1214.9731
G0 F9000 X120.868 Y109.932
G1 F1500 X113.96 Y116.839 E1215.29801
G0 F9000 X113.96 Y116.274
G1 F1500 X120.302 Y109.932 E1215.59632
G0 F9000 X119.737 Y109.932
G1 F1500 X113.96 Y115.708 E1215.86802
G0 F9000 X113.96 Y115.142
G1 F1500 X119.171 Y109.932 E1216.11311
G0 F9000 X118.605 Y109.932
G1 F1500 X113.96 Y114.577 E1216.3316
G0 F9000 X113.96 Y114.011
G1 F1500 X118.039 Y109.932 E1216.52346
G0 F9000 X117.474 Y109.932
G1 F1500 X113.96 Y113.445 E1216.68872
G0 F9000 X113.96 Y112.88
G1 F1500 X116.908 Y109.932 E1216.82739
G0 F9000 X116.342 Y109.932
G1 F1500 X113.96 Y112.314 E1216.93943
G0 F9000 X113.96 Y111.748
G1 F1500 X115.777 Y109.932 E1217.02487
G0 F9000 X115.211 Y109.932
G1 F1500 X113.96 Y111.183 E1217.08372
G0 F9000 X113.96 Y110.617
G1 F1500 X114.645 Y109.932 E1217.11594
G0 F9000 X114.08 Y109.932
G1 F1500 X113.96 Y110.051 E1217.12156
G0 F9000 X113.21 Y110.051
G1 F2700 E1212.12156
;MESH:batclipholder.stl(3)
G0 F9000 X113.572 Y109.544
G0 X121.428 Y109.544
G0 X122.57 Y118.146
G0 X123.665 Y118.146
G0 X126.617 Y116.841
G0 X128.88 Y116.841
G0 X136.289 Y118.463
G0 X137.621 Y118.146
;TYPE:WALL-INNER
G1 F2700 E1217.12156
G1 F1239.7 X141.263 Y124.477 E1217.4155
G0 F9000 X141.785 Y125.013
G0 X142.441 Y124.839
G0 X142.695 Y124.125
G1 F991.7 X142.7 Y122.928 E1217.47572
G0 F9000 X142.422 Y125.799
G1 F1685.4 X142.422 Y124.76 E1217.50647
G1 X142.245 Y124.952 E1217.5142
G1 X141.973 Y125.021 E1217.52251
G1 X142.422 Y125.799 E1217.5491
G0 F9000 X142.346 Y126.424
G1 F1500 X142.8 Y126.424 E1217.5642
G1 X142.8 Y125.089 E1217.6086
G1 F1327.4 X142.748 Y124.607 E1217.62682
G1 F1075.3 X142.695 Y124.125 E1217.64932
G1 F1188.1 X142.15 Y124.586 E1217.67929
G1 F1500 X141.902 Y124.649 E1217.6878
G1 F1373 X141.263 Y124.477 E1217.71185
G1 X141.658 Y125.23 E1217.74275
G1 F1500 X142.346 Y126.424 E1217.78858
G0 F9000 X142.517 Y126.13
G0 X142.962 Y122.491
G0 X146.472 Y121.528
G1 F1500 X151.6 Y121.528 E1217.95914
G1 X151.6 Y109.372 E1218.36345
G1 X143.4 Y109.372 E1218.63618
G1 X143.4 Y121.528 E1219.04049
G1 X146.472 Y121.528 E1219.14267
G0 F9000 X146.369 Y121.928
G1 F1500 X151.6 Y121.928 E1219.31665
G1 X152 Y122.061 E1219.33067
G1 X152 Y108.972 E1219.76601
G1 X143 Y108.972 E1220.06536
G1 X143 Y122.061 E1220.5007
G1 X143.4 Y121.928 E1220.51472
G1 X146.369 Y121.928 E1220.61347
G0 F9000 X146.267 Y122.328
G1 F1500 X151.6 Y122.328 E1220.79084
G1 X151.96 Y122.448 E1220.80346
G1 F1200 X152.3 Y122.928 E1220.82792
G1 X152.4 Y122.228 E1220.85732
G1 F1500 X152.4 Y108.572 E1221.31152
G1 X142.6 Y108.572 E1221.63747
G1 X142.6 Y122.228 E1222.09167
G1 F1200 X142.7 Y122.928 E1222.12107
G1 X143.04 Y122.448 E1222.14552
G1 F1500 X143.4 Y122.328 E1222.15814
G1 X146.267 Y122.328 E1222.2535
G0 F9000 X146.267 Y122.019
G0 X152.038 Y122.491
G0 X152.3 Y122.928
G1 F991.7 X152.305 Y124.125 E1222.31372
G0 F9000 X152.559 Y124.839
G0 X153.215 Y125.013
G0 X153.793 Y124.382
G1 F1271.2 X155.584 Y121.265 E1222.45481
G1 F1229.5 X157.376 Y118.148 E1222.6007
G0 F9000 X153.215 Y125.013
G0 X152.578 Y125.794
G1 F1694.9 X153.025 Y125.021 E1222.62698
G1 X152.752 Y124.95 E1222.63528
G1 X152.578 Y124.76 E1222.64287
G1 X152.578 Y125.794 E1222.6733
G0 F9000 X152.2 Y126.424
G1 F1500 X152.649 Y126.424 E1222.68824
G1 X153.336 Y125.235 E1222.73391
G1 F1388.9 X153.793 Y124.382 E1222.76867
G1 X153.091 Y124.649 E1222.79565
G1 F1500 X152.847 Y124.585 E1222.80404
G1 F1188.1 X152.305 Y124.125 E1222.83389
G1 F1075.3 X152.253 Y124.605 E1222.85629
G1 F1327.4 X152.201 Y125.085 E1222.87444
G1 F1500 X152.2 Y126.424 E1222.91897
G1 F2700 E1217.91897
G0 F9000 X152.48 Y126.146
G0 X152.038 Y122.491
G0 X146.165 Y122.419
G0 X146.165 Y122.728
;TYPE:WALL-OUTER
G1 F2700 E1222.91897
G1 F1500 X151.6 Y122.728 E1223.09974
G1 X151.72 Y122.768 E1223.10395
G1 X151.8 Y122.928 E1223.1099
G1 X151.8 Y126.824 E1223.23948
G1 X152.88 Y126.824 E1223.2754
G1 X158.151 Y117.701 E1223.62584
G1 X157.117 Y117.7 E1223.66023
G1 X153.418 Y124.168 E1223.90805
G1 X153.193 Y124.262 E1223.91616
G1 X152.949 Y124.198 E1223.92455
G1 X152.802 Y124.039 E1223.93175
G1 X152.8 Y108.172 E1224.45949
G1 X142.2 Y108.172 E1224.81205
G1 X142.198 Y124.039 E1225.33979
G1 X142.05 Y124.198 E1225.34701
G1 X141.802 Y124.262 E1225.35553
G1 X141.598 Y124.197 E1225.36265
G1 X137.88 Y117.7 E1225.61163
G1 X136.848 Y117.7 E1225.64595
G1 X142.116 Y126.824 E1225.99637
G1 X143.2 Y126.824 E1226.03242
G1 X143.2 Y122.928 E1226.162
G1 X143.28 Y122.768 E1226.16795
G1 X143.4 Y122.728 E1226.17216
G1 X146.165 Y122.728 E1226.26412
G0 F9000 X146.165 Y122.419
G0 X146.563 Y121.428
G0 X146.563 Y121.168
;TYPE:SKIN
G1 F1500 X143.76 Y121.168 E1226.35735
G1 X143.76 Y109.732 E1226.73771
G1 X151.24 Y109.732 E1226.9865
G1 X151.24 Y121.168 E1227.36686
G1 X146.563 Y121.168 E1227.52242
G0 F9000 X146.563 Y121.428
G0 X150.561 Y121.428
G0 X150.561 Y120.968
G1 F1500 X151.04 Y120.489 E1227.54495
G0 F9000 X151.04 Y119.923
G1 F1500 X149.995 Y120.968 E1227.59411
G0 F9000 X149.429 Y120.968
G1 F1500 X151.04 Y119.358 E1227.66986
G0 F9000 X151.04 Y118.792
G1 F1500 X148.864 Y120.968 E1227.77221
G0 F9000 X148.298 Y120.968
G1 F1500 X151.04 Y118.226 E1227.90119
G0 F9000 X151.04 Y117.66
G1 F1500 X147.732 Y120.968 E1228.05678
G0 F9000 X147.167 Y120.968
G1 F1500 X151.04 Y117.095 E1228.23896
G0 F9000 X151.04 Y116.529
G1 F1500 X146.601 Y120.968 E1228.44776
G0 F9000 X146.035 Y120.968
G1 F1500 X151.04 Y115.963 E1228.68317
G0 F9000 X151.04 Y115.398
G1 F1500 X145.47 Y120.968 E1228.94517
G0 F9000 X144.904 Y120.968
G1 F1500 X151.04 Y114.832 E1229.23379
G0 F9000 X151.04 Y114.266
G1 F1500 X144.338 Y120.968 E1229.54903
G0 F9000 X143.96 Y120.781
G1 F1500 X151.04 Y113.701 E1229.88205
G0 F9000 X151.04 Y113.135
G1 F1500 X143.96 Y120.215 E1230.21507
G0 F9000 X143.96 Y119.65
G1 F1500 X151.04 Y112.569 E1230.54812
G0 F9000 X151.04 Y112.004
G1 F1500 X143.96 Y119.084 E1230.88114
G0 F9000 X143.96 Y118.518
G1 F1500 X151.04 Y111.438 E1231.21416
G0 F9000 X151.04 Y110.872
G1 F1500 X143.96 Y117.952 E1231.54718
G0 F9000 X143.96 Y117.387
G1 F1500 X151.04 Y110.307 E1231.8802
G0 F9000 X150.849 Y109.932
G1 F1500 X143.96 Y116.821 E1232.20424
G0 F9000 X143.96 Y116.255
G1 F1500 X150.284 Y109.932 E1232.50168
G0 F9000 X149.718 Y109.932
G1 F1500 X143.96 Y115.69 E1232.77252
G0 F9000 X143.96 Y115.124
G1 F1500 X149.152 Y109.932 E1233.01673
G0 F9000 X148.586 Y109.932
G1 F1500 X143.96 Y114.558 E1233.23433
G0 F9000 X143.96 Y113.993
G1 F1500 X148.021 Y109.932 E1233.42534
G0 F9000 X147.455 Y109.932
G1 F1500 X143.96 Y113.427 E1233.58974
G0 F9000 X143.96 Y112.861
G1 F1500 X146.889 Y109.932 E1233.72751
G0 F9000 X146.324 Y109.932
G1 F1500 X143.96 Y112.296 E1233.83871
G0 F9000 X143.96 Y111.73
G1 F1500 X145.758 Y109.932 E1233.92328
G0 F9000 X145.192 Y109.932
G1 F1500 X143.96 Y111.164 E1233.98123
G0 F9000 X143.96 Y110.599
G1 F1500 X144.627 Y109.932 E1234.0126
G0 F9000 X144.061 Y109.932
G1 F1500 X143.96 Y110.033 E1234.01735
G0 F9000 X143.21 Y110.033
G1 F2700 E1229.01735
;MESH:batclipholder.stl(2)
G0 F9000 X142.422 Y108.404
G0 X142.422 Y107.309
G0 X142.422 Y97.691
G0 X142.422 Y96.596
G0 X142.422 Y95.799
;TYPE:WALL-INNER
G1 F2700 E1234.01735
G1 F1685.4 X142.422 Y94.76 E1234.04811
G1 X142.245 Y94.952 E1234.05584
G1 X141.973 Y95.021 E1234.06414
G1 X142.422 Y95.799 E1234.09073
G0 F9000 X142.346 Y96.424
G1 F1500 X142.8 Y96.424 E1234.10583
G1 X142.8 Y95.089 E1234.15024
G1 F1327.4 X142.748 Y94.607 E1234.16846
G1 F1075.3 X142.695 Y94.125 E1234.19096
G1 F1188.1 X142.15 Y94.586 E1234.22093
G1 F1500 X141.902 Y94.649 E1234.22944
G1 F1373 X141.263 Y94.477 E1234.25349
G1 X141.658 Y95.23 E1234.28438
G1 F1500 X142.346 Y96.424 E1234.33022
G0 F9000 X142.517 Y96.13
G0 X141.263 Y94.477
G1 F1239.7 X137.621 Y88.146 E1234.62416
G0 F9000 X141.785 Y95.013
G0 X142.441 Y94.839
G0 X142.7 Y92.928
G1 F991.7 X142.695 Y94.125 E1234.68437
G0 F9000 X142.962 Y92.491
G0 X146.681 Y91.528
G1 F1500 X151.6 Y91.528 E1234.84798
G1 X151.6 Y79.372 E1235.25229
G1 X143.4 Y79.372 E1235.52502
G1 X143.4 Y91.528 E1235.92933
G1 X146.681 Y91.528 E1236.03846
G0 F9000 X146.599 Y91.928
G1 F1500 X151.6 Y91.928 E1236.20479
G1 X152 Y92.061 E1236.21882
G1 X152 Y78.972 E1236.65416
G1 X143 Y78.972 E1236.9535
G1 X143 Y92.061 E1237.38884
G1 X143.4 Y91.928 E1237.40286
G1 X146.599 Y91.928 E1237.50926
G0 F9000 X146.518 Y92.328
G1 F1500 X151.6 Y92.328 E1237.67829
G1 X151.96 Y92.448 E1237.69091
G1 F1200 X152.3 Y92.928 E1237.71536
G1 X152.4 Y92.228 E1237.74476
G1 F1500 X152.4 Y78.572 E1238.19896
G1 X142.6 Y78.572 E1238.52491
G1 X142.6 Y92.228 E1238.97911
G1 F1200 X142.7 Y92.928 E1239.00851
G1 X143.04 Y92.448 E1239.03297
G1 F1500 X143.4 Y92.328 E1239.04559
G1 X146.518 Y92.328 E1239.14929
G0 F9000 X146.518 Y92.019
G0 X152.038 Y92.491
G0 X152.3 Y92.928
G1 F991.7 X152.305 Y94.125 E1239.20951
G0 F9000 X152.559 Y94.839
G0 X153.215 Y95.013
G0 X153.793 Y94.382
G1 F1271.2 X155.584 Y91.265 E1239.3506
G1 F1229.5 X157.376 Y88.148 E1239.49649
G0 F9000 X153.215 Y95.013
G0 X152.578 Y95.794
G1 F1694.9 X153.025 Y95.021 E1239.52277
G1 X152.752 Y94.95 E1239.53108
G1 X152.578 Y94.76 E1239.53866
G1 X152.578 Y95.794 E1239.5691
G0 F9000 X152.2 Y96.424
G1 F1500 X152.649 Y96.424 E1239.58403
G1 X153.336 Y95.235 E1239.6297
G1 F1388.9 X153.793 Y94.382 E1239.66446
G1 X153.091 Y94.649 E1239.69144
G1 F1500 X152.847 Y94.585 E1239.69983
G1 F1188.1 X152.305 Y94.125 E1239.72968
G1 F1075.3 X152.253 Y94.605 E1239.75209
G1 F1327.4 X152.201 Y95.085 E1239.77023
G1 F1500 X152.2 Y96.424 E1239.81477
G1 F2700 E1234.81477
G0 F9000 X152.48 Y96.146
G0 X152.038 Y92.491
G0 X146.437 Y92.419
G0 X146.437 Y92.728
;TYPE:WALL-OUTER
G1 F2700 E1239.81477
G1 F1500 X151.6 Y92.728 E1239.98649
G1 X151.72 Y92.768 E1239.9907
G1 X151.8 Y92.928 E1239.99665
G1 X151.8 Y96.824 E1240.12623
G1 X152.88 Y96.824 E1240.16215
G1 X158.151 Y87.701 E1240.51259
G1 X157.117 Y87.7 E1240.54698
G1 X153.418 Y94.168 E1240.7948
G1 X153.193 Y94.262 E1240.80291
G1 X152.949 Y94.198 E1240.8113
G1 X152.802 Y94.039 E1240.8185
G1 X152.8 Y78.172 E1241.34624
G1 X142.2 Y78.172 E1241.6988
G1 X142.198 Y94.039 E1242.22653
G1 X142.05 Y94.198 E1242.23376
G1 X141.802 Y94.262 E1242.24228
G1 X141.598 Y94.197 E1242.2494
G1 X137.88 Y87.7 E1242.49837
G1 X136.848 Y87.7 E1242.5327
G1 X142.116 Y96.824 E1242.88311
G1 X143.2 Y96.824 E1242.91917
G1 X143.2 Y92.928 E1243.04875
G1 X143.28 Y92.768 E1243.0547
G1 X143.4 Y92.728 E1243.05891
G1 X146.437 Y92.728 E1243.15992
G0 F9000 X146.437 Y92.419
G0 X146.754 Y91.428
G0 X146.754 Y91.168
;TYPE:SKIN
G1 F1500 X143.76 Y91.168 E1243.2595
G1 X143.76 Y79.732 E1243.63986
G1 X151.24 Y79.732 E1243.88865
G1 X151.24 Y91.168 E1244.26901
G1 X146.754 Y91.168 E1244.41821
G0 F9000 X146.754 Y91.428
G0 X150.58 Y91.428
G0 X150.58 Y90.968
G1 F1500 X151.039 Y90.508 E1244.43983
G0 F9000 X151.039 Y89.943
G1 F1500 X150.014 Y90.968 E1244.48804
G0 F9000 X149.448 Y90.968
G1 F1500 X151.039 Y89.377 E1244.56288
G0 F9000 X151.039 Y88.811
G1 F1500 X148.883 Y90.968 E1244.66431
G0 F9000 X148.317 Y90.968
G1 F1500 X151.039 Y88.246 E1244.79235
G0 F9000 X151.039 Y87.68
G1 F1500 X147.751 Y90.968 E1244.947
G0 F9000 X147.186 Y90.968
G1 F1500 X151.039 Y87.114 E1245.12826
G0 F9000 X151.039 Y86.548
G1 F1500 X146.62 Y90.968 E1245.33614
G0 F9000 X146.054 Y90.968
G1 F1500 X151.039 Y85.983 E1245.57062
G0 F9000 X151.039 Y85.417
G1 F1500 X145.489 Y90.968 E1245.8317
G0 F9000 X144.923 Y90.968
G1 F1500 X151.039 Y84.851 E1246.1194
G0 F9000 X151.039 Y84.286
G1 F1500 X144.357 Y90.968 E1246.4337
G0 F9000 X143.961 Y90.799
G1 F1500 X151.039 Y83.72 E1246.76665
G0 F9000 X151.039 Y83.154
G1 F1500 X143.961 Y90.233 E1247.0996
G0 F9000 X143.961 Y89.668
G1 F1500 X151.039 Y82.589 E1247.43255
G0 F9000 X151.039 Y82.023
G1 F1500 X143.961 Y89.102 E1247.7655
G0 F9000 X143.961 Y88.536
G1 F1500 X151.039 Y81.457 E1248.09845
G0 F9000 X151.039 Y80.892
G1 F1500 X143.961 Y87.97 E1248.43138
G0 F9000 X143.961 Y87.405
G1 F1500 X151.039 Y80.326 E1248.76433
G0 F9000 X150.868 Y79.932
G1 F1500 X143.961 Y86.839 E1249.08922
G0 F9000 X143.961 Y86.273
G1 F1500 X150.302 Y79.932 E1249.38748
G0 F9000 X149.736 Y79.932
G1 F1500 X143.961 Y85.708 E1249.65914
G0 F9000 X143.961 Y85.142
G1 F1500 X149.171 Y79.932 E1249.9042
G0 F9000 X148.605 Y79.932
G1 F1500 X143.961 Y84.576 E1250.12264
G0 F9000 X143.961 Y84.011
G1 F1500 X148.039 Y79.932 E1250.31448
G0 F9000 X147.473 Y79.932
G1 F1500 X143.961 Y83.445 E1250.4797
G0 F9000 X143.961 Y82.879
G1 F1500 X146.908 Y79.932 E1250.61832
G0 F9000 X146.342 Y79.932
G1 F1500 X143.961 Y82.314 E1250.73034
G0 F9000 X143.961 Y81.748
G1 F1500 X145.776 Y79.932 E1250.81573
G0 F9000 X145.211 Y79.932
G1 F1500 X143.961 Y81.182 E1250.87453
G0 F9000 X143.961 Y80.617
G1 F1500 X144.645 Y79.932 E1250.90672
G0 F9000 X144.079 Y79.932
G1 F1500 X143.961 Y80.051 E1250.9123
G0 F9000 X143.21 Y80.051
G1 F2700 E1245.9123
;MESH:NONMESH
G0 F300 X143.21 Y80.051 Z5
G0 F9000 X142.43 Y88.146
G0 X141.335 Y88.146
G0 X138.383 Y86.841
G0 X136.12 Y86.841
G0 X128.712 Y88.462
G0 X107.621 Y88.146
;TIME_ELAPSED:2319.262396
;LAYER:24
;TYPE:WALL-INNER
;MESH:batclipholder.stl(1)
G1 F2700 E1250.9123
G1 F1239.7 X111.263 Y94.477 E1251.20624
G0 F9000 X111.785 Y95.013
G0 X112.441 Y94.839
G0 X112.695 Y94.125
G1 F991.7 X112.7 Y92.984 E1251.26364
G0 F9000 X112.422 Y95.799
G1 F1685.4 X112.422 Y94.76 E1251.29439
G1 X112.245 Y94.952 E1251.30212
G1 X111.973 Y95.021 E1251.31043
G1 X112.422 Y95.799 E1251.33702
G0 F9000 X112.8 Y96.424
G1 F1500 X112.8 Y95.089 E1251.38142
G1 F1327.4 X112.748 Y94.607 E1251.39964
G1 F1075.3 X112.695 Y94.125 E1251.42214
G1 F1188.1 X112.15 Y94.586 E1251.45212
G1 F1500 X111.902 Y94.649 E1251.46063
G1 F1373 X111.263 Y94.477 E1251.48467
G1 X111.658 Y95.23 E1251.51557
G1 F1500 X112.346 Y96.424 E1251.5614
G1 X112.8 Y96.424 E1251.5765
G0 F9000 X112.52 Y96.146
G0 X112.962 Y92.546
G0 X117.5 Y91.584
G1 F1500 X121.6 Y91.584 E1251.71287
G1 X121.6 Y79.372 E1252.11904
G1 X113.4 Y79.372 E1252.39178
G1 X113.4 Y91.584 E1252.79795
G1 X117.5 Y91.584 E1252.93432
G0 F9000 X117.5 Y91.984
G1 F1500 X121.6 Y91.984 E1253.07068
G1 X122 Y92.117 E1253.0847
G1 X122 Y78.972 E1253.52191
G1 X113 Y78.972 E1253.82125
G1 X113 Y92.117 E1254.25845
G1 X113.4 Y91.984 E1254.27247
G1 X117.5 Y91.984 E1254.40884
G0 F9000 X117.5 Y92.384
G1 F1500 X121.6 Y92.384 E1254.54521
G1 X121.96 Y92.504 E1254.55783
G1 F1200 X122.3 Y92.984 E1254.58228
G1 X122.4 Y92.284 E1254.61168
G1 F1500 X122.4 Y78.572 E1255.06774
G1 X112.6 Y78.572 E1255.39369
G1 X112.6 Y92.284 E1255.84976
G1 F1200 X112.7 Y92.984 E1255.87915
G1 X113.04 Y92.504 E1255.90361
G1 F1500 X113.4 Y92.384 E1255.91623
G1 X117.5 Y92.384 E1256.0526
G0 F9000 X117.501 Y92.075
G0 X122.038 Y92.547
G0 X122.3 Y92.984
G1 F991.7 X122.305 Y94.125 E1256.11
G0 F9000 X122.559 Y94.839
G0 X123.215 Y95.013
G0 X123.793 Y94.382
G1 F1271.2 X125.584 Y91.265 E1256.25109
G1 F1229.5 X127.376 Y88.148 E1256.39698
G0 F9000 X123.215 Y95.013
G0 X122.578 Y95.794
G1 F1694.9 X123.025 Y95.021 E1256.42326
G1 X122.752 Y94.95 E1256.43156
G1 X122.578 Y94.76 E1256.43915
G1 X122.578 Y95.794 E1256.46958
G0 F9000 X122.2 Y96.424
G1 F1500 X122.649 Y96.424 E1256.48452
G1 X123.336 Y95.235 E1256.53019
G1 F1388.9 X123.793 Y94.382 E1256.56495
G1 X123.091 Y94.649 E1256.59193
G1 F1500 X122.847 Y94.585 E1256.60032
G1 F1188.1 X122.305 Y94.125 E1256.63017
G1 F1075.3 X122.253 Y94.605 E1256.65257
G1 F1327.4 X122.201 Y95.085 E1256.67072
G1 F1500 X122.2 Y96.424 E1256.71525
G1 F2700 E1251.71525
G0 F9000 X122.48 Y96.146
G0 X122.038 Y92.547
G0 X117.501 Y92.475
G0 X117.5 Y92.784
;TYPE:WALL-OUTER
G1 F2700 E1256.71525
G1 F1500 X121.6 Y92.784 E1256.85162
G1 X121.72 Y92.824 E1256.85583
G1 X121.8 Y92.984 E1256.86178
G1 X121.8 Y96.824 E1256.9895
G1 X122.88 Y96.824 E1257.02542
G1 X128.151 Y87.701 E1257.37585
G1 X127.117 Y87.7 E1257.41025
G1 X123.418 Y94.168 E1257.65807
G1 X123.193 Y94.262 E1257.66618
G1 X122.949 Y94.198 E1257.67457
G1 X122.802 Y94.039 E1257.68177
G1 X122.8 Y78.172 E1258.20951
G1 X112.2 Y78.172 E1258.56207
G1 X112.198 Y94.039 E1259.0898
G1 X112.05 Y94.198 E1259.09703
G1 X111.802 Y94.262 E1259.10555
G1 X111.598 Y94.197 E1259.11267
G1 X107.88 Y87.7 E1259.36164
G1 X106.848 Y87.7 E1259.39597
G1 X112.116 Y96.824 E1259.74638
G1 X113.2 Y96.824 E1259.78244
G1 X113.2 Y92.984 E1259.91016
G1 X113.28 Y92.824 E1259.9161
G1 X113.4 Y92.784 E1259.92031
G1 X117.5 Y92.784 E1260.05668
G0 F9000 X117.501 Y92.475
G0 X117.5 Y91.484
G0 X117.5 Y91.224
;TYPE:SKIN
G1 F1500 X113.76 Y91.224 E1260.18107
G1 X113.76 Y79.732 E1260.5633
G1 X121.24 Y79.732 E1260.81208
G1 X121.24 Y91.224 E1261.19431
G1 X117.5 Y91.224 E1261.3187
G0 F9000 X117.5 Y91.484
G0 X114.217 Y91.484
G0 X114.217 Y91.024
G1 F1500 X113.959 Y90.766 E1261.33084
G0 F9000 X113.959 Y90.201
G1 F1500 X114.783 Y91.024 E1261.36957
G0 F9000 X115.348 Y91.024
G1 F1500 X113.959 Y89.635 E1261.43491
G0 F9000 X113.959 Y89.069
G1 F1500 X115.914 Y91.024 E1261.52686
G0 F9000 X116.48 Y91.024
G1 F1500 X113.959 Y88.504 E1261.64542
G0 F9000 X113.959 Y87.938
G1 F1500 X117.045 Y91.024 E1261.79058
G0 F9000 X117.611 Y91.024
G1 F1500 X113.959 Y87.372 E1261.96235
G0 F9000 X113.959 Y86.807
G1 F1500 X118.177 Y91.024 E1262.16073
G0 F9000 X118.742 Y91.024
G1 F1500 X113.959 Y86.241 E1262.38571
G0 F9000 X113.959 Y85.675
G1 F1500 X119.308 Y91.024 E1262.63731
G0 F9000 X119.874 Y91.024
G1 F1500 X113.959 Y85.109 E1262.91553
G0 F9000 X113.959 Y84.544
G1 F1500 X120.439 Y91.024 E1263.22033
G0 F9000 X121.005 Y91.024
G1 F1500 X113.959 Y83.978 E1263.55176
G0 F9000 X113.959 Y83.412
G1 F1500 X121.04 Y90.493 E1263.88482
G0 F9000 X121.04 Y89.928
G1 F1500 X113.959 Y82.847 E1264.21789
G0 F9000 X113.959 Y82.281
G1 F1500 X121.04 Y89.362 E1264.55096
G0 F9000 X121.04 Y88.796
G1 F1500 X113.959 Y81.715 E1264.88403
G0 F9000 X113.959 Y81.15
G1 F1500 X121.04 Y88.231 E1265.2171
G0 F9000 X121.04 Y87.665
G1 F1500 X113.959 Y80.584 E1265.55017
G0 F9000 X113.959 Y80.018
G1 F1500 X121.04 Y87.099 E1265.88324
G0 F9000 X121.04 Y86.534
G1 F1500 X114.439 Y79.932 E1266.19375
G0 F9000 X115.005 Y79.932
G1 F1500 X121.04 Y85.968 E1266.47764
G0 F9000 X121.04 Y85.402
G1 F1500 X115.57 Y79.932 E1266.73493
G0 F9000 X116.136 Y79.932
G1 F1500 X121.04 Y84.837 E1266.96563
G0 F9000 X121.04 Y84.271
G1 F1500 X116.702 Y79.932 E1267.1697
G0 F9000 X117.267 Y79.932
G1 F1500 X121.04 Y83.705 E1267.34717
G0 F9000 X121.04 Y83.139
G1 F1500 X117.833 Y79.932 E1267.49801
G0 F9000 X118.399 Y79.932
G1 F1500 X121.04 Y82.574 E1267.62226
G0 F9000 X121.04 Y82.008
G1 F1500 X118.964 Y79.932 E1267.71991
G0 F9000 X119.53 Y79.932
G1 F1500 X121.04 Y81.442 E1267.79094
G0 F9000 X121.04 Y80.877
G1 F1500 X120.096 Y79.932 E1267.83536
G0 F9000 X120.661 Y79.932
G1 F1500 X121.04 Y80.311 E1267.85319
G0 F9000 X121.79 Y80.311
G1 F2700 E1262.85319
;MESH:batclipholder.stl
G0 F9000 X122.559 Y94.839
G0 X122.753 Y96.599
G0 X122.753 Y97.691
G0 X127.248 Y116.835
G0 X127.376 Y118.148
;TYPE:WALL-INNER
G1 F2700 E1267.85319
G1 F1229.5 X125.584 Y121.265 E1267.99908
G1 F1271.2 X123.793 Y124.382 E1268.14017
G0 F9000 X123.215 Y125.013
G0 X122.559 Y124.839
G0 X122.305 Y124.125
G1 F991.7 X122.3 Y122.984 E1268.19757
G0 F9000 X122.578 Y125.794
G1 F1694.9 X123.025 Y125.021 E1268.22385
G1 X122.752 Y124.95 E1268.23216
G1 X122.578 Y124.76 E1268.23974
G1 X122.578 Y125.794 E1268.27018
G0 F9000 X122.2 Y126.424
G1 F1500 X122.649 Y126.424 E1268.28511
G1 X123.336 Y125.235 E1268.33078
G1 F1388.9 X123.793 Y124.382 E1268.36554
G1 X123.091 Y124.649 E1268.39252
G1 F1500 X122.847 Y124.585 E1268.40091
G1 F1188.1 X122.305 Y124.125 E1268.43076
G1 F1075.3 X122.253 Y124.605 E1268.45317
G1 F1327.4 X122.201 Y125.085 E1268.47131
G1 F1500 X122.2 Y126.424 E1268.51585
G0 F9000 X122.48 Y126.146
G0 X122.038 Y122.547
G0 X117.5 Y121.584
G1 F1500 X121.6 Y121.584 E1268.65221
G1 X121.6 Y109.372 E1269.05839
G1 X113.4 Y109.372 E1269.33112
G1 X113.4 Y121.584 E1269.73729
G1 X117.5 Y121.584 E1269.87366
G0 F9000 X117.5 Y121.984
G1 F1500 X121.6 Y121.984 E1270.01003
G1 X122 Y122.117 E1270.02405
G1 X122 Y108.972 E1270.46125
G1 X113 Y108.972 E1270.76059
G1 X113 Y122.117 E1271.1978
G1 X113.4 Y121.984 E1271.21182
G1 X117.5 Y121.984 E1271.34818
G0 F9000 X117.5 Y122.384
G1 F1500 X121.6 Y122.384 E1271.48455
G1 X121.96 Y122.504 E1271.49717
G1 F1200 X122.3 Y122.984 E1271.52163
G1 X122.4 Y122.284 E1271.55102
G1 F1500 X122.4 Y108.572 E1272.00709
G1 X112.6 Y108.572 E1272.33304
G1 X112.6 Y122.284 E1272.7891
G1 F1200 X112.7 Y122.984 E1272.8185
G1 X113.04 Y122.504 E1272.84295
G1 F1500 X113.4 Y122.384 E1272.85557
G1 X117.5 Y122.384 E1272.99194
G0 F9000 X117.501 Y122.075
G0 X112.962 Y122.546
G0 X112.7 Y122.984
G1 F991.7 X112.695 Y124.125 E1273.04934
G0 F9000 X112.441 Y124.839
G0 X111.785 Y125.013
G0 X111.263 Y124.477
G1 F1239.7 X107.621 Y118.146 E1273.34328
G0 F9000 X111.785 Y125.013
G0 X112.422 Y125.799
G1 F1685.4 X112.422 Y124.76 E1273.37404
G1 X112.245 Y124.952 E1273.38177
G1 X111.973 Y125.021 E1273.39007
G1 X112.422 Y125.799 E1273.41666
G0 F9000 X112.8 Y126.424
G1 F1500 X112.8 Y125.089 E1273.46107
G1 F1327.4 X112.748 Y124.607 E1273.47929
G1 F1075.3 X112.695 Y124.125 E1273.50178
G1 F1188.1 X112.15 Y124.586 E1273.53176
G1 F1500 X111.902 Y124.649 E1273.54027
G1 F1373 X111.263 Y124.477 E1273.56431
G1 X111.658 Y125.23 E1273.59521
G1 F1500 X112.346 Y126.424 E1273.64105
G1 X112.8 Y126.424 E1273.65615
G1 F2700 E1268.65615
G0 F9000 X112.52 Y126.146
G0 X112.962 Y122.546
G0 X117.501 Y122.475
G0 X117.5 Y122.784
;TYPE:WALL-OUTER
G1 F2700 E1273.65615
G1 F1500 X121.6 Y122.784 E1273.79251
G1 X121.72 Y122.824 E1273.79672
G1 X121.8 Y122.984 E1273.80267
G1 X121.8 Y126.824 E1273.93039
G1 X122.88 Y126.824 E1273.96631
G1 X128.151 Y117.701 E1274.31675
G1 X127.117 Y117.7 E1274.35114
G1 X123.418 Y124.168 E1274.59896
G1 X123.193 Y124.262 E1274.60707
G1 X122.949 Y124.198 E1274.61546
G1 X122.802 Y124.039 E1274.62266
G1 X122.8 Y108.172 E1275.1504
G1 X112.2 Y108.172 E1275.50296
G1 X112.198 Y124.039 E1276.0307
G1 X112.05 Y124.198 E1276.03792
G1 X111.802 Y124.262 E1276.04644
G1 X111.598 Y124.197 E1276.05356
G1 X107.88 Y117.7 E1276.30253
G1 X106.848 Y117.7 E1276.33686
G1 X112.116 Y126.824 E1276.68727
G1 X113.2 Y126.824 E1276.72333
G1 X113.2 Y122.984 E1276.85105
G1 X113.28 Y122.824 E1276.857
G1 X113.4 Y122.784 E1276.8612
G1 X117.5 Y122.784 E1276.99757
G0 F9000 X117.501 Y122.475
G0 X117.5 Y121.484
G0 X117.5 Y121.224
;TYPE:SKIN
G1 F1500 X113.76 Y121.224 E1277.12196
G1 X113.76 Y109.732 E1277.50419
G1 X121.24 Y109.732 E1277.75297
G1 X121.24 Y121.224 E1278.1352
G1 X117.5 Y121.224 E1278.25959
G0 F9000 X117.5 Y121.484
G0 X113.572 Y121.412
G0 X113.5 Y120.748
G0 X113.96 Y120.748
G1 F1500 X114.236 Y121.024 E1278.27258
G0 F9000 X114.802 Y121.024
G1 F1500 X113.96 Y120.183 E1278.31216
G0 F9000 X113.96 Y119.617
G1 F1500 X115.367 Y121.024 E1278.37834
G0 F9000 X115.933 Y121.024
G1 F1500 X113.96 Y119.051 E1278.47114
G0 F9000 X113.96 Y118.486
G1 F1500 X116.499 Y121.024 E1278.59055
G0 F9000 X117.064 Y121.024
G1 F1500 X113.96 Y117.92 E1278.73655
G0 F9000 X113.96 Y117.354
G1 F1500 X117.63 Y121.024 E1278.90917
G0 F9000 X118.196 Y121.024
G1 F1500 X113.96 Y116.789 E1279.1084
G0 F9000 X113.96 Y116.223
G1 F1500 X118.761 Y121.024 E1279.33422
G0 F9000 X119.327 Y121.024
G1 F1500 X113.96 Y115.657 E1279.58667
G0 F9000 X113.96 Y115.092
G1 F1500 X119.893 Y121.024 E1279.86572
G0 F9000 X120.458 Y121.024
G1 F1500 X113.96 Y114.526 E1280.17136
G0 F9000 X113.96 Y113.96
G1 F1500 X121.024 Y121.024 E1280.50363
G0 F9000 X121.04 Y120.475
G1 F1500 X113.96 Y113.394 E1280.83668
G0 F9000 X113.96 Y112.829
G1 F1500 X121.04 Y119.909 E1281.1697
G0 F9000 X121.04 Y119.343
G1 F1500 X113.96 Y112.263 E1281.50272
G0 F9000 X113.96 Y111.697
G1 F1500 X121.04 Y118.778 E1281.83576
G0 F9000 X121.04 Y118.212
G1 F1500 X113.96 Y111.132 E1282.16879
G0 F9000 X113.96 Y110.566
G1 F1500 X121.04 Y117.646 E1282.50181
G0 F9000 X121.04 Y117.081
G1 F1500 X113.96 Y110 E1282.83485
G0 F9000 X114.458 Y109.932
G1 F1500 X121.04 Y116.515 E1283.14447
G0 F9000 X121.04 Y115.949
G1 F1500 X115.024 Y109.932 E1283.42747
G0 F9000 X115.589 Y109.932
G1 F1500 X121.04 Y115.384 E1283.68389
G0 F9000 X121.04 Y114.818
G1 F1500 X116.155 Y109.932 E1283.91369
G0 F9000 X116.721 Y109.932
G1 F1500 X121.04 Y114.252 E1284.11687
G0 F9000 X121.04 Y113.687
G1 F1500 X117.286 Y109.932 E1284.29347
G0 F9000 X117.852 Y109.932
G1 F1500 X121.04 Y113.121 E1284.44344
G0 F9000 X121.04 Y112.555
G1 F1500 X118.418 Y109.932 E1284.5668
G0 F9000 X118.983 Y109.932
G1 F1500 X121.04 Y111.989 E1284.66355
G0 F9000 X121.04 Y111.424
G1 F1500 X119.549 Y109.932 E1284.73371
G0 F9000 X120.115 Y109.932
G1 F1500 X121.04 Y110.858 E1284.77724
G0 F9000 X121.04 Y110.292
G1 F1500 X120.681 Y109.932 E1284.79415
G0 F9000 X120.681 Y109.184
G1 F2700 E1279.79415
;MESH:batclipholder.stl(3)
G0 F9000 X121.428 Y109.544
G0 X122.57 Y118.146
G0 X123.665 Y118.146
G0 X126.617 Y116.841
G0 X128.88 Y116.841
G0 X136.289 Y118.463
G0 X137.621 Y118.146
;TYPE:WALL-INNER
G1 F2700 E1284.79415
G1 F1239.7 X141.263 Y124.477 E1285.08809
G0 F9000 X141.785 Y125.013
G0 X142.441 Y124.839
G0 X142.695 Y124.125
G1 F991.7 X142.7 Y122.984 E1285.14549
G0 F9000 X142.422 Y125.799
G1 F1685.4 X142.422 Y124.76 E1285.17625
G1 X142.245 Y124.952 E1285.18398
G1 X141.973 Y125.021 E1285.19228
G1 X142.422 Y125.799 E1285.21888
G0 F9000 X142.346 Y126.424
G1 F1500 X142.8 Y126.424 E1285.23398
G1 X142.8 Y125.089 E1285.27838
G1 F1327.4 X142.748 Y124.607 E1285.2966
G1 F1075.3 X142.695 Y124.125 E1285.3191
G1 F1188.1 X142.15 Y124.586 E1285.34907
G1 F1500 X141.902 Y124.649 E1285.35758
G1 F1373 X141.263 Y124.477 E1285.38163
G1 X141.658 Y125.23 E1285.41252
G1 F1500 X142.346 Y126.424 E1285.45836
G0 F9000 X142.517 Y126.13
G0 X142.962 Y122.546
G0 X146.457 Y121.584
G1 F1500 X151.6 Y121.584 E1285.62941
G1 X151.6 Y109.372 E1286.03559
G1 X143.4 Y109.372 E1286.30832
G1 X143.4 Y121.584 E1286.71449
G1 X146.457 Y121.584 E1286.81617
G0 F9000 X146.355 Y121.984
G1 F1500 X151.6 Y121.984 E1286.99062
G1 X152 Y122.117 E1287.00464
G1 X152 Y108.972 E1287.44184
G1 X143 Y108.972 E1287.74119
G1 X143 Y122.117 E1288.17839
G1 X143.4 Y121.984 E1288.19241
G1 X146.355 Y121.984 E1288.29069
G0 F9000 X146.253 Y122.384
G1 F1500 X151.6 Y122.384 E1288.46854
G1 X151.96 Y122.504 E1288.48116
G1 F1200 X152.3 Y122.984 E1288.50561
G1 X152.4 Y122.284 E1288.53501
G1 F1500 X152.4 Y108.572 E1288.99107
G1 X142.6 Y108.572 E1289.31702
G1 X142.6 Y122.284 E1289.77309
G1 F1200 X142.7 Y122.984 E1289.80248
G1 X143.04 Y122.504 E1289.82694
G1 F1500 X143.4 Y122.384 E1289.83956
G1 X146.253 Y122.384 E1289.93445
G0 F9000 X146.254 Y122.075
G0 X152.038 Y122.547
G0 X152.3 Y122.984
G1 F991.7 X152.305 Y124.125 E1289.99185
G0 F9000 X152.559 Y124.839
G0 X153.215 Y125.013
G0 X153.793 Y124.382
G1 F1271.2 X155.584 Y121.265 E1290.13294
G1 F1229.5 X157.376 Y118.148 E1290.27883
G0 F9000 X153.215 Y125.013
G0 X152.578 Y125.794
G1 F1694.9 X153.025 Y125.021 E1290.30512
G1 X152.752 Y124.95 E1290.31342
G1 X152.578 Y124.76 E1290.321
G1 X152.578 Y125.794 E1290.35144
G0 F9000 X152.2 Y126.424
G1 F1500 X152.649 Y126.424 E1290.36637
G1 X153.336 Y125.235 E1290.41205
G1 F1388.9 X153.793 Y124.382 E1290.44681
G1 X153.091 Y124.649 E1290.47379
G1 F1500 X152.847 Y124.585 E1290.48218
G1 F1188.1 X152.305 Y124.125 E1290.51203
G1 F1075.3 X152.253 Y124.605 E1290.53443
G1 F1327.4 X152.201 Y125.085 E1290.55257
G1 F1500 X152.2 Y126.424 E1290.59711
G1 F2700 E1285.59711
G0 F9000 X152.48 Y126.146
G0 X152.038 Y122.547
G0 X146.152 Y122.475
G0 X146.151 Y122.784
;TYPE:WALL-OUTER
G1 F2700 E1290.59711
G1 F1500 X151.6 Y122.784 E1290.77834
G1 X151.72 Y122.824 E1290.78255
G1 X151.8 Y122.984 E1290.7885
G1 X151.8 Y126.824 E1290.91622
G1 X152.88 Y126.824 E1290.95214
G1 X158.151 Y117.701 E1291.30258
G1 X157.117 Y117.7 E1291.33697
G1 X153.418 Y124.168 E1291.58479
G1 X153.193 Y124.262 E1291.5929
G1 X152.949 Y124.198 E1291.60129
G1 X152.802 Y124.039 E1291.60849
G1 X152.8 Y108.172 E1292.13623
G1 X142.2 Y108.172 E1292.48879
G1 X142.198 Y124.039 E1293.01653
G1 X142.05 Y124.198 E1293.02375
G1 X141.802 Y124.262 E1293.03227
G1 X141.598 Y124.197 E1293.03939
G1 X137.88 Y117.7 E1293.28836
G1 X136.848 Y117.7 E1293.32269
G1 X142.116 Y126.824 E1293.6731
G1 X143.2 Y126.824 E1293.70916
G1 X143.2 Y122.984 E1293.83688
G1 X143.28 Y122.824 E1293.84283
G1 X143.4 Y122.784 E1293.84703
G1 X146.151 Y122.784 E1293.93853
G0 F9000 X146.152 Y122.475
G0 X146.549 Y121.484
G0 X146.549 Y121.224
;TYPE:SKIN
G1 F1500 X143.76 Y121.224 E1294.0313
G1 X143.76 Y109.732 E1294.41352
G1 X151.24 Y109.732 E1294.66231
G1 X151.24 Y121.224 E1295.04453
G1 X146.549 Y121.224 E1295.20056
G0 F9000 X146.549 Y121.484
G0 X143.572 Y121.412
G0 X143.5 Y120.767
G0 X143.96 Y120.767
G1 F1500 X144.217 Y121.023 E1295.21262
G0 F9000 X144.782 Y121.023
G1 F1500 X143.96 Y120.201 E1295.25129
G0 F9000 X143.96 Y119.635
G1 F1500 X145.348 Y121.023 E1295.31657
G0 F9000 X145.914 Y121.023
G1 F1500 X143.96 Y119.07 E1295.40846
G0 F9000 X143.96 Y118.504
G1 F1500 X146.479 Y121.023 E1295.52695
G0 F9000 X147.045 Y121.023
G1 F1500 X143.96 Y117.938 E1295.67205
G0 F9000 X143.96 Y117.373
G1 F1500 X147.611 Y121.023 E1295.84376
G0 F9000 X148.176 Y121.023
G1 F1500 X143.96 Y116.807 E1296.04207
G0 F9000 X143.96 Y116.241
G1 F1500 X148.742 Y121.023 E1296.267
G0 F9000 X149.308 Y121.023
G1 F1500 X143.96 Y115.676 E1296.51853
G0 F9000 X143.96 Y115.11
G1 F1500 X149.873 Y121.023 E1296.79666
G0 F9000 X150.439 Y121.023
G1 F1500 X143.96 Y114.544 E1297.10141
G0 F9000 X143.96 Y113.979
G1 F1500 X151.005 Y121.023 E1297.43276
G0 F9000 X151.04 Y120.493
G1 F1500 X143.96 Y113.413 E1297.76579
G0 F9000 X143.96 Y112.847
G1 F1500 X151.04 Y119.927 E1298.09881
G0 F9000 X151.04 Y119.362
G1 F1500 X143.96 Y112.281 E1298.43185
G0 F9000 X143.96 Y111.716
G1 F1500 X151.04 Y118.796 E1298.76487
G0 F9000 X151.04 Y118.23
G1 F1500 X143.96 Y111.15 E1299.0979
G0 F9000 X143.96 Y110.584
G1 F1500 X151.04 Y117.665 E1299.43094
G0 F9000 X151.04 Y117.099
G1 F1500 X143.96 Y110.019 E1299.76396
G0 F9000 X144.439 Y109.932
G1 F1500 X151.04 Y116.533 E1300.07445
G0 F9000 X151.04 Y115.968
G1 F1500 X145.005 Y109.932 E1300.35834
G0 F9000 X145.571 Y109.932
G1 F1500 X151.04 Y115.402 E1300.61561
G0 F9000 X151.04 Y114.836
G1 F1500 X146.136 Y109.932 E1300.84628
G0 F9000 X146.702 Y109.932
G1 F1500 X151.04 Y114.271 E1301.05035
G0 F9000 X151.04 Y113.705
G1 F1500 X147.268 Y109.932 E1301.2278
G0 F9000 X147.833 Y109.932
G1 F1500 X151.04 Y113.139 E1301.37865
G0 F9000 X151.04 Y112.574
G1 F1500 X148.399 Y109.932 E1301.50289
G0 F9000 X148.965 Y109.932
G1 F1500 X151.04 Y112.008 E1301.60052
G0 F9000 X151.04 Y111.442
G1 F1500 X149.53 Y109.932 E1301.67154
G0 F9000 X150.096 Y109.932
G1 F1500 X151.04 Y110.876 E1301.71595
G0 F9000 X151.04 Y110.311
G1 F1500 X150.662 Y109.932 E1301.73375
G0 F9000 X150.662 Y109.184
G1 F2700 E1296.73375
;MESH:batclipholder.stl(2)
G0 F9000 X152.578 Y108.404
G0 X152.578 Y107.309
G0 X152.578 Y97.691
G0 X152.578 Y96.596
G0 X152.578 Y95.794
;TYPE:WALL-INNER
G1 F2700 E1301.73375
G1 F1694.9 X153.025 Y95.021 E1301.76003
G1 X152.752 Y94.95 E1301.76834
G1 X152.578 Y94.76 E1301.77592
G1 X152.578 Y95.794 E1301.80636
G0 F9000 X152.2 Y96.424
G1 F1500 X152.649 Y96.424 E1301.82129
G1 X153.336 Y95.235 E1301.86696
G1 F1388.9 X153.793 Y94.382 E1301.90173
G1 X153.091 Y94.649 E1301.9287
G1 F1500 X152.847 Y94.585 E1301.93709
G1 F1188.1 X152.305 Y94.125 E1301.96694
G1 F1075.3 X152.253 Y94.605 E1301.98935
G1 F1327.4 X152.201 Y95.085 E1302.00749
G1 F1500 X152.2 Y96.424 E1302.05203
G0 F9000 X152.48 Y96.146
G0 X152.305 Y94.125
G1 F991.7 X152.3 Y92.984 E1302.10943
G0 F9000 X152.559 Y94.839
G0 X153.215 Y95.013
G0 X153.793 Y94.382
G1 F1271.2 X155.584 Y91.265 E1302.25052
G1 F1229.5 X157.376 Y88.148 E1302.39641
G0 F9000 X153.215 Y95.013
G0 X152.559 Y94.839
G0 X151.8 Y90.053
G0 X151.682 Y91.666
G0 X146.669 Y91.584
G1 F1500 X151.6 Y91.584 E1302.56041
G1 X151.6 Y79.372 E1302.96659
G1 X143.4 Y79.372 E1303.23932
G1 X143.4 Y91.584 E1303.64549
G1 X146.669 Y91.584 E1303.75422
G0 F9000 X146.588 Y91.984
G1 F1500 X151.6 Y91.984 E1303.92092
G1 X152 Y92.117 E1303.93494
G1 X152 Y78.972 E1304.37214
G1 X143 Y78.972 E1304.67149
G1 X143 Y92.117 E1305.10869
G1 X143.4 Y91.984 E1305.12271
G1 X146.588 Y91.984 E1305.22874
G0 F9000 X146.507 Y92.384
G1 F1500 X151.6 Y92.384 E1305.39814
G1 X151.96 Y92.504 E1305.41076
G1 F1200 X152.3 Y92.984 E1305.43521
G1 X152.4 Y92.284 E1305.46461
G1 F1500 X152.4 Y78.572 E1305.92068
G1 X142.6 Y78.572 E1306.24662
G1 X142.6 Y92.284 E1306.70269
G1 F1200 X142.7 Y92.984 E1306.73209
G1 X143.04 Y92.504 E1306.75654
G1 F1500 X143.4 Y92.384 E1306.76916
G1 X146.507 Y92.384 E1306.8725
G0 F9000 X146.508 Y92.075
G0 X142.962 Y92.546
G0 X142.7 Y92.984
G1 F991.7 X142.695 Y94.125 E1306.9299
G0 F9000 X142.441 Y94.839
G0 X141.785 Y95.013
G0 X141.263 Y94.477
G1 F1239.7 X137.621 Y88.146 E1307.22384
G0 F9000 X141.785 Y95.013
G0 X142.422 Y95.799
G1 F1685.4 X142.422 Y94.76 E1307.2546
G1 X142.245 Y94.952 E1307.26233
G1 X141.973 Y95.021 E1307.27063
G1 X142.422 Y95.799 E1307.29722
G0 F9000 X142.346 Y96.424
G1 F1500 X142.8 Y96.424 E1307.31232
G1 X142.8 Y95.089 E1307.35673
G1 F1327.4 X142.748 Y94.607 E1307.37495
G1 F1075.3 X142.695 Y94.125 E1307.39745
G1 F1188.1 X142.15 Y94.586 E1307.42742
G1 F1500 X141.902 Y94.649 E1307.43593
G1 F1373 X141.263 Y94.477 E1307.45998
G1 X141.658 Y95.23 E1307.49087
G1 F1500 X142.346 Y96.424 E1307.53671
G1 F2700 E1302.53671
G0 F9000 X142.517 Y96.13
G0 X142.962 Y92.546
G0 X146.426 Y92.475
G0 X146.425 Y92.784
;TYPE:WALL-OUTER
G1 F2700 E1307.53671
G1 F1500 X151.6 Y92.784 E1307.70883
G1 X151.72 Y92.824 E1307.71304
G1 X151.8 Y92.984 E1307.71899
G1 X151.8 Y96.824 E1307.8467
G1 X152.88 Y96.824 E1307.88263
G1 X158.151 Y87.701 E1308.23306
G1 X157.117 Y87.7 E1308.26745
G1 X153.418 Y94.168 E1308.51528
G1 X153.193 Y94.262 E1308.52339
G1 X152.949 Y94.198 E1308.53178
G1 X152.802 Y94.039 E1308.53898
G1 X152.8 Y78.172 E1309.06672
G1 X142.2 Y78.172 E1309.41927
G1 X142.198 Y94.039 E1309.94701
G1 X142.05 Y94.198 E1309.95424
G1 X141.802 Y94.262 E1309.96276
G1 X141.598 Y94.197 E1309.96988
G1 X137.88 Y87.7 E1310.21885
G1 X136.848 Y87.7 E1310.25317
G1 X142.116 Y96.824 E1310.60359
G1 X143.2 Y96.824 E1310.63964
G1 X143.2 Y92.984 E1310.76736
G1 X143.28 Y92.824 E1310.77331
G1 X143.4 Y92.784 E1310.77752
G1 X146.425 Y92.784 E1310.87813
G0 F9000 X146.426 Y92.475
G0 X146.743 Y91.484
G0 X146.743 Y91.224
;TYPE:SKIN
G1 F1500 X143.76 Y91.224 E1310.97735
G1 X143.76 Y79.732 E1311.35957
G1 X151.24 Y79.732 E1311.60836
G1 X151.24 Y91.224 E1311.99058
G1 X146.743 Y91.224 E1312.14015
G0 F9000 X146.743 Y91.484
G0 X144.198 Y91.484
G0 X144.198 Y91.024
G1 F1500 X143.96 Y90.785 E1312.15137
G0 F9000 X143.96 Y90.22
G1 F1500 X144.764 Y91.024 E1312.18919
G0 F9000 X145.33 Y91.024
G1 F1500 X143.96 Y89.654 E1312.25363
G0 F9000 X143.96 Y89.088
G1 F1500 X145.895 Y91.024 E1312.34467
G0 F9000 X146.461 Y91.024
G1 F1500 X143.96 Y88.523 E1312.46231
G0 F9000 X143.96 Y87.957
G1 F1500 X147.027 Y91.024 E1312.60657
G0 F9000 X147.592 Y91.024
G1 F1500 X143.96 Y87.391 E1312.77743
G0 F9000 X143.96 Y86.826
G1 F1500 X148.158 Y91.024 E1312.9749
G0 F9000 X148.724 Y91.024
G1 F1500 X143.96 Y86.26 E1313.19898
G0 F9000 X143.96 Y85.694
G1 F1500 X149.289 Y91.024 E1313.44966
G0 F9000 X149.855 Y91.024
G1 F1500 X143.96 Y85.129 E1313.72695
G0 F9000 X143.96 Y84.563
G1 F1500 X150.421 Y91.024 E1314.03085
G0 F9000 X150.986 Y91.024
G1 F1500 X143.96 Y83.997 E1314.36136
G0 F9000 X143.96 Y83.432
G1 F1500 X151.04 Y90.512 E1314.69438
G0 F9000 X151.04 Y89.946
G1 F1500 X143.96 Y82.866 E1315.0274
G0 F9000 X143.96 Y82.3
G1 F1500 X151.04 Y89.38 E1315.36042
G0 F9000 X151.04 Y88.815
G1 F1500 X143.96 Y81.734 E1315.69347
G0 F9000 X143.96 Y81.169
G1 F1500 X151.04 Y88.249 E1316.02649
G0 F9000 X151.04 Y87.683
G1 F1500 X143.96 Y80.603 E1316.35951
G0 F9000 X143.96 Y80.037
G1 F1500 X151.04 Y87.118 E1316.69255
G0 F9000 X151.04 Y86.552
G1 F1500 X144.42 Y79.932 E1317.00394
G0 F9000 X144.986 Y79.932
G1 F1500 X151.04 Y85.986 E1317.2887
G0 F9000 X151.04 Y85.421
G1 F1500 X145.552 Y79.932 E1317.54686
G0 F9000 X146.117 Y79.932
G1 F1500 X151.04 Y84.855 E1317.77842
G0 F9000 X151.04 Y84.289
G1 F1500 X146.683 Y79.932 E1317.98336
G0 F9000 X147.249 Y79.932
G1 F1500 X151.04 Y83.724 E1318.16171
G0 F9000 X151.04 Y83.158
G1 F1500 X147.814 Y79.932 E1318.31345
G0 F9000 X148.38 Y79.932
G1 F1500 X151.04 Y82.592 E1318.43856
G0 F9000 X151.04 Y82.027
G1 F1500 X148.946 Y79.932 E1318.53708
G0 F9000 X149.511 Y79.932
G1 F1500 X151.04 Y81.461 E1318.609
G0 F9000 X151.04 Y80.895
G1 F1500 X150.077 Y79.932 E1318.6543
G0 F9000 X150.643 Y79.932
G1 F1500 X151.04 Y80.329 E1318.67297
G0 F9000 X151.79 Y80.329
G1 F2700 E1313.67297
;MESH:NONMESH
G0 F300 X151.79 Y80.329 Z5.2
G0 F9000 X151.428 Y79.544
G0 X143.572 Y79.544
G0 X142.43 Y88.146
G0 X141.335 Y88.146
G0 X138.383 Y86.841
G0 X136.12 Y86.841
G0 X128.712 Y88.462
G0 X107.621 Y88.146
;TIME_ELAPSED:2431.173512
;LAYER:25
;TYPE:WALL-INNER
;MESH:batclipholder.stl(1)
G1 F2700 E1318.67297
G1 F1239.7 X111.263 Y94.477 E1318.96691
G0 F9000 X111.785 Y95.013
G0 X112.441 Y94.839
G0 X112.695 Y94.125
G1 F991.7 X112.7 Y92.996 E1319.02371
G0 F9000 X112.422 Y95.799
G1 F1685.4 X112.422 Y94.76 E1319.05447
G1 X112.245 Y94.952 E1319.0622
G1 X111.973 Y95.021 E1319.0705
G1 X112.422 Y95.799 E1319.09709
G0 F9000 X112.8 Y96.424
G1 F1500 X112.8 Y95.089 E1319.14149
G1 F1327.4 X112.748 Y94.607 E1319.15972
G1 F1075.3 X112.695 Y94.125 E1319.18221
G1 F1188.1 X112.15 Y94.586 E1319.21219
G1 F1500 X111.902 Y94.649 E1319.2207
G1 F1373 X111.263 Y94.477 E1319.24474
G1 X111.658 Y95.23 E1319.27564
G1 F1500 X112.346 Y96.424 E1319.32148
G1 X112.8 Y96.424 E1319.33658
G0 F9000 X112.52 Y96.146
G0 X112.962 Y92.559
G0 X117.5 Y91.596
G1 F1500 X121.6 Y91.596 E1319.47294
G1 X121.6 Y79.372 E1319.87951
G1 X113.4 Y79.372 E1320.15225
G1 X113.4 Y91.596 E1320.55882
G1 X117.5 Y91.596 E1320.69519
G0 F9000 X117.5 Y91.996
G1 F1500 X121.6 Y91.996 E1320.83155
G1 X122 Y92.129 E1320.84557
G1 X122 Y78.972 E1321.28318
G1 X113 Y78.972 E1321.58252
G1 X113 Y92.129 E1322.02012
G1 X113.4 Y91.996 E1322.03414
G1 X117.5 Y91.996 E1322.17051
G0 F9000 X117.5 Y92.396
G1 F1500 X121.6 Y92.396 E1322.30687
G1 X121.96 Y92.516 E1322.3195
G1 F1200 X122.3 Y92.996 E1322.34395
G1 X122.4 Y92.296 E1322.37335
G1 F1500 X122.4 Y78.572 E1322.82981
G1 X112.6 Y78.572 E1323.15576
G1 X112.6 Y92.296 E1323.61222
G1 F1200 X112.7 Y92.996 E1323.64162
G1 X113.04 Y92.516 E1323.66608
G1 F1500 X113.4 Y92.396 E1323.6787
G1 X117.5 Y92.396 E1323.81506
G0 F9000 X117.5 Y92.087
G0 X122.038 Y92.559
G0 X122.3 Y92.996
G1 F991.7 X122.305 Y94.125 E1323.87186
G0 F9000 X122.559 Y94.839
G0 X123.215 Y95.013
G0 X123.793 Y94.382
G1 F1271.2 X125.584 Y91.265 E1324.01295
G1 F1229.5 X127.376 Y88.148 E1324.15884
G0 F9000 X123.215 Y95.013
G0 X122.578 Y95.794
G1 F1694.9 X123.025 Y95.021 E1324.18512
G1 X122.752 Y94.95 E1324.19343
G1 X122.578 Y94.76 E1324.20101
G1 X122.578 Y95.794 E1324.23145
G0 F9000 X122.2 Y96.424
G1 F1500 X122.649 Y96.424 E1324.24638
G1 X123.336 Y95.235 E1324.29205
G1 F1388.9 X123.793 Y94.382 E1324.32681
G1 X123.091 Y94.649 E1324.35379
G1 F1500 X122.847 Y94.585 E1324.36218
G1 F1188.1 X122.305 Y94.125 E1324.39203
G1 F1075.3 X122.253 Y94.605 E1324.41444
G1 F1327.4 X122.201 Y95.085 E1324.43258
G1 F1500 X122.2 Y96.424 E1324.47712
G1 F2700 E1319.47712
G0 F9000 X122.48 Y96.146
G0 X122.038 Y92.559
G0 X117.5 Y92.487
G0 X117.5 Y92.796
;TYPE:WALL-OUTER
G1 F2700 E1324.47712
G1 F1500 X121.6 Y92.796 E1324.61348
G1 X121.72 Y92.836 E1324.61769
G1 X121.8 Y92.996 E1324.62364
G1 X121.8 Y96.824 E1324.75096
G1 X122.88 Y96.824 E1324.78688
G1 X128.151 Y87.701 E1325.13732
G1 X127.117 Y87.7 E1325.17171
G1 X123.418 Y94.168 E1325.41953
G1 X123.193 Y94.262 E1325.42764
G1 X122.949 Y94.198 E1325.43603
G1 X122.802 Y94.039 E1325.44323
G1 X122.8 Y78.172 E1325.97097
G1 X112.2 Y78.172 E1326.32353
G1 X112.198 Y94.039 E1326.85127
G1 X112.05 Y94.198 E1326.85849
G1 X111.802 Y94.262 E1326.86701
G1 X111.598 Y94.197 E1326.87413
G1 X107.88 Y87.7 E1327.12311
G1 X106.848 Y87.7 E1327.15743
G1 X112.116 Y96.824 E1327.50785
G1 X113.2 Y96.824 E1327.5439
G1 X113.2 Y92.996 E1327.67122
G1 X113.28 Y92.836 E1327.67717
G1 X113.4 Y92.796 E1327.68138
G1 X117.5 Y92.796 E1327.81774
G0 F9000 X117.5 Y92.487
G0 X118.229 Y91.516
;TYPE:FILL
G1 F3000 X113.48 Y86.767 E1328.04112
G0 F9000 X113.48 Y86.17
G1 F3000 X121.52 Y84.016 E1328.31796
G0 F9000 X121.521 Y86.322
G1 F3000 X114.651 Y79.453 E1328.64108
G0 F9000 X115.371 Y79.452
G1 F3000 X113.481 Y79.959 E1328.70617
G0 F9000 X115.85 Y79.451
G1 F3000 X113.48 Y88.296 E1329.01073
G0 F9000 X116.713 Y91.516
G1 F3000 X121.519 Y90.228 E1329.17622
G0 F9000 X118.829 Y91.517
G1 F3000 X121.52 Y81.474 E1329.52204
G1 F2700 E1324.52204
;MESH:batclipholder.stl
G0 F9000 X122.455 Y93.502
G0 X122.753 Y96.599
G0 X122.753 Y97.691
G0 X127.248 Y116.835
G0 X127.376 Y118.148
;TYPE:WALL-INNER
G1 F2700 E1329.52204
G1 F1229.5 X125.584 Y121.265 E1329.66793
G1 F1271.2 X123.793 Y124.382 E1329.80902
G0 F9000 X123.215 Y125.013
G0 X122.559 Y124.839
G0 X122.305 Y124.125
G1 F991.7 X122.3 Y122.996 E1329.86581
G0 F9000 X122.578 Y125.794
G1 F1694.9 X123.025 Y125.021 E1329.8921
G1 X122.752 Y124.95 E1329.9004
G1 X122.578 Y124.76 E1329.90798
G1 X122.578 Y125.794 E1329.93842
G0 F9000 X122.2 Y126.424
G1 F1500 X122.649 Y126.424 E1329.95335
G1 X123.336 Y125.235 E1329.99903
G1 F1388.9 X123.793 Y124.382 E1330.03379
G1 X123.091 Y124.649 E1330.06077
G1 F1500 X122.847 Y124.585 E1330.06916
G1 F1188.1 X122.305 Y124.125 E1330.09901
G1 F1075.3 X122.253 Y124.605 E1330.12141
G1 F1327.4 X122.201 Y125.085 E1330.13955
G1 F1500 X122.2 Y126.424 E1330.18409
G0 F9000 X122.48 Y126.146
G0 X122.038 Y122.559
G0 X117.5 Y121.596
G1 F1500 X121.6 Y121.596 E1330.32046
G1 X121.6 Y109.372 E1330.72703
G1 X113.4 Y109.372 E1330.99976
G1 X113.4 Y121.596 E1331.40633
G1 X117.5 Y121.596 E1331.5427
G0 F9000 X117.5 Y121.996
G1 F1500 X121.6 Y121.996 E1331.67907
G1 X122 Y122.129 E1331.69309
G1 X122 Y108.972 E1332.13069
G1 X113 Y108.972 E1332.43003
G1 X113 Y122.129 E1332.86763
G1 X113.4 Y121.996 E1332.88165
G1 X117.5 Y121.996 E1333.01802
G0 F9000 X117.5 Y122.396
G1 F1500 X121.6 Y122.396 E1333.15439
G1 X121.96 Y122.516 E1333.16701
G1 F1200 X122.3 Y122.996 E1333.19146
G1 X122.4 Y122.296 E1333.22086
G1 F1500 X122.4 Y108.572 E1333.67732
G1 X112.6 Y108.572 E1334.00327
G1 X112.6 Y122.296 E1334.45974
G1 F1200 X112.7 Y122.996 E1334.48913
G1 X113.04 Y122.516 E1334.51359
G1 F1500 X113.4 Y122.396 E1334.52621
G1 X117.5 Y122.396 E1334.66258
G0 F9000 X117.5 Y122.087
G0 X112.962 Y122.559
G0 X112.7 Y122.996
G1 F991.7 X112.695 Y124.125 E1334.71937
G0 F9000 X112.441 Y124.839
G0 X111.785 Y125.013
G0 X111.263 Y124.477
G1 F1239.7 X107.621 Y118.146 E1335.01331
G0 F9000 X111.785 Y125.013
G0 X112.422 Y125.799
G1 F1685.4 X112.422 Y124.76 E1335.04407
G1 X112.245 Y124.952 E1335.0518
G1 X111.973 Y125.021 E1335.06011
G1 X112.422 Y125.799 E1335.0867
G0 F9000 X112.8 Y126.424
G1 F1500 X112.8 Y125.089 E1335.1311
G1 F1327.4 X112.748 Y124.607 E1335.14932
G1 F1075.3 X112.695 Y124.125 E1335.17182
G1 F1188.1 X112.15 Y124.586 E1335.20179
G1 F1500 X111.902 Y124.649 E1335.2103
G1 F1373 X111.263 Y124.477 E1335.23435
G1 X111.658 Y125.23 E1335.26525
G1 F1500 X112.346 Y126.424 E1335.31108
G1 X112.8 Y126.424 E1335.32618
G1 F2700 E1330.32618
G0 F9000 X112.52 Y126.146
G0 X112.962 Y122.559
G0 X117.5 Y122.487
G0 X117.5 Y122.796
;TYPE:WALL-OUTER
G1 F2700 E1335.32618
G1 F1500 X121.6 Y122.796 E1335.46255
G1 X121.72 Y122.836 E1335.46675
G1 X121.8 Y122.996 E1335.4727
G1 X121.8 Y126.824 E1335.60002
G1 X122.88 Y126.824 E1335.63594
G1 X128.151 Y117.701 E1335.98638
G1 X127.117 Y117.7 E1336.02077
G1 X123.418 Y124.168 E1336.26859
G1 X123.193 Y124.262 E1336.2767
G1 X122.949 Y124.198 E1336.28509
G1 X122.802 Y124.039 E1336.2923
G1 X122.8 Y108.172 E1336.82003
G1 X112.2 Y108.172 E1337.17259
G1 X112.198 Y124.039 E1337.70033
G1 X112.05 Y124.198 E1337.70756
G1 X111.802 Y124.262 E1337.71607
G1 X111.598 Y124.197 E1337.7232
G1 X107.88 Y117.7 E1337.97217
G1 X106.848 Y117.7 E1338.00649
G1 X112.116 Y126.824 E1338.35691
G1 X113.2 Y126.824 E1338.39296
G1 X113.2 Y122.996 E1338.52028
G1 X113.28 Y122.836 E1338.52623
G1 X113.4 Y122.796 E1338.53044
G1 X117.5 Y122.796 E1338.66681
G0 F9000 X117.5 Y122.487
G0 X118.229 Y121.516
;TYPE:FILL
G1 F3000 X113.48 Y116.767 E1338.89018
G0 F9000 X113.481 Y116.17
G1 F3000 X121.519 Y114.017 E1339.16695
G0 F9000 X121.52 Y116.321
G1 F3000 X114.651 Y109.452 E1339.49005
G0 F9000 X115.373 Y109.452
G1 F3000 X113.48 Y109.959 E1339.55523
G0 F9000 X115.85 Y109.452
G1 F3000 X113.48 Y118.297 E1339.85979
G0 F9000 X116.714 Y121.516
G1 F3000 X121.52 Y120.228 E1340.02528
G0 F9000 X118.829 Y121.517
G1 F3000 X121.52 Y111.474 E1340.3711
G1 F2700 E1335.3711
;MESH:batclipholder.stl(3)
G0 F9000 X122.57 Y118.146
G0 X123.665 Y118.146
G0 X126.617 Y116.841
G0 X128.88 Y116.841
G0 X136.289 Y118.463
G0 X137.621 Y118.146
;TYPE:WALL-INNER
G1 F2700 E1340.3711
G1 F1239.7 X141.263 Y124.477 E1340.66504
G0 F9000 X141.785 Y125.013
G0 X142.441 Y124.839
G0 X142.695 Y124.125
G1 F991.7 X142.7 Y122.996 E1340.72183
G0 F9000 X142.422 Y125.799
G1 F1685.4 X142.422 Y124.76 E1340.75259
G1 X142.245 Y124.952 E1340.76032
G1 X141.973 Y125.021 E1340.76863
G1 X142.422 Y125.799 E1340.79522
G0 F9000 X142.346 Y126.424
G1 F1500 X142.8 Y126.424 E1340.81032
G1 X142.8 Y125.089 E1340.85472
G1 F1327.4 X142.748 Y124.607 E1340.87294
G1 F1075.3 X142.695 Y124.125 E1340.89544
G1 F1188.1 X142.15 Y124.586 E1340.92541
G1 F1500 X141.902 Y124.649 E1340.93392
G1 F1373 X141.263 Y124.477 E1340.95797
G1 X141.658 Y125.23 E1340.98887
G1 F1500 X142.346 Y126.424 E1341.0347
G0 F9000 X142.517 Y126.13
G0 X142.962 Y122.559
G0 X146.454 Y121.596
G1 F1500 X151.6 Y121.596 E1341.20586
G1 X151.6 Y109.372 E1341.61243
G1 X143.4 Y109.372 E1341.88516
G1 X143.4 Y121.596 E1342.29173
G1 X146.454 Y121.596 E1342.39331
G0 F9000 X146.352 Y121.996
G1 F1500 X151.6 Y121.996 E1342.56786
G1 X152 Y122.129 E1342.58188
G1 X152 Y108.972 E1343.01948
G1 X143 Y108.972 E1343.31882
G1 X143 Y122.129 E1343.75643
G1 X143.4 Y121.996 E1343.77045
G1 X146.352 Y121.996 E1343.86863
G0 F9000 X146.25 Y122.396
G1 F1500 X151.6 Y122.396 E1344.04657
G1 X151.96 Y122.516 E1344.05919
G1 F1200 X152.3 Y122.996 E1344.08365
G1 X152.4 Y122.296 E1344.11305
G1 F1500 X152.4 Y108.572 E1344.56951
G1 X142.6 Y108.572 E1344.89546
G1 X142.6 Y122.296 E1345.35192
G1 F1200 X142.7 Y122.996 E1345.38132
G1 X143.04 Y122.516 E1345.40578
G1 F1500 X143.4 Y122.396 E1345.4184
G1 X146.25 Y122.396 E1345.51319
G0 F9000 X146.25 Y122.087
G0 X152.038 Y122.559
G0 X152.3 Y122.996
G1 F991.7 X152.305 Y124.125 E1345.56998
G0 F9000 X152.559 Y124.839
G0 X153.215 Y125.013
G0 X153.793 Y124.382
G1 F1271.2 X155.584 Y121.265 E1345.71107
G1 F1229.5 X157.376 Y118.148 E1345.85697
G0 F9000 X153.215 Y125.013
G0 X152.578 Y125.794
G1 F1694.9 X153.025 Y125.021 E1345.88325
G1 X152.752 Y124.95 E1345.89155
G1 X152.578 Y124.76 E1345.89914
G1 X152.578 Y125.794 E1345.92957
G0 F9000 X152.2 Y126.424
G1 F1500 X152.649 Y126.424 E1345.94451
G1 X153.336 Y125.235 E1345.99018
G1 F1388.9 X153.793 Y124.382 E1346.02494
G1 X153.091 Y124.649 E1346.05192
G1 F1500 X152.847 Y124.585 E1346.06031
G1 F1188.1 X152.305 Y124.125 E1346.09016
G1 F1075.3 X152.253 Y124.605 E1346.11256
G1 F1327.4 X152.201 Y125.085 E1346.13071
G1 F1500 X152.2 Y126.424 E1346.17524
G1 F2700 E1341.17524
G0 F9000 X152.48 Y126.146
G0 X152.038 Y122.559
G0 X146.148 Y122.487
G0 X146.148 Y122.796
;TYPE:WALL-OUTER
G1 F2700 E1346.17524
G1 F1500 X151.6 Y122.796 E1346.35658
G1 X151.72 Y122.836 E1346.36078
G1 X151.8 Y122.996 E1346.36673
G1 X151.8 Y126.824 E1346.49405
G1 X152.88 Y126.824 E1346.52997
G1 X158.151 Y117.701 E1346.88041
G1 X157.117 Y117.7 E1346.9148
G1 X153.418 Y124.168 E1347.16262
G1 X153.193 Y124.262 E1347.17073
G1 X152.949 Y124.198 E1347.17912
G1 X152.802 Y124.039 E1347.18633
G1 X152.8 Y108.172 E1347.71406
G1 X142.2 Y108.172 E1348.06662
G1 X142.198 Y124.039 E1348.59436
G1 X142.05 Y124.198 E1348.60159
G1 X141.802 Y124.262 E1348.6101
G1 X141.598 Y124.197 E1348.61723
G1 X137.88 Y117.7 E1348.8662
G1 X136.848 Y117.7 E1348.90052
G1 X142.116 Y126.824 E1349.25094
G1 X143.2 Y126.824 E1349.28699
G1 X143.2 Y122.996 E1349.41431
G1 X143.28 Y122.836 E1349.42026
G1 X143.4 Y122.796 E1349.42447
G1 X146.148 Y122.796 E1349.51587
G0 F9000 X146.148 Y122.487
G0 X146.713 Y121.516
;TYPE:FILL
G1 F3000 X151.519 Y120.229 E1349.68135
G0 F9000 X148.829 Y121.516
G1 F3000 X151.52 Y111.477 E1350.02703
G0 F9000 X151.52 Y114.017
G1 F3000 X143.48 Y116.171 E1350.30388
G0 F9000 X143.48 Y116.767
G1 F3000 X148.229 Y121.516 E1350.52726
G0 F9000 X143.48 Y118.297
G1 F3000 X145.851 Y109.451 E1350.83186
G0 F9000 X145.374 Y109.452
G1 F3000 X143.481 Y109.959 E1350.89704
G0 F9000 X144.651 Y109.452
G1 F3000 X151.52 Y116.322 E1351.22016
G1 F2700 E1346.22016
;MESH:batclipholder.stl(2)
G0 F9000 X152.578 Y108.404
G0 X152.578 Y107.309
G0 X152.578 Y97.691
G0 X152.578 Y96.596
G0 X152.578 Y95.794
;TYPE:WALL-INNER
G1 F2700 E1351.22016
G1 F1694.9 X153.025 Y95.021 E1351.24644
G1 X152.752 Y94.95 E1351.25475
G1 X152.578 Y94.76 E1351.26233
G1 X152.578 Y95.794 E1351.29277
G0 F9000 X152.2 Y96.424
G1 F1500 X152.649 Y96.424 E1351.3077
G1 X153.336 Y95.235 E1351.35337
G1 F1388.9 X153.793 Y94.382 E1351.38813
G1 X153.091 Y94.649 E1351.41511
G1 F1500 X152.847 Y94.585 E1351.4235
G1 F1188.1 X152.305 Y94.125 E1351.45335
G1 F1075.3 X152.253 Y94.605 E1351.47576
G1 F1327.4 X152.201 Y95.085 E1351.4939
G1 F1500 X152.2 Y96.424 E1351.53844
G0 F9000 X152.48 Y96.146
G0 X152.305 Y94.125
G1 F991.7 X152.3 Y92.996 E1351.59523
G0 F9000 X152.559 Y94.839
G0 X153.215 Y95.013
G0 X153.793 Y94.382
G1 F1271.2 X155.584 Y91.265 E1351.73632
G1 F1229.5 X157.376 Y88.148 E1351.88221
G0 F9000 X153.215 Y95.013
G0 X152.559 Y94.839
G0 X152.555 Y91.926
G0 X146.667 Y91.596
G1 F1500 X151.6 Y91.596 E1352.04629
G1 X151.6 Y79.372 E1352.45286
G1 X143.4 Y79.372 E1352.72559
G1 X143.4 Y91.596 E1353.13216
G1 X146.667 Y91.596 E1353.24082
G0 F9000 X146.586 Y91.996
G1 F1500 X151.6 Y91.996 E1353.40759
G1 X152 Y92.129 E1353.42161
G1 X152 Y78.972 E1353.85921
G1 X143 Y78.972 E1354.15856
G1 X143 Y92.129 E1354.59616
G1 X143.4 Y91.996 E1354.61018
G1 X146.586 Y91.996 E1354.71615
G0 F9000 X146.504 Y92.396
G1 F1500 X151.6 Y92.396 E1354.88564
G1 X151.96 Y92.516 E1354.89826
G1 F1200 X152.3 Y92.996 E1354.92272
G1 X152.4 Y92.296 E1354.95211
G1 F1500 X152.4 Y78.572 E1355.40858
G1 X142.6 Y78.572 E1355.73453
G1 X142.6 Y92.296 E1356.19099
G1 F1200 X142.7 Y92.996 E1356.22039
G1 X143.04 Y92.516 E1356.24484
G1 F1500 X143.4 Y92.396 E1356.25746
G1 X146.504 Y92.396 E1356.3607
G0 F9000 X146.504 Y92.087
G0 X142.962 Y92.559
G0 X142.7 Y92.996
G1 F991.7 X142.695 Y94.125 E1356.4175
G0 F9000 X142.441 Y94.839
G0 X141.785 Y95.013
G0 X141.263 Y94.477
G1 F1239.7 X137.621 Y88.146 E1356.71144
G0 F9000 X141.785 Y95.013
G0 X142.422 Y95.799
G1 F1685.4 X142.422 Y94.76 E1356.74219
G1 X142.245 Y94.952 E1356.74992
G1 X141.973 Y95.021 E1356.75823
G1 X142.422 Y95.799 E1356.78482
G0 F9000 X142.346 Y96.424
G1 F1500 X142.8 Y96.424 E1356.79992
G1 X142.8 Y95.089 E1356.84432
G1 F1327.4 X142.748 Y94.607 E1356.86254
G1 F1075.3 X142.695 Y94.125 E1356.88504
G1 F1188.1 X142.15 Y94.586 E1356.91502
G1 F1500 X141.902 Y94.649 E1356.92353
G1 F1373 X141.263 Y94.477 E1356.94757
G1 X141.658 Y95.23 E1356.97847
G1 F1500 X142.346 Y96.424 E1357.0243
G1 F2700 E1352.0243
G0 F9000 X142.517 Y96.13
G0 X142.962 Y92.559
G0 X146.423 Y92.487
G0 X146.423 Y92.796
;TYPE:WALL-OUTER
G1 F2700 E1357.0243
G1 F1500 X151.6 Y92.796 E1357.19649
G1 X151.72 Y92.836 E1357.2007
G1 X151.8 Y92.996 E1357.20665
G1 X151.8 Y96.824 E1357.33397
G1 X152.88 Y96.824 E1357.36989
G1 X158.151 Y87.701 E1357.72033
G1 X157.117 Y87.7 E1357.75472
G1 X153.418 Y94.168 E1358.00254
G1 X153.193 Y94.262 E1358.01065
G1 X152.949 Y94.198 E1358.01904
G1 X152.802 Y94.039 E1358.02624
G1 X152.8 Y78.172 E1358.55398
G1 X142.2 Y78.172 E1358.90654
G1 X142.198 Y94.039 E1359.43428
G1 X142.05 Y94.198 E1359.4415
G1 X141.802 Y94.262 E1359.45002
G1 X141.598 Y94.197 E1359.45714
G1 X137.88 Y87.7 E1359.70611
G1 X136.848 Y87.7 E1359.74044
G1 X142.116 Y96.824 E1360.09085
G1 X143.2 Y96.824 E1360.12691
G1 X143.2 Y92.996 E1360.25423
G1 X143.28 Y92.836 E1360.26018
G1 X143.4 Y92.796 E1360.26438
G1 X146.423 Y92.796 E1360.36493
G0 F9000 X146.423 Y92.487
G0 X146.713 Y91.516
;TYPE:FILL
G1 F3000 X151.52 Y90.228 E1360.53045
G0 F9000 X148.829 Y91.516
G1 F3000 X151.52 Y81.473 E1360.87627
G0 F9000 X151.519 Y84.017
G1 F3000 X143.481 Y86.171 E1361.15304
G0 F9000 X143.48 Y86.767
G1 F3000 X148.229 Y91.516 E1361.37642
G0 F9000 X143.48 Y88.296
G1 F3000 X145.85 Y79.451 E1361.68099
G0 F9000 X145.373 Y79.452
G1 F3000 X143.48 Y79.959 E1361.74617
G0 F9000 X144.65 Y79.452
G1 F3000 X151.52 Y86.322 E1362.06931
G1 F2700 E1357.06931
;MESH:NONMESH
G0 F300 X151.52 Y86.322 Z5.4
G0 F9000 X142.43 Y88.146
G0 X141.335 Y88.146
G0 X138.383 Y86.841
G0 X136.12 Y86.841
G0 X128.712 Y88.462
G0 X107.621 Y88.146
;TIME_ELAPSED:2502.048908
;LAYER:26
;TYPE:WALL-INNER
;MESH:batclipholder.stl(1)
G1 F2700 E1362.06931
G1 F1239.7 X111.263 Y94.477 E1362.36325
G0 F9000 X111.785 Y95.013
G0 X112.441 Y94.839
G0 X112.695 Y94.125
G1 F991.7 X112.7 Y92.996 E1362.42005
G0 F9000 X112.422 Y95.799
G1 F1685.4 X112.422 Y94.76 E1362.4508
G1 X112.245 Y94.952 E1362.45853
G1 X111.973 Y95.021 E1362.46684
G1 X112.422 Y95.799 E1362.49343
G0 F9000 X112.8 Y96.424
G1 F1500 X112.8 Y95.089 E1362.53783
G1 F1327.4 X112.748 Y94.607 E1362.55605
G1 F1075.3 X112.695 Y94.125 E1362.57855
G1 F1188.1 X112.15 Y94.586 E1362.60853
G1 F1500 X111.902 Y94.649 E1362.61704
G1 F1373 X111.263 Y94.477 E1362.64108
G1 X111.658 Y95.23 E1362.67198
G1 F1500 X112.346 Y96.424 E1362.71781
G1 X112.8 Y96.424 E1362.73291
G0 F9000 X112.52 Y96.146
G0 X112.962 Y92.559
G0 X117.5 Y91.596
G1 F1500 X121.6 Y91.596 E1362.86928
G1 X121.6 Y79.372 E1363.27585
G1 X113.4 Y79.372 E1363.54858
G1 X113.4 Y91.596 E1363.95516
G1 X117.5 Y91.596 E1364.09152
G0 F9000 X117.5 Y91.996
G1 F1500 X121.6 Y91.996 E1364.22789
G1 X122 Y92.129 E1364.24191
G1 X122 Y78.972 E1364.67951
G1 X113 Y78.972 E1364.97885
G1 X113 Y92.129 E1365.41646
G1 X113.4 Y91.996 E1365.43048
G1 X117.5 Y91.996 E1365.56684
G0 F9000 X117.5 Y92.396
G1 F1500 X121.6 Y92.396 E1365.70321
G1 X121.96 Y92.516 E1365.71583
G1 F1200 X122.3 Y92.996 E1365.74029
G1 X122.4 Y92.296 E1365.76969
G1 F1500 X122.4 Y78.572 E1366.22615
G1 X112.6 Y78.572 E1366.5521
G1 X112.6 Y92.296 E1367.00856
G1 F1200 X112.7 Y92.996 E1367.03796
G1 X113.04 Y92.516 E1367.06241
G1 F1500 X113.4 Y92.396 E1367.07503
G1 X117.5 Y92.396 E1367.2114
G0 F9000 X117.5 Y92.087
G0 X122.038 Y92.559
G0 X122.3 Y92.996
G1 F991.7 X122.305 Y94.125 E1367.2682
G0 F9000 X122.559 Y94.839
G0 X123.215 Y95.013
G0 X123.793 Y94.382
G1 F1271.2 X125.584 Y91.265 E1367.40929
G1 F1229.5 X127.376 Y88.148 E1367.55518
G0 F9000 X123.215 Y95.013
G0 X122.578 Y95.794
G1 F1694.9 X123.025 Y95.021 E1367.58146
G1 X122.752 Y94.95 E1367.58976
G1 X122.578 Y94.76 E1367.59735
G1 X122.578 Y95.794 E1367.62778
G0 F9000 X122.2 Y96.424
G1 F1500 X122.649 Y96.424 E1367.64272
G1 X123.336 Y95.235 E1367.68839
G1 F1388.9 X123.793 Y94.382 E1367.72315
G1 X123.091 Y94.649 E1367.75013
G1 F1500 X122.847 Y94.585 E1367.75852
G1 F1188.1 X122.305 Y94.125 E1367.78837
G1 F1075.3 X122.253 Y94.605 E1367.81077
G1 F1327.4 X122.201 Y95.085 E1367.82892
G1 F1500 X122.2 Y96.424 E1367.87345
G1 F2700 E1362.87345
G0 F9000 X122.48 Y96.146
G0 X122.038 Y92.559
G0 X117.5 Y92.487
G0 X117.5 Y92.796
;TYPE:WALL-OUTER
G1 F2700 E1367.87345
G1 F1500 X121.6 Y92.796 E1368.00982
G1 X121.72 Y92.836 E1368.01403
G1 X121.8 Y92.996 E1368.01998
G1 X121.8 Y96.824 E1368.1473
G1 X122.88 Y96.824 E1368.18322
G1 X128.151 Y87.701 E1368.53366
G1 X127.117 Y87.7 E1368.56805
G1 X123.418 Y94.168 E1368.81587
G1 X123.193 Y94.262 E1368.82398
G1 X122.949 Y94.198 E1368.83237
G1 X122.802 Y94.039 E1368.83957
G1 X122.8 Y78.172 E1369.36731
G1 X112.2 Y78.172 E1369.71987
G1 X112.198 Y94.039 E1370.24761
G1 X112.05 Y94.198 E1370.25483
G1 X111.802 Y94.262 E1370.26335
G1 X111.598 Y94.197 E1370.27047
G1 X107.88 Y87.7 E1370.51944
G1 X106.848 Y87.7 E1370.55377
G1 X112.116 Y96.824 E1370.90418
G1 X113.2 Y96.824 E1370.94024
G1 X113.2 Y92.996 E1371.06756
G1 X113.28 Y92.836 E1371.07351
G1 X113.4 Y92.796 E1371.07771
G1 X117.5 Y92.796 E1371.21408
G0 F9000 X117.5 Y92.487
G0 X117.262 Y91.516
;TYPE:FILL
G1 F3000 X121.519 Y90.375 E1371.36067
G0 F9000 X118.682 Y91.516
G1 F3000 X121.52 Y80.925 E1371.72535
G0 F9000 X121.52 Y84.163
G1 F3000 X113.48 Y86.317 E1372.00219
G0 F9000 X113.48 Y86.566
G1 F3000 X118.43 Y91.516 E1372.23503
G0 F9000 X121.521 Y86.121
G1 F3000 X114.852 Y79.453 E1372.54869
G0 F9000 X115.703 Y79.451
G1 F3000 X113.48 Y87.748 E1372.83439
G0 F9000 X113.481 Y80.106
G1 F3000 X115.92 Y79.452 E1372.91837
G1 F2700 E1367.91837
;MESH:batclipholder.stl
G0 F9000 X112.962 Y92.559
G0 X112.247 Y96.599
G0 X112.247 Y97.691
G0 X107.752 Y116.835
G0 X107.621 Y118.146
;TYPE:WALL-INNER
G1 F2700 E1372.91837
G1 F1239.7 X111.263 Y124.477 E1373.21231
G0 F9000 X111.785 Y125.013
G0 X112.441 Y124.839
G0 X112.695 Y124.125
G1 F991.7 X112.7 Y122.996 E1373.26911
G0 F9000 X112.422 Y125.799
G1 F1685.4 X112.422 Y124.76 E1373.29987
G1 X112.245 Y124.952 E1373.3076
G1 X111.973 Y125.021 E1373.3159
G1 X112.422 Y125.799 E1373.34249
G0 F9000 X112.8 Y126.424
G1 F1500 X112.8 Y125.089 E1373.38689
G1 F1327.4 X112.748 Y124.607 E1373.40511
G1 F1075.3 X112.695 Y124.125 E1373.42761
G1 F1188.1 X112.15 Y124.586 E1373.45759
G1 F1500 X111.902 Y124.649 E1373.4661
G1 F1373 X111.263 Y124.477 E1373.49014
G1 X111.658 Y125.23 E1373.52104
G1 F1500 X112.346 Y126.424 E1373.56687
G1 X112.8 Y126.424 E1373.58197
G0 F9000 X112.52 Y126.146
G0 X112.962 Y122.559
G0 X117.5 Y121.596
G1 F1500 X121.6 Y121.596 E1373.71834
G1 X121.6 Y109.372 E1374.12491
G1 X113.4 Y109.372 E1374.39765
G1 X113.4 Y121.596 E1374.80422
G1 X117.5 Y121.596 E1374.94058
G0 F9000 X117.5 Y121.996
G1 F1500 X121.6 Y121.996 E1375.07695
G1 X122 Y122.129 E1375.09097
G1 X122 Y108.972 E1375.52858
G1 X113 Y108.972 E1375.82792
G1 X113 Y122.129 E1376.26552
G1 X113.4 Y121.996 E1376.27954
G1 X117.5 Y121.996 E1376.41591
G0 F9000 X117.5 Y122.396
G1 F1500 X121.6 Y122.396 E1376.55227
G1 X121.96 Y122.516 E1376.56489
G1 F1200 X122.3 Y122.996 E1376.58935
G1 X122.4 Y122.296 E1376.61875
G1 F1500 X122.4 Y108.572 E1377.07521
G1 X112.6 Y108.572 E1377.40116
G1 X112.6 Y122.296 E1377.85762
G1 F1200 X112.7 Y122.996 E1377.88702
G1 X113.04 Y122.516 E1377.91147
G1 F1500 X113.4 Y122.396 E1377.9241
G1 X117.5 Y122.396 E1378.06046
G0 F9000 X117.5 Y122.087
G0 X122.038 Y122.559
G0 X122.3 Y122.996
G1 F991.7 X122.305 Y124.125 E1378.11726
G0 F9000 X122.559 Y124.839
G0 X123.215 Y125.013
G0 X123.793 Y124.382
G1 F1271.2 X125.584 Y121.265 E1378.25835
G1 F1229.5 X127.376 Y118.148 E1378.40424
G0 F9000 X123.215 Y125.013
G0 X122.578 Y125.794
G1 F1694.9 X123.025 Y125.021 E1378.43052
G1 X122.752 Y124.95 E1378.43883
G1 X122.578 Y124.76 E1378.44641
G1 X122.578 Y125.794 E1378.47685
G0 F9000 X122.2 Y126.424
G1 F1500 X122.649 Y126.424 E1378.49178
G1 X123.336 Y125.235 E1378.53745
G1 F1388.9 X123.793 Y124.382 E1378.57221
G1 X123.091 Y124.649 E1378.59919
G1 F1500 X122.847 Y124.585 E1378.60758
G1 F1188.1 X122.305 Y124.125 E1378.63743
G1 F1075.3 X122.253 Y124.605 E1378.65984
G1 F1327.4 X122.201 Y125.085 E1378.67798
G1 F1500 X122.2 Y126.424 E1378.72252
G1 F2700 E1373.72252
G0 F9000 X122.48 Y126.146
G0 X122.038 Y122.559
G0 X117.5 Y122.487
G0 X117.5 Y122.796
;TYPE:WALL-OUTER
G1 F2700 E1378.72252
G1 F1500 X121.6 Y122.796 E1378.85888
G1 X121.72 Y122.836 E1378.86309
G1 X121.8 Y122.996 E1378.86904
G1 X121.8 Y126.824 E1378.99636
G1 X122.88 Y126.824 E1379.03228
G1 X128.151 Y117.701 E1379.38272
G1 X127.117 Y117.7 E1379.41711
G1 X123.418 Y124.168 E1379.66493
G1 X123.193 Y124.262 E1379.67304
G1 X122.949 Y124.198 E1379.68143
G1 X122.802 Y124.039 E1379.68863
G1 X122.8 Y108.172 E1380.21637
G1 X112.2 Y108.172 E1380.56893
G1 X112.198 Y124.039 E1381.09667
G1 X112.05 Y124.198 E1381.10389
G1 X111.802 Y124.262 E1381.11241
G1 X111.598 Y124.197 E1381.11953
G1 X107.88 Y117.7 E1381.36851
G1 X106.848 Y117.7 E1381.40283
G1 X112.116 Y126.824 E1381.75325
G1 X113.2 Y126.824 E1381.7893
G1 X113.2 Y122.996 E1381.91662
G1 X113.28 Y122.836 E1381.92257
G1 X113.4 Y122.796 E1381.92678
G1 X117.5 Y122.796 E1382.06314
G0 F9000 X117.5 Y122.487
G0 X117.262 Y121.516
;TYPE:FILL
G1 F3000 X121.52 Y120.375 E1382.20976
G0 F9000 X118.682 Y121.517
G1 F3000 X121.52 Y110.925 E1382.57448
G0 F9000 X121.519 Y114.164
G1 F3000 X113.481 Y116.317 E1382.85125
G0 F9000 X113.48 Y116.566
G1 F3000 X118.43 Y121.516 E1383.08408
G0 F9000 X121.52 Y116.12
G1 F3000 X114.852 Y109.452 E1383.39772
G0 F9000 X115.703 Y109.452
G1 F3000 X113.48 Y117.748 E1383.68338
G0 F9000 X113.48 Y110.106
G1 F3000 X115.922 Y109.452 E1383.76747
G1 F2700 E1378.76747
;MESH:batclipholder.stl(3)
G0 F9000 X122.57 Y118.146
G0 X123.665 Y118.146
G0 X126.617 Y116.841
G0 X128.88 Y116.841
G0 X136.289 Y118.463
G0 X137.621 Y118.146
;TYPE:WALL-INNER
G1 F2700 E1383.76747
G1 F1239.7 X141.263 Y124.477 E1384.06141
G0 F9000 X141.785 Y125.013
G0 X142.441 Y124.839
G0 X142.695 Y124.125
G1 F991.7 X142.7 Y122.996 E1384.1182
G0 F9000 X142.422 Y125.799
G1 F1685.4 X142.422 Y124.76 E1384.14896
G1 X142.245 Y124.952 E1384.15669
G1 X141.973 Y125.021 E1384.165
G1 X142.422 Y125.799 E1384.19159
G0 F9000 X142.346 Y126.424
G1 F1500 X142.8 Y126.424 E1384.20669
G1 X142.8 Y125.089 E1384.25109
G1 F1327.4 X142.748 Y124.607 E1384.26931
G1 F1075.3 X142.695 Y124.125 E1384.29181
G1 F1188.1 X142.15 Y124.586 E1384.32178
G1 F1500 X141.902 Y124.649 E1384.33029
G1 F1373 X141.263 Y124.477 E1384.35434
G1 X141.658 Y125.23 E1384.38524
G1 F1500 X142.346 Y126.424 E1384.43107
G0 F9000 X142.517 Y126.13
G0 X142.962 Y122.559
G0 X146.454 Y121.596
G1 F1500 X151.6 Y121.596 E1384.60223
G1 X151.6 Y109.372 E1385.0088
G1 X143.4 Y109.372 E1385.28153
G1 X143.4 Y121.596 E1385.6881
G1 X146.454 Y121.596 E1385.78968
G0 F9000 X146.352 Y121.996
G1 F1500 X151.6 Y121.996 E1385.96423
G1 X152 Y122.129 E1385.97825
G1 X152 Y108.972 E1386.41585
G1 X143 Y108.972 E1386.71519
G1 X143 Y122.129 E1387.1528
G1 X143.4 Y121.996 E1387.16682
G1 X146.352 Y121.996 E1387.265
G0 F9000 X146.25 Y122.396
G1 F1500 X151.6 Y122.396 E1387.44294
G1 X151.96 Y122.516 E1387.45556
G1 F1200 X152.3 Y122.996 E1387.48002
G1 X152.4 Y122.296 E1387.50942
G1 F1500 X152.4 Y108.572 E1387.96588
G1 X142.6 Y108.572 E1388.29183
G1 X142.6 Y122.296 E1388.74829
G1 F1200 X142.7 Y122.996 E1388.77769
G1 X143.04 Y122.516 E1388.80214
G1 F1500 X143.4 Y122.396 E1388.81477
G1 X146.25 Y122.396 E1388.90956
G0 F9000 X146.25 Y122.087
G0 X152.038 Y122.559
G0 X152.3 Y122.996
G1 F991.7 X152.305 Y124.125 E1388.96635
G0 F9000 X152.559 Y124.839
G0 X153.215 Y125.013
G0 X153.793 Y124.382
G1 F1271.2 X155.584 Y121.265 E1389.10744
G1 F1229.5 X157.376 Y118.148 E1389.25333
G0 F9000 X153.215 Y125.013
G0 X152.578 Y125.794
G1 F1694.9 X153.025 Y125.021 E1389.27962
G1 X152.752 Y124.95 E1389.28792
G1 X152.578 Y124.76 E1389.29551
G1 X152.578 Y125.794 E1389.32594
G0 F9000 X152.2 Y126.424
G1 F1500 X152.649 Y126.424 E1389.34087
G1 X153.336 Y125.235 E1389.38655
G1 F1388.9 X153.793 Y124.382 E1389.42131
G1 X153.091 Y124.649 E1389.44829
G1 F1500 X152.847 Y124.585 E1389.45668
G1 F1188.1 X152.305 Y124.125 E1389.48653
G1 F1075.3 X152.253 Y124.605 E1389.50893
G1 F1327.4 X152.201 Y125.085 E1389.52708
G1 F1500 X152.2 Y126.424 E1389.57161
G1 F2700 E1384.57161
G0 F9000 X152.48 Y126.146
G0 X152.038 Y122.559
G0 X146.148 Y122.487
G0 X146.148 Y122.796
;TYPE:WALL-OUTER
G1 F2700 E1389.57161
G1 F1500 X151.6 Y122.796 E1389.75295
G1 X151.72 Y122.836 E1389.75715
G1 X151.8 Y122.996 E1389.7631
G1 X151.8 Y126.824 E1389.89042
G1 X152.88 Y126.824 E1389.92634
G1 X158.151 Y117.701 E1390.27678
G1 X157.117 Y117.7 E1390.31117
G1 X153.418 Y124.168 E1390.55899
G1 X153.193 Y124.262 E1390.5671
G1 X152.949 Y124.198 E1390.57549
G1 X152.802 Y124.039 E1390.5827
G1 X152.8 Y108.172 E1391.11043
G1 X142.2 Y108.172 E1391.46299
G1 X142.198 Y124.039 E1391.99073
G1 X142.05 Y124.198 E1391.99795
G1 X141.802 Y124.262 E1392.00647
G1 X141.598 Y124.197 E1392.01359
G1 X137.88 Y117.7 E1392.26257
G1 X136.848 Y117.7 E1392.29689
G1 X142.116 Y126.824 E1392.64731
G1 X143.2 Y126.824 E1392.68336
G1 X143.2 Y122.996 E1392.81068
G1 X143.28 Y122.836 E1392.81663
G1 X143.4 Y122.796 E1392.82084
G1 X146.148 Y122.796 E1392.91224
G0 F9000 X146.148 Y122.487
G0 X147.262 Y121.516
;TYPE:FILL
G1 F3000 X151.519 Y120.376 E1393.05881
G0 F9000 X148.682 Y121.516
G1 F3000 X151.52 Y110.928 E1393.4234
G0 F9000 X151.52 Y114.164
G1 F3000 X143.48 Y116.318 E1393.70025
G0 F9000 X143.48 Y116.566
G1 F3000 X148.429 Y121.516 E1393.93306
G0 F9000 X151.52 Y116.121
G1 F3000 X144.852 Y109.452 E1394.24672
G0 F9000 X145.704 Y109.451
G1 F3000 X143.48 Y117.749 E1394.53245
G0 F9000 X143.481 Y110.106
G1 F3000 X145.922 Y109.452 E1394.61651
G1 F2700 E1389.61651
;MESH:batclipholder.stl(2)
G0 F9000 X142.422 Y108.404
G0 X142.422 Y107.309
G0 X142.422 Y97.691
G0 X142.422 Y96.596
G0 X142.422 Y95.799
;TYPE:WALL-INNER
G1 F2700 E1394.61651
G1 F1685.4 X142.422 Y94.76 E1394.64726
G1 X142.245 Y94.952 E1394.65499
G1 X141.973 Y95.021 E1394.6633
G1 X142.422 Y95.799 E1394.68989
G0 F9000 X142.346 Y96.424
G1 F1500 X142.8 Y96.424 E1394.70499
G1 X142.8 Y95.089 E1394.74939
G1 F1327.4 X142.748 Y94.607 E1394.76761
G1 F1075.3 X142.695 Y94.125 E1394.79011
G1 F1188.1 X142.15 Y94.586 E1394.82008
G1 F1500 X141.902 Y94.649 E1394.8286
G1 F1373 X141.263 Y94.477 E1394.85264
G1 X141.658 Y95.23 E1394.88354
G1 F1500 X142.346 Y96.424 E1394.92937
G0 F9000 X142.517 Y96.13
G0 X141.263 Y94.477
G1 F1239.7 X137.621 Y88.146 E1395.22331
G0 F9000 X141.785 Y95.013
G0 X142.441 Y94.839
G0 X142.7 Y92.996
G1 F991.7 X142.695 Y94.125 E1395.28011
G0 F9000 X142.962 Y92.559
G0 X146.667 Y91.596
G1 F1500 X151.6 Y91.596 E1395.44418
G1 X151.6 Y79.372 E1395.85075
G1 X143.4 Y79.372 E1396.12349
G1 X143.4 Y91.596 E1396.53006
G1 X146.667 Y91.596 E1396.63872
G0 F9000 X146.586 Y91.996
G1 F1500 X151.6 Y91.996 E1396.80548
G1 X152 Y92.129 E1396.8195
G1 X152 Y78.972 E1397.25711
G1 X143 Y78.972 E1397.55645
G1 X143 Y92.129 E1397.99405
G1 X143.4 Y91.996 E1398.00807
G1 X146.586 Y91.996 E1398.11404
G0 F9000 X146.504 Y92.396
G1 F1500 X151.6 Y92.396 E1398.28353
G1 X151.96 Y92.516 E1398.29616
G1 F1200 X152.3 Y92.996 E1398.32061
G1 X152.4 Y92.296 E1398.35001
G1 F1500 X152.4 Y78.572 E1398.80647
G1 X142.6 Y78.572 E1399.13242
G1 X142.6 Y92.296 E1399.58888
G1 F1200 X142.7 Y92.996 E1399.61828
G1 X143.04 Y92.516 E1399.64274
G1 F1500 X143.4 Y92.396 E1399.65536
G1 X146.504 Y92.396 E1399.7586
G0 F9000 X146.504 Y92.087
G0 X152.038 Y92.559
G0 X152.3 Y92.996
G1 F991.7 X152.305 Y94.125 E1399.81539
G0 F9000 X152.559 Y94.839
G0 X153.215 Y95.013
G0 X153.793 Y94.382
G1 F1271.2 X155.584 Y91.265 E1399.95648
G1 F1229.5 X157.376 Y88.148 E1400.10237
G0 F9000 X153.215 Y95.013
G0 X152.578 Y95.794
G1 F1694.9 X153.025 Y95.021 E1400.12866
G1 X152.752 Y94.95 E1400.13696
G1 X152.578 Y94.76 E1400.14454
G1 X152.578 Y95.794 E1400.17498
G0 F9000 X152.2 Y96.424
G1 F1500 X152.649 Y96.424 E1400.18991
G1 X153.336 Y95.235 E1400.23559
G1 F1388.9 X153.793 Y94.382 E1400.27035
G1 X153.091 Y94.649 E1400.29733
G1 F1500 X152.847 Y94.585 E1400.30572
G1 F1188.1 X152.305 Y94.125 E1400.33557
G1 F1075.3 X152.253 Y94.605 E1400.35797
G1 F1327.4 X152.201 Y95.085 E1400.37611
G1 F1500 X152.2 Y96.424 E1400.42065
G1 F2700 E1395.42065
G0 F9000 X152.48 Y96.146
G0 X152.038 Y92.559
G0 X146.423 Y92.487
G0 X146.423 Y92.796
;TYPE:WALL-OUTER
G1 F2700 E1400.42065
G1 F1500 X151.6 Y92.796 E1400.59284
G1 X151.72 Y92.836 E1400.59704
G1 X151.8 Y92.996 E1400.60299
G1 X151.8 Y96.824 E1400.73031
G1 X152.88 Y96.824 E1400.76624
G1 X158.151 Y87.701 E1401.11667
G1 X157.117 Y87.7 E1401.15106
G1 X153.418 Y94.168 E1401.39889
G1 X153.193 Y94.262 E1401.407
G1 X152.949 Y94.198 E1401.41539
G1 X152.802 Y94.039 E1401.42259
G1 X152.8 Y78.172 E1401.95033
G1 X142.2 Y78.172 E1402.30288
G1 X142.198 Y94.039 E1402.83062
G1 X142.05 Y94.198 E1402.83785
G1 X141.802 Y94.262 E1402.84637
G1 X141.598 Y94.197 E1402.85349
G1 X137.88 Y87.7 E1403.10246
G1 X136.848 Y87.7 E1403.13678
G1 X142.116 Y96.824 E1403.4872
G1 X143.2 Y96.824 E1403.52325
G1 X143.2 Y92.996 E1403.65057
G1 X143.28 Y92.836 E1403.65652
G1 X143.4 Y92.796 E1403.66073
G1 X146.423 Y92.796 E1403.76128
G0 F9000 X146.423 Y92.487
G0 X147.262 Y91.516
;TYPE:FILL
G1 F3000 X151.52 Y90.375 E1403.90789
G0 F9000 X148.682 Y91.516
G1 F3000 X151.52 Y80.925 E1404.27258
G0 F9000 X151.519 Y84.164
G1 F3000 X143.481 Y86.318 E1404.54936
G0 F9000 X143.48 Y86.566
G1 F3000 X148.429 Y91.516 E1404.78217
G0 F9000 X151.52 Y86.121
G1 F3000 X144.851 Y79.452 E1405.09586
G0 F9000 X145.703 Y79.451
G1 F3000 X143.48 Y87.747 E1405.38152
G0 F9000 X143.48 Y80.106
G1 F3000 X145.922 Y79.452 E1405.4656
G1 F2700 E1400.4656
;MESH:NONMESH
G0 F300 X145.922 Y79.452 Z5.6
G0 F9000 X142.43 Y88.146
G0 X141.335 Y88.146
G0 X138.383 Y86.841
G0 X136.12 Y86.841
G0 X128.712 Y88.462
G0 X107.621 Y88.146
;TIME_ELAPSED:2573.737591
;LAYER:27
;TYPE:WALL-INNER
;MESH:batclipholder.stl(1)
G1 F2700 E1405.4656
G1 F1239.7 X111.263 Y94.477 E1405.75954
G0 F9000 X111.785 Y95.013
G0 X112.441 Y94.839
G0 X112.695 Y94.125
G1 F991.7 X112.7 Y92.996 E1405.81634
G0 F9000 X112.422 Y95.799
G1 F1685.4 X112.422 Y94.76 E1405.84709
G1 X112.245 Y94.952 E1405.85482
G1 X111.973 Y95.021 E1405.86313
G1 X112.422 Y95.799 E1405.88972
G0 F9000 X112.8 Y96.424
G1 F1500 X112.8 Y95.089 E1405.93412
G1 F1327.4 X112.748 Y94.607 E1405.95234
G1 F1075.3 X112.695 Y94.125 E1405.97484
G1 F1188.1 X112.15 Y94.586 E1406.00482
G1 F1500 X111.902 Y94.649 E1406.01333
G1 F1373 X111.263 Y94.477 E1406.03737
G1 X111.658 Y95.23 E1406.06827
G1 F1500 X112.346 Y96.424 E1406.1141
G1 X112.8 Y96.424 E1406.1292
G0 F9000 X112.52 Y96.146
G0 X112.962 Y92.559
G0 X117.5 Y91.596
G1 F1500 X121.6 Y91.596 E1406.26557
G1 X121.6 Y79.372 E1406.67214
G1 X113.4 Y79.372 E1406.94487
G1 X113.4 Y91.596 E1407.35145
G1 X117.5 Y91.596 E1407.48781
G0 F9000 X117.5 Y91.996
G1 F1500 X121.6 Y91.996 E1407.62418
G1 X122 Y92.129 E1407.6382
G1 X122 Y78.972 E1408.0758
G1 X113 Y78.972 E1408.37514
G1 X113 Y92.129 E1408.81275
G1 X113.4 Y91.996 E1408.82677
G1 X117.5 Y91.996 E1408.96313
G0 F9000 X117.5 Y92.396
G1 F1500 X121.6 Y92.396 E1409.0995
G1 X121.96 Y92.516 E1409.11212
G1 F1200 X122.3 Y92.996 E1409.13658
G1 X122.4 Y92.296 E1409.16598
G1 F1500 X122.4 Y78.572 E1409.62244
G1 X112.6 Y78.572 E1409.94839
G1 X112.6 Y92.296 E1410.40485
G1 F1200 X112.7 Y92.996 E1410.43425
G1 X113.04 Y92.516 E1410.4587
G1 F1500 X113.4 Y92.396 E1410.47132
G1 X117.5 Y92.396 E1410.60769
G0 F9000 X117.5 Y92.087
G0 X122.038 Y92.559
G0 X122.3 Y92.996
G1 F991.7 X122.305 Y94.125 E1410.66449
G0 F9000 X122.559 Y94.839
G0 X123.215 Y95.013
G0 X123.793 Y94.382
G1 F1271.2 X125.584 Y91.265 E1410.80558
G1 F1229.5 X127.376 Y88.148 E1410.95147
G0 F9000 X123.215 Y95.013
G0 X122.578 Y95.794
G1 F1694.9 X123.025 Y95.021 E1410.97775
G1 X122.752 Y94.95 E1410.98605
G1 X122.578 Y94.76 E1410.99364
G1 X122.578 Y95.794 E1411.02407
G0 F9000 X122.2 Y96.424
G1 F1500 X122.649 Y96.424 E1411.03901
G1 X123.336 Y95.235 E1411.08468
G1 F1388.9 X123.793 Y94.382 E1411.11944
G1 X123.091 Y94.649 E1411.14642
G1 F1500 X122.847 Y94.585 E1411.15481
G1 F1188.1 X122.305 Y94.125 E1411.18466
G1 F1075.3 X122.253 Y94.605 E1411.20706
G1 F1327.4 X122.201 Y95.085 E1411.22521
G1 F1500 X122.2 Y96.424 E1411.26974
G1 F2700 E1406.26974
G0 F9000 X122.48 Y96.146
G0 X122.038 Y92.559
G0 X117.5 Y92.487
G0 X117.5 Y92.796
;TYPE:WALL-OUTER
G1 F2700 E1411.26974
G1 F1500 X121.6 Y92.796 E1411.40611
G1 X121.72 Y92.836 E1411.41032
G1 X121.8 Y92.996 E1411.41627
G1 X121.8 Y96.824 E1411.54359
G1 X122.88 Y96.824 E1411.57951
G1 X128.151 Y87.701 E1411.92995
G1 X127.117 Y87.7 E1411.96434
G1 X123.418 Y94.168 E1412.21216
G1 X123.193 Y94.262 E1412.22027
G1 X122.949 Y94.198 E1412.22866
G1 X122.802 Y94.039 E1412.23586
G1 X122.8 Y78.172 E1412.7636
G1 X112.2 Y78.172 E1413.11616
G1 X112.198 Y94.039 E1413.6439
G1 X112.05 Y94.198 E1413.65112
G1 X111.802 Y94.262 E1413.65964
G1 X111.598 Y94.197 E1413.66676
G1 X107.88 Y87.7 E1413.91573
G1 X106.848 Y87.7 E1413.95006
G1 X112.116 Y96.824 E1414.30047
G1 X113.2 Y96.824 E1414.33653
G1 X113.2 Y92.996 E1414.46385
G1 X113.28 Y92.836 E1414.4698
G1 X113.4 Y92.796 E1414.474
G1 X117.5 Y92.796 E1414.61037
G0 F9000 X117.5 Y92.487
G0 X117.806 Y91.516
;TYPE:FILL
G1 F3000 X119.2 Y91.144 E1414.65836
G0 F9000 X118.629 Y91.516
G1 F3000 X113.48 Y86.367 E1414.90055
G1 X113.48 Y86.463
G1 X114 Y86.324 E1414.91845
G0 F9000 X114 Y86.888
G1 F3000 X114 Y91.396 E1415.06839
G0 F9000 X114.8 Y91.396
G1 F3000 X114.8 Y87.688 E1415.19172
G0 F9000 X115.2 Y88.088
G1 F3000 X115.2 Y91.396 E1415.30174
G0 F9000 X115.6 Y91.396
G1 F3000 X115.6 Y88.488 E1415.39846
G0 F9000 X116.4 Y89.288
G1 F3000 X116.4 Y91.396 E1415.46858
G0 F9000 X116.8 Y91.396
G1 F3000 X116.8 Y89.688 E1415.52538
G0 F9000 X117.6 Y90.488
G1 F3000 X117.6 Y91.396 E1415.55558
G0 F9000 X118.536 Y91.517
G1 F3000 X119.2 Y89.035 E1415.64104
G0 F9000 X120.8 Y90.714
G1 F3000 X119.2 Y91.144 E1415.69614
G1 X119.2 Y89.035 E1415.76629
G1 X121.086 Y82 E1416.00854
G0 F9000 X121.3 Y81.2
G1 F3000 X121.52 Y80.38 E1416.03677
G0 F9000 X121.4 Y80
G1 F3000 X115.599 Y80 E1416.22972
G0 F9000 X115.557 Y79.452
G1 F3000 X114 Y85.26 E1416.42971
G1 X114 Y86.324 E1416.4651
G1 X121.52 Y84.309 E1416.72404
G0 F9000 X121.4 Y84
G1 F3000 X120.551 Y84 E1416.75228
G0 F9000 X120.8 Y85.203
G1 F3000 X117.599 Y82 E1416.90289
G0 F9000 X116.799 Y81.2
G1 F3000 X117.599 Y82 E1416.94052
G1 X121.086 Y82 E1417.0565
G1 X121.3 Y81.2 E1417.08404
G1 X116.799 Y81.2 E1417.23375
G1 X115.051 Y79.453 E1417.31594
G0 F9000 X114 Y80.112
G1 F3000 X113.481 Y80.251 E1417.33381
G0 F9000 X116.399 Y80.8
G1 F3000 X121.4 Y80.8 E1417.50015
G0 F9000 X116.465 Y79.452
G1 F3000 X114 Y80.112 E1417.58502
G1 X114 Y85.261 E1417.75628
G1 X113.48 Y87.203 E1417.82315
G0 F9000 X121.521 Y85.922
G1 F3000 X120.8 Y85.203 E1417.85701
G1 X120.8 Y90.714 E1418.04031
G1 X121.519 Y90.521 E1418.06507
G1 F2700 E1413.06507
;MESH:batclipholder.stl
G0 F9000 X121.939 Y92.172
G0 X122.753 Y96.599
G0 X122.753 Y97.691
G0 X127.248 Y116.835
G0 X127.376 Y118.148
;TYPE:WALL-INNER
G1 F2700 E1418.06507
G1 F1229.5 X125.584 Y121.265 E1418.21096
G1 F1271.2 X123.793 Y124.382 E1418.35205
G0 F9000 X123.215 Y125.013
G0 X122.559 Y124.839
G0 X122.305 Y124.125
G1 F991.7 X122.3 Y122.996 E1418.40885
G0 F9000 X122.578 Y125.794
G1 F1694.9 X123.025 Y125.021 E1418.43513
G1 X122.752 Y124.95 E1418.44343
G1 X122.578 Y124.76 E1418.45102
G1 X122.578 Y125.794 E1418.48145
G0 F9000 X122.2 Y126.424
G1 F1500 X122.649 Y126.424 E1418.49639
G1 X123.336 Y125.235 E1418.54206
G1 F1388.9 X123.793 Y124.382 E1418.57682
G1 X123.091 Y124.649 E1418.6038
G1 F1500 X122.847 Y124.585 E1418.61219
G1 F1188.1 X122.305 Y124.125 E1418.64204
G1 F1075.3 X122.253 Y124.605 E1418.66444
G1 F1327.4 X122.201 Y125.085 E1418.68259
G1 F1500 X122.2 Y126.424 E1418.72712
G0 F9000 X122.48 Y126.146
G0 X122.038 Y122.559
G0 X117.5 Y121.596
G1 F1500 X121.6 Y121.596 E1418.86349
G1 X121.6 Y109.372 E1419.27006
G1 X113.4 Y109.372 E1419.54279
G1 X113.4 Y121.596 E1419.94937
G1 X117.5 Y121.596 E1420.08573
G0 F9000 X117.5 Y121.996
G1 F1500 X121.6 Y121.996 E1420.2221
G1 X122 Y122.129 E1420.23612
G1 X122 Y108.972 E1420.67372
G1 X113 Y108.972 E1420.97306
G1 X113 Y122.129 E1421.41067
G1 X113.4 Y121.996 E1421.42469
G1 X117.5 Y121.996 E1421.56105
G0 F9000 X117.5 Y122.396
G1 F1500 X121.6 Y122.396 E1421.69742
G1 X121.96 Y122.516 E1421.71004
G1 F1200 X122.3 Y122.996 E1421.7345
G1 X122.4 Y122.296 E1421.7639
G1 F1500 X122.4 Y108.572 E1422.22036
G1 X112.6 Y108.572 E1422.54631
G1 X112.6 Y122.296 E1423.00277
G1 F1200 X112.7 Y122.996 E1423.03217
G1 X113.04 Y122.516 E1423.05662
G1 F1500 X113.4 Y122.396 E1423.06924
G1 X117.5 Y122.396 E1423.20561
G0 F9000 X117.5 Y122.087
G0 X112.962 Y122.559
G0 X112.7 Y122.996
G1 F991.7 X112.695 Y124.125 E1423.26241
G0 F9000 X112.441 Y124.839
G0 X111.785 Y125.013
G0 X111.263 Y124.477
G1 F1239.7 X107.621 Y118.146 E1423.55635
G0 F9000 X111.785 Y125.013
G0 X112.422 Y125.799
G1 F1685.4 X112.422 Y124.76 E1423.5871
G1 X112.245 Y124.952 E1423.59483
G1 X111.973 Y125.021 E1423.60314
G1 X112.422 Y125.799 E1423.62973
G0 F9000 X112.8 Y126.424
G1 F1500 X112.8 Y125.089 E1423.67413
G1 F1327.4 X112.748 Y124.607 E1423.69235
G1 F1075.3 X112.695 Y124.125 E1423.71485
G1 F1188.1 X112.15 Y124.586 E1423.74483
G1 F1500 X111.902 Y124.649 E1423.75334
G1 F1373 X111.263 Y124.477 E1423.77738
G1 X111.658 Y125.23 E1423.80828
G1 F1500 X112.346 Y126.424 E1423.85411
G1 X112.8 Y126.424 E1423.86921
G1 F2700 E1418.86921
G0 F9000 X112.52 Y126.146
G0 X112.962 Y122.559
G0 X117.5 Y122.487
G0 X117.5 Y122.796
;TYPE:WALL-OUTER
G1 F2700 E1423.86921
G1 F1500 X121.6 Y122.796 E1424.00558
G1 X121.72 Y122.836 E1424.00979
G1 X121.8 Y122.996 E1424.01574
G1 X121.8 Y126.824 E1424.14306
G1 X122.88 Y126.824 E1424.17898
G1 X128.151 Y117.701 E1424.52941
G1 X127.117 Y117.7 E1424.5638
G1 X123.418 Y124.168 E1424.81163
G1 X123.193 Y124.262 E1424.81974
G1 X122.949 Y124.198 E1424.82813
G1 X122.802 Y124.039 E1424.83533
G1 X122.8 Y108.172 E1425.36307
G1 X112.2 Y108.172 E1425.71563
G1 X112.198 Y124.039 E1426.24336
G1 X112.05 Y124.198 E1426.25059
G1 X111.802 Y124.262 E1426.25911
G1 X111.598 Y124.197 E1426.26623
G1 X107.88 Y117.7 E1426.5152
G1 X106.848 Y117.7 E1426.54953
G1 X112.116 Y126.824 E1426.89994
G1 X113.2 Y126.824 E1426.936
G1 X113.2 Y122.996 E1427.06332
G1 X113.28 Y122.836 E1427.06927
G1 X113.4 Y122.796 E1427.07347
G1 X117.5 Y122.796 E1427.20984
G0 F9000 X117.5 Y122.487
G0 X117.807 Y121.516
;TYPE:FILL
G1 F3000 X119.2 Y121.144 E1427.25779
G0 F9000 X118.629 Y121.516
G1 F3000 X113.48 Y116.366 E1427.50001
G1 X113.481 Y116.463
G1 X114 Y116.325 E1427.51787
G0 F9000 X113.48 Y117.203
G1 F3000 X114 Y115.261 E1427.58474
G1 X114 Y110.112 E1427.756
G1 X116.467 Y109.452 E1427.84093
G0 F9000 X115.557 Y109.452
G1 F3000 X114 Y115.261 E1428.04096
G1 X114 Y116.325 E1428.07635
G1 X121.519 Y114.31 E1428.33526
G0 F9000 X121.4 Y114
G1 F3000 X120.55 Y114 E1428.36353
G0 F9000 X120.8 Y115.202
G1 F3000 X117.6 Y112 E1428.51409
G0 F9000 X116.8 Y111.2
G1 F3000 X117.6 Y112 E1428.55172
G1 X121.086 Y112 E1428.66767
G1 X121.3 Y111.2 E1428.69521
G1 X116.8 Y111.2 E1428.84488
G1 X115.051 Y109.452 E1428.92713
G0 F9000 X115.6 Y110
G1 F3000 X121.4 Y110 E1429.12004
G0 F9000 X121.52 Y110.38
G1 F3000 X121.3 Y111.2 E1429.14827
G0 F9000 X121.4 Y110.8
G1 F3000 X116.4 Y110.8 E1429.31457
G0 F9000 X114 Y110.112
G1 F3000 X113.48 Y110.252 E1429.33249
G0 F9000 X113.6 Y117.748
G1 F3000 X114.807 Y117.693 E1429.37267
G0 F9000 X115.19 Y118.076
G1 F3000 X113.6 Y118.148 E1429.42561
G0 F9000 X113.6 Y118.549
G1 F3000 X115.572 Y118.459 E1429.49127
G0 F9000 X116.338 Y119.225
G1 F3000 X113.601 Y119.35 E1429.5824
G0 F9000 X113.6 Y119.75
G1 F3000 X116.721 Y119.608 E1429.68631
G0 F9000 X117.488 Y120.374
G1 F3000 X113.601 Y120.551 E1429.81572
G0 F9000 X113.601 Y120.951
G1 F3000 X117.87 Y120.757 E1429.95786
G0 F9000 X118.536 Y121.517
G1 F3000 X119.2 Y119.036 E1430.04328
G0 F9000 X120.8 Y120.714
G1 F3000 X119.2 Y121.144 E1430.09838
G1 X119.2 Y119.036 E1430.1685
G1 X121.086 Y112 E1430.41078
G0 F9000 X121.52 Y115.921
G1 F3000 X120.8 Y115.202 E1430.44462
G1 X120.8 Y120.714 E1430.62795
G1 X121.52 Y120.521 E1430.65274
G1 F2700 E1425.65274
;MESH:batclipholder.stl(3)
G0 F9000 X122.559 Y124.839
G0 X123.215 Y125.013
G0 X127.773 Y117.92
G0 X128.712 Y118.462
G0 X136.289 Y118.463
G0 X137.621 Y118.146
;TYPE:WALL-INNER
G1 F2700 E1430.65274
G1 F1239.7 X141.263 Y124.477 E1430.94668
G0 F9000 X141.785 Y125.013
G0 X142.441 Y124.839
G0 X142.695 Y124.125
G1 F991.7 X142.7 Y122.996 E1431.00348
G0 F9000 X142.422 Y125.799
G1 F1685.4 X142.422 Y124.76 E1431.03423
G1 X142.245 Y124.952 E1431.04196
G1 X141.973 Y125.021 E1431.05027
G1 X142.422 Y125.799 E1431.07686
G0 F9000 X142.346 Y126.424
G1 F1500 X142.8 Y126.424 E1431.09196
G1 X142.8 Y125.089 E1431.13636
G1 F1327.4 X142.748 Y124.607 E1431.15458
G1 F1075.3 X142.695 Y124.125 E1431.17708
G1 F1188.1 X142.15 Y124.586 E1431.20706
G1 F1500 X141.902 Y124.649 E1431.21557
G1 F1373 X141.263 Y124.477 E1431.23961
G1 X141.658 Y125.23 E1431.27051
G1 F1500 X142.346 Y126.424 E1431.31634
G0 F9000 X142.517 Y126.13
G0 X142.962 Y122.559
G0 X146.454 Y121.596
G1 F1500 X151.6 Y121.596 E1431.4875
G1 X151.6 Y109.372 E1431.89407
G1 X143.4 Y109.372 E1432.16681
G1 X143.4 Y121.596 E1432.57338
G1 X146.454 Y121.596 E1432.67495
G0 F9000 X146.352 Y121.996
G1 F1500 X151.6 Y121.996 E1432.8495
G1 X152 Y122.129 E1432.86352
G1 X152 Y108.972 E1433.30113
G1 X143 Y108.972 E1433.60047
G1 X143 Y122.129 E1434.03807
G1 X143.4 Y121.996 E1434.05209
G1 X146.352 Y121.996 E1434.15028
G0 F9000 X146.25 Y122.396
G1 F1500 X151.6 Y122.396 E1434.32822
G1 X151.96 Y122.516 E1434.34084
G1 F1200 X152.3 Y122.996 E1434.36529
G1 X152.4 Y122.296 E1434.39469
G1 F1500 X152.4 Y108.572 E1434.85116
G1 X142.6 Y108.572 E1435.1771
G1 X142.6 Y122.296 E1435.63357
G1 F1200 X142.7 Y122.996 E1435.66296
G1 X143.04 Y122.516 E1435.68742
G1 F1500 X143.4 Y122.396 E1435.70004
G1 X146.25 Y122.396 E1435.79483
G0 F9000 X146.25 Y122.087
G0 X152.038 Y122.559
G0 X152.3 Y122.996
G1 F991.7 X152.305 Y124.125 E1435.85163
G0 F9000 X152.559 Y124.839
G0 X153.215 Y125.013
G0 X153.793 Y124.382
G1 F1271.2 X155.584 Y121.265 E1435.99272
G1 F1229.5 X157.376 Y118.148 E1436.13861
G0 F9000 X153.215 Y125.013
G0 X152.578 Y125.794
G1 F1694.9 X153.025 Y125.021 E1436.16489
G1 X152.752 Y124.95 E1436.1732
G1 X152.578 Y124.76 E1436.18078
G1 X152.578 Y125.794 E1436.21122
G0 F9000 X152.2 Y126.424
G1 F1500 X152.649 Y126.424 E1436.22615
G1 X153.336 Y125.235 E1436.27182
G1 F1388.9 X153.793 Y124.382 E1436.30658
G1 X153.091 Y124.649 E1436.33356
G1 F1500 X152.847 Y124.585 E1436.34195
G1 F1188.1 X152.305 Y124.125 E1436.3718
G1 F1075.3 X152.253 Y124.605 E1436.39421
G1 F1327.4 X152.201 Y125.085 E1436.41235
G1 F1500 X152.2 Y126.424 E1436.45689
G1 F2700 E1431.45689
G0 F9000 X152.48 Y126.146
G0 X152.038 Y122.559
G0 X146.148 Y122.487
G0 X146.148 Y122.796
;TYPE:WALL-OUTER
G1 F2700 E1436.45689
G1 F1500 X151.6 Y122.796 E1436.63822
G1 X151.72 Y122.836 E1436.64243
G1 X151.8 Y122.996 E1436.64838
G1 X151.8 Y126.824 E1436.7757
G1 X152.88 Y126.824 E1436.81162
G1 X158.151 Y117.701 E1437.16206
G1 X157.117 Y117.7 E1437.19645
G1 X153.418 Y124.168 E1437.44427
G1 X153.193 Y124.262 E1437.45238
G1 X152.949 Y124.198 E1437.46077
G1 X152.802 Y124.039 E1437.46797
G1 X152.8 Y108.172 E1437.99571
G1 X142.2 Y108.172 E1438.34827
G1 X142.198 Y124.039 E1438.87601
G1 X142.05 Y124.198 E1438.88323
G1 X141.802 Y124.262 E1438.89175
G1 X141.598 Y124.197 E1438.89887
G1 X137.88 Y117.7 E1439.14784
G1 X136.848 Y117.7 E1439.18217
G1 X142.116 Y126.824 E1439.53258
G1 X143.2 Y126.824 E1439.56864
G1 X143.2 Y122.996 E1439.69596
G1 X143.28 Y122.836 E1439.70191
G1 X143.4 Y122.796 E1439.70611
G1 X146.148 Y122.796 E1439.79751
G0 F9000 X146.148 Y122.487
G0 X146.4 Y121.396
;TYPE:FILL
G1 F3000 X146.4 Y119.288 E1439.86762
G0 F9000 X146.8 Y119.688
G1 F3000 X146.8 Y121.396 E1439.92443
G0 F9000 X147.6 Y121.396
G1 F3000 X147.6 Y120.488 E1439.95463
G0 F9000 X147.806 Y121.517
G1 F3000 X149.2 Y121.145 E1440.00262
G0 F9000 X148.629 Y121.516
G1 F3000 X143.48 Y116.366 E1440.24484
G1 X143.48 Y116.464
G1 X144 Y116.325 E1440.26274
G0 F9000 X144 Y116.888
G1 F3000 X144 Y121.396 E1440.41268
G0 F9000 X144.8 Y121.396
G1 F3000 X144.8 Y117.688 E1440.53601
G0 F9000 X145.2 Y118.088
G1 F3000 X145.2 Y121.396 E1440.64603
G0 F9000 X145.6 Y121.396
G1 F3000 X145.6 Y118.488 E1440.74275
G0 F9000 X143.48 Y117.204
G1 F3000 X144 Y115.263 E1440.80958
G1 X144 Y115.261
G1 X144 Y110.112 E1440.98084
G1 X146.467 Y109.452 E1441.06578
G0 F9000 X145.558 Y109.452
G1 F3000 X144 Y115.261 E1441.26582
G1 X144 Y116.325 E1441.3012
G1 X151.519 Y114.31 E1441.56011
G0 F9000 X151.4 Y114
G1 F3000 X150.551 Y114 E1441.58835
G0 F9000 X150.8 Y115.203
G1 F3000 X147.599 Y112 E1441.73896
G0 F9000 X146.799 Y111.2
G1 F3000 X147.599 Y112 E1441.77659
G1 X151.086 Y112 E1441.89257
G1 X151.301 Y111.2 E1441.92012
G1 X146.799 Y111.2 E1442.06986
G1 X145.051 Y109.452 E1442.15208
G0 F9000 X145.599 Y110
G1 F3000 X151.4 Y110 E1442.34502
G0 F9000 X151.52 Y110.383
G1 F3000 X151.301 Y111.2 E1442.37315
G0 F9000 X151.4 Y110.8
G1 F3000 X146.399 Y110.8 E1442.53949
G0 F9000 X144 Y110.112
G1 F3000 X143.48 Y110.252 E1442.5574
G0 F9000 X151.086 Y112
G1 F3000 X149.2 Y119.037 E1442.79971
G1 X149.2 Y121.145 E1442.86982
G1 X150.8 Y120.715 E1442.92493
G0 F9000 X151.519 Y120.522
G1 F3000 X150.8 Y120.715 E1442.94969
G1 X150.8 Y115.203 E1443.13302
G1 X151.52 Y115.922 E1443.16686
G0 F9000 X149.2 Y119.037
G1 F3000 X148.536 Y121.517 E1443.25225
G1 F2700 E1438.25225
;MESH:batclipholder.stl(2)
G0 F9000 X152.578 Y108.404
G0 X152.578 Y107.309
G0 X152.578 Y97.691
G0 X152.578 Y96.596
G0 X152.578 Y95.794
;TYPE:WALL-INNER
G1 F2700 E1443.25225
G1 F1694.9 X153.025 Y95.021 E1443.27854
G1 X152.752 Y94.95 E1443.28684
G1 X152.578 Y94.76 E1443.29442
G1 X152.578 Y95.794 E1443.32486
G0 F9000 X152.2 Y96.424
G1 F1500 X152.649 Y96.424 E1443.33979
G1 X153.336 Y95.235 E1443.38547
G1 F1388.9 X153.793 Y94.382 E1443.42023
G1 X153.091 Y94.649 E1443.44721
G1 F1500 X152.847 Y94.585 E1443.4556
G1 F1188.1 X152.305 Y94.125 E1443.48545
G1 F1075.3 X152.253 Y94.605 E1443.50785
G1 F1327.4 X152.201 Y95.085 E1443.52599
G1 F1500 X152.2 Y96.424 E1443.57053
G0 F9000 X152.48 Y96.146
G0 X152.305 Y94.125
G1 F991.7 X152.3 Y92.996 E1443.62733
G0 F9000 X152.559 Y94.839
G0 X153.215 Y95.013
G0 X153.793 Y94.382
G1 F1271.2 X155.584 Y91.265 E1443.76841
G1 F1229.5 X157.376 Y88.148 E1443.91431
G0 F9000 X153.215 Y95.013
G0 X152.559 Y94.839
G0 X152.555 Y91.926
G0 X146.667 Y91.596
G1 F1500 X151.6 Y91.596 E1444.07838
G1 X151.6 Y79.372 E1444.48495
G1 X143.4 Y79.372 E1444.75768
G1 X143.4 Y91.596 E1445.16426
G1 X146.667 Y91.596 E1445.27292
G0 F9000 X146.586 Y91.996
G1 F1500 X151.6 Y91.996 E1445.43968
G1 X152 Y92.129 E1445.4537
G1 X152 Y78.972 E1445.89131
G1 X143 Y78.972 E1446.19065
G1 X143 Y92.129 E1446.62825
G1 X143.4 Y91.996 E1446.64227
G1 X146.586 Y91.996 E1446.74824
G0 F9000 X146.504 Y92.396
G1 F1500 X151.6 Y92.396 E1446.91773
G1 X151.96 Y92.516 E1446.93035
G1 F1200 X152.3 Y92.996 E1446.95481
G1 X152.4 Y92.296 E1446.98421
G1 F1500 X152.4 Y78.572 E1447.44067
G1 X142.6 Y78.572 E1447.76662
G1 X142.6 Y92.296 E1448.22308
G1 F1200 X142.7 Y92.996 E1448.25248
G1 X143.04 Y92.516 E1448.27693
G1 F1500 X143.4 Y92.396 E1448.28955
G1 X146.504 Y92.396 E1448.39279
G0 F9000 X146.504 Y92.087
G0 X142.962 Y92.559
G0 X142.7 Y92.996
G1 F991.7 X142.695 Y94.125 E1448.44959
G0 F9000 X142.441 Y94.839
G0 X141.785 Y95.013
G0 X141.263 Y94.477
G1 F1239.7 X137.621 Y88.146 E1448.74353
G0 F9000 X141.785 Y95.013
G0 X142.422 Y95.799
G1 F1685.4 X142.422 Y94.76 E1448.77429
G1 X142.245 Y94.952 E1448.78202
G1 X141.973 Y95.021 E1448.79032
G1 X142.422 Y95.799 E1448.81691
G0 F9000 X142.346 Y96.424
G1 F1500 X142.8 Y96.424 E1448.83201
G1 X142.8 Y95.089 E1448.87642
G1 F1327.4 X142.748 Y94.607 E1448.89464
G1 F1075.3 X142.695 Y94.125 E1448.91713
G1 F1188.1 X142.15 Y94.586 E1448.94711
G1 F1500 X141.902 Y94.649 E1448.95562
G1 F1373 X141.263 Y94.477 E1448.97967
G1 X141.658 Y95.23 E1449.01056
G1 F1500 X142.346 Y96.424 E1449.0564
G1 F2700 E1444.0564
G0 F9000 X142.517 Y96.13
G0 X142.962 Y92.559
G0 X146.423 Y92.487
G0 X146.423 Y92.796
;TYPE:WALL-OUTER
G1 F2700 E1449.0564
G1 F1500 X151.6 Y92.796 E1449.22858
G1 X151.72 Y92.836 E1449.23279
G1 X151.8 Y92.996 E1449.23874
G1 X151.8 Y96.824 E1449.36606
G1 X152.88 Y96.824 E1449.40198
G1 X158.151 Y87.701 E1449.75242
G1 X157.117 Y87.7 E1449.78681
G1 X153.418 Y94.168 E1450.03463
G1 X153.193 Y94.262 E1450.04274
G1 X152.949 Y94.198 E1450.05113
G1 X152.802 Y94.039 E1450.05833
G1 X152.8 Y78.172 E1450.58607
G1 X142.2 Y78.172 E1450.93863
G1 X142.198 Y94.039 E1451.46637
G1 X142.05 Y94.198 E1451.47359
G1 X141.802 Y94.262 E1451.48211
G1 X141.598 Y94.197 E1451.48923
G1 X137.88 Y87.7 E1451.73821
G1 X136.848 Y87.7 E1451.77253
G1 X142.116 Y96.824 E1452.12295
G1 X143.2 Y96.824 E1452.159
G1 X143.2 Y92.996 E1452.28632
G1 X143.28 Y92.836 E1452.29227
G1 X143.4 Y92.796 E1452.29648
G1 X146.423 Y92.796 E1452.39702
G0 F9000 X146.423 Y92.487
G0 X147.807 Y91.516
;TYPE:FILL
G1 F3000 X149.2 Y91.143 E1452.44499
G0 F9000 X148.629 Y91.516
G1 F3000 X143.48 Y86.367 E1452.68718
G1 X143.48 Y86.464
G1 X144 Y86.325 E1452.70508
G0 F9000 X143.48 Y87.203
G1 F3000 X144 Y85.261 E1452.77195
G1 X144 Y80.112 E1452.94321
G1 X145.2 Y79.79 E1452.98453
G0 F9000 X145.05 Y79.452
G1 F3000 X146.799 Y81.2 E1453.06677
G1 X151.3 Y81.2 E1453.21648
G1 X151.085 Y82 E1453.24403
G1 X147.599 Y82 E1453.35997
G1 X146.799 Y81.2 E1453.3976
G0 F9000 X146.399 Y80.8
G1 F3000 X151.4 Y80.8 E1453.56394
G0 F9000 X151.3 Y81.2
G1 F3000 X151.52 Y80.379 E1453.59221
G0 F9000 X151.4 Y80
G1 F3000 X145.599 Y80 E1453.78515
G0 F9000 X145.557 Y79.451
G1 F3000 X145.2 Y80.786 E1453.83111
G1 X145.2 Y79.79 E1453.86424
G1 X146.466 Y79.452 E1453.90782
G0 F9000 X145.2 Y80.786
G1 F3000 X144 Y85.261 E1454.06192
G1 X144 Y86.325 E1454.09731
G1 X151.519 Y84.31 E1454.35622
G0 F9000 X151.4 Y84
G1 F3000 X150.55 Y84 E1454.38449
G0 F9000 X150.8 Y85.203
G1 F3000 X147.599 Y82 E1454.5351
G0 F9000 X151.085 Y82
G1 F3000 X149.2 Y89.036 E1454.77737
G1 X149.2 Y91.143 E1454.84745
G1 X150.8 Y90.714 E1454.90254
G0 F9000 X151.52 Y90.521
G1 F3000 X150.8 Y90.714 E1454.92734
G1 X150.8 Y85.203 E1455.11063
G1 X151.52 Y85.922 E1455.14448
G0 F9000 X149.2 Y89.036
G1 F3000 X148.536 Y91.516 E1455.22987
G0 F9000 X147.912 Y90.8
G1 F3000 X143.6 Y90.8 E1455.37329
G0 F9000 X143.6 Y90.4
G1 F3000 X147.512 Y90.4 E1455.5034
G0 F9000 X147.112 Y90
G1 F3000 X143.6 Y90 E1455.62021
G0 F9000 X143.6 Y89.2
G1 F3000 X146.312 Y89.2 E1455.71041
G0 F9000 X145.912 Y88.8
G1 F3000 X143.6 Y88.8 E1455.78731
G0 F9000 X143.6 Y88
G1 F3000 X145.112 Y88 E1455.8376
G0 F9000 X144.712 Y87.6
G1 F3000 X143.6 Y87.6 E1455.87458
G0 F9000 X143.48 Y80.252
G1 F3000 X144 Y80.112 E1455.89249
G1 F2700 E1450.89249
;MESH:NONMESH
G0 F300 X144 Y80.112 Z5.8
G0 F9000 X142.43 Y88.146
G0 X141.335 Y88.146
G0 X138.383 Y86.841
G0 X136.12 Y86.841
G0 X128.712 Y88.462
G0 X107.621 Y88.146
;TIME_ELAPSED:2658.225580
;LAYER:28
;TYPE:WALL-INNER
;MESH:batclipholder.stl(1)
G1 F2700 E1455.89249
G1 F1239.7 X111.263 Y94.477 E1456.18643
G0 F9000 X111.785 Y95.013
G0 X112.441 Y94.839
G0 X112.695 Y94.125
G1 F991.7 X112.7 Y92.996 E1456.24323
G0 F9000 X112.422 Y95.799
G1 F1685.4 X112.422 Y94.76 E1456.27399
G1 X112.245 Y94.952 E1456.28172
G1 X111.973 Y95.021 E1456.29002
G1 X112.422 Y95.799 E1456.31661
G0 F9000 X112.8 Y96.424
G1 F1500 X112.8 Y95.089 E1456.36101
G1 F1327.4 X112.748 Y94.607 E1456.37924
G1 F1075.3 X112.695 Y94.125 E1456.40173
G1 F1188.1 X112.15 Y94.586 E1456.43171
G1 F1500 X111.902 Y94.649 E1456.44022
G1 F1373 X111.263 Y94.477 E1456.46426
G1 X111.658 Y95.23 E1456.49516
G1 F1500 X112.346 Y96.424 E1456.541
G1 X112.8 Y96.424 E1456.5561
G0 F9000 X112.52 Y96.146
G0 X112.962 Y92.558
G0 X117.5 Y91.596
G1 F1500 X121.6 Y91.596 E1456.69246
G1 X121.6 Y79.372 E1457.09903
G1 X113.4 Y79.372 E1457.37177
G1 X113.4 Y91.596 E1457.77834
G1 X117.5 Y91.596 E1457.91471
G0 F9000 X117.5 Y91.996
G1 F1500 X121.6 Y91.996 E1458.05107
G1 X122 Y92.129 E1458.06509
G1 X122 Y78.972 E1458.5027
G1 X113 Y78.972 E1458.80204
G1 X113 Y92.129 E1459.23964
G1 X113.4 Y91.996 E1459.25366
G1 X117.5 Y91.996 E1459.39003
G0 F9000 X117.5 Y92.396
G1 F1500 X121.6 Y92.396 E1459.52639
G1 X121.96 Y92.516 E1459.53902
G1 F1200 X122.3 Y92.996 E1459.56347
G1 X122.4 Y92.296 E1459.59287
G1 F1500 X122.4 Y78.572 E1460.04933
G1 X112.6 Y78.572 E1460.37528
G1 X112.6 Y92.296 E1460.83174
G1 F1200 X112.7 Y92.996 E1460.86114
G1 X113.04 Y92.516 E1460.8856
G1 F1500 X113.4 Y92.396 E1460.89822
G1 X117.5 Y92.396 E1461.03458
G0 F9000 X117.501 Y92.087
G0 X122.038 Y92.559
G0 X122.3 Y92.996
G1 F991.7 X122.305 Y94.125 E1461.09138
G0 F9000 X122.559 Y94.839
G0 X123.215 Y95.013
G0 X123.793 Y94.382
G1 F1271.2 X125.584 Y91.265 E1461.23247
G1 F1229.5 X127.376 Y88.148 E1461.37836
G0 F9000 X123.215 Y95.013
G0 X122.578 Y95.794
G1 F1694.9 X123.025 Y95.021 E1461.40464
G1 X122.752 Y94.95 E1461.41295
G1 X122.578 Y94.76 E1461.42053
G1 X122.578 Y95.794 E1461.45097
G0 F9000 X122.2 Y96.424
G1 F1500 X122.649 Y96.424 E1461.4659
G1 X123.336 Y95.235 E1461.51157
G1 F1388.9 X123.793 Y94.382 E1461.54633
G1 X123.091 Y94.649 E1461.57331
G1 F1500 X122.847 Y94.585 E1461.5817
G1 F1188.1 X122.305 Y94.125 E1461.61155
G1 F1075.3 X122.253 Y94.605 E1461.63396
G1 F1327.4 X122.201 Y95.085 E1461.6521
G1 F1500 X122.2 Y96.424 E1461.69664
G1 F2700 E1456.69664
G0 F9000 X122.48 Y96.146
G0 X122.038 Y92.559
G0 X117.501 Y92.487
G0 X117.5 Y92.796
;TYPE:WALL-OUTER
G1 F2700 E1461.69664
G1 F1500 X121.6 Y92.796 E1461.833
G1 X121.72 Y92.836 E1461.83721
G1 X121.8 Y92.996 E1461.84316
G1 X121.8 Y96.824 E1461.97048
G1 X122.88 Y96.824 E1462.0064
G1 X128.151 Y87.701 E1462.35684
G1 X127.117 Y87.7 E1462.39123
G1 X123.418 Y94.168 E1462.63905
G1 X123.193 Y94.262 E1462.64716
G1 X122.949 Y94.198 E1462.65555
G1 X122.802 Y94.039 E1462.66275
G1 X122.8 Y78.172 E1463.19049
G1 X112.2 Y78.172 E1463.54305
G1 X112.198 Y94.039 E1464.07079
G1 X112.05 Y94.198 E1464.07801
G1 X111.802 Y94.262 E1464.08653
G1 X111.598 Y94.197 E1464.09365
G1 X107.88 Y87.7 E1464.34263
G1 X106.848 Y87.7 E1464.37695
G1 X112.116 Y96.824 E1464.72737
G1 X113.2 Y96.824 E1464.76342
G1 X113.2 Y92.996 E1464.89074
G1 X113.28 Y92.836 E1464.89669
G1 X113.4 Y92.796 E1464.9009
G1 X117.5 Y92.796 E1465.03726
G0 F9000 X117.501 Y92.487
G0 X117.5 Y91.496
G0 X117.5 Y91.236
;TYPE:SKIN
G1 F1500 X113.76 Y91.236 E1465.16166
G1 X113.76 Y79.732 E1465.54428
G1 X121.24 Y79.732 E1465.79307
G1 X121.24 Y91.236 E1466.17569
G1 X117.5 Y91.236 E1466.30008
G0 F9000 X117.5 Y91.496
G0 X114.229 Y91.496
G0 X114.229 Y91.036
G1 F1500 X113.959 Y90.766 E1466.31278
G0 F9000 X113.959 Y90.201
G1 F1500 X114.795 Y91.036 E1466.35208
G0 F9000 X115.36 Y91.036
G1 F1500 X113.959 Y89.635 E1466.41798
G0 F9000 X113.959 Y89.069
G1 F1500 X115.926 Y91.036 E1466.5105
G0 F9000 X116.492 Y91.036
G1 F1500 X113.959 Y88.504 E1466.62962
G0 F9000 X113.959 Y87.938
G1 F1500 X117.057 Y91.036 E1466.77535
G0 F9000 X117.623 Y91.036
G1 F1500 X113.959 Y87.372 E1466.94769
G0 F9000 X113.959 Y86.807
G1 F1500 X118.189 Y91.036 E1467.14663
G0 F9000 X118.754 Y91.036
G1 F1500 X113.959 Y86.241 E1467.37217
G0 F9000 X113.959 Y85.675
G1 F1500 X119.32 Y91.036 E1467.62434
G0 F9000 X119.886 Y91.036
G1 F1500 X113.959 Y85.109 E1467.90313
G0 F9000 X113.959 Y84.544
G1 F1500 X120.451 Y91.036 E1468.20849
G0 F9000 X121.017 Y91.036
G1 F1500 X113.959 Y83.978 E1468.54048
G0 F9000 X113.959 Y83.412
G1 F1500 X121.04 Y90.493 E1468.87355
G0 F9000 X121.04 Y89.928
G1 F1500 X113.959 Y82.847 E1469.20661
G0 F9000 X113.959 Y82.281
G1 F1500 X121.04 Y89.362 E1469.53968
G0 F9000 X121.04 Y88.796
G1 F1500 X113.959 Y81.715 E1469.87275
G0 F9000 X113.959 Y81.15
G1 F1500 X121.04 Y88.231 E1470.20582
G0 F9000 X121.04 Y87.665
G1 F1500 X113.959 Y80.584 E1470.53889
G0 F9000 X113.959 Y80.018
G1 F1500 X121.04 Y87.099 E1470.87196
G0 F9000 X121.04 Y86.534
G1 F1500 X114.439 Y79.932 E1471.18247
G0 F9000 X115.005 Y79.932
G1 F1500 X121.04 Y85.968 E1471.46636
G0 F9000 X121.04 Y85.402
G1 F1500 X115.57 Y79.932 E1471.72365
G0 F9000 X116.136 Y79.932
G1 F1500 X121.04 Y84.837 E1471.95435
G0 F9000 X121.04 Y84.271
G1 F1500 X116.702 Y79.932 E1472.15842
G0 F9000 X117.267 Y79.932
G1 F1500 X121.04 Y83.705 E1472.33589
G0 F9000 X121.04 Y83.139
G1 F1500 X117.833 Y79.932 E1472.48673
G0 F9000 X118.399 Y79.932
G1 F1500 X121.04 Y82.574 E1472.61098
G0 F9000 X121.04 Y82.008
G1 F1500 X118.964 Y79.932 E1472.70863
G0 F9000 X119.53 Y79.932
G1 F1500 X121.04 Y81.442 E1472.77966
G0 F9000 X121.04 Y80.877
G1 F1500 X120.096 Y79.932 E1472.82408
G0 F9000 X120.661 Y79.932
G1 F1500 X121.04 Y80.311 E1472.84191
G0 F9000 X121.79 Y80.311
G1 F2700 E1467.84191
;MESH:batclipholder.stl
G0 F9000 X122.559 Y94.839
G0 X122.753 Y96.599
G0 X122.753 Y97.691
G0 X127.248 Y116.835
G0 X127.376 Y118.148
;TYPE:WALL-INNER
G1 F2700 E1472.84191
G1 F1229.5 X125.584 Y121.265 E1472.9878
G1 F1271.2 X123.793 Y124.382 E1473.12889
G0 F9000 X123.215 Y125.013
G0 X122.559 Y124.839
G0 X122.305 Y124.125
G1 F991.7 X122.3 Y122.996 E1473.18569
G0 F9000 X122.578 Y125.794
G1 F1694.9 X123.025 Y125.021 E1473.21197
G1 X122.752 Y124.95 E1473.22027
G1 X122.578 Y124.76 E1473.22786
G1 X122.578 Y125.794 E1473.25829
G0 F9000 X122.2 Y126.424
G1 F1500 X122.649 Y126.424 E1473.27323
G1 X123.336 Y125.235 E1473.3189
G1 F1388.9 X123.793 Y124.382 E1473.35366
G1 X123.091 Y124.649 E1473.38064
G1 F1500 X122.847 Y124.585 E1473.38903
G1 F1188.1 X122.305 Y124.125 E1473.41888
G1 F1075.3 X122.253 Y124.605 E1473.44128
G1 F1327.4 X122.201 Y125.085 E1473.45943
G1 F1500 X122.2 Y126.424 E1473.50396
G0 F9000 X122.48 Y126.146
G0 X122.038 Y122.559
G0 X117.5 Y121.596
G1 F1500 X121.6 Y121.596 E1473.64033
G1 X121.6 Y109.372 E1474.0469
G1 X113.4 Y109.372 E1474.31964
G1 X113.4 Y121.596 E1474.72621
G1 X117.5 Y121.596 E1474.86257
G0 F9000 X117.5 Y121.996
G1 F1500 X121.6 Y121.996 E1474.99894
G1 X122 Y122.129 E1475.01296
G1 X122 Y108.972 E1475.45056
G1 X113 Y108.972 E1475.74991
G1 X113 Y122.129 E1476.18751
G1 X113.4 Y121.996 E1476.20153
G1 X117.5 Y121.996 E1476.3379
G0 F9000 X117.5 Y122.396
G1 F1500 X121.6 Y122.396 E1476.47426
G1 X121.96 Y122.516 E1476.48688
G1 F1200 X122.3 Y122.996 E1476.51134
G1 X122.4 Y122.296 E1476.54074
G1 F1500 X122.4 Y108.572 E1476.9972
G1 X112.6 Y108.572 E1477.32315
G1 X112.6 Y122.296 E1477.77961
G1 F1200 X112.7 Y122.996 E1477.80901
G1 X113.04 Y122.516 E1477.83346
G1 F1500 X113.4 Y122.396 E1477.84609
G1 X117.5 Y122.396 E1477.98245
G0 F9000 X117.501 Y122.087
G0 X112.962 Y122.558
G0 X112.7 Y122.996
G1 F991.7 X112.695 Y124.125 E1478.03925
G0 F9000 X112.441 Y124.839
G0 X111.785 Y125.013
G0 X111.263 Y124.477
G1 F1239.7 X107.621 Y118.146 E1478.33319
G0 F9000 X111.785 Y125.013
G0 X112.422 Y125.799
G1 F1685.4 X112.422 Y124.76 E1478.36394
G1 X112.245 Y124.952 E1478.37167
G1 X111.973 Y125.021 E1478.37998
G1 X112.422 Y125.799 E1478.40657
G0 F9000 X112.8 Y126.424
G1 F1500 X112.8 Y125.089 E1478.45097
G1 F1327.4 X112.748 Y124.607 E1478.46919
G1 F1075.3 X112.695 Y124.125 E1478.49169
G1 F1188.1 X112.15 Y124.586 E1478.52167
G1 F1500 X111.902 Y124.649 E1478.53018
G1 F1373 X111.263 Y124.477 E1478.55422
G1 X111.658 Y125.23 E1478.58512
G1 F1500 X112.346 Y126.424 E1478.63095
G1 X112.8 Y126.424 E1478.64605
G1 F2700 E1473.64605
G0 F9000 X112.52 Y126.146
G0 X112.962 Y122.558
G0 X117.501 Y122.487
G0 X117.5 Y122.796
;TYPE:WALL-OUTER
G1 F2700 E1478.64605
G1 F1500 X121.6 Y122.796 E1478.78242
G1 X121.72 Y122.836 E1478.78663
G1 X121.8 Y122.996 E1478.79258
G1 X121.8 Y126.824 E1478.9199
G1 X122.88 Y126.824 E1478.95582
G1 X128.151 Y117.701 E1479.30626
G1 X127.117 Y117.7 E1479.34065
G1 X123.418 Y124.168 E1479.58847
G1 X123.193 Y124.262 E1479.59658
G1 X122.949 Y124.198 E1479.60497
G1 X122.802 Y124.039 E1479.61217
G1 X122.8 Y108.172 E1480.13991
G1 X112.2 Y108.172 E1480.49247
G1 X112.198 Y124.039 E1481.02021
G1 X112.05 Y124.198 E1481.02743
G1 X111.802 Y124.262 E1481.03595
G1 X111.598 Y124.197 E1481.04307
G1 X107.88 Y117.7 E1481.29204
G1 X106.848 Y117.7 E1481.32637
G1 X112.116 Y126.824 E1481.67678
G1 X113.2 Y126.824 E1481.71284
G1 X113.2 Y122.996 E1481.84016
G1 X113.28 Y122.836 E1481.84611
G1 X113.4 Y122.796 E1481.85031
G1 X117.5 Y122.796 E1481.98668
G0 F9000 X117.501 Y122.487
G0 X117.5 Y121.496
G0 X117.5 Y121.236
;TYPE:SKIN
G1 F1500 X113.76 Y121.236 E1482.11107
G1 X113.76 Y109.732 E1482.4937
G1 X121.24 Y109.732 E1482.74248
G1 X121.24 Y121.236 E1483.12511
G1 X117.5 Y121.236 E1483.2495
G0 F9000 X117.5 Y121.496
G0 X114.247 Y121.496
G0 X114.247 Y121.035
G1 F1500 X113.96 Y120.748 E1483.263
G0 F9000 X113.96 Y120.183
G1 F1500 X114.813 Y121.035 E1483.3031
G0 F9000 X115.379 Y121.035
G1 F1500 X113.96 Y119.617 E1483.36982
G0 F9000 X113.96 Y119.051
G1 F1500 X115.944 Y121.035 E1483.46314
G0 F9000 X116.51 Y121.035
G1 F1500 X113.96 Y118.486 E1483.58306
G0 F9000 X113.96 Y117.92
G1 F1500 X117.076 Y121.035 E1483.72961
G0 F9000 X117.641 Y121.035
G1 F1500 X113.96 Y117.354 E1483.90275
G0 F9000 X113.96 Y116.789
G1 F1500 X118.207 Y121.035 E1484.10249
G0 F9000 X118.773 Y121.035
G1 F1500 X113.96 Y116.223 E1484.32886
G0 F9000 X113.96 Y115.657
G1 F1500 X119.338 Y121.035 E1484.58182
G0 F9000 X119.904 Y121.035
G1 F1500 X113.96 Y115.092 E1484.86139
G0 F9000 X113.96 Y114.526
G1 F1500 X120.47 Y121.035 E1485.16757
G0 F9000 X121.035 Y121.035
G1 F1500 X113.96 Y113.96 E1485.50036
G0 F9000 X113.96 Y113.394
G1 F1500 X121.04 Y120.475 E1485.8334
G0 F9000 X121.04 Y119.909
G1 F1500 X113.96 Y112.829 E1486.16643
G0 F9000 X113.96 Y112.263
G1 F1500 X121.04 Y119.343 E1486.49945
G0 F9000 X121.04 Y118.778
G1 F1500 X113.96 Y111.697 E1486.83249
G0 F9000 X113.96 Y111.132
G1 F1500 X121.04 Y118.212 E1487.16551
G0 F9000 X121.04 Y117.646
G1 F1500 X113.96 Y110.566 E1487.49854
G0 F9000 X113.96 Y110
G1 F1500 X121.04 Y117.081 E1487.83158
G0 F9000 X121.04 Y116.515
G1 F1500 X114.458 Y109.932 E1488.1412
G0 F9000 X115.024 Y109.932
G1 F1500 X121.04 Y115.949 E1488.4242
G0 F9000 X121.04 Y115.384
G1 F1500 X115.589 Y109.932 E1488.68062
G0 F9000 X116.155 Y109.932
G1 F1500 X121.04 Y114.818 E1488.91042
G0 F9000 X121.04 Y114.252
G1 F1500 X116.721 Y109.932 E1489.1136
G0 F9000 X117.286 Y109.932
G1 F1500 X121.04 Y113.687 E1489.2902
G0 F9000 X121.04 Y113.121
G1 F1500 X117.852 Y109.932 E1489.44017
G0 F9000 X118.418 Y109.932
G1 F1500 X121.04 Y112.555 E1489.56353
G0 F9000 X121.04 Y111.989
G1 F1500 X118.983 Y109.932 E1489.66028
G0 F9000 X119.549 Y109.932
G1 F1500 X121.04 Y111.424 E1489.73044
G0 F9000 X121.04 Y110.858
G1 F1500 X120.115 Y109.932 E1489.77397
G0 F9000 X120.681 Y109.932
G1 F1500 X121.04 Y110.292 E1489.79088
G0 F9000 X121.79 Y110.292
G1 F2700 E1484.79088
;MESH:batclipholder.stl(3)
G0 F9000 X122.57 Y118.146
G0 X123.665 Y118.146
G0 X126.617 Y116.841
G0 X128.88 Y116.841
G0 X136.289 Y118.463
G0 X137.621 Y118.146
;TYPE:WALL-INNER
G1 F2700 E1489.79088
G1 F1239.7 X141.263 Y124.477 E1490.08482
G0 F9000 X141.785 Y125.013
G0 X142.441 Y124.839
G0 X142.695 Y124.125
G1 F991.7 X142.7 Y122.996 E1490.14162
G0 F9000 X142.422 Y125.799
G1 F1685.4 X142.422 Y124.76 E1490.17237
G1 X142.245 Y124.952 E1490.1801
G1 X141.973 Y125.021 E1490.18841
G1 X142.422 Y125.799 E1490.215
G0 F9000 X142.346 Y126.424
G1 F1500 X142.8 Y126.424 E1490.2301
G1 X142.8 Y125.089 E1490.2745
G1 F1327.4 X142.748 Y124.607 E1490.29272
G1 F1075.3 X142.695 Y124.125 E1490.31522
G1 F1188.1 X142.15 Y124.586 E1490.3452
G1 F1500 X141.902 Y124.649 E1490.35371
G1 F1373 X141.263 Y124.477 E1490.37775
G1 X141.658 Y125.23 E1490.40865
G1 F1500 X142.346 Y126.424 E1490.45448
G0 F9000 X142.517 Y126.13
G0 X142.962 Y122.558
G0 X146.454 Y121.596
G1 F1500 X151.6 Y121.596 E1490.62564
G1 X151.6 Y109.372 E1491.03221
G1 X143.4 Y109.372 E1491.30494
G1 X143.4 Y121.596 E1491.71152
G1 X146.454 Y121.596 E1491.81309
G0 F9000 X146.352 Y121.996
G1 F1500 X151.6 Y121.996 E1491.98764
G1 X152 Y122.129 E1492.00166
G1 X152 Y108.972 E1492.43927
G1 X143 Y108.972 E1492.73861
G1 X143 Y122.129 E1493.17621
G1 X143.4 Y121.996 E1493.19023
G1 X146.352 Y121.996 E1493.28841
G0 F9000 X146.25 Y122.396
G1 F1500 X151.6 Y122.396 E1493.46636
G1 X151.96 Y122.516 E1493.47898
G1 F1200 X152.3 Y122.996 E1493.50343
G1 X152.4 Y122.296 E1493.53283
G1 F1500 X152.4 Y108.572 E1493.98929
G1 X142.6 Y108.572 E1494.31524
G1 X142.6 Y122.296 E1494.7717
G1 F1200 X142.7 Y122.996 E1494.8011
G1 X143.04 Y122.516 E1494.82556
G1 F1500 X143.4 Y122.396 E1494.83818
G1 X146.25 Y122.396 E1494.93297
G0 F9000 X146.251 Y122.087
G0 X152.038 Y122.559
G0 X152.3 Y122.996
G1 F991.7 X152.305 Y124.125 E1494.98977
G0 F9000 X152.559 Y124.839
G0 X153.215 Y125.013
G0 X153.793 Y124.382
G1 F1271.2 X155.584 Y121.265 E1495.13086
G1 F1229.5 X157.376 Y118.148 E1495.27675
G0 F9000 X153.215 Y125.013
G0 X152.578 Y125.794
G1 F1694.9 X153.025 Y125.021 E1495.30303
G1 X152.752 Y124.95 E1495.31134
G1 X152.578 Y124.76 E1495.31892
G1 X152.578 Y125.794 E1495.34935
G0 F9000 X152.2 Y126.424
G1 F1500 X152.649 Y126.424 E1495.36429
G1 X153.336 Y125.235 E1495.40996
G1 F1388.9 X153.793 Y124.382 E1495.44472
G1 X153.091 Y124.649 E1495.4717
G1 F1500 X152.847 Y124.585 E1495.48009
G1 F1188.1 X152.305 Y124.125 E1495.50994
G1 F1075.3 X152.253 Y124.605 E1495.53234
G1 F1327.4 X152.201 Y125.085 E1495.55049
G1 F1500 X152.2 Y126.424 E1495.59502
G1 F2700 E1490.59502
G0 F9000 X152.48 Y126.146
G0 X152.038 Y122.559
G0 X146.149 Y122.487
G0 X146.148 Y122.796
;TYPE:WALL-OUTER
G1 F2700 E1495.59502
G1 F1500 X151.6 Y122.796 E1495.77636
G1 X151.72 Y122.836 E1495.78057
G1 X151.8 Y122.996 E1495.78652
G1 X151.8 Y126.824 E1495.91384
G1 X152.88 Y126.824 E1495.94976
G1 X158.151 Y117.701 E1496.30019
G1 X157.117 Y117.7 E1496.33458
G1 X153.418 Y124.168 E1496.58241
G1 X153.193 Y124.262 E1496.59052
G1 X152.949 Y124.198 E1496.59891
G1 X152.802 Y124.039 E1496.60611
G1 X152.8 Y108.172 E1497.13385
G1 X142.2 Y108.172 E1497.4864
G1 X142.198 Y124.039 E1498.01414
G1 X142.05 Y124.198 E1498.02137
G1 X141.802 Y124.262 E1498.02989
G1 X141.598 Y124.197 E1498.03701
G1 X137.88 Y117.7 E1498.28598
G1 X136.848 Y117.7 E1498.32031
G1 X142.116 Y126.824 E1498.67072
G1 X143.2 Y126.824 E1498.70678
G1 X143.2 Y122.996 E1498.8341
G1 X143.28 Y122.836 E1498.84005
G1 X143.4 Y122.796 E1498.84425
G1 X146.148 Y122.796 E1498.93565
G0 F9000 X146.149 Y122.487
G0 X146.546 Y121.496
G0 X146.546 Y121.236
;TYPE:SKIN
G1 F1500 X143.76 Y121.236 E1499.02831
G1 X143.76 Y109.732 E1499.41094
G1 X151.24 Y109.732 E1499.65972
G1 X151.24 Y121.236 E1500.04235
G1 X146.546 Y121.236 E1500.19847
G0 F9000 X146.546 Y121.496
G0 X143.572 Y121.424
G0 X143.5 Y120.767
G0 X143.96 Y120.767
G1 F1500 X144.229 Y121.035 E1500.2111
G0 F9000 X144.794 Y121.035
G1 F1500 X143.96 Y120.201 E1500.25033
G0 F9000 X143.96 Y119.635
G1 F1500 X145.36 Y121.035 E1500.31618
G0 F9000 X145.926 Y121.035
G1 F1500 X143.96 Y119.07 E1500.40863
G0 F9000 X143.96 Y118.504
G1 F1500 X146.491 Y121.035 E1500.52768
G0 F9000 X147.057 Y121.035
G1 F1500 X143.96 Y117.938 E1500.67336
G0 F9000 X143.96 Y117.373
G1 F1500 X147.623 Y121.035 E1500.84563
G0 F9000 X148.188 Y121.035
G1 F1500 X143.96 Y116.807 E1501.0445
G0 F9000 X143.96 Y116.241
G1 F1500 X148.754 Y121.035 E1501.27
G0 F9000 X149.32 Y121.035
G1 F1500 X143.96 Y115.676 E1501.52209
G0 F9000 X143.96 Y115.11
G1 F1500 X149.885 Y121.035 E1501.80078
G0 F9000 X150.451 Y121.035
G1 F1500 X143.96 Y114.544 E1502.1061
G0 F9000 X143.96 Y113.979
G1 F1500 X151.017 Y121.035 E1502.43802
G0 F9000 X151.04 Y120.493
G1 F1500 X143.96 Y113.413 E1502.77104
G0 F9000 X143.96 Y112.847
G1 F1500 X151.04 Y119.927 E1503.10406
G0 F9000 X151.04 Y119.362
G1 F1500 X143.96 Y112.281 E1503.43711
G0 F9000 X143.96 Y111.716
G1 F1500 X151.04 Y118.796 E1503.77013
G0 F9000 X151.04 Y118.23
G1 F1500 X143.96 Y111.15 E1504.10315
G0 F9000 X143.96 Y110.584
G1 F1500 X151.04 Y117.665 E1504.43619
G0 F9000 X151.04 Y117.099
G1 F1500 X143.96 Y110.019 E1504.76922
G0 F9000 X144.439 Y109.932
G1 F1500 X151.04 Y116.533 E1505.07971
G0 F9000 X151.04 Y115.968
G1 F1500 X145.005 Y109.932 E1505.3636
G0 F9000 X145.571 Y109.932
G1 F1500 X151.04 Y115.402 E1505.62087
G0 F9000 X151.04 Y114.836
G1 F1500 X146.136 Y109.932 E1505.85154
G0 F9000 X146.702 Y109.932
G1 F1500 X151.04 Y114.271 E1506.0556
G0 F9000 X151.04 Y113.705
G1 F1500 X147.268 Y109.932 E1506.23305
G0 F9000 X147.833 Y109.932
G1 F1500 X151.04 Y113.139 E1506.3839
G0 F9000 X151.04 Y112.574
G1 F1500 X148.399 Y109.932 E1506.50815
G0 F9000 X148.965 Y109.932
G1 F1500 X151.04 Y112.008 E1506.60577
G0 F9000 X151.04 Y111.442
G1 F1500 X149.53 Y109.932 E1506.6768
G0 F9000 X150.096 Y109.932
G1 F1500 X151.04 Y110.876 E1506.7212
G0 F9000 X151.04 Y110.311
G1 F1500 X150.662 Y109.932 E1506.739
G0 F9000 X150.662 Y109.184
G1 F2700 E1501.739
;MESH:batclipholder.stl(2)
G0 F9000 X152.578 Y108.404
G0 X152.578 Y107.309
G0 X152.578 Y97.691
G0 X152.578 Y96.596
G0 X152.578 Y95.794
;TYPE:WALL-INNER
G1 F2700 E1506.739
G1 F1694.9 X153.025 Y95.021 E1506.76529
G1 X152.752 Y94.95 E1506.77359
G1 X152.578 Y94.76 E1506.78118
G1 X152.578 Y95.794 E1506.81161
G0 F9000 X152.2 Y96.424
G1 F1500 X152.649 Y96.424 E1506.82654
G1 X153.336 Y95.235 E1506.87222
G1 F1388.9 X153.793 Y94.382 E1506.90698
G1 X153.091 Y94.649 E1506.93396
G1 F1500 X152.847 Y94.585 E1506.94235
G1 F1188.1 X152.305 Y94.125 E1506.9722
G1 F1075.3 X152.253 Y94.605 E1506.9946
G1 F1327.4 X152.201 Y95.085 E1507.01275
G1 F1500 X152.2 Y96.424 E1507.05728
G0 F9000 X152.48 Y96.146
G0 X152.305 Y94.125
G1 F991.7 X152.3 Y92.996 E1507.11408
G0 F9000 X152.559 Y94.839
G0 X153.215 Y95.013
G0 X153.793 Y94.382
G1 F1271.2 X155.584 Y91.265 E1507.25517
G1 F1229.5 X157.376 Y88.148 E1507.40106
G0 F9000 X153.215 Y95.013
G0 X152.559 Y94.839
G0 X151.8 Y90.059
G0 X151.682 Y91.678
G0 X146.667 Y91.596
G1 F1500 X151.6 Y91.596 E1507.56513
G1 X151.6 Y79.372 E1507.9717
G1 X143.4 Y79.372 E1508.24444
G1 X143.4 Y91.596 E1508.65101
G1 X146.667 Y91.596 E1508.75967
G0 F9000 X146.586 Y91.996
G1 F1500 X151.6 Y91.996 E1508.92643
G1 X152 Y92.129 E1508.94045
G1 X152 Y78.972 E1509.37806
G1 X143 Y78.972 E1509.6774
G1 X143 Y92.129 E1510.115
G1 X143.4 Y91.996 E1510.12902
G1 X146.586 Y91.996 E1510.23499
G0 F9000 X146.504 Y92.396
G1 F1500 X151.6 Y92.396 E1510.40448
G1 X151.96 Y92.516 E1510.41711
G1 F1200 X152.3 Y92.996 E1510.44156
G1 X152.4 Y92.296 E1510.47096
G1 F1500 X152.4 Y78.572 E1510.92742
G1 X142.6 Y78.572 E1511.25337
G1 X142.6 Y92.296 E1511.70983
G1 F1200 X142.7 Y92.996 E1511.73923
G1 X143.04 Y92.516 E1511.76369
G1 F1500 X143.4 Y92.396 E1511.77631
G1 X146.504 Y92.396 E1511.87955
G0 F9000 X146.505 Y92.087
G0 X142.962 Y92.558
G0 X142.7 Y92.996
G1 F991.7 X142.695 Y94.125 E1511.93634
G0 F9000 X142.441 Y94.839
G0 X141.785 Y95.013
G0 X141.263 Y94.477
G1 F1239.7 X137.621 Y88.146 E1512.23028
G0 F9000 X141.785 Y95.013
G0 X142.422 Y95.799
G1 F1685.4 X142.422 Y94.76 E1512.26104
G1 X142.245 Y94.952 E1512.26877
G1 X141.973 Y95.021 E1512.27708
G1 X142.422 Y95.799 E1512.30367
G0 F9000 X142.346 Y96.424
G1 F1500 X142.8 Y96.424 E1512.31877
G1 X142.8 Y95.089 E1512.36317
G1 F1327.4 X142.748 Y94.607 E1512.38139
G1 F1075.3 X142.695 Y94.125 E1512.40389
G1 F1188.1 X142.15 Y94.586 E1512.43386
G1 F1500 X141.902 Y94.649 E1512.44237
G1 F1373 X141.263 Y94.477 E1512.46642
G1 X141.658 Y95.23 E1512.49731
G1 F1500 X142.346 Y96.424 E1512.54315
G1 F2700 E1507.54315
G0 F9000 X142.517 Y96.13
G0 X142.962 Y92.558
G0 X146.424 Y92.487
G0 X146.423 Y92.796
;TYPE:WALL-OUTER
G1 F2700 E1512.54315
G1 F1500 X151.6 Y92.796 E1512.71534
G1 X151.72 Y92.836 E1512.71954
G1 X151.8 Y92.996 E1512.72549
G1 X151.8 Y96.824 E1512.85281
G1 X152.88 Y96.824 E1512.88873
G1 X158.151 Y87.701 E1513.23917
G1 X157.117 Y87.7 E1513.27356
G1 X153.418 Y94.168 E1513.52138
G1 X153.193 Y94.262 E1513.52949
G1 X152.949 Y94.198 E1513.53788
G1 X152.802 Y94.039 E1513.54509
G1 X152.8 Y78.172 E1514.07282
G1 X142.2 Y78.172 E1514.42538
G1 X142.198 Y94.039 E1514.95312
G1 X142.05 Y94.198 E1514.96035
G1 X141.802 Y94.262 E1514.96886
G1 X141.598 Y94.197 E1514.97599
G1 X137.88 Y87.7 E1515.22496
G1 X136.848 Y87.7 E1515.25928
G1 X142.116 Y96.824 E1515.6097
G1 X143.2 Y96.824 E1515.64575
G1 X143.2 Y92.996 E1515.77307
G1 X143.28 Y92.836 E1515.77902
G1 X143.4 Y92.796 E1515.78323
G1 X146.423 Y92.796 E1515.88377
G0 F9000 X146.424 Y92.487
G0 X146.74 Y91.496
G0 X146.74 Y91.236
;TYPE:SKIN
G1 F1500 X143.76 Y91.236 E1515.98289
G1 X143.76 Y79.732 E1516.36551
G1 X151.24 Y79.732 E1516.6143
G1 X151.24 Y91.236 E1516.99692
G1 X146.74 Y91.236 E1517.1466
G0 F9000 X146.74 Y91.496
G0 X144.21 Y91.496
G0 X144.21 Y91.036
G1 F1500 X143.96 Y90.785 E1517.15838
G0 F9000 X143.96 Y90.22
G1 F1500 X144.776 Y91.036 E1517.19676
G0 F9000 X145.342 Y91.036
G1 F1500 X143.96 Y89.654 E1517.26177
G0 F9000 X143.96 Y89.088
G1 F1500 X145.907 Y91.036 E1517.35337
G0 F9000 X146.473 Y91.036
G1 F1500 X143.96 Y88.523 E1517.47157
G0 F9000 X143.96 Y87.957
G1 F1500 X147.039 Y91.036 E1517.6164
G0 F9000 X147.604 Y91.036
G1 F1500 X143.96 Y87.391 E1517.78783
G0 F9000 X143.96 Y86.826
G1 F1500 X148.17 Y91.036 E1517.98585
G0 F9000 X148.736 Y91.036
G1 F1500 X143.96 Y86.26 E1518.2105
G0 F9000 X143.96 Y85.694
G1 F1500 X149.301 Y91.036 E1518.46175
G0 F9000 X149.867 Y91.036
G1 F1500 X143.96 Y85.129 E1518.7396
G0 F9000 X143.96 Y84.563
G1 F1500 X150.433 Y91.036 E1519.04407
G0 F9000 X150.998 Y91.036
G1 F1500 X143.96 Y83.997 E1519.37513
G0 F9000 X143.96 Y83.432
G1 F1500 X151.04 Y90.512 E1519.70816
G0 F9000 X151.04 Y89.946
G1 F1500 X143.96 Y82.866 E1520.04118
G0 F9000 X143.96 Y82.3
G1 F1500 X151.04 Y89.38 E1520.3742
G0 F9000 X151.04 Y88.815
G1 F1500 X143.96 Y81.734 E1520.70724
G0 F9000 X143.96 Y81.169
G1 F1500 X151.04 Y88.249 E1521.04027
G0 F9000 X151.04 Y87.683
G1 F1500 X143.96 Y80.603 E1521.37329
G0 F9000 X143.96 Y80.037
G1 F1500 X151.04 Y87.118 E1521.70633
G0 F9000 X151.04 Y86.552
G1 F1500 X144.42 Y79.932 E1522.01772
G0 F9000 X144.986 Y79.932
G1 F1500 X151.04 Y85.986 E1522.30248
G0 F9000 X151.04 Y85.421
G1 F1500 X145.552 Y79.932 E1522.56064
G0 F9000 X146.117 Y79.932
G1 F1500 X151.04 Y84.855 E1522.7922
G0 F9000 X151.04 Y84.289
G1 F1500 X146.683 Y79.932 E1522.99714
G0 F9000 X147.249 Y79.932
G1 F1500 X151.04 Y83.724 E1523.17548
G0 F9000 X151.04 Y83.158
G1 F1500 X147.814 Y79.932 E1523.32723
G0 F9000 X148.38 Y79.932
G1 F1500 X151.04 Y82.592 E1523.45234
G0 F9000 X151.04 Y82.027
G1 F1500 X148.946 Y79.932 E1523.55086
G0 F9000 X149.511 Y79.932
G1 F1500 X151.04 Y81.461 E1523.62278
G0 F9000 X151.04 Y80.895
G1 F1500 X150.077 Y79.932 E1523.66808
G0 F9000 X150.643 Y79.932
G1 F1500 X151.04 Y80.329 E1523.68675
G0 F9000 X151.79 Y80.329
G1 F2700 E1518.68675
;MESH:NONMESH
G0 F300 X151.79 Y80.329 Z6
G0 F9000 X151.428 Y79.544
G0 X143.572 Y79.544
G0 X142.43 Y88.146
G0 X141.335 Y88.146
G0 X138.383 Y86.841
G0 X136.12 Y86.841
G0 X128.712 Y88.462
G0 X107.621 Y88.146
;TIME_ELAPSED:2770.051165
;LAYER:29
;TYPE:WALL-INNER
;MESH:batclipholder.stl(1)
G1 F2700 E1523.68675
G1 F1239.7 X111.263 Y94.477 E1523.98069
G0 F9000 X111.785 Y95.013
G0 X112.441 Y94.839
G0 X112.695 Y94.125
G1 F991.7 X112.7 Y92.96 E1524.0393
G0 F9000 X112.422 Y95.799
G1 F1685.4 X112.422 Y94.76 E1524.07006
G1 X112.245 Y94.952 E1524.07779
G1 X111.973 Y95.021 E1524.08609
G1 X112.422 Y95.799 E1524.11268
G0 F9000 X112.8 Y96.424
G1 F1500 X112.8 Y95.089 E1524.15708
G1 F1327.4 X112.748 Y94.607 E1524.1753
G1 F1075.3 X112.695 Y94.125 E1524.1978
G1 F1188.1 X112.15 Y94.586 E1524.22778
G1 F1500 X111.902 Y94.649 E1524.23629
G1 F1373 X111.263 Y94.477 E1524.26033
G1 X111.658 Y95.23 E1524.29123
G1 F1500 X112.346 Y96.424 E1524.33707
G1 X112.8 Y96.424 E1524.35217
G0 F9000 X112.52 Y96.146
G0 X112.962 Y92.525
G0 X117.5 Y91.562
G1 F1500 X121.601 Y91.565 E1524.48856
G1 X121.6 Y79.372 E1524.89411
G1 X113.4 Y79.372 E1525.16684
G1 X113.401 Y91.559 E1525.57218
G1 X117.5 Y91.562 E1525.70851
G0 F9000 X117.5 Y91.962
G1 F1500 X121.601 Y91.964 E1525.84491
G1 X122 Y92.097 E1525.8589
G1 X122 Y78.972 E1526.29544
G1 X113 Y78.972 E1526.59478
G1 X113 Y92.093 E1527.03119
G1 X113.401 Y91.96 E1527.04524
G1 X117.5 Y91.962 E1527.18157
G0 F9000 X117.5 Y92.362
G1 F1500 X121.601 Y92.364 E1527.31797
G1 X121.96 Y92.484 E1527.33056
G1 F1200 X122.3 Y92.964 E1527.35502
G1 X122.4 Y92.264 E1527.38442
G1 F1500 X122.4 Y78.572 E1527.83981
G1 X112.6 Y78.572 E1528.16576
G1 X112.6 Y92.259 E1528.621
G1 F1200 X112.7 Y92.96 E1528.65043
G1 X113.04 Y92.479 E1528.67492
G1 F1500 X113.401 Y92.36 E1528.68757
G1 X117.5 Y92.362 E1528.8239
G0 F9000 X117.501 Y92.054
G0 X122.038 Y92.526
G0 X122.3 Y92.964
G1 F991.7 X122.305 Y94.125 E1528.88231
G0 F9000 X122.559 Y94.839
G0 X123.215 Y95.013
G0 X123.793 Y94.382
G1 F1271.2 X125.584 Y91.265 E1529.02339
G1 F1229.5 X127.376 Y88.148 E1529.16929
G0 F9000 X123.215 Y95.013
G0 X122.578 Y95.794
G1 F1694.9 X123.025 Y95.021 E1529.19557
G1 X122.752 Y94.95 E1529.20387
G1 X122.578 Y94.76 E1529.21146
G1 X122.578 Y95.794 E1529.24189
G0 F9000 X122.2 Y96.424
G1 F1500 X122.649 Y96.424 E1529.25683
G1 X123.336 Y95.235 E1529.3025
G1 F1388.9 X123.793 Y94.382 E1529.33726
G1 X123.091 Y94.649 E1529.36424
G1 F1500 X122.847 Y94.585 E1529.37263
G1 F1188.1 X122.305 Y94.125 E1529.40248
G1 F1075.3 X122.253 Y94.605 E1529.42488
G1 F1327.4 X122.201 Y95.085 E1529.44303
G1 F1500 X122.2 Y96.424 E1529.48756
G1 F2700 E1524.48756
G0 F9000 X122.48 Y96.146
G0 X122.038 Y92.526
G0 X117.501 Y92.454
G0 X117.5 Y92.762
;TYPE:WALL-OUTER
G1 F2700 E1529.48756
G1 F1500 X121.601 Y92.764 E1529.62396
G1 X121.72 Y92.804 E1529.62814
G1 X121.8 Y92.964 E1529.63409
G1 X121.8 Y96.824 E1529.76247
G1 X122.88 Y96.824 E1529.79839
G1 X128.151 Y87.701 E1530.14883
G1 X127.117 Y87.7 E1530.18322
G1 X123.418 Y94.168 E1530.43104
G1 X123.193 Y94.262 E1530.43915
G1 X122.949 Y94.198 E1530.44754
G1 X122.802 Y94.039 E1530.45475
G1 X122.8 Y78.172 E1530.98248
G1 X112.2 Y78.172 E1531.33504
G1 X112.198 Y94.039 E1531.86278
G1 X112.05 Y94.198 E1531.87001
G1 X111.802 Y94.262 E1531.87852
G1 X111.598 Y94.197 E1531.88564
G1 X107.88 Y87.7 E1532.13462
G1 X106.848 Y87.7 E1532.16894
G1 X112.116 Y96.824 E1532.51936
G1 X113.2 Y96.824 E1532.55541
G1 X113.2 Y92.96 E1532.68393
G1 X113.28 Y92.799 E1532.68991
G1 X113.401 Y92.76 E1532.69414
G1 X117.5 Y92.762 E1532.83047
G0 F9000 X117.501 Y92.454
G0 X117.499 Y91.461
G0 X117.5 Y91.2
;TYPE:SKIN
G1 F1500 X113.76 Y91.2 E1532.95486
G1 X113.76 Y79.732 E1533.33629
G1 X121.24 Y79.732 E1533.58508
G1 X121.24 Y91.2 E1533.9665
G1 X117.5 Y91.2 E1534.0909
G0 F9000 X117.499 Y91.461
G0 X120.565 Y91.462
G0 X120.566 Y91
G1 F1500 X121.04 Y90.527 E1534.11317
G0 F9000 X121.04 Y89.961
G1 F1500 X120 Y91 E1534.16206
G0 F9000 X119.435 Y91
G1 F1500 X121.04 Y89.395 E1534.23756
G0 F9000 X121.04 Y88.83
G1 F1500 X118.869 Y91 E1534.33965
G0 F9000 X118.303 Y91
G1 F1500 X121.04 Y88.264 E1534.46837
G0 F9000 X121.04 Y87.698
G1 F1500 X117.738 Y91 E1534.62368
G0 F9000 X117.172 Y91
G1 F1500 X121.04 Y87.133 E1534.8056
G0 F9000 X121.04 Y86.567
G1 F1500 X116.606 Y91 E1535.01414
G0 F9000 X116.04 Y91
G1 F1500 X121.04 Y86.001 E1535.2493
G0 F9000 X121.04 Y85.435
G1 F1500 X115.475 Y91 E1535.51106
G0 F9000 X114.909 Y91
G1 F1500 X121.04 Y84.87 E1535.79942
G0 F9000 X121.04 Y84.304
G1 F1500 X114.343 Y91 E1536.1144
G0 F9000 X113.96 Y90.818
G1 F1500 X121.04 Y83.738 E1536.44742
G0 F9000 X121.04 Y83.173
G1 F1500 X113.96 Y90.252 E1536.78042
G0 F9000 X113.96 Y89.687
G1 F1500 X121.04 Y82.607 E1537.11344
G0 F9000 X121.04 Y82.041
G1 F1500 X113.96 Y89.121 E1537.44646
G0 F9000 X113.96 Y88.555
G1 F1500 X121.04 Y81.476 E1537.77946
G0 F9000 X121.04 Y80.91
G1 F1500 X113.96 Y87.99 E1538.11248
G0 F9000 X113.96 Y87.424
G1 F1500 X121.04 Y80.344 E1538.44551
G0 F9000 X120.886 Y79.932
G1 F1500 X113.96 Y86.858 E1538.77128
G0 F9000 X113.96 Y86.292
G1 F1500 X120.321 Y79.932 E1539.07046
G0 F9000 X119.755 Y79.932
G1 F1500 X113.96 Y85.727 E1539.34304
G0 F9000 X113.96 Y85.161
G1 F1500 X119.189 Y79.932 E1539.589
G0 F9000 X118.624 Y79.932
G1 F1500 X113.96 Y84.595 E1539.80835
G0 F9000 X113.96 Y84.03
G1 F1500 X118.058 Y79.932 E1540.00111
G0 F9000 X117.492 Y79.932
G1 F1500 X113.96 Y83.464 E1540.16725
G0 F9000 X113.96 Y82.898
G1 F1500 X116.926 Y79.932 E1540.30676
G0 F9000 X116.361 Y79.932
G1 F1500 X113.96 Y82.333 E1540.41969
G0 F9000 X113.96 Y81.767
G1 F1500 X115.795 Y79.932 E1540.50601
G0 F9000 X115.229 Y79.932
G1 F1500 X113.96 Y81.201 E1540.5657
G0 F9000 X113.96 Y80.636
G1 F1500 X114.664 Y79.932 E1540.59881
G0 F9000 X114.098 Y79.932
G1 F1500 X113.96 Y80.07 E1540.6053
G0 F9000 X113.21 Y80.07
G1 F2700 E1535.6053
;MESH:batclipholder.stl
G0 F9000 X112.441 Y94.839
G0 X112.247 Y96.599
G0 X112.247 Y97.691
G0 X107.752 Y116.835
G0 X107.621 Y118.146
;TYPE:WALL-INNER
G1 F2700 E1540.6053
G1 F1239.7 X111.263 Y124.477 E1540.89924
G0 F9000 X111.785 Y125.013
G0 X112.441 Y124.839
G0 X112.695 Y124.125
G1 F991.7 X112.7 Y122.96 E1540.95785
G0 F9000 X112.422 Y125.799
G1 F1685.4 X112.422 Y124.76 E1540.9886
G1 X112.245 Y124.952 E1540.99633
G1 X111.973 Y125.021 E1541.00464
G1 X112.422 Y125.799 E1541.03123
G0 F9000 X112.8 Y126.424
G1 F1500 X112.8 Y125.089 E1541.07563
G1 F1327.4 X112.748 Y124.607 E1541.09385
G1 F1075.3 X112.695 Y124.125 E1541.11635
G1 F1188.1 X112.15 Y124.586 E1541.14633
G1 F1500 X111.902 Y124.649 E1541.15484
G1 F1373 X111.263 Y124.477 E1541.17888
G1 X111.658 Y125.23 E1541.20978
G1 F1500 X112.346 Y126.424 E1541.25561
G1 X112.8 Y126.424 E1541.27071
G0 F9000 X112.52 Y126.146
G0 X112.962 Y122.525
G0 X117.5 Y121.562
G1 F1500 X121.601 Y121.565 E1541.40711
G1 X121.6 Y109.372 E1541.81265
G1 X113.4 Y109.372 E1542.08539
G1 X113.401 Y121.559 E1542.49073
G1 X117.5 Y121.562 E1542.62706
G0 F9000 X117.5 Y121.962
G1 F1500 X121.601 Y121.964 E1542.76346
G1 X122 Y122.097 E1542.77745
G1 X122 Y108.972 E1543.21399
G1 X113 Y108.972 E1543.51333
G1 X113 Y122.093 E1543.94974
G1 X113.401 Y121.96 E1543.96379
G1 X117.5 Y121.962 E1544.10012
G0 F9000 X117.5 Y122.362
G1 F1500 X121.601 Y122.364 E1544.23652
G1 X121.96 Y122.484 E1544.24911
G1 F1200 X122.3 Y122.964 E1544.27357
G1 X122.4 Y122.264 E1544.30297
G1 F1500 X122.4 Y108.572 E1544.75836
G1 X112.6 Y108.572 E1545.08431
G1 X112.6 Y122.259 E1545.53954
G1 F1200 X112.7 Y122.96 E1545.56898
G1 X113.04 Y122.479 E1545.59347
G1 F1500 X113.401 Y122.36 E1545.60611
G1 X117.5 Y122.362 E1545.74245
G0 F9000 X117.501 Y122.054
G0 X122.038 Y122.526
G0 X122.3 Y122.964
G1 F991.7 X122.305 Y124.125 E1545.80085
G0 F9000 X122.559 Y124.839
G0 X123.215 Y125.013
G0 X123.793 Y124.382
G1 F1271.2 X125.584 Y121.265 E1545.94194
G1 F1229.5 X127.376 Y118.148 E1546.08783
G0 F9000 X123.215 Y125.013
G0 X122.578 Y125.794
G1 F1694.9 X123.025 Y125.021 E1546.11412
G1 X122.752 Y124.95 E1546.12242
G1 X122.578 Y124.76 E1546.13001
G1 X122.578 Y125.794 E1546.16044
G0 F9000 X122.2 Y126.424
G1 F1500 X122.649 Y126.424 E1546.17538
G1 X123.336 Y125.235 E1546.22105
G1 F1388.9 X123.793 Y124.382 E1546.25581
G1 X123.091 Y124.649 E1546.28279
G1 F1500 X122.847 Y124.585 E1546.29118
G1 F1188.1 X122.305 Y124.125 E1546.32103
G1 F1075.3 X122.253 Y124.605 E1546.34343
G1 F1327.4 X122.201 Y125.085 E1546.36158
G1 F1500 X122.2 Y126.424 E1546.40611
G1 F2700 E1541.40611
G0 F9000 X122.48 Y126.146
G0 X122.038 Y122.526
G0 X117.501 Y122.454
G0 X117.5 Y122.762
;TYPE:WALL-OUTER
G1 F2700 E1546.40611
G1 F1500 X121.601 Y122.764 E1546.54251
G1 X121.72 Y122.804 E1546.54669
G1 X121.8 Y122.964 E1546.55264
G1 X121.8 Y126.824 E1546.68102
G1 X122.88 Y126.824 E1546.71694
G1 X128.151 Y117.701 E1547.06738
G1 X127.117 Y117.7 E1547.10177
G1 X123.418 Y124.168 E1547.34959
G1 X123.193 Y124.262 E1547.3577
G1 X122.949 Y124.198 E1547.36609
G1 X122.802 Y124.039 E1547.37329
G1 X122.8 Y108.172 E1547.90103
G1 X112.2 Y108.172 E1548.25359
G1 X112.198 Y124.039 E1548.78133
G1 X112.05 Y124.198 E1548.78855
G1 X111.802 Y124.262 E1548.79707
G1 X111.598 Y124.197 E1548.80419
G1 X107.88 Y117.7 E1549.05317
G1 X106.848 Y117.7 E1549.08749
G1 X112.116 Y126.824 E1549.43791
G1 X113.2 Y126.824 E1549.47396
G1 X113.2 Y122.96 E1549.60248
G1 X113.28 Y122.799 E1549.60846
G1 X113.401 Y122.76 E1549.61269
G1 X117.5 Y122.762 E1549.74902
G0 F9000 X117.501 Y122.454
G0 X117.499 Y121.461
G0 X117.5 Y121.2
;TYPE:SKIN
G1 F1500 X113.76 Y121.2 E1549.87341
G1 X113.76 Y109.732 E1550.25484
G1 X121.24 Y109.732 E1550.50362
G1 X121.24 Y121.2 E1550.88505
G1 X117.5 Y121.2 E1551.00945
G0 F9000 X117.499 Y121.461
G0 X120.547 Y121.462
G0 X120.548 Y121
G1 F1500 X121.04 Y120.508 E1551.03259
G0 F9000 X121.04 Y119.942
G1 F1500 X119.982 Y121 E1551.08235
G0 F9000 X119.416 Y121
G1 F1500 X121.04 Y119.377 E1551.15872
G0 F9000 X121.04 Y118.811
G1 F1500 X118.851 Y121 E1551.26168
G0 F9000 X118.285 Y121
G1 F1500 X121.04 Y118.245 E1551.39127
G0 F9000 X121.04 Y117.68
G1 F1500 X117.719 Y121 E1551.54745
G0 F9000 X117.153 Y121
G1 F1500 X121.04 Y117.114 E1551.73026
G0 F9000 X121.04 Y116.548
G1 F1500 X116.588 Y121 E1551.93967
G0 F9000 X116.022 Y121
G1 F1500 X121.04 Y115.982 E1552.1757
G0 F9000 X121.04 Y115.417
G1 F1500 X115.456 Y121 E1552.43833
G0 F9000 X114.891 Y121
G1 F1500 X121.04 Y114.851 E1552.72756
G0 F9000 X121.04 Y114.285
G1 F1500 X114.325 Y121 E1553.04342
G0 F9000 X113.96 Y120.799
G1 F1500 X121.04 Y113.72 E1553.37641
G0 F9000 X121.04 Y113.154
G1 F1500 X113.96 Y120.234 E1553.70944
G0 F9000 X113.96 Y119.668
G1 F1500 X121.04 Y112.588 E1554.04246
G0 F9000 X121.04 Y112.023
G1 F1500 X113.96 Y119.102 E1554.37546
G0 F9000 X113.96 Y118.537
G1 F1500 X121.04 Y111.457 E1554.70848
G0 F9000 X121.04 Y110.891
G1 F1500 X113.96 Y117.971 E1555.0415
G0 F9000 X113.96 Y117.405
G1 F1500 X121.04 Y110.326 E1555.3745
G0 F9000 X120.868 Y109.932
G1 F1500 X113.96 Y116.839 E1555.6994
G0 F9000 X113.96 Y116.274
G1 F1500 X120.302 Y109.932 E1555.99771
G0 F9000 X119.737 Y109.932
G1 F1500 X113.96 Y115.708 E1556.26942
G0 F9000 X113.96 Y115.142
G1 F1500 X119.171 Y109.932 E1556.51451
G0 F9000 X118.605 Y109.932
G1 F1500 X113.96 Y114.577 E1556.73299
G0 F9000 X113.96 Y114.011
G1 F1500 X118.039 Y109.932 E1556.92486
G0 F9000 X117.474 Y109.932
G1 F1500 X113.96 Y113.445 E1557.09012
G0 F9000 X113.96 Y112.88
G1 F1500 X116.908 Y109.932 E1557.22879
G0 F9000 X116.342 Y109.932
G1 F1500 X113.96 Y112.314 E1557.34083
G0 F9000 X113.96 Y111.748
G1 F1500 X115.777 Y109.932 E1557.42627
G0 F9000 X115.211 Y109.932
G1 F1500 X113.96 Y111.183 E1557.48511
G0 F9000 X113.96 Y110.617
G1 F1500 X114.645 Y109.932 E1557.51733
G0 F9000 X114.08 Y109.932
G1 F1500 X113.96 Y110.051 E1557.52296
G0 F9000 X113.21 Y110.051
G1 F2700 E1552.52296
;MESH:batclipholder.stl(3)
G0 F9000 X113.572 Y109.544
G0 X121.428 Y109.544
G0 X122.57 Y118.146
G0 X123.665 Y118.146
G0 X126.617 Y116.841
G0 X128.88 Y116.841
G0 X136.289 Y118.463
G0 X137.621 Y118.146
;TYPE:WALL-INNER
G1 F2700 E1557.52296
G1 F1239.7 X141.263 Y124.477 E1557.8169
G0 F9000 X141.785 Y125.013
G0 X142.441 Y124.839
G0 X142.695 Y124.125
G1 F991.7 X142.7 Y122.96 E1557.8755
G0 F9000 X142.422 Y125.799
G1 F1685.4 X142.422 Y124.76 E1557.90626
G1 X142.245 Y124.952 E1557.91399
G1 X141.973 Y125.021 E1557.9223
G1 X142.422 Y125.799 E1557.94889
G0 F9000 X142.346 Y126.424
G1 F1500 X142.8 Y126.424 E1557.96399
G1 X142.8 Y125.089 E1558.00839
G1 F1327.4 X142.748 Y124.607 E1558.02661
G1 F1075.3 X142.695 Y124.125 E1558.04911
G1 F1188.1 X142.15 Y124.586 E1558.07908
G1 F1500 X141.902 Y124.649 E1558.08759
G1 F1373 X141.263 Y124.477 E1558.11164
G1 X141.658 Y125.23 E1558.14253
G1 F1500 X142.346 Y126.424 E1558.18837
G0 F9000 X142.517 Y126.13
G0 X142.962 Y122.525
G0 X146.463 Y121.561
G1 F1500 X151.601 Y121.565 E1558.35926
G1 X151.6 Y109.372 E1558.7648
G1 X143.4 Y109.372 E1559.03753
G1 X143.401 Y121.559 E1559.44287
G1 X146.463 Y121.561 E1559.54472
G0 F9000 X146.361 Y121.961
G1 F1500 X151.601 Y121.964 E1559.719
G1 X152 Y122.097 E1559.73299
G1 X152 Y108.972 E1560.16953
G1 X143 Y108.972 E1560.46887
G1 X143 Y122.093 E1560.90528
G1 X143.401 Y121.96 E1560.91933
G1 X146.361 Y121.961 E1561.01778
G0 F9000 X146.259 Y122.361
G1 F1500 X151.601 Y122.364 E1561.19545
G1 X151.96 Y122.484 E1561.20804
G1 F1200 X152.3 Y122.964 E1561.2325
G1 X152.4 Y122.264 E1561.2619
G1 F1500 X152.4 Y108.572 E1561.71729
G1 X142.6 Y108.572 E1562.04324
G1 X142.6 Y122.259 E1562.49847
G1 F1200 X142.7 Y122.96 E1562.52791
G1 X143.04 Y122.479 E1562.5524
G1 F1500 X143.401 Y122.36 E1562.56505
G1 X146.259 Y122.361 E1562.6601
G0 F9000 X146.26 Y122.054
G0 X152.038 Y122.526
G0 X152.3 Y122.964
G1 F991.7 X152.305 Y124.125 E1562.71851
G0 F9000 X152.559 Y124.839
G0 X153.215 Y125.013
G0 X153.793 Y124.382
G1 F1271.2 X155.584 Y121.265 E1562.8596
G1 F1229.5 X157.376 Y118.148 E1563.00549
G0 F9000 X153.215 Y125.013
G0 X152.578 Y125.794
G1 F1694.9 X153.025 Y125.021 E1563.03177
G1 X152.752 Y124.95 E1563.04008
G1 X152.578 Y124.76 E1563.04766
G1 X152.578 Y125.794 E1563.0781
G0 F9000 X152.2 Y126.424
G1 F1500 X152.649 Y126.424 E1563.09303
G1 X153.336 Y125.235 E1563.1387
G1 F1388.9 X153.793 Y124.382 E1563.17346
G1 X153.091 Y124.649 E1563.20044
G1 F1500 X152.847 Y124.585 E1563.20883
G1 F1188.1 X152.305 Y124.125 E1563.23868
G1 F1075.3 X152.253 Y124.605 E1563.26109
G1 F1327.4 X152.201 Y125.085 E1563.27923
G1 F1500 X152.2 Y126.424 E1563.32377
G1 F2700 E1558.32377
G0 F9000 X152.48 Y126.146
G0 X152.038 Y122.526
G0 X146.158 Y122.454
G0 X146.157 Y122.761
;TYPE:WALL-OUTER
G1 F2700 E1563.32377
G1 F1500 X151.601 Y122.764 E1563.50483
G1 X151.72 Y122.804 E1563.50901
G1 X151.8 Y122.964 E1563.51496
G1 X151.8 Y126.824 E1563.64334
G1 X152.88 Y126.824 E1563.67926
G1 X158.151 Y117.701 E1564.0297
G1 X157.117 Y117.7 E1564.06409
G1 X153.418 Y124.168 E1564.31191
G1 X153.193 Y124.262 E1564.32003
G1 X152.949 Y124.198 E1564.32842
G1 X152.802 Y124.039 E1564.33562
G1 X152.8 Y108.172 E1564.86336
G1 X142.2 Y108.172 E1565.21591
G1 X142.198 Y124.039 E1565.74365
G1 X142.05 Y124.198 E1565.75088
G1 X141.802 Y124.262 E1565.7594
G1 X141.598 Y124.197 E1565.76652
G1 X137.88 Y117.7 E1566.01549
G1 X136.848 Y117.7 E1566.04981
G1 X142.116 Y126.824 E1566.40023
G1 X143.2 Y126.824 E1566.43628
G1 X143.2 Y122.96 E1566.5648
G1 X143.28 Y122.799 E1566.57078
G1 X143.401 Y122.76 E1566.57501
G1 X146.157 Y122.761 E1566.66667
G0 F9000 X146.158 Y122.454
G0 X146.554 Y121.461
G0 X146.555 Y121.2
;TYPE:SKIN
G1 F1500 X143.76 Y121.2 E1566.75964
G1 X143.76 Y109.732 E1567.14106
G1 X151.24 Y109.732 E1567.38985
G1 X151.24 Y121.2 E1567.77128
G1 X146.555 Y121.2 E1567.9271
G0 F9000 X146.554 Y121.461
G0 X150.528 Y121.462
G0 X150.529 Y121
G1 F1500 X151.039 Y120.49 E1567.95109
G0 F9000 X151.039 Y119.924
G1 F1500 X149.963 Y121 E1568.0017
G0 F9000 X149.398 Y121
G1 F1500 X151.039 Y119.358 E1568.07891
G0 F9000 X151.039 Y118.793
G1 F1500 X148.832 Y121 E1568.18272
G0 F9000 X148.266 Y121
G1 F1500 X151.039 Y118.227 E1568.31316
G0 F9000 X151.039 Y117.661
G1 F1500 X147.7 Y121 E1568.47021
G0 F9000 X147.135 Y121
G1 F1500 X151.039 Y117.095 E1568.65387
G0 F9000 X151.039 Y116.53
G1 F1500 X146.569 Y121 E1568.86412
G0 F9000 X146.003 Y121
G1 F1500 X151.039 Y115.964 E1569.101
G0 F9000 X151.039 Y115.398
G1 F1500 X145.438 Y121 E1569.36448
G0 F9000 X144.872 Y121
G1 F1500 X151.039 Y114.833 E1569.65455
G0 F9000 X151.039 Y114.267
G1 F1500 X144.306 Y121 E1569.97125
G0 F9000 X143.96 Y120.781
G1 F1500 X151.039 Y113.701 E1570.30425
G0 F9000 X151.039 Y113.136
G1 F1500 X143.96 Y120.215 E1570.63723
G0 F9000 X143.96 Y119.65
G1 F1500 X151.039 Y112.57 E1570.97022
G0 F9000 X151.039 Y112.004
G1 F1500 X143.96 Y119.084 E1571.30322
G0 F9000 X143.96 Y118.518
G1 F1500 X151.039 Y111.439 E1571.6362
G0 F9000 X151.039 Y110.873
G1 F1500 X143.96 Y117.952 E1571.96917
G0 F9000 X143.96 Y117.387
G1 F1500 X151.039 Y110.307 E1572.30217
G0 F9000 X150.849 Y109.932
G1 F1500 X143.96 Y116.821 E1572.62621
G0 F9000 X143.96 Y116.255
G1 F1500 X150.284 Y109.932 E1572.92365
G0 F9000 X149.718 Y109.932
G1 F1500 X143.96 Y115.69 E1573.19448
G0 F9000 X143.96 Y115.124
G1 F1500 X149.152 Y109.932 E1573.4387
G0 F9000 X148.586 Y109.932
G1 F1500 X143.96 Y114.558 E1573.65629
G0 F9000 X143.96 Y113.993
G1 F1500 X148.021 Y109.932 E1573.84731
G0 F9000 X147.455 Y109.932
G1 F1500 X143.96 Y113.427 E1574.0117
G0 F9000 X143.96 Y112.861
G1 F1500 X146.889 Y109.932 E1574.14947
G0 F9000 X146.324 Y109.932
G1 F1500 X143.96 Y112.296 E1574.26067
G0 F9000 X143.96 Y111.73
G1 F1500 X145.758 Y109.932 E1574.34524
G0 F9000 X145.192 Y109.932
G1 F1500 X143.96 Y111.164 E1574.40319
G0 F9000 X143.96 Y110.599
G1 F1500 X144.627 Y109.932 E1574.43457
G0 F9000 X144.061 Y109.932
G1 F1500 X143.96 Y110.033 E1574.43932
G0 F9000 X143.21 Y110.033
G1 F2700 E1569.43932
;MESH:batclipholder.stl(2)
G0 F9000 X142.422 Y108.404
G0 X142.422 Y107.309
G0 X142.422 Y97.691
G0 X142.422 Y96.596
G0 X142.422 Y95.799
;TYPE:WALL-INNER
G1 F2700 E1574.43932
G1 F1685.4 X142.422 Y94.76 E1574.47007
G1 X142.245 Y94.952 E1574.4778
G1 X141.973 Y95.021 E1574.48611
G1 X142.422 Y95.799 E1574.5127
G0 F9000 X142.346 Y96.424
G1 F1500 X142.8 Y96.424 E1574.5278
G1 X142.8 Y95.089 E1574.5722
G1 F1327.4 X142.748 Y94.607 E1574.59042
G1 F1075.3 X142.695 Y94.125 E1574.61292
G1 F1188.1 X142.15 Y94.586 E1574.64289
G1 F1500 X141.902 Y94.649 E1574.65141
G1 F1373 X141.263 Y94.477 E1574.67545
G1 X141.658 Y95.23 E1574.70635
G1 F1500 X142.346 Y96.424 E1574.75218
G0 F9000 X142.517 Y96.13
G0 X141.263 Y94.477
G1 F1239.7 X137.621 Y88.146 E1575.04612
G0 F9000 X141.785 Y95.013
G0 X142.441 Y94.839
G0 X142.7 Y92.96
G1 F991.7 X142.695 Y94.125 E1575.10473
G0 F9000 X142.962 Y92.525
G0 X146.674 Y91.561
G1 F1500 X151.601 Y91.565 E1575.2686
G1 X151.6 Y79.372 E1575.67414
G1 X143.4 Y79.372 E1575.94688
G1 X143.401 Y91.559 E1576.35222
G1 X146.674 Y91.561 E1576.46108
G0 F9000 X146.593 Y91.962
G1 F1500 X151.601 Y91.964 E1576.62764
G1 X152 Y92.097 E1576.64163
G1 X152 Y78.972 E1577.07817
G1 X143 Y78.972 E1577.37751
G1 X143 Y92.093 E1577.81392
G1 X143.401 Y91.96 E1577.82797
G1 X146.593 Y91.962 E1577.93414
G0 F9000 X146.511 Y92.362
G1 F1500 X151.601 Y92.364 E1578.10343
G1 X151.96 Y92.484 E1578.11602
G1 F1200 X152.3 Y92.964 E1578.14048
G1 X152.4 Y92.264 E1578.16988
G1 F1500 X152.4 Y78.572 E1578.62527
G1 X142.6 Y78.572 E1578.95122
G1 X142.6 Y92.259 E1579.40645
G1 F1200 X142.7 Y92.96 E1579.43589
G1 X143.04 Y92.479 E1579.46038
G1 F1500 X143.401 Y92.36 E1579.47302
G1 X146.511 Y92.362 E1579.57646
G0 F9000 X146.512 Y92.054
G0 X152.038 Y92.526
G0 X152.3 Y92.964
G1 F991.7 X152.305 Y94.125 E1579.63487
G0 F9000 X152.559 Y94.839
G0 X153.215 Y95.013
G0 X153.793 Y94.382
G1 F1271.2 X155.584 Y91.265 E1579.77596
G1 F1229.5 X157.376 Y88.148 E1579.92185
G0 F9000 X153.215 Y95.013
G0 X152.578 Y95.794
G1 F1694.9 X153.025 Y95.021 E1579.94813
G1 X152.752 Y94.95 E1579.95644
G1 X152.578 Y94.76 E1579.96402
G1 X152.578 Y95.794 E1579.99446
G0 F9000 X152.2 Y96.424
G1 F1500 X152.649 Y96.424 E1580.00939
G1 X153.336 Y95.235 E1580.05506
G1 F1388.9 X153.793 Y94.382 E1580.08983
G1 X153.091 Y94.649 E1580.1168
G1 F1500 X152.847 Y94.585 E1580.12519
G1 F1188.1 X152.305 Y94.125 E1580.15504
G1 F1075.3 X152.253 Y94.605 E1580.17745
G1 F1327.4 X152.201 Y95.085 E1580.19559
G1 F1500 X152.2 Y96.424 E1580.24013
G1 F2700 E1575.24013
G0 F9000 X152.48 Y96.146
G0 X152.038 Y92.526
G0 X146.431 Y92.454
G0 X146.43 Y92.761
;TYPE:WALL-OUTER
G1 F2700 E1580.24013
G1 F1500 X151.601 Y92.764 E1580.41212
G1 X151.72 Y92.804 E1580.41629
G1 X151.8 Y92.964 E1580.42224
G1 X151.8 Y96.824 E1580.55063
G1 X152.88 Y96.824 E1580.58655
G1 X158.151 Y87.701 E1580.93698
G1 X157.117 Y87.7 E1580.97137
G1 X153.418 Y94.168 E1581.2192
G1 X153.193 Y94.262 E1581.22731
G1 X152.949 Y94.198 E1581.2357
G1 X152.802 Y94.039 E1581.2429
G1 X152.8 Y78.172 E1581.77064
G1 X142.2 Y78.172 E1582.12319
G1 X142.198 Y94.039 E1582.65093
G1 X142.05 Y94.198 E1582.65816
G1 X141.802 Y94.262 E1582.66668
G1 X141.598 Y94.197 E1582.6738
G1 X137.88 Y87.7 E1582.92277
G1 X136.848 Y87.7 E1582.95709
G1 X142.116 Y96.824 E1583.30751
G1 X143.2 Y96.824 E1583.34356
G1 X143.2 Y92.96 E1583.47208
G1 X143.28 Y92.799 E1583.47806
G1 X143.401 Y92.76 E1583.48229
G1 X146.43 Y92.761 E1583.58303
G0 F9000 X146.431 Y92.454
G0 X146.746 Y91.461
G0 X146.747 Y91.2
;TYPE:SKIN
G1 F1500 X143.76 Y91.2 E1583.68238
G1 X143.76 Y79.732 E1584.06381
G1 X151.24 Y79.732 E1584.3126
G1 X151.24 Y91.2 E1584.69402
G1 X146.747 Y91.2 E1584.84346
G0 F9000 X146.746 Y91.461
G0 X150.546 Y91.462
G0 X150.547 Y91
G1 F1500 X151.04 Y90.508 E1584.86663
G0 F9000 X151.04 Y89.942
G1 F1500 X149.982 Y91 E1584.91639
G0 F9000 X149.416 Y91
G1 F1500 X151.04 Y89.376 E1584.99278
G0 F9000 X151.04 Y88.81
G1 F1500 X148.85 Y91 E1585.09579
G0 F9000 X148.285 Y91
G1 F1500 X151.04 Y88.245 E1585.22538
G0 F9000 X151.04 Y87.679
G1 F1500 X147.719 Y91 E1585.38159
G0 F9000 X147.153 Y91
G1 F1500 X151.04 Y87.113 E1585.56442
G0 F9000 X151.04 Y86.548
G1 F1500 X146.587 Y91 E1585.77385
G0 F9000 X146.022 Y91
G1 F1500 X151.04 Y85.982 E1586.00988
G0 F9000 X151.04 Y85.416
G1 F1500 X145.456 Y91 E1586.27254
G0 F9000 X144.89 Y91
G1 F1500 X151.04 Y84.851 E1586.56179
G0 F9000 X151.04 Y84.285
G1 F1500 X144.325 Y91 E1586.87764
G0 F9000 X143.961 Y90.799
G1 F1500 X151.04 Y83.719 E1587.21064
G0 F9000 X151.04 Y83.154
G1 F1500 X143.961 Y90.233 E1587.54362
G0 F9000 X143.961 Y89.668
G1 F1500 X151.04 Y82.588 E1587.87661
G0 F9000 X151.04 Y82.022
G1 F1500 X143.961 Y89.102 E1588.20961
G0 F9000 X143.961 Y88.536
G1 F1500 X151.04 Y81.457 E1588.54259
G0 F9000 X151.04 Y80.891
G1 F1500 X143.961 Y87.97 E1588.87556
G0 F9000 X143.961 Y87.405
G1 F1500 X151.04 Y80.325 E1589.20856
G0 F9000 X150.868 Y79.932
G1 F1500 X143.961 Y86.839 E1589.53344
G0 F9000 X143.961 Y86.273
G1 F1500 X150.302 Y79.932 E1589.8317
G0 F9000 X149.736 Y79.932
G1 F1500 X143.961 Y85.708 E1590.10337
G0 F9000 X143.961 Y85.142
G1 F1500 X149.171 Y79.932 E1590.34843
G0 F9000 X148.605 Y79.932
G1 F1500 X143.961 Y84.576 E1590.56687
G0 F9000 X143.961 Y84.011
G1 F1500 X148.039 Y79.932 E1590.75871
G0 F9000 X147.473 Y79.932
G1 F1500 X143.961 Y83.445 E1590.92393
G0 F9000 X143.961 Y82.879
G1 F1500 X146.908 Y79.932 E1591.06254
G0 F9000 X146.342 Y79.932
G1 F1500 X143.961 Y82.314 E1591.17456
G0 F9000 X143.961 Y81.748
G1 F1500 X145.776 Y79.932 E1591.25996
G0 F9000 X145.211 Y79.932
G1 F1500 X143.961 Y81.182 E1591.31875
G0 F9000 X143.961 Y80.617
G1 F1500 X144.645 Y79.932 E1591.35095
G0 F9000 X144.079 Y79.932
G1 F1500 X143.961 Y80.051 E1591.35652
G0 F9000 X143.21 Y80.051
G1 F2700 E1586.35652
;MESH:NONMESH
G0 F300 X143.21 Y80.051 Z6.2
G0 F9000 X142.43 Y88.146
G0 X141.335 Y88.146
G0 X138.383 Y86.841
G0 X136.12 Y86.841
G0 X128.712 Y88.462
G0 X107.621 Y88.146
;TIME_ELAPSED:2881.417273
;LAYER:30
;TYPE:WALL-INNER
;MESH:batclipholder.stl(1)
G1 F2700 E1591.35652
G1 F1239.7 X111.263 Y94.477 E1591.65046
G0 F9000 X111.785 Y95.013
G0 X112.441 Y94.839
G0 X112.695 Y94.125
G1 F991.7 X112.7 Y92.864 E1591.7139
G0 F9000 X112.422 Y95.799
G1 F1685.4 X112.422 Y94.76 E1591.74466
G1 X112.245 Y94.952 E1591.75239
G1 X111.973 Y95.021 E1591.76069
G1 X112.422 Y95.799 E1591.78728
G0 F9000 X112.8 Y96.424
G1 F1500 X112.8 Y95.089 E1591.83169
G1 F1327.4 X112.748 Y94.607 E1591.84991
G1 F1075.3 X112.695 Y94.125 E1591.87241
G1 F1188.1 X112.15 Y94.586 E1591.90238
G1 F1500 X111.902 Y94.649 E1591.91089
G1 F1373 X111.263 Y94.477 E1591.93494
G1 X111.658 Y95.23 E1591.96583
G1 F1500 X112.346 Y96.424 E1592.01167
G1 X112.8 Y96.424 E1592.02677
G0 F9000 X112.52 Y96.146
G0 X112.962 Y92.426
G0 X117.5 Y91.464
G1 F1500 X121.6 Y91.464 E1592.16313
G1 X121.6 Y79.372 E1592.56531
G1 X113.4 Y79.372 E1592.83805
G1 X113.4 Y91.464 E1593.24023
G1 X117.5 Y91.464 E1593.3766
G0 F9000 X117.5 Y91.864
G1 F1500 X121.6 Y91.864 E1593.51296
G1 X122 Y91.997 E1593.52698
G1 X122 Y78.972 E1593.9602
G1 X113 Y78.972 E1594.25954
G1 X113 Y91.997 E1594.69275
G1 X113.4 Y91.864 E1594.70677
G1 X117.5 Y91.864 E1594.84314
G0 F9000 X117.5 Y92.264
G1 F1500 X121.6 Y92.264 E1594.9795
G1 X121.96 Y92.384 E1594.99213
G1 F1200 X122.3 Y92.864 E1595.01658
G1 X122.4 Y92.164 E1595.04598
G1 F1500 X122.4 Y78.572 E1595.49805
G1 X112.6 Y78.572 E1595.824
G1 X112.6 Y92.164 E1596.27607
G1 F1200 X112.7 Y92.864 E1596.30547
G1 X113.04 Y92.384 E1596.32992
G1 F1500 X113.4 Y92.264 E1596.34255
G1 X117.5 Y92.264 E1596.47891
G0 F9000 X117.501 Y91.955
G0 X122.038 Y92.427
G0 X122.3 Y92.864
G1 F991.7 X122.305 Y94.125 E1596.54235
G0 F9000 X122.559 Y94.839
G0 X123.215 Y95.013
G0 X123.793 Y94.382
G1 F1271.2 X125.584 Y91.265 E1596.68344
G1 F1229.5 X127.376 Y88.148 E1596.82933
G0 F9000 X123.215 Y95.013
G0 X122.578 Y95.794
G1 F1694.9 X123.025 Y95.021 E1596.85561
G1 X122.752 Y94.95 E1596.86392
G1 X122.578 Y94.76 E1596.8715
G1 X122.578 Y95.794 E1596.90194
G0 F9000 X122.2 Y96.424
G1 F1500 X122.649 Y96.424 E1596.91687
G1 X123.336 Y95.235 E1596.96254
G1 F1388.9 X123.793 Y94.382 E1596.9973
G1 X123.091 Y94.649 E1597.02428
G1 F1500 X122.847 Y94.585 E1597.03267
G1 F1188.1 X122.305 Y94.125 E1597.06252
G1 F1075.3 X122.253 Y94.605 E1597.08493
G1 F1327.4 X122.201 Y95.085 E1597.10307
G1 F1500 X122.2 Y96.424 E1597.14761
G1 F2700 E1592.14761
G0 F9000 X122.48 Y96.146
G0 X122.038 Y92.427
G0 X117.501 Y92.355
G0 X117.5 Y92.664
;TYPE:WALL-OUTER
G1 F2700 E1597.14761
G1 F1500 X121.6 Y92.664 E1597.28397
G1 X121.72 Y92.704 E1597.28818
G1 X121.8 Y92.864 E1597.29413
G1 X121.8 Y96.824 E1597.42584
G1 X122.88 Y96.824 E1597.46176
G1 X128.151 Y87.701 E1597.8122
G1 X127.117 Y87.7 E1597.84659
G1 X123.418 Y94.168 E1598.09441
G1 X123.193 Y94.262 E1598.10252
G1 X122.949 Y94.198 E1598.11091
G1 X122.802 Y94.039 E1598.11811
G1 X122.8 Y78.172 E1598.64585
G1 X112.2 Y78.172 E1598.99841
G1 X112.198 Y94.039 E1599.52615
G1 X112.05 Y94.198 E1599.53337
G1 X111.802 Y94.262 E1599.54189
G1 X111.598 Y94.197 E1599.54901
G1 X107.88 Y87.7 E1599.79799
G1 X106.848 Y87.7 E1599.83231
G1 X112.116 Y96.824 E1600.18273
G1 X113.2 Y96.824 E1600.21878
G1 X113.2 Y92.864 E1600.35049
G1 X113.28 Y92.704 E1600.35644
G1 X113.4 Y92.664 E1600.36065
G1 X117.5 Y92.664 E1600.49701
G0 F9000 X117.501 Y92.355
G0 X117.5 Y91.364
G0 X117.5 Y91.104
;TYPE:SKIN
G1 F1500 X113.76 Y91.104 E1600.62141
G1 X113.76 Y79.732 E1600.99964
G1 X121.24 Y79.732 E1601.24843
G1 X121.24 Y91.104 E1601.62666
G1 X117.5 Y91.104 E1601.75105
G0 F9000 X117.5 Y91.364
G0 X114.097 Y91.364
G0 X114.097 Y90.904
G1 F1500 X113.959 Y90.766 E1601.75754
G0 F9000 X113.959 Y90.201
G1 F1500 X114.663 Y90.904 E1601.79064
G0 F9000 X115.229 Y90.904
G1 F1500 X113.959 Y89.635 E1601.85035
G0 F9000 X113.959 Y89.069
G1 F1500 X115.794 Y90.904 E1601.93666
G0 F9000 X116.36 Y90.904
G1 F1500 X113.959 Y88.504 E1602.04957
G0 F9000 X113.959 Y87.938
G1 F1500 X116.926 Y90.904 E1602.18911
G0 F9000 X117.491 Y90.904
G1 F1500 X113.959 Y87.372 E1602.35524
G0 F9000 X113.959 Y86.807
G1 F1500 X118.057 Y90.904 E1602.54798
G0 F9000 X118.623 Y90.904
G1 F1500 X113.959 Y86.241 E1602.76733
G0 F9000 X113.959 Y85.675
G1 F1500 X119.189 Y90.904 E1603.01331
G0 F9000 X119.754 Y90.904
G1 F1500 X113.959 Y85.109 E1603.28589
G0 F9000 X113.959 Y84.544
G1 F1500 X120.32 Y90.904 E1603.58507
G0 F9000 X120.886 Y90.904
G1 F1500 X113.959 Y83.978 E1603.91087
G0 F9000 X113.959 Y83.412
G1 F1500 X121.04 Y90.493 E1604.24394
G0 F9000 X121.04 Y89.928
G1 F1500 X113.959 Y82.847 E1604.57701
G0 F9000 X113.959 Y82.281
G1 F1500 X121.04 Y89.362 E1604.91008
G0 F9000 X121.04 Y88.796
G1 F1500 X113.959 Y81.715 E1605.24315
G0 F9000 X113.959 Y81.15
G1 F1500 X121.04 Y88.231 E1605.57621
G0 F9000 X121.04 Y87.665
G1 F1500 X113.959 Y80.584 E1605.90928
G0 F9000 X113.959 Y80.018
G1 F1500 X121.04 Y87.099 E1606.24235
G0 F9000 X121.04 Y86.534
G1 F1500 X114.439 Y79.932 E1606.55287
G0 F9000 X115.005 Y79.932
G1 F1500 X121.04 Y85.968 E1606.83676
G0 F9000 X121.04 Y85.402
G1 F1500 X115.57 Y79.932 E1607.09405
G0 F9000 X116.136 Y79.932
G1 F1500 X121.04 Y84.837 E1607.32474
G0 F9000 X121.04 Y84.271
G1 F1500 X116.702 Y79.932 E1607.52881
G0 F9000 X117.267 Y79.932
G1 F1500 X121.04 Y83.705 E1607.70628
G0 F9000 X121.04 Y83.139
G1 F1500 X117.833 Y79.932 E1607.85713
G0 F9000 X118.399 Y79.932
G1 F1500 X121.04 Y82.574 E1607.98138
G0 F9000 X121.04 Y82.008
G1 F1500 X118.964 Y79.932 E1608.07903
G0 F9000 X119.53 Y79.932
G1 F1500 X121.04 Y81.442 E1608.15005
G0 F9000 X121.04 Y80.877
G1 F1500 X120.096 Y79.932 E1608.19448
G0 F9000 X120.661 Y79.932
G1 F1500 X121.04 Y80.311 E1608.21231
G0 F9000 X121.79 Y80.311
G1 F2700 E1603.21231
;MESH:batclipholder.stl
G0 F9000 X122.559 Y94.839
G0 X122.753 Y96.599
G0 X122.753 Y97.691
G0 X127.248 Y116.835
G0 X127.376 Y118.148
;TYPE:WALL-INNER
G1 F2700 E1608.21231
G1 F1229.5 X125.584 Y121.265 E1608.3582
G1 F1271.2 X123.793 Y124.382 E1608.49929
G0 F9000 X123.215 Y125.013
G0 X122.559 Y124.839
G0 X122.305 Y124.125
G1 F991.7 X122.3 Y122.864 E1608.56272
G0 F9000 X122.578 Y125.794
G1 F1694.9 X123.025 Y125.021 E1608.58901
G1 X122.752 Y124.95 E1608.59731
G1 X122.578 Y124.76 E1608.60489
G1 X122.578 Y125.794 E1608.63533
G0 F9000 X122.2 Y126.424
G1 F1500 X122.649 Y126.424 E1608.65026
G1 X123.336 Y125.235 E1608.69594
G1 F1388.9 X123.793 Y124.382 E1608.7307
G1 X123.091 Y124.649 E1608.75768
G1 F1500 X122.847 Y124.585 E1608.76607
G1 F1188.1 X122.305 Y124.125 E1608.79592
G1 F1075.3 X122.253 Y124.605 E1608.81832
G1 F1327.4 X122.201 Y125.085 E1608.83646
G1 F1500 X122.2 Y126.424 E1608.881
G0 F9000 X122.48 Y126.146
G0 X122.038 Y122.427
G0 X117.5 Y121.464
G1 F1500 X121.6 Y121.464 E1609.01737
G1 X121.6 Y109.372 E1609.41955
G1 X113.4 Y109.372 E1609.69228
G1 X113.4 Y121.464 E1610.09446
G1 X117.5 Y121.464 E1610.23083
G0 F9000 X117.5 Y121.864
G1 F1500 X121.6 Y121.864 E1610.3672
G1 X122 Y121.997 E1610.38122
G1 X122 Y108.972 E1610.81443
G1 X113 Y108.972 E1611.11377
G1 X113 Y121.997 E1611.54698
G1 X113.4 Y121.864 E1611.561
G1 X117.5 Y121.864 E1611.69737
G0 F9000 X117.5 Y122.264
G1 F1500 X121.6 Y122.264 E1611.83374
G1 X121.96 Y122.384 E1611.84636
G1 F1200 X122.3 Y122.864 E1611.87081
G1 X122.4 Y122.164 E1611.90021
G1 F1500 X122.4 Y108.572 E1612.35228
G1 X112.6 Y108.572 E1612.67823
G1 X112.6 Y122.164 E1613.1303
G1 F1200 X112.7 Y122.864 E1613.1597
G1 X113.04 Y122.384 E1613.18416
G1 F1500 X113.4 Y122.264 E1613.19678
G1 X117.5 Y122.264 E1613.33315
G0 F9000 X117.501 Y121.955
G0 X112.962 Y122.426
G0 X112.7 Y122.864
G1 F991.7 X112.695 Y124.125 E1613.39658
G0 F9000 X112.441 Y124.839
G0 X111.785 Y125.013
G0 X111.263 Y124.477
G1 F1239.7 X107.621 Y118.146 E1613.69052
G0 F9000 X111.785 Y125.013
G0 X112.422 Y125.799
G1 F1685.4 X112.422 Y124.76 E1613.72128
G1 X112.245 Y124.952 E1613.72901
G1 X111.973 Y125.021 E1613.73732
G1 X112.422 Y125.799 E1613.76391
G0 F9000 X112.8 Y126.424
G1 F1500 X112.8 Y125.089 E1613.80831
G1 F1327.4 X112.748 Y124.607 E1613.82653
G1 F1075.3 X112.695 Y124.125 E1613.84903
G1 F1188.1 X112.15 Y124.586 E1613.879
G1 F1500 X111.902 Y124.649 E1613.88751
G1 F1373 X111.263 Y124.477 E1613.91156
G1 X111.658 Y125.23 E1613.94245
G1 F1500 X112.346 Y126.424 E1613.98829
G1 X112.8 Y126.424 E1614.00339
G1 F2700 E1609.00339
G0 F9000 X112.52 Y126.146
G0 X112.962 Y122.426
G0 X117.501 Y122.355
G0 X117.5 Y122.664
;TYPE:WALL-OUTER
G1 F2700 E1614.00339
G1 F1500 X121.6 Y122.664 E1614.13975
G1 X121.72 Y122.704 E1614.14396
G1 X121.8 Y122.864 E1614.14991
G1 X121.8 Y126.824 E1614.28162
G1 X122.88 Y126.824 E1614.31754
G1 X128.151 Y117.701 E1614.66798
G1 X127.117 Y117.7 E1614.70237
G1 X123.418 Y124.168 E1614.95019
G1 X123.193 Y124.262 E1614.9583
G1 X122.949 Y124.198 E1614.96669
G1 X122.802 Y124.039 E1614.9739
G1 X122.8 Y108.172 E1615.50163
G1 X112.2 Y108.172 E1615.85419
G1 X112.198 Y124.039 E1616.38193
G1 X112.05 Y124.198 E1616.38915
G1 X111.802 Y124.262 E1616.39767
G1 X111.598 Y124.197 E1616.40479
G1 X107.88 Y117.7 E1616.65377
G1 X106.848 Y117.7 E1616.68809
G1 X112.116 Y126.824 E1617.03851
G1 X113.2 Y126.824 E1617.07456
G1 X113.2 Y122.864 E1617.20627
G1 X113.28 Y122.704 E1617.21222
G1 X113.4 Y122.664 E1617.21643
G1 X117.5 Y122.664 E1617.3528
G0 F9000 X117.501 Y122.355
G0 X117.5 Y121.364
G0 X117.5 Y121.104
;TYPE:SKIN
G1 F1500 X113.76 Y121.104 E1617.47719
G1 X113.76 Y109.732 E1617.85542
G1 X121.24 Y109.732 E1618.10421
G1 X121.24 Y121.104 E1618.48244
G1 X117.5 Y121.104 E1618.60684
G0 F9000 X117.5 Y121.364
G0 X113.572 Y121.292
G0 X113.5 Y120.748
G0 X113.96 Y120.748
G1 F1500 X114.116 Y120.904 E1618.61417
G0 F9000 X114.681 Y120.904
G1 F1500 X113.96 Y120.183 E1618.64809
G0 F9000 X113.96 Y119.617
G1 F1500 X115.247 Y120.904 E1618.70862
G0 F9000 X115.813 Y120.904
G1 F1500 X113.96 Y119.051 E1618.79578
G0 F9000 X113.96 Y118.486
G1 F1500 X116.378 Y120.904 E1618.90952
G0 F9000 X116.944 Y120.904
G1 F1500 X113.96 Y117.92 E1619.04988
G0 F9000 X113.96 Y117.354
G1 F1500 X117.51 Y120.904 E1619.21686
G0 F9000 X118.076 Y120.904
G1 F1500 X113.96 Y116.789 E1619.41044
G0 F9000 X113.96 Y116.223
G1 F1500 X118.641 Y120.904 E1619.63062
G0 F9000 X119.207 Y120.904
G1 F1500 X113.96 Y115.657 E1619.87742
G0 F9000 X113.96 Y115.092
G1 F1500 X119.773 Y120.904 E1620.15082
G0 F9000 X120.338 Y120.904
G1 F1500 X113.96 Y114.526 E1620.45082
G0 F9000 X113.96 Y113.96
G1 F1500 X120.904 Y120.904 E1620.77745
G0 F9000 X121.04 Y120.475
G1 F1500 X113.96 Y113.394 E1621.11049
G0 F9000 X113.96 Y112.829
G1 F1500 X121.04 Y119.909 E1621.44352
G0 F9000 X121.04 Y119.343
G1 F1500 X113.96 Y112.263 E1621.77654
G0 F9000 X113.96 Y111.697
G1 F1500 X121.04 Y118.778 E1622.10958
G0 F9000 X121.04 Y118.212
G1 F1500 X113.96 Y111.132 E1622.4426
G0 F9000 X113.96 Y110.566
G1 F1500 X121.04 Y117.646 E1622.77562
G0 F9000 X121.04 Y117.081
G1 F1500 X113.96 Y110 E1623.10867
G0 F9000 X114.458 Y109.932
G1 F1500 X121.04 Y116.515 E1623.41829
G0 F9000 X121.04 Y115.949
G1 F1500 X115.024 Y109.932 E1623.70129
G0 F9000 X115.589 Y109.932
G1 F1500 X121.04 Y115.384 E1623.95771
G0 F9000 X121.04 Y114.818
G1 F1500 X116.155 Y109.932 E1624.18751
G0 F9000 X116.721 Y109.932
G1 F1500 X121.04 Y114.252 E1624.39068
G0 F9000 X121.04 Y113.687
G1 F1500 X117.286 Y109.932 E1624.56729
G0 F9000 X117.852 Y109.932
G1 F1500 X121.04 Y113.121 E1624.71726
G0 F9000 X121.04 Y112.555
G1 F1500 X118.418 Y109.932 E1624.84062
G0 F9000 X118.983 Y109.932
G1 F1500 X121.04 Y111.989 E1624.93737
G0 F9000 X121.04 Y111.424
G1 F1500 X119.549 Y109.932 E1625.00753
G0 F9000 X120.115 Y109.932
G1 F1500 X121.04 Y110.858 E1625.05106
G0 F9000 X121.04 Y110.292
G1 F1500 X120.681 Y109.932 E1625.06797
G0 F9000 X120.681 Y109.184
G1 F2700 E1620.06797
;MESH:batclipholder.stl(3)
G0 F9000 X121.428 Y109.544
G0 X122.57 Y118.146
G0 X123.665 Y118.146
G0 X126.617 Y116.841
G0 X128.88 Y116.841
G0 X136.289 Y118.463
G0 X137.621 Y118.146
;TYPE:WALL-INNER
G1 F2700 E1625.06797
G1 F1239.7 X141.263 Y124.477 E1625.36191
G0 F9000 X141.785 Y125.013
G0 X142.441 Y124.839
G0 X142.695 Y124.125
G1 F991.7 X142.7 Y122.864 E1625.42535
G0 F9000 X142.422 Y125.799
G1 F1685.4 X142.422 Y124.76 E1625.4561
G1 X142.245 Y124.952 E1625.46383
G1 X141.973 Y125.021 E1625.47214
G1 X142.422 Y125.799 E1625.49873
G0 F9000 X142.346 Y126.424
G1 F1500 X142.8 Y126.424 E1625.51383
G1 X142.8 Y125.089 E1625.55823
G1 F1327.4 X142.748 Y124.607 E1625.57645
G1 F1075.3 X142.695 Y124.125 E1625.59895
G1 F1188.1 X142.15 Y124.586 E1625.62892
G1 F1500 X141.902 Y124.649 E1625.63744
G1 F1373 X141.263 Y124.477 E1625.66148
G1 X141.658 Y125.23 E1625.69238
G1 F1500 X142.346 Y126.424 E1625.73821
G0 F9000 X142.517 Y126.13
G0 X142.962 Y122.426
G0 X146.488 Y121.464
G1 F1500 X151.6 Y121.464 E1625.90824
G1 X151.6 Y109.372 E1626.31042
G1 X143.4 Y109.372 E1626.58315
G1 X143.4 Y121.464 E1626.98533
G1 X146.488 Y121.464 E1627.08804
G0 F9000 X146.386 Y121.864
G1 F1500 X151.6 Y121.864 E1627.26146
G1 X152 Y121.997 E1627.27548
G1 X152 Y108.972 E1627.70869
G1 X143 Y108.972 E1628.00803
G1 X143 Y121.997 E1628.44125
G1 X143.4 Y121.864 E1628.45527
G1 X146.386 Y121.864 E1628.55458
G0 F9000 X146.284 Y122.264
G1 F1500 X151.6 Y122.264 E1628.73139
G1 X151.96 Y122.384 E1628.74402
G1 F1200 X152.3 Y122.864 E1628.76847
G1 X152.4 Y122.164 E1628.79787
G1 F1500 X152.4 Y108.572 E1629.24994
G1 X142.6 Y108.572 E1629.57589
G1 X142.6 Y122.164 E1630.02796
G1 F1200 X142.7 Y122.864 E1630.05736
G1 X143.04 Y122.384 E1630.08181
G1 F1500 X143.4 Y122.264 E1630.09444
G1 X146.284 Y122.264 E1630.19036
G0 F9000 X146.285 Y121.955
G0 X152.038 Y122.427
G0 X152.3 Y122.864
G1 F991.7 X152.305 Y124.125 E1630.25379
G0 F9000 X152.559 Y124.839
G0 X153.215 Y125.013
G0 X153.793 Y124.382
G1 F1271.2 X155.584 Y121.265 E1630.39488
G1 F1229.5 X157.376 Y118.148 E1630.54078
G0 F9000 X153.215 Y125.013
G0 X152.578 Y125.794
G1 F1694.9 X153.025 Y125.021 E1630.56706
G1 X152.752 Y124.95 E1630.57536
G1 X152.578 Y124.76 E1630.58295
G1 X152.578 Y125.794 E1630.61338
G0 F9000 X152.2 Y126.424
G1 F1500 X152.649 Y126.424 E1630.62832
G1 X153.336 Y125.235 E1630.67399
G1 F1388.9 X153.793 Y124.382 E1630.70875
G1 X153.091 Y124.649 E1630.73573
G1 F1500 X152.847 Y124.585 E1630.74412
G1 F1188.1 X152.305 Y124.125 E1630.77397
G1 F1075.3 X152.253 Y124.605 E1630.79637
G1 F1327.4 X152.201 Y125.085 E1630.81452
G1 F1500 X152.2 Y126.424 E1630.85905
G1 F2700 E1625.85905
G0 F9000 X152.48 Y126.146
G0 X152.038 Y122.427
G0 X146.183 Y122.355
G0 X146.182 Y122.664
;TYPE:WALL-OUTER
G1 F2700 E1630.85905
G1 F1500 X151.6 Y122.664 E1631.03926
G1 X151.72 Y122.704 E1631.04346
G1 X151.8 Y122.864 E1631.04941
G1 X151.8 Y126.824 E1631.18112
G1 X152.88 Y126.824 E1631.21704
G1 X158.151 Y117.701 E1631.56748
G1 X157.117 Y117.7 E1631.60187
G1 X153.418 Y124.168 E1631.84969
G1 X153.193 Y124.262 E1631.8578
G1 X152.949 Y124.198 E1631.86619
G1 X152.802 Y124.039 E1631.8734
G1 X152.8 Y108.172 E1632.40113
G1 X142.2 Y108.172 E1632.75369
G1 X142.198 Y124.039 E1633.28143
G1 X142.05 Y124.198 E1633.28866
G1 X141.802 Y124.262 E1633.29717
G1 X141.598 Y124.197 E1633.3043
G1 X137.88 Y117.7 E1633.55327
G1 X136.848 Y117.7 E1633.58759
G1 X142.116 Y126.824 E1633.93801
G1 X143.2 Y126.824 E1633.97406
G1 X143.2 Y122.864 E1634.10577
G1 X143.28 Y122.704 E1634.11172
G1 X143.4 Y122.664 E1634.11593
G1 X146.182 Y122.664 E1634.20846
G0 F9000 X146.183 Y122.355
G0 X146.58 Y121.364
G0 X146.58 Y121.104
;TYPE:SKIN
G1 F1500 X143.76 Y121.104 E1634.30225
G1 X143.76 Y109.732 E1634.68049
G1 X151.24 Y109.732 E1634.92927
G1 X151.24 Y121.104 E1635.30751
G1 X146.58 Y121.104 E1635.4625
G0 F9000 X146.58 Y121.364
G0 X143.572 Y121.292
G0 X143.5 Y120.767
G0 X143.96 Y120.767
G1 F1500 X144.097 Y120.904 E1635.46894
G0 F9000 X144.663 Y120.904
G1 F1500 X143.96 Y120.201 E1635.50201
G0 F9000 X143.96 Y119.635
G1 F1500 X145.228 Y120.904 E1635.56168
G0 F9000 X145.794 Y120.904
G1 F1500 X143.96 Y119.07 E1635.64794
G0 F9000 X143.96 Y118.504
G1 F1500 X146.36 Y120.904 E1635.76083
G0 F9000 X146.925 Y120.904
G1 F1500 X143.96 Y117.938 E1635.90032
G0 F9000 X143.96 Y117.373
G1 F1500 X147.491 Y120.904 E1636.06641
G0 F9000 X148.057 Y120.904
G1 F1500 X143.96 Y116.807 E1636.25912
G0 F9000 X143.96 Y116.241
G1 F1500 X148.623 Y120.904 E1636.47845
G0 F9000 X149.188 Y120.904
G1 F1500 X143.96 Y115.676 E1636.72436
G0 F9000 X143.96 Y115.11
G1 F1500 X149.754 Y120.904 E1636.99689
G0 F9000 X150.32 Y120.904
G1 F1500 X143.96 Y114.544 E1637.29605
G0 F9000 X143.96 Y113.979
G1 F1500 X150.885 Y120.904 E1637.62178
G0 F9000 X151.04 Y120.493
G1 F1500 X143.96 Y113.413 E1637.9548
G0 F9000 X143.96 Y112.847
G1 F1500 X151.04 Y119.927 E1638.28782
G0 F9000 X151.04 Y119.362
G1 F1500 X143.96 Y112.281 E1638.62086
G0 F9000 X143.96 Y111.716
G1 F1500 X151.04 Y118.796 E1638.95389
G0 F9000 X151.04 Y118.23
G1 F1500 X143.96 Y111.15 E1639.28691
G0 F9000 X143.96 Y110.584
G1 F1500 X151.04 Y117.665 E1639.61995
G0 F9000 X151.04 Y117.099
G1 F1500 X143.96 Y110.019 E1639.95297
G0 F9000 X144.439 Y109.932
G1 F1500 X151.04 Y116.533 E1640.26347
G0 F9000 X151.04 Y115.968
G1 F1500 X145.005 Y109.932 E1640.54736
G0 F9000 X145.571 Y109.932
G1 F1500 X151.04 Y115.402 E1640.80463
G0 F9000 X151.04 Y114.836
G1 F1500 X146.136 Y109.932 E1641.03529
G0 F9000 X146.702 Y109.932
G1 F1500 X151.04 Y114.271 E1641.23936
G0 F9000 X151.04 Y113.705
G1 F1500 X147.268 Y109.932 E1641.41681
G0 F9000 X147.833 Y109.932
G1 F1500 X151.04 Y113.139 E1641.56766
G0 F9000 X151.04 Y112.574
G1 F1500 X148.399 Y109.932 E1641.69191
G0 F9000 X148.965 Y109.932
G1 F1500 X151.04 Y112.008 E1641.78953
G0 F9000 X151.04 Y111.442
G1 F1500 X149.53 Y109.932 E1641.86056
G0 F9000 X150.096 Y109.932
G1 F1500 X151.04 Y110.876 E1641.90496
G0 F9000 X151.04 Y110.311
G1 F1500 X150.662 Y109.932 E1641.92276
G0 F9000 X150.662 Y109.184
G1 F2700 E1636.92276
;MESH:batclipholder.stl(2)
G0 F9000 X152.578 Y108.404
G0 X152.578 Y107.309
G0 X152.578 Y97.691
G0 X152.578 Y96.596
G0 X152.578 Y95.794
;TYPE:WALL-INNER
G1 F2700 E1641.92276
G1 F1694.9 X153.025 Y95.021 E1641.94905
G1 X152.752 Y94.95 E1641.95735
G1 X152.578 Y94.76 E1641.96493
G1 X152.578 Y95.794 E1641.99537
G0 F9000 X152.2 Y96.424
G1 F1500 X152.649 Y96.424 E1642.0103
G1 X153.336 Y95.235 E1642.05598
G1 F1388.9 X153.793 Y94.382 E1642.09074
G1 X153.091 Y94.649 E1642.11772
G1 F1500 X152.847 Y94.585 E1642.12611
G1 F1188.1 X152.305 Y94.125 E1642.15596
G1 F1075.3 X152.253 Y94.605 E1642.17836
G1 F1327.4 X152.201 Y95.085 E1642.1965
G1 F1500 X152.2 Y96.424 E1642.24104
G0 F9000 X152.48 Y96.146
G0 X152.305 Y94.125
G1 F991.7 X152.3 Y92.864 E1642.30448
G0 F9000 X152.559 Y94.839
G0 X153.215 Y95.013
G0 X153.793 Y94.382
G1 F1271.2 X155.584 Y91.265 E1642.44557
G1 F1229.5 X157.376 Y88.148 E1642.59146
G0 F9000 X153.215 Y95.013
G0 X152.559 Y94.839
G0 X152.552 Y89.646
G0 X151.682 Y91.546
G0 X146.694 Y91.464
G1 F1500 X151.6 Y91.464 E1642.75463
G1 X151.6 Y79.372 E1643.15681
G1 X143.4 Y79.372 E1643.42955
G1 X143.4 Y91.464 E1643.83173
G1 X146.694 Y91.464 E1643.94129
G0 F9000 X146.612 Y91.864
G1 F1500 X151.6 Y91.864 E1644.10719
G1 X152 Y91.997 E1644.12121
G1 X152 Y78.972 E1644.55442
G1 X143 Y78.972 E1644.85376
G1 X143 Y91.997 E1645.28698
G1 X143.4 Y91.864 E1645.301
G1 X146.612 Y91.864 E1645.40783
G0 F9000 X146.531 Y92.264
G1 F1500 X151.6 Y92.264 E1645.57642
G1 X151.96 Y92.384 E1645.58905
G1 F1200 X152.3 Y92.864 E1645.6135
G1 X152.4 Y92.164 E1645.6429
G1 F1500 X152.4 Y78.572 E1646.09497
G1 X142.6 Y78.572 E1646.42092
G1 X142.6 Y92.164 E1646.87299
G1 F1200 X142.7 Y92.864 E1646.90239
G1 X143.04 Y92.384 E1646.92684
G1 F1500 X143.4 Y92.264 E1646.93947
G1 X146.531 Y92.264 E1647.0436
G0 F9000 X146.532 Y91.955
G0 X142.962 Y92.426
G0 X142.7 Y92.864
G1 F991.7 X142.695 Y94.125 E1647.10704
G0 F9000 X142.441 Y94.839
G0 X141.785 Y95.013
G0 X141.263 Y94.477
G1 F1239.7 X137.621 Y88.146 E1647.40098
G0 F9000 X141.785 Y95.013
G0 X142.422 Y95.799
G1 F1685.4 X142.422 Y94.76 E1647.43174
G1 X142.245 Y94.952 E1647.43947
G1 X141.973 Y95.021 E1647.44777
G1 X142.422 Y95.799 E1647.47436
G0 F9000 X142.346 Y96.424
G1 F1500 X142.8 Y96.424 E1647.48946
G1 X142.8 Y95.089 E1647.53387
G1 F1327.4 X142.748 Y94.607 E1647.55209
G1 F1075.3 X142.695 Y94.125 E1647.57458
G1 F1188.1 X142.15 Y94.586 E1647.60456
G1 F1500 X141.902 Y94.649 E1647.61307
G1 F1373 X141.263 Y94.477 E1647.63711
G1 X141.658 Y95.23 E1647.66801
G1 F1500 X142.346 Y96.424 E1647.71385
G1 F2700 E1642.71385
G0 F9000 X142.517 Y96.13
G0 X142.962 Y92.426
G0 X146.451 Y92.355
G0 X146.45 Y92.664
;TYPE:WALL-OUTER
G1 F2700 E1647.71385
G1 F1500 X151.6 Y92.664 E1647.88514
G1 X151.72 Y92.704 E1647.88934
G1 X151.8 Y92.864 E1647.89529
G1 X151.8 Y96.824 E1648.027
G1 X152.88 Y96.824 E1648.06292
G1 X158.151 Y87.701 E1648.41336
G1 X157.117 Y87.7 E1648.44775
G1 X153.418 Y94.168 E1648.69557
G1 X153.193 Y94.262 E1648.70368
G1 X152.949 Y94.198 E1648.71207
G1 X152.802 Y94.039 E1648.71928
G1 X152.8 Y78.172 E1649.24701
G1 X142.2 Y78.172 E1649.59957
G1 X142.198 Y94.039 E1650.12731
G1 X142.05 Y94.198 E1650.13454
G1 X141.802 Y94.262 E1650.14305
G1 X141.598 Y94.197 E1650.15018
G1 X137.88 Y87.7 E1650.39915
G1 X136.848 Y87.7 E1650.43347
G1 X142.116 Y96.824 E1650.78389
G1 X143.2 Y96.824 E1650.81994
G1 X143.2 Y92.864 E1650.95165
G1 X143.28 Y92.704 E1650.9576
G1 X143.4 Y92.664 E1650.96181
G1 X146.45 Y92.664 E1651.06325
G0 F9000 X146.451 Y92.355
G0 X146.767 Y91.364
G0 X146.767 Y91.104
;TYPE:SKIN
G1 F1500 X143.76 Y91.104 E1651.16327
G1 X143.76 Y79.732 E1651.5415
G1 X151.24 Y79.732 E1651.79029
G1 X151.24 Y91.104 E1652.16852
G1 X146.767 Y91.104 E1652.31729
G0 F9000 X146.767 Y91.364
G0 X144.078 Y91.364
G0 X144.078 Y90.904
G1 F1500 X143.96 Y90.785 E1652.32287
G0 F9000 X143.96 Y90.22
G1 F1500 X144.644 Y90.904 E1652.35504
G0 F9000 X145.209 Y90.904
G1 F1500 X143.96 Y89.654 E1652.41381
G0 F9000 X143.96 Y89.088
G1 F1500 X145.775 Y90.904 E1652.49921
G0 F9000 X146.341 Y90.904
G1 F1500 X143.96 Y88.523 E1652.6112
G0 F9000 X143.96 Y87.957
G1 F1500 X146.906 Y90.904 E1652.7498
G0 F9000 X147.472 Y90.904
G1 F1500 X143.96 Y87.391 E1652.91502
G0 F9000 X143.96 Y86.826
G1 F1500 X148.038 Y90.904 E1653.10683
G0 F9000 X148.603 Y90.904
G1 F1500 X143.96 Y86.26 E1653.32525
G0 F9000 X143.96 Y85.694
G1 F1500 X149.169 Y90.904 E1653.57029
G0 F9000 X149.735 Y90.904
G1 F1500 X143.96 Y85.129 E1653.84192
G0 F9000 X143.96 Y84.563
G1 F1500 X150.3 Y90.904 E1654.14016
G0 F9000 X150.866 Y90.904
G1 F1500 X143.96 Y83.997 E1654.46502
G0 F9000 X143.96 Y83.432
G1 F1500 X151.04 Y90.512 E1654.79804
G0 F9000 X151.04 Y89.946
G1 F1500 X143.96 Y82.866 E1655.13107
G0 F9000 X143.96 Y82.3
G1 F1500 X151.04 Y89.38 E1655.46409
G0 F9000 X151.04 Y88.815
G1 F1500 X143.96 Y81.734 E1655.79713
G0 F9000 X143.96 Y81.169
G1 F1500 X151.04 Y88.249 E1656.13015
G0 F9000 X151.04 Y87.683
G1 F1500 X143.96 Y80.603 E1656.46318
G0 F9000 X143.96 Y80.037
G1 F1500 X151.04 Y87.118 E1656.79622
G0 F9000 X151.04 Y86.552
G1 F1500 X144.42 Y79.932 E1657.10761
G0 F9000 X144.986 Y79.932
G1 F1500 X151.04 Y85.986 E1657.39237
G0 F9000 X151.04 Y85.421
G1 F1500 X145.552 Y79.932 E1657.65053
G0 F9000 X146.117 Y79.932
G1 F1500 X151.04 Y84.855 E1657.88209
G0 F9000 X151.04 Y84.289
G1 F1500 X146.683 Y79.932 E1658.08703
G0 F9000 X147.249 Y79.932
G1 F1500 X151.04 Y83.724 E1658.26537
G0 F9000 X151.04 Y83.158
G1 F1500 X147.814 Y79.932 E1658.41711
G0 F9000 X148.38 Y79.932
G1 F1500 X151.04 Y82.592 E1658.54223
G0 F9000 X151.04 Y82.027
G1 F1500 X148.946 Y79.932 E1658.64075
G0 F9000 X149.511 Y79.932
G1 F1500 X151.04 Y81.461 E1658.71267
G0 F9000 X151.04 Y80.895
G1 F1500 X150.077 Y79.932 E1658.75797
G0 F9000 X150.643 Y79.932
G1 F1500 X151.04 Y80.329 E1658.77664
G0 F9000 X151.79 Y80.329
G1 F2700 E1653.77664
;MESH:NONMESH
G0 F300 X151.79 Y80.329 Z6.4
G0 F9000 X151.428 Y79.544
G0 X143.572 Y79.544
G0 X142.43 Y88.146
G0 X141.335 Y88.146
G0 X138.383 Y86.841
G0 X136.12 Y86.841
G0 X128.712 Y88.462
G0 X107.621 Y88.146
;TIME_ELAPSED:2992.931002
;LAYER:31
;TYPE:WALL-INNER
;MESH:batclipholder.stl(1)
G1 F2700 E1658.77664
G1 F1239.7 X111.263 Y94.477 E1659.07058
G0 F9000 X111.785 Y95.013
G0 X112.441 Y94.839
G0 X112.695 Y94.125
G1 F991.7 X112.7 Y92.636 E1659.14549
G0 F9000 X112.422 Y95.799
G1 F1685.4 X112.422 Y94.76 E1659.17624
G1 X112.245 Y94.952 E1659.18397
G1 X111.973 Y95.021 E1659.19228
G1 X112.422 Y95.799 E1659.21887
G0 F9000 X112.8 Y96.424
G1 F1500 X112.8 Y95.089 E1659.26327
G1 F1327.4 X112.748 Y94.607 E1659.28149
G1 F1075.3 X112.695 Y94.125 E1659.30399
G1 F1188.1 X112.15 Y94.586 E1659.33396
G1 F1500 X111.902 Y94.649 E1659.34248
G1 F1373 X111.263 Y94.477 E1659.36652
G1 X111.658 Y95.23 E1659.39742
G1 F1500 X112.346 Y96.424 E1659.44325
G1 X112.8 Y96.424 E1659.45835
G0 F9000 X112.52 Y96.146
G0 X112.962 Y92.201
G0 X117.5 Y91.238
G1 F1500 X121.601 Y91.241 E1659.59475
G1 X121.6 Y79.372 E1659.98952
G1 X113.4 Y79.372 E1660.26225
G1 X113.401 Y91.235 E1660.65681
G1 X117.5 Y91.238 E1660.79315
G0 F9000 X117.5 Y91.638
G1 F1500 X121.601 Y91.64 E1660.92955
G1 X122 Y91.773 E1660.94354
G1 X122 Y78.972 E1661.3693
G1 X113 Y78.972 E1661.66864
G1 X113 Y91.769 E1662.09427
G1 X113.401 Y91.636 E1662.10832
G1 X117.5 Y91.638 E1662.24466
G0 F9000 X117.5 Y92.038
G1 F1500 X121.601 Y92.04 E1662.38106
G1 X121.96 Y92.16 E1662.39365
G1 F1200 X122.3 Y92.64 E1662.4181
G1 X122.4 Y91.94 E1662.4475
G1 F1500 X122.4 Y78.572 E1662.89212
G1 X112.6 Y78.572 E1663.21807
G1 X112.6 Y91.935 E1663.66252
G1 F1200 X112.7 Y92.636 E1663.69196
G1 X113.04 Y92.155 E1663.71645
G1 F1500 X113.401 Y92.036 E1663.7291
G1 X117.5 Y92.038 E1663.86543
G0 F9000 X117.501 Y91.73
G0 X122.038 Y92.202
G0 X122.3 Y92.64
G1 F991.7 X122.305 Y94.125 E1663.94013
G0 F9000 X122.559 Y94.839
G0 X123.215 Y95.013
G0 X123.793 Y94.382
G1 F1271.2 X125.584 Y91.265 E1664.08122
G1 F1229.5 X127.376 Y88.148 E1664.22712
G0 F9000 X123.215 Y95.013
G0 X122.578 Y95.794
G1 F1694.9 X123.025 Y95.021 E1664.2534
G1 X122.752 Y94.95 E1664.2617
G1 X122.578 Y94.76 E1664.26929
G1 X122.578 Y95.794 E1664.29972
G0 F9000 X122.2 Y96.424
G1 F1500 X122.649 Y96.424 E1664.31466
G1 X123.336 Y95.235 E1664.36033
G1 F1388.9 X123.793 Y94.382 E1664.39509
G1 X123.091 Y94.649 E1664.42207
G1 F1500 X122.847 Y94.585 E1664.43046
G1 F1188.1 X122.305 Y94.125 E1664.46031
G1 F1075.3 X122.253 Y94.605 E1664.48271
G1 F1327.4 X122.201 Y95.085 E1664.50086
G1 F1500 X122.2 Y96.424 E1664.54539
G1 F2700 E1659.54539
G0 F9000 X122.48 Y96.146
G0 X122.038 Y92.202
G0 X117.501 Y92.13
G0 X117.5 Y92.438
;TYPE:WALL-OUTER
G1 F2700 E1664.54539
G1 F1500 X121.601 Y92.44 E1664.68179
G1 X121.72 Y92.48 E1664.68597
G1 X121.8 Y92.64 E1664.69192
G1 X121.8 Y96.824 E1664.83108
G1 X122.88 Y96.824 E1664.867
G1 X128.151 Y87.701 E1665.21744
G1 X127.117 Y87.7 E1665.25183
G1 X123.418 Y94.168 E1665.49965
G1 X123.193 Y94.262 E1665.50776
G1 X122.949 Y94.198 E1665.51615
G1 X122.802 Y94.039 E1665.52335
G1 X122.8 Y78.172 E1666.05109
G1 X112.2 Y78.172 E1666.40365
G1 X112.198 Y94.039 E1666.93139
G1 X112.05 Y94.198 E1666.93861
G1 X111.802 Y94.262 E1666.94713
G1 X111.598 Y94.197 E1666.95425
G1 X107.88 Y87.7 E1667.20322
G1 X106.848 Y87.7 E1667.23755
G1 X112.116 Y96.824 E1667.58796
G1 X113.2 Y96.824 E1667.62402
G1 X113.2 Y92.636 E1667.76331
G1 X113.28 Y92.475 E1667.76929
G1 X113.401 Y92.436 E1667.77352
G1 X117.5 Y92.438 E1667.90985
G0 F9000 X117.501 Y92.13
G0 X117.499 Y91.137
G0 X117.5 Y90.876
;TYPE:SKIN
G1 F1500 X113.76 Y90.876 E1668.03424
G1 X113.76 Y79.732 E1668.4049
G1 X121.24 Y79.732 E1668.65368
G1 X121.24 Y90.876 E1669.02433
G1 X117.5 Y90.876 E1669.14873
G0 F9000 X117.499 Y91.137
G0 X120.889 Y91.138
G0 X120.89 Y90.677
G1 F1500 X121.04 Y90.526 E1669.1558
G0 F9000 X121.04 Y89.96
G1 F1500 X120.324 Y90.677 E1669.18951
G0 F9000 X119.758 Y90.677
G1 F1500 X121.04 Y89.395 E1669.24981
G0 F9000 X121.04 Y88.829
G1 F1500 X119.193 Y90.677 E1669.33671
G0 F9000 X118.627 Y90.677
G1 F1500 X121.04 Y88.263 E1669.45023
G0 F9000 X121.04 Y87.698
G1 F1500 X118.061 Y90.677 E1669.59036
G0 F9000 X117.496 Y90.677
G1 F1500 X121.04 Y87.132 E1669.75708
G0 F9000 X121.04 Y86.566
G1 F1500 X116.93 Y90.677 E1669.95042
G0 F9000 X116.364 Y90.677
G1 F1500 X121.04 Y86 E1670.17039
G0 F9000 X121.04 Y85.435
G1 F1500 X115.799 Y90.677 E1670.41694
G0 F9000 X115.233 Y90.677
G1 F1500 X121.04 Y84.869 E1670.6901
G0 F9000 X121.04 Y84.303
G1 F1500 X114.667 Y90.677 E1670.98989
G0 F9000 X114.102 Y90.677
G1 F1500 X121.04 Y83.738 E1671.31626
G0 F9000 X121.04 Y83.172
G1 F1500 X113.96 Y90.252 E1671.64928
G0 F9000 X113.96 Y89.687
G1 F1500 X121.04 Y82.606 E1671.98232
G0 F9000 X121.04 Y82.041
G1 F1500 X113.96 Y89.121 E1672.31535
G0 F9000 X113.96 Y88.555
G1 F1500 X121.04 Y81.475 E1672.64837
G0 F9000 X121.04 Y80.909
G1 F1500 X113.96 Y87.99 E1672.98141
G0 F9000 X113.96 Y87.424
G1 F1500 X121.04 Y80.344 E1673.31443
G0 F9000 X120.886 Y79.932
G1 F1500 X113.96 Y86.858 E1673.64021
G0 F9000 X113.96 Y86.292
G1 F1500 X120.321 Y79.932 E1673.93939
G0 F9000 X119.755 Y79.932
G1 F1500 X113.96 Y85.727 E1674.21197
G0 F9000 X113.96 Y85.161
G1 F1500 X119.189 Y79.932 E1674.45793
G0 F9000 X118.624 Y79.932
G1 F1500 X113.96 Y84.595 E1674.67728
G0 F9000 X113.96 Y84.03
G1 F1500 X118.058 Y79.932 E1674.87004
G0 F9000 X117.492 Y79.932
G1 F1500 X113.96 Y83.464 E1675.03617
G0 F9000 X113.96 Y82.898
G1 F1500 X116.926 Y79.932 E1675.17569
G0 F9000 X116.361 Y79.932
G1 F1500 X113.96 Y82.333 E1675.28862
G0 F9000 X113.96 Y81.767
G1 F1500 X115.795 Y79.932 E1675.37493
G0 F9000 X115.229 Y79.932
G1 F1500 X113.96 Y81.201 E1675.43462
G0 F9000 X113.96 Y80.636
G1 F1500 X114.664 Y79.932 E1675.46774
G0 F9000 X114.098 Y79.932
G1 F1500 X113.96 Y80.07 E1675.47423
G0 F9000 X113.21 Y80.07
G1 F2700 E1670.47423
;MESH:batclipholder.stl
G0 F9000 X112.441 Y94.839
G0 X112.247 Y96.599
G0 X112.247 Y97.691
G0 X107.752 Y116.835
G0 X107.621 Y118.146
;TYPE:WALL-INNER
G1 F2700 E1675.47423
G1 F1239.7 X111.263 Y124.477 E1675.76817
G0 F9000 X111.785 Y125.013
G0 X112.441 Y124.839
G0 X112.695 Y124.125
G1 F991.7 X112.7 Y122.636 E1675.84307
G0 F9000 X112.422 Y125.799
G1 F1685.4 X112.422 Y124.76 E1675.87383
G1 X112.245 Y124.952 E1675.88156
G1 X111.973 Y125.021 E1675.88987
G1 X112.422 Y125.799 E1675.91646
G0 F9000 X112.8 Y126.424
G1 F1500 X112.8 Y125.089 E1675.96086
G1 F1327.4 X112.748 Y124.607 E1675.97908
G1 F1075.3 X112.695 Y124.125 E1676.00158
G1 F1188.1 X112.15 Y124.586 E1676.03155
G1 F1500 X111.902 Y124.649 E1676.04006
G1 F1373 X111.263 Y124.477 E1676.06411
G1 X111.658 Y125.23 E1676.09501
G1 F1500 X112.346 Y126.424 E1676.14084
G1 X112.8 Y126.424 E1676.15594
G0 F9000 X112.52 Y126.146
G0 X112.962 Y122.201
G0 X117.5 Y121.238
G1 F1500 X121.601 Y121.241 E1676.29234
G1 X121.6 Y109.372 E1676.68711
G1 X113.4 Y109.372 E1676.95984
G1 X113.401 Y121.235 E1677.3544
G1 X117.5 Y121.238 E1677.49074
G0 F9000 X117.5 Y121.638
G1 F1500 X121.601 Y121.64 E1677.62714
G1 X122 Y121.773 E1677.64113
G1 X122 Y108.972 E1678.06689
G1 X113 Y108.972 E1678.36623
G1 X113 Y121.769 E1678.79186
G1 X113.401 Y121.636 E1678.80591
G1 X117.5 Y121.638 E1678.94224
G0 F9000 X117.5 Y122.038
G1 F1500 X121.601 Y122.04 E1679.07864
G1 X121.96 Y122.16 E1679.09123
G1 F1200 X122.3 Y122.64 E1679.11569
G1 X122.4 Y121.94 E1679.14509
G1 F1500 X122.4 Y108.572 E1679.58971
G1 X112.6 Y108.572 E1679.91566
G1 X112.6 Y121.935 E1680.36011
G1 F1200 X112.7 Y122.636 E1680.38955
G1 X113.04 Y122.155 E1680.41404
G1 F1500 X113.401 Y122.036 E1680.42668
G1 X117.5 Y122.038 E1680.56302
G0 F9000 X117.501 Y121.73
G0 X122.038 Y122.202
G0 X122.3 Y122.64
G1 F991.7 X122.305 Y124.125 E1680.63772
G0 F9000 X122.559 Y124.839
G0 X123.215 Y125.013
G0 X123.793 Y124.382
G1 F1271.2 X125.584 Y121.265 E1680.77881
G1 F1229.5 X127.376 Y118.148 E1680.9247
G0 F9000 X123.215 Y125.013
G0 X122.578 Y125.794
G1 F1694.9 X123.025 Y125.021 E1680.95099
G1 X122.752 Y124.95 E1680.95929
G1 X122.578 Y124.76 E1680.96687
G1 X122.578 Y125.794 E1680.99731
G0 F9000 X122.2 Y126.424
G1 F1500 X122.649 Y126.424 E1681.01224
G1 X123.336 Y125.235 E1681.05792
G1 F1388.9 X123.793 Y124.382 E1681.09268
G1 X123.091 Y124.649 E1681.11966
G1 F1500 X122.847 Y124.585 E1681.12805
G1 F1188.1 X122.305 Y124.125 E1681.1579
G1 F1075.3 X122.253 Y124.605 E1681.1803
G1 F1327.4 X122.201 Y125.085 E1681.19844
G1 F1500 X122.2 Y126.424 E1681.24298
G1 F2700 E1676.24298
G0 F9000 X122.48 Y126.146
G0 X122.038 Y122.202
G0 X117.501 Y122.13
G0 X117.5 Y122.438
;TYPE:WALL-OUTER
G1 F2700 E1681.24298
G1 F1500 X121.601 Y122.44 E1681.37938
G1 X121.72 Y122.48 E1681.38356
G1 X121.8 Y122.64 E1681.38951
G1 X121.8 Y126.824 E1681.52867
G1 X122.88 Y126.824 E1681.56459
G1 X128.151 Y117.701 E1681.91502
G1 X127.117 Y117.7 E1681.94941
G1 X123.418 Y124.168 E1682.19724
G1 X123.193 Y124.262 E1682.20535
G1 X122.949 Y124.198 E1682.21374
G1 X122.802 Y124.039 E1682.22094
G1 X122.8 Y108.172 E1682.74868
G1 X112.2 Y108.172 E1683.10123
G1 X112.198 Y124.039 E1683.62897
G1 X112.05 Y124.198 E1683.6362
G1 X111.802 Y124.262 E1683.64472
G1 X111.598 Y124.197 E1683.65184
G1 X107.88 Y117.7 E1683.90081
G1 X106.848 Y117.7 E1683.93514
G1 X112.116 Y126.824 E1684.28555
G1 X113.2 Y126.824 E1684.32161
G1 X113.2 Y122.636 E1684.4609
G1 X113.28 Y122.475 E1684.46688
G1 X113.401 Y122.436 E1684.47111
G1 X117.5 Y122.438 E1684.60744
G0 F9000 X117.501 Y122.13
G0 X117.499 Y121.137
G0 X117.5 Y120.876
;TYPE:SKIN
G1 F1500 X113.76 Y120.876 E1684.73183
G1 X113.76 Y109.732 E1685.10248
G1 X121.24 Y109.732 E1685.35127
G1 X121.24 Y120.876 E1685.72192
G1 X117.5 Y120.876 E1685.84631
G0 F9000 X117.499 Y121.137
G0 X121.428 Y121.067
G0 X121.5 Y120.508
G0 X121.04 Y120.508
G1 F1500 X120.871 Y120.676 E1685.85424
G0 F9000 X120.306 Y120.676
G1 F1500 X121.04 Y119.942 E1685.88876
G0 F9000 X121.04 Y119.377
G1 F1500 X119.74 Y120.676 E1685.94989
G0 F9000 X119.174 Y120.676
G1 F1500 X121.04 Y118.811 E1686.03764
G0 F9000 X121.04 Y118.245
G1 F1500 X118.609 Y120.676 E1686.15198
G0 F9000 X118.043 Y120.676
G1 F1500 X121.04 Y117.68 E1686.29293
G0 F9000 X121.04 Y117.114
G1 F1500 X117.477 Y120.676 E1686.4605
G0 F9000 X116.912 Y120.676
G1 F1500 X121.04 Y116.548 E1686.65467
G0 F9000 X121.04 Y115.982
G1 F1500 X116.346 Y120.676 E1686.87546
G0 F9000 X115.78 Y120.676
G1 F1500 X121.04 Y115.417 E1687.12285
G0 F9000 X121.04 Y114.851
G1 F1500 X115.215 Y120.676 E1687.39684
G0 F9000 X114.649 Y120.676
G1 F1500 X121.04 Y114.285 E1687.69745
G0 F9000 X121.04 Y113.72
G1 F1500 X114.083 Y120.676 E1688.02466
G0 F9000 X113.96 Y120.234
G1 F1500 X121.04 Y113.154 E1688.35769
G0 F9000 X121.04 Y112.588
G1 F1500 X113.96 Y119.668 E1688.69071
G0 F9000 X113.96 Y119.102
G1 F1500 X121.04 Y112.023 E1689.02371
G0 F9000 X121.04 Y111.457
G1 F1500 X113.96 Y118.537 E1689.35673
G0 F9000 X113.96 Y117.971
G1 F1500 X121.04 Y110.891 E1689.68975
G0 F9000 X121.04 Y110.326
G1 F1500 X113.96 Y117.405 E1690.02275
G0 F9000 X113.96 Y116.839
G1 F1500 X120.868 Y109.932 E1690.34765
G0 F9000 X120.302 Y109.932
G1 F1500 X113.96 Y116.274 E1690.64596
G0 F9000 X113.96 Y115.708
G1 F1500 X119.737 Y109.932 E1690.91767
G0 F9000 X119.171 Y109.932
G1 F1500 X113.96 Y115.142 E1691.16276
G0 F9000 X113.96 Y114.577
G1 F1500 X118.605 Y109.932 E1691.38124
G0 F9000 X118.039 Y109.932
G1 F1500 X113.96 Y114.011 E1691.57311
G0 F9000 X113.96 Y113.445
G1 F1500 X117.474 Y109.932 E1691.73837
G0 F9000 X116.908 Y109.932
G1 F1500 X113.96 Y112.88 E1691.87704
G0 F9000 X113.96 Y112.314
G1 F1500 X116.342 Y109.932 E1691.98908
G0 F9000 X115.777 Y109.932
G1 F1500 X113.96 Y111.748 E1692.07452
G0 F9000 X113.96 Y111.183
G1 F1500 X115.211 Y109.932 E1692.13336
G0 F9000 X114.645 Y109.932
G1 F1500 X113.96 Y110.617 E1692.16558
G0 F9000 X113.96 Y110.051
G1 F1500 X114.08 Y109.932 E1692.17121
G0 F9000 X114.08 Y109.184
G1 F2700 E1687.17121
;MESH:batclipholder.stl(3)
G0 F9000 X121.428 Y109.544
G0 X122.57 Y118.146
G0 X123.665 Y118.146
G0 X126.617 Y116.841
G0 X128.88 Y116.841
G0 X136.289 Y118.463
G0 X137.621 Y118.146
;TYPE:WALL-INNER
G1 F2700 E1692.17121
G1 F1239.7 X141.263 Y124.477 E1692.46515
G0 F9000 X141.785 Y125.013
G0 X142.441 Y124.839
G0 X142.695 Y124.125
G1 F991.7 X142.7 Y122.636 E1692.54005
G0 F9000 X142.422 Y125.799
G1 F1685.4 X142.422 Y124.76 E1692.57081
G1 X142.245 Y124.952 E1692.57854
G1 X141.973 Y125.021 E1692.58684
G1 X142.422 Y125.799 E1692.61343
G0 F9000 X142.346 Y126.424
G1 F1500 X142.8 Y126.424 E1692.62853
G1 X142.8 Y125.089 E1692.67294
G1 F1327.4 X142.748 Y124.607 E1692.69116
G1 F1075.3 X142.695 Y124.125 E1692.71366
G1 F1188.1 X142.15 Y124.586 E1692.74363
G1 F1500 X141.902 Y124.649 E1692.75214
G1 F1373 X141.263 Y124.477 E1692.77619
G1 X141.658 Y125.23 E1692.80708
G1 F1500 X142.346 Y126.424 E1692.85292
G0 F9000 X142.517 Y126.13
G0 X142.962 Y122.201
G0 X146.546 Y121.237
G1 F1500 X151.601 Y121.241 E1693.02105
G1 X151.6 Y109.372 E1693.41581
G1 X143.4 Y109.372 E1693.68855
G1 X143.401 Y121.235 E1694.08311
G1 X146.546 Y121.237 E1694.18771
G0 F9000 X146.444 Y121.637
G1 F1500 X151.601 Y121.64 E1694.35924
G1 X152 Y121.773 E1694.37322
G1 X152 Y108.972 E1694.79899
G1 X143 Y108.972 E1695.09833
G1 X143 Y121.769 E1695.52396
G1 X143.401 Y121.636 E1695.53801
G1 X146.444 Y121.637 E1695.63922
G0 F9000 X146.342 Y122.037
G1 F1500 X151.601 Y122.04 E1695.81414
G1 X151.96 Y122.16 E1695.82673
G1 F1200 X152.3 Y122.64 E1695.85118
G1 X152.4 Y121.94 E1695.88058
G1 F1500 X152.4 Y108.572 E1696.3252
G1 X142.6 Y108.572 E1696.65115
G1 X142.6 Y121.935 E1697.09561
G1 F1200 X142.7 Y122.636 E1697.12504
G1 X143.04 Y122.155 E1697.14953
G1 F1500 X143.401 Y122.036 E1697.16218
G1 X146.342 Y122.037 E1697.25999
G0 F9000 X146.343 Y121.73
G0 X152.038 Y122.202
G0 X152.3 Y122.64
G1 F991.7 X152.305 Y124.125 E1697.3347
G0 F9000 X152.559 Y124.839
G0 X153.215 Y125.013
G0 X153.793 Y124.382
G1 F1271.2 X155.584 Y121.265 E1697.47579
G1 F1229.5 X157.376 Y118.148 E1697.62168
G0 F9000 X153.215 Y125.013
G0 X152.578 Y125.794
G1 F1694.9 X153.025 Y125.021 E1697.64796
G1 X152.752 Y124.95 E1697.65627
G1 X152.578 Y124.76 E1697.66385
G1 X152.578 Y125.794 E1697.69429
G0 F9000 X152.2 Y126.424
G1 F1500 X152.649 Y126.424 E1697.70922
G1 X153.336 Y125.235 E1697.75489
G1 F1388.9 X153.793 Y124.382 E1697.78965
G1 X153.091 Y124.649 E1697.81663
G1 F1500 X152.847 Y124.585 E1697.82502
G1 F1188.1 X152.305 Y124.125 E1697.85487
G1 F1075.3 X152.253 Y124.605 E1697.87728
G1 F1327.4 X152.201 Y125.085 E1697.89542
G1 F1500 X152.2 Y126.424 E1697.93996
G1 F2700 E1692.93996
G0 F9000 X152.48 Y126.146
G0 X152.038 Y122.202
G0 X146.24 Y122.13
G0 X146.239 Y122.437
;TYPE:WALL-OUTER
G1 F2700 E1697.93996
G1 F1500 X151.601 Y122.44 E1698.1183
G1 X151.72 Y122.48 E1698.12247
G1 X151.8 Y122.64 E1698.12842
G1 X151.8 Y126.824 E1698.26758
G1 X152.88 Y126.824 E1698.3035
G1 X158.151 Y117.701 E1698.65394
G1 X157.117 Y117.7 E1698.68833
G1 X153.418 Y124.168 E1698.93615
G1 X153.193 Y124.262 E1698.94426
G1 X152.949 Y124.198 E1698.95265
G1 X152.802 Y124.039 E1698.95986
G1 X152.8 Y108.172 E1699.4876
G1 X142.2 Y108.172 E1699.84015
G1 X142.198 Y124.039 E1700.36789
G1 X142.05 Y124.198 E1700.37512
G1 X141.802 Y124.262 E1700.38364
G1 X141.598 Y124.197 E1700.39076
G1 X137.88 Y117.7 E1700.63973
G1 X136.848 Y117.7 E1700.67405
G1 X142.116 Y126.824 E1701.02447
G1 X143.2 Y126.824 E1701.06052
G1 X143.2 Y122.636 E1701.19982
G1 X143.28 Y122.475 E1701.2058
G1 X143.401 Y122.436 E1701.21002
G1 X146.239 Y122.437 E1701.30442
G0 F9000 X146.24 Y122.13
G0 X146.637 Y121.137
G0 X146.638 Y120.876
;TYPE:SKIN
G1 F1500 X143.76 Y120.876 E1701.40014
G1 X143.76 Y109.732 E1701.77079
G1 X151.24 Y109.732 E1702.01958
G1 X151.24 Y120.876 E1702.39023
G1 X146.638 Y120.876 E1702.54329
G0 F9000 X146.637 Y121.137
G0 X150.852 Y121.138
G0 X150.853 Y120.676
G1 F1500 X151.04 Y120.489 E1702.55209
G0 F9000 X151.04 Y119.923
G1 F1500 X150.287 Y120.676 E1702.58751
G0 F9000 X149.721 Y120.676
G1 F1500 X151.04 Y119.358 E1702.64952
G0 F9000 X151.04 Y118.792
G1 F1500 X149.156 Y120.676 E1702.73814
G0 F9000 X148.59 Y120.676
G1 F1500 X151.04 Y118.226 E1702.85338
G0 F9000 X151.04 Y117.66
G1 F1500 X148.024 Y120.676 E1702.99525
G0 F9000 X147.459 Y120.676
G1 F1500 X151.04 Y117.095 E1703.16368
G0 F9000 X151.04 Y116.529
G1 F1500 X146.893 Y120.676 E1703.35875
G0 F9000 X146.327 Y120.676
G1 F1500 X151.04 Y115.963 E1703.58043
G0 F9000 X151.04 Y115.398
G1 F1500 X145.762 Y120.676 E1703.82869
G0 F9000 X145.196 Y120.676
G1 F1500 X151.04 Y114.832 E1704.10358
G0 F9000 X151.04 Y114.266
G1 F1500 X144.63 Y120.676 E1704.40508
G0 F9000 X144.065 Y120.676
G1 F1500 X151.04 Y113.701 E1704.73317
G0 F9000 X151.04 Y113.135
G1 F1500 X143.96 Y120.215 E1705.06619
G0 F9000 X143.96 Y119.65
G1 F1500 X151.04 Y112.569 E1705.39923
G0 F9000 X151.04 Y112.004
G1 F1500 X143.96 Y119.084 E1705.73225
G0 F9000 X143.96 Y118.518
G1 F1500 X151.04 Y111.438 E1706.06528
G0 F9000 X151.04 Y110.872
G1 F1500 X143.96 Y117.952 E1706.3983
G0 F9000 X143.96 Y117.387
G1 F1500 X151.04 Y110.307 E1706.73132
G0 F9000 X150.849 Y109.932
G1 F1500 X143.96 Y116.821 E1707.05536
G0 F9000 X143.96 Y116.255
G1 F1500 X150.284 Y109.932 E1707.35279
G0 F9000 X149.718 Y109.932
G1 F1500 X143.96 Y115.69 E1707.62363
G0 F9000 X143.96 Y115.124
G1 F1500 X149.152 Y109.932 E1707.86785
G0 F9000 X148.586 Y109.932
G1 F1500 X143.96 Y114.558 E1708.08544
G0 F9000 X143.96 Y113.993
G1 F1500 X148.021 Y109.932 E1708.27646
G0 F9000 X147.455 Y109.932
G1 F1500 X143.96 Y113.427 E1708.44085
G0 F9000 X143.96 Y112.861
G1 F1500 X146.889 Y109.932 E1708.57862
G0 F9000 X146.324 Y109.932
G1 F1500 X143.96 Y112.296 E1708.68982
G0 F9000 X143.96 Y111.73
G1 F1500 X145.758 Y109.932 E1708.77439
G0 F9000 X145.192 Y109.932
G1 F1500 X143.96 Y111.164 E1708.83234
G0 F9000 X143.96 Y110.599
G1 F1500 X144.627 Y109.932 E1708.86371
G0 F9000 X144.061 Y109.932
G1 F1500 X143.96 Y110.033 E1708.86846
G0 F9000 X143.21 Y110.033
G1 F2700 E1703.86846
;MESH:batclipholder.stl(2)
G0 F9000 X142.422 Y108.404
G0 X142.422 Y107.309
G0 X142.422 Y97.691
G0 X142.422 Y96.596
G0 X142.422 Y95.799
;TYPE:WALL-INNER
G1 F2700 E1708.86846
G1 F1685.4 X142.422 Y94.76 E1708.89922
G1 X142.245 Y94.952 E1708.90695
G1 X141.973 Y95.021 E1708.91526
G1 X142.422 Y95.799 E1708.94185
G0 F9000 X142.346 Y96.424
G1 F1500 X142.8 Y96.424 E1708.95695
G1 X142.8 Y95.089 E1709.00135
G1 F1327.4 X142.748 Y94.607 E1709.01957
G1 F1075.3 X142.695 Y94.125 E1709.04207
G1 F1188.1 X142.15 Y94.586 E1709.07204
G1 F1500 X141.902 Y94.649 E1709.08055
G1 F1373 X141.263 Y94.477 E1709.1046
G1 X141.658 Y95.23 E1709.1355
G1 F1500 X142.346 Y96.424 E1709.18133
G0 F9000 X142.517 Y96.13
G0 X141.263 Y94.477
G1 F1239.7 X137.621 Y88.146 E1709.47527
G0 F9000 X141.785 Y95.013
G0 X142.441 Y94.839
G0 X142.7 Y92.636
G1 F991.7 X142.695 Y94.125 E1709.55018
G0 F9000 X142.962 Y92.201
G0 X146.74 Y91.237
G1 F1500 X151.601 Y91.241 E1709.71185
G1 X151.6 Y79.372 E1710.10662
G1 X143.4 Y79.372 E1710.37935
G1 X143.401 Y91.235 E1710.77392
G1 X146.74 Y91.237 E1710.88497
G0 F9000 X146.658 Y91.638
G1 F1500 X151.601 Y91.64 E1711.04938
G1 X152 Y91.773 E1711.06337
G1 X152 Y78.972 E1711.48913
G1 X143 Y78.972 E1711.78847
G1 X143 Y91.769 E1712.2141
G1 X143.401 Y91.636 E1712.22815
G1 X146.658 Y91.638 E1712.33648
G0 F9000 X146.577 Y92.038
G1 F1500 X151.601 Y92.04 E1712.50358
G1 X151.96 Y92.16 E1712.51617
G1 F1200 X152.3 Y92.64 E1712.54062
G1 X152.4 Y91.94 E1712.57002
G1 F1500 X152.4 Y78.572 E1713.01464
G1 X142.6 Y78.572 E1713.34059
G1 X142.6 Y91.935 E1713.78505
G1 F1200 X142.7 Y92.636 E1713.81449
G1 X143.04 Y92.155 E1713.83898
G1 F1500 X143.401 Y92.036 E1713.85162
G1 X146.577 Y92.038 E1713.95725
G0 F9000 X146.578 Y91.73
G0 X152.038 Y92.202
G0 X152.3 Y92.64
G1 F991.7 X152.305 Y94.125 E1714.03196
G0 F9000 X152.559 Y94.839
G0 X153.215 Y95.013
G0 X153.793 Y94.382
G1 F1271.2 X155.584 Y91.265 E1714.17305
G1 F1229.5 X157.376 Y88.148 E1714.31894
G0 F9000 X153.215 Y95.013
G0 X152.578 Y95.794
G1 F1694.9 X153.025 Y95.021 E1714.34522
G1 X152.752 Y94.95 E1714.35353
G1 X152.578 Y94.76 E1714.36111
G1 X152.578 Y95.794 E1714.39155
G0 F9000 X152.2 Y96.424
G1 F1500 X152.649 Y96.424 E1714.40648
G1 X153.336 Y95.235 E1714.45215
G1 F1388.9 X153.793 Y94.382 E1714.48691
G1 X153.091 Y94.649 E1714.51389
G1 F1500 X152.847 Y94.585 E1714.52228
G1 F1188.1 X152.305 Y94.125 E1714.55213
G1 F1075.3 X152.253 Y94.605 E1714.57453
G1 F1327.4 X152.201 Y95.085 E1714.59268
G1 F1500 X152.2 Y96.424 E1714.63722
G1 F2700 E1709.63722
G0 F9000 X152.48 Y96.146
G0 X152.038 Y92.202
G0 X146.497 Y92.13
G0 X146.496 Y92.438
;TYPE:WALL-OUTER
G1 F2700 E1714.63722
G1 F1500 X151.601 Y92.44 E1714.80701
G1 X151.72 Y92.48 E1714.81118
G1 X151.8 Y92.64 E1714.81713
G1 X151.8 Y96.824 E1714.95629
G1 X152.88 Y96.824 E1714.99222
G1 X158.151 Y87.701 E1715.34265
G1 X157.117 Y87.7 E1715.37704
G1 X153.418 Y94.168 E1715.62487
G1 X153.193 Y94.262 E1715.63298
G1 X152.949 Y94.198 E1715.64137
G1 X152.802 Y94.039 E1715.64857
G1 X152.8 Y78.172 E1716.17631
G1 X142.2 Y78.172 E1716.52886
G1 X142.198 Y94.039 E1717.0566
G1 X142.05 Y94.198 E1717.06383
G1 X141.802 Y94.262 E1717.07235
G1 X141.598 Y94.197 E1717.07947
G1 X137.88 Y87.7 E1717.32844
G1 X136.848 Y87.7 E1717.36276
G1 X142.116 Y96.824 E1717.71318
G1 X143.2 Y96.824 E1717.74923
G1 X143.2 Y92.636 E1717.88853
G1 X143.28 Y92.475 E1717.89451
G1 X143.401 Y92.436 E1717.89874
G1 X146.496 Y92.438 E1718.00168
G0 F9000 X146.497 Y92.13
G0 X146.812 Y91.137
G0 X146.813 Y90.876
;TYPE:SKIN
G1 F1500 X143.76 Y90.876 E1718.10322
G1 X143.76 Y79.732 E1718.47387
G1 X151.24 Y79.732 E1718.72266
G1 X151.24 Y90.876 E1719.09331
G1 X146.813 Y90.876 E1719.24055
G0 F9000 X146.812 Y91.137
G0 X150.87 Y91.138
G0 X150.871 Y90.677
G1 F1500 X151.04 Y90.508 E1719.2485
G0 F9000 X151.04 Y89.942
G1 F1500 X150.305 Y90.677 E1719.28307
G0 F9000 X149.74 Y90.677
G1 F1500 X151.04 Y89.376 E1719.34424
G0 F9000 X151.04 Y88.81
G1 F1500 X149.174 Y90.677 E1719.43204
G0 F9000 X148.608 Y90.677
G1 F1500 X151.04 Y88.245 E1719.54643
G0 F9000 X151.04 Y87.679
G1 F1500 X148.043 Y90.677 E1719.68742
G0 F9000 X147.477 Y90.677
G1 F1500 X151.04 Y87.113 E1719.85504
G0 F9000 X151.04 Y86.548
G1 F1500 X146.911 Y90.677 E1720.04926
G0 F9000 X146.346 Y90.677
G1 F1500 X151.04 Y85.982 E1720.27007
G0 F9000 X151.04 Y85.416
G1 F1500 X145.78 Y90.677 E1720.51751
G0 F9000 X145.214 Y90.677
G1 F1500 X151.04 Y84.851 E1720.79155
G0 F9000 X151.04 Y84.285
G1 F1500 X144.649 Y90.677 E1721.09218
G0 F9000 X144.083 Y90.677
G1 F1500 X151.04 Y83.719 E1721.41944
G0 F9000 X151.04 Y83.154
G1 F1500 X143.961 Y90.233 E1721.75242
G0 F9000 X143.961 Y89.668
G1 F1500 X151.04 Y82.588 E1722.08541
G0 F9000 X151.04 Y82.022
G1 F1500 X143.961 Y89.102 E1722.41841
G0 F9000 X143.961 Y88.536
G1 F1500 X151.04 Y81.457 E1722.75139
G0 F9000 X151.04 Y80.891
G1 F1500 X143.961 Y87.97 E1723.08436
G0 F9000 X143.961 Y87.405
G1 F1500 X151.04 Y80.325 E1723.41736
G0 F9000 X150.868 Y79.932
G1 F1500 X143.961 Y86.839 E1723.74224
G0 F9000 X143.961 Y86.273
G1 F1500 X150.302 Y79.932 E1724.0405
G0 F9000 X149.736 Y79.932
G1 F1500 X143.961 Y85.708 E1724.31217
G0 F9000 X143.961 Y85.142
G1 F1500 X149.171 Y79.932 E1724.55723
G0 F9000 X148.605 Y79.932
G1 F1500 X143.961 Y84.576 E1724.77567
G0 F9000 X143.961 Y84.011
G1 F1500 X148.039 Y79.932 E1724.96751
G0 F9000 X147.473 Y79.932
G1 F1500 X143.961 Y83.445 E1725.13273
G0 F9000 X143.961 Y82.879
G1 F1500 X146.908 Y79.932 E1725.27134
G0 F9000 X146.342 Y79.932
G1 F1500 X143.961 Y82.314 E1725.38336
G0 F9000 X143.961 Y81.748
G1 F1500 X145.776 Y79.932 E1725.46876
G0 F9000 X145.211 Y79.932
G1 F1500 X143.961 Y81.182 E1725.52755
G0 F9000 X143.961 Y80.617
G1 F1500 X144.645 Y79.932 E1725.55975
G0 F9000 X144.079 Y79.932
G1 F1500 X143.961 Y80.051 E1725.56532
G0 F9000 X143.21 Y80.051
G1 F2700 E1720.56532
;MESH:NONMESH
G0 F300 X143.21 Y80.051 Z6.6
G0 F9000 X142.43 Y79.585
G0 X141.335 Y79.585
G0 X123.665 Y79.585
G0 X122.57 Y79.585
G0 X121.428 Y79.544
G0 X114.358 Y79.544
G0 X113.034 Y79.585
;TIME_ELAPSED:3102.966134
;LAYER:32
;TYPE:WALL-INNER
;MESH:batclipholder.stl(1)
G1 F2700 E1725.56532
G1 F1282.1 X113.291 Y79.471 E1725.57626
G1 X121.709 Y79.471 E1725.90385
G1 F1284.8 X121.967 Y79.585 E1725.9148
G1 X121.967 Y79.005 E1725.93732
G1 F1282.1 X113.034 Y79.006 E1726.28494
G1 X113.034 Y79.585 E1726.30747
G0 F9000 X122.038 Y80.062
G0 X122.3 Y80.5
G1 F1200 X122.4 Y79.869 E1726.33404
G1 F1500 X122.4 Y78.572 E1726.37717
G1 X112.6 Y78.572 E1726.70312
G1 X112.6 Y79.869 E1726.74626
G1 F1200 X112.7 Y80.5 E1726.77282
G1 X113.002 Y80.05 E1726.79535
G1 F1500 X113.337 Y79.903 E1726.80752
G1 X121.663 Y79.902 E1727.08445
G1 X121.998 Y80.05 E1727.09663
G1 F1200 X122.3 Y80.5 E1727.11916
G1 F991.7 X122.305 Y94.125 E1727.80458
G0 F9000 X122.559 Y94.839
G0 X123.215 Y95.013
G0 X123.793 Y94.382
G1 F1271.2 X125.584 Y91.265 E1727.94567
G1 F1229.5 X127.376 Y88.148 E1728.09156
G0 F9000 X123.215 Y95.013
G0 X122.578 Y95.794
G1 F1694.9 X123.025 Y95.021 E1728.11784
G1 X122.752 Y94.95 E1728.12615
G1 X122.578 Y94.76 E1728.13373
G1 X122.578 Y95.794 E1728.16417
G0 F9000 X122.2 Y96.424
G1 F1500 X122.649 Y96.424 E1728.1791
G1 X123.336 Y95.235 E1728.22477
G1 F1388.9 X123.793 Y94.382 E1728.25953
G1 X123.091 Y94.649 E1728.28651
G1 F1500 X122.847 Y94.585 E1728.2949
G1 F1188.1 X122.305 Y94.125 E1728.32475
G1 F1075.3 X122.253 Y94.605 E1728.34715
G1 F1327.4 X122.201 Y95.085 E1728.3653
G1 F1500 X122.2 Y96.424 E1728.40984
G1 F2700 E1723.40984
G0 F9000 X122.48 Y96.146
G0 X122.038 Y80.062
G0 X112.962 Y80.062
G0 X112.695 Y94.125
G1 F2700 E1728.40984
G1 F991.7 X112.7 Y80.5 E1729.09525
G0 F9000 X112.441 Y94.839
G0 X111.785 Y95.013
G0 X107.621 Y88.146
G1 F1239.7 X111.263 Y94.477 E1729.38919
G0 F9000 X112.422 Y95.799
G1 F1685.4 X112.422 Y94.76 E1729.41995
G1 X112.245 Y94.952 E1729.42768
G1 X111.973 Y95.021 E1729.43599
G1 X112.422 Y95.799 E1729.46258
G0 F9000 X112.8 Y96.424
G1 F1500 X112.8 Y95.089 E1729.50698
G1 F1327.4 X112.748 Y94.607 E1729.5252
G1 F1075.3 X112.695 Y94.125 E1729.5477
G1 F1188.1 X112.15 Y94.586 E1729.57767
G1 F1500 X111.902 Y94.649 E1729.58618
G1 F1373 X111.263 Y94.477 E1729.61023
G1 X111.658 Y95.23 E1729.64113
G1 F1500 X112.346 Y96.424 E1729.68696
G1 X112.8 Y96.424 E1729.70206
G0 F9000 X113.2 Y96.824
;TYPE:WALL-OUTER
G1 F1500 X113.2 Y80.5 E1730.245
G1 X113.267 Y80.35 E1730.25046
G1 X113.379 Y80.301 E1730.25453
G1 X121.621 Y80.3 E1730.52866
G1 X121.733 Y80.35 E1730.53274
G1 X121.8 Y80.5 E1730.5382
G1 X121.8 Y96.824 E1731.08114
G1 X122.88 Y96.824 E1731.11706
G1 X128.151 Y87.701 E1731.4675
G1 X127.117 Y87.7 E1731.50189
G1 X123.418 Y94.168 E1731.74971
G1 X123.193 Y94.262 E1731.75782
G1 X122.949 Y94.198 E1731.76621
G1 X122.802 Y94.039 E1731.77341
G1 X122.8 Y78.172 E1732.30115
G1 X112.2 Y78.172 E1732.65371
G1 X112.198 Y94.039 E1733.18145
G1 X112.05 Y94.198 E1733.18867
G1 X111.802 Y94.262 E1733.19719
G1 X111.598 Y94.197 E1733.20431
G1 X107.88 Y87.7 E1733.45329
G1 X106.848 Y87.7 E1733.48761
G1 X112.116 Y96.824 E1733.83803
G1 X113.2 Y96.824 E1733.87408
G1 F2700 E1728.87408
;MESH:batclipholder.stl
G0 F9000 X112.92 Y96.546
G0 X112.976 Y97.691
G0 X112.976 Y107.309
G0 X112.976 Y108.404
G0 X113.034 Y109.585
;TYPE:WALL-INNER
G1 F2700 E1733.87408
G1 F1282.1 X113.291 Y109.471 E1733.88502
G1 X121.709 Y109.471 E1734.2126
G1 F1284.8 X121.967 Y109.585 E1734.22356
G1 X121.967 Y109.005 E1734.24608
G1 F1282.1 X113.034 Y109.006 E1734.5937
G1 X113.034 Y109.585 E1734.61623
G0 F9000 X122.038 Y110.062
G0 X122.3 Y110.5
G1 F1200 X122.4 Y109.869 E1734.64279
G1 F1500 X122.4 Y108.572 E1734.68593
G1 X112.6 Y108.572 E1735.01188
G1 X112.6 Y109.869 E1735.05502
G1 F1200 X112.7 Y110.5 E1735.08158
G1 X113.002 Y110.05 E1735.10411
G1 F1500 X113.337 Y109.903 E1735.11628
G1 X121.663 Y109.902 E1735.3932
G1 X121.998 Y110.05 E1735.40538
G1 F1200 X122.3 Y110.5 E1735.42791
G1 F991.7 X122.305 Y124.125 E1736.11333
G0 F9000 X122.559 Y124.839
G0 X123.215 Y125.013
G0 X123.793 Y124.382
G1 F1271.2 X125.584 Y121.265 E1736.25442
G1 F1229.5 X127.376 Y118.148 E1736.40031
G0 F9000 X123.215 Y125.013
G0 X122.578 Y125.794
G1 F1694.9 X123.025 Y125.021 E1736.4266
G1 X122.752 Y124.95 E1736.4349
G1 X122.578 Y124.76 E1736.44249
G1 X122.578 Y125.794 E1736.47292
G0 F9000 X122.2 Y126.424
G1 F1500 X122.649 Y126.424 E1736.48786
G1 X123.336 Y125.235 E1736.53353
G1 F1388.9 X123.793 Y124.382 E1736.56829
G1 X123.091 Y124.649 E1736.59527
G1 F1500 X122.847 Y124.585 E1736.60366
G1 F1188.1 X122.305 Y124.125 E1736.63351
G1 F1075.3 X122.253 Y124.605 E1736.65591
G1 F1327.4 X122.201 Y125.085 E1736.67406
G1 F1500 X122.2 Y126.424 E1736.71859
G1 F2700 E1731.71859
G0 F9000 X122.48 Y126.146
G0 X122.038 Y110.062
G0 X112.962 Y110.062
G0 X112.695 Y124.125
G1 F2700 E1736.71859
G1 F991.7 X112.7 Y110.5 E1737.40401
G0 F9000 X112.441 Y124.839
G0 X111.785 Y125.013
G0 X107.621 Y118.146
G1 F1239.7 X111.263 Y124.477 E1737.69795
G0 F9000 X112.422 Y125.799
G1 F1685.4 X112.422 Y124.76 E1737.72871
G1 X112.245 Y124.952 E1737.73644
G1 X111.973 Y125.021 E1737.74474
G1 X112.422 Y125.799 E1737.77133
G0 F9000 X112.8 Y126.424
G1 F1500 X112.8 Y125.089 E1737.81574
G1 F1327.4 X112.748 Y124.607 E1737.83396
G1 F1075.3 X112.695 Y124.125 E1737.85645
G1 F1188.1 X112.15 Y124.586 E1737.88643
G1 F1500 X111.902 Y124.649 E1737.89494
G1 F1373 X111.263 Y124.477 E1737.91898
G1 X111.658 Y125.23 E1737.94988
G1 F1500 X112.346 Y126.424 E1737.99572
G1 X112.8 Y126.424 E1738.01082
G0 F9000 X113.2 Y126.824
;TYPE:WALL-OUTER
G1 F1500 X113.2 Y110.5 E1738.55375
G1 X113.267 Y110.35 E1738.55922
G1 X113.379 Y110.301 E1738.56328
G1 X121.621 Y110.3 E1738.83741
G1 X121.733 Y110.35 E1738.84149
G1 X121.8 Y110.5 E1738.84696
G1 X121.8 Y126.824 E1739.3899
G1 X122.88 Y126.824 E1739.42582
G1 X128.151 Y117.701 E1739.77625
G1 X127.117 Y117.7 E1739.81065
G1 X123.418 Y124.168 E1740.05847
G1 X123.193 Y124.262 E1740.06658
G1 X122.949 Y124.198 E1740.07497
G1 X122.802 Y124.039 E1740.08217
G1 X122.8 Y108.172 E1740.60991
G1 X112.2 Y108.172 E1740.96247
G1 X112.198 Y124.039 E1741.4902
G1 X112.05 Y124.198 E1741.49743
G1 X111.802 Y124.262 E1741.50595
G1 X111.598 Y124.197 E1741.51307
G1 X107.88 Y117.7 E1741.76204
G1 X106.848 Y117.7 E1741.79637
G1 X112.116 Y126.824 E1742.14678
G1 X113.2 Y126.824 E1742.18284
G1 F2700 E1737.18284
;MESH:batclipholder.stl(3)
G0 F9000 X112.92 Y126.546
G0 X112.962 Y110.062
G0 X122.038 Y110.062
G0 X122.559 Y124.839
G0 X123.215 Y125.013
G0 X127.773 Y117.92
G0 X128.712 Y118.462
G0 X136.289 Y118.463
G0 X137.621 Y118.146
;TYPE:WALL-INNER
G1 F2700 E1742.18284
G1 F1239.7 X141.263 Y124.477 E1742.47678
G0 F9000 X141.785 Y125.013
G0 X142.441 Y124.839
G0 X142.695 Y124.125
G1 F991.7 X142.7 Y110.5 E1743.1622
G0 F9000 X143.034 Y109.585
G1 F1282.1 X143.291 Y109.471 E1743.17314
G1 X151.709 Y109.471 E1743.50072
G1 F1284.8 X151.967 Y109.585 E1743.51167
G1 X151.967 Y109.005 E1743.53419
G1 F1282.1 X143.034 Y109.006 E1743.88181
G1 X143.034 Y109.585 E1743.90435
G0 F9000 X142.7 Y110.5
G1 F1200 X143.002 Y110.05 E1743.92688
G1 F1500 X143.337 Y109.903 E1743.93905
G1 X151.663 Y109.902 E1744.21597
G1 X151.998 Y110.05 E1744.22815
G1 F1200 X152.3 Y110.5 E1744.25068
G1 X152.4 Y109.869 E1744.27724
G1 F1500 X152.4 Y108.572 E1744.32038
G1 X142.6 Y108.572 E1744.64633
G1 X142.6 Y109.869 E1744.68947
G1 F1200 X142.7 Y110.5 E1744.71603
G0 F9000 X142.962 Y110.062
G0 X152.038 Y110.062
G0 X152.3 Y110.5
G1 F991.7 X152.305 Y124.125 E1745.40145
G0 F9000 X152.559 Y124.839
G0 X153.215 Y125.013
G0 X153.793 Y124.382
G1 F1271.2 X155.584 Y121.265 E1745.54254
G1 F1229.5 X157.376 Y118.148 E1745.68843
G0 F9000 X153.215 Y125.013
G0 X152.578 Y125.794
G1 F1694.9 X153.025 Y125.021 E1745.71471
G1 X152.752 Y124.95 E1745.72302
G1 X152.578 Y124.76 E1745.7306
G1 X152.578 Y125.794 E1745.76104
G0 F9000 X152.2 Y126.424
G1 F1500 X152.649 Y126.424 E1745.77597
G1 X153.336 Y125.235 E1745.82164
G1 F1388.9 X153.793 Y124.382 E1745.8564
G1 X153.091 Y124.649 E1745.88338
G1 F1500 X152.847 Y124.585 E1745.89177
G1 F1188.1 X152.305 Y124.125 E1745.92162
G1 F1075.3 X152.253 Y124.605 E1745.94403
G1 F1327.4 X152.201 Y125.085 E1745.96217
G1 F1500 X152.2 Y126.424 E1746.00671
G1 F2700 E1741.00671
G0 F9000 X152.48 Y126.146
G0 X152.038 Y110.062
G0 X142.962 Y110.062
G0 X142.422 Y125.799
G1 F2700 E1746.00671
G1 F1685.4 X142.422 Y124.76 E1746.03746
G1 X142.245 Y124.952 E1746.04519
G1 X141.973 Y125.021 E1746.0535
G1 X142.422 Y125.799 E1746.08009
G0 F9000 X142.346 Y126.424
G1 F1500 X142.8 Y126.424 E1746.09519
G1 X142.8 Y125.089 E1746.13959
G1 F1327.4 X142.748 Y124.607 E1746.15781
G1 F1075.3 X142.695 Y124.125 E1746.18031
G1 F1188.1 X142.15 Y124.586 E1746.21029
G1 F1500 X141.902 Y124.649 E1746.2188
G1 F1373 X141.263 Y124.477 E1746.24284
G1 X141.658 Y125.23 E1746.27374
G1 F1500 X142.346 Y126.424 E1746.31957
G0 F9000 X142.116 Y126.824
;TYPE:WALL-OUTER
G1 F1500 X143.2 Y126.824 E1746.35563
G1 X143.2 Y110.5 E1746.89856
G1 X143.267 Y110.35 E1746.90403
G1 X143.379 Y110.301 E1746.9081
G1 X151.621 Y110.3 E1747.18223
G1 X151.733 Y110.35 E1747.1863
G1 X151.8 Y110.5 E1747.19177
G1 X151.8 Y126.824 E1747.73471
G1 X152.88 Y126.824 E1747.77063
G1 X158.151 Y117.701 E1748.12107
G1 X157.117 Y117.7 E1748.15546
G1 X153.418 Y124.168 E1748.40328
G1 X153.193 Y124.262 E1748.41139
G1 X152.949 Y124.198 E1748.41978
G1 X152.802 Y124.039 E1748.42698
G1 X152.8 Y108.172 E1748.95472
G1 X142.2 Y108.172 E1749.30728
G1 X142.198 Y124.039 E1749.83502
G1 X142.05 Y124.198 E1749.84224
G1 X141.802 Y124.262 E1749.85076
G1 X141.598 Y124.197 E1749.85788
G1 X137.88 Y117.7 E1750.10685
G1 X136.848 Y117.7 E1750.14118
G1 X142.116 Y126.824 E1750.49159
G1 F2700 E1745.49159
;MESH:batclipholder.stl(2)
G0 F9000 X142.287 Y126.53
G0 X142.412 Y125.16
G0 X142.424 Y108.398
G0 X142.424 Y107.309
G0 X142.424 Y97.691
G0 X142.424 Y96.596
G0 X142.422 Y95.799
;TYPE:WALL-INNER
G1 F2700 E1750.49159
G1 F1685.4 X142.422 Y94.76 E1750.52235
G1 X142.245 Y94.952 E1750.53008
G1 X141.973 Y95.021 E1750.53839
G1 X142.422 Y95.799 E1750.56498
G0 F9000 X142.346 Y96.424
G1 F1500 X142.8 Y96.424 E1750.58008
G1 X142.8 Y95.089 E1750.62448
G1 F1327.4 X142.748 Y94.607 E1750.6427
G1 F1075.3 X142.695 Y94.125 E1750.6652
G1 F1188.1 X142.15 Y94.586 E1750.69517
G1 F1500 X141.902 Y94.649 E1750.70368
G1 F1373 X141.263 Y94.477 E1750.72773
G1 X141.658 Y95.23 E1750.75863
G1 F1500 X142.346 Y96.424 E1750.80446
G0 F9000 X142.517 Y96.13
G0 X141.263 Y94.477
G1 F1239.7 X137.621 Y88.146 E1751.0984
G0 F9000 X141.785 Y95.013
G0 X142.441 Y94.839
G0 X142.695 Y94.125
G1 F991.7 X142.7 Y80.5 E1751.78382
G0 F9000 X143.034 Y79.585
G1 F1282.1 X143.291 Y79.471 E1751.79476
G1 X151.709 Y79.471 E1752.12234
G1 F1284.8 X151.967 Y79.585 E1752.13329
G1 X151.967 Y79.005 E1752.15581
G1 F1282.1 X143.034 Y79.006 E1752.50344
G1 X143.034 Y79.585 E1752.52597
G0 F9000 X142.7 Y80.5
G1 F1200 X143.002 Y80.05 E1752.5485
G1 F1500 X143.337 Y79.903 E1752.56067
G1 X151.663 Y79.902 E1752.83759
G1 X151.998 Y80.05 E1752.84977
G1 F1200 X152.3 Y80.5 E1752.8723
G1 X152.4 Y79.869 E1752.89886
G1 F1500 X152.4 Y78.572 E1752.942
G1 X142.6 Y78.572 E1753.26795
G1 X142.6 Y79.869 E1753.31109
G1 F1200 X142.7 Y80.5 E1753.33765
G0 F9000 X142.962 Y80.062
G0 X152.038 Y80.062
G0 X152.3 Y80.5
G1 F991.7 X152.305 Y94.125 E1754.02307
G0 F9000 X152.559 Y94.839
G0 X153.215 Y95.013
G0 X153.793 Y94.382
G1 F1271.2 X155.584 Y91.265 E1754.16416
G1 F1229.5 X157.376 Y88.148 E1754.31005
G0 F9000 X153.215 Y95.013
G0 X152.578 Y95.794
G1 F1694.9 X153.025 Y95.021 E1754.33634
G1 X152.752 Y94.95 E1754.34464
G1 X152.578 Y94.76 E1754.35222
G1 X152.578 Y95.794 E1754.38266
G0 F9000 X152.2 Y96.424
G1 F1500 X152.649 Y96.424 E1754.39759
G1 X153.336 Y95.235 E1754.44327
G1 F1388.9 X153.793 Y94.382 E1754.47803
G1 X153.091 Y94.649 E1754.50501
G1 F1500 X152.847 Y94.585 E1754.5134
G1 F1188.1 X152.305 Y94.125 E1754.54325
G1 F1075.3 X152.253 Y94.605 E1754.56565
G1 F1327.4 X152.201 Y95.085 E1754.58379
G1 F1500 X152.2 Y96.424 E1754.62833
G1 F2700 E1749.62833
G0 F9000 X152.48 Y96.146
G0 X152.038 Y80.062
G0 X142.962 Y80.062
G0 X142.955 Y89.385
G0 X142.287 Y96.53
G0 X142.116 Y96.824
;TYPE:WALL-OUTER
G1 F2700 E1754.62833
G1 F1500 X143.2 Y96.824 E1754.66438
G1 X143.2 Y80.5 E1755.20732
G1 X143.267 Y80.35 E1755.21279
G1 X143.379 Y80.301 E1755.21685
G1 X151.621 Y80.3 E1755.49098
G1 X151.733 Y80.35 E1755.49506
G1 X151.8 Y80.5 E1755.50052
G1 X151.8 Y96.824 E1756.04346
G1 X152.88 Y96.824 E1756.07938
G1 X158.151 Y87.701 E1756.42982
G1 X157.117 Y87.7 E1756.46421
G1 X153.418 Y94.168 E1756.71203
G1 X153.193 Y94.262 E1756.72014
G1 X152.949 Y94.198 E1756.72853
G1 X152.802 Y94.039 E1756.73574
G1 X152.8 Y78.172 E1757.26348
G1 X142.2 Y78.172 E1757.61603
G1 X142.198 Y94.039 E1758.14377
G1 X142.05 Y94.198 E1758.151
G1 X141.802 Y94.262 E1758.15951
G1 X141.598 Y94.197 E1758.16664
G1 X137.88 Y87.7 E1758.41561
G1 X136.848 Y87.7 E1758.44993
G1 X142.116 Y96.824 E1758.80035
G1 F2700 E1753.80035
;MESH:NONMESH
G0 F300 X142.116 Y96.824 Z6.8
G0 F9000 X142.287 Y96.53
G0 X137.227 Y87.92
G0 X136.289 Y88.463
G0 X128.88 Y86.841
G0 X126.617 Y86.841
G0 X123.665 Y87.92
G0 X122.57 Y87.92
G0 X122.038 Y80.062
G0 X113.034 Y79.585
;TIME_ELAPSED:3162.525920
;LAYER:33
;TYPE:WALL-INNER
;MESH:batclipholder.stl(1)
G1 F2700 E1758.80035
G1 F1282.1 X113.291 Y79.471 E1758.81129
G1 X121.709 Y79.471 E1759.13887
G1 F1284.8 X121.967 Y79.585 E1759.14982
G1 X121.967 Y79.005 E1759.17235
G1 F1282.1 X113.034 Y79.006 E1759.51997
G1 X113.034 Y79.585 E1759.5425
G0 F9000 X122.038 Y80.062
G0 X122.3 Y80.5
G1 F1200 X122.4 Y79.869 E1759.56906
G1 F1500 X122.4 Y78.572 E1759.6122
G1 X112.6 Y78.572 E1759.93815
G1 X112.6 Y79.869 E1759.98129
G1 F1200 X112.7 Y80.5 E1760.00785
G1 X113.002 Y80.05 E1760.03038
G1 F1500 X113.337 Y79.903 E1760.04255
G1 X121.663 Y79.902 E1760.31947
G1 X121.998 Y80.05 E1760.33165
G1 F1200 X122.3 Y80.5 E1760.35418
G1 F991.7 X122.305 Y94.125 E1761.0396
G0 F9000 X122.559 Y94.839
G0 X123.215 Y95.013
G0 X123.793 Y94.382
G1 F1271.2 X125.584 Y91.265 E1761.18069
G1 F1229.5 X127.376 Y88.148 E1761.32658
G0 F9000 X123.215 Y95.013
G0 X122.578 Y95.794
G1 F1694.9 X123.025 Y95.021 E1761.35287
G1 X122.752 Y94.95 E1761.36117
G1 X122.578 Y94.76 E1761.36875
G1 X122.578 Y95.794 E1761.39919
G0 F9000 X122.2 Y96.424
G1 F1500 X122.649 Y96.424 E1761.41412
G1 X123.336 Y95.235 E1761.4598
G1 F1388.9 X123.793 Y94.382 E1761.49456
G1 X123.091 Y94.649 E1761.52154
G1 F1500 X122.847 Y94.585 E1761.52993
G1 F1188.1 X122.305 Y94.125 E1761.55978
G1 F1075.3 X122.253 Y94.605 E1761.58218
G1 F1327.4 X122.201 Y95.085 E1761.60032
G1 F1500 X122.2 Y96.424 E1761.64486
G1 F2700 E1756.64486
G0 F9000 X122.48 Y96.146
G0 X122.038 Y80.062
G0 X112.962 Y80.062
G0 X112.695 Y94.125
G1 F2700 E1761.64486
G1 F991.7 X112.7 Y80.5 E1762.33028
G0 F9000 X112.441 Y94.839
G0 X111.785 Y95.013
G0 X107.621 Y88.146
G1 F1239.7 X111.263 Y94.477 E1762.62422
G0 F9000 X112.422 Y95.799
G1 F1685.4 X112.422 Y94.76 E1762.65498
G1 X112.245 Y94.952 E1762.66271
G1 X111.973 Y95.021 E1762.67101
G1 X112.422 Y95.799 E1762.6976
G0 F9000 X112.8 Y96.424
G1 F1500 X112.8 Y95.089 E1762.742
G1 F1327.4 X112.748 Y94.607 E1762.76022
G1 F1075.3 X112.695 Y94.125 E1762.78272
G1 F1188.1 X112.15 Y94.586 E1762.8127
G1 F1500 X111.902 Y94.649 E1762.82121
G1 F1373 X111.263 Y94.477 E1762.84525
G1 X111.658 Y95.23 E1762.87615
G1 F1500 X112.346 Y96.424 E1762.92199
G1 X112.8 Y96.424 E1762.93709
G0 F9000 X113.2 Y96.824
;TYPE:WALL-OUTER
G1 F1500 X113.2 Y80.5 E1763.48002
G1 X113.267 Y80.35 E1763.48549
G1 X113.379 Y80.301 E1763.48955
G1 X121.621 Y80.3 E1763.76368
G1 X121.733 Y80.35 E1763.76776
G1 X121.8 Y80.5 E1763.77323
G1 X121.8 Y96.824 E1764.31617
G1 X122.88 Y96.824 E1764.35209
G1 X128.151 Y87.701 E1764.70252
G1 X127.117 Y87.7 E1764.73691
G1 X123.418 Y94.168 E1764.98474
G1 X123.193 Y94.262 E1764.99285
G1 X122.949 Y94.198 E1765.00124
G1 X122.802 Y94.039 E1765.00844
G1 X122.8 Y78.172 E1765.53618
G1 X112.2 Y78.172 E1765.88874
G1 X112.198 Y94.039 E1766.41647
G1 X112.05 Y94.198 E1766.4237
G1 X111.802 Y94.262 E1766.43222
G1 X111.598 Y94.197 E1766.43934
G1 X107.88 Y87.7 E1766.68831
G1 X106.848 Y87.7 E1766.72264
G1 X112.116 Y96.824 E1767.07305
G1 X113.2 Y96.824 E1767.10911
G1 F2700 E1762.10911
;MESH:batclipholder.stl
G0 F9000 X112.92 Y96.546
G0 X112.976 Y97.691
G0 X112.976 Y107.309
G0 X112.976 Y108.404
G0 X113.034 Y109.585
;TYPE:WALL-INNER
G1 F2700 E1767.10911
G1 F1282.1 X113.291 Y109.471 E1767.12005
G1 X121.709 Y109.471 E1767.44763
G1 F1284.8 X121.967 Y109.585 E1767.45858
G1 X121.967 Y109.005 E1767.4811
G1 F1282.1 X113.034 Y109.006 E1767.82872
G1 X113.034 Y109.585 E1767.85126
G0 F9000 X122.038 Y110.062
G0 X122.3 Y110.5
G1 F1200 X122.4 Y109.869 E1767.87782
G1 F1500 X122.4 Y108.572 E1767.92096
G1 X112.6 Y108.572 E1768.2469
G1 X112.6 Y109.869 E1768.29004
G1 F1200 X112.7 Y110.5 E1768.3166
G1 X113.002 Y110.05 E1768.33914
G1 F1500 X113.337 Y109.903 E1768.3513
G1 X121.663 Y109.902 E1768.62823
G1 X121.998 Y110.05 E1768.64041
G1 F1200 X122.3 Y110.5 E1768.66294
G1 F991.7 X122.305 Y124.125 E1769.34836
G0 F9000 X122.559 Y124.839
G0 X123.215 Y125.013
G0 X123.793 Y124.382
G1 F1271.2 X125.584 Y121.265 E1769.48945
G1 F1229.5 X127.376 Y118.148 E1769.63534
G0 F9000 X123.215 Y125.013
G0 X122.578 Y125.794
G1 F1694.9 X123.025 Y125.021 E1769.66162
G1 X122.752 Y124.95 E1769.66993
G1 X122.578 Y124.76 E1769.67751
G1 X122.578 Y125.794 E1769.70795
G0 F9000 X122.2 Y126.424
G1 F1500 X122.649 Y126.424 E1769.72288
G1 X123.336 Y125.235 E1769.76855
G1 F1388.9 X123.793 Y124.382 E1769.80331
G1 X123.091 Y124.649 E1769.83029
G1 F1500 X122.847 Y124.585 E1769.83868
G1 F1188.1 X122.305 Y124.125 E1769.86853
G1 F1075.3 X122.253 Y124.605 E1769.89094
G1 F1327.4 X122.201 Y125.085 E1769.90908
G1 F1500 X122.2 Y126.424 E1769.95362
G1 F2700 E1764.95362
G0 F9000 X122.48 Y126.146
G0 X122.038 Y110.062
G0 X112.962 Y110.062
G0 X112.695 Y124.125
G1 F2700 E1769.95362
G1 F991.7 X112.7 Y110.5 E1770.63904
G0 F9000 X112.441 Y124.839
G0 X111.785 Y125.013
G0 X107.621 Y118.146
G1 F1239.7 X111.263 Y124.477 E1770.93298
G0 F9000 X112.422 Y125.799
G1 F1685.4 X112.422 Y124.76 E1770.96373
G1 X112.245 Y124.952 E1770.97146
G1 X111.973 Y125.021 E1770.97977
G1 X112.422 Y125.799 E1771.00636
G0 F9000 X112.8 Y126.424
G1 F1500 X112.8 Y125.089 E1771.05076
G1 F1327.4 X112.748 Y124.607 E1771.06898
G1 F1075.3 X112.695 Y124.125 E1771.09148
G1 F1188.1 X112.15 Y124.586 E1771.12145
G1 F1500 X111.902 Y124.649 E1771.12996
G1 F1373 X111.263 Y124.477 E1771.15401
G1 X111.658 Y125.23 E1771.18491
G1 F1500 X112.346 Y126.424 E1771.23074
G1 X112.8 Y126.424 E1771.24584
G0 F9000 X113.2 Y126.824
;TYPE:WALL-OUTER
G1 F1500 X113.2 Y110.5 E1771.78878
G1 X113.267 Y110.35 E1771.79424
G1 X113.379 Y110.301 E1771.79831
G1 X121.621 Y110.3 E1772.07244
G1 X121.733 Y110.35 E1772.07652
G1 X121.8 Y110.5 E1772.08198
G1 X121.8 Y126.824 E1772.62492
G1 X122.88 Y126.824 E1772.66084
G1 X128.151 Y117.701 E1773.01128
G1 X127.117 Y117.7 E1773.04567
G1 X123.418 Y124.168 E1773.29349
G1 X123.193 Y124.262 E1773.3016
G1 X122.949 Y124.198 E1773.30999
G1 X122.802 Y124.039 E1773.3172
G1 X122.8 Y108.172 E1773.84493
G1 X112.2 Y108.172 E1774.19749
G1 X112.198 Y124.039 E1774.72523
G1 X112.05 Y124.198 E1774.73245
G1 X111.802 Y124.262 E1774.74097
G1 X111.598 Y124.197 E1774.74809
G1 X107.88 Y117.7 E1774.99707
G1 X106.848 Y117.7 E1775.03139
G1 X112.116 Y126.824 E1775.38181
G1 X113.2 Y126.824 E1775.41786
G1 F2700 E1770.41786
;MESH:batclipholder.stl(3)
G0 F9000 X112.92 Y126.546
G0 X112.962 Y110.062
G0 X122.038 Y110.062
G0 X122.559 Y124.839
G0 X123.215 Y125.013
G0 X127.773 Y117.92
G0 X128.712 Y118.462
G0 X136.289 Y118.463
G0 X137.621 Y118.146
;TYPE:WALL-INNER
G1 F2700 E1775.41786
G1 F1239.7 X141.263 Y124.477 E1775.7118
G0 F9000 X141.785 Y125.013
G0 X142.441 Y124.839
G0 X142.695 Y124.125
G1 F991.7 X142.7 Y110.5 E1776.39722
G0 F9000 X143.034 Y109.585
G1 F1282.1 X143.291 Y109.471 E1776.40816
G1 X151.709 Y109.471 E1776.73574
G1 F1284.8 X151.967 Y109.585 E1776.7467
G1 X151.967 Y109.005 E1776.76922
G1 F1282.1 X143.034 Y109.006 E1777.11684
G1 X143.034 Y109.585 E1777.13937
G0 F9000 X142.7 Y110.5
G1 F1200 X143.002 Y110.05 E1777.1619
G1 F1500 X143.337 Y109.903 E1777.17407
G1 X151.663 Y109.902 E1777.45099
G1 X151.998 Y110.05 E1777.46318
G1 F1200 X152.3 Y110.5 E1777.48571
G1 X152.4 Y109.869 E1777.51227
G1 F1500 X152.4 Y108.572 E1777.55541
G1 X142.6 Y108.572 E1777.88136
G1 X142.6 Y109.869 E1777.92449
G1 F1200 X142.7 Y110.5 E1777.95106
G0 F9000 X142.962 Y110.062
G0 X152.038 Y110.062
G0 X152.3 Y110.5
G1 F991.7 X152.305 Y124.125 E1778.63647
G0 F9000 X152.559 Y124.839
G0 X153.215 Y125.013
G0 X153.793 Y124.382
G1 F1271.2 X155.584 Y121.265 E1778.77756
G1 F1229.5 X157.376 Y118.148 E1778.92346
G0 F9000 X153.215 Y125.013
G0 X152.578 Y125.794
G1 F1694.9 X153.025 Y125.021 E1778.94974
G1 X152.752 Y124.95 E1778.95804
G1 X152.578 Y124.76 E1778.96563
G1 X152.578 Y125.794 E1778.99606
G0 F9000 X152.2 Y126.424
G1 F1500 X152.649 Y126.424 E1779.011
G1 X153.336 Y125.235 E1779.05667
G1 F1388.9 X153.793 Y124.382 E1779.09143
G1 X153.091 Y124.649 E1779.11841
G1 F1500 X152.847 Y124.585 E1779.1268
G1 F1188.1 X152.305 Y124.125 E1779.15665
G1 F1075.3 X152.253 Y124.605 E1779.17905
G1 F1327.4 X152.201 Y125.085 E1779.1972
G1 F1500 X152.2 Y126.424 E1779.24173
G1 F2700 E1774.24173
G0 F9000 X152.48 Y126.146
G0 X152.038 Y110.062
G0 X142.962 Y110.062
G0 X142.422 Y125.799
G1 F2700 E1779.24173
G1 F1685.4 X142.422 Y124.76 E1779.27249
G1 X142.245 Y124.952 E1779.28022
G1 X141.973 Y125.021 E1779.28852
G1 X142.422 Y125.799 E1779.31511
G0 F9000 X142.346 Y126.424
G1 F1500 X142.8 Y126.424 E1779.33021
G1 X142.8 Y125.089 E1779.37462
G1 F1327.4 X142.748 Y124.607 E1779.39284
G1 F1075.3 X142.695 Y124.125 E1779.41534
G1 F1188.1 X142.15 Y124.586 E1779.44531
G1 F1500 X141.902 Y124.649 E1779.45382
G1 F1373 X141.263 Y124.477 E1779.47787
G1 X141.658 Y125.23 E1779.50876
G1 F1500 X142.346 Y126.424 E1779.5546
G0 F9000 X142.116 Y126.824
;TYPE:WALL-OUTER
G1 F1500 X143.2 Y126.824 E1779.59065
G1 X143.2 Y110.5 E1780.13359
G1 X143.267 Y110.35 E1780.13905
G1 X143.379 Y110.301 E1780.14312
G1 X151.621 Y110.3 E1780.41725
G1 X151.733 Y110.35 E1780.42133
G1 X151.8 Y110.5 E1780.42679
G1 X151.8 Y126.824 E1780.96973
G1 X152.88 Y126.824 E1781.00565
G1 X158.151 Y117.701 E1781.35609
G1 X157.117 Y117.7 E1781.39048
G1 X153.418 Y124.168 E1781.6383
G1 X153.193 Y124.262 E1781.64641
G1 X152.949 Y124.198 E1781.6548
G1 X152.802 Y124.039 E1781.66201
G1 X152.8 Y108.172 E1782.18974
G1 X142.2 Y108.172 E1782.5423
G1 X142.198 Y124.039 E1783.07004
G1 X142.05 Y124.198 E1783.07727
G1 X141.802 Y124.262 E1783.08578
G1 X141.598 Y124.197 E1783.0929
G1 X137.88 Y117.7 E1783.34188
G1 X136.848 Y117.7 E1783.3762
G1 X142.116 Y126.824 E1783.72662
G1 F2700 E1778.72662
;MESH:batclipholder.stl(2)
G0 F9000 X142.287 Y126.53
G0 X142.412 Y125.16
G0 X142.424 Y108.398
G0 X142.424 Y107.309
G0 X142.424 Y97.691
G0 X142.424 Y96.596
G0 X142.422 Y95.799
;TYPE:WALL-INNER
G1 F2700 E1783.72662
G1 F1685.4 X142.422 Y94.76 E1783.75737
G1 X142.245 Y94.952 E1783.7651
G1 X141.973 Y95.021 E1783.77341
G1 X142.422 Y95.799 E1783.8
G0 F9000 X142.346 Y96.424
G1 F1500 X142.8 Y96.424 E1783.8151
G1 X142.8 Y95.089 E1783.8595
G1 F1327.4 X142.748 Y94.607 E1783.87772
G1 F1075.3 X142.695 Y94.125 E1783.90022
G1 F1188.1 X142.15 Y94.586 E1783.9302
G1 F1500 X141.902 Y94.649 E1783.93871
G1 F1373 X141.263 Y94.477 E1783.96275
G1 X141.658 Y95.23 E1783.99365
G1 F1500 X142.346 Y96.424 E1784.03948
G0 F9000 X142.517 Y96.13
G0 X141.263 Y94.477
G1 F1239.7 X137.621 Y88.146 E1784.33342
G0 F9000 X141.785 Y95.013
G0 X142.441 Y94.839
G0 X142.695 Y94.125
G1 F991.7 X142.7 Y80.5 E1785.01884
G0 F9000 X143.034 Y79.585
G1 F1282.1 X143.291 Y79.471 E1785.02978
G1 X151.709 Y79.471 E1785.35736
G1 F1284.8 X151.967 Y79.585 E1785.36832
G1 X151.967 Y79.005 E1785.39084
G1 F1282.1 X143.034 Y79.006 E1785.73846
G1 X143.034 Y79.585 E1785.76099
G0 F9000 X142.7 Y80.5
G1 F1200 X143.002 Y80.05 E1785.78352
G1 F1500 X143.337 Y79.903 E1785.79569
G1 X151.663 Y79.902 E1786.07262
G1 X151.998 Y80.05 E1786.0848
G1 F1200 X152.3 Y80.5 E1786.10733
G1 X152.4 Y79.869 E1786.13389
G1 F1500 X152.4 Y78.572 E1786.17703
G1 X142.6 Y78.572 E1786.50298
G1 X142.6 Y79.869 E1786.54612
G1 F1200 X142.7 Y80.5 E1786.57268
G0 F9000 X142.962 Y80.062
G0 X152.038 Y80.062
G0 X152.3 Y80.5
G1 F991.7 X152.305 Y94.125 E1787.2581
G0 F9000 X152.559 Y94.839
G0 X153.215 Y95.013
G0 X153.793 Y94.382
G1 F1271.2 X155.584 Y91.265 E1787.39919
G1 F1229.5 X157.376 Y88.148 E1787.54508
G0 F9000 X153.215 Y95.013
G0 X152.578 Y95.794
G1 F1694.9 X153.025 Y95.021 E1787.57136
G1 X152.752 Y94.95 E1787.57966
G1 X152.578 Y94.76 E1787.58725
G1 X152.578 Y95.794 E1787.61768
G0 F9000 X152.2 Y96.424
G1 F1500 X152.649 Y96.424 E1787.63262
G1 X153.336 Y95.235 E1787.67829
G1 F1388.9 X153.793 Y94.382 E1787.71305
G1 X153.091 Y94.649 E1787.74003
G1 F1500 X152.847 Y94.585 E1787.74842
G1 F1188.1 X152.305 Y94.125 E1787.77827
G1 F1075.3 X152.253 Y94.605 E1787.80067
G1 F1327.4 X152.201 Y95.085 E1787.81882
G1 F1500 X152.2 Y96.424 E1787.86335
G1 F2700 E1782.86335
G0 F9000 X152.48 Y96.146
G0 X152.038 Y80.062
G0 X142.962 Y80.062
G0 X142.955 Y89.385
G0 X142.287 Y96.53
G0 X142.116 Y96.824
;TYPE:WALL-OUTER
G1 F2700 E1787.86335
G1 F1500 X143.2 Y96.824 E1787.89941
G1 X143.2 Y80.5 E1788.44235
G1 X143.267 Y80.35 E1788.44781
G1 X143.379 Y80.301 E1788.45188
G1 X151.621 Y80.3 E1788.72601
G1 X151.733 Y80.35 E1788.73009
G1 X151.8 Y80.5 E1788.73555
G1 X151.8 Y96.824 E1789.27849
G1 X152.88 Y96.824 E1789.31441
G1 X158.151 Y87.701 E1789.66485
G1 X157.117 Y87.7 E1789.69924
G1 X153.418 Y94.168 E1789.94706
G1 X153.193 Y94.262 E1789.95517
G1 X152.949 Y94.198 E1789.96356
G1 X152.802 Y94.039 E1789.97076
G1 X152.8 Y78.172 E1790.4985
G1 X142.2 Y78.172 E1790.85106
G1 X142.198 Y94.039 E1791.3788
G1 X142.05 Y94.198 E1791.38602
G1 X141.802 Y94.262 E1791.39454
G1 X141.598 Y94.197 E1791.40166
G1 X137.88 Y87.7 E1791.65063
G1 X136.848 Y87.7 E1791.68496
G1 X142.116 Y96.824 E1792.03537
G1 F2700 E1787.03537
;MESH:NONMESH
G0 F300 X142.116 Y96.824 Z7
G0 F9000 X142.287 Y96.53
G0 X137.227 Y87.92
G0 X136.289 Y88.463
G0 X128.88 Y86.841
G0 X126.617 Y86.841
G0 X123.665 Y87.92
G0 X122.57 Y87.92
G0 X122.038 Y80.062
G0 X113.034 Y79.585
;TIME_ELAPSED:3222.085707
;LAYER:34
;TYPE:WALL-INNER
;MESH:batclipholder.stl(1)
G1 F2700 E1792.03537
G1 F1282.1 X113.291 Y79.471 E1792.04632
G1 X121.709 Y79.471 E1792.3739
G1 F1284.8 X121.967 Y79.585 E1792.38485
G1 X121.967 Y79.005 E1792.40737
G1 F1282.1 X113.034 Y79.006 E1792.75499
G1 X113.034 Y79.585 E1792.77752
G0 F9000 X122.038 Y80.062
G0 X122.3 Y80.5
G1 F1200 X122.4 Y79.869 E1792.80409
G1 F1500 X122.4 Y78.572 E1792.84722
G1 X112.6 Y78.572 E1793.17317
G1 X112.6 Y79.869 E1793.21631
G1 F1200 X112.7 Y80.5 E1793.24287
G1 X113.002 Y80.05 E1793.2654
G1 F1500 X113.337 Y79.903 E1793.27757
G1 X121.663 Y79.902 E1793.5545
G1 X121.998 Y80.05 E1793.56668
G1 F1200 X122.3 Y80.5 E1793.58921
G1 F991.7 X122.305 Y94.125 E1794.27463
G0 F9000 X122.559 Y94.839
G0 X123.215 Y95.013
G0 X123.793 Y94.382
G1 F1271.2 X125.584 Y91.265 E1794.41572
G1 F1229.5 X127.376 Y88.148 E1794.56161
G0 F9000 X123.215 Y95.013
G0 X122.578 Y95.794
G1 F1694.9 X123.025 Y95.021 E1794.58789
G1 X122.752 Y94.95 E1794.5962
G1 X122.578 Y94.76 E1794.60378
G1 X122.578 Y95.794 E1794.63422
G0 F9000 X122.2 Y96.424
G1 F1500 X122.649 Y96.424 E1794.64915
G1 X123.336 Y95.235 E1794.69482
G1 F1388.9 X123.793 Y94.382 E1794.72958
G1 X123.091 Y94.649 E1794.75656
G1 F1500 X122.847 Y94.585 E1794.76495
G1 F1188.1 X122.305 Y94.125 E1794.7948
G1 F1075.3 X122.253 Y94.605 E1794.8172
G1 F1327.4 X122.201 Y95.085 E1794.83535
G1 F1500 X122.2 Y96.424 E1794.87989
G1 F2700 E1789.87989
G0 F9000 X122.48 Y96.146
G0 X122.038 Y80.062
G0 X112.962 Y80.062
G0 X112.695 Y94.125
G1 F2700 E1794.87989
G1 F991.7 X112.7 Y80.5 E1795.5653
G0 F9000 X112.441 Y94.839
G0 X111.785 Y95.013
G0 X107.621 Y88.146
G1 F1239.7 X111.263 Y94.477 E1795.85924
G0 F9000 X112.422 Y95.799
G1 F1685.4 X112.422 Y94.76 E1795.89
G1 X112.245 Y94.952 E1795.89773
G1 X111.973 Y95.021 E1795.90604
G1 X112.422 Y95.799 E1795.93263
G0 F9000 X112.8 Y96.424
G1 F1500 X112.8 Y95.089 E1795.97703
G1 F1327.4 X112.748 Y94.607 E1795.99525
G1 F1075.3 X112.695 Y94.125 E1796.01775
G1 F1188.1 X112.15 Y94.586 E1796.04772
G1 F1500 X111.902 Y94.649 E1796.05623
G1 F1373 X111.263 Y94.477 E1796.08028
G1 X111.658 Y95.23 E1796.11118
G1 F1500 X112.346 Y96.424 E1796.15701
G1 X112.8 Y96.424 E1796.17211
G0 F9000 X113.2 Y96.824
;TYPE:WALL-OUTER
G1 F1500 X113.2 Y80.5 E1796.71505
G1 X113.267 Y80.35 E1796.72051
G1 X113.379 Y80.301 E1796.72458
G1 X121.621 Y80.3 E1796.99871
G1 X121.733 Y80.35 E1797.00279
G1 X121.8 Y80.5 E1797.00825
G1 X121.8 Y96.824 E1797.55119
G1 X122.88 Y96.824 E1797.58711
G1 X128.151 Y87.701 E1797.93755
G1 X127.117 Y87.7 E1797.97194
G1 X123.418 Y94.168 E1798.21976
G1 X123.193 Y94.262 E1798.22787
G1 X122.949 Y94.198 E1798.23626
G1 X122.802 Y94.039 E1798.24346
G1 X122.8 Y78.172 E1798.7712
G1 X112.2 Y78.172 E1799.12376
G1 X112.198 Y94.039 E1799.6515
G1 X112.05 Y94.198 E1799.65872
G1 X111.802 Y94.262 E1799.66724
G1 X111.598 Y94.197 E1799.67436
G1 X107.88 Y87.7 E1799.92334
G1 X106.848 Y87.7 E1799.95766
G1 X112.116 Y96.824 E1800.30808
G1 X113.2 Y96.824 E1800.34413
G1 F2700 E1795.34413
;MESH:batclipholder.stl
G0 F9000 X112.92 Y96.546
G0 X112.976 Y97.691
G0 X112.976 Y107.309
G0 X112.976 Y108.404
G0 X113.034 Y109.585
;TYPE:WALL-INNER
G1 F2700 E1800.34413
G1 F1282.1 X113.291 Y109.471 E1800.35507
G1 X121.709 Y109.471 E1800.68265
G1 F1284.8 X121.967 Y109.585 E1800.69361
G1 X121.967 Y109.005 E1800.71613
G1 F1282.1 X113.034 Y109.006 E1801.06375
G1 X113.034 Y109.585 E1801.08628
G0 F9000 X122.038 Y110.062
G0 X122.3 Y110.5
G1 F1200 X122.4 Y109.869 E1801.11284
G1 F1500 X122.4 Y108.572 E1801.15598
G1 X112.6 Y108.572 E1801.48193
G1 X112.6 Y109.869 E1801.52507
G1 F1200 X112.7 Y110.5 E1801.55163
G1 X113.002 Y110.05 E1801.57416
G1 F1500 X113.337 Y109.903 E1801.58633
G1 X121.663 Y109.902 E1801.86325
G1 X121.998 Y110.05 E1801.87543
G1 F1200 X122.3 Y110.5 E1801.89797
G1 F991.7 X122.305 Y124.125 E1802.58338
G0 F9000 X122.559 Y124.839
G0 X123.215 Y125.013
G0 X123.793 Y124.382
G1 F1271.2 X125.584 Y121.265 E1802.72447
G1 F1229.5 X127.376 Y118.148 E1802.87037
G0 F9000 X123.215 Y125.013
G0 X122.578 Y125.794
G1 F1694.9 X123.025 Y125.021 E1802.89665
G1 X122.752 Y124.95 E1802.90495
G1 X122.578 Y124.76 E1802.91254
G1 X122.578 Y125.794 E1802.94297
G0 F9000 X122.2 Y126.424
G1 F1500 X122.649 Y126.424 E1802.95791
G1 X123.336 Y125.235 E1803.00358
G1 F1388.9 X123.793 Y124.382 E1803.03834
G1 X123.091 Y124.649 E1803.06532
G1 F1500 X122.847 Y124.585 E1803.07371
G1 F1188.1 X122.305 Y124.125 E1803.10356
G1 F1075.3 X122.253 Y124.605 E1803.12596
G1 F1327.4 X122.201 Y125.085 E1803.14411
G1 F1500 X122.2 Y126.424 E1803.18864
G1 F2700 E1798.18864
G0 F9000 X122.48 Y126.146
G0 X122.038 Y110.062
G0 X112.962 Y110.062
G0 X112.695 Y124.125
G1 F2700 E1803.18864
G1 F991.7 X112.7 Y110.5 E1803.87406
G0 F9000 X112.441 Y124.839
G0 X111.785 Y125.013
G0 X107.621 Y118.146
G1 F1239.7 X111.263 Y124.477 E1804.168
G0 F9000 X112.422 Y125.799
G1 F1685.4 X112.422 Y124.76 E1804.19876
G1 X112.245 Y124.952 E1804.20649
G1 X111.973 Y125.021 E1804.21479
G1 X112.422 Y125.799 E1804.24138
G0 F9000 X112.8 Y126.424
G1 F1500 X112.8 Y125.089 E1804.28579
G1 F1327.4 X112.748 Y124.607 E1804.30401
G1 F1075.3 X112.695 Y124.125 E1804.32651
G1 F1188.1 X112.15 Y124.586 E1804.35648
G1 F1500 X111.902 Y124.649 E1804.36499
G1 F1373 X111.263 Y124.477 E1804.38904
G1 X111.658 Y125.23 E1804.41993
G1 F1500 X112.346 Y126.424 E1804.46577
G1 X112.8 Y126.424 E1804.48087
G0 F9000 X113.2 Y126.824
;TYPE:WALL-OUTER
G1 F1500 X113.2 Y110.5 E1805.02381
G1 X113.267 Y110.35 E1805.02927
G1 X113.379 Y110.301 E1805.03334
G1 X121.621 Y110.3 E1805.30747
G1 X121.733 Y110.35 E1805.31154
G1 X121.8 Y110.5 E1805.31701
G1 X121.8 Y126.824 E1805.85995
G1 X122.88 Y126.824 E1805.89587
G1 X128.151 Y117.701 E1806.24631
G1 X127.117 Y117.7 E1806.2807
G1 X123.418 Y124.168 E1806.52852
G1 X123.193 Y124.262 E1806.53663
G1 X122.949 Y124.198 E1806.54502
G1 X122.802 Y124.039 E1806.55222
G1 X122.8 Y108.172 E1807.07996
G1 X112.2 Y108.172 E1807.43252
G1 X112.198 Y124.039 E1807.96026
G1 X112.05 Y124.198 E1807.96748
G1 X111.802 Y124.262 E1807.976
G1 X111.598 Y124.197 E1807.98312
G1 X107.88 Y117.7 E1808.23209
G1 X106.848 Y117.7 E1808.26642
G1 X112.116 Y126.824 E1808.61683
G1 X113.2 Y126.824 E1808.65289
G1 F2700 E1803.65289
;MESH:batclipholder.stl(3)
G0 F9000 X112.92 Y126.546
G0 X112.962 Y110.062
G0 X122.038 Y110.062
G0 X122.559 Y124.839
G0 X123.215 Y125.013
G0 X127.773 Y117.92
G0 X128.712 Y118.462
G0 X136.289 Y118.463
G0 X137.621 Y118.146
;TYPE:WALL-INNER
G1 F2700 E1808.65289
G1 F1239.7 X141.263 Y124.477 E1808.94683
G0 F9000 X141.785 Y125.013
G0 X142.441 Y124.839
G0 X142.695 Y124.125
G1 F991.7 X142.7 Y110.5 E1809.63225
G0 F9000 X143.034 Y109.585
G1 F1282.1 X143.291 Y109.471 E1809.64319
G1 X151.709 Y109.471 E1809.97077
G1 F1284.8 X151.967 Y109.585 E1809.98172
G1 X151.967 Y109.005 E1810.00424
G1 F1282.1 X143.034 Y109.006 E1810.35186
G1 X143.034 Y109.585 E1810.3744
G0 F9000 X142.7 Y110.5
G1 F1200 X143.002 Y110.05 E1810.39693
G1 F1500 X143.337 Y109.903 E1810.4091
G1 X151.663 Y109.902 E1810.68602
G1 X151.998 Y110.05 E1810.6982
G1 F1200 X152.3 Y110.5 E1810.72073
G1 X152.4 Y109.869 E1810.74729
G1 F1500 X152.4 Y108.572 E1810.79043
G1 X142.6 Y108.572 E1811.11638
G1 X142.6 Y109.869 E1811.15952
G1 F1200 X142.7 Y110.5 E1811.18608
G0 F9000 X142.962 Y110.062
G0 X152.038 Y110.062
G0 X152.3 Y110.5
G1 F991.7 X152.305 Y124.125 E1811.8715
G0 F9000 X152.559 Y124.839
G0 X153.215 Y125.013
G0 X153.793 Y124.382
G1 F1271.2 X155.584 Y121.265 E1812.01259
G1 F1229.5 X157.376 Y118.148 E1812.15848
G0 F9000 X153.215 Y125.013
G0 X152.578 Y125.794
G1 F1694.9 X153.025 Y125.021 E1812.18476
G1 X152.752 Y124.95 E1812.19307
G1 X152.578 Y124.76 E1812.20065
G1 X152.578 Y125.794 E1812.23109
G0 F9000 X152.2 Y126.424
G1 F1500 X152.649 Y126.424 E1812.24602
G1 X153.336 Y125.235 E1812.29169
G1 F1388.9 X153.793 Y124.382 E1812.32645
G1 X153.091 Y124.649 E1812.35343
G1 F1500 X152.847 Y124.585 E1812.36182
G1 F1188.1 X152.305 Y124.125 E1812.39167
G1 F1075.3 X152.253 Y124.605 E1812.41408
G1 F1327.4 X152.201 Y125.085 E1812.43222
G1 F1500 X152.2 Y126.424 E1812.47676
G1 F2700 E1807.47676
G0 F9000 X152.48 Y126.146
G0 X152.038 Y110.062
G0 X142.962 Y110.062
G0 X142.422 Y125.799
G1 F2700 E1812.47676
G1 F1685.4 X142.422 Y124.76 E1812.50751
G1 X142.245 Y124.952 E1812.51524
G1 X141.973 Y125.021 E1812.52355
G1 X142.422 Y125.799 E1812.55014
G0 F9000 X142.346 Y126.424
G1 F1500 X142.8 Y126.424 E1812.56524
G1 X142.8 Y125.089 E1812.60964
G1 F1327.4 X142.748 Y124.607 E1812.62786
G1 F1075.3 X142.695 Y124.125 E1812.65036
G1 F1188.1 X142.15 Y124.586 E1812.68034
G1 F1500 X141.902 Y124.649 E1812.68885
G1 F1373 X141.263 Y124.477 E1812.71289
G1 X141.658 Y125.23 E1812.74379
G1 F1500 X142.346 Y126.424 E1812.78962
G0 F9000 X142.116 Y126.824
;TYPE:WALL-OUTER
G1 F1500 X143.2 Y126.824 E1812.82568
G1 X143.2 Y110.5 E1813.36862
G1 X143.267 Y110.35 E1813.37408
G1 X143.379 Y110.301 E1813.37815
G1 X151.621 Y110.3 E1813.65228
G1 X151.733 Y110.35 E1813.65636
G1 X151.8 Y110.5 E1813.66182
G1 X151.8 Y126.824 E1814.20476
G1 X152.88 Y126.824 E1814.24068
G1 X158.151 Y117.701 E1814.59112
G1 X157.117 Y117.7 E1814.62551
G1 X153.418 Y124.168 E1814.87333
G1 X153.193 Y124.262 E1814.88144
G1 X152.949 Y124.198 E1814.88983
G1 X152.802 Y124.039 E1814.89703
G1 X152.8 Y108.172 E1815.42477
G1 X142.2 Y108.172 E1815.77733
G1 X142.198 Y124.039 E1816.30507
G1 X142.05 Y124.198 E1816.31229
G1 X141.802 Y124.262 E1816.32081
G1 X141.598 Y124.197 E1816.32793
G1 X137.88 Y117.7 E1816.5769
G1 X136.848 Y117.7 E1816.61123
G1 X142.116 Y126.824 E1816.96164
G1 F2700 E1811.96164
;MESH:batclipholder.stl(2)
G0 F9000 X142.287 Y126.53
G0 X142.412 Y125.16
G0 X142.424 Y108.398
G0 X142.424 Y107.309
G0 X142.424 Y97.691
G0 X142.424 Y96.596
G0 X142.422 Y95.799
;TYPE:WALL-INNER
G1 F2700 E1816.96164
G1 F1685.4 X142.422 Y94.76 E1816.9924
G1 X142.245 Y94.952 E1817.00013
G1 X141.973 Y95.021 E1817.00844
G1 X142.422 Y95.799 E1817.03503
G0 F9000 X142.346 Y96.424
G1 F1500 X142.8 Y96.424 E1817.05013
G1 X142.8 Y95.089 E1817.09453
G1 F1327.4 X142.748 Y94.607 E1817.11275
G1 F1075.3 X142.695 Y94.125 E1817.13525
G1 F1188.1 X142.15 Y94.586 E1817.16522
G1 F1500 X141.902 Y94.649 E1817.17373
G1 F1373 X141.263 Y94.477 E1817.19778
G1 X141.658 Y95.23 E1817.22868
G1 F1500 X142.346 Y96.424 E1817.27451
G0 F9000 X142.517 Y96.13
G0 X141.263 Y94.477
G1 F1239.7 X137.621 Y88.146 E1817.56845
G0 F9000 X141.785 Y95.013
G0 X142.441 Y94.839
G0 X142.695 Y94.125
G1 F991.7 X142.7 Y80.5 E1818.25387
G0 F9000 X143.034 Y79.585
G1 F1282.1 X143.291 Y79.471 E1818.26481
G1 X151.709 Y79.471 E1818.59239
G1 F1284.8 X151.967 Y79.585 E1818.60334
G1 X151.967 Y79.005 E1818.62587
G1 F1282.1 X143.034 Y79.006 E1818.97349
G1 X143.034 Y79.585 E1818.99602
G0 F9000 X142.7 Y80.5
G1 F1200 X143.002 Y80.05 E1819.01855
G1 F1500 X143.337 Y79.903 E1819.03072
G1 X151.663 Y79.902 E1819.30764
G1 X151.998 Y80.05 E1819.31982
G1 F1200 X152.3 Y80.5 E1819.34235
G1 X152.4 Y79.869 E1819.36892
G1 F1500 X152.4 Y78.572 E1819.41205
G1 X142.6 Y78.572 E1819.738
G1 X142.6 Y79.869 E1819.78114
G1 F1200 X142.7 Y80.5 E1819.8077
G0 F9000 X142.962 Y80.062
G0 X152.038 Y80.062
G0 X152.3 Y80.5
G1 F991.7 X152.305 Y94.125 E1820.49312
G0 F9000 X152.559 Y94.839
G0 X153.215 Y95.013
G0 X153.793 Y94.382
G1 F1271.2 X155.584 Y91.265 E1820.63421
G1 F1229.5 X157.376 Y88.148 E1820.7801
G0 F9000 X153.215 Y95.013
G0 X152.578 Y95.794
G1 F1694.9 X153.025 Y95.021 E1820.80639
G1 X152.752 Y94.95 E1820.81469
G1 X152.578 Y94.76 E1820.82227
G1 X152.578 Y95.794 E1820.85271
G0 F9000 X152.2 Y96.424
G1 F1500 X152.649 Y96.424 E1820.86764
G1 X153.336 Y95.235 E1820.91332
G1 F1388.9 X153.793 Y94.382 E1820.94808
G1 X153.091 Y94.649 E1820.97506
G1 F1500 X152.847 Y94.585 E1820.98345
G1 F1188.1 X152.305 Y94.125 E1821.0133
G1 F1075.3 X152.253 Y94.605 E1821.0357
G1 F1327.4 X152.201 Y95.085 E1821.05384
G1 F1500 X152.2 Y96.424 E1821.09838
G1 F2700 E1816.09838
G0 F9000 X152.48 Y96.146
G0 X152.038 Y80.062
G0 X142.962 Y80.062
G0 X142.955 Y89.385
G0 X142.287 Y96.53
G0 X142.116 Y96.824
;TYPE:WALL-OUTER
G1 F2700 E1821.09838
G1 F1500 X143.2 Y96.824 E1821.13443
G1 X143.2 Y80.5 E1821.67737
G1 X143.267 Y80.35 E1821.68284
G1 X143.379 Y80.301 E1821.6869
G1 X151.621 Y80.3 E1821.96103
G1 X151.733 Y80.35 E1821.96511
G1 X151.8 Y80.5 E1821.97058
G1 X151.8 Y96.824 E1822.51351
G1 X152.88 Y96.824 E1822.54943
G1 X158.151 Y87.701 E1822.89987
G1 X157.117 Y87.7 E1822.93426
G1 X153.418 Y94.168 E1823.18208
G1 X153.193 Y94.262 E1823.1902
G1 X152.949 Y94.198 E1823.19859
G1 X152.802 Y94.039 E1823.20579
G1 X152.8 Y78.172 E1823.73353
G1 X142.2 Y78.172 E1824.08608
G1 X142.198 Y94.039 E1824.61382
G1 X142.05 Y94.198 E1824.62105
G1 X141.802 Y94.262 E1824.62957
G1 X141.598 Y94.197 E1824.63669
G1 X137.88 Y87.7 E1824.88566
G1 X136.848 Y87.7 E1824.91998
G1 X142.116 Y96.824 E1825.2704
G1 F2700 E1820.2704
;MESH:NONMESH
G0 F300 X142.116 Y96.824 Z7.2
G0 F9000 X142.287 Y96.53
G0 X137.227 Y87.92
G0 X136.289 Y88.463
G0 X128.88 Y86.841
G0 X126.617 Y86.841
G0 X123.665 Y87.92
G0 X122.57 Y87.92
G0 X122.038 Y80.062
G0 X113.034 Y79.585
;TIME_ELAPSED:3281.645494
;LAYER:35
;TYPE:WALL-INNER
;MESH:batclipholder.stl(1)
G1 F2700 E1825.2704
G1 F1282.1 X113.291 Y79.471 E1825.28134
G1 X121.709 Y79.471 E1825.60892
G1 F1284.8 X121.967 Y79.585 E1825.61987
G1 X121.967 Y79.005 E1825.6424
G1 F1282.1 X113.034 Y79.006 E1825.99002
G1 X113.034 Y79.585 E1826.01255
G0 F9000 X122.038 Y80.062
G0 X122.3 Y80.5
G1 F1200 X122.4 Y79.869 E1826.03911
G1 F1500 X122.4 Y78.572 E1826.08225
G1 X112.6 Y78.572 E1826.4082
G1 X112.6 Y79.869 E1826.45134
G1 F1200 X112.7 Y80.5 E1826.4779
G1 X113.002 Y80.05 E1826.50043
G1 F1500 X113.337 Y79.903 E1826.5126
G1 X121.663 Y79.902 E1826.78952
G1 X121.998 Y80.05 E1826.8017
G1 F1200 X122.3 Y80.5 E1826.82423
G1 F991.7 X122.305 Y94.125 E1827.50965
G0 F9000 X122.559 Y94.839
G0 X123.215 Y95.013
G0 X123.793 Y94.382
G1 F1271.2 X125.584 Y91.265 E1827.65074
G1 F1229.5 X127.376 Y88.148 E1827.79663
G0 F9000 X123.215 Y95.013
G0 X122.578 Y95.794
G1 F1694.9 X123.025 Y95.021 E1827.82292
G1 X122.752 Y94.95 E1827.83122
G1 X122.578 Y94.76 E1827.8388
G1 X122.578 Y95.794 E1827.86924
G0 F9000 X122.2 Y96.424
G1 F1500 X122.649 Y96.424 E1827.88417
G1 X123.336 Y95.235 E1827.92985
G1 F1388.9 X123.793 Y94.382 E1827.96461
G1 X123.091 Y94.649 E1827.99159
G1 F1500 X122.847 Y94.585 E1827.99998
G1 F1188.1 X122.305 Y94.125 E1828.02983
G1 F1075.3 X122.253 Y94.605 E1828.05223
G1 F1327.4 X122.201 Y95.085 E1828.07038
G1 F1500 X122.2 Y96.424 E1828.11491
G1 F2700 E1823.11491
G0 F9000 X122.48 Y96.146
G0 X122.038 Y80.062
G0 X112.962 Y80.062
G0 X112.695 Y94.125
G1 F2700 E1828.11491
G1 F991.7 X112.7 Y80.5 E1828.80033
G0 F9000 X112.441 Y94.839
G0 X111.785 Y95.013
G0 X107.621 Y88.146
G1 F1239.7 X111.263 Y94.477 E1829.09427
G0 F9000 X112.422 Y95.799
G1 F1685.4 X112.422 Y94.76 E1829.12503
G1 X112.245 Y94.952 E1829.13276
G1 X111.973 Y95.021 E1829.14106
G1 X112.422 Y95.799 E1829.16765
G0 F9000 X112.8 Y96.424
G1 F1500 X112.8 Y95.089 E1829.21205
G1 F1327.4 X112.748 Y94.607 E1829.23028
G1 F1075.3 X112.695 Y94.125 E1829.25277
G1 F1188.1 X112.15 Y94.586 E1829.28275
G1 F1500 X111.902 Y94.649 E1829.29126
G1 F1373 X111.263 Y94.477 E1829.3153
G1 X111.658 Y95.23 E1829.3462
G1 F1500 X112.346 Y96.424 E1829.39204
G1 X112.8 Y96.424 E1829.40714
G0 F9000 X113.2 Y96.824
;TYPE:WALL-OUTER
G1 F1500 X113.2 Y80.5 E1829.95007
G1 X113.267 Y80.35 E1829.95554
G1 X113.379 Y80.301 E1829.9596
G1 X121.621 Y80.3 E1830.23373
G1 X121.733 Y80.35 E1830.23781
G1 X121.8 Y80.5 E1830.24328
G1 X121.8 Y96.824 E1830.78622
G1 X122.88 Y96.824 E1830.82214
G1 X128.151 Y87.701 E1831.17257
G1 X127.117 Y87.7 E1831.20697
G1 X123.418 Y94.168 E1831.45479
G1 X123.193 Y94.262 E1831.4629
G1 X122.949 Y94.198 E1831.47129
G1 X122.802 Y94.039 E1831.47849
G1 X122.8 Y78.172 E1832.00623
G1 X112.2 Y78.172 E1832.35879
G1 X112.198 Y94.039 E1832.88652
G1 X112.05 Y94.198 E1832.89375
G1 X111.802 Y94.262 E1832.90227
G1 X111.598 Y94.197 E1832.90939
G1 X107.88 Y87.7 E1833.15836
G1 X106.848 Y87.7 E1833.19269
G1 X112.116 Y96.824 E1833.5431
G1 X113.2 Y96.824 E1833.57916
G1 F2700 E1828.57916
;MESH:batclipholder.stl
G0 F9000 X112.92 Y96.546
G0 X112.976 Y97.691
G0 X112.976 Y107.309
G0 X112.976 Y108.404
G0 X113.034 Y109.585
;TYPE:WALL-INNER
G1 F2700 E1833.57916
G1 F1282.1 X113.291 Y109.471 E1833.5901
G1 X121.709 Y109.471 E1833.91768
G1 F1284.8 X121.967 Y109.585 E1833.92863
G1 X121.967 Y109.005 E1833.95115
G1 F1282.1 X113.034 Y109.006 E1834.29877
G1 X113.034 Y109.585 E1834.32131
G0 F9000 X122.038 Y110.062
G0 X122.3 Y110.5
G1 F1200 X122.4 Y109.869 E1834.34787
G1 F1500 X122.4 Y108.572 E1834.39101
G1 X112.6 Y108.572 E1834.71696
G1 X112.6 Y109.869 E1834.76009
G1 F1200 X112.7 Y110.5 E1834.78665
G1 X113.002 Y110.05 E1834.80919
G1 F1500 X113.337 Y109.903 E1834.82135
G1 X121.663 Y109.902 E1835.09828
G1 X121.998 Y110.05 E1835.11046
G1 F1200 X122.3 Y110.5 E1835.13299
G1 F991.7 X122.305 Y124.125 E1835.81841
G0 F9000 X122.559 Y124.839
G0 X123.215 Y125.013
G0 X123.793 Y124.382
G1 F1271.2 X125.584 Y121.265 E1835.9595
G1 F1229.5 X127.376 Y118.148 E1836.10539
G0 F9000 X123.215 Y125.013
G0 X122.578 Y125.794
G1 F1694.9 X123.025 Y125.021 E1836.13167
G1 X122.752 Y124.95 E1836.13998
G1 X122.578 Y124.76 E1836.14756
G1 X122.578 Y125.794 E1836.178
G0 F9000 X122.2 Y126.424
G1 F1500 X122.649 Y126.424 E1836.19293
G1 X123.336 Y125.235 E1836.2386
G1 F1388.9 X123.793 Y124.382 E1836.27336
G1 X123.091 Y124.649 E1836.30034
G1 F1500 X122.847 Y124.585 E1836.30873
G1 F1188.1 X122.305 Y124.125 E1836.33858
G1 F1075.3 X122.253 Y124.605 E1836.36099
G1 F1327.4 X122.201 Y125.085 E1836.37913
G1 F1500 X122.2 Y126.424 E1836.42367
G1 F2700 E1831.42367
G0 F9000 X122.48 Y126.146
G0 X122.038 Y110.062
G0 X112.962 Y110.062
G0 X112.695 Y124.125
G1 F2700 E1836.42367
G1 F991.7 X112.7 Y110.5 E1837.10909
G0 F9000 X112.441 Y124.839
G0 X111.785 Y125.013
G0 X107.621 Y118.146
G1 F1239.7 X111.263 Y124.477 E1837.40303
G0 F9000 X112.422 Y125.799
G1 F1685.4 X112.422 Y124.76 E1837.43378
G1 X112.245 Y124.952 E1837.44151
G1 X111.973 Y125.021 E1837.44982
G1 X112.422 Y125.799 E1837.47641
G0 F9000 X112.8 Y126.424
G1 F1500 X112.8 Y125.089 E1837.52081
G1 F1327.4 X112.748 Y124.607 E1837.53903
G1 F1075.3 X112.695 Y124.125 E1837.56153
G1 F1188.1 X112.15 Y124.586 E1837.5915
G1 F1500 X111.902 Y124.649 E1837.60001
G1 F1373 X111.263 Y124.477 E1837.62406
G1 X111.658 Y125.23 E1837.65496
G1 F1500 X112.346 Y126.424 E1837.70079
G1 X112.8 Y126.424 E1837.71589
G0 F9000 X113.2 Y126.824
;TYPE:WALL-OUTER
G1 F1500 X113.2 Y110.5 E1838.25883
G1 X113.267 Y110.35 E1838.26429
G1 X113.379 Y110.301 E1838.26836
G1 X121.621 Y110.3 E1838.54249
G1 X121.733 Y110.35 E1838.54657
G1 X121.8 Y110.5 E1838.55203
G1 X121.8 Y126.824 E1839.09497
G1 X122.88 Y126.824 E1839.13089
G1 X128.151 Y117.701 E1839.48133
G1 X127.117 Y117.7 E1839.51572
G1 X123.418 Y124.168 E1839.76354
G1 X123.193 Y124.262 E1839.77165
G1 X122.949 Y124.198 E1839.78004
G1 X122.802 Y124.039 E1839.78725
G1 X122.8 Y108.172 E1840.31498
G1 X112.2 Y108.172 E1840.66754
G1 X112.198 Y124.039 E1841.19528
G1 X112.05 Y124.198 E1841.20251
G1 X111.802 Y124.262 E1841.21102
G1 X111.598 Y124.197 E1841.21815
G1 X107.88 Y117.7 E1841.46712
G1 X106.848 Y117.7 E1841.50144
G1 X112.116 Y126.824 E1841.85186
G1 X113.2 Y126.824 E1841.88791
G1 F2700 E1836.88791
;MESH:batclipholder.stl(3)
G0 F9000 X112.92 Y126.546
G0 X112.962 Y110.062
G0 X122.038 Y110.062
G0 X122.559 Y124.839
G0 X123.215 Y125.013
G0 X127.773 Y117.92
G0 X128.712 Y118.462
G0 X136.289 Y118.463
G0 X137.621 Y118.146
;TYPE:WALL-INNER
G1 F2700 E1841.88791
G1 F1239.7 X141.263 Y124.477 E1842.18185
G0 F9000 X141.785 Y125.013
G0 X142.441 Y124.839
G0 X142.695 Y124.125
G1 F991.7 X142.7 Y110.5 E1842.86727
G0 F9000 X143.034 Y109.585
G1 F1282.1 X143.291 Y109.471 E1842.87821
G1 X151.709 Y109.471 E1843.20579
G1 F1284.8 X151.967 Y109.585 E1843.21675
G1 X151.967 Y109.005 E1843.23927
G1 F1282.1 X143.034 Y109.006 E1843.58689
G1 X143.034 Y109.585 E1843.60942
G0 F9000 X142.7 Y110.5
G1 F1200 X143.002 Y110.05 E1843.63195
G1 F1500 X143.337 Y109.903 E1843.64412
G1 X151.663 Y109.902 E1843.92104
G1 X151.998 Y110.05 E1843.93323
G1 F1200 X152.3 Y110.5 E1843.95576
G1 X152.4 Y109.869 E1843.98232
G1 F1500 X152.4 Y108.572 E1844.02546
G1 X142.6 Y108.572 E1844.35141
G1 X142.6 Y109.869 E1844.39454
G1 F1200 X142.7 Y110.5 E1844.42111
G0 F9000 X142.962 Y110.062
G0 X152.038 Y110.062
G0 X152.3 Y110.5
G1 F991.7 X152.305 Y124.125 E1845.10652
G0 F9000 X152.559 Y124.839
G0 X153.215 Y125.013
G0 X153.793 Y124.382
G1 F1271.2 X155.584 Y121.265 E1845.24761
G1 F1229.5 X157.376 Y118.148 E1845.39351
G0 F9000 X153.215 Y125.013
G0 X152.578 Y125.794
G1 F1694.9 X153.025 Y125.021 E1845.41979
G1 X152.752 Y124.95 E1845.42809
G1 X152.578 Y124.76 E1845.43568
G1 X152.578 Y125.794 E1845.46611
G0 F9000 X152.2 Y126.424
G1 F1500 X152.649 Y126.424 E1845.48105
G1 X153.336 Y125.235 E1845.52672
G1 F1388.9 X153.793 Y124.382 E1845.56148
G1 X153.091 Y124.649 E1845.58846
G1 F1500 X152.847 Y124.585 E1845.59685
G1 F1188.1 X152.305 Y124.125 E1845.6267
G1 F1075.3 X152.253 Y124.605 E1845.6491
G1 F1327.4 X152.201 Y125.085 E1845.66725
G1 F1500 X152.2 Y126.424 E1845.71178
G1 F2700 E1840.71178
G0 F9000 X152.48 Y126.146
G0 X152.038 Y110.062
G0 X142.962 Y110.062
G0 X142.422 Y125.799
G1 F2700 E1845.71178
G1 F1685.4 X142.422 Y124.76 E1845.74254
G1 X142.245 Y124.952 E1845.75027
G1 X141.973 Y125.021 E1845.75858
G1 X142.422 Y125.799 E1845.78517
G0 F9000 X142.346 Y126.424
G1 F1500 X142.8 Y126.424 E1845.80027
G1 X142.8 Y125.089 E1845.84467
G1 F1327.4 X142.748 Y124.607 E1845.86289
G1 F1075.3 X142.695 Y124.125 E1845.88539
G1 F1188.1 X142.15 Y124.586 E1845.91536
G1 F1500 X141.902 Y124.649 E1845.92387
G1 F1373 X141.263 Y124.477 E1845.94792
G1 X141.658 Y125.23 E1845.97881
G1 F1500 X142.346 Y126.424 E1846.02465
G0 F9000 X142.116 Y126.824
;TYPE:WALL-OUTER
G1 F1500 X143.2 Y126.824 E1846.0607
G1 X143.2 Y110.5 E1846.60364
G1 X143.267 Y110.35 E1846.6091
G1 X143.379 Y110.301 E1846.61317
G1 X151.621 Y110.3 E1846.8873
G1 X151.733 Y110.35 E1846.89138
G1 X151.8 Y110.5 E1846.89684
G1 X151.8 Y126.824 E1847.43978
G1 X152.88 Y126.824 E1847.4757
G1 X158.151 Y117.701 E1847.82614
G1 X157.117 Y117.7 E1847.86053
G1 X153.418 Y124.168 E1848.10835
G1 X153.193 Y124.262 E1848.11646
G1 X152.949 Y124.198 E1848.12485
G1 X152.802 Y124.039 E1848.13206
G1 X152.8 Y108.172 E1848.65979
G1 X142.2 Y108.172 E1849.01235
G1 X142.198 Y124.039 E1849.54009
G1 X142.05 Y124.198 E1849.54732
G1 X141.802 Y124.262 E1849.55583
G1 X141.598 Y124.197 E1849.56296
G1 X137.88 Y117.7 E1849.81193
G1 X136.848 Y117.7 E1849.84625
G1 X142.116 Y126.824 E1850.19667
G1 F2700 E1845.19667
;MESH:batclipholder.stl(2)
G0 F9000 X142.287 Y126.53
G0 X142.412 Y125.16
G0 X142.424 Y108.398
G0 X142.424 Y107.309
G0 X142.424 Y97.691
G0 X142.424 Y96.596
G0 X142.422 Y95.799
;TYPE:WALL-INNER
G1 F2700 E1850.19667
G1 F1685.4 X142.422 Y94.76 E1850.22742
G1 X142.245 Y94.952 E1850.23515
G1 X141.973 Y95.021 E1850.24346
G1 X142.422 Y95.799 E1850.27005
G0 F9000 X142.346 Y96.424
G1 F1500 X142.8 Y96.424 E1850.28515
G1 X142.8 Y95.089 E1850.32955
G1 F1327.4 X142.748 Y94.607 E1850.34777
G1 F1075.3 X142.695 Y94.125 E1850.37027
G1 F1188.1 X142.15 Y94.586 E1850.40025
G1 F1500 X141.902 Y94.649 E1850.40876
G1 F1373 X141.263 Y94.477 E1850.4328
G1 X141.658 Y95.23 E1850.4637
G1 F1500 X142.346 Y96.424 E1850.50953
G0 F9000 X142.517 Y96.13
G0 X141.263 Y94.477
G1 F1239.7 X137.621 Y88.146 E1850.80347
G0 F9000 X141.785 Y95.013
G0 X142.441 Y94.839
G0 X142.695 Y94.125
G1 F991.7 X142.7 Y80.5 E1851.48889
G0 F9000 X143.034 Y79.585
G1 F1282.1 X143.291 Y79.471 E1851.49983
G1 X151.709 Y79.471 E1851.82742
G1 F1284.8 X151.967 Y79.585 E1851.83837
G1 X151.967 Y79.005 E1851.86089
G1 F1282.1 X143.034 Y79.006 E1852.20851
G1 X143.034 Y79.585 E1852.23104
G0 F9000 X142.7 Y80.5
G1 F1200 X143.002 Y80.05 E1852.25358
G1 F1500 X143.337 Y79.903 E1852.26574
G1 X151.663 Y79.902 E1852.54267
G1 X151.998 Y80.05 E1852.55485
G1 F1200 X152.3 Y80.5 E1852.57738
G1 X152.4 Y79.869 E1852.60394
G1 F1500 X152.4 Y78.572 E1852.64708
G1 X142.6 Y78.572 E1852.97303
G1 X142.6 Y79.869 E1853.01617
G1 F1200 X142.7 Y80.5 E1853.04273
G0 F9000 X142.962 Y80.062
G0 X152.038 Y80.062
G0 X152.3 Y80.5
G1 F991.7 X152.305 Y94.125 E1853.72815
G0 F9000 X152.559 Y94.839
G0 X153.215 Y95.013
G0 X153.793 Y94.382
G1 F1271.2 X155.584 Y91.265 E1853.86924
G1 F1229.5 X157.376 Y88.148 E1854.01513
G0 F9000 X153.215 Y95.013
G0 X152.578 Y95.794
G1 F1694.9 X153.025 Y95.021 E1854.04141
G1 X152.752 Y94.95 E1854.04971
G1 X152.578 Y94.76 E1854.0573
G1 X152.578 Y95.794 E1854.08773
G0 F9000 X152.2 Y96.424
G1 F1500 X152.649 Y96.424 E1854.10267
G1 X153.336 Y95.235 E1854.14834
G1 F1388.9 X153.793 Y94.382 E1854.1831
G1 X153.091 Y94.649 E1854.21008
G1 F1500 X152.847 Y94.585 E1854.21847
G1 F1188.1 X152.305 Y94.125 E1854.24832
G1 F1075.3 X152.253 Y94.605 E1854.27072
G1 F1327.4 X152.201 Y95.085 E1854.28887
G1 F1500 X152.2 Y96.424 E1854.3334
G1 F2700 E1849.3334
G0 F9000 X152.48 Y96.146
G0 X152.038 Y80.062
G0 X142.962 Y80.062
G0 X142.955 Y89.385
G0 X142.287 Y96.53
G0 X142.116 Y96.824
;TYPE:WALL-OUTER
G1 F2700 E1854.3334
G1 F1500 X143.2 Y96.824 E1854.36946
G1 X143.2 Y80.5 E1854.9124
G1 X143.267 Y80.35 E1854.91786
G1 X143.379 Y80.301 E1854.92193
G1 X151.621 Y80.3 E1855.19606
G1 X151.733 Y80.35 E1855.20014
G1 X151.8 Y80.5 E1855.2056
G1 X151.8 Y96.824 E1855.74854
G1 X152.88 Y96.824 E1855.78446
G1 X158.151 Y87.701 E1856.1349
G1 X157.117 Y87.7 E1856.16929
G1 X153.418 Y94.168 E1856.41711
G1 X153.193 Y94.262 E1856.42522
G1 X152.949 Y94.198 E1856.43361
G1 X152.802 Y94.039 E1856.44081
G1 X152.8 Y78.172 E1856.96855
G1 X142.2 Y78.172 E1857.32111
G1 X142.198 Y94.039 E1857.84885
G1 X142.05 Y94.198 E1857.85607
G1 X141.802 Y94.262 E1857.86459
G1 X141.598 Y94.197 E1857.87171
G1 X137.88 Y87.7 E1858.12068
G1 X136.848 Y87.7 E1858.15501
G1 X142.116 Y96.824 E1858.50542
G1 F2700 E1853.50542
;MESH:NONMESH
G0 F300 X142.116 Y96.824 Z7.4
G0 F9000 X142.287 Y96.53
G0 X137.227 Y87.92
G0 X136.289 Y88.463
G0 X128.88 Y86.841
G0 X126.617 Y86.841
G0 X123.665 Y87.92
G0 X122.57 Y87.92
G0 X122.038 Y80.062
G0 X113.034 Y79.585
;TIME_ELAPSED:3341.205281
;LAYER:36
;TYPE:WALL-INNER
;MESH:batclipholder.stl(1)
G1 F2700 E1858.50542
G1 F1282.1 X113.291 Y79.471 E1858.51637
G1 X121.709 Y79.471 E1858.84395
G1 F1284.8 X121.967 Y79.585 E1858.8549
G1 X121.967 Y79.005 E1858.87742
G1 F1282.1 X113.034 Y79.006 E1859.22504
G1 X113.034 Y79.585 E1859.24758
G0 F9000 X122.038 Y80.062
G0 X122.3 Y80.5
G1 F1200 X122.4 Y79.869 E1859.27414
G1 F1500 X122.4 Y78.572 E1859.31727
G1 X112.6 Y78.572 E1859.64322
G1 X112.6 Y79.869 E1859.68636
G1 F1200 X112.7 Y80.5 E1859.71292
G1 X113.002 Y80.05 E1859.73546
G1 F1500 X113.337 Y79.903 E1859.74762
G1 X121.663 Y79.902 E1860.02455
G1 X121.998 Y80.05 E1860.03673
G1 F1200 X122.3 Y80.5 E1860.05926
G1 F991.7 X122.305 Y94.125 E1860.74468
G0 F9000 X122.559 Y94.839
G0 X123.215 Y95.013
G0 X123.793 Y94.382
G1 F1271.2 X125.584 Y91.265 E1860.88577
G1 F1229.5 X127.376 Y88.148 E1861.03166
G0 F9000 X123.215 Y95.013
G0 X122.578 Y95.794
G1 F1694.9 X123.025 Y95.021 E1861.05794
G1 X122.752 Y94.95 E1861.06625
G1 X122.578 Y94.76 E1861.07383
G1 X122.578 Y95.794 E1861.10427
G0 F9000 X122.2 Y96.424
G1 F1500 X122.649 Y96.424 E1861.1192
G1 X123.336 Y95.235 E1861.16487
G1 F1388.9 X123.793 Y94.382 E1861.19963
G1 X123.091 Y94.649 E1861.22661
G1 F1500 X122.847 Y94.585 E1861.235
G1 F1188.1 X122.305 Y94.125 E1861.26485
G1 F1075.3 X122.253 Y94.605 E1861.28725
G1 F1327.4 X122.201 Y95.085 E1861.3054
G1 F1500 X122.2 Y96.424 E1861.34994
G1 F2700 E1856.34994
G0 F9000 X122.48 Y96.146
G0 X122.038 Y80.062
G0 X112.962 Y80.062
G0 X112.695 Y94.125
G1 F2700 E1861.34994
G1 F991.7 X112.7 Y80.5 E1862.03535
G0 F9000 X112.441 Y94.839
G0 X111.785 Y95.013
G0 X107.621 Y88.146
G1 F1239.7 X111.263 Y94.477 E1862.32929
G0 F9000 X112.422 Y95.799
G1 F1685.4 X112.422 Y94.76 E1862.36005
G1 X112.245 Y94.952 E1862.36778
G1 X111.973 Y95.021 E1862.37609
G1 X112.422 Y95.799 E1862.40268
G0 F9000 X112.8 Y96.424
G1 F1500 X112.8 Y95.089 E1862.44708
G1 F1327.4 X112.748 Y94.607 E1862.4653
G1 F1075.3 X112.695 Y94.125 E1862.4878
G1 F1188.1 X112.15 Y94.586 E1862.51777
G1 F1500 X111.902 Y94.649 E1862.52628
G1 F1373 X111.263 Y94.477 E1862.55033
G1 X111.658 Y95.23 E1862.58123
G1 F1500 X112.346 Y96.424 E1862.62706
G1 X112.8 Y96.424 E1862.64216
G0 F9000 X113.2 Y96.824
;TYPE:WALL-OUTER
G1 F1500 X113.2 Y80.5 E1863.1851
G1 X113.267 Y80.35 E1863.19056
G1 X113.379 Y80.301 E1863.19463
G1 X121.621 Y80.3 E1863.46876
G1 X121.733 Y80.35 E1863.47284
G1 X121.8 Y80.5 E1863.4783
G1 X121.8 Y96.824 E1864.02124
G1 X122.88 Y96.824 E1864.05716
G1 X128.151 Y87.701 E1864.4076
G1 X127.117 Y87.7 E1864.44199
G1 X123.418 Y94.168 E1864.68981
G1 X123.193 Y94.262 E1864.69792
G1 X122.949 Y94.198 E1864.70631
G1 X122.802 Y94.039 E1864.71351
G1 X122.8 Y78.172 E1865.24125
G1 X112.2 Y78.172 E1865.59381
G1 X112.198 Y94.039 E1866.12155
G1 X112.05 Y94.198 E1866.12877
G1 X111.802 Y94.262 E1866.13729
G1 X111.598 Y94.197 E1866.14441
G1 X107.88 Y87.7 E1866.39339
G1 X106.848 Y87.7 E1866.42771
G1 X112.116 Y96.824 E1866.77813
G1 X113.2 Y96.824 E1866.81418
G1 F2700 E1861.81418
;MESH:batclipholder.stl
G0 F9000 X112.92 Y96.546
G0 X112.976 Y97.691
G0 X112.976 Y107.309
G0 X112.976 Y108.404
G0 X113.034 Y109.585
;TYPE:WALL-INNER
G1 F2700 E1866.81418
G1 F1282.1 X113.291 Y109.471 E1866.82512
G1 X121.709 Y109.471 E1867.1527
G1 F1284.8 X121.967 Y109.585 E1867.16366
G1 X121.967 Y109.005 E1867.18618
G1 F1282.1 X113.034 Y109.006 E1867.5338
G1 X113.034 Y109.585 E1867.55633
G0 F9000 X122.038 Y110.062
G0 X122.3 Y110.5
G1 F1200 X122.4 Y109.869 E1867.58289
G1 F1500 X122.4 Y108.572 E1867.62603
G1 X112.6 Y108.572 E1867.95198
G1 X112.6 Y109.869 E1867.99512
G1 F1200 X112.7 Y110.5 E1868.02168
G1 X113.002 Y110.05 E1868.04421
G1 F1500 X113.337 Y109.903 E1868.05638
G1 X121.663 Y109.902 E1868.3333
G1 X121.998 Y110.05 E1868.34548
G1 F1200 X122.3 Y110.5 E1868.36802
G1 F991.7 X122.305 Y124.125 E1869.05343
G0 F9000 X122.559 Y124.839
G0 X123.215 Y125.013
G0 X123.793 Y124.382
G1 F1271.2 X125.584 Y121.265 E1869.19452
G1 F1229.5 X127.376 Y118.148 E1869.34042
G0 F9000 X123.215 Y125.013
G0 X122.578 Y125.794
G1 F1694.9 X123.025 Y125.021 E1869.3667
G1 X122.752 Y124.95 E1869.375
G1 X122.578 Y124.76 E1869.38259
G1 X122.578 Y125.794 E1869.41302
G0 F9000 X122.2 Y126.424
G1 F1500 X122.649 Y126.424 E1869.42796
G1 X123.336 Y125.235 E1869.47363
G1 F1388.9 X123.793 Y124.382 E1869.50839
G1 X123.091 Y124.649 E1869.53537
G1 F1500 X122.847 Y124.585 E1869.54376
G1 F1188.1 X122.305 Y124.125 E1869.57361
G1 F1075.3 X122.253 Y124.605 E1869.59601
G1 F1327.4 X122.201 Y125.085 E1869.61416
G1 F1500 X122.2 Y126.424 E1869.65869
G1 F2700 E1864.65869
G0 F9000 X122.48 Y126.146
G0 X122.038 Y110.062
G0 X112.962 Y110.062
G0 X112.695 Y124.125
G1 F2700 E1869.65869
G1 F991.7 X112.7 Y110.5 E1870.34411
G0 F9000 X112.441 Y124.839
G0 X111.785 Y125.013
G0 X107.621 Y118.146
G1 F1239.7 X111.263 Y124.477 E1870.63805
G0 F9000 X112.422 Y125.799
G1 F1685.4 X112.422 Y124.76 E1870.66881
G1 X112.245 Y124.952 E1870.67654
G1 X111.973 Y125.021 E1870.68484
G1 X112.422 Y125.799 E1870.71143
G0 F9000 X112.8 Y126.424
G1 F1500 X112.8 Y125.089 E1870.75584
G1 F1327.4 X112.748 Y124.607 E1870.77406
G1 F1075.3 X112.695 Y124.125 E1870.79656
G1 F1188.1 X112.15 Y124.586 E1870.82653
G1 F1500 X111.902 Y124.649 E1870.83504
G1 F1373 X111.263 Y124.477 E1870.85909
G1 X111.658 Y125.23 E1870.88998
G1 F1500 X112.346 Y126.424 E1870.93582
G1 X112.8 Y126.424 E1870.95092
G0 F9000 X113.2 Y126.824
;TYPE:WALL-OUTER
G1 F1500 X113.2 Y110.5 E1871.49386
G1 X113.267 Y110.35 E1871.49932
G1 X113.379 Y110.301 E1871.50339
G1 X121.621 Y110.3 E1871.77752
G1 X121.733 Y110.35 E1871.7816
G1 X121.8 Y110.5 E1871.78706
G1 X121.8 Y126.824 E1872.33
G1 X122.88 Y126.824 E1872.36592
G1 X128.151 Y117.701 E1872.71636
G1 X127.117 Y117.7 E1872.75075
G1 X123.418 Y124.168 E1872.99857
G1 X123.193 Y124.262 E1873.00668
G1 X122.949 Y124.198 E1873.01507
G1 X122.802 Y124.039 E1873.02227
G1 X122.8 Y108.172 E1873.55001
G1 X112.2 Y108.172 E1873.90257
G1 X112.198 Y124.039 E1874.43031
G1 X112.05 Y124.198 E1874.43753
G1 X111.802 Y124.262 E1874.44605
G1 X111.598 Y124.197 E1874.45317
G1 X107.88 Y117.7 E1874.70214
G1 X106.848 Y117.7 E1874.73647
G1 X112.116 Y126.824 E1875.08688
G1 X113.2 Y126.824 E1875.12294
G1 F2700 E1870.12294
;MESH:batclipholder.stl(3)
G0 F9000 X112.92 Y126.546
G0 X112.962 Y110.062
G0 X122.038 Y110.062
G0 X122.559 Y124.839
G0 X123.215 Y125.013
G0 X127.773 Y117.92
G0 X128.712 Y118.462
G0 X136.289 Y118.463
G0 X137.621 Y118.146
;TYPE:WALL-INNER
G1 F2700 E1875.12294
G1 F1239.7 X141.263 Y124.477 E1875.41688
G0 F9000 X141.785 Y125.013
G0 X142.441 Y124.839
G0 X142.695 Y124.125
G1 F991.7 X142.7 Y110.5 E1876.1023
G0 F9000 X143.034 Y109.585
G1 F1282.1 X143.291 Y109.471 E1876.11324
G1 X151.709 Y109.471 E1876.44082
G1 F1284.8 X151.967 Y109.585 E1876.45177
G1 X151.967 Y109.005 E1876.47429
G1 F1282.1 X143.034 Y109.006 E1876.82192
G1 X143.034 Y109.585 E1876.84445
G0 F9000 X142.7 Y110.5
G1 F1200 X143.002 Y110.05 E1876.86698
G1 F1500 X143.337 Y109.903 E1876.87915
G1 X151.663 Y109.902 E1877.15607
G1 X151.998 Y110.05 E1877.16825
G1 F1200 X152.3 Y110.5 E1877.19078
G1 X152.4 Y109.869 E1877.21734
G1 F1500 X152.4 Y108.572 E1877.26048
G1 X142.6 Y108.572 E1877.58643
G1 X142.6 Y109.869 E1877.62957
G1 F1200 X142.7 Y110.5 E1877.65613
G0 F9000 X142.962 Y110.062
G0 X152.038 Y110.062
G0 X152.3 Y110.5
G1 F991.7 X152.305 Y124.125 E1878.34155
G0 F9000 X152.559 Y124.839
G0 X153.215 Y125.013
G0 X153.793 Y124.382
G1 F1271.2 X155.584 Y121.265 E1878.48264
G1 F1229.5 X157.376 Y118.148 E1878.62853
G0 F9000 X153.215 Y125.013
G0 X152.578 Y125.794
G1 F1694.9 X153.025 Y125.021 E1878.65481
G1 X152.752 Y124.95 E1878.66312
G1 X152.578 Y124.76 E1878.6707
G1 X152.578 Y125.794 E1878.70114
G0 F9000 X152.2 Y126.424
G1 F1500 X152.649 Y126.424 E1878.71607
G1 X153.336 Y125.235 E1878.76174
G1 F1388.9 X153.793 Y124.382 E1878.79651
G1 X153.091 Y124.649 E1878.82348
G1 F1500 X152.847 Y124.585 E1878.83187
G1 F1188.1 X152.305 Y124.125 E1878.86173
G1 F1075.3 X152.253 Y124.605 E1878.88413
G1 F1327.4 X152.201 Y125.085 E1878.90227
G1 F1500 X152.2 Y126.424 E1878.94681
G1 F2700 E1873.94681
G0 F9000 X152.48 Y126.146
G0 X152.038 Y110.062
G0 X142.962 Y110.062
G0 X142.422 Y125.799
G1 F2700 E1878.94681
G1 F1685.4 X142.422 Y124.76 E1878.97756
G1 X142.245 Y124.952 E1878.98529
G1 X141.973 Y125.021 E1878.9936
G1 X142.422 Y125.799 E1879.02019
G0 F9000 X142.346 Y126.424
G1 F1500 X142.8 Y126.424 E1879.03529
G1 X142.8 Y125.089 E1879.07969
G1 F1327.4 X142.748 Y124.607 E1879.09791
G1 F1075.3 X142.695 Y124.125 E1879.12041
G1 F1188.1 X142.15 Y124.586 E1879.15039
G1 F1500 X141.902 Y124.649 E1879.1589
G1 F1373 X141.263 Y124.477 E1879.18294
G1 X141.658 Y125.23 E1879.21384
G1 F1500 X142.346 Y126.424 E1879.25967
G0 F9000 X142.116 Y126.824
;TYPE:WALL-OUTER
G1 F1500 X143.2 Y126.824 E1879.29573
G1 X143.2 Y110.5 E1879.83867
G1 X143.267 Y110.35 E1879.84413
G1 X143.379 Y110.301 E1879.8482
G1 X151.621 Y110.3 E1880.12233
G1 X151.733 Y110.35 E1880.12641
G1 X151.8 Y110.5 E1880.13187
G1 X151.8 Y126.824 E1880.67481
G1 X152.88 Y126.824 E1880.71073
G1 X158.151 Y117.701 E1881.06117
G1 X157.117 Y117.7 E1881.09556
G1 X153.418 Y124.168 E1881.34338
G1 X153.193 Y124.262 E1881.35149
G1 X152.949 Y124.198 E1881.35988
G1 X152.802 Y124.039 E1881.36708
G1 X152.8 Y108.172 E1881.89482
G1 X142.2 Y108.172 E1882.24738
G1 X142.198 Y124.039 E1882.77512
G1 X142.05 Y124.198 E1882.78234
G1 X141.802 Y124.262 E1882.79086
G1 X141.598 Y124.197 E1882.79798
G1 X137.88 Y117.7 E1883.04695
G1 X136.848 Y117.7 E1883.08128
G1 X142.116 Y126.824 E1883.43169
G1 F2700 E1878.43169
;MESH:batclipholder.stl(2)
G0 F9000 X142.287 Y126.53
G0 X142.412 Y125.16
G0 X142.424 Y108.398
G0 X142.424 Y107.309
G0 X142.424 Y97.691
G0 X142.424 Y96.596
G0 X142.422 Y95.799
;TYPE:WALL-INNER
G1 F2700 E1883.43169
G1 F1685.4 X142.422 Y94.76 E1883.46245
G1 X142.245 Y94.952 E1883.47018
G1 X141.973 Y95.021 E1883.47849
G1 X142.422 Y95.799 E1883.50508
G0 F9000 X142.346 Y96.424
G1 F1500 X142.8 Y96.424 E1883.52018
G1 X142.8 Y95.089 E1883.56458
G1 F1327.4 X142.748 Y94.607 E1883.5828
G1 F1075.3 X142.695 Y94.125 E1883.6053
G1 F1188.1 X142.15 Y94.586 E1883.63527
G1 F1500 X141.902 Y94.649 E1883.64378
G1 F1373 X141.263 Y94.477 E1883.66783
G1 X141.658 Y95.23 E1883.69873
G1 F1500 X142.346 Y96.424 E1883.74456
G0 F9000 X142.517 Y96.13
G0 X141.263 Y94.477
G1 F1239.7 X137.621 Y88.146 E1884.0385
G0 F9000 X141.785 Y95.013
G0 X142.441 Y94.839
G0 X142.695 Y94.125
G1 F991.7 X142.7 Y80.5 E1884.72392
G0 F9000 X143.034 Y79.585
G1 F1282.1 X143.291 Y79.471 E1884.73486
G1 X151.709 Y79.471 E1885.06244
G1 F1284.8 X151.967 Y79.585 E1885.07339
G1 X151.967 Y79.005 E1885.09592
G1 F1282.1 X143.034 Y79.006 E1885.44354
G1 X143.034 Y79.585 E1885.46607
G0 F9000 X142.7 Y80.5
G1 F1200 X143.002 Y80.05 E1885.4886
G1 F1500 X143.337 Y79.903 E1885.50077
G1 X151.663 Y79.902 E1885.77769
G1 X151.998 Y80.05 E1885.78987
G1 F1200 X152.3 Y80.5 E1885.8124
G1 X152.4 Y79.869 E1885.83897
G1 F1500 X152.4 Y78.572 E1885.8821
G1 X142.6 Y78.572 E1886.20805
G1 X142.6 Y79.869 E1886.25119
G1 F1200 X142.7 Y80.5 E1886.27775
G0 F9000 X142.962 Y80.062
G0 X152.038 Y80.062
G0 X152.3 Y80.5
G1 F991.7 X152.305 Y94.125 E1886.96317
G0 F9000 X152.559 Y94.839
G0 X153.215 Y95.013
G0 X153.793 Y94.382
G1 F1271.2 X155.584 Y91.265 E1887.10426
G1 F1229.5 X157.376 Y88.148 E1887.25015
G0 F9000 X153.215 Y95.013
G0 X152.578 Y95.794
G1 F1694.9 X153.025 Y95.021 E1887.27644
G1 X152.752 Y94.95 E1887.28474
G1 X152.578 Y94.76 E1887.29232
G1 X152.578 Y95.794 E1887.32276
G0 F9000 X152.2 Y96.424
G1 F1500 X152.649 Y96.424 E1887.33769
G1 X153.336 Y95.235 E1887.38337
G1 F1388.9 X153.793 Y94.382 E1887.41813
G1 X153.091 Y94.649 E1887.44511
G1 F1500 X152.847 Y94.585 E1887.4535
G1 F1188.1 X152.305 Y94.125 E1887.48335
G1 F1075.3 X152.253 Y94.605 E1887.50575
G1 F1327.4 X152.201 Y95.085 E1887.52389
G1 F1500 X152.2 Y96.424 E1887.56843
G1 F2700 E1882.56843
G0 F9000 X152.48 Y96.146
G0 X152.038 Y80.062
G0 X142.962 Y80.062
G0 X142.955 Y89.385
G0 X142.287 Y96.53
G0 X142.116 Y96.824
;TYPE:WALL-OUTER
G1 F2700 E1887.56843
G1 F1500 X143.2 Y96.824 E1887.60448
G1 X143.2 Y80.5 E1888.14742
G1 X143.267 Y80.35 E1888.15289
G1 X143.379 Y80.301 E1888.15695
G1 X151.621 Y80.3 E1888.43108
G1 X151.733 Y80.35 E1888.43516
G1 X151.8 Y80.5 E1888.44063
G1 X151.8 Y96.824 E1888.98356
G1 X152.88 Y96.824 E1889.01949
G1 X158.151 Y87.701 E1889.36992
G1 X157.117 Y87.7 E1889.40431
G1 X153.418 Y94.168 E1889.65214
G1 X153.193 Y94.262 E1889.66025
G1 X152.949 Y94.198 E1889.66864
G1 X152.802 Y94.039 E1889.67584
G1 X152.8 Y78.172 E1890.20358
G1 X142.2 Y78.172 E1890.55613
G1 X142.198 Y94.039 E1891.08387
G1 X142.05 Y94.198 E1891.0911
G1 X141.802 Y94.262 E1891.09962
G1 X141.598 Y94.197 E1891.10674
G1 X137.88 Y87.7 E1891.35571
G1 X136.848 Y87.7 E1891.39003
G1 X142.116 Y96.824 E1891.74045
G1 F2700 E1886.74045
;MESH:NONMESH
G0 F300 X142.116 Y96.824 Z7.6
G0 F9000 X142.287 Y96.53
G0 X137.227 Y87.92
G0 X136.289 Y88.463
G0 X128.88 Y86.841
G0 X126.617 Y86.841
G0 X123.665 Y87.92
G0 X122.57 Y87.92
G0 X122.038 Y80.062
G0 X113.034 Y79.585
;TIME_ELAPSED:3400.765068
;LAYER:37
;TYPE:WALL-INNER
;MESH:batclipholder.stl(1)
G1 F2700 E1891.74045
G1 F1282.1 X113.291 Y79.471 E1891.75139
G1 X121.709 Y79.471 E1892.07897
G1 F1284.8 X121.967 Y79.585 E1892.08992
G1 X121.967 Y79.005 E1892.11245
G1 F1282.1 X113.034 Y79.006 E1892.46007
G1 X113.034 Y79.585 E1892.4826
G0 F9000 X122.038 Y80.062
G0 X122.3 Y80.5
G1 F1200 X122.4 Y79.869 E1892.50916
G1 F1500 X122.4 Y78.572 E1892.5523
G1 X112.6 Y78.572 E1892.87825
G1 X112.6 Y79.869 E1892.92139
G1 F1200 X112.7 Y80.5 E1892.94795
G1 X113.002 Y80.05 E1892.97048
G1 F1500 X113.337 Y79.903 E1892.98265
G1 X121.663 Y79.902 E1893.25957
G1 X121.998 Y80.05 E1893.27175
G1 F1200 X122.3 Y80.5 E1893.29428
G1 F991.7 X122.305 Y94.125 E1893.9797
G0 F9000 X122.559 Y94.839
G0 X123.215 Y95.013
G0 X123.793 Y94.382
G1 F1271.2 X125.584 Y91.265 E1894.12079
G1 F1229.5 X127.376 Y88.148 E1894.26668
G0 F9000 X123.215 Y95.013
G0 X122.578 Y95.794
G1 F1694.9 X123.025 Y95.021 E1894.29297
G1 X122.752 Y94.95 E1894.30127
G1 X122.578 Y94.76 E1894.30886
G1 X122.578 Y95.794 E1894.33929
G0 F9000 X122.2 Y96.424
G1 F1500 X122.649 Y96.424 E1894.35422
G1 X123.336 Y95.235 E1894.3999
G1 F1388.9 X123.793 Y94.382 E1894.43466
G1 X123.091 Y94.649 E1894.46164
G1 F1500 X122.847 Y94.585 E1894.47003
G1 F1188.1 X122.305 Y94.125 E1894.49988
G1 F1075.3 X122.253 Y94.605 E1894.52228
G1 F1327.4 X122.201 Y95.085 E1894.54043
G1 F1500 X122.2 Y96.424 E1894.58496
G1 F2700 E1889.58496
G0 F9000 X122.48 Y96.146
G0 X122.038 Y80.062
G0 X112.962 Y80.062
G0 X112.695 Y94.125
G1 F2700 E1894.58496
G1 F991.7 X112.7 Y80.5 E1895.27038
G0 F9000 X112.441 Y94.839
G0 X111.785 Y95.013
G0 X107.621 Y88.146
G1 F1239.7 X111.263 Y94.477 E1895.56432
G0 F9000 X112.422 Y95.799
G1 F1685.4 X112.422 Y94.76 E1895.59508
G1 X112.245 Y94.952 E1895.60281
G1 X111.973 Y95.021 E1895.61111
G1 X112.422 Y95.799 E1895.6377
G0 F9000 X112.8 Y96.424
G1 F1500 X112.8 Y95.089 E1895.68211
G1 F1327.4 X112.748 Y94.607 E1895.70033
G1 F1075.3 X112.695 Y94.125 E1895.72282
G1 F1188.1 X112.15 Y94.586 E1895.7528
G1 F1500 X111.902 Y94.649 E1895.76131
G1 F1373 X111.263 Y94.477 E1895.78535
G1 X111.658 Y95.23 E1895.81625
G1 F1500 X112.346 Y96.424 E1895.86209
G1 X112.8 Y96.424 E1895.87719
G0 F9000 X113.2 Y96.824
;TYPE:WALL-OUTER
G1 F1500 X113.2 Y80.5 E1896.42012
G1 X113.267 Y80.35 E1896.42559
G1 X113.379 Y80.301 E1896.42965
G1 X121.621 Y80.3 E1896.70378
G1 X121.733 Y80.35 E1896.70786
G1 X121.8 Y80.5 E1896.71333
G1 X121.8 Y96.824 E1897.25627
G1 X122.88 Y96.824 E1897.29219
G1 X128.151 Y87.701 E1897.64262
G1 X127.117 Y87.7 E1897.67702
G1 X123.418 Y94.168 E1897.92484
G1 X123.193 Y94.262 E1897.93295
G1 X122.949 Y94.198 E1897.94134
G1 X122.802 Y94.039 E1897.94854
G1 X122.8 Y78.172 E1898.47628
G1 X112.2 Y78.172 E1898.82884
G1 X112.198 Y94.039 E1899.35657
G1 X112.05 Y94.198 E1899.3638
G1 X111.802 Y94.262 E1899.37232
G1 X111.598 Y94.197 E1899.37944
G1 X107.88 Y87.7 E1899.62841
G1 X106.848 Y87.7 E1899.66274
G1 X112.116 Y96.824 E1900.01315
G1 X113.2 Y96.824 E1900.04921
G1 F2700 E1895.04921
;MESH:batclipholder.stl
G0 F9000 X112.92 Y96.546
G0 X112.976 Y97.691
G0 X112.976 Y107.309
G0 X112.976 Y108.404
G0 X113.034 Y109.585
;TYPE:WALL-INNER
G1 F2700 E1900.04921
G1 F1282.1 X113.291 Y109.471 E1900.06015
G1 X121.709 Y109.471 E1900.38773
G1 F1284.8 X121.967 Y109.585 E1900.39868
G1 X121.967 Y109.005 E1900.4212
G1 F1282.1 X113.034 Y109.006 E1900.76883
G1 X113.034 Y109.585 E1900.79136
G0 F9000 X122.038 Y110.062
G0 X122.3 Y110.5
G1 F1200 X122.4 Y109.869 E1900.81792
G1 F1500 X122.4 Y108.572 E1900.86106
G1 X112.6 Y108.572 E1901.18701
G1 X112.6 Y109.869 E1901.23014
G1 F1200 X112.7 Y110.5 E1901.25671
G1 X113.002 Y110.05 E1901.27924
G1 F1500 X113.337 Y109.903 E1901.2914
G1 X121.663 Y109.902 E1901.56833
G1 X121.998 Y110.05 E1901.58051
G1 F1200 X122.3 Y110.5 E1901.60304
G1 F991.7 X122.305 Y124.125 E1902.28846
G0 F9000 X122.559 Y124.839
G0 X123.215 Y125.013
G0 X123.793 Y124.382
G1 F1271.2 X125.584 Y121.265 E1902.42955
G1 F1229.5 X127.376 Y118.148 E1902.57544
G0 F9000 X123.215 Y125.013
G0 X122.578 Y125.794
G1 F1694.9 X123.025 Y125.021 E1902.60172
G1 X122.752 Y124.95 E1902.61003
G1 X122.578 Y124.76 E1902.61761
G1 X122.578 Y125.794 E1902.64805
G0 F9000 X122.2 Y126.424
G1 F1500 X122.649 Y126.424 E1902.66298
G1 X123.336 Y125.235 E1902.70865
G1 F1388.9 X123.793 Y124.382 E1902.74342
G1 X123.091 Y124.649 E1902.77039
G1 F1500 X122.847 Y124.585 E1902.77878
G1 F1188.1 X122.305 Y124.125 E1902.80863
G1 F1075.3 X122.253 Y124.605 E1902.83104
G1 F1327.4 X122.201 Y125.085 E1902.84918
G1 F1500 X122.2 Y126.424 E1902.89372
G1 F2700 E1897.89372
G0 F9000 X122.48 Y126.146
G0 X122.038 Y110.062
G0 X112.962 Y110.062
G0 X112.695 Y124.125
G1 F2700 E1902.89372
G1 F991.7 X112.7 Y110.5 E1903.57914
G0 F9000 X112.441 Y124.839
G0 X111.785 Y125.013
G0 X107.621 Y118.146
G1 F1239.7 X111.263 Y124.477 E1903.87308
G0 F9000 X112.422 Y125.799
G1 F1685.4 X112.422 Y124.76 E1903.90383
G1 X112.245 Y124.952 E1903.91156
G1 X111.973 Y125.021 E1903.91987
G1 X112.422 Y125.799 E1903.94646
G0 F9000 X112.8 Y126.424
G1 F1500 X112.8 Y125.089 E1903.99086
G1 F1327.4 X112.748 Y124.607 E1904.00908
G1 F1075.3 X112.695 Y124.125 E1904.03158
G1 F1188.1 X112.15 Y124.586 E1904.06155
G1 F1500 X111.902 Y124.649 E1904.07007
G1 F1373 X111.263 Y124.477 E1904.09411
G1 X111.658 Y125.23 E1904.12501
G1 F1500 X112.346 Y126.424 E1904.17084
G1 X112.8 Y126.424 E1904.18594
G0 F9000 X113.2 Y126.824
;TYPE:WALL-OUTER
G1 F1500 X113.2 Y110.5 E1904.72888
G1 X113.267 Y110.35 E1904.73434
G1 X113.379 Y110.301 E1904.73841
G1 X121.621 Y110.3 E1905.01254
G1 X121.733 Y110.35 E1905.01662
G1 X121.8 Y110.5 E1905.02208
G1 X121.8 Y126.824 E1905.56502
G1 X122.88 Y126.824 E1905.60094
G1 X128.151 Y117.701 E1905.95138
G1 X127.117 Y117.7 E1905.98577
G1 X123.418 Y124.168 E1906.23359
G1 X123.193 Y124.262 E1906.2417
G1 X122.949 Y124.198 E1906.25009
G1 X122.802 Y124.039 E1906.2573
G1 X122.8 Y108.172 E1906.78503
G1 X112.2 Y108.172 E1907.13759
G1 X112.198 Y124.039 E1907.66533
G1 X112.05 Y124.198 E1907.67256
G1 X111.802 Y124.262 E1907.68107
G1 X111.598 Y124.197 E1907.6882
G1 X107.88 Y117.7 E1907.93717
G1 X106.848 Y117.7 E1907.97149
G1 X112.116 Y126.824 E1908.32191
G1 X113.2 Y126.824 E1908.35796
G1 F2700 E1903.35796
;MESH:batclipholder.stl(3)
G0 F9000 X112.92 Y126.546
G0 X112.962 Y110.062
G0 X122.038 Y110.062
G0 X122.559 Y124.839
G0 X123.215 Y125.013
G0 X127.773 Y117.92
G0 X128.712 Y118.462
G0 X136.289 Y118.463
G0 X137.621 Y118.146
;TYPE:WALL-INNER
G1 F2700 E1908.35796
G1 F1239.7 X141.263 Y124.477 E1908.6519
G0 F9000 X141.785 Y125.013
G0 X142.441 Y124.839
G0 X142.695 Y124.125
G1 F991.7 X142.7 Y110.5 E1909.33732
G0 F9000 X143.034 Y109.585
G1 F1282.1 X143.291 Y109.471 E1909.34826
G1 X151.709 Y109.471 E1909.67584
G1 F1284.8 X151.967 Y109.585 E1909.6868
G1 X151.967 Y109.005 E1909.70932
G1 F1282.1 X143.034 Y109.006 E1910.05694
G1 X143.034 Y109.585 E1910.07947
G0 F9000 X142.7 Y110.5
G1 F1200 X143.002 Y110.05 E1910.102
G1 F1500 X143.337 Y109.903 E1910.11417
G1 X151.663 Y109.902 E1910.39109
G1 X151.998 Y110.05 E1910.40328
G1 F1200 X152.3 Y110.5 E1910.42581
G1 X152.4 Y109.869 E1910.45237
G1 F1500 X152.4 Y108.572 E1910.49551
G1 X142.6 Y108.572 E1910.82146
G1 X142.6 Y109.869 E1910.86459
G1 F1200 X142.7 Y110.5 E1910.89116
G0 F9000 X142.962 Y110.062
G0 X152.038 Y110.062
G0 X152.3 Y110.5
G1 F991.7 X152.305 Y124.125 E1911.57657
G0 F9000 X152.559 Y124.839
G0 X153.215 Y125.013
G0 X153.793 Y124.382
G1 F1271.2 X155.584 Y121.265 E1911.71766
G1 F1229.5 X157.376 Y118.148 E1911.86356
G0 F9000 X153.215 Y125.013
G0 X152.578 Y125.794
G1 F1694.9 X153.025 Y125.021 E1911.88984
G1 X152.752 Y124.95 E1911.89814
G1 X152.578 Y124.76 E1911.90573
G1 X152.578 Y125.794 E1911.93616
G0 F9000 X152.2 Y126.424
G1 F1500 X152.649 Y126.424 E1911.9511
G1 X153.336 Y125.235 E1911.99677
G1 F1388.9 X153.793 Y124.382 E1912.03153
G1 X153.091 Y124.649 E1912.05851
G1 F1500 X152.847 Y124.585 E1912.0669
G1 F1188.1 X152.305 Y124.125 E1912.09675
G1 F1075.3 X152.253 Y124.605 E1912.11915
G1 F1327.4 X152.201 Y125.085 E1912.1373
G1 F1500 X152.2 Y126.424 E1912.18183
G1 F2700 E1907.18183
G0 F9000 X152.48 Y126.146
G0 X152.038 Y110.062
G0 X142.962 Y110.062
G0 X142.422 Y125.799
G1 F2700 E1912.18183
G1 F1685.4 X142.422 Y124.76 E1912.21259
G1 X142.245 Y124.952 E1912.22032
G1 X141.973 Y125.021 E1912.22863
G1 X142.422 Y125.799 E1912.25522
G0 F9000 X142.346 Y126.424
G1 F1500 X142.8 Y126.424 E1912.27032
G1 X142.8 Y125.089 E1912.31472
G1 F1327.4 X142.748 Y124.607 E1912.33294
G1 F1075.3 X142.695 Y124.125 E1912.35544
G1 F1188.1 X142.15 Y124.586 E1912.38541
G1 F1500 X141.902 Y124.649 E1912.39392
G1 F1373 X141.263 Y124.477 E1912.41797
G1 X141.658 Y125.23 E1912.44886
G1 F1500 X142.346 Y126.424 E1912.4947
G0 F9000 X142.116 Y126.824
;TYPE:WALL-OUTER
G1 F1500 X143.2 Y126.824 E1912.53075
G1 X143.2 Y110.5 E1913.07369
G1 X143.267 Y110.35 E1913.07916
G1 X143.379 Y110.301 E1913.08322
G1 X151.621 Y110.3 E1913.35735
G1 X151.733 Y110.35 E1913.36143
G1 X151.8 Y110.5 E1913.36689
G1 X151.8 Y126.824 E1913.90983
G1 X152.88 Y126.824 E1913.94575
G1 X158.151 Y117.701 E1914.29619
G1 X157.117 Y117.7 E1914.33058
G1 X153.418 Y124.168 E1914.5784
G1 X153.193 Y124.262 E1914.58651
G1 X152.949 Y124.198 E1914.5949
G1 X152.802 Y124.039 E1914.60211
G1 X152.8 Y108.172 E1915.12985
G1 X142.2 Y108.172 E1915.4824
G1 X142.198 Y124.039 E1916.01014
G1 X142.05 Y124.198 E1916.01737
G1 X141.802 Y124.262 E1916.02588
G1 X141.598 Y124.197 E1916.03301
G1 X137.88 Y117.7 E1916.28198
G1 X136.848 Y117.7 E1916.3163
G1 X142.116 Y126.824 E1916.66672
G1 F2700 E1911.66672
;MESH:batclipholder.stl(2)
G0 F9000 X142.287 Y126.53
G0 X142.412 Y125.16
G0 X142.424 Y108.398
G0 X142.424 Y107.309
G0 X142.424 Y97.691
G0 X142.424 Y96.596
G0 X142.422 Y95.799
;TYPE:WALL-INNER
G1 F2700 E1916.66672
G1 F1685.4 X142.422 Y94.76 E1916.69748
G1 X142.245 Y94.952 E1916.70521
G1 X141.973 Y95.021 E1916.71351
G1 X142.422 Y95.799 E1916.7401
G0 F9000 X142.346 Y96.424
G1 F1500 X142.8 Y96.424 E1916.7552
G1 X142.8 Y95.089 E1916.7996
G1 F1327.4 X142.748 Y94.607 E1916.81782
G1 F1075.3 X142.695 Y94.125 E1916.84032
G1 F1188.1 X142.15 Y94.586 E1916.8703
G1 F1500 X141.902 Y94.649 E1916.87881
G1 F1373 X141.263 Y94.477 E1916.90285
G1 X141.658 Y95.23 E1916.93375
G1 F1500 X142.346 Y96.424 E1916.97958
G0 F9000 X142.517 Y96.13
G0 X141.263 Y94.477
G1 F1239.7 X137.621 Y88.146 E1917.27353
G0 F9000 X141.785 Y95.013
G0 X142.441 Y94.839
G0 X142.695 Y94.125
G1 F991.7 X142.7 Y80.5 E1917.95894
G0 F9000 X143.034 Y79.585
G1 F1282.1 X143.291 Y79.471 E1917.96988
G1 X151.709 Y79.471 E1918.29747
G1 F1284.8 X151.967 Y79.585 E1918.30842
G1 X151.967 Y79.005 E1918.33094
G1 F1282.1 X143.034 Y79.006 E1918.67856
G1 X143.034 Y79.585 E1918.70109
G0 F9000 X142.7 Y80.5
G1 F1200 X143.002 Y80.05 E1918.72363
G1 F1500 X143.337 Y79.903 E1918.73579
G1 X151.663 Y79.902 E1919.01272
G1 X151.998 Y80.05 E1919.0249
G1 F1200 X152.3 Y80.5 E1919.04743
G1 X152.4 Y79.869 E1919.07399
G1 F1500 X152.4 Y78.572 E1919.11713
G1 X142.6 Y78.572 E1919.44308
G1 X142.6 Y79.869 E1919.48622
G1 F1200 X142.7 Y80.5 E1919.51278
G0 F9000 X142.962 Y80.062
G0 X152.038 Y80.062
G0 X152.3 Y80.5
G1 F991.7 X152.305 Y94.125 E1920.1982
G0 F9000 X152.559 Y94.839
G0 X153.215 Y95.013
G0 X153.793 Y94.382
G1 F1271.2 X155.584 Y91.265 E1920.33929
G1 F1229.5 X157.376 Y88.148 E1920.48518
G0 F9000 X153.215 Y95.013
G0 X152.578 Y95.794
G1 F1694.9 X153.025 Y95.021 E1920.51146
G1 X152.752 Y94.95 E1920.51977
G1 X152.578 Y94.76 E1920.52735
G1 X152.578 Y95.794 E1920.55778
G0 F9000 X152.2 Y96.424
G1 F1500 X152.649 Y96.424 E1920.57272
G1 X153.336 Y95.235 E1920.61839
G1 F1388.9 X153.793 Y94.382 E1920.65315
G1 X153.091 Y94.649 E1920.68013
G1 F1500 X152.847 Y94.585 E1920.68852
G1 F1188.1 X152.305 Y94.125 E1920.71837
G1 F1075.3 X152.253 Y94.605 E1920.74077
G1 F1327.4 X152.201 Y95.085 E1920.75892
G1 F1500 X152.2 Y96.424 E1920.80345
G1 F2700 E1915.80345
G0 F9000 X152.48 Y96.146
G0 X152.038 Y80.062
G0 X142.962 Y80.062
G0 X142.955 Y89.385
G0 X142.287 Y96.53
G0 X142.116 Y96.824
;TYPE:WALL-OUTER
G1 F2700 E1920.80345
G1 F1500 X143.2 Y96.824 E1920.83951
G1 X143.2 Y80.5 E1921.38245
G1 X143.267 Y80.35 E1921.38791
G1 X143.379 Y80.301 E1921.39198
G1 X151.621 Y80.3 E1921.66611
G1 X151.733 Y80.35 E1921.67019
G1 X151.8 Y80.5 E1921.67565
G1 X151.8 Y96.824 E1922.21859
G1 X152.88 Y96.824 E1922.25451
G1 X158.151 Y87.701 E1922.60495
G1 X157.117 Y87.7 E1922.63934
G1 X153.418 Y94.168 E1922.88716
G1 X153.193 Y94.262 E1922.89527
G1 X152.949 Y94.198 E1922.90366
G1 X152.802 Y94.039 E1922.91086
G1 X152.8 Y78.172 E1923.4386
G1 X142.2 Y78.172 E1923.79116
G1 X142.198 Y94.039 E1924.3189
G1 X142.05 Y94.198 E1924.32612
G1 X141.802 Y94.262 E1924.33464
G1 X141.598 Y94.197 E1924.34176
G1 X137.88 Y87.7 E1924.59073
G1 X136.848 Y87.7 E1924.62506
G1 X142.116 Y96.824 E1924.97548
G1 F2700 E1919.97548
;MESH:NONMESH
G0 F300 X142.116 Y96.824 Z7.8
G0 F9000 X142.287 Y96.53
G0 X137.227 Y87.92
G0 X136.289 Y88.463
G0 X128.88 Y86.841
G0 X126.617 Y86.841
G0 X123.665 Y87.92
G0 X122.57 Y87.92
G0 X122.038 Y80.062
G0 X113.034 Y79.585
;TIME_ELAPSED:3460.324855
;LAYER:38
;TYPE:WALL-INNER
;MESH:batclipholder.stl(1)
G1 F2700 E1924.97548
G1 F1282.1 X113.291 Y79.471 E1924.98642
G1 X121.709 Y79.471 E1925.314
G1 F1284.8 X121.967 Y79.585 E1925.32495
G1 X121.967 Y79.005 E1925.34747
G1 F1282.1 X113.034 Y79.006 E1925.69509
G1 X113.034 Y79.585 E1925.71763
G0 F9000 X122.038 Y80.062
G0 X122.3 Y80.5
G1 F1200 X122.4 Y79.869 E1925.74419
G1 F1500 X122.4 Y78.572 E1925.78733
G1 X112.6 Y78.572 E1926.11327
G1 X112.6 Y79.869 E1926.15641
G1 F1200 X112.7 Y80.5 E1926.18297
G1 X113.002 Y80.05 E1926.20551
G1 F1500 X113.337 Y79.903 E1926.21767
G1 X121.663 Y79.902 E1926.4946
G1 X121.998 Y80.05 E1926.50678
G1 F1200 X122.3 Y80.5 E1926.52931
G1 F991.7 X122.305 Y94.125 E1927.21473
G0 F9000 X122.559 Y94.839
G0 X123.215 Y95.013
G0 X123.793 Y94.382
G1 F1271.2 X125.584 Y91.265 E1927.35582
G1 F1229.5 X127.376 Y88.148 E1927.50171
G0 F9000 X123.215 Y95.013
G0 X122.578 Y95.794
G1 F1694.9 X123.025 Y95.021 E1927.52799
G1 X122.752 Y94.95 E1927.5363
G1 X122.578 Y94.76 E1927.54388
G1 X122.578 Y95.794 E1927.57432
G0 F9000 X122.2 Y96.424
G1 F1500 X122.649 Y96.424 E1927.58925
G1 X123.336 Y95.235 E1927.63492
G1 F1388.9 X123.793 Y94.382 E1927.66968
G1 X123.091 Y94.649 E1927.69666
G1 F1500 X122.847 Y94.585 E1927.70505
G1 F1188.1 X122.305 Y94.125 E1927.7349
G1 F1075.3 X122.253 Y94.605 E1927.75731
G1 F1327.4 X122.201 Y95.085 E1927.77545
G1 F1500 X122.2 Y96.424 E1927.81999
G1 F2700 E1922.81999
G0 F9000 X122.48 Y96.146
G0 X122.038 Y80.062
G0 X112.962 Y80.062
G0 X112.695 Y94.125
G1 F2700 E1927.81999
G1 F991.7 X112.7 Y80.5 E1928.5054
G0 F9000 X112.441 Y94.839
G0 X111.785 Y95.013
G0 X107.621 Y88.146
G1 F1239.7 X111.263 Y94.477 E1928.79935
G0 F9000 X112.422 Y95.799
G1 F1685.4 X112.422 Y94.76 E1928.8301
G1 X112.245 Y94.952 E1928.83783
G1 X111.973 Y95.021 E1928.84614
G1 X112.422 Y95.799 E1928.87273
G0 F9000 X112.8 Y96.424
G1 F1500 X112.8 Y95.089 E1928.91713
G1 F1327.4 X112.748 Y94.607 E1928.93535
G1 F1075.3 X112.695 Y94.125 E1928.95785
G1 F1188.1 X112.15 Y94.586 E1928.98782
G1 F1500 X111.902 Y94.649 E1928.99633
G1 F1373 X111.263 Y94.477 E1929.02038
G1 X111.658 Y95.23 E1929.05128
G1 F1500 X112.346 Y96.424 E1929.09711
G1 X112.8 Y96.424 E1929.11221
G0 F9000 X113.2 Y96.824
;TYPE:WALL-OUTER
G1 F1500 X113.2 Y80.5 E1929.65515
G1 X113.267 Y80.35 E1929.66061
G1 X113.379 Y80.301 E1929.66468
G1 X121.621 Y80.3 E1929.93881
G1 X121.733 Y80.35 E1929.94289
G1 X121.8 Y80.5 E1929.94835
G1 X121.8 Y96.824 E1930.49129
G1 X122.88 Y96.824 E1930.52721
G1 X128.151 Y87.701 E1930.87765
G1 X127.117 Y87.7 E1930.91204
G1 X123.418 Y94.168 E1931.15986
G1 X123.193 Y94.262 E1931.16797
G1 X122.949 Y94.198 E1931.17636
G1 X122.802 Y94.039 E1931.18357
G1 X122.8 Y78.172 E1931.7113
G1 X112.2 Y78.172 E1932.06386
G1 X112.198 Y94.039 E1932.5916
G1 X112.05 Y94.198 E1932.59882
G1 X111.802 Y94.262 E1932.60734
G1 X111.598 Y94.197 E1932.61446
G1 X107.88 Y87.7 E1932.86344
G1 X106.848 Y87.7 E1932.89776
G1 X112.116 Y96.824 E1933.24818
G1 X113.2 Y96.824 E1933.28423
G1 F2700 E1928.28423
;MESH:batclipholder.stl
G0 F9000 X112.92 Y96.546
G0 X112.976 Y97.691
G0 X112.976 Y107.309
G0 X112.976 Y108.404
G0 X113.034 Y109.585
;TYPE:WALL-INNER
G1 F2700 E1933.28423
G1 F1282.1 X113.291 Y109.471 E1933.29517
G1 X121.709 Y109.471 E1933.62275
G1 F1284.8 X121.967 Y109.585 E1933.63371
G1 X121.967 Y109.005 E1933.65623
G1 F1282.1 X113.034 Y109.006 E1934.00385
G1 X113.034 Y109.585 E1934.02638
G0 F9000 X122.038 Y110.062
G0 X122.3 Y110.5
G1 F1200 X122.4 Y109.869 E1934.05294
G1 F1500 X122.4 Y108.572 E1934.09608
G1 X112.6 Y108.572 E1934.42203
G1 X112.6 Y109.869 E1934.46517
G1 F1200 X112.7 Y110.5 E1934.49173
G1 X113.002 Y110.05 E1934.51426
G1 F1500 X113.337 Y109.903 E1934.52643
G1 X121.663 Y109.902 E1934.80335
G1 X121.998 Y110.05 E1934.81553
G1 F1200 X122.3 Y110.5 E1934.83807
G1 F991.7 X122.305 Y124.125 E1935.52348
G0 F9000 X122.559 Y124.839
G0 X123.215 Y125.013
G0 X123.793 Y124.382
G1 F1271.2 X125.584 Y121.265 E1935.66457
G1 F1229.5 X127.376 Y118.148 E1935.81047
G0 F9000 X123.215 Y125.013
G0 X122.578 Y125.794
G1 F1694.9 X123.025 Y125.021 E1935.83675
G1 X122.752 Y124.95 E1935.84505
G1 X122.578 Y124.76 E1935.85264
G1 X122.578 Y125.794 E1935.88307
G0 F9000 X122.2 Y126.424
G1 F1500 X122.649 Y126.424 E1935.89801
G1 X123.336 Y125.235 E1935.94368
G1 F1388.9 X123.793 Y124.382 E1935.97844
G1 X123.091 Y124.649 E1936.00542
G1 F1500 X122.847 Y124.585 E1936.01381
G1 F1188.1 X122.305 Y124.125 E1936.04366
G1 F1075.3 X122.253 Y124.605 E1936.06606
G1 F1327.4 X122.201 Y125.085 E1936.08421
G1 F1500 X122.2 Y126.424 E1936.12874
G1 F2700 E1931.12874
G0 F9000 X122.48 Y126.146
G0 X122.038 Y110.062
G0 X112.962 Y110.062
G0 X112.695 Y124.125
G1 F2700 E1936.12874
G1 F991.7 X112.7 Y110.5 E1936.81416
G0 F9000 X112.441 Y124.839
G0 X111.785 Y125.013
G0 X107.621 Y118.146
G1 F1239.7 X111.263 Y124.477 E1937.1081
G0 F9000 X112.422 Y125.799
G1 F1685.4 X112.422 Y124.76 E1937.13886
G1 X112.245 Y124.952 E1937.14659
G1 X111.973 Y125.021 E1937.15489
G1 X112.422 Y125.799 E1937.18148
G0 F9000 X112.8 Y126.424
G1 F1500 X112.8 Y125.089 E1937.22589
G1 F1327.4 X112.748 Y124.607 E1937.24411
G1 F1075.3 X112.695 Y124.125 E1937.26661
G1 F1188.1 X112.15 Y124.586 E1937.29658
G1 F1500 X111.902 Y124.649 E1937.30509
G1 F1373 X111.263 Y124.477 E1937.32914
G1 X111.658 Y125.23 E1937.36003
G1 F1500 X112.346 Y126.424 E1937.40587
G1 X112.8 Y126.424 E1937.42097
G0 F9000 X113.2 Y126.824
;TYPE:WALL-OUTER
G1 F1500 X113.2 Y110.5 E1937.96391
G1 X113.267 Y110.35 E1937.96937
G1 X113.379 Y110.301 E1937.97344
G1 X121.621 Y110.3 E1938.24757
G1 X121.733 Y110.35 E1938.25165
G1 X121.8 Y110.5 E1938.25711
G1 X121.8 Y126.824 E1938.80005
G1 X122.88 Y126.824 E1938.83597
G1 X128.151 Y117.701 E1939.18641
G1 X127.117 Y117.7 E1939.2208
G1 X123.418 Y124.168 E1939.46862
G1 X123.193 Y124.262 E1939.47673
G1 X122.949 Y124.198 E1939.48512
G1 X122.802 Y124.039 E1939.49232
G1 X122.8 Y108.172 E1940.02006
G1 X112.2 Y108.172 E1940.37262
G1 X112.198 Y124.039 E1940.90036
G1 X112.05 Y124.198 E1940.90758
G1 X111.802 Y124.262 E1940.9161
G1 X111.598 Y124.197 E1940.92322
G1 X107.88 Y117.7 E1941.17219
G1 X106.848 Y117.7 E1941.20652
G1 X112.116 Y126.824 E1941.55693
G1 X113.2 Y126.824 E1941.59299
G1 F2700 E1936.59299
;MESH:batclipholder.stl(3)
G0 F9000 X112.92 Y126.546
G0 X112.962 Y110.062
G0 X122.038 Y110.062
G0 X122.559 Y124.839
G0 X123.215 Y125.013
G0 X127.773 Y117.92
G0 X128.712 Y118.462
G0 X136.289 Y118.463
G0 X137.621 Y118.146
;TYPE:WALL-INNER
G1 F2700 E1941.59299
G1 F1239.7 X141.263 Y124.477 E1941.88693
G0 F9000 X141.785 Y125.013
G0 X142.441 Y124.839
G0 X142.695 Y124.125
G1 F991.7 X142.7 Y110.5 E1942.57235
G0 F9000 X143.034 Y109.585
G1 F1282.1 X143.291 Y109.471 E1942.58329
G1 X151.709 Y109.471 E1942.91087
G1 F1284.8 X151.967 Y109.585 E1942.92182
G1 X151.967 Y109.005 E1942.94434
G1 F1282.1 X143.034 Y109.006 E1943.29197
G1 X143.034 Y109.585 E1943.3145
G0 F9000 X142.7 Y110.5
G1 F1200 X143.002 Y110.05 E1943.33703
G1 F1500 X143.337 Y109.903 E1943.3492
G1 X151.663 Y109.902 E1943.62612
G1 X151.998 Y110.05 E1943.6383
G1 F1200 X152.3 Y110.5 E1943.66083
G1 X152.4 Y109.869 E1943.68739
G1 F1500 X152.4 Y108.572 E1943.73053
G1 X142.6 Y108.572 E1944.05648
G1 X142.6 Y109.869 E1944.09962
G1 F1200 X142.7 Y110.5 E1944.12618
G0 F9000 X142.962 Y110.062
G0 X152.038 Y110.062
G0 X152.3 Y110.5
G1 F991.7 X152.305 Y124.125 E1944.8116
G0 F9000 X152.559 Y124.839
G0 X153.215 Y125.013
G0 X153.793 Y124.382
G1 F1271.2 X155.584 Y121.265 E1944.95269
G1 F1229.5 X157.376 Y118.148 E1945.09858
G0 F9000 X153.215 Y125.013
G0 X152.578 Y125.794
G1 F1694.9 X153.025 Y125.021 E1945.12487
G1 X152.752 Y124.95 E1945.13317
G1 X152.578 Y124.76 E1945.14075
G1 X152.578 Y125.794 E1945.17119
G0 F9000 X152.2 Y126.424
G1 F1500 X152.649 Y126.424 E1945.18612
G1 X153.336 Y125.235 E1945.23179
G1 F1388.9 X153.793 Y124.382 E1945.26656
G1 X153.091 Y124.649 E1945.29353
G1 F1500 X152.847 Y124.585 E1945.30192
G1 F1188.1 X152.305 Y124.125 E1945.33178
G1 F1075.3 X152.253 Y124.605 E1945.35418
G1 F1327.4 X152.201 Y125.085 E1945.37232
G1 F1500 X152.2 Y126.424 E1945.41686
G1 F2700 E1940.41686
G0 F9000 X152.48 Y126.146
G0 X152.038 Y110.062
G0 X142.962 Y110.062
G0 X142.422 Y125.799
G1 F2700 E1945.41686
G1 F1685.4 X142.422 Y124.76 E1945.44761
G1 X142.245 Y124.952 E1945.45534
G1 X141.973 Y125.021 E1945.46365
G1 X142.422 Y125.799 E1945.49024
G0 F9000 X142.346 Y126.424
G1 F1500 X142.8 Y126.424 E1945.50534
G1 X142.8 Y125.089 E1945.54974
G1 F1327.4 X142.748 Y124.607 E1945.56796
G1 F1075.3 X142.695 Y124.125 E1945.59046
G1 F1188.1 X142.15 Y124.586 E1945.62044
G1 F1500 X141.902 Y124.649 E1945.62895
G1 F1373 X141.263 Y124.477 E1945.65299
G1 X141.658 Y125.23 E1945.68389
G1 F1500 X142.346 Y126.424 E1945.72972
G0 F9000 X142.116 Y126.824
;TYPE:WALL-OUTER
G1 F1500 X143.2 Y126.824 E1945.76578
G1 X143.2 Y110.5 E1946.30872
G1 X143.267 Y110.35 E1946.31418
G1 X143.379 Y110.301 E1946.31825
G1 X151.621 Y110.3 E1946.59238
G1 X151.733 Y110.35 E1946.59646
G1 X151.8 Y110.5 E1946.60192
G1 X151.8 Y126.824 E1947.14486
G1 X152.88 Y126.824 E1947.18078
G1 X158.151 Y117.701 E1947.53122
G1 X157.117 Y117.7 E1947.56561
G1 X153.418 Y124.168 E1947.81343
G1 X153.193 Y124.262 E1947.82154
G1 X152.949 Y124.198 E1947.82993
G1 X152.802 Y124.039 E1947.83713
G1 X152.8 Y108.172 E1948.36487
G1 X142.2 Y108.172 E1948.71743
G1 X142.198 Y124.039 E1949.24517
G1 X142.05 Y124.198 E1949.25239
G1 X141.802 Y124.262 E1949.26091
G1 X141.598 Y124.197 E1949.26803
G1 X137.88 Y117.7 E1949.517
G1 X136.848 Y117.7 E1949.55133
G1 X142.116 Y126.824 E1949.90174
G1 F2700 E1944.90174
;MESH:batclipholder.stl(2)
G0 F9000 X142.287 Y126.53
G0 X142.412 Y125.16
G0 X142.424 Y108.398
G0 X142.424 Y107.309
G0 X142.424 Y97.691
G0 X142.424 Y96.596
G0 X142.422 Y95.799
;TYPE:WALL-INNER
G1 F2700 E1949.90174
G1 F1685.4 X142.422 Y94.76 E1949.9325
G1 X142.245 Y94.952 E1949.94023
G1 X141.973 Y95.021 E1949.94854
G1 X142.422 Y95.799 E1949.97513
G0 F9000 X142.346 Y96.424
G1 F1500 X142.8 Y96.424 E1949.99023
G1 X142.8 Y95.089 E1950.03463
G1 F1327.4 X142.748 Y94.607 E1950.05285
G1 F1075.3 X142.695 Y94.125 E1950.07535
G1 F1188.1 X142.15 Y94.586 E1950.10532
G1 F1500 X141.902 Y94.649 E1950.11383
G1 F1373 X141.263 Y94.477 E1950.13788
G1 X141.658 Y95.23 E1950.16878
G1 F1500 X142.346 Y96.424 E1950.21461
G0 F9000 X142.517 Y96.13
G0 X141.263 Y94.477
G1 F1239.7 X137.621 Y88.146 E1950.50855
G0 F9000 X141.785 Y95.013
G0 X142.441 Y94.839
G0 X142.695 Y94.125
G1 F991.7 X142.7 Y80.5 E1951.19397
G0 F9000 X143.034 Y79.585
G1 F1282.1 X143.291 Y79.471 E1951.20491
G1 X151.709 Y79.471 E1951.53249
G1 F1284.8 X151.967 Y79.585 E1951.54344
G1 X151.967 Y79.005 E1951.56597
G1 F1282.1 X143.034 Y79.006 E1951.91359
G1 X143.034 Y79.585 E1951.93612
G0 F9000 X142.7 Y80.5
G1 F1200 X143.002 Y80.05 E1951.95865
G1 F1500 X143.337 Y79.903 E1951.97082
G1 X151.663 Y79.902 E1952.24774
G1 X151.998 Y80.05 E1952.25992
G1 F1200 X152.3 Y80.5 E1952.28245
G1 X152.4 Y79.869 E1952.30902
G1 F1500 X152.4 Y78.572 E1952.35215
G1 X142.6 Y78.572 E1952.6781
G1 X142.6 Y79.869 E1952.72124
G1 F1200 X142.7 Y80.5 E1952.7478
G0 F9000 X142.962 Y80.062
G0 X152.038 Y80.062
G0 X152.3 Y80.5
G1 F991.7 X152.305 Y94.125 E1953.43322
G0 F9000 X152.559 Y94.839
G0 X153.215 Y95.013
G0 X153.793 Y94.382
G1 F1271.2 X155.584 Y91.265 E1953.57431
G1 F1229.5 X157.376 Y88.148 E1953.7202
G0 F9000 X153.215 Y95.013
G0 X152.578 Y95.794
G1 F1694.9 X153.025 Y95.021 E1953.74649
G1 X152.752 Y94.95 E1953.75479
G1 X152.578 Y94.76 E1953.76237
G1 X152.578 Y95.794 E1953.79281
G0 F9000 X152.2 Y96.424
G1 F1500 X152.649 Y96.424 E1953.80774
G1 X153.336 Y95.235 E1953.85342
G1 F1388.9 X153.793 Y94.382 E1953.88818
G1 X153.091 Y94.649 E1953.91516
G1 F1500 X152.847 Y94.585 E1953.92355
G1 F1188.1 X152.305 Y94.125 E1953.9534
G1 F1075.3 X152.253 Y94.605 E1953.9758
G1 F1327.4 X152.201 Y95.085 E1953.99394
G1 F1500 X152.2 Y96.424 E1954.03848
G1 F2700 E1949.03848
G0 F9000 X152.48 Y96.146
G0 X152.038 Y80.062
G0 X142.962 Y80.062
G0 X142.955 Y89.385
G0 X142.287 Y96.53
G0 X142.116 Y96.824
;TYPE:WALL-OUTER
G1 F2700 E1954.03848
G1 F1500 X143.2 Y96.824 E1954.07453
G1 X143.2 Y80.5 E1954.61747
G1 X143.267 Y80.35 E1954.62294
G1 X143.379 Y80.301 E1954.627
G1 X151.621 Y80.3 E1954.90113
G1 X151.733 Y80.35 E1954.90521
G1 X151.8 Y80.5 E1954.91068
G1 X151.8 Y96.824 E1955.45361
G1 X152.88 Y96.824 E1955.48954
G1 X158.151 Y87.701 E1955.83997
G1 X157.117 Y87.7 E1955.87436
G1 X153.418 Y94.168 E1956.12219
G1 X153.193 Y94.262 E1956.1303
G1 X152.949 Y94.198 E1956.13869
G1 X152.802 Y94.039 E1956.14589
G1 X152.8 Y78.172 E1956.67363
G1 X142.2 Y78.172 E1957.02618
G1 X142.198 Y94.039 E1957.55392
G1 X142.05 Y94.198 E1957.56115
G1 X141.802 Y94.262 E1957.56967
G1 X141.598 Y94.197 E1957.57679
G1 X137.88 Y87.7 E1957.82576
G1 X136.848 Y87.7 E1957.86008
G1 X142.116 Y96.824 E1958.2105
G1 F2700 E1953.2105
;MESH:NONMESH
G0 F300 X142.116 Y96.824 Z8
G0 F9000 X142.287 Y96.53
G0 X137.227 Y87.92
G0 X136.289 Y88.463
G0 X128.88 Y86.841
G0 X126.617 Y86.841
G0 X123.665 Y87.92
G0 X122.57 Y87.92
G0 X122.038 Y80.062
G0 X113.034 Y79.585
;TIME_ELAPSED:3519.884641
;LAYER:39
;TYPE:WALL-INNER
;MESH:batclipholder.stl(1)
G1 F2700 E1958.2105
G1 F1282.1 X113.291 Y79.471 E1958.22144
G1 X121.709 Y79.471 E1958.54902
G1 F1284.8 X121.967 Y79.585 E1958.55998
G1 X121.967 Y79.005 E1958.5825
G1 F1282.1 X113.034 Y79.006 E1958.93012
G1 X113.034 Y79.585 E1958.95265
G0 F9000 X122.038 Y80.062
G0 X122.3 Y80.5
G1 F1200 X122.4 Y79.869 E1958.97921
G1 F1500 X122.4 Y78.572 E1959.02235
G1 X112.6 Y78.572 E1959.3483
G1 X112.6 Y79.869 E1959.39144
G1 F1200 X112.7 Y80.5 E1959.418
G1 X113.002 Y80.05 E1959.44053
G1 F1500 X113.337 Y79.903 E1959.4527
G1 X121.663 Y79.902 E1959.72962
G1 X121.998 Y80.05 E1959.7418
G1 F1200 X122.3 Y80.5 E1959.76433
G1 F991.7 X122.305 Y94.125 E1960.44975
G0 F9000 X122.559 Y94.839
G0 X123.215 Y95.013
G0 X123.793 Y94.382
G1 F1271.2 X125.584 Y91.265 E1960.59084
G1 F1229.5 X127.376 Y88.148 E1960.73674
G0 F9000 X123.215 Y95.013
G0 X122.578 Y95.794
G1 F1694.9 X123.025 Y95.021 E1960.76302
G1 X122.752 Y94.95 E1960.77132
G1 X122.578 Y94.76 E1960.77891
G1 X122.578 Y95.794 E1960.80934
G0 F9000 X122.2 Y96.424
G1 F1500 X122.649 Y96.424 E1960.82428
G1 X123.336 Y95.235 E1960.86995
G1 F1388.9 X123.793 Y94.382 E1960.90471
G1 X123.091 Y94.649 E1960.93169
G1 F1500 X122.847 Y94.585 E1960.94008
G1 F1188.1 X122.305 Y94.125 E1960.96993
G1 F1075.3 X122.253 Y94.605 E1960.99233
G1 F1327.4 X122.201 Y95.085 E1961.01048
G1 F1500 X122.2 Y96.424 E1961.05501
G1 F2700 E1956.05501
G0 F9000 X122.48 Y96.146
G0 X122.038 Y80.062
G0 X112.962 Y80.062
G0 X112.695 Y94.125
G1 F2700 E1961.05501
G1 F991.7 X112.7 Y80.5 E1961.74043
G0 F9000 X112.441 Y94.839
G0 X111.785 Y95.013
G0 X107.621 Y88.146
G1 F1239.7 X111.263 Y94.477 E1962.03437
G0 F9000 X112.422 Y95.799
G1 F1685.4 X112.422 Y94.76 E1962.06513
G1 X112.245 Y94.952 E1962.07286
G1 X111.973 Y95.021 E1962.08116
G1 X112.422 Y95.799 E1962.10775
G0 F9000 X112.8 Y96.424
G1 F1500 X112.8 Y95.089 E1962.15216
G1 F1327.4 X112.748 Y94.607 E1962.17038
G1 F1075.3 X112.695 Y94.125 E1962.19287
G1 F1188.1 X112.15 Y94.586 E1962.22285
G1 F1500 X111.902 Y94.649 E1962.23136
G1 F1373 X111.263 Y94.477 E1962.25541
G1 X111.658 Y95.23 E1962.2863
G1 F1500 X112.346 Y96.424 E1962.33214
G1 X112.8 Y96.424 E1962.34724
G0 F9000 X113.2 Y96.824
;TYPE:WALL-OUTER
G1 F1500 X113.2 Y80.5 E1962.89017
G1 X113.267 Y80.35 E1962.89564
G1 X113.379 Y80.301 E1962.8997
G1 X121.621 Y80.3 E1963.17383
G1 X121.733 Y80.35 E1963.17791
G1 X121.8 Y80.5 E1963.18338
G1 X121.8 Y96.824 E1963.72632
G1 X122.88 Y96.824 E1963.76224
G1 X128.151 Y87.701 E1964.11268
G1 X127.117 Y87.7 E1964.14707
G1 X123.418 Y94.168 E1964.39489
G1 X123.193 Y94.262 E1964.403
G1 X122.949 Y94.198 E1964.41139
G1 X122.802 Y94.039 E1964.41859
G1 X122.8 Y78.172 E1964.94633
G1 X112.2 Y78.172 E1965.29889
G1 X112.198 Y94.039 E1965.82662
G1 X112.05 Y94.198 E1965.83385
G1 X111.802 Y94.262 E1965.84237
G1 X111.598 Y94.197 E1965.84949
G1 X107.88 Y87.7 E1966.09846
G1 X106.848 Y87.7 E1966.13279
G1 X112.116 Y96.824 E1966.4832
G1 X113.2 Y96.824 E1966.51926
G1 F2700 E1961.51926
;MESH:batclipholder.stl
G0 F9000 X112.92 Y96.546
G0 X112.976 Y97.691
G0 X112.976 Y107.309
G0 X112.976 Y108.404
G0 X113.034 Y109.585
;TYPE:WALL-INNER
G1 F2700 E1966.51926
G1 F1282.1 X113.291 Y109.471 E1966.5302
G1 X121.709 Y109.471 E1966.85778
G1 F1284.8 X121.967 Y109.585 E1966.86873
G1 X121.967 Y109.005 E1966.89125
G1 F1282.1 X113.034 Y109.006 E1967.23888
G1 X113.034 Y109.585 E1967.26141
G0 F9000 X122.038 Y110.062
G0 X122.3 Y110.5
G1 F1200 X122.4 Y109.869 E1967.28797
G1 F1500 X122.4 Y108.572 E1967.33111
G1 X112.6 Y108.572 E1967.65706
G1 X112.6 Y109.869 E1967.70019
G1 F1200 X112.7 Y110.5 E1967.72676
G1 X113.002 Y110.05 E1967.74929
G1 F1500 X113.337 Y109.903 E1967.76145
G1 X121.663 Y109.902 E1968.03838
G1 X121.998 Y110.05 E1968.05056
G1 F1200 X122.3 Y110.5 E1968.07309
G1 F991.7 X122.305 Y124.125 E1968.75851
G0 F9000 X122.559 Y124.839
G0 X123.215 Y125.013
G0 X123.793 Y124.382
G1 F1271.2 X125.584 Y121.265 E1968.8996
G1 F1229.5 X127.376 Y118.148 E1969.04549
G0 F9000 X123.215 Y125.013
G0 X122.578 Y125.794
G1 F1694.9 X123.025 Y125.021 E1969.07178
G1 X122.752 Y124.95 E1969.08008
G1 X122.578 Y124.76 E1969.08766
G1 X122.578 Y125.794 E1969.1181
G0 F9000 X122.2 Y126.424
G1 F1500 X122.649 Y126.424 E1969.13303
G1 X123.336 Y125.235 E1969.1787
G1 F1388.9 X123.793 Y124.382 E1969.21347
G1 X123.091 Y124.649 E1969.24044
G1 F1500 X122.847 Y124.585 E1969.24883
G1 F1188.1 X122.305 Y124.125 E1969.27869
G1 F1075.3 X122.253 Y124.605 E1969.30109
G1 F1327.4 X122.201 Y125.085 E1969.31923
G1 F1500 X122.2 Y126.424 E1969.36377
G1 F2700 E1964.36377
G0 F9000 X122.48 Y126.146
G0 X122.038 Y110.062
G0 X112.962 Y110.062
G0 X112.695 Y124.125
G1 F2700 E1969.36377
G1 F991.7 X112.7 Y110.5 E1970.04919
G0 F9000 X112.441 Y124.839
G0 X111.785 Y125.013
G0 X107.621 Y118.146
G1 F1239.7 X111.263 Y124.477 E1970.34313
G0 F9000 X112.422 Y125.799
G1 F1685.4 X112.422 Y124.76 E1970.37388
G1 X112.245 Y124.952 E1970.38161
G1 X111.973 Y125.021 E1970.38992
G1 X112.422 Y125.799 E1970.41651
G0 F9000 X112.8 Y126.424
G1 F1500 X112.8 Y125.089 E1970.46091
G1 F1327.4 X112.748 Y124.607 E1970.47913
G1 F1075.3 X112.695 Y124.125 E1970.50163
G1 F1188.1 X112.15 Y124.586 E1970.53161
G1 F1500 X111.902 Y124.649 E1970.54012
G1 F1373 X111.263 Y124.477 E1970.56416
G1 X111.658 Y125.23 E1970.59506
G1 F1500 X112.346 Y126.424 E1970.64089
G1 X112.8 Y126.424 E1970.65599
G0 F9000 X113.2 Y126.824
;TYPE:WALL-OUTER
G1 F1500 X113.2 Y110.5 E1971.19893
G1 X113.267 Y110.35 E1971.2044
G1 X113.379 Y110.301 E1971.20846
G1 X121.621 Y110.3 E1971.48259
G1 X121.733 Y110.35 E1971.48667
G1 X121.8 Y110.5 E1971.49213
G1 X121.8 Y126.824 E1972.03507
G1 X122.88 Y126.824 E1972.07099
G1 X128.151 Y117.701 E1972.42143
G1 X127.117 Y117.7 E1972.45582
G1 X123.418 Y124.168 E1972.70364
G1 X123.193 Y124.262 E1972.71175
G1 X122.949 Y124.198 E1972.72014
G1 X122.802 Y124.039 E1972.72735
G1 X122.8 Y108.172 E1973.25509
G1 X112.2 Y108.172 E1973.60764
G1 X112.198 Y124.039 E1974.13538
G1 X112.05 Y124.198 E1974.14261
G1 X111.802 Y124.262 E1974.15112
G1 X111.598 Y124.197 E1974.15825
G1 X107.88 Y117.7 E1974.40722
G1 X106.848 Y117.7 E1974.44154
G1 X112.116 Y126.824 E1974.79196
G1 X113.2 Y126.824 E1974.82801
G1 F2700 E1969.82801
;MESH:batclipholder.stl(3)
G0 F9000 X112.92 Y126.546
G0 X112.962 Y110.062
G0 X122.038 Y110.062
G0 X122.559 Y124.839
G0 X123.215 Y125.013
G0 X127.773 Y117.92
G0 X128.712 Y118.462
G0 X136.289 Y118.463
G0 X137.621 Y118.146
;TYPE:WALL-INNER
G1 F2700 E1974.82801
G1 F1239.7 X141.263 Y124.477 E1975.12195
G0 F9000 X141.785 Y125.013
G0 X142.441 Y124.839
G0 X142.695 Y124.125
G1 F991.7 X142.7 Y110.5 E1975.80737
G0 F9000 X143.034 Y109.585
G1 F1282.1 X143.291 Y109.471 E1975.81831
G1 X151.709 Y109.471 E1976.14589
G1 F1284.8 X151.967 Y109.585 E1976.15685
G1 X151.967 Y109.005 E1976.17937
G1 F1282.1 X143.034 Y109.006 E1976.52699
G1 X143.034 Y109.585 E1976.54952
G0 F9000 X142.7 Y110.5
G1 F1200 X143.002 Y110.05 E1976.57205
G1 F1500 X143.337 Y109.903 E1976.58422
G1 X151.663 Y109.902 E1976.86115
G1 X151.998 Y110.05 E1976.87333
G1 F1200 X152.3 Y110.5 E1976.89586
G1 X152.4 Y109.869 E1976.92242
G1 F1500 X152.4 Y108.572 E1976.96556
G1 X142.6 Y108.572 E1977.29151
G1 X142.6 Y109.869 E1977.33465
G1 F1200 X142.7 Y110.5 E1977.36121
G0 F9000 X142.962 Y110.062
G0 X152.038 Y110.062
G0 X152.3 Y110.5
G1 F991.7 X152.305 Y124.125 E1978.04663
G0 F9000 X152.559 Y124.839
G0 X153.215 Y125.013
G0 X153.793 Y124.382
G1 F1271.2 X155.584 Y121.265 E1978.18771
G1 F1229.5 X157.376 Y118.148 E1978.33361
G0 F9000 X153.215 Y125.013
G0 X152.578 Y125.794
G1 F1694.9 X153.025 Y125.021 E1978.35989
G1 X152.752 Y124.95 E1978.36819
G1 X152.578 Y124.76 E1978.37578
G1 X152.578 Y125.794 E1978.40621
G0 F9000 X152.2 Y126.424
G1 F1500 X152.649 Y126.424 E1978.42115
G1 X153.336 Y125.235 E1978.46682
G1 F1388.9 X153.793 Y124.382 E1978.50158
G1 X153.091 Y124.649 E1978.52856
G1 F1500 X152.847 Y124.585 E1978.53695
G1 F1188.1 X152.305 Y124.125 E1978.5668
G1 F1075.3 X152.253 Y124.605 E1978.5892
G1 F1327.4 X152.201 Y125.085 E1978.60735
G1 F1500 X152.2 Y126.424 E1978.65188
G1 F2700 E1973.65188
G0 F9000 X152.48 Y126.146
G0 X152.038 Y110.062
G0 X142.962 Y110.062
G0 X142.422 Y125.799
G1 F2700 E1978.65188
G1 F1685.4 X142.422 Y124.76 E1978.68264
G1 X142.245 Y124.952 E1978.69037
G1 X141.973 Y125.021 E1978.69868
G1 X142.422 Y125.799 E1978.72527
G0 F9000 X142.346 Y126.424
G1 F1500 X142.8 Y126.424 E1978.74037
G1 X142.8 Y125.089 E1978.78477
G1 F1327.4 X142.748 Y124.607 E1978.80299
G1 F1075.3 X142.695 Y124.125 E1978.82549
G1 F1188.1 X142.15 Y124.586 E1978.85546
G1 F1500 X141.902 Y124.649 E1978.86397
G1 F1373 X141.263 Y124.477 E1978.88802
G1 X141.658 Y125.23 E1978.91892
G1 F1500 X142.346 Y126.424 E1978.96475
G0 F9000 X142.116 Y126.824
;TYPE:WALL-OUTER
G1 F1500 X143.2 Y126.824 E1979.0008
G1 X143.2 Y110.5 E1979.54374
G1 X143.267 Y110.35 E1979.54921
G1 X143.379 Y110.301 E1979.55327
G1 X151.621 Y110.3 E1979.8274
G1 X151.733 Y110.35 E1979.83148
G1 X151.8 Y110.5 E1979.83695
G1 X151.8 Y126.824 E1980.37988
G1 X152.88 Y126.824 E1980.4158
G1 X158.151 Y117.701 E1980.76624
G1 X157.117 Y117.7 E1980.80063
G1 X153.418 Y124.168 E1981.04845
G1 X153.193 Y124.262 E1981.05656
G1 X152.949 Y124.198 E1981.06495
G1 X152.802 Y124.039 E1981.07216
G1 X152.8 Y108.172 E1981.5999
G1 X142.2 Y108.172 E1981.95245
G1 X142.198 Y124.039 E1982.48019
G1 X142.05 Y124.198 E1982.48742
G1 X141.802 Y124.262 E1982.49594
G1 X141.598 Y124.197 E1982.50306
G1 X137.88 Y117.7 E1982.75203
G1 X136.848 Y117.7 E1982.78635
G1 X142.116 Y126.824 E1983.13677
G1 F2700 E1978.13677
;MESH:batclipholder.stl(2)
G0 F9000 X142.287 Y126.53
G0 X142.412 Y125.16
G0 X142.424 Y108.398
G0 X142.424 Y107.309
G0 X142.424 Y97.691
G0 X142.424 Y96.596
G0 X142.422 Y95.799
;TYPE:WALL-INNER
G1 F2700 E1983.13677
G1 F1685.4 X142.422 Y94.76 E1983.16753
G1 X142.245 Y94.952 E1983.17526
G1 X141.973 Y95.021 E1983.18356
G1 X142.422 Y95.799 E1983.21015
G0 F9000 X142.346 Y96.424
G1 F1500 X142.8 Y96.424 E1983.22525
G1 X142.8 Y95.089 E1983.26965
G1 F1327.4 X142.748 Y94.607 E1983.28788
G1 F1075.3 X142.695 Y94.125 E1983.31037
G1 F1188.1 X142.15 Y94.586 E1983.34035
G1 F1500 X141.902 Y94.649 E1983.34886
G1 F1373 X141.263 Y94.477 E1983.3729
G1 X141.658 Y95.23 E1983.4038
G1 F1500 X142.346 Y96.424 E1983.44964
G0 F9000 X142.517 Y96.13
G0 X141.263 Y94.477
G1 F1239.7 X137.621 Y88.146 E1983.74358
G0 F9000 X141.785 Y95.013
G0 X142.441 Y94.839
G0 X142.695 Y94.125
G1 F991.7 X142.7 Y80.5 E1984.42899
G0 F9000 X143.034 Y79.585
G1 F1282.1 X143.291 Y79.471 E1984.43994
G1 X151.709 Y79.471 E1984.76752
G1 F1284.8 X151.967 Y79.585 E1984.77847
G1 X151.967 Y79.005 E1984.80099
G1 F1282.1 X143.034 Y79.006 E1985.14861
G1 X143.034 Y79.585 E1985.17114
G0 F9000 X142.7 Y80.5
G1 F1200 X143.002 Y80.05 E1985.19368
G1 F1500 X143.337 Y79.903 E1985.20584
G1 X151.663 Y79.902 E1985.48277
G1 X151.998 Y80.05 E1985.49495
G1 F1200 X152.3 Y80.5 E1985.51748
G1 X152.4 Y79.869 E1985.54404
G1 F1500 X152.4 Y78.572 E1985.58718
G1 X142.6 Y78.572 E1985.91313
G1 X142.6 Y79.869 E1985.95627
G1 F1200 X142.7 Y80.5 E1985.98283
G0 F9000 X142.962 Y80.062
G0 X152.038 Y80.062
G0 X152.3 Y80.5
G1 F991.7 X152.305 Y94.125 E1986.66825
G0 F9000 X152.559 Y94.839
G0 X153.215 Y95.013
G0 X153.793 Y94.382
G1 F1271.2 X155.584 Y91.265 E1986.80934
G1 F1229.5 X157.376 Y88.148 E1986.95523
G0 F9000 X153.215 Y95.013
G0 X152.578 Y95.794
G1 F1694.9 X153.025 Y95.021 E1986.98151
G1 X152.752 Y94.95 E1986.98982
G1 X152.578 Y94.76 E1986.9974
G1 X152.578 Y95.794 E1987.02784
G0 F9000 X152.2 Y96.424
G1 F1500 X152.649 Y96.424 E1987.04277
G1 X153.336 Y95.235 E1987.08844
G1 F1388.9 X153.793 Y94.382 E1987.1232
G1 X153.091 Y94.649 E1987.15018
G1 F1500 X152.847 Y94.585 E1987.15857
G1 F1188.1 X152.305 Y94.125 E1987.18842
G1 F1075.3 X152.253 Y94.605 E1987.21082
G1 F1327.4 X152.201 Y95.085 E1987.22897
G1 F1500 X152.2 Y96.424 E1987.27351
G1 F2700 E1982.27351
G0 F9000 X152.48 Y96.146
G0 X152.038 Y80.062
G0 X142.962 Y80.062
G0 X142.955 Y89.385
G0 X142.287 Y96.53
G0 X142.116 Y96.824
;TYPE:WALL-OUTER
G1 F2700 E1987.27351
G1 F1500 X143.2 Y96.824 E1987.30956
G1 X143.2 Y80.5 E1987.8525
G1 X143.267 Y80.35 E1987.85796
G1 X143.379 Y80.301 E1987.86203
G1 X151.621 Y80.3 E1988.13616
G1 X151.733 Y80.35 E1988.14024
G1 X151.8 Y80.5 E1988.1457
G1 X151.8 Y96.824 E1988.68864
G1 X152.88 Y96.824 E1988.72456
G1 X158.151 Y87.701 E1989.075
G1 X157.117 Y87.7 E1989.10939
G1 X153.418 Y94.168 E1989.35721
G1 X153.193 Y94.262 E1989.36532
G1 X152.949 Y94.198 E1989.37371
G1 X152.802 Y94.039 E1989.38091
G1 X152.8 Y78.172 E1989.90865
G1 X142.2 Y78.172 E1990.26121
G1 X142.198 Y94.039 E1990.78895
G1 X142.05 Y94.198 E1990.79617
G1 X141.802 Y94.262 E1990.80469
G1 X141.598 Y94.197 E1990.81181
G1 X137.88 Y87.7 E1991.06079
G1 X136.848 Y87.7 E1991.09511
G1 X142.116 Y96.824 E1991.44553
G1 F2700 E1986.44553
;MESH:NONMESH
G0 F300 X142.116 Y96.824 Z8.2
G0 F9000 X142.287 Y96.53
G0 X137.227 Y87.92
G0 X136.289 Y88.463
G0 X128.88 Y86.841
G0 X126.617 Y86.841
G0 X123.665 Y87.92
G0 X122.57 Y87.92
G0 X122.038 Y80.062
G0 X113.034 Y79.585
;TIME_ELAPSED:3579.444428
;LAYER:40
;TYPE:WALL-INNER
;MESH:batclipholder.stl(1)
G1 F2700 E1991.44553
G1 F1282.1 X113.291 Y79.471 E1991.45647
G1 X121.709 Y79.471 E1991.78405
G1 F1284.8 X121.967 Y79.585 E1991.795
G1 X121.967 Y79.005 E1991.81752
G1 F1282.1 X113.034 Y79.006 E1992.16514
G1 X113.034 Y79.585 E1992.18768
G0 F9000 X122.038 Y80.062
G0 X122.3 Y80.5
G1 F1200 X122.4 Y79.869 E1992.21424
G1 F1500 X122.4 Y78.572 E1992.25738
G1 X112.6 Y78.572 E1992.58332
G1 X112.6 Y79.869 E1992.62646
G1 F1200 X112.7 Y80.5 E1992.65302
G1 X113.002 Y80.05 E1992.67556
G1 F1500 X113.337 Y79.903 E1992.68772
G1 X121.663 Y79.902 E1992.96465
G1 X121.998 Y80.05 E1992.97683
G1 F1200 X122.3 Y80.5 E1992.99936
G1 F991.7 X122.305 Y94.125 E1993.68478
G0 F9000 X122.559 Y94.839
G0 X123.215 Y95.013
G0 X123.793 Y94.382
G1 F1271.2 X125.584 Y91.265 E1993.82587
G1 F1229.5 X127.376 Y88.148 E1993.97176
G0 F9000 X123.215 Y95.013
G0 X122.578 Y95.794
G1 F1694.9 X123.025 Y95.021 E1993.99804
G1 X122.752 Y94.95 E1994.00635
G1 X122.578 Y94.76 E1994.01393
G1 X122.578 Y95.794 E1994.04437
G0 F9000 X122.2 Y96.424
G1 F1500 X122.649 Y96.424 E1994.0593
G1 X123.336 Y95.235 E1994.10497
G1 F1388.9 X123.793 Y94.382 E1994.13973
G1 X123.091 Y94.649 E1994.16671
G1 F1500 X122.847 Y94.585 E1994.1751
G1 F1188.1 X122.305 Y94.125 E1994.20495
G1 F1075.3 X122.253 Y94.605 E1994.22736
G1 F1327.4 X122.201 Y95.085 E1994.2455
G1 F1500 X122.2 Y96.424 E1994.29004
G1 F2700 E1989.29004
G0 F9000 X122.48 Y96.146
G0 X122.038 Y80.062
G0 X112.962 Y80.062
G0 X112.695 Y94.125
G1 F2700 E1994.29004
G1 F991.7 X112.7 Y80.5 E1994.97546
G0 F9000 X112.441 Y94.839
G0 X111.785 Y95.013
G0 X107.621 Y88.146
G1 F1239.7 X111.263 Y94.477 E1995.2694
G0 F9000 X112.422 Y95.799
G1 F1685.4 X112.422 Y94.76 E1995.30015
G1 X112.245 Y94.952 E1995.30788
G1 X111.973 Y95.021 E1995.31619
G1 X112.422 Y95.799 E1995.34278
G0 F9000 X112.8 Y96.424
G1 F1500 X112.8 Y95.089 E1995.38718
G1 F1327.4 X112.748 Y94.607 E1995.4054
G1 F1075.3 X112.695 Y94.125 E1995.4279
G1 F1188.1 X112.15 Y94.586 E1995.45787
G1 F1500 X111.902 Y94.649 E1995.46638
G1 F1373 X111.263 Y94.477 E1995.49043
G1 X111.658 Y95.23 E1995.52133
G1 F1500 X112.346 Y96.424 E1995.56716
G1 X112.8 Y96.424 E1995.58226
G0 F9000 X113.2 Y96.824
;TYPE:WALL-OUTER
G1 F1500 X113.2 Y80.5 E1996.1252
G1 X113.267 Y80.35 E1996.13066
G1 X113.379 Y80.301 E1996.13473
G1 X121.621 Y80.3 E1996.40886
G1 X121.733 Y80.35 E1996.41294
G1 X121.8 Y80.5 E1996.4184
G1 X121.8 Y96.824 E1996.96134
G1 X122.88 Y96.824 E1996.99726
G1 X128.151 Y87.701 E1997.3477
G1 X127.117 Y87.7 E1997.38209
G1 X123.418 Y94.168 E1997.62991
G1 X123.193 Y94.262 E1997.63802
G1 X122.949 Y94.198 E1997.64641
G1 X122.802 Y94.039 E1997.65362
G1 X122.8 Y78.172 E1998.18135
G1 X112.2 Y78.172 E1998.53391
G1 X112.198 Y94.039 E1999.06165
G1 X112.05 Y94.198 E1999.06887
G1 X111.802 Y94.262 E1999.07739
G1 X111.598 Y94.197 E1999.08451
G1 X107.88 Y87.7 E1999.33349
G1 X106.848 Y87.7 E1999.36781
G1 X112.116 Y96.824 E1999.71823
G1 X113.2 Y96.824 E1999.75428
G1 F2700 E1994.75428
;MESH:batclipholder.stl
G0 F9000 X112.92 Y96.546
G0 X112.976 Y97.691
G0 X112.976 Y107.309
G0 X112.976 Y108.404
G0 X113.034 Y109.585
;TYPE:WALL-INNER
G1 F2700 E1999.75428
G1 F1282.1 X113.291 Y109.471 E1999.76522
G1 X121.709 Y109.471 E2000.0928
G1 F1284.8 X121.967 Y109.585 E2000.10376
G1 X121.967 Y109.005 E2000.12628
G1 F1282.1 X113.034 Y109.006 E2000.4739
G1 X113.034 Y109.585 E2000.49643
G0 F9000 X122.038 Y110.062
G0 X122.3 Y110.5
G1 F1200 X122.4 Y109.869 E2000.52299
G1 F1500 X122.4 Y108.572 E2000.56613
G1 X112.6 Y108.572 E2000.89208
G1 X112.6 Y109.869 E2000.93522
G1 F1200 X112.7 Y110.5 E2000.96178
G1 X113.002 Y110.05 E2000.98431
G1 F1500 X113.337 Y109.903 E2000.99648
G1 X121.663 Y109.902 E2001.2734
G1 X121.998 Y110.05 E2001.28559
G1 F1200 X122.3 Y110.5 E2001.30812
G1 F991.7 X122.305 Y124.125 E2001.99354
G0 F9000 X122.559 Y124.839
G0 X123.215 Y125.013
G0 X123.793 Y124.382
G1 F1271.2 X125.584 Y121.265 E2002.13462
G1 F1229.5 X127.376 Y118.148 E2002.28052
G0 F9000 X123.215 Y125.013
G0 X122.578 Y125.794
G1 F1694.9 X123.025 Y125.021 E2002.3068
G1 X122.752 Y124.95 E2002.3151
G1 X122.578 Y124.76 E2002.32269
G1 X122.578 Y125.794 E2002.35312
G0 F9000 X122.2 Y126.424
G1 F1500 X122.649 Y126.424 E2002.36806
G1 X123.336 Y125.235 E2002.41373
G1 F1388.9 X123.793 Y124.382 E2002.44849
G1 X123.091 Y124.649 E2002.47547
G1 F1500 X122.847 Y124.585 E2002.48386
G1 F1188.1 X122.305 Y124.125 E2002.51371
G1 F1075.3 X122.253 Y124.605 E2002.53611
G1 F1327.4 X122.201 Y125.085 E2002.55426
G1 F1500 X122.2 Y126.424 E2002.59879
G1 F2700 E1997.59879
G0 F9000 X122.48 Y126.146
G0 X122.038 Y110.062
G0 X112.962 Y110.062
G0 X112.695 Y124.125
G1 F2700 E2002.59879
G1 F991.7 X112.7 Y110.5 E2003.28421
G0 F9000 X112.441 Y124.839
G0 X111.785 Y125.013
G0 X107.621 Y118.146
G1 F1239.7 X111.263 Y124.477 E2003.57815
G0 F9000 X112.422 Y125.799
G1 F1685.4 X112.422 Y124.76 E2003.60891
G1 X112.245 Y124.952 E2003.61664
G1 X111.973 Y125.021 E2003.62494
G1 X112.422 Y125.799 E2003.65153
G0 F9000 X112.8 Y126.424
G1 F1500 X112.8 Y125.089 E2003.69594
G1 F1327.4 X112.748 Y124.607 E2003.71416
G1 F1075.3 X112.695 Y124.125 E2003.73666
G1 F1188.1 X112.15 Y124.586 E2003.76663
G1 F1500 X111.902 Y124.649 E2003.77514
G1 F1373 X111.263 Y124.477 E2003.79919
G1 X111.658 Y125.23 E2003.83008
G1 F1500 X112.346 Y126.424 E2003.87592
G1 X112.8 Y126.424 E2003.89102
G0 F9000 X113.2 Y126.824
;TYPE:WALL-OUTER
G1 F1500 X113.2 Y110.5 E2004.43396
G1 X113.267 Y110.35 E2004.43942
G1 X113.379 Y110.301 E2004.44349
G1 X121.621 Y110.3 E2004.71762
G1 X121.733 Y110.35 E2004.7217
G1 X121.8 Y110.5 E2004.72716
G1 X121.8 Y126.824 E2005.2701
G1 X122.88 Y126.824 E2005.30602
G1 X128.151 Y117.701 E2005.65646
G1 X127.117 Y117.7 E2005.69085
G1 X123.418 Y124.168 E2005.93867
G1 X123.193 Y124.262 E2005.94678
G1 X122.949 Y124.198 E2005.95517
G1 X122.802 Y124.039 E2005.96237
G1 X122.8 Y108.172 E2006.49011
G1 X112.2 Y108.172 E2006.84267
G1 X112.198 Y124.039 E2007.37041
G1 X112.05 Y124.198 E2007.37763
G1 X111.802 Y124.262 E2007.38615
G1 X111.598 Y124.197 E2007.39327
G1 X107.88 Y117.7 E2007.64224
G1 X106.848 Y117.7 E2007.67657
G1 X112.116 Y126.824 E2008.02698
G1 X113.2 Y126.824 E2008.06304
G1 F2700 E2003.06304
;MESH:batclipholder.stl(3)
G0 F9000 X112.92 Y126.546
G0 X112.962 Y110.062
G0 X122.038 Y110.062
G0 X122.559 Y124.839
G0 X123.215 Y125.013
G0 X127.773 Y117.92
G0 X128.712 Y118.462
G0 X136.289 Y118.463
G0 X137.621 Y118.146
;TYPE:WALL-INNER
G1 F2700 E2008.06304
G1 F1239.7 X141.263 Y124.477 E2008.35698
G0 F9000 X141.785 Y125.013
G0 X142.441 Y124.839
G0 X142.695 Y124.125
G1 F991.7 X142.7 Y110.5 E2009.0424
G0 F9000 X143.034 Y109.585
G1 F1282.1 X143.291 Y109.471 E2009.05334
G1 X151.709 Y109.471 E2009.38092
G1 F1284.8 X151.967 Y109.585 E2009.39187
G1 X151.967 Y109.005 E2009.41439
G1 F1282.1 X143.034 Y109.006 E2009.76202
G1 X143.034 Y109.585 E2009.78455
G0 F9000 X142.7 Y110.5
G1 F1200 X143.002 Y110.05 E2009.80708
G1 F1500 X143.337 Y109.903 E2009.81925
G1 X151.663 Y109.902 E2010.09617
G1 X151.998 Y110.05 E2010.10835
G1 F1200 X152.3 Y110.5 E2010.13088
G1 X152.4 Y109.869 E2010.15744
G1 F1500 X152.4 Y108.572 E2010.20058
G1 X142.6 Y108.572 E2010.52653
G1 X142.6 Y109.869 E2010.56967
G1 F1200 X142.7 Y110.5 E2010.59623
G0 F9000 X142.962 Y110.062
G0 X152.038 Y110.062
G0 X152.3 Y110.5
G1 F991.7 X152.305 Y124.125 E2011.28165
G0 F9000 X152.559 Y124.839
G0 X153.215 Y125.013
G0 X153.793 Y124.382
G1 F1271.2 X155.584 Y121.265 E2011.42274
G1 F1229.5 X157.376 Y118.148 E2011.56863
G0 F9000 X153.215 Y125.013
G0 X152.578 Y125.794
G1 F1694.9 X153.025 Y125.021 E2011.59492
G1 X152.752 Y124.95 E2011.60322
G1 X152.578 Y124.76 E2011.6108
G1 X152.578 Y125.794 E2011.64124
G0 F9000 X152.2 Y126.424
G1 F1500 X152.649 Y126.424 E2011.65617
G1 X153.336 Y125.235 E2011.70185
G1 F1388.9 X153.793 Y124.382 E2011.73661
G1 X153.091 Y124.649 E2011.76358
G1 F1500 X152.847 Y124.585 E2011.77197
G1 F1188.1 X152.305 Y124.125 E2011.80183
G1 F1075.3 X152.253 Y124.605 E2011.82423
G1 F1327.4 X152.201 Y125.085 E2011.84237
G1 F1500 X152.2 Y126.424 E2011.88691
G1 F2700 E2006.88691
G0 F9000 X152.48 Y126.146
G0 X152.038 Y110.062
G0 X142.962 Y110.062
G0 X142.422 Y125.799
G1 F2700 E2011.88691
G1 F1685.4 X142.422 Y124.76 E2011.91766
G1 X142.245 Y124.952 E2011.92539
G1 X141.973 Y125.021 E2011.9337
G1 X142.422 Y125.799 E2011.96029
G0 F9000 X142.346 Y126.424
G1 F1500 X142.8 Y126.424 E2011.97539
G1 X142.8 Y125.089 E2012.01979
G1 F1327.4 X142.748 Y124.607 E2012.03801
G1 F1075.3 X142.695 Y124.125 E2012.06051
G1 F1188.1 X142.15 Y124.586 E2012.09049
G1 F1500 X141.902 Y124.649 E2012.099
G1 F1373 X141.263 Y124.477 E2012.12304
G1 X141.658 Y125.23 E2012.15394
G1 F1500 X142.346 Y126.424 E2012.19977
G0 F9000 X142.116 Y126.824
;TYPE:WALL-OUTER
G1 F1500 X143.2 Y126.824 E2012.23583
G1 X143.2 Y110.5 E2012.77877
G1 X143.267 Y110.35 E2012.78423
G1 X143.379 Y110.301 E2012.7883
G1 X151.621 Y110.3 E2013.06243
G1 X151.733 Y110.35 E2013.06651
G1 X151.8 Y110.5 E2013.07197
G1 X151.8 Y126.824 E2013.61491
G1 X152.88 Y126.824 E2013.65083
G1 X158.151 Y117.701 E2014.00127
G1 X157.117 Y117.7 E2014.03566
G1 X153.418 Y124.168 E2014.28348
G1 X153.193 Y124.262 E2014.29159
G1 X152.949 Y124.198 E2014.29998
G1 X152.802 Y124.039 E2014.30718
G1 X152.8 Y108.172 E2014.83492
G1 X142.2 Y108.172 E2015.18748
G1 X142.198 Y124.039 E2015.71522
G1 X142.05 Y124.198 E2015.72244
G1 X141.802 Y124.262 E2015.73096
G1 X141.598 Y124.197 E2015.73808
G1 X137.88 Y117.7 E2015.98705
G1 X136.848 Y117.7 E2016.02138
G1 X142.116 Y126.824 E2016.37179
G1 F2700 E2011.37179
;MESH:batclipholder.stl(2)
G0 F9000 X142.287 Y126.53
G0 X142.412 Y125.16
G0 X142.424 Y108.398
G0 X142.424 Y107.309
G0 X142.424 Y97.691
G0 X142.424 Y96.596
G0 X142.422 Y95.799
;TYPE:WALL-INNER
G1 F2700 E2016.37179
G1 F1685.4 X142.422 Y94.76 E2016.40255
G1 X142.245 Y94.952 E2016.41028
G1 X141.973 Y95.021 E2016.41859
G1 X142.422 Y95.799 E2016.44518
G0 F9000 X142.346 Y96.424
G1 F1500 X142.8 Y96.424 E2016.46028
G1 X142.8 Y95.089 E2016.50468
G1 F1327.4 X142.748 Y94.607 E2016.5229
G1 F1075.3 X142.695 Y94.125 E2016.5454
G1 F1188.1 X142.15 Y94.586 E2016.57537
G1 F1500 X141.902 Y94.649 E2016.58388
G1 F1373 X141.263 Y94.477 E2016.60793
G1 X141.658 Y95.23 E2016.63883
G1 F1500 X142.346 Y96.424 E2016.68466
G0 F9000 X142.517 Y96.13
G0 X141.263 Y94.477
G1 F1239.7 X137.621 Y88.146 E2016.9786
G0 F9000 X141.785 Y95.013
G0 X142.441 Y94.839
G0 X142.695 Y94.125
G1 F991.7 X142.7 Y80.5 E2017.66402
G0 F9000 X143.034 Y79.585
G1 F1282.1 X143.291 Y79.471 E2017.67496
G1 X151.709 Y79.471 E2018.00254
G1 F1284.8 X151.967 Y79.585 E2018.01349
G1 X151.967 Y79.005 E2018.03602
G1 F1282.1 X143.034 Y79.006 E2018.38364
G1 X143.034 Y79.585 E2018.40617
G0 F9000 X142.7 Y80.5
G1 F1200 X143.002 Y80.05 E2018.4287
G1 F1500 X143.337 Y79.903 E2018.44087
G1 X151.663 Y79.902 E2018.71779
G1 X151.998 Y80.05 E2018.72997
G1 F1200 X152.3 Y80.5 E2018.75251
G1 X152.4 Y79.869 E2018.77907
G1 F1500 X152.4 Y78.572 E2018.8222
G1 X142.6 Y78.572 E2019.14815
G1 X142.6 Y79.869 E2019.19129
G1 F1200 X142.7 Y80.5 E2019.21785
G0 F9000 X142.962 Y80.062
G0 X152.038 Y80.062
G0 X152.3 Y80.5
G1 F991.7 X152.305 Y94.125 E2019.90327
G0 F9000 X152.559 Y94.839
G0 X153.215 Y95.013
G0 X153.793 Y94.382
G1 F1271.2 X155.584 Y91.265 E2020.04436
G1 F1229.5 X157.376 Y88.148 E2020.19025
G0 F9000 X153.215 Y95.013
G0 X152.578 Y95.794
G1 F1694.9 X153.025 Y95.021 E2020.21654
G1 X152.752 Y94.95 E2020.22484
G1 X152.578 Y94.76 E2020.23242
G1 X152.578 Y95.794 E2020.26286
G0 F9000 X152.2 Y96.424
G1 F1500 X152.649 Y96.424 E2020.27779
G1 X153.336 Y95.235 E2020.32347
G1 F1388.9 X153.793 Y94.382 E2020.35823
G1 X153.091 Y94.649 E2020.38521
G1 F1500 X152.847 Y94.585 E2020.3936
G1 F1188.1 X152.305 Y94.125 E2020.42345
G1 F1075.3 X152.253 Y94.605 E2020.44585
G1 F1327.4 X152.201 Y95.085 E2020.464
G1 F1500 X152.2 Y96.424 E2020.50853
G1 F2700 E2015.50853
G0 F9000 X152.48 Y96.146
G0 X152.038 Y80.062
G0 X142.962 Y80.062
G0 X142.955 Y89.385
G0 X142.287 Y96.53
G0 X142.116 Y96.824
;TYPE:WALL-OUTER
G1 F2700 E2020.50853
G1 F1500 X143.2 Y96.824 E2020.54458
G1 X143.2 Y80.5 E2021.08752
G1 X143.267 Y80.35 E2021.09299
G1 X143.379 Y80.301 E2021.09705
G1 X151.621 Y80.3 E2021.37118
G1 X151.733 Y80.35 E2021.37526
G1 X151.8 Y80.5 E2021.38073
G1 X151.8 Y96.824 E2021.92367
G1 X152.88 Y96.824 E2021.95959
G1 X158.151 Y87.701 E2022.31002
G1 X157.117 Y87.7 E2022.34441
G1 X153.418 Y94.168 E2022.59224
G1 X153.193 Y94.262 E2022.60035
G1 X152.949 Y94.198 E2022.60874
G1 X152.802 Y94.039 E2022.61594
G1 X152.8 Y78.172 E2023.14368
G1 X142.2 Y78.172 E2023.49623
G1 X142.198 Y94.039 E2024.02397
G1 X142.05 Y94.198 E2024.0312
G1 X141.802 Y94.262 E2024.03972
G1 X141.598 Y94.197 E2024.04684
G1 X137.88 Y87.7 E2024.29581
G1 X136.848 Y87.7 E2024.33013
G1 X142.116 Y96.824 E2024.68055
G1 F2700 E2019.68055
;MESH:NONMESH
G0 F300 X142.116 Y96.824 Z8.4
G0 F9000 X142.287 Y96.53
G0 X137.227 Y87.92
G0 X136.289 Y88.463
G0 X128.88 Y86.841
G0 X126.617 Y86.841
G0 X123.665 Y87.92
G0 X122.57 Y87.92
G0 X122.038 Y80.062
G0 X113.034 Y79.585
;TIME_ELAPSED:3639.004215
;LAYER:41
;TYPE:WALL-INNER
;MESH:batclipholder.stl(1)
G1 F2700 E2024.68055
G1 F1282.1 X113.291 Y79.471 E2024.69149
G1 X121.709 Y79.471 E2025.01907
G1 F1284.8 X121.967 Y79.585 E2025.03003
G1 X121.967 Y79.005 E2025.05255
G1 F1282.1 X113.034 Y79.006 E2025.40017
G1 X113.034 Y79.585 E2025.4227
G0 F9000 X122.038 Y80.062
G0 X122.3 Y80.5
G1 F1200 X122.4 Y79.869 E2025.44926
G1 F1500 X122.4 Y78.572 E2025.4924
G1 X112.6 Y78.572 E2025.81835
G1 X112.6 Y79.869 E2025.86149
G1 F1200 X112.7 Y80.5 E2025.88805
G1 X113.002 Y80.05 E2025.91058
G1 F1500 X113.337 Y79.903 E2025.92275
G1 X121.663 Y79.902 E2026.19967
G1 X121.998 Y80.05 E2026.21185
G1 F1200 X122.3 Y80.5 E2026.23439
G1 F991.7 X122.305 Y94.125 E2026.9198
G0 F9000 X122.559 Y94.839
G0 X123.215 Y95.013
G0 X123.793 Y94.382
G1 F1271.2 X125.584 Y91.265 E2027.06089
G1 F1229.5 X127.376 Y88.148 E2027.20679
G0 F9000 X123.215 Y95.013
G0 X122.578 Y95.794
G1 F1694.9 X123.025 Y95.021 E2027.23307
G1 X122.752 Y94.95 E2027.24137
G1 X122.578 Y94.76 E2027.24896
G1 X122.578 Y95.794 E2027.27939
G0 F9000 X122.2 Y96.424
G1 F1500 X122.649 Y96.424 E2027.29433
G1 X123.336 Y95.235 E2027.34
G1 F1388.9 X123.793 Y94.382 E2027.37476
G1 X123.091 Y94.649 E2027.40174
G1 F1500 X122.847 Y94.585 E2027.41013
G1 F1188.1 X122.305 Y94.125 E2027.43998
G1 F1075.3 X122.253 Y94.605 E2027.46238
G1 F1327.4 X122.201 Y95.085 E2027.48053
G1 F1500 X122.2 Y96.424 E2027.52506
G1 F2700 E2022.52506
G0 F9000 X122.48 Y96.146
G0 X122.038 Y80.062
G0 X112.962 Y80.062
G0 X112.695 Y94.125
G1 F2700 E2027.52506
G1 F991.7 X112.7 Y80.5 E2028.21048
G0 F9000 X112.441 Y94.839
G0 X111.785 Y95.013
G0 X107.621 Y88.146
G1 F1239.7 X111.263 Y94.477 E2028.50442
G0 F9000 X112.422 Y95.799
G1 F1685.4 X112.422 Y94.76 E2028.53518
G1 X112.245 Y94.952 E2028.54291
G1 X111.973 Y95.021 E2028.55121
G1 X112.422 Y95.799 E2028.5778
G0 F9000 X112.8 Y96.424
G1 F1500 X112.8 Y95.089 E2028.62221
G1 F1327.4 X112.748 Y94.607 E2028.64043
G1 F1075.3 X112.695 Y94.125 E2028.66293
G1 F1188.1 X112.15 Y94.586 E2028.6929
G1 F1500 X111.902 Y94.649 E2028.70141
G1 F1373 X111.263 Y94.477 E2028.72546
G1 X111.658 Y95.23 E2028.75635
G1 F1500 X112.346 Y96.424 E2028.80219
G1 X112.8 Y96.424 E2028.81729
G0 F9000 X113.2 Y96.824
;TYPE:WALL-OUTER
G1 F1500 X113.2 Y80.5 E2029.36023
G1 X113.267 Y80.35 E2029.36569
G1 X113.379 Y80.301 E2029.36976
G1 X121.621 Y80.3 E2029.64389
G1 X121.733 Y80.35 E2029.64796
G1 X121.8 Y80.5 E2029.65343
G1 X121.8 Y96.824 E2030.19637
G1 X122.88 Y96.824 E2030.23229
G1 X128.151 Y87.701 E2030.58273
G1 X127.117 Y87.7 E2030.61712
G1 X123.418 Y94.168 E2030.86494
G1 X123.193 Y94.262 E2030.87305
G1 X122.949 Y94.198 E2030.88144
G1 X122.802 Y94.039 E2030.88864
G1 X122.8 Y78.172 E2031.41638
G1 X112.2 Y78.172 E2031.76894
G1 X112.198 Y94.039 E2032.29668
G1 X112.05 Y94.198 E2032.3039
G1 X111.802 Y94.262 E2032.31242
G1 X111.598 Y94.197 E2032.31954
G1 X107.88 Y87.7 E2032.56851
G1 X106.848 Y87.7 E2032.60284
G1 X112.116 Y96.824 E2032.95325
G1 X113.2 Y96.824 E2032.98931
G1 F2700 E2027.98931
;MESH:batclipholder.stl
G0 F9000 X112.92 Y96.546
G0 X112.976 Y97.691
G0 X112.976 Y107.309
G0 X112.976 Y108.404
G0 X113.034 Y109.585
;TYPE:WALL-INNER
G1 F2700 E2032.98931
G1 F1282.1 X113.291 Y109.471 E2033.00025
G1 X121.709 Y109.471 E2033.32783
G1 F1284.8 X121.967 Y109.585 E2033.33878
G1 X121.967 Y109.005 E2033.3613
G1 F1282.1 X113.034 Y109.006 E2033.70893
G1 X113.034 Y109.585 E2033.73146
G0 F9000 X122.038 Y110.062
G0 X122.3 Y110.5
G1 F1200 X122.4 Y109.869 E2033.75802
G1 F1500 X122.4 Y108.572 E2033.80116
G1 X112.6 Y108.572 E2034.12711
G1 X112.6 Y109.869 E2034.17024
G1 F1200 X112.7 Y110.5 E2034.19681
G1 X113.002 Y110.05 E2034.21934
G1 F1500 X113.337 Y109.903 E2034.23151
G1 X121.663 Y109.902 E2034.50843
G1 X121.998 Y110.05 E2034.52061
G1 F1200 X122.3 Y110.5 E2034.54314
G1 F991.7 X122.305 Y124.125 E2035.22856
G0 F9000 X122.559 Y124.839
G0 X123.215 Y125.013
G0 X123.793 Y124.382
G1 F1271.2 X125.584 Y121.265 E2035.36965
G1 F1229.5 X127.376 Y118.148 E2035.51554
G0 F9000 X123.215 Y125.013
G0 X122.578 Y125.794
G1 F1694.9 X123.025 Y125.021 E2035.54183
G1 X122.752 Y124.95 E2035.55013
G1 X122.578 Y124.76 E2035.55771
G1 X122.578 Y125.794 E2035.58815
G0 F9000 X122.2 Y126.424
G1 F1500 X122.649 Y126.424 E2035.60308
G1 X123.336 Y125.235 E2035.64876
G1 F1388.9 X123.793 Y124.382 E2035.68352
G1 X123.091 Y124.649 E2035.71049
G1 F1500 X122.847 Y124.585 E2035.71888
G1 F1188.1 X122.305 Y124.125 E2035.74874
G1 F1075.3 X122.253 Y124.605 E2035.77114
G1 F1327.4 X122.201 Y125.085 E2035.78928
G1 F1500 X122.2 Y126.424 E2035.83382
G1 F2700 E2030.83382
G0 F9000 X122.48 Y126.146
G0 X122.038 Y110.062
G0 X112.962 Y110.062
G0 X112.695 Y124.125
G1 F2700 E2035.83382
G1 F991.7 X112.7 Y110.5 E2036.51924
G0 F9000 X112.441 Y124.839
G0 X111.785 Y125.013
G0 X107.621 Y118.146
G1 F1239.7 X111.263 Y124.477 E2036.81318
G0 F9000 X112.422 Y125.799
G1 F1685.4 X112.422 Y124.76 E2036.84393
G1 X112.245 Y124.952 E2036.85166
G1 X111.973 Y125.021 E2036.85997
G1 X112.422 Y125.799 E2036.88656
G0 F9000 X112.8 Y126.424
G1 F1500 X112.8 Y125.089 E2036.93096
G1 F1327.4 X112.748 Y124.607 E2036.94918
G1 F1075.3 X112.695 Y124.125 E2036.97168
G1 F1188.1 X112.15 Y124.586 E2037.00166
G1 F1500 X111.902 Y124.649 E2037.01017
G1 F1373 X111.263 Y124.477 E2037.03421
G1 X111.658 Y125.23 E2037.06511
G1 F1500 X112.346 Y126.424 E2037.11094
G1 X112.8 Y126.424 E2037.12604
G0 F9000 X113.2 Y126.824
;TYPE:WALL-OUTER
G1 F1500 X113.2 Y110.5 E2037.66898
G1 X113.267 Y110.35 E2037.67445
G1 X113.379 Y110.301 E2037.67851
G1 X121.621 Y110.3 E2037.95264
G1 X121.733 Y110.35 E2037.95672
G1 X121.8 Y110.5 E2037.96219
G1 X121.8 Y126.824 E2038.50512
G1 X122.88 Y126.824 E2038.54104
G1 X128.151 Y117.701 E2038.89148
G1 X127.117 Y117.7 E2038.92587
G1 X123.418 Y124.168 E2039.17369
G1 X123.193 Y124.262 E2039.1818
G1 X122.949 Y124.198 E2039.19019
G1 X122.802 Y124.039 E2039.1974
G1 X122.8 Y108.172 E2039.72514
G1 X112.2 Y108.172 E2040.07769
G1 X112.198 Y124.039 E2040.60543
G1 X112.05 Y124.198 E2040.61266
G1 X111.802 Y124.262 E2040.62118
G1 X111.598 Y124.197 E2040.6283
G1 X107.88 Y117.7 E2040.87727
G1 X106.848 Y117.7 E2040.91159
G1 X112.116 Y126.824 E2041.26201
G1 X113.2 Y126.824 E2041.29806
G1 F2700 E2036.29806
;MESH:batclipholder.stl(3)
G0 F9000 X112.92 Y126.546
G0 X112.962 Y110.062
G0 X122.038 Y110.062
G0 X122.559 Y124.839
G0 X123.215 Y125.013
G0 X127.773 Y117.92
G0 X128.712 Y118.462
G0 X136.289 Y118.463
G0 X137.621 Y118.146
;TYPE:WALL-INNER
G1 F2700 E2041.29806
G1 F1239.7 X141.263 Y124.477 E2041.592
G0 F9000 X141.785 Y125.013
G0 X142.441 Y124.839
G0 X142.695 Y124.125
G1 F991.7 X142.7 Y110.5 E2042.27742
G0 F9000 X143.034 Y109.585
G1 F1282.1 X143.291 Y109.471 E2042.28836
G1 X151.709 Y109.471 E2042.61594
G1 F1284.8 X151.967 Y109.585 E2042.6269
G1 X151.967 Y109.005 E2042.64942
G1 F1282.1 X143.034 Y109.006 E2042.99704
G1 X143.034 Y109.585 E2043.01957
G0 F9000 X142.7 Y110.5
G1 F1200 X143.002 Y110.05 E2043.0421
G1 F1500 X143.337 Y109.903 E2043.05427
G1 X151.663 Y109.902 E2043.3312
G1 X151.998 Y110.05 E2043.34338
G1 F1200 X152.3 Y110.5 E2043.36591
G1 X152.4 Y109.869 E2043.39247
G1 F1500 X152.4 Y108.572 E2043.43561
G1 X142.6 Y108.572 E2043.76156
G1 X142.6 Y109.869 E2043.8047
G1 F1200 X142.7 Y110.5 E2043.83126
G0 F9000 X142.962 Y110.062
G0 X152.038 Y110.062
G0 X152.3 Y110.5
G1 F991.7 X152.305 Y124.125 E2044.51668
G0 F9000 X152.559 Y124.839
G0 X153.215 Y125.013
G0 X153.793 Y124.382
G1 F1271.2 X155.584 Y121.265 E2044.65776
G1 F1229.5 X157.376 Y118.148 E2044.80366
G0 F9000 X153.215 Y125.013
G0 X152.578 Y125.794
G1 F1694.9 X153.025 Y125.021 E2044.82994
G1 X152.752 Y124.95 E2044.83824
G1 X152.578 Y124.76 E2044.84583
G1 X152.578 Y125.794 E2044.87626
G0 F9000 X152.2 Y126.424
G1 F1500 X152.649 Y126.424 E2044.8912
G1 X153.336 Y125.235 E2044.93687
G1 F1388.9 X153.793 Y124.382 E2044.97163
G1 X153.091 Y124.649 E2044.99861
G1 F1500 X152.847 Y124.585 E2045.007
G1 F1188.1 X152.305 Y124.125 E2045.03685
G1 F1075.3 X152.253 Y124.605 E2045.05925
G1 F1327.4 X152.201 Y125.085 E2045.0774
G1 F1500 X152.2 Y126.424 E2045.12193
G1 F2700 E2040.12193
G0 F9000 X152.48 Y126.146
G0 X152.038 Y110.062
G0 X142.962 Y110.062
G0 X142.422 Y125.799
G1 F2700 E2045.12193
G1 F1685.4 X142.422 Y124.76 E2045.15269
G1 X142.245 Y124.952 E2045.16042
G1 X141.973 Y125.021 E2045.16873
G1 X142.422 Y125.799 E2045.19532
G0 F9000 X142.346 Y126.424
G1 F1500 X142.8 Y126.424 E2045.21042
G1 X142.8 Y125.089 E2045.25482
G1 F1327.4 X142.748 Y124.607 E2045.27304
G1 F1075.3 X142.695 Y124.125 E2045.29554
G1 F1188.1 X142.15 Y124.586 E2045.32551
G1 F1500 X141.902 Y124.649 E2045.33402
G1 F1373 X141.263 Y124.477 E2045.35807
G1 X141.658 Y125.23 E2045.38897
G1 F1500 X142.346 Y126.424 E2045.4348
G0 F9000 X142.116 Y126.824
;TYPE:WALL-OUTER
G1 F1500 X143.2 Y126.824 E2045.47085
G1 X143.2 Y110.5 E2046.01379
G1 X143.267 Y110.35 E2046.01926
G1 X143.379 Y110.301 E2046.02332
G1 X151.621 Y110.3 E2046.29745
G1 X151.733 Y110.35 E2046.30153
G1 X151.8 Y110.5 E2046.307
G1 X151.8 Y126.824 E2046.84993
G1 X152.88 Y126.824 E2046.88585
G1 X158.151 Y117.701 E2047.23629
G1 X157.117 Y117.7 E2047.27068
G1 X153.418 Y124.168 E2047.5185
G1 X153.193 Y124.262 E2047.52662
G1 X152.949 Y124.198 E2047.53501
G1 X152.802 Y124.039 E2047.54221
G1 X152.8 Y108.172 E2048.06995
G1 X142.2 Y108.172 E2048.4225
G1 X142.198 Y124.039 E2048.95024
G1 X142.05 Y124.198 E2048.95747
G1 X141.802 Y124.262 E2048.96599
G1 X141.598 Y124.197 E2048.97311
G1 X137.88 Y117.7 E2049.22208
G1 X136.848 Y117.7 E2049.2564
G1 X142.116 Y126.824 E2049.60682
G1 F2700 E2044.60682
;MESH:batclipholder.stl(2)
G0 F9000 X142.287 Y126.53
G0 X142.412 Y125.16
G0 X142.424 Y108.398
G0 X142.424 Y107.309
G0 X142.424 Y97.691
G0 X142.424 Y96.596
G0 X142.422 Y95.799
;TYPE:WALL-INNER
G1 F2700 E2049.60682
G1 F1685.4 X142.422 Y94.76 E2049.63758
G1 X142.245 Y94.952 E2049.64531
G1 X141.973 Y95.021 E2049.65361
G1 X142.422 Y95.799 E2049.6802
G0 F9000 X142.346 Y96.424
G1 F1500 X142.8 Y96.424 E2049.6953
G1 X142.8 Y95.089 E2049.73971
G1 F1327.4 X142.748 Y94.607 E2049.75793
G1 F1075.3 X142.695 Y94.125 E2049.78042
G1 F1188.1 X142.15 Y94.586 E2049.8104
G1 F1500 X141.902 Y94.649 E2049.81891
G1 F1373 X141.263 Y94.477 E2049.84295
G1 X141.658 Y95.23 E2049.87385
G1 F1500 X142.346 Y96.424 E2049.91969
G0 F9000 X142.517 Y96.13
G0 X141.263 Y94.477
G1 F1239.7 X137.621 Y88.146 E2050.21363
G0 F9000 X141.785 Y95.013
G0 X142.441 Y94.839
G0 X142.695 Y94.125
G1 F991.7 X142.7 Y80.5 E2050.89904
G0 F9000 X143.034 Y79.585
G1 F1282.1 X143.291 Y79.471 E2050.90999
G1 X151.709 Y79.471 E2051.23757
G1 F1284.8 X151.967 Y79.585 E2051.24852
G1 X151.967 Y79.005 E2051.27104
G1 F1282.1 X143.034 Y79.006 E2051.61866
G1 X143.034 Y79.585 E2051.64119
G0 F9000 X142.7 Y80.5
G1 F1200 X143.002 Y80.05 E2051.66373
G1 F1500 X143.337 Y79.903 E2051.67589
G1 X151.663 Y79.902 E2051.95282
G1 X151.998 Y80.05 E2051.965
G1 F1200 X152.3 Y80.5 E2051.98753
G1 X152.4 Y79.869 E2052.01409
G1 F1500 X152.4 Y78.572 E2052.05723
G1 X142.6 Y78.572 E2052.38318
G1 X142.6 Y79.869 E2052.42632
G1 F1200 X142.7 Y80.5 E2052.45288
G0 F9000 X142.962 Y80.062
G0 X152.038 Y80.062
G0 X152.3 Y80.5
G1 F991.7 X152.305 Y94.125 E2053.1383
G0 F9000 X152.559 Y94.839
G0 X153.215 Y95.013
G0 X153.793 Y94.382
G1 F1271.2 X155.584 Y91.265 E2053.27939
G1 F1229.5 X157.376 Y88.148 E2053.42528
G0 F9000 X153.215 Y95.013
G0 X152.578 Y95.794
G1 F1694.9 X153.025 Y95.021 E2053.45156
G1 X152.752 Y94.95 E2053.45987
G1 X152.578 Y94.76 E2053.46745
G1 X152.578 Y95.794 E2053.49789
G0 F9000 X152.2 Y96.424
G1 F1500 X152.649 Y96.424 E2053.51282
G1 X153.336 Y95.235 E2053.55849
G1 F1388.9 X153.793 Y94.382 E2053.59325
G1 X153.091 Y94.649 E2053.62023
G1 F1500 X152.847 Y94.585 E2053.62862
G1 F1188.1 X152.305 Y94.125 E2053.65847
G1 F1075.3 X152.253 Y94.605 E2053.68087
G1 F1327.4 X152.201 Y95.085 E2053.69902
G1 F1500 X152.2 Y96.424 E2053.74356
G1 F2700 E2048.74356
G0 F9000 X152.48 Y96.146
G0 X152.038 Y80.062
G0 X142.962 Y80.062
G0 X142.955 Y89.385
G0 X142.287 Y96.53
G0 X142.116 Y96.824
;TYPE:WALL-OUTER
G1 F2700 E2053.74356
G1 F1500 X143.2 Y96.824 E2053.77961
G1 X143.2 Y80.5 E2054.32255
G1 X143.267 Y80.35 E2054.32801
G1 X143.379 Y80.301 E2054.33208
G1 X151.621 Y80.3 E2054.60621
G1 X151.733 Y80.35 E2054.61029
G1 X151.8 Y80.5 E2054.61575
G1 X151.8 Y96.824 E2055.15869
G1 X152.88 Y96.824 E2055.19461
G1 X158.151 Y87.701 E2055.54505
G1 X157.117 Y87.7 E2055.57944
G1 X153.418 Y94.168 E2055.82726
G1 X153.193 Y94.262 E2055.83537
G1 X152.949 Y94.198 E2055.84376
G1 X152.802 Y94.039 E2055.85096
G1 X152.8 Y78.172 E2056.3787
G1 X142.2 Y78.172 E2056.73126
G1 X142.198 Y94.039 E2057.259
G1 X142.05 Y94.198 E2057.26622
G1 X141.802 Y94.262 E2057.27474
G1 X141.598 Y94.197 E2057.28186
G1 X137.88 Y87.7 E2057.53084
G1 X136.848 Y87.7 E2057.56516
G1 X142.116 Y96.824 E2057.91558
G1 F2700 E2052.91558
;MESH:NONMESH
G0 F300 X142.116 Y96.824 Z8.6
G0 F9000 X142.287 Y96.53
G0 X137.227 Y87.92
G0 X136.289 Y88.463
G0 X128.88 Y86.841
G0 X126.617 Y86.841
G0 X123.665 Y87.92
G0 X122.57 Y87.92
G0 X122.038 Y80.062
G0 X113.034 Y79.585
;TIME_ELAPSED:3698.564002
;LAYER:42
;TYPE:WALL-INNER
;MESH:batclipholder.stl(1)
G1 F2700 E2057.91558
G1 F1282.1 X113.291 Y79.471 E2057.92652
G1 X121.709 Y79.471 E2058.2541
G1 F1284.8 X121.967 Y79.585 E2058.26505
G1 X121.967 Y79.005 E2058.28757
G1 F1282.1 X113.034 Y79.006 E2058.63519
G1 X113.034 Y79.585 E2058.65773
G0 F9000 X122.038 Y80.062
G0 X122.3 Y80.5
G1 F1200 X122.4 Y79.869 E2058.68429
G1 F1500 X122.4 Y78.572 E2058.72743
G1 X112.6 Y78.572 E2059.05338
G1 X112.6 Y79.869 E2059.09651
G1 F1200 X112.7 Y80.5 E2059.12308
G1 X113.002 Y80.05 E2059.14561
G1 F1500 X113.337 Y79.903 E2059.15777
G1 X121.663 Y79.902 E2059.4347
G1 X121.998 Y80.05 E2059.44688
G1 F1200 X122.3 Y80.5 E2059.46941
G1 F991.7 X122.305 Y94.125 E2060.15483
G0 F9000 X122.559 Y94.839
G0 X123.215 Y95.013
G0 X123.793 Y94.382
G1 F1271.2 X125.584 Y91.265 E2060.29592
G1 F1229.5 X127.376 Y88.148 E2060.44181
G0 F9000 X123.215 Y95.013
G0 X122.578 Y95.794
G1 F1694.9 X123.025 Y95.021 E2060.46809
G1 X122.752 Y94.95 E2060.4764
G1 X122.578 Y94.76 E2060.48398
G1 X122.578 Y95.794 E2060.51442
G0 F9000 X122.2 Y96.424
G1 F1500 X122.649 Y96.424 E2060.52935
G1 X123.336 Y95.235 E2060.57502
G1 F1388.9 X123.793 Y94.382 E2060.60978
G1 X123.091 Y94.649 E2060.63676
G1 F1500 X122.847 Y94.585 E2060.64515
G1 F1188.1 X122.305 Y94.125 E2060.675
G1 F1075.3 X122.253 Y94.605 E2060.69741
G1 F1327.4 X122.201 Y95.085 E2060.71555
G1 F1500 X122.2 Y96.424 E2060.76009
G1 F2700 E2055.76009
G0 F9000 X122.48 Y96.146
G0 X122.038 Y80.062
G0 X112.962 Y80.062
G0 X112.695 Y94.125
G1 F2700 E2060.76009
G1 F991.7 X112.7 Y80.5 E2061.44551
G0 F9000 X112.441 Y94.839
G0 X111.785 Y95.013
G0 X107.621 Y88.146
G1 F1239.7 X111.263 Y94.477 E2061.73945
G0 F9000 X112.422 Y95.799
G1 F1685.4 X112.422 Y94.76 E2061.7702
G1 X112.245 Y94.952 E2061.77793
G1 X111.973 Y95.021 E2061.78624
G1 X112.422 Y95.799 E2061.81283
G0 F9000 X112.8 Y96.424
G1 F1500 X112.8 Y95.089 E2061.85723
G1 F1327.4 X112.748 Y94.607 E2061.87545
G1 F1075.3 X112.695 Y94.125 E2061.89795
G1 F1188.1 X112.15 Y94.586 E2061.92792
G1 F1500 X111.902 Y94.649 E2061.93644
G1 F1373 X111.263 Y94.477 E2061.96048
G1 X111.658 Y95.23 E2061.99138
G1 F1500 X112.346 Y96.424 E2062.03721
G1 X112.8 Y96.424 E2062.05231
G0 F9000 X113.2 Y96.824
;TYPE:WALL-OUTER
G1 F1500 X113.2 Y80.5 E2062.59525
G1 X113.267 Y80.35 E2062.60071
G1 X113.379 Y80.301 E2062.60478
G1 X121.621 Y80.3 E2062.87891
G1 X121.733 Y80.35 E2062.88299
G1 X121.8 Y80.5 E2062.88845
G1 X121.8 Y96.824 E2063.43139
G1 X122.88 Y96.824 E2063.46731
G1 X128.151 Y87.701 E2063.81775
G1 X127.117 Y87.7 E2063.85214
G1 X123.418 Y94.168 E2064.09996
G1 X123.193 Y94.262 E2064.10807
G1 X122.949 Y94.198 E2064.11646
G1 X122.802 Y94.039 E2064.12367
G1 X122.8 Y78.172 E2064.6514
G1 X112.2 Y78.172 E2065.00396
G1 X112.198 Y94.039 E2065.5317
G1 X112.05 Y94.198 E2065.53893
G1 X111.802 Y94.262 E2065.54744
G1 X111.598 Y94.197 E2065.55457
G1 X107.88 Y87.7 E2065.80354
G1 X106.848 Y87.7 E2065.83786
G1 X112.116 Y96.824 E2066.18828
G1 X113.2 Y96.824 E2066.22433
G1 F2700 E2061.22433
;MESH:batclipholder.stl
G0 F9000 X112.92 Y96.546
G0 X112.976 Y97.691
G0 X112.976 Y107.309
G0 X112.976 Y108.404
G0 X113.034 Y109.585
;TYPE:WALL-INNER
G1 F2700 E2066.22433
G1 F1282.1 X113.291 Y109.471 E2066.23527
G1 X121.709 Y109.471 E2066.56285
G1 F1284.8 X121.967 Y109.585 E2066.57381
G1 X121.967 Y109.005 E2066.59633
G1 F1282.1 X113.034 Y109.006 E2066.94395
G1 X113.034 Y109.585 E2066.96648
G0 F9000 X122.038 Y110.062
G0 X122.3 Y110.5
G1 F1200 X122.4 Y109.869 E2066.99304
G1 F1500 X122.4 Y108.572 E2067.03618
G1 X112.6 Y108.572 E2067.36213
G1 X112.6 Y109.869 E2067.40527
G1 F1200 X112.7 Y110.5 E2067.43183
G1 X113.002 Y110.05 E2067.45436
G1 F1500 X113.337 Y109.903 E2067.46653
G1 X121.663 Y109.902 E2067.74345
G1 X121.998 Y110.05 E2067.75564
G1 F1200 X122.3 Y110.5 E2067.77817
G1 F991.7 X122.305 Y124.125 E2068.46359
G0 F9000 X122.559 Y124.839
G0 X123.215 Y125.013
G0 X123.793 Y124.382
G1 F1271.2 X125.584 Y121.265 E2068.60467
G1 F1229.5 X127.376 Y118.148 E2068.75057
G0 F9000 X123.215 Y125.013
G0 X122.578 Y125.794
G1 F1694.9 X123.025 Y125.021 E2068.77685
G1 X122.752 Y124.95 E2068.78515
G1 X122.578 Y124.76 E2068.79274
G1 X122.578 Y125.794 E2068.82317
G0 F9000 X122.2 Y126.424
G1 F1500 X122.649 Y126.424 E2068.83811
G1 X123.336 Y125.235 E2068.88378
G1 F1388.9 X123.793 Y124.382 E2068.91854
G1 X123.091 Y124.649 E2068.94552
G1 F1500 X122.847 Y124.585 E2068.95391
G1 F1188.1 X122.305 Y124.125 E2068.98376
G1 F1075.3 X122.253 Y124.605 E2069.00616
G1 F1327.4 X122.201 Y125.085 E2069.02431
G1 F1500 X122.2 Y126.424 E2069.06884
G1 F2700 E2064.06884
G0 F9000 X122.48 Y126.146
G0 X122.038 Y110.062
G0 X112.962 Y110.062
G0 X112.695 Y124.125
G1 F2700 E2069.06884
G1 F991.7 X112.7 Y110.5 E2069.75426
G0 F9000 X112.441 Y124.839
G0 X111.785 Y125.013
G0 X107.621 Y118.146
G1 F1239.7 X111.263 Y124.477 E2070.0482
G0 F9000 X112.422 Y125.799
G1 F1685.4 X112.422 Y124.76 E2070.07896
G1 X112.245 Y124.952 E2070.08669
G1 X111.973 Y125.021 E2070.095
G1 X112.422 Y125.799 E2070.12159
G0 F9000 X112.8 Y126.424
G1 F1500 X112.8 Y125.089 E2070.16599
G1 F1327.4 X112.748 Y124.607 E2070.18421
G1 F1075.3 X112.695 Y124.125 E2070.20671
G1 F1188.1 X112.15 Y124.586 E2070.23668
G1 F1500 X111.902 Y124.649 E2070.24519
G1 F1373 X111.263 Y124.477 E2070.26924
G1 X111.658 Y125.23 E2070.30013
G1 F1500 X112.346 Y126.424 E2070.34597
G1 X112.8 Y126.424 E2070.36107
G0 F9000 X113.2 Y126.824
;TYPE:WALL-OUTER
G1 F1500 X113.2 Y110.5 E2070.90401
G1 X113.267 Y110.35 E2070.90947
G1 X113.379 Y110.301 E2070.91354
G1 X121.621 Y110.3 E2071.18767
G1 X121.733 Y110.35 E2071.19175
G1 X121.8 Y110.5 E2071.19721
G1 X121.8 Y126.824 E2071.74015
G1 X122.88 Y126.824 E2071.77607
G1 X128.151 Y117.701 E2072.12651
G1 X127.117 Y117.7 E2072.1609
G1 X123.418 Y124.168 E2072.40872
G1 X123.193 Y124.262 E2072.41683
G1 X122.949 Y124.198 E2072.42522
G1 X122.802 Y124.039 E2072.43242
G1 X122.8 Y108.172 E2072.96016
G1 X112.2 Y108.172 E2073.31272
G1 X112.198 Y124.039 E2073.84046
G1 X112.05 Y124.198 E2073.84768
G1 X111.802 Y124.262 E2073.8562
G1 X111.598 Y124.197 E2073.86332
G1 X107.88 Y117.7 E2074.11229
G1 X106.848 Y117.7 E2074.14662
G1 X112.116 Y126.824 E2074.49703
G1 X113.2 Y126.824 E2074.53309
G1 F2700 E2069.53309
;MESH:batclipholder.stl(3)
G0 F9000 X112.92 Y126.546
G0 X112.962 Y110.062
G0 X122.038 Y110.062
G0 X122.559 Y124.839
G0 X123.215 Y125.013
G0 X127.773 Y117.92
G0 X128.712 Y118.462
G0 X136.289 Y118.463
G0 X137.621 Y118.146
;TYPE:WALL-INNER
G1 F2700 E2074.53309
G1 F1239.7 X141.263 Y124.477 E2074.82703
G0 F9000 X141.785 Y125.013
G0 X142.441 Y124.839
G0 X142.695 Y124.125
G1 F991.7 X142.7 Y110.5 E2075.51245
G0 F9000 X143.034 Y109.585
G1 F1282.1 X143.291 Y109.471 E2075.52339
G1 X151.709 Y109.471 E2075.85097
G1 F1284.8 X151.967 Y109.585 E2075.86192
G1 X151.967 Y109.005 E2075.88444
G1 F1282.1 X143.034 Y109.006 E2076.23207
G1 X143.034 Y109.585 E2076.2546
G0 F9000 X142.7 Y110.5
G1 F1200 X143.002 Y110.05 E2076.27713
G1 F1500 X143.337 Y109.903 E2076.2893
G1 X151.663 Y109.902 E2076.56622
G1 X151.998 Y110.05 E2076.5784
G1 F1200 X152.3 Y110.5 E2076.60093
G1 X152.4 Y109.869 E2076.62749
G1 F1500 X152.4 Y108.572 E2076.67063
G1 X142.6 Y108.572 E2076.99658
G1 X142.6 Y109.869 E2077.03972
G1 F1200 X142.7 Y110.5 E2077.06628
G0 F9000 X142.962 Y110.062
G0 X152.038 Y110.062
G0 X152.3 Y110.5
G1 F991.7 X152.305 Y124.125 E2077.7517
G0 F9000 X152.559 Y124.839
G0 X153.215 Y125.013
G0 X153.793 Y124.382
G1 F1271.2 X155.584 Y121.265 E2077.89279
G1 F1229.5 X157.376 Y118.148 E2078.03868
G0 F9000 X153.215 Y125.013
G0 X152.578 Y125.794
G1 F1694.9 X153.025 Y125.021 E2078.06497
G1 X152.752 Y124.95 E2078.07327
G1 X152.578 Y124.76 E2078.08085
G1 X152.578 Y125.794 E2078.11129
G0 F9000 X152.2 Y126.424
G1 F1500 X152.649 Y126.424 E2078.12622
G1 X153.336 Y125.235 E2078.1719
G1 F1388.9 X153.793 Y124.382 E2078.20666
G1 X153.091 Y124.649 E2078.23364
G1 F1500 X152.847 Y124.585 E2078.24203
G1 F1188.1 X152.305 Y124.125 E2078.27188
G1 F1075.3 X152.253 Y124.605 E2078.29428
G1 F1327.4 X152.201 Y125.085 E2078.31242
G1 F1500 X152.2 Y126.424 E2078.35696
G1 F2700 E2073.35696
G0 F9000 X152.48 Y126.146
G0 X152.038 Y110.062
G0 X142.962 Y110.062
G0 X142.422 Y125.799
G1 F2700 E2078.35696
G1 F1685.4 X142.422 Y124.76 E2078.38771
G1 X142.245 Y124.952 E2078.39544
G1 X141.973 Y125.021 E2078.40375
G1 X142.422 Y125.799 E2078.43034
G0 F9000 X142.346 Y126.424
G1 F1500 X142.8 Y126.424 E2078.44544
G1 X142.8 Y125.089 E2078.48984
G1 F1327.4 X142.748 Y124.607 E2078.50806
G1 F1075.3 X142.695 Y124.125 E2078.53056
G1 F1188.1 X142.15 Y124.586 E2078.56054
G1 F1500 X141.902 Y124.649 E2078.56905
G1 F1373 X141.263 Y124.477 E2078.59309
G1 X141.658 Y125.23 E2078.62399
G1 F1500 X142.346 Y126.424 E2078.66982
G0 F9000 X142.116 Y126.824
;TYPE:WALL-OUTER
G1 F1500 X143.2 Y126.824 E2078.70588
G1 X143.2 Y110.5 E2079.24882
G1 X143.267 Y110.35 E2079.25428
G1 X143.379 Y110.301 E2079.25835
G1 X151.621 Y110.3 E2079.53248
G1 X151.733 Y110.35 E2079.53656
G1 X151.8 Y110.5 E2079.54202
G1 X151.8 Y126.824 E2080.08496
G1 X152.88 Y126.824 E2080.12088
G1 X158.151 Y117.701 E2080.47132
G1 X157.117 Y117.7 E2080.50571
G1 X153.418 Y124.168 E2080.75353
G1 X153.193 Y124.262 E2080.76164
G1 X152.949 Y124.198 E2080.77003
G1 X152.802 Y124.039 E2080.77723
G1 X152.8 Y108.172 E2081.30497
G1 X142.2 Y108.172 E2081.65753
G1 X142.198 Y124.039 E2082.18527
G1 X142.05 Y124.198 E2082.19249
G1 X141.802 Y124.262 E2082.20101
G1 X141.598 Y124.197 E2082.20813
G1 X137.88 Y117.7 E2082.4571
G1 X136.848 Y117.7 E2082.49143
G1 X142.116 Y126.824 E2082.84185
G1 F2700 E2077.84185
;MESH:batclipholder.stl(2)
G0 F9000 X142.287 Y126.53
G0 X142.412 Y125.16
G0 X142.424 Y108.398
G0 X142.424 Y107.309
G0 X142.424 Y97.691
G0 X142.424 Y96.596
G0 X142.422 Y95.799
;TYPE:WALL-INNER
G1 F2700 E2082.84185
G1 F1685.4 X142.422 Y94.76 E2082.8726
G1 X142.245 Y94.952 E2082.88033
G1 X141.973 Y95.021 E2082.88864
G1 X142.422 Y95.799 E2082.91523
G0 F9000 X142.346 Y96.424
G1 F1500 X142.8 Y96.424 E2082.93033
G1 X142.8 Y95.089 E2082.97473
G1 F1327.4 X142.748 Y94.607 E2082.99295
G1 F1075.3 X142.695 Y94.125 E2083.01545
G1 F1188.1 X142.15 Y94.586 E2083.04542
G1 F1500 X141.902 Y94.649 E2083.05393
G1 F1373 X141.263 Y94.477 E2083.07798
G1 X141.658 Y95.23 E2083.10888
G1 F1500 X142.346 Y96.424 E2083.15471
G0 F9000 X142.517 Y96.13
G0 X141.263 Y94.477
G1 F1239.7 X137.621 Y88.146 E2083.44865
G0 F9000 X141.785 Y95.013
G0 X142.441 Y94.839
G0 X142.695 Y94.125
G1 F991.7 X142.7 Y80.5 E2084.13407
G0 F9000 X143.034 Y79.585
G1 F1282.1 X143.291 Y79.471 E2084.14501
G1 X151.709 Y79.471 E2084.47259
G1 F1284.8 X151.967 Y79.585 E2084.48354
G1 X151.967 Y79.005 E2084.50607
G1 F1282.1 X143.034 Y79.006 E2084.85369
G1 X143.034 Y79.585 E2084.87622
G0 F9000 X142.7 Y80.5
G1 F1200 X143.002 Y80.05 E2084.89875
G1 F1500 X143.337 Y79.903 E2084.91092
G1 X151.663 Y79.902 E2085.18784
G1 X151.998 Y80.05 E2085.20002
G1 F1200 X152.3 Y80.5 E2085.22256
G1 X152.4 Y79.869 E2085.24912
G1 F1500 X152.4 Y78.572 E2085.29226
G1 X142.6 Y78.572 E2085.6182
G1 X142.6 Y79.869 E2085.66134
G1 F1200 X142.7 Y80.5 E2085.6879
G0 F9000 X142.962 Y80.062
G0 X152.038 Y80.062
G0 X152.3 Y80.5
G1 F991.7 X152.305 Y94.125 E2086.37332
G0 F9000 X152.559 Y94.839
G0 X153.215 Y95.013
G0 X153.793 Y94.382
G1 F1271.2 X155.584 Y91.265 E2086.51441
G1 F1229.5 X157.376 Y88.148 E2086.6603
G0 F9000 X153.215 Y95.013
G0 X152.578 Y95.794
G1 F1694.9 X153.025 Y95.021 E2086.68659
G1 X152.752 Y94.95 E2086.69489
G1 X152.578 Y94.76 E2086.70247
G1 X152.578 Y95.794 E2086.73291
G0 F9000 X152.2 Y96.424
G1 F1500 X152.649 Y96.424 E2086.74784
G1 X153.336 Y95.235 E2086.79352
G1 F1388.9 X153.793 Y94.382 E2086.82828
G1 X153.091 Y94.649 E2086.85526
G1 F1500 X152.847 Y94.585 E2086.86365
G1 F1188.1 X152.305 Y94.125 E2086.8935
G1 F1075.3 X152.253 Y94.605 E2086.9159
G1 F1327.4 X152.201 Y95.085 E2086.93405
G1 F1500 X152.2 Y96.424 E2086.97858
G1 F2700 E2081.97858
G0 F9000 X152.48 Y96.146
G0 X152.038 Y80.062
G0 X142.962 Y80.062
G0 X142.955 Y89.385
G0 X142.287 Y96.53
G0 X142.116 Y96.824
;TYPE:WALL-OUTER
G1 F2700 E2086.97858
G1 F1500 X143.2 Y96.824 E2087.01463
G1 X143.2 Y80.5 E2087.55757
G1 X143.267 Y80.35 E2087.56304
G1 X143.379 Y80.301 E2087.5671
G1 X151.621 Y80.3 E2087.84123
G1 X151.733 Y80.35 E2087.84531
G1 X151.8 Y80.5 E2087.85078
G1 X151.8 Y96.824 E2088.39372
G1 X152.88 Y96.824 E2088.42964
G1 X158.151 Y87.701 E2088.78007
G1 X157.117 Y87.7 E2088.81446
G1 X153.418 Y94.168 E2089.06229
G1 X153.193 Y94.262 E2089.0704
G1 X152.949 Y94.198 E2089.07879
G1 X152.802 Y94.039 E2089.08599
G1 X152.8 Y78.172 E2089.61373
G1 X142.2 Y78.172 E2089.96628
G1 X142.198 Y94.039 E2090.49402
G1 X142.05 Y94.198 E2090.50125
G1 X141.802 Y94.262 E2090.50977
G1 X141.598 Y94.197 E2090.51689
G1 X137.88 Y87.7 E2090.76586
G1 X136.848 Y87.7 E2090.80019
G1 X142.116 Y96.824 E2091.1506
G1 F2700 E2086.1506
;MESH:NONMESH
G0 F300 X142.116 Y96.824 Z8.8
G0 F9000 X142.287 Y96.53
G0 X137.227 Y87.92
G0 X136.289 Y88.463
G0 X128.88 Y86.841
G0 X126.617 Y86.841
G0 X123.665 Y87.92
G0 X122.57 Y87.92
G0 X122.038 Y80.062
G0 X113.034 Y79.585
;TIME_ELAPSED:3758.123789
;LAYER:43
;TYPE:WALL-INNER
;MESH:batclipholder.stl(1)
G1 F2700 E2091.1506
G1 F1282.1 X113.291 Y79.471 E2091.16154
G1 X121.709 Y79.471 E2091.48912
G1 F1284.8 X121.967 Y79.585 E2091.50008
G1 X121.967 Y79.005 E2091.5226
G1 F1282.1 X113.034 Y79.006 E2091.87022
G1 X113.034 Y79.585 E2091.89275
G0 F9000 X122.038 Y80.062
G0 X122.3 Y80.5
G1 F1200 X122.4 Y79.869 E2091.91931
G1 F1500 X122.4 Y78.572 E2091.96245
G1 X112.6 Y78.572 E2092.2884
G1 X112.6 Y79.869 E2092.33154
G1 F1200 X112.7 Y80.5 E2092.3581
G1 X113.002 Y80.05 E2092.38063
G1 F1500 X113.337 Y79.903 E2092.3928
G1 X121.663 Y79.902 E2092.66972
G1 X121.998 Y80.05 E2092.6819
G1 F1200 X122.3 Y80.5 E2092.70444
G1 F991.7 X122.305 Y94.125 E2093.38985
G0 F9000 X122.559 Y94.839
G0 X123.215 Y95.013
G0 X123.793 Y94.382
G1 F1271.2 X125.584 Y91.265 E2093.53094
G1 F1229.5 X127.376 Y88.148 E2093.67684
G0 F9000 X123.215 Y95.013
G0 X122.578 Y95.794
G1 F1694.9 X123.025 Y95.021 E2093.70312
G1 X122.752 Y94.95 E2093.71142
G1 X122.578 Y94.76 E2093.71901
G1 X122.578 Y95.794 E2093.74944
G0 F9000 X122.2 Y96.424
G1 F1500 X122.649 Y96.424 E2093.76438
G1 X123.336 Y95.235 E2093.81005
G1 F1388.9 X123.793 Y94.382 E2093.84481
G1 X123.091 Y94.649 E2093.87179
G1 F1500 X122.847 Y94.585 E2093.88018
G1 F1188.1 X122.305 Y94.125 E2093.91003
G1 F1075.3 X122.253 Y94.605 E2093.93243
G1 F1327.4 X122.201 Y95.085 E2093.95058
G1 F1500 X122.2 Y96.424 E2093.99511
G1 F2700 E2088.99511
G0 F9000 X122.48 Y96.146
G0 X122.038 Y80.062
G0 X112.962 Y80.062
G0 X112.695 Y94.125
G1 F2700 E2093.99511
G1 F991.7 X112.7 Y80.5 E2094.68053
G0 F9000 X112.441 Y94.839
G0 X111.785 Y95.013
G0 X107.621 Y88.146
G1 F1239.7 X111.263 Y94.477 E2094.97447
G0 F9000 X112.422 Y95.799
G1 F1685.4 X112.422 Y94.76 E2095.00523
G1 X112.245 Y94.952 E2095.01296
G1 X111.973 Y95.021 E2095.02126
G1 X112.422 Y95.799 E2095.04785
G0 F9000 X112.8 Y96.424
G1 F1500 X112.8 Y95.089 E2095.09226
G1 F1327.4 X112.748 Y94.607 E2095.11048
G1 F1075.3 X112.695 Y94.125 E2095.13298
G1 F1188.1 X112.15 Y94.586 E2095.16295
G1 F1500 X111.902 Y94.649 E2095.17146
G1 F1373 X111.263 Y94.477 E2095.19551
G1 X111.658 Y95.23 E2095.2264
G1 F1500 X112.346 Y96.424 E2095.27224
G1 X112.8 Y96.424 E2095.28734
G0 F9000 X113.2 Y96.824
;TYPE:WALL-OUTER
G1 F1500 X113.2 Y80.5 E2095.83028
G1 X113.267 Y80.35 E2095.83574
G1 X113.379 Y80.301 E2095.83981
G1 X121.621 Y80.3 E2096.11394
G1 X121.733 Y80.35 E2096.11802
G1 X121.8 Y80.5 E2096.12348
G1 X121.8 Y96.824 E2096.66642
G1 X122.88 Y96.824 E2096.70234
G1 X128.151 Y87.701 E2097.05278
G1 X127.117 Y87.7 E2097.08717
G1 X123.418 Y94.168 E2097.33499
G1 X123.193 Y94.262 E2097.3431
G1 X122.949 Y94.198 E2097.35149
G1 X122.802 Y94.039 E2097.35869
G1 X122.8 Y78.172 E2097.88643
G1 X112.2 Y78.172 E2098.23899
G1 X112.198 Y94.039 E2098.76673
G1 X112.05 Y94.198 E2098.77395
G1 X111.802 Y94.262 E2098.78247
G1 X111.598 Y94.197 E2098.78959
G1 X107.88 Y87.7 E2099.03856
G1 X106.848 Y87.7 E2099.07289
G1 X112.116 Y96.824 E2099.4233
G1 X113.2 Y96.824 E2099.45936
G1 F2700 E2094.45936
;MESH:batclipholder.stl
G0 F9000 X112.92 Y96.546
G0 X112.976 Y97.691
G0 X112.976 Y107.309
G0 X112.976 Y108.404
G0 X113.034 Y109.585
;TYPE:WALL-INNER
G1 F2700 E2099.45936
G1 F1282.1 X113.291 Y109.471 E2099.4703
G1 X121.709 Y109.471 E2099.79788
G1 F1284.8 X121.967 Y109.585 E2099.80883
G1 X121.967 Y109.005 E2099.83135
G1 F1282.1 X113.034 Y109.006 E2100.17898
G1 X113.034 Y109.585 E2100.20151
G0 F9000 X122.038 Y110.062
G0 X122.3 Y110.5
G1 F1200 X122.4 Y109.869 E2100.22807
G1 F1500 X122.4 Y108.572 E2100.27121
G1 X112.6 Y108.572 E2100.59716
G1 X112.6 Y109.869 E2100.6403
G1 F1200 X112.7 Y110.5 E2100.66686
G1 X113.002 Y110.05 E2100.68939
G1 F1500 X113.337 Y109.903 E2100.70156
G1 X121.663 Y109.902 E2100.97848
G1 X121.998 Y110.05 E2100.99066
G1 F1200 X122.3 Y110.5 E2101.01319
G1 F991.7 X122.305 Y124.125 E2101.69861
G0 F9000 X122.559 Y124.839
G0 X123.215 Y125.013
G0 X123.793 Y124.382
G1 F1271.2 X125.584 Y121.265 E2101.8397
G1 F1229.5 X127.376 Y118.148 E2101.98559
G0 F9000 X123.215 Y125.013
G0 X122.578 Y125.794
G1 F1694.9 X123.025 Y125.021 E2102.01188
G1 X122.752 Y124.95 E2102.02018
G1 X122.578 Y124.76 E2102.02776
G1 X122.578 Y125.794 E2102.0582
G0 F9000 X122.2 Y126.424
G1 F1500 X122.649 Y126.424 E2102.07313
G1 X123.336 Y125.235 E2102.11881
G1 F1388.9 X123.793 Y124.382 E2102.15357
G1 X123.091 Y124.649 E2102.18055
G1 F1500 X122.847 Y124.585 E2102.18894
G1 F1188.1 X122.305 Y124.125 E2102.21879
G1 F1075.3 X122.253 Y124.605 E2102.24119
G1 F1327.4 X122.201 Y125.085 E2102.25933
G1 F1500 X122.2 Y126.424 E2102.30387
G1 F2700 E2097.30387
G0 F9000 X122.48 Y126.146
G0 X122.038 Y110.062
G0 X112.962 Y110.062
G0 X112.695 Y124.125
G1 F2700 E2102.30387
G1 F991.7 X112.7 Y110.5 E2102.98929
G0 F9000 X112.441 Y124.839
G0 X111.785 Y125.013
G0 X107.621 Y118.146
G1 F1239.7 X111.263 Y124.477 E2103.28323
G0 F9000 X112.422 Y125.799
G1 F1685.4 X112.422 Y124.76 E2103.31398
G1 X112.245 Y124.952 E2103.32171
G1 X111.973 Y125.021 E2103.33002
G1 X112.422 Y125.799 E2103.35661
G0 F9000 X112.8 Y126.424
G1 F1500 X112.8 Y125.089 E2103.40101
G1 F1327.4 X112.748 Y124.607 E2103.41923
G1 F1075.3 X112.695 Y124.125 E2103.44173
G1 F1188.1 X112.15 Y124.586 E2103.47171
G1 F1500 X111.902 Y124.649 E2103.48022
G1 F1373 X111.263 Y124.477 E2103.50426
G1 X111.658 Y125.23 E2103.53516
G1 F1500 X112.346 Y126.424 E2103.58099
G1 X112.8 Y126.424 E2103.59609
G0 F9000 X113.2 Y126.824
;TYPE:WALL-OUTER
G1 F1500 X113.2 Y110.5 E2104.13903
G1 X113.267 Y110.35 E2104.1445
G1 X113.379 Y110.301 E2104.14856
G1 X121.621 Y110.3 E2104.42269
G1 X121.733 Y110.35 E2104.42677
G1 X121.8 Y110.5 E2104.43224
G1 X121.8 Y126.824 E2104.97517
G1 X122.88 Y126.824 E2105.0111
G1 X128.151 Y117.701 E2105.36153
G1 X127.117 Y117.7 E2105.39592
G1 X123.418 Y124.168 E2105.64374
G1 X123.193 Y124.262 E2105.65186
G1 X122.949 Y124.198 E2105.66025
G1 X122.802 Y124.039 E2105.66745
G1 X122.8 Y108.172 E2106.19519
G1 X112.2 Y108.172 E2106.54774
G1 X112.198 Y124.039 E2107.07548
G1 X112.05 Y124.198 E2107.08271
G1 X111.802 Y124.262 E2107.09123
G1 X111.598 Y124.197 E2107.09835
G1 X107.88 Y117.7 E2107.34732
G1 X106.848 Y117.7 E2107.38164
G1 X112.116 Y126.824 E2107.73206
G1 X113.2 Y126.824 E2107.76811
G1 F2700 E2102.76811
;MESH:batclipholder.stl(3)
G0 F9000 X112.92 Y126.546
G0 X112.962 Y110.062
G0 X122.038 Y110.062
G0 X122.559 Y124.839
G0 X123.215 Y125.013
G0 X127.773 Y117.92
G0 X128.712 Y118.462
G0 X136.289 Y118.463
G0 X137.621 Y118.146
;TYPE:WALL-INNER
G1 F2700 E2107.76811
G1 F1239.7 X141.263 Y124.477 E2108.06205
G0 F9000 X141.785 Y125.013
G0 X142.441 Y124.839
G0 X142.695 Y124.125
G1 F991.7 X142.7 Y110.5 E2108.74747
G0 F9000 X143.034 Y109.585
G1 F1282.1 X143.291 Y109.471 E2108.75841
G1 X151.709 Y109.471 E2109.08599
G1 F1284.8 X151.967 Y109.585 E2109.09695
G1 X151.967 Y109.005 E2109.11947
G1 F1282.1 X143.034 Y109.006 E2109.46709
G1 X143.034 Y109.585 E2109.48962
G0 F9000 X142.7 Y110.5
G1 F1200 X143.002 Y110.05 E2109.51215
G1 F1500 X143.337 Y109.903 E2109.52432
G1 X151.663 Y109.902 E2109.80125
G1 X151.998 Y110.05 E2109.81343
G1 F1200 X152.3 Y110.5 E2109.83596
G1 X152.4 Y109.869 E2109.86252
G1 F1500 X152.4 Y108.572 E2109.90566
G1 X142.6 Y108.572 E2110.23161
G1 X142.6 Y109.869 E2110.27475
G1 F1200 X142.7 Y110.5 E2110.30131
G0 F9000 X142.962 Y110.062
G0 X152.038 Y110.062
G0 X152.3 Y110.5
G1 F991.7 X152.305 Y124.125 E2110.98673
G0 F9000 X152.559 Y124.839
G0 X153.215 Y125.013
G0 X153.793 Y124.382
G1 F1271.2 X155.584 Y121.265 E2111.12782
G1 F1229.5 X157.376 Y118.148 E2111.27371
G0 F9000 X153.215 Y125.013
G0 X152.578 Y125.794
G1 F1694.9 X153.025 Y125.021 E2111.29999
G1 X152.752 Y124.95 E2111.30829
G1 X152.578 Y124.76 E2111.31588
G1 X152.578 Y125.794 E2111.34631
G0 F9000 X152.2 Y126.424
G1 F1500 X152.649 Y126.424 E2111.36125
G1 X153.336 Y125.235 E2111.40692
G1 F1388.9 X153.793 Y124.382 E2111.44168
G1 X153.091 Y124.649 E2111.46866
G1 F1500 X152.847 Y124.585 E2111.47705
G1 F1188.1 X152.305 Y124.125 E2111.5069
G1 F1075.3 X152.253 Y124.605 E2111.5293
G1 F1327.4 X152.201 Y125.085 E2111.54745
G1 F1500 X152.2 Y126.424 E2111.59198
G1 F2700 E2106.59198
G0 F9000 X152.48 Y126.146
G0 X152.038 Y110.062
G0 X142.962 Y110.062
G0 X142.422 Y125.799
G1 F2700 E2111.59198
G1 F1685.4 X142.422 Y124.76 E2111.62274
G1 X142.245 Y124.952 E2111.63047
G1 X141.973 Y125.021 E2111.63878
G1 X142.422 Y125.799 E2111.66537
G0 F9000 X142.346 Y126.424
G1 F1500 X142.8 Y126.424 E2111.68047
G1 X142.8 Y125.089 E2111.72487
G1 F1327.4 X142.748 Y124.607 E2111.74309
G1 F1075.3 X142.695 Y124.125 E2111.76559
G1 F1188.1 X142.15 Y124.586 E2111.79556
G1 F1500 X141.902 Y124.649 E2111.80407
G1 F1373 X141.263 Y124.477 E2111.82812
G1 X141.658 Y125.23 E2111.85902
G1 F1500 X142.346 Y126.424 E2111.90485
G0 F9000 X142.116 Y126.824
;TYPE:WALL-OUTER
G1 F1500 X143.2 Y126.824 E2111.9409
G1 X143.2 Y110.5 E2112.48384
G1 X143.267 Y110.35 E2112.48931
G1 X143.379 Y110.301 E2112.49337
G1 X151.621 Y110.3 E2112.7675
G1 X151.733 Y110.35 E2112.77158
G1 X151.8 Y110.5 E2112.77705
G1 X151.8 Y126.824 E2113.31998
G1 X152.88 Y126.824 E2113.35591
G1 X158.151 Y117.701 E2113.70634
G1 X157.117 Y117.7 E2113.74073
G1 X153.418 Y124.168 E2113.98856
G1 X153.193 Y124.262 E2113.99667
G1 X152.949 Y124.198 E2114.00506
G1 X152.802 Y124.039 E2114.01226
G1 X152.8 Y108.172 E2114.54
G1 X142.2 Y108.172 E2114.89255
G1 X142.198 Y124.039 E2115.42029
G1 X142.05 Y124.198 E2115.42752
G1 X141.802 Y124.262 E2115.43604
G1 X141.598 Y124.197 E2115.44316
G1 X137.88 Y117.7 E2115.69213
G1 X136.848 Y117.7 E2115.72645
G1 X142.116 Y126.824 E2116.07687
G1 F2700 E2111.07687
;MESH:batclipholder.stl(2)
G0 F9000 X142.287 Y126.53
G0 X142.412 Y125.16
G0 X142.424 Y108.398
G0 X142.424 Y107.309
G0 X142.424 Y97.691
G0 X142.424 Y96.596
G0 X142.422 Y95.799
;TYPE:WALL-INNER
G1 F2700 E2116.07687
G1 F1685.4 X142.422 Y94.76 E2116.10763
G1 X142.245 Y94.952 E2116.11536
G1 X141.973 Y95.021 E2116.12366
G1 X142.422 Y95.799 E2116.15025
G0 F9000 X142.346 Y96.424
G1 F1500 X142.8 Y96.424 E2116.16535
G1 X142.8 Y95.089 E2116.20976
G1 F1327.4 X142.748 Y94.607 E2116.22798
G1 F1075.3 X142.695 Y94.125 E2116.25047
G1 F1188.1 X142.15 Y94.586 E2116.28045
G1 F1500 X141.902 Y94.649 E2116.28896
G1 F1373 X141.263 Y94.477 E2116.313
G1 X141.658 Y95.23 E2116.3439
G1 F1500 X142.346 Y96.424 E2116.38974
G0 F9000 X142.517 Y96.13
G0 X141.263 Y94.477
G1 F1239.7 X137.621 Y88.146 E2116.68368
G0 F9000 X141.785 Y95.013
G0 X142.441 Y94.839
G0 X142.695 Y94.125
G1 F991.7 X142.7 Y80.5 E2117.3691
G0 F9000 X143.034 Y79.585
G1 F1282.1 X143.291 Y79.471 E2117.38004
G1 X151.709 Y79.471 E2117.70762
G1 F1284.8 X151.967 Y79.585 E2117.71857
G1 X151.967 Y79.005 E2117.74109
G1 F1282.1 X143.034 Y79.006 E2118.08871
G1 X143.034 Y79.585 E2118.11125
G0 F9000 X142.7 Y80.5
G1 F1200 X143.002 Y80.05 E2118.13378
G1 F1500 X143.337 Y79.903 E2118.14594
G1 X151.663 Y79.902 E2118.42287
G1 X151.998 Y80.05 E2118.43505
G1 F1200 X152.3 Y80.5 E2118.45758
G1 X152.4 Y79.869 E2118.48414
G1 F1500 X152.4 Y78.572 E2118.52728
G1 X142.6 Y78.572 E2118.85323
G1 X142.6 Y79.869 E2118.89637
G1 F1200 X142.7 Y80.5 E2118.92293
G0 F9000 X142.962 Y80.062
G0 X152.038 Y80.062
G0 X152.3 Y80.5
G1 F991.7 X152.305 Y94.125 E2119.60835
G0 F9000 X152.559 Y94.839
G0 X153.215 Y95.013
G0 X153.793 Y94.382
G1 F1271.2 X155.584 Y91.265 E2119.74944
G1 F1229.5 X157.376 Y88.148 E2119.89533
G0 F9000 X153.215 Y95.013
G0 X152.578 Y95.794
G1 F1694.9 X153.025 Y95.021 E2119.92161
G1 X152.752 Y94.95 E2119.92992
G1 X152.578 Y94.76 E2119.9375
G1 X152.578 Y95.794 E2119.96794
G0 F9000 X152.2 Y96.424
G1 F1500 X152.649 Y96.424 E2119.98287
G1 X153.336 Y95.235 E2120.02854
G1 F1388.9 X153.793 Y94.382 E2120.0633
G1 X153.091 Y94.649 E2120.09028
G1 F1500 X152.847 Y94.585 E2120.09867
G1 F1188.1 X152.305 Y94.125 E2120.12852
G1 F1075.3 X152.253 Y94.605 E2120.15092
G1 F1327.4 X152.201 Y95.085 E2120.16907
G1 F1500 X152.2 Y96.424 E2120.21361
G1 F2700 E2115.21361
G0 F9000 X152.48 Y96.146
G0 X152.038 Y80.062
G0 X142.962 Y80.062
G0 X142.955 Y89.385
G0 X142.287 Y96.53
G0 X142.116 Y96.824
;TYPE:WALL-OUTER
G1 F2700 E2120.21361
G1 F1500 X143.2 Y96.824 E2120.24966
G1 X143.2 Y80.5 E2120.7926
G1 X143.267 Y80.35 E2120.79806
G1 X143.379 Y80.301 E2120.80213
G1 X151.621 Y80.3 E2121.07626
G1 X151.733 Y80.35 E2121.08034
G1 X151.8 Y80.5 E2121.0858
G1 X151.8 Y96.824 E2121.62874
G1 X152.88 Y96.824 E2121.66466
G1 X158.151 Y87.701 E2122.0151
G1 X157.117 Y87.7 E2122.04949
G1 X153.418 Y94.168 E2122.29731
G1 X153.193 Y94.262 E2122.30542
G1 X152.949 Y94.198 E2122.31381
G1 X152.802 Y94.039 E2122.32101
G1 X152.8 Y78.172 E2122.84875
G1 X142.2 Y78.172 E2123.20131
G1 X142.198 Y94.039 E2123.72905
G1 X142.05 Y94.198 E2123.73627
G1 X141.802 Y94.262 E2123.74479
G1 X141.598 Y94.197 E2123.75191
G1 X137.88 Y87.7 E2124.00089
G1 X136.848 Y87.7 E2124.03521
G1 X142.116 Y96.824 E2124.38563
G1 F2700 E2119.38563
;MESH:NONMESH
G0 F300 X142.116 Y96.824 Z9
G0 F9000 X142.287 Y96.53
G0 X137.227 Y87.92
G0 X136.289 Y88.463
G0 X128.88 Y86.841
G0 X126.617 Y86.841
G0 X123.665 Y87.92
G0 X122.57 Y87.92
G0 X122.038 Y80.062
G0 X113.034 Y79.585
;TIME_ELAPSED:3817.683576
;LAYER:44
;TYPE:WALL-INNER
;MESH:batclipholder.stl(1)
G1 F2700 E2124.38563
G1 F1282.1 X113.291 Y79.471 E2124.39657
G1 X121.709 Y79.471 E2124.72415
G1 F1284.8 X121.967 Y79.585 E2124.7351
G1 X121.967 Y79.005 E2124.75762
G1 F1282.1 X113.034 Y79.006 E2125.10525
G1 X113.034 Y79.585 E2125.12778
G0 F9000 X122.038 Y80.062
G0 X122.3 Y80.5
G1 F1200 X122.4 Y79.869 E2125.15434
G1 F1500 X122.4 Y78.572 E2125.19748
G1 X112.6 Y78.572 E2125.52343
G1 X112.6 Y79.869 E2125.56656
G1 F1200 X112.7 Y80.5 E2125.59313
G1 X113.002 Y80.05 E2125.61566
G1 F1500 X113.337 Y79.903 E2125.62782
G1 X121.663 Y79.902 E2125.90475
G1 X121.998 Y80.05 E2125.91693
G1 F1200 X122.3 Y80.5 E2125.93946
G1 F991.7 X122.305 Y94.125 E2126.62488
G0 F9000 X122.559 Y94.839
G0 X123.215 Y95.013
G0 X123.793 Y94.382
G1 F1271.2 X125.584 Y91.265 E2126.76597
G1 F1229.5 X127.376 Y88.148 E2126.91186
G0 F9000 X123.215 Y95.013
G0 X122.578 Y95.794
G1 F1694.9 X123.025 Y95.021 E2126.93814
G1 X122.752 Y94.95 E2126.94645
G1 X122.578 Y94.76 E2126.95403
G1 X122.578 Y95.794 E2126.98447
G0 F9000 X122.2 Y96.424
G1 F1500 X122.649 Y96.424 E2126.9994
G1 X123.336 Y95.235 E2127.04507
G1 F1388.9 X123.793 Y94.382 E2127.07984
G1 X123.091 Y94.649 E2127.10681
G1 F1500 X122.847 Y94.585 E2127.1152
G1 F1188.1 X122.305 Y94.125 E2127.14506
G1 F1075.3 X122.253 Y94.605 E2127.16746
G1 F1327.4 X122.201 Y95.085 E2127.1856
G1 F1500 X122.2 Y96.424 E2127.23014
G1 F2700 E2122.23014
G0 F9000 X122.48 Y96.146
G0 X122.038 Y80.062
G0 X112.962 Y80.062
G0 X112.695 Y94.125
G1 F2700 E2127.23014
G1 F991.7 X112.7 Y80.5 E2127.91556
G0 F9000 X112.441 Y94.839
G0 X111.785 Y95.013
G0 X107.621 Y88.146
G1 F1239.7 X111.263 Y94.477 E2128.2095
G0 F9000 X112.422 Y95.799
G1 F1685.4 X112.422 Y94.76 E2128.24025
G1 X112.245 Y94.952 E2128.24798
G1 X111.973 Y95.021 E2128.25629
G1 X112.422 Y95.799 E2128.28288
G0 F9000 X112.8 Y96.424
G1 F1500 X112.8 Y95.089 E2128.32728
G1 F1327.4 X112.748 Y94.607 E2128.3455
G1 F1075.3 X112.695 Y94.125 E2128.368
G1 F1188.1 X112.15 Y94.586 E2128.39797
G1 F1500 X111.902 Y94.649 E2128.40649
G1 F1373 X111.263 Y94.477 E2128.43053
G1 X111.658 Y95.23 E2128.46143
G1 F1500 X112.346 Y96.424 E2128.50726
G1 X112.8 Y96.424 E2128.52236
G0 F9000 X113.2 Y96.824
;TYPE:WALL-OUTER
G1 F1500 X113.2 Y80.5 E2129.0653
G1 X113.267 Y80.35 E2129.07076
G1 X113.379 Y80.301 E2129.07483
G1 X121.621 Y80.3 E2129.34896
G1 X121.733 Y80.35 E2129.35304
G1 X121.8 Y80.5 E2129.3585
G1 X121.8 Y96.824 E2129.90144
G1 X122.88 Y96.824 E2129.93736
G1 X128.151 Y87.701 E2130.2878
G1 X127.117 Y87.7 E2130.32219
G1 X123.418 Y94.168 E2130.57001
G1 X123.193 Y94.262 E2130.57812
G1 X122.949 Y94.198 E2130.58651
G1 X122.802 Y94.039 E2130.59372
G1 X122.8 Y78.172 E2131.12145
G1 X112.2 Y78.172 E2131.47401
G1 X112.198 Y94.039 E2132.00175
G1 X112.05 Y94.198 E2132.00898
G1 X111.802 Y94.262 E2132.01749
G1 X111.598 Y94.197 E2132.02462
G1 X107.88 Y87.7 E2132.27359
G1 X106.848 Y87.7 E2132.30791
G1 X112.116 Y96.824 E2132.65833
G1 X113.2 Y96.824 E2132.69438
G1 F2700 E2127.69438
;MESH:batclipholder.stl
G0 F9000 X112.92 Y96.546
G0 X112.976 Y97.691
G0 X112.976 Y107.309
G0 X112.976 Y108.404
G0 X113.034 Y109.585
;TYPE:WALL-INNER
G1 F2700 E2132.69438
G1 F1282.1 X113.291 Y109.471 E2132.70532
G1 X121.709 Y109.471 E2133.0329
G1 F1284.8 X121.967 Y109.585 E2133.04386
G1 X121.967 Y109.005 E2133.06638
G1 F1282.1 X113.034 Y109.006 E2133.414
G1 X113.034 Y109.585 E2133.43653
G0 F9000 X122.038 Y110.062
G0 X122.3 Y110.5
G1 F1200 X122.4 Y109.869 E2133.46309
G1 F1500 X122.4 Y108.572 E2133.50623
G1 X112.6 Y108.572 E2133.83218
G1 X112.6 Y109.869 E2133.87532
G1 F1200 X112.7 Y110.5 E2133.90188
G1 X113.002 Y110.05 E2133.92441
G1 F1500 X113.337 Y109.903 E2133.93658
G1 X121.663 Y109.902 E2134.2135
G1 X121.998 Y110.05 E2134.22569
G1 F1200 X122.3 Y110.5 E2134.24822
G1 F991.7 X122.305 Y124.125 E2134.93364
G0 F9000 X122.559 Y124.839
G0 X123.215 Y125.013
G0 X123.793 Y124.382
G1 F1271.2 X125.584 Y121.265 E2135.07473
G1 F1229.5 X127.376 Y118.148 E2135.22062
G0 F9000 X123.215 Y125.013
G0 X122.578 Y125.794
G1 F1694.9 X123.025 Y125.021 E2135.2469
G1 X122.752 Y124.95 E2135.2552
G1 X122.578 Y124.76 E2135.26279
G1 X122.578 Y125.794 E2135.29322
G0 F9000 X122.2 Y126.424
G1 F1500 X122.649 Y126.424 E2135.30816
G1 X123.336 Y125.235 E2135.35383
G1 F1388.9 X123.793 Y124.382 E2135.38859
G1 X123.091 Y124.649 E2135.41557
G1 F1500 X122.847 Y124.585 E2135.42396
G1 F1188.1 X122.305 Y124.125 E2135.45381
G1 F1075.3 X122.253 Y124.605 E2135.47621
G1 F1327.4 X122.201 Y125.085 E2135.49436
G1 F1500 X122.2 Y126.424 E2135.53889
G1 F2700 E2130.53889
G0 F9000 X122.48 Y126.146
G0 X122.038 Y110.062
G0 X112.962 Y110.062
G0 X112.695 Y124.125
G1 F2700 E2135.53889
G1 F991.7 X112.7 Y110.5 E2136.22431
G0 F9000 X112.441 Y124.839
G0 X111.785 Y125.013
G0 X107.621 Y118.146
G1 F1239.7 X111.263 Y124.477 E2136.51825
G0 F9000 X112.422 Y125.799
G1 F1685.4 X112.422 Y124.76 E2136.54901
G1 X112.245 Y124.952 E2136.55674
G1 X111.973 Y125.021 E2136.56505
G1 X112.422 Y125.799 E2136.59164
G0 F9000 X112.8 Y126.424
G1 F1500 X112.8 Y125.089 E2136.63604
G1 F1327.4 X112.748 Y124.607 E2136.65426
G1 F1075.3 X112.695 Y124.125 E2136.67676
G1 F1188.1 X112.15 Y124.586 E2136.70673
G1 F1500 X111.902 Y124.649 E2136.71524
G1 F1373 X111.263 Y124.477 E2136.73929
G1 X111.658 Y125.23 E2136.77018
G1 F1500 X112.346 Y126.424 E2136.81602
G1 X112.8 Y126.424 E2136.83112
G0 F9000 X113.2 Y126.824
;TYPE:WALL-OUTER
G1 F1500 X113.2 Y110.5 E2137.37406
G1 X113.267 Y110.35 E2137.37952
G1 X113.379 Y110.301 E2137.38359
G1 X121.621 Y110.3 E2137.65772
G1 X121.733 Y110.35 E2137.6618
G1 X121.8 Y110.5 E2137.66726
G1 X121.8 Y126.824 E2138.2102
G1 X122.88 Y126.824 E2138.24612
G1 X128.151 Y117.701 E2138.59656
G1 X127.117 Y117.7 E2138.63095
G1 X123.418 Y124.168 E2138.87877
G1 X123.193 Y124.262 E2138.88688
G1 X122.949 Y124.198 E2138.89527
G1 X122.802 Y124.039 E2138.90247
G1 X122.8 Y108.172 E2139.43021
G1 X112.2 Y108.172 E2139.78277
G1 X112.198 Y124.039 E2140.31051
G1 X112.05 Y124.198 E2140.31773
G1 X111.802 Y124.262 E2140.32625
G1 X111.598 Y124.197 E2140.33337
G1 X107.88 Y117.7 E2140.58234
G1 X106.848 Y117.7 E2140.61667
G1 X112.116 Y126.824 E2140.96709
G1 X113.2 Y126.824 E2141.00314
G1 F2700 E2136.00314
;MESH:batclipholder.stl(3)
G0 F9000 X112.92 Y126.546
G0 X112.962 Y110.062
G0 X122.038 Y110.062
G0 X122.559 Y124.839
G0 X123.215 Y125.013
G0 X127.773 Y117.92
G0 X128.712 Y118.462
G0 X136.289 Y118.463
G0 X137.621 Y118.146
;TYPE:WALL-INNER
G1 F2700 E2141.00314
G1 F1239.7 X141.263 Y124.477 E2141.29708
G0 F9000 X141.785 Y125.013
G0 X142.441 Y124.839
G0 X142.695 Y124.125
G1 F991.7 X142.7 Y110.5 E2141.9825
G0 F9000 X143.034 Y109.585
G1 F1282.1 X143.291 Y109.471 E2141.99344
G1 X151.709 Y109.471 E2142.32102
G1 F1284.8 X151.967 Y109.585 E2142.33197
G1 X151.967 Y109.005 E2142.35449
G1 F1282.1 X143.034 Y109.006 E2142.70212
G1 X143.034 Y109.585 E2142.72465
G0 F9000 X142.7 Y110.5
G1 F1200 X143.002 Y110.05 E2142.74718
G1 F1500 X143.337 Y109.903 E2142.75935
G1 X151.663 Y109.902 E2143.03627
G1 X151.998 Y110.05 E2143.04845
G1 F1200 X152.3 Y110.5 E2143.07098
G1 X152.4 Y109.869 E2143.09755
G1 F1500 X152.4 Y108.572 E2143.14068
G1 X142.6 Y108.572 E2143.46663
G1 X142.6 Y109.869 E2143.50977
G1 F1200 X142.7 Y110.5 E2143.53633
G0 F9000 X142.962 Y110.062
G0 X152.038 Y110.062
G0 X152.3 Y110.5
G1 F991.7 X152.305 Y124.125 E2144.22175
G0 F9000 X152.559 Y124.839
G0 X153.215 Y125.013
G0 X153.793 Y124.382
G1 F1271.2 X155.584 Y121.265 E2144.36284
G1 F1229.5 X157.376 Y118.148 E2144.50873
G0 F9000 X153.215 Y125.013
G0 X152.578 Y125.794
G1 F1694.9 X153.025 Y125.021 E2144.53502
G1 X152.752 Y124.95 E2144.54332
G1 X152.578 Y124.76 E2144.5509
G1 X152.578 Y125.794 E2144.58134
G0 F9000 X152.2 Y126.424
G1 F1500 X152.649 Y126.424 E2144.59627
G1 X153.336 Y125.235 E2144.64195
G1 F1388.9 X153.793 Y124.382 E2144.67671
G1 X153.091 Y124.649 E2144.70369
G1 F1500 X152.847 Y124.585 E2144.71208
G1 F1188.1 X152.305 Y124.125 E2144.74193
G1 F1075.3 X152.253 Y124.605 E2144.76433
G1 F1327.4 X152.201 Y125.085 E2144.78247
G1 F1500 X152.2 Y126.424 E2144.82701
G1 F2700 E2139.82701
G0 F9000 X152.48 Y126.146
G0 X152.038 Y110.062
G0 X142.962 Y110.062
G0 X142.422 Y125.799
G1 F2700 E2144.82701
G1 F1685.4 X142.422 Y124.76 E2144.85777
G1 X142.245 Y124.952 E2144.8655
G1 X141.973 Y125.021 E2144.8738
G1 X142.422 Y125.799 E2144.90039
G0 F9000 X142.346 Y126.424
G1 F1500 X142.8 Y126.424 E2144.91549
G1 X142.8 Y125.089 E2144.95989
G1 F1327.4 X142.748 Y124.607 E2144.97811
G1 F1075.3 X142.695 Y124.125 E2145.00061
G1 F1188.1 X142.15 Y124.586 E2145.03059
G1 F1500 X141.902 Y124.649 E2145.0391
G1 F1373 X141.263 Y124.477 E2145.06314
G1 X141.658 Y125.23 E2145.09404
G1 F1500 X142.346 Y126.424 E2145.13987
G0 F9000 X142.116 Y126.824
;TYPE:WALL-OUTER
G1 F1500 X143.2 Y126.824 E2145.17593
G1 X143.2 Y110.5 E2145.71887
G1 X143.267 Y110.35 E2145.72433
G1 X143.379 Y110.301 E2145.7284
G1 X151.621 Y110.3 E2146.00253
G1 X151.733 Y110.35 E2146.00661
G1 X151.8 Y110.5 E2146.01207
G1 X151.8 Y126.824 E2146.55501
G1 X152.88 Y126.824 E2146.59093
G1 X158.151 Y117.701 E2146.94137
G1 X157.117 Y117.7 E2146.97576
G1 X153.418 Y124.168 E2147.22358
G1 X153.193 Y124.262 E2147.23169
G1 X152.949 Y124.198 E2147.24008
G1 X152.802 Y124.039 E2147.24728
G1 X152.8 Y108.172 E2147.77502
G1 X142.2 Y108.172 E2148.12758
G1 X142.198 Y124.039 E2148.65532
G1 X142.05 Y124.198 E2148.66254
G1 X141.802 Y124.262 E2148.67106
G1 X141.598 Y124.197 E2148.67818
G1 X137.88 Y117.7 E2148.92716
G1 X136.848 Y117.7 E2148.96148
G1 X142.116 Y126.824 E2149.3119
G1 F2700 E2144.3119
;MESH:batclipholder.stl(2)
G0 F9000 X142.287 Y126.53
G0 X142.412 Y125.16
G0 X142.424 Y108.398
G0 X142.424 Y107.309
G0 X142.424 Y97.691
G0 X142.424 Y96.596
G0 X142.422 Y95.799
;TYPE:WALL-INNER
G1 F2700 E2149.3119
G1 F1685.4 X142.422 Y94.76 E2149.34265
G1 X142.245 Y94.952 E2149.35038
G1 X141.973 Y95.021 E2149.35869
G1 X142.422 Y95.799 E2149.38528
G0 F9000 X142.346 Y96.424
G1 F1500 X142.8 Y96.424 E2149.40038
G1 X142.8 Y95.089 E2149.44478
G1 F1327.4 X142.748 Y94.607 E2149.463
G1 F1075.3 X142.695 Y94.125 E2149.4855
G1 F1188.1 X142.15 Y94.586 E2149.51547
G1 F1500 X141.902 Y94.649 E2149.52398
G1 F1373 X141.263 Y94.477 E2149.54803
G1 X141.658 Y95.23 E2149.57893
G1 F1500 X142.346 Y96.424 E2149.62476
G0 F9000 X142.517 Y96.13
G0 X141.263 Y94.477
G1 F1239.7 X137.621 Y88.146 E2149.9187
G0 F9000 X141.785 Y95.013
G0 X142.441 Y94.839
G0 X142.695 Y94.125
G1 F991.7 X142.7 Y80.5 E2150.60412
G0 F9000 X143.034 Y79.585
G1 F1282.1 X143.291 Y79.471 E2150.61506
G1 X151.709 Y79.471 E2150.94264
G1 F1284.8 X151.967 Y79.585 E2150.95359
G1 X151.967 Y79.005 E2150.97612
G1 F1282.1 X143.034 Y79.006 E2151.32374
G1 X143.034 Y79.585 E2151.34627
G0 F9000 X142.7 Y80.5
G1 F1200 X143.002 Y80.05 E2151.3688
G1 F1500 X143.337 Y79.903 E2151.38097
G1 X151.663 Y79.902 E2151.65789
G1 X151.998 Y80.05 E2151.67007
G1 F1200 X152.3 Y80.5 E2151.69261
G1 X152.4 Y79.869 E2151.71917
G1 F1500 X152.4 Y78.572 E2151.76231
G1 X142.6 Y78.572 E2152.08826
G1 X142.6 Y79.869 E2152.13139
G1 F1200 X142.7 Y80.5 E2152.15795
G0 F9000 X142.962 Y80.062
G0 X152.038 Y80.062
G0 X152.3 Y80.5
G1 F991.7 X152.305 Y94.125 E2152.84337
G0 F9000 X152.559 Y94.839
G0 X153.215 Y95.013
G0 X153.793 Y94.382
G1 F1271.2 X155.584 Y91.265 E2152.98446
G1 F1229.5 X157.376 Y88.148 E2153.13035
G0 F9000 X153.215 Y95.013
G0 X152.578 Y95.794
G1 F1694.9 X153.025 Y95.021 E2153.15664
G1 X152.752 Y94.95 E2153.16494
G1 X152.578 Y94.76 E2153.17253
G1 X152.578 Y95.794 E2153.20296
G0 F9000 X152.2 Y96.424
G1 F1500 X152.649 Y96.424 E2153.2179
G1 X153.336 Y95.235 E2153.26357
G1 F1388.9 X153.793 Y94.382 E2153.29833
G1 X153.091 Y94.649 E2153.32531
G1 F1500 X152.847 Y94.585 E2153.3337
G1 F1188.1 X152.305 Y94.125 E2153.36355
G1 F1075.3 X152.253 Y94.605 E2153.38595
G1 F1327.4 X152.201 Y95.085 E2153.4041
G1 F1500 X152.2 Y96.424 E2153.44863
G1 F2700 E2148.44863
G0 F9000 X152.48 Y96.146
G0 X152.038 Y80.062
G0 X142.962 Y80.062
G0 X142.955 Y89.385
G0 X142.287 Y96.53
G0 X142.116 Y96.824
;TYPE:WALL-OUTER
G1 F2700 E2153.44863
G1 F1500 X143.2 Y96.824 E2153.48469
G1 X143.2 Y80.5 E2154.02762
G1 X143.267 Y80.35 E2154.03309
G1 X143.379 Y80.301 E2154.03715
G1 X151.621 Y80.3 E2154.31128
G1 X151.733 Y80.35 E2154.31536
G1 X151.8 Y80.5 E2154.32083
G1 X151.8 Y96.824 E2154.86377
G1 X152.88 Y96.824 E2154.89969
G1 X158.151 Y87.701 E2155.25012
G1 X157.117 Y87.7 E2155.28451
G1 X153.418 Y94.168 E2155.53234
G1 X153.193 Y94.262 E2155.54045
G1 X152.949 Y94.198 E2155.54884
G1 X152.802 Y94.039 E2155.55604
G1 X152.8 Y78.172 E2156.08378
G1 X142.2 Y78.172 E2156.43634
G1 X142.198 Y94.039 E2156.96407
G1 X142.05 Y94.198 E2156.9713
G1 X141.802 Y94.262 E2156.97982
G1 X141.598 Y94.197 E2156.98694
G1 X137.88 Y87.7 E2157.23591
G1 X136.848 Y87.7 E2157.27024
G1 X142.116 Y96.824 E2157.62065
G1 F2700 E2152.62065
;MESH:NONMESH
G0 F300 X142.116 Y96.824 Z9.2
G0 F9000 X142.287 Y96.53
G0 X137.227 Y87.92
G0 X136.289 Y88.463
G0 X128.88 Y86.841
G0 X126.617 Y86.841
G0 X123.665 Y87.92
G0 X122.57 Y87.92
G0 X122.038 Y80.062
G0 X113.034 Y79.585
;TIME_ELAPSED:3877.243362
;LAYER:45
;TYPE:WALL-INNER
;MESH:batclipholder.stl(1)
G1 F2700 E2157.62065
G1 F1282.1 X113.291 Y79.471 E2157.63159
G1 X121.709 Y79.471 E2157.95917
G1 F1284.8 X121.967 Y79.585 E2157.97013
G1 X121.967 Y79.005 E2157.99265
G1 F1282.1 X113.034 Y79.006 E2158.34027
G1 X113.034 Y79.585 E2158.3628
G0 F9000 X122.038 Y80.062
G0 X122.3 Y80.5
G1 F1200 X122.4 Y79.869 E2158.38936
G1 F1500 X122.4 Y78.572 E2158.4325
G1 X112.6 Y78.572 E2158.75845
G1 X112.6 Y79.869 E2158.80159
G1 F1200 X112.7 Y80.5 E2158.82815
G1 X113.002 Y80.05 E2158.85068
G1 F1500 X113.337 Y79.903 E2158.86285
G1 X121.663 Y79.902 E2159.13977
G1 X121.998 Y80.05 E2159.15195
G1 F1200 X122.3 Y80.5 E2159.17449
G1 F991.7 X122.305 Y94.125 E2159.8599
G0 F9000 X122.559 Y94.839
G0 X123.215 Y95.013
G0 X123.793 Y94.382
G1 F1271.2 X125.584 Y91.265 E2160.00099
G1 F1229.5 X127.376 Y88.148 E2160.14689
G0 F9000 X123.215 Y95.013
G0 X122.578 Y95.794
G1 F1694.9 X123.025 Y95.021 E2160.17317
G1 X122.752 Y94.95 E2160.18147
G1 X122.578 Y94.76 E2160.18906
G1 X122.578 Y95.794 E2160.21949
G0 F9000 X122.2 Y96.424
G1 F1500 X122.649 Y96.424 E2160.23443
G1 X123.336 Y95.235 E2160.2801
G1 F1388.9 X123.793 Y94.382 E2160.31486
G1 X123.091 Y94.649 E2160.34184
G1 F1500 X122.847 Y94.585 E2160.35023
G1 F1188.1 X122.305 Y94.125 E2160.38008
G1 F1075.3 X122.253 Y94.605 E2160.40248
G1 F1327.4 X122.201 Y95.085 E2160.42063
G1 F1500 X122.2 Y96.424 E2160.46516
G1 F2700 E2155.46516
G0 F9000 X122.48 Y96.146
G0 X122.038 Y80.062
G0 X112.962 Y80.062
G0 X112.695 Y94.125
G1 F2700 E2160.46516
G1 F991.7 X112.7 Y80.5 E2161.15058
G0 F9000 X112.441 Y94.839
G0 X111.785 Y95.013
G0 X107.621 Y88.146
G1 F1239.7 X111.263 Y94.477 E2161.44452
G0 F9000 X112.422 Y95.799
G1 F1685.4 X112.422 Y94.76 E2161.47528
G1 X112.245 Y94.952 E2161.48301
G1 X111.973 Y95.021 E2161.49131
G1 X112.422 Y95.799 E2161.5179
G0 F9000 X112.8 Y96.424
G1 F1500 X112.8 Y95.089 E2161.56231
G1 F1327.4 X112.748 Y94.607 E2161.58053
G1 F1075.3 X112.695 Y94.125 E2161.60303
G1 F1188.1 X112.15 Y94.586 E2161.633
G1 F1500 X111.902 Y94.649 E2161.64151
G1 F1373 X111.263 Y94.477 E2161.66556
G1 X111.658 Y95.23 E2161.69645
G1 F1500 X112.346 Y96.424 E2161.74229
G1 X112.8 Y96.424 E2161.75739
G0 F9000 X113.2 Y96.824
;TYPE:WALL-OUTER
G1 F1500 X113.2 Y80.5 E2162.30033
G1 X113.267 Y80.35 E2162.30579
G1 X113.379 Y80.301 E2162.30986
G1 X121.621 Y80.3 E2162.58399
G1 X121.733 Y80.35 E2162.58807
G1 X121.8 Y80.5 E2162.59353
G1 X121.8 Y96.824 E2163.13647
G1 X122.88 Y96.824 E2163.17239
G1 X128.151 Y87.701 E2163.52283
G1 X127.117 Y87.7 E2163.55722
G1 X123.418 Y94.168 E2163.80504
G1 X123.193 Y94.262 E2163.81315
G1 X122.949 Y94.198 E2163.82154
G1 X122.802 Y94.039 E2163.82874
G1 X122.8 Y78.172 E2164.35648
G1 X112.2 Y78.172 E2164.70904
G1 X112.198 Y94.039 E2165.23678
G1 X112.05 Y94.198 E2165.244
G1 X111.802 Y94.262 E2165.25252
G1 X111.598 Y94.197 E2165.25964
G1 X107.88 Y87.7 E2165.50861
G1 X106.848 Y87.7 E2165.54294
G1 X112.116 Y96.824 E2165.89335
G1 X113.2 Y96.824 E2165.92941
G1 F2700 E2160.92941
;MESH:batclipholder.stl
G0 F9000 X112.92 Y96.546
G0 X112.976 Y97.691
G0 X112.976 Y107.309
G0 X112.976 Y108.404
G0 X113.034 Y109.585
;TYPE:WALL-INNER
G1 F2700 E2165.92941
G1 F1282.1 X113.291 Y109.471 E2165.94035
G1 X121.709 Y109.471 E2166.26793
G1 F1284.8 X121.967 Y109.585 E2166.27888
G1 X121.967 Y109.005 E2166.3014
G1 F1282.1 X113.034 Y109.006 E2166.64903
G1 X113.034 Y109.585 E2166.67156
G0 F9000 X122.038 Y110.062
G0 X122.3 Y110.5
G1 F1200 X122.4 Y109.869 E2166.69812
G1 F1500 X122.4 Y108.572 E2166.74126
G1 X112.6 Y108.572 E2167.06721
G1 X112.6 Y109.869 E2167.11035
G1 F1200 X112.7 Y110.5 E2167.13691
G1 X113.002 Y110.05 E2167.15944
G1 F1500 X113.337 Y109.903 E2167.17161
G1 X121.663 Y109.902 E2167.44853
G1 X121.998 Y110.05 E2167.46071
G1 F1200 X122.3 Y110.5 E2167.48324
G1 F991.7 X122.305 Y124.125 E2168.16866
G0 F9000 X122.559 Y124.839
G0 X123.215 Y125.013
G0 X123.793 Y124.382
G1 F1271.2 X125.584 Y121.265 E2168.30975
G1 F1229.5 X127.376 Y118.148 E2168.45564
G0 F9000 X123.215 Y125.013
G0 X122.578 Y125.794
G1 F1694.9 X123.025 Y125.021 E2168.48193
G1 X122.752 Y124.95 E2168.49023
G1 X122.578 Y124.76 E2168.49781
G1 X122.578 Y125.794 E2168.52825
G0 F9000 X122.2 Y126.424
G1 F1500 X122.649 Y126.424 E2168.54318
G1 X123.336 Y125.235 E2168.58886
G1 F1388.9 X123.793 Y124.382 E2168.62362
G1 X123.091 Y124.649 E2168.6506
G1 F1500 X122.847 Y124.585 E2168.65899
G1 F1188.1 X122.305 Y124.125 E2168.68884
G1 F1075.3 X122.253 Y124.605 E2168.71124
G1 F1327.4 X122.201 Y125.085 E2168.72938
G1 F1500 X122.2 Y126.424 E2168.77392
G1 F2700 E2163.77392
G0 F9000 X122.48 Y126.146
G0 X122.038 Y110.062
G0 X112.962 Y110.062
G0 X112.695 Y124.125
G1 F2700 E2168.77392
G1 F991.7 X112.7 Y110.5 E2169.45934
G0 F9000 X112.441 Y124.839
G0 X111.785 Y125.013
G0 X107.621 Y118.146
G1 F1239.7 X111.263 Y124.477 E2169.75328
G0 F9000 X112.422 Y125.799
G1 F1685.4 X112.422 Y124.76 E2169.78403
G1 X112.245 Y124.952 E2169.79176
G1 X111.973 Y125.021 E2169.80007
G1 X112.422 Y125.799 E2169.82666
G0 F9000 X112.8 Y126.424
G1 F1500 X112.8 Y125.089 E2169.87106
G1 F1327.4 X112.748 Y124.607 E2169.88928
G1 F1075.3 X112.695 Y124.125 E2169.91178
G1 F1188.1 X112.15 Y124.586 E2169.94176
G1 F1500 X111.902 Y124.649 E2169.95027
G1 F1373 X111.263 Y124.477 E2169.97431
G1 X111.658 Y125.23 E2170.00521
G1 F1500 X112.346 Y126.424 E2170.05104
G1 X112.8 Y126.424 E2170.06614
G0 F9000 X113.2 Y126.824
;TYPE:WALL-OUTER
G1 F1500 X113.2 Y110.5 E2170.60908
G1 X113.267 Y110.35 E2170.61455
G1 X113.379 Y110.301 E2170.61861
G1 X121.621 Y110.3 E2170.89274
G1 X121.733 Y110.35 E2170.89682
G1 X121.8 Y110.5 E2170.90229
G1 X121.8 Y126.824 E2171.44522
G1 X122.88 Y126.824 E2171.48115
G1 X128.151 Y117.701 E2171.83158
G1 X127.117 Y117.7 E2171.86597
G1 X123.418 Y124.168 E2172.1138
G1 X123.193 Y124.262 E2172.12191
G1 X122.949 Y124.198 E2172.1303
G1 X122.802 Y124.039 E2172.1375
G1 X122.8 Y108.172 E2172.66524
G1 X112.2 Y108.172 E2173.01779
G1 X112.198 Y124.039 E2173.54553
G1 X112.05 Y124.198 E2173.55276
G1 X111.802 Y124.262 E2173.56128
G1 X111.598 Y124.197 E2173.5684
G1 X107.88 Y117.7 E2173.81737
G1 X106.848 Y117.7 E2173.85169
G1 X112.116 Y126.824 E2174.20211
G1 X113.2 Y126.824 E2174.23816
G1 F2700 E2169.23816
;MESH:batclipholder.stl(3)
G0 F9000 X112.92 Y126.546
G0 X112.962 Y110.062
G0 X122.038 Y110.062
G0 X122.559 Y124.839
G0 X123.215 Y125.013
G0 X127.773 Y117.92
G0 X128.712 Y118.462
G0 X136.289 Y118.463
G0 X137.621 Y118.146
;TYPE:WALL-INNER
G1 F2700 E2174.23816
G1 F1239.7 X141.263 Y124.477 E2174.5321
G0 F9000 X141.785 Y125.013
G0 X142.441 Y124.839
G0 X142.695 Y124.125
G1 F991.7 X142.7 Y110.5 E2175.21752
G0 F9000 X143.034 Y109.585
G1 F1282.1 X143.291 Y109.471 E2175.22846
G1 X151.709 Y109.471 E2175.55605
G1 F1284.8 X151.967 Y109.585 E2175.567
G1 X151.967 Y109.005 E2175.58952
G1 F1282.1 X143.034 Y109.006 E2175.93714
G1 X143.034 Y109.585 E2175.95967
G0 F9000 X142.7 Y110.5
G1 F1200 X143.002 Y110.05 E2175.9822
G1 F1500 X143.337 Y109.903 E2175.99437
G1 X151.663 Y109.902 E2176.2713
G1 X151.998 Y110.05 E2176.28348
G1 F1200 X152.3 Y110.5 E2176.30601
G1 X152.4 Y109.869 E2176.33257
G1 F1500 X152.4 Y108.572 E2176.37571
G1 X142.6 Y108.572 E2176.70166
G1 X142.6 Y109.869 E2176.7448
G1 F1200 X142.7 Y110.5 E2176.77136
G0 F9000 X142.962 Y110.062
G0 X152.038 Y110.062
G0 X152.3 Y110.5
G1 F991.7 X152.305 Y124.125 E2177.45678
G0 F9000 X152.559 Y124.839
G0 X153.215 Y125.013
G0 X153.793 Y124.382
G1 F1271.2 X155.584 Y121.265 E2177.59787
G1 F1229.5 X157.376 Y118.148 E2177.74376
G0 F9000 X153.215 Y125.013
G0 X152.578 Y125.794
G1 F1694.9 X153.025 Y125.021 E2177.77004
G1 X152.752 Y124.95 E2177.77834
G1 X152.578 Y124.76 E2177.78593
G1 X152.578 Y125.794 E2177.81636
G0 F9000 X152.2 Y126.424
G1 F1500 X152.649 Y126.424 E2177.8313
G1 X153.336 Y125.235 E2177.87697
G1 F1388.9 X153.793 Y124.382 E2177.91173
G1 X153.091 Y124.649 E2177.93871
G1 F1500 X152.847 Y124.585 E2177.9471
G1 F1188.1 X152.305 Y124.125 E2177.97695
G1 F1075.3 X152.253 Y124.605 E2177.99935
G1 F1327.4 X152.201 Y125.085 E2178.0175
G1 F1500 X152.2 Y126.424 E2178.06203
G1 F2700 E2173.06203
G0 F9000 X152.48 Y126.146
G0 X152.038 Y110.062
G0 X142.962 Y110.062
G0 X142.422 Y125.799
G1 F2700 E2178.06203
G1 F1685.4 X142.422 Y124.76 E2178.09279
G1 X142.245 Y124.952 E2178.10052
G1 X141.973 Y125.021 E2178.10883
G1 X142.422 Y125.799 E2178.13542
G0 F9000 X142.346 Y126.424
G1 F1500 X142.8 Y126.424 E2178.15052
G1 X142.8 Y125.089 E2178.19492
G1 F1327.4 X142.748 Y124.607 E2178.21314
G1 F1075.3 X142.695 Y124.125 E2178.23564
G1 F1188.1 X142.15 Y124.586 E2178.26561
G1 F1500 X141.902 Y124.649 E2178.27412
G1 F1373 X141.263 Y124.477 E2178.29817
G1 X141.658 Y125.23 E2178.32907
G1 F1500 X142.346 Y126.424 E2178.3749
G0 F9000 X142.116 Y126.824
;TYPE:WALL-OUTER
G1 F1500 X143.2 Y126.824 E2178.41095
G1 X143.2 Y110.5 E2178.95389
G1 X143.267 Y110.35 E2178.95936
G1 X143.379 Y110.301 E2178.96342
G1 X151.621 Y110.3 E2179.23755
G1 X151.733 Y110.35 E2179.24163
G1 X151.8 Y110.5 E2179.2471
G1 X151.8 Y126.824 E2179.79003
G1 X152.88 Y126.824 E2179.82596
G1 X158.151 Y117.701 E2180.17639
G1 X157.117 Y117.7 E2180.21078
G1 X153.418 Y124.168 E2180.45861
G1 X153.193 Y124.262 E2180.46672
G1 X152.949 Y124.198 E2180.47511
G1 X152.802 Y124.039 E2180.48231
G1 X152.8 Y108.172 E2181.01005
G1 X142.2 Y108.172 E2181.3626
G1 X142.198 Y124.039 E2181.89034
G1 X142.05 Y124.198 E2181.89757
G1 X141.802 Y124.262 E2181.90609
G1 X141.598 Y124.197 E2181.91321
G1 X137.88 Y117.7 E2182.16218
G1 X136.848 Y117.7 E2182.1965
G1 X142.116 Y126.824 E2182.54692
G1 F2700 E2177.54692
;MESH:batclipholder.stl(2)
G0 F9000 X142.287 Y126.53
G0 X142.412 Y125.16
G0 X142.424 Y108.398
G0 X142.424 Y107.309
G0 X142.424 Y97.691
G0 X142.424 Y96.596
G0 X142.422 Y95.799
;TYPE:WALL-INNER
G1 F2700 E2182.54692
G1 F1685.4 X142.422 Y94.76 E2182.57768
G1 X142.245 Y94.952 E2182.58541
G1 X141.973 Y95.021 E2182.59371
G1 X142.422 Y95.799 E2182.6203
G0 F9000 X142.346 Y96.424
G1 F1500 X142.8 Y96.424 E2182.6354
G1 X142.8 Y95.089 E2182.67981
G1 F1327.4 X142.748 Y94.607 E2182.69803
G1 F1075.3 X142.695 Y94.125 E2182.72053
G1 F1188.1 X142.15 Y94.586 E2182.7505
G1 F1500 X141.902 Y94.649 E2182.75901
G1 F1373 X141.263 Y94.477 E2182.78306
G1 X141.658 Y95.23 E2182.81395
G1 F1500 X142.346 Y96.424 E2182.85979
G0 F9000 X142.517 Y96.13
G0 X141.263 Y94.477
G1 F1239.7 X137.621 Y88.146 E2183.15373
G0 F9000 X141.785 Y95.013
G0 X142.441 Y94.839
G0 X142.695 Y94.125
G1 F991.7 X142.7 Y80.5 E2183.83915
G0 F9000 X143.034 Y79.585
G1 F1282.1 X143.291 Y79.471 E2183.85009
G1 X151.709 Y79.471 E2184.17767
G1 F1284.8 X151.967 Y79.585 E2184.18862
G1 X151.967 Y79.005 E2184.21114
G1 F1282.1 X143.034 Y79.006 E2184.55876
G1 X143.034 Y79.585 E2184.5813
G0 F9000 X142.7 Y80.5
G1 F1200 X143.002 Y80.05 E2184.60383
G1 F1500 X143.337 Y79.903 E2184.61599
G1 X151.663 Y79.902 E2184.89292
G1 X151.998 Y80.05 E2184.9051
G1 F1200 X152.3 Y80.5 E2184.92763
G1 X152.4 Y79.869 E2184.95419
G1 F1500 X152.4 Y78.572 E2184.99733
G1 X142.6 Y78.572 E2185.32328
G1 X142.6 Y79.869 E2185.36642
G1 F1200 X142.7 Y80.5 E2185.39298
G0 F9000 X142.962 Y80.062
G0 X152.038 Y80.062
G0 X152.3 Y80.5
G1 F991.7 X152.305 Y94.125 E2186.0784
G0 F9000 X152.559 Y94.839
G0 X153.215 Y95.013
G0 X153.793 Y94.382
G1 F1271.2 X155.584 Y91.265 E2186.21949
G1 F1229.5 X157.376 Y88.148 E2186.36538
G0 F9000 X153.215 Y95.013
G0 X152.578 Y95.794
G1 F1694.9 X153.025 Y95.021 E2186.39166
G1 X152.752 Y94.95 E2186.39997
G1 X152.578 Y94.76 E2186.40755
G1 X152.578 Y95.794 E2186.43799
G0 F9000 X152.2 Y96.424
G1 F1500 X152.649 Y96.424 E2186.45292
G1 X153.336 Y95.235 E2186.49859
G1 F1388.9 X153.793 Y94.382 E2186.53335
G1 X153.091 Y94.649 E2186.56033
G1 F1500 X152.847 Y94.585 E2186.56872
G1 F1188.1 X152.305 Y94.125 E2186.59857
G1 F1075.3 X152.253 Y94.605 E2186.62098
G1 F1327.4 X152.201 Y95.085 E2186.63912
G1 F1500 X152.2 Y96.424 E2186.68366
G1 F2700 E2181.68366
G0 F9000 X152.48 Y96.146
G0 X152.038 Y80.062
G0 X142.962 Y80.062
G0 X142.955 Y89.385
G0 X142.287 Y96.53
G0 X142.116 Y96.824
;TYPE:WALL-OUTER
G1 F2700 E2186.68366
G1 F1500 X143.2 Y96.824 E2186.71971
G1 X143.2 Y80.5 E2187.26265
G1 X143.267 Y80.35 E2187.26811
G1 X143.379 Y80.301 E2187.27218
G1 X151.621 Y80.3 E2187.54631
G1 X151.733 Y80.35 E2187.55039
G1 X151.8 Y80.5 E2187.55585
G1 X151.8 Y96.824 E2188.09879
G1 X152.88 Y96.824 E2188.13471
G1 X158.151 Y87.701 E2188.48515
G1 X157.117 Y87.7 E2188.51954
G1 X153.418 Y94.168 E2188.76736
G1 X153.193 Y94.262 E2188.77547
G1 X152.949 Y94.198 E2188.78386
G1 X152.802 Y94.039 E2188.79106
G1 X152.8 Y78.172 E2189.3188
G1 X142.2 Y78.172 E2189.67136
G1 X142.198 Y94.039 E2190.1991
G1 X142.05 Y94.198 E2190.20632
G1 X141.802 Y94.262 E2190.21484
G1 X141.598 Y94.197 E2190.22196
G1 X137.88 Y87.7 E2190.47094
G1 X136.848 Y87.7 E2190.50526
G1 X142.116 Y96.824 E2190.85568
G1 F2700 E2185.85568
;MESH:NONMESH
G0 F300 X142.116 Y96.824 Z9.4
G0 F9000 X142.287 Y96.53
G0 X137.227 Y87.92
G0 X136.289 Y88.463
G0 X128.88 Y86.841
G0 X126.617 Y86.841
G0 X123.665 Y87.92
G0 X122.57 Y87.92
G0 X122.038 Y80.062
G0 X113.034 Y79.585
;TIME_ELAPSED:3936.803149
;LAYER:46
;TYPE:WALL-INNER
;MESH:batclipholder.stl(1)
G1 F2700 E2190.85568
G1 F1282.1 X113.291 Y79.471 E2190.86662
G1 X121.709 Y79.471 E2191.1942
G1 F1284.8 X121.967 Y79.585 E2191.20515
G1 X121.967 Y79.005 E2191.22767
G1 F1282.1 X113.034 Y79.006 E2191.5753
G1 X113.034 Y79.585 E2191.59783
G0 F9000 X122.038 Y80.062
G0 X122.3 Y80.5
G1 F1200 X122.4 Y79.869 E2191.62439
G1 F1500 X122.4 Y78.572 E2191.66753
G1 X112.6 Y78.572 E2191.99348
G1 X112.6 Y79.869 E2192.03661
G1 F1200 X112.7 Y80.5 E2192.06318
G1 X113.002 Y80.05 E2192.08571
G1 F1500 X113.337 Y79.903 E2192.09788
G1 X121.663 Y79.902 E2192.3748
G1 X121.998 Y80.05 E2192.38698
G1 F1200 X122.3 Y80.5 E2192.40951
G1 F991.7 X122.305 Y94.125 E2193.09493
G0 F9000 X122.559 Y94.839
G0 X123.215 Y95.013
G0 X123.793 Y94.382
G1 F1271.2 X125.584 Y91.265 E2193.23602
G1 F1229.5 X127.376 Y88.148 E2193.38191
G0 F9000 X123.215 Y95.013
G0 X122.578 Y95.794
G1 F1694.9 X123.025 Y95.021 E2193.4082
G1 X122.752 Y94.95 E2193.4165
G1 X122.578 Y94.76 E2193.42408
G1 X122.578 Y95.794 E2193.45452
G0 F9000 X122.2 Y96.424
G1 F1500 X122.649 Y96.424 E2193.46945
G1 X123.336 Y95.235 E2193.51512
G1 F1388.9 X123.793 Y94.382 E2193.54989
G1 X123.091 Y94.649 E2193.57686
G1 F1500 X122.847 Y94.585 E2193.58525
G1 F1188.1 X122.305 Y94.125 E2193.61511
G1 F1075.3 X122.253 Y94.605 E2193.63751
G1 F1327.4 X122.201 Y95.085 E2193.65565
G1 F1500 X122.2 Y96.424 E2193.70019
G1 F2700 E2188.70019
G0 F9000 X122.48 Y96.146
G0 X122.038 Y80.062
G0 X112.962 Y80.062
G0 X112.695 Y94.125
G1 F2700 E2193.70019
G1 F991.7 X112.7 Y80.5 E2194.38561
G0 F9000 X112.441 Y94.839
G0 X111.785 Y95.013
G0 X107.621 Y88.146
G1 F1239.7 X111.263 Y94.477 E2194.67955
G0 F9000 X112.422 Y95.799
G1 F1685.4 X112.422 Y94.76 E2194.7103
G1 X112.245 Y94.952 E2194.71803
G1 X111.973 Y95.021 E2194.72634
G1 X112.422 Y95.799 E2194.75293
G0 F9000 X112.8 Y96.424
G1 F1500 X112.8 Y95.089 E2194.79733
G1 F1327.4 X112.748 Y94.607 E2194.81555
G1 F1075.3 X112.695 Y94.125 E2194.83805
G1 F1188.1 X112.15 Y94.586 E2194.86803
G1 F1500 X111.902 Y94.649 E2194.87654
G1 F1373 X111.263 Y94.477 E2194.90058
G1 X111.658 Y95.23 E2194.93148
G1 F1500 X112.346 Y96.424 E2194.97731
G1 X112.8 Y96.424 E2194.99241
G0 F9000 X113.2 Y96.824
;TYPE:WALL-OUTER
G1 F1500 X113.2 Y80.5 E2195.53535
G1 X113.267 Y80.35 E2195.54082
G1 X113.379 Y80.301 E2195.54488
G1 X121.621 Y80.3 E2195.81901
G1 X121.733 Y80.35 E2195.82309
G1 X121.8 Y80.5 E2195.82855
G1 X121.8 Y96.824 E2196.37149
G1 X122.88 Y96.824 E2196.40741
G1 X128.151 Y87.701 E2196.75785
G1 X127.117 Y87.7 E2196.79224
G1 X123.418 Y94.168 E2197.04006
G1 X123.193 Y94.262 E2197.04817
G1 X122.949 Y94.198 E2197.05656
G1 X122.802 Y94.039 E2197.06377
G1 X122.8 Y78.172 E2197.59151
G1 X112.2 Y78.172 E2197.94406
G1 X112.198 Y94.039 E2198.4718
G1 X112.05 Y94.198 E2198.47903
G1 X111.802 Y94.262 E2198.48754
G1 X111.598 Y94.197 E2198.49467
G1 X107.88 Y87.7 E2198.74364
G1 X106.848 Y87.7 E2198.77796
G1 X112.116 Y96.824 E2199.12838
G1 X113.2 Y96.824 E2199.16443
G1 F2700 E2194.16443
;MESH:batclipholder.stl
G0 F9000 X112.92 Y96.546
G0 X112.976 Y97.691
G0 X112.976 Y107.309
G0 X112.976 Y108.404
G0 X113.034 Y109.585
;TYPE:WALL-INNER
G1 F2700 E2199.16443
G1 F1282.1 X113.291 Y109.471 E2199.17537
G1 X121.709 Y109.471 E2199.50296
G1 F1284.8 X121.967 Y109.585 E2199.51391
G1 X121.967 Y109.005 E2199.53643
G1 F1282.1 X113.034 Y109.006 E2199.88405
G1 X113.034 Y109.585 E2199.90658
G0 F9000 X122.038 Y110.062
G0 X122.3 Y110.5
G1 F1200 X122.4 Y109.869 E2199.93314
G1 F1500 X122.4 Y108.572 E2199.97628
G1 X112.6 Y108.572 E2200.30223
G1 X112.6 Y109.869 E2200.34537
G1 F1200 X112.7 Y110.5 E2200.37193
G1 X113.002 Y110.05 E2200.39446
G1 F1500 X113.337 Y109.903 E2200.40663
G1 X121.663 Y109.902 E2200.68356
G1 X121.998 Y110.05 E2200.69574
G1 F1200 X122.3 Y110.5 E2200.71827
G1 F991.7 X122.305 Y124.125 E2201.40369
G0 F9000 X122.559 Y124.839
G0 X123.215 Y125.013
G0 X123.793 Y124.382
G1 F1271.2 X125.584 Y121.265 E2201.54478
G1 F1229.5 X127.376 Y118.148 E2201.69067
G0 F9000 X123.215 Y125.013
G0 X122.578 Y125.794
G1 F1694.9 X123.025 Y125.021 E2201.71695
G1 X122.752 Y124.95 E2201.72525
G1 X122.578 Y124.76 E2201.73284
G1 X122.578 Y125.794 E2201.76327
G0 F9000 X122.2 Y126.424
G1 F1500 X122.649 Y126.424 E2201.77821
G1 X123.336 Y125.235 E2201.82388
G1 F1388.9 X123.793 Y124.382 E2201.85864
G1 X123.091 Y124.649 E2201.88562
G1 F1500 X122.847 Y124.585 E2201.89401
G1 F1188.1 X122.305 Y124.125 E2201.92386
G1 F1075.3 X122.253 Y124.605 E2201.94626
G1 F1327.4 X122.201 Y125.085 E2201.96441
G1 F1500 X122.2 Y126.424 E2202.00894
G1 F2700 E2197.00894
G0 F9000 X122.48 Y126.146
G0 X122.038 Y110.062
G0 X112.962 Y110.062
G0 X112.695 Y124.125
G1 F2700 E2202.00894
G1 F991.7 X112.7 Y110.5 E2202.69436
G0 F9000 X112.441 Y124.839
G0 X111.785 Y125.013
G0 X107.621 Y118.146
G1 F1239.7 X111.263 Y124.477 E2202.9883
G0 F9000 X112.422 Y125.799
G1 F1685.4 X112.422 Y124.76 E2203.01906
G1 X112.245 Y124.952 E2203.02679
G1 X111.973 Y125.021 E2203.0351
G1 X112.422 Y125.799 E2203.06169
G0 F9000 X112.8 Y126.424
G1 F1500 X112.8 Y125.089 E2203.10609
G1 F1327.4 X112.748 Y124.607 E2203.12431
G1 F1075.3 X112.695 Y124.125 E2203.14681
G1 F1188.1 X112.15 Y124.586 E2203.17678
G1 F1500 X111.902 Y124.649 E2203.18529
G1 F1373 X111.263 Y124.477 E2203.20934
G1 X111.658 Y125.23 E2203.24024
G1 F1500 X112.346 Y126.424 E2203.28607
G1 X112.8 Y126.424 E2203.30117
G0 F9000 X113.2 Y126.824
;TYPE:WALL-OUTER
G1 F1500 X113.2 Y110.5 E2203.84411
G1 X113.267 Y110.35 E2203.84957
G1 X113.379 Y110.301 E2203.85364
G1 X121.621 Y110.3 E2204.12777
G1 X121.733 Y110.35 E2204.13185
G1 X121.8 Y110.5 E2204.13731
G1 X121.8 Y126.824 E2204.68025
G1 X122.88 Y126.824 E2204.71617
G1 X128.151 Y117.701 E2205.06661
G1 X127.117 Y117.7 E2205.101
G1 X123.418 Y124.168 E2205.34882
G1 X123.193 Y124.262 E2205.35693
G1 X122.949 Y124.198 E2205.36532
G1 X122.802 Y124.039 E2205.37252
G1 X122.8 Y108.172 E2205.90026
G1 X112.2 Y108.172 E2206.25282
G1 X112.198 Y124.039 E2206.78056
G1 X112.05 Y124.198 E2206.78778
G1 X111.802 Y124.262 E2206.7963
G1 X111.598 Y124.197 E2206.80342
G1 X107.88 Y117.7 E2207.0524
G1 X106.848 Y117.7 E2207.08672
G1 X112.116 Y126.824 E2207.43714
G1 X113.2 Y126.824 E2207.47319
G1 F2700 E2202.47319
;MESH:batclipholder.stl(3)
G0 F9000 X112.92 Y126.546
G0 X112.962 Y110.062
G0 X122.038 Y110.062
G0 X122.559 Y124.839
G0 X123.215 Y125.013
G0 X127.773 Y117.92
G0 X128.712 Y118.462
G0 X136.289 Y118.463
G0 X137.621 Y118.146
;TYPE:WALL-INNER
G1 F2700 E2207.47319
G1 F1239.7 X141.263 Y124.477 E2207.76713
G0 F9000 X141.785 Y125.013
G0 X142.441 Y124.839
G0 X142.695 Y124.125
G1 F991.7 X142.7 Y110.5 E2208.45255
G0 F9000 X143.034 Y109.585
G1 F1282.1 X143.291 Y109.471 E2208.46349
G1 X151.709 Y109.471 E2208.79107
G1 F1284.8 X151.967 Y109.585 E2208.80202
G1 X151.967 Y109.005 E2208.82455
G1 F1282.1 X143.034 Y109.006 E2209.17217
G1 X143.034 Y109.585 E2209.1947
G0 F9000 X142.7 Y110.5
G1 F1200 X143.002 Y110.05 E2209.21723
G1 F1500 X143.337 Y109.903 E2209.2294
G1 X151.663 Y109.902 E2209.50632
G1 X151.998 Y110.05 E2209.5185
G1 F1200 X152.3 Y110.5 E2209.54103
G1 X152.4 Y109.869 E2209.5676
G1 F1500 X152.4 Y108.572 E2209.61073
G1 X142.6 Y108.572 E2209.93668
G1 X142.6 Y109.869 E2209.97982
G1 F1200 X142.7 Y110.5 E2210.00638
G0 F9000 X142.962 Y110.062
G0 X152.038 Y110.062
G0 X152.3 Y110.5
G1 F991.7 X152.305 Y124.125 E2210.6918
G0 F9000 X152.559 Y124.839
G0 X153.215 Y125.013
G0 X153.793 Y124.382
G1 F1271.2 X155.584 Y121.265 E2210.83289
G1 F1229.5 X157.376 Y118.148 E2210.97878
G0 F9000 X153.215 Y125.013
G0 X152.578 Y125.794
G1 F1694.9 X153.025 Y125.021 E2211.00507
G1 X152.752 Y124.95 E2211.01337
G1 X152.578 Y124.76 E2211.02095
G1 X152.578 Y125.794 E2211.05139
G0 F9000 X152.2 Y126.424
G1 F1500 X152.649 Y126.424 E2211.06632
G1 X153.336 Y125.235 E2211.112
G1 F1388.9 X153.793 Y124.382 E2211.14676
G1 X153.091 Y124.649 E2211.17374
G1 F1500 X152.847 Y124.585 E2211.18213
G1 F1188.1 X152.305 Y124.125 E2211.21198
G1 F1075.3 X152.253 Y124.605 E2211.23438
G1 F1327.4 X152.201 Y125.085 E2211.25252
G1 F1500 X152.2 Y126.424 E2211.29706
G1 F2700 E2206.29706
G0 F9000 X152.48 Y126.146
G0 X152.038 Y110.062
G0 X142.962 Y110.062
G0 X142.422 Y125.799
G1 F2700 E2211.29706
G1 F1685.4 X142.422 Y124.76 E2211.32782
G1 X142.245 Y124.952 E2211.33555
G1 X141.973 Y125.021 E2211.34385
G1 X142.422 Y125.799 E2211.37044
G0 F9000 X142.346 Y126.424
G1 F1500 X142.8 Y126.424 E2211.38554
G1 X142.8 Y125.089 E2211.42994
G1 F1327.4 X142.748 Y124.607 E2211.44817
G1 F1075.3 X142.695 Y124.125 E2211.47066
G1 F1188.1 X142.15 Y124.586 E2211.50064
G1 F1500 X141.902 Y124.649 E2211.50915
G1 F1373 X141.263 Y124.477 E2211.53319
G1 X141.658 Y125.23 E2211.56409
G1 F1500 X142.346 Y126.424 E2211.60993
G0 F9000 X142.116 Y126.824
;TYPE:WALL-OUTER
G1 F1500 X143.2 Y126.824 E2211.64598
G1 X143.2 Y110.5 E2212.18892
G1 X143.267 Y110.35 E2212.19438
G1 X143.379 Y110.301 E2212.19845
G1 X151.621 Y110.3 E2212.47258
G1 X151.733 Y110.35 E2212.47666
G1 X151.8 Y110.5 E2212.48212
G1 X151.8 Y126.824 E2213.02506
G1 X152.88 Y126.824 E2213.06098
G1 X158.151 Y117.701 E2213.41142
G1 X157.117 Y117.7 E2213.44581
G1 X153.418 Y124.168 E2213.69363
G1 X153.193 Y124.262 E2213.70174
G1 X152.949 Y124.198 E2213.71013
G1 X152.802 Y124.039 E2213.71733
G1 X152.8 Y108.172 E2214.24507
G1 X142.2 Y108.172 E2214.59763
G1 X142.198 Y124.039 E2215.12537
G1 X142.05 Y124.198 E2215.13259
G1 X141.802 Y124.262 E2215.14111
G1 X141.598 Y124.197 E2215.14823
G1 X137.88 Y117.7 E2215.39721
G1 X136.848 Y117.7 E2215.43153
G1 X142.116 Y126.824 E2215.78195
G1 F2700 E2210.78195
;MESH:batclipholder.stl(2)
G0 F9000 X142.287 Y126.53
G0 X142.412 Y125.16
G0 X142.424 Y108.398
G0 X142.424 Y107.309
G0 X142.424 Y97.691
G0 X142.424 Y96.596
G0 X142.422 Y95.799
;TYPE:WALL-INNER
G1 F2700 E2215.78195
G1 F1685.4 X142.422 Y94.76 E2215.8127
G1 X142.245 Y94.952 E2215.82043
G1 X141.973 Y95.021 E2215.82874
G1 X142.422 Y95.799 E2215.85533
G0 F9000 X142.346 Y96.424
G1 F1500 X142.8 Y96.424 E2215.87043
G1 X142.8 Y95.089 E2215.91483
G1 F1327.4 X142.748 Y94.607 E2215.93305
G1 F1075.3 X142.695 Y94.125 E2215.95555
G1 F1188.1 X142.15 Y94.586 E2215.98552
G1 F1500 X141.902 Y94.649 E2215.99403
G1 F1373 X141.263 Y94.477 E2216.01808
G1 X141.658 Y95.23 E2216.04898
G1 F1500 X142.346 Y96.424 E2216.09481
G0 F9000 X142.517 Y96.13
G0 X141.263 Y94.477
G1 F1239.7 X137.621 Y88.146 E2216.38875
G0 F9000 X141.785 Y95.013
G0 X142.441 Y94.839
G0 X142.695 Y94.125
G1 F991.7 X142.7 Y80.5 E2217.07417
G0 F9000 X143.034 Y79.585
G1 F1282.1 X143.291 Y79.471 E2217.08511
G1 X151.709 Y79.471 E2217.41269
G1 F1284.8 X151.967 Y79.585 E2217.42365
G1 X151.967 Y79.005 E2217.44617
G1 F1282.1 X143.034 Y79.006 E2217.79379
G1 X143.034 Y79.585 E2217.81632
G0 F9000 X142.7 Y80.5
G1 F1200 X143.002 Y80.05 E2217.83885
G1 F1500 X143.337 Y79.903 E2217.85102
G1 X151.663 Y79.902 E2218.12794
G1 X151.998 Y80.05 E2218.14012
G1 F1200 X152.3 Y80.5 E2218.16266
G1 X152.4 Y79.869 E2218.18922
G1 F1500 X152.4 Y78.572 E2218.23236
G1 X142.6 Y78.572 E2218.55831
G1 X142.6 Y79.869 E2218.60144
G1 F1200 X142.7 Y80.5 E2218.62801
G0 F9000 X142.962 Y80.062
G0 X152.038 Y80.062
G0 X152.3 Y80.5
G1 F991.7 X152.305 Y94.125 E2219.31342
G0 F9000 X152.559 Y94.839
G0 X153.215 Y95.013
G0 X153.793 Y94.382
G1 F1271.2 X155.584 Y91.265 E2219.45451
G1 F1229.5 X157.376 Y88.148 E2219.60041
G0 F9000 X153.215 Y95.013
G0 X152.578 Y95.794
G1 F1694.9 X153.025 Y95.021 E2219.62669
G1 X152.752 Y94.95 E2219.63499
G1 X152.578 Y94.76 E2219.64258
G1 X152.578 Y95.794 E2219.67301
G0 F9000 X152.2 Y96.424
G1 F1500 X152.649 Y96.424 E2219.68795
G1 X153.336 Y95.235 E2219.73362
G1 F1388.9 X153.793 Y94.382 E2219.76838
G1 X153.091 Y94.649 E2219.79536
G1 F1500 X152.847 Y94.585 E2219.80375
G1 F1188.1 X152.305 Y94.125 E2219.8336
G1 F1075.3 X152.253 Y94.605 E2219.856
G1 F1327.4 X152.201 Y95.085 E2219.87415
G1 F1500 X152.2 Y96.424 E2219.91868
G1 F2700 E2214.91868
G0 F9000 X152.48 Y96.146
G0 X152.038 Y80.062
G0 X142.962 Y80.062
G0 X142.955 Y89.385
G0 X142.287 Y96.53
G0 X142.116 Y96.824
;TYPE:WALL-OUTER
G1 F2700 E2219.91868
G1 F1500 X143.2 Y96.824 E2219.95474
G1 X143.2 Y80.5 E2220.49767
G1 X143.267 Y80.35 E2220.50314
G1 X143.379 Y80.301 E2220.5072
G1 X151.621 Y80.3 E2220.78133
G1 X151.733 Y80.35 E2220.78541
G1 X151.8 Y80.5 E2220.79088
G1 X151.8 Y96.824 E2221.33382
G1 X152.88 Y96.824 E2221.36974
G1 X158.151 Y87.701 E2221.72017
G1 X157.117 Y87.7 E2221.75457
G1 X153.418 Y94.168 E2222.00239
G1 X153.193 Y94.262 E2222.0105
G1 X152.949 Y94.198 E2222.01889
G1 X152.802 Y94.039 E2222.02609
G1 X152.8 Y78.172 E2222.55383
G1 X142.2 Y78.172 E2222.90639
G1 X142.198 Y94.039 E2223.43412
G1 X142.05 Y94.198 E2223.44135
G1 X141.802 Y94.262 E2223.44987
G1 X141.598 Y94.197 E2223.45699
G1 X137.88 Y87.7 E2223.70596
G1 X136.848 Y87.7 E2223.74029
G1 X142.116 Y96.824 E2224.0907
G1 F2700 E2219.0907
;MESH:NONMESH
G0 F300 X142.116 Y96.824 Z9.6
G0 F9000 X142.287 Y96.53
G0 X137.227 Y87.92
G0 X136.289 Y88.463
G0 X128.88 Y86.841
G0 X126.617 Y86.841
G0 X123.665 Y87.92
G0 X122.57 Y87.92
G0 X122.038 Y80.062
G0 X113.034 Y79.585
;TIME_ELAPSED:3996.362936
;LAYER:47
;TYPE:WALL-INNER
;MESH:batclipholder.stl(1)
G1 F2700 E2224.0907
G1 F1282.1 X113.291 Y79.471 E2224.10164
G1 X121.709 Y79.471 E2224.42922
G1 F1284.8 X121.967 Y79.585 E2224.44018
G1 X121.967 Y79.005 E2224.4627
G1 F1282.1 X113.034 Y79.006 E2224.81032
G1 X113.034 Y79.585 E2224.83285
G0 F9000 X122.038 Y80.062
G0 X122.3 Y80.5
G1 F1200 X122.4 Y79.869 E2224.85941
G1 F1500 X122.4 Y78.572 E2224.90255
G1 X112.6 Y78.572 E2225.2285
G1 X112.6 Y79.869 E2225.27164
G1 F1200 X112.7 Y80.5 E2225.2982
G1 X113.002 Y80.05 E2225.32073
G1 F1500 X113.337 Y79.903 E2225.3329
G1 X121.663 Y79.902 E2225.60982
G1 X121.998 Y80.05 E2225.62201
G1 F1200 X122.3 Y80.5 E2225.64454
G1 F991.7 X122.305 Y94.125 E2226.32996
G0 F9000 X122.559 Y94.839
G0 X123.215 Y95.013
G0 X123.793 Y94.382
G1 F1271.2 X125.584 Y91.265 E2226.47104
G1 F1229.5 X127.376 Y88.148 E2226.61694
G0 F9000 X123.215 Y95.013
G0 X122.578 Y95.794
G1 F1694.9 X123.025 Y95.021 E2226.64322
G1 X122.752 Y94.95 E2226.65152
G1 X122.578 Y94.76 E2226.65911
G1 X122.578 Y95.794 E2226.68954
G0 F9000 X122.2 Y96.424
G1 F1500 X122.649 Y96.424 E2226.70448
G1 X123.336 Y95.235 E2226.75015
G1 F1388.9 X123.793 Y94.382 E2226.78491
G1 X123.091 Y94.649 E2226.81189
G1 F1500 X122.847 Y94.585 E2226.82028
G1 F1188.1 X122.305 Y94.125 E2226.85013
G1 F1075.3 X122.253 Y94.605 E2226.87253
G1 F1327.4 X122.201 Y95.085 E2226.89068
G1 F1500 X122.2 Y96.424 E2226.93521
G1 F2700 E2221.93521
G0 F9000 X122.48 Y96.146
G0 X122.038 Y80.062
G0 X112.962 Y80.062
G0 X112.695 Y94.125
G1 F2700 E2226.93521
G1 F991.7 X112.7 Y80.5 E2227.62063
G0 F9000 X112.441 Y94.839
G0 X111.785 Y95.013
G0 X107.621 Y88.146
G1 F1239.7 X111.263 Y94.477 E2227.91457
G0 F9000 X112.422 Y95.799
G1 F1685.4 X112.422 Y94.76 E2227.94533
G1 X112.245 Y94.952 E2227.95306
G1 X111.973 Y95.021 E2227.96136
G1 X112.422 Y95.799 E2227.98795
G0 F9000 X112.8 Y96.424
G1 F1500 X112.8 Y95.089 E2228.03236
G1 F1327.4 X112.748 Y94.607 E2228.05058
G1 F1075.3 X112.695 Y94.125 E2228.07308
G1 F1188.1 X112.15 Y94.586 E2228.10305
G1 F1500 X111.902 Y94.649 E2228.11156
G1 F1373 X111.263 Y94.477 E2228.13561
G1 X111.658 Y95.23 E2228.1665
G1 F1500 X112.346 Y96.424 E2228.21234
G1 X112.8 Y96.424 E2228.22744
G0 F9000 X113.2 Y96.824
;TYPE:WALL-OUTER
G1 F1500 X113.2 Y80.5 E2228.77038
G1 X113.267 Y80.35 E2228.77584
G1 X113.379 Y80.301 E2228.77991
G1 X121.621 Y80.3 E2229.05404
G1 X121.733 Y80.35 E2229.05812
G1 X121.8 Y80.5 E2229.06358
G1 X121.8 Y96.824 E2229.60652
G1 X122.88 Y96.824 E2229.64244
G1 X128.151 Y87.701 E2229.99288
G1 X127.117 Y87.7 E2230.02727
G1 X123.418 Y94.168 E2230.27509
G1 X123.193 Y94.262 E2230.2832
G1 X122.949 Y94.198 E2230.29159
G1 X122.802 Y94.039 E2230.29879
G1 X122.8 Y78.172 E2230.82653
G1 X112.2 Y78.172 E2231.17909
G1 X112.198 Y94.039 E2231.70683
G1 X112.05 Y94.198 E2231.71405
G1 X111.802 Y94.262 E2231.72257
G1 X111.598 Y94.197 E2231.72969
G1 X107.88 Y87.7 E2231.97866
G1 X106.848 Y87.7 E2232.01299
G1 X112.116 Y96.824 E2232.3634
G1 X113.2 Y96.824 E2232.39946
G1 F2700 E2227.39946
;MESH:batclipholder.stl
G0 F9000 X112.92 Y96.546
G0 X112.976 Y97.691
G0 X112.976 Y107.309
G0 X112.976 Y108.404
G0 X113.034 Y109.585
;TYPE:WALL-INNER
G1 F2700 E2232.39946
G1 F1282.1 X113.291 Y109.471 E2232.4104
G1 X121.709 Y109.471 E2232.73798
G1 F1284.8 X121.967 Y109.585 E2232.74893
G1 X121.967 Y109.005 E2232.77146
G1 F1282.1 X113.034 Y109.006 E2233.11908
G1 X113.034 Y109.585 E2233.14161
G0 F9000 X122.038 Y110.062
G0 X122.3 Y110.5
G1 F1200 X122.4 Y109.869 E2233.16817
G1 F1500 X122.4 Y108.572 E2233.21131
G1 X112.6 Y108.572 E2233.53726
G1 X112.6 Y109.869 E2233.5804
G1 F1200 X112.7 Y110.5 E2233.60696
G1 X113.002 Y110.05 E2233.62949
G1 F1500 X113.337 Y109.903 E2233.64166
G1 X121.663 Y109.902 E2233.91858
G1 X121.998 Y110.05 E2233.93076
G1 F1200 X122.3 Y110.5 E2233.95329
G1 F991.7 X122.305 Y124.125 E2234.63871
G0 F9000 X122.559 Y124.839
G0 X123.215 Y125.013
G0 X123.793 Y124.382
G1 F1271.2 X125.584 Y121.265 E2234.7798
G1 F1229.5 X127.376 Y118.148 E2234.92569
G0 F9000 X123.215 Y125.013
G0 X122.578 Y125.794
G1 F1694.9 X123.025 Y125.021 E2234.95198
G1 X122.752 Y124.95 E2234.96028
G1 X122.578 Y124.76 E2234.96786
G1 X122.578 Y125.794 E2234.9983
G0 F9000 X122.2 Y126.424
G1 F1500 X122.649 Y126.424 E2235.01323
G1 X123.336 Y125.235 E2235.05891
G1 F1388.9 X123.793 Y124.382 E2235.09367
G1 X123.091 Y124.649 E2235.12065
G1 F1500 X122.847 Y124.585 E2235.12904
G1 F1188.1 X122.305 Y124.125 E2235.15889
G1 F1075.3 X122.253 Y124.605 E2235.18129
G1 F1327.4 X122.201 Y125.085 E2235.19943
G1 F1500 X122.2 Y126.424 E2235.24397
G1 F2700 E2230.24397
G0 F9000 X122.48 Y126.146
G0 X122.038 Y110.062
G0 X112.962 Y110.062
G0 X112.695 Y124.125
G1 F2700 E2235.24397
G1 F991.7 X112.7 Y110.5 E2235.92939
G0 F9000 X112.441 Y124.839
G0 X111.785 Y125.013
G0 X107.621 Y118.146
G1 F1239.7 X111.263 Y124.477 E2236.22333
G0 F9000 X112.422 Y125.799
G1 F1685.4 X112.422 Y124.76 E2236.25408
G1 X112.245 Y124.952 E2236.26181
G1 X111.973 Y125.021 E2236.27012
G1 X112.422 Y125.799 E2236.29671
G0 F9000 X112.8 Y126.424
G1 F1500 X112.8 Y125.089 E2236.34111
G1 F1327.4 X112.748 Y124.607 E2236.35933
G1 F1075.3 X112.695 Y124.125 E2236.38183
G1 F1188.1 X112.15 Y124.586 E2236.41181
G1 F1500 X111.902 Y124.649 E2236.42032
G1 F1373 X111.263 Y124.477 E2236.44436
G1 X111.658 Y125.23 E2236.47526
G1 F1500 X112.346 Y126.424 E2236.52109
G1 X112.8 Y126.424 E2236.53619
G0 F9000 X113.2 Y126.824
;TYPE:WALL-OUTER
G1 F1500 X113.2 Y110.5 E2237.07913
G1 X113.267 Y110.35 E2237.0846
G1 X113.379 Y110.301 E2237.08866
G1 X121.621 Y110.3 E2237.36279
G1 X121.733 Y110.35 E2237.36687
G1 X121.8 Y110.5 E2237.37234
G1 X121.8 Y126.824 E2237.91527
G1 X122.88 Y126.824 E2237.9512
G1 X128.151 Y117.701 E2238.30163
G1 X127.117 Y117.7 E2238.33602
G1 X123.418 Y124.168 E2238.58385
G1 X123.193 Y124.262 E2238.59196
G1 X122.949 Y124.198 E2238.60035
G1 X122.802 Y124.039 E2238.60755
G1 X122.8 Y108.172 E2239.13529
G1 X112.2 Y108.172 E2239.48784
G1 X112.198 Y124.039 E2240.01558
G1 X112.05 Y124.198 E2240.02281
G1 X111.802 Y124.262 E2240.03133
G1 X111.598 Y124.197 E2240.03845
G1 X107.88 Y117.7 E2240.28742
G1 X106.848 Y117.7 E2240.32174
G1 X112.116 Y126.824 E2240.67216
G1 X113.2 Y126.824 E2240.70821
G1 F2700 E2235.70821
;MESH:batclipholder.stl(3)
G0 F9000 X112.92 Y126.546
G0 X112.962 Y110.062
G0 X122.038 Y110.062
G0 X122.559 Y124.839
G0 X123.215 Y125.013
G0 X127.773 Y117.92
G0 X128.712 Y118.462
G0 X136.289 Y118.463
G0 X137.621 Y118.146
;TYPE:WALL-INNER
G1 F2700 E2240.70821
G1 F1239.7 X141.263 Y124.477 E2241.00216
G0 F9000 X141.785 Y125.013
G0 X142.441 Y124.839
G0 X142.695 Y124.125
G1 F991.7 X142.7 Y110.5 E2241.68757
G0 F9000 X143.034 Y109.585
G1 F1282.1 X143.291 Y109.471 E2241.69851
G1 X151.709 Y109.471 E2242.0261
G1 F1284.8 X151.967 Y109.585 E2242.03705
G1 X151.967 Y109.005 E2242.05957
G1 F1282.1 X143.034 Y109.006 E2242.40719
G1 X143.034 Y109.585 E2242.42972
G0 F9000 X142.7 Y110.5
G1 F1200 X143.002 Y110.05 E2242.45226
G1 F1500 X143.337 Y109.903 E2242.46442
G1 X151.663 Y109.902 E2242.74135
G1 X151.998 Y110.05 E2242.75353
G1 F1200 X152.3 Y110.5 E2242.77606
G1 X152.4 Y109.869 E2242.80262
G1 F1500 X152.4 Y108.572 E2242.84576
G1 X142.6 Y108.572 E2243.17171
G1 X142.6 Y109.869 E2243.21485
G1 F1200 X142.7 Y110.5 E2243.24141
G0 F9000 X142.962 Y110.062
G0 X152.038 Y110.062
G0 X152.3 Y110.5
G1 F991.7 X152.305 Y124.125 E2243.92683
G0 F9000 X152.559 Y124.839
G0 X153.215 Y125.013
G0 X153.793 Y124.382
G1 F1271.2 X155.584 Y121.265 E2244.06792
G1 F1229.5 X157.376 Y118.148 E2244.21381
G0 F9000 X153.215 Y125.013
G0 X152.578 Y125.794
G1 F1694.9 X153.025 Y125.021 E2244.24009
G1 X152.752 Y124.95 E2244.2484
G1 X152.578 Y124.76 E2244.25598
G1 X152.578 Y125.794 E2244.28641
G0 F9000 X152.2 Y126.424
G1 F1500 X152.649 Y126.424 E2244.30135
G1 X153.336 Y125.235 E2244.34702
G1 F1388.9 X153.793 Y124.382 E2244.38178
G1 X153.091 Y124.649 E2244.40876
G1 F1500 X152.847 Y124.585 E2244.41715
G1 F1188.1 X152.305 Y124.125 E2244.447
G1 F1075.3 X152.253 Y124.605 E2244.4694
G1 F1327.4 X152.201 Y125.085 E2244.48755
G1 F1500 X152.2 Y126.424 E2244.53208
G1 F2700 E2239.53208
G0 F9000 X152.48 Y126.146
G0 X152.038 Y110.062
G0 X142.962 Y110.062
G0 X142.422 Y125.799
G1 F2700 E2244.53208
G1 F1685.4 X142.422 Y124.76 E2244.56284
G1 X142.245 Y124.952 E2244.57057
G1 X141.973 Y125.021 E2244.57888
G1 X142.422 Y125.799 E2244.60547
G0 F9000 X142.346 Y126.424
G1 F1500 X142.8 Y126.424 E2244.62057
G1 X142.8 Y125.089 E2244.66497
G1 F1327.4 X142.748 Y124.607 E2244.68319
G1 F1075.3 X142.695 Y124.125 E2244.70569
G1 F1188.1 X142.15 Y124.586 E2244.73566
G1 F1500 X141.902 Y124.649 E2244.74417
G1 F1373 X141.263 Y124.477 E2244.76822
G1 X141.658 Y125.23 E2244.79912
G1 F1500 X142.346 Y126.424 E2244.84495
G0 F9000 X142.116 Y126.824
;TYPE:WALL-OUTER
G1 F1500 X143.2 Y126.824 E2244.881
G1 X143.2 Y110.5 E2245.42394
G1 X143.267 Y110.35 E2245.42941
G1 X143.379 Y110.301 E2245.43347
G1 X151.621 Y110.3 E2245.7076
G1 X151.733 Y110.35 E2245.71168
G1 X151.8 Y110.5 E2245.71715
G1 X151.8 Y126.824 E2246.26009
G1 X152.88 Y126.824 E2246.29601
G1 X158.151 Y117.701 E2246.64644
G1 X157.117 Y117.7 E2246.68083
G1 X153.418 Y124.168 E2246.92866
G1 X153.193 Y124.262 E2246.93677
G1 X152.949 Y124.198 E2246.94516
G1 X152.802 Y124.039 E2246.95236
G1 X152.8 Y108.172 E2247.4801
G1 X142.2 Y108.172 E2247.83265
G1 X142.198 Y124.039 E2248.36039
G1 X142.05 Y124.198 E2248.36762
G1 X141.802 Y124.262 E2248.37614
G1 X141.598 Y124.197 E2248.38326
G1 X137.88 Y117.7 E2248.63223
G1 X136.848 Y117.7 E2248.66656
G1 X142.116 Y126.824 E2249.01697
G1 F2700 E2244.01697
;MESH:batclipholder.stl(2)
G0 F9000 X142.287 Y126.53
G0 X142.412 Y125.16
G0 X142.424 Y108.398
G0 X142.424 Y107.309
G0 X142.424 Y97.691
G0 X142.424 Y96.596
G0 X142.422 Y95.799
;TYPE:WALL-INNER
G1 F2700 E2249.01697
G1 F1685.4 X142.422 Y94.76 E2249.04773
G1 X142.245 Y94.952 E2249.05546
G1 X141.973 Y95.021 E2249.06376
G1 X142.422 Y95.799 E2249.09035
G0 F9000 X142.346 Y96.424
G1 F1500 X142.8 Y96.424 E2249.10545
G1 X142.8 Y95.089 E2249.14986
G1 F1327.4 X142.748 Y94.607 E2249.16808
G1 F1075.3 X142.695 Y94.125 E2249.19058
G1 F1188.1 X142.15 Y94.586 E2249.22055
G1 F1500 X141.902 Y94.649 E2249.22906
G1 F1373 X141.263 Y94.477 E2249.25311
G1 X141.658 Y95.23 E2249.284
G1 F1500 X142.346 Y96.424 E2249.32984
G0 F9000 X142.517 Y96.13
G0 X141.263 Y94.477
G1 F1239.7 X137.621 Y88.146 E2249.62378
G0 F9000 X141.785 Y95.013
G0 X142.441 Y94.839
G0 X142.695 Y94.125
G1 F991.7 X142.7 Y80.5 E2250.3092
G0 F9000 X143.034 Y79.585
G1 F1282.1 X143.291 Y79.471 E2250.32014
G1 X151.709 Y79.471 E2250.64772
G1 F1284.8 X151.967 Y79.585 E2250.65867
G1 X151.967 Y79.005 E2250.68119
G1 F1282.1 X143.034 Y79.006 E2251.02881
G1 X143.034 Y79.585 E2251.05135
G0 F9000 X142.7 Y80.5
G1 F1200 X143.002 Y80.05 E2251.07388
G1 F1500 X143.337 Y79.903 E2251.08605
G1 X151.663 Y79.902 E2251.36297
G1 X151.998 Y80.05 E2251.37515
G1 F1200 X152.3 Y80.5 E2251.39768
G1 X152.4 Y79.869 E2251.42424
G1 F1500 X152.4 Y78.572 E2251.46738
G1 X142.6 Y78.572 E2251.79333
G1 X142.6 Y79.869 E2251.83647
G1 F1200 X142.7 Y80.5 E2251.86303
G0 F9000 X142.962 Y80.062
G0 X152.038 Y80.062
G0 X152.3 Y80.5
G1 F991.7 X152.305 Y94.125 E2252.54845
G0 F9000 X152.559 Y94.839
G0 X153.215 Y95.013
G0 X153.793 Y94.382
G1 F1271.2 X155.584 Y91.265 E2252.68954
G1 F1229.5 X157.376 Y88.148 E2252.83543
G0 F9000 X153.215 Y95.013
G0 X152.578 Y95.794
G1 F1694.9 X153.025 Y95.021 E2252.86171
G1 X152.752 Y94.95 E2252.87002
G1 X152.578 Y94.76 E2252.8776
G1 X152.578 Y95.794 E2252.90804
G0 F9000 X152.2 Y96.424
G1 F1500 X152.649 Y96.424 E2252.92297
G1 X153.336 Y95.235 E2252.96864
G1 F1388.9 X153.793 Y94.382 E2253.0034
G1 X153.091 Y94.649 E2253.03038
G1 F1500 X152.847 Y94.585 E2253.03877
G1 F1188.1 X152.305 Y94.125 E2253.06862
G1 F1075.3 X152.253 Y94.605 E2253.09103
G1 F1327.4 X152.201 Y95.085 E2253.10917
G1 F1500 X152.2 Y96.424 E2253.15371
G1 F2700 E2248.15371
G0 F9000 X152.48 Y96.146
G0 X152.038 Y80.062
G0 X142.962 Y80.062
G0 X142.955 Y89.385
G0 X142.287 Y96.53
G0 X142.116 Y96.824
;TYPE:WALL-OUTER
G1 F2700 E2253.15371
G1 F1500 X143.2 Y96.824 E2253.18976
G1 X143.2 Y80.5 E2253.7327
G1 X143.267 Y80.35 E2253.73816
G1 X143.379 Y80.301 E2253.74223
G1 X151.621 Y80.3 E2254.01636
G1 X151.733 Y80.35 E2254.02044
G1 X151.8 Y80.5 E2254.0259
G1 X151.8 Y96.824 E2254.56884
G1 X152.88 Y96.824 E2254.60476
G1 X158.151 Y87.701 E2254.9552
G1 X157.117 Y87.7 E2254.98959
G1 X153.418 Y94.168 E2255.23741
G1 X153.193 Y94.262 E2255.24552
G1 X152.949 Y94.198 E2255.25391
G1 X152.802 Y94.039 E2255.26111
G1 X152.8 Y78.172 E2255.78885
G1 X142.2 Y78.172 E2256.14141
G1 X142.198 Y94.039 E2256.66915
G1 X142.05 Y94.198 E2256.67637
G1 X141.802 Y94.262 E2256.68489
G1 X141.598 Y94.197 E2256.69201
G1 X137.88 Y87.7 E2256.94099
G1 X136.848 Y87.7 E2256.97531
G1 X142.116 Y96.824 E2257.32573
G1 F2700 E2252.32573
;MESH:NONMESH
G0 F300 X142.116 Y96.824 Z9.8
G0 F9000 X142.287 Y96.53
G0 X137.227 Y87.92
G0 X136.289 Y88.463
G0 X128.88 Y86.841
G0 X126.617 Y86.841
G0 X123.665 Y87.92
G0 X122.57 Y87.92
G0 X122.038 Y80.062
G0 X113.034 Y79.585
;TIME_ELAPSED:4055.922723
;LAYER:48
;TYPE:WALL-INNER
;MESH:batclipholder.stl(1)
G1 F2700 E2257.32573
G1 F1282.1 X113.291 Y79.471 E2257.33667
G1 X121.709 Y79.471 E2257.66425
G1 F1284.8 X121.967 Y79.585 E2257.6752
G1 X121.967 Y79.005 E2257.69772
G1 F1282.1 X113.034 Y79.006 E2258.04535
G1 X113.034 Y79.585 E2258.06788
G0 F9000 X122.038 Y80.062
G0 X122.3 Y80.5
G1 F1200 X122.4 Y79.869 E2258.09444
G1 F1500 X122.4 Y78.572 E2258.13758
G1 X112.6 Y78.572 E2258.46353
G1 X112.6 Y79.869 E2258.50666
G1 F1200 X112.7 Y80.5 E2258.53323
G1 X113.002 Y80.05 E2258.55576
G1 F1500 X113.337 Y79.903 E2258.56793
G1 X121.663 Y79.902 E2258.84485
G1 X121.998 Y80.05 E2258.85703
G1 F1200 X122.3 Y80.5 E2258.87956
G1 F991.7 X122.305 Y94.125 E2259.56498
G0 F9000 X122.559 Y94.839
G0 X123.215 Y95.013
G0 X123.793 Y94.382
G1 F1271.2 X125.584 Y91.265 E2259.70607
G1 F1229.5 X127.376 Y88.148 E2259.85196
G0 F9000 X123.215 Y95.013
G0 X122.578 Y95.794
G1 F1694.9 X123.025 Y95.021 E2259.87825
G1 X122.752 Y94.95 E2259.88655
G1 X122.578 Y94.76 E2259.89413
G1 X122.578 Y95.794 E2259.92457
G0 F9000 X122.2 Y96.424
G1 F1500 X122.649 Y96.424 E2259.9395
G1 X123.336 Y95.235 E2259.98518
G1 F1388.9 X123.793 Y94.382 E2260.01994
G1 X123.091 Y94.649 E2260.04691
G1 F1500 X122.847 Y94.585 E2260.0553
G1 F1188.1 X122.305 Y94.125 E2260.08516
G1 F1075.3 X122.253 Y94.605 E2260.10756
G1 F1327.4 X122.201 Y95.085 E2260.1257
G1 F1500 X122.2 Y96.424 E2260.17024
G1 F2700 E2255.17024
G0 F9000 X122.48 Y96.146
G0 X122.038 Y80.062
G0 X112.962 Y80.062
G0 X112.695 Y94.125
G1 F2700 E2260.17024
G1 F991.7 X112.7 Y80.5 E2260.85566
G0 F9000 X112.441 Y94.839
G0 X111.785 Y95.013
G0 X107.621 Y88.146
G1 F1239.7 X111.263 Y94.477 E2261.1496
G0 F9000 X112.422 Y95.799
G1 F1685.4 X112.422 Y94.76 E2261.18035
G1 X112.245 Y94.952 E2261.18808
G1 X111.973 Y95.021 E2261.19639
G1 X112.422 Y95.799 E2261.22298
G0 F9000 X112.8 Y96.424
G1 F1500 X112.8 Y95.089 E2261.26738
G1 F1327.4 X112.748 Y94.607 E2261.2856
G1 F1075.3 X112.695 Y94.125 E2261.3081
G1 F1188.1 X112.15 Y94.586 E2261.33808
G1 F1500 X111.902 Y94.649 E2261.34659
G1 F1373 X111.263 Y94.477 E2261.37063
G1 X111.658 Y95.23 E2261.40153
G1 F1500 X112.346 Y96.424 E2261.44736
G1 X112.8 Y96.424 E2261.46246
G0 F9000 X113.2 Y96.824
;TYPE:WALL-OUTER
G1 F1500 X113.2 Y80.5 E2262.0054
G1 X113.267 Y80.35 E2262.01087
G1 X113.379 Y80.301 E2262.01493
G1 X121.621 Y80.3 E2262.28906
G1 X121.733 Y80.35 E2262.29314
G1 X121.8 Y80.5 E2262.29861
G1 X121.8 Y96.824 E2262.84154
G1 X122.88 Y96.824 E2262.87746
G1 X128.151 Y87.701 E2263.2279
G1 X127.117 Y87.7 E2263.26229
G1 X123.418 Y94.168 E2263.51011
G1 X123.193 Y94.262 E2263.51822
G1 X122.949 Y94.198 E2263.52661
G1 X122.802 Y94.039 E2263.53382
G1 X122.8 Y78.172 E2264.06156
G1 X112.2 Y78.172 E2264.41411
G1 X112.198 Y94.039 E2264.94185
G1 X112.05 Y94.198 E2264.94908
G1 X111.802 Y94.262 E2264.9576
G1 X111.598 Y94.197 E2264.96472
G1 X107.88 Y87.7 E2265.21369
G1 X106.848 Y87.7 E2265.24801
G1 X112.116 Y96.824 E2265.59843
G1 X113.2 Y96.824 E2265.63448
G1 F2700 E2260.63448
;MESH:batclipholder.stl
G0 F9000 X112.92 Y96.546
G0 X112.976 Y97.691
G0 X112.976 Y107.309
G0 X112.976 Y108.404
G0 X113.034 Y109.585
;TYPE:WALL-INNER
G1 F2700 E2265.63448
G1 F1282.1 X113.291 Y109.471 E2265.64542
G1 X121.709 Y109.471 E2265.97301
G1 F1284.8 X121.967 Y109.585 E2265.98396
G1 X121.967 Y109.005 E2266.00648
G1 F1282.1 X113.034 Y109.006 E2266.3541
G1 X113.034 Y109.585 E2266.37663
G0 F9000 X122.038 Y110.062
G0 X122.3 Y110.5
G1 F1200 X122.4 Y109.869 E2266.4032
G1 F1500 X122.4 Y108.572 E2266.44633
G1 X112.6 Y108.572 E2266.77228
G1 X112.6 Y109.869 E2266.81542
G1 F1200 X112.7 Y110.5 E2266.84198
G1 X113.002 Y110.05 E2266.86451
G1 F1500 X113.337 Y109.903 E2266.87668
G1 X121.663 Y109.902 E2267.15361
G1 X121.998 Y110.05 E2267.16579
G1 F1200 X122.3 Y110.5 E2267.18832
G1 F991.7 X122.305 Y124.125 E2267.87374
G0 F9000 X122.559 Y124.839
G0 X123.215 Y125.013
G0 X123.793 Y124.382
G1 F1271.2 X125.584 Y121.265 E2268.01483
G1 F1229.5 X127.376 Y118.148 E2268.16072
G0 F9000 X123.215 Y125.013
G0 X122.578 Y125.794
G1 F1694.9 X123.025 Y125.021 E2268.187
G1 X122.752 Y124.95 E2268.19531
G1 X122.578 Y124.76 E2268.20289
G1 X122.578 Y125.794 E2268.23332
G0 F9000 X122.2 Y126.424
G1 F1500 X122.649 Y126.424 E2268.24826
G1 X123.336 Y125.235 E2268.29393
G1 F1388.9 X123.793 Y124.382 E2268.32869
G1 X123.091 Y124.649 E2268.35567
G1 F1500 X122.847 Y124.585 E2268.36406
G1 F1188.1 X122.305 Y124.125 E2268.39391
G1 F1075.3 X122.253 Y124.605 E2268.41631
G1 F1327.4 X122.201 Y125.085 E2268.43446
G1 F1500 X122.2 Y126.424 E2268.47899
G1 F2700 E2263.47899
G0 F9000 X122.48 Y126.146
G0 X122.038 Y110.062
G0 X112.962 Y110.062
G0 X112.695 Y124.125
G1 F2700 E2268.47899
G1 F991.7 X112.7 Y110.5 E2269.16441
G0 F9000 X112.441 Y124.839
G0 X111.785 Y125.013
G0 X107.621 Y118.146
G1 F1239.7 X111.263 Y124.477 E2269.45835
G0 F9000 X112.422 Y125.799
G1 F1685.4 X112.422 Y124.76 E2269.48911
G1 X112.245 Y124.952 E2269.49684
G1 X111.973 Y125.021 E2269.50515
G1 X112.422 Y125.799 E2269.53174
G0 F9000 X112.8 Y126.424
G1 F1500 X112.8 Y125.089 E2269.57614
G1 F1327.4 X112.748 Y124.607 E2269.59436
G1 F1075.3 X112.695 Y124.125 E2269.61686
G1 F1188.1 X112.15 Y124.586 E2269.64683
G1 F1500 X111.902 Y124.649 E2269.65534
G1 F1373 X111.263 Y124.477 E2269.67939
G1 X111.658 Y125.23 E2269.71029
G1 F1500 X112.346 Y126.424 E2269.75612
G1 X112.8 Y126.424 E2269.77122
G0 F9000 X113.2 Y126.824
;TYPE:WALL-OUTER
G1 F1500 X113.2 Y110.5 E2270.31416
G1 X113.267 Y110.35 E2270.31962
G1 X113.379 Y110.301 E2270.32369
G1 X121.621 Y110.3 E2270.59782
G1 X121.733 Y110.35 E2270.6019
G1 X121.8 Y110.5 E2270.60736
G1 X121.8 Y126.824 E2271.1503
G1 X122.88 Y126.824 E2271.18622
G1 X128.151 Y117.701 E2271.53666
G1 X127.117 Y117.7 E2271.57105
G1 X123.418 Y124.168 E2271.81887
G1 X123.193 Y124.262 E2271.82698
G1 X122.949 Y124.198 E2271.83537
G1 X122.802 Y124.039 E2271.84257
G1 X122.8 Y108.172 E2272.37031
G1 X112.2 Y108.172 E2272.72287
G1 X112.198 Y124.039 E2273.25061
G1 X112.05 Y124.198 E2273.25783
G1 X111.802 Y124.262 E2273.26635
G1 X111.598 Y124.197 E2273.27347
G1 X107.88 Y117.7 E2273.52245
G1 X106.848 Y117.7 E2273.55677
G1 X112.116 Y126.824 E2273.90719
G1 X113.2 Y126.824 E2273.94324
G1 F2700 E2268.94324
;MESH:batclipholder.stl(3)
G0 F9000 X112.92 Y126.546
G0 X112.962 Y110.062
G0 X122.038 Y110.062
G0 X122.559 Y124.839
G0 X123.215 Y125.013
G0 X127.773 Y117.92
G0 X128.712 Y118.462
G0 X136.289 Y118.463
G0 X137.621 Y118.146
;TYPE:WALL-INNER
G1 F2700 E2273.94324
G1 F1239.7 X141.263 Y124.477 E2274.23718
G0 F9000 X141.785 Y125.013
G0 X142.441 Y124.839
G0 X142.695 Y124.125
G1 F991.7 X142.7 Y110.5 E2274.9226
G0 F9000 X143.034 Y109.585
G1 F1282.1 X143.291 Y109.471 E2274.93354
G1 X151.709 Y109.471 E2275.26112
G1 F1284.8 X151.967 Y109.585 E2275.27207
G1 X151.967 Y109.005 E2275.2946
G1 F1282.1 X143.034 Y109.006 E2275.64222
G1 X143.034 Y109.585 E2275.66475
G0 F9000 X142.7 Y110.5
G1 F1200 X143.002 Y110.05 E2275.68728
G1 F1500 X143.337 Y109.903 E2275.69945
G1 X151.663 Y109.902 E2275.97637
G1 X151.998 Y110.05 E2275.98855
G1 F1200 X152.3 Y110.5 E2276.01108
G1 X152.4 Y109.869 E2276.03765
G1 F1500 X152.4 Y108.572 E2276.08078
G1 X142.6 Y108.572 E2276.40673
G1 X142.6 Y109.869 E2276.44987
G1 F1200 X142.7 Y110.5 E2276.47643
G0 F9000 X142.962 Y110.062
G0 X152.038 Y110.062
G0 X152.3 Y110.5
G1 F991.7 X152.305 Y124.125 E2277.16185
G0 F9000 X152.559 Y124.839
G0 X153.215 Y125.013
G0 X153.793 Y124.382
G1 F1271.2 X155.584 Y121.265 E2277.30294
G1 F1229.5 X157.376 Y118.148 E2277.44883
G0 F9000 X153.215 Y125.013
G0 X152.578 Y125.794
G1 F1694.9 X153.025 Y125.021 E2277.47512
G1 X152.752 Y124.95 E2277.48342
G1 X152.578 Y124.76 E2277.491
G1 X152.578 Y125.794 E2277.52144
G0 F9000 X152.2 Y126.424
G1 F1500 X152.649 Y126.424 E2277.53637
G1 X153.336 Y125.235 E2277.58205
G1 F1388.9 X153.793 Y124.382 E2277.61681
G1 X153.091 Y124.649 E2277.64379
G1 F1500 X152.847 Y124.585 E2277.65218
G1 F1188.1 X152.305 Y124.125 E2277.68203
G1 F1075.3 X152.253 Y124.605 E2277.70443
G1 F1327.4 X152.201 Y125.085 E2277.72257
G1 F1500 X152.2 Y126.424 E2277.76711
G1 F2700 E2272.76711
G0 F9000 X152.48 Y126.146
G0 X152.038 Y110.062
G0 X142.962 Y110.062
G0 X142.422 Y125.799
G1 F2700 E2277.76711
G1 F1685.4 X142.422 Y124.76 E2277.79787
G1 X142.245 Y124.952 E2277.8056
G1 X141.973 Y125.021 E2277.8139
G1 X142.422 Y125.799 E2277.84049
G0 F9000 X142.346 Y126.424
G1 F1500 X142.8 Y126.424 E2277.85559
G1 X142.8 Y125.089 E2277.9
G1 F1327.4 X142.748 Y124.607 E2277.91822
G1 F1075.3 X142.695 Y124.125 E2277.94071
G1 F1188.1 X142.15 Y124.586 E2277.97069
G1 F1500 X141.902 Y124.649 E2277.9792
G1 F1373 X141.263 Y124.477 E2278.00324
G1 X141.658 Y125.23 E2278.03414
G1 F1500 X142.346 Y126.424 E2278.07998
G0 F9000 X142.116 Y126.824
;TYPE:WALL-OUTER
G1 F1500 X143.2 Y126.824 E2278.11603
G1 X143.2 Y110.5 E2278.65897
G1 X143.267 Y110.35 E2278.66443
G1 X143.379 Y110.301 E2278.6685
G1 X151.621 Y110.3 E2278.94263
G1 X151.733 Y110.35 E2278.94671
G1 X151.8 Y110.5 E2278.95217
G1 X151.8 Y126.824 E2279.49511
G1 X152.88 Y126.824 E2279.53103
G1 X158.151 Y117.701 E2279.88147
G1 X157.117 Y117.7 E2279.91586
G1 X153.418 Y124.168 E2280.16368
G1 X153.193 Y124.262 E2280.17179
G1 X152.949 Y124.198 E2280.18018
G1 X152.802 Y124.039 E2280.18738
G1 X152.8 Y108.172 E2280.71512
G1 X142.2 Y108.172 E2281.06768
G1 X142.198 Y124.039 E2281.59542
G1 X142.05 Y124.198 E2281.60264
G1 X141.802 Y124.262 E2281.61116
G1 X141.598 Y124.197 E2281.61828
G1 X137.88 Y117.7 E2281.86726
G1 X136.848 Y117.7 E2281.90158
G1 X142.116 Y126.824 E2282.252
G1 F2700 E2277.252
;MESH:batclipholder.stl(2)
G0 F9000 X142.287 Y126.53
G0 X142.412 Y125.16
G0 X142.424 Y108.398
G0 X142.424 Y107.309
G0 X142.424 Y97.691
G0 X142.424 Y96.596
G0 X142.422 Y95.799
;TYPE:WALL-INNER
G1 F2700 E2282.252
G1 F1685.4 X142.422 Y94.76 E2282.28275
G1 X142.245 Y94.952 E2282.29048
G1 X141.973 Y95.021 E2282.29879
G1 X142.422 Y95.799 E2282.32538
G0 F9000 X142.346 Y96.424
G1 F1500 X142.8 Y96.424 E2282.34048
G1 X142.8 Y95.089 E2282.38488
G1 F1327.4 X142.748 Y94.607 E2282.4031
G1 F1075.3 X142.695 Y94.125 E2282.4256
G1 F1188.1 X142.15 Y94.586 E2282.45557
G1 F1500 X141.902 Y94.649 E2282.46409
G1 F1373 X141.263 Y94.477 E2282.48813
G1 X141.658 Y95.23 E2282.51903
G1 F1500 X142.346 Y96.424 E2282.56486
G0 F9000 X142.517 Y96.13
G0 X141.263 Y94.477
G1 F1239.7 X137.621 Y88.146 E2282.8588
G0 F9000 X141.785 Y95.013
G0 X142.441 Y94.839
G0 X142.695 Y94.125
G1 F991.7 X142.7 Y80.5 E2283.54422
G0 F9000 X143.034 Y79.585
G1 F1282.1 X143.291 Y79.471 E2283.55516
G1 X151.709 Y79.471 E2283.88274
G1 F1284.8 X151.967 Y79.585 E2283.8937
G1 X151.967 Y79.005 E2283.91622
G1 F1282.1 X143.034 Y79.006 E2284.26384
G1 X143.034 Y79.585 E2284.28637
G0 F9000 X142.7 Y80.5
G1 F1200 X143.002 Y80.05 E2284.3089
G1 F1500 X143.337 Y79.903 E2284.32107
G1 X151.663 Y79.902 E2284.59799
G1 X151.998 Y80.05 E2284.61018
G1 F1200 X152.3 Y80.5 E2284.63271
G1 X152.4 Y79.869 E2284.65927
G1 F1500 X152.4 Y78.572 E2284.70241
G1 X142.6 Y78.572 E2285.02836
G1 X142.6 Y79.869 E2285.07149
G1 F1200 X142.7 Y80.5 E2285.09806
G0 F9000 X142.962 Y80.062
G0 X152.038 Y80.062
G0 X152.3 Y80.5
G1 F991.7 X152.305 Y94.125 E2285.78347
G0 F9000 X152.559 Y94.839
G0 X153.215 Y95.013
G0 X153.793 Y94.382
G1 F1271.2 X155.584 Y91.265 E2285.92456
G1 F1229.5 X157.376 Y88.148 E2286.07046
G0 F9000 X153.215 Y95.013
G0 X152.578 Y95.794
G1 F1694.9 X153.025 Y95.021 E2286.09674
G1 X152.752 Y94.95 E2286.10504
G1 X152.578 Y94.76 E2286.11263
G1 X152.578 Y95.794 E2286.14306
G0 F9000 X152.2 Y96.424
G1 F1500 X152.649 Y96.424 E2286.158
G1 X153.336 Y95.235 E2286.20367
G1 F1388.9 X153.793 Y94.382 E2286.23843
G1 X153.091 Y94.649 E2286.26541
G1 F1500 X152.847 Y94.585 E2286.2738
G1 F1188.1 X152.305 Y94.125 E2286.30365
G1 F1075.3 X152.253 Y94.605 E2286.32605
G1 F1327.4 X152.201 Y95.085 E2286.3442
G1 F1500 X152.2 Y96.424 E2286.38873
G1 F2700 E2281.38873
G0 F9000 X152.48 Y96.146
G0 X152.038 Y80.062
G0 X142.962 Y80.062
G0 X142.955 Y89.385
G0 X142.287 Y96.53
G0 X142.116 Y96.824
;TYPE:WALL-OUTER
G1 F2700 E2286.38873
G1 F1500 X143.2 Y96.824 E2286.42479
G1 X143.2 Y80.5 E2286.96772
G1 X143.267 Y80.35 E2286.97319
G1 X143.379 Y80.301 E2286.97725
G1 X151.621 Y80.3 E2287.25138
G1 X151.733 Y80.35 E2287.25546
G1 X151.8 Y80.5 E2287.26093
G1 X151.8 Y96.824 E2287.80387
G1 X152.88 Y96.824 E2287.83979
G1 X158.151 Y87.701 E2288.19022
G1 X157.117 Y87.7 E2288.22462
G1 X153.418 Y94.168 E2288.47244
G1 X153.193 Y94.262 E2288.48055
G1 X152.949 Y94.198 E2288.48894
G1 X152.802 Y94.039 E2288.49614
G1 X152.8 Y78.172 E2289.02388
G1 X142.2 Y78.172 E2289.37644
G1 X142.198 Y94.039 E2289.90417
G1 X142.05 Y94.198 E2289.9114
G1 X141.802 Y94.262 E2289.91992
G1 X141.598 Y94.197 E2289.92704
G1 X137.88 Y87.7 E2290.17601
G1 X136.848 Y87.7 E2290.21034
G1 X142.116 Y96.824 E2290.56075
G1 F2700 E2285.56075
;MESH:NONMESH
G0 F300 X142.116 Y96.824 Z10
G0 F9000 X142.287 Y96.53
G0 X137.227 Y87.92
G0 X136.289 Y88.463
G0 X128.88 Y86.841
G0 X126.617 Y86.841
G0 X123.665 Y87.92
G0 X122.57 Y87.92
G0 X122.038 Y80.062
G0 X113.034 Y79.585
;TIME_ELAPSED:4115.482510
;LAYER:49
;TYPE:WALL-INNER
;MESH:batclipholder.stl(1)
G1 F2700 E2290.56075
G1 F1282.1 X113.291 Y79.471 E2290.57169
G1 X121.709 Y79.471 E2290.89927
G1 F1284.8 X121.967 Y79.585 E2290.91023
G1 X121.967 Y79.005 E2290.93275
G1 F1282.1 X113.034 Y79.006 E2291.28037
G1 X113.034 Y79.585 E2291.3029
G0 F9000 X122.038 Y80.062
G0 X122.3 Y80.5
G1 F1200 X122.4 Y79.869 E2291.32946
G1 F1500 X122.4 Y78.572 E2291.3726
G1 X112.6 Y78.572 E2291.69855
G1 X112.6 Y79.869 E2291.74169
G1 F1200 X112.7 Y80.5 E2291.76825
G1 X113.002 Y80.05 E2291.79078
G1 F1500 X113.337 Y79.903 E2291.80295
G1 X121.663 Y79.902 E2292.07987
G1 X121.998 Y80.05 E2292.09206
G1 F1200 X122.3 Y80.5 E2292.11459
G1 F991.7 X122.305 Y94.125 E2292.80001
G0 F9000 X122.559 Y94.839
G0 X123.215 Y95.013
G0 X123.793 Y94.382
G1 F1271.2 X125.584 Y91.265 E2292.94109
G1 F1229.5 X127.376 Y88.148 E2293.08699
G0 F9000 X123.215 Y95.013
G0 X122.578 Y95.794
G1 F1694.9 X123.025 Y95.021 E2293.11327
G1 X122.752 Y94.95 E2293.12157
G1 X122.578 Y94.76 E2293.12916
G1 X122.578 Y95.794 E2293.15959
G0 F9000 X122.2 Y96.424
G1 F1500 X122.649 Y96.424 E2293.17453
G1 X123.336 Y95.235 E2293.2202
G1 F1388.9 X123.793 Y94.382 E2293.25496
G1 X123.091 Y94.649 E2293.28194
G1 F1500 X122.847 Y94.585 E2293.29033
G1 F1188.1 X122.305 Y94.125 E2293.32018
G1 F1075.3 X122.253 Y94.605 E2293.34258
G1 F1327.4 X122.201 Y95.085 E2293.36073
G1 F1500 X122.2 Y96.424 E2293.40526
G1 F2700 E2288.40526
G0 F9000 X122.48 Y96.146
G0 X122.038 Y80.062
G0 X112.962 Y80.062
G0 X112.695 Y94.125
G1 F2700 E2293.40526
G1 F991.7 X112.7 Y80.5 E2294.09068
G0 F9000 X112.441 Y94.839
G0 X111.785 Y95.013
G0 X107.621 Y88.146
G1 F1239.7 X111.263 Y94.477 E2294.38462
G0 F9000 X112.422 Y95.799
G1 F1685.4 X112.422 Y94.76 E2294.41538
G1 X112.245 Y94.952 E2294.42311
G1 X111.973 Y95.021 E2294.43142
G1 X112.422 Y95.799 E2294.45801
G0 F9000 X112.8 Y96.424
G1 F1500 X112.8 Y95.089 E2294.50241
G1 F1327.4 X112.748 Y94.607 E2294.52063
G1 F1075.3 X112.695 Y94.125 E2294.54313
G1 F1188.1 X112.15 Y94.586 E2294.5731
G1 F1500 X111.902 Y94.649 E2294.58161
G1 F1373 X111.263 Y94.477 E2294.60566
G1 X111.658 Y95.23 E2294.63655
G1 F1500 X112.346 Y96.424 E2294.68239
G1 X112.8 Y96.424 E2294.69749
G0 F9000 X113.2 Y96.824
;TYPE:WALL-OUTER
G1 F1500 X113.2 Y80.5 E2295.24043
G1 X113.267 Y80.35 E2295.24589
G1 X113.379 Y80.301 E2295.24996
G1 X121.621 Y80.3 E2295.52409
G1 X121.733 Y80.35 E2295.52817
G1 X121.8 Y80.5 E2295.53363
G1 X121.8 Y96.824 E2296.07657
G1 X122.88 Y96.824 E2296.11249
G1 X128.151 Y87.701 E2296.46293
G1 X127.117 Y87.7 E2296.49732
G1 X123.418 Y94.168 E2296.74514
G1 X123.193 Y94.262 E2296.75325
G1 X122.949 Y94.198 E2296.76164
G1 X122.802 Y94.039 E2296.76884
G1 X122.8 Y78.172 E2297.29658
G1 X112.2 Y78.172 E2297.64914
G1 X112.198 Y94.039 E2298.17688
G1 X112.05 Y94.198 E2298.1841
G1 X111.802 Y94.262 E2298.19262
G1 X111.598 Y94.197 E2298.19974
G1 X107.88 Y87.7 E2298.44871
G1 X106.848 Y87.7 E2298.48304
G1 X112.116 Y96.824 E2298.83345
G1 X113.2 Y96.824 E2298.86951
G1 F2700 E2293.86951
;MESH:batclipholder.stl
G0 F9000 X112.92 Y96.546
G0 X112.976 Y97.691
G0 X112.976 Y107.309
G0 X112.976 Y108.404
G0 X113.034 Y109.585
;TYPE:WALL-INNER
G1 F2700 E2298.86951
G1 F1282.1 X113.291 Y109.471 E2298.88045
G1 X121.709 Y109.471 E2299.20803
G1 F1284.8 X121.967 Y109.585 E2299.21898
G1 X121.967 Y109.005 E2299.24151
G1 F1282.1 X113.034 Y109.006 E2299.58913
G1 X113.034 Y109.585 E2299.61166
G0 F9000 X122.038 Y110.062
G0 X122.3 Y110.5
G1 F1200 X122.4 Y109.869 E2299.63822
G1 F1500 X122.4 Y108.572 E2299.68136
G1 X112.6 Y108.572 E2300.00731
G1 X112.6 Y109.869 E2300.05045
G1 F1200 X112.7 Y110.5 E2300.07701
G1 X113.002 Y110.05 E2300.09954
G1 F1500 X113.337 Y109.903 E2300.11171
G1 X121.663 Y109.902 E2300.38863
G1 X121.998 Y110.05 E2300.40081
G1 F1200 X122.3 Y110.5 E2300.42334
G1 F991.7 X122.305 Y124.125 E2301.10876
G0 F9000 X122.559 Y124.839
G0 X123.215 Y125.013
G0 X123.793 Y124.382
G1 F1271.2 X125.584 Y121.265 E2301.24985
G1 F1229.5 X127.376 Y118.148 E2301.39574
G0 F9000 X123.215 Y125.013
G0 X122.578 Y125.794
G1 F1694.9 X123.025 Y125.021 E2301.42203
G1 X122.752 Y124.95 E2301.43033
G1 X122.578 Y124.76 E2301.43791
G1 X122.578 Y125.794 E2301.46835
G0 F9000 X122.2 Y126.424
G1 F1500 X122.649 Y126.424 E2301.48328
G1 X123.336 Y125.235 E2301.52896
G1 F1388.9 X123.793 Y124.382 E2301.56372
G1 X123.091 Y124.649 E2301.5907
G1 F1500 X122.847 Y124.585 E2301.59909
G1 F1188.1 X122.305 Y124.125 E2301.62894
G1 F1075.3 X122.253 Y124.605 E2301.65134
G1 F1327.4 X122.201 Y125.085 E2301.66948
G1 F1500 X122.2 Y126.424 E2301.71402
G1 F2700 E2296.71402
G0 F9000 X122.48 Y126.146
G0 X122.038 Y110.062
G0 X112.962 Y110.062
G0 X112.695 Y124.125
G1 F2700 E2301.71402
G1 F991.7 X112.7 Y110.5 E2302.39944
G0 F9000 X112.441 Y124.839
G0 X111.785 Y125.013
G0 X107.621 Y118.146
G1 F1239.7 X111.263 Y124.477 E2302.69338
G0 F9000 X112.422 Y125.799
G1 F1685.4 X112.422 Y124.76 E2302.72413
G1 X112.245 Y124.952 E2302.73186
G1 X111.973 Y125.021 E2302.74017
G1 X112.422 Y125.799 E2302.76676
G0 F9000 X112.8 Y126.424
G1 F1500 X112.8 Y125.089 E2302.81116
G1 F1327.4 X112.748 Y124.607 E2302.82938
G1 F1075.3 X112.695 Y124.125 E2302.85188
G1 F1188.1 X112.15 Y124.586 E2302.88186
G1 F1500 X111.902 Y124.649 E2302.89037
G1 F1373 X111.263 Y124.477 E2302.91441
G1 X111.658 Y125.23 E2302.94531
G1 F1500 X112.346 Y126.424 E2302.99114
G1 X112.8 Y126.424 E2303.00624
G0 F9000 X113.2 Y126.824
;TYPE:WALL-OUTER
G1 F1500 X113.2 Y110.5 E2303.54918
G1 X113.267 Y110.35 E2303.55465
G1 X113.379 Y110.301 E2303.55871
G1 X121.621 Y110.3 E2303.83284
G1 X121.733 Y110.35 E2303.83692
G1 X121.8 Y110.5 E2303.84239
G1 X121.8 Y126.824 E2304.38533
G1 X122.88 Y126.824 E2304.42125
G1 X128.151 Y117.701 E2304.77168
G1 X127.117 Y117.7 E2304.80607
G1 X123.418 Y124.168 E2305.0539
G1 X123.193 Y124.262 E2305.06201
G1 X122.949 Y124.198 E2305.0704
G1 X122.802 Y124.039 E2305.0776
G1 X122.8 Y108.172 E2305.60534
G1 X112.2 Y108.172 E2305.95789
G1 X112.198 Y124.039 E2306.48563
G1 X112.05 Y124.198 E2306.49286
G1 X111.802 Y124.262 E2306.50138
G1 X111.598 Y124.197 E2306.5085
G1 X107.88 Y117.7 E2306.75747
G1 X106.848 Y117.7 E2306.7918
G1 X112.116 Y126.824 E2307.14221
G1 X113.2 Y126.824 E2307.17827
G1 F2700 E2302.17827
;MESH:batclipholder.stl(3)
G0 F9000 X112.92 Y126.546
G0 X112.962 Y110.062
G0 X122.038 Y110.062
G0 X122.559 Y124.839
G0 X123.215 Y125.013
G0 X127.773 Y117.92
G0 X128.712 Y118.462
G0 X136.289 Y118.463
G0 X137.621 Y118.146
;TYPE:WALL-INNER
G1 F2700 E2307.17827
G1 F1239.7 X141.263 Y124.477 E2307.47221
G0 F9000 X141.785 Y125.013
G0 X142.441 Y124.839
G0 X142.695 Y124.125
G1 F991.7 X142.7 Y110.5 E2308.15762
G0 F9000 X143.034 Y109.585
G1 F1282.1 X143.291 Y109.471 E2308.16856
G1 X151.709 Y109.471 E2308.49615
G1 F1284.8 X151.967 Y109.585 E2308.5071
G1 X151.967 Y109.005 E2308.52962
G1 F1282.1 X143.034 Y109.006 E2308.87724
G1 X143.034 Y109.585 E2308.89977
G0 F9000 X142.7 Y110.5
G1 F1200 X143.002 Y110.05 E2308.92231
G1 F1500 X143.337 Y109.903 E2308.93447
G1 X151.663 Y109.902 E2309.2114
G1 X151.998 Y110.05 E2309.22358
G1 F1200 X152.3 Y110.5 E2309.24611
G1 X152.4 Y109.869 E2309.27267
G1 F1500 X152.4 Y108.572 E2309.31581
G1 X142.6 Y108.572 E2309.64176
G1 X142.6 Y109.869 E2309.6849
G1 F1200 X142.7 Y110.5 E2309.71146
G0 F9000 X142.962 Y110.062
G0 X152.038 Y110.062
G0 X152.3 Y110.5
G1 F991.7 X152.305 Y124.125 E2310.39688
G0 F9000 X152.559 Y124.839
G0 X153.215 Y125.013
G0 X153.793 Y124.382
G1 F1271.2 X155.584 Y121.265 E2310.53797
G1 F1229.5 X157.376 Y118.148 E2310.68386
G0 F9000 X153.215 Y125.013
G0 X152.578 Y125.794
G1 F1694.9 X153.025 Y125.021 E2310.71014
G1 X152.752 Y124.95 E2310.71845
G1 X152.578 Y124.76 E2310.72603
G1 X152.578 Y125.794 E2310.75647
G0 F9000 X152.2 Y126.424
G1 F1500 X152.649 Y126.424 E2310.7714
G1 X153.336 Y125.235 E2310.81707
G1 F1388.9 X153.793 Y124.382 E2310.85183
G1 X153.091 Y124.649 E2310.87881
G1 F1500 X152.847 Y124.585 E2310.8872
G1 F1188.1 X152.305 Y124.125 E2310.91705
G1 F1075.3 X152.253 Y124.605 E2310.93945
G1 F1327.4 X152.201 Y125.085 E2310.9576
G1 F1500 X152.2 Y126.424 E2311.00214
G1 F2700 E2306.00214
G0 F9000 X152.48 Y126.146
G0 X152.038 Y110.062
G0 X142.962 Y110.062
G0 X142.422 Y125.799
G1 F2700 E2311.00214
G1 F1685.4 X142.422 Y124.76 E2311.03289
G1 X142.245 Y124.952 E2311.04062
G1 X141.973 Y125.021 E2311.04893
G1 X142.422 Y125.799 E2311.07552
G0 F9000 X142.346 Y126.424
G1 F1500 X142.8 Y126.424 E2311.09062
G1 X142.8 Y125.089 E2311.13502
G1 F1327.4 X142.748 Y124.607 E2311.15324
G1 F1075.3 X142.695 Y124.125 E2311.17574
G1 F1188.1 X142.15 Y124.586 E2311.20571
G1 F1500 X141.902 Y124.649 E2311.21422
G1 F1373 X141.263 Y124.477 E2311.23827
G1 X141.658 Y125.23 E2311.26917
G1 F1500 X142.346 Y126.424 E2311.315
G0 F9000 X142.116 Y126.824
;TYPE:WALL-OUTER
G1 F1500 X143.2 Y126.824 E2311.35105
G1 X143.2 Y110.5 E2311.89399
G1 X143.267 Y110.35 E2311.89946
G1 X143.379 Y110.301 E2311.90352
G1 X151.621 Y110.3 E2312.17765
G1 X151.733 Y110.35 E2312.18173
G1 X151.8 Y110.5 E2312.1872
G1 X151.8 Y126.824 E2312.73014
G1 X152.88 Y126.824 E2312.76606
G1 X158.151 Y117.701 E2313.11649
G1 X157.117 Y117.7 E2313.15088
G1 X153.418 Y124.168 E2313.39871
G1 X153.193 Y124.262 E2313.40682
G1 X152.949 Y124.198 E2313.41521
G1 X152.802 Y124.039 E2313.42241
G1 X152.8 Y108.172 E2313.95015
G1 X142.2 Y108.172 E2314.3027
G1 X142.198 Y124.039 E2314.83044
G1 X142.05 Y124.198 E2314.83767
G1 X141.802 Y124.262 E2314.84619
G1 X141.598 Y124.197 E2314.85331
G1 X137.88 Y117.7 E2315.10228
G1 X136.848 Y117.7 E2315.13661
G1 X142.116 Y126.824 E2315.48702
G1 F2700 E2310.48702
;MESH:batclipholder.stl(2)
G0 F9000 X142.287 Y126.53
G0 X142.412 Y125.16
G0 X142.424 Y108.398
G0 X142.424 Y107.309
G0 X142.424 Y97.691
G0 X142.424 Y96.596
G0 X142.422 Y95.799
;TYPE:WALL-INNER
G1 F2700 E2315.48702
G1 F1685.4 X142.422 Y94.76 E2315.51778
G1 X142.245 Y94.952 E2315.52551
G1 X141.973 Y95.021 E2315.53381
G1 X142.422 Y95.799 E2315.5604
G0 F9000 X142.346 Y96.424
G1 F1500 X142.8 Y96.424 E2315.5755
G1 X142.8 Y95.089 E2315.61991
G1 F1327.4 X142.748 Y94.607 E2315.63813
G1 F1075.3 X142.695 Y94.125 E2315.66063
G1 F1188.1 X142.15 Y94.586 E2315.6906
G1 F1500 X141.902 Y94.649 E2315.69911
G1 F1373 X141.263 Y94.477 E2315.72316
G1 X141.658 Y95.23 E2315.75405
G1 F1500 X142.346 Y96.424 E2315.79989
G0 F9000 X142.517 Y96.13
G0 X141.263 Y94.477
G1 F1239.7 X137.621 Y88.146 E2316.09383
G0 F9000 X141.785 Y95.013
G0 X142.441 Y94.839
G0 X142.695 Y94.125
G1 F991.7 X142.7 Y80.5 E2316.77925
G0 F9000 X143.034 Y79.585
G1 F1282.1 X143.291 Y79.471 E2316.79019
G1 X151.709 Y79.471 E2317.11777
G1 F1284.8 X151.967 Y79.585 E2317.12872
G1 X151.967 Y79.005 E2317.15124
G1 F1282.1 X143.034 Y79.006 E2317.49887
G1 X143.034 Y79.585 E2317.5214
G0 F9000 X142.7 Y80.5
G1 F1200 X143.002 Y80.05 E2317.54393
G1 F1500 X143.337 Y79.903 E2317.5561
G1 X151.663 Y79.902 E2317.83302
G1 X151.998 Y80.05 E2317.8452
G1 F1200 X152.3 Y80.5 E2317.86773
G1 X152.4 Y79.869 E2317.89429
G1 F1500 X152.4 Y78.572 E2317.93743
G1 X142.6 Y78.572 E2318.26338
G1 X142.6 Y79.869 E2318.30652
G1 F1200 X142.7 Y80.5 E2318.33308
G0 F9000 X142.962 Y80.062
G0 X152.038 Y80.062
G0 X152.3 Y80.5
G1 F991.7 X152.305 Y94.125 E2319.0185
G0 F9000 X152.559 Y94.839
G0 X153.215 Y95.013
G0 X153.793 Y94.382
G1 F1271.2 X155.584 Y91.265 E2319.15959
G1 F1229.5 X157.376 Y88.148 E2319.30548
G0 F9000 X153.215 Y95.013
G0 X152.578 Y95.794
G1 F1694.9 X153.025 Y95.021 E2319.33176
G1 X152.752 Y94.95 E2319.34007
G1 X152.578 Y94.76 E2319.34765
G1 X152.578 Y95.794 E2319.37809
G0 F9000 X152.2 Y96.424
G1 F1500 X152.649 Y96.424 E2319.39302
G1 X153.336 Y95.235 E2319.43869
G1 F1388.9 X153.793 Y94.382 E2319.47346
G1 X153.091 Y94.649 E2319.50043
G1 F1500 X152.847 Y94.585 E2319.50882
G1 F1188.1 X152.305 Y94.125 E2319.53867
G1 F1075.3 X152.253 Y94.605 E2319.56108
G1 F1327.4 X152.201 Y95.085 E2319.57922
G1 F1500 X152.2 Y96.424 E2319.62376
G1 F2700 E2314.62376
G0 F9000 X152.48 Y96.146
G0 X152.038 Y80.062
G0 X142.962 Y80.062
G0 X142.955 Y89.385
G0 X142.287 Y96.53
G0 X142.116 Y96.824
;TYPE:WALL-OUTER
G1 F2700 E2319.62376
G1 F1500 X143.2 Y96.824 E2319.65981
G1 X143.2 Y80.5 E2320.20275
G1 X143.267 Y80.35 E2320.20821
G1 X143.379 Y80.301 E2320.21228
G1 X151.621 Y80.3 E2320.48641
G1 X151.733 Y80.35 E2320.49049
G1 X151.8 Y80.5 E2320.49595
G1 X151.8 Y96.824 E2321.03889
G1 X152.88 Y96.824 E2321.07481
G1 X158.151 Y87.701 E2321.42525
G1 X157.117 Y87.7 E2321.45964
G1 X153.418 Y94.168 E2321.70746
G1 X153.193 Y94.262 E2321.71557
G1 X152.949 Y94.198 E2321.72396
G1 X152.802 Y94.039 E2321.73117
G1 X152.8 Y78.172 E2322.2589
G1 X142.2 Y78.172 E2322.61146
G1 X142.198 Y94.039 E2323.1392
G1 X142.05 Y94.198 E2323.14642
G1 X141.802 Y94.262 E2323.15494
G1 X141.598 Y94.197 E2323.16206
G1 X137.88 Y87.7 E2323.41104
G1 X136.848 Y87.7 E2323.44536
G1 X142.116 Y96.824 E2323.79578
G1 F2700 E2318.79578
;MESH:NONMESH
G0 F300 X142.116 Y96.824 Z10.2
G0 F9000 X142.287 Y96.53
G0 X137.227 Y87.92
G0 X136.289 Y88.463
G0 X128.88 Y86.841
G0 X126.617 Y86.841
G0 X123.665 Y87.92
G0 X122.57 Y87.92
G0 X122.038 Y80.062
G0 X113.034 Y79.585
;TIME_ELAPSED:4175.042297
;LAYER:50
;TYPE:WALL-INNER
;MESH:batclipholder.stl(1)
G1 F2700 E2323.79578
G1 F1282.1 X113.291 Y79.471 E2323.80672
G1 X121.709 Y79.471 E2324.1343
G1 F1284.8 X121.967 Y79.585 E2324.14525
G1 X121.967 Y79.005 E2324.16777
G1 F1282.1 X113.034 Y79.006 E2324.5154
G1 X113.034 Y79.585 E2324.53793
G0 F9000 X122.038 Y80.062
G0 X122.3 Y80.5
G1 F1200 X122.4 Y79.869 E2324.56449
G1 F1500 X122.4 Y78.572 E2324.60763
G1 X112.6 Y78.572 E2324.93358
G1 X112.6 Y79.869 E2324.97672
G1 F1200 X112.7 Y80.5 E2325.00328
G1 X113.002 Y80.05 E2325.02581
G1 F1500 X113.337 Y79.903 E2325.03798
G1 X121.663 Y79.902 E2325.3149
G1 X121.998 Y80.05 E2325.32708
G1 F1200 X122.3 Y80.5 E2325.34961
G1 F991.7 X122.305 Y94.125 E2326.03503
G0 F9000 X122.559 Y94.839
G0 X123.215 Y95.013
G0 X123.793 Y94.382
G1 F1271.2 X125.584 Y91.265 E2326.17612
G1 F1229.5 X127.376 Y88.148 E2326.32201
G0 F9000 X123.215 Y95.013
G0 X122.578 Y95.794
G1 F1694.9 X123.025 Y95.021 E2326.3483
G1 X122.752 Y94.95 E2326.3566
G1 X122.578 Y94.76 E2326.36418
G1 X122.578 Y95.794 E2326.39462
G0 F9000 X122.2 Y96.424
G1 F1500 X122.649 Y96.424 E2326.40955
G1 X123.336 Y95.235 E2326.45523
G1 F1388.9 X123.793 Y94.382 E2326.48999
G1 X123.091 Y94.649 E2326.51697
G1 F1500 X122.847 Y94.585 E2326.52536
G1 F1188.1 X122.305 Y94.125 E2326.55521
G1 F1075.3 X122.253 Y94.605 E2326.57761
G1 F1327.4 X122.201 Y95.085 E2326.59575
G1 F1500 X122.2 Y96.424 E2326.64029
G1 F2700 E2321.64029
G0 F9000 X122.48 Y96.146
G0 X122.038 Y80.062
G0 X112.962 Y80.062
G0 X112.695 Y94.125
G1 F2700 E2326.64029
G1 F991.7 X112.7 Y80.5 E2327.32571
G0 F9000 X112.441 Y94.839
G0 X111.785 Y95.013
G0 X107.621 Y88.146
G1 F1239.7 X111.263 Y94.477 E2327.61965
G0 F9000 X112.422 Y95.799
G1 F1685.4 X112.422 Y94.76 E2327.6504
G1 X112.245 Y94.952 E2327.65813
G1 X111.973 Y95.021 E2327.66644
G1 X112.422 Y95.799 E2327.69303
G0 F9000 X112.8 Y96.424
G1 F1500 X112.8 Y95.089 E2327.73743
G1 F1327.4 X112.748 Y94.607 E2327.75565
G1 F1075.3 X112.695 Y94.125 E2327.77815
G1 F1188.1 X112.15 Y94.586 E2327.80813
G1 F1500 X111.902 Y94.649 E2327.81664
G1 F1373 X111.263 Y94.477 E2327.84068
G1 X111.658 Y95.23 E2327.87158
G1 F1500 X112.346 Y96.424 E2327.91741
G1 X112.8 Y96.424 E2327.93251
G0 F9000 X113.2 Y96.824
;TYPE:WALL-OUTER
G1 F1500 X113.2 Y80.5 E2328.47545
G1 X113.267 Y80.35 E2328.48092
G1 X113.379 Y80.301 E2328.48498
G1 X121.621 Y80.3 E2328.75911
G1 X121.733 Y80.35 E2328.76319
G1 X121.8 Y80.5 E2328.76866
G1 X121.8 Y96.824 E2329.31159
G1 X122.88 Y96.824 E2329.34752
G1 X128.151 Y87.701 E2329.69795
G1 X127.117 Y87.7 E2329.73234
G1 X123.418 Y94.168 E2329.98017
G1 X123.193 Y94.262 E2329.98828
G1 X122.949 Y94.198 E2329.99667
G1 X122.802 Y94.039 E2330.00387
G1 X122.8 Y78.172 E2330.53161
G1 X112.2 Y78.172 E2330.88416
G1 X112.198 Y94.039 E2331.4119
G1 X112.05 Y94.198 E2331.41913
G1 X111.802 Y94.262 E2331.42765
G1 X111.598 Y94.197 E2331.43477
G1 X107.88 Y87.7 E2331.68374
G1 X106.848 Y87.7 E2331.71806
G1 X112.116 Y96.824 E2332.06848
G1 X113.2 Y96.824 E2332.10453
G1 F2700 E2327.10453
;MESH:batclipholder.stl
G0 F9000 X112.92 Y96.546
G0 X112.976 Y97.691
G0 X112.976 Y107.309
G0 X112.976 Y108.404
G0 X113.034 Y109.585
;TYPE:WALL-INNER
G1 F2700 E2332.10453
G1 F1282.1 X113.291 Y109.471 E2332.11547
G1 X121.709 Y109.471 E2332.44306
G1 F1284.8 X121.967 Y109.585 E2332.45401
G1 X121.967 Y109.005 E2332.47653
G1 F1282.1 X113.034 Y109.006 E2332.82415
G1 X113.034 Y109.585 E2332.84668
G0 F9000 X122.038 Y110.062
G0 X122.3 Y110.5
G1 F1200 X122.4 Y109.869 E2332.87325
G1 F1500 X122.4 Y108.572 E2332.91638
G1 X112.6 Y108.572 E2333.24233
G1 X112.6 Y109.869 E2333.28547
G1 F1200 X112.7 Y110.5 E2333.31203
G1 X113.002 Y110.05 E2333.33456
G1 F1500 X113.337 Y109.903 E2333.34673
G1 X121.663 Y109.902 E2333.62366
G1 X121.998 Y110.05 E2333.63584
G1 F1200 X122.3 Y110.5 E2333.65837
G1 F991.7 X122.305 Y124.125 E2334.34379
G0 F9000 X122.559 Y124.839
G0 X123.215 Y125.013
G0 X123.793 Y124.382
G1 F1271.2 X125.584 Y121.265 E2334.48488
G1 F1229.5 X127.376 Y118.148 E2334.63077
G0 F9000 X123.215 Y125.013
G0 X122.578 Y125.794
G1 F1694.9 X123.025 Y125.021 E2334.65705
G1 X122.752 Y124.95 E2334.66536
G1 X122.578 Y124.76 E2334.67294
G1 X122.578 Y125.794 E2334.70338
G0 F9000 X122.2 Y126.424
G1 F1500 X122.649 Y126.424 E2334.71831
G1 X123.336 Y125.235 E2334.76398
G1 F1388.9 X123.793 Y124.382 E2334.79874
G1 X123.091 Y124.649 E2334.82572
G1 F1500 X122.847 Y124.585 E2334.83411
G1 F1188.1 X122.305 Y124.125 E2334.86396
G1 F1075.3 X122.253 Y124.605 E2334.88636
G1 F1327.4 X122.201 Y125.085 E2334.90451
G1 F1500 X122.2 Y126.424 E2334.94905
G1 F2700 E2329.94905
G0 F9000 X122.48 Y126.146
G0 X122.038 Y110.062
G0 X112.962 Y110.062
G0 X112.695 Y124.125
G1 F2700 E2334.94905
G1 F991.7 X112.7 Y110.5 E2335.63446
G0 F9000 X112.441 Y124.839
G0 X111.785 Y125.013
G0 X107.621 Y118.146
G1 F1239.7 X111.263 Y124.477 E2335.9284
G0 F9000 X112.422 Y125.799
G1 F1685.4 X112.422 Y124.76 E2335.95916
G1 X112.245 Y124.952 E2335.96689
G1 X111.973 Y125.021 E2335.9752
G1 X112.422 Y125.799 E2336.00179
G0 F9000 X112.8 Y126.424
G1 F1500 X112.8 Y125.089 E2336.04619
G1 F1327.4 X112.748 Y124.607 E2336.06441
G1 F1075.3 X112.695 Y124.125 E2336.08691
G1 F1188.1 X112.15 Y124.586 E2336.11688
G1 F1500 X111.902 Y124.649 E2336.12539
G1 F1373 X111.263 Y124.477 E2336.14944
G1 X111.658 Y125.23 E2336.18034
G1 F1500 X112.346 Y126.424 E2336.22617
G1 X112.8 Y126.424 E2336.24127
G0 F9000 X113.2 Y126.824
;TYPE:WALL-OUTER
G1 F1500 X113.2 Y110.5 E2336.78421
G1 X113.267 Y110.35 E2336.78967
G1 X113.379 Y110.301 E2336.79374
G1 X121.621 Y110.3 E2337.06787
G1 X121.733 Y110.35 E2337.07195
G1 X121.8 Y110.5 E2337.07741
G1 X121.8 Y126.824 E2337.62035
G1 X122.88 Y126.824 E2337.65627
G1 X128.151 Y117.701 E2338.00671
G1 X127.117 Y117.7 E2338.0411
G1 X123.418 Y124.168 E2338.28892
G1 X123.193 Y124.262 E2338.29703
G1 X122.949 Y124.198 E2338.30542
G1 X122.802 Y124.039 E2338.31262
G1 X122.8 Y108.172 E2338.84036
G1 X112.2 Y108.172 E2339.19292
G1 X112.198 Y124.039 E2339.72066
G1 X112.05 Y124.198 E2339.72788
G1 X111.802 Y124.262 E2339.7364
G1 X111.598 Y124.197 E2339.74352
G1 X107.88 Y117.7 E2339.9925
G1 X106.848 Y117.7 E2340.02682
G1 X112.116 Y126.824 E2340.37724
G1 X113.2 Y126.824 E2340.41329
G1 F2700 E2335.41329
;MESH:batclipholder.stl(3)
G0 F9000 X112.92 Y126.546
G0 X112.962 Y110.062
G0 X122.038 Y110.062
G0 X122.559 Y124.839
G0 X123.215 Y125.013
G0 X127.773 Y117.92
G0 X128.712 Y118.462
G0 X136.289 Y118.463
G0 X137.621 Y118.146
;TYPE:WALL-INNER
G1 F2700 E2340.41329
G1 F1239.7 X141.263 Y124.477 E2340.70723
G0 F9000 X141.785 Y125.013
G0 X142.441 Y124.839
G0 X142.695 Y124.125
G1 F991.7 X142.7 Y110.5 E2341.39265
G0 F9000 X143.034 Y109.585
G1 F1282.1 X143.291 Y109.471 E2341.40359
G1 X151.709 Y109.471 E2341.73117
G1 F1284.8 X151.967 Y109.585 E2341.74212
G1 X151.967 Y109.005 E2341.76465
G1 F1282.1 X143.034 Y109.006 E2342.11227
G1 X143.034 Y109.585 E2342.1348
G0 F9000 X142.7 Y110.5
G1 F1200 X143.002 Y110.05 E2342.15733
G1 F1500 X143.337 Y109.903 E2342.1695
G1 X151.663 Y109.902 E2342.44642
G1 X151.998 Y110.05 E2342.4586
G1 F1200 X152.3 Y110.5 E2342.48114
G1 X152.4 Y109.869 E2342.5077
G1 F1500 X152.4 Y108.572 E2342.55083
G1 X142.6 Y108.572 E2342.87678
G1 X142.6 Y109.869 E2342.91992
G1 F1200 X142.7 Y110.5 E2342.94648
G0 F9000 X142.962 Y110.062
G0 X152.038 Y110.062
G0 X152.3 Y110.5
G1 F991.7 X152.305 Y124.125 E2343.6319
G0 F9000 X152.559 Y124.839
G0 X153.215 Y125.013
G0 X153.793 Y124.382
G1 F1271.2 X155.584 Y121.265 E2343.77299
G1 F1229.5 X157.376 Y118.148 E2343.91888
G0 F9000 X153.215 Y125.013
G0 X152.578 Y125.794
G1 F1694.9 X153.025 Y125.021 E2343.94517
G1 X152.752 Y124.95 E2343.95347
G1 X152.578 Y124.76 E2343.96105
G1 X152.578 Y125.794 E2343.99149
G0 F9000 X152.2 Y126.424
G1 F1500 X152.649 Y126.424 E2344.00642
G1 X153.336 Y125.235 E2344.0521
G1 F1388.9 X153.793 Y124.382 E2344.08686
G1 X153.091 Y124.649 E2344.11384
G1 F1500 X152.847 Y124.585 E2344.12223
G1 F1188.1 X152.305 Y124.125 E2344.15208
G1 F1075.3 X152.253 Y124.605 E2344.17448
G1 F1327.4 X152.201 Y125.085 E2344.19263
G1 F1500 X152.2 Y126.424 E2344.23716
G1 F2700 E2339.23716
G0 F9000 X152.48 Y126.146
G0 X152.038 Y110.062
G0 X142.962 Y110.062
G0 X142.422 Y125.799
G1 F2700 E2344.23716
G1 F1685.4 X142.422 Y124.76 E2344.26792
G1 X142.245 Y124.952 E2344.27565
G1 X141.973 Y125.021 E2344.28395
G1 X142.422 Y125.799 E2344.31054
G0 F9000 X142.346 Y126.424
G1 F1500 X142.8 Y126.424 E2344.32564
G1 X142.8 Y125.089 E2344.37005
G1 F1327.4 X142.748 Y124.607 E2344.38827
G1 F1075.3 X142.695 Y124.125 E2344.41076
G1 F1188.1 X142.15 Y124.586 E2344.44074
G1 F1500 X141.902 Y124.649 E2344.44925
G1 F1373 X141.263 Y124.477 E2344.47329
G1 X141.658 Y125.23 E2344.50419
G1 F1500 X142.346 Y126.424 E2344.55003
G0 F9000 X142.116 Y126.824
;TYPE:WALL-OUTER
G1 F1500 X143.2 Y126.824 E2344.58608
G1 X143.2 Y110.5 E2345.12902
G1 X143.267 Y110.35 E2345.13448
G1 X143.379 Y110.301 E2345.13855
G1 X151.621 Y110.3 E2345.41268
G1 X151.733 Y110.35 E2345.41676
G1 X151.8 Y110.5 E2345.42222
G1 X151.8 Y126.824 E2345.96516
G1 X152.88 Y126.824 E2346.00108
G1 X158.151 Y117.701 E2346.35152
G1 X157.117 Y117.7 E2346.38591
G1 X153.418 Y124.168 E2346.63373
G1 X153.193 Y124.262 E2346.64184
G1 X152.949 Y124.198 E2346.65023
G1 X152.802 Y124.039 E2346.65743
G1 X152.8 Y108.172 E2347.18517
G1 X142.2 Y108.172 E2347.53773
G1 X142.198 Y124.039 E2348.06547
G1 X142.05 Y124.198 E2348.07269
G1 X141.802 Y124.262 E2348.08121
G1 X141.598 Y124.197 E2348.08833
G1 X137.88 Y117.7 E2348.33731
G1 X136.848 Y117.7 E2348.37163
G1 X142.116 Y126.824 E2348.72205
G1 F2700 E2343.72205
;MESH:batclipholder.stl(2)
G0 F9000 X142.287 Y126.53
G0 X142.412 Y125.16
G0 X142.424 Y108.398
G0 X142.424 Y107.309
G0 X142.424 Y97.691
G0 X142.424 Y96.596
G0 X142.422 Y95.799
;TYPE:WALL-INNER
G1 F2700 E2348.72205
G1 F1685.4 X142.422 Y94.76 E2348.7528
G1 X142.245 Y94.952 E2348.76053
G1 X141.973 Y95.021 E2348.76884
G1 X142.422 Y95.799 E2348.79543
G0 F9000 X142.346 Y96.424
G1 F1500 X142.8 Y96.424 E2348.81053
G1 X142.8 Y95.089 E2348.85493
G1 F1327.4 X142.748 Y94.607 E2348.87315
G1 F1075.3 X142.695 Y94.125 E2348.89565
G1 F1188.1 X142.15 Y94.586 E2348.92563
G1 F1500 X141.902 Y94.649 E2348.93414
G1 F1373 X141.263 Y94.477 E2348.95818
G1 X141.658 Y95.23 E2348.98908
G1 F1500 X142.346 Y96.424 E2349.03491
G0 F9000 X142.517 Y96.13
G0 X141.263 Y94.477
G1 F1239.7 X137.621 Y88.146 E2349.32885
G0 F9000 X141.785 Y95.013
G0 X142.441 Y94.839
G0 X142.695 Y94.125
G1 F991.7 X142.7 Y80.5 E2350.01427
G0 F9000 X143.034 Y79.585
G1 F1282.1 X143.291 Y79.471 E2350.02521
G1 X151.709 Y79.471 E2350.35279
G1 F1284.8 X151.967 Y79.585 E2350.36375
G1 X151.967 Y79.005 E2350.38627
G1 F1282.1 X143.034 Y79.006 E2350.73389
G1 X143.034 Y79.585 E2350.75642
G0 F9000 X142.7 Y80.5
G1 F1200 X143.002 Y80.05 E2350.77895
G1 F1500 X143.337 Y79.903 E2350.79112
G1 X151.663 Y79.902 E2351.06804
G1 X151.998 Y80.05 E2351.08023
G1 F1200 X152.3 Y80.5 E2351.10276
G1 X152.4 Y79.869 E2351.12932
G1 F1500 X152.4 Y78.572 E2351.17246
G1 X142.6 Y78.572 E2351.49841
G1 X142.6 Y79.869 E2351.54154
G1 F1200 X142.7 Y80.5 E2351.56811
G0 F9000 X142.962 Y80.062
G0 X152.038 Y80.062
G0 X152.3 Y80.5
G1 F991.7 X152.305 Y94.125 E2352.25352
G0 F9000 X152.559 Y94.839
G0 X153.215 Y95.013
G0 X153.793 Y94.382
G1 F1271.2 X155.584 Y91.265 E2352.39461
G1 F1229.5 X157.376 Y88.148 E2352.54051
G0 F9000 X153.215 Y95.013
G0 X152.578 Y95.794
G1 F1694.9 X153.025 Y95.021 E2352.56679
G1 X152.752 Y94.95 E2352.57509
G1 X152.578 Y94.76 E2352.58268
G1 X152.578 Y95.794 E2352.61311
G0 F9000 X152.2 Y96.424
G1 F1500 X152.649 Y96.424 E2352.62805
G1 X153.336 Y95.235 E2352.67372
G1 F1388.9 X153.793 Y94.382 E2352.70848
G1 X153.091 Y94.649 E2352.73546
G1 F1500 X152.847 Y94.585 E2352.74385
G1 F1188.1 X152.305 Y94.125 E2352.7737
G1 F1075.3 X152.253 Y94.605 E2352.7961
G1 F1327.4 X152.201 Y95.085 E2352.81425
G1 F1500 X152.2 Y96.424 E2352.85878
G1 F2700 E2347.85878
G0 F9000 X152.48 Y96.146
G0 X152.038 Y80.062
G0 X142.962 Y80.062
G0 X142.955 Y89.385
G0 X142.287 Y96.53
G0 X142.116 Y96.824
;TYPE:WALL-OUTER
G1 F2700 E2352.85878
G1 F1500 X143.2 Y96.824 E2352.89484
G1 X143.2 Y80.5 E2353.43777
G1 X143.267 Y80.35 E2353.44324
G1 X143.379 Y80.301 E2353.44731
G1 X151.621 Y80.3 E2353.72144
G1 X151.733 Y80.35 E2353.72551
G1 X151.8 Y80.5 E2353.73098
G1 X151.8 Y96.824 E2354.27392
G1 X152.88 Y96.824 E2354.30984
G1 X158.151 Y87.701 E2354.66028
G1 X157.117 Y87.7 E2354.69467
G1 X153.418 Y94.168 E2354.94249
G1 X153.193 Y94.262 E2354.9506
G1 X152.949 Y94.198 E2354.95899
G1 X152.802 Y94.039 E2354.96619
G1 X152.8 Y78.172 E2355.49393
G1 X142.2 Y78.172 E2355.84649
G1 X142.198 Y94.039 E2356.37423
G1 X142.05 Y94.198 E2356.38145
G1 X141.802 Y94.262 E2356.38997
G1 X141.598 Y94.197 E2356.39709
G1 X137.88 Y87.7 E2356.64606
G1 X136.848 Y87.7 E2356.68039
G1 X142.116 Y96.824 E2357.0308
G1 F2700 E2352.0308
;MESH:NONMESH
G0 F300 X142.116 Y96.824 Z10.4
G0 F9000 X142.287 Y96.53
G0 X137.227 Y87.92
G0 X136.289 Y88.463
G0 X128.88 Y86.841
G0 X126.617 Y86.841
G0 X123.665 Y87.92
G0 X122.57 Y87.92
G0 X122.038 Y80.062
G0 X113.034 Y79.585
;TIME_ELAPSED:4234.602083
;LAYER:51
;TYPE:WALL-INNER
;MESH:batclipholder.stl(1)
G1 F2700 E2357.0308
G1 F1282.1 X113.291 Y79.471 E2357.04174
G1 X121.709 Y79.471 E2357.36932
G1 F1284.8 X121.967 Y79.585 E2357.38028
G1 X121.967 Y79.005 E2357.4028
G1 F1282.1 X113.034 Y79.006 E2357.75042
G1 X113.034 Y79.585 E2357.77295
G0 F9000 X122.038 Y80.062
G0 X122.3 Y80.5
G1 F1200 X122.4 Y79.869 E2357.79951
G1 F1500 X122.4 Y78.572 E2357.84265
G1 X112.6 Y78.572 E2358.1686
G1 X112.6 Y79.869 E2358.21174
G1 F1200 X112.7 Y80.5 E2358.2383
G1 X113.002 Y80.05 E2358.26083
G1 F1500 X113.337 Y79.903 E2358.273
G1 X121.663 Y79.902 E2358.54992
G1 X121.998 Y80.05 E2358.56211
G1 F1200 X122.3 Y80.5 E2358.58464
G1 F991.7 X122.305 Y94.125 E2359.27006
G0 F9000 X122.559 Y94.839
G0 X123.215 Y95.013
G0 X123.793 Y94.382
G1 F1271.2 X125.584 Y91.265 E2359.41115
G1 F1229.5 X127.376 Y88.148 E2359.55704
G0 F9000 X123.215 Y95.013
G0 X122.578 Y95.794
G1 F1694.9 X123.025 Y95.021 E2359.58332
G1 X122.752 Y94.95 E2359.59162
G1 X122.578 Y94.76 E2359.59921
G1 X122.578 Y95.794 E2359.62964
G0 F9000 X122.2 Y96.424
G1 F1500 X122.649 Y96.424 E2359.64458
G1 X123.336 Y95.235 E2359.69025
G1 F1388.9 X123.793 Y94.382 E2359.72501
G1 X123.091 Y94.649 E2359.75199
G1 F1500 X122.847 Y94.585 E2359.76038
G1 F1188.1 X122.305 Y94.125 E2359.79023
G1 F1075.3 X122.253 Y94.605 E2359.81263
G1 F1327.4 X122.201 Y95.085 E2359.83078
G1 F1500 X122.2 Y96.424 E2359.87531
G1 F2700 E2354.87531
G0 F9000 X122.48 Y96.146
G0 X122.038 Y80.062
G0 X112.962 Y80.062
G0 X112.695 Y94.125
G1 F2700 E2359.87531
G1 F991.7 X112.7 Y80.5 E2360.56073
G0 F9000 X112.441 Y94.839
G0 X111.785 Y95.013
G0 X107.621 Y88.146
G1 F1239.7 X111.263 Y94.477 E2360.85467
G0 F9000 X112.422 Y95.799
G1 F1685.4 X112.422 Y94.76 E2360.88543
G1 X112.245 Y94.952 E2360.89316
G1 X111.973 Y95.021 E2360.90147
G1 X112.422 Y95.799 E2360.92806
G0 F9000 X112.8 Y96.424
G1 F1500 X112.8 Y95.089 E2360.97246
G1 F1327.4 X112.748 Y94.607 E2360.99068
G1 F1075.3 X112.695 Y94.125 E2361.01318
G1 F1188.1 X112.15 Y94.586 E2361.04315
G1 F1500 X111.902 Y94.649 E2361.05166
G1 F1373 X111.263 Y94.477 E2361.07571
G1 X111.658 Y95.23 E2361.10661
G1 F1500 X112.346 Y96.424 E2361.15244
G1 X112.8 Y96.424 E2361.16754
G0 F9000 X113.2 Y96.824
;TYPE:WALL-OUTER
G1 F1500 X113.2 Y80.5 E2361.71048
G1 X113.267 Y80.35 E2361.71594
G1 X113.379 Y80.301 E2361.72001
G1 X121.621 Y80.3 E2361.99414
G1 X121.733 Y80.35 E2361.99822
G1 X121.8 Y80.5 E2362.00368
G1 X121.8 Y96.824 E2362.54662
G1 X122.88 Y96.824 E2362.58254
G1 X128.151 Y87.701 E2362.93298
G1 X127.117 Y87.7 E2362.96737
G1 X123.418 Y94.168 E2363.21519
G1 X123.193 Y94.262 E2363.2233
G1 X122.949 Y94.198 E2363.23169
G1 X122.802 Y94.039 E2363.23889
G1 X122.8 Y78.172 E2363.76663
G1 X112.2 Y78.172 E2364.11919
G1 X112.198 Y94.039 E2364.64693
G1 X112.05 Y94.198 E2364.65415
G1 X111.802 Y94.262 E2364.66267
G1 X111.598 Y94.197 E2364.66979
G1 X107.88 Y87.7 E2364.91876
G1 X106.848 Y87.7 E2364.95309
G1 X112.116 Y96.824 E2365.30351
G1 X113.2 Y96.824 E2365.33956
G1 F2700 E2360.33956
;MESH:batclipholder.stl
G0 F9000 X112.92 Y96.546
G0 X112.976 Y97.691
G0 X112.976 Y107.309
G0 X112.976 Y108.404
G0 X113.034 Y109.585
;TYPE:WALL-INNER
G1 F2700 E2365.33956
G1 F1282.1 X113.291 Y109.471 E2365.3505
G1 X121.709 Y109.471 E2365.67808
G1 F1284.8 X121.967 Y109.585 E2365.68903
G1 X121.967 Y109.005 E2365.71156
G1 F1282.1 X113.034 Y109.006 E2366.05918
G1 X113.034 Y109.585 E2366.08171
G0 F9000 X122.038 Y110.062
G0 X122.3 Y110.5
G1 F1200 X122.4 Y109.869 E2366.10827
G1 F1500 X122.4 Y108.572 E2366.15141
G1 X112.6 Y108.572 E2366.47736
G1 X112.6 Y109.869 E2366.5205
G1 F1200 X112.7 Y110.5 E2366.54706
G1 X113.002 Y110.05 E2366.56959
G1 F1500 X113.337 Y109.903 E2366.58176
G1 X121.663 Y109.902 E2366.85868
G1 X121.998 Y110.05 E2366.87086
G1 F1200 X122.3 Y110.5 E2366.89339
G1 F991.7 X122.305 Y124.125 E2367.57881
G0 F9000 X122.559 Y124.839
G0 X123.215 Y125.013
G0 X123.793 Y124.382
G1 F1271.2 X125.584 Y121.265 E2367.7199
G1 F1229.5 X127.376 Y118.148 E2367.86579
G0 F9000 X123.215 Y125.013
G0 X122.578 Y125.794
G1 F1694.9 X123.025 Y125.021 E2367.89208
G1 X122.752 Y124.95 E2367.90038
G1 X122.578 Y124.76 E2367.90796
G1 X122.578 Y125.794 E2367.9384
G0 F9000 X122.2 Y126.424
G1 F1500 X122.649 Y126.424 E2367.95333
G1 X123.336 Y125.235 E2367.99901
G1 F1388.9 X123.793 Y124.382 E2368.03377
G1 X123.091 Y124.649 E2368.06075
G1 F1500 X122.847 Y124.585 E2368.06914
G1 F1188.1 X122.305 Y124.125 E2368.09899
G1 F1075.3 X122.253 Y124.605 E2368.12139
G1 F1327.4 X122.201 Y125.085 E2368.13953
G1 F1500 X122.2 Y126.424 E2368.18407
G1 F2700 E2363.18407
G0 F9000 X122.48 Y126.146
G0 X122.038 Y110.062
G0 X112.962 Y110.062
G0 X112.695 Y124.125
G1 F2700 E2368.18407
G1 F991.7 X112.7 Y110.5 E2368.86949
G0 F9000 X112.441 Y124.839
G0 X111.785 Y125.013
G0 X107.621 Y118.146
G1 F1239.7 X111.263 Y124.477 E2369.16343
G0 F9000 X112.422 Y125.799
G1 F1685.4 X112.422 Y124.76 E2369.19419
G1 X112.245 Y124.952 E2369.20192
G1 X111.973 Y125.021 E2369.21022
G1 X112.422 Y125.799 E2369.23681
G0 F9000 X112.8 Y126.424
G1 F1500 X112.8 Y125.089 E2369.28121
G1 F1327.4 X112.748 Y124.607 E2369.29943
G1 F1075.3 X112.695 Y124.125 E2369.32193
G1 F1188.1 X112.15 Y124.586 E2369.35191
G1 F1500 X111.902 Y124.649 E2369.36042
G1 F1373 X111.263 Y124.477 E2369.38446
G1 X111.658 Y125.23 E2369.41536
G1 F1500 X112.346 Y126.424 E2369.46119
G1 X112.8 Y126.424 E2369.4763
G0 F9000 X113.2 Y126.824
;TYPE:WALL-OUTER
G1 F1500 X113.2 Y110.5 E2370.01923
G1 X113.267 Y110.35 E2370.0247
G1 X113.379 Y110.301 E2370.02876
G1 X121.621 Y110.3 E2370.30289
G1 X121.733 Y110.35 E2370.30697
G1 X121.8 Y110.5 E2370.31244
G1 X121.8 Y126.824 E2370.85538
G1 X122.88 Y126.824 E2370.8913
G1 X128.151 Y117.701 E2371.24173
G1 X127.117 Y117.7 E2371.27612
G1 X123.418 Y124.168 E2371.52395
G1 X123.193 Y124.262 E2371.53206
G1 X122.949 Y124.198 E2371.54045
G1 X122.802 Y124.039 E2371.54765
G1 X122.8 Y108.172 E2372.07539
G1 X112.2 Y108.172 E2372.42795
G1 X112.198 Y124.039 E2372.95568
G1 X112.05 Y124.198 E2372.96291
G1 X111.802 Y124.262 E2372.97143
G1 X111.598 Y124.197 E2372.97855
G1 X107.88 Y117.7 E2373.22752
G1 X106.848 Y117.7 E2373.26185
G1 X112.116 Y126.824 E2373.61226
G1 X113.2 Y126.824 E2373.64832
G1 F2700 E2368.64832
;MESH:batclipholder.stl(3)
G0 F9000 X112.92 Y126.546
G0 X112.962 Y110.062
G0 X122.038 Y110.062
G0 X122.559 Y124.839
G0 X123.215 Y125.013
G0 X127.773 Y117.92
G0 X128.712 Y118.462
G0 X136.289 Y118.463
G0 X137.621 Y118.146
;TYPE:WALL-INNER
G1 F2700 E2373.64832
G1 F1239.7 X141.263 Y124.477 E2373.94226
G0 F9000 X141.785 Y125.013
G0 X142.441 Y124.839
G0 X142.695 Y124.125
G1 F991.7 X142.7 Y110.5 E2374.62767
G0 F9000 X143.034 Y109.585
G1 F1282.1 X143.291 Y109.471 E2374.63862
G1 X151.709 Y109.471 E2374.9662
G1 F1284.8 X151.967 Y109.585 E2374.97715
G1 X151.967 Y109.005 E2374.99967
G1 F1282.1 X143.034 Y109.006 E2375.34729
G1 X143.034 Y109.585 E2375.36982
G0 F9000 X142.7 Y110.5
G1 F1200 X143.002 Y110.05 E2375.39236
G1 F1500 X143.337 Y109.903 E2375.40452
G1 X151.663 Y109.902 E2375.68145
G1 X151.998 Y110.05 E2375.69363
G1 F1200 X152.3 Y110.5 E2375.71616
G1 X152.4 Y109.869 E2375.74272
G1 F1500 X152.4 Y108.572 E2375.78586
G1 X142.6 Y108.572 E2376.11181
G1 X142.6 Y109.869 E2376.15495
G1 F1200 X142.7 Y110.5 E2376.18151
G0 F9000 X142.962 Y110.062
G0 X152.038 Y110.062
G0 X152.3 Y110.5
G1 F991.7 X152.305 Y124.125 E2376.86693
G0 F9000 X152.559 Y124.839
G0 X153.215 Y125.013
G0 X153.793 Y124.382
G1 F1271.2 X155.584 Y121.265 E2377.00802
G1 F1229.5 X157.376 Y118.148 E2377.15391
G0 F9000 X153.215 Y125.013
G0 X152.578 Y125.794
G1 F1694.9 X153.025 Y125.021 E2377.18019
G1 X152.752 Y124.95 E2377.1885
G1 X152.578 Y124.76 E2377.19608
G1 X152.578 Y125.794 E2377.22652
G0 F9000 X152.2 Y126.424
G1 F1500 X152.649 Y126.424 E2377.24145
G1 X153.336 Y125.235 E2377.28712
G1 F1388.9 X153.793 Y124.382 E2377.32188
G1 X153.091 Y124.649 E2377.34886
G1 F1500 X152.847 Y124.585 E2377.35725
G1 F1188.1 X152.305 Y124.125 E2377.3871
G1 F1075.3 X152.253 Y124.605 E2377.4095
G1 F1327.4 X152.201 Y125.085 E2377.42765
G1 F1500 X152.2 Y126.424 E2377.47219
G1 F2700 E2372.47219
G0 F9000 X152.48 Y126.146
G0 X152.038 Y110.062
G0 X142.962 Y110.062
G0 X142.422 Y125.799
G1 F2700 E2377.47219
G1 F1685.4 X142.422 Y124.76 E2377.50294
G1 X142.245 Y124.952 E2377.51067
G1 X141.973 Y125.021 E2377.51898
G1 X142.422 Y125.799 E2377.54557
G0 F9000 X142.346 Y126.424
G1 F1500 X142.8 Y126.424 E2377.56067
G1 X142.8 Y125.089 E2377.60507
G1 F1327.4 X142.748 Y124.607 E2377.62329
G1 F1075.3 X142.695 Y124.125 E2377.64579
G1 F1188.1 X142.15 Y124.586 E2377.67576
G1 F1500 X141.902 Y124.649 E2377.68427
G1 F1373 X141.263 Y124.477 E2377.70832
G1 X141.658 Y125.23 E2377.73922
G1 F1500 X142.346 Y126.424 E2377.78505
G0 F9000 X142.116 Y126.824
;TYPE:WALL-OUTER
G1 F1500 X143.2 Y126.824 E2377.82111
G1 X143.2 Y110.5 E2378.36404
G1 X143.267 Y110.35 E2378.36951
G1 X143.379 Y110.301 E2378.37357
G1 X151.621 Y110.3 E2378.6477
G1 X151.733 Y110.35 E2378.65178
G1 X151.8 Y110.5 E2378.65725
G1 X151.8 Y126.824 E2379.20019
G1 X152.88 Y126.824 E2379.23611
G1 X158.151 Y117.701 E2379.58654
G1 X157.117 Y117.7 E2379.62094
G1 X153.418 Y124.168 E2379.86876
G1 X153.193 Y124.262 E2379.87687
G1 X152.949 Y124.198 E2379.88526
G1 X152.802 Y124.039 E2379.89246
G1 X152.8 Y108.172 E2380.4202
G1 X142.2 Y108.172 E2380.77276
G1 X142.198 Y124.039 E2381.30049
G1 X142.05 Y124.198 E2381.30772
G1 X141.802 Y124.262 E2381.31624
G1 X141.598 Y124.197 E2381.32336
G1 X137.88 Y117.7 E2381.57233
G1 X136.848 Y117.7 E2381.60666
G1 X142.116 Y126.824 E2381.95707
G1 F2700 E2376.95707
;MESH:batclipholder.stl(2)
G0 F9000 X142.287 Y126.53
G0 X142.412 Y125.16
G0 X142.424 Y108.398
G0 X142.424 Y107.309
G0 X142.424 Y97.691
G0 X142.424 Y96.596
G0 X142.422 Y95.799
;TYPE:WALL-INNER
G1 F2700 E2381.95707
G1 F1685.4 X142.422 Y94.76 E2381.98783
G1 X142.245 Y94.952 E2381.99556
G1 X141.973 Y95.021 E2382.00386
G1 X142.422 Y95.799 E2382.03045
G0 F9000 X142.346 Y96.424
G1 F1500 X142.8 Y96.424 E2382.04555
G1 X142.8 Y95.089 E2382.08996
G1 F1327.4 X142.748 Y94.607 E2382.10818
G1 F1075.3 X142.695 Y94.125 E2382.13068
G1 F1188.1 X142.15 Y94.586 E2382.16065
G1 F1500 X141.902 Y94.649 E2382.16916
G1 F1373 X141.263 Y94.477 E2382.19321
G1 X141.658 Y95.23 E2382.2241
G1 F1500 X142.346 Y96.424 E2382.26994
G0 F9000 X142.517 Y96.13
G0 X141.263 Y94.477
G1 F1239.7 X137.621 Y88.146 E2382.56388
G0 F9000 X141.785 Y95.013
G0 X142.441 Y94.839
G0 X142.695 Y94.125
G1 F991.7 X142.7 Y80.5 E2383.2493
G0 F9000 X143.034 Y79.585
G1 F1282.1 X143.291 Y79.471 E2383.26024
G1 X151.709 Y79.471 E2383.58782
G1 F1284.8 X151.967 Y79.585 E2383.59877
G1 X151.967 Y79.005 E2383.62129
G1 F1282.1 X143.034 Y79.006 E2383.96892
G1 X143.034 Y79.585 E2383.99145
G0 F9000 X142.7 Y80.5
G1 F1200 X143.002 Y80.05 E2384.01398
G1 F1500 X143.337 Y79.903 E2384.02615
G1 X151.663 Y79.902 E2384.30307
G1 X151.998 Y80.05 E2384.31525
G1 F1200 X152.3 Y80.5 E2384.33778
G1 X152.4 Y79.869 E2384.36434
G1 F1500 X152.4 Y78.572 E2384.40748
G1 X142.6 Y78.572 E2384.73343
G1 X142.6 Y79.869 E2384.77657
G1 F1200 X142.7 Y80.5 E2384.80313
G0 F9000 X142.962 Y80.062
G0 X152.038 Y80.062
G0 X152.3 Y80.5
G1 F991.7 X152.305 Y94.125 E2385.48855
G0 F9000 X152.559 Y94.839
G0 X153.215 Y95.013
G0 X153.793 Y94.382
G1 F1271.2 X155.584 Y91.265 E2385.62964
G1 F1229.5 X157.376 Y88.148 E2385.77553
G0 F9000 X153.215 Y95.013
G0 X152.578 Y95.794
G1 F1694.9 X153.025 Y95.021 E2385.80182
G1 X152.752 Y94.95 E2385.81012
G1 X152.578 Y94.76 E2385.8177
G1 X152.578 Y95.794 E2385.84814
G0 F9000 X152.2 Y96.424
G1 F1500 X152.649 Y96.424 E2385.86307
G1 X153.336 Y95.235 E2385.90874
G1 F1388.9 X153.793 Y94.382 E2385.94351
G1 X153.091 Y94.649 E2385.97048
G1 F1500 X152.847 Y94.585 E2385.97887
G1 F1188.1 X152.305 Y94.125 E2386.00873
G1 F1075.3 X152.253 Y94.605 E2386.03113
G1 F1327.4 X152.201 Y95.085 E2386.04927
G1 F1500 X152.2 Y96.424 E2386.09381
G1 F2700 E2381.09381
G0 F9000 X152.48 Y96.146
G0 X152.038 Y80.062
G0 X142.962 Y80.062
G0 X142.955 Y89.385
G0 X142.287 Y96.53
G0 X142.116 Y96.824
;TYPE:WALL-OUTER
G1 F2700 E2386.09381
G1 F1500 X143.2 Y96.824 E2386.12986
G1 X143.2 Y80.5 E2386.6728
G1 X143.267 Y80.35 E2386.67826
G1 X143.379 Y80.301 E2386.68233
G1 X151.621 Y80.3 E2386.95646
G1 X151.733 Y80.35 E2386.96054
G1 X151.8 Y80.5 E2386.966
G1 X151.8 Y96.824 E2387.50894
G1 X152.88 Y96.824 E2387.54486
G1 X158.151 Y87.701 E2387.8953
G1 X157.117 Y87.7 E2387.92969
G1 X153.418 Y94.168 E2388.17751
G1 X153.193 Y94.262 E2388.18562
G1 X152.949 Y94.198 E2388.19401
G1 X152.802 Y94.039 E2388.20122
G1 X152.8 Y78.172 E2388.72895
G1 X142.2 Y78.172 E2389.08151
G1 X142.198 Y94.039 E2389.60925
G1 X142.05 Y94.198 E2389.61648
G1 X141.802 Y94.262 E2389.62499
G1 X141.598 Y94.197 E2389.63211
G1 X137.88 Y87.7 E2389.88109
G1 X136.848 Y87.7 E2389.91541
G1 X142.116 Y96.824 E2390.26583
G1 F2700 E2385.26583
;MESH:NONMESH
G0 F300 X142.116 Y96.824 Z10.6
G0 F9000 X142.287 Y96.53
G0 X137.227 Y87.92
G0 X136.289 Y88.463
G0 X128.88 Y86.841
G0 X126.617 Y86.841
G0 X123.665 Y87.92
G0 X122.57 Y87.92
G0 X122.038 Y80.062
G0 X113.034 Y79.585
;TIME_ELAPSED:4294.161870
;LAYER:52
;TYPE:WALL-INNER
;MESH:batclipholder.stl(1)
G1 F2700 E2390.26583
G1 F1282.1 X113.291 Y79.471 E2390.27677
G1 X121.709 Y79.471 E2390.60435
G1 F1284.8 X121.967 Y79.585 E2390.6153
G1 X121.967 Y79.005 E2390.63782
G1 F1282.1 X113.034 Y79.006 E2390.98545
G1 X113.034 Y79.585 E2391.00798
G0 F9000 X122.038 Y80.062
G0 X122.3 Y80.5
G1 F1200 X122.4 Y79.869 E2391.03454
G1 F1500 X122.4 Y78.572 E2391.07768
G1 X112.6 Y78.572 E2391.40363
G1 X112.6 Y79.869 E2391.44677
G1 F1200 X112.7 Y80.5 E2391.47333
G1 X113.002 Y80.05 E2391.49586
G1 F1500 X113.337 Y79.903 E2391.50803
G1 X121.663 Y79.902 E2391.78495
G1 X121.998 Y80.05 E2391.79713
G1 F1200 X122.3 Y80.5 E2391.81966
G1 F991.7 X122.305 Y94.125 E2392.50508
G0 F9000 X122.559 Y94.839
G0 X123.215 Y95.013
G0 X123.793 Y94.382
G1 F1271.2 X125.584 Y91.265 E2392.64617
G1 F1229.5 X127.376 Y88.148 E2392.79206
G0 F9000 X123.215 Y95.013
G0 X122.578 Y95.794
G1 F1694.9 X123.025 Y95.021 E2392.81835
G1 X122.752 Y94.95 E2392.82665
G1 X122.578 Y94.76 E2392.83423
G1 X122.578 Y95.794 E2392.86467
G0 F9000 X122.2 Y96.424
G1 F1500 X122.649 Y96.424 E2392.8796
G1 X123.336 Y95.235 E2392.92528
G1 F1388.9 X123.793 Y94.382 E2392.96004
G1 X123.091 Y94.649 E2392.98702
G1 F1500 X122.847 Y94.585 E2392.99541
G1 F1188.1 X122.305 Y94.125 E2393.02526
G1 F1075.3 X122.253 Y94.605 E2393.04766
G1 F1327.4 X122.201 Y95.085 E2393.0658
G1 F1500 X122.2 Y96.424 E2393.11034
G1 F2700 E2388.11034
G0 F9000 X122.48 Y96.146
G0 X122.038 Y80.062
G0 X112.962 Y80.062
G0 X112.695 Y94.125
G1 F2700 E2393.11034
G1 F991.7 X112.7 Y80.5 E2393.79576
G0 F9000 X112.441 Y94.839
G0 X111.785 Y95.013
G0 X107.621 Y88.146
G1 F1239.7 X111.263 Y94.477 E2394.0897
G0 F9000 X112.422 Y95.799
G1 F1685.4 X112.422 Y94.76 E2394.12045
G1 X112.245 Y94.952 E2394.12818
G1 X111.973 Y95.021 E2394.13649
G1 X112.422 Y95.799 E2394.16308
G0 F9000 X112.8 Y96.424
G1 F1500 X112.8 Y95.089 E2394.20748
G1 F1327.4 X112.748 Y94.607 E2394.2257
G1 F1075.3 X112.695 Y94.125 E2394.2482
G1 F1188.1 X112.15 Y94.586 E2394.27818
G1 F1500 X111.902 Y94.649 E2394.28669
G1 F1373 X111.263 Y94.477 E2394.31073
G1 X111.658 Y95.23 E2394.34163
G1 F1500 X112.346 Y96.424 E2394.38746
G1 X112.8 Y96.424 E2394.40256
G0 F9000 X113.2 Y96.824
;TYPE:WALL-OUTER
G1 F1500 X113.2 Y80.5 E2394.9455
G1 X113.267 Y80.35 E2394.95097
G1 X113.379 Y80.301 E2394.95503
G1 X121.621 Y80.3 E2395.22916
G1 X121.733 Y80.35 E2395.23324
G1 X121.8 Y80.5 E2395.23871
G1 X121.8 Y96.824 E2395.78164
G1 X122.88 Y96.824 E2395.81757
G1 X128.151 Y87.701 E2396.168
G1 X127.117 Y87.7 E2396.20239
G1 X123.418 Y94.168 E2396.45022
G1 X123.193 Y94.262 E2396.45833
G1 X122.949 Y94.198 E2396.46672
G1 X122.802 Y94.039 E2396.47392
G1 X122.8 Y78.172 E2397.00166
G1 X112.2 Y78.172 E2397.35421
G1 X112.198 Y94.039 E2397.88195
G1 X112.05 Y94.198 E2397.88918
G1 X111.802 Y94.262 E2397.8977
G1 X111.598 Y94.197 E2397.90482
G1 X107.88 Y87.7 E2398.15379
G1 X106.848 Y87.7 E2398.18811
G1 X112.116 Y96.824 E2398.53853
G1 X113.2 Y96.824 E2398.57458
G1 F2700 E2393.57458
;MESH:batclipholder.stl
G0 F9000 X112.92 Y96.546
G0 X112.976 Y97.691
G0 X112.976 Y107.309
G0 X112.976 Y108.404
G0 X113.034 Y109.585
;TYPE:WALL-INNER
G1 F2700 E2398.57458
G1 F1282.1 X113.291 Y109.471 E2398.58553
G1 X121.709 Y109.471 E2398.91311
G1 F1284.8 X121.967 Y109.585 E2398.92406
G1 X121.967 Y109.005 E2398.94658
G1 F1282.1 X113.034 Y109.006 E2399.2942
G1 X113.034 Y109.585 E2399.31673
G0 F9000 X122.038 Y110.062
G0 X122.3 Y110.5
G1 F1200 X122.4 Y109.869 E2399.3433
G1 F1500 X122.4 Y108.572 E2399.38643
G1 X112.6 Y108.572 E2399.71238
G1 X112.6 Y109.869 E2399.75552
G1 F1200 X112.7 Y110.5 E2399.78208
G1 X113.002 Y110.05 E2399.80461
G1 F1500 X113.337 Y109.903 E2399.81678
G1 X121.663 Y109.902 E2400.09371
G1 X121.998 Y110.05 E2400.10589
G1 F1200 X122.3 Y110.5 E2400.12842
G1 F991.7 X122.305 Y124.125 E2400.81384
G0 F9000 X122.559 Y124.839
G0 X123.215 Y125.013
G0 X123.793 Y124.382
G1 F1271.2 X125.584 Y121.265 E2400.95493
G1 F1229.5 X127.376 Y118.148 E2401.10082
G0 F9000 X123.215 Y125.013
G0 X122.578 Y125.794
G1 F1694.9 X123.025 Y125.021 E2401.1271
G1 X122.752 Y124.95 E2401.13541
G1 X122.578 Y124.76 E2401.14299
G1 X122.578 Y125.794 E2401.17343
G0 F9000 X122.2 Y126.424
G1 F1500 X122.649 Y126.424 E2401.18836
G1 X123.336 Y125.235 E2401.23403
G1 F1388.9 X123.793 Y124.382 E2401.26879
G1 X123.091 Y124.649 E2401.29577
G1 F1500 X122.847 Y124.585 E2401.30416
G1 F1188.1 X122.305 Y124.125 E2401.33401
G1 F1075.3 X122.253 Y124.605 E2401.35641
G1 F1327.4 X122.201 Y125.085 E2401.37456
G1 F1500 X122.2 Y126.424 E2401.4191
G1 F2700 E2396.4191
G0 F9000 X122.48 Y126.146
G0 X122.038 Y110.062
G0 X112.962 Y110.062
G0 X112.695 Y124.125
G1 F2700 E2401.4191
G1 F991.7 X112.7 Y110.5 E2402.10451
G0 F9000 X112.441 Y124.839
G0 X111.785 Y125.013
G0 X107.621 Y118.146
G1 F1239.7 X111.263 Y124.477 E2402.39845
G0 F9000 X112.422 Y125.799
G1 F1685.4 X112.422 Y124.76 E2402.42921
G1 X112.245 Y124.952 E2402.43694
G1 X111.973 Y125.021 E2402.44525
G1 X112.422 Y125.799 E2402.47184
G0 F9000 X112.8 Y126.424
G1 F1500 X112.8 Y125.089 E2402.51624
G1 F1327.4 X112.748 Y124.607 E2402.53446
G1 F1075.3 X112.695 Y124.125 E2402.55696
G1 F1188.1 X112.15 Y124.586 E2402.58693
G1 F1500 X111.902 Y124.649 E2402.59544
G1 F1373 X111.263 Y124.477 E2402.61949
G1 X111.658 Y125.23 E2402.65039
G1 F1500 X112.346 Y126.424 E2402.69622
G1 X112.8 Y126.424 E2402.71132
G0 F9000 X113.2 Y126.824
;TYPE:WALL-OUTER
G1 F1500 X113.2 Y110.5 E2403.25426
G1 X113.267 Y110.35 E2403.25972
G1 X113.379 Y110.301 E2403.26379
G1 X121.621 Y110.3 E2403.53792
G1 X121.733 Y110.35 E2403.542
G1 X121.8 Y110.5 E2403.54746
G1 X121.8 Y126.824 E2404.0904
G1 X122.88 Y126.824 E2404.12632
G1 X128.151 Y117.701 E2404.47676
G1 X127.117 Y117.7 E2404.51115
G1 X123.418 Y124.168 E2404.75897
G1 X123.193 Y124.262 E2404.76708
G1 X122.949 Y124.198 E2404.77547
G1 X122.802 Y124.039 E2404.78267
G1 X122.8 Y108.172 E2405.31041
G1 X112.2 Y108.172 E2405.66297
G1 X112.198 Y124.039 E2406.19071
G1 X112.05 Y124.198 E2406.19793
G1 X111.802 Y124.262 E2406.20645
G1 X111.598 Y124.197 E2406.21357
G1 X107.88 Y117.7 E2406.46255
G1 X106.848 Y117.7 E2406.49687
G1 X112.116 Y126.824 E2406.84729
G1 X113.2 Y126.824 E2406.88334
G1 F2700 E2401.88334
;MESH:batclipholder.stl(3)
G0 F9000 X112.92 Y126.546
G0 X112.962 Y110.062
G0 X122.038 Y110.062
G0 X122.559 Y124.839
G0 X123.215 Y125.013
G0 X127.773 Y117.92
G0 X128.712 Y118.462
G0 X136.289 Y118.463
G0 X137.621 Y118.146
;TYPE:WALL-INNER
G1 F2700 E2406.88334
G1 F1239.7 X141.263 Y124.477 E2407.17728
G0 F9000 X141.785 Y125.013
G0 X142.441 Y124.839
G0 X142.695 Y124.125
G1 F991.7 X142.7 Y110.5 E2407.8627
G0 F9000 X143.034 Y109.585
G1 F1282.1 X143.291 Y109.471 E2407.87364
G1 X151.709 Y109.471 E2408.20122
G1 F1284.8 X151.967 Y109.585 E2408.21217
G1 X151.967 Y109.005 E2408.2347
G1 F1282.1 X143.034 Y109.006 E2408.58232
G1 X143.034 Y109.585 E2408.60485
G0 F9000 X142.7 Y110.5
G1 F1200 X143.002 Y110.05 E2408.62738
G1 F1500 X143.337 Y109.903 E2408.63955
G1 X151.663 Y109.902 E2408.91647
G1 X151.998 Y110.05 E2408.92865
G1 F1200 X152.3 Y110.5 E2408.95119
G1 X152.4 Y109.869 E2408.97775
G1 F1500 X152.4 Y108.572 E2409.02089
G1 X142.6 Y108.572 E2409.34683
G1 X142.6 Y109.869 E2409.38997
G1 F1200 X142.7 Y110.5 E2409.41653
G0 F9000 X142.962 Y110.062
G0 X152.038 Y110.062
G0 X152.3 Y110.5
G1 F991.7 X152.305 Y124.125 E2410.10195
G0 F9000 X152.559 Y124.839
G0 X153.215 Y125.013
G0 X153.793 Y124.382
G1 F1271.2 X155.584 Y121.265 E2410.24304
G1 F1229.5 X157.376 Y118.148 E2410.38893
G0 F9000 X153.215 Y125.013
G0 X152.578 Y125.794
G1 F1694.9 X153.025 Y125.021 E2410.41522
G1 X152.752 Y124.95 E2410.42352
G1 X152.578 Y124.76 E2410.4311
G1 X152.578 Y125.794 E2410.46154
G0 F9000 X152.2 Y126.424
G1 F1500 X152.649 Y126.424 E2410.47647
G1 X153.336 Y125.235 E2410.52215
G1 F1388.9 X153.793 Y124.382 E2410.55691
G1 X153.091 Y124.649 E2410.58389
G1 F1500 X152.847 Y124.585 E2410.59228
G1 F1188.1 X152.305 Y124.125 E2410.62213
G1 F1075.3 X152.253 Y124.605 E2410.64453
G1 F1327.4 X152.201 Y125.085 E2410.66268
G1 F1500 X152.2 Y126.424 E2410.70721
G1 F2700 E2405.70721
G0 F9000 X152.48 Y126.146
G0 X152.038 Y110.062
G0 X142.962 Y110.062
G0 X142.422 Y125.799
G1 F2700 E2410.70721
G1 F1685.4 X142.422 Y124.76 E2410.73797
G1 X142.245 Y124.952 E2410.7457
G1 X141.973 Y125.021 E2410.754
G1 X142.422 Y125.799 E2410.78059
G0 F9000 X142.346 Y126.424
G1 F1500 X142.8 Y126.424 E2410.79569
G1 X142.8 Y125.089 E2410.8401
G1 F1327.4 X142.748 Y124.607 E2410.85832
G1 F1075.3 X142.695 Y124.125 E2410.88082
G1 F1188.1 X142.15 Y124.586 E2410.91079
G1 F1500 X141.902 Y124.649 E2410.9193
G1 F1373 X141.263 Y124.477 E2410.94335
G1 X141.658 Y125.23 E2410.97424
G1 F1500 X142.346 Y126.424 E2411.02008
G0 F9000 X142.116 Y126.824
;TYPE:WALL-OUTER
G1 F1500 X143.2 Y126.824 E2411.05613
G1 X143.2 Y110.5 E2411.59907
G1 X143.267 Y110.35 E2411.60453
G1 X143.379 Y110.301 E2411.6086
G1 X151.621 Y110.3 E2411.88273
G1 X151.733 Y110.35 E2411.88681
G1 X151.8 Y110.5 E2411.89227
G1 X151.8 Y126.824 E2412.43521
G1 X152.88 Y126.824 E2412.47113
G1 X158.151 Y117.701 E2412.82157
G1 X157.117 Y117.7 E2412.85596
G1 X153.418 Y124.168 E2413.10378
G1 X153.193 Y124.262 E2413.11189
G1 X152.949 Y124.198 E2413.12028
G1 X152.802 Y124.039 E2413.12748
G1 X152.8 Y108.172 E2413.65522
G1 X142.2 Y108.172 E2414.00778
G1 X142.198 Y124.039 E2414.53552
G1 X142.05 Y124.198 E2414.54274
G1 X141.802 Y124.262 E2414.55126
G1 X141.598 Y124.197 E2414.55838
G1 X137.88 Y117.7 E2414.80736
G1 X136.848 Y117.7 E2414.84168
G1 X142.116 Y126.824 E2415.1921
G1 F2700 E2410.1921
;MESH:batclipholder.stl(2)
G0 F9000 X142.287 Y126.53
G0 X142.412 Y125.16
G0 X142.424 Y108.398
G0 X142.424 Y107.309
G0 X142.424 Y97.691
G0 X142.424 Y96.596
G0 X142.422 Y95.799
;TYPE:WALL-INNER
G1 F2700 E2415.1921
G1 F1685.4 X142.422 Y94.76 E2415.22285
G1 X142.245 Y94.952 E2415.23058
G1 X141.973 Y95.021 E2415.23889
G1 X142.422 Y95.799 E2415.26548
G0 F9000 X142.346 Y96.424
G1 F1500 X142.8 Y96.424 E2415.28058
G1 X142.8 Y95.089 E2415.32498
G1 F1327.4 X142.748 Y94.607 E2415.3432
G1 F1075.3 X142.695 Y94.125 E2415.3657
G1 F1188.1 X142.15 Y94.586 E2415.39568
G1 F1500 X141.902 Y94.649 E2415.40419
G1 F1373 X141.263 Y94.477 E2415.42823
G1 X141.658 Y95.23 E2415.45913
G1 F1500 X142.346 Y96.424 E2415.50496
G0 F9000 X142.517 Y96.13
G0 X141.263 Y94.477
G1 F1239.7 X137.621 Y88.146 E2415.7989
G0 F9000 X141.785 Y95.013
G0 X142.441 Y94.839
G0 X142.695 Y94.125
G1 F991.7 X142.7 Y80.5 E2416.48432
G0 F9000 X143.034 Y79.585
G1 F1282.1 X143.291 Y79.471 E2416.49526
G1 X151.709 Y79.471 E2416.82284
G1 F1284.8 X151.967 Y79.585 E2416.8338
G1 X151.967 Y79.005 E2416.85632
G1 F1282.1 X143.034 Y79.006 E2417.20394
G1 X143.034 Y79.585 E2417.22647
G0 F9000 X142.7 Y80.5
G1 F1200 X143.002 Y80.05 E2417.249
G1 F1500 X143.337 Y79.903 E2417.26117
G1 X151.663 Y79.902 E2417.5381
G1 X151.998 Y80.05 E2417.55028
G1 F1200 X152.3 Y80.5 E2417.57281
G1 X152.4 Y79.869 E2417.59937
G1 F1500 X152.4 Y78.572 E2417.64251
G1 X142.6 Y78.572 E2417.96846
G1 X142.6 Y79.869 E2418.0116
G1 F1200 X142.7 Y80.5 E2418.03816
G0 F9000 X142.962 Y80.062
G0 X152.038 Y80.062
G0 X152.3 Y80.5
G1 F991.7 X152.305 Y94.125 E2418.72358
G0 F9000 X152.559 Y94.839
G0 X153.215 Y95.013
G0 X153.793 Y94.382
G1 F1271.2 X155.584 Y91.265 E2418.86466
G1 F1229.5 X157.376 Y88.148 E2419.01056
G0 F9000 X153.215 Y95.013
G0 X152.578 Y95.794
G1 F1694.9 X153.025 Y95.021 E2419.03684
G1 X152.752 Y94.95 E2419.04514
G1 X152.578 Y94.76 E2419.05273
G1 X152.578 Y95.794 E2419.08316
G0 F9000 X152.2 Y96.424
G1 F1500 X152.649 Y96.424 E2419.0981
G1 X153.336 Y95.235 E2419.14377
G1 F1388.9 X153.793 Y94.382 E2419.17853
G1 X153.091 Y94.649 E2419.20551
G1 F1500 X152.847 Y94.585 E2419.2139
G1 F1188.1 X152.305 Y94.125 E2419.24375
G1 F1075.3 X152.253 Y94.605 E2419.26615
G1 F1327.4 X152.201 Y95.085 E2419.2843
G1 F1500 X152.2 Y96.424 E2419.32883
G1 F2700 E2414.32883
G0 F9000 X152.48 Y96.146
G0 X152.038 Y80.062
G0 X142.962 Y80.062
G0 X142.955 Y89.385
G0 X142.287 Y96.53
G1 F2700 E2419.32883
G0 F9000 X142.116 Y96.824
;TYPE:WALL-OUTER
G1 F1500 X143.2 Y96.824 E2419.36489
G1 X143.2 Y80.5 E2419.90783
G1 X143.267 Y80.35 E2419.91329
G1 X143.379 Y80.301 E2419.91736
G1 X151.621 Y80.3 E2420.19149
G1 X151.733 Y80.35 E2420.19556
G1 X151.8 Y80.5 E2420.20103
G1 X151.8 Y96.824 E2420.74397
G1 X152.88 Y96.824 E2420.77989
G1 X158.151 Y87.701 E2421.13033
G1 X157.117 Y87.7 E2421.16472
G1 X153.418 Y94.168 E2421.41254
G1 X153.193 Y94.262 E2421.42065
G1 X152.949 Y94.198 E2421.42904
G1 X152.802 Y94.039 E2421.43624
G1 X152.8 Y78.172 E2421.96398
G1 X142.2 Y78.172 E2422.31654
G1 X142.198 Y94.039 E2422.84428
G1 X142.05 Y94.198 E2422.8515
G1 X141.802 Y94.262 E2422.86002
G1 X141.598 Y94.197 E2422.86714
G1 X137.88 Y87.7 E2423.11611
G1 X136.848 Y87.7 E2423.15044
G1 X142.116 Y96.824 E2423.50085
;TIME_ELAPSED:4352.330370
G1 F2700 E2418.50085
M140 S0
M107
G91 ;Relative positioning
G1 E-2 F2700 ;Retract a bit
G1 E-2 Z0.2 F2400 ;Retract and raise Z
G1 X5 Y5 F3000 ;Wipe out
G1 Z10 ;Raise Z more
G90 ;Absolute positioning

G1 X0 Y235 ;Present print
M106 S0 ;Turn-off fan
M104 S0 ;Turn-off hotend
M140 S0 ;Turn-off bed

M84 X Y E ;Disable all steppers but Z

M82 ;absolute extrusion mode
M104 S0
;End of Gcode
;SETTING_3 {"global_quality": "[general]\\nversion = 4\\nname = Standard Quality
;SETTING_3  #2\\ndefinition = creality_ender3\\n\\n[metadata]\\ntype = quality_c
;SETTING_3 hanges\\nquality_type = standard\\nsetting_version = 25\\n\\n[values]
;SETTING_3 \\nadhesion_type = brim\\nsupport_enable = True\\n\\n", "extruder_qua
;SETTING_3 lity": ["[general]\\nversion = 4\\nname = Standard Quality #2\\ndefin
;SETTING_3 ition = creality_ender3\\n\\n[metadata]\\ntype = quality_changes\\nqu
;SETTING_3 ality_type = standard\\nsetting_version = 25\\nposition = 0\\n\\n[val
;SETTING_3 ues]\\nsupport_infill_rate = 10.0\\nsupport_pattern = lines\\nwall_li
;SETTING_3 ne_count = 4\\n\\n"]}
