;FLAVOR:Marlin
;TIME:4384
;Filament used: 2.44008m
;Layer height: 0.2
;MINX:68.631
;MINY:70.174
;MINZ:0.2
;MAXX:166.318
;MAXY:164.838
;MAXZ:10.6
;TARGET_MACHINE.NAME:Creality Ender-3
;Generated with Cura_SteamEngine 5.10.0
M140 S50
M105
M190 S50
M104 S200
M105
M109 S200
; Ender 3 Custom Start G-code
G92 E0 ; Reset Extruder
G28 ; Home all axes
G1 Z2.0 F3000 ; Move Z Axis up little to prevent scratching of Heat Bed
G1 X0.1 Y20 Z0.3 F5000.0 ; Move to start position
G1 X0.1 Y200.0 Z0.3 F1500.0 E15 ; Draw the first line
G1 X0.4 Y200.0 Z0.3 F5000.0 ; Move to side a little
G1 X0.4 Y20 Z0.3 F1500.0 E30 ; Draw the second line
G92 E0 ; Reset Extruder
G1 Z2.0 F3000 ; Move Z Axis up little to prevent scratching of Heat Bed
G1 X5 Y20 Z0.3 F5000.0 ; Move over to prevent blob squish
M82 ;absolute extrusion mode
G92 E0
G92 E0
G1 F2700 E-5
;LAYER_COUNT:53
;LAYER:0
M107
G0 F6000 X75.719 Y73.197 Z0.2
;TYPE:SKIRT
G1 F2700 E0
G1 F1200 X77.28 Y71.738 E0.07107
G1 X79.303 Y70.531 E0.14942
G1 X81.021 Y70.249 E0.20732
G1 X93.843 Y70.174 E0.63379
G1 X95.751 Y70.642 E0.69913
G1 X97.777 Y71.693 E0.77505
G1 X99.248 Y73.266 E0.84668
G1 X100.287 Y75.01 E0.9142
G1 X100.47 Y75.445 E0.92989
G1 X100.751 Y77.31 E0.99262
G1 X100.775 Y80.059 E1.08406
G1 X101.184 Y80.17 E1.09815
G1 X102.296 Y80.603 E1.13784
G1 X103.9 Y81.901 E1.20647
G1 X104.847 Y82.87 E1.25154
G1 X105.808 Y84.701 E1.32031
G1 X106.318 Y86.7 E1.38893
G1 X106.182 Y89.277 E1.47476
G1 X105.315 Y91.293 E1.54775
G1 X99.324 Y101.691 E1.94689
G1 X97.94 Y103.116 E2.01296
G1 X95.945 Y104.367 E2.09128
G1 X93.816 Y104.826 E2.16372
G1 X90.747 Y104.826 E2.26579
G1 X88.851 Y104.36 E2.33073
G1 X87.479 Y103.649 E2.38213
G1 X86.625 Y104.157 E2.41518
G1 X85.726 Y104.533 E2.44759
G1 X83.884 Y104.794 E2.50946
G1 X81.142 Y104.838 E2.60068
G1 X79.18 Y104.342 E2.66798
G1 X77.074 Y103.209 E2.74752
G1 X75.673 Y101.653 E2.81716
G1 X69.375 Y90.747 E3.23604
G1 X68.924 Y89.305 E3.28629
G1 X68.631 Y87.776 E3.33807
G1 X68.864 Y85.998 E3.39771
G1 X69.286 Y84.355 E3.45413
G1 X70.375 Y82.622 E3.52221
G1 X71.872 Y81.126 E3.5926
G1 X74.2 Y79.943 E3.67945
G1 X74.2 Y77.121 E3.77331
G1 X74.666 Y75.225 E3.83825
G1 X75.719 Y73.197 E3.91425
G0 F6000 X76.042 Y73.442
G1 F1200 X77.519 Y72.062 E3.98148
G1 X79.443 Y70.914 E4.056
G1 X81.086 Y70.644 E4.11138
G1 X93.798 Y70.574 E4.53419
G1 X95.608 Y71.018 E4.59617
G1 X97.532 Y72.016 E4.66826
G1 X98.924 Y73.505 E4.73606
G1 X99.943 Y75.215 E4.80227
G1 X100.081 Y75.552 E4.81438
G1 X100.355 Y77.37 E4.87553
G1 X100.377 Y80.368 E4.97524
G1 X101.039 Y80.543 E4.99802
G1 X102.094 Y80.954 E5.03568
G1 X103.614 Y82.181 E5.10065
G1 X104.521 Y83.109 E5.14381
G1 X105.431 Y84.843 E5.20894
G1 X105.916 Y86.743 E5.27416
G1 X105.787 Y89.182 E5.3554
G1 X104.968 Y91.093 E5.42455
G1 X99.001 Y101.449 E5.82208
G1 X97.685 Y102.804 E5.8849
G1 X95.792 Y103.991 E5.95922
G1 X93.774 Y104.426 E6.02788
G1 X90.793 Y104.426 E6.12702
G1 X88.994 Y103.984 E6.18864
G1 X87.465 Y103.191 E6.24593
G1 X86.42 Y103.813 E6.28637
G1 X85.618 Y104.144 E6.31523
G1 X83.878 Y104.394 E6.3737
G1 X81.189 Y104.437 E6.46315
G1 X79.325 Y103.966 E6.52709
G1 X77.325 Y102.89 E6.60263
G1 X75.997 Y101.415 E6.66864
G1 X69.745 Y90.588 E7.08447
G1 X69.317 Y89.23 E7.13183
G1 X69.036 Y87.765 E7.18145
G1 X69.261 Y86.05 E7.23898
G1 X69.657 Y84.517 E7.29164
G1 X70.69 Y82.873 E7.35622
G1 X72.11 Y81.454 E7.42298
G1 X74.283 Y80.35 E7.50405
G1 X74.6 Y80.309 E7.51468
G1 X74.6 Y77.167 E7.61919
G1 X75.042 Y75.368 E7.6808
G1 X76.042 Y73.442 E7.75298
G0 F6000 X76.365 Y73.687
G1 F1200 X77.761 Y72.383 E7.81652
G1 X79.581 Y71.297 E7.88701
G1 X81.151 Y71.039 E7.93993
G1 X93.753 Y70.974 E8.35908
G1 X95.465 Y71.394 E8.41771
G1 X97.287 Y72.339 E8.48597
G1 X98.6 Y73.744 E8.54993
G1 X99.599 Y75.42 E8.61483
G1 X99.694 Y75.663 E8.6235
G1 X99.955 Y77.373 E8.68104
G1 X99.979 Y80.678 E8.79097
G1 X100.894 Y80.916 E8.82241
G1 X101.89 Y81.304 E8.85796
G1 X103.328 Y82.461 E8.91935
G1 X104.195 Y83.348 E8.9606
G1 X105.054 Y84.985 E9.02209
G1 X105.514 Y86.786 E9.08392
G1 X105.392 Y89.088 E9.16059
G1 X104.621 Y90.893 E9.22587
G1 X98.678 Y101.207 E9.62179
G1 X97.43 Y102.492 E9.68137
G1 X95.639 Y103.615 E9.75168
G1 X93.732 Y104.026 E9.81656
G1 X90.84 Y104.026 E9.91275
G1 X89.136 Y103.607 E9.97111
G1 X87.452 Y102.734 E10.0342
G1 X86.216 Y103.469 E10.08203
G1 X85.514 Y103.755 E10.10724
G1 X83.872 Y103.994 E10.16243
G1 X81.236 Y104.036 E10.25012
G1 X79.47 Y103.59 E10.3107
G1 X77.576 Y102.571 E10.38223
G1 X76.321 Y101.177 E10.44462
G1 X70.113 Y90.427 E10.8575
G1 X69.71 Y89.155 E10.90188
G1 X69.441 Y87.754 E10.94933
G1 X69.658 Y86.102 E11.00475
G1 X70.028 Y84.678 E11.05368
G1 X71.005 Y83.124 E11.11474
G1 X72.348 Y81.782 E11.17788
G1 X74.403 Y80.738 E11.25455
G1 X75 Y80.662 E11.27456
G1 X75 Y77.214 E11.38924
G1 X75.419 Y75.51 E11.44761
G1 X76.365 Y73.687 E11.51592
G0 F6000 X76.688 Y73.932
G1 F1200 X78.003 Y72.704 E11.57576
G1 X79.719 Y71.68 E11.64222
G1 X81.216 Y71.434 E11.69268
G1 X93.708 Y71.374 E12.10817
G1 X95.322 Y71.77 E12.16345
G1 X97.042 Y72.662 E12.22789
G1 X98.276 Y73.983 E12.28801
G1 X99.255 Y75.625 E12.3516
G1 X99.306 Y75.768 E12.35665
G1 X99.555 Y77.376 E12.41077
G1 X99.581 Y80.988 E12.53091
G1 X100.749 Y81.289 E12.57102
G1 X101.688 Y81.655 E12.60454
G1 X103.042 Y82.741 E12.66227
G1 X103.869 Y83.587 E12.70162
G1 X104.677 Y85.127 E12.75947
G1 X105.112 Y86.829 E12.81789
G1 X104.997 Y88.995 E12.89004
G1 X104.274 Y90.693 E12.95142
G1 X98.355 Y100.965 E13.34573
G1 X97.177 Y102.178 E13.40197
G1 X95.485 Y103.239 E13.46839
G1 X93.69 Y103.626 E13.52947
G1 X90.886 Y103.626 E13.62273
G1 X89.279 Y103.231 E13.67777
G1 X87.617 Y102.369 E13.74004
G1 X87.478 Y102.252 E13.74608
G1 X86.011 Y103.125 E13.80286
G1 X85.41 Y103.366 E13.8244
G1 X83.866 Y103.594 E13.87631
G1 X81.283 Y103.635 E13.96223
G1 X79.615 Y103.214 E14.01945
G1 X77.827 Y102.252 E14.08698
G1 X76.645 Y100.939 E14.14574
G1 X70.482 Y90.266 E14.55565
G1 X70.103 Y89.079 E14.5971
G1 X69.846 Y87.742 E14.64238
G1 X70.055 Y86.154 E14.69565
G1 X70.399 Y84.84 E14.74083
G1 X71.32 Y83.375 E14.79838
G1 X72.586 Y82.11 E14.85791
G1 X74.522 Y81.126 E14.93014
G1 X75.4 Y81.014 E14.95958
G1 X75.4 Y77.26 E15.08444
G1 X75.795 Y75.653 E15.13948
G1 X76.688 Y73.932 E15.20397
G0 F6000 X77.011 Y74.177
G1 F1200 X78.245 Y73.025 E15.26011
G1 X79.857 Y72.063 E15.32255
G1 X81.281 Y71.829 E15.37055
G1 X93.663 Y71.774 E15.78238
G1 X95.179 Y72.146 E15.8343
G1 X96.797 Y72.985 E15.89492
G1 X97.952 Y74.222 E15.95121
G1 X98.911 Y75.83 E16.01348
G1 X99.155 Y77.379 E16.06563
G1 X99.183 Y81.298 E16.19598
G1 X100.604 Y81.662 E16.24477
G1 X101.487 Y82.006 E16.27629
G1 X102.756 Y83.021 E16.33034
G1 X103.543 Y83.826 E16.36778
G1 X104.3 Y85.269 E16.42198
G1 X104.71 Y86.872 E16.47701
G1 X104.602 Y88.903 E16.54466
G1 X103.927 Y90.493 E16.60211
G1 X98.032 Y100.723 E16.99481
G1 X96.922 Y101.866 E17.0478
G1 X95.332 Y102.863 E17.11022
G1 X93.648 Y103.226 E17.16752
G1 X90.932 Y103.226 E17.25786
G1 X89.422 Y102.855 E17.30957
G1 X87.801 Y102.014 E17.37031
G1 X87.482 Y101.672 E17.38587
G1 X87.152 Y101.98 E17.40088
G1 X85.806 Y102.781 E17.45297
G1 X85.306 Y102.976 E17.47082
G1 X83.86 Y103.194 E17.51946
G1 X81.33 Y103.234 E17.60362
G1 X79.76 Y102.838 E17.65748
G1 X78.078 Y101.933 E17.721
G1 X76.969 Y100.701 E17.77614
G1 X70.851 Y90.106 E18.18306
G1 X70.496 Y89.003 E18.2216
G1 X70.251 Y87.73 E18.26471
G1 X70.452 Y86.206 E18.31584
G1 X70.77 Y85.001 E18.35729
G1 X71.635 Y83.626 E18.41132
G1 X72.824 Y82.438 E18.46722
G1 X74.642 Y81.514 E18.53505
G1 X75.8 Y81.367 E18.57388
G1 X75.8 Y77.306 E18.70895
G1 X76.171 Y75.796 E18.76066
G1 X77.011 Y74.177 E18.82133
G0 F6000 X77.334 Y74.422
G1 F1200 X78.487 Y73.346 E18.87378
G1 X79.995 Y72.446 E18.93219
G1 X81.346 Y72.224 E18.97773
G1 X93.618 Y72.174 E19.3859
G1 X95.036 Y72.522 E19.43446
G1 X96.552 Y73.308 E19.49126
G1 X97.628 Y74.461 E19.54371
G1 X98.528 Y75.97 E19.60215
G1 X98.755 Y77.382 E19.64972
G1 X98.786 Y81.701 E19.79337
G1 X99.142 Y81.701 E19.80521
G1 X100.459 Y82.035 E19.8504
G1 X101.285 Y82.357 E19.87989
G1 X102.47 Y83.301 E19.93028
G1 X103.217 Y84.065 E19.96582
G1 X103.923 Y85.411 E20.01637
G1 X104.308 Y86.915 E20.06801
G1 X104.207 Y88.811 E20.13116
G1 X103.58 Y90.293 E20.18468
G1 X97.709 Y100.481 E20.57577
G1 X96.667 Y101.554 E20.62552
G1 X95.179 Y102.487 E20.68393
G1 X93.606 Y102.826 E20.73745
G1 X90.979 Y102.826 E20.82483
G1 X89.564 Y102.478 E20.87329
G1 X88.046 Y101.691 E20.93016
G1 X87.501 Y101.107 E20.95673
G1 X86.91 Y101.658 E20.98361
G1 X85.601 Y102.437 E21.03427
G1 X85.206 Y102.586 E21.04831
G1 X83.8 Y102.798 E21.0956
G1 X81.377 Y102.833 E21.1762
G1 X79.905 Y102.462 E21.22669
G1 X78.329 Y101.614 E21.28622
G1 X77.293 Y100.463 E21.33772
G1 X71.22 Y89.946 E21.74165
G1 X70.877 Y88.88 E21.7789
G1 X70.656 Y87.719 E21.8182
G1 X70.839 Y86.308 E21.86553
G1 X71.141 Y85.163 E21.90491
G1 X71.95 Y83.877 E21.95544
G1 X73.062 Y82.766 E22.00773
G1 X74.762 Y81.902 E22.07115
G1 X76.2 Y81.719 E22.11937
G1 X76.2 Y77.353 E22.26458
G1 X76.548 Y75.938 E22.31304
G1 X77.334 Y74.422 E22.36984
G0 F6000 X77.657 Y74.667
G1 F1200 X78.729 Y73.667 E22.4186
G1 X80.133 Y72.829 E22.47298
G1 X81.411 Y72.619 E22.51606
G1 X93.573 Y72.574 E22.92057
G1 X94.893 Y72.898 E22.96578
G1 X96.307 Y73.631 E23.01875
G1 X97.307 Y74.703 E23.06751
G1 X98.145 Y76.107 E23.12189
G1 X98.355 Y77.385 E23.16497
G1 X98.389 Y82.1 E23.3218
G1 X99.091 Y82.101 E23.34515
G1 X100.361 Y82.423 E23.38872
G1 X101.083 Y82.708 E23.41454
G1 X102.184 Y83.581 E23.46127
G1 X102.891 Y84.304 E23.49491
G1 X103.548 Y85.557 E23.54196
G1 X103.906 Y86.955 E23.58996
G1 X103.812 Y88.718 E23.64868
G1 X103.233 Y90.093 E23.6983
G1 X97.386 Y100.239 E24.08779
G1 X96.414 Y101.24 E24.13419
G1 X95.025 Y102.111 E24.18872
G1 X93.564 Y102.426 E24.23843
G1 X91.025 Y102.426 E24.32288
G1 X89.707 Y102.102 E24.36802
G1 X88.293 Y101.369 E24.421
G1 X87.521 Y100.541 E24.45865
G1 X86.668 Y101.336 E24.49743
G1 X85.396 Y102.093 E24.54666
G1 X85.107 Y102.196 E24.55687
G1 X83.74 Y102.402 E24.60285
G1 X81.424 Y102.432 E24.67988
G1 X80.05 Y102.086 E24.72701
G1 X78.58 Y101.295 E24.78253
G1 X77.617 Y100.225 E24.83041
G1 X71.587 Y89.782 E25.23149
G1 X71.27 Y88.805 E25.26566
G1 X71.061 Y87.707 E25.30283
G1 X71.226 Y86.41 E25.34632
G1 X71.512 Y85.325 E25.38364
G1 X72.265 Y84.128 E25.43067
G1 X73.3 Y83.094 E25.47933
G1 X74.881 Y82.29 E25.53832
G1 X76.188 Y82.119 E25.58217
G1 X76.6 Y82.112 E25.59587
G1 X76.6 Y77.399 E25.75263
G1 X76.924 Y76.081 E25.79777
G1 X77.657 Y74.667 E25.85074
G0 F6000 X77.979 Y74.914
G1 F1200 X78.974 Y73.986 E25.89599
G1 X80.271 Y73.212 E25.94623
G1 X81.476 Y73.014 E25.98685
G1 X93.528 Y72.974 E26.3877
G1 X94.75 Y73.274 E26.42955
G1 X96.06 Y73.953 E26.47863
G1 X96.988 Y74.948 E26.52388
G1 X97.762 Y76.245 E26.57412
G1 X97.96 Y77.45 E26.61473
G1 X97.991 Y82.5 E26.7827
G1 X99.04 Y82.501 E26.81759
G1 X100.263 Y82.811 E26.85955
G1 X100.879 Y83.057 E26.88161
G1 X101.898 Y83.861 E26.92478
G1 X102.565 Y84.543 E26.95651
G1 X103.173 Y85.703 E27.00007
G1 X103.504 Y86.995 E27.04443
G1 X103.417 Y88.625 E27.09872
G1 X102.886 Y89.893 E27.14445
G1 X97.063 Y99.997 E27.53232
G1 X96.159 Y100.928 E27.57548
G1 X94.872 Y101.735 E27.62601
G1 X93.522 Y102.026 E27.67194
G1 X91.071 Y102.026 E27.75346
G1 X89.85 Y101.726 E27.79528
G1 X88.54 Y101.047 E27.84435
G1 X87.641 Y100.083 E27.8882
G1 X87.519 Y99.897 E27.89559
G1 X87.372 Y100.132 E27.90481
G1 X86.426 Y101.014 E27.94783
G1 X85.191 Y101.749 E27.99563
G1 X85.047 Y101.8 E28.00071
G1 X83.68 Y102.006 E28.04669
G1 X81.472 Y102.031 E28.12014
G1 X80.193 Y101.709 E28.164
G1 X78.832 Y100.977 E28.2154
G1 X77.941 Y99.987 E28.2597
G1 X71.954 Y89.619 E28.65791
G1 X71.663 Y88.73 E28.68902
G1 X71.466 Y87.694 E28.72409
G1 X71.613 Y86.512 E28.76371
G1 X71.883 Y85.487 E28.79896
G1 X72.58 Y84.379 E28.8425
G1 X73.538 Y83.422 E28.88754
G1 X75.001 Y82.678 E28.94213
G1 X76.24 Y82.516 E28.98369
G1 X77 Y82.507 E29.00897
G1 X77 Y77.445 E29.17733
G1 X77.3 Y76.224 E29.21915
G1 X77.979 Y74.914 E29.26823
G0 F6000 X78.301 Y75.161
G1 F1200 X79.216 Y74.308 E29.30983
G1 X80.411 Y73.595 E29.35612
G1 X81.541 Y73.409 E29.39421
G1 X93.483 Y73.374 E29.7914
G1 X94.607 Y73.65 E29.82989
G1 X95.813 Y74.275 E29.87507
G1 X96.666 Y75.19 E29.91668
G1 X97.379 Y76.385 E29.96296
G1 X97.565 Y77.515 E30.00105
G1 X97.593 Y82.9 E30.18016
G1 X98.99 Y82.901 E30.22662
G1 X100.115 Y83.183 E30.2652
G1 X100.677 Y83.407 E30.28532
G1 X101.612 Y84.141 E30.32486
G1 X102.239 Y84.782 E30.35468
G1 X102.798 Y85.849 E30.39475
G1 X103.102 Y87.035 E30.43547
G1 X103.022 Y88.534 E30.48539
G1 X102.539 Y89.693 E30.52716
G1 X96.74 Y99.755 E30.91342
G1 X95.904 Y100.616 E30.95334
G1 X94.719 Y101.359 E30.99986
G1 X93.48 Y101.626 E31.04201
G1 X91.117 Y101.626 E31.12061
G1 X89.993 Y101.35 E31.1591
G1 X88.787 Y100.725 E31.20428
G1 X87.934 Y99.81 E31.24589
G1 X87.495 Y99.074 E31.27439
G1 X87.099 Y99.839 E31.30304
G1 X86.184 Y100.692 E31.34465
G1 X84.986 Y101.405 E31.39101
G1 X83.676 Y101.606 E31.43509
G1 X81.52 Y101.63 E31.50681
G1 X80.336 Y101.332 E31.54742
G1 X79.084 Y100.659 E31.59469
G1 X78.265 Y99.749 E31.63541
G1 X72.323 Y89.458 E32.03065
G1 X72.056 Y88.655 E32.0588
G1 X71.871 Y87.68 E32.0918
G1 X72 Y86.614 E32.12752
G1 X72.254 Y85.649 E32.16071
G1 X72.895 Y84.63 E32.20075
G1 X73.776 Y83.75 E32.24216
G1 X75.121 Y83.066 E32.29235
G1 X76.292 Y82.913 E32.33163
G1 X77.4 Y82.904 E32.36848
G1 X77.4 Y77.491 E32.54852
G1 X77.676 Y76.367 E32.58702
G1 X78.301 Y75.161 E32.63219
G0 F6000 X78.623 Y75.408
G1 F1200 X79.458 Y74.63 E32.67015
G1 X80.551 Y73.978 E32.71248
G1 X81.606 Y73.804 E32.74805
G1 X93.436 Y73.774 E33.14151
G1 X94.465 Y74.027 E33.17676
G1 X95.566 Y74.597 E33.21799
G1 X96.344 Y75.432 E33.25595
G1 X96.996 Y76.525 E33.29828
G1 X97.17 Y77.58 E33.33385
G1 X97.195 Y83.3 E33.5241
G1 X98.941 Y83.301 E33.58217
G1 X100.018 Y83.571 E33.6191
G1 X100.475 Y83.757 E33.63551
G1 X101.326 Y84.421 E33.67141
G1 X101.913 Y85.021 E33.69933
G1 X102.423 Y85.995 E33.7359
G1 X102.7 Y87.075 E33.77298
G1 X102.627 Y88.441 E33.81848
G1 X102.192 Y89.493 E33.85634
G1 X96.417 Y99.513 E34.241
G1 X95.651 Y100.302 E34.27757
G1 X94.565 Y100.983 E34.32021
G1 X93.438 Y101.226 E34.35855
G1 X91.164 Y101.226 E34.43419
G1 X90.135 Y100.973 E34.46943
G1 X89.034 Y100.403 E34.51067
G1 X88.256 Y99.568 E34.54862
G1 X87.604 Y98.475 E34.59095
G1 X87.524 Y97.995 E34.60714
G1 X87.469 Y97.994 E34.60897
G1 X87.347 Y98.491 E34.62599
G1 X86.777 Y99.592 E34.66723
G1 X85.942 Y100.37 E34.70519
G1 X84.847 Y101.022 E34.74757
G1 X83.672 Y101.206 E34.78713
G1 X81.568 Y101.229 E34.85711
G1 X80.479 Y100.955 E34.89446
G1 X79.336 Y100.341 E34.93762
G1 X78.589 Y99.511 E34.97476
G1 X72.691 Y89.296 E35.36707
G1 X72.436 Y88.529 E35.39396
G1 X72.275 Y87.667 E35.42312
G1 X72.387 Y86.716 E35.45497
G1 X72.625 Y85.811 E35.4861
G1 X73.21 Y84.881 E35.52264
G1 X74.014 Y84.078 E35.56043
G1 X75.241 Y83.454 E35.60622
G1 X76.344 Y83.31 E35.64322
G1 X77.8 Y83.302 E35.69164
G1 X77.8 Y77.538 E35.88335
G1 X78.053 Y76.509 E35.9186
G1 X78.623 Y75.408 E35.95983
G0 F6000 X78.945 Y75.655
G1 F1200 X79.7 Y74.952 E35.99415
G1 X80.691 Y74.361 E36.03252
G1 X81.671 Y74.199 E36.06556
G1 X93.39 Y74.174 E36.45534
G1 X94.322 Y74.403 E36.48726
G1 X95.319 Y74.919 E36.5246
G1 X96.022 Y75.674 E36.55891
G1 X96.613 Y76.665 E36.59728
G1 X96.775 Y77.645 E36.63032
G1 X96.796 Y83.7 E36.83171
G1 X98.893 Y83.701 E36.90146
G1 X99.867 Y83.942 E36.93483
G1 X100.275 Y84.108 E36.94948
G1 X101.04 Y84.701 E36.98168
G1 X101.588 Y85.261 E37.00774
G1 X102.047 Y86.138 E37.04066
G1 X102.298 Y87.115 E37.07421
G1 X102.232 Y88.35 E37.11534
G1 X101.845 Y89.293 E37.14925
G1 X96.094 Y99.271 E37.53229
G1 X95.396 Y99.99 E37.56562
G1 X94.412 Y100.607 E37.60425
G1 X93.396 Y100.826 E37.63882
G1 X91.21 Y100.826 E37.71153
G1 X90.278 Y100.597 E37.74345
G1 X89.281 Y100.081 E37.78079
G1 X88.578 Y99.326 E37.8151
G1 X87.987 Y98.335 E37.85347
G1 X87.864 Y97.595 E37.87842
G1 X87.156 Y97.594 E37.90197
G1 X86.971 Y98.348 E37.92779
G1 X86.455 Y99.345 E37.96513
G1 X85.7 Y100.048 E37.99945
G1 X84.708 Y100.639 E38.03785
G1 X83.668 Y100.806 E38.07288
G1 X81.615 Y100.828 E38.14117
G1 X80.623 Y100.579 E38.17519
G1 X79.586 Y100.022 E38.21434
G1 X78.915 Y99.276 E38.24771
G1 X73.059 Y89.134 E38.63723
G1 X72.816 Y88.403 E38.66285
G1 X72.679 Y87.653 E38.68821
G1 X72.774 Y86.818 E38.71616
G1 X72.996 Y85.973 E38.74522
G1 X73.525 Y85.132 E38.77826
G1 X74.252 Y84.406 E38.81244
G1 X75.361 Y83.842 E38.85382
G1 X76.396 Y83.707 E38.88853
G1 X78.2 Y83.7 E38.94854
G1 X78.2 Y77.584 E39.15195
G1 X78.429 Y76.652 E39.18387
G1 X78.945 Y75.655 E39.22121
G0 F6000 X79.268 Y75.9
G1 F1200 X79.939 Y75.276 E39.25169
G1 X80.831 Y74.744 E39.28623
G1 X81.736 Y74.594 E39.31674
G1 X93.344 Y74.574 E39.70283
G1 X94.179 Y74.779 E39.73143
G1 X95.074 Y75.242 E39.76494
G1 X95.698 Y75.913 E39.79542
G1 X96.23 Y76.805 E39.82996
G1 X96.38 Y77.71 E39.86047
G1 X96.397 Y84.152 E40.07474
G1 X96.681 Y84.1 E40.08434
G1 X98.843 Y84.101 E40.15625
G1 X99.716 Y84.313 E40.18613
G1 X100.075 Y84.459 E40.19902
G1 X100.754 Y84.981 E40.2275
G1 X101.263 Y85.501 E40.2517
G1 X101.671 Y86.281 E40.28098
G1 X101.896 Y87.156 E40.31103
G1 X101.837 Y88.261 E40.34784
G1 X101.498 Y89.093 E40.37772
G1 X95.771 Y99.029 E40.75916
G1 X95.141 Y99.678 E40.78924
G1 X94.259 Y100.231 E40.82386
G1 X93.354 Y100.426 E40.85466
G1 X91.256 Y100.426 E40.92443
G1 X90.421 Y100.221 E40.95303
G1 X89.526 Y99.758 E40.98655
G1 X88.902 Y99.087 E41.01702
G1 X88.37 Y98.195 E41.05157
G1 X88.204 Y97.195 E41.08528
G1 X86.8 Y97.194 E41.13198
G1 X86.788 Y97.419 E41.13947
G1 X86.595 Y98.205 E41.16639
G1 X86.132 Y99.1 E41.19991
G1 X85.461 Y99.724 E41.23038
G1 X84.569 Y100.256 E41.26493
G1 X83.664 Y100.406 E41.29544
G1 X81.662 Y100.427 E41.36203
G1 X80.767 Y100.203 E41.39272
G1 X79.836 Y99.703 E41.42786
G1 X79.241 Y99.041 E41.45747
G1 X73.427 Y88.972 E41.84419
G1 X73.196 Y88.277 E41.86854
G1 X73.083 Y87.64 E41.89006
G1 X73.161 Y86.92 E41.91415
G1 X73.367 Y86.135 E41.94114
G1 X73.84 Y85.383 E41.97069
G1 X74.49 Y84.734 E42.00124
G1 X75.481 Y84.23 E42.03822
G1 X76.448 Y84.104 E42.07065
G1 X78.292 Y84.1 E42.13199
G1 X78.6 Y84.165 E42.14246
G1 X78.6 Y77.63 E42.35981
G1 X78.805 Y76.795 E42.38841
G1 X79.268 Y75.9 E42.42192
G0 F6000 X79.591 Y76.145
G1 F1200 X79.181 Y76.938 E42.45161
G1 X79 Y77.676 E42.47689
G1 X79 Y84.676 E42.70971
G1 X78.292 Y84.5 E42.73397
G1 X76.5 Y84.501 E42.79358
G1 X75.601 Y84.618 E42.82373
G1 X74.728 Y85.062 E42.8563
G1 X74.155 Y85.634 E42.88323
G1 X73.738 Y86.298 E42.90931
G1 X73.559 Y86.963 E42.93222
G1 X73.487 Y87.629 E42.9545
G1 X73.576 Y88.151 E42.97211
G1 X73.795 Y88.81 E42.99521
G1 X79.565 Y98.803 E43.379
G1 X80.088 Y99.385 E43.40503
G1 X80.911 Y99.827 E43.4361
G1 X81.709 Y100.026 E43.46345
G1 X83.598 Y100.011 E43.52628
G1 X84.429 Y99.873 E43.5543
G1 X85.222 Y99.4 E43.58501
G1 X85.809 Y98.855 E43.61165
G1 X86.219 Y98.062 E43.64134
G1 X86.4 Y97.324 E43.66662
G1 X86.4 Y96.794 E43.68425
G1 X88.606 Y96.795 E43.75762
G1 X88.615 Y97.224 E43.77189
G1 X88.753 Y98.055 E43.79991
G1 X89.226 Y98.848 E43.83062
G1 X89.771 Y99.435 E43.85726
G1 X90.564 Y99.845 E43.88695
G1 X91.302 Y100.026 E43.91222
G1 X93.312 Y100.026 E43.97908
G1 X94.105 Y99.855 E44.00606
G1 X94.888 Y99.364 E44.0368
G1 X95.448 Y98.787 E44.06354
G1 X101.151 Y88.893 E44.44337
G1 X101.442 Y88.171 E44.46926
G1 X101.494 Y87.196 E44.50174
G1 X101.296 Y86.425 E44.52821
G1 X100.938 Y85.741 E44.55389
G1 X100.468 Y85.261 E44.57623
G1 X99.874 Y84.809 E44.60106
G1 X99.622 Y84.702 E44.61017
G1 X98.794 Y84.501 E44.6385
G1 X96.681 Y84.5 E44.70878
G1 X95.998 Y84.648 E44.73203
G1 X95.985 Y77.776 E44.96059
G1 X95.847 Y76.945 E44.98861
G1 X95.374 Y76.152 E45.01932
G1 X94.829 Y75.565 E45.04596
G1 X94.036 Y75.155 E45.07565
G1 X93.298 Y74.974 E45.10093
G1 X81.802 Y74.989 E45.48329
G1 X80.971 Y75.127 E45.5113
G1 X80.178 Y75.6 E45.54201
G1 X79.591 Y76.145 E45.56865
G0 F6000 X79.914 Y76.39
G1 F1200 X80.417 Y75.924 E45.59146
G1 X81.111 Y75.51 E45.61834
G1 X81.868 Y75.384 E45.64386
G1 X93.248 Y75.374 E46.02236
G1 X93.897 Y75.533 E46.04459
G1 X94.584 Y75.888 E46.07031
G1 X95.05 Y76.391 E46.09311
G1 X95.464 Y77.085 E46.11999
G1 X95.59 Y77.842 E46.14552
G1 X95.599 Y85.328 E46.3945
G1 X96.044 Y85.048 E46.41199
G1 X96.724 Y84.9 E46.43513
G1 X98.745 Y84.901 E46.50235
G1 X99.528 Y85.091 E46.52915
G1 X99.672 Y85.158 E46.53443
G1 X100.182 Y85.541 E46.55565
G1 X100.613 Y85.981 E46.57613
G1 X100.92 Y86.568 E46.59817
G1 X101.092 Y87.237 E46.62114
G1 X101.047 Y88.081 E46.64925
G1 X100.804 Y88.693 E46.67115
G1 X95.125 Y98.545 E47.04937
G1 X94.633 Y99.052 E47.07287
G1 X93.952 Y99.479 E47.09961
G1 X93.27 Y99.626 E47.12281
G1 X91.352 Y99.626 E47.1866
G1 X90.703 Y99.467 E47.20883
G1 X90.016 Y99.112 E47.23455
G1 X89.55 Y98.609 E47.25735
G1 X89.136 Y97.915 E47.28423
G1 X89.01 Y97.158 E47.30975
G1 X89.002 Y96.395 E47.33513
G1 X86 Y96.394 E47.43498
G1 X86 Y97.274 E47.46425
G1 X85.841 Y97.923 E47.48647
G1 X85.486 Y98.61 E47.51219
G1 X84.983 Y99.076 E47.535
G1 X84.289 Y99.49 E47.56188
G1 X83.532 Y99.616 E47.5874
G1 X81.756 Y99.626 E47.64647
G1 X81.055 Y99.451 E47.6705
G1 X80.34 Y99.067 E47.6975
G1 X79.889 Y98.565 E47.71994
G1 X74.163 Y88.648 E48.10082
G1 X73.956 Y88.025 E48.12265
G1 X73.891 Y87.618 E48.13636
G1 X73.957 Y87.006 E48.15683
G1 X74.108 Y86.462 E48.17561
G1 X74.47 Y85.885 E48.19827
G1 X74.966 Y85.39 E48.22157
G1 X75.723 Y85.005 E48.24982
G1 X76.5 Y84.901 E48.27589
G1 X78.244 Y84.9 E48.3339
G1 X78.948 Y85.075 E48.35803
G1 X79.4 Y85.318 E48.3751
G1 X79.4 Y77.726 E48.62761
G1 X79.559 Y77.077 E48.64983
G1 X79.914 Y76.39 E48.67555
G0 F6000 X80.237 Y76.636
G1 F1200 X80.656 Y76.248 E48.69454
G1 X81.251 Y75.893 E48.71759
G1 X81.934 Y75.779 E48.74062
G1 X93.198 Y75.774 E49.11526
G1 X93.758 Y75.911 E49.13444
G1 X94.338 Y76.211 E49.15616
G1 X94.726 Y76.63 E49.17515
G1 X95.081 Y77.225 E49.19819
G1 X95.195 Y77.908 E49.22122
G1 X95.2 Y86.233 E49.49811
G1 X95.61 Y85.793 E49.51812
G1 X96.196 Y85.424 E49.54115
G1 X96.767 Y85.3 E49.56058
G1 X98.696 Y85.301 E49.62474
G1 X99.434 Y85.48 E49.65
G1 X99.896 Y85.821 E49.6691
G1 X100.288 Y86.221 E49.68773
G1 X100.545 Y86.712 E49.70616
G1 X100.69 Y87.277 E49.72556
G1 X100.652 Y87.992 E49.74938
G1 X100.457 Y88.493 E49.76726
G1 X94.802 Y98.303 E50.14387
G1 X94.378 Y98.74 E50.16412
G1 X93.799 Y99.103 E50.18685
G1 X93.228 Y99.226 E50.20628
G1 X91.402 Y99.226 E50.26701
G1 X90.842 Y99.089 E50.28618
G1 X90.262 Y98.789 E50.3079
G1 X89.874 Y98.37 E50.3269
G1 X89.519 Y97.775 E50.34994
G1 X89.405 Y97.092 E50.37297
G1 X89.4 Y95.995 E50.40946
G1 X85.6 Y95.994 E50.53585
G1 X85.6 Y97.224 E50.57676
G1 X85.463 Y97.784 E50.59593
G1 X85.163 Y98.364 E50.61765
G1 X84.744 Y98.752 E50.63664
G1 X84.149 Y99.107 E50.65969
G1 X83.466 Y99.221 E50.68272
G1 X81.804 Y99.226 E50.738
G1 X81.199 Y99.075 E50.75874
G1 X80.592 Y98.749 E50.78165
G1 X80.213 Y98.327 E50.80052
G1 X74.531 Y88.486 E51.17847
G1 X74.336 Y87.899 E51.19905
G1 X74.295 Y87.609 E51.20879
G1 X74.355 Y87.049 E51.22752
G1 X74.477 Y86.627 E51.24213
G1 X74.785 Y86.136 E51.26141
G1 X75.204 Y85.718 E51.28109
G1 X75.845 Y85.392 E51.30501
G1 X76.5 Y85.301 E51.32701
G1 X78.196 Y85.3 E51.38342
G1 X78.804 Y85.451 E51.40425
G1 X79.411 Y85.777 E51.42717
G1 X79.8 Y86.226 E51.44693
G1 X79.8 Y77.776 E51.72797
G1 X79.937 Y77.216 E51.74715
G1 X80.237 Y76.636 E51.76887
G0 F6000 X80.56 Y76.882
G1 F1200 X80.898 Y76.569 E51.78419
G1 X81.389 Y76.276 E51.80321
G1 X82 Y76.174 E51.82381
G1 X93.148 Y76.174 E52.19459
G1 X93.619 Y76.289 E52.21072
G1 X94.092 Y76.534 E52.22844
G1 X94.405 Y76.872 E52.24376
G1 X94.698 Y77.363 E52.26278
G1 X94.8 Y77.974 E52.28338
G1 X94.8 Y87.725 E52.6077
G1 X95.514 Y86.476 E52.65555
G1 X95.866 Y86.105 E52.67256
G1 X96.349 Y85.8 E52.69156
G1 X96.81 Y85.7 E52.70725
G1 X98.647 Y85.701 E52.76835
G1 X99.261 Y85.85 E52.78936
G1 X99.658 Y86.143 E52.80577
G1 X99.961 Y86.459 E52.82033
G1 X100.17 Y86.859 E52.83535
G1 X100.288 Y87.318 E52.85111
G1 X100.257 Y87.904 E52.87063
G1 X100.084 Y88.347 E52.88644
G1 X94.482 Y98.058 E53.25932
G1 X94.123 Y98.428 E53.27647
G1 X93.646 Y98.727 E53.29519
G1 X93.186 Y98.826 E53.31084
G1 X91.452 Y98.826 E53.36852
G1 X90.981 Y98.711 E53.38464
G1 X90.508 Y98.466 E53.40236
G1 X90.195 Y98.128 E53.41768
G1 X89.902 Y97.637 E53.4367
G1 X89.8 Y97.026 E53.4573
G1 X89.8 Y95.595 E53.5049
G1 X85.2 Y95.594 E53.65789
G1 X85.2 Y97.174 E53.71044
G1 X85.085 Y97.645 E53.72657
G1 X84.84 Y98.118 E53.74429
G1 X84.502 Y98.431 E53.75961
G1 X84.011 Y98.724 E53.77863
G1 X83.4 Y98.826 E53.79923
G1 X81.852 Y98.826 E53.85072
G1 X81.343 Y98.699 E53.86817
G1 X80.844 Y98.431 E53.887
G1 X80.537 Y98.089 E53.90229
G1 X74.899 Y88.324 E54.27732
G1 X74.716 Y87.773 E54.29663
G1 X74.698 Y87.604 E54.30229
G1 X74.753 Y87.092 E54.31941
G1 X74.844 Y86.795 E54.32974
G1 X75.102 Y86.384 E54.34588
G1 X75.441 Y86.046 E54.36181
G1 X75.965 Y85.779 E54.38137
G1 X76.5 Y85.701 E54.39935
G1 X78.148 Y85.7 E54.45416
G1 X78.66 Y85.827 E54.47171
G1 X79.157 Y86.094 E54.49047
G1 X79.469 Y86.446 E54.50612
G1 X80.2 Y87.725 E54.55511
G1 X80.2 Y77.826 E54.88436
G1 X80.315 Y77.355 E54.90048
G1 X80.56 Y76.882 E54.9182
G0 F6000 X80.883 Y77.128
G1 F1200 X81.14 Y76.89 E54.92985
G1 X81.527 Y76.659 E54.94484
G1 X82 Y76.574 E54.96082
G1 X93.098 Y76.574 E55.32994
G1 X93.48 Y76.667 E55.34302
G1 X93.846 Y76.857 E55.35674
G1 X94.084 Y77.114 E55.36839
G1 X94.315 Y77.501 E55.38338
G1 X94.4 Y77.974 E55.39936
G1 X94.4 Y89.23 E55.77374
G1 X95.835 Y86.719 E55.86993
G1 X96.123 Y86.416 E55.88383
G1 X96.503 Y86.176 E55.89878
G1 X96.853 Y86.1 E55.91069
G1 X98.598 Y86.101 E55.96873
G1 X99.088 Y86.22 E55.9855
G1 X99.42 Y86.465 E55.99923
G1 X99.632 Y86.693 E56.00958
G1 X99.795 Y87.006 E56.02132
G1 X99.886 Y87.359 E56.03345
G1 X99.862 Y87.815 E56.04863
G1 X99.711 Y88.201 E56.06242
G1 X94.162 Y97.813 E56.43156
G1 X93.868 Y98.116 E56.44561
G1 X93.493 Y98.351 E56.46033
G1 X93.144 Y98.426 E56.4722
G1 X91.502 Y98.426 E56.52681
G1 X91.12 Y98.333 E56.53989
G1 X90.754 Y98.143 E56.5536
G1 X90.516 Y97.886 E56.56525
G1 X90.285 Y97.499 E56.58024
G1 X90.2 Y97.026 E56.59623
G1 X90.2 Y95.195 E56.65713
G1 X84.8 Y95.194 E56.83673
G1 X84.8 Y97.124 E56.90092
G1 X84.707 Y97.506 E56.914
G1 X84.517 Y97.872 E56.92772
G1 X84.26 Y98.11 E56.93937
G1 X83.873 Y98.341 E56.95436
G1 X83.4 Y98.426 E56.97034
G1 X81.901 Y98.426 E57.0202
G1 X81.487 Y98.323 E57.03439
G1 X81.096 Y98.113 E57.04915
G1 X80.861 Y97.851 E57.06086
G1 X75.267 Y88.163 E57.43294
G1 X75.096 Y87.647 E57.45102
G1 X75.151 Y87.135 E57.46815
G1 X75.21 Y86.965 E57.47413
G1 X75.419 Y86.632 E57.48721
G1 X75.678 Y86.374 E57.49937
G1 X76.088 Y86.165 E57.51467
G1 X76.5 Y86.101 E57.52854
G1 X78.099 Y86.1 E57.58172
G1 X78.513 Y86.203 E57.59591
G1 X78.907 Y86.414 E57.61078
G1 X79.143 Y86.68 E57.6226
G1 X80.6 Y89.23 E57.72029
G1 X80.6 Y77.876 E58.09792
G1 X80.693 Y77.494 E58.111
G1 X80.883 Y77.128 E58.12471
G0 F6000 X81.207 Y77.373
G1 F1200 X81.345 Y77.234 E58.13123
G1 X81.672 Y77.039 E58.14389
G1 X82 Y76.974 E58.15501
G1 X93.049 Y76.974 E58.5225
G1 X93.338 Y77.044 E58.53239
G1 X93.601 Y77.181 E58.54226
G1 X93.74 Y77.319 E58.54877
G1 X93.935 Y77.646 E58.56144
G1 X94 Y77.974 E58.57256
G1 X94 Y90.735 E58.99699
G1 X96.156 Y86.962 E59.14152
G1 X96.38 Y86.727 E59.15232
G1 X96.658 Y86.551 E59.16326
G1 X96.853 Y86.5 E59.16997
G1 X98.549 Y86.501 E59.22638
G1 X98.916 Y86.59 E59.23894
G1 X99.183 Y86.787 E59.24997
G1 X99.301 Y86.924 E59.25599
G1 X99.44 Y87.191 E59.266
G1 X99.484 Y87.398 E59.27304
G1 X99.466 Y87.729 E59.28406
G1 X99.365 Y88.001 E59.29371
G1 X93.842 Y97.568 E59.66113
G1 X93.615 Y97.802 E59.67197
G1 X93.338 Y97.976 E59.68285
G1 X93.144 Y98.026 E59.68952
G1 X91.551 Y98.026 E59.7425
G1 X91.262 Y97.956 E59.75239
G1 X90.999 Y97.819 E59.76225
G1 X90.86 Y97.681 E59.76877
G1 X90.665 Y97.354 E59.78143
G1 X90.6 Y97.026 E59.79255
G1 X90.6 Y94.795 E59.86676
G1 X84.4 Y94.794 E60.07297
G1 X84.4 Y97.075 E60.14884
G1 X84.33 Y97.364 E60.15873
G1 X84.193 Y97.627 E60.16859
G1 X84.055 Y97.766 E60.1751
G1 X83.728 Y97.961 E60.18777
G1 X83.4 Y98.026 E60.19889
G1 X81.95 Y98.026 E60.24712
G1 X81.634 Y97.947 E60.25795
G1 X81.346 Y97.793 E60.26881
G1 X81.207 Y97.651 E60.27542
G1 X75.635 Y88.001 E60.64604
G1 X75.503 Y87.603 E60.65999
G1 X75.549 Y87.178 E60.67421
G1 X75.758 Y86.845 E60.68728
G1 X75.915 Y86.702 E60.69435
G1 X76.213 Y86.55 E60.70547
G1 X76.5 Y86.501 E60.71516
G1 X78.05 Y86.5 E60.76671
G1 X78.366 Y86.579 E60.77754
G1 X78.656 Y86.734 E60.78848
G1 X78.796 Y86.878 E60.79516
G1 X81 Y90.736 E60.94294
G1 X81 Y77.925 E61.36904
G1 X81.07 Y77.636 E61.37893
G1 X81.207 Y77.373 E61.38879
G0 F6000 X81.839 Y77.855
G1 F1200 X82 Y77.774 E61.39478
G1 X93 Y77.774 E61.76065
G1 X93.119 Y77.813 E61.76481
G1 X93.2 Y77.974 E61.77081
G1 X93.2 Y93.747 E62.29542
G1 X96.825 Y87.401 E62.5385
G1 X96.937 Y87.3 E62.54351
G1 X98.5 Y87.301 E62.5955
G1 X98.619 Y87.34 E62.59966
G1 X98.691 Y87.442 E62.60381
G1 X98.673 Y87.601 E62.60914
G1 X93.174 Y97.126 E62.97495
G1 X93.062 Y97.226 E62.97994
G1 X91.6 Y97.226 E63.02857
G1 X91.481 Y97.187 E63.03273
G1 X91.4 Y97.026 E63.03872
G1 X91.4 Y80.7 E63.58173
G1 X83.6 Y80.7 E63.84116
G1 X83.6 Y97.026 E64.38416
G1 X83.561 Y97.145 E64.38833
G1 X83.4 Y97.226 E64.39432
G1 X81.999 Y97.226 E64.44092
G1 X81.857 Y97.179 E64.4459
G1 X76.327 Y87.601 E64.81375
G1 X76.301 Y87.479 E64.81789
G1 X76.353 Y87.365 E64.82206
G1 X76.5 Y87.301 E64.82739
G1 X78.001 Y87.3 E64.87732
G1 X78.144 Y87.347 E64.88232
G1 X81.8 Y93.747 E65.12747
G1 X81.8 Y77.974 E65.65209
G1 X81.839 Y77.855 E65.65625
G1 F2700 E60.65625
G0 F6000 X81.335 Y77.855
G0 X75.738 Y87.5
G0 X81.62 Y97.685
G0 X84.053 Y97.679
G0 X84.039 Y81.181
G1 F2700 E65.65625
G1 F1200 X84.2 Y81.1 E65.66224
G1 X90.8 Y81.1 E65.88176
G1 X90.919 Y81.139 E65.88593
G1 X91 Y81.3 E65.89192
G1 X91 Y93.595 E66.30085
G1 X90.961 Y93.714 E66.30502
G1 X90.799 Y93.798 E66.31109
G1 X90.761 Y93.914 E66.31515
G1 X90.6 Y93.995 E66.32114
G1 X84.4 Y93.994 E66.52736
G1 X84.281 Y93.955 E66.53152
G1 X84.203 Y93.799 E66.53732
G1 X84.05 Y93.726 E66.54296
G1 X84 Y93.594 E66.54766
G1 X84 Y81.3 E66.95656
G1 X84.039 Y81.181 E66.96072
G1 F2700 E61.96072
G0 F6000 X84.053 Y97.679
G0 X81.62 Y97.685
G0 X75.738 Y87.5
G0 X81.335 Y77.974
G0 X81.4 Y77.974
G1 F2700 E66.96072
G1 F1200 X81.459 Y77.73 E66.96907
G1 X81.55 Y77.578 E66.97496
G1 X81.82 Y77.417 E66.98542
G1 X82 Y77.374 E66.99157
G1 X93 Y77.374 E67.35743
G1 X93.244 Y77.433 E67.36578
G1 X93.396 Y77.524 E67.37168
G1 X93.557 Y77.794 E67.38213
G1 X93.6 Y77.974 E67.38829
G1 X93.6 Y92.241 E67.86281
G1 X96.478 Y87.203 E68.05579
G1 X96.669 Y87.003 E68.06499
G1 X96.853 Y86.9 E68.072
G1 X98.5 Y86.901 E68.12678
G1 X98.744 Y86.96 E68.13513
G1 X98.946 Y87.109 E68.14348
G1 X99.085 Y87.376 E68.15349
G1 X99.07 Y87.646 E68.16248
G1 X99.019 Y87.801 E68.16791
G1 X93.52 Y97.326 E68.53372
G1 X93.328 Y97.524 E68.54289
G1 X93.144 Y97.626 E68.54989
G1 X91.6 Y97.626 E68.60124
G1 X91.356 Y97.567 E68.60959
G1 X91.204 Y97.476 E68.61548
G1 X91.043 Y97.206 E68.62594
G1 X91 Y97.026 E68.63209
G1 X91 Y94.229 E68.72512
G1 X90.775 Y94.355 E68.7337
G1 X90.6 Y94.395 E68.73967
G1 X84.4 Y94.394 E68.94588
G1 X84.156 Y94.335 E68.95423
G1 X84 Y94.238 E68.96034
G1 X84 Y97.026 E69.05307
G1 X83.941 Y97.27 E69.06142
G1 X83.85 Y97.422 E69.06731
G1 X83.58 Y97.583 E69.07777
G1 X83.4 Y97.626 E69.08392
G1 X81.999 Y97.626 E69.13052
G1 X81.731 Y97.559 E69.13971
G1 X81.553 Y97.451 E69.14664
G1 X75.981 Y87.801 E69.51726
G1 X75.91 Y87.562 E69.52555
G1 X75.937 Y87.313 E69.53388
G1 X76.097 Y87.058 E69.54389
G1 X76.34 Y86.934 E69.55297
G1 X76.5 Y86.901 E69.5584
G1 X78.001 Y86.9 E69.60832
G1 X78.269 Y86.967 E69.61751
G1 X78.449 Y87.076 E69.62451
G1 X81.4 Y92.241 E69.82236
G1 X81.4 Y77.974 E70.29688
G1 F2700 E65.29688
G0 F6000 X81.335 Y77.974
G0 X81.347 Y77.321
G0 X93.653 Y77.321
G0 X128.864 Y85.998
G1 F2700 E70.29688
G1 F1200 X129.286 Y84.355 E70.3533
G1 X130.375 Y82.622 E70.42138
G1 X131.872 Y81.126 E70.49177
G1 X134.2 Y79.943 E70.57862
G1 X134.2 Y77.121 E70.67248
G1 X134.666 Y75.225 E70.73742
G1 X135.719 Y73.197 E70.81342
G1 X137.28 Y71.738 E70.88449
G1 X139.303 Y70.531 E70.96284
G1 X141.021 Y70.249 E71.02075
G1 X153.843 Y70.174 E71.44722
G1 X155.751 Y70.642 E71.51256
G1 X157.777 Y71.693 E71.58847
G1 X159.248 Y73.266 E71.6601
G1 X160.287 Y75.01 E71.72762
G1 X160.47 Y75.445 E71.74332
G1 X160.751 Y77.31 E71.80605
G1 X160.775 Y80.059 E71.89748
G1 X161.184 Y80.17 E71.91158
G1 X162.296 Y80.603 E71.95127
G1 X163.9 Y81.901 E72.0199
G1 X164.847 Y82.87 E72.06496
G1 X165.808 Y84.701 E72.13374
G1 X166.318 Y86.7 E72.20235
G1 X166.182 Y89.277 E72.28819
G1 X165.315 Y91.293 E72.36118
G1 X159.324 Y101.691 E72.76031
G1 X157.94 Y103.116 E72.82638
G1 X155.945 Y104.367 E72.9047
G1 X153.816 Y104.826 E72.97714
G1 X150.747 Y104.826 E73.07922
G1 X148.851 Y104.36 E73.14415
G1 X147.478 Y103.648 E73.1956
G1 X146.518 Y104.211 E73.23261
G1 X145.726 Y104.533 E73.26105
G1 X143.941 Y104.79 E73.32103
G1 X141.142 Y104.838 E73.41414
G1 X139.18 Y104.342 E73.48145
G1 X137.074 Y103.209 E73.56099
G1 X135.673 Y101.653 E73.63063
G1 X129.375 Y90.747 E74.0495
G1 X128.924 Y89.305 E74.09975
G1 X128.631 Y87.776 E74.15153
G1 X128.864 Y85.998 E74.21117
G0 F6000 X129.261 Y86.05
G1 F1200 X129.657 Y84.517 E74.26383
G1 X130.69 Y82.873 E74.32841
G1 X132.11 Y81.454 E74.39518
G1 X134.283 Y80.35 E74.47625
G1 X134.6 Y80.309 E74.48688
G1 X134.6 Y77.167 E74.59138
G1 X135.042 Y75.368 E74.653
G1 X136.042 Y73.442 E74.72518
G1 X137.519 Y72.062 E74.79241
G1 X139.443 Y70.914 E74.86693
G1 X141.086 Y70.644 E74.92231
G1 X153.798 Y70.574 E75.34511
G1 X155.608 Y71.018 E75.4071
G1 X157.532 Y72.016 E75.47919
G1 X158.924 Y73.505 E75.54698
G1 X159.943 Y75.215 E75.61319
G1 X160.081 Y75.552 E75.6253
G1 X160.355 Y77.37 E75.68645
G1 X160.377 Y80.368 E75.78617
G1 X161.039 Y80.543 E75.80894
G1 X162.094 Y80.954 E75.8466
G1 X163.614 Y82.181 E75.91157
G1 X164.521 Y83.109 E75.95473
G1 X165.431 Y84.843 E76.01987
G1 X165.916 Y86.743 E76.08509
G1 X165.787 Y89.182 E76.16632
G1 X164.968 Y91.093 E76.23547
G1 X159.001 Y101.449 E76.633
G1 X157.685 Y102.804 E76.69583
G1 X155.792 Y103.991 E76.77014
G1 X153.774 Y104.426 E76.8388
G1 X150.793 Y104.426 E76.93795
G1 X148.994 Y103.984 E76.99956
G1 X147.465 Y103.191 E77.05685
G1 X146.367 Y103.84 E77.09927
G1 X145.619 Y104.144 E77.12613
G1 X143.934 Y104.39 E77.18277
G1 X141.189 Y104.437 E77.27408
G1 X139.325 Y103.966 E77.33802
G1 X137.325 Y102.89 E77.41356
G1 X135.997 Y101.415 E77.47957
G1 X129.745 Y90.588 E77.89541
G1 X129.317 Y89.23 E77.94276
G1 X129.036 Y87.765 E77.99238
G1 X129.261 Y86.05 E78.04991
G0 F6000 X129.658 Y86.102
G1 F1200 X130.028 Y84.678 E78.09884
G1 X131.005 Y83.124 E78.1599
G1 X132.348 Y81.782 E78.22304
G1 X134.403 Y80.738 E78.29971
G1 X135 Y80.662 E78.31972
G1 X135 Y77.214 E78.4344
G1 X135.419 Y75.51 E78.49277
G1 X136.365 Y73.687 E78.56108
G1 X137.761 Y72.383 E78.62462
G1 X139.581 Y71.297 E78.69511
G1 X141.151 Y71.039 E78.74803
G1 X153.753 Y70.974 E79.16718
G1 X155.465 Y71.394 E79.22581
G1 X157.287 Y72.339 E79.29407
G1 X158.6 Y73.744 E79.35803
G1 X159.599 Y75.42 E79.42293
G1 X159.694 Y75.663 E79.4316
G1 X159.955 Y77.373 E79.48914
G1 X159.979 Y80.678 E79.59907
G1 X160.894 Y80.916 E79.63051
G1 X161.89 Y81.304 E79.66606
G1 X163.328 Y82.461 E79.72745
G1 X164.195 Y83.348 E79.7687
G1 X165.054 Y84.985 E79.83019
G1 X165.514 Y86.786 E79.89202
G1 X165.392 Y89.088 E79.96869
G1 X164.621 Y90.893 E80.03397
G1 X158.678 Y101.207 E80.42989
G1 X157.43 Y102.492 E80.48947
G1 X155.639 Y103.615 E80.55978
G1 X153.732 Y104.026 E80.62466
G1 X150.84 Y104.026 E80.72085
G1 X149.136 Y103.607 E80.77921
G1 X147.452 Y102.734 E80.8423
G1 X146.216 Y103.469 E80.89013
G1 X145.512 Y103.755 E80.9154
G1 X143.927 Y103.99 E80.9687
G1 X141.236 Y104.036 E81.05821
G1 X139.47 Y103.59 E81.1188
G1 X137.576 Y102.571 E81.19033
G1 X136.321 Y101.177 E81.25272
G1 X130.113 Y90.427 E81.6656
G1 X129.71 Y89.155 E81.70998
G1 X129.441 Y87.754 E81.75743
G1 X129.658 Y86.102 E81.81285
G0 F6000 X130.055 Y86.154
G1 F1200 X130.399 Y84.84 E81.85802
G1 X131.32 Y83.375 E81.91558
G1 X132.586 Y82.11 E81.9751
G1 X134.522 Y81.126 E82.04733
G1 X135.4 Y81.014 E82.07677
G1 X135.4 Y77.26 E82.20163
G1 X135.795 Y75.653 E82.25667
G1 X136.688 Y73.932 E82.32116
G1 X138.003 Y72.704 E82.381
G1 X139.719 Y71.68 E82.44747
G1 X141.216 Y71.434 E82.49792
G1 X153.708 Y71.374 E82.91341
G1 X155.322 Y71.77 E82.96869
G1 X157.042 Y72.662 E83.03313
G1 X158.276 Y73.983 E83.09326
G1 X159.255 Y75.625 E83.15684
G1 X159.306 Y75.768 E83.16189
G1 X159.555 Y77.376 E83.21601
G1 X159.581 Y80.988 E83.33615
G1 X160.749 Y81.289 E83.37626
G1 X161.688 Y81.655 E83.40978
G1 X163.042 Y82.741 E83.46751
G1 X163.869 Y83.587 E83.50686
G1 X164.677 Y85.127 E83.56471
G1 X165.112 Y86.829 E83.62313
G1 X164.997 Y88.995 E83.69528
G1 X164.274 Y90.693 E83.75666
G1 X158.355 Y100.965 E84.15097
G1 X157.177 Y102.178 E84.20721
G1 X155.485 Y103.239 E84.27363
G1 X153.69 Y103.626 E84.33471
G1 X150.886 Y103.626 E84.42797
G1 X149.279 Y103.231 E84.48301
G1 X147.617 Y102.369 E84.54528
G1 X147.478 Y102.252 E84.55132
G1 X146.011 Y103.125 E84.6081
G1 X145.41 Y103.365 E84.62962
G1 X143.92 Y103.59 E84.67974
G1 X141.283 Y103.635 E84.76746
G1 X139.615 Y103.214 E84.82468
G1 X137.827 Y102.252 E84.89221
G1 X136.645 Y100.939 E84.95097
G1 X130.482 Y90.266 E85.36089
G1 X130.103 Y89.079 E85.40233
G1 X129.846 Y87.742 E85.44761
G1 X130.055 Y86.154 E85.50089
G0 F6000 X130.452 Y86.206
G1 F1200 X130.77 Y85.001 E85.54234
G1 X131.635 Y83.626 E85.59637
G1 X132.824 Y82.438 E85.65227
G1 X134.642 Y81.514 E85.7201
G1 X135.8 Y81.367 E85.75892
G1 X135.8 Y77.306 E85.89399
G1 X136.171 Y75.796 E85.94571
G1 X137.011 Y74.177 E86.00637
G1 X138.245 Y73.025 E86.06252
G1 X139.857 Y72.063 E86.12496
G1 X141.281 Y71.829 E86.17296
G1 X153.663 Y71.774 E86.58479
G1 X155.179 Y72.146 E86.63671
G1 X156.797 Y72.985 E86.69733
G1 X157.952 Y74.222 E86.75362
G1 X158.911 Y75.83 E86.81589
G1 X159.155 Y77.379 E86.86804
G1 X159.183 Y81.298 E86.99839
G1 X160.604 Y81.662 E87.04718
G1 X161.487 Y82.006 E87.0787
G1 X162.756 Y83.021 E87.13275
G1 X163.543 Y83.826 E87.17019
G1 X164.3 Y85.269 E87.22439
G1 X164.71 Y86.872 E87.27942
G1 X164.602 Y88.903 E87.34707
G1 X163.927 Y90.493 E87.40452
G1 X158.032 Y100.723 E87.79722
G1 X156.922 Y101.866 E87.85021
G1 X155.332 Y102.863 E87.91263
G1 X153.648 Y103.226 E87.96993
G1 X150.932 Y103.226 E88.06026
G1 X149.422 Y102.855 E88.11198
G1 X147.801 Y102.014 E88.17272
G1 X147.482 Y101.672 E88.18827
G1 X147.152 Y101.98 E88.20329
G1 X145.806 Y102.781 E88.25538
G1 X145.306 Y102.976 E88.27323
G1 X143.86 Y103.194 E88.32187
G1 X141.33 Y103.234 E88.40603
G1 X139.76 Y102.838 E88.45988
G1 X138.078 Y101.933 E88.52341
G1 X136.969 Y100.701 E88.57854
G1 X130.851 Y90.106 E88.98547
G1 X130.496 Y89.003 E89.024
G1 X130.251 Y87.73 E89.06712
G1 X130.452 Y86.206 E89.11825
G0 F6000 X130.839 Y86.308
G1 F1200 X131.141 Y85.163 E89.15763
G1 X131.95 Y83.877 E89.20817
G1 X133.062 Y82.766 E89.26045
G1 X134.762 Y81.902 E89.32387
G1 X136.2 Y81.719 E89.37209
G1 X136.2 Y77.353 E89.5173
G1 X136.548 Y75.938 E89.56577
G1 X137.334 Y74.422 E89.62256
G1 X138.487 Y73.346 E89.67502
G1 X139.995 Y72.446 E89.73343
G1 X141.346 Y72.224 E89.77896
G1 X153.618 Y72.174 E90.18714
G1 X155.036 Y72.522 E90.2357
G1 X156.552 Y73.308 E90.2925
G1 X157.628 Y74.461 E90.34495
G1 X158.528 Y75.97 E90.40339
G1 X158.755 Y77.382 E90.45095
G1 X158.786 Y81.701 E90.59461
G1 X159.142 Y81.701 E90.60645
G1 X160.459 Y82.035 E90.65164
G1 X161.285 Y82.357 E90.68113
G1 X162.47 Y83.301 E90.73152
G1 X163.217 Y84.065 E90.76705
G1 X163.923 Y85.411 E90.81761
G1 X164.308 Y86.915 E90.86924
G1 X164.207 Y88.811 E90.93239
G1 X163.58 Y90.293 E90.98592
G1 X157.709 Y100.481 E91.37701
G1 X156.667 Y101.554 E91.42675
G1 X155.179 Y102.487 E91.48517
G1 X153.606 Y102.826 E91.53869
G1 X150.979 Y102.826 E91.62606
G1 X149.564 Y102.478 E91.67453
G1 X148.046 Y101.691 E91.7314
G1 X147.501 Y101.107 E91.75797
G1 X146.91 Y101.658 E91.78484
G1 X145.601 Y102.437 E91.83551
G1 X145.206 Y102.586 E91.84955
G1 X143.8 Y102.798 E91.89684
G1 X141.377 Y102.833 E91.97744
G1 X139.905 Y102.462 E92.02793
G1 X138.329 Y101.614 E92.08745
G1 X137.293 Y100.463 E92.13896
G1 X131.22 Y89.946 E92.54289
G1 X130.877 Y88.88 E92.58013
G1 X130.656 Y87.719 E92.61944
G1 X130.839 Y86.308 E92.66676
G0 F6000 X131.226 Y86.41
G1 F1200 X131.512 Y85.325 E92.70408
G1 X132.265 Y84.128 E92.75112
G1 X133.3 Y83.094 E92.79978
G1 X134.881 Y82.29 E92.85877
G1 X136.188 Y82.119 E92.90261
G1 X136.6 Y82.112 E92.91632
G1 X136.6 Y77.399 E93.07307
G1 X136.924 Y76.081 E93.11821
G1 X137.657 Y74.667 E93.17119
G1 X138.729 Y73.667 E93.21995
G1 X140.133 Y72.829 E93.27433
G1 X141.411 Y72.619 E93.31741
G1 X153.573 Y72.574 E93.72192
G1 X154.893 Y72.898 E93.76712
G1 X156.307 Y73.631 E93.8201
G1 X157.307 Y74.703 E93.86886
G1 X158.145 Y76.107 E93.92324
G1 X158.355 Y77.385 E93.96632
G1 X158.389 Y82.1 E94.12314
G1 X159.091 Y82.101 E94.14649
G1 X160.361 Y82.423 E94.19007
G1 X161.083 Y82.708 E94.21589
G1 X162.184 Y83.581 E94.26262
G1 X162.891 Y84.304 E94.29625
G1 X163.548 Y85.557 E94.34331
G1 X163.906 Y86.955 E94.39131
G1 X163.812 Y88.718 E94.45003
G1 X163.233 Y90.093 E94.49965
G1 X157.386 Y100.239 E94.88913
G1 X156.414 Y101.24 E94.93554
G1 X155.025 Y102.111 E94.99007
G1 X153.564 Y102.426 E95.03978
G1 X151.025 Y102.426 E95.12423
G1 X149.707 Y102.102 E95.16937
G1 X148.293 Y101.369 E95.22234
G1 X147.521 Y100.541 E95.25999
G1 X146.668 Y101.336 E95.29878
G1 X145.396 Y102.093 E95.34801
G1 X145.107 Y102.196 E95.35821
G1 X143.74 Y102.402 E95.40419
G1 X141.424 Y102.432 E95.48123
G1 X140.05 Y102.086 E95.52836
G1 X138.58 Y101.295 E95.58388
G1 X137.617 Y100.225 E95.63176
G1 X131.587 Y89.782 E96.03284
G1 X131.27 Y88.805 E96.067
G1 X131.061 Y87.707 E96.10418
G1 X131.226 Y86.41 E96.14766
G0 F6000 X131.613 Y86.512
G1 F1200 X131.883 Y85.487 E96.18292
G1 X132.58 Y84.379 E96.22645
G1 X133.538 Y83.422 E96.27149
G1 X135.001 Y82.678 E96.32608
G1 X136.24 Y82.516 E96.36764
G1 X137 Y82.507 E96.39292
G1 X137 Y77.445 E96.56128
G1 X137.3 Y76.224 E96.6031
G1 X137.979 Y74.914 E96.65218
G1 X138.974 Y73.986 E96.69743
G1 X140.271 Y73.212 E96.74767
G1 X141.476 Y73.014 E96.78828
G1 X153.528 Y72.974 E97.18914
G1 X154.75 Y73.274 E97.23099
G1 X156.06 Y73.953 E97.28006
G1 X156.988 Y74.948 E97.32532
G1 X157.762 Y76.245 E97.37555
G1 X157.96 Y77.45 E97.41617
G1 X157.991 Y82.5 E97.58414
G1 X159.04 Y82.501 E97.61903
G1 X160.263 Y82.811 E97.66099
G1 X160.879 Y83.057 E97.68305
G1 X161.898 Y83.861 E97.72622
G1 X162.565 Y84.543 E97.75795
G1 X163.173 Y85.703 E97.80151
G1 X163.504 Y86.995 E97.84587
G1 X163.417 Y88.625 E97.90016
G1 X162.886 Y89.893 E97.94588
G1 X157.063 Y99.997 E98.33376
G1 X156.159 Y100.928 E98.37692
G1 X154.872 Y101.735 E98.42744
G1 X153.522 Y102.026 E98.47338
G1 X151.071 Y102.026 E98.5549
G1 X149.85 Y101.726 E98.59672
G1 X148.54 Y101.047 E98.64579
G1 X147.641 Y100.083 E98.68963
G1 X147.519 Y99.897 E98.69703
G1 X147.372 Y100.132 E98.70625
G1 X146.426 Y101.014 E98.74927
G1 X145.191 Y101.749 E98.79707
G1 X145.047 Y101.8 E98.80215
G1 X143.68 Y102.006 E98.84813
G1 X141.472 Y102.031 E98.92157
G1 X140.193 Y101.709 E98.96544
G1 X138.832 Y100.977 E99.01684
G1 X137.941 Y99.987 E99.06114
G1 X131.954 Y89.619 E99.45934
G1 X131.663 Y88.73 E99.49046
G1 X131.466 Y87.694 E99.52553
G1 X131.613 Y86.512 E99.56515
G0 F6000 X132 Y86.614
G1 F1200 X132.254 Y85.649 E99.59834
G1 X132.895 Y84.63 E99.63838
G1 X133.776 Y83.75 E99.67979
G1 X135.121 Y83.066 E99.72998
G1 X136.292 Y82.913 E99.76926
G1 X137.4 Y82.904 E99.80611
G1 X137.4 Y77.491 E99.98615
G1 X137.676 Y76.367 E100.02464
G1 X138.301 Y75.161 E100.06982
G1 X139.216 Y74.308 E100.11143
G1 X140.411 Y73.595 E100.15771
G1 X141.541 Y73.409 E100.1958
G1 X153.483 Y73.374 E100.593
G1 X154.607 Y73.65 E100.63149
G1 X155.813 Y74.275 E100.67667
G1 X156.666 Y75.19 E100.71828
G1 X157.379 Y76.385 E100.76456
G1 X157.565 Y77.515 E100.80265
G1 X157.593 Y82.9 E100.98176
G1 X158.99 Y82.901 E101.02822
G1 X160.115 Y83.183 E101.0668
G1 X160.677 Y83.407 E101.08692
G1 X161.612 Y84.141 E101.12645
G1 X162.239 Y84.782 E101.15628
G1 X162.798 Y85.849 E101.19634
G1 X163.102 Y87.035 E101.23706
G1 X163.022 Y88.534 E101.28699
G1 X162.539 Y89.693 E101.32875
G1 X156.74 Y99.755 E101.71502
G1 X155.904 Y100.616 E101.75493
G1 X154.719 Y101.359 E101.80145
G1 X153.48 Y101.626 E101.84361
G1 X151.117 Y101.626 E101.9222
G1 X149.993 Y101.35 E101.9607
G1 X148.787 Y100.725 E102.00588
G1 X147.934 Y99.81 E102.04748
G1 X147.495 Y99.074 E102.07598
G1 X147.099 Y99.839 E102.10464
G1 X146.184 Y100.692 E102.14624
G1 X144.986 Y101.405 E102.19261
G1 X143.676 Y101.606 E102.23669
G1 X141.52 Y101.63 E102.3084
G1 X140.336 Y101.332 E102.34901
G1 X139.084 Y100.659 E102.39629
G1 X138.265 Y99.749 E102.43701
G1 X132.323 Y89.458 E102.83225
G1 X132.056 Y88.655 E102.86039
G1 X131.871 Y87.68 E102.8934
G1 X132 Y86.614 E102.92911
G0 F6000 X132.387 Y86.716
G1 F1200 X132.625 Y85.811 E102.96024
G1 X133.21 Y84.881 E102.99678
G1 X134.014 Y84.078 E103.03458
G1 X135.241 Y83.454 E103.08036
G1 X136.344 Y83.31 E103.11736
G1 X137.8 Y83.302 E103.16578
G1 X137.8 Y77.538 E103.3575
G1 X138.053 Y76.509 E103.39274
G1 X138.623 Y75.408 E103.43398
G1 X139.458 Y74.63 E103.47193
G1 X140.551 Y73.978 E103.51426
G1 X141.606 Y73.804 E103.54983
G1 X153.436 Y73.774 E103.9433
G1 X154.465 Y74.027 E103.97854
G1 X155.566 Y74.597 E104.01978
G1 X156.344 Y75.432 E104.05774
G1 X156.996 Y76.525 E104.10007
G1 X157.17 Y77.58 E104.13563
G1 X157.195 Y83.3 E104.32588
G1 X158.941 Y83.301 E104.38395
G1 X160.018 Y83.571 E104.42088
G1 X160.475 Y83.757 E104.43729
G1 X161.326 Y84.421 E104.47319
G1 X161.913 Y85.021 E104.50111
G1 X162.423 Y85.995 E104.53768
G1 X162.7 Y87.075 E104.57476
G1 X162.627 Y88.441 E104.62026
G1 X162.192 Y89.493 E104.65812
G1 X156.417 Y99.513 E105.04278
G1 X155.651 Y100.302 E105.07935
G1 X154.565 Y100.983 E105.12199
G1 X153.438 Y101.226 E105.16033
G1 X151.164 Y101.226 E105.23597
G1 X150.135 Y100.973 E105.27121
G1 X149.034 Y100.403 E105.31245
G1 X148.256 Y99.568 E105.35041
G1 X147.604 Y98.475 E105.39274
G1 X147.524 Y97.995 E105.40892
G1 X147.469 Y97.994 E105.41075
G1 X147.347 Y98.491 E105.42777
G1 X146.777 Y99.592 E105.46901
G1 X145.942 Y100.37 E105.50697
G1 X144.847 Y101.022 E105.54935
G1 X143.672 Y101.206 E105.58891
G1 X141.568 Y101.229 E105.6589
G1 X140.479 Y100.955 E105.69624
G1 X139.336 Y100.341 E105.7394
G1 X138.589 Y99.511 E105.77654
G1 X132.691 Y89.296 E106.16886
G1 X132.436 Y88.529 E106.19574
G1 X132.275 Y87.667 E106.22491
G1 X132.387 Y86.716 E106.25676
G0 F6000 X132.774 Y86.818
G1 F1200 X132.996 Y85.973 E106.28581
G1 X133.525 Y85.132 E106.31886
G1 X134.252 Y84.406 E106.35303
G1 X135.361 Y83.842 E106.39441
G1 X136.396 Y83.707 E106.42913
G1 X138.2 Y83.7 E106.48913
G1 X138.2 Y77.584 E106.69255
G1 X138.429 Y76.652 E106.72447
G1 X138.945 Y75.655 E106.76181
G1 X139.7 Y74.952 E106.79612
G1 X140.691 Y74.361 E106.8345
G1 X141.671 Y74.199 E106.86753
G1 X153.39 Y74.174 E107.25731
G1 X154.322 Y74.403 E107.28923
G1 X155.319 Y74.919 E107.32657
G1 X156.022 Y75.674 E107.36088
G1 X156.613 Y76.665 E107.39926
G1 X156.775 Y77.645 E107.4323
G1 X156.796 Y83.7 E107.63369
G1 X158.893 Y83.701 E107.70343
G1 X159.867 Y83.942 E107.73681
G1 X160.275 Y84.108 E107.75146
G1 X161.04 Y84.701 E107.78365
G1 X161.588 Y85.261 E107.80971
G1 X162.047 Y86.138 E107.84263
G1 X162.298 Y87.115 E107.87618
G1 X162.232 Y88.35 E107.91732
G1 X161.845 Y89.293 E107.95122
G1 X156.094 Y99.271 E108.33427
G1 X155.396 Y99.99 E108.3676
G1 X154.412 Y100.607 E108.40623
G1 X153.396 Y100.826 E108.44079
G1 X151.21 Y100.826 E108.5135
G1 X150.278 Y100.597 E108.54542
G1 X149.281 Y100.081 E108.58276
G1 X148.578 Y99.326 E108.61707
G1 X147.987 Y98.335 E108.65545
G1 X147.864 Y97.595 E108.6804
G1 X147.156 Y97.594 E108.70395
G1 X146.971 Y98.348 E108.72977
G1 X146.455 Y99.345 E108.76711
G1 X145.7 Y100.048 E108.80142
G1 X144.708 Y100.639 E108.83983
G1 X143.668 Y100.806 E108.87486
G1 X141.615 Y100.828 E108.94315
G1 X140.623 Y100.579 E108.97716
G1 X139.586 Y100.022 E109.01631
G1 X138.915 Y99.276 E109.04969
G1 X133.059 Y89.134 E109.4392
G1 X132.816 Y88.403 E109.46483
G1 X132.679 Y87.653 E109.49018
G1 X132.774 Y86.818 E109.51813
G0 F6000 X133.161 Y86.92
G1 F1200 X133.367 Y86.135 E109.54513
G1 X133.84 Y85.383 E109.57468
G1 X134.49 Y84.734 E109.60523
G1 X135.481 Y84.23 E109.6422
G1 X136.448 Y84.104 E109.67464
G1 X138.292 Y84.1 E109.73597
G1 X138.6 Y84.165 E109.74644
G1 X138.6 Y77.63 E109.9638
G1 X138.805 Y76.795 E109.99239
G1 X139.268 Y75.9 E110.02591
G1 X139.939 Y75.276 E110.05638
G1 X140.831 Y74.744 E110.09093
G1 X141.736 Y74.594 E110.12144
G1 X153.344 Y74.574 E110.50752
G1 X154.179 Y74.779 E110.53612
G1 X155.074 Y75.242 E110.56964
G1 X155.698 Y75.913 E110.60011
G1 X156.23 Y76.805 E110.63466
G1 X156.38 Y77.71 E110.66517
G1 X156.397 Y84.152 E110.87943
G1 X156.681 Y84.1 E110.88903
G1 X158.843 Y84.101 E110.96094
G1 X159.716 Y84.313 E110.99082
G1 X160.075 Y84.459 E111.00371
G1 X160.754 Y84.981 E111.0322
G1 X161.263 Y85.501 E111.0564
G1 X161.671 Y86.281 E111.08568
G1 X161.896 Y87.156 E111.11573
G1 X161.837 Y88.261 E111.15253
G1 X161.498 Y89.093 E111.18241
G1 X155.771 Y99.029 E111.56385
G1 X155.141 Y99.678 E111.59393
G1 X154.259 Y100.231 E111.62856
G1 X153.354 Y100.426 E111.65935
G1 X151.256 Y100.426 E111.72913
G1 X150.421 Y100.221 E111.75773
G1 X149.526 Y99.758 E111.79124
G1 X148.902 Y99.087 E111.82172
G1 X148.37 Y98.195 E111.85626
G1 X148.204 Y97.195 E111.88998
G1 X146.8 Y97.194 E111.93667
G1 X146.788 Y97.419 E111.94417
G1 X146.595 Y98.205 E111.97109
G1 X146.132 Y99.1 E112.0046
G1 X145.461 Y99.724 E112.03508
G1 X144.569 Y100.256 E112.06962
G1 X143.664 Y100.406 E112.10013
G1 X141.662 Y100.427 E112.16672
G1 X140.767 Y100.203 E112.19741
G1 X139.836 Y99.703 E112.23256
G1 X139.241 Y99.041 E112.26216
G1 X133.427 Y88.972 E112.64888
G1 X133.196 Y88.277 E112.67324
G1 X133.083 Y87.64 E112.69476
G1 X133.161 Y86.92 E112.71884
G0 F6000 X133.559 Y86.963
G1 F1200 X133.738 Y86.298 E112.74175
G1 X134.155 Y85.634 E112.76783
G1 X134.728 Y85.062 E112.79476
G1 X135.601 Y84.618 E112.82733
G1 X136.5 Y84.501 E112.85749
G1 X138.292 Y84.5 E112.91709
G1 X139 Y84.676 E112.94135
G1 X139 Y77.676 E113.17417
G1 X139.181 Y76.938 E113.19945
G1 X139.591 Y76.145 E113.22914
G1 X140.178 Y75.6 E113.25578
G1 X140.971 Y75.127 E113.28649
G1 X141.802 Y74.989 E113.31451
G1 X153.298 Y74.974 E113.69687
G1 X154.036 Y75.155 E113.72214
G1 X154.829 Y75.565 E113.75183
G1 X155.374 Y76.152 E113.77847
G1 X155.847 Y76.945 E113.80918
G1 X155.985 Y77.776 E113.8372
G1 X155.998 Y84.648 E114.06577
G1 X156.681 Y84.5 E114.08901
G1 X158.794 Y84.501 E114.15929
G1 X159.622 Y84.702 E114.18763
G1 X159.874 Y84.809 E114.19673
G1 X160.468 Y85.261 E114.22156
G1 X160.938 Y85.741 E114.2439
G1 X161.296 Y86.425 E114.26958
G1 X161.494 Y87.196 E114.29606
G1 X161.442 Y88.171 E114.32853
G1 X161.151 Y88.893 E114.35442
G1 X155.448 Y98.787 E114.73425
G1 X154.888 Y99.364 E114.761
G1 X154.105 Y99.855 E114.79173
G1 X153.312 Y100.026 E114.81872
G1 X151.302 Y100.026 E114.88557
G1 X150.564 Y99.845 E114.91084
G1 X149.771 Y99.435 E114.94053
G1 X149.226 Y98.848 E114.96718
G1 X148.753 Y98.055 E114.99789
G1 X148.615 Y97.224 E115.0259
G1 X148.606 Y96.795 E115.04018
G1 X146.4 Y96.794 E115.11355
G1 X146.4 Y97.324 E115.13118
G1 X146.219 Y98.062 E115.15645
G1 X145.809 Y98.855 E115.18614
G1 X145.222 Y99.4 E115.21278
G1 X144.429 Y99.873 E115.24349
G1 X143.598 Y100.011 E115.27151
G1 X141.709 Y100.026 E115.33434
G1 X140.911 Y99.827 E115.3617
G1 X140.088 Y99.385 E115.39277
G1 X139.565 Y98.803 E115.41879
G1 X133.795 Y88.81 E115.80259
G1 X133.576 Y88.151 E115.82568
G1 X133.487 Y87.629 E115.8433
G1 X133.559 Y86.963 E115.86558
G0 F6000 X133.957 Y87.006
G1 F1200 X134.108 Y86.462 E115.88435
G1 X134.47 Y85.885 E115.90701
G1 X134.966 Y85.39 E115.93032
G1 X135.723 Y85.005 E115.95856
G1 X136.5 Y84.901 E115.98464
G1 X138.244 Y84.9 E116.04264
G1 X138.948 Y85.075 E116.06677
G1 X139.4 Y85.318 E116.08384
G1 X139.4 Y77.726 E116.33635
G1 X139.559 Y77.077 E116.35857
G1 X139.914 Y76.39 E116.38429
G1 X140.417 Y75.924 E116.4071
G1 X141.111 Y75.51 E116.43398
G1 X141.868 Y75.384 E116.4595
G1 X153.248 Y75.374 E116.838
G1 X153.897 Y75.533 E116.86023
G1 X154.584 Y75.888 E116.88595
G1 X155.05 Y76.391 E116.90875
G1 X155.464 Y77.085 E116.93563
G1 X155.59 Y77.842 E116.96115
G1 X155.599 Y85.328 E117.21014
G1 X156.044 Y85.048 E117.22763
G1 X156.724 Y84.9 E117.25077
G1 X158.745 Y84.901 E117.31799
G1 X159.528 Y85.091 E117.34479
G1 X159.672 Y85.158 E117.35007
G1 X160.182 Y85.541 E117.37129
G1 X160.613 Y85.981 E117.39177
G1 X160.92 Y86.568 E117.4138
G1 X161.092 Y87.237 E117.43678
G1 X161.047 Y88.081 E117.46489
G1 X160.804 Y88.693 E117.48679
G1 X155.125 Y98.545 E117.86501
G1 X154.633 Y99.052 E117.88851
G1 X153.952 Y99.479 E117.91524
G1 X153.27 Y99.626 E117.93845
G1 X151.352 Y99.626 E118.00224
G1 X150.703 Y99.467 E118.02447
G1 X150.016 Y99.112 E118.05019
G1 X149.55 Y98.609 E118.07299
G1 X149.136 Y97.915 E118.09987
G1 X149.01 Y97.158 E118.12539
G1 X149.002 Y96.395 E118.15077
G1 X146 Y96.394 E118.25062
G1 X146 Y97.274 E118.27989
G1 X145.841 Y97.923 E118.30211
G1 X145.486 Y98.61 E118.32783
G1 X144.983 Y99.076 E118.35064
G1 X144.289 Y99.49 E118.37752
G1 X143.532 Y99.616 E118.40304
G1 X141.756 Y99.626 E118.46211
G1 X141.055 Y99.451 E118.48614
G1 X140.34 Y99.067 E118.51314
G1 X139.889 Y98.565 E118.53558
G1 X134.163 Y88.648 E118.91646
G1 X133.956 Y88.025 E118.93829
G1 X133.891 Y87.618 E118.952
G1 X133.957 Y87.006 E118.97247
G0 F6000 X134.355 Y87.049
G1 F1200 X134.477 Y86.627 E118.98708
G1 X134.785 Y86.136 E119.00636
G1 X135.204 Y85.718 E119.02605
G1 X135.845 Y85.392 E119.04996
G1 X136.5 Y85.301 E119.07196
G1 X138.196 Y85.3 E119.12837
G1 X138.804 Y85.451 E119.1492
G1 X139.411 Y85.777 E119.17212
G1 X139.8 Y86.226 E119.19188
G1 X139.8 Y77.776 E119.47293
G1 X139.937 Y77.216 E119.4921
G1 X140.237 Y76.636 E119.51382
G1 X140.656 Y76.248 E119.53281
G1 X141.251 Y75.893 E119.55586
G1 X141.934 Y75.779 E119.57889
G1 X153.198 Y75.774 E119.95353
G1 X153.758 Y75.911 E119.97271
G1 X154.338 Y76.211 E119.99443
G1 X154.726 Y76.63 E120.01342
G1 X155.081 Y77.225 E120.03646
G1 X155.195 Y77.908 E120.05949
G1 X155.2 Y86.233 E120.33639
G1 X155.61 Y85.793 E120.35639
G1 X156.196 Y85.424 E120.37942
G1 X156.767 Y85.3 E120.39886
G1 X158.696 Y85.301 E120.46301
G1 X159.434 Y85.48 E120.48827
G1 X159.896 Y85.821 E120.50737
G1 X160.288 Y86.221 E120.526
G1 X160.545 Y86.712 E120.54443
G1 X160.69 Y87.277 E120.56383
G1 X160.652 Y87.992 E120.58765
G1 X160.457 Y88.493 E120.60553
G1 X154.802 Y98.303 E120.98214
G1 X154.378 Y98.74 E121.00239
G1 X153.799 Y99.103 E121.02512
G1 X153.228 Y99.226 E121.04455
G1 X151.402 Y99.226 E121.10528
G1 X150.842 Y99.089 E121.12445
G1 X150.262 Y98.789 E121.14617
G1 X149.874 Y98.37 E121.16517
G1 X149.519 Y97.775 E121.18821
G1 X149.405 Y97.092 E121.21124
G1 X149.4 Y95.995 E121.24773
G1 X145.6 Y95.994 E121.37412
G1 X145.6 Y97.224 E121.41503
G1 X145.463 Y97.784 E121.4342
G1 X145.163 Y98.364 E121.45592
G1 X144.744 Y98.752 E121.47491
G1 X144.149 Y99.107 E121.49796
G1 X143.466 Y99.221 E121.52099
G1 X141.804 Y99.226 E121.57627
G1 X141.199 Y99.075 E121.59701
G1 X140.592 Y98.749 E121.61992
G1 X140.213 Y98.327 E121.63879
G1 X134.531 Y88.486 E122.01674
G1 X134.336 Y87.899 E122.03732
G1 X134.295 Y87.609 E122.04706
G1 X134.355 Y87.049 E122.06579
G0 F6000 X134.753 Y87.092
G1 F1200 X134.844 Y86.795 E122.07612
G1 X135.102 Y86.384 E122.09226
G1 X135.441 Y86.046 E122.10818
G1 X135.965 Y85.779 E122.12774
G1 X136.5 Y85.701 E122.14573
G1 X138.148 Y85.7 E122.20054
G1 X138.66 Y85.827 E122.21808
G1 X139.157 Y86.094 E122.23685
G1 X139.469 Y86.446 E122.25249
G1 X140.2 Y87.725 E122.30149
G1 X140.2 Y77.826 E122.63073
G1 X140.315 Y77.355 E122.64686
G1 X140.56 Y76.882 E122.66458
G1 X140.898 Y76.569 E122.6799
G1 X141.389 Y76.276 E122.69892
G1 X142 Y76.174 E122.71952
G1 X153.148 Y76.174 E123.0903
G1 X153.619 Y76.289 E123.10643
G1 X154.092 Y76.534 E123.12415
G1 X154.405 Y76.872 E123.13947
G1 X154.698 Y77.363 E123.15848
G1 X154.8 Y77.974 E123.17909
G1 X154.8 Y87.725 E123.50341
G1 X155.514 Y86.476 E123.55126
G1 X155.866 Y86.105 E123.56827
G1 X156.349 Y85.8 E123.58727
G1 X156.81 Y85.7 E123.60296
G1 X158.647 Y85.701 E123.66406
G1 X159.261 Y85.85 E123.68507
G1 X159.658 Y86.143 E123.70148
G1 X159.961 Y86.459 E123.71604
G1 X160.17 Y86.859 E123.73105
G1 X160.288 Y87.318 E123.74682
G1 X160.257 Y87.904 E123.76633
G1 X160.084 Y88.347 E123.78215
G1 X154.482 Y98.058 E124.15503
G1 X154.123 Y98.428 E124.17218
G1 X153.646 Y98.727 E124.1909
G1 X153.186 Y98.826 E124.20655
G1 X151.452 Y98.826 E124.26422
G1 X150.981 Y98.711 E124.28035
G1 X150.508 Y98.466 E124.29807
G1 X150.195 Y98.128 E124.31339
G1 X149.902 Y97.637 E124.33241
G1 X149.8 Y97.026 E124.35301
G1 X149.8 Y95.595 E124.4006
G1 X145.2 Y95.594 E124.5536
G1 X145.2 Y97.174 E124.60615
G1 X145.085 Y97.645 E124.62228
G1 X144.84 Y98.118 E124.63999
G1 X144.502 Y98.431 E124.65532
G1 X144.011 Y98.724 E124.67433
G1 X143.4 Y98.826 E124.69494
G1 X141.852 Y98.826 E124.74642
G1 X141.343 Y98.699 E124.76387
G1 X140.844 Y98.431 E124.78271
G1 X140.537 Y98.089 E124.798
G1 X134.899 Y88.324 E125.17303
G1 X134.716 Y87.773 E125.19234
G1 X134.698 Y87.604 E125.19799
G1 X134.753 Y87.092 E125.21512
G0 F6000 X135.151 Y87.135
G1 F1200 X135.21 Y86.965 E125.22111
G1 X135.419 Y86.632 E125.23418
G1 X135.678 Y86.374 E125.24634
G1 X136.088 Y86.165 E125.26165
G1 X136.5 Y86.101 E125.27551
G1 X138.099 Y86.1 E125.3287
G1 X138.513 Y86.203 E125.34289
G1 X138.907 Y86.414 E125.35775
G1 X139.143 Y86.68 E125.36958
G1 X140.6 Y89.23 E125.46726
G1 X140.6 Y77.876 E125.8449
G1 X140.693 Y77.494 E125.85797
G1 X140.883 Y77.128 E125.87169
G1 X141.14 Y76.89 E125.88334
G1 X141.527 Y76.659 E125.89833
G1 X142 Y76.574 E125.91431
G1 X153.098 Y76.574 E126.28343
G1 X153.48 Y76.667 E126.29651
G1 X153.846 Y76.857 E126.31023
G1 X154.084 Y77.114 E126.32188
G1 X154.315 Y77.501 E126.33687
G1 X154.4 Y77.974 E126.35285
G1 X154.4 Y89.23 E126.72723
G1 X155.835 Y86.719 E126.82342
G1 X156.123 Y86.416 E126.83732
G1 X156.503 Y86.176 E126.85227
G1 X156.853 Y86.1 E126.86418
G1 X158.598 Y86.101 E126.92222
G1 X159.088 Y86.22 E126.93899
G1 X159.42 Y86.465 E126.95272
G1 X159.632 Y86.693 E126.96307
G1 X159.795 Y87.006 E126.97481
G1 X159.886 Y87.359 E126.98694
G1 X159.862 Y87.815 E127.00212
G1 X159.711 Y88.201 E127.01591
G1 X154.162 Y97.813 E127.38505
G1 X153.868 Y98.116 E127.3991
G1 X153.493 Y98.351 E127.41382
G1 X153.144 Y98.426 E127.42569
G1 X151.502 Y98.426 E127.4803
G1 X151.12 Y98.333 E127.49338
G1 X150.754 Y98.143 E127.50709
G1 X150.516 Y97.886 E127.51874
G1 X150.285 Y97.499 E127.53373
G1 X150.2 Y97.026 E127.54972
G1 X150.2 Y95.195 E127.61062
G1 X144.8 Y95.194 E127.79022
G1 X144.8 Y97.124 E127.85441
G1 X144.707 Y97.506 E127.86749
G1 X144.517 Y97.872 E127.88121
G1 X144.26 Y98.11 E127.89286
G1 X143.873 Y98.341 E127.90785
G1 X143.4 Y98.426 E127.92383
G1 X141.901 Y98.426 E127.97369
G1 X141.487 Y98.323 E127.98788
G1 X141.096 Y98.113 E128.00264
G1 X140.861 Y97.851 E128.01435
G1 X135.267 Y88.163 E128.38643
G1 X135.096 Y87.647 E128.40451
G1 X135.151 Y87.135 E128.42164
G0 F6000 X135.549 Y87.178
G1 F1200 X135.503 Y87.603 E128.43585
G1 X135.635 Y88.001 E128.4498
G1 X141.207 Y97.651 E128.82042
G1 X141.346 Y97.793 E128.82703
G1 X141.634 Y97.947 E128.83789
G1 X141.95 Y98.026 E128.84873
G1 X143.4 Y98.026 E128.89695
G1 X143.728 Y97.961 E128.90808
G1 X144.055 Y97.766 E128.92074
G1 X144.193 Y97.627 E128.92725
G1 X144.33 Y97.364 E128.93712
G1 X144.4 Y97.075 E128.94701
G1 X144.4 Y94.794 E129.02287
G1 X150.6 Y94.795 E129.22909
G1 X150.6 Y97.026 E129.30329
G1 X150.665 Y97.354 E129.31441
G1 X150.86 Y97.681 E129.32707
G1 X150.999 Y97.819 E129.33359
G1 X151.262 Y97.956 E129.34345
G1 X151.551 Y98.026 E129.35334
G1 X153.144 Y98.026 E129.40633
G1 X153.338 Y97.976 E129.41299
G1 X153.615 Y97.802 E129.42387
G1 X153.842 Y97.568 E129.43471
G1 X159.365 Y88.001 E129.80213
G1 X159.466 Y87.729 E129.81178
G1 X159.484 Y87.398 E129.8228
G1 X159.44 Y87.191 E129.82984
G1 X159.301 Y86.924 E129.83986
G1 X159.183 Y86.787 E129.84587
G1 X158.916 Y86.59 E129.85691
G1 X158.549 Y86.501 E129.86947
G1 X156.853 Y86.5 E129.92587
G1 X156.658 Y86.551 E129.93258
G1 X156.38 Y86.727 E129.94352
G1 X156.156 Y86.962 E129.95432
G1 X154 Y90.735 E130.09885
G1 X154 Y77.974 E130.52329
G1 X153.935 Y77.646 E130.53441
G1 X153.74 Y77.319 E130.54707
G1 X153.601 Y77.181 E130.55359
G1 X153.338 Y77.044 E130.56345
G1 X153.049 Y76.974 E130.57334
G1 X142 Y76.974 E130.94083
G1 X141.672 Y77.039 E130.95195
G1 X141.345 Y77.234 E130.96461
G1 X141.207 Y77.373 E130.97113
G1 X141.07 Y77.636 E130.98099
G1 X141 Y77.925 E130.99088
G1 X141 Y90.736 E131.41698
G1 X138.796 Y86.878 E131.56476
G1 X138.656 Y86.734 E131.57144
G1 X138.366 Y86.579 E131.58238
G1 X138.05 Y86.5 E131.59321
G1 X136.5 Y86.501 E131.64476
G1 X136.213 Y86.55 E131.65445
G1 X135.915 Y86.702 E131.66557
G1 X135.758 Y86.845 E131.67264
G1 X135.549 Y87.178 E131.68571
G0 F6000 X136.301 Y87.479
G1 F1200 X136.327 Y87.601 E131.68986
G1 X141.857 Y97.179 E132.05771
G1 X141.999 Y97.226 E132.06269
G1 X143.4 Y97.226 E132.10928
G1 X143.561 Y97.145 E132.11528
G1 X143.6 Y97.026 E132.11944
G1 X143.6 Y80.7 E132.66245
G1 X151.4 Y80.7 E132.92188
G1 X151.4 Y97.026 E133.46488
G1 X151.481 Y97.187 E133.47088
G1 X151.6 Y97.226 E133.47504
G1 X153.062 Y97.226 E133.52367
G1 X153.174 Y97.126 E133.52866
G1 X158.673 Y87.601 E133.89447
G1 X158.691 Y87.442 E133.89979
G1 X158.619 Y87.34 E133.90394
G1 X158.5 Y87.301 E133.90811
G1 X156.937 Y87.3 E133.96009
G1 X156.825 Y87.401 E133.96511
G1 X153.2 Y93.747 E134.20819
G1 X153.2 Y77.974 E134.7328
G1 X153.119 Y77.813 E134.73879
G1 X153 Y77.774 E134.74296
G1 X142 Y77.774 E135.10882
G1 X141.839 Y77.855 E135.11482
G1 X141.8 Y77.974 E135.11898
G1 X141.8 Y93.747 E135.64359
G1 X138.144 Y87.347 E135.88874
G1 X138.001 Y87.3 E135.89375
G1 X136.5 Y87.301 E135.94367
G1 X136.353 Y87.365 E135.949
G1 X136.301 Y87.479 E135.95317
G1 F2700 E130.95317
G0 F6000 X135.866 Y87.731
G0 X141.62 Y97.685
G0 X144.053 Y97.679
G0 X144.065 Y93.594
G0 X144 Y93.594
G1 F2700 E135.95317
G1 F1200 X144 Y81.3 E136.36207
G1 X144.039 Y81.181 E136.36624
G1 X144.2 Y81.1 E136.37223
G1 X150.8 Y81.1 E136.59175
G1 X150.919 Y81.139 E136.59591
G1 X151 Y81.3 E136.60191
G1 X151 Y93.595 E137.01084
G1 X150.961 Y93.714 E137.01501
G1 X150.799 Y93.798 E137.02108
G1 X150.761 Y93.914 E137.02514
G1 X150.6 Y93.995 E137.03113
G1 X144.4 Y93.994 E137.23734
G1 X144.281 Y93.955 E137.24151
G1 X144.203 Y93.799 E137.24731
G1 X144.05 Y93.726 E137.25295
G1 X144 Y93.594 E137.25764
G0 F6000 X144 Y94.238
G1 F1200 X144.156 Y94.335 E137.26375
G1 X144.4 Y94.394 E137.2721
G1 X150.6 Y94.395 E137.47831
G1 X150.78 Y94.352 E137.48447
G1 X151 Y94.229 E137.49285
G1 X151 Y97.026 E137.58588
G1 X151.043 Y97.206 E137.59204
G1 X151.204 Y97.476 E137.60249
G1 X151.356 Y97.567 E137.60838
G1 X151.6 Y97.626 E137.61673
G1 X153.144 Y97.626 E137.66809
G1 X153.328 Y97.524 E137.67508
G1 X153.52 Y97.326 E137.68426
G1 X159.019 Y87.801 E138.05007
G1 X159.07 Y87.646 E138.05549
G1 X159.085 Y87.376 E138.06449
G1 X158.946 Y87.109 E138.0745
G1 X158.744 Y86.96 E138.08285
G1 X158.5 Y86.901 E138.0912
G1 X156.853 Y86.9 E138.14598
G1 X156.669 Y87.003 E138.15299
G1 X156.478 Y87.203 E138.16219
G1 X153.6 Y92.241 E138.35517
G1 X153.6 Y77.974 E138.82969
G1 X153.557 Y77.794 E138.83584
G1 X153.396 Y77.524 E138.8463
G1 X153.244 Y77.433 E138.85219
G1 X153 Y77.374 E138.86054
G1 X142 Y77.374 E139.2264
G1 X141.82 Y77.417 E139.23256
G1 X141.55 Y77.578 E139.24301
G1 X141.459 Y77.73 E139.24891
G1 X141.4 Y77.974 E139.25726
G1 X141.4 Y92.241 E139.73178
G1 X138.449 Y87.076 E139.92963
G1 X138.269 Y86.967 E139.93663
G1 X138.001 Y86.9 E139.94582
G1 X136.5 Y86.901 E139.99574
G1 X136.34 Y86.934 E140.00117
G1 X136.097 Y87.058 E140.01025
G1 X135.937 Y87.313 E140.02026
G1 X135.91 Y87.562 E140.02859
G1 X135.981 Y87.801 E140.03688
G1 X141.553 Y97.451 E140.4075
G1 X141.731 Y97.559 E140.41443
G1 X141.999 Y97.626 E140.42362
G1 X143.4 Y97.626 E140.47021
G1 X143.58 Y97.583 E140.47637
G1 X143.85 Y97.422 E140.48683
G1 X143.941 Y97.27 E140.49272
G1 X144 Y97.026 E140.50107
G1 X144 Y94.238 E140.5938
G1 F2700 E135.5938
G0 F6000 X144.065 Y94.238
G0 X144.053 Y97.679
G0 X141.021 Y130.249
G1 F2700 E140.5938
G1 F1200 X153.843 Y130.174 E141.02026
G1 X155.751 Y130.642 E141.08561
G1 X157.777 Y131.693 E141.16152
G1 X159.248 Y133.266 E141.23315
G1 X160.287 Y135.01 E141.30067
G1 X160.47 Y135.445 E141.31636
G1 X160.751 Y137.31 E141.37909
G1 X160.775 Y140.059 E141.47053
G1 X161.184 Y140.17 E141.48463
G1 X162.296 Y140.603 E141.52432
G1 X163.9 Y141.901 E141.59295
G1 X164.847 Y142.87 E141.63801
G1 X165.808 Y144.701 E141.70679
G1 X166.318 Y146.7 E141.7754
G1 X166.182 Y149.277 E141.86123
G1 X165.315 Y151.293 E141.93422
G1 X159.324 Y161.691 E142.33336
G1 X157.94 Y163.116 E142.39943
G1 X155.945 Y164.367 E142.47775
G1 X153.816 Y164.826 E142.55019
G1 X150.747 Y164.826 E142.65227
G1 X148.851 Y164.36 E142.7172
G1 X147.478 Y163.648 E142.76864
G1 X146.518 Y164.211 E142.80566
G1 X145.726 Y164.533 E142.8341
G1 X143.83 Y164.798 E142.89777
G1 X141.142 Y164.838 E142.98718
G1 X139.18 Y164.342 E143.05449
G1 X137.074 Y163.209 E143.13403
G1 X135.673 Y161.653 E143.20367
G1 X129.375 Y150.747 E143.62255
G1 X128.924 Y149.305 E143.6728
G1 X128.631 Y147.776 E143.72458
G1 X128.864 Y145.998 E143.78422
G1 X129.286 Y144.355 E143.84064
G1 X130.375 Y142.622 E143.90872
G1 X131.872 Y141.126 E143.97911
G1 X134.2 Y139.943 E144.06596
G1 X134.2 Y137.121 E144.15982
G1 X134.666 Y135.225 E144.22476
G1 X135.719 Y133.197 E144.30076
G1 X137.28 Y131.738 E144.37183
G1 X139.303 Y130.531 E144.45018
G1 X141.021 Y130.249 E144.50808
G0 F6000 X141.086 Y130.644
G1 F1200 X153.798 Y130.574 E144.93089
G1 X155.608 Y131.018 E144.99288
G1 X157.532 Y132.016 E145.06497
G1 X158.924 Y133.505 E145.13276
G1 X159.943 Y135.215 E145.19897
G1 X160.081 Y135.552 E145.21108
G1 X160.355 Y137.37 E145.27223
G1 X160.377 Y140.368 E145.37195
G1 X161.039 Y140.543 E145.39472
G1 X162.094 Y140.954 E145.43238
G1 X163.614 Y142.181 E145.49735
G1 X164.521 Y143.109 E145.54051
G1 X165.431 Y144.843 E145.60564
G1 X165.916 Y146.743 E145.67086
G1 X165.787 Y149.182 E145.7521
G1 X164.968 Y151.093 E145.82125
G1 X159.001 Y161.449 E146.21878
G1 X157.685 Y162.804 E146.2816
G1 X155.792 Y163.991 E146.35592
G1 X153.774 Y164.426 E146.42458
G1 X150.793 Y164.426 E146.52373
G1 X148.994 Y163.984 E146.58534
G1 X147.465 Y163.191 E146.64263
G1 X146.367 Y163.84 E146.68505
G1 X145.619 Y164.144 E146.71191
G1 X143.824 Y164.398 E146.7722
G1 X141.189 Y164.437 E146.85985
G1 X139.325 Y163.966 E146.9238
G1 X137.325 Y162.89 E146.99933
G1 X135.997 Y161.415 E147.06535
G1 X129.745 Y150.588 E147.48118
G1 X129.317 Y149.23 E147.52854
G1 X129.036 Y147.765 E147.57815
G1 X129.261 Y146.05 E147.63568
G1 X129.657 Y144.517 E147.68834
G1 X130.69 Y142.873 E147.75292
G1 X132.11 Y141.454 E147.81969
G1 X134.283 Y140.35 E147.90076
G1 X134.6 Y140.309 E147.91139
G1 X134.6 Y137.167 E148.01589
G1 X135.042 Y135.368 E148.07751
G1 X136.042 Y133.442 E148.14969
G1 X137.519 Y132.062 E148.21692
G1 X139.443 Y130.914 E148.29143
G1 X141.086 Y130.644 E148.34681
G0 F6000 X141.151 Y131.039
G1 F1200 X153.753 Y130.974 E148.76596
G1 X155.465 Y131.394 E148.82459
G1 X157.287 Y132.339 E148.89286
G1 X158.6 Y133.744 E148.95682
G1 X159.599 Y135.42 E149.02172
G1 X159.694 Y135.663 E149.03039
G1 X159.955 Y137.373 E149.08793
G1 X159.979 Y140.678 E149.19785
G1 X160.894 Y140.916 E149.2293
G1 X161.89 Y141.304 E149.26485
G1 X163.328 Y142.461 E149.32624
G1 X164.195 Y143.348 E149.36749
G1 X165.054 Y144.985 E149.42898
G1 X165.514 Y146.786 E149.49081
G1 X165.392 Y149.088 E149.56748
G1 X164.621 Y150.893 E149.63276
G1 X158.678 Y161.207 E150.02868
G1 X157.43 Y162.492 E150.08826
G1 X155.639 Y163.615 E150.15857
G1 X153.732 Y164.026 E150.22345
G1 X150.84 Y164.026 E150.31964
G1 X149.136 Y163.607 E150.378
G1 X147.452 Y162.734 E150.44109
G1 X146.216 Y163.469 E150.48892
G1 X145.512 Y163.755 E150.51419
G1 X143.818 Y163.998 E150.57111
G1 X141.236 Y164.036 E150.657
G1 X139.47 Y163.59 E150.71758
G1 X137.576 Y162.571 E150.78911
G1 X136.321 Y161.177 E150.8515
G1 X130.113 Y150.427 E151.26438
G1 X129.71 Y149.155 E151.30876
G1 X129.441 Y147.754 E151.35621
G1 X129.658 Y146.102 E151.41163
G1 X130.028 Y144.678 E151.46057
G1 X131.005 Y143.124 E151.52162
G1 X132.348 Y141.782 E151.58477
G1 X134.403 Y140.738 E151.66143
G1 X135 Y140.662 E151.68145
G1 X135 Y137.214 E151.79613
G1 X135.419 Y135.51 E151.85449
G1 X136.365 Y133.687 E151.9228
G1 X137.761 Y132.383 E151.98634
G1 X139.581 Y131.297 E152.05683
G1 X141.151 Y131.039 E152.10975
G0 F6000 X141.216 Y131.434
G1 F1200 X153.708 Y131.374 E152.52524
G1 X155.322 Y131.77 E152.58051
G1 X157.042 Y132.662 E152.64496
G1 X158.276 Y133.983 E152.70508
G1 X159.255 Y135.625 E152.76866
G1 X159.306 Y135.768 E152.77371
G1 X159.555 Y137.376 E152.82783
G1 X159.581 Y140.988 E152.94797
G1 X160.749 Y141.289 E152.98809
G1 X161.688 Y141.655 E153.02161
G1 X163.042 Y142.741 E153.07934
G1 X163.869 Y143.587 E153.11869
G1 X164.677 Y145.127 E153.17653
G1 X165.112 Y146.829 E153.23496
G1 X164.997 Y148.995 E153.3071
G1 X164.274 Y150.693 E153.36848
G1 X158.355 Y160.965 E153.76279
G1 X157.177 Y162.178 E153.81903
G1 X155.485 Y163.239 E153.88546
G1 X153.69 Y163.626 E153.94653
G1 X150.886 Y163.626 E154.03979
G1 X149.279 Y163.231 E154.09483
G1 X147.617 Y162.369 E154.1571
G1 X147.478 Y162.252 E154.16315
G1 X146.011 Y163.125 E154.21992
G1 X145.41 Y163.365 E154.24145
G1 X143.812 Y163.598 E154.29516
G1 X141.283 Y163.635 E154.37928
G1 X139.615 Y163.214 E154.4365
G1 X137.827 Y162.252 E154.50403
G1 X136.645 Y160.939 E154.56279
G1 X130.482 Y150.266 E154.97271
G1 X130.103 Y149.079 E155.01415
G1 X129.846 Y147.742 E155.05944
G1 X130.055 Y146.154 E155.11271
G1 X130.399 Y144.84 E155.15788
G1 X131.32 Y143.375 E155.21544
G1 X132.586 Y142.11 E155.27497
G1 X134.522 Y141.126 E155.3472
G1 X135.4 Y141.014 E155.37664
G1 X135.4 Y137.26 E155.50149
G1 X135.795 Y135.653 E155.55653
G1 X136.688 Y133.932 E155.62102
G1 X138.003 Y132.704 E155.68086
G1 X139.719 Y131.68 E155.74733
G1 X141.216 Y131.434 E155.79779
G0 F6000 X141.281 Y131.829
G1 F1200 X153.663 Y131.774 E156.20962
G1 X155.179 Y132.146 E156.26154
G1 X156.797 Y132.985 E156.32216
G1 X157.952 Y134.222 E156.37844
G1 X158.911 Y135.83 E156.44072
G1 X159.155 Y137.379 E156.49287
G1 X159.183 Y141.298 E156.62322
G1 X160.604 Y141.662 E156.67201
G1 X161.487 Y142.006 E156.70353
G1 X162.756 Y143.021 E156.75758
G1 X163.543 Y143.826 E156.79502
G1 X164.3 Y145.269 E156.84922
G1 X164.71 Y146.872 E156.90425
G1 X164.602 Y148.903 E156.9719
G1 X163.927 Y150.493 E157.02935
G1 X158.032 Y160.723 E157.42205
G1 X156.922 Y161.866 E157.47504
G1 X155.332 Y162.863 E157.53746
G1 X153.648 Y163.226 E157.59476
G1 X150.932 Y163.226 E157.68509
G1 X149.422 Y162.855 E157.73681
G1 X147.801 Y162.014 E157.79755
G1 X147.482 Y161.672 E157.8131
G1 X147.152 Y161.98 E157.82812
G1 X145.806 Y162.781 E157.88021
G1 X145.306 Y162.976 E157.89806
G1 X143.806 Y163.198 E157.9485
G1 X141.33 Y163.234 E158.03086
G1 X139.76 Y162.838 E158.08471
G1 X138.078 Y161.933 E158.14824
G1 X136.969 Y160.701 E158.20337
G1 X130.851 Y150.106 E158.61029
G1 X130.496 Y149.003 E158.64883
G1 X130.251 Y147.73 E158.69195
G1 X130.452 Y146.206 E158.74308
G1 X130.77 Y145.001 E158.78453
G1 X131.635 Y143.626 E158.83856
G1 X132.824 Y142.438 E158.89446
G1 X134.642 Y141.514 E158.96229
G1 X135.8 Y141.367 E159.00111
G1 X135.8 Y137.306 E159.13618
G1 X136.171 Y135.796 E159.1879
G1 X137.011 Y134.177 E159.24856
G1 X138.245 Y133.025 E159.30471
G1 X139.857 Y132.063 E159.36715
G1 X141.281 Y131.829 E159.41515
G0 F6000 X141.346 Y132.224
G1 F1200 X153.618 Y132.174 E159.82332
G1 X155.036 Y132.522 E159.87188
G1 X156.552 Y133.308 E159.92868
G1 X157.628 Y134.461 E159.98113
G1 X158.528 Y135.97 E160.03957
G1 X158.755 Y137.382 E160.08714
G1 X158.786 Y141.701 E160.23079
G1 X159.142 Y141.701 E160.24263
G1 X160.459 Y142.035 E160.28782
G1 X161.285 Y142.357 E160.31731
G1 X162.47 Y143.301 E160.3677
G1 X163.217 Y144.065 E160.40324
G1 X163.923 Y145.411 E160.45379
G1 X164.308 Y146.915 E160.50543
G1 X164.207 Y148.811 E160.56858
G1 X163.58 Y150.293 E160.6221
G1 X157.709 Y160.481 E161.01319
G1 X156.667 Y161.554 E161.06294
G1 X155.179 Y162.487 E161.12135
G1 X153.606 Y162.826 E161.17487
G1 X150.979 Y162.826 E161.26225
G1 X149.564 Y162.478 E161.31071
G1 X148.046 Y161.691 E161.36758
G1 X147.501 Y161.107 E161.39415
G1 X146.91 Y161.658 E161.42102
G1 X145.601 Y162.437 E161.47169
G1 X145.206 Y162.586 E161.48573
G1 X143.8 Y162.798 E161.53302
G1 X141.377 Y162.833 E161.61362
G1 X139.905 Y162.462 E161.66411
G1 X138.329 Y161.614 E161.72363
G1 X137.293 Y160.463 E161.77514
G1 X131.22 Y149.946 E162.17907
G1 X130.877 Y148.88 E162.21631
G1 X130.656 Y147.719 E162.25562
G1 X130.839 Y146.308 E162.30294
G1 X131.141 Y145.163 E162.34233
G1 X131.95 Y143.877 E162.39286
G1 X133.062 Y142.766 E162.44514
G1 X134.762 Y141.902 E162.50857
G1 X136.2 Y141.719 E162.55678
G1 X136.2 Y137.353 E162.702
G1 X136.548 Y135.938 E162.75046
G1 X137.334 Y134.422 E162.80726
G1 X138.487 Y133.346 E162.85971
G1 X139.995 Y132.446 E162.91812
G1 X141.346 Y132.224 E162.96366
G0 F6000 X141.411 Y132.619
G1 F1200 X153.573 Y132.574 E163.36817
G1 X154.893 Y132.898 E163.41338
G1 X156.307 Y133.631 E163.46635
G1 X157.307 Y134.703 E163.51511
G1 X158.145 Y136.107 E163.56949
G1 X158.355 Y137.385 E163.61257
G1 X158.389 Y142.1 E163.7694
G1 X159.091 Y142.101 E163.79274
G1 X160.361 Y142.423 E163.83632
G1 X161.083 Y142.708 E163.86214
G1 X162.184 Y143.581 E163.90887
G1 X162.891 Y144.304 E163.94251
G1 X163.548 Y145.557 E163.98956
G1 X163.906 Y146.955 E164.03756
G1 X163.812 Y148.718 E164.09628
G1 X163.233 Y150.093 E164.1459
G1 X157.386 Y160.239 E164.53539
G1 X156.414 Y161.24 E164.58179
G1 X155.025 Y162.111 E164.63632
G1 X153.564 Y162.426 E164.68603
G1 X151.025 Y162.426 E164.77048
G1 X149.707 Y162.102 E164.81562
G1 X148.293 Y161.369 E164.8686
G1 X147.521 Y160.541 E164.90625
G1 X146.668 Y161.336 E164.94503
G1 X145.396 Y162.093 E164.99426
G1 X145.107 Y162.196 E165.00447
G1 X143.74 Y162.402 E165.05045
G1 X141.424 Y162.432 E165.12748
G1 X140.05 Y162.086 E165.17461
G1 X138.58 Y161.295 E165.23013
G1 X137.617 Y160.225 E165.27801
G1 X131.587 Y149.782 E165.67909
G1 X131.27 Y148.805 E165.71325
G1 X131.061 Y147.707 E165.75043
G1 X131.226 Y146.41 E165.79392
G1 X131.512 Y145.325 E165.83124
G1 X132.265 Y144.128 E165.87827
G1 X133.3 Y143.094 E165.92693
G1 X134.881 Y142.29 E165.98592
G1 X136.188 Y142.119 E166.02977
G1 X136.6 Y142.112 E166.04347
G1 X136.6 Y137.399 E166.20023
G1 X136.924 Y136.081 E166.24537
G1 X137.657 Y134.667 E166.29834
G1 X138.729 Y133.667 E166.3471
G1 X140.133 Y132.829 E166.40148
G1 X141.411 Y132.619 E166.44456
G0 F6000 X141.476 Y133.014
G1 F1200 X153.528 Y132.974 E166.84541
G1 X154.75 Y133.274 E166.88726
G1 X156.06 Y133.953 E166.93634
G1 X156.988 Y134.948 E166.98159
G1 X157.762 Y136.245 E167.03183
G1 X157.96 Y137.45 E167.07244
G1 X157.991 Y142.5 E167.24041
G1 X159.04 Y142.501 E167.2753
G1 X160.263 Y142.811 E167.31726
G1 X160.879 Y143.057 E167.33933
G1 X161.898 Y143.861 E167.3825
G1 X162.565 Y144.543 E167.41423
G1 X163.173 Y145.703 E167.45779
G1 X163.504 Y146.995 E167.50215
G1 X163.417 Y148.625 E167.55644
G1 X162.886 Y149.893 E167.60216
G1 X157.063 Y159.997 E167.99003
G1 X156.159 Y160.928 E168.03319
G1 X154.872 Y161.735 E168.08372
G1 X153.522 Y162.026 E168.12965
G1 X151.071 Y162.026 E168.21117
G1 X149.85 Y161.726 E168.25299
G1 X148.54 Y161.047 E168.30207
G1 X147.641 Y160.083 E168.34591
G1 X147.519 Y159.897 E168.35331
G1 X147.372 Y160.132 E168.36253
G1 X146.426 Y161.014 E168.40554
G1 X145.191 Y161.749 E168.45334
G1 X145.047 Y161.8 E168.45843
G1 X143.68 Y162.006 E168.50441
G1 X141.472 Y162.031 E168.57785
G1 X140.193 Y161.709 E168.62172
G1 X138.832 Y160.977 E168.67312
G1 X137.941 Y159.987 E168.71741
G1 X131.954 Y149.619 E169.11562
G1 X131.663 Y148.73 E169.14673
G1 X131.466 Y147.694 E169.18181
G1 X131.613 Y146.512 E169.22142
G1 X131.883 Y145.487 E169.25668
G1 X132.58 Y144.379 E169.30022
G1 X133.538 Y143.422 E169.34525
G1 X135.001 Y142.678 E169.39984
G1 X136.24 Y142.516 E169.4414
G1 X137 Y142.507 E169.46668
G1 X137 Y137.445 E169.63505
G1 X137.3 Y136.224 E169.67686
G1 X137.979 Y134.914 E169.72594
G1 X138.974 Y133.986 E169.77119
G1 X140.271 Y133.212 E169.82143
G1 X141.476 Y133.014 E169.86205
G0 F6000 X141.541 Y133.409
G1 F1200 X153.483 Y133.374 E170.25924
G1 X154.607 Y133.65 E170.29773
G1 X155.813 Y134.275 E170.34291
G1 X156.666 Y135.19 E170.38452
G1 X157.379 Y136.385 E170.4308
G1 X157.565 Y137.515 E170.46889
G1 X157.593 Y142.9 E170.648
G1 X158.99 Y142.901 E170.69446
G1 X160.115 Y143.183 E170.73304
G1 X160.677 Y143.407 E170.75316
G1 X161.612 Y144.141 E170.7927
G1 X162.239 Y144.782 E170.82252
G1 X162.798 Y145.849 E170.86258
G1 X163.102 Y147.035 E170.90331
G1 X163.022 Y148.534 E170.95323
G1 X162.539 Y149.693 E170.995
G1 X156.74 Y159.755 E171.38126
G1 X155.904 Y160.616 E171.42118
G1 X154.719 Y161.359 E171.4677
G1 X153.48 Y161.626 E171.50985
G1 X151.117 Y161.626 E171.58845
G1 X149.993 Y161.35 E171.62694
G1 X148.787 Y160.725 E171.67212
G1 X147.934 Y159.81 E171.71372
G1 X147.495 Y159.074 E171.74223
G1 X147.099 Y159.839 E171.77088
G1 X146.184 Y160.692 E171.81249
G1 X144.986 Y161.405 E171.85885
G1 X143.676 Y161.606 E171.90293
G1 X141.52 Y161.63 E171.97465
G1 X140.336 Y161.332 E172.01526
G1 X139.084 Y160.659 E172.06253
G1 X138.265 Y159.749 E172.10325
G1 X132.323 Y149.458 E172.49849
G1 X132.056 Y148.655 E172.52664
G1 X131.871 Y147.68 E172.55964
G1 X132 Y146.614 E172.59536
G1 X132.254 Y145.649 E172.62855
G1 X132.895 Y144.63 E172.66859
G1 X133.776 Y143.75 E172.71
G1 X135.121 Y143.066 E172.76019
G1 X136.292 Y142.913 E172.79947
G1 X137.4 Y142.904 E172.83632
G1 X137.4 Y137.491 E173.01636
G1 X137.676 Y136.367 E173.05485
G1 X138.301 Y135.161 E173.10003
G1 X139.216 Y134.308 E173.14164
G1 X140.411 Y133.595 E173.18792
G1 X141.541 Y133.409 E173.22601
G0 F6000 X141.606 Y133.804
G1 F1200 X153.436 Y133.774 E173.61948
G1 X154.465 Y134.027 E173.65472
G1 X155.566 Y134.597 E173.69596
G1 X156.344 Y135.432 E173.73392
G1 X156.996 Y136.525 E173.77625
G1 X157.17 Y137.58 E173.81181
G1 X157.195 Y143.3 E174.00206
G1 X158.941 Y143.301 E174.06013
G1 X160.018 Y143.571 E174.09706
G1 X160.475 Y143.757 E174.11348
G1 X161.326 Y144.421 E174.14938
G1 X161.913 Y145.021 E174.17729
G1 X162.423 Y145.995 E174.21386
G1 X162.7 Y147.075 E174.25095
G1 X162.627 Y148.441 E174.29644
G1 X162.192 Y149.493 E174.33431
G1 X156.417 Y159.513 E174.71896
G1 X155.651 Y160.302 E174.75554
G1 X154.565 Y160.983 E174.79817
G1 X153.438 Y161.226 E174.83652
G1 X151.164 Y161.226 E174.91215
G1 X150.135 Y160.973 E174.9474
G1 X149.034 Y160.403 E174.98863
G1 X148.256 Y159.568 E175.02659
G1 X147.604 Y158.475 E175.06892
G1 X147.524 Y157.995 E175.08511
G1 X147.469 Y157.994 E175.08694
G1 X147.347 Y158.491 E175.10396
G1 X146.777 Y159.592 E175.14519
G1 X145.942 Y160.37 E175.18315
G1 X144.847 Y161.022 E175.22554
G1 X143.672 Y161.206 E175.2651
G1 X141.568 Y161.229 E175.33508
G1 X140.479 Y160.955 E175.37243
G1 X139.336 Y160.341 E175.41558
G1 X138.589 Y159.511 E175.45272
G1 X132.691 Y149.296 E175.84504
G1 X132.436 Y148.529 E175.87192
G1 X132.275 Y147.667 E175.90109
G1 X132.387 Y146.716 E175.93294
G1 X132.625 Y145.811 E175.96406
G1 X133.21 Y144.881 E176.00061
G1 X134.014 Y144.078 E176.0384
G1 X135.241 Y143.454 E176.08418
G1 X136.344 Y143.31 E176.12118
G1 X137.8 Y143.302 E176.16961
G1 X137.8 Y137.538 E176.36132
G1 X138.053 Y136.509 E176.39656
G1 X138.623 Y135.408 E176.4378
G1 X139.458 Y134.63 E176.47576
G1 X140.551 Y133.978 E176.51809
G1 X141.606 Y133.804 E176.55365
G0 F6000 X141.671 Y134.199
G1 F1200 X153.39 Y134.174 E176.94343
G1 X154.322 Y134.403 E176.97535
G1 X155.319 Y134.919 E177.01269
G1 X156.022 Y135.674 E177.047
G1 X156.613 Y136.665 E177.08538
G1 X156.775 Y137.645 E177.11841
G1 X156.796 Y143.7 E177.31981
G1 X158.893 Y143.701 E177.38955
G1 X159.867 Y143.942 E177.42292
G1 X160.275 Y144.108 E177.43757
G1 X161.04 Y144.701 E177.46977
G1 X161.588 Y145.261 E177.49583
G1 X162.047 Y146.138 E177.52875
G1 X162.298 Y147.115 E177.5623
G1 X162.232 Y148.35 E177.60344
G1 X161.845 Y149.293 E177.63734
G1 X156.094 Y159.271 E178.02039
G1 X155.396 Y159.99 E178.05371
G1 X154.412 Y160.607 E178.09234
G1 X153.396 Y160.826 E178.12691
G1 X151.21 Y160.826 E178.19962
G1 X150.278 Y160.597 E178.23154
G1 X149.281 Y160.081 E178.26888
G1 X148.578 Y159.326 E178.30319
G1 X147.987 Y158.335 E178.34157
G1 X147.864 Y157.595 E178.36652
G1 X147.156 Y157.594 E178.39007
G1 X146.971 Y158.348 E178.41589
G1 X146.455 Y159.345 E178.45323
G1 X145.7 Y160.048 E178.48754
G1 X144.708 Y160.639 E178.52594
G1 X143.668 Y160.806 E178.56098
G1 X141.615 Y160.828 E178.62926
G1 X140.623 Y160.579 E178.66328
G1 X139.586 Y160.022 E178.70243
G1 X138.915 Y159.276 E178.7358
G1 X133.059 Y149.134 E179.12532
G1 X132.816 Y148.403 E179.15094
G1 X132.679 Y147.653 E179.1763
G1 X132.774 Y146.818 E179.20425
G1 X132.996 Y145.973 E179.23331
G1 X133.525 Y145.132 E179.26636
G1 X134.252 Y144.406 E179.30053
G1 X135.361 Y143.842 E179.34191
G1 X136.396 Y143.707 E179.37663
G1 X138.2 Y143.7 E179.43663
G1 X138.2 Y137.584 E179.64005
G1 X138.429 Y136.652 E179.67197
G1 X138.945 Y135.655 E179.70931
G1 X139.7 Y134.952 E179.74362
G1 X140.691 Y134.361 E179.78199
G1 X141.671 Y134.199 E179.81503
G0 F6000 X141.736 Y134.594
G1 F1200 X153.344 Y134.574 E180.20112
G1 X154.179 Y134.779 E180.22971
G1 X155.074 Y135.242 E180.26323
G1 X155.698 Y135.913 E180.2937
G1 X156.23 Y136.805 E180.32825
G1 X156.38 Y137.71 E180.35876
G1 X156.397 Y144.152 E180.57302
G1 X156.681 Y144.1 E180.58262
G1 X158.843 Y144.101 E180.65453
G1 X159.716 Y144.313 E180.68441
G1 X160.075 Y144.459 E180.6973
G1 X160.754 Y144.981 E180.72579
G1 X161.263 Y145.501 E180.74999
G1 X161.671 Y146.281 E180.77927
G1 X161.896 Y147.156 E180.80932
G1 X161.837 Y148.261 E180.84612
G1 X161.498 Y149.093 E180.876
G1 X155.771 Y159.029 E181.25744
G1 X155.141 Y159.678 E181.28753
G1 X154.259 Y160.231 E181.32215
G1 X153.354 Y160.426 E181.35294
G1 X151.256 Y160.426 E181.42272
G1 X150.421 Y160.221 E181.45132
G1 X149.526 Y159.758 E181.48483
G1 X148.902 Y159.087 E181.51531
G1 X148.37 Y158.195 E181.54985
G1 X148.204 Y157.195 E181.58357
G1 X146.8 Y157.194 E181.63027
G1 X146.788 Y157.419 E181.63776
G1 X146.595 Y158.205 E181.66468
G1 X146.132 Y159.1 E181.6982
G1 X145.461 Y159.724 E181.72867
G1 X144.569 Y160.256 E181.76322
G1 X143.664 Y160.406 E181.79373
G1 X141.662 Y160.427 E181.86032
G1 X140.767 Y160.203 E181.891
G1 X139.836 Y159.703 E181.92615
G1 X139.241 Y159.041 E181.95576
G1 X133.427 Y148.972 E182.34247
G1 X133.196 Y148.277 E182.36683
G1 X133.083 Y147.64 E182.38835
G1 X133.161 Y146.92 E182.41244
G1 X133.367 Y146.135 E182.43943
G1 X133.84 Y145.383 E182.46898
G1 X134.49 Y144.734 E182.49953
G1 X135.481 Y144.23 E182.53651
G1 X136.448 Y144.104 E182.56894
G1 X138.292 Y144.1 E182.63027
G1 X138.6 Y144.165 E182.64074
G1 X138.6 Y137.63 E182.8581
G1 X138.805 Y136.795 E182.88669
G1 X139.268 Y135.9 E182.92021
G1 X139.939 Y135.276 E182.95069
G1 X140.831 Y134.744 E182.98523
G1 X141.736 Y134.594 E183.01574
G0 F6000 X141.802 Y134.989
G1 F1200 X153.298 Y134.974 E183.3981
G1 X154.036 Y135.155 E183.42337
G1 X154.829 Y135.565 E183.45307
G1 X155.374 Y136.152 E183.47971
G1 X155.847 Y136.945 E183.51042
G1 X155.985 Y137.776 E183.53843
G1 X155.998 Y144.648 E183.767
G1 X156.681 Y144.5 E183.79024
G1 X158.794 Y144.501 E183.86052
G1 X159.622 Y144.702 E183.88886
G1 X159.874 Y144.809 E183.89797
G1 X160.468 Y145.261 E183.92279
G1 X160.938 Y145.741 E183.94514
G1 X161.296 Y146.425 E183.97081
G1 X161.494 Y147.196 E183.99729
G1 X161.442 Y148.171 E184.02976
G1 X161.151 Y148.893 E184.05566
G1 X155.448 Y158.787 E184.43548
G1 X154.888 Y159.364 E184.46223
G1 X154.105 Y159.855 E184.49297
G1 X153.312 Y160.026 E184.51995
G1 X151.302 Y160.026 E184.5868
G1 X150.564 Y159.845 E184.61208
G1 X149.771 Y159.435 E184.64177
G1 X149.226 Y158.848 E184.66841
G1 X148.753 Y158.055 E184.69912
G1 X148.615 Y157.224 E184.72714
G1 X148.606 Y156.795 E184.74141
G1 X146.4 Y156.794 E184.81478
G1 X146.4 Y157.324 E184.83241
G1 X146.219 Y158.062 E184.85768
G1 X145.809 Y158.855 E184.88737
G1 X145.222 Y159.4 E184.91402
G1 X144.429 Y159.873 E184.94473
G1 X143.598 Y160.011 E184.97274
G1 X141.709 Y160.026 E185.03557
G1 X140.911 Y159.827 E185.06293
G1 X140.088 Y159.385 E185.094
G1 X139.565 Y158.803 E185.12002
G1 X133.795 Y148.81 E185.50382
G1 X133.576 Y148.151 E185.52692
G1 X133.487 Y147.629 E185.54453
G1 X133.559 Y146.963 E185.56681
G1 X133.738 Y146.298 E185.58971
G1 X134.155 Y145.634 E185.61579
G1 X134.728 Y145.062 E185.64272
G1 X135.601 Y144.618 E185.6753
G1 X136.5 Y144.501 E185.70545
G1 X138.292 Y144.5 E185.76505
G1 X139 Y144.676 E185.78932
G1 X139 Y137.676 E186.02214
G1 X139.181 Y136.938 E186.04741
G1 X139.591 Y136.145 E186.0771
G1 X140.178 Y135.6 E186.10374
G1 X140.971 Y135.127 E186.13446
G1 X141.802 Y134.989 E186.16247
G0 F6000 X141.868 Y135.384
G1 F1200 X141.111 Y135.51 E186.188
G1 X140.417 Y135.924 E186.21488
G1 X139.914 Y136.39 E186.23768
G1 X139.559 Y137.077 E186.2634
G1 X139.4 Y137.726 E186.28563
G1 X139.4 Y145.318 E186.53814
G1 X138.948 Y145.075 E186.55521
G1 X138.244 Y144.9 E186.57933
G1 X136.5 Y144.901 E186.63734
G1 X135.723 Y145.005 E186.66341
G1 X134.966 Y145.39 E186.69166
G1 X134.47 Y145.885 E186.71497
G1 X134.108 Y146.462 E186.73762
G1 X133.957 Y147.006 E186.7564
G1 X133.891 Y147.618 E186.77687
G1 X133.956 Y148.025 E186.79058
G1 X134.163 Y148.648 E186.81242
G1 X139.889 Y158.565 E187.19329
G1 X140.34 Y159.067 E187.21573
G1 X141.055 Y159.451 E187.24273
G1 X141.756 Y159.626 E187.26676
G1 X143.532 Y159.616 E187.32583
G1 X144.289 Y159.49 E187.35135
G1 X144.983 Y159.076 E187.37823
G1 X145.486 Y158.61 E187.40104
G1 X145.841 Y157.923 E187.42676
G1 X146 Y157.274 E187.44898
G1 X146 Y156.394 E187.47825
G1 X149.002 Y156.395 E187.5781
G1 X149.01 Y157.158 E187.60348
G1 X149.136 Y157.915 E187.629
G1 X149.55 Y158.609 E187.65588
G1 X150.016 Y159.112 E187.67869
G1 X150.703 Y159.467 E187.70441
G1 X151.352 Y159.626 E187.72663
G1 X153.27 Y159.626 E187.79042
G1 X153.952 Y159.479 E187.81363
G1 X154.633 Y159.052 E187.84036
G1 X155.125 Y158.545 E187.86386
G1 X160.804 Y148.693 E188.24208
G1 X161.047 Y148.081 E188.26398
G1 X161.092 Y147.237 E188.29209
G1 X160.92 Y146.568 E188.31507
G1 X160.613 Y145.981 E188.3371
G1 X160.182 Y145.541 E188.35758
G1 X159.672 Y145.158 E188.3788
G1 X159.528 Y145.091 E188.38408
G1 X158.745 Y144.901 E188.41088
G1 X156.724 Y144.9 E188.4781
G1 X156.044 Y145.048 E188.50124
G1 X155.599 Y145.328 E188.51873
G1 X155.59 Y137.842 E188.76772
G1 X155.464 Y137.085 E188.79324
G1 X155.05 Y136.391 E188.82012
G1 X154.584 Y135.888 E188.84292
G1 X153.897 Y135.533 E188.86864
G1 X153.248 Y135.374 E188.89087
G1 X141.868 Y135.384 E189.26937
G0 F6000 X141.934 Y135.779
G1 F1200 X153.198 Y135.774 E189.64401
G1 X153.758 Y135.911 E189.66319
G1 X154.338 Y136.211 E189.68491
G1 X154.726 Y136.63 E189.7039
G1 X155.081 Y137.225 E189.72694
G1 X155.195 Y137.908 E189.74997
G1 X155.2 Y146.233 E190.02686
G1 X155.61 Y145.793 E190.04687
G1 X156.196 Y145.424 E190.0699
G1 X156.767 Y145.3 E190.08933
G1 X158.696 Y145.301 E190.15349
G1 X159.434 Y145.48 E190.17875
G1 X159.896 Y145.821 E190.19785
G1 X160.288 Y146.221 E190.21648
G1 X160.545 Y146.712 E190.23491
G1 X160.69 Y147.277 E190.25431
G1 X160.652 Y147.992 E190.27813
G1 X160.457 Y148.493 E190.29601
G1 X154.802 Y158.303 E190.67262
G1 X154.378 Y158.74 E190.69287
G1 X153.799 Y159.103 E190.7156
G1 X153.228 Y159.226 E190.73503
G1 X151.402 Y159.226 E190.79576
G1 X150.842 Y159.089 E190.81493
G1 X150.262 Y158.789 E190.83665
G1 X149.874 Y158.37 E190.85565
G1 X149.519 Y157.775 E190.87869
G1 X149.405 Y157.092 E190.90172
G1 X149.4 Y155.995 E190.93821
G1 X145.6 Y155.994 E191.0646
G1 X145.6 Y157.224 E191.10551
G1 X145.463 Y157.784 E191.12468
G1 X145.163 Y158.364 E191.1464
G1 X144.744 Y158.752 E191.16539
G1 X144.149 Y159.107 E191.18844
G1 X143.466 Y159.221 E191.21147
G1 X141.804 Y159.226 E191.26675
G1 X141.199 Y159.075 E191.28749
G1 X140.592 Y158.749 E191.3104
G1 X140.213 Y158.327 E191.32927
G1 X134.531 Y148.486 E191.70722
G1 X134.336 Y147.899 E191.7278
G1 X134.295 Y147.609 E191.73754
G1 X134.355 Y147.049 E191.75627
G1 X134.477 Y146.627 E191.77088
G1 X134.785 Y146.136 E191.79016
G1 X135.204 Y145.718 E191.80984
G1 X135.845 Y145.392 E191.83376
G1 X136.5 Y145.301 E191.85576
G1 X138.196 Y145.3 E191.91216
G1 X138.804 Y145.451 E191.933
G1 X139.411 Y145.777 E191.95592
G1 X139.8 Y146.226 E191.97568
G1 X139.8 Y137.776 E192.25672
G1 X139.937 Y137.216 E192.2759
G1 X140.237 Y136.636 E192.29762
G1 X140.656 Y136.248 E192.31661
G1 X141.251 Y135.893 E192.33966
G1 X141.934 Y135.779 E192.36269
G0 F6000 X142 Y136.174
G1 F1200 X153.148 Y136.174 E192.73347
G1 X153.619 Y136.289 E192.7496
G1 X154.092 Y136.534 E192.76731
G1 X154.405 Y136.872 E192.78264
G1 X154.698 Y137.363 E192.80165
G1 X154.8 Y137.974 E192.82226
G1 X154.8 Y147.725 E193.14658
G1 X155.514 Y146.476 E193.19443
G1 X155.866 Y146.105 E193.21144
G1 X156.349 Y145.8 E193.23044
G1 X156.81 Y145.7 E193.24613
G1 X158.647 Y145.701 E193.30722
G1 X159.261 Y145.85 E193.32824
G1 X159.658 Y146.143 E193.34465
G1 X159.961 Y146.459 E193.35921
G1 X160.17 Y146.859 E193.37422
G1 X160.288 Y147.318 E193.38998
G1 X160.257 Y147.904 E193.4095
G1 X160.084 Y148.347 E193.42532
G1 X154.482 Y158.058 E193.7982
G1 X154.123 Y158.428 E193.81535
G1 X153.646 Y158.727 E193.83407
G1 X153.186 Y158.826 E193.84972
G1 X151.452 Y158.826 E193.90739
G1 X150.981 Y158.711 E193.92352
G1 X150.508 Y158.466 E193.94124
G1 X150.195 Y158.128 E193.95656
G1 X149.902 Y157.637 E193.97557
G1 X149.8 Y157.026 E193.99618
G1 X149.8 Y155.595 E194.04377
G1 X145.2 Y155.594 E194.19677
G1 X145.2 Y157.174 E194.24932
G1 X145.085 Y157.645 E194.26545
G1 X144.84 Y158.118 E194.28316
G1 X144.502 Y158.431 E194.29849
G1 X144.011 Y158.724 E194.3175
G1 X143.4 Y158.826 E194.33811
G1 X141.852 Y158.826 E194.38959
G1 X141.343 Y158.699 E194.40704
G1 X140.844 Y158.431 E194.42588
G1 X140.537 Y158.089 E194.44117
G1 X134.899 Y148.324 E194.8162
G1 X134.716 Y147.773 E194.83551
G1 X134.698 Y147.604 E194.84116
G1 X134.753 Y147.092 E194.85829
G1 X134.844 Y146.795 E194.86862
G1 X135.102 Y146.384 E194.88476
G1 X135.441 Y146.046 E194.90068
G1 X135.965 Y145.779 E194.92024
G1 X136.5 Y145.701 E194.93823
G1 X138.148 Y145.7 E194.99304
G1 X138.66 Y145.827 E195.01058
G1 X139.157 Y146.094 E195.02935
G1 X139.469 Y146.446 E195.04499
G1 X140.2 Y147.725 E195.09399
G1 X140.2 Y137.826 E195.42323
G1 X140.315 Y137.355 E195.43936
G1 X140.56 Y136.882 E195.45708
G1 X140.898 Y136.569 E195.4724
G1 X141.389 Y136.276 E195.49141
G1 X142 Y136.174 E195.51202
G0 F6000 X142 Y136.574
G1 F1200 X153.098 Y136.574 E195.88114
G1 X153.48 Y136.667 E195.89421
G1 X153.846 Y136.857 E195.90793
G1 X154.084 Y137.114 E195.91958
G1 X154.315 Y137.501 E195.93457
G1 X154.4 Y137.974 E195.95056
G1 X154.4 Y149.23 E196.32493
G1 X155.835 Y146.719 E196.42112
G1 X156.123 Y146.416 E196.43503
G1 X156.503 Y146.176 E196.44998
G1 X156.853 Y146.1 E196.46189
G1 X158.598 Y146.101 E196.51993
G1 X159.088 Y146.22 E196.5367
G1 X159.42 Y146.465 E196.55042
G1 X159.632 Y146.693 E196.56078
G1 X159.795 Y147.006 E196.57251
G1 X159.886 Y147.359 E196.58464
G1 X159.862 Y147.815 E196.59983
G1 X159.711 Y148.201 E196.61361
G1 X154.162 Y157.813 E196.98276
G1 X153.868 Y158.116 E196.9968
G1 X153.493 Y158.351 E197.01152
G1 X153.144 Y158.426 E197.02339
G1 X151.502 Y158.426 E197.07801
G1 X151.12 Y158.333 E197.09108
G1 X150.754 Y158.143 E197.1048
G1 X150.516 Y157.886 E197.11645
G1 X150.285 Y157.499 E197.13144
G1 X150.2 Y157.026 E197.14742
G1 X150.2 Y155.195 E197.20832
G1 X144.8 Y155.194 E197.38793
G1 X144.8 Y157.124 E197.45212
G1 X144.707 Y157.506 E197.46519
G1 X144.517 Y157.872 E197.47891
G1 X144.26 Y158.11 E197.49056
G1 X143.873 Y158.341 E197.50555
G1 X143.4 Y158.426 E197.52154
G1 X141.901 Y158.426 E197.57139
G1 X141.487 Y158.323 E197.58558
G1 X141.096 Y158.113 E197.60034
G1 X140.861 Y157.851 E197.61205
G1 X135.267 Y148.163 E197.98413
G1 X135.096 Y147.647 E198.00221
G1 X135.151 Y147.135 E198.01934
G1 X135.21 Y146.965 E198.02532
G1 X135.419 Y146.632 E198.0384
G1 X135.678 Y146.374 E198.05056
G1 X136.088 Y146.165 E198.06587
G1 X136.5 Y146.101 E198.07973
G1 X138.099 Y146.1 E198.13292
G1 X138.513 Y146.203 E198.14711
G1 X138.907 Y146.414 E198.16197
G1 X139.143 Y146.68 E198.1738
G1 X140.6 Y149.23 E198.27148
G1 X140.6 Y137.876 E198.64912
G1 X140.693 Y137.494 E198.66219
G1 X140.883 Y137.128 E198.67591
G1 X141.14 Y136.89 E198.68756
G1 X141.527 Y136.659 E198.70255
G1 X142 Y136.574 E198.71853
G0 F6000 X142 Y136.974
G1 F1200 X153.049 Y136.974 E199.08602
G1 X153.338 Y137.044 E199.09591
G1 X153.601 Y137.181 E199.10578
G1 X153.74 Y137.319 E199.11229
G1 X153.935 Y137.646 E199.12495
G1 X154 Y137.974 E199.13608
G1 X154 Y150.735 E199.56051
G1 X156.156 Y146.962 E199.70504
G1 X156.38 Y146.727 E199.71584
G1 X156.658 Y146.551 E199.72678
G1 X156.853 Y146.5 E199.73349
G1 X158.549 Y146.501 E199.7899
G1 X158.916 Y146.59 E199.80246
G1 X159.183 Y146.787 E199.81349
G1 X159.301 Y146.924 E199.81951
G1 X159.44 Y147.191 E199.82952
G1 X159.484 Y147.398 E199.83656
G1 X159.466 Y147.729 E199.84758
G1 X159.365 Y148.001 E199.85723
G1 X153.842 Y157.568 E200.22465
G1 X153.615 Y157.802 E200.23549
G1 X153.338 Y157.976 E200.24637
G1 X153.144 Y158.026 E200.25304
G1 X151.551 Y158.026 E200.30602
G1 X151.262 Y157.956 E200.31591
G1 X150.999 Y157.819 E200.32577
G1 X150.86 Y157.681 E200.33229
G1 X150.665 Y157.354 E200.34495
G1 X150.6 Y157.026 E200.35607
G1 X150.6 Y154.795 E200.43028
G1 X144.4 Y154.794 E200.63649
G1 X144.4 Y157.075 E200.71236
G1 X144.33 Y157.364 E200.72225
G1 X144.193 Y157.627 E200.73211
G1 X144.055 Y157.766 E200.73862
G1 X143.728 Y157.961 E200.75129
G1 X143.4 Y158.026 E200.76241
G1 X141.95 Y158.026 E200.81063
G1 X141.634 Y157.947 E200.82147
G1 X141.346 Y157.793 E200.83233
G1 X141.207 Y157.651 E200.83894
G1 X135.635 Y148.001 E201.20956
G1 X135.503 Y147.603 E201.22351
G1 X135.549 Y147.178 E201.23773
G1 X135.758 Y146.845 E201.2508
G1 X135.915 Y146.702 E201.25787
G1 X136.213 Y146.55 E201.26899
G1 X136.5 Y146.501 E201.27868
G1 X138.05 Y146.5 E201.33023
G1 X138.366 Y146.579 E201.34106
G1 X138.656 Y146.734 E201.352
G1 X138.796 Y146.878 E201.35868
G1 X141 Y150.736 E201.50646
G1 X141 Y137.925 E201.93256
G1 X141.07 Y137.636 E201.94245
G1 X141.207 Y137.373 E201.95231
G1 X141.345 Y137.234 E201.95882
G1 X141.672 Y137.039 E201.97149
G1 X142 Y136.974 E201.98261
G0 F6000 X142 Y137.774
G1 F1200 X153 Y137.774 E202.34847
G1 X153.119 Y137.813 E202.35264
G1 X153.2 Y137.974 E202.35863
G1 X153.2 Y153.747 E202.88324
G1 X156.825 Y147.401 E203.12632
G1 X156.937 Y147.3 E203.13134
G1 X158.5 Y147.301 E203.18332
G1 X158.619 Y147.34 E203.18749
G1 X158.691 Y147.442 E203.19164
G1 X158.673 Y147.601 E203.19696
G1 X153.174 Y157.126 E203.56277
G1 X153.062 Y157.226 E203.56776
G1 X151.6 Y157.226 E203.61639
G1 X151.481 Y157.187 E203.62055
G1 X151.4 Y157.026 E203.62655
G1 X151.4 Y140.7 E204.16955
G1 X143.6 Y140.7 E204.42898
G1 X143.6 Y157.026 E204.97199
G1 X143.561 Y157.145 E204.97615
G1 X143.4 Y157.226 E204.98215
G1 X141.999 Y157.226 E205.02874
G1 X141.857 Y157.179 E205.03372
G1 X136.327 Y147.601 E205.40157
G1 X136.301 Y147.479 E205.40572
G1 X136.353 Y147.365 E205.40989
G1 X136.5 Y147.301 E205.41522
G1 X138.001 Y147.3 E205.46514
G1 X138.144 Y147.347 E205.47015
G1 X141.8 Y153.747 E205.7153
G1 X141.8 Y137.974 E206.23991
G1 X141.839 Y137.855 E206.24407
G1 X142 Y137.774 E206.25007
G1 F2700 E201.25007
G0 F6000 X142 Y137.309
G0 X141.347 Y137.321
G0 X135.738 Y147.5
G0 X141.62 Y157.685
G0 X144.053 Y157.679
G0 X144.039 Y141.181
G1 F2700 E206.25007
G1 F1200 X144.2 Y141.1 E206.25606
G1 X150.8 Y141.1 E206.47558
G1 X150.919 Y141.139 E206.47975
G1 X151 Y141.3 E206.48574
G1 X151 Y153.595 E206.89467
G1 X150.961 Y153.714 E206.89884
G1 X150.799 Y153.798 E206.90491
G1 X150.761 Y153.914 E206.90897
G1 X150.6 Y153.995 E206.91496
G1 X144.4 Y153.994 E207.12117
G1 X144.281 Y153.955 E207.12534
G1 X144.203 Y153.799 E207.13114
G1 X144.05 Y153.726 E207.13678
G1 X144 Y153.594 E207.14147
G1 X144 Y141.3 E207.55037
G1 X144.039 Y141.181 E207.55454
G1 F2700 E202.55454
G0 F6000 X144.053 Y157.679
G0 X141.62 Y157.685
G0 X135.738 Y147.5
G0 X141.335 Y137.974
G0 X141.4 Y137.974
G1 F2700 E207.55454
G1 F1200 X141.459 Y137.73 E207.56289
G1 X141.55 Y137.578 E207.56878
G1 X141.82 Y137.417 E207.57924
G1 X142 Y137.374 E207.58539
G1 X153 Y137.374 E207.95125
G1 X153.244 Y137.433 E207.9596
G1 X153.396 Y137.524 E207.96549
G1 X153.557 Y137.794 E207.97595
G1 X153.6 Y137.974 E207.98211
G1 X153.6 Y152.241 E208.45663
G1 X156.478 Y147.203 E208.64961
G1 X156.669 Y147.003 E208.6588
G1 X156.853 Y146.9 E208.66582
G1 X158.5 Y146.901 E208.7206
G1 X158.744 Y146.96 E208.72895
G1 X158.946 Y147.109 E208.7373
G1 X159.085 Y147.376 E208.74731
G1 X159.07 Y147.646 E208.7563
G1 X159.019 Y147.801 E208.76173
G1 X153.52 Y157.326 E209.12754
G1 X153.328 Y157.524 E209.13671
G1 X153.144 Y157.626 E209.14371
G1 X151.6 Y157.626 E209.19506
G1 X151.356 Y157.567 E209.20341
G1 X151.204 Y157.476 E209.2093
G1 X151.043 Y157.206 E209.21976
G1 X151 Y157.026 E209.22591
G1 X151 Y154.229 E209.31894
G1 X150.775 Y154.355 E209.32752
G1 X150.6 Y154.395 E209.33349
G1 X144.4 Y154.394 E209.5397
G1 X144.156 Y154.335 E209.54805
G1 X144 Y154.238 E209.55416
G1 X144 Y157.026 E209.64689
G1 X143.941 Y157.27 E209.65524
G1 X143.85 Y157.422 E209.66113
G1 X143.58 Y157.583 E209.67159
G1 X143.4 Y157.626 E209.67774
G1 X141.999 Y157.626 E209.72434
G1 X141.731 Y157.559 E209.73353
G1 X141.553 Y157.451 E209.74045
G1 X135.981 Y147.801 E210.11108
G1 X135.91 Y147.562 E210.11937
G1 X135.937 Y147.313 E210.1277
G1 X136.097 Y147.058 E210.13771
G1 X136.34 Y146.934 E210.14679
G1 X136.5 Y146.901 E210.15222
G1 X138.001 Y146.9 E210.20214
G1 X138.269 Y146.967 E210.21133
G1 X138.449 Y147.076 E210.21833
G1 X141.4 Y152.241 E210.41618
G1 X141.4 Y137.974 E210.8907
G1 F2700 E205.8907
G0 F6000 X141.335 Y137.974
G0 X106.318 Y146.7
G1 F2700 E210.8907
G1 F1200 X106.182 Y149.277 E210.97653
G1 X105.315 Y151.293 E211.04952
G1 X99.324 Y161.691 E211.44866
G1 X97.94 Y163.116 E211.51473
G1 X95.945 Y164.367 E211.59305
G1 X93.816 Y164.826 E211.66549
G1 X90.747 Y164.826 E211.76756
G1 X88.851 Y164.36 E211.8325
G1 X87.478 Y163.648 E211.88394
G1 X86.518 Y164.211 E211.92096
G1 X85.726 Y164.533 E211.94939
G1 X83.83 Y164.798 E212.01307
G1 X81.142 Y164.838 E212.10248
G1 X79.18 Y164.342 E212.16979
G1 X77.074 Y163.209 E212.24933
G1 X75.673 Y161.653 E212.31897
G1 X69.375 Y150.747 E212.73784
G1 X68.924 Y149.305 E212.7881
G1 X68.631 Y147.776 E212.83988
G1 X68.864 Y145.998 E212.89952
G1 X69.286 Y144.355 E212.95594
G1 X70.375 Y142.622 E213.02401
G1 X71.872 Y141.126 E213.0944
G1 X74.2 Y139.943 E213.18126
G1 X74.2 Y137.121 E213.27512
G1 X74.666 Y135.225 E213.34006
G1 X75.719 Y133.197 E213.41606
G1 X77.28 Y131.738 E213.48712
G1 X79.303 Y130.531 E213.56548
G1 X81.021 Y130.249 E213.62338
G1 X93.843 Y130.174 E214.04985
G1 X95.751 Y130.642 E214.11519
G1 X97.777 Y131.693 E214.1911
G1 X99.248 Y133.266 E214.26273
G1 X100.287 Y135.01 E214.33025
G1 X100.47 Y135.445 E214.34595
G1 X100.751 Y137.31 E214.40868
G1 X100.775 Y140.059 E214.50012
G1 X101.184 Y140.17 E214.51421
G1 X102.296 Y140.603 E214.5539
G1 X103.9 Y141.901 E214.62253
G1 X104.847 Y142.87 E214.66759
G1 X105.808 Y144.701 E214.73637
G1 X106.318 Y146.7 E214.80499
G0 F6000 X105.916 Y146.743
G1 F1200 X105.787 Y149.182 E214.88622
G1 X104.968 Y151.093 E214.95538
G1 X99.001 Y161.449 E215.3529
G1 X97.685 Y162.804 E215.41573
G1 X95.792 Y163.991 E215.49004
G1 X93.774 Y164.426 E215.5587
G1 X90.793 Y164.426 E215.65785
G1 X88.994 Y163.984 E215.71947
G1 X87.465 Y163.191 E215.77675
G1 X86.367 Y163.84 E215.81918
G1 X85.619 Y164.144 E215.84603
G1 X83.824 Y164.398 E215.90633
G1 X81.189 Y164.437 E215.99398
G1 X79.325 Y163.966 E216.05792
G1 X77.325 Y162.89 E216.13346
G1 X75.997 Y161.415 E216.19947
G1 X69.745 Y150.588 E216.6153
G1 X69.317 Y149.23 E216.66266
G1 X69.036 Y147.765 E216.71228
G1 X69.261 Y146.05 E216.76981
G1 X69.657 Y144.517 E216.82247
G1 X70.69 Y142.873 E216.88705
G1 X72.11 Y141.454 E216.95382
G1 X74.283 Y140.35 E217.03488
G1 X74.6 Y140.309 E217.04551
G1 X74.6 Y137.167 E217.15002
G1 X75.042 Y135.368 E217.21163
G1 X76.042 Y133.442 E217.28381
G1 X77.519 Y132.062 E217.35104
G1 X79.443 Y130.914 E217.42556
G1 X81.086 Y130.644 E217.48094
G1 X93.798 Y130.574 E217.90375
G1 X95.608 Y131.018 E217.96573
G1 X97.532 Y132.016 E218.03782
G1 X98.924 Y133.505 E218.10562
G1 X99.943 Y135.215 E218.17183
G1 X100.081 Y135.552 E218.18394
G1 X100.355 Y137.37 E218.24509
G1 X100.377 Y140.368 E218.3448
G1 X101.039 Y140.543 E218.36758
G1 X102.094 Y140.954 E218.40524
G1 X103.614 Y142.181 E218.47021
G1 X104.521 Y143.109 E218.51337
G1 X105.431 Y144.843 E218.5785
G1 X105.916 Y146.743 E218.64372
G0 F6000 X105.514 Y146.786
G1 F1200 X105.392 Y149.088 E218.72039
G1 X104.621 Y150.893 E218.78567
G1 X98.678 Y161.207 E219.18159
G1 X97.43 Y162.492 E219.24117
G1 X95.639 Y163.615 E219.31148
G1 X93.732 Y164.026 E219.37637
G1 X90.84 Y164.026 E219.47255
G1 X89.136 Y163.607 E219.53092
G1 X87.452 Y162.734 E219.59401
G1 X86.216 Y163.469 E219.64184
G1 X85.512 Y163.755 E219.66711
G1 X83.818 Y163.998 E219.72403
G1 X81.236 Y164.036 E219.80992
G1 X79.47 Y163.59 E219.8705
G1 X77.576 Y162.571 E219.94203
G1 X76.321 Y161.177 E220.00442
G1 X70.113 Y150.427 E220.4173
G1 X69.71 Y149.155 E220.46168
G1 X69.441 Y147.754 E220.50913
G1 X69.658 Y146.102 E220.56455
G1 X70.028 Y144.678 E220.61348
G1 X71.005 Y143.124 E220.67453
G1 X72.348 Y141.782 E220.73768
G1 X74.403 Y140.738 E220.81434
G1 X75 Y140.662 E220.83436
G1 X75 Y137.214 E220.94904
G1 X75.419 Y135.51 E221.00741
G1 X76.365 Y133.687 E221.07572
G1 X77.761 Y132.383 E221.13925
G1 X79.581 Y131.297 E221.20974
G1 X81.151 Y131.039 E221.26266
G1 X93.753 Y130.974 E221.68181
G1 X95.465 Y131.394 E221.74044
G1 X97.287 Y132.339 E221.80871
G1 X98.6 Y133.744 E221.87267
G1 X99.599 Y135.42 E221.93756
G1 X99.694 Y135.663 E221.94624
G1 X99.955 Y137.373 E222.00378
G1 X99.979 Y140.678 E222.1137
G1 X100.894 Y140.916 E222.14515
G1 X101.89 Y141.304 E222.1807
G1 X103.328 Y142.461 E222.24209
G1 X104.195 Y143.348 E222.28334
G1 X105.054 Y144.985 E222.34483
G1 X105.514 Y146.786 E222.40665
G0 F6000 X105.112 Y146.829
G1 F1200 X104.997 Y148.995 E222.4788
G1 X104.274 Y150.693 E222.54018
G1 X98.355 Y160.965 E222.93449
G1 X97.177 Y162.178 E222.99073
G1 X95.485 Y163.239 E223.05715
G1 X93.69 Y163.626 E223.11823
G1 X90.886 Y163.626 E223.21149
G1 X89.279 Y163.231 E223.26653
G1 X87.617 Y162.369 E223.3288
G1 X87.478 Y162.252 E223.33484
G1 X86.011 Y163.125 E223.39162
G1 X85.41 Y163.365 E223.41314
G1 X83.812 Y163.598 E223.46686
G1 X81.283 Y163.635 E223.55098
G1 X79.615 Y163.214 E223.6082
G1 X77.827 Y162.252 E223.67573
G1 X76.645 Y160.939 E223.73449
G1 X70.482 Y150.266 E224.14441
G1 X70.103 Y149.079 E224.18585
G1 X69.846 Y147.742 E224.23113
G1 X70.055 Y146.154 E224.2844
G1 X70.399 Y144.84 E224.32958
G1 X71.32 Y143.375 E224.38714
G1 X72.586 Y142.11 E224.44666
G1 X74.522 Y141.126 E224.51889
G1 X75.4 Y141.014 E224.54833
G1 X75.4 Y137.26 E224.67319
G1 X75.795 Y135.653 E224.72823
G1 X76.688 Y133.932 E224.79272
G1 X78.003 Y132.704 E224.85256
G1 X79.719 Y131.68 E224.91902
G1 X81.216 Y131.434 E224.96948
G1 X93.708 Y131.374 E225.38497
G1 X95.322 Y131.77 E225.44025
G1 X97.042 Y132.662 E225.50469
G1 X98.276 Y133.983 E225.56481
G1 X99.255 Y135.625 E225.6284
G1 X99.306 Y135.768 E225.63345
G1 X99.555 Y137.376 E225.68757
G1 X99.581 Y140.988 E225.80771
G1 X100.749 Y141.289 E225.84782
G1 X101.688 Y141.655 E225.88134
G1 X103.042 Y142.741 E225.93907
G1 X103.869 Y143.587 E225.97842
G1 X104.677 Y145.127 E226.03626
G1 X105.112 Y146.829 E226.09469
G0 F6000 X104.71 Y146.872
G1 F1200 X104.602 Y148.903 E226.16234
G1 X103.927 Y150.493 E226.21979
G1 X98.032 Y160.723 E226.61249
G1 X96.922 Y161.866 E226.66548
G1 X95.332 Y162.863 E226.7279
G1 X93.648 Y163.226 E226.7852
G1 X90.932 Y163.226 E226.87554
G1 X89.422 Y162.855 E226.92725
G1 X87.801 Y162.014 E226.98799
G1 X87.482 Y161.672 E227.00355
G1 X87.152 Y161.98 E227.01856
G1 X85.806 Y162.781 E227.07066
G1 X85.306 Y162.976 E227.08851
G1 X83.806 Y163.198 E227.13894
G1 X81.33 Y163.234 E227.2213
G1 X79.76 Y162.838 E227.27515
G1 X78.078 Y161.933 E227.33868
G1 X76.969 Y160.701 E227.39381
G1 X70.851 Y150.106 E227.80074
G1 X70.496 Y149.003 E227.83928
G1 X70.251 Y147.73 E227.88239
G1 X70.452 Y146.206 E227.93352
G1 X70.77 Y145.001 E227.97497
G1 X71.635 Y143.626 E228.029
G1 X72.824 Y142.438 E228.0849
G1 X74.642 Y141.514 E228.15273
G1 X75.8 Y141.367 E228.19156
G1 X75.8 Y137.306 E228.32663
G1 X76.171 Y135.796 E228.37834
G1 X77.011 Y134.177 E228.43901
G1 X78.245 Y133.025 E228.49516
G1 X79.857 Y132.063 E228.55759
G1 X81.281 Y131.829 E228.60559
G1 X93.663 Y131.774 E229.01742
G1 X95.179 Y132.146 E229.06934
G1 X96.797 Y132.985 E229.12996
G1 X97.952 Y134.222 E229.18625
G1 X98.911 Y135.83 E229.24852
G1 X99.155 Y137.379 E229.30067
G1 X99.183 Y141.298 E229.43102
G1 X100.604 Y141.662 E229.47981
G1 X101.487 Y142.006 E229.51133
G1 X102.756 Y143.021 E229.56538
G1 X103.543 Y143.826 E229.60282
G1 X104.3 Y145.269 E229.65702
G1 X104.71 Y146.872 E229.71205
G0 F6000 X104.308 Y146.915
G1 F1200 X104.207 Y148.811 E229.7752
G1 X103.58 Y150.293 E229.82873
G1 X97.709 Y160.481 E230.21982
G1 X96.667 Y161.554 E230.26956
G1 X95.179 Y162.487 E230.32798
G1 X93.606 Y162.826 E230.3815
G1 X90.979 Y162.826 E230.46887
G1 X89.564 Y162.478 E230.51734
G1 X88.046 Y161.691 E230.57421
G1 X87.501 Y161.107 E230.60078
G1 X86.91 Y161.658 E230.62765
G1 X85.601 Y162.437 E230.67832
G1 X85.206 Y162.586 E230.69236
G1 X83.8 Y162.798 E230.73965
G1 X81.377 Y162.833 E230.82025
G1 X79.905 Y162.462 E230.87074
G1 X78.329 Y161.614 E230.93026
G1 X77.293 Y160.463 E230.98177
G1 X71.22 Y149.946 E231.38569
G1 X70.877 Y148.88 E231.42294
G1 X70.656 Y147.719 E231.46225
G1 X70.839 Y146.308 E231.50957
G1 X71.141 Y145.163 E231.54896
G1 X71.95 Y143.877 E231.59949
G1 X73.062 Y142.766 E231.65177
G1 X74.762 Y141.902 E231.7152
G1 X76.2 Y141.719 E231.76341
G1 X76.2 Y137.353 E231.90862
G1 X76.548 Y135.938 E231.95709
G1 X77.334 Y134.422 E232.01389
G1 X78.487 Y133.346 E232.06634
G1 X79.995 Y132.446 E232.12475
G1 X81.346 Y132.224 E232.17029
G1 X93.618 Y132.174 E232.57846
G1 X95.036 Y132.522 E232.62702
G1 X96.552 Y133.308 E232.68382
G1 X97.628 Y134.461 E232.73627
G1 X98.528 Y135.97 E232.79471
G1 X98.755 Y137.382 E232.84228
G1 X98.786 Y141.701 E232.98593
G1 X99.142 Y141.701 E232.99777
G1 X100.459 Y142.035 E233.04296
G1 X101.285 Y142.357 E233.07245
G1 X102.47 Y143.301 E233.12284
G1 X103.217 Y144.065 E233.15838
G1 X103.923 Y145.411 E233.20893
G1 X104.308 Y146.915 E233.26057
G0 F6000 X103.906 Y146.955
G1 F1200 X103.812 Y148.718 E233.31929
G1 X103.233 Y150.093 E233.36891
G1 X97.386 Y160.239 E233.75839
G1 X96.414 Y161.24 E233.8048
G1 X95.025 Y162.111 E233.85933
G1 X93.564 Y162.426 E233.90904
G1 X91.025 Y162.426 E233.99349
G1 X89.707 Y162.102 E234.03863
G1 X88.293 Y161.369 E234.0916
G1 X87.521 Y160.541 E234.12925
G1 X86.668 Y161.336 E234.16804
G1 X85.396 Y162.093 E234.21727
G1 X85.107 Y162.196 E234.22747
G1 X83.74 Y162.402 E234.27345
G1 X81.424 Y162.432 E234.35049
G1 X80.05 Y162.086 E234.39762
G1 X78.58 Y161.295 E234.45314
G1 X77.617 Y160.225 E234.50102
G1 X71.587 Y149.782 E234.9021
G1 X71.27 Y148.805 E234.93626
G1 X71.061 Y147.707 E234.97343
G1 X71.226 Y146.41 E235.01692
G1 X71.512 Y145.325 E235.05424
G1 X72.265 Y144.128 E235.10128
G1 X73.3 Y143.094 E235.14994
G1 X74.881 Y142.29 E235.20893
G1 X76.188 Y142.119 E235.25277
G1 X76.6 Y142.112 E235.26648
G1 X76.6 Y137.399 E235.42323
G1 X76.924 Y136.081 E235.46837
G1 X77.657 Y134.667 E235.52135
G1 X78.729 Y133.667 E235.57011
G1 X80.133 Y132.829 E235.62449
G1 X81.411 Y132.619 E235.66756
G1 X93.573 Y132.574 E236.07208
G1 X94.893 Y132.898 E236.11728
G1 X96.307 Y133.631 E236.17026
G1 X97.307 Y134.703 E236.21902
G1 X98.145 Y136.107 E236.2734
G1 X98.355 Y137.385 E236.31648
G1 X98.389 Y142.1 E236.4733
G1 X99.091 Y142.101 E236.49665
G1 X100.361 Y142.423 E236.54023
G1 X101.083 Y142.708 E236.56604
G1 X102.184 Y143.581 E236.61278
G1 X102.891 Y144.304 E236.64641
G1 X103.548 Y145.557 E236.69347
G1 X103.906 Y146.955 E236.74147
G0 F6000 X103.504 Y146.995
G1 F1200 X103.417 Y148.625 E236.79576
G1 X102.886 Y149.893 E236.84148
G1 X97.063 Y159.997 E237.22935
G1 X96.159 Y160.928 E237.27251
G1 X94.872 Y161.735 E237.32304
G1 X93.522 Y162.026 E237.36897
G1 X91.071 Y162.026 E237.45049
G1 X89.85 Y161.726 E237.49231
G1 X88.54 Y161.047 E237.54139
G1 X87.641 Y160.083 E237.58523
G1 X87.519 Y159.897 E237.59263
G1 X87.372 Y160.132 E237.60185
G1 X86.426 Y161.014 E237.64486
G1 X85.191 Y161.749 E237.69266
G1 X85.047 Y161.8 E237.69775
G1 X83.68 Y162.006 E237.74373
G1 X81.472 Y162.031 E237.81717
G1 X80.193 Y161.709 E237.86104
G1 X78.832 Y160.977 E237.91243
G1 X77.941 Y159.987 E237.95673
G1 X71.954 Y149.619 E238.35494
G1 X71.663 Y148.73 E238.38605
G1 X71.466 Y147.694 E238.42113
G1 X71.613 Y146.512 E238.46074
G1 X71.883 Y145.487 E238.496
G1 X72.58 Y144.379 E238.53953
G1 X73.538 Y143.422 E238.58457
G1 X75.001 Y142.678 E238.63916
G1 X76.24 Y142.516 E238.68072
G1 X77 Y142.507 E238.706
G1 X77 Y137.445 E238.87437
G1 X77.3 Y136.224 E238.91618
G1 X77.979 Y134.914 E238.96526
G1 X78.974 Y133.986 E239.01051
G1 X80.271 Y133.212 E239.06075
G1 X81.476 Y133.014 E239.10136
G1 X93.528 Y132.974 E239.50222
G1 X94.75 Y133.274 E239.54407
G1 X96.06 Y133.953 E239.59314
G1 X96.988 Y134.948 E239.6384
G1 X97.762 Y136.245 E239.68863
G1 X97.96 Y137.45 E239.72925
G1 X97.991 Y142.5 E239.89722
G1 X99.04 Y142.501 E239.93211
G1 X100.263 Y142.811 E239.97407
G1 X100.879 Y143.057 E239.99613
G1 X101.898 Y143.861 E240.0393
G1 X102.565 Y144.543 E240.07103
G1 X103.173 Y145.703 E240.11459
G1 X103.504 Y146.995 E240.15895
G0 F6000 X103.102 Y147.035
G1 F1200 X103.022 Y148.534 E240.20888
G1 X102.539 Y149.693 E240.25064
G1 X96.74 Y159.755 E240.63691
G1 X95.904 Y160.616 E240.67682
G1 X94.719 Y161.359 E240.72334
G1 X93.48 Y161.626 E240.7655
G1 X91.117 Y161.626 E240.84409
G1 X89.993 Y161.35 E240.88259
G1 X88.787 Y160.725 E240.92776
G1 X87.934 Y159.81 E240.96937
G1 X87.495 Y159.074 E240.99787
G1 X87.099 Y159.839 E241.02652
G1 X86.184 Y160.692 E241.06813
G1 X84.986 Y161.405 E241.1145
G1 X83.676 Y161.606 E241.15858
G1 X81.52 Y161.63 E241.23029
G1 X80.336 Y161.332 E241.2709
G1 X79.084 Y160.659 E241.31818
G1 X78.265 Y159.749 E241.3589
G1 X72.323 Y149.458 E241.75414
G1 X72.056 Y148.655 E241.78228
G1 X71.871 Y147.68 E241.81529
G1 X72 Y146.614 E241.851
G1 X72.254 Y145.649 E241.88419
G1 X72.895 Y144.63 E241.92423
G1 X73.776 Y143.75 E241.96565
G1 X75.121 Y143.066 E242.01584
G1 X76.292 Y142.913 E242.05511
G1 X77.4 Y142.904 E242.09197
G1 X77.4 Y137.491 E242.272
G1 X77.676 Y136.367 E242.3105
G1 X78.301 Y135.161 E242.35568
G1 X79.216 Y134.308 E242.39728
G1 X80.411 Y133.595 E242.44357
G1 X81.541 Y133.409 E242.48166
G1 X93.483 Y133.374 E242.87885
G1 X94.607 Y133.65 E242.91735
G1 X95.813 Y134.275 E242.96252
G1 X96.666 Y135.19 E243.00413
G1 X97.379 Y136.385 E243.05041
G1 X97.565 Y137.515 E243.0885
G1 X97.593 Y142.9 E243.26761
G1 X98.99 Y142.901 E243.31408
G1 X100.115 Y143.183 E243.35265
G1 X100.677 Y143.407 E243.37277
G1 X101.612 Y144.141 E243.41231
G1 X102.239 Y144.782 E243.44213
G1 X102.798 Y145.849 E243.4822
G1 X103.102 Y147.035 E243.52292
G0 F6000 X102.7 Y147.075
G1 F1200 X102.627 Y148.441 E243.56842
G1 X102.192 Y149.493 E243.60628
G1 X96.417 Y159.513 E243.99094
G1 X95.651 Y160.302 E244.02751
G1 X94.565 Y160.983 E244.07015
G1 X93.438 Y161.226 E244.10849
G1 X91.164 Y161.226 E244.18412
G1 X90.135 Y160.973 E244.21937
G1 X89.034 Y160.403 E244.2606
G1 X88.256 Y159.568 E244.29856
G1 X87.604 Y158.475 E244.34089
G1 X87.524 Y157.995 E244.35708
G1 X87.469 Y157.994 E244.35891
G1 X87.347 Y158.491 E244.37593
G1 X86.777 Y159.592 E244.41717
G1 X85.942 Y160.37 E244.45512
G1 X84.847 Y161.022 E244.49751
G1 X83.672 Y161.206 E244.53707
G1 X81.568 Y161.229 E244.60705
G1 X80.479 Y160.955 E244.6444
G1 X79.336 Y160.341 E244.68756
G1 X78.589 Y159.511 E244.72469
G1 X72.691 Y149.296 E245.11701
G1 X72.436 Y148.529 E245.1439
G1 X72.275 Y147.667 E245.17306
G1 X72.387 Y146.716 E245.20491
G1 X72.625 Y145.811 E245.23604
G1 X73.21 Y144.881 E245.27258
G1 X74.014 Y144.078 E245.31037
G1 X75.241 Y143.454 E245.35616
G1 X76.344 Y143.31 E245.39315
G1 X77.8 Y143.302 E245.44158
G1 X77.8 Y137.538 E245.63329
G1 X78.053 Y136.509 E245.66854
G1 X78.623 Y135.408 E245.70977
G1 X79.458 Y134.63 E245.74773
G1 X80.551 Y133.978 E245.79006
G1 X81.606 Y133.804 E245.82563
G1 X93.436 Y133.774 E246.21909
G1 X94.465 Y134.027 E246.25434
G1 X95.566 Y134.597 E246.29557
G1 X96.344 Y135.432 E246.33353
G1 X96.996 Y136.525 E246.37586
G1 X97.17 Y137.58 E246.41143
G1 X97.195 Y143.3 E246.60168
G1 X98.941 Y143.301 E246.65975
G1 X100.018 Y143.571 E246.69668
G1 X100.475 Y143.757 E246.71309
G1 X101.326 Y144.421 E246.74899
G1 X101.913 Y145.021 E246.77691
G1 X102.423 Y145.995 E246.81348
G1 X102.7 Y147.075 E246.85056
G0 F6000 X102.298 Y147.115
G1 F1200 X102.232 Y148.35 E246.89169
G1 X101.845 Y149.293 E246.9256
G1 X96.094 Y159.271 E247.30864
G1 X95.396 Y159.99 E247.34197
G1 X94.412 Y160.607 E247.3806
G1 X93.396 Y160.826 E247.41517
G1 X91.21 Y160.826 E247.48788
G1 X90.278 Y160.597 E247.5198
G1 X89.281 Y160.081 E247.55714
G1 X88.578 Y159.326 E247.59145
G1 X87.987 Y158.335 E247.62983
G1 X87.864 Y157.595 E247.65478
G1 X87.156 Y157.594 E247.67832
G1 X86.971 Y158.348 E247.70415
G1 X86.455 Y159.345 E247.74148
G1 X85.7 Y160.048 E247.7758
G1 X84.708 Y160.639 E247.8142
G1 X83.668 Y160.806 E247.84924
G1 X81.615 Y160.828 E247.91752
G1 X80.623 Y160.579 E247.95154
G1 X79.586 Y160.022 E247.99069
G1 X78.915 Y159.276 E248.02406
G1 X73.059 Y149.134 E248.41358
G1 X72.816 Y148.403 E248.4392
G1 X72.679 Y147.653 E248.46456
G1 X72.774 Y146.818 E248.49251
G1 X72.996 Y145.973 E248.52157
G1 X73.525 Y145.132 E248.55461
G1 X74.252 Y144.406 E248.58879
G1 X75.361 Y143.842 E248.63017
G1 X76.396 Y143.707 E248.66488
G1 X78.2 Y143.7 E248.72489
G1 X78.2 Y137.584 E248.92831
G1 X78.429 Y136.652 E248.96023
G1 X78.945 Y135.655 E248.99756
G1 X79.7 Y134.952 E249.03188
G1 X80.691 Y134.361 E249.07025
G1 X81.671 Y134.199 E249.10329
G1 X93.39 Y134.174 E249.49307
G1 X94.322 Y134.403 E249.52499
G1 X95.319 Y134.919 E249.56233
G1 X96.022 Y135.674 E249.59664
G1 X96.613 Y136.665 E249.63501
G1 X96.775 Y137.645 E249.66805
G1 X96.796 Y143.7 E249.86944
G1 X98.893 Y143.701 E249.93919
G1 X99.867 Y143.942 E249.97256
G1 X100.275 Y144.108 E249.98721
G1 X101.04 Y144.701 E250.0194
G1 X101.588 Y145.261 E250.04546
G1 X102.047 Y146.138 E250.07839
G1 X102.298 Y147.115 E250.11194
G0 F6000 X101.896 Y147.156
G1 F1200 X101.837 Y148.261 E250.14874
G1 X101.498 Y149.093 E250.17862
G1 X95.771 Y159.029 E250.56006
G1 X95.141 Y159.678 E250.59015
G1 X94.259 Y160.231 E250.62477
G1 X93.354 Y160.426 E250.65556
G1 X91.256 Y160.426 E250.72534
G1 X90.421 Y160.221 E250.75394
G1 X89.526 Y159.758 E250.78745
G1 X88.902 Y159.087 E250.81793
G1 X88.37 Y158.195 E250.85247
G1 X88.204 Y157.195 E250.88619
G1 X86.8 Y157.194 E250.93289
G1 X86.788 Y157.419 E250.94038
G1 X86.595 Y158.205 E250.9673
G1 X86.132 Y159.1 E251.00081
G1 X85.461 Y159.724 E251.03129
G1 X84.569 Y160.256 E251.06584
G1 X83.664 Y160.406 E251.09635
G1 X81.662 Y160.427 E251.16294
G1 X80.767 Y160.203 E251.19362
G1 X79.836 Y159.703 E251.22877
G1 X79.241 Y159.041 E251.25838
G1 X73.427 Y148.972 E251.64509
G1 X73.196 Y148.277 E251.66945
G1 X73.083 Y147.64 E251.69097
G1 X73.161 Y146.92 E251.71506
G1 X73.367 Y146.135 E251.74205
G1 X73.84 Y145.383 E251.7716
G1 X74.49 Y144.734 E251.80215
G1 X75.481 Y144.23 E251.83913
G1 X76.448 Y144.104 E251.87156
G1 X78.292 Y144.1 E251.93289
G1 X78.6 Y144.165 E251.94336
G1 X78.6 Y137.63 E252.16072
G1 X78.805 Y136.795 E252.18931
G1 X79.268 Y135.9 E252.22283
G1 X79.939 Y135.276 E252.25331
G1 X80.831 Y134.744 E252.28785
G1 X81.736 Y134.594 E252.31836
G1 X93.344 Y134.574 E252.70444
G1 X94.179 Y134.779 E252.73304
G1 X95.074 Y135.242 E252.76656
G1 X95.698 Y135.913 E252.79703
G1 X96.23 Y136.805 E252.83158
G1 X96.38 Y137.71 E252.86209
G1 X96.397 Y144.152 E253.07635
G1 X96.681 Y144.1 E253.08595
G1 X98.843 Y144.101 E253.15786
G1 X99.716 Y144.313 E253.18774
G1 X100.075 Y144.459 E253.20063
G1 X100.754 Y144.981 E253.22912
G1 X101.263 Y145.501 E253.25332
G1 X101.671 Y146.281 E253.2826
G1 X101.896 Y147.156 E253.31265
G0 F6000 X101.494 Y147.196
G1 F1200 X101.442 Y148.171 E253.34512
G1 X101.151 Y148.893 E253.37101
G1 X95.448 Y158.787 E253.75084
G1 X94.888 Y159.364 E253.77759
G1 X94.105 Y159.855 E253.80833
G1 X93.312 Y160.026 E253.83531
G1 X91.302 Y160.026 E253.90216
G1 X90.564 Y159.845 E253.92743
G1 X89.771 Y159.435 E253.95713
G1 X89.226 Y158.848 E253.98377
G1 X88.753 Y158.055 E254.01448
G1 X88.615 Y157.224 E254.04249
G1 X88.606 Y156.795 E254.05677
G1 X86.4 Y156.794 E254.13014
G1 X86.4 Y157.324 E254.14777
G1 X86.219 Y158.062 E254.17304
G1 X85.809 Y158.855 E254.20273
G1 X85.222 Y159.4 E254.22937
G1 X84.429 Y159.873 E254.26008
G1 X83.598 Y160.011 E254.2881
G1 X81.709 Y160.026 E254.35093
G1 X80.911 Y159.827 E254.37829
G1 X80.088 Y159.385 E254.40936
G1 X79.565 Y158.803 E254.43538
G1 X73.795 Y148.81 E254.81918
G1 X73.576 Y148.151 E254.84227
G1 X73.487 Y147.629 E254.85989
G1 X73.559 Y146.963 E254.88217
G1 X73.738 Y146.298 E254.90507
G1 X74.155 Y145.634 E254.93115
G1 X74.728 Y145.062 E254.95808
G1 X75.601 Y144.618 E254.99066
G1 X76.5 Y144.501 E255.02081
G1 X78.292 Y144.5 E255.08041
G1 X79 Y144.676 E255.10468
G1 X79 Y137.676 E255.3375
G1 X79.181 Y136.938 E255.36277
G1 X79.591 Y136.145 E255.39246
G1 X80.178 Y135.6 E255.4191
G1 X80.971 Y135.127 E255.44981
G1 X81.802 Y134.989 E255.47783
G1 X93.298 Y134.974 E255.86019
G1 X94.036 Y135.155 E255.88546
G1 X94.829 Y135.565 E255.91516
G1 X95.374 Y136.152 E255.9418
G1 X95.847 Y136.945 E255.97251
G1 X95.985 Y137.776 E256.00053
G1 X95.998 Y144.648 E256.22909
G1 X96.681 Y144.5 E256.25233
G1 X98.794 Y144.501 E256.32261
G1 X99.622 Y144.702 E256.35095
G1 X99.874 Y144.809 E256.36006
G1 X100.468 Y145.261 E256.38488
G1 X100.938 Y145.741 E256.40723
G1 X101.296 Y146.425 E256.4329
G1 X101.494 Y147.196 E256.45938
G0 F6000 X101.092 Y147.237
G1 F1200 X101.047 Y148.081 E256.48749
G1 X100.804 Y148.693 E256.50939
G1 X95.125 Y158.545 E256.88761
G1 X94.633 Y159.052 E256.91111
G1 X93.952 Y159.479 E256.93784
G1 X93.27 Y159.626 E256.96105
G1 X91.352 Y159.626 E257.02484
G1 X90.703 Y159.467 E257.04707
G1 X90.016 Y159.112 E257.07279
G1 X89.55 Y158.609 E257.09559
G1 X89.136 Y157.915 E257.12247
G1 X89.01 Y157.158 E257.14799
G1 X89.002 Y156.395 E257.17337
G1 X86 Y156.394 E257.27322
G1 X86 Y157.274 E257.30249
G1 X85.841 Y157.923 E257.32471
G1 X85.486 Y158.61 E257.35043
G1 X84.983 Y159.076 E257.37324
G1 X84.289 Y159.49 E257.40012
G1 X83.532 Y159.616 E257.42564
G1 X81.756 Y159.626 E257.48471
G1 X81.055 Y159.451 E257.50874
G1 X80.34 Y159.067 E257.53574
G1 X79.889 Y158.565 E257.55818
G1 X74.163 Y148.648 E257.93906
G1 X73.956 Y148.025 E257.96089
G1 X73.891 Y147.618 E257.9746
G1 X73.957 Y147.006 E257.99507
G1 X74.108 Y146.462 E258.01385
G1 X74.47 Y145.885 E258.03651
G1 X74.966 Y145.39 E258.05981
G1 X75.723 Y145.005 E258.08806
G1 X76.5 Y144.901 E258.11413
G1 X78.244 Y144.9 E258.17214
G1 X78.948 Y145.075 E258.19627
G1 X79.4 Y145.318 E258.21334
G1 X79.4 Y137.726 E258.46585
G1 X79.559 Y137.077 E258.48807
G1 X79.914 Y136.39 E258.51379
G1 X80.417 Y135.924 E258.5366
G1 X81.111 Y135.51 E258.56347
G1 X81.868 Y135.384 E258.589
G1 X93.248 Y135.374 E258.9675
G1 X93.897 Y135.533 E258.98972
G1 X94.584 Y135.888 E259.01544
G1 X95.05 Y136.391 E259.03825
G1 X95.464 Y137.085 E259.06513
G1 X95.59 Y137.842 E259.09065
G1 X95.599 Y145.328 E259.33964
G1 X96.044 Y145.048 E259.35712
G1 X96.724 Y144.9 E259.38027
G1 X98.745 Y144.901 E259.44749
G1 X99.528 Y145.091 E259.47429
G1 X99.672 Y145.158 E259.47957
G1 X100.182 Y145.541 E259.50078
G1 X100.613 Y145.981 E259.52127
G1 X100.92 Y146.568 E259.5433
G1 X101.092 Y147.237 E259.56628
G0 F6000 X100.69 Y147.277
G1 F1200 X100.652 Y147.992 E259.59009
G1 X100.457 Y148.493 E259.60797
G1 X94.802 Y158.303 E259.98458
G1 X94.378 Y158.74 E260.00483
G1 X93.799 Y159.103 E260.02756
G1 X93.228 Y159.226 E260.04699
G1 X91.402 Y159.226 E260.10772
G1 X90.842 Y159.089 E260.1269
G1 X90.262 Y158.789 E260.14862
G1 X89.874 Y158.37 E260.16761
G1 X89.519 Y157.775 E260.19066
G1 X89.405 Y157.092 E260.21369
G1 X89.4 Y155.995 E260.25017
G1 X85.6 Y155.994 E260.37656
G1 X85.6 Y157.224 E260.41747
G1 X85.463 Y157.784 E260.43665
G1 X85.163 Y158.364 E260.45837
G1 X84.744 Y158.752 E260.47736
G1 X84.149 Y159.107 E260.5004
G1 X83.466 Y159.221 E260.52343
G1 X81.804 Y159.226 E260.57871
G1 X81.199 Y159.075 E260.59945
G1 X80.592 Y158.749 E260.62237
G1 X80.213 Y158.327 E260.64123
G1 X74.531 Y148.486 E261.01919
G1 X74.336 Y147.899 E261.03976
G1 X74.295 Y147.609 E261.0495
G1 X74.355 Y147.049 E261.06823
G1 X74.477 Y146.627 E261.08284
G1 X74.785 Y146.136 E261.10212
G1 X75.204 Y145.718 E261.12181
G1 X75.845 Y145.392 E261.14573
G1 X76.5 Y145.301 E261.16772
G1 X78.196 Y145.3 E261.22413
G1 X78.804 Y145.451 E261.24497
G1 X79.411 Y145.777 E261.26788
G1 X79.8 Y146.226 E261.28764
G1 X79.8 Y137.776 E261.56869
G1 X79.937 Y137.216 E261.58786
G1 X80.237 Y136.636 E261.60958
G1 X80.656 Y136.248 E261.62858
G1 X81.251 Y135.893 E261.65162
G1 X81.934 Y135.779 E261.67465
G1 X93.198 Y135.774 E262.04929
G1 X93.758 Y135.911 E262.06847
G1 X94.338 Y136.211 E262.09019
G1 X94.726 Y136.63 E262.10918
G1 X95.081 Y137.225 E262.13223
G1 X95.195 Y137.908 E262.15526
G1 X95.2 Y146.233 E262.43215
G1 X95.61 Y145.793 E262.45215
G1 X96.196 Y145.424 E262.47518
G1 X96.767 Y145.3 E262.49462
G1 X98.696 Y145.301 E262.55878
G1 X99.434 Y145.48 E262.58403
G1 X99.896 Y145.821 E262.60313
G1 X100.288 Y146.221 E262.62176
G1 X100.545 Y146.712 E262.64019
G1 X100.69 Y147.277 E262.65959
G0 F6000 X100.288 Y147.318
G1 F1200 X100.257 Y147.904 E262.67911
G1 X100.084 Y148.347 E262.69493
G1 X94.482 Y158.058 E263.06781
G1 X94.123 Y158.428 E263.08495
G1 X93.646 Y158.727 E263.10368
G1 X93.186 Y158.826 E263.11933
G1 X91.452 Y158.826 E263.177
G1 X90.981 Y158.711 E263.19313
G1 X90.508 Y158.466 E263.21084
G1 X90.195 Y158.128 E263.22617
G1 X89.902 Y157.637 E263.24518
G1 X89.8 Y157.026 E263.26579
G1 X89.8 Y155.595 E263.31338
G1 X85.2 Y155.594 E263.46638
G1 X85.2 Y157.174 E263.51893
G1 X85.085 Y157.645 E263.53506
G1 X84.84 Y158.118 E263.55277
G1 X84.502 Y158.431 E263.56809
G1 X84.011 Y158.724 E263.58711
G1 X83.4 Y158.826 E263.60772
G1 X81.852 Y158.826 E263.6592
G1 X81.343 Y158.699 E263.67665
G1 X80.844 Y158.431 E263.69549
G1 X80.537 Y158.089 E263.71078
G1 X74.899 Y148.324 E264.08581
G1 X74.716 Y147.773 E264.10512
G1 X74.698 Y147.604 E264.11077
G1 X74.753 Y147.092 E264.1279
G1 X74.844 Y146.795 E264.13823
G1 X75.102 Y146.384 E264.15437
G1 X75.441 Y146.046 E264.17029
G1 X75.965 Y145.779 E264.18985
G1 X76.5 Y145.701 E264.20783
G1 X78.148 Y145.7 E264.26265
G1 X78.66 Y145.827 E264.28019
G1 X79.157 Y146.094 E264.29896
G1 X79.469 Y146.446 E264.3146
G1 X80.2 Y147.725 E264.3636
G1 X80.2 Y137.826 E264.69284
G1 X80.315 Y137.355 E264.70897
G1 X80.56 Y136.882 E264.72668
G1 X80.898 Y136.569 E264.74201
G1 X81.389 Y136.276 E264.76102
G1 X82 Y136.174 E264.78163
G1 X93.148 Y136.174 E265.15241
G1 X93.619 Y136.289 E265.16854
G1 X94.092 Y136.534 E265.18625
G1 X94.405 Y136.872 E265.20158
G1 X94.698 Y137.363 E265.22059
G1 X94.8 Y137.974 E265.2412
G1 X94.8 Y147.725 E265.56552
G1 X95.514 Y146.476 E265.61337
G1 X95.866 Y146.105 E265.63038
G1 X96.349 Y145.8 E265.64938
G1 X96.81 Y145.7 E265.66506
G1 X98.647 Y145.701 E265.72616
G1 X99.261 Y145.85 E265.74718
G1 X99.658 Y146.143 E265.76359
G1 X99.961 Y146.459 E265.77815
G1 X100.17 Y146.859 E265.79316
G1 X100.288 Y147.318 E265.80892
G0 F6000 X99.886 Y147.359
G1 F1200 X99.862 Y147.815 E265.82411
G1 X99.711 Y148.201 E265.8379
G1 X94.162 Y157.813 E266.20704
G1 X93.868 Y158.116 E266.22108
G1 X93.493 Y158.351 E266.2358
G1 X93.144 Y158.426 E266.24768
G1 X91.502 Y158.426 E266.30229
G1 X91.12 Y158.333 E266.31537
G1 X90.754 Y158.143 E266.32908
G1 X90.516 Y157.886 E266.34073
G1 X90.285 Y157.499 E266.35572
G1 X90.2 Y157.026 E266.37171
G1 X90.2 Y155.195 E266.43261
G1 X84.8 Y155.194 E266.61221
G1 X84.8 Y157.124 E266.6764
G1 X84.707 Y157.506 E266.68948
G1 X84.517 Y157.872 E266.7032
G1 X84.26 Y158.11 E266.71485
G1 X83.873 Y158.341 E266.72984
G1 X83.4 Y158.426 E266.74582
G1 X81.901 Y158.426 E266.79568
G1 X81.487 Y158.323 E266.80987
G1 X81.096 Y158.113 E266.82463
G1 X80.861 Y157.851 E266.83633
G1 X75.267 Y148.163 E267.20842
G1 X75.096 Y147.647 E267.2265
G1 X75.151 Y147.135 E267.24362
G1 X75.21 Y146.965 E267.24961
G1 X75.419 Y146.632 E267.26269
G1 X75.678 Y146.374 E267.27484
G1 X76.088 Y146.165 E267.29015
G1 X76.5 Y146.101 E267.30402
G1 X78.099 Y146.1 E267.3572
G1 X78.513 Y146.203 E267.37139
G1 X78.907 Y146.414 E267.38626
G1 X79.143 Y146.68 E267.39808
G1 X80.6 Y149.23 E267.49576
G1 X80.6 Y137.876 E267.8734
G1 X80.693 Y137.494 E267.88648
G1 X80.883 Y137.128 E267.90019
G1 X81.14 Y136.89 E267.91184
G1 X81.527 Y136.659 E267.92683
G1 X82 Y136.574 E267.94282
G1 X93.098 Y136.574 E268.31194
G1 X93.48 Y136.667 E268.32501
G1 X93.846 Y136.857 E268.33873
G1 X94.084 Y137.114 E268.35038
G1 X94.315 Y137.501 E268.36537
G1 X94.4 Y137.974 E268.38135
G1 X94.4 Y149.23 E268.75573
G1 X95.835 Y146.719 E268.85192
G1 X96.123 Y146.416 E268.86583
G1 X96.503 Y146.176 E268.88078
G1 X96.853 Y146.1 E268.89269
G1 X98.598 Y146.101 E268.95073
G1 X99.088 Y146.22 E268.9675
G1 X99.42 Y146.465 E268.98122
G1 X99.632 Y146.693 E268.99158
G1 X99.795 Y147.006 E269.00331
G1 X99.886 Y147.359 E269.01544
G0 F6000 X99.484 Y147.398
G1 F1200 X99.44 Y147.191 E269.02248
G1 X99.301 Y146.924 E269.03249
G1 X99.183 Y146.787 E269.0385
G1 X98.916 Y146.59 E269.04954
G1 X98.549 Y146.501 E269.0621
G1 X96.853 Y146.5 E269.11851
G1 X96.658 Y146.551 E269.12521
G1 X96.38 Y146.727 E269.13616
G1 X96.156 Y146.962 E269.14695
G1 X94 Y150.735 E269.29149
G1 X94 Y137.974 E269.71592
G1 X93.935 Y137.646 E269.72704
G1 X93.74 Y137.319 E269.73971
G1 X93.601 Y137.181 E269.74622
G1 X93.338 Y137.044 E269.75608
G1 X93.049 Y136.974 E269.76597
G1 X82 Y136.974 E270.13346
G1 X81.672 Y137.039 E270.14459
G1 X81.345 Y137.234 E270.15725
G1 X81.207 Y137.373 E270.16376
G1 X81.07 Y137.636 E270.17363
G1 X81 Y137.925 E270.18352
G1 X81 Y150.736 E270.60961
G1 X78.796 Y146.878 E270.75739
G1 X78.656 Y146.734 E270.76407
G1 X78.366 Y146.579 E270.77501
G1 X78.05 Y146.5 E270.78584
G1 X76.5 Y146.501 E270.8374
G1 X76.213 Y146.55 E270.84708
G1 X75.915 Y146.702 E270.85821
G1 X75.758 Y146.845 E270.86527
G1 X75.549 Y147.178 E270.87835
G1 X75.503 Y147.603 E270.89256
G1 X75.635 Y148.001 E270.90651
G1 X81.207 Y157.651 E271.27713
G1 X81.346 Y157.793 E271.28374
G1 X81.634 Y157.947 E271.2946
G1 X81.95 Y158.026 E271.30544
G1 X83.4 Y158.026 E271.35367
G1 X83.728 Y157.961 E271.36479
G1 X84.055 Y157.766 E271.37745
G1 X84.193 Y157.627 E271.38396
G1 X84.33 Y157.364 E271.39383
G1 X84.4 Y157.075 E271.40372
G1 X84.4 Y154.794 E271.47958
G1 X90.6 Y154.795 E271.6858
G1 X90.6 Y157.026 E271.76
G1 X90.665 Y157.354 E271.77112
G1 X90.86 Y157.681 E271.78379
G1 X90.999 Y157.819 E271.7903
G1 X91.262 Y157.956 E271.80016
G1 X91.551 Y158.026 E271.81005
G1 X93.144 Y158.026 E271.86304
G1 X93.338 Y157.976 E271.8697
G1 X93.615 Y157.802 E271.88058
G1 X93.842 Y157.568 E271.89142
G1 X99.365 Y148.001 E272.25884
G1 X99.466 Y147.729 E272.26849
G1 X99.484 Y147.398 E272.27952
G0 F6000 X98.691 Y147.442
G1 F1200 X98.673 Y147.601 E272.28484
G1 X93.174 Y157.126 E272.65065
G1 X93.062 Y157.226 E272.65564
G1 X91.6 Y157.226 E272.70427
G1 X91.481 Y157.187 E272.70843
G1 X91.4 Y157.026 E272.71443
G1 X91.4 Y140.7 E273.25743
G1 X83.6 Y140.7 E273.51686
G1 X83.6 Y157.026 E274.05986
G1 X83.561 Y157.145 E274.06403
G1 X83.4 Y157.226 E274.07002
G1 X81.999 Y157.226 E274.11662
G1 X81.857 Y157.179 E274.1216
G1 X76.327 Y147.601 E274.48945
G1 X76.301 Y147.479 E274.4936
G1 X76.353 Y147.365 E274.49776
G1 X76.5 Y147.301 E274.5031
G1 X78.001 Y147.3 E274.55302
G1 X78.144 Y147.347 E274.55803
G1 X81.8 Y153.747 E274.80317
G1 X81.8 Y137.974 E275.32779
G1 X81.839 Y137.855 E275.33195
G1 X82 Y137.774 E275.33795
G1 X93 Y137.774 E275.70381
G1 X93.119 Y137.813 E275.70797
G1 X93.2 Y137.974 E275.71397
G1 X93.2 Y153.747 E276.23858
G1 X96.825 Y147.401 E276.48166
G1 X96.937 Y147.3 E276.48667
G1 X98.5 Y147.301 E276.53866
G1 X98.619 Y147.34 E276.54282
G1 X98.691 Y147.442 E276.54698
G1 F2700 E271.54698
G0 F6000 X98.691 Y146.835
G0 X99.262 Y147.5
G0 X93.38 Y157.685
G0 X90.947 Y157.679
G0 X90.935 Y141.3
G0 X91 Y141.3
G1 F2700 E276.54698
G1 F1200 X91 Y153.595 E276.95591
G1 X90.961 Y153.714 E276.96007
G1 X90.799 Y153.798 E276.96614
G1 X90.761 Y153.914 E276.9702
G1 X90.6 Y153.995 E276.9762
G1 X84.4 Y153.994 E277.18241
G1 X84.281 Y153.955 E277.18658
G1 X84.203 Y153.799 E277.19238
G1 X84.05 Y153.726 E277.19801
G1 X84 Y153.594 E277.20271
G1 X84 Y141.3 E277.61161
G1 X84.039 Y141.181 E277.61577
G1 X84.2 Y141.1 E277.62177
G1 X90.8 Y141.1 E277.84129
G1 X90.919 Y141.139 E277.84545
G1 X91 Y141.3 E277.85145
G1 F2700 E272.85145
G0 F6000 X90.947 Y141.153
G0 X90.947 Y157.679
G0 X93.38 Y157.685
G0 X99.262 Y147.5
G0 X93.665 Y137.974
G0 X93.6 Y137.974
G1 F2700 E277.85145
G1 F1200 X93.6 Y152.241 E278.32597
G1 X96.478 Y147.203 E278.51895
G1 X96.669 Y147.003 E278.52814
G1 X96.853 Y146.9 E278.53516
G1 X98.5 Y146.901 E278.58994
G1 X98.744 Y146.96 E278.59829
G1 X98.946 Y147.109 E278.60664
G1 X99.085 Y147.376 E278.61665
G1 X99.07 Y147.646 E278.62564
G1 X99.019 Y147.801 E278.63107
G1 X93.52 Y157.326 E278.99688
G1 X93.328 Y157.524 E279.00605
G1 X93.144 Y157.626 E279.01305
G1 X91.6 Y157.626 E279.0644
G1 X91.356 Y157.567 E279.07275
G1 X91.204 Y157.476 E279.07864
G1 X91.043 Y157.206 E279.0891
G1 X91 Y157.026 E279.09525
G1 X91 Y154.229 E279.18828
G1 X90.775 Y154.355 E279.19686
G1 X90.6 Y154.395 E279.20283
G1 X84.4 Y154.394 E279.40904
G1 X84.156 Y154.335 E279.41739
G1 X84 Y154.238 E279.4235
G1 X84 Y157.026 E279.51623
G1 X83.941 Y157.27 E279.52458
G1 X83.85 Y157.422 E279.53047
G1 X83.58 Y157.583 E279.54093
G1 X83.4 Y157.626 E279.54708
G1 X81.999 Y157.626 E279.59368
G1 X81.731 Y157.559 E279.60287
G1 X81.553 Y157.451 E279.60979
G1 X75.981 Y147.801 E279.98042
G1 X75.91 Y147.562 E279.98871
G1 X75.937 Y147.313 E279.99704
G1 X76.097 Y147.058 E280.00705
G1 X76.34 Y146.934 E280.01613
G1 X76.5 Y146.901 E280.02156
G1 X78.001 Y146.9 E280.07148
G1 X78.269 Y146.967 E280.08067
G1 X78.449 Y147.076 E280.08767
G1 X81.4 Y152.241 E280.28552
G1 X81.4 Y137.974 E280.76004
G1 X81.459 Y137.73 E280.76839
G1 X81.55 Y137.578 E280.77428
G1 X81.82 Y137.417 E280.78474
G1 X82 Y137.374 E280.79089
G1 X93 Y137.374 E281.15676
G1 X93.244 Y137.433 E281.16511
G1 X93.396 Y137.524 E281.171
G1 X93.557 Y137.794 E281.18145
G1 X93.6 Y137.974 E281.18761
G1 F2700 E276.18761
G0 F6000 X93.665 Y137.974
G0 X93.655 Y137.445
G0 X86.8 Y83.9
G1 F2700 E281.18761
G1 F1200 X88.2 Y83.9 E281.23417
G1 X88.2 Y91.195 E281.47681
G1 X86.8 Y91.194 E281.52337
G1 X86.8 Y83.9 E281.76597
G0 F6000 X86.4 Y83.5
G1 F1200 X88.6 Y83.5 E281.83914
G1 X88.6 Y91.595 E282.10838
G1 X86.4 Y91.594 E282.18155
G1 X86.4 Y83.5 E282.45076
G0 F6000 X86 Y83.1
G1 F1200 X89 Y83.1 E282.55054
G1 X89 Y91.995 E282.84639
G1 X86 Y91.994 E282.94617
G1 X86 Y83.1 E283.24199
G0 F6000 X85.6 Y82.7
G1 F1200 X89.4 Y82.7 E283.36838
G1 X89.4 Y92.395 E283.69083
G1 X85.6 Y92.394 E283.81722
G1 X85.6 Y82.7 E284.13965
G0 F6000 X85.2 Y82.3
G1 F1200 X89.8 Y82.3 E284.29264
G1 X89.8 Y92.795 E284.64171
G1 X85.2 Y92.794 E284.7947
G1 X85.2 Y82.3 E285.14374
G0 F6000 X84.8 Y81.9
G1 F1200 X90.2 Y81.9 E285.32334
G1 X90.2 Y93.194 E285.69898
G1 X84.8 Y93.194 E285.87858
G1 X84.8 Y81.9 E286.25422
G0 F6000 X84.4 Y81.5
G1 F1200 X90.6 Y81.5 E286.46044
G1 X90.6 Y93.426 E286.8571
G1 X90.567 Y93.431 E286.85821
G1 X90.457 Y93.488 E286.86233
G1 X90.413 Y93.595 E286.86618
G1 X84.586 Y93.594 E287.05998
G1 X84.561 Y93.519 E287.06261
G1 X84.443 Y93.443 E287.06728
G1 X84.4 Y93.434 E287.06874
G1 X84.4 Y81.5 E287.46567
G1 F2700 E282.46567
G0 F6000 X87.2 Y84.3
G1 F2700 E287.46567
G1 F1200 X87.8 Y84.3 E287.48563
G1 X87.8 Y90.795 E287.70165
G1 X87.2 Y90.794 E287.72161
G1 X87.2 Y84.3 E287.9376
G1 F2700 E282.9376
G0 F6000 X75.738 Y147.5
G0 X81.62 Y157.685
G0 X84.053 Y157.679
G0 X84.4 Y141.5
G1 F2700 E287.9376
G1 F1200 X90.6 Y141.5 E288.14381
G1 X90.6 Y153.426 E288.54047
G1 X90.567 Y153.431 E288.54158
G1 X90.457 Y153.488 E288.5457
G1 X90.413 Y153.595 E288.54955
G1 X84.586 Y153.594 E288.74336
G1 X84.561 Y153.519 E288.74599
G1 X84.443 Y153.443 E288.75065
G1 X84.4 Y153.434 E288.75211
G1 X84.4 Y141.5 E289.14904
G0 F6000 X84.8 Y141.9
G1 F1200 X90.2 Y141.9 E289.32865
G1 X90.2 Y153.194 E289.70429
G1 X84.8 Y153.194 E289.88389
G1 X84.8 Y141.9 E290.25953
G0 F6000 X85.2 Y142.3
G1 F1200 X89.8 Y142.3 E290.41253
G1 X89.8 Y152.795 E290.76159
G1 X85.2 Y152.794 E290.91459
G1 X85.2 Y142.3 E291.26362
G0 F6000 X85.6 Y142.7
G1 F1200 X89.4 Y142.7 E291.39001
G1 X89.4 Y152.395 E291.71247
G1 X85.6 Y152.394 E291.83885
G1 X85.6 Y142.7 E292.16128
G0 F6000 X86 Y143.1
G1 F1200 X89 Y143.1 E292.26106
G1 X89 Y151.995 E292.55691
G1 X86 Y151.994 E292.65669
G1 X86 Y143.1 E292.9525
G0 F6000 X86.4 Y143.5
G1 F1200 X88.6 Y143.5 E293.02568
G1 X88.6 Y151.595 E293.29492
G1 X86.4 Y151.594 E293.36809
G1 X86.4 Y143.5 E293.6373
G0 F6000 X86.8 Y143.9
G1 F1200 X88.2 Y143.9 E293.68386
G1 X88.2 Y151.195 E293.92649
G1 X86.8 Y151.194 E293.97306
G1 X86.8 Y143.9 E294.21566
G0 F6000 X87.2 Y144.3
G1 F1200 X87.8 Y144.3 E294.23561
G1 X87.8 Y150.795 E294.45164
G1 X87.2 Y150.794 E294.47159
G1 X87.2 Y144.3 E294.68759
G1 F2700 E289.68759
G0 F6000 X90.947 Y157.679
G0 X144.053 Y157.679
G0 X147.2 Y144.3
G1 F2700 E294.68759
G1 F1200 X147.8 Y144.3 E294.70754
G1 X147.8 Y150.795 E294.92357
G1 X147.2 Y150.794 E294.94352
G1 X147.2 Y144.3 E295.15951
G0 F6000 X146.8 Y143.9
G1 F1200 X148.2 Y143.9 E295.20608
G1 X148.2 Y151.195 E295.44871
G1 X146.8 Y151.194 E295.49527
G1 X146.8 Y143.9 E295.73787
G0 F6000 X146.4 Y143.5
G1 F1200 X148.6 Y143.5 E295.81105
G1 X148.6 Y151.595 E296.08029
G1 X146.4 Y151.594 E296.15346
G1 X146.4 Y143.5 E296.42267
G0 F6000 X146 Y143.1
G1 F1200 X149 Y143.1 E296.52245
G1 X149 Y151.995 E296.8183
G1 X146 Y151.994 E296.91808
G1 X146 Y143.1 E297.21389
G0 F6000 X145.6 Y142.7
G1 F1200 X149.4 Y142.7 E297.34028
G1 X149.4 Y152.395 E297.66274
G1 X145.6 Y152.394 E297.78913
G1 X145.6 Y142.7 E298.11155
G0 F6000 X145.2 Y142.3
G1 F1200 X149.8 Y142.3 E298.26455
G1 X149.8 Y152.795 E298.61361
G1 X145.2 Y152.794 E298.76661
G1 X145.2 Y142.3 E299.11564
G0 F6000 X144.8 Y141.9
G1 F1200 X150.2 Y141.9 E299.29525
G1 X150.2 Y153.194 E299.67089
G1 X144.8 Y153.194 E299.85049
G1 X144.8 Y141.9 E300.22613
G0 F6000 X144.4 Y141.5
G1 F1200 X150.6 Y141.5 E300.43234
G1 X150.6 Y153.426 E300.829
G1 X150.567 Y153.431 E300.83011
G1 X150.457 Y153.488 E300.83423
G1 X150.413 Y153.595 E300.83808
G1 X144.586 Y153.594 E301.03189
G1 X144.561 Y153.519 E301.03452
G1 X144.443 Y153.443 E301.03919
G1 X144.4 Y153.434 E301.04065
G1 X144.4 Y141.5 E301.43757
G1 F2700 E296.43757
G0 F6000 X144.053 Y157.679
G0 X141.62 Y157.685
G0 X135.738 Y147.5
G0 X138.918 Y141.728
G0 X144.586 Y93.594
G1 F2700 E301.43757
G1 F1200 X144.561 Y93.519 E301.4402
G1 X144.443 Y93.443 E301.44487
G1 X144.4 Y93.434 E301.44633
G1 X144.4 Y81.5 E301.84326
G1 X150.6 Y81.5 E302.04947
G1 X150.6 Y93.426 E302.44613
G1 X150.567 Y93.431 E302.44724
G1 X150.457 Y93.488 E302.45136
G1 X150.413 Y93.595 E302.45521
G1 X144.586 Y93.594 E302.64902
G0 F6000 X144.8 Y93.194
G1 F1200 X144.8 Y81.9 E303.02466
G1 X150.2 Y81.9 E303.20426
G1 X150.2 Y93.194 E303.5799
G1 X144.8 Y93.194 E303.75951
G0 F6000 X145.2 Y92.794
G1 F1200 X145.2 Y82.3 E304.10854
G1 X149.8 Y82.3 E304.26154
G1 X149.8 Y92.795 E304.6106
G1 X145.2 Y92.794 E304.7636
G0 F6000 X145.6 Y92.394
G1 F1200 X145.6 Y82.7 E305.08602
G1 X149.4 Y82.7 E305.21241
G1 X149.4 Y92.395 E305.53487
G1 X145.6 Y92.394 E305.66126
G0 F6000 X146 Y91.994
G1 F1200 X146 Y83.1 E305.95707
G1 X149 Y83.1 E306.05685
G1 X149 Y91.995 E306.3527
G1 X146 Y91.994 E306.45248
G0 F6000 X146.4 Y91.594
G1 F1200 X146.4 Y83.5 E306.72169
G1 X148.6 Y83.5 E306.79486
G1 X148.6 Y91.595 E307.0641
G1 X146.4 Y91.594 E307.13727
G0 F6000 X146.8 Y91.194
G1 F1200 X146.8 Y83.9 E307.37987
G1 X148.2 Y83.9 E307.42644
G1 X148.2 Y91.195 E307.66907
G1 X146.8 Y91.194 E307.71563
G0 F6000 X147.2 Y90.794
G1 F1200 X147.2 Y84.3 E307.93163
G1 X147.8 Y84.3 E307.95158
G1 X147.8 Y90.795 E308.16761
G1 X147.2 Y90.794 E308.18756
G1 F2700 E303.18756
;MESH:batclipholder.stl(1)
G0 F6000 X144.053 Y97.679
G0 X141.62 Y97.685
G0 X98.712 Y88.462
G0 X97.376 Y88.148
;TYPE:WALL-INNER
G1 F2700 E308.18756
G1 F983.6 X95.584 Y91.265 E308.33345
G1 F1016.9 X93.793 Y94.382 E308.47454
G0 F6000 X93.215 Y95.013
G0 X92.559 Y94.839
G0 X92.305 Y94.125
G1 F793.4 X92.3 Y80.5 E309.15996
G0 F6000 X91.967 Y79.585
G1 F1027.8 X91.967 Y79.005 E309.18248
G1 F1025.6 X83.034 Y79.006 E309.53011
G1 X83.034 Y79.585 E309.55264
G1 X83.291 Y79.471 E309.56358
G1 X91.709 Y79.471 E309.89116
G1 F1027.8 X91.967 Y79.585 E309.90211
G0 F6000 X92.3 Y80.5
G1 F960 X92.4 Y79.869 E309.92867
G1 F1200 X92.4 Y78.572 E309.97181
G1 X82.6 Y78.572 E310.29776
G1 X82.6 Y79.869 E310.3409
G1 F960 X82.7 Y80.5 E310.36746
G1 X83.002 Y80.05 E310.38999
G1 F1200 X83.337 Y79.903 E310.40216
G1 X91.663 Y79.902 E310.67908
G1 X91.998 Y80.05 E310.69127
G1 F960 X92.3 Y80.5 E310.7138
G0 F6000 X92.038 Y80.062
G0 X82.962 Y80.062
G0 X82.7 Y80.5
G1 F793.4 X82.695 Y94.125 E311.39922
G0 F6000 X82.441 Y94.839
G0 X81.785 Y95.013
G0 X81.263 Y94.477
G1 F991.7 X77.621 Y88.146 E311.69316
G0 F6000 X81.785 Y95.013
G0 X82.422 Y95.799
G1 F1348.3 X82.422 Y94.76 E311.72391
G1 X82.245 Y94.952 E311.73164
G1 X81.973 Y95.021 E311.73995
G1 X82.422 Y95.799 E311.76654
G0 F6000 X82.8 Y96.424
G1 F1200 X82.8 Y95.089 E311.81094
G1 F1061.9 X82.748 Y94.607 E311.82916
G1 F860.2 X82.695 Y94.125 E311.85166
G1 F950.5 X82.15 Y94.586 E311.88163
G1 F1200 X81.902 Y94.649 E311.89014
G1 F1098.4 X81.263 Y94.477 E311.91419
G1 X81.658 Y95.23 E311.94509
G1 F1200 X82.346 Y96.424 E311.99092
G1 X82.8 Y96.424 E312.00602
G1 F2700 E307.00602
G0 F6000 X82.52 Y96.146
G0 X82.962 Y80.062
G0 X92.038 Y80.062
G0 X92.578 Y95.794
G1 F2700 E312.00602
G1 F1355.9 X93.025 Y95.021 E312.03231
G1 X92.752 Y94.95 E312.04061
G1 X92.578 Y94.76 E312.04819
G1 X92.578 Y95.794 E312.07863
G0 F6000 X92.649 Y96.424
G1 F1200 X93.336 Y95.235 E312.1243
G1 F1111.1 X93.793 Y94.382 E312.15906
G1 X93.091 Y94.649 E312.18604
G1 F1200 X92.847 Y94.585 E312.19443
G1 F950.5 X92.305 Y94.125 E312.22428
G1 F860.2 X92.253 Y94.605 E312.24668
G1 F1061.9 X92.201 Y95.085 E312.26483
G1 F1200 X92.2 Y96.424 E312.30936
G1 X92.649 Y96.424 E312.3243
G0 F6000 X92.88 Y96.824
;TYPE:WALL-OUTER
G1 F1200 X98.151 Y87.701 E312.67474
G1 X97.117 Y87.7 E312.70913
G1 X93.418 Y94.168 E312.95695
G1 X93.193 Y94.262 E312.96506
G1 X92.949 Y94.198 E312.97345
G1 X92.802 Y94.039 E312.98065
G1 X92.8 Y78.172 E313.50839
G1 X82.2 Y78.172 E313.86095
G1 X82.198 Y94.039 E314.38869
G1 X82.05 Y94.198 E314.39591
G1 X81.802 Y94.262 E314.40443
G1 X81.598 Y94.197 E314.41155
G1 X77.88 Y87.7 E314.66052
G1 X76.848 Y87.7 E314.69485
G1 X82.116 Y96.824 E315.04526
G1 X83.2 Y96.824 E315.08132
G1 X83.2 Y80.5 E315.62426
G1 X83.267 Y80.35 E315.62972
G1 X83.379 Y80.301 E315.63379
G1 X91.621 Y80.3 E315.90792
G1 X91.733 Y80.35 E315.912
G1 X91.8 Y80.5 E315.91746
G1 X91.8 Y96.824 E316.4604
G1 X92.88 Y96.824 E316.49632
G1 F2700 E311.49632
;MESH:batclipholder.stl
G0 F6000 X92.713 Y96.53
G0 X92.024 Y96.602
G0 X92.024 Y97.691
G0 X92.024 Y137.309
G0 X92.024 Y138.404
G0 X91.967 Y139.585
;TYPE:WALL-INNER
G1 F2700 E316.49632
G1 F1027.8 X91.967 Y139.005 E316.51884
G1 F1025.6 X83.034 Y139.006 E316.86646
G1 X83.034 Y139.585 E316.88899
G1 X83.291 Y139.471 E316.89993
G1 X91.709 Y139.471 E317.22752
G1 F1027.8 X91.967 Y139.585 E317.23847
G0 F6000 X92.3 Y140.5
G1 F960 X92.4 Y139.869 E317.26503
G1 F1200 X92.4 Y138.572 E317.30817
G1 X82.6 Y138.572 E317.63412
G1 X82.6 Y139.869 E317.67726
G1 F960 X82.7 Y140.5 E317.70382
G1 X83.002 Y140.05 E317.72635
G1 F1200 X83.337 Y139.903 E317.73852
G1 X91.663 Y139.902 E318.01544
G1 X91.998 Y140.05 E318.02762
G1 F960 X92.3 Y140.5 E318.05015
G1 F793.4 X92.305 Y154.125 E318.73557
G0 F6000 X92.559 Y154.839
G0 X93.215 Y155.013
G0 X93.793 Y154.382
G1 F1016.9 X95.584 Y151.265 E318.87666
G1 F983.6 X97.376 Y148.148 E319.02255
G0 F6000 X93.215 Y155.013
G0 X92.578 Y155.794
G1 F1355.9 X93.025 Y155.021 E319.04884
G1 X92.752 Y154.95 E319.05714
G1 X92.578 Y154.76 E319.06472
G1 X92.578 Y155.794 E319.09516
G0 F6000 X92.649 Y156.424
G1 F1200 X93.336 Y155.235 E319.14083
G1 F1111.1 X93.793 Y154.382 E319.17559
G1 X93.091 Y154.649 E319.20257
G1 F1200 X92.847 Y154.585 E319.21096
G1 F950.5 X92.305 Y154.125 E319.24081
G1 F860.2 X92.253 Y154.605 E319.26321
G1 F1061.9 X92.201 Y155.085 E319.28136
G1 F1200 X92.2 Y156.424 E319.3259
G1 X92.649 Y156.424 E319.34083
G1 F2700 E314.34083
G0 F6000 X92.483 Y156.13
G0 X92.038 Y140.062
G0 X82.962 Y140.062
G0 X82.695 Y154.125
G1 F2700 E319.34083
G1 F793.4 X82.7 Y140.5 E320.02625
G0 F6000 X82.441 Y154.839
G0 X81.785 Y155.013
G0 X77.621 Y148.146
G1 F991.7 X81.263 Y154.477 E320.32019
G0 F6000 X82.422 Y155.799
G1 F1348.3 X82.422 Y154.76 E320.35094
G1 X82.245 Y154.952 E320.35867
G1 X81.973 Y155.021 E320.36698
G1 X82.422 Y155.799 E320.39357
G0 F6000 X82.8 Y156.424
G1 F1200 X82.8 Y155.089 E320.43797
G1 F1061.9 X82.748 Y154.607 E320.45619
G1 F860.2 X82.695 Y154.125 E320.47869
G1 F950.5 X82.15 Y154.586 E320.50867
G1 F1200 X81.902 Y154.649 E320.51718
G1 F1098.4 X81.263 Y154.477 E320.54122
G1 X81.658 Y155.23 E320.57212
G1 F1200 X82.346 Y156.424 E320.61795
G1 X82.8 Y156.424 E320.63305
G1 F2700 E315.63305
G0 F6000 X82.52 Y156.146
G0 X82.962 Y140.062
G0 X92.038 Y140.062
G0 X92.045 Y149.385
G0 X92.713 Y156.53
G0 X92.88 Y156.824
;TYPE:WALL-OUTER
G1 F2700 E320.63305
G1 F1200 X98.151 Y147.701 E320.98349
G1 X97.117 Y147.7 E321.01788
G1 X93.418 Y154.168 E321.2657
G1 X93.193 Y154.262 E321.27381
G1 X92.949 Y154.198 E321.2822
G1 X92.802 Y154.039 E321.28941
G1 X92.8 Y138.172 E321.81715
G1 X82.2 Y138.172 E322.1697
G1 X82.198 Y154.039 E322.69744
G1 X82.05 Y154.198 E322.70467
G1 X81.802 Y154.262 E322.71318
G1 X81.598 Y154.197 E322.72031
G1 X77.88 Y147.7 E322.96928
G1 X76.848 Y147.7 E323.0036
G1 X82.116 Y156.824 E323.35402
G1 X83.2 Y156.824 E323.39007
G1 X83.2 Y140.5 E323.93301
G1 X83.267 Y140.35 E323.93848
G1 X83.379 Y140.301 E323.94254
G1 X91.621 Y140.3 E324.21667
G1 X91.733 Y140.35 E324.22075
G1 X91.8 Y140.5 E324.22622
G1 X91.8 Y156.824 E324.76915
G1 X92.88 Y156.824 E324.80507
G1 F2700 E319.80507
;MESH:batclipholder.stl(3)
G0 F6000 X92.713 Y156.53
G0 X97.773 Y147.92
G0 X98.712 Y148.462
G0 X136.289 Y148.463
G0 X137.621 Y148.146
;TYPE:WALL-INNER
G1 F2700 E324.80507
G1 F991.7 X141.263 Y154.477 E325.09902
G0 F6000 X141.785 Y155.013
G0 X142.441 Y154.839
G0 X142.695 Y154.125
G1 F793.4 X142.7 Y140.5 E325.78443
G0 F6000 X143.034 Y139.585
G1 F1025.6 X143.291 Y139.471 E325.79537
G1 X151.709 Y139.471 E326.12296
G1 F1027.8 X151.967 Y139.585 E326.13391
G1 X151.967 Y139.005 E326.15643
G1 F1025.6 X143.034 Y139.006 E326.50405
G1 X143.034 Y139.585 E326.52658
G0 F6000 X142.7 Y140.5
G1 F960 X143.002 Y140.05 E326.54912
G1 F1200 X143.337 Y139.903 E326.56128
G1 X151.663 Y139.902 E326.83821
G1 X151.998 Y140.05 E326.85039
G1 F960 X152.3 Y140.5 E326.87292
G1 X152.4 Y139.869 E326.89948
G1 F1200 X152.4 Y138.572 E326.94262
G1 X142.6 Y138.572 E327.26857
G1 X142.6 Y139.869 E327.31171
G1 F960 X142.7 Y140.5 E327.33827
G0 F6000 X142.962 Y140.062
G0 X152.038 Y140.062
G0 X152.3 Y140.5
G1 F793.4 X152.305 Y154.125 E328.02369
G0 F6000 X152.559 Y154.839
G0 X153.215 Y155.013
G0 X153.793 Y154.382
G1 F1016.9 X155.584 Y151.265 E328.16478
G1 F983.6 X157.376 Y148.148 E328.31067
G0 F6000 X153.215 Y155.013
G0 X152.578 Y155.794
G1 F1355.9 X153.025 Y155.021 E328.33695
G1 X152.752 Y154.95 E328.34526
G1 X152.578 Y154.76 E328.35284
G1 X152.578 Y155.794 E328.38327
G0 F6000 X152.2 Y156.424
G1 F1200 X152.649 Y156.424 E328.39821
G1 X153.336 Y155.235 E328.44388
G1 F1111.1 X153.793 Y154.382 E328.47864
G1 X153.091 Y154.649 E328.50562
G1 F1200 X152.847 Y154.585 E328.51401
G1 F950.5 X152.305 Y154.125 E328.54386
G1 F860.2 X152.253 Y154.605 E328.56626
G1 F1061.9 X152.201 Y155.085 E328.58441
G1 F1200 X152.2 Y156.424 E328.62894
G1 F2700 E323.62894
G0 F6000 X152.48 Y156.146
G0 X152.038 Y140.062
G0 X142.962 Y140.062
G0 X142.422 Y155.799
G1 F2700 E328.62894
G1 F1348.3 X142.422 Y154.76 E328.6597
G1 X142.245 Y154.952 E328.66743
G1 X141.973 Y155.021 E328.67574
G1 X142.422 Y155.799 E328.70233
G0 F6000 X142.346 Y156.424
G1 F1200 X142.8 Y156.424 E328.71743
G1 X142.8 Y155.089 E328.76183
G1 F1061.9 X142.748 Y154.607 E328.78005
G1 F860.2 X142.695 Y154.125 E328.80255
G1 F950.5 X142.15 Y154.586 E328.83252
G1 F1200 X141.902 Y154.649 E328.84103
G1 F1098.4 X141.263 Y154.477 E328.86508
G1 X141.658 Y155.23 E328.89598
G1 F1200 X142.346 Y156.424 E328.94181
G0 F6000 X142.116 Y156.824
;TYPE:WALL-OUTER
G1 F1200 X143.2 Y156.824 E328.97786
G1 X143.2 Y140.5 E329.5208
G1 X143.267 Y140.35 E329.52627
G1 X143.379 Y140.301 E329.53033
G1 X151.621 Y140.3 E329.80446
G1 X151.733 Y140.35 E329.80854
G1 X151.8 Y140.5 E329.81401
G1 X151.8 Y156.824 E330.35695
G1 X152.88 Y156.824 E330.39287
G1 X158.151 Y147.701 E330.7433
G1 X157.117 Y147.7 E330.77769
G1 X153.418 Y154.168 E331.02552
G1 X153.193 Y154.262 E331.03363
G1 X152.949 Y154.198 E331.04202
G1 X152.802 Y154.039 E331.04922
G1 X152.8 Y138.172 E331.57696
G1 X142.2 Y138.172 E331.92951
G1 X142.198 Y154.039 E332.45725
G1 X142.05 Y154.198 E332.46448
G1 X141.802 Y154.262 E332.473
G1 X141.598 Y154.197 E332.48012
G1 X137.88 Y147.7 E332.72909
G1 X136.848 Y147.7 E332.76342
G1 X142.116 Y156.824 E333.11383
G1 F2700 E328.11383
;MESH:batclipholder.stl(2)
G0 F6000 X142.287 Y156.53
G0 X142.412 Y155.16
G0 X142.424 Y138.398
G0 X142.424 Y137.309
G0 X142.424 Y97.691
G0 X142.424 Y96.596
G0 X142.422 Y95.799
;TYPE:WALL-INNER
G1 F2700 E333.11383
G1 F1348.3 X142.422 Y94.76 E333.14459
G1 X142.245 Y94.952 E333.15232
G1 X141.973 Y95.021 E333.16062
G1 X142.422 Y95.799 E333.18721
G0 F6000 X142.346 Y96.424
G1 F1200 X142.8 Y96.424 E333.20231
G1 X142.8 Y95.089 E333.24672
G1 F1061.9 X142.748 Y94.607 E333.26494
G1 F860.2 X142.695 Y94.125 E333.28744
G1 F950.5 X142.15 Y94.586 E333.31741
G1 F1200 X141.902 Y94.649 E333.32592
G1 F1098.4 X141.263 Y94.477 E333.34997
G1 X141.658 Y95.23 E333.38086
G1 F1200 X142.346 Y96.424 E333.4267
G0 F6000 X142.517 Y96.13
G0 X141.263 Y94.477
G1 F991.7 X137.621 Y88.146 E333.72064
G0 F6000 X141.785 Y95.013
G0 X142.441 Y94.839
G0 X142.695 Y94.125
G1 F793.4 X142.7 Y80.5 E334.40606
G0 F6000 X143.034 Y79.585
G1 F1025.6 X143.291 Y79.471 E334.417
G1 X151.709 Y79.471 E334.74458
G1 F1027.8 X151.967 Y79.585 E334.75553
G1 X151.967 Y79.005 E334.77805
G1 F1025.6 X143.034 Y79.006 E335.12567
G1 X143.034 Y79.585 E335.14821
G0 F6000 X142.7 Y80.5
G1 F960 X143.002 Y80.05 E335.17074
G1 F1200 X143.337 Y79.903 E335.18291
G1 X151.663 Y79.902 E335.45983
G1 X151.998 Y80.05 E335.47201
G1 F960 X152.3 Y80.5 E335.49454
G1 X152.4 Y79.869 E335.5211
G1 F1200 X152.4 Y78.572 E335.56424
G1 X142.6 Y78.572 E335.89019
G1 X142.6 Y79.869 E335.93333
G1 F960 X142.7 Y80.5 E335.95989
G0 F6000 X142.962 Y80.062
G0 X152.038 Y80.062
G0 X152.3 Y80.5
G1 F793.4 X152.305 Y94.125 E336.64531
G0 F6000 X152.559 Y94.839
G0 X153.215 Y95.013
G0 X153.793 Y94.382
G1 F1016.9 X155.584 Y91.265 E336.7864
G1 F983.6 X157.376 Y88.148 E336.93229
G0 F6000 X153.215 Y95.013
G0 X152.578 Y95.794
G1 F1355.9 X153.025 Y95.021 E336.95857
G1 X152.752 Y94.95 E336.96688
G1 X152.578 Y94.76 E336.97446
G1 X152.578 Y95.794 E337.0049
G0 F6000 X152.2 Y96.424
G1 F1200 X152.649 Y96.424 E337.01983
G1 X153.336 Y95.235 E337.0655
G1 F1111.1 X153.793 Y94.382 E337.10026
G1 X153.091 Y94.649 E337.12724
G1 F1200 X152.847 Y94.585 E337.13563
G1 F950.5 X152.305 Y94.125 E337.16548
G1 F860.2 X152.253 Y94.605 E337.18789
G1 F1061.9 X152.201 Y95.085 E337.20603
G1 F1200 X152.2 Y96.424 E337.25057
G1 F2700 E332.25057
G0 F6000 X152.48 Y96.146
G0 X152.038 Y80.062
G0 X142.962 Y80.062
G0 X142.955 Y89.385
G0 X142.287 Y96.53
G0 X142.116 Y96.824
;TYPE:WALL-OUTER
G1 F2700 E337.25057
G1 F1200 X143.2 Y96.824 E337.28662
G1 X143.2 Y80.5 E337.82956
G1 X143.267 Y80.35 E337.83502
G1 X143.379 Y80.301 E337.83909
G1 X151.621 Y80.3 E338.11322
G1 X151.733 Y80.35 E338.1173
G1 X151.8 Y80.5 E338.12276
G1 X151.8 Y96.824 E338.6657
G1 X152.88 Y96.824 E338.70162
G1 X158.151 Y87.701 E339.05206
G1 X157.117 Y87.7 E339.08645
G1 X153.418 Y94.168 E339.33427
G1 X153.193 Y94.262 E339.34238
G1 X152.949 Y94.198 E339.35077
G1 X152.802 Y94.039 E339.35797
G1 X152.8 Y78.172 E339.88571
G1 X142.2 Y78.172 E340.23827
G1 X142.198 Y94.039 E340.76601
G1 X142.05 Y94.198 E340.77323
G1 X141.802 Y94.262 E340.78175
G1 X141.598 Y94.197 E340.78887
G1 X137.88 Y87.7 E341.03785
G1 X136.848 Y87.7 E341.07217
G1 X142.116 Y96.824 E341.42259
G1 F2700 E336.42259
;MESH:NONMESH
G0 F300 X142.116 Y96.824 Z0.4
G0 F6000 X142.287 Y96.53
G0 X137.227 Y87.92
G0 X136.289 Y88.463
G0 X93.38 Y97.685
G0 X90.947 Y97.679
G0 X88 Y81.3
;TIME_ELAPSED:570.372832
;LAYER:1
M106 S85
;TYPE:SUPPORT
G1 F2700 E341.42259
G1 F1350 X88 Y93.794 E341.83814
G1 F2700 E336.83814
G0 F7500 X88 Y94.46
G0 X88 Y137.309
G0 X88 Y141.3
G1 F2700 E341.83814
G1 F1350 X88 Y153.794 E342.25369
G1 F2700 E337.25369
G0 F7500 X88 Y154.46
G0 X90.947 Y157.679
G0 X144.053 Y157.679
G0 X148 Y154.46
G0 X148 Y153.794
G1 F2700 E342.25369
G1 F1350 X148 Y141.3 E342.66924
G1 F2700 E337.66924
G0 F7500 X148 Y137.309
G0 X148 Y94.46
G0 X148 Y93.794
G1 F2700 E342.66924
G1 F1350 X148 Y81.3 E343.0848
G1 F2700 E338.0848
;MESH:batclipholder.stl(1)
G0 F7500 X148 Y77.309
G0 X141.347 Y77.321
G0 X98.712 Y88.462
G0 X97.376 Y88.148
;TYPE:WALL-INNER
G1 F2700 E343.0848
G1 F1106.6 X95.584 Y91.265 E343.23069
G1 F1144.1 X93.793 Y94.382 E343.37178
G0 F7500 X93.215 Y95.013
G0 X92.559 Y94.839
G0 X92.305 Y94.125
G1 F892.6 X92.3 Y80.5 E344.0572
G0 F7500 X91.967 Y79.585
G1 F1156.3 X91.967 Y79.005 E344.07972
G1 F1153.8 X83.034 Y79.006 E344.42734
G1 X83.034 Y79.585 E344.44987
G1 X83.291 Y79.471 E344.46081
G1 X91.709 Y79.471 E344.78839
G1 F1156.3 X91.967 Y79.585 E344.79935
G0 F7500 X92.3 Y80.5
G1 F1080 X92.4 Y79.869 E344.82591
G1 F1350 X92.4 Y78.572 E344.86905
G1 X82.6 Y78.572 E345.195
G1 X82.6 Y79.869 E345.23813
G1 F1080 X82.7 Y80.5 E345.26469
G1 X83.002 Y80.05 E345.28723
G1 F1350 X83.337 Y79.903 E345.29939
G1 X91.663 Y79.902 E345.57632
G1 X91.998 Y80.05 E345.5885
G1 F1080 X92.3 Y80.5 E345.61103
G0 F7500 X92.038 Y80.062
G0 X82.962 Y80.062
G0 X82.7 Y80.5
G1 F892.6 X82.695 Y94.125 E346.29645
G0 F7500 X82.441 Y94.839
G0 X81.785 Y95.013
G0 X81.263 Y94.477
G1 F1115.7 X77.621 Y88.146 E346.59039
G0 F7500 X81.785 Y95.013
G0 X82.422 Y95.799
G1 F1516.9 X82.422 Y94.76 E346.62115
G1 X82.245 Y94.952 E346.62888
G1 X81.973 Y95.021 E346.63718
G1 X82.422 Y95.799 E346.66377
G0 F7500 X82.8 Y96.424
G1 F1350 X82.8 Y95.089 E346.70817
G1 F1194.7 X82.748 Y94.607 E346.7264
G1 F967.7 X82.695 Y94.125 E346.74889
G1 F1069.3 X82.15 Y94.586 E346.77887
G1 F1350 X81.902 Y94.649 E346.78738
G1 F1235.7 X81.263 Y94.477 E346.81142
G1 X81.658 Y95.23 E346.84232
G1 F1350 X82.346 Y96.424 E346.88816
G1 X82.8 Y96.424 E346.90326
G1 F2700 E341.90326
G0 F7500 X82.52 Y96.146
G0 X82.962 Y80.062
G0 X92.038 Y80.062
G0 X92.578 Y95.794
G1 F2700 E346.90326
G1 F1525.4 X93.025 Y95.021 E346.92954
G1 X92.752 Y94.95 E346.93784
G1 X92.578 Y94.76 E346.94543
G1 X92.578 Y95.794 E346.97586
G0 F7500 X92.649 Y96.424
G1 F1350 X93.336 Y95.235 E347.02153
G1 F1250 X93.793 Y94.382 E347.0563
G1 X93.091 Y94.649 E347.08327
G1 F1350 X92.847 Y94.585 E347.09166
G1 F1069.3 X92.305 Y94.125 E347.12152
G1 F967.7 X92.253 Y94.605 E347.14392
G1 F1194.7 X92.201 Y95.085 E347.16206
G1 F1350 X92.2 Y96.424 E347.2066
G1 X92.649 Y96.424 E347.22153
G0 F7500 X92.88 Y96.824
;TYPE:WALL-OUTER
G1 F1350 X98.151 Y87.701 E347.57197
G1 X97.117 Y87.7 E347.60636
G1 X93.418 Y94.168 E347.85418
G1 X93.27 Y94.23 E347.85952
G1 F1500 X93.193 Y94.262 E347.86229
G1 X92.949 Y94.198 E347.87068
G1 X92.9 Y94.145 E347.87308
G1 F1350 X92.802 Y94.039 E347.87788
G1 X92.8 Y78.172 E348.40562
G1 X82.2 Y78.172 E348.75818
G1 X82.198 Y94.039 E349.28592
G1 X82.1 Y94.144 E349.2907
G1 F1500 X82.05 Y94.198 E349.29314
G1 X81.802 Y94.262 E349.30166
G1 X81.737 Y94.241 E349.30393
G1 F1350 X81.598 Y94.197 E349.30878
G1 X77.88 Y87.7 E349.55776
G1 X76.848 Y87.7 E349.59208
G1 X82.116 Y96.824 E349.9425
G1 X83.2 Y96.824 E349.97855
G1 X83.2 Y80.5 E350.52149
G1 X83.267 Y80.35 E350.52695
G1 X83.379 Y80.301 E350.53102
G1 X91.621 Y80.3 E350.80515
G1 X91.733 Y80.35 E350.80923
G1 X91.8 Y80.5 E350.81469
G1 X91.8 Y96.824 E351.35763
G1 X92.88 Y96.824 E351.39355
G1 F2700 E346.39355
;MESH:batclipholder.stl
G0 F7500 X92.713 Y96.53
G0 X92.024 Y96.602
G0 X92.024 Y97.691
G0 X92.024 Y137.309
G0 X92.024 Y138.404
G0 X91.967 Y139.585
;TYPE:WALL-INNER
G1 F2700 E351.39355
G1 F1156.3 X91.967 Y139.005 E351.41607
G1 F1153.8 X83.034 Y139.006 E351.7637
G1 X83.034 Y139.585 E351.78623
G1 X83.291 Y139.471 E351.79717
G1 X91.709 Y139.471 E352.12475
G1 F1156.3 X91.967 Y139.585 E352.1357
G0 F7500 X92.3 Y140.5
G1 F1080 X92.4 Y139.869 E352.16226
G1 F1350 X92.4 Y138.572 E352.2054
G1 X82.6 Y138.572 E352.53135
G1 X82.6 Y139.869 E352.57449
G1 F1080 X82.7 Y140.5 E352.60105
G1 X83.002 Y140.05 E352.62358
G1 F1350 X83.337 Y139.903 E352.63575
G1 X91.663 Y139.902 E352.91267
G1 X91.998 Y140.05 E352.92486
G1 F1080 X92.3 Y140.5 E352.94739
G1 F892.6 X92.305 Y154.125 E353.63281
G0 F7500 X92.559 Y154.839
G0 X93.215 Y155.013
G0 X93.793 Y154.382
G1 F1144.1 X95.584 Y151.265 E353.77389
G1 F1106.6 X97.376 Y148.148 E353.91979
G0 F7500 X93.215 Y155.013
G0 X92.578 Y155.794
G1 F1525.4 X93.025 Y155.021 E353.94607
G1 X92.752 Y154.95 E353.95437
G1 X92.578 Y154.76 E353.96196
G1 X92.578 Y155.794 E353.99239
G0 F7500 X92.649 Y156.424
G1 F1350 X93.336 Y155.235 E354.03807
G1 F1250 X93.793 Y154.382 E354.07283
G1 X93.091 Y154.649 E354.09981
G1 F1350 X92.847 Y154.585 E354.1082
G1 F1069.3 X92.305 Y154.125 E354.13805
G1 F967.7 X92.253 Y154.605 E354.16045
G1 F1194.7 X92.201 Y155.085 E354.17859
G1 F1350 X92.2 Y156.424 E354.22313
G1 X92.649 Y156.424 E354.23806
G1 F2700 E349.23806
G0 F7500 X92.483 Y156.13
G0 X92.038 Y140.062
G0 X82.962 Y140.062
G0 X82.695 Y154.125
G1 F2700 E354.23806
G1 F892.6 X82.7 Y140.5 E354.92348
G0 F7500 X82.441 Y154.839
G0 X81.785 Y155.013
G0 X77.621 Y148.146
G1 F1115.7 X81.263 Y154.477 E355.21742
G0 F7500 X82.422 Y155.799
G1 F1516.9 X82.422 Y154.76 E355.24818
G1 X82.245 Y154.952 E355.25591
G1 X81.973 Y155.021 E355.26421
G1 X82.422 Y155.799 E355.29081
G0 F7500 X82.8 Y156.424
G1 F1350 X82.8 Y155.089 E355.33521
G1 F1194.7 X82.748 Y154.607 E355.35343
G1 F967.7 X82.695 Y154.125 E355.37593
G1 F1069.3 X82.15 Y154.586 E355.4059
G1 F1350 X81.902 Y154.649 E355.41441
G1 F1235.7 X81.263 Y154.477 E355.43846
G1 X81.658 Y155.23 E355.46935
G1 F1350 X82.346 Y156.424 E355.51519
G1 X82.8 Y156.424 E355.53029
G1 F2700 E350.53029
G0 F7500 X82.52 Y156.146
G0 X82.962 Y140.062
G0 X92.038 Y140.062
G0 X92.045 Y149.385
G0 X92.713 Y156.53
G0 X92.88 Y156.824
;TYPE:WALL-OUTER
G1 F2700 E355.53029
G1 F1350 X98.151 Y147.701 E355.88073
G1 X97.117 Y147.7 E355.91512
G1 X93.418 Y154.168 E356.16294
G1 X93.27 Y154.23 E356.16827
G1 F1500 X93.193 Y154.262 E356.17105
G1 X92.949 Y154.198 E356.17944
G1 X92.9 Y154.145 E356.18184
G1 F1350 X92.802 Y154.039 E356.18664
G1 X92.8 Y138.172 E356.71438
G1 X82.2 Y138.172 E357.06694
G1 X82.198 Y154.039 E357.59468
G1 X82.1 Y154.144 E357.59945
G1 F1500 X82.05 Y154.198 E357.6019
G1 X81.802 Y154.262 E357.61042
G1 X81.737 Y154.241 E357.61269
G1 F1350 X81.598 Y154.197 E357.61754
G1 X77.88 Y147.7 E357.86651
G1 X76.848 Y147.7 E357.90084
G1 X82.116 Y156.824 E358.25125
G1 X83.2 Y156.824 E358.28731
G1 X83.2 Y140.5 E358.83025
G1 X83.267 Y140.35 E358.83571
G1 X83.379 Y140.301 E358.83978
G1 X91.621 Y140.3 E359.11391
G1 X91.733 Y140.35 E359.11799
G1 X91.8 Y140.5 E359.12345
G1 X91.8 Y156.824 E359.66639
G1 X92.88 Y156.824 E359.70231
G1 F2700 E354.70231
;MESH:batclipholder.stl(3)
G0 F7500 X92.713 Y156.53
G0 X97.773 Y147.92
G0 X98.712 Y148.462
G0 X136.289 Y148.463
G0 X137.621 Y148.146
;TYPE:WALL-INNER
G1 F2700 E359.70231
G1 F1115.7 X141.263 Y154.477 E359.99625
G0 F7500 X141.785 Y155.013
G0 X142.441 Y154.839
G0 X142.695 Y154.125
G1 F892.6 X142.7 Y140.5 E360.68167
G0 F7500 X143.034 Y139.585
G1 F1153.8 X143.291 Y139.471 E360.69261
G1 X151.709 Y139.471 E361.02019
G1 F1156.3 X151.967 Y139.585 E361.03114
G1 X151.967 Y139.005 E361.05366
G1 F1153.8 X143.034 Y139.006 E361.40129
G1 X143.034 Y139.585 E361.42382
G0 F7500 X142.7 Y140.5
G1 F1080 X143.002 Y140.05 E361.44635
G1 F1350 X143.337 Y139.903 E361.45852
G1 X151.663 Y139.902 E361.73544
G1 X151.998 Y140.05 E361.74762
G1 F1080 X152.3 Y140.5 E361.77015
G1 X152.4 Y139.869 E361.79671
G1 F1350 X152.4 Y138.572 E361.83985
G1 X142.6 Y138.572 E362.1658
G1 X142.6 Y139.869 E362.20894
G1 F1080 X142.7 Y140.5 E362.2355
G0 F7500 X142.962 Y140.062
G0 X152.038 Y140.062
G0 X152.3 Y140.5
G1 F892.6 X152.305 Y154.125 E362.92092
G0 F7500 X152.559 Y154.839
G0 X153.215 Y155.013
G0 X153.793 Y154.382
G1 F1144.1 X155.584 Y151.265 E363.06201
G1 F1106.6 X157.376 Y148.148 E363.2079
G0 F7500 X153.215 Y155.013
G0 X152.578 Y155.794
G1 F1525.4 X153.025 Y155.021 E363.23419
G1 X152.752 Y154.95 E363.24249
G1 X152.578 Y154.76 E363.25007
G1 X152.578 Y155.794 E363.28051
G0 F7500 X152.2 Y156.424
G1 F1350 X152.649 Y156.424 E363.29544
G1 X153.336 Y155.235 E363.34112
G1 F1250 X153.793 Y154.382 E363.37588
G1 X153.091 Y154.649 E363.40286
G1 F1350 X152.847 Y154.585 E363.41125
G1 F1069.3 X152.305 Y154.125 E363.4411
G1 F967.7 X152.253 Y154.605 E363.4635
G1 F1194.7 X152.201 Y155.085 E363.48164
G1 F1350 X152.2 Y156.424 E363.52618
G1 F2700 E358.52618
G0 F7500 X152.48 Y156.146
G0 X152.038 Y140.062
G0 X142.962 Y140.062
G0 X142.422 Y155.799
G1 F2700 E363.52618
G1 F1516.9 X142.422 Y154.76 E363.55693
G1 X142.245 Y154.952 E363.56466
G1 X141.973 Y155.021 E363.57297
G1 X142.422 Y155.799 E363.59956
G0 F7500 X142.346 Y156.424
G1 F1350 X142.8 Y156.424 E363.61466
G1 X142.8 Y155.089 E363.65906
G1 F1194.7 X142.748 Y154.607 E363.67728
G1 F967.7 X142.695 Y154.125 E363.69978
G1 F1069.3 X142.15 Y154.586 E363.72976
G1 F1350 X141.902 Y154.649 E363.73827
G1 F1235.7 X141.263 Y154.477 E363.76231
G1 X141.658 Y155.23 E363.79321
G1 F1350 X142.346 Y156.424 E363.83904
G0 F7500 X142.116 Y156.824
;TYPE:WALL-OUTER
G1 F1350 X143.2 Y156.824 E363.8751
G1 X143.2 Y140.5 E364.41804
G1 X143.267 Y140.35 E364.4235
G1 X143.379 Y140.301 E364.42757
G1 X151.621 Y140.3 E364.7017
G1 X151.733 Y140.35 E364.70578
G1 X151.8 Y140.5 E364.71124
G1 X151.8 Y156.824 E365.25418
G1 X152.88 Y156.824 E365.2901
G1 X158.151 Y147.701 E365.64054
G1 X157.117 Y147.7 E365.67493
G1 X153.418 Y154.168 E365.92275
G1 X153.27 Y154.23 E365.92809
G1 F1500 X153.193 Y154.262 E365.93086
G1 X152.949 Y154.198 E365.93925
G1 X152.9 Y154.145 E365.94165
G1 F1350 X152.802 Y154.039 E365.94645
G1 X152.8 Y138.172 E366.47419
G1 X142.2 Y138.172 E366.82675
G1 X142.198 Y154.039 E367.35449
G1 X142.1 Y154.144 E367.35926
G1 F1500 X142.05 Y154.198 E367.36171
G1 X141.802 Y154.262 E367.37023
G1 X141.737 Y154.241 E367.3725
G1 F1350 X141.598 Y154.197 E367.37735
G1 X137.88 Y147.7 E367.62632
G1 X136.848 Y147.7 E367.66065
G1 X142.116 Y156.824 E368.01106
G1 F2700 E363.01106
;MESH:batclipholder.stl(2)
G0 F7500 X142.287 Y156.53
G0 X142.412 Y155.16
G0 X142.424 Y138.398
G0 X142.424 Y137.309
G0 X142.424 Y97.691
G0 X142.424 Y96.596
G0 X142.422 Y95.799
;TYPE:WALL-INNER
G1 F2700 E368.01106
G1 F1516.9 X142.422 Y94.76 E368.04182
G1 X142.245 Y94.952 E368.04955
G1 X141.973 Y95.021 E368.05786
G1 X142.422 Y95.799 E368.08445
G0 F7500 X142.346 Y96.424
G1 F1350 X142.8 Y96.424 E368.09955
G1 X142.8 Y95.089 E368.14395
G1 F1194.7 X142.748 Y94.607 E368.16217
G1 F967.7 X142.695 Y94.125 E368.18467
G1 F1069.3 X142.15 Y94.586 E368.21464
G1 F1350 X141.902 Y94.649 E368.22315
G1 F1235.7 X141.263 Y94.477 E368.2472
G1 X141.658 Y95.23 E368.2781
G1 F1350 X142.346 Y96.424 E368.32393
G0 F7500 X142.517 Y96.13
G0 X141.263 Y94.477
G1 F1115.7 X137.621 Y88.146 E368.61787
G0 F7500 X141.785 Y95.013
G0 X142.441 Y94.839
G0 X142.695 Y94.125
G1 F892.6 X142.7 Y80.5 E369.30329
G0 F7500 X143.034 Y79.585
G1 F1153.8 X143.291 Y79.471 E369.31423
G1 X151.709 Y79.471 E369.64181
G1 F1156.3 X151.967 Y79.585 E369.65276
G1 X151.967 Y79.005 E369.67529
G1 F1153.8 X143.034 Y79.006 E370.02291
G1 X143.034 Y79.585 E370.04544
G0 F7500 X142.7 Y80.5
G1 F1080 X143.002 Y80.05 E370.06797
G1 F1350 X143.337 Y79.903 E370.08014
G1 X151.663 Y79.902 E370.35706
G1 X151.998 Y80.05 E370.36924
G1 F1080 X152.3 Y80.5 E370.39178
G1 X152.4 Y79.869 E370.41834
G1 F1350 X152.4 Y78.572 E370.46148
G1 X142.6 Y78.572 E370.78742
G1 X142.6 Y79.869 E370.83056
G1 F1080 X142.7 Y80.5 E370.85712
G0 F7500 X142.962 Y80.062
G0 X152.038 Y80.062
G0 X152.3 Y80.5
G1 F892.6 X152.305 Y94.125 E371.54254
G0 F7500 X152.559 Y94.839
G0 X153.215 Y95.013
G0 X153.793 Y94.382
G1 F1144.1 X155.584 Y91.265 E371.68363
G1 F1106.6 X157.376 Y88.148 E371.82952
G0 F7500 X153.215 Y95.013
G0 X152.578 Y95.794
G1 F1525.4 X153.025 Y95.021 E371.85581
G1 X152.752 Y94.95 E371.86411
G1 X152.578 Y94.76 E371.87169
G1 X152.578 Y95.794 E371.90213
G0 F7500 X152.2 Y96.424
G1 F1350 X152.649 Y96.424 E371.91706
G1 X153.336 Y95.235 E371.96274
G1 F1250 X153.793 Y94.382 E371.9975
G1 X153.091 Y94.649 E372.02448
G1 F1350 X152.847 Y94.585 E372.03287
G1 F1069.3 X152.305 Y94.125 E372.06272
G1 F967.7 X152.253 Y94.605 E372.08512
G1 F1194.7 X152.201 Y95.085 E372.10327
G1 F1350 X152.2 Y96.424 E372.1478
G1 F2700 E367.1478
G0 F7500 X152.48 Y96.146
G0 X152.038 Y80.062
G0 X142.962 Y80.062
G0 X142.955 Y89.385
G0 X142.287 Y96.53
G0 X142.116 Y96.824
;TYPE:WALL-OUTER
G1 F2700 E372.1478
G1 F1350 X143.2 Y96.824 E372.18385
G1 X143.2 Y80.5 E372.72679
G1 X143.267 Y80.35 E372.73226
G1 X143.379 Y80.301 E372.73632
G1 X151.621 Y80.3 E373.01045
G1 X151.733 Y80.35 E373.01453
G1 X151.8 Y80.5 E373.02
G1 X151.8 Y96.824 E373.56294
G1 X152.88 Y96.824 E373.59886
G1 X158.151 Y87.701 E373.94929
G1 X157.117 Y87.7 E373.98368
G1 X153.418 Y94.168 E374.23151
G1 X153.27 Y94.23 E374.23684
G1 F1500 X153.193 Y94.262 E374.23962
G1 X152.949 Y94.198 E374.24801
G1 X152.9 Y94.145 E374.25041
G1 F1350 X152.802 Y94.039 E374.25521
G1 X152.8 Y78.172 E374.78295
G1 X142.2 Y78.172 E375.1355
G1 X142.198 Y94.039 E375.66324
G1 X142.1 Y94.144 E375.66802
G1 F1500 X142.05 Y94.198 E375.67047
G1 X141.802 Y94.262 E375.67899
G1 X141.737 Y94.241 E375.68126
G1 F1350 X141.598 Y94.197 E375.68611
G1 X137.88 Y87.7 E375.93508
G1 X136.848 Y87.7 E375.96941
G1 X142.116 Y96.824 E376.31982
G1 F2700 E371.31982
;MESH:NONMESH
G0 F300 X142.116 Y96.824 Z0.6
G0 F7500 X142.287 Y96.53
G0 X137.227 Y87.92
G0 X136.289 Y88.463
G0 X93.653 Y77.321
G0 X88 Y77.309
G0 X88 Y81.3
;TIME_ELAPSED:641.242013
;LAYER:2
M106 S170
;TYPE:SUPPORT
G1 F2700 E376.31982
G1 F1500 X88 Y93.794 E376.73537
G1 F2700 E371.73537
G0 F9000 X88 Y94.46
G0 X88 Y137.309
G0 X88 Y141.3
G1 F2700 E376.73537
G1 F1500 X88 Y153.794 E377.15093
G1 F2700 E372.15093
G0 F9000 X88 Y154.46
G0 X90.947 Y157.679
G0 X144.053 Y157.679
G0 X148 Y154.46
G0 X148 Y153.794
G1 F2700 E377.15093
G1 F1500 X148 Y141.3 E377.56648
G1 F2700 E372.56648
G0 F9000 X148 Y137.309
G0 X148 Y94.46
G0 X148 Y93.794
G1 F2700 E377.56648
G1 F1500 X148 Y81.3 E377.98203
G1 F2700 E372.98203
;MESH:batclipholder.stl(1)
G0 F9000 X148 Y77.309
G0 X141.347 Y77.321
G0 X98.712 Y88.462
G0 X97.376 Y88.148
;TYPE:WALL-INNER
G1 F2700 E377.98203
G1 F1229.5 X95.584 Y91.265 E378.12792
G1 F1271.2 X93.793 Y94.382 E378.26901
G0 F9000 X93.215 Y95.013
G0 X92.559 Y94.839
G0 X92.305 Y94.125
G1 F991.7 X92.3 Y80.5 E378.95443
G0 F9000 X91.967 Y79.585
G1 F1284.8 X91.967 Y79.005 E378.97695
G1 F1282.1 X83.034 Y79.006 E379.32457
G1 X83.034 Y79.585 E379.34711
G1 X83.291 Y79.471 E379.35805
G1 X91.709 Y79.471 E379.68563
G1 F1284.8 X91.967 Y79.585 E379.69658
G0 F9000 X92.3 Y80.5
G1 F1200 X92.4 Y79.869 E379.72314
G1 F1500 X92.4 Y78.572 E379.76628
G1 X82.6 Y78.572 E380.09223
G1 X82.6 Y79.869 E380.13537
G1 F1200 X82.7 Y80.5 E380.16193
G1 X83.002 Y80.05 E380.18446
G1 F1500 X83.337 Y79.903 E380.19663
G1 X91.663 Y79.902 E380.47355
G1 X91.998 Y80.05 E380.48573
G1 F1200 X92.3 Y80.5 E380.50826
G0 F9000 X92.038 Y80.062
G0 X82.962 Y80.062
G0 X82.7 Y80.5
G1 F991.7 X82.695 Y94.125 E381.19368
G0 F9000 X82.441 Y94.839
G0 X81.785 Y95.013
G0 X81.263 Y94.477
G1 F1239.7 X77.621 Y88.146 E381.48762
G0 F9000 X81.785 Y95.013
G0 X82.422 Y95.799
G1 F1685.4 X82.422 Y94.76 E381.51838
G1 X82.245 Y94.952 E381.52611
G1 X81.973 Y95.021 E381.53442
G1 X82.422 Y95.799 E381.56101
G0 F9000 X82.8 Y96.424
G1 F1500 X82.8 Y95.089 E381.60541
G1 F1327.4 X82.748 Y94.607 E381.62363
G1 F1075.3 X82.695 Y94.125 E381.64613
G1 F1188.1 X82.15 Y94.586 E381.6761
G1 F1500 X81.902 Y94.649 E381.68461
G1 F1373 X81.263 Y94.477 E381.70866
G1 X81.658 Y95.23 E381.73956
G1 F1500 X82.346 Y96.424 E381.78539
G1 X82.8 Y96.424 E381.80049
G1 F2700 E376.80049
G0 F9000 X82.52 Y96.146
G0 X82.962 Y80.062
G0 X92.038 Y80.062
G0 X92.578 Y95.794
G1 F2700 E381.80049
G1 F1694.9 X93.025 Y95.021 E381.82677
G1 X92.752 Y94.95 E381.83508
G1 X92.578 Y94.76 E381.84266
G1 X92.578 Y95.794 E381.8731
G0 F9000 X92.649 Y96.424
G1 F1500 X93.336 Y95.235 E381.91877
G1 F1388.9 X93.793 Y94.382 E381.95353
G1 X93.091 Y94.649 E381.98051
G1 F1500 X92.847 Y94.585 E381.9889
G1 F1188.1 X92.305 Y94.125 E382.01875
G1 F1075.3 X92.253 Y94.605 E382.04115
G1 F1327.4 X92.201 Y95.085 E382.0593
G1 F1500 X92.2 Y96.424 E382.10383
G1 X92.649 Y96.424 E382.11877
G0 F9000 X92.88 Y96.824
;TYPE:WALL-OUTER
G1 F1500 X98.151 Y87.701 E382.4692
G1 X97.117 Y87.7 E382.50359
G1 X93.418 Y94.168 E382.75142
G1 X93.193 Y94.262 E382.75953
G1 X92.949 Y94.198 E382.76792
G1 X92.802 Y94.039 E382.77512
G1 X92.8 Y78.172 E383.30286
G1 X82.2 Y78.172 E383.65541
G1 X82.198 Y94.039 E384.18315
G1 X82.05 Y94.198 E384.19038
G1 X81.802 Y94.262 E384.1989
G1 X81.598 Y94.197 E384.20602
G1 X77.88 Y87.7 E384.45499
G1 X76.848 Y87.7 E384.48931
G1 X82.116 Y96.824 E384.83973
G1 X83.2 Y96.824 E384.87578
G1 X83.2 Y80.5 E385.41872
G1 X83.267 Y80.35 E385.42419
G1 X83.379 Y80.301 E385.42825
G1 X91.621 Y80.3 E385.70238
G1 X91.733 Y80.35 E385.70646
G1 X91.8 Y80.5 E385.71193
G1 X91.8 Y96.824 E386.25487
G1 X92.88 Y96.824 E386.29079
G1 F2700 E381.29079
;MESH:batclipholder.stl
G0 F9000 X92.713 Y96.53
G0 X92.024 Y96.602
G0 X92.024 Y97.691
G0 X92.024 Y137.309
G0 X92.024 Y138.404
G0 X91.967 Y139.585
;TYPE:WALL-INNER
G1 F2700 E386.29079
G1 F1284.8 X91.967 Y139.005 E386.31331
G1 F1282.1 X83.034 Y139.006 E386.66093
G1 X83.034 Y139.585 E386.68346
G1 X83.291 Y139.471 E386.6944
G1 X91.709 Y139.471 E387.02198
G1 F1284.8 X91.967 Y139.585 E387.03294
G0 F9000 X92.3 Y140.5
G1 F1200 X92.4 Y139.869 E387.0595
G1 F1500 X92.4 Y138.572 E387.10264
G1 X82.6 Y138.572 E387.42859
G1 X82.6 Y139.869 E387.47172
G1 F1200 X82.7 Y140.5 E387.49829
G1 X83.002 Y140.05 E387.52082
G1 F1500 X83.337 Y139.903 E387.53298
G1 X91.663 Y139.902 E387.80991
G1 X91.998 Y140.05 E387.82209
G1 F1200 X92.3 Y140.5 E387.84462
G1 F991.7 X92.305 Y154.125 E388.53004
G0 F9000 X92.559 Y154.839
G0 X93.215 Y155.013
G0 X93.793 Y154.382
G1 F1271.2 X95.584 Y151.265 E388.67113
G1 F1229.5 X97.376 Y148.148 E388.81702
G0 F9000 X93.215 Y155.013
G0 X92.578 Y155.794
G1 F1694.9 X93.025 Y155.021 E388.8433
G1 X92.752 Y154.95 E388.85161
G1 X92.578 Y154.76 E388.85919
G1 X92.578 Y155.794 E388.88963
G0 F9000 X92.649 Y156.424
G1 F1500 X93.336 Y155.235 E388.9353
G1 F1388.9 X93.793 Y154.382 E388.97006
G1 X93.091 Y154.649 E388.99704
G1 F1500 X92.847 Y154.585 E389.00543
G1 F1188.1 X92.305 Y154.125 E389.03528
G1 F1075.3 X92.253 Y154.605 E389.05768
G1 F1327.4 X92.201 Y155.085 E389.07583
G1 F1500 X92.2 Y156.424 E389.12036
G1 X92.649 Y156.424 E389.1353
G1 F2700 E384.1353
G0 F9000 X92.483 Y156.13
G0 X92.038 Y140.062
G0 X82.962 Y140.062
G0 X82.695 Y154.125
G1 F2700 E389.1353
G1 F991.7 X82.7 Y140.5 E389.82072
G0 F9000 X82.441 Y154.839
G0 X81.785 Y155.013
G0 X77.621 Y148.146
G1 F1239.7 X81.263 Y154.477 E390.11466
G0 F9000 X82.422 Y155.799
G1 F1685.4 X82.422 Y154.76 E390.14541
G1 X82.245 Y154.952 E390.15314
G1 X81.973 Y155.021 E390.16145
G1 X82.422 Y155.799 E390.18804
G0 F9000 X82.8 Y156.424
G1 F1500 X82.8 Y155.089 E390.23244
G1 F1327.4 X82.748 Y154.607 E390.25066
G1 F1075.3 X82.695 Y154.125 E390.27316
G1 F1188.1 X82.15 Y154.586 E390.30313
G1 F1500 X81.902 Y154.649 E390.31165
G1 F1373 X81.263 Y154.477 E390.33569
G1 X81.658 Y155.23 E390.36659
G1 F1500 X82.346 Y156.424 E390.41242
G1 X82.8 Y156.424 E390.42752
G1 F2700 E385.42752
G0 F9000 X82.52 Y156.146
G0 X82.962 Y140.062
G0 X92.038 Y140.062
G0 X92.045 Y149.385
G0 X92.713 Y156.53
G0 X92.88 Y156.824
;TYPE:WALL-OUTER
G1 F2700 E390.42752
G1 F1500 X98.151 Y147.701 E390.77796
G1 X97.117 Y147.7 E390.81235
G1 X93.418 Y154.168 E391.06017
G1 X93.193 Y154.262 E391.06828
G1 X92.949 Y154.198 E391.07667
G1 X92.802 Y154.039 E391.08387
G1 X92.8 Y138.172 E391.61161
G1 X82.2 Y138.172 E391.96417
G1 X82.198 Y154.039 E392.49191
G1 X82.05 Y154.198 E392.49913
G1 X81.802 Y154.262 E392.50765
G1 X81.598 Y154.197 E392.51477
G1 X77.88 Y147.7 E392.76375
G1 X76.848 Y147.7 E392.79807
G1 X82.116 Y156.824 E393.14849
G1 X83.2 Y156.824 E393.18454
G1 X83.2 Y140.5 E393.72748
G1 X83.267 Y140.35 E393.73294
G1 X83.379 Y140.301 E393.73701
G1 X91.621 Y140.3 E394.01114
G1 X91.733 Y140.35 E394.01522
G1 X91.8 Y140.5 E394.02068
G1 X91.8 Y156.824 E394.56362
G1 X92.88 Y156.824 E394.59954
G1 F2700 E389.59954
;MESH:batclipholder.stl(3)
G0 F9000 X92.713 Y156.53
G0 X97.773 Y147.92
G0 X98.712 Y148.462
G0 X136.289 Y148.463
G0 X137.621 Y148.146
;TYPE:WALL-INNER
G1 F2700 E394.59954
G1 F1239.7 X141.263 Y154.477 E394.89348
G0 F9000 X141.785 Y155.013
G0 X142.441 Y154.839
G0 X142.695 Y154.125
G1 F991.7 X142.7 Y140.5 E395.5789
G0 F9000 X143.034 Y139.585
G1 F1282.1 X143.291 Y139.471 E395.58984
G1 X151.709 Y139.471 E395.91742
G1 F1284.8 X151.967 Y139.585 E395.92838
G1 X151.967 Y139.005 E395.9509
G1 F1282.1 X143.034 Y139.006 E396.29852
G1 X143.034 Y139.585 E396.32105
G0 F9000 X142.7 Y140.5
G1 F1200 X143.002 Y140.05 E396.34358
G1 F1500 X143.337 Y139.903 E396.35575
G1 X151.663 Y139.902 E396.63267
G1 X151.998 Y140.05 E396.64486
G1 F1200 X152.3 Y140.5 E396.66739
G1 X152.4 Y139.869 E396.69395
G1 F1500 X152.4 Y138.572 E396.73709
G1 X142.6 Y138.572 E397.06304
G1 X142.6 Y139.869 E397.10617
G1 F1200 X142.7 Y140.5 E397.13274
G0 F9000 X142.962 Y140.062
G0 X152.038 Y140.062
G0 X152.3 Y140.5
G1 F991.7 X152.305 Y154.125 E397.81815
G0 F9000 X152.559 Y154.839
G0 X153.215 Y155.013
G0 X153.793 Y154.382
G1 F1271.2 X155.584 Y151.265 E397.95924
G1 F1229.5 X157.376 Y148.148 E398.10514
G0 F9000 X153.215 Y155.013
G0 X152.578 Y155.794
G1 F1694.9 X153.025 Y155.021 E398.13142
G1 X152.752 Y154.95 E398.13972
G1 X152.578 Y154.76 E398.14731
G1 X152.578 Y155.794 E398.17774
G0 F9000 X152.2 Y156.424
G1 F1500 X152.649 Y156.424 E398.19268
G1 X153.336 Y155.235 E398.23835
G1 F1388.9 X153.793 Y154.382 E398.27311
G1 X153.091 Y154.649 E398.30009
G1 F1500 X152.847 Y154.585 E398.30848
G1 F1188.1 X152.305 Y154.125 E398.33833
G1 F1075.3 X152.253 Y154.605 E398.36073
G1 F1327.4 X152.201 Y155.085 E398.37888
G1 F1500 X152.2 Y156.424 E398.42341
G1 F2700 E393.42341
G0 F9000 X152.48 Y156.146
G0 X152.038 Y140.062
G0 X142.962 Y140.062
G0 X142.422 Y155.799
G1 F2700 E398.42341
G1 F1685.4 X142.422 Y154.76 E398.45417
G1 X142.245 Y154.952 E398.4619
G1 X141.973 Y155.021 E398.47021
G1 X142.422 Y155.799 E398.4968
G0 F9000 X142.346 Y156.424
G1 F1500 X142.8 Y156.424 E398.5119
G1 X142.8 Y155.089 E398.5563
G1 F1327.4 X142.748 Y154.607 E398.57452
G1 F1075.3 X142.695 Y154.125 E398.59702
G1 F1188.1 X142.15 Y154.586 E398.62699
G1 F1500 X141.902 Y154.649 E398.6355
G1 F1373 X141.263 Y154.477 E398.65955
G1 X141.658 Y155.23 E398.69044
G1 F1500 X142.346 Y156.424 E398.73628
G0 F9000 X142.116 Y156.824
;TYPE:WALL-OUTER
G1 F1500 X143.2 Y156.824 E398.77233
G1 X143.2 Y140.5 E399.31527
G1 X143.267 Y140.35 E399.32073
G1 X143.379 Y140.301 E399.3248
G1 X151.621 Y140.3 E399.59893
G1 X151.733 Y140.35 E399.60301
G1 X151.8 Y140.5 E399.60847
G1 X151.8 Y156.824 E400.15141
G1 X152.88 Y156.824 E400.18733
G1 X158.151 Y147.701 E400.53777
G1 X157.117 Y147.7 E400.57216
G1 X153.418 Y154.168 E400.81998
G1 X153.193 Y154.262 E400.82809
G1 X152.949 Y154.198 E400.83648
G1 X152.802 Y154.039 E400.84369
G1 X152.8 Y138.172 E401.37142
G1 X142.2 Y138.172 E401.72398
G1 X142.198 Y154.039 E402.25172
G1 X142.05 Y154.198 E402.25895
G1 X141.802 Y154.262 E402.26746
G1 X141.598 Y154.197 E402.27459
G1 X137.88 Y147.7 E402.52356
G1 X136.848 Y147.7 E402.55788
G1 X142.116 Y156.824 E402.9083
G1 F2700 E397.9083
;MESH:batclipholder.stl(2)
G0 F9000 X142.287 Y156.53
G0 X142.412 Y155.16
G0 X142.424 Y138.398
G0 X142.424 Y137.309
G0 X142.424 Y97.691
G0 X142.424 Y96.596
G0 X142.422 Y95.799
;TYPE:WALL-INNER
G1 F2700 E402.9083
G1 F1685.4 X142.422 Y94.76 E402.93905
G1 X142.245 Y94.952 E402.94678
G1 X141.973 Y95.021 E402.95509
G1 X142.422 Y95.799 E402.98168
G0 F9000 X142.346 Y96.424
G1 F1500 X142.8 Y96.424 E402.99678
G1 X142.8 Y95.089 E403.04118
G1 F1327.4 X142.748 Y94.607 E403.0594
G1 F1075.3 X142.695 Y94.125 E403.0819
G1 F1188.1 X142.15 Y94.586 E403.11188
G1 F1500 X141.902 Y94.649 E403.12039
G1 F1373 X141.263 Y94.477 E403.14443
G1 X141.658 Y95.23 E403.17533
G1 F1500 X142.346 Y96.424 E403.22116
G0 F9000 X142.517 Y96.13
G0 X141.263 Y94.477
G1 F1239.7 X137.621 Y88.146 E403.5151
G0 F9000 X141.785 Y95.013
G0 X142.441 Y94.839
G0 X142.695 Y94.125
G1 F991.7 X142.7 Y80.5 E404.20052
G0 F9000 X143.034 Y79.585
G1 F1282.1 X143.291 Y79.471 E404.21146
G1 X151.709 Y79.471 E404.53905
G1 F1284.8 X151.967 Y79.585 E404.55
G1 X151.967 Y79.005 E404.57252
G1 F1282.1 X143.034 Y79.006 E404.92014
G1 X143.034 Y79.585 E404.94267
G0 F9000 X142.7 Y80.5
G1 F1200 X143.002 Y80.05 E404.96521
G1 F1500 X143.337 Y79.903 E404.97737
G1 X151.663 Y79.902 E405.2543
G1 X151.998 Y80.05 E405.26648
G1 F1200 X152.3 Y80.5 E405.28901
G1 X152.4 Y79.869 E405.31557
G1 F1500 X152.4 Y78.572 E405.35871
G1 X142.6 Y78.572 E405.68466
G1 X142.6 Y79.869 E405.7278
G1 F1200 X142.7 Y80.5 E405.75436
G0 F9000 X142.962 Y80.062
G0 X152.038 Y80.062
G0 X152.3 Y80.5
G1 F991.7 X152.305 Y94.125 E406.43978
G0 F9000 X152.559 Y94.839
G0 X153.215 Y95.013
G0 X153.793 Y94.382
G1 F1271.2 X155.584 Y91.265 E406.58087
G1 F1229.5 X157.376 Y88.148 E406.72676
G0 F9000 X153.215 Y95.013
G0 X152.578 Y95.794
G1 F1694.9 X153.025 Y95.021 E406.75304
G1 X152.752 Y94.95 E406.76135
G1 X152.578 Y94.76 E406.76893
G1 X152.578 Y95.794 E406.79936
G0 F9000 X152.2 Y96.424
G1 F1500 X152.649 Y96.424 E406.8143
G1 X153.336 Y95.235 E406.85997
G1 F1388.9 X153.793 Y94.382 E406.89473
G1 X153.091 Y94.649 E406.92171
G1 F1500 X152.847 Y94.585 E406.9301
G1 F1188.1 X152.305 Y94.125 E406.95995
G1 F1075.3 X152.253 Y94.605 E406.98235
G1 F1327.4 X152.201 Y95.085 E407.0005
G1 F1500 X152.2 Y96.424 E407.04503
G1 F2700 E402.04503
G0 F9000 X152.48 Y96.146
G0 X152.038 Y80.062
G0 X142.962 Y80.062
G0 X142.955 Y89.385
G0 X142.287 Y96.53
G0 X142.116 Y96.824
;TYPE:WALL-OUTER
G1 F2700 E407.04503
G1 F1500 X143.2 Y96.824 E407.08109
G1 X143.2 Y80.5 E407.62403
G1 X143.267 Y80.35 E407.62949
G1 X143.379 Y80.301 E407.63356
G1 X151.621 Y80.3 E407.90769
G1 X151.733 Y80.35 E407.91177
G1 X151.8 Y80.5 E407.91723
G1 X151.8 Y96.824 E408.46017
G1 X152.88 Y96.824 E408.49609
G1 X158.151 Y87.701 E408.84653
G1 X157.117 Y87.7 E408.88092
G1 X153.418 Y94.168 E409.12874
G1 X153.193 Y94.262 E409.13685
G1 X152.949 Y94.198 E409.14524
G1 X152.802 Y94.039 E409.15244
G1 X152.8 Y78.172 E409.68018
G1 X142.2 Y78.172 E410.03274
G1 X142.198 Y94.039 E410.56048
G1 X142.05 Y94.198 E410.5677
G1 X141.802 Y94.262 E410.57622
G1 X141.598 Y94.197 E410.58334
G1 X137.88 Y87.7 E410.83231
G1 X136.848 Y87.7 E410.86664
G1 X142.116 Y96.824 E411.21706
G1 F2700 E406.21706
;MESH:NONMESH
G0 F300 X142.116 Y96.824 Z0.8
G0 F9000 X142.287 Y96.53
G0 X137.227 Y87.92
G0 X136.289 Y88.463
G0 X93.653 Y77.321
G0 X88 Y77.309
G0 X88 Y81.3
;TIME_ELAPSED:708.027492
;LAYER:3
M106 S255
;TYPE:SUPPORT
G1 F2700 E411.21706
G1 F1500 X88 Y93.794 E411.63261
G1 F2700 E406.63261
G0 F9000 X88 Y94.46
G0 X88 Y137.309
G0 X88 Y141.3
G1 F2700 E411.63261
G1 F1500 X88 Y153.794 E412.04816
G1 F2700 E407.04816
G0 F9000 X88 Y154.46
G0 X90.947 Y157.679
G0 X144.053 Y157.679
G0 X148 Y154.46
G0 X148 Y153.794
G1 F2700 E412.04816
G1 F1500 X148 Y141.3 E412.46371
G1 F2700 E407.46371
G0 F9000 X148 Y137.309
G0 X148 Y94.46
G0 X148 Y93.794
G1 F2700 E412.46371
G1 F1500 X148 Y81.3 E412.87926
G1 F2700 E407.87926
;MESH:batclipholder.stl(1)
G0 F9000 X148 Y77.309
G0 X141.347 Y77.321
G0 X98.712 Y88.462
G0 X97.376 Y88.148
;TYPE:WALL-INNER
G1 F2700 E412.87926
G1 F1229.5 X95.584 Y91.265 E413.02516
G1 F1271.2 X93.793 Y94.382 E413.16624
G0 F9000 X93.215 Y95.013
G0 X92.559 Y94.839
G0 X92.305 Y94.125
G1 F991.7 X92.3 Y80.5 E413.85166
G0 F9000 X91.967 Y79.585
G1 F1284.8 X91.967 Y79.005 E413.87419
G1 F1282.1 X83.034 Y79.006 E414.22181
G1 X83.034 Y79.585 E414.24434
G1 X83.291 Y79.471 E414.25528
G1 X91.709 Y79.471 E414.58286
G1 F1284.8 X91.967 Y79.585 E414.59381
G0 F9000 X92.3 Y80.5
G1 F1200 X92.4 Y79.869 E414.62038
G1 F1500 X92.4 Y78.572 E414.66351
G1 X82.6 Y78.572 E414.98946
G1 X82.6 Y79.869 E415.0326
G1 F1200 X82.7 Y80.5 E415.05916
G1 X83.002 Y80.05 E415.08169
G1 F1500 X83.337 Y79.903 E415.09386
G1 X91.663 Y79.902 E415.37079
G1 X91.998 Y80.05 E415.38297
G1 F1200 X92.3 Y80.5 E415.4055
G0 F9000 X92.038 Y80.062
G0 X82.962 Y80.062
G0 X82.7 Y80.5
G1 F991.7 X82.695 Y94.125 E416.09092
G0 F9000 X82.441 Y94.839
G0 X81.785 Y95.013
G0 X81.263 Y94.477
G1 F1239.7 X77.621 Y88.146 E416.38486
G0 F9000 X81.785 Y95.013
G0 X82.422 Y95.799
G1 F1685.4 X82.422 Y94.76 E416.41561
G1 X82.245 Y94.952 E416.42334
G1 X81.973 Y95.021 E416.43165
G1 X82.422 Y95.799 E416.45824
G0 F9000 X82.8 Y96.424
G1 F1500 X82.8 Y95.089 E416.50264
G1 F1327.4 X82.748 Y94.607 E416.52086
G1 F1075.3 X82.695 Y94.125 E416.54336
G1 F1188.1 X82.15 Y94.586 E416.57334
G1 F1500 X81.902 Y94.649 E416.58185
G1 F1373 X81.263 Y94.477 E416.60589
G1 X81.658 Y95.23 E416.63679
G1 F1500 X82.346 Y96.424 E416.68262
G1 X82.8 Y96.424 E416.69772
G1 F2700 E411.69772
G0 F9000 X82.52 Y96.146
G0 X82.962 Y80.062
G0 X92.038 Y80.062
G0 X92.578 Y95.794
G1 F2700 E416.69772
G1 F1694.9 X93.025 Y95.021 E416.72401
G1 X92.752 Y94.95 E416.73231
G1 X92.578 Y94.76 E416.73989
G1 X92.578 Y95.794 E416.77033
G0 F9000 X92.649 Y96.424
G1 F1500 X93.336 Y95.235 E416.816
G1 F1388.9 X93.793 Y94.382 E416.85076
G1 X93.091 Y94.649 E416.87774
G1 F1500 X92.847 Y94.585 E416.88613
G1 F1188.1 X92.305 Y94.125 E416.91598
G1 F1075.3 X92.253 Y94.605 E416.93838
G1 F1327.4 X92.201 Y95.085 E416.95653
G1 F1500 X92.2 Y96.424 E417.00107
G1 X92.649 Y96.424 E417.016
G0 F9000 X92.88 Y96.824
;TYPE:WALL-OUTER
G1 F1500 X98.151 Y87.701 E417.36644
G1 X97.117 Y87.7 E417.40083
G1 X93.418 Y94.168 E417.64865
G1 X93.193 Y94.262 E417.65676
G1 X92.949 Y94.198 E417.66515
G1 X92.802 Y94.039 E417.67235
G1 X92.8 Y78.172 E418.20009
G1 X82.2 Y78.172 E418.55265
G1 X82.198 Y94.039 E419.08039
G1 X82.05 Y94.198 E419.08761
G1 X81.802 Y94.262 E419.09613
G1 X81.598 Y94.197 E419.10325
G1 X77.88 Y87.7 E419.35222
G1 X76.848 Y87.7 E419.38655
G1 X82.116 Y96.824 E419.73696
G1 X83.2 Y96.824 E419.77302
G1 X83.2 Y80.5 E420.31596
G1 X83.267 Y80.35 E420.32142
G1 X83.379 Y80.301 E420.32549
G1 X91.621 Y80.3 E420.59962
G1 X91.733 Y80.35 E420.6037
G1 X91.8 Y80.5 E420.60916
G1 X91.8 Y96.824 E421.1521
G1 X92.88 Y96.824 E421.18802
G1 F2700 E416.18802
;MESH:batclipholder.stl
G0 F9000 X92.713 Y96.53
G0 X92.024 Y96.602
G0 X92.024 Y97.691
G0 X92.024 Y137.309
G0 X92.024 Y138.404
G0 X91.967 Y139.585
;TYPE:WALL-INNER
G1 F2700 E421.18802
G1 F1284.8 X91.967 Y139.005 E421.21054
G1 F1282.1 X83.034 Y139.006 E421.55816
G1 X83.034 Y139.585 E421.5807
G1 X83.291 Y139.471 E421.59164
G1 X91.709 Y139.471 E421.91922
G1 F1284.8 X91.967 Y139.585 E421.93017
G0 F9000 X92.3 Y140.5
G1 F1200 X92.4 Y139.869 E421.95673
G1 F1500 X92.4 Y138.572 E421.99987
G1 X82.6 Y138.572 E422.32582
G1 X82.6 Y139.869 E422.36896
G1 F1200 X82.7 Y140.5 E422.39552
G1 X83.002 Y140.05 E422.41805
G1 F1500 X83.337 Y139.903 E422.43022
G1 X91.663 Y139.902 E422.70714
G1 X91.998 Y140.05 E422.71932
G1 F1200 X92.3 Y140.5 E422.74185
G1 F991.7 X92.305 Y154.125 E423.42727
G0 F9000 X92.559 Y154.839
G0 X93.215 Y155.013
G0 X93.793 Y154.382
G1 F1271.2 X95.584 Y151.265 E423.56836
G1 F1229.5 X97.376 Y148.148 E423.71425
G0 F9000 X93.215 Y155.013
G0 X92.578 Y155.794
G1 F1694.9 X93.025 Y155.021 E423.74054
G1 X92.752 Y154.95 E423.74884
G1 X92.578 Y154.76 E423.75642
G1 X92.578 Y155.794 E423.78686
G0 F9000 X92.649 Y156.424
G1 F1500 X93.336 Y155.235 E423.83253
G1 F1388.9 X93.793 Y154.382 E423.86729
G1 X93.091 Y154.649 E423.89427
G1 F1500 X92.847 Y154.585 E423.90266
G1 F1188.1 X92.305 Y154.125 E423.93251
G1 F1075.3 X92.253 Y154.605 E423.95492
G1 F1327.4 X92.201 Y155.085 E423.97306
G1 F1500 X92.2 Y156.424 E424.0176
G1 X92.649 Y156.424 E424.03253
G1 F2700 E419.03253
G0 F9000 X92.483 Y156.13
G0 X92.038 Y140.062
G0 X82.962 Y140.062
G0 X82.695 Y154.125
G1 F2700 E424.03253
G1 F991.7 X82.7 Y140.5 E424.71795
G0 F9000 X82.441 Y154.839
G0 X81.785 Y155.013
G0 X77.621 Y148.146
G1 F1239.7 X81.263 Y154.477 E425.01189
G0 F9000 X82.422 Y155.799
G1 F1685.4 X82.422 Y154.76 E425.04265
G1 X82.245 Y154.952 E425.05038
G1 X81.973 Y155.021 E425.05868
G1 X82.422 Y155.799 E425.08527
G0 F9000 X82.8 Y156.424
G1 F1500 X82.8 Y155.089 E425.12967
G1 F1327.4 X82.748 Y154.607 E425.1479
G1 F1075.3 X82.695 Y154.125 E425.17039
G1 F1188.1 X82.15 Y154.586 E425.20037
G1 F1500 X81.902 Y154.649 E425.20888
G1 F1373 X81.263 Y154.477 E425.23292
G1 X81.658 Y155.23 E425.26382
G1 F1500 X82.346 Y156.424 E425.30966
G1 X82.8 Y156.424 E425.32476
G1 F2700 E420.32476
G0 F9000 X82.52 Y156.146
G0 X82.962 Y140.062
G0 X92.038 Y140.062
G0 X92.045 Y149.385
G0 X92.713 Y156.53
G0 X92.88 Y156.824
;TYPE:WALL-OUTER
G1 F2700 E425.32476
G1 F1500 X98.151 Y147.701 E425.67519
G1 X97.117 Y147.7 E425.70958
G1 X93.418 Y154.168 E425.95741
G1 X93.193 Y154.262 E425.96552
G1 X92.949 Y154.198 E425.97391
G1 X92.802 Y154.039 E425.98111
G1 X92.8 Y138.172 E426.50885
G1 X82.2 Y138.172 E426.8614
G1 X82.198 Y154.039 E427.38914
G1 X82.05 Y154.198 E427.39637
G1 X81.802 Y154.262 E427.40489
G1 X81.598 Y154.197 E427.41201
G1 X77.88 Y147.7 E427.66098
G1 X76.848 Y147.7 E427.6953
G1 X82.116 Y156.824 E428.04572
G1 X83.2 Y156.824 E428.08177
G1 X83.2 Y140.5 E428.62471
G1 X83.267 Y140.35 E428.63018
G1 X83.379 Y140.301 E428.63424
G1 X91.621 Y140.3 E428.90837
G1 X91.733 Y140.35 E428.91245
G1 X91.8 Y140.5 E428.91792
G1 X91.8 Y156.824 E429.46086
G1 X92.88 Y156.824 E429.49678
G1 F2700 E424.49678
;MESH:batclipholder.stl(3)
G0 F9000 X92.713 Y156.53
G0 X97.773 Y147.92
G0 X98.712 Y148.462
G0 X136.289 Y148.463
G0 X137.621 Y148.146
;TYPE:WALL-INNER
G1 F2700 E429.49678
G1 F1239.7 X141.263 Y154.477 E429.79072
G0 F9000 X141.785 Y155.013
G0 X142.441 Y154.839
G0 X142.695 Y154.125
G1 F991.7 X142.7 Y140.5 E430.47614
G0 F9000 X143.034 Y139.585
G1 F1282.1 X143.291 Y139.471 E430.48708
G1 X151.709 Y139.471 E430.81466
G1 F1284.8 X151.967 Y139.585 E430.82561
G1 X151.967 Y139.005 E430.84813
G1 F1282.1 X143.034 Y139.006 E431.19575
G1 X143.034 Y139.585 E431.21829
G0 F9000 X142.7 Y140.5
G1 F1200 X143.002 Y140.05 E431.24082
G1 F1500 X143.337 Y139.903 E431.25298
G1 X151.663 Y139.902 E431.52991
G1 X151.998 Y140.05 E431.54209
G1 F1200 X152.3 Y140.5 E431.56462
G1 X152.4 Y139.869 E431.59118
G1 F1500 X152.4 Y138.572 E431.63432
G1 X142.6 Y138.572 E431.96027
G1 X142.6 Y139.869 E432.00341
G1 F1200 X142.7 Y140.5 E432.02997
G0 F9000 X142.962 Y140.062
G0 X152.038 Y140.062
G0 X152.3 Y140.5
G1 F991.7 X152.305 Y154.125 E432.71539
G0 F9000 X152.559 Y154.839
G0 X153.215 Y155.013
G0 X153.793 Y154.382
G1 F1271.2 X155.584 Y151.265 E432.85648
G1 F1229.5 X157.376 Y148.148 E433.00237
G0 F9000 X153.215 Y155.013
G0 X152.578 Y155.794
G1 F1694.9 X153.025 Y155.021 E433.02865
G1 X152.752 Y154.95 E433.03696
G1 X152.578 Y154.76 E433.04454
G1 X152.578 Y155.794 E433.07498
G0 F9000 X152.2 Y156.424
G1 F1500 X152.649 Y156.424 E433.08991
G1 X153.336 Y155.235 E433.13558
G1 F1388.9 X153.793 Y154.382 E433.17034
G1 X153.091 Y154.649 E433.19732
G1 F1500 X152.847 Y154.585 E433.20571
G1 F1188.1 X152.305 Y154.125 E433.23556
G1 F1075.3 X152.253 Y154.605 E433.25796
G1 F1327.4 X152.201 Y155.085 E433.27611
G1 F1500 X152.2 Y156.424 E433.32065
G1 F2700 E428.32065
G0 F9000 X152.48 Y156.146
G0 X152.038 Y140.062
G0 X142.962 Y140.062
G0 X142.422 Y155.799
G1 F2700 E433.32065
G1 F1685.4 X142.422 Y154.76 E433.3514
G1 X142.245 Y154.952 E433.35913
G1 X141.973 Y155.021 E433.36744
G1 X142.422 Y155.799 E433.39403
G0 F9000 X142.346 Y156.424
G1 F1500 X142.8 Y156.424 E433.40913
G1 X142.8 Y155.089 E433.45353
G1 F1327.4 X142.748 Y154.607 E433.47175
G1 F1075.3 X142.695 Y154.125 E433.49425
G1 F1188.1 X142.15 Y154.586 E433.52422
G1 F1500 X141.902 Y154.649 E433.53274
G1 F1373 X141.263 Y154.477 E433.55678
G1 X141.658 Y155.23 E433.58768
G1 F1500 X142.346 Y156.424 E433.63351
G0 F9000 X142.116 Y156.824
;TYPE:WALL-OUTER
G1 F1500 X143.2 Y156.824 E433.66957
G1 X143.2 Y140.5 E434.2125
G1 X143.267 Y140.35 E434.21797
G1 X143.379 Y140.301 E434.22203
G1 X151.621 Y140.3 E434.49616
G1 X151.733 Y140.35 E434.50024
G1 X151.8 Y140.5 E434.50571
G1 X151.8 Y156.824 E435.04865
G1 X152.88 Y156.824 E435.08457
G1 X158.151 Y147.701 E435.435
G1 X157.117 Y147.7 E435.4694
G1 X153.418 Y154.168 E435.71722
G1 X153.193 Y154.262 E435.72533
G1 X152.949 Y154.198 E435.73372
G1 X152.802 Y154.039 E435.74092
G1 X152.8 Y138.172 E436.26866
G1 X142.2 Y138.172 E436.62122
G1 X142.198 Y154.039 E437.14895
G1 X142.05 Y154.198 E437.15618
G1 X141.802 Y154.262 E437.1647
G1 X141.598 Y154.197 E437.17182
G1 X137.88 Y147.7 E437.42079
G1 X136.848 Y147.7 E437.45512
G1 X142.116 Y156.824 E437.80553
G1 F2700 E432.80553
;MESH:batclipholder.stl(2)
G0 F9000 X142.287 Y156.53
G0 X142.412 Y155.16
G0 X142.424 Y138.398
G0 X142.424 Y137.309
G0 X142.424 Y97.691
G0 X142.424 Y96.596
G0 X142.422 Y95.799
;TYPE:WALL-INNER
G1 F2700 E437.80553
G1 F1685.4 X142.422 Y94.76 E437.83629
G1 X142.245 Y94.952 E437.84402
G1 X141.973 Y95.021 E437.85233
G1 X142.422 Y95.799 E437.87892
G0 F9000 X142.346 Y96.424
G1 F1500 X142.8 Y96.424 E437.89402
G1 X142.8 Y95.089 E437.93842
G1 F1327.4 X142.748 Y94.607 E437.95664
G1 F1075.3 X142.695 Y94.125 E437.97914
G1 F1188.1 X142.15 Y94.586 E438.00911
G1 F1500 X141.902 Y94.649 E438.01762
G1 F1373 X141.263 Y94.477 E438.04167
G1 X141.658 Y95.23 E438.07256
G1 F1500 X142.346 Y96.424 E438.1184
G0 F9000 X142.517 Y96.13
G0 X141.263 Y94.477
G1 F1239.7 X137.621 Y88.146 E438.41234
G0 F9000 X141.785 Y95.013
G0 X142.441 Y94.839
G0 X142.695 Y94.125
G1 F991.7 X142.7 Y80.5 E439.09776
G0 F9000 X143.034 Y79.585
G1 F1282.1 X143.291 Y79.471 E439.1087
G1 X151.709 Y79.471 E439.43628
G1 F1284.8 X151.967 Y79.585 E439.44723
G1 X151.967 Y79.005 E439.46975
G1 F1282.1 X143.034 Y79.006 E439.81738
G1 X143.034 Y79.585 E439.83991
G0 F9000 X142.7 Y80.5
G1 F1200 X143.002 Y80.05 E439.86244
G1 F1500 X143.337 Y79.903 E439.87461
G1 X151.663 Y79.902 E440.15153
G1 X151.998 Y80.05 E440.16371
G1 F1200 X152.3 Y80.5 E440.18624
G1 X152.4 Y79.869 E440.2128
G1 F1500 X152.4 Y78.572 E440.25594
G1 X142.6 Y78.572 E440.58189
G1 X142.6 Y79.869 E440.62503
G1 F1200 X142.7 Y80.5 E440.65159
G0 F9000 X142.962 Y80.062
G0 X152.038 Y80.062
G0 X152.3 Y80.5
G1 F991.7 X152.305 Y94.125 E441.33701
G0 F9000 X152.559 Y94.839
G0 X153.215 Y95.013
G0 X153.793 Y94.382
G1 F1271.2 X155.584 Y91.265 E441.4781
G1 F1229.5 X157.376 Y88.148 E441.62399
G0 F9000 X153.215 Y95.013
G0 X152.578 Y95.794
G1 F1694.9 X153.025 Y95.021 E441.65028
G1 X152.752 Y94.95 E441.65858
G1 X152.578 Y94.76 E441.66616
G1 X152.578 Y95.794 E441.6966
G0 F9000 X152.2 Y96.424
G1 F1500 X152.649 Y96.424 E441.71153
G1 X153.336 Y95.235 E441.75721
G1 F1388.9 X153.793 Y94.382 E441.79197
G1 X153.091 Y94.649 E441.81894
G1 F1500 X152.847 Y94.585 E441.82733
G1 F1188.1 X152.305 Y94.125 E441.85719
G1 F1075.3 X152.253 Y94.605 E441.87959
G1 F1327.4 X152.201 Y95.085 E441.89773
G1 F1500 X152.2 Y96.424 E441.94227
G1 F2700 E436.94227
G0 F9000 X152.48 Y96.146
G0 X152.038 Y80.062
G0 X142.962 Y80.062
G0 X142.955 Y89.385
G0 X142.287 Y96.53
G0 X142.116 Y96.824
;TYPE:WALL-OUTER
G1 F2700 E441.94227
G1 F1500 X143.2 Y96.824 E441.97832
G1 X143.2 Y80.5 E442.52126
G1 X143.267 Y80.35 E442.52672
G1 X143.379 Y80.301 E442.53079
G1 X151.621 Y80.3 E442.80492
G1 X151.733 Y80.35 E442.809
G1 X151.8 Y80.5 E442.81446
G1 X151.8 Y96.824 E443.3574
G1 X152.88 Y96.824 E443.39332
G1 X158.151 Y87.701 E443.74376
G1 X157.117 Y87.7 E443.77815
G1 X153.418 Y94.168 E444.02597
G1 X153.193 Y94.262 E444.03408
G1 X152.949 Y94.198 E444.04247
G1 X152.802 Y94.039 E444.04968
G1 X152.8 Y78.172 E444.57741
G1 X142.2 Y78.172 E444.92997
G1 X142.198 Y94.039 E445.45771
G1 X142.05 Y94.198 E445.46494
G1 X141.802 Y94.262 E445.47345
G1 X141.598 Y94.197 E445.48058
G1 X137.88 Y87.7 E445.72955
G1 X136.848 Y87.7 E445.76387
G1 X142.116 Y96.824 E446.11429
G1 F2700 E441.11429
;MESH:NONMESH
G0 F300 X142.116 Y96.824 Z1
G0 F9000 X142.287 Y96.53
G0 X137.227 Y87.92
G0 X136.289 Y88.463
G0 X93.653 Y77.321
G0 X88 Y77.309
G0 X88 Y81.3
;TIME_ELAPSED:774.812972
;LAYER:4
;TYPE:SUPPORT
G1 F2700 E446.11429
G1 F1500 X88 Y93.794 E446.52984
G1 F2700 E441.52984
G0 F9000 X88 Y94.46
G0 X88 Y137.309
G0 X88 Y141.3
G1 F2700 E446.52984
G1 F1500 X88 Y153.794 E446.94539
G1 F2700 E441.94539
G0 F9000 X88 Y154.46
G0 X90.947 Y157.679
G0 X144.053 Y157.679
G0 X148 Y154.46
G0 X148 Y153.794
G1 F2700 E446.94539
G1 F1500 X148 Y141.3 E447.36095
G1 F2700 E442.36095
G0 F9000 X148 Y137.309
G0 X148 Y94.46
G0 X148 Y93.794
G1 F2700 E447.36095
G1 F1500 X148 Y81.3 E447.7765
G1 F2700 E442.7765
;MESH:batclipholder.stl(1)
G0 F9000 X148 Y77.309
G0 X141.347 Y77.321
G0 X98.712 Y88.462
G0 X97.376 Y88.148
;TYPE:WALL-INNER
G1 F2700 E447.7765
G1 F1229.5 X95.584 Y91.265 E447.92239
G1 F1271.2 X93.793 Y94.382 E448.06348
G0 F9000 X93.215 Y95.013
G0 X92.559 Y94.839
G0 X92.305 Y94.125
G1 F991.7 X92.3 Y80.5 E448.7489
G0 F9000 X91.967 Y79.585
G1 F1284.8 X91.967 Y79.005 E448.77142
G1 F1282.1 X83.034 Y79.006 E449.11904
G1 X83.034 Y79.585 E449.14157
G1 X83.291 Y79.471 E449.15251
G1 X91.709 Y79.471 E449.48009
G1 F1284.8 X91.967 Y79.585 E449.49105
G0 F9000 X92.3 Y80.5
G1 F1200 X92.4 Y79.869 E449.51761
G1 F1500 X92.4 Y78.572 E449.56075
G1 X82.6 Y78.572 E449.8867
G1 X82.6 Y79.869 E449.92983
G1 F1200 X82.7 Y80.5 E449.9564
G1 X83.002 Y80.05 E449.97893
G1 F1500 X83.337 Y79.903 E449.9911
G1 X91.663 Y79.902 E450.26802
G1 X91.998 Y80.05 E450.2802
G1 F1200 X92.3 Y80.5 E450.30273
G0 F9000 X92.038 Y80.062
G0 X82.962 Y80.062
G0 X82.7 Y80.5
G1 F991.7 X82.695 Y94.125 E450.98815
G0 F9000 X82.441 Y94.839
G0 X81.785 Y95.013
G0 X81.263 Y94.477
G1 F1239.7 X77.621 Y88.146 E451.28209
G0 F9000 X81.785 Y95.013
G0 X82.422 Y95.799
G1 F1685.4 X82.422 Y94.76 E451.31285
G1 X82.245 Y94.952 E451.32058
G1 X81.973 Y95.021 E451.32888
G1 X82.422 Y95.799 E451.35547
G0 F9000 X82.8 Y96.424
G1 F1500 X82.8 Y95.089 E451.39988
G1 F1327.4 X82.748 Y94.607 E451.4181
G1 F1075.3 X82.695 Y94.125 E451.4406
G1 F1188.1 X82.15 Y94.586 E451.47057
G1 F1500 X81.902 Y94.649 E451.47908
G1 F1373 X81.263 Y94.477 E451.50313
G1 X81.658 Y95.23 E451.53402
G1 F1500 X82.346 Y96.424 E451.57986
G1 X82.8 Y96.424 E451.59496
G1 F2700 E446.59496
G0 F9000 X82.52 Y96.146
G0 X82.962 Y80.062
G0 X92.038 Y80.062
G0 X92.578 Y95.794
G1 F2700 E451.59496
G1 F1694.9 X93.025 Y95.021 E451.62124
G1 X92.752 Y94.95 E451.62954
G1 X92.578 Y94.76 E451.63713
G1 X92.578 Y95.794 E451.66756
G0 F9000 X92.649 Y96.424
G1 F1500 X93.336 Y95.235 E451.71324
G1 F1388.9 X93.793 Y94.382 E451.748
G1 X93.091 Y94.649 E451.77498
G1 F1500 X92.847 Y94.585 E451.78337
G1 F1188.1 X92.305 Y94.125 E451.81322
G1 F1075.3 X92.253 Y94.605 E451.83562
G1 F1327.4 X92.201 Y95.085 E451.85376
G1 F1500 X92.2 Y96.424 E451.8983
G1 X92.649 Y96.424 E451.91323
G0 F9000 X92.88 Y96.824
;TYPE:WALL-OUTER
G1 F1500 X98.151 Y87.701 E452.26367
G1 X97.117 Y87.7 E452.29806
G1 X93.418 Y94.168 E452.54588
G1 X93.193 Y94.262 E452.55399
G1 X92.949 Y94.198 E452.56238
G1 X92.802 Y94.039 E452.56959
G1 X92.8 Y78.172 E453.09732
G1 X82.2 Y78.172 E453.44988
G1 X82.198 Y94.039 E453.97762
G1 X82.05 Y94.198 E453.98484
G1 X81.802 Y94.262 E453.99336
G1 X81.598 Y94.197 E454.00048
G1 X77.88 Y87.7 E454.24946
G1 X76.848 Y87.7 E454.28378
G1 X82.116 Y96.824 E454.6342
G1 X83.2 Y96.824 E454.67025
G1 X83.2 Y80.5 E455.21319
G1 X83.267 Y80.35 E455.21865
G1 X83.379 Y80.301 E455.22272
G1 X91.621 Y80.3 E455.49685
G1 X91.733 Y80.35 E455.50093
G1 X91.8 Y80.5 E455.50639
G1 X91.8 Y96.824 E456.04933
G1 X92.88 Y96.824 E456.08525
G1 F2700 E451.08525
;MESH:batclipholder.stl
G0 F9000 X92.713 Y96.53
G0 X92.024 Y96.602
G0 X92.024 Y97.691
G0 X92.024 Y137.309
G0 X92.024 Y138.404
G0 X91.967 Y139.585
;TYPE:WALL-INNER
G1 F2700 E456.08525
G1 F1284.8 X91.967 Y139.005 E456.10778
G1 F1282.1 X83.034 Y139.006 E456.4554
G1 X83.034 Y139.585 E456.47793
G1 X83.291 Y139.471 E456.48887
G1 X91.709 Y139.471 E456.81645
G1 F1284.8 X91.967 Y139.585 E456.8274
G0 F9000 X92.3 Y140.5
G1 F1200 X92.4 Y139.869 E456.85397
G1 F1500 X92.4 Y138.572 E456.8971
G1 X82.6 Y138.572 E457.22305
G1 X82.6 Y139.869 E457.26619
G1 F1200 X82.7 Y140.5 E457.29275
G1 X83.002 Y140.05 E457.31528
G1 F1500 X83.337 Y139.903 E457.32745
G1 X91.663 Y139.902 E457.60438
G1 X91.998 Y140.05 E457.61656
G1 F1200 X92.3 Y140.5 E457.63909
G1 F991.7 X92.305 Y154.125 E458.32451
G0 F9000 X92.559 Y154.839
G0 X93.215 Y155.013
G0 X93.793 Y154.382
G1 F1271.2 X95.584 Y151.265 E458.4656
G1 F1229.5 X97.376 Y148.148 E458.61149
G0 F9000 X93.215 Y155.013
G0 X92.578 Y155.794
G1 F1694.9 X93.025 Y155.021 E458.63777
G1 X92.752 Y154.95 E458.64608
G1 X92.578 Y154.76 E458.65366
G1 X92.578 Y155.794 E458.68409
G0 F9000 X92.649 Y156.424
G1 F1500 X93.336 Y155.235 E458.72977
G1 F1388.9 X93.793 Y154.382 E458.76453
G1 X93.091 Y154.649 E458.79151
G1 F1500 X92.847 Y154.585 E458.7999
G1 F1188.1 X92.305 Y154.125 E458.82975
G1 F1075.3 X92.253 Y154.605 E458.85215
G1 F1327.4 X92.201 Y155.085 E458.8703
G1 F1500 X92.2 Y156.424 E458.91483
G1 X92.649 Y156.424 E458.92976
G1 F2700 E453.92976
G0 F9000 X92.483 Y156.13
G0 X92.038 Y140.062
G0 X82.962 Y140.062
G0 X82.695 Y154.125
G1 F2700 E458.92976
G1 F991.7 X82.7 Y140.5 E459.61518
G0 F9000 X82.441 Y154.839
G0 X81.785 Y155.013
G0 X77.621 Y148.146
G1 F1239.7 X81.263 Y154.477 E459.90912
G0 F9000 X82.422 Y155.799
G1 F1685.4 X82.422 Y154.76 E459.93988
G1 X82.245 Y154.952 E459.94761
G1 X81.973 Y155.021 E459.95592
G1 X82.422 Y155.799 E459.98251
G0 F9000 X82.8 Y156.424
G1 F1500 X82.8 Y155.089 E460.02691
G1 F1327.4 X82.748 Y154.607 E460.04513
G1 F1075.3 X82.695 Y154.125 E460.06763
G1 F1188.1 X82.15 Y154.586 E460.0976
G1 F1500 X81.902 Y154.649 E460.10611
G1 F1373 X81.263 Y154.477 E460.13016
G1 X81.658 Y155.23 E460.16106
G1 F1500 X82.346 Y156.424 E460.20689
G1 X82.8 Y156.424 E460.22199
G1 F2700 E455.22199
G0 F9000 X82.52 Y156.146
G0 X82.962 Y140.062
G0 X92.038 Y140.062
G0 X92.045 Y149.385
G0 X92.713 Y156.53
G0 X92.88 Y156.824
;TYPE:WALL-OUTER
G1 F2700 E460.22199
G1 F1500 X98.151 Y147.701 E460.57243
G1 X97.117 Y147.7 E460.60682
G1 X93.418 Y154.168 E460.85464
G1 X93.193 Y154.262 E460.86275
G1 X92.949 Y154.198 E460.87114
G1 X92.802 Y154.039 E460.87834
G1 X92.8 Y138.172 E461.40608
G1 X82.2 Y138.172 E461.75864
G1 X82.198 Y154.039 E462.28638
G1 X82.05 Y154.198 E462.2936
G1 X81.802 Y154.262 E462.30212
G1 X81.598 Y154.197 E462.30924
G1 X77.88 Y147.7 E462.55821
G1 X76.848 Y147.7 E462.59254
G1 X82.116 Y156.824 E462.94295
G1 X83.2 Y156.824 E462.97901
G1 X83.2 Y140.5 E463.52195
G1 X83.267 Y140.35 E463.52741
G1 X83.379 Y140.301 E463.53148
G1 X91.621 Y140.3 E463.80561
G1 X91.733 Y140.35 E463.80969
G1 X91.8 Y140.5 E463.81515
G1 X91.8 Y156.824 E464.35809
G1 X92.88 Y156.824 E464.39401
G1 F2700 E459.39401
;MESH:batclipholder.stl(3)
G0 F9000 X92.713 Y156.53
G0 X97.773 Y147.92
G0 X98.712 Y148.462
G0 X136.289 Y148.463
G0 X137.621 Y148.146
;TYPE:WALL-INNER
G1 F2700 E464.39401
G1 F1239.7 X141.263 Y154.477 E464.68795
G0 F9000 X141.785 Y155.013
G0 X142.441 Y154.839
G0 X142.695 Y154.125
G1 F991.7 X142.7 Y140.5 E465.37337
G0 F9000 X143.034 Y139.585
G1 F1282.1 X143.291 Y139.471 E465.38431
G1 X151.709 Y139.471 E465.71189
G1 F1284.8 X151.967 Y139.585 E465.72284
G1 X151.967 Y139.005 E465.74537
G1 F1282.1 X143.034 Y139.006 E466.09299
G1 X143.034 Y139.585 E466.11552
G0 F9000 X142.7 Y140.5
G1 F1200 X143.002 Y140.05 E466.13805
G1 F1500 X143.337 Y139.903 E466.15022
G1 X151.663 Y139.902 E466.42714
G1 X151.998 Y140.05 E466.43932
G1 F1200 X152.3 Y140.5 E466.46185
G1 X152.4 Y139.869 E466.48842
G1 F1500 X152.4 Y138.572 E466.53155
G1 X142.6 Y138.572 E466.8575
G1 X142.6 Y139.869 E466.90064
G1 F1200 X142.7 Y140.5 E466.9272
G0 F9000 X142.962 Y140.062
G0 X152.038 Y140.062
G0 X152.3 Y140.5
G1 F991.7 X152.305 Y154.125 E467.61262
G0 F9000 X152.559 Y154.839
G0 X153.215 Y155.013
G0 X153.793 Y154.382
G1 F1271.2 X155.584 Y151.265 E467.75371
G1 F1229.5 X157.376 Y148.148 E467.8996
G0 F9000 X153.215 Y155.013
G0 X152.578 Y155.794
G1 F1694.9 X153.025 Y155.021 E467.92589
G1 X152.752 Y154.95 E467.93419
G1 X152.578 Y154.76 E467.94177
G1 X152.578 Y155.794 E467.97221
G0 F9000 X152.2 Y156.424
G1 F1500 X152.649 Y156.424 E467.98714
G1 X153.336 Y155.235 E468.03282
G1 F1388.9 X153.793 Y154.382 E468.06758
G1 X153.091 Y154.649 E468.09456
G1 F1500 X152.847 Y154.585 E468.10295
G1 F1188.1 X152.305 Y154.125 E468.1328
G1 F1075.3 X152.253 Y154.605 E468.1552
G1 F1327.4 X152.201 Y155.085 E468.17334
G1 F1500 X152.2 Y156.424 E468.21788
G1 F2700 E463.21788
G0 F9000 X152.48 Y156.146
G0 X152.038 Y140.062
G0 X142.962 Y140.062
G0 X142.422 Y155.799
G1 F2700 E468.21788
G1 F1685.4 X142.422 Y154.76 E468.24864
G1 X142.245 Y154.952 E468.25637
G1 X141.973 Y155.021 E468.26467
G1 X142.422 Y155.799 E468.29126
G0 F9000 X142.346 Y156.424
G1 F1500 X142.8 Y156.424 E468.30636
G1 X142.8 Y155.089 E468.35077
G1 F1327.4 X142.748 Y154.607 E468.36899
G1 F1075.3 X142.695 Y154.125 E468.39148
G1 F1188.1 X142.15 Y154.586 E468.42146
G1 F1500 X141.902 Y154.649 E468.42997
G1 F1373 X141.263 Y154.477 E468.45401
G1 X141.658 Y155.23 E468.48491
G1 F1500 X142.346 Y156.424 E468.53075
G0 F9000 X142.116 Y156.824
;TYPE:WALL-OUTER
G1 F1500 X143.2 Y156.824 E468.5668
G1 X143.2 Y140.5 E469.10974
G1 X143.267 Y140.35 E469.1152
G1 X143.379 Y140.301 E469.11927
G1 X151.621 Y140.3 E469.3934
G1 X151.733 Y140.35 E469.39748
G1 X151.8 Y140.5 E469.40294
G1 X151.8 Y156.824 E469.94588
G1 X152.88 Y156.824 E469.9818
G1 X158.151 Y147.701 E470.33224
G1 X157.117 Y147.7 E470.36663
G1 X153.418 Y154.168 E470.61445
G1 X153.193 Y154.262 E470.62256
G1 X152.949 Y154.198 E470.63095
G1 X152.802 Y154.039 E470.63815
G1 X152.8 Y138.172 E471.16589
G1 X142.2 Y138.172 E471.51845
G1 X142.198 Y154.039 E472.04619
G1 X142.05 Y154.198 E472.05341
G1 X141.802 Y154.262 E472.06193
G1 X141.598 Y154.197 E472.06905
G1 X137.88 Y147.7 E472.31803
G1 X136.848 Y147.7 E472.35235
G1 X142.116 Y156.824 E472.70277
G1 F2700 E467.70277
;MESH:batclipholder.stl(2)
G0 F9000 X142.287 Y156.53
G0 X142.412 Y155.16
G0 X142.424 Y138.398
G0 X142.424 Y137.309
G0 X142.424 Y97.691
G0 X142.424 Y96.596
G0 X142.422 Y95.799
;TYPE:WALL-INNER
G1 F2700 E472.70277
G1 F1685.4 X142.422 Y94.76 E472.73352
G1 X142.245 Y94.952 E472.74125
G1 X141.973 Y95.021 E472.74956
G1 X142.422 Y95.799 E472.77615
G0 F9000 X142.346 Y96.424
G1 F1500 X142.8 Y96.424 E472.79125
G1 X142.8 Y95.089 E472.83565
G1 F1327.4 X142.748 Y94.607 E472.85387
G1 F1075.3 X142.695 Y94.125 E472.87637
G1 F1188.1 X142.15 Y94.586 E472.90634
G1 F1500 X141.902 Y94.649 E472.91486
G1 F1373 X141.263 Y94.477 E472.9389
G1 X141.658 Y95.23 E472.9698
G1 F1500 X142.346 Y96.424 E473.01563
G0 F9000 X142.517 Y96.13
G0 X141.263 Y94.477
G1 F1239.7 X137.621 Y88.146 E473.30957
G0 F9000 X141.785 Y95.013
G0 X142.441 Y94.839
G0 X142.695 Y94.125
G1 F991.7 X142.7 Y80.5 E473.99499
G0 F9000 X143.034 Y79.585
G1 F1282.1 X143.291 Y79.471 E474.00593
G1 X151.709 Y79.471 E474.33351
G1 F1284.8 X151.967 Y79.585 E474.34447
G1 X151.967 Y79.005 E474.36699
G1 F1282.1 X143.034 Y79.006 E474.71461
G1 X143.034 Y79.585 E474.73714
G0 F9000 X142.7 Y80.5
G1 F1200 X143.002 Y80.05 E474.75967
G1 F1500 X143.337 Y79.903 E474.77184
G1 X151.663 Y79.902 E475.04876
G1 X151.998 Y80.05 E475.06095
G1 F1200 X152.3 Y80.5 E475.08348
G1 X152.4 Y79.869 E475.11004
G1 F1500 X152.4 Y78.572 E475.15318
G1 X142.6 Y78.572 E475.47913
G1 X142.6 Y79.869 E475.52226
G1 F1200 X142.7 Y80.5 E475.54883
G0 F9000 X142.962 Y80.062
G0 X152.038 Y80.062
G0 X152.3 Y80.5
G1 F991.7 X152.305 Y94.125 E476.23424
G0 F9000 X152.559 Y94.839
G0 X153.215 Y95.013
G0 X153.793 Y94.382
G1 F1271.2 X155.584 Y91.265 E476.37533
G1 F1229.5 X157.376 Y88.148 E476.52123
G0 F9000 X153.215 Y95.013
G0 X152.578 Y95.794
G1 F1694.9 X153.025 Y95.021 E476.54751
G1 X152.752 Y94.95 E476.55581
G1 X152.578 Y94.76 E476.5634
G1 X152.578 Y95.794 E476.59383
G0 F9000 X152.2 Y96.424
G1 F1500 X152.649 Y96.424 E476.60877
G1 X153.336 Y95.235 E476.65444
G1 F1388.9 X153.793 Y94.382 E476.6892
G1 X153.091 Y94.649 E476.71618
G1 F1500 X152.847 Y94.585 E476.72457
G1 F1188.1 X152.305 Y94.125 E476.75442
G1 F1075.3 X152.253 Y94.605 E476.77682
G1 F1327.4 X152.201 Y95.085 E476.79497
G1 F1500 X152.2 Y96.424 E476.8395
G1 F2700 E471.8395
G0 F9000 X152.48 Y96.146
G0 X152.038 Y80.062
G0 X142.962 Y80.062
G0 X142.955 Y89.385
G0 X142.287 Y96.53
G0 X142.116 Y96.824
;TYPE:WALL-OUTER
G1 F2700 E476.8395
G1 F1500 X143.2 Y96.824 E476.87556
G1 X143.2 Y80.5 E477.41849
G1 X143.267 Y80.35 E477.42396
G1 X143.379 Y80.301 E477.42802
G1 X151.621 Y80.3 E477.70215
G1 X151.733 Y80.35 E477.70623
G1 X151.8 Y80.5 E477.7117
G1 X151.8 Y96.824 E478.25464
G1 X152.88 Y96.824 E478.29056
G1 X158.151 Y87.701 E478.64099
G1 X157.117 Y87.7 E478.67539
G1 X153.418 Y94.168 E478.92321
G1 X153.193 Y94.262 E478.93132
G1 X152.949 Y94.198 E478.93971
G1 X152.802 Y94.039 E478.94691
G1 X152.8 Y78.172 E479.47465
G1 X142.2 Y78.172 E479.82721
G1 X142.198 Y94.039 E480.35494
G1 X142.05 Y94.198 E480.36217
G1 X141.802 Y94.262 E480.37069
G1 X141.598 Y94.197 E480.37781
G1 X137.88 Y87.7 E480.62678
G1 X136.848 Y87.7 E480.66111
G1 X142.116 Y96.824 E481.01152
G1 F2700 E476.01152
;MESH:NONMESH
G0 F300 X142.116 Y96.824 Z1.2
G0 F9000 X142.287 Y96.53
G0 X137.227 Y87.92
G0 X136.289 Y88.463
G0 X93.653 Y77.321
G0 X88 Y77.309
G0 X88 Y81.3
;TIME_ELAPSED:841.598451
;LAYER:5
;TYPE:SUPPORT
G1 F2700 E481.01152
G1 F1500 X88 Y93.794 E481.42707
G1 F2700 E476.42707
G0 F9000 X88 Y94.46
G0 X88 Y137.309
G0 X88 Y141.3
G1 F2700 E481.42707
G1 F1500 X88 Y153.794 E481.84263
G1 F2700 E476.84263
G0 F9000 X88 Y154.46
G0 X90.947 Y157.679
G0 X144.053 Y157.679
G0 X148 Y154.46
G0 X148 Y153.794
G1 F2700 E481.84263
G1 F1500 X148 Y141.3 E482.25818
G1 F2700 E477.25818
G0 F9000 X148 Y137.309
G0 X148 Y94.46
G0 X148 Y93.794
G1 F2700 E482.25818
G1 F1500 X148 Y81.3 E482.67373
G1 F2700 E477.67373
;MESH:batclipholder.stl(1)
G0 F9000 X148 Y77.309
G0 X141.347 Y77.321
G0 X98.712 Y88.462
G0 X97.376 Y88.148
;TYPE:WALL-INNER
G1 F2700 E482.67373
G1 F1229.5 X95.584 Y91.265 E482.81962
G1 F1271.2 X93.793 Y94.382 E482.96071
G0 F9000 X93.215 Y95.013
G0 X92.559 Y94.839
G0 X92.305 Y94.125
G1 F991.7 X92.3 Y80.5 E483.64613
G0 F9000 X91.967 Y79.585
G1 F1284.8 X91.967 Y79.005 E483.66865
G1 F1282.1 X83.034 Y79.006 E484.01628
G1 X83.034 Y79.585 E484.03881
G1 X83.291 Y79.471 E484.04975
G1 X91.709 Y79.471 E484.37733
G1 F1284.8 X91.967 Y79.585 E484.38828
G0 F9000 X92.3 Y80.5
G1 F1200 X92.4 Y79.869 E484.41484
G1 F1500 X92.4 Y78.572 E484.45798
G1 X82.6 Y78.572 E484.78393
G1 X82.6 Y79.869 E484.82707
G1 F1200 X82.7 Y80.5 E484.85363
G1 X83.002 Y80.05 E484.87616
G1 F1500 X83.337 Y79.903 E484.88833
G1 X91.663 Y79.902 E485.16525
G1 X91.998 Y80.05 E485.17743
G1 F1200 X92.3 Y80.5 E485.19997
G0 F9000 X92.038 Y80.062
G0 X82.962 Y80.062
G0 X82.7 Y80.5
G1 F991.7 X82.695 Y94.125 E485.88538
G0 F9000 X82.441 Y94.839
G0 X81.785 Y95.013
G0 X81.263 Y94.477
G1 F1239.7 X77.621 Y88.146 E486.17932
G0 F9000 X81.785 Y95.013
G0 X82.422 Y95.799
G1 F1685.4 X82.422 Y94.76 E486.21008
G1 X82.245 Y94.952 E486.21781
G1 X81.973 Y95.021 E486.22612
G1 X82.422 Y95.799 E486.25271
G0 F9000 X82.8 Y96.424
G1 F1500 X82.8 Y95.089 E486.29711
G1 F1327.4 X82.748 Y94.607 E486.31533
G1 F1075.3 X82.695 Y94.125 E486.33783
G1 F1188.1 X82.15 Y94.586 E486.3678
G1 F1500 X81.902 Y94.649 E486.37631
G1 F1373 X81.263 Y94.477 E486.40036
G1 X81.658 Y95.23 E486.43126
G1 F1500 X82.346 Y96.424 E486.47709
G1 X82.8 Y96.424 E486.49219
G1 F2700 E481.49219
G0 F9000 X82.52 Y96.146
G0 X82.962 Y80.062
G0 X92.038 Y80.062
G0 X92.578 Y95.794
G1 F2700 E486.49219
G1 F1694.9 X93.025 Y95.021 E486.51847
G1 X92.752 Y94.95 E486.52678
G1 X92.578 Y94.76 E486.53436
G1 X92.578 Y95.794 E486.5648
G0 F9000 X92.649 Y96.424
G1 F1500 X93.336 Y95.235 E486.61047
G1 F1388.9 X93.793 Y94.382 E486.64523
G1 X93.091 Y94.649 E486.67221
G1 F1500 X92.847 Y94.585 E486.6806
G1 F1188.1 X92.305 Y94.125 E486.71045
G1 F1075.3 X92.253 Y94.605 E486.73285
G1 F1327.4 X92.201 Y95.085 E486.751
G1 F1500 X92.2 Y96.424 E486.79553
G1 X92.649 Y96.424 E486.81047
G0 F9000 X92.88 Y96.824
;TYPE:WALL-OUTER
G1 F1500 X98.151 Y87.701 E487.1609
G1 X97.117 Y87.7 E487.19529
G1 X93.418 Y94.168 E487.44312
G1 X93.193 Y94.262 E487.45123
G1 X92.949 Y94.198 E487.45962
G1 X92.802 Y94.039 E487.46682
G1 X92.8 Y78.172 E487.99456
G1 X82.2 Y78.172 E488.34712
G1 X82.198 Y94.039 E488.87485
G1 X82.05 Y94.198 E488.88208
G1 X81.802 Y94.262 E488.8906
G1 X81.598 Y94.197 E488.89772
G1 X77.88 Y87.7 E489.14669
G1 X76.848 Y87.7 E489.18102
G1 X82.116 Y96.824 E489.53143
G1 X83.2 Y96.824 E489.56749
G1 X83.2 Y80.5 E490.11042
G1 X83.267 Y80.35 E490.11589
G1 X83.379 Y80.301 E490.11995
G1 X91.621 Y80.3 E490.39408
G1 X91.733 Y80.35 E490.39816
G1 X91.8 Y80.5 E490.40363
G1 X91.8 Y96.824 E490.94657
G1 X92.88 Y96.824 E490.98249
G1 F2700 E485.98249
;MESH:batclipholder.stl
G0 F9000 X92.713 Y96.53
G0 X92.024 Y96.602
G0 X92.024 Y97.691
G0 X92.024 Y137.309
G0 X92.024 Y138.404
G0 X91.967 Y139.585
;TYPE:WALL-INNER
G1 F2700 E490.98249
G1 F1284.8 X91.967 Y139.005 E491.00501
G1 F1282.1 X83.034 Y139.006 E491.35263
G1 X83.034 Y139.585 E491.37516
G1 X83.291 Y139.471 E491.3861
G1 X91.709 Y139.471 E491.71368
G1 F1284.8 X91.967 Y139.585 E491.72464
G0 F9000 X92.3 Y140.5
G1 F1200 X92.4 Y139.869 E491.7512
G1 F1500 X92.4 Y138.572 E491.79434
G1 X82.6 Y138.572 E492.12029
G1 X82.6 Y139.869 E492.16342
G1 F1200 X82.7 Y140.5 E492.18999
G1 X83.002 Y140.05 E492.21252
G1 F1500 X83.337 Y139.903 E492.22469
G1 X91.663 Y139.902 E492.50161
G1 X91.998 Y140.05 E492.51379
G1 F1200 X92.3 Y140.5 E492.53632
G1 F991.7 X92.305 Y154.125 E493.22174
G0 F9000 X92.559 Y154.839
G0 X93.215 Y155.013
G0 X93.793 Y154.382
G1 F1271.2 X95.584 Y151.265 E493.36283
G1 F1229.5 X97.376 Y148.148 E493.50872
G0 F9000 X93.215 Y155.013
G0 X92.578 Y155.794
G1 F1694.9 X93.025 Y155.021 E493.53501
G1 X92.752 Y154.95 E493.54331
G1 X92.578 Y154.76 E493.55089
G1 X92.578 Y155.794 E493.58133
G0 F9000 X92.649 Y156.424
G1 F1500 X93.336 Y155.235 E493.627
G1 F1388.9 X93.793 Y154.382 E493.66176
G1 X93.091 Y154.649 E493.68874
G1 F1500 X92.847 Y154.585 E493.69713
G1 F1188.1 X92.305 Y154.125 E493.72698
G1 F1075.3 X92.253 Y154.605 E493.74938
G1 F1327.4 X92.201 Y155.085 E493.76753
G1 F1500 X92.2 Y156.424 E493.81206
G1 X92.649 Y156.424 E493.827
G1 F2700 E488.827
G0 F9000 X92.483 Y156.13
G0 X92.038 Y140.062
G0 X82.962 Y140.062
G0 X82.695 Y154.125
G1 F2700 E493.827
G1 F991.7 X82.7 Y140.5 E494.51242
G0 F9000 X82.441 Y154.839
G0 X81.785 Y155.013
G0 X77.621 Y148.146
G1 F1239.7 X81.263 Y154.477 E494.80636
G0 F9000 X82.422 Y155.799
G1 F1685.4 X82.422 Y154.76 E494.83711
G1 X82.245 Y154.952 E494.84484
G1 X81.973 Y155.021 E494.85315
G1 X82.422 Y155.799 E494.87974
G0 F9000 X82.8 Y156.424
G1 F1500 X82.8 Y155.089 E494.92414
G1 F1327.4 X82.748 Y154.607 E494.94236
G1 F1075.3 X82.695 Y154.125 E494.96486
G1 F1188.1 X82.15 Y154.586 E494.99484
G1 F1500 X81.902 Y154.649 E495.00335
G1 F1373 X81.263 Y154.477 E495.02739
G1 X81.658 Y155.23 E495.05829
G1 F1500 X82.346 Y156.424 E495.10412
G1 X82.8 Y156.424 E495.11922
G1 F2700 E490.11922
G0 F9000 X82.52 Y156.146
G0 X82.962 Y140.062
G0 X92.038 Y140.062
G0 X92.045 Y149.385
G0 X92.713 Y156.53
G0 X92.88 Y156.824
;TYPE:WALL-OUTER
G1 F2700 E495.11922
G1 F1500 X98.151 Y147.701 E495.46966
G1 X97.117 Y147.7 E495.50405
G1 X93.418 Y154.168 E495.75187
G1 X93.193 Y154.262 E495.75998
G1 X92.949 Y154.198 E495.76837
G1 X92.802 Y154.039 E495.77558
G1 X92.8 Y138.172 E496.30331
G1 X82.2 Y138.172 E496.65587
G1 X82.198 Y154.039 E497.18361
G1 X82.05 Y154.198 E497.19083
G1 X81.802 Y154.262 E497.19935
G1 X81.598 Y154.197 E497.20647
G1 X77.88 Y147.7 E497.45545
G1 X76.848 Y147.7 E497.48977
G1 X82.116 Y156.824 E497.84019
G1 X83.2 Y156.824 E497.87624
G1 X83.2 Y140.5 E498.41918
G1 X83.267 Y140.35 E498.42464
G1 X83.379 Y140.301 E498.42871
G1 X91.621 Y140.3 E498.70284
G1 X91.733 Y140.35 E498.70692
G1 X91.8 Y140.5 E498.71238
G1 X91.8 Y156.824 E499.25532
G1 X92.88 Y156.824 E499.29124
G1 F2700 E494.29124
;MESH:batclipholder.stl(3)
G0 F9000 X92.713 Y156.53
G0 X97.773 Y147.92
G0 X98.712 Y148.462
G0 X136.289 Y148.463
G0 X137.621 Y148.146
;TYPE:WALL-INNER
G1 F2700 E499.29124
G1 F1239.7 X141.263 Y154.477 E499.58518
G0 F9000 X141.785 Y155.013
G0 X142.441 Y154.839
G0 X142.695 Y154.125
G1 F991.7 X142.7 Y140.5 E500.2706
G0 F9000 X143.034 Y139.585
G1 F1282.1 X143.291 Y139.471 E500.28154
G1 X151.709 Y139.471 E500.60912
G1 F1284.8 X151.967 Y139.585 E500.62008
G1 X151.967 Y139.005 E500.6426
G1 F1282.1 X143.034 Y139.006 E500.99022
G1 X143.034 Y139.585 E501.01275
G0 F9000 X142.7 Y140.5
G1 F1200 X143.002 Y140.05 E501.03528
G1 F1500 X143.337 Y139.903 E501.04745
G1 X151.663 Y139.902 E501.32438
G1 X151.998 Y140.05 E501.33656
G1 F1200 X152.3 Y140.5 E501.35909
G1 X152.4 Y139.869 E501.38565
G1 F1500 X152.4 Y138.572 E501.42879
G1 X142.6 Y138.572 E501.75474
G1 X142.6 Y139.869 E501.79788
G1 F1200 X142.7 Y140.5 E501.82444
G0 F9000 X142.962 Y140.062
G0 X152.038 Y140.062
G0 X152.3 Y140.5
G1 F991.7 X152.305 Y154.125 E502.50986
G0 F9000 X152.559 Y154.839
G0 X153.215 Y155.013
G0 X153.793 Y154.382
G1 F1271.2 X155.584 Y151.265 E502.65094
G1 F1229.5 X157.376 Y148.148 E502.79684
G0 F9000 X153.215 Y155.013
G0 X152.578 Y155.794
G1 F1694.9 X153.025 Y155.021 E502.82312
G1 X152.752 Y154.95 E502.83142
G1 X152.578 Y154.76 E502.83901
G1 X152.578 Y155.794 E502.86944
G0 F9000 X152.2 Y156.424
G1 F1500 X152.649 Y156.424 E502.88438
G1 X153.336 Y155.235 E502.93005
G1 F1388.9 X153.793 Y154.382 E502.96481
G1 X153.091 Y154.649 E502.99179
G1 F1500 X152.847 Y154.585 E503.00018
G1 F1188.1 X152.305 Y154.125 E503.03003
G1 F1075.3 X152.253 Y154.605 E503.05243
G1 F1327.4 X152.201 Y155.085 E503.07058
G1 F1500 X152.2 Y156.424 E503.11511
G1 F2700 E498.11511
G0 F9000 X152.48 Y156.146
G0 X152.038 Y140.062
G0 X142.962 Y140.062
G0 X142.422 Y155.799
G1 F2700 E503.11511
G1 F1685.4 X142.422 Y154.76 E503.14587
G1 X142.245 Y154.952 E503.1536
G1 X141.973 Y155.021 E503.16191
G1 X142.422 Y155.799 E503.1885
G0 F9000 X142.346 Y156.424
G1 F1500 X142.8 Y156.424 E503.2036
G1 X142.8 Y155.089 E503.248
G1 F1327.4 X142.748 Y154.607 E503.26622
G1 F1075.3 X142.695 Y154.125 E503.28872
G1 F1188.1 X142.15 Y154.586 E503.31869
G1 F1500 X141.902 Y154.649 E503.3272
G1 F1373 X141.263 Y154.477 E503.35125
G1 X141.658 Y155.23 E503.38215
G1 F1500 X142.346 Y156.424 E503.42798
G0 F9000 X142.116 Y156.824
;TYPE:WALL-OUTER
G1 F1500 X143.2 Y156.824 E503.46403
G1 X143.2 Y140.5 E504.00697
G1 X143.267 Y140.35 E504.01244
G1 X143.379 Y140.301 E504.0165
G1 X151.621 Y140.3 E504.29063
G1 X151.733 Y140.35 E504.29471
G1 X151.8 Y140.5 E504.30018
G1 X151.8 Y156.824 E504.84311
G1 X152.88 Y156.824 E504.87903
G1 X158.151 Y147.701 E505.22947
G1 X157.117 Y147.7 E505.26386
G1 X153.418 Y154.168 E505.51168
G1 X153.193 Y154.262 E505.5198
G1 X152.949 Y154.198 E505.52819
G1 X152.802 Y154.039 E505.53539
G1 X152.8 Y138.172 E506.06313
G1 X142.2 Y138.172 E506.41568
G1 X142.198 Y154.039 E506.94342
G1 X142.05 Y154.198 E506.95065
G1 X141.802 Y154.262 E506.95917
G1 X141.598 Y154.197 E506.96629
G1 X137.88 Y147.7 E507.21526
G1 X136.848 Y147.7 E507.24958
G1 X142.116 Y156.824 E507.6
G1 F2700 E502.6
;MESH:batclipholder.stl(2)
G0 F9000 X142.287 Y156.53
G0 X142.412 Y155.16
G0 X142.424 Y138.398
G0 X142.424 Y137.309
G0 X142.424 Y97.691
G0 X142.424 Y96.596
G0 X142.422 Y95.799
;TYPE:WALL-INNER
G1 F2700 E507.6
G1 F1685.4 X142.422 Y94.76 E507.63076
G1 X142.245 Y94.952 E507.63849
G1 X141.973 Y95.021 E507.64679
G1 X142.422 Y95.799 E507.67338
G0 F9000 X142.346 Y96.424
G1 F1500 X142.8 Y96.424 E507.68848
G1 X142.8 Y95.089 E507.73289
G1 F1327.4 X142.748 Y94.607 E507.75111
G1 F1075.3 X142.695 Y94.125 E507.7736
G1 F1188.1 X142.15 Y94.586 E507.80358
G1 F1500 X141.902 Y94.649 E507.81209
G1 F1373 X141.263 Y94.477 E507.83613
G1 X141.658 Y95.23 E507.86703
G1 F1500 X142.346 Y96.424 E507.91287
G0 F9000 X142.517 Y96.13
G0 X141.263 Y94.477
G1 F1239.7 X137.621 Y88.146 E508.20681
G0 F9000 X141.785 Y95.013
G0 X142.441 Y94.839
G0 X142.695 Y94.125
G1 F991.7 X142.7 Y80.5 E508.89222
G0 F9000 X143.034 Y79.585
G1 F1282.1 X143.291 Y79.471 E508.90317
G1 X151.709 Y79.471 E509.23075
G1 F1284.8 X151.967 Y79.585 E509.2417
G1 X151.967 Y79.005 E509.26422
G1 F1282.1 X143.034 Y79.006 E509.61184
G1 X143.034 Y79.585 E509.63437
G0 F9000 X142.7 Y80.5
G1 F1200 X143.002 Y80.05 E509.65691
G1 F1500 X143.337 Y79.903 E509.66907
G1 X151.663 Y79.902 E509.946
G1 X151.998 Y80.05 E509.95818
G1 F1200 X152.3 Y80.5 E509.98071
G1 X152.4 Y79.869 E510.00727
G1 F1500 X152.4 Y78.572 E510.05041
G1 X142.6 Y78.572 E510.37636
G1 X142.6 Y79.869 E510.4195
G1 F1200 X142.7 Y80.5 E510.44606
G0 F9000 X142.962 Y80.062
G0 X152.038 Y80.062
G0 X152.3 Y80.5
G1 F991.7 X152.305 Y94.125 E511.13148
G0 F9000 X152.559 Y94.839
G0 X153.215 Y95.013
G0 X153.793 Y94.382
G1 F1271.2 X155.584 Y91.265 E511.27257
G1 F1229.5 X157.376 Y88.148 E511.41846
G0 F9000 X153.215 Y95.013
G0 X152.578 Y95.794
G1 F1694.9 X153.025 Y95.021 E511.44474
G1 X152.752 Y94.95 E511.45305
G1 X152.578 Y94.76 E511.46063
G1 X152.578 Y95.794 E511.49107
G0 F9000 X152.2 Y96.424
G1 F1500 X152.649 Y96.424 E511.506
G1 X153.336 Y95.235 E511.55167
G1 F1388.9 X153.793 Y94.382 E511.58643
G1 X153.091 Y94.649 E511.61341
G1 F1500 X152.847 Y94.585 E511.6218
G1 F1188.1 X152.305 Y94.125 E511.65165
G1 F1075.3 X152.253 Y94.605 E511.67405
G1 F1327.4 X152.201 Y95.085 E511.6922
G1 F1500 X152.2 Y96.424 E511.73674
G1 F2700 E506.73674
G0 F9000 X152.48 Y96.146
G0 X152.038 Y80.062
G0 X142.962 Y80.062
G0 X142.955 Y89.385
G0 X142.287 Y96.53
G0 X142.116 Y96.824
;TYPE:WALL-OUTER
G1 F2700 E511.73674
G1 F1500 X143.2 Y96.824 E511.77279
G1 X143.2 Y80.5 E512.31573
G1 X143.267 Y80.35 E512.32119
G1 X143.379 Y80.301 E512.32526
G1 X151.621 Y80.3 E512.59939
G1 X151.733 Y80.35 E512.60347
G1 X151.8 Y80.5 E512.60893
G1 X151.8 Y96.824 E513.15187
G1 X152.88 Y96.824 E513.18779
G1 X158.151 Y87.701 E513.53823
G1 X157.117 Y87.7 E513.57262
G1 X153.418 Y94.168 E513.82044
G1 X153.193 Y94.262 E513.82855
G1 X152.949 Y94.198 E513.83694
G1 X152.802 Y94.039 E513.84414
G1 X152.8 Y78.172 E514.37188
G1 X142.2 Y78.172 E514.72444
G1 X142.198 Y94.039 E515.25218
G1 X142.05 Y94.198 E515.2594
G1 X141.802 Y94.262 E515.26792
G1 X141.598 Y94.197 E515.27504
G1 X137.88 Y87.7 E515.52402
G1 X136.848 Y87.7 E515.55834
G1 X142.116 Y96.824 E515.90876
G1 F2700 E510.90876
;MESH:NONMESH
G0 F300 X142.116 Y96.824 Z1.4
G0 F9000 X142.287 Y96.53
G0 X137.227 Y87.92
G0 X136.289 Y88.463
G0 X93.653 Y77.321
G0 X88 Y77.309
G0 X88 Y81.3
;TIME_ELAPSED:908.383930
;LAYER:6
;TYPE:SUPPORT
G1 F2700 E515.90876
G1 F1500 X88 Y93.794 E516.32431
G1 F2700 E511.32431
G0 F9000 X88 Y94.46
G0 X88 Y137.309
G0 X88 Y141.3
G1 F2700 E516.32431
G1 F1500 X88 Y153.794 E516.73986
G1 F2700 E511.73986
G0 F9000 X88 Y154.46
G0 X90.947 Y157.679
G0 X144.053 Y157.679
G0 X148 Y154.46
G0 X148 Y153.794
G1 F2700 E516.73986
G1 F1500 X148 Y141.3 E517.15541
G1 F2700 E512.15541
G0 F9000 X148 Y137.309
G0 X148 Y94.46
G0 X148 Y93.794
G1 F2700 E517.15541
G1 F1500 X148 Y81.3 E517.57096
G1 F2700 E512.57096
;MESH:batclipholder.stl(1)
G0 F9000 X148 Y77.309
G0 X141.347 Y77.321
G0 X98.712 Y88.462
G0 X97.376 Y88.148
;TYPE:WALL-INNER
G1 F2700 E517.57096
G1 F1229.5 X95.584 Y91.265 E517.71686
G1 F1271.2 X93.793 Y94.382 E517.85795
G0 F9000 X93.215 Y95.013
G0 X92.559 Y94.839
G0 X92.305 Y94.125
G1 F991.7 X92.3 Y80.5 E518.54336
G0 F9000 X91.967 Y79.585
G1 F1284.8 X91.967 Y79.005 E518.56589
G1 F1282.1 X83.034 Y79.006 E518.91351
G1 X83.034 Y79.585 E518.93604
G1 X83.291 Y79.471 E518.94698
G1 X91.709 Y79.471 E519.27456
G1 F1284.8 X91.967 Y79.585 E519.28551
G0 F9000 X92.3 Y80.5
G1 F1200 X92.4 Y79.869 E519.31208
G1 F1500 X92.4 Y78.572 E519.35521
G1 X82.6 Y78.572 E519.68116
G1 X82.6 Y79.869 E519.7243
G1 F1200 X82.7 Y80.5 E519.75086
G1 X83.002 Y80.05 E519.7734
G1 F1500 X83.337 Y79.903 E519.78556
G1 X91.663 Y79.902 E520.06249
G1 X91.998 Y80.05 E520.07467
G1 F1200 X92.3 Y80.5 E520.0972
G0 F9000 X92.038 Y80.062
G0 X82.962 Y80.062
G0 X82.7 Y80.5
G1 F991.7 X82.695 Y94.125 E520.78262
G0 F9000 X82.441 Y94.839
G0 X81.785 Y95.013
G0 X81.263 Y94.477
G1 F1239.7 X77.621 Y88.146 E521.07656
G0 F9000 X81.785 Y95.013
G0 X82.422 Y95.799
G1 F1685.4 X82.422 Y94.76 E521.10731
G1 X82.245 Y94.952 E521.11504
G1 X81.973 Y95.021 E521.12335
G1 X82.422 Y95.799 E521.14994
G0 F9000 X82.8 Y96.424
G1 F1500 X82.8 Y95.089 E521.19434
G1 F1327.4 X82.748 Y94.607 E521.21256
G1 F1075.3 X82.695 Y94.125 E521.23506
G1 F1188.1 X82.15 Y94.586 E521.26504
G1 F1500 X81.902 Y94.649 E521.27355
G1 F1373 X81.263 Y94.477 E521.29759
G1 X81.658 Y95.23 E521.32849
G1 F1500 X82.346 Y96.424 E521.37432
G1 X82.8 Y96.424 E521.38942
G1 F2700 E516.38942
G0 F9000 X82.52 Y96.146
G0 X82.962 Y80.062
G0 X92.038 Y80.062
G0 X92.578 Y95.794
G1 F2700 E521.38942
G1 F1694.9 X93.025 Y95.021 E521.41571
G1 X92.752 Y94.95 E521.42401
G1 X92.578 Y94.76 E521.43159
G1 X92.578 Y95.794 E521.46203
G0 F9000 X92.649 Y96.424
G1 F1500 X93.336 Y95.235 E521.5077
G1 F1388.9 X93.793 Y94.382 E521.54246
G1 X93.091 Y94.649 E521.56944
G1 F1500 X92.847 Y94.585 E521.57783
G1 F1188.1 X92.305 Y94.125 E521.60768
G1 F1075.3 X92.253 Y94.605 E521.63009
G1 F1327.4 X92.201 Y95.085 E521.64823
G1 F1500 X92.2 Y96.424 E521.69277
G1 X92.649 Y96.424 E521.7077
G0 F9000 X92.88 Y96.824
;TYPE:WALL-OUTER
G1 F1500 X98.151 Y87.701 E522.05814
G1 X97.117 Y87.7 E522.09253
G1 X93.418 Y94.168 E522.34035
G1 X93.193 Y94.262 E522.34846
G1 X92.949 Y94.198 E522.35685
G1 X92.802 Y94.039 E522.36405
G1 X92.8 Y78.172 E522.89179
G1 X82.2 Y78.172 E523.24435
G1 X82.198 Y94.039 E523.77209
G1 X82.05 Y94.198 E523.77931
G1 X81.802 Y94.262 E523.78783
G1 X81.598 Y94.197 E523.79495
G1 X77.88 Y87.7 E524.04392
G1 X76.848 Y87.7 E524.07825
G1 X82.116 Y96.824 E524.42867
G1 X83.2 Y96.824 E524.46472
G1 X83.2 Y80.5 E525.00766
G1 X83.267 Y80.35 E525.01312
G1 X83.379 Y80.301 E525.01719
G1 X91.621 Y80.3 E525.29132
G1 X91.733 Y80.35 E525.2954
G1 X91.8 Y80.5 E525.30086
G1 X91.8 Y96.824 E525.8438
G1 X92.88 Y96.824 E525.87972
G1 F2700 E520.87972
;MESH:batclipholder.stl
G0 F9000 X92.713 Y96.53
G0 X92.024 Y96.602
G0 X92.024 Y97.691
G0 X92.024 Y137.309
G0 X92.024 Y138.404
G0 X91.967 Y139.585
;TYPE:WALL-INNER
G1 F2700 E525.87972
G1 F1284.8 X91.967 Y139.005 E525.90224
G1 F1282.1 X83.034 Y139.006 E526.24987
G1 X83.034 Y139.585 E526.2724
G1 X83.291 Y139.471 E526.28334
G1 X91.709 Y139.471 E526.61092
G1 F1284.8 X91.967 Y139.585 E526.62187
G0 F9000 X92.3 Y140.5
G1 F1200 X92.4 Y139.869 E526.64843
G1 F1500 X92.4 Y138.572 E526.69157
G1 X82.6 Y138.572 E527.01752
G1 X82.6 Y139.869 E527.06066
G1 F1200 X82.7 Y140.5 E527.08722
G1 X83.002 Y140.05 E527.10975
G1 F1500 X83.337 Y139.903 E527.12192
G1 X91.663 Y139.902 E527.39884
G1 X91.998 Y140.05 E527.41102
G1 F1200 X92.3 Y140.5 E527.43356
G1 F991.7 X92.305 Y154.125 E528.11897
G0 F9000 X92.559 Y154.839
G0 X93.215 Y155.013
G0 X93.793 Y154.382
G1 F1271.2 X95.584 Y151.265 E528.26006
G1 F1229.5 X97.376 Y148.148 E528.40596
G0 F9000 X93.215 Y155.013
G0 X92.578 Y155.794
G1 F1694.9 X93.025 Y155.021 E528.43224
G1 X92.752 Y154.95 E528.44054
G1 X92.578 Y154.76 E528.44813
G1 X92.578 Y155.794 E528.47856
G0 F9000 X92.649 Y156.424
G1 F1500 X93.336 Y155.235 E528.52423
G1 F1388.9 X93.793 Y154.382 E528.559
G1 X93.091 Y154.649 E528.58597
G1 F1500 X92.847 Y154.585 E528.59436
G1 F1188.1 X92.305 Y154.125 E528.62422
G1 F1075.3 X92.253 Y154.605 E528.64662
G1 F1327.4 X92.201 Y155.085 E528.66476
G1 F1500 X92.2 Y156.424 E528.7093
G1 X92.649 Y156.424 E528.72423
G1 F2700 E523.72423
G0 F9000 X92.483 Y156.13
G0 X92.038 Y140.062
G0 X82.962 Y140.062
G0 X82.695 Y154.125
G1 F2700 E528.72423
G1 F991.7 X82.7 Y140.5 E529.40965
G0 F9000 X82.441 Y154.839
G0 X81.785 Y155.013
G0 X77.621 Y148.146
G1 F1239.7 X81.263 Y154.477 E529.70359
G0 F9000 X82.422 Y155.799
G1 F1685.4 X82.422 Y154.76 E529.73435
G1 X82.245 Y154.952 E529.74208
G1 X81.973 Y155.021 E529.75038
G1 X82.422 Y155.799 E529.77697
G0 F9000 X82.8 Y156.424
G1 F1500 X82.8 Y155.089 E529.82138
G1 F1327.4 X82.748 Y154.607 E529.8396
G1 F1075.3 X82.695 Y154.125 E529.8621
G1 F1188.1 X82.15 Y154.586 E529.89207
G1 F1500 X81.902 Y154.649 E529.90058
G1 F1373 X81.263 Y154.477 E529.92463
G1 X81.658 Y155.23 E529.95552
G1 F1500 X82.346 Y156.424 E530.00136
G1 X82.8 Y156.424 E530.01646
G1 F2700 E525.01646
G0 F9000 X82.52 Y156.146
G0 X82.962 Y140.062
G0 X92.038 Y140.062
G0 X92.045 Y149.385
G0 X92.713 Y156.53
G0 X92.88 Y156.824
;TYPE:WALL-OUTER
G1 F2700 E530.01646
G1 F1500 X98.151 Y147.701 E530.36689
G1 X97.117 Y147.7 E530.40128
G1 X93.418 Y154.168 E530.64911
G1 X93.193 Y154.262 E530.65722
G1 X92.949 Y154.198 E530.66561
G1 X92.802 Y154.039 E530.67281
G1 X92.8 Y138.172 E531.20055
G1 X82.2 Y138.172 E531.55311
G1 X82.198 Y154.039 E532.08084
G1 X82.05 Y154.198 E532.08807
G1 X81.802 Y154.262 E532.09659
G1 X81.598 Y154.197 E532.10371
G1 X77.88 Y147.7 E532.35268
G1 X76.848 Y147.7 E532.38701
G1 X82.116 Y156.824 E532.73742
G1 X83.2 Y156.824 E532.77348
G1 X83.2 Y140.5 E533.31641
G1 X83.267 Y140.35 E533.32188
G1 X83.379 Y140.301 E533.32594
G1 X91.621 Y140.3 E533.60007
G1 X91.733 Y140.35 E533.60415
G1 X91.8 Y140.5 E533.60962
G1 X91.8 Y156.824 E534.15256
G1 X92.88 Y156.824 E534.18848
G1 F2700 E529.18848
;MESH:batclipholder.stl(3)
G0 F9000 X92.713 Y156.53
G0 X97.773 Y147.92
G0 X98.712 Y148.462
G0 X136.289 Y148.463
G0 X137.621 Y148.146
;TYPE:WALL-INNER
G1 F2700 E534.18848
G1 F1239.7 X141.263 Y154.477 E534.48242
G0 F9000 X141.785 Y155.013
G0 X142.441 Y154.839
G0 X142.695 Y154.125
G1 F991.7 X142.7 Y140.5 E535.16784
G0 F9000 X143.034 Y139.585
G1 F1282.1 X143.291 Y139.471 E535.17878
G1 X151.709 Y139.471 E535.50636
G1 F1284.8 X151.967 Y139.585 E535.51731
G1 X151.967 Y139.005 E535.53983
G1 F1282.1 X143.034 Y139.006 E535.88746
G1 X143.034 Y139.585 E535.90999
G0 F9000 X142.7 Y140.5
G1 F1200 X143.002 Y140.05 E535.93252
G1 F1500 X143.337 Y139.903 E535.94469
G1 X151.663 Y139.902 E536.22161
G1 X151.998 Y140.05 E536.23379
G1 F1200 X152.3 Y140.5 E536.25632
G1 X152.4 Y139.869 E536.28288
G1 F1500 X152.4 Y138.572 E536.32602
G1 X142.6 Y138.572 E536.65197
G1 X142.6 Y139.869 E536.69511
G1 F1200 X142.7 Y140.5 E536.72167
G0 F9000 X142.962 Y140.062
G0 X152.038 Y140.062
G0 X152.3 Y140.5
G1 F991.7 X152.305 Y154.125 E537.40709
G0 F9000 X152.559 Y154.839
G0 X153.215 Y155.013
G0 X153.793 Y154.382
G1 F1271.2 X155.584 Y151.265 E537.54818
G1 F1229.5 X157.376 Y148.148 E537.69407
G0 F9000 X153.215 Y155.013
G0 X152.578 Y155.794
G1 F1694.9 X153.025 Y155.021 E537.72035
G1 X152.752 Y154.95 E537.72866
G1 X152.578 Y154.76 E537.73624
G1 X152.578 Y155.794 E537.76668
G0 F9000 X152.2 Y156.424
G1 F1500 X152.649 Y156.424 E537.78161
G1 X153.336 Y155.235 E537.82728
G1 F1388.9 X153.793 Y154.382 E537.86205
G1 X153.091 Y154.649 E537.88902
G1 F1500 X152.847 Y154.585 E537.89741
G1 F1188.1 X152.305 Y154.125 E537.92726
G1 F1075.3 X152.253 Y154.605 E537.94967
G1 F1327.4 X152.201 Y155.085 E537.96781
G1 F1500 X152.2 Y156.424 E538.01235
G1 F2700 E533.01235
G0 F9000 X152.48 Y156.146
G0 X152.038 Y140.062
G0 X142.962 Y140.062
G0 X142.422 Y155.799
G1 F2700 E538.01235
G1 F1685.4 X142.422 Y154.76 E538.0431
G1 X142.245 Y154.952 E538.05083
G1 X141.973 Y155.021 E538.05914
G1 X142.422 Y155.799 E538.08573
G0 F9000 X142.346 Y156.424
G1 F1500 X142.8 Y156.424 E538.10083
G1 X142.8 Y155.089 E538.14523
G1 F1327.4 X142.748 Y154.607 E538.16345
G1 F1075.3 X142.695 Y154.125 E538.18595
G1 F1188.1 X142.15 Y154.586 E538.21593
G1 F1500 X141.902 Y154.649 E538.22444
G1 F1373 X141.263 Y154.477 E538.24848
G1 X141.658 Y155.23 E538.27938
G1 F1500 X142.346 Y156.424 E538.32521
G0 F9000 X142.116 Y156.824
;TYPE:WALL-OUTER
G1 F1500 X143.2 Y156.824 E538.36127
G1 X143.2 Y140.5 E538.90421
G1 X143.267 Y140.35 E538.90967
G1 X143.379 Y140.301 E538.91374
G1 X151.621 Y140.3 E539.18787
G1 X151.733 Y140.35 E539.19195
G1 X151.8 Y140.5 E539.19741
G1 X151.8 Y156.824 E539.74035
G1 X152.88 Y156.824 E539.77627
G1 X158.151 Y147.701 E540.12671
G1 X157.117 Y147.7 E540.1611
G1 X153.418 Y154.168 E540.40892
G1 X153.193 Y154.262 E540.41703
G1 X152.949 Y154.198 E540.42542
G1 X152.802 Y154.039 E540.43262
G1 X152.8 Y138.172 E540.96036
G1 X142.2 Y138.172 E541.31292
G1 X142.198 Y154.039 E541.84066
G1 X142.05 Y154.198 E541.84788
G1 X141.802 Y154.262 E541.8564
G1 X141.598 Y154.197 E541.86352
G1 X137.88 Y147.7 E542.11249
G1 X136.848 Y147.7 E542.14682
G1 X142.116 Y156.824 E542.49723
G1 F2700 E537.49723
;MESH:batclipholder.stl(2)
G0 F9000 X142.287 Y156.53
G0 X142.412 Y155.16
G0 X142.424 Y138.398
G0 X142.424 Y137.309
G0 X142.424 Y97.691
G0 X142.424 Y96.596
G0 X142.422 Y95.799
;TYPE:WALL-INNER
G1 F2700 E542.49723
G1 F1685.4 X142.422 Y94.76 E542.52799
G1 X142.245 Y94.952 E542.53572
G1 X141.973 Y95.021 E542.54403
G1 X142.422 Y95.799 E542.57062
G0 F9000 X142.346 Y96.424
G1 F1500 X142.8 Y96.424 E542.58572
G1 X142.8 Y95.089 E542.63012
G1 F1327.4 X142.748 Y94.607 E542.64834
G1 F1075.3 X142.695 Y94.125 E542.67084
G1 F1188.1 X142.15 Y94.586 E542.70081
G1 F1500 X141.902 Y94.649 E542.70932
G1 F1373 X141.263 Y94.477 E542.73337
G1 X141.658 Y95.23 E542.76427
G1 F1500 X142.346 Y96.424 E542.8101
G0 F9000 X142.517 Y96.13
G0 X141.263 Y94.477
G1 F1239.7 X137.621 Y88.146 E543.10404
G0 F9000 X141.785 Y95.013
G0 X142.441 Y94.839
G0 X142.695 Y94.125
G1 F991.7 X142.7 Y80.5 E543.78946
G0 F9000 X143.034 Y79.585
G1 F1282.1 X143.291 Y79.471 E543.8004
G1 X151.709 Y79.471 E544.12798
G1 F1284.8 X151.967 Y79.585 E544.13893
G1 X151.967 Y79.005 E544.16146
G1 F1282.1 X143.034 Y79.006 E544.50908
G1 X143.034 Y79.585 E544.53161
G0 F9000 X142.7 Y80.5
G1 F1200 X143.002 Y80.05 E544.55414
G1 F1500 X143.337 Y79.903 E544.56631
G1 X151.663 Y79.902 E544.84323
G1 X151.998 Y80.05 E544.85541
G1 F1200 X152.3 Y80.5 E544.87794
G1 X152.4 Y79.869 E544.90451
G1 F1500 X152.4 Y78.572 E544.94764
G1 X142.6 Y78.572 E545.27359
G1 X142.6 Y79.869 E545.31673
G1 F1200 X142.7 Y80.5 E545.34329
G0 F9000 X142.962 Y80.062
G0 X152.038 Y80.062
G0 X152.3 Y80.5
G1 F991.7 X152.305 Y94.125 E546.02871
G0 F9000 X152.559 Y94.839
G0 X153.215 Y95.013
G0 X153.793 Y94.382
G1 F1271.2 X155.584 Y91.265 E546.1698
G1 F1229.5 X157.376 Y88.148 E546.31569
G0 F9000 X153.215 Y95.013
G0 X152.578 Y95.794
G1 F1694.9 X153.025 Y95.021 E546.34198
G1 X152.752 Y94.95 E546.35028
G1 X152.578 Y94.76 E546.35786
G1 X152.578 Y95.794 E546.3883
G0 F9000 X152.2 Y96.424
G1 F1500 X152.649 Y96.424 E546.40323
G1 X153.336 Y95.235 E546.44891
G1 F1388.9 X153.793 Y94.382 E546.48367
G1 X153.091 Y94.649 E546.51065
G1 F1500 X152.847 Y94.585 E546.51904
G1 F1188.1 X152.305 Y94.125 E546.54889
G1 F1075.3 X152.253 Y94.605 E546.57129
G1 F1327.4 X152.201 Y95.085 E546.58943
G1 F1500 X152.2 Y96.424 E546.63397
G1 F2700 E541.63397
G0 F9000 X152.48 Y96.146
G0 X152.038 Y80.062
G0 X142.962 Y80.062
G0 X142.955 Y89.385
G0 X142.287 Y96.53
G0 X142.116 Y96.824
;TYPE:WALL-OUTER
G1 F2700 E546.63397
G1 F1500 X143.2 Y96.824 E546.67002
G1 X143.2 Y80.5 E547.21296
G1 X143.267 Y80.35 E547.21843
G1 X143.379 Y80.301 E547.22249
G1 X151.621 Y80.3 E547.49662
G1 X151.733 Y80.35 E547.5007
G1 X151.8 Y80.5 E547.50617
G1 X151.8 Y96.824 E548.0491
G1 X152.88 Y96.824 E548.08502
G1 X158.151 Y87.701 E548.43546
G1 X157.117 Y87.7 E548.46985
G1 X153.418 Y94.168 E548.71767
G1 X153.193 Y94.262 E548.72579
G1 X152.949 Y94.198 E548.73418
G1 X152.802 Y94.039 E548.74138
G1 X152.8 Y78.172 E549.26912
G1 X142.2 Y78.172 E549.62167
G1 X142.198 Y94.039 E550.14941
G1 X142.05 Y94.198 E550.15664
G1 X141.802 Y94.262 E550.16516
G1 X141.598 Y94.197 E550.17228
G1 X137.88 Y87.7 E550.42125
G1 X136.848 Y87.7 E550.45557
G1 X142.116 Y96.824 E550.80599
G1 F2700 E545.80599
;MESH:NONMESH
G0 F300 X142.116 Y96.824 Z1.6
G0 F9000 X142.287 Y96.53
G0 X137.227 Y87.92
G0 X136.289 Y88.463
G0 X93.653 Y77.321
G0 X88 Y77.309
G0 X88 Y81.3
;TIME_ELAPSED:975.169410
;LAYER:7
;TYPE:SUPPORT
G1 F2700 E550.80599
G1 F1500 X88 Y93.794 E551.22154
G1 F2700 E546.22154
G0 F9000 X88 Y94.46
G0 X88 Y137.309
G0 X88 Y141.3
G1 F2700 E551.22154
G1 F1500 X88 Y153.794 E551.63709
G1 F2700 E546.63709
G0 F9000 X88 Y154.46
G0 X90.947 Y157.679
G0 X144.053 Y157.679
G0 X148 Y154.46
G0 X148 Y153.794
G1 F2700 E551.63709
G1 F1500 X148 Y141.3 E552.05265
G1 F2700 E547.05265
G0 F9000 X148 Y137.309
G0 X148 Y94.46
G0 X148 Y93.794
G1 F2700 E552.05265
G1 F1500 X148 Y81.3 E552.4682
G1 F2700 E547.4682
;MESH:batclipholder.stl(1)
G0 F9000 X148 Y77.309
G0 X141.347 Y77.321
G0 X98.712 Y88.462
G0 X97.376 Y88.148
;TYPE:WALL-INNER
G1 F2700 E552.4682
G1 F1229.5 X95.584 Y91.265 E552.61409
G1 F1271.2 X93.793 Y94.382 E552.75518
G0 F9000 X93.215 Y95.013
G0 X92.559 Y94.839
G0 X92.305 Y94.125
G1 F991.7 X92.3 Y80.5 E553.4406
G0 F9000 X91.967 Y79.585
G1 F1284.8 X91.967 Y79.005 E553.46312
G1 F1282.1 X83.034 Y79.006 E553.81074
G1 X83.034 Y79.585 E553.83327
G1 X83.291 Y79.471 E553.84421
G1 X91.709 Y79.471 E554.1718
G1 F1284.8 X91.967 Y79.585 E554.18275
G0 F9000 X92.3 Y80.5
G1 F1200 X92.4 Y79.869 E554.20931
G1 F1500 X92.4 Y78.572 E554.25245
G1 X82.6 Y78.572 E554.5784
G1 X82.6 Y79.869 E554.62154
G1 F1200 X82.7 Y80.5 E554.6481
G1 X83.002 Y80.05 E554.67063
G1 F1500 X83.337 Y79.903 E554.6828
G1 X91.663 Y79.902 E554.95972
G1 X91.998 Y80.05 E554.9719
G1 F1200 X92.3 Y80.5 E554.99443
G0 F9000 X92.038 Y80.062
G0 X82.962 Y80.062
G0 X82.7 Y80.5
G1 F991.7 X82.695 Y94.125 E555.67985
G0 F9000 X82.441 Y94.839
G0 X81.785 Y95.013
G0 X81.263 Y94.477
G1 F1239.7 X77.621 Y88.146 E555.97379
G0 F9000 X81.785 Y95.013
G0 X82.422 Y95.799
G1 F1685.4 X82.422 Y94.76 E556.00455
G1 X82.245 Y94.952 E556.01228
G1 X81.973 Y95.021 E556.02058
G1 X82.422 Y95.799 E556.04717
G0 F9000 X82.8 Y96.424
G1 F1500 X82.8 Y95.089 E556.09158
G1 F1327.4 X82.748 Y94.607 E556.1098
G1 F1075.3 X82.695 Y94.125 E556.1323
G1 F1188.1 X82.15 Y94.586 E556.16227
G1 F1500 X81.902 Y94.649 E556.17078
G1 F1373 X81.263 Y94.477 E556.19483
G1 X81.658 Y95.23 E556.22572
G1 F1500 X82.346 Y96.424 E556.27156
G1 X82.8 Y96.424 E556.28666
G1 F2700 E551.28666
G0 F9000 X82.52 Y96.146
G0 X82.962 Y80.062
G0 X92.038 Y80.062
G0 X92.578 Y95.794
G1 F2700 E556.28666
G1 F1694.9 X93.025 Y95.021 E556.31294
G1 X92.752 Y94.95 E556.32124
G1 X92.578 Y94.76 E556.32883
G1 X92.578 Y95.794 E556.35926
G0 F9000 X92.649 Y96.424
G1 F1500 X93.336 Y95.235 E556.40494
G1 F1388.9 X93.793 Y94.382 E556.4397
G1 X93.091 Y94.649 E556.46668
G1 F1500 X92.847 Y94.585 E556.47507
G1 F1188.1 X92.305 Y94.125 E556.50492
G1 F1075.3 X92.253 Y94.605 E556.52732
G1 F1327.4 X92.201 Y95.085 E556.54547
G1 F1500 X92.2 Y96.424 E556.59
G1 X92.649 Y96.424 E556.60493
G0 F9000 X92.88 Y96.824
;TYPE:WALL-OUTER
G1 F1500 X98.151 Y87.701 E556.95537
G1 X97.117 Y87.7 E556.98976
G1 X93.418 Y94.168 E557.23758
G1 X93.193 Y94.262 E557.24569
G1 X92.949 Y94.198 E557.25408
G1 X92.802 Y94.039 E557.26129
G1 X92.8 Y78.172 E557.78903
G1 X82.2 Y78.172 E558.14158
G1 X82.198 Y94.039 E558.66932
G1 X82.05 Y94.198 E558.67655
G1 X81.802 Y94.262 E558.68506
G1 X81.598 Y94.197 E558.69219
G1 X77.88 Y87.7 E558.94116
G1 X76.848 Y87.7 E558.97548
G1 X82.116 Y96.824 E559.3259
G1 X83.2 Y96.824 E559.36195
G1 X83.2 Y80.5 E559.90489
G1 X83.267 Y80.35 E559.91036
G1 X83.379 Y80.301 E559.91442
G1 X91.621 Y80.3 E560.18855
G1 X91.733 Y80.35 E560.19263
G1 X91.8 Y80.5 E560.1981
G1 X91.8 Y96.824 E560.74103
G1 X92.88 Y96.824 E560.77695
G1 F2700 E555.77695
;MESH:batclipholder.stl
G0 F9000 X92.713 Y96.53
G0 X92.024 Y96.602
G0 X92.024 Y97.691
G0 X92.024 Y137.309
G0 X92.024 Y138.404
G0 X91.967 Y139.585
;TYPE:WALL-INNER
G1 F2700 E560.77695
G1 F1284.8 X91.967 Y139.005 E560.79948
G1 F1282.1 X83.034 Y139.006 E561.1471
G1 X83.034 Y139.585 E561.16963
G1 X83.291 Y139.471 E561.18057
G1 X91.709 Y139.471 E561.50815
G1 F1284.8 X91.967 Y139.585 E561.5191
G0 F9000 X92.3 Y140.5
G1 F1200 X92.4 Y139.869 E561.54567
G1 F1500 X92.4 Y138.572 E561.5888
G1 X82.6 Y138.572 E561.91475
G1 X82.6 Y139.869 E561.95789
G1 F1200 X82.7 Y140.5 E561.98445
G1 X83.002 Y140.05 E562.00699
G1 F1500 X83.337 Y139.903 E562.01915
G1 X91.663 Y139.902 E562.29608
G1 X91.998 Y140.05 E562.30826
G1 F1200 X92.3 Y140.5 E562.33079
G1 F991.7 X92.305 Y154.125 E563.01621
G0 F9000 X92.559 Y154.839
G0 X93.215 Y155.013
G0 X93.793 Y154.382
G1 F1271.2 X95.584 Y151.265 E563.1573
G1 F1229.5 X97.376 Y148.148 E563.30319
G0 F9000 X93.215 Y155.013
G0 X92.578 Y155.794
G1 F1694.9 X93.025 Y155.021 E563.32947
G1 X92.752 Y154.95 E563.33778
G1 X92.578 Y154.76 E563.34536
G1 X92.578 Y155.794 E563.3758
G0 F9000 X92.649 Y156.424
G1 F1500 X93.336 Y155.235 E563.42147
G1 F1388.9 X93.793 Y154.382 E563.45623
G1 X93.091 Y154.649 E563.48321
G1 F1500 X92.847 Y154.585 E563.4916
G1 F1188.1 X92.305 Y154.125 E563.52145
G1 F1075.3 X92.253 Y154.605 E563.54385
G1 F1327.4 X92.201 Y155.085 E563.562
G1 F1500 X92.2 Y156.424 E563.60653
G1 X92.649 Y156.424 E563.62147
G1 F2700 E558.62147
G0 F9000 X92.483 Y156.13
G0 X92.038 Y140.062
G0 X82.962 Y140.062
G0 X82.695 Y154.125
G1 F2700 E563.62147
G1 F991.7 X82.7 Y140.5 E564.30688
G0 F9000 X82.441 Y154.839
G0 X81.785 Y155.013
G0 X77.621 Y148.146
G1 F1239.7 X81.263 Y154.477 E564.60082
G0 F9000 X82.422 Y155.799
G1 F1685.4 X82.422 Y154.76 E564.63158
G1 X82.245 Y154.952 E564.63931
G1 X81.973 Y155.021 E564.64762
G1 X82.422 Y155.799 E564.67421
G0 F9000 X82.8 Y156.424
G1 F1500 X82.8 Y155.089 E564.71861
G1 F1327.4 X82.748 Y154.607 E564.73683
G1 F1075.3 X82.695 Y154.125 E564.75933
G1 F1188.1 X82.15 Y154.586 E564.7893
G1 F1500 X81.902 Y154.649 E564.79781
G1 F1373 X81.263 Y154.477 E564.82186
G1 X81.658 Y155.23 E564.85276
G1 F1500 X82.346 Y156.424 E564.89859
G1 X82.8 Y156.424 E564.91369
G1 F2700 E559.91369
G0 F9000 X82.52 Y156.146
G0 X82.962 Y140.062
G0 X92.038 Y140.062
G0 X92.045 Y149.385
G0 X92.713 Y156.53
G0 X92.88 Y156.824
;TYPE:WALL-OUTER
G1 F2700 E564.91369
G1 F1500 X98.151 Y147.701 E565.26413
G1 X97.117 Y147.7 E565.29852
G1 X93.418 Y154.168 E565.54634
G1 X93.193 Y154.262 E565.55445
G1 X92.949 Y154.198 E565.56284
G1 X92.802 Y154.039 E565.57004
G1 X92.8 Y138.172 E566.09778
G1 X82.2 Y138.172 E566.45034
G1 X82.198 Y154.039 E566.97808
G1 X82.05 Y154.198 E566.9853
G1 X81.802 Y154.262 E566.99382
G1 X81.598 Y154.197 E567.00094
G1 X77.88 Y147.7 E567.24991
G1 X76.848 Y147.7 E567.28424
G1 X82.116 Y156.824 E567.63466
G1 X83.2 Y156.824 E567.67071
G1 X83.2 Y140.5 E568.21365
G1 X83.267 Y140.35 E568.21911
G1 X83.379 Y140.301 E568.22318
G1 X91.621 Y140.3 E568.49731
G1 X91.733 Y140.35 E568.50139
G1 X91.8 Y140.5 E568.50685
G1 X91.8 Y156.824 E569.04979
G1 X92.88 Y156.824 E569.08571
G1 F2700 E564.08571
;MESH:batclipholder.stl(3)
G0 F9000 X92.713 Y156.53
G0 X97.773 Y147.92
G0 X98.712 Y148.462
G0 X136.289 Y148.463
G0 X137.621 Y148.146
;TYPE:WALL-INNER
G1 F2700 E569.08571
G1 F1239.7 X141.263 Y154.477 E569.37965
G0 F9000 X141.785 Y155.013
G0 X142.441 Y154.839
G0 X142.695 Y154.125
G1 F991.7 X142.7 Y140.5 E570.06507
G0 F9000 X143.034 Y139.585
G1 F1282.1 X143.291 Y139.471 E570.07601
G1 X151.709 Y139.471 E570.40359
G1 F1284.8 X151.967 Y139.585 E570.41454
G1 X151.967 Y139.005 E570.43707
G1 F1282.1 X143.034 Y139.006 E570.78469
G1 X143.034 Y139.585 E570.80722
G0 F9000 X142.7 Y140.5
G1 F1200 X143.002 Y140.05 E570.82975
G1 F1500 X143.337 Y139.903 E570.84192
G1 X151.663 Y139.902 E571.11884
G1 X151.998 Y140.05 E571.13102
G1 F1200 X152.3 Y140.5 E571.15356
G1 X152.4 Y139.869 E571.18012
G1 F1500 X152.4 Y138.572 E571.22326
G1 X142.6 Y138.572 E571.5492
G1 X142.6 Y139.869 E571.59234
G1 F1200 X142.7 Y140.5 E571.6189
G0 F9000 X142.962 Y140.062
G0 X152.038 Y140.062
G0 X152.3 Y140.5
G1 F991.7 X152.305 Y154.125 E572.30432
G0 F9000 X152.559 Y154.839
G0 X153.215 Y155.013
G0 X153.793 Y154.382
G1 F1271.2 X155.584 Y151.265 E572.44541
G1 F1229.5 X157.376 Y148.148 E572.5913
G0 F9000 X153.215 Y155.013
G0 X152.578 Y155.794
G1 F1694.9 X153.025 Y155.021 E572.61759
G1 X152.752 Y154.95 E572.62589
G1 X152.578 Y154.76 E572.63348
G1 X152.578 Y155.794 E572.66391
G0 F9000 X152.2 Y156.424
G1 F1500 X152.649 Y156.424 E572.67884
G1 X153.336 Y155.235 E572.72452
G1 F1388.9 X153.793 Y154.382 E572.75928
G1 X153.091 Y154.649 E572.78626
G1 F1500 X152.847 Y154.585 E572.79465
G1 F1188.1 X152.305 Y154.125 E572.8245
G1 F1075.3 X152.253 Y154.605 E572.8469
G1 F1327.4 X152.201 Y155.085 E572.86505
G1 F1500 X152.2 Y156.424 E572.90958
G1 F2700 E567.90958
G0 F9000 X152.48 Y156.146
G0 X152.038 Y140.062
G0 X142.962 Y140.062
G0 X142.422 Y155.799
G1 F2700 E572.90958
G1 F1685.4 X142.422 Y154.76 E572.94034
G1 X142.245 Y154.952 E572.94807
G1 X141.973 Y155.021 E572.95637
G1 X142.422 Y155.799 E572.98296
G0 F9000 X142.346 Y156.424
G1 F1500 X142.8 Y156.424 E572.99806
G1 X142.8 Y155.089 E573.04247
G1 F1327.4 X142.748 Y154.607 E573.06069
G1 F1075.3 X142.695 Y154.125 E573.08319
G1 F1188.1 X142.15 Y154.586 E573.11316
G1 F1500 X141.902 Y154.649 E573.12167
G1 F1373 X141.263 Y154.477 E573.14572
G1 X141.658 Y155.23 E573.17661
G1 F1500 X142.346 Y156.424 E573.22245
G0 F9000 X142.116 Y156.824
;TYPE:WALL-OUTER
G1 F1500 X143.2 Y156.824 E573.2585
G1 X143.2 Y140.5 E573.80144
G1 X143.267 Y140.35 E573.8069
G1 X143.379 Y140.301 E573.81097
G1 X151.621 Y140.3 E574.0851
G1 X151.733 Y140.35 E574.08918
G1 X151.8 Y140.5 E574.09464
G1 X151.8 Y156.824 E574.63758
G1 X152.88 Y156.824 E574.6735
G1 X158.151 Y147.701 E575.02394
G1 X157.117 Y147.7 E575.05833
G1 X153.418 Y154.168 E575.30615
G1 X153.193 Y154.262 E575.31426
G1 X152.949 Y154.198 E575.32265
G1 X152.802 Y154.039 E575.32985
G1 X152.8 Y138.172 E575.85759
G1 X142.2 Y138.172 E576.21015
G1 X142.198 Y154.039 E576.73789
G1 X142.05 Y154.198 E576.74511
G1 X141.802 Y154.262 E576.75363
G1 X141.598 Y154.197 E576.76075
G1 X137.88 Y147.7 E577.00973
G1 X136.848 Y147.7 E577.04405
G1 X142.116 Y156.824 E577.39447
G1 F2700 E572.39447
;MESH:batclipholder.stl(2)
G0 F9000 X142.287 Y156.53
G0 X142.412 Y155.16
G0 X142.424 Y138.398
G0 X142.424 Y137.309
G0 X142.424 Y97.691
G0 X142.424 Y96.596
G0 X142.422 Y95.799
;TYPE:WALL-INNER
G1 F2700 E577.39447
G1 F1685.4 X142.422 Y94.76 E577.42522
G1 X142.245 Y94.952 E577.43295
G1 X141.973 Y95.021 E577.44126
G1 X142.422 Y95.799 E577.46785
G0 F9000 X142.346 Y96.424
G1 F1500 X142.8 Y96.424 E577.48295
G1 X142.8 Y95.089 E577.52735
G1 F1327.4 X142.748 Y94.607 E577.54557
G1 F1075.3 X142.695 Y94.125 E577.56807
G1 F1188.1 X142.15 Y94.586 E577.59805
G1 F1500 X141.902 Y94.649 E577.60656
G1 F1373 X141.263 Y94.477 E577.6306
G1 X141.658 Y95.23 E577.6615
G1 F1500 X142.346 Y96.424 E577.70733
G0 F9000 X142.517 Y96.13
G0 X141.263 Y94.477
G1 F1239.7 X137.621 Y88.146 E578.00127
G0 F9000 X141.785 Y95.013
G0 X142.441 Y94.839
G0 X142.695 Y94.125
G1 F991.7 X142.7 Y80.5 E578.68669
G0 F9000 X143.034 Y79.585
G1 F1282.1 X143.291 Y79.471 E578.69763
G1 X151.709 Y79.471 E579.02521
G1 F1284.8 X151.967 Y79.585 E579.03617
G1 X151.967 Y79.005 E579.05869
G1 F1282.1 X143.034 Y79.006 E579.40631
G1 X143.034 Y79.585 E579.42884
G0 F9000 X142.7 Y80.5
G1 F1200 X143.002 Y80.05 E579.45137
G1 F1500 X143.337 Y79.903 E579.46354
G1 X151.663 Y79.902 E579.74047
G1 X151.998 Y80.05 E579.75265
G1 F1200 X152.3 Y80.5 E579.77518
G1 X152.4 Y79.869 E579.80174
G1 F1500 X152.4 Y78.572 E579.84488
G1 X142.6 Y78.572 E580.17083
G1 X142.6 Y79.869 E580.21397
G1 F1200 X142.7 Y80.5 E580.24053
G0 F9000 X142.962 Y80.062
G0 X152.038 Y80.062
G0 X152.3 Y80.5
G1 F991.7 X152.305 Y94.125 E580.92595
G0 F9000 X152.559 Y94.839
G0 X153.215 Y95.013
G0 X153.793 Y94.382
G1 F1271.2 X155.584 Y91.265 E581.06703
G1 F1229.5 X157.376 Y88.148 E581.21293
G0 F9000 X153.215 Y95.013
G0 X152.578 Y95.794
G1 F1694.9 X153.025 Y95.021 E581.23921
G1 X152.752 Y94.95 E581.24751
G1 X152.578 Y94.76 E581.2551
G1 X152.578 Y95.794 E581.28553
G0 F9000 X152.2 Y96.424
G1 F1500 X152.649 Y96.424 E581.30047
G1 X153.336 Y95.235 E581.34614
G1 F1388.9 X153.793 Y94.382 E581.3809
G1 X153.091 Y94.649 E581.40788
G1 F1500 X152.847 Y94.585 E581.41627
G1 F1188.1 X152.305 Y94.125 E581.44612
G1 F1075.3 X152.253 Y94.605 E581.46852
G1 F1327.4 X152.201 Y95.085 E581.48667
G1 F1500 X152.2 Y96.424 E581.5312
G1 F2700 E576.5312
G0 F9000 X152.48 Y96.146
G0 X152.038 Y80.062
G0 X142.962 Y80.062
G0 X142.955 Y89.385
G0 X142.287 Y96.53
G0 X142.116 Y96.824
;TYPE:WALL-OUTER
G1 F2700 E581.5312
G1 F1500 X143.2 Y96.824 E581.56726
G1 X143.2 Y80.5 E582.1102
G1 X143.267 Y80.35 E582.11566
G1 X143.379 Y80.301 E582.11973
G1 X151.621 Y80.3 E582.39386
G1 X151.733 Y80.35 E582.39794
G1 X151.8 Y80.5 E582.4034
G1 X151.8 Y96.824 E582.94634
G1 X152.88 Y96.824 E582.98226
G1 X158.151 Y87.701 E583.3327
G1 X157.117 Y87.7 E583.36709
G1 X153.418 Y94.168 E583.61491
G1 X153.193 Y94.262 E583.62302
G1 X152.949 Y94.198 E583.63141
G1 X152.802 Y94.039 E583.63861
G1 X152.8 Y78.172 E584.16635
G1 X142.2 Y78.172 E584.51891
G1 X142.198 Y94.039 E585.04665
G1 X142.05 Y94.198 E585.05387
G1 X141.802 Y94.262 E585.06239
G1 X141.598 Y94.197 E585.06951
G1 X137.88 Y87.7 E585.31848
G1 X136.848 Y87.7 E585.35281
G1 X142.116 Y96.824 E585.70322
G1 F2700 E580.70322
;MESH:NONMESH
G0 F300 X142.116 Y96.824 Z1.8
G0 F9000 X142.287 Y96.53
G0 X137.227 Y87.92
G0 X136.289 Y88.463
G0 X93.653 Y77.321
G0 X88 Y77.309
G0 X88 Y81.3
;TIME_ELAPSED:1041.954889
;LAYER:8
;TYPE:SUPPORT
G1 F2700 E585.70322
G1 F1500 X88 Y93.794 E586.11878
G1 F2700 E581.11878
G0 F9000 X88 Y94.46
G0 X88 Y137.309
G0 X88 Y141.3
G1 F2700 E586.11878
G1 F1500 X88 Y153.794 E586.53433
G1 F2700 E581.53433
G0 F9000 X88 Y154.46
G0 X90.947 Y157.679
G0 X144.053 Y157.679
G0 X148 Y154.46
G0 X148 Y153.794
G1 F2700 E586.53433
G1 F1500 X148 Y141.3 E586.94988
G1 F2700 E581.94988
G0 F9000 X148 Y137.309
G0 X148 Y94.46
G0 X148 Y93.794
G1 F2700 E586.94988
G1 F1500 X148 Y81.3 E587.36543
G1 F2700 E582.36543
;MESH:batclipholder.stl(1)
G0 F9000 X148 Y77.309
G0 X141.347 Y77.321
G0 X98.712 Y88.462
G0 X97.376 Y88.148
;TYPE:WALL-INNER
G1 F2700 E587.36543
G1 F1229.5 X95.584 Y91.265 E587.51132
G1 F1271.2 X93.793 Y94.382 E587.65241
G0 F9000 X93.215 Y95.013
G0 X92.559 Y94.839
G0 X92.305 Y94.125
G1 F991.7 X92.3 Y80.5 E588.33783
G0 F9000 X91.967 Y79.585
G1 F1284.8 X91.967 Y79.005 E588.36035
G1 F1282.1 X83.034 Y79.006 E588.70798
G1 X83.034 Y79.585 E588.73051
G1 X83.291 Y79.471 E588.74145
G1 X91.709 Y79.471 E589.06903
G1 F1284.8 X91.967 Y79.585 E589.07998
G0 F9000 X92.3 Y80.5
G1 F1200 X92.4 Y79.869 E589.10654
G1 F1500 X92.4 Y78.572 E589.14968
G1 X82.6 Y78.572 E589.47563
G1 X82.6 Y79.869 E589.51877
G1 F1200 X82.7 Y80.5 E589.54533
G1 X83.002 Y80.05 E589.56786
G1 F1500 X83.337 Y79.903 E589.58003
G1 X91.663 Y79.902 E589.85695
G1 X91.998 Y80.05 E589.86914
G1 F1200 X92.3 Y80.5 E589.89167
G0 F9000 X92.038 Y80.062
G0 X82.962 Y80.062
G0 X82.7 Y80.5
G1 F991.7 X82.695 Y94.125 E590.57709
G0 F9000 X82.441 Y94.839
G0 X81.785 Y95.013
G0 X81.263 Y94.477
G1 F1239.7 X77.621 Y88.146 E590.87103
G0 F9000 X81.785 Y95.013
G0 X82.422 Y95.799
G1 F1685.4 X82.422 Y94.76 E590.90178
G1 X82.245 Y94.952 E590.90951
G1 X81.973 Y95.021 E590.91782
G1 X82.422 Y95.799 E590.94441
G0 F9000 X82.8 Y96.424
G1 F1500 X82.8 Y95.089 E590.98881
G1 F1327.4 X82.748 Y94.607 E591.00703
G1 F1075.3 X82.695 Y94.125 E591.02953
G1 F1188.1 X82.15 Y94.586 E591.0595
G1 F1500 X81.902 Y94.649 E591.06801
G1 F1373 X81.263 Y94.477 E591.09206
G1 X81.658 Y95.23 E591.12296
G1 F1500 X82.346 Y96.424 E591.16879
G1 X82.8 Y96.424 E591.18389
G1 F2700 E586.18389
G0 F9000 X82.52 Y96.146
G0 X82.962 Y80.062
G0 X92.038 Y80.062
G0 X92.578 Y95.794
G1 F2700 E591.18389
G1 F1694.9 X93.025 Y95.021 E591.21018
G1 X92.752 Y94.95 E591.21848
G1 X92.578 Y94.76 E591.22606
G1 X92.578 Y95.794 E591.2565
G0 F9000 X92.649 Y96.424
G1 F1500 X93.336 Y95.235 E591.30217
G1 F1388.9 X93.793 Y94.382 E591.33693
G1 X93.091 Y94.649 E591.36391
G1 F1500 X92.847 Y94.585 E591.3723
G1 F1188.1 X92.305 Y94.125 E591.40215
G1 F1075.3 X92.253 Y94.605 E591.42455
G1 F1327.4 X92.201 Y95.085 E591.4427
G1 F1500 X92.2 Y96.424 E591.48723
G1 X92.649 Y96.424 E591.50217
G0 F9000 X92.88 Y96.824
;TYPE:WALL-OUTER
G1 F1500 X98.151 Y87.701 E591.85261
G1 X97.117 Y87.7 E591.887
G1 X93.418 Y94.168 E592.13482
G1 X93.193 Y94.262 E592.14293
G1 X92.949 Y94.198 E592.15132
G1 X92.802 Y94.039 E592.15852
G1 X92.8 Y78.172 E592.68626
G1 X82.2 Y78.172 E593.03882
G1 X82.198 Y94.039 E593.56655
G1 X82.05 Y94.198 E593.57378
G1 X81.802 Y94.262 E593.5823
G1 X81.598 Y94.197 E593.58942
G1 X77.88 Y87.7 E593.83839
G1 X76.848 Y87.7 E593.87272
G1 X82.116 Y96.824 E594.22313
G1 X83.2 Y96.824 E594.25919
G1 X83.2 Y80.5 E594.80213
G1 X83.267 Y80.35 E594.80759
G1 X83.379 Y80.301 E594.81166
G1 X91.621 Y80.3 E595.08579
G1 X91.733 Y80.35 E595.08986
G1 X91.8 Y80.5 E595.09533
G1 X91.8 Y96.824 E595.63827
G1 X92.88 Y96.824 E595.67419
G1 F2700 E590.67419
;MESH:batclipholder.stl
G0 F9000 X92.713 Y96.53
G0 X92.024 Y96.602
G0 X92.024 Y97.691
G0 X92.024 Y137.309
G0 X92.024 Y138.404
G0 X91.967 Y139.585
;TYPE:WALL-INNER
G1 F2700 E595.67419
G1 F1284.8 X91.967 Y139.005 E595.69671
G1 F1282.1 X83.034 Y139.006 E596.04433
G1 X83.034 Y139.585 E596.06686
G1 X83.291 Y139.471 E596.0778
G1 X91.709 Y139.471 E596.40539
G1 F1284.8 X91.967 Y139.585 E596.41634
G0 F9000 X92.3 Y140.5
G1 F1200 X92.4 Y139.869 E596.4429
G1 F1500 X92.4 Y138.572 E596.48604
G1 X82.6 Y138.572 E596.81199
G1 X82.6 Y139.869 E596.85513
G1 F1200 X82.7 Y140.5 E596.88169
G1 X83.002 Y140.05 E596.90422
G1 F1500 X83.337 Y139.903 E596.91639
G1 X91.663 Y139.902 E597.19331
G1 X91.998 Y140.05 E597.20549
G1 F1200 X92.3 Y140.5 E597.22802
G1 F991.7 X92.305 Y154.125 E597.91344
G0 F9000 X92.559 Y154.839
G0 X93.215 Y155.013
G0 X93.793 Y154.382
G1 F1271.2 X95.584 Y151.265 E598.05453
G1 F1229.5 X97.376 Y148.148 E598.20042
G0 F9000 X93.215 Y155.013
G0 X92.578 Y155.794
G1 F1694.9 X93.025 Y155.021 E598.22671
G1 X92.752 Y154.95 E598.23501
G1 X92.578 Y154.76 E598.24259
G1 X92.578 Y155.794 E598.27303
G0 F9000 X92.649 Y156.424
G1 F1500 X93.336 Y155.235 E598.3187
G1 F1388.9 X93.793 Y154.382 E598.35346
G1 X93.091 Y154.649 E598.38044
G1 F1500 X92.847 Y154.585 E598.38883
G1 F1188.1 X92.305 Y154.125 E598.41868
G1 F1075.3 X92.253 Y154.605 E598.44108
G1 F1327.4 X92.201 Y155.085 E598.45923
G1 F1500 X92.2 Y156.424 E598.50377
G1 X92.649 Y156.424 E598.5187
G1 F2700 E593.5187
G0 F9000 X92.483 Y156.13
G0 X92.038 Y140.062
G0 X82.962 Y140.062
G0 X82.695 Y154.125
G1 F2700 E598.5187
G1 F991.7 X82.7 Y140.5 E599.20412
G0 F9000 X82.441 Y154.839
G0 X81.785 Y155.013
G0 X77.621 Y148.146
G1 F1239.7 X81.263 Y154.477 E599.49806
G0 F9000 X82.422 Y155.799
G1 F1685.4 X82.422 Y154.76 E599.52881
G1 X82.245 Y154.952 E599.53654
G1 X81.973 Y155.021 E599.54485
G1 X82.422 Y155.799 E599.57144
G0 F9000 X82.8 Y156.424
G1 F1500 X82.8 Y155.089 E599.61584
G1 F1327.4 X82.748 Y154.607 E599.63406
G1 F1075.3 X82.695 Y154.125 E599.65656
G1 F1188.1 X82.15 Y154.586 E599.68654
G1 F1500 X81.902 Y154.649 E599.69505
G1 F1373 X81.263 Y154.477 E599.71909
G1 X81.658 Y155.23 E599.74999
G1 F1500 X82.346 Y156.424 E599.79582
G1 X82.8 Y156.424 E599.81092
G1 F2700 E594.81092
G0 F9000 X82.52 Y156.146
G0 X82.962 Y140.062
G0 X92.038 Y140.062
G0 X92.045 Y149.385
G0 X92.713 Y156.53
G0 X92.88 Y156.824
;TYPE:WALL-OUTER
G1 F2700 E599.81092
G1 F1500 X98.151 Y147.701 E600.16136
G1 X97.117 Y147.7 E600.19575
G1 X93.418 Y154.168 E600.44357
G1 X93.193 Y154.262 E600.45168
G1 X92.949 Y154.198 E600.46007
G1 X92.802 Y154.039 E600.46728
G1 X92.8 Y138.172 E600.99502
G1 X82.2 Y138.172 E601.34757
G1 X82.198 Y154.039 E601.87531
G1 X82.05 Y154.198 E601.88254
G1 X81.802 Y154.262 E601.89105
G1 X81.598 Y154.197 E601.89818
G1 X77.88 Y147.7 E602.14715
G1 X76.848 Y147.7 E602.18147
G1 X82.116 Y156.824 E602.53189
G1 X83.2 Y156.824 E602.56794
G1 X83.2 Y140.5 E603.11088
G1 X83.267 Y140.35 E603.11635
G1 X83.379 Y140.301 E603.12041
G1 X91.621 Y140.3 E603.39454
G1 X91.733 Y140.35 E603.39862
G1 X91.8 Y140.5 E603.40409
G1 X91.8 Y156.824 E603.94702
G1 X92.88 Y156.824 E603.98294
G1 F2700 E598.98294
;MESH:batclipholder.stl(3)
G0 F9000 X92.713 Y156.53
G0 X97.773 Y147.92
G0 X98.712 Y148.462
G0 X136.289 Y148.463
G0 X137.621 Y148.146
;TYPE:WALL-INNER
G1 F2700 E603.98294
G1 F1239.7 X141.263 Y154.477 E604.27689
G0 F9000 X141.785 Y155.013
G0 X142.441 Y154.839
G0 X142.695 Y154.125
G1 F991.7 X142.7 Y140.5 E604.9623
G0 F9000 X143.034 Y139.585
G1 F1282.1 X143.291 Y139.471 E604.97324
G1 X151.709 Y139.471 E605.30083
G1 F1284.8 X151.967 Y139.585 E605.31178
G1 X151.967 Y139.005 E605.3343
G1 F1282.1 X143.034 Y139.006 E605.68192
G1 X143.034 Y139.585 E605.70445
G0 F9000 X142.7 Y140.5
G1 F1200 X143.002 Y140.05 E605.72699
G1 F1500 X143.337 Y139.903 E605.73915
G1 X151.663 Y139.902 E606.01608
G1 X151.998 Y140.05 E606.02826
G1 F1200 X152.3 Y140.5 E606.05079
G1 X152.4 Y139.869 E606.07735
G1 F1500 X152.4 Y138.572 E606.12049
G1 X142.6 Y138.572 E606.44644
G1 X142.6 Y139.869 E606.48958
G1 F1200 X142.7 Y140.5 E606.51614
G0 F9000 X142.962 Y140.062
G0 X152.038 Y140.062
G0 X152.3 Y140.5
G1 F991.7 X152.305 Y154.125 E607.20156
G0 F9000 X152.559 Y154.839
G0 X153.215 Y155.013
G0 X153.793 Y154.382
G1 F1271.2 X155.584 Y151.265 E607.34265
G1 F1229.5 X157.376 Y148.148 E607.48854
G0 F9000 X153.215 Y155.013
G0 X152.578 Y155.794
G1 F1694.9 X153.025 Y155.021 E607.51482
G1 X152.752 Y154.95 E607.52313
G1 X152.578 Y154.76 E607.53071
G1 X152.578 Y155.794 E607.56114
G0 F9000 X152.2 Y156.424
G1 F1500 X152.649 Y156.424 E607.57608
G1 X153.336 Y155.235 E607.62175
G1 F1388.9 X153.793 Y154.382 E607.65651
G1 X153.091 Y154.649 E607.68349
G1 F1500 X152.847 Y154.585 E607.69188
G1 F1188.1 X152.305 Y154.125 E607.72173
G1 F1075.3 X152.253 Y154.605 E607.74413
G1 F1327.4 X152.201 Y155.085 E607.76228
G1 F1500 X152.2 Y156.424 E607.80681
G1 F2700 E602.80681
G0 F9000 X152.48 Y156.146
G0 X152.038 Y140.062
G0 X142.962 Y140.062
G0 X142.422 Y155.799
G1 F2700 E607.80681
G1 F1685.4 X142.422 Y154.76 E607.83757
G1 X142.245 Y154.952 E607.8453
G1 X141.973 Y155.021 E607.85361
G1 X142.422 Y155.799 E607.8802
G0 F9000 X142.346 Y156.424
G1 F1500 X142.8 Y156.424 E607.8953
G1 X142.8 Y155.089 E607.9397
G1 F1327.4 X142.748 Y154.607 E607.95792
G1 F1075.3 X142.695 Y154.125 E607.98042
G1 F1188.1 X142.15 Y154.586 E608.01039
G1 F1500 X141.902 Y154.649 E608.0189
G1 F1373 X141.263 Y154.477 E608.04295
G1 X141.658 Y155.23 E608.07385
G1 F1500 X142.346 Y156.424 E608.11968
G0 F9000 X142.116 Y156.824
;TYPE:WALL-OUTER
G1 F1500 X143.2 Y156.824 E608.15573
G1 X143.2 Y140.5 E608.69867
G1 X143.267 Y140.35 E608.70414
G1 X143.379 Y140.301 E608.7082
G1 X151.621 Y140.3 E608.98233
G1 X151.733 Y140.35 E608.98641
G1 X151.8 Y140.5 E608.99188
G1 X151.8 Y156.824 E609.53482
G1 X152.88 Y156.824 E609.57074
G1 X158.151 Y147.701 E609.92117
G1 X157.117 Y147.7 E609.95556
G1 X153.418 Y154.168 E610.20339
G1 X153.193 Y154.262 E610.2115
G1 X152.949 Y154.198 E610.21989
G1 X152.802 Y154.039 E610.22709
G1 X152.8 Y138.172 E610.75483
G1 X142.2 Y138.172 E611.10738
G1 X142.198 Y154.039 E611.63512
G1 X142.05 Y154.198 E611.64235
G1 X141.802 Y154.262 E611.65087
G1 X141.598 Y154.197 E611.65799
G1 X137.88 Y147.7 E611.90696
G1 X136.848 Y147.7 E611.94129
G1 X142.116 Y156.824 E612.2917
G1 F2700 E607.2917
;MESH:batclipholder.stl(2)
G0 F9000 X142.287 Y156.53
G0 X142.412 Y155.16
G0 X142.424 Y138.398
G0 X142.424 Y137.309
G0 X142.424 Y97.691
G0 X142.424 Y96.596
G0 X142.422 Y95.799
;TYPE:WALL-INNER
G1 F2700 E612.2917
G1 F1685.4 X142.422 Y94.76 E612.32246
G1 X142.245 Y94.952 E612.33019
G1 X141.973 Y95.021 E612.33849
G1 X142.422 Y95.799 E612.36508
G0 F9000 X142.346 Y96.424
G1 F1500 X142.8 Y96.424 E612.38018
G1 X142.8 Y95.089 E612.42459
G1 F1327.4 X142.748 Y94.607 E612.44281
G1 F1075.3 X142.695 Y94.125 E612.46531
G1 F1188.1 X142.15 Y94.586 E612.49528
G1 F1500 X141.902 Y94.649 E612.50379
G1 F1373 X141.263 Y94.477 E612.52784
G1 X141.658 Y95.23 E612.55873
G1 F1500 X142.346 Y96.424 E612.60457
G0 F9000 X142.517 Y96.13
G0 X141.263 Y94.477
G1 F1239.7 X137.621 Y88.146 E612.89851
G0 F9000 X141.785 Y95.013
G0 X142.441 Y94.839
G0 X142.695 Y94.125
G1 F991.7 X142.7 Y80.5 E613.58393
G0 F9000 X143.034 Y79.585
G1 F1282.1 X143.291 Y79.471 E613.59487
G1 X151.709 Y79.471 E613.92245
G1 F1284.8 X151.967 Y79.585 E613.9334
G1 X151.967 Y79.005 E613.95592
G1 F1282.1 X143.034 Y79.006 E614.30354
G1 X143.034 Y79.585 E614.32608
G0 F9000 X142.7 Y80.5
G1 F1200 X143.002 Y80.05 E614.34861
G1 F1500 X143.337 Y79.903 E614.36078
G1 X151.663 Y79.902 E614.6377
G1 X151.998 Y80.05 E614.64988
G1 F1200 X152.3 Y80.5 E614.67241
G1 X152.4 Y79.869 E614.69897
G1 F1500 X152.4 Y78.572 E614.74211
G1 X142.6 Y78.572 E615.06806
G1 X142.6 Y79.869 E615.1112
G1 F1200 X142.7 Y80.5 E615.13776
G0 F9000 X142.962 Y80.062
G0 X152.038 Y80.062
G0 X152.3 Y80.5
G1 F991.7 X152.305 Y94.125 E615.82318
G0 F9000 X152.559 Y94.839
G0 X153.215 Y95.013
G0 X153.793 Y94.382
G1 F1271.2 X155.584 Y91.265 E615.96427
G1 F1229.5 X157.376 Y88.148 E616.11016
G0 F9000 X153.215 Y95.013
G0 X152.578 Y95.794
G1 F1694.9 X153.025 Y95.021 E616.13644
G1 X152.752 Y94.95 E616.14475
G1 X152.578 Y94.76 E616.15233
G1 X152.578 Y95.794 E616.18277
G0 F9000 X152.2 Y96.424
G1 F1500 X152.649 Y96.424 E616.1977
G1 X153.336 Y95.235 E616.24337
G1 F1388.9 X153.793 Y94.382 E616.27813
G1 X153.091 Y94.649 E616.30511
G1 F1500 X152.847 Y94.585 E616.3135
G1 F1188.1 X152.305 Y94.125 E616.34335
G1 F1075.3 X152.253 Y94.605 E616.36576
G1 F1327.4 X152.201 Y95.085 E616.3839
G1 F1500 X152.2 Y96.424 E616.42844
G1 F2700 E611.42844
G0 F9000 X152.48 Y96.146
G0 X152.038 Y80.062
G0 X142.962 Y80.062
G0 X142.955 Y89.385
G0 X142.287 Y96.53
G0 X142.116 Y96.824
;TYPE:WALL-OUTER
G1 F2700 E616.42844
G1 F1500 X143.2 Y96.824 E616.46449
G1 X143.2 Y80.5 E617.00743
G1 X143.267 Y80.35 E617.01289
G1 X143.379 Y80.301 E617.01696
G1 X151.621 Y80.3 E617.29109
G1 X151.733 Y80.35 E617.29517
G1 X151.8 Y80.5 E617.30063
G1 X151.8 Y96.824 E617.84357
G1 X152.88 Y96.824 E617.87949
G1 X158.151 Y87.701 E618.22993
G1 X157.117 Y87.7 E618.26432
G1 X153.418 Y94.168 E618.51214
G1 X153.193 Y94.262 E618.52025
G1 X152.949 Y94.198 E618.52864
G1 X152.802 Y94.039 E618.53584
G1 X152.8 Y78.172 E619.06358
G1 X142.2 Y78.172 E619.41614
G1 X142.198 Y94.039 E619.94388
G1 X142.05 Y94.198 E619.9511
G1 X141.802 Y94.262 E619.95962
G1 X141.598 Y94.197 E619.96674
G1 X137.88 Y87.7 E620.21572
G1 X136.848 Y87.7 E620.25004
G1 X142.116 Y96.824 E620.60046
G1 F2700 E615.60046
;MESH:NONMESH
G0 F300 X142.116 Y96.824 Z2
G0 F9000 X142.287 Y96.53
G0 X137.227 Y87.92
G0 X136.289 Y88.463
G0 X93.653 Y77.321
G0 X88 Y77.309
G0 X88 Y81.3
;TIME_ELAPSED:1108.740368
;LAYER:9
;TYPE:SUPPORT
G1 F2700 E620.60046
G1 F1500 X88 Y93.794 E621.01601
G1 F2700 E616.01601
G0 F9000 X88 Y94.46
G0 X88 Y137.309
G0 X88 Y141.3
G1 F2700 E621.01601
G1 F1500 X88 Y153.794 E621.43156
G1 F2700 E616.43156
G0 F9000 X88 Y154.46
G0 X90.947 Y157.679
G0 X144.053 Y157.679
G0 X148 Y154.46
G0 X148 Y153.794
G1 F2700 E621.43156
G1 F1500 X148 Y141.3 E621.84711
G1 F2700 E616.84711
G0 F9000 X148 Y137.309
G0 X148 Y94.46
G0 X148 Y93.794
G1 F2700 E621.84711
G1 F1500 X148 Y81.3 E622.26267
G1 F2700 E617.26267
;MESH:batclipholder.stl(1)
G0 F9000 X148 Y77.309
G0 X141.347 Y77.321
G0 X98.712 Y88.462
G0 X97.376 Y88.148
;TYPE:WALL-INNER
G1 F2700 E622.26267
G1 F1229.5 X95.584 Y91.265 E622.40856
G1 F1271.2 X93.793 Y94.382 E622.54965
G0 F9000 X93.215 Y95.013
G0 X92.559 Y94.839
G0 X92.305 Y94.125
G1 F991.7 X92.3 Y80.5 E623.23507
G0 F9000 X91.967 Y79.585
G1 F1284.8 X91.967 Y79.005 E623.25759
G1 F1282.1 X83.034 Y79.006 E623.60521
G1 X83.034 Y79.585 E623.62774
G1 X83.291 Y79.471 E623.63868
G1 X91.709 Y79.471 E623.96626
G1 F1284.8 X91.967 Y79.585 E623.97722
G0 F9000 X92.3 Y80.5
G1 F1200 X92.4 Y79.869 E624.00378
G1 F1500 X92.4 Y78.572 E624.04692
G1 X82.6 Y78.572 E624.37287
G1 X82.6 Y79.869 E624.416
G1 F1200 X82.7 Y80.5 E624.44256
G1 X83.002 Y80.05 E624.4651
G1 F1500 X83.337 Y79.903 E624.47726
G1 X91.663 Y79.902 E624.75419
G1 X91.998 Y80.05 E624.76637
G1 F1200 X92.3 Y80.5 E624.7889
G0 F9000 X92.038 Y80.062
G0 X82.962 Y80.062
G0 X82.7 Y80.5
G1 F991.7 X82.695 Y94.125 E625.47432
G0 F9000 X82.441 Y94.839
G0 X81.785 Y95.013
G0 X81.263 Y94.477
G1 F1239.7 X77.621 Y88.146 E625.76826
G0 F9000 X81.785 Y95.013
G0 X82.422 Y95.799
G1 F1685.4 X82.422 Y94.76 E625.79902
G1 X82.245 Y94.952 E625.80675
G1 X81.973 Y95.021 E625.81505
G1 X82.422 Y95.799 E625.84164
G0 F9000 X82.8 Y96.424
G1 F1500 X82.8 Y95.089 E625.88604
G1 F1327.4 X82.748 Y94.607 E625.90427
G1 F1075.3 X82.695 Y94.125 E625.92676
G1 F1188.1 X82.15 Y94.586 E625.95674
G1 F1500 X81.902 Y94.649 E625.96525
G1 F1373 X81.263 Y94.477 E625.98929
G1 X81.658 Y95.23 E626.02019
G1 F1500 X82.346 Y96.424 E626.06603
G1 X82.8 Y96.424 E626.08113
G1 F2700 E621.08113
G0 F9000 X82.52 Y96.146
G0 X82.962 Y80.062
G0 X92.038 Y80.062
G0 X92.578 Y95.794
G1 F2700 E626.08113
G1 F1694.9 X93.025 Y95.021 E626.10741
G1 X92.752 Y94.95 E626.11571
G1 X92.578 Y94.76 E626.1233
G1 X92.578 Y95.794 E626.15373
G0 F9000 X92.649 Y96.424
G1 F1500 X93.336 Y95.235 E626.1994
G1 F1388.9 X93.793 Y94.382 E626.23417
G1 X93.091 Y94.649 E626.26114
G1 F1500 X92.847 Y94.585 E626.26953
G1 F1188.1 X92.305 Y94.125 E626.29939
G1 F1075.3 X92.253 Y94.605 E626.32179
G1 F1327.4 X92.201 Y95.085 E626.33993
G1 F1500 X92.2 Y96.424 E626.38447
G1 X92.649 Y96.424 E626.3994
G0 F9000 X92.88 Y96.824
;TYPE:WALL-OUTER
G1 F1500 X98.151 Y87.701 E626.74984
G1 X97.117 Y87.7 E626.78423
G1 X93.418 Y94.168 E627.03205
G1 X93.193 Y94.262 E627.04016
G1 X92.949 Y94.198 E627.04855
G1 X92.802 Y94.039 E627.05575
G1 X92.8 Y78.172 E627.58349
G1 X82.2 Y78.172 E627.93605
G1 X82.198 Y94.039 E628.46379
G1 X82.05 Y94.198 E628.47101
G1 X81.802 Y94.262 E628.47953
G1 X81.598 Y94.197 E628.48665
G1 X77.88 Y87.7 E628.73563
G1 X76.848 Y87.7 E628.76995
G1 X82.116 Y96.824 E629.12037
G1 X83.2 Y96.824 E629.15642
G1 X83.2 Y80.5 E629.69936
G1 X83.267 Y80.35 E629.70482
G1 X83.379 Y80.301 E629.70889
G1 X91.621 Y80.3 E629.98302
G1 X91.733 Y80.35 E629.9871
G1 X91.8 Y80.5 E629.99256
G1 X91.8 Y96.824 E630.5355
G1 X92.88 Y96.824 E630.57142
G1 F2700 E625.57142
;MESH:batclipholder.stl
G0 F9000 X92.713 Y96.53
G0 X92.024 Y96.602
G0 X92.024 Y97.691
G0 X92.024 Y137.309
G0 X92.024 Y138.404
G0 X91.967 Y139.585
;TYPE:WALL-INNER
G1 F2700 E630.57142
G1 F1284.8 X91.967 Y139.005 E630.59394
G1 F1282.1 X83.034 Y139.006 E630.94157
G1 X83.034 Y139.585 E630.9641
G1 X83.291 Y139.471 E630.97504
G1 X91.709 Y139.471 E631.30262
G1 F1284.8 X91.967 Y139.585 E631.31357
G0 F9000 X92.3 Y140.5
G1 F1200 X92.4 Y139.869 E631.34013
G1 F1500 X92.4 Y138.572 E631.38327
G1 X82.6 Y138.572 E631.70922
G1 X82.6 Y139.869 E631.75236
G1 F1200 X82.7 Y140.5 E631.77892
G1 X83.002 Y140.05 E631.80145
G1 F1500 X83.337 Y139.903 E631.81362
G1 X91.663 Y139.902 E632.09054
G1 X91.998 Y140.05 E632.10273
G1 F1200 X92.3 Y140.5 E632.12526
G1 F991.7 X92.305 Y154.125 E632.81068
G0 F9000 X92.559 Y154.839
G0 X93.215 Y155.013
G0 X93.793 Y154.382
G1 F1271.2 X95.584 Y151.265 E632.95176
G1 F1229.5 X97.376 Y148.148 E633.09766
G0 F9000 X93.215 Y155.013
G0 X92.578 Y155.794
G1 F1694.9 X93.025 Y155.021 E633.12394
G1 X92.752 Y154.95 E633.13224
G1 X92.578 Y154.76 E633.13983
G1 X92.578 Y155.794 E633.17026
G0 F9000 X92.649 Y156.424
G1 F1500 X93.336 Y155.235 E633.21594
G1 F1388.9 X93.793 Y154.382 E633.2507
G1 X93.091 Y154.649 E633.27768
G1 F1500 X92.847 Y154.585 E633.28607
G1 F1188.1 X92.305 Y154.125 E633.31592
G1 F1075.3 X92.253 Y154.605 E633.33832
G1 F1327.4 X92.201 Y155.085 E633.35646
G1 F1500 X92.2 Y156.424 E633.401
G1 X92.649 Y156.424 E633.41593
G1 F2700 E628.41593
G0 F9000 X92.483 Y156.13
G0 X92.038 Y140.062
G0 X82.962 Y140.062
G0 X82.695 Y154.125
G1 F2700 E633.41593
G1 F991.7 X82.7 Y140.5 E634.10135
G0 F9000 X82.441 Y154.839
G0 X81.785 Y155.013
G0 X77.621 Y148.146
G1 F1239.7 X81.263 Y154.477 E634.39529
G0 F9000 X82.422 Y155.799
G1 F1685.4 X82.422 Y154.76 E634.42605
G1 X82.245 Y154.952 E634.43378
G1 X81.973 Y155.021 E634.44208
G1 X82.422 Y155.799 E634.46867
G0 F9000 X82.8 Y156.424
G1 F1500 X82.8 Y155.089 E634.51308
G1 F1327.4 X82.748 Y154.607 E634.5313
G1 F1075.3 X82.695 Y154.125 E634.5538
G1 F1188.1 X82.15 Y154.586 E634.58377
G1 F1500 X81.902 Y154.649 E634.59228
G1 F1373 X81.263 Y154.477 E634.61633
G1 X81.658 Y155.23 E634.64722
G1 F1500 X82.346 Y156.424 E634.69306
G1 X82.8 Y156.424 E634.70816
G1 F2700 E629.70816
G0 F9000 X82.52 Y156.146
G0 X82.962 Y140.062
G0 X92.038 Y140.062
G0 X92.045 Y149.385
G0 X92.713 Y156.53
G0 X92.88 Y156.824
;TYPE:WALL-OUTER
G1 F2700 E634.70816
G1 F1500 X98.151 Y147.701 E635.0586
G1 X97.117 Y147.7 E635.09299
G1 X93.418 Y154.168 E635.34081
G1 X93.193 Y154.262 E635.34892
G1 X92.949 Y154.198 E635.35731
G1 X92.802 Y154.039 E635.36451
G1 X92.8 Y138.172 E635.89225
G1 X82.2 Y138.172 E636.24481
G1 X82.198 Y154.039 E636.77254
G1 X82.05 Y154.198 E636.77977
G1 X81.802 Y154.262 E636.78829
G1 X81.598 Y154.197 E636.79541
G1 X77.88 Y147.7 E637.04438
G1 X76.848 Y147.7 E637.07871
G1 X82.116 Y156.824 E637.42912
G1 X83.2 Y156.824 E637.46518
G1 X83.2 Y140.5 E638.00812
G1 X83.267 Y140.35 E638.01358
G1 X83.379 Y140.301 E638.01765
G1 X91.621 Y140.3 E638.29178
G1 X91.733 Y140.35 E638.29585
G1 X91.8 Y140.5 E638.30132
G1 X91.8 Y156.824 E638.84426
G1 X92.88 Y156.824 E638.88018
G1 F2700 E633.88018
;MESH:batclipholder.stl(3)
G0 F9000 X92.713 Y156.53
G0 X97.773 Y147.92
G0 X98.712 Y148.462
G0 X136.289 Y148.463
G0 X137.621 Y148.146
;TYPE:WALL-INNER
G1 F2700 E638.88018
G1 F1239.7 X141.263 Y154.477 E639.17412
G0 F9000 X141.785 Y155.013
G0 X142.441 Y154.839
G0 X142.695 Y154.125
G1 F991.7 X142.7 Y140.5 E639.85954
G0 F9000 X143.034 Y139.585
G1 F1282.1 X143.291 Y139.471 E639.87048
G1 X151.709 Y139.471 E640.19806
G1 F1284.8 X151.967 Y139.585 E640.20901
G1 X151.967 Y139.005 E640.23153
G1 F1282.1 X143.034 Y139.006 E640.57916
G1 X143.034 Y139.585 E640.60169
G0 F9000 X142.7 Y140.5
G1 F1200 X143.002 Y140.05 E640.62422
G1 F1500 X143.337 Y139.903 E640.63639
G1 X151.663 Y139.902 E640.91331
G1 X151.998 Y140.05 E640.92549
G1 F1200 X152.3 Y140.5 E640.94802
G1 X152.4 Y139.869 E640.97458
G1 F1500 X152.4 Y138.572 E641.01772
G1 X142.6 Y138.572 E641.34367
G1 X142.6 Y139.869 E641.38681
G1 F1200 X142.7 Y140.5 E641.41337
G0 F9000 X142.962 Y140.062
G0 X152.038 Y140.062
G0 X152.3 Y140.5
G1 F991.7 X152.305 Y154.125 E642.09879
G0 F9000 X152.559 Y154.839
G0 X153.215 Y155.013
G0 X153.793 Y154.382
G1 F1271.2 X155.584 Y151.265 E642.23988
G1 F1229.5 X157.376 Y148.148 E642.38577
G0 F9000 X153.215 Y155.013
G0 X152.578 Y155.794
G1 F1694.9 X153.025 Y155.021 E642.41206
G1 X152.752 Y154.95 E642.42036
G1 X152.578 Y154.76 E642.42794
G1 X152.578 Y155.794 E642.45838
G0 F9000 X152.2 Y156.424
G1 F1500 X152.649 Y156.424 E642.47331
G1 X153.336 Y155.235 E642.51899
G1 F1388.9 X153.793 Y154.382 E642.55375
G1 X153.091 Y154.649 E642.58073
G1 F1500 X152.847 Y154.585 E642.58912
G1 F1188.1 X152.305 Y154.125 E642.61897
G1 F1075.3 X152.253 Y154.605 E642.64137
G1 F1327.4 X152.201 Y155.085 E642.65951
G1 F1500 X152.2 Y156.424 E642.70405
G1 F2700 E637.70405
G0 F9000 X152.48 Y156.146
G0 X152.038 Y140.062
G0 X142.962 Y140.062
G0 X142.422 Y155.799
G1 F2700 E642.70405
G1 F1685.4 X142.422 Y154.76 E642.7348
G1 X142.245 Y154.952 E642.74253
G1 X141.973 Y155.021 E642.75084
G1 X142.422 Y155.799 E642.77743
G0 F9000 X142.346 Y156.424
G1 F1500 X142.8 Y156.424 E642.79253
G1 X142.8 Y155.089 E642.83693
G1 F1327.4 X142.748 Y154.607 E642.85515
G1 F1075.3 X142.695 Y154.125 E642.87765
G1 F1188.1 X142.15 Y154.586 E642.90763
G1 F1500 X141.902 Y154.649 E642.91614
G1 F1373 X141.263 Y154.477 E642.94018
G1 X141.658 Y155.23 E642.97108
G1 F1500 X142.346 Y156.424 E643.01691
G0 F9000 X142.116 Y156.824
;TYPE:WALL-OUTER
G1 F1500 X143.2 Y156.824 E643.05297
G1 X143.2 Y140.5 E643.59591
G1 X143.267 Y140.35 E643.60137
G1 X143.379 Y140.301 E643.60544
G1 X151.621 Y140.3 E643.87957
G1 X151.733 Y140.35 E643.88365
G1 X151.8 Y140.5 E643.88911
G1 X151.8 Y156.824 E644.43205
G1 X152.88 Y156.824 E644.46797
G1 X158.151 Y147.701 E644.81841
G1 X157.117 Y147.7 E644.8528
G1 X153.418 Y154.168 E645.10062
G1 X153.193 Y154.262 E645.10873
G1 X152.949 Y154.198 E645.11712
G1 X152.802 Y154.039 E645.12432
G1 X152.8 Y138.172 E645.65206
G1 X142.2 Y138.172 E646.00462
G1 X142.198 Y154.039 E646.53236
G1 X142.05 Y154.198 E646.53958
G1 X141.802 Y154.262 E646.5481
G1 X141.598 Y154.197 E646.55522
G1 X137.88 Y147.7 E646.80419
G1 X136.848 Y147.7 E646.83852
G1 X142.116 Y156.824 E647.18893
G1 F2700 E642.18893
;MESH:batclipholder.stl(2)
G0 F9000 X142.287 Y156.53
G0 X142.412 Y155.16
G0 X142.424 Y138.398
G0 X142.424 Y137.309
G0 X142.424 Y97.691
G0 X142.424 Y96.596
G0 X142.422 Y95.799
;TYPE:WALL-INNER
G1 F2700 E647.18893
G1 F1685.4 X142.422 Y94.76 E647.21969
G1 X142.245 Y94.952 E647.22742
G1 X141.973 Y95.021 E647.23573
G1 X142.422 Y95.799 E647.26232
G0 F9000 X142.346 Y96.424
G1 F1500 X142.8 Y96.424 E647.27742
G1 X142.8 Y95.089 E647.32182
G1 F1327.4 X142.748 Y94.607 E647.34004
G1 F1075.3 X142.695 Y94.125 E647.36254
G1 F1188.1 X142.15 Y94.586 E647.39251
G1 F1500 X141.902 Y94.649 E647.40102
G1 F1373 X141.263 Y94.477 E647.42507
G1 X141.658 Y95.23 E647.45597
G1 F1500 X142.346 Y96.424 E647.5018
G0 F9000 X142.517 Y96.13
G0 X141.263 Y94.477
G1 F1239.7 X137.621 Y88.146 E647.79574
G0 F9000 X141.785 Y95.013
G0 X142.441 Y94.839
G0 X142.695 Y94.125
G1 F991.7 X142.7 Y80.5 E648.48116
G0 F9000 X143.034 Y79.585
G1 F1282.1 X143.291 Y79.471 E648.4921
G1 X151.709 Y79.471 E648.81968
G1 F1284.8 X151.967 Y79.585 E648.83063
G1 X151.967 Y79.005 E648.85316
G1 F1282.1 X143.034 Y79.006 E649.20078
G1 X143.034 Y79.585 E649.22331
G0 F9000 X142.7 Y80.5
G1 F1200 X143.002 Y80.05 E649.24584
G1 F1500 X143.337 Y79.903 E649.25801
G1 X151.663 Y79.902 E649.53493
G1 X151.998 Y80.05 E649.54711
G1 F1200 X152.3 Y80.5 E649.56965
G1 X152.4 Y79.869 E649.59621
G1 F1500 X152.4 Y78.572 E649.63934
G1 X142.6 Y78.572 E649.96529
G1 X142.6 Y79.869 E650.00843
G1 F1200 X142.7 Y80.5 E650.03499
G0 F9000 X142.962 Y80.062
G0 X152.038 Y80.062
G0 X152.3 Y80.5
G1 F991.7 X152.305 Y94.125 E650.72041
G0 F9000 X152.559 Y94.839
G0 X153.215 Y95.013
G0 X153.793 Y94.382
G1 F1271.2 X155.584 Y91.265 E650.8615
G1 F1229.5 X157.376 Y88.148 E651.00739
G0 F9000 X153.215 Y95.013
G0 X152.578 Y95.794
G1 F1694.9 X153.025 Y95.021 E651.03368
G1 X152.752 Y94.95 E651.04198
G1 X152.578 Y94.76 E651.04956
G1 X152.578 Y95.794 E651.08
G0 F9000 X152.2 Y96.424
G1 F1500 X152.649 Y96.424 E651.09493
G1 X153.336 Y95.235 E651.14061
G1 F1388.9 X153.793 Y94.382 E651.17537
G1 X153.091 Y94.649 E651.20235
G1 F1500 X152.847 Y94.585 E651.21074
G1 F1188.1 X152.305 Y94.125 E651.24059
G1 F1075.3 X152.253 Y94.605 E651.26299
G1 F1327.4 X152.201 Y95.085 E651.28114
G1 F1500 X152.2 Y96.424 E651.32567
G1 F2700 E646.32567
G0 F9000 X152.48 Y96.146
G0 X152.038 Y80.062
G0 X142.962 Y80.062
G0 X142.955 Y89.385
G0 X142.287 Y96.53
G0 X142.116 Y96.824
;TYPE:WALL-OUTER
G1 F2700 E651.32567
G1 F1500 X143.2 Y96.824 E651.36172
G1 X143.2 Y80.5 E651.90466
G1 X143.267 Y80.35 E651.91013
G1 X143.379 Y80.301 E651.91419
G1 X151.621 Y80.3 E652.18832
G1 X151.733 Y80.35 E652.1924
G1 X151.8 Y80.5 E652.19787
G1 X151.8 Y96.824 E652.74081
G1 X152.88 Y96.824 E652.77673
G1 X158.151 Y87.701 E653.12716
G1 X157.117 Y87.7 E653.16155
G1 X153.418 Y94.168 E653.40938
G1 X153.193 Y94.262 E653.41749
G1 X152.949 Y94.198 E653.42588
G1 X152.802 Y94.039 E653.43308
G1 X152.8 Y78.172 E653.96082
G1 X142.2 Y78.172 E654.31337
G1 X142.198 Y94.039 E654.84111
G1 X142.05 Y94.198 E654.84834
G1 X141.802 Y94.262 E654.85686
G1 X141.598 Y94.197 E654.86398
G1 X137.88 Y87.7 E655.11295
G1 X136.848 Y87.7 E655.14728
G1 X142.116 Y96.824 E655.49769
G1 F2700 E650.49769
;MESH:NONMESH
G0 F300 X142.116 Y96.824 Z2.2
G0 F9000 X142.287 Y96.53
G0 X137.227 Y87.92
G0 X136.289 Y88.463
G0 X93.653 Y77.321
G0 X88 Y77.309
G0 X88 Y81.3
;TIME_ELAPSED:1175.525848
;LAYER:10
;TYPE:SUPPORT
G1 F2700 E655.49769
G1 F1500 X88 Y93.794 E655.91324
G1 F2700 E650.91324
G0 F9000 X88 Y94.46
G0 X88 Y137.309
G0 X88 Y141.3
G1 F2700 E655.91324
G1 F1500 X88 Y153.794 E656.3288
G1 F2700 E651.3288
G0 F9000 X88 Y154.46
G0 X90.947 Y157.679
G0 X144.053 Y157.679
G0 X148 Y154.46
G0 X148 Y153.794
G1 F2700 E656.3288
G1 F1500 X148 Y141.3 E656.74435
G1 F2700 E651.74435
G0 F9000 X148 Y137.309
G0 X148 Y94.46
G0 X148 Y93.794
G1 F2700 E656.74435
G1 F1500 X148 Y81.3 E657.1599
G1 F2700 E652.1599
;MESH:batclipholder.stl(1)
G0 F9000 X148 Y77.309
G0 X141.347 Y77.321
G0 X98.712 Y88.462
G0 X97.376 Y88.148
;TYPE:WALL-INNER
G1 F2700 E657.1599
G1 F1229.5 X95.584 Y91.265 E657.30579
G1 F1271.2 X93.793 Y94.382 E657.44688
G0 F9000 X93.215 Y95.013
G0 X92.559 Y94.839
G0 X92.305 Y94.125
G1 F991.7 X92.3 Y80.5 E658.1323
G0 F9000 X91.967 Y79.585
G1 F1284.8 X91.967 Y79.005 E658.15482
G1 F1282.1 X83.034 Y79.006 E658.50244
G1 X83.034 Y79.585 E658.52498
G1 X83.291 Y79.471 E658.53592
G1 X91.709 Y79.471 E658.8635
G1 F1284.8 X91.967 Y79.585 E658.87445
G0 F9000 X92.3 Y80.5
G1 F1200 X92.4 Y79.869 E658.90101
G1 F1500 X92.4 Y78.572 E658.94415
G1 X82.6 Y78.572 E659.2701
G1 X82.6 Y79.869 E659.31324
G1 F1200 X82.7 Y80.5 E659.3398
G1 X83.002 Y80.05 E659.36233
G1 F1500 X83.337 Y79.903 E659.3745
G1 X91.663 Y79.902 E659.65142
G1 X91.998 Y80.05 E659.6636
G1 F1200 X92.3 Y80.5 E659.68613
G0 F9000 X92.038 Y80.062
G0 X82.962 Y80.062
G0 X82.7 Y80.5
G1 F991.7 X82.695 Y94.125 E660.37155
G0 F9000 X82.441 Y94.839
G0 X81.785 Y95.013
G0 X81.263 Y94.477
G1 F1239.7 X77.621 Y88.146 E660.66549
G0 F9000 X81.785 Y95.013
G0 X82.422 Y95.799
G1 F1685.4 X82.422 Y94.76 E660.69625
G1 X82.245 Y94.952 E660.70398
G1 X81.973 Y95.021 E660.71229
G1 X82.422 Y95.799 E660.73888
G0 F9000 X82.8 Y96.424
G1 F1500 X82.8 Y95.089 E660.78328
G1 F1327.4 X82.748 Y94.607 E660.8015
G1 F1075.3 X82.695 Y94.125 E660.824
G1 F1188.1 X82.15 Y94.586 E660.85397
G1 F1500 X81.902 Y94.649 E660.86248
G1 F1373 X81.263 Y94.477 E660.88653
G1 X81.658 Y95.23 E660.91743
G1 F1500 X82.346 Y96.424 E660.96326
G1 X82.8 Y96.424 E660.97836
G1 F2700 E655.97836
G0 F9000 X82.52 Y96.146
G0 X82.962 Y80.062
G0 X92.038 Y80.062
G0 X92.578 Y95.794
G1 F2700 E660.97836
G1 F1694.9 X93.025 Y95.021 E661.00464
G1 X92.752 Y94.95 E661.01295
G1 X92.578 Y94.76 E661.02053
G1 X92.578 Y95.794 E661.05097
G0 F9000 X92.649 Y96.424
G1 F1500 X93.336 Y95.235 E661.09664
G1 F1388.9 X93.793 Y94.382 E661.1314
G1 X93.091 Y94.649 E661.15838
G1 F1500 X92.847 Y94.585 E661.16677
G1 F1188.1 X92.305 Y94.125 E661.19662
G1 F1075.3 X92.253 Y94.605 E661.21902
G1 F1327.4 X92.201 Y95.085 E661.23717
G1 F1500 X92.2 Y96.424 E661.2817
G1 X92.649 Y96.424 E661.29664
G0 F9000 X92.88 Y96.824
;TYPE:WALL-OUTER
G1 F1500 X98.151 Y87.701 E661.64707
G1 X97.117 Y87.7 E661.68146
G1 X93.418 Y94.168 E661.92929
G1 X93.193 Y94.262 E661.9374
G1 X92.949 Y94.198 E661.94579
G1 X92.802 Y94.039 E661.95299
G1 X92.8 Y78.172 E662.48073
G1 X82.2 Y78.172 E662.83328
G1 X82.198 Y94.039 E663.36102
G1 X82.05 Y94.198 E663.36825
G1 X81.802 Y94.262 E663.37677
G1 X81.598 Y94.197 E663.38389
G1 X77.88 Y87.7 E663.63286
G1 X76.848 Y87.7 E663.66718
G1 X82.116 Y96.824 E664.0176
G1 X83.2 Y96.824 E664.05365
G1 X83.2 Y80.5 E664.59659
G1 X83.267 Y80.35 E664.60206
G1 X83.379 Y80.301 E664.60612
G1 X91.621 Y80.3 E664.88025
G1 X91.733 Y80.35 E664.88433
G1 X91.8 Y80.5 E664.8898
G1 X91.8 Y96.824 E665.43273
G1 X92.88 Y96.824 E665.46866
G1 F2700 E660.46866
;MESH:batclipholder.stl
G0 F9000 X92.713 Y96.53
G0 X92.024 Y96.602
G0 X92.024 Y97.691
G0 X92.024 Y137.309
G0 X92.024 Y138.404
G0 X91.967 Y139.585
;TYPE:WALL-INNER
G1 F2700 E665.46866
G1 F1284.8 X91.967 Y139.005 E665.49118
G1 F1282.1 X83.034 Y139.006 E665.8388
G1 X83.034 Y139.585 E665.86133
G1 X83.291 Y139.471 E665.87227
G1 X91.709 Y139.471 E666.19985
G1 F1284.8 X91.967 Y139.585 E666.21081
G0 F9000 X92.3 Y140.5
G1 F1200 X92.4 Y139.869 E666.23737
G1 F1500 X92.4 Y138.572 E666.28051
G1 X82.6 Y138.572 E666.60646
G1 X82.6 Y139.869 E666.64959
G1 F1200 X82.7 Y140.5 E666.67615
G1 X83.002 Y140.05 E666.69869
G1 F1500 X83.337 Y139.903 E666.71085
G1 X91.663 Y139.902 E666.98778
G1 X91.998 Y140.05 E666.99996
G1 F1200 X92.3 Y140.5 E667.02249
G1 F991.7 X92.305 Y154.125 E667.70791
G0 F9000 X92.559 Y154.839
G0 X93.215 Y155.013
G0 X93.793 Y154.382
G1 F1271.2 X95.584 Y151.265 E667.849
G1 F1229.5 X97.376 Y148.148 E667.99489
G0 F9000 X93.215 Y155.013
G0 X92.578 Y155.794
G1 F1694.9 X93.025 Y155.021 E668.02117
G1 X92.752 Y154.95 E668.02948
G1 X92.578 Y154.76 E668.03706
G1 X92.578 Y155.794 E668.0675
G0 F9000 X92.649 Y156.424
G1 F1500 X93.336 Y155.235 E668.11317
G1 F1388.9 X93.793 Y154.382 E668.14793
G1 X93.091 Y154.649 E668.17491
G1 F1500 X92.847 Y154.585 E668.1833
G1 F1188.1 X92.305 Y154.125 E668.21315
G1 F1075.3 X92.253 Y154.605 E668.23555
G1 F1327.4 X92.201 Y155.085 E668.2537
G1 F1500 X92.2 Y156.424 E668.29823
G1 X92.649 Y156.424 E668.31317
G1 F2700 E663.31317
G0 F9000 X92.483 Y156.13
G0 X92.038 Y140.062
G0 X82.962 Y140.062
G0 X82.695 Y154.125
G1 F2700 E668.31317
G1 F991.7 X82.7 Y140.5 E668.99859
G0 F9000 X82.441 Y154.839
G0 X81.785 Y155.013
G0 X77.621 Y148.146
G1 F1239.7 X81.263 Y154.477 E669.29253
G0 F9000 X82.422 Y155.799
G1 F1685.4 X82.422 Y154.76 E669.32328
G1 X82.245 Y154.952 E669.33101
G1 X81.973 Y155.021 E669.33932
G1 X82.422 Y155.799 E669.36591
G0 F9000 X82.8 Y156.424
G1 F1500 X82.8 Y155.089 E669.41031
G1 F1327.4 X82.748 Y154.607 E669.42853
G1 F1075.3 X82.695 Y154.125 E669.45103
G1 F1188.1 X82.15 Y154.586 E669.481
G1 F1500 X81.902 Y154.649 E669.48951
G1 F1373 X81.263 Y154.477 E669.51356
G1 X81.658 Y155.23 E669.54446
G1 F1500 X82.346 Y156.424 E669.59029
G1 X82.8 Y156.424 E669.60539
G1 F2700 E664.60539
G0 F9000 X82.52 Y156.146
G0 X82.962 Y140.062
G0 X92.038 Y140.062
G0 X92.045 Y149.385
G0 X92.713 Y156.53
G0 X92.88 Y156.824
;TYPE:WALL-OUTER
G1 F2700 E669.60539
G1 F1500 X98.151 Y147.701 E669.95583
G1 X97.117 Y147.7 E669.99022
G1 X93.418 Y154.168 E670.23804
G1 X93.193 Y154.262 E670.24615
G1 X92.949 Y154.198 E670.25454
G1 X92.802 Y154.039 E670.26174
G1 X92.8 Y138.172 E670.78948
G1 X82.2 Y138.172 E671.14204
G1 X82.198 Y154.039 E671.66978
G1 X82.05 Y154.198 E671.677
G1 X81.802 Y154.262 E671.68552
G1 X81.598 Y154.197 E671.69264
G1 X77.88 Y147.7 E671.94162
G1 X76.848 Y147.7 E671.97594
G1 X82.116 Y156.824 E672.32636
G1 X83.2 Y156.824 E672.36241
G1 X83.2 Y140.5 E672.90535
G1 X83.267 Y140.35 E672.91081
G1 X83.379 Y140.301 E672.91488
G1 X91.621 Y140.3 E673.18901
G1 X91.733 Y140.35 E673.19309
G1 X91.8 Y140.5 E673.19855
G1 X91.8 Y156.824 E673.74149
G1 X92.88 Y156.824 E673.77741
G1 F2700 E668.77741
;MESH:batclipholder.stl(3)
G0 F9000 X92.713 Y156.53
G0 X97.773 Y147.92
G0 X98.712 Y148.462
G0 X136.289 Y148.463
G0 X137.621 Y148.146
;TYPE:WALL-INNER
G1 F2700 E673.77741
G1 F1239.7 X141.263 Y154.477 E674.07135
G0 F9000 X141.785 Y155.013
G0 X142.441 Y154.839
G0 X142.695 Y154.125
G1 F991.7 X142.7 Y140.5 E674.75677
G0 F9000 X143.034 Y139.585
G1 F1282.1 X143.291 Y139.471 E674.76771
G1 X151.709 Y139.471 E675.09529
G1 F1284.8 X151.967 Y139.585 E675.10625
G1 X151.967 Y139.005 E675.12877
G1 F1282.1 X143.034 Y139.006 E675.47639
G1 X143.034 Y139.585 E675.49892
G0 F9000 X142.7 Y140.5
G1 F1200 X143.002 Y140.05 E675.52145
G1 F1500 X143.337 Y139.903 E675.53362
G1 X151.663 Y139.902 E675.81054
G1 X151.998 Y140.05 E675.82273
G1 F1200 X152.3 Y140.5 E675.84526
G1 X152.4 Y139.869 E675.87182
G1 F1500 X152.4 Y138.572 E675.91496
G1 X142.6 Y138.572 E676.24091
G1 X142.6 Y139.869 E676.28404
G1 F1200 X142.7 Y140.5 E676.31061
G0 F9000 X142.962 Y140.062
G0 X152.038 Y140.062
G0 X152.3 Y140.5
G1 F991.7 X152.305 Y154.125 E676.99602
G0 F9000 X152.559 Y154.839
G0 X153.215 Y155.013
G0 X153.793 Y154.382
G1 F1271.2 X155.584 Y151.265 E677.13711
G1 F1229.5 X157.376 Y148.148 E677.28301
G0 F9000 X153.215 Y155.013
G0 X152.578 Y155.794
G1 F1694.9 X153.025 Y155.021 E677.30929
G1 X152.752 Y154.95 E677.31759
G1 X152.578 Y154.76 E677.32518
G1 X152.578 Y155.794 E677.35561
G0 F9000 X152.2 Y156.424
G1 F1500 X152.649 Y156.424 E677.37055
G1 X153.336 Y155.235 E677.41622
G1 F1388.9 X153.793 Y154.382 E677.45098
G1 X153.091 Y154.649 E677.47796
G1 F1500 X152.847 Y154.585 E677.48635
G1 F1188.1 X152.305 Y154.125 E677.5162
G1 F1075.3 X152.253 Y154.605 E677.5386
G1 F1327.4 X152.201 Y155.085 E677.55675
G1 F1500 X152.2 Y156.424 E677.60128
G1 F2700 E672.60128
G0 F9000 X152.48 Y156.146
G0 X152.038 Y140.062
G0 X142.962 Y140.062
G0 X142.422 Y155.799
G1 F2700 E677.60128
G1 F1685.4 X142.422 Y154.76 E677.63204
G1 X142.245 Y154.952 E677.63977
G1 X141.973 Y155.021 E677.64807
G1 X142.422 Y155.799 E677.67466
G0 F9000 X142.346 Y156.424
G1 F1500 X142.8 Y156.424 E677.68977
G1 X142.8 Y155.089 E677.73417
G1 F1327.4 X142.748 Y154.607 E677.75239
G1 F1075.3 X142.695 Y154.125 E677.77489
G1 F1188.1 X142.15 Y154.586 E677.80486
G1 F1500 X141.902 Y154.649 E677.81337
G1 F1373 X141.263 Y154.477 E677.83742
G1 X141.658 Y155.23 E677.86831
G1 F1500 X142.346 Y156.424 E677.91415
G0 F9000 X142.116 Y156.824
;TYPE:WALL-OUTER
G1 F1500 X143.2 Y156.824 E677.9502
G1 X143.2 Y140.5 E678.49314
G1 X143.267 Y140.35 E678.4986
G1 X143.379 Y140.301 E678.50267
G1 X151.621 Y140.3 E678.7768
G1 X151.733 Y140.35 E678.78088
G1 X151.8 Y140.5 E678.78634
G1 X151.8 Y156.824 E679.32928
G1 X152.88 Y156.824 E679.3652
G1 X158.151 Y147.701 E679.71564
G1 X157.117 Y147.7 E679.75003
G1 X153.418 Y154.168 E679.99785
G1 X153.193 Y154.262 E680.00596
G1 X152.949 Y154.198 E680.01435
G1 X152.802 Y154.039 E680.02156
G1 X152.8 Y138.172 E680.54929
G1 X142.2 Y138.172 E680.90185
G1 X142.198 Y154.039 E681.42959
G1 X142.05 Y154.198 E681.43682
G1 X141.802 Y154.262 E681.44533
G1 X141.598 Y154.197 E681.45246
G1 X137.88 Y147.7 E681.70143
G1 X136.848 Y147.7 E681.73575
G1 X142.116 Y156.824 E682.08617
G1 F2700 E677.08617
;MESH:batclipholder.stl(2)
G0 F9000 X142.287 Y156.53
G0 X142.412 Y155.16
G0 X142.424 Y138.398
G0 X142.424 Y137.309
G0 X142.424 Y97.691
G0 X142.424 Y96.596
G0 X142.422 Y95.799
;TYPE:WALL-INNER
G1 F2700 E682.08617
G1 F1685.4 X142.422 Y94.76 E682.11692
G1 X142.245 Y94.952 E682.12465
G1 X141.973 Y95.021 E682.13296
G1 X142.422 Y95.799 E682.15955
G0 F9000 X142.346 Y96.424
G1 F1500 X142.8 Y96.424 E682.17465
G1 X142.8 Y95.089 E682.21905
G1 F1327.4 X142.748 Y94.607 E682.23727
G1 F1075.3 X142.695 Y94.125 E682.25977
G1 F1188.1 X142.15 Y94.586 E682.28975
G1 F1500 X141.902 Y94.649 E682.29826
G1 F1373 X141.263 Y94.477 E682.3223
G1 X141.658 Y95.23 E682.3532
G1 F1500 X142.346 Y96.424 E682.39903
G0 F9000 X142.517 Y96.13
G0 X141.263 Y94.477
G1 F1239.7 X137.621 Y88.146 E682.69297
G0 F9000 X141.785 Y95.013
G0 X142.441 Y94.839
G0 X142.695 Y94.125
G1 F991.7 X142.7 Y80.5 E683.37839
G0 F9000 X143.034 Y79.585
G1 F1282.1 X143.291 Y79.471 E683.38933
G1 X151.709 Y79.471 E683.71692
G1 F1284.8 X151.967 Y79.585 E683.72787
G1 X151.967 Y79.005 E683.75039
G1 F1282.1 X143.034 Y79.006 E684.09801
G1 X143.034 Y79.585 E684.12054
G0 F9000 X142.7 Y80.5
G1 F1200 X143.002 Y80.05 E684.14307
G1 F1500 X143.337 Y79.903 E684.15524
G1 X151.663 Y79.902 E684.43217
G1 X151.998 Y80.05 E684.44435
G1 F1200 X152.3 Y80.5 E684.46688
G1 X152.4 Y79.869 E684.49344
G1 F1500 X152.4 Y78.572 E684.53658
G1 X142.6 Y78.572 E684.86253
G1 X142.6 Y79.869 E684.90567
G1 F1200 X142.7 Y80.5 E684.93223
G0 F9000 X142.962 Y80.062
G0 X152.038 Y80.062
G0 X152.3 Y80.5
G1 F991.7 X152.305 Y94.125 E685.61765
G0 F9000 X152.559 Y94.839
G0 X153.215 Y95.013
G0 X153.793 Y94.382
G1 F1271.2 X155.584 Y91.265 E685.75874
G1 F1229.5 X157.376 Y88.148 E685.90463
G0 F9000 X153.215 Y95.013
G0 X152.578 Y95.794
G1 F1694.9 X153.025 Y95.021 E685.93091
G1 X152.752 Y94.95 E685.93921
G1 X152.578 Y94.76 E685.9468
G1 X152.578 Y95.794 E685.97723
G0 F9000 X152.2 Y96.424
G1 F1500 X152.649 Y96.424 E685.99217
G1 X153.336 Y95.235 E686.03784
G1 F1388.9 X153.793 Y94.382 E686.0726
G1 X153.091 Y94.649 E686.09958
G1 F1500 X152.847 Y94.585 E686.10797
G1 F1188.1 X152.305 Y94.125 E686.13782
G1 F1075.3 X152.253 Y94.605 E686.16022
G1 F1327.4 X152.201 Y95.085 E686.17837
G1 F1500 X152.2 Y96.424 E686.2229
G1 F2700 E681.2229
G0 F9000 X152.48 Y96.146
G0 X152.038 Y80.062
G0 X142.962 Y80.062
G0 X142.955 Y89.385
G0 X142.287 Y96.53
G0 X142.116 Y96.824
;TYPE:WALL-OUTER
G1 F2700 E686.2229
G1 F1500 X143.2 Y96.824 E686.25896
G1 X143.2 Y80.5 E686.8019
G1 X143.267 Y80.35 E686.80736
G1 X143.379 Y80.301 E686.81143
G1 X151.621 Y80.3 E687.08556
G1 X151.733 Y80.35 E687.08964
G1 X151.8 Y80.5 E687.0951
G1 X151.8 Y96.824 E687.63804
G1 X152.88 Y96.824 E687.67396
G1 X158.151 Y87.701 E688.0244
G1 X157.117 Y87.7 E688.05879
G1 X153.418 Y94.168 E688.30661
G1 X153.193 Y94.262 E688.31472
G1 X152.949 Y94.198 E688.32311
G1 X152.802 Y94.039 E688.33031
G1 X152.8 Y78.172 E688.85805
G1 X142.2 Y78.172 E689.21061
G1 X142.198 Y94.039 E689.73835
G1 X142.05 Y94.198 E689.74557
G1 X141.802 Y94.262 E689.75409
G1 X141.598 Y94.197 E689.76121
G1 X137.88 Y87.7 E690.01018
G1 X136.848 Y87.7 E690.04451
G1 X142.116 Y96.824 E690.39492
G1 F2700 E685.39492
;MESH:NONMESH
G0 F300 X142.116 Y96.824 Z2.4
G0 F9000 X142.287 Y96.53
G0 X137.227 Y87.92
G0 X136.289 Y88.463
G0 X93.653 Y77.321
G0 X88 Y77.309
G0 X88 Y81.3
;TIME_ELAPSED:1242.311327
;LAYER:11
;TYPE:SUPPORT
G1 F2700 E690.39492
G1 F1500 X88 Y93.794 E690.81048
G1 F2700 E685.81048
G0 F9000 X88 Y94.46
G0 X88 Y137.309
G0 X88 Y141.3
G1 F2700 E690.81048
G1 F1500 X88 Y153.794 E691.22603
G1 F2700 E686.22603
G0 F9000 X88 Y154.46
G0 X90.947 Y157.679
G0 X144.053 Y157.679
G0 X148 Y154.46
G0 X148 Y153.794
G1 F2700 E691.22603
G1 F1500 X148 Y141.3 E691.64158
G1 F2700 E686.64158
G0 F9000 X148 Y137.309
G0 X148 Y94.46
G0 X148 Y93.794
G1 F2700 E691.64158
G1 F1500 X148 Y81.3 E692.05713
G1 F2700 E687.05713
;MESH:batclipholder.stl(1)
G0 F9000 X148 Y77.309
G0 X141.347 Y77.321
G0 X98.712 Y88.462
G0 X97.376 Y88.148
;TYPE:WALL-INNER
G1 F2700 E692.05713
G1 F1229.5 X95.584 Y91.265 E692.20303
G1 F1271.2 X93.793 Y94.382 E692.34411
G0 F9000 X93.215 Y95.013
G0 X92.559 Y94.839
G0 X92.305 Y94.125
G1 F991.7 X92.3 Y80.5 E693.02953
G0 F9000 X91.967 Y79.585
G1 F1284.8 X91.967 Y79.005 E693.05206
G1 F1282.1 X83.034 Y79.006 E693.39968
G1 X83.034 Y79.585 E693.42221
G1 X83.291 Y79.471 E693.43315
G1 X91.709 Y79.471 E693.76073
G1 F1284.8 X91.967 Y79.585 E693.77168
G0 F9000 X92.3 Y80.5
G1 F1200 X92.4 Y79.869 E693.79824
G1 F1500 X92.4 Y78.572 E693.84138
G1 X82.6 Y78.572 E694.16733
G1 X82.6 Y79.869 E694.21047
G1 F1200 X82.7 Y80.5 E694.23703
G1 X83.002 Y80.05 E694.25956
G1 F1500 X83.337 Y79.903 E694.27173
G1 X91.663 Y79.902 E694.54866
G1 X91.998 Y80.05 E694.56084
G1 F1200 X92.3 Y80.5 E694.58337
G0 F9000 X92.038 Y80.062
G0 X82.962 Y80.062
G0 X82.7 Y80.5
G1 F991.7 X82.695 Y94.125 E695.26879
G0 F9000 X82.441 Y94.839
G0 X81.785 Y95.013
G0 X81.263 Y94.477
G1 F1239.7 X77.621 Y88.146 E695.56273
G0 F9000 X81.785 Y95.013
G0 X82.422 Y95.799
G1 F1685.4 X82.422 Y94.76 E695.59348
G1 X82.245 Y94.952 E695.60121
G1 X81.973 Y95.021 E695.60952
G1 X82.422 Y95.799 E695.63611
G0 F9000 X82.8 Y96.424
G1 F1500 X82.8 Y95.089 E695.68051
G1 F1327.4 X82.748 Y94.607 E695.69873
G1 F1075.3 X82.695 Y94.125 E695.72123
G1 F1188.1 X82.15 Y94.586 E695.75121
G1 F1500 X81.902 Y94.649 E695.75972
G1 F1373 X81.263 Y94.477 E695.78376
G1 X81.658 Y95.23 E695.81466
G1 F1500 X82.346 Y96.424 E695.86049
G1 X82.8 Y96.424 E695.87559
G1 F2700 E690.87559
G0 F9000 X82.52 Y96.146
G0 X82.962 Y80.062
G0 X92.038 Y80.062
G0 X92.578 Y95.794
G1 F2700 E695.87559
G1 F1694.9 X93.025 Y95.021 E695.90188
G1 X92.752 Y94.95 E695.91018
G1 X92.578 Y94.76 E695.91776
G1 X92.578 Y95.794 E695.9482
G0 F9000 X92.649 Y96.424
G1 F1500 X93.336 Y95.235 E695.99387
G1 F1388.9 X93.793 Y94.382 E696.02863
G1 X93.091 Y94.649 E696.05561
G1 F1500 X92.847 Y94.585 E696.064
G1 F1188.1 X92.305 Y94.125 E696.09385
G1 F1075.3 X92.253 Y94.605 E696.11625
G1 F1327.4 X92.201 Y95.085 E696.1344
G1 F1500 X92.2 Y96.424 E696.17894
G1 X92.649 Y96.424 E696.19387
G0 F9000 X92.88 Y96.824
;TYPE:WALL-OUTER
G1 F1500 X98.151 Y87.701 E696.54431
G1 X97.117 Y87.7 E696.5787
G1 X93.418 Y94.168 E696.82652
G1 X93.193 Y94.262 E696.83463
G1 X92.949 Y94.198 E696.84302
G1 X92.802 Y94.039 E696.85022
G1 X92.8 Y78.172 E697.37796
G1 X82.2 Y78.172 E697.73052
G1 X82.198 Y94.039 E698.25826
G1 X82.05 Y94.198 E698.26548
G1 X81.802 Y94.262 E698.274
G1 X81.598 Y94.197 E698.28112
G1 X77.88 Y87.7 E698.53009
G1 X76.848 Y87.7 E698.56442
G1 X82.116 Y96.824 E698.91483
G1 X83.2 Y96.824 E698.95089
G1 X83.2 Y80.5 E699.49383
G1 X83.267 Y80.35 E699.49929
G1 X83.379 Y80.301 E699.50336
G1 X91.621 Y80.3 E699.77749
G1 X91.733 Y80.35 E699.78157
G1 X91.8 Y80.5 E699.78703
G1 X91.8 Y96.824 E700.32997
G1 X92.88 Y96.824 E700.36589
G1 F2700 E695.36589
;MESH:batclipholder.stl
G0 F9000 X92.713 Y96.53
G0 X92.024 Y96.602
G0 X92.024 Y97.691
G0 X92.024 Y137.309
G0 X92.024 Y138.404
G0 X91.967 Y139.585
;TYPE:WALL-INNER
G1 F2700 E700.36589
G1 F1284.8 X91.967 Y139.005 E700.38841
G1 F1282.1 X83.034 Y139.006 E700.73603
G1 X83.034 Y139.585 E700.75857
G1 X83.291 Y139.471 E700.76951
G1 X91.709 Y139.471 E701.09709
G1 F1284.8 X91.967 Y139.585 E701.10804
G0 F9000 X92.3 Y140.5
G1 F1200 X92.4 Y139.869 E701.1346
G1 F1500 X92.4 Y138.572 E701.17774
G1 X82.6 Y138.572 E701.50369
G1 X82.6 Y139.869 E701.54683
G1 F1200 X82.7 Y140.5 E701.57339
G1 X83.002 Y140.05 E701.59592
G1 F1500 X83.337 Y139.903 E701.60809
G1 X91.663 Y139.902 E701.88501
G1 X91.998 Y140.05 E701.89719
G1 F1200 X92.3 Y140.5 E701.91972
G1 F991.7 X92.305 Y154.125 E702.60514
G0 F9000 X92.559 Y154.839
G0 X93.215 Y155.013
G0 X93.793 Y154.382
G1 F1271.2 X95.584 Y151.265 E702.74623
G1 F1229.5 X97.376 Y148.148 E702.89212
G0 F9000 X93.215 Y155.013
G0 X92.578 Y155.794
G1 F1694.9 X93.025 Y155.021 E702.91841
G1 X92.752 Y154.95 E702.92671
G1 X92.578 Y154.76 E702.93429
G1 X92.578 Y155.794 E702.96473
G0 F9000 X92.649 Y156.424
G1 F1500 X93.336 Y155.235 E703.0104
G1 F1388.9 X93.793 Y154.382 E703.04516
G1 X93.091 Y154.649 E703.07214
G1 F1500 X92.847 Y154.585 E703.08053
G1 F1188.1 X92.305 Y154.125 E703.11038
G1 F1075.3 X92.253 Y154.605 E703.13279
G1 F1327.4 X92.201 Y155.085 E703.15093
G1 F1500 X92.2 Y156.424 E703.19547
G1 X92.649 Y156.424 E703.2104
G1 F2700 E698.2104
G0 F9000 X92.483 Y156.13
G0 X92.038 Y140.062
G0 X82.962 Y140.062
G0 X82.695 Y154.125
G1 F2700 E703.2104
G1 F991.7 X82.7 Y140.5 E703.89582
G0 F9000 X82.441 Y154.839
G0 X81.785 Y155.013
G0 X77.621 Y148.146
G1 F1239.7 X81.263 Y154.477 E704.18976
G0 F9000 X82.422 Y155.799
G1 F1685.4 X82.422 Y154.76 E704.22052
G1 X82.245 Y154.952 E704.22825
G1 X81.973 Y155.021 E704.23655
G1 X82.422 Y155.799 E704.26314
G0 F9000 X82.8 Y156.424
G1 F1500 X82.8 Y155.089 E704.30754
G1 F1327.4 X82.748 Y154.607 E704.32577
G1 F1075.3 X82.695 Y154.125 E704.34826
G1 F1188.1 X82.15 Y154.586 E704.37824
G1 F1500 X81.902 Y154.649 E704.38675
G1 F1373 X81.263 Y154.477 E704.41079
G1 X81.658 Y155.23 E704.44169
G1 F1500 X82.346 Y156.424 E704.48753
G1 X82.8 Y156.424 E704.50263
G1 F2700 E699.50263
G0 F9000 X82.52 Y156.146
G0 X82.962 Y140.062
G0 X92.038 Y140.062
G0 X92.045 Y149.385
G0 X92.713 Y156.53
G0 X92.88 Y156.824
;TYPE:WALL-OUTER
G1 F2700 E704.50263
G1 F1500 X98.151 Y147.701 E704.85306
G1 X97.117 Y147.7 E704.88745
G1 X93.418 Y154.168 E705.13528
G1 X93.193 Y154.262 E705.14339
G1 X92.949 Y154.198 E705.15178
G1 X92.802 Y154.039 E705.15898
G1 X92.8 Y138.172 E705.68672
G1 X82.2 Y138.172 E706.03927
G1 X82.198 Y154.039 E706.56701
G1 X82.05 Y154.198 E706.57424
G1 X81.802 Y154.262 E706.58276
G1 X81.598 Y154.197 E706.58988
G1 X77.88 Y147.7 E706.83885
G1 X76.848 Y147.7 E706.87317
G1 X82.116 Y156.824 E707.22359
G1 X83.2 Y156.824 E707.25964
G1 X83.2 Y140.5 E707.80258
G1 X83.267 Y140.35 E707.80805
G1 X83.379 Y140.301 E707.81211
G1 X91.621 Y140.3 E708.08624
G1 X91.733 Y140.35 E708.09032
G1 X91.8 Y140.5 E708.09579
G1 X91.8 Y156.824 E708.63872
G1 X92.88 Y156.824 E708.67465
G1 F2700 E703.67465
;MESH:batclipholder.stl(3)
G0 F9000 X92.713 Y156.53
G0 X97.773 Y147.92
G0 X98.712 Y148.462
G0 X136.289 Y148.463
G0 X137.621 Y148.146
;TYPE:WALL-INNER
G1 F2700 E708.67465
G1 F1239.7 X141.263 Y154.477 E708.96859
G0 F9000 X141.785 Y155.013
G0 X142.441 Y154.839
G0 X142.695 Y154.125
G1 F991.7 X142.7 Y140.5 E709.654
G0 F9000 X143.034 Y139.585
G1 F1282.1 X143.291 Y139.471 E709.66495
G1 X151.709 Y139.471 E709.99253
G1 F1284.8 X151.967 Y139.585 E710.00348
G1 X151.967 Y139.005 E710.026
G1 F1282.1 X143.034 Y139.006 E710.37362
G1 X143.034 Y139.585 E710.39616
G0 F9000 X142.7 Y140.5
G1 F1200 X143.002 Y140.05 E710.41869
G1 F1500 X143.337 Y139.903 E710.43085
G1 X151.663 Y139.902 E710.70778
G1 X151.998 Y140.05 E710.71996
G1 F1200 X152.3 Y140.5 E710.74249
G1 X152.4 Y139.869 E710.76905
G1 F1500 X152.4 Y138.572 E710.81219
G1 X142.6 Y138.572 E711.13814
G1 X142.6 Y139.869 E711.18128
G1 F1200 X142.7 Y140.5 E711.20784
G0 F9000 X142.962 Y140.062
G0 X152.038 Y140.062
G0 X152.3 Y140.5
G1 F991.7 X152.305 Y154.125 E711.89326
G0 F9000 X152.559 Y154.839
G0 X153.215 Y155.013
G0 X153.793 Y154.382
G1 F1271.2 X155.584 Y151.265 E712.03435
G1 F1229.5 X157.376 Y148.148 E712.18024
G0 F9000 X153.215 Y155.013
G0 X152.578 Y155.794
G1 F1694.9 X153.025 Y155.021 E712.20652
G1 X152.752 Y154.95 E712.21483
G1 X152.578 Y154.76 E712.22241
G1 X152.578 Y155.794 E712.25285
G0 F9000 X152.2 Y156.424
G1 F1500 X152.649 Y156.424 E712.26778
G1 X153.336 Y155.235 E712.31345
G1 F1388.9 X153.793 Y154.382 E712.34821
G1 X153.091 Y154.649 E712.37519
G1 F1500 X152.847 Y154.585 E712.38358
G1 F1188.1 X152.305 Y154.125 E712.41343
G1 F1075.3 X152.253 Y154.605 E712.43583
G1 F1327.4 X152.201 Y155.085 E712.45398
G1 F1500 X152.2 Y156.424 E712.49852
G1 F2700 E707.49852
G0 F9000 X152.48 Y156.146
G0 X152.038 Y140.062
G0 X142.962 Y140.062
G0 X142.422 Y155.799
G1 F2700 E712.49852
G1 F1685.4 X142.422 Y154.76 E712.52927
G1 X142.245 Y154.952 E712.537
G1 X141.973 Y155.021 E712.54531
G1 X142.422 Y155.799 E712.5719
G0 F9000 X142.346 Y156.424
G1 F1500 X142.8 Y156.424 E712.587
G1 X142.8 Y155.089 E712.6314
G1 F1327.4 X142.748 Y154.607 E712.64962
G1 F1075.3 X142.695 Y154.125 E712.67212
G1 F1188.1 X142.15 Y154.586 E712.70209
G1 F1500 X141.902 Y154.649 E712.7106
G1 F1373 X141.263 Y154.477 E712.73465
G1 X141.658 Y155.23 E712.76555
G1 F1500 X142.346 Y156.424 E712.81138
G0 F9000 X142.116 Y156.824
;TYPE:WALL-OUTER
G1 F1500 X143.2 Y156.824 E712.84744
G1 X143.2 Y140.5 E713.39037
G1 X143.267 Y140.35 E713.39584
G1 X143.379 Y140.301 E713.3999
G1 X151.621 Y140.3 E713.67403
G1 X151.733 Y140.35 E713.67811
G1 X151.8 Y140.5 E713.68358
G1 X151.8 Y156.824 E714.22652
G1 X152.88 Y156.824 E714.26244
G1 X158.151 Y147.701 E714.61287
G1 X157.117 Y147.7 E714.64727
G1 X153.418 Y154.168 E714.89509
G1 X153.193 Y154.262 E714.9032
G1 X152.949 Y154.198 E714.91159
G1 X152.802 Y154.039 E714.91879
G1 X152.8 Y138.172 E715.44653
G1 X142.2 Y138.172 E715.79909
G1 X142.198 Y154.039 E716.32682
G1 X142.05 Y154.198 E716.33405
G1 X141.802 Y154.262 E716.34257
G1 X141.598 Y154.197 E716.34969
G1 X137.88 Y147.7 E716.59866
G1 X136.848 Y147.7 E716.63299
G1 X142.116 Y156.824 E716.9834
G1 F2700 E711.9834
;MESH:batclipholder.stl(2)
G0 F9000 X142.287 Y156.53
G0 X142.412 Y155.16
G0 X142.424 Y138.398
G0 X142.424 Y137.309
G0 X142.424 Y97.691
G0 X142.424 Y96.596
G0 X142.422 Y95.799
;TYPE:WALL-INNER
G1 F2700 E716.9834
G1 F1685.4 X142.422 Y94.76 E717.01416
G1 X142.245 Y94.952 E717.02189
G1 X141.973 Y95.021 E717.03019
G1 X142.422 Y95.799 E717.05678
G0 F9000 X142.346 Y96.424
G1 F1500 X142.8 Y96.424 E717.07189
G1 X142.8 Y95.089 E717.11629
G1 F1327.4 X142.748 Y94.607 E717.13451
G1 F1075.3 X142.695 Y94.125 E717.15701
G1 F1188.1 X142.15 Y94.586 E717.18698
G1 F1500 X141.902 Y94.649 E717.19549
G1 F1373 X141.263 Y94.477 E717.21954
G1 X141.658 Y95.23 E717.25043
G1 F1500 X142.346 Y96.424 E717.29627
G0 F9000 X142.517 Y96.13
G0 X141.263 Y94.477
G1 F1239.7 X137.621 Y88.146 E717.59021
G0 F9000 X141.785 Y95.013
G0 X142.441 Y94.839
G0 X142.695 Y94.125
G1 F991.7 X142.7 Y80.5 E718.27563
G0 F9000 X143.034 Y79.585
G1 F1282.1 X143.291 Y79.471 E718.28657
G1 X151.709 Y79.471 E718.61415
G1 F1284.8 X151.967 Y79.585 E718.6251
G1 X151.967 Y79.005 E718.64762
G1 F1282.1 X143.034 Y79.006 E718.99525
G1 X143.034 Y79.585 E719.01778
G0 F9000 X142.7 Y80.5
G1 F1200 X143.002 Y80.05 E719.04031
G1 F1500 X143.337 Y79.903 E719.05248
G1 X151.663 Y79.902 E719.3294
G1 X151.998 Y80.05 E719.34158
G1 F1200 X152.3 Y80.5 E719.36411
G1 X152.4 Y79.869 E719.39067
G1 F1500 X152.4 Y78.572 E719.43381
G1 X142.6 Y78.572 E719.75976
G1 X142.6 Y79.869 E719.8029
G1 F1200 X142.7 Y80.5 E719.82946
G0 F9000 X142.962 Y80.062
G0 X152.038 Y80.062
G0 X152.3 Y80.5
G1 F991.7 X152.305 Y94.125 E720.51488
G0 F9000 X152.559 Y94.839
G0 X153.215 Y95.013
G0 X153.793 Y94.382
G1 F1271.2 X155.584 Y91.265 E720.65597
G1 F1229.5 X157.376 Y88.148 E720.80186
G0 F9000 X153.215 Y95.013
G0 X152.578 Y95.794
G1 F1694.9 X153.025 Y95.021 E720.82815
G1 X152.752 Y94.95 E720.83645
G1 X152.578 Y94.76 E720.84403
G1 X152.578 Y95.794 E720.87447
G0 F9000 X152.2 Y96.424
G1 F1500 X152.649 Y96.424 E720.8894
G1 X153.336 Y95.235 E720.93507
G1 F1388.9 X153.793 Y94.382 E720.96984
G1 X153.091 Y94.649 E720.99681
G1 F1500 X152.847 Y94.585 E721.0052
G1 F1188.1 X152.305 Y94.125 E721.03506
G1 F1075.3 X152.253 Y94.605 E721.05746
G1 F1327.4 X152.201 Y95.085 E721.0756
G1 F1500 X152.2 Y96.424 E721.12014
G1 F2700 E716.12014
G0 F9000 X152.48 Y96.146
G0 X152.038 Y80.062
G0 X142.962 Y80.062
G0 X142.955 Y89.385
G0 X142.287 Y96.53
G0 X142.116 Y96.824
;TYPE:WALL-OUTER
G1 F2700 E721.12014
G1 F1500 X143.2 Y96.824 E721.15619
G1 X143.2 Y80.5 E721.69913
G1 X143.267 Y80.35 E721.70459
G1 X143.379 Y80.301 E721.70866
G1 X151.621 Y80.3 E721.98279
G1 X151.733 Y80.35 E721.98687
G1 X151.8 Y80.5 E721.99233
G1 X151.8 Y96.824 E722.53527
G1 X152.88 Y96.824 E722.57119
G1 X158.151 Y87.701 E722.92163
G1 X157.117 Y87.7 E722.95602
G1 X153.418 Y94.168 E723.20384
G1 X153.193 Y94.262 E723.21195
G1 X152.949 Y94.198 E723.22034
G1 X152.802 Y94.039 E723.22755
G1 X152.8 Y78.172 E723.75528
G1 X142.2 Y78.172 E724.10784
G1 X142.198 Y94.039 E724.63558
G1 X142.05 Y94.198 E724.64281
G1 X141.802 Y94.262 E724.65132
G1 X141.598 Y94.197 E724.65845
G1 X137.88 Y87.7 E724.90742
G1 X136.848 Y87.7 E724.94174
G1 X142.116 Y96.824 E725.29216
G1 F2700 E720.29216
;MESH:NONMESH
G0 F300 X142.116 Y96.824 Z2.6
G0 F9000 X142.287 Y96.53
G0 X137.227 Y87.92
G0 X136.289 Y88.463
G0 X93.653 Y77.321
G0 X88 Y77.309
G0 X88 Y81.3
;TIME_ELAPSED:1309.096806
;LAYER:12
;TYPE:SUPPORT
G1 F2700 E725.29216
G1 F1500 X88 Y93.794 E725.70771
G1 F2700 E720.70771
G0 F9000 X88 Y94.46
G0 X88 Y137.309
G0 X88 Y141.3
G1 F2700 E725.70771
G1 F1500 X88 Y153.794 E726.12326
G1 F2700 E721.12326
G0 F9000 X88 Y154.46
G0 X90.947 Y157.679
G0 X144.053 Y157.679
G0 X148 Y154.46
G0 X148 Y153.794
G1 F2700 E726.12326
G1 F1500 X148 Y141.3 E726.53881
G1 F2700 E721.53881
G0 F9000 X148 Y137.309
G0 X148 Y94.46
G0 X148 Y93.794
G1 F2700 E726.53881
G1 F1500 X148 Y81.3 E726.95437
G1 F2700 E721.95437
;MESH:batclipholder.stl(1)
G0 F9000 X148 Y77.309
G0 X141.347 Y77.321
G0 X98.712 Y88.462
G0 X97.376 Y88.148
;TYPE:WALL-INNER
G1 F2700 E726.95437
G1 F1229.5 X95.584 Y91.265 E727.10026
G1 F1271.2 X93.793 Y94.382 E727.24135
G0 F9000 X93.215 Y95.013
G0 X92.559 Y94.839
G0 X92.305 Y94.125
G1 F991.7 X92.3 Y80.5 E727.92677
G0 F9000 X91.967 Y79.585
G1 F1284.8 X91.967 Y79.005 E727.94929
G1 F1282.1 X83.034 Y79.006 E728.29691
G1 X83.034 Y79.585 E728.31944
G1 X83.291 Y79.471 E728.33038
G1 X91.709 Y79.471 E728.65796
G1 F1284.8 X91.967 Y79.585 E728.66892
G0 F9000 X92.3 Y80.5
G1 F1200 X92.4 Y79.869 E728.69548
G1 F1500 X92.4 Y78.572 E728.73862
G1 X82.6 Y78.572 E729.06457
G1 X82.6 Y79.869 E729.1077
G1 F1200 X82.7 Y80.5 E729.13427
G1 X83.002 Y80.05 E729.1568
G1 F1500 X83.337 Y79.903 E729.16897
G1 X91.663 Y79.902 E729.44589
G1 X91.998 Y80.05 E729.45807
G1 F1200 X92.3 Y80.5 E729.4806
G0 F9000 X92.038 Y80.062
G0 X82.962 Y80.062
G0 X82.7 Y80.5
G1 F991.7 X82.695 Y94.125 E730.16602
G0 F9000 X82.441 Y94.839
G0 X81.785 Y95.013
G0 X81.263 Y94.477
G1 F1239.7 X77.621 Y88.146 E730.45996
G0 F9000 X81.785 Y95.013
G0 X82.422 Y95.799
G1 F1685.4 X82.422 Y94.76 E730.49072
G1 X82.245 Y94.952 E730.49845
G1 X81.973 Y95.021 E730.50675
G1 X82.422 Y95.799 E730.53334
G0 F9000 X82.8 Y96.424
G1 F1500 X82.8 Y95.089 E730.57775
G1 F1327.4 X82.748 Y94.607 E730.59597
G1 F1075.3 X82.695 Y94.125 E730.61846
G1 F1188.1 X82.15 Y94.586 E730.64844
G1 F1500 X81.902 Y94.649 E730.65695
G1 F1373 X81.263 Y94.477 E730.68099
G1 X81.658 Y95.23 E730.71189
G1 F1500 X82.346 Y96.424 E730.75773
G1 X82.8 Y96.424 E730.77283
G1 F2700 E725.77283
G0 F9000 X82.52 Y96.146
G0 X82.962 Y80.062
G0 X92.038 Y80.062
G0 X92.578 Y95.794
G1 F2700 E730.77283
G1 F1694.9 X93.025 Y95.021 E730.79911
G1 X92.752 Y94.95 E730.80741
G1 X92.578 Y94.76 E730.815
G1 X92.578 Y95.794 E730.84543
G0 F9000 X92.649 Y96.424
G1 F1500 X93.336 Y95.235 E730.89111
G1 F1388.9 X93.793 Y94.382 E730.92587
G1 X93.091 Y94.649 E730.95285
G1 F1500 X92.847 Y94.585 E730.96124
G1 F1188.1 X92.305 Y94.125 E730.99109
G1 F1075.3 X92.253 Y94.605 E731.01349
G1 F1327.4 X92.201 Y95.085 E731.03163
G1 F1500 X92.2 Y96.424 E731.07617
G1 X92.649 Y96.424 E731.0911
G0 F9000 X92.88 Y96.824
;TYPE:WALL-OUTER
G1 F1500 X98.151 Y87.701 E731.44154
G1 X97.117 Y87.7 E731.47593
G1 X93.418 Y94.168 E731.72375
G1 X93.193 Y94.262 E731.73186
G1 X92.949 Y94.198 E731.74025
G1 X92.802 Y94.039 E731.74746
G1 X92.8 Y78.172 E732.27519
G1 X82.2 Y78.172 E732.62775
G1 X82.198 Y94.039 E733.15549
G1 X82.05 Y94.198 E733.16271
G1 X81.802 Y94.262 E733.17123
G1 X81.598 Y94.197 E733.17835
G1 X77.88 Y87.7 E733.42733
G1 X76.848 Y87.7 E733.46165
G1 X82.116 Y96.824 E733.81207
G1 X83.2 Y96.824 E733.84812
G1 X83.2 Y80.5 E734.39106
G1 X83.267 Y80.35 E734.39652
G1 X83.379 Y80.301 E734.40059
G1 X91.621 Y80.3 E734.67472
G1 X91.733 Y80.35 E734.6788
G1 X91.8 Y80.5 E734.68426
G1 X91.8 Y96.824 E735.2272
G1 X92.88 Y96.824 E735.26312
G1 F2700 E730.26312
;MESH:batclipholder.stl
G0 F9000 X92.713 Y96.53
G0 X92.024 Y96.602
G0 X92.024 Y97.691
G0 X92.024 Y137.309
G0 X92.024 Y138.404
G0 X91.967 Y139.585
;TYPE:WALL-INNER
G1 F2700 E735.26312
G1 F1284.8 X91.967 Y139.005 E735.28565
G1 F1282.1 X83.034 Y139.006 E735.63327
G1 X83.034 Y139.585 E735.6558
G1 X83.291 Y139.471 E735.66674
G1 X91.709 Y139.471 E735.99432
G1 F1284.8 X91.967 Y139.585 E736.00527
G0 F9000 X92.3 Y140.5
G1 F1200 X92.4 Y139.869 E736.03183
G1 F1500 X92.4 Y138.572 E736.07497
G1 X82.6 Y138.572 E736.40092
G1 X82.6 Y139.869 E736.44406
G1 F1200 X82.7 Y140.5 E736.47062
G1 X83.002 Y140.05 E736.49315
G1 F1500 X83.337 Y139.903 E736.50532
G1 X91.663 Y139.902 E736.78225
G1 X91.998 Y140.05 E736.79443
G1 F1200 X92.3 Y140.5 E736.81696
G1 F991.7 X92.305 Y154.125 E737.50238
G0 F9000 X92.559 Y154.839
G0 X93.215 Y155.013
G0 X93.793 Y154.382
G1 F1271.2 X95.584 Y151.265 E737.64347
G1 F1229.5 X97.376 Y148.148 E737.78936
G0 F9000 X93.215 Y155.013
G0 X92.578 Y155.794
G1 F1694.9 X93.025 Y155.021 E737.81564
G1 X92.752 Y154.95 E737.82394
G1 X92.578 Y154.76 E737.83153
G1 X92.578 Y155.794 E737.86196
G0 F9000 X92.649 Y156.424
G1 F1500 X93.336 Y155.235 E737.90764
G1 F1388.9 X93.793 Y154.382 E737.9424
G1 X93.091 Y154.649 E737.96938
G1 F1500 X92.847 Y154.585 E737.97777
G1 F1188.1 X92.305 Y154.125 E738.00762
G1 F1075.3 X92.253 Y154.605 E738.03002
G1 F1327.4 X92.201 Y155.085 E738.04817
G1 F1500 X92.2 Y156.424 E738.0927
G1 X92.649 Y156.424 E738.10763
G1 F2700 E733.10763
G0 F9000 X92.483 Y156.13
G0 X92.038 Y140.062
G0 X82.962 Y140.062
G0 X82.695 Y154.125
G1 F2700 E738.10763
G1 F991.7 X82.7 Y140.5 E738.79305
G0 F9000 X82.441 Y154.839
G0 X81.785 Y155.013
G0 X77.621 Y148.146
G1 F1239.7 X81.263 Y154.477 E739.08699
G0 F9000 X82.422 Y155.799
G1 F1685.4 X82.422 Y154.76 E739.11775
G1 X82.245 Y154.952 E739.12548
G1 X81.973 Y155.021 E739.13379
G1 X82.422 Y155.799 E739.16038
G0 F9000 X82.8 Y156.424
G1 F1500 X82.8 Y155.089 E739.20478
G1 F1327.4 X82.748 Y154.607 E739.223
G1 F1075.3 X82.695 Y154.125 E739.2455
G1 F1188.1 X82.15 Y154.586 E739.27547
G1 F1500 X81.902 Y154.649 E739.28398
G1 F1373 X81.263 Y154.477 E739.30803
G1 X81.658 Y155.23 E739.33893
G1 F1500 X82.346 Y156.424 E739.38476
G1 X82.8 Y156.424 E739.39986
G1 F2700 E734.39986
G0 F9000 X82.52 Y156.146
G0 X82.962 Y140.062
G0 X92.038 Y140.062
G0 X92.045 Y149.385
G0 X92.713 Y156.53
G0 X92.88 Y156.824
;TYPE:WALL-OUTER
G1 F2700 E739.39986
G1 F1500 X98.151 Y147.701 E739.7503
G1 X97.117 Y147.7 E739.78469
G1 X93.418 Y154.168 E740.03251
G1 X93.193 Y154.262 E740.04062
G1 X92.949 Y154.198 E740.04901
G1 X92.802 Y154.039 E740.05621
G1 X92.8 Y138.172 E740.58395
G1 X82.2 Y138.172 E740.93651
G1 X82.198 Y154.039 E741.46425
G1 X82.05 Y154.198 E741.47147
G1 X81.802 Y154.262 E741.47999
G1 X81.598 Y154.197 E741.48711
G1 X77.88 Y147.7 E741.73608
G1 X76.848 Y147.7 E741.77041
G1 X82.116 Y156.824 E742.12082
G1 X83.2 Y156.824 E742.15688
G1 X83.2 Y140.5 E742.69982
G1 X83.267 Y140.35 E742.70528
G1 X83.379 Y140.301 E742.70935
G1 X91.621 Y140.3 E742.98348
G1 X91.733 Y140.35 E742.98756
G1 X91.8 Y140.5 E742.99302
G1 X91.8 Y156.824 E743.53596
G1 X92.88 Y156.824 E743.57188
G1 F2700 E738.57188
;MESH:batclipholder.stl(3)
G0 F9000 X92.713 Y156.53
G0 X97.773 Y147.92
G0 X98.712 Y148.462
G0 X136.289 Y148.463
G0 X137.621 Y148.146
;TYPE:WALL-INNER
G1 F2700 E743.57188
G1 F1239.7 X141.263 Y154.477 E743.86582
G0 F9000 X141.785 Y155.013
G0 X142.441 Y154.839
G0 X142.695 Y154.125
G1 F991.7 X142.7 Y140.5 E744.55124
G0 F9000 X143.034 Y139.585
G1 F1282.1 X143.291 Y139.471 E744.56218
G1 X151.709 Y139.471 E744.88976
G1 F1284.8 X151.967 Y139.585 E744.90071
G1 X151.967 Y139.005 E744.92324
G1 F1282.1 X143.034 Y139.006 E745.27086
G1 X143.034 Y139.585 E745.29339
G0 F9000 X142.7 Y140.5
G1 F1200 X143.002 Y140.05 E745.31592
G1 F1500 X143.337 Y139.903 E745.32809
G1 X151.663 Y139.902 E745.60501
G1 X151.998 Y140.05 E745.61719
G1 F1200 X152.3 Y140.5 E745.63972
G1 X152.4 Y139.869 E745.66629
G1 F1500 X152.4 Y138.572 E745.70942
G1 X142.6 Y138.572 E746.03537
G1 X142.6 Y139.869 E746.07851
G1 F1200 X142.7 Y140.5 E746.10507
G0 F9000 X142.962 Y140.062
G0 X152.038 Y140.062
G0 X152.3 Y140.5
G1 F991.7 X152.305 Y154.125 E746.79049
G0 F9000 X152.559 Y154.839
G0 X153.215 Y155.013
G0 X153.793 Y154.382
G1 F1271.2 X155.584 Y151.265 E746.93158
G1 F1229.5 X157.376 Y148.148 E747.07747
G0 F9000 X153.215 Y155.013
G0 X152.578 Y155.794
G1 F1694.9 X153.025 Y155.021 E747.10376
G1 X152.752 Y154.95 E747.11206
G1 X152.578 Y154.76 E747.11964
G1 X152.578 Y155.794 E747.15008
G0 F9000 X152.2 Y156.424
G1 F1500 X152.649 Y156.424 E747.16501
G1 X153.336 Y155.235 E747.21069
G1 F1388.9 X153.793 Y154.382 E747.24545
G1 X153.091 Y154.649 E747.27243
G1 F1500 X152.847 Y154.585 E747.28082
G1 F1188.1 X152.305 Y154.125 E747.31067
G1 F1075.3 X152.253 Y154.605 E747.33307
G1 F1327.4 X152.201 Y155.085 E747.35121
G1 F1500 X152.2 Y156.424 E747.39575
G1 F2700 E742.39575
G0 F9000 X152.48 Y156.146
G0 X152.038 Y140.062
G0 X142.962 Y140.062
G0 X142.422 Y155.799
G1 F2700 E747.39575
G1 F1685.4 X142.422 Y154.76 E747.42651
G1 X142.245 Y154.952 E747.43424
G1 X141.973 Y155.021 E747.44254
G1 X142.422 Y155.799 E747.46913
G0 F9000 X142.346 Y156.424
G1 F1500 X142.8 Y156.424 E747.48423
G1 X142.8 Y155.089 E747.52863
G1 F1327.4 X142.748 Y154.607 E747.54686
G1 F1075.3 X142.695 Y154.125 E747.56935
G1 F1188.1 X142.15 Y154.586 E747.59933
G1 F1500 X141.902 Y154.649 E747.60784
G1 F1373 X141.263 Y154.477 E747.63188
G1 X141.658 Y155.23 E747.66278
G1 F1500 X142.346 Y156.424 E747.70862
G0 F9000 X142.116 Y156.824
;TYPE:WALL-OUTER
G1 F1500 X143.2 Y156.824 E747.74467
G1 X143.2 Y140.5 E748.28761
G1 X143.267 Y140.35 E748.29307
G1 X143.379 Y140.301 E748.29714
G1 X151.621 Y140.3 E748.57127
G1 X151.733 Y140.35 E748.57535
G1 X151.8 Y140.5 E748.58081
G1 X151.8 Y156.824 E749.12375
G1 X152.88 Y156.824 E749.15967
G1 X158.151 Y147.701 E749.51011
G1 X157.117 Y147.7 E749.5445
G1 X153.418 Y154.168 E749.79232
G1 X153.193 Y154.262 E749.80043
G1 X152.949 Y154.198 E749.80882
G1 X152.802 Y154.039 E749.81602
G1 X152.8 Y138.172 E750.34376
G1 X142.2 Y138.172 E750.69632
G1 X142.198 Y154.039 E751.22406
G1 X142.05 Y154.198 E751.23128
G1 X141.802 Y154.262 E751.2398
G1 X141.598 Y154.197 E751.24692
G1 X137.88 Y147.7 E751.4959
G1 X136.848 Y147.7 E751.53022
G1 X142.116 Y156.824 E751.88064
G1 F2700 E746.88064
;MESH:batclipholder.stl(2)
G0 F9000 X142.287 Y156.53
G0 X142.412 Y155.16
G0 X142.424 Y138.398
G0 X142.424 Y137.309
G0 X142.424 Y97.691
G0 X142.424 Y96.596
G0 X142.422 Y95.799
;TYPE:WALL-INNER
G1 F2700 E751.88064
G1 F1685.4 X142.422 Y94.76 E751.91139
G1 X142.245 Y94.952 E751.91912
G1 X141.973 Y95.021 E751.92743
G1 X142.422 Y95.799 E751.95402
G0 F9000 X142.346 Y96.424
G1 F1500 X142.8 Y96.424 E751.96912
G1 X142.8 Y95.089 E752.01352
G1 F1327.4 X142.748 Y94.607 E752.03174
G1 F1075.3 X142.695 Y94.125 E752.05424
G1 F1188.1 X142.15 Y94.586 E752.08421
G1 F1500 X141.902 Y94.649 E752.09272
G1 F1373 X141.263 Y94.477 E752.11677
G1 X141.658 Y95.23 E752.14767
G1 F1500 X142.346 Y96.424 E752.1935
G0 F9000 X142.517 Y96.13
G0 X141.263 Y94.477
G1 F1239.7 X137.621 Y88.146 E752.48744
G0 F9000 X141.785 Y95.013
G0 X142.441 Y94.839
G0 X142.695 Y94.125
G1 F991.7 X142.7 Y80.5 E753.17286
G0 F9000 X143.034 Y79.585
G1 F1282.1 X143.291 Y79.471 E753.1838
G1 X151.709 Y79.471 E753.51138
G1 F1284.8 X151.967 Y79.585 E753.52234
G1 X151.967 Y79.005 E753.54486
G1 F1282.1 X143.034 Y79.006 E753.89248
G1 X143.034 Y79.585 E753.91501
G0 F9000 X142.7 Y80.5
G1 F1200 X143.002 Y80.05 E753.93754
G1 F1500 X143.337 Y79.903 E753.94971
G1 X151.663 Y79.902 E754.22663
G1 X151.998 Y80.05 E754.23881
G1 F1200 X152.3 Y80.5 E754.26135
G1 X152.4 Y79.869 E754.28791
G1 F1500 X152.4 Y78.572 E754.33105
G1 X142.6 Y78.572 E754.657
G1 X142.6 Y79.869 E754.70013
G1 F1200 X142.7 Y80.5 E754.7267
G0 F9000 X142.962 Y80.062
G0 X152.038 Y80.062
G0 X152.3 Y80.5
G1 F991.7 X152.305 Y94.125 E755.41211
G0 F9000 X152.559 Y94.839
G0 X153.215 Y95.013
G0 X153.793 Y94.382
G1 F1271.2 X155.584 Y91.265 E755.5532
G1 F1229.5 X157.376 Y88.148 E755.6991
G0 F9000 X153.215 Y95.013
G0 X152.578 Y95.794
G1 F1694.9 X153.025 Y95.021 E755.72538
G1 X152.752 Y94.95 E755.73368
G1 X152.578 Y94.76 E755.74127
G1 X152.578 Y95.794 E755.7717
G0 F9000 X152.2 Y96.424
G1 F1500 X152.649 Y96.424 E755.78664
G1 X153.336 Y95.235 E755.83231
G1 F1388.9 X153.793 Y94.382 E755.86707
G1 X153.091 Y94.649 E755.89405
G1 F1500 X152.847 Y94.585 E755.90244
G1 F1188.1 X152.305 Y94.125 E755.93229
G1 F1075.3 X152.253 Y94.605 E755.95469
G1 F1327.4 X152.201 Y95.085 E755.97284
G1 F1500 X152.2 Y96.424 E756.01737
G1 F2700 E751.01737
G0 F9000 X152.48 Y96.146
G0 X152.038 Y80.062
G0 X142.962 Y80.062
G0 X142.955 Y89.385
G0 X142.287 Y96.53
G0 X142.116 Y96.824
;TYPE:WALL-OUTER
G1 F2700 E756.01737
G1 F1500 X143.2 Y96.824 E756.05343
G1 X143.2 Y80.5 E756.59636
G1 X143.267 Y80.35 E756.60183
G1 X143.379 Y80.301 E756.60589
G1 X151.621 Y80.3 E756.88002
G1 X151.733 Y80.35 E756.8841
G1 X151.8 Y80.5 E756.88957
G1 X151.8 Y96.824 E757.43251
G1 X152.88 Y96.824 E757.46843
G1 X158.151 Y87.701 E757.81886
G1 X157.117 Y87.7 E757.85326
G1 X153.418 Y94.168 E758.10108
G1 X153.193 Y94.262 E758.10919
G1 X152.949 Y94.198 E758.11758
G1 X152.802 Y94.039 E758.12478
G1 X152.8 Y78.172 E758.65252
G1 X142.2 Y78.172 E759.00508
G1 X142.198 Y94.039 E759.53281
G1 X142.05 Y94.198 E759.54004
G1 X141.802 Y94.262 E759.54856
G1 X141.598 Y94.197 E759.55568
G1 X137.88 Y87.7 E759.80465
G1 X136.848 Y87.7 E759.83898
G1 X142.116 Y96.824 E760.18939
G1 F2700 E755.18939
;MESH:NONMESH
G0 F300 X142.116 Y96.824 Z2.8
G0 F9000 X142.287 Y96.53
G0 X137.227 Y87.92
G0 X136.289 Y88.463
G0 X93.653 Y77.321
G0 X88 Y77.309
G0 X88 Y81.3
;TIME_ELAPSED:1375.882286
;LAYER:13
;TYPE:SUPPORT
G1 F2700 E760.18939
G1 F1500 X88 Y93.794 E760.60494
G1 F2700 E755.60494
G0 F9000 X88 Y94.46
G0 X88 Y137.309
G0 X88 Y141.3
G1 F2700 E760.60494
G1 F1500 X88 Y153.794 E761.0205
G1 F2700 E756.0205
G0 F9000 X88 Y154.46
G0 X90.947 Y157.679
G0 X144.053 Y157.679
G0 X148 Y154.46
G0 X148 Y153.794
G1 F2700 E761.0205
G1 F1500 X148 Y141.3 E761.43605
G1 F2700 E756.43605
G0 F9000 X148 Y137.309
G0 X148 Y94.46
G0 X148 Y93.794
G1 F2700 E761.43605
G1 F1500 X148 Y81.3 E761.8516
G1 F2700 E756.8516
;MESH:batclipholder.stl(1)
G0 F9000 X148 Y77.309
G0 X141.347 Y77.321
G0 X98.712 Y88.462
G0 X97.376 Y88.148
;TYPE:WALL-INNER
G1 F2700 E761.8516
G1 F1229.5 X95.584 Y91.265 E761.99749
G1 F1271.2 X93.793 Y94.382 E762.13858
G0 F9000 X93.215 Y95.013
G0 X92.559 Y94.839
G0 X92.305 Y94.125
G1 F991.7 X92.3 Y80.5 E762.824
G0 F9000 X91.967 Y79.585
G1 F1284.8 X91.967 Y79.005 E762.84652
G1 F1282.1 X83.034 Y79.006 E763.19414
G1 X83.034 Y79.585 E763.21668
G1 X83.291 Y79.471 E763.22762
G1 X91.709 Y79.471 E763.5552
G1 F1284.8 X91.967 Y79.585 E763.56615
G0 F9000 X92.3 Y80.5
G1 F1200 X92.4 Y79.869 E763.59271
G1 F1500 X92.4 Y78.572 E763.63585
G1 X82.6 Y78.572 E763.9618
G1 X82.6 Y79.869 E764.00494
G1 F1200 X82.7 Y80.5 E764.0315
G1 X83.002 Y80.05 E764.05403
G1 F1500 X83.337 Y79.903 E764.0662
G1 X91.663 Y79.902 E764.34312
G1 X91.998 Y80.05 E764.3553
G1 F1200 X92.3 Y80.5 E764.37784
G0 F9000 X92.038 Y80.062
G0 X82.962 Y80.062
G0 X82.7 Y80.5
G1 F991.7 X82.695 Y94.125 E765.06325
G0 F9000 X82.441 Y94.839
G0 X81.785 Y95.013
G0 X81.263 Y94.477
G1 F1239.7 X77.621 Y88.146 E765.35719
G0 F9000 X81.785 Y95.013
G0 X82.422 Y95.799
G1 F1685.4 X82.422 Y94.76 E765.38795
G1 X82.245 Y94.952 E765.39568
G1 X81.973 Y95.021 E765.40399
G1 X82.422 Y95.799 E765.43058
G0 F9000 X82.8 Y96.424
G1 F1500 X82.8 Y95.089 E765.47498
G1 F1327.4 X82.748 Y94.607 E765.4932
G1 F1075.3 X82.695 Y94.125 E765.5157
G1 F1188.1 X82.15 Y94.586 E765.54567
G1 F1500 X81.902 Y94.649 E765.55418
G1 F1373 X81.263 Y94.477 E765.57823
G1 X81.658 Y95.23 E765.60913
G1 F1500 X82.346 Y96.424 E765.65496
G1 X82.8 Y96.424 E765.67006
G1 F2700 E760.67006
G0 F9000 X82.52 Y96.146
G0 X82.962 Y80.062
G0 X92.038 Y80.062
G0 X92.578 Y95.794
G1 F2700 E765.67006
G1 F1694.9 X93.025 Y95.021 E765.69634
G1 X92.752 Y94.95 E765.70465
G1 X92.578 Y94.76 E765.71223
G1 X92.578 Y95.794 E765.74267
G0 F9000 X92.649 Y96.424
G1 F1500 X93.336 Y95.235 E765.78834
G1 F1388.9 X93.793 Y94.382 E765.8231
G1 X93.091 Y94.649 E765.85008
G1 F1500 X92.847 Y94.585 E765.85847
G1 F1188.1 X92.305 Y94.125 E765.88832
G1 F1075.3 X92.253 Y94.605 E765.91072
G1 F1327.4 X92.201 Y95.085 E765.92887
G1 F1500 X92.2 Y96.424 E765.9734
G1 X92.649 Y96.424 E765.98834
G0 F9000 X92.88 Y96.824
;TYPE:WALL-OUTER
G1 F1500 X98.151 Y87.701 E766.33877
G1 X97.117 Y87.7 E766.37316
G1 X93.418 Y94.168 E766.62099
G1 X93.193 Y94.262 E766.6291
G1 X92.949 Y94.198 E766.63749
G1 X92.802 Y94.039 E766.64469
G1 X92.8 Y78.172 E767.17243
G1 X82.2 Y78.172 E767.52498
G1 X82.198 Y94.039 E768.05272
G1 X82.05 Y94.198 E768.05995
G1 X81.802 Y94.262 E768.06847
G1 X81.598 Y94.197 E768.07559
G1 X77.88 Y87.7 E768.32456
G1 X76.848 Y87.7 E768.35889
G1 X82.116 Y96.824 E768.7093
G1 X83.2 Y96.824 E768.74536
G1 X83.2 Y80.5 E769.28829
G1 X83.267 Y80.35 E769.29376
G1 X83.379 Y80.301 E769.29782
G1 X91.621 Y80.3 E769.57195
G1 X91.733 Y80.35 E769.57603
G1 X91.8 Y80.5 E769.5815
G1 X91.8 Y96.824 E770.12444
G1 X92.88 Y96.824 E770.16036
G1 F2700 E765.16036
;MESH:batclipholder.stl
G0 F9000 X92.713 Y96.53
G0 X92.024 Y96.602
G0 X92.024 Y97.691
G0 X92.024 Y137.309
G0 X92.024 Y138.404
G0 X91.967 Y139.585
;TYPE:WALL-INNER
G1 F2700 E770.16036
G1 F1284.8 X91.967 Y139.005 E770.18288
G1 F1282.1 X83.034 Y139.006 E770.5305
G1 X83.034 Y139.585 E770.55303
G1 X83.291 Y139.471 E770.56397
G1 X91.709 Y139.471 E770.89155
G1 F1284.8 X91.967 Y139.585 E770.90251
G0 F9000 X92.3 Y140.5
G1 F1200 X92.4 Y139.869 E770.92907
G1 F1500 X92.4 Y138.572 E770.97221
G1 X82.6 Y138.572 E771.29816
G1 X82.6 Y139.869 E771.34129
G1 F1200 X82.7 Y140.5 E771.36786
G1 X83.002 Y140.05 E771.39039
G1 F1500 X83.337 Y139.903 E771.40256
G1 X91.663 Y139.902 E771.67948
G1 X91.998 Y140.05 E771.69166
G1 F1200 X92.3 Y140.5 E771.71419
G1 F991.7 X92.305 Y154.125 E772.39961
G0 F9000 X92.559 Y154.839
G0 X93.215 Y155.013
G0 X93.793 Y154.382
G1 F1271.2 X95.584 Y151.265 E772.5407
G1 F1229.5 X97.376 Y148.148 E772.68659
G0 F9000 X93.215 Y155.013
G0 X92.578 Y155.794
G1 F1694.9 X93.025 Y155.021 E772.71288
G1 X92.752 Y154.95 E772.72118
G1 X92.578 Y154.76 E772.72876
G1 X92.578 Y155.794 E772.7592
G0 F9000 X92.649 Y156.424
G1 F1500 X93.336 Y155.235 E772.80487
G1 F1388.9 X93.793 Y154.382 E772.83963
G1 X93.091 Y154.649 E772.86661
G1 F1500 X92.847 Y154.585 E772.875
G1 F1188.1 X92.305 Y154.125 E772.90485
G1 F1075.3 X92.253 Y154.605 E772.92725
G1 F1327.4 X92.201 Y155.085 E772.9454
G1 F1500 X92.2 Y156.424 E772.98993
G1 X92.649 Y156.424 E773.00487
G1 F2700 E768.00487
G0 F9000 X92.483 Y156.13
G0 X92.038 Y140.062
G0 X82.962 Y140.062
G0 X82.695 Y154.125
G1 F2700 E773.00487
G1 F991.7 X82.7 Y140.5 E773.69029
G0 F9000 X82.441 Y154.839
G0 X81.785 Y155.013
G0 X77.621 Y148.146
G1 F1239.7 X81.263 Y154.477 E773.98423
G0 F9000 X82.422 Y155.799
G1 F1685.4 X82.422 Y154.76 E774.01498
G1 X82.245 Y154.952 E774.02271
G1 X81.973 Y155.021 E774.03102
G1 X82.422 Y155.799 E774.05761
G0 F9000 X82.8 Y156.424
G1 F1500 X82.8 Y155.089 E774.10201
G1 F1327.4 X82.748 Y154.607 E774.12023
G1 F1075.3 X82.695 Y154.125 E774.14273
G1 F1188.1 X82.15 Y154.586 E774.17271
G1 F1500 X81.902 Y154.649 E774.18122
G1 F1373 X81.263 Y154.477 E774.20526
G1 X81.658 Y155.23 E774.23616
G1 F1500 X82.346 Y156.424 E774.28199
G1 X82.8 Y156.424 E774.29709
G1 F2700 E769.29709
G0 F9000 X82.52 Y156.146
G0 X82.962 Y140.062
G0 X92.038 Y140.062
G0 X92.045 Y149.385
G0 X92.713 Y156.53
G0 X92.88 Y156.824
;TYPE:WALL-OUTER
G1 F2700 E774.29709
G1 F1500 X98.151 Y147.701 E774.64753
G1 X97.117 Y147.7 E774.68192
G1 X93.418 Y154.168 E774.92974
G1 X93.193 Y154.262 E774.93785
G1 X92.949 Y154.198 E774.94624
G1 X92.802 Y154.039 E774.95345
G1 X92.8 Y138.172 E775.48118
G1 X82.2 Y138.172 E775.83374
G1 X82.198 Y154.039 E776.36148
G1 X82.05 Y154.198 E776.3687
G1 X81.802 Y154.262 E776.37722
G1 X81.598 Y154.197 E776.38434
G1 X77.88 Y147.7 E776.63332
G1 X76.848 Y147.7 E776.66764
G1 X82.116 Y156.824 E777.01806
G1 X83.2 Y156.824 E777.05411
G1 X83.2 Y140.5 E777.59705
G1 X83.267 Y140.35 E777.60251
G1 X83.379 Y140.301 E777.60658
G1 X91.621 Y140.3 E777.88071
G1 X91.733 Y140.35 E777.88479
G1 X91.8 Y140.5 E777.89025
G1 X91.8 Y156.824 E778.43319
G1 X92.88 Y156.824 E778.46911
G1 F2700 E773.46911
;MESH:batclipholder.stl(3)
G0 F9000 X92.713 Y156.53
G0 X97.773 Y147.92
G0 X98.712 Y148.462
G0 X136.289 Y148.463
G0 X137.621 Y148.146
;TYPE:WALL-INNER
G1 F2700 E778.46911
G1 F1239.7 X141.263 Y154.477 E778.76305
G0 F9000 X141.785 Y155.013
G0 X142.441 Y154.839
G0 X142.695 Y154.125
G1 F991.7 X142.7 Y140.5 E779.44847
G0 F9000 X143.034 Y139.585
G1 F1282.1 X143.291 Y139.471 E779.45941
G1 X151.709 Y139.471 E779.78699
G1 F1284.8 X151.967 Y139.585 E779.79795
G1 X151.967 Y139.005 E779.82047
G1 F1282.1 X143.034 Y139.006 E780.16809
G1 X143.034 Y139.585 E780.19062
G0 F9000 X142.7 Y140.5
G1 F1200 X143.002 Y140.05 E780.21315
G1 F1500 X143.337 Y139.903 E780.22532
G1 X151.663 Y139.902 E780.50225
G1 X151.998 Y140.05 E780.51443
G1 F1200 X152.3 Y140.5 E780.53696
G1 X152.4 Y139.869 E780.56352
G1 F1500 X152.4 Y138.572 E780.60666
G1 X142.6 Y138.572 E780.93261
G1 X142.6 Y139.869 E780.97575
G1 F1200 X142.7 Y140.5 E781.00231
G0 F9000 X142.962 Y140.062
G0 X152.038 Y140.062
G0 X152.3 Y140.5
G1 F991.7 X152.305 Y154.125 E781.68773
G0 F9000 X152.559 Y154.839
G0 X153.215 Y155.013
G0 X153.793 Y154.382
G1 F1271.2 X155.584 Y151.265 E781.82881
G1 F1229.5 X157.376 Y148.148 E781.97471
G0 F9000 X153.215 Y155.013
G0 X152.578 Y155.794
G1 F1694.9 X153.025 Y155.021 E782.00099
G1 X152.752 Y154.95 E782.00929
G1 X152.578 Y154.76 E782.01688
G1 X152.578 Y155.794 E782.04731
G0 F9000 X152.2 Y156.424
G1 F1500 X152.649 Y156.424 E782.06225
G1 X153.336 Y155.235 E782.10792
G1 F1388.9 X153.793 Y154.382 E782.14268
G1 X153.091 Y154.649 E782.16966
G1 F1500 X152.847 Y154.585 E782.17805
G1 F1188.1 X152.305 Y154.125 E782.2079
G1 F1075.3 X152.253 Y154.605 E782.2303
G1 F1327.4 X152.201 Y155.085 E782.24845
G1 F1500 X152.2 Y156.424 E782.29298
G1 F2700 E777.29298
G0 F9000 X152.48 Y156.146
G0 X152.038 Y140.062
G0 X142.962 Y140.062
G0 X142.422 Y155.799
G1 F2700 E782.29298
G1 F1685.4 X142.422 Y154.76 E782.32374
G1 X142.245 Y154.952 E782.33147
G1 X141.973 Y155.021 E782.33978
G1 X142.422 Y155.799 E782.36637
G0 F9000 X142.346 Y156.424
G1 F1500 X142.8 Y156.424 E782.38147
G1 X142.8 Y155.089 E782.42587
G1 F1327.4 X142.748 Y154.607 E782.44409
G1 F1075.3 X142.695 Y154.125 E782.46659
G1 F1188.1 X142.15 Y154.586 E782.49656
G1 F1500 X141.902 Y154.649 E782.50507
G1 F1373 X141.263 Y154.477 E782.52912
G1 X141.658 Y155.23 E782.56002
G1 F1500 X142.346 Y156.424 E782.60585
G0 F9000 X142.116 Y156.824
;TYPE:WALL-OUTER
G1 F1500 X143.2 Y156.824 E782.6419
G1 X143.2 Y140.5 E783.18484
G1 X143.267 Y140.35 E783.19031
G1 X143.379 Y140.301 E783.19437
G1 X151.621 Y140.3 E783.4685
G1 X151.733 Y140.35 E783.47258
G1 X151.8 Y140.5 E783.47805
G1 X151.8 Y156.824 E784.02098
G1 X152.88 Y156.824 E784.0569
G1 X158.151 Y147.701 E784.40734
G1 X157.117 Y147.7 E784.44173
G1 X153.418 Y154.168 E784.68955
G1 X153.193 Y154.262 E784.69766
G1 X152.949 Y154.198 E784.70605
G1 X152.802 Y154.039 E784.71326
G1 X152.8 Y138.172 E785.241
G1 X142.2 Y138.172 E785.59355
G1 X142.198 Y154.039 E786.12129
G1 X142.05 Y154.198 E786.12852
G1 X141.802 Y154.262 E786.13704
G1 X141.598 Y154.197 E786.14416
G1 X137.88 Y147.7 E786.39313
G1 X136.848 Y147.7 E786.42745
G1 X142.116 Y156.824 E786.77787
G1 F2700 E781.77787
;MESH:batclipholder.stl(2)
G0 F9000 X142.287 Y156.53
G0 X142.412 Y155.16
G0 X142.424 Y138.398
G0 X142.424 Y137.309
G0 X142.424 Y97.691
G0 X142.424 Y96.596
G0 X142.422 Y95.799
;TYPE:WALL-INNER
G1 F2700 E786.77787
G1 F1685.4 X142.422 Y94.76 E786.80863
G1 X142.245 Y94.952 E786.81636
G1 X141.973 Y95.021 E786.82466
G1 X142.422 Y95.799 E786.85125
G0 F9000 X142.346 Y96.424
G1 F1500 X142.8 Y96.424 E786.86635
G1 X142.8 Y95.089 E786.91075
G1 F1327.4 X142.748 Y94.607 E786.92898
G1 F1075.3 X142.695 Y94.125 E786.95147
G1 F1188.1 X142.15 Y94.586 E786.98145
G1 F1500 X141.902 Y94.649 E786.98996
G1 F1373 X141.263 Y94.477 E787.014
G1 X141.658 Y95.23 E787.0449
G1 F1500 X142.346 Y96.424 E787.09074
G0 F9000 X142.517 Y96.13
G0 X141.263 Y94.477
G1 F1239.7 X137.621 Y88.146 E787.38468
G0 F9000 X141.785 Y95.013
G0 X142.441 Y94.839
G0 X142.695 Y94.125
G1 F991.7 X142.7 Y80.5 E788.07009
G0 F9000 X143.034 Y79.585
G1 F1282.1 X143.291 Y79.471 E788.08104
G1 X151.709 Y79.471 E788.40862
G1 F1284.8 X151.967 Y79.585 E788.41957
G1 X151.967 Y79.005 E788.44209
G1 F1282.1 X143.034 Y79.006 E788.78971
G1 X143.034 Y79.585 E788.81224
G0 F9000 X142.7 Y80.5
G1 F1200 X143.002 Y80.05 E788.83478
G1 F1500 X143.337 Y79.903 E788.84694
G1 X151.663 Y79.902 E789.12387
G1 X151.998 Y80.05 E789.13605
G1 F1200 X152.3 Y80.5 E789.15858
G1 X152.4 Y79.869 E789.18514
G1 F1500 X152.4 Y78.572 E789.22828
G1 X142.6 Y78.572 E789.55423
G1 X142.6 Y79.869 E789.59737
G1 F1200 X142.7 Y80.5 E789.62393
G0 F9000 X142.962 Y80.062
G0 X152.038 Y80.062
G0 X152.3 Y80.5
G1 F991.7 X152.305 Y94.125 E790.30935
G0 F9000 X152.559 Y94.839
G0 X153.215 Y95.013
G0 X153.793 Y94.382
G1 F1271.2 X155.584 Y91.265 E790.45044
G1 F1229.5 X157.376 Y88.148 E790.59633
G0 F9000 X153.215 Y95.013
G0 X152.578 Y95.794
G1 F1694.9 X153.025 Y95.021 E790.62261
G1 X152.752 Y94.95 E790.63092
G1 X152.578 Y94.76 E790.6385
G1 X152.578 Y95.794 E790.66894
G0 F9000 X152.2 Y96.424
G1 F1500 X152.649 Y96.424 E790.68387
G1 X153.336 Y95.235 E790.72954
G1 F1388.9 X153.793 Y94.382 E790.7643
G1 X153.091 Y94.649 E790.79128
G1 F1500 X152.847 Y94.585 E790.79967
G1 F1188.1 X152.305 Y94.125 E790.82952
G1 F1075.3 X152.253 Y94.605 E790.85192
G1 F1327.4 X152.201 Y95.085 E790.87007
G1 F1500 X152.2 Y96.424 E790.91461
G1 F2700 E785.91461
G0 F9000 X152.48 Y96.146
G0 X152.038 Y80.062
G0 X142.962 Y80.062
G0 X142.955 Y89.385
G0 X142.287 Y96.53
G0 X142.116 Y96.824
;TYPE:WALL-OUTER
G1 F2700 E790.91461
G1 F1500 X143.2 Y96.824 E790.95066
G1 X143.2 Y80.5 E791.4936
G1 X143.267 Y80.35 E791.49906
G1 X143.379 Y80.301 E791.50313
G1 X151.621 Y80.3 E791.77726
G1 X151.733 Y80.35 E791.78134
G1 X151.8 Y80.5 E791.7868
G1 X151.8 Y96.824 E792.32974
G1 X152.88 Y96.824 E792.36566
G1 X158.151 Y87.701 E792.7161
G1 X157.117 Y87.7 E792.75049
G1 X153.418 Y94.168 E792.99831
G1 X153.193 Y94.262 E793.00642
G1 X152.949 Y94.198 E793.01481
G1 X152.802 Y94.039 E793.02201
G1 X152.8 Y78.172 E793.54975
G1 X142.2 Y78.172 E793.90231
G1 X142.198 Y94.039 E794.43005
G1 X142.05 Y94.198 E794.43727
G1 X141.802 Y94.262 E794.44579
G1 X141.598 Y94.197 E794.45291
G1 X137.88 Y87.7 E794.70189
G1 X136.848 Y87.7 E794.73621
G1 X142.116 Y96.824 E795.08663
G1 F2700 E790.08663
;MESH:NONMESH
G0 F300 X142.116 Y96.824 Z3
G0 F9000 X142.287 Y96.53
G0 X137.227 Y87.92
G0 X136.289 Y88.463
G0 X93.653 Y77.321
G0 X88 Y77.309
G0 X88 Y81.3
;TIME_ELAPSED:1442.667765
;LAYER:14
;TYPE:SUPPORT
G1 F2700 E795.08663
G1 F1500 X88 Y93.794 E795.50218
G1 F2700 E790.50218
G0 F9000 X88 Y94.46
G0 X88 Y137.309
G0 X88 Y141.3
G1 F2700 E795.50218
G1 F1500 X88 Y153.794 E795.91773
G1 F2700 E790.91773
G0 F9000 X88 Y154.46
G0 X90.947 Y157.679
G0 X144.053 Y157.679
G0 X148 Y154.46
G0 X148 Y153.794
G1 F2700 E795.91773
G1 F1500 X148 Y141.3 E796.33328
G1 F2700 E791.33328
G0 F9000 X148 Y137.309
G0 X148 Y94.46
G0 X148 Y93.794
G1 F2700 E796.33328
G1 F1500 X148 Y81.3 E796.74883
G1 F2700 E791.74883
;MESH:batclipholder.stl(1)
G0 F9000 X148 Y77.309
G0 X141.347 Y77.321
G0 X98.712 Y88.462
G0 X97.376 Y88.148
;TYPE:WALL-INNER
G1 F2700 E796.74883
G1 F1229.5 X95.584 Y91.265 E796.89473
G1 F1271.2 X93.793 Y94.382 E797.03582
G0 F9000 X93.215 Y95.013
G0 X92.559 Y94.839
G0 X92.305 Y94.125
G1 F991.7 X92.3 Y80.5 E797.72123
G0 F9000 X91.967 Y79.585
G1 F1284.8 X91.967 Y79.005 E797.74376
G1 F1282.1 X83.034 Y79.006 E798.09138
G1 X83.034 Y79.585 E798.11391
G1 X83.291 Y79.471 E798.12485
G1 X91.709 Y79.471 E798.45243
G1 F1284.8 X91.967 Y79.585 E798.46338
G0 F9000 X92.3 Y80.5
G1 F1200 X92.4 Y79.869 E798.48995
G1 F1500 X92.4 Y78.572 E798.53308
G1 X82.6 Y78.572 E798.85903
G1 X82.6 Y79.869 E798.90217
G1 F1200 X82.7 Y80.5 E798.92873
G1 X83.002 Y80.05 E798.95126
G1 F1500 X83.337 Y79.903 E798.96343
G1 X91.663 Y79.902 E799.24036
G1 X91.998 Y80.05 E799.25254
G1 F1200 X92.3 Y80.5 E799.27507
G0 F9000 X92.038 Y80.062
G0 X82.962 Y80.062
G0 X82.7 Y80.5
G1 F991.7 X82.695 Y94.125 E799.96049
G0 F9000 X82.441 Y94.839
G0 X81.785 Y95.013
G0 X81.263 Y94.477
G1 F1239.7 X77.621 Y88.146 E800.25443
G0 F9000 X81.785 Y95.013
G0 X82.422 Y95.799
G1 F1685.4 X82.422 Y94.76 E800.28518
G1 X82.245 Y94.952 E800.29291
G1 X81.973 Y95.021 E800.30122
G1 X82.422 Y95.799 E800.32781
G0 F9000 X82.8 Y96.424
G1 F1500 X82.8 Y95.089 E800.37221
G1 F1327.4 X82.748 Y94.607 E800.39043
G1 F1075.3 X82.695 Y94.125 E800.41293
G1 F1188.1 X82.15 Y94.586 E800.44291
G1 F1500 X81.902 Y94.649 E800.45142
G1 F1373 X81.263 Y94.477 E800.47546
G1 X81.658 Y95.23 E800.50636
G1 F1500 X82.346 Y96.424 E800.55219
G1 X82.8 Y96.424 E800.56729
G1 F2700 E795.56729
G0 F9000 X82.52 Y96.146
G0 X82.962 Y80.062
G0 X92.038 Y80.062
G0 X92.578 Y95.794
G1 F2700 E800.56729
G1 F1694.9 X93.025 Y95.021 E800.59358
G1 X92.752 Y94.95 E800.60188
G1 X92.578 Y94.76 E800.60946
G1 X92.578 Y95.794 E800.6399
G0 F9000 X92.649 Y96.424
G1 F1500 X93.336 Y95.235 E800.68557
G1 F1388.9 X93.793 Y94.382 E800.72033
G1 X93.091 Y94.649 E800.74731
G1 F1500 X92.847 Y94.585 E800.7557
G1 F1188.1 X92.305 Y94.125 E800.78555
G1 F1075.3 X92.253 Y94.605 E800.80796
G1 F1327.4 X92.201 Y95.085 E800.8261
G1 F1500 X92.2 Y96.424 E800.87064
G1 X92.649 Y96.424 E800.88557
G0 F9000 X92.88 Y96.824
;TYPE:WALL-OUTER
G1 F1500 X98.151 Y87.701 E801.23601
G1 X97.117 Y87.7 E801.2704
G1 X93.418 Y94.168 E801.51822
G1 X93.193 Y94.262 E801.52633
G1 X92.949 Y94.198 E801.53472
G1 X92.802 Y94.039 E801.54192
G1 X92.8 Y78.172 E802.06966
G1 X82.2 Y78.172 E802.42222
G1 X82.198 Y94.039 E802.94996
G1 X82.05 Y94.198 E802.95718
G1 X81.802 Y94.262 E802.9657
G1 X81.598 Y94.197 E802.97282
G1 X77.88 Y87.7 E803.22179
G1 X76.848 Y87.7 E803.25612
G1 X82.116 Y96.824 E803.60654
G1 X83.2 Y96.824 E803.64259
G1 X83.2 Y80.5 E804.18553
G1 X83.267 Y80.35 E804.19099
G1 X83.379 Y80.301 E804.19506
G1 X91.621 Y80.3 E804.46919
G1 X91.733 Y80.35 E804.47327
G1 X91.8 Y80.5 E804.47873
G1 X91.8 Y96.824 E805.02167
G1 X92.88 Y96.824 E805.05759
G1 F2700 E800.05759
;MESH:batclipholder.stl
G0 F9000 X92.713 Y96.53
G0 X92.024 Y96.602
G0 X92.024 Y97.691
G0 X92.024 Y137.309
G0 X92.024 Y138.404
G0 X91.967 Y139.585
;TYPE:WALL-INNER
G1 F2700 E805.05759
G1 F1284.8 X91.967 Y139.005 E805.08011
G1 F1282.1 X83.034 Y139.006 E805.42773
G1 X83.034 Y139.585 E805.45027
G1 X83.291 Y139.471 E805.46121
G1 X91.709 Y139.471 E805.78879
G1 F1284.8 X91.967 Y139.585 E805.79974
G0 F9000 X92.3 Y140.5
G1 F1200 X92.4 Y139.869 E805.8263
G1 F1500 X92.4 Y138.572 E805.86944
G1 X82.6 Y138.572 E806.19539
G1 X82.6 Y139.869 E806.23853
G1 F1200 X82.7 Y140.5 E806.26509
G1 X83.002 Y140.05 E806.28762
G1 F1500 X83.337 Y139.903 E806.29979
G1 X91.663 Y139.902 E806.57671
G1 X91.998 Y140.05 E806.58889
G1 F1200 X92.3 Y140.5 E806.61143
G1 F991.7 X92.305 Y154.125 E807.29684
G0 F9000 X92.559 Y154.839
G0 X93.215 Y155.013
G0 X93.793 Y154.382
G1 F1271.2 X95.584 Y151.265 E807.43793
G1 F1229.5 X97.376 Y148.148 E807.58383
G0 F9000 X93.215 Y155.013
G0 X92.578 Y155.794
G1 F1694.9 X93.025 Y155.021 E807.61011
G1 X92.752 Y154.95 E807.61841
G1 X92.578 Y154.76 E807.626
G1 X92.578 Y155.794 E807.65643
G0 F9000 X92.649 Y156.424
G1 F1500 X93.336 Y155.235 E807.7021
G1 F1388.9 X93.793 Y154.382 E807.73687
G1 X93.091 Y154.649 E807.76384
G1 F1500 X92.847 Y154.585 E807.77223
G1 F1188.1 X92.305 Y154.125 E807.80209
G1 F1075.3 X92.253 Y154.605 E807.82449
G1 F1327.4 X92.201 Y155.085 E807.84263
G1 F1500 X92.2 Y156.424 E807.88717
G1 X92.649 Y156.424 E807.9021
G1 F2700 E802.9021
G0 F9000 X92.483 Y156.13
G0 X92.038 Y140.062
G0 X82.962 Y140.062
G0 X82.695 Y154.125
G1 F2700 E807.9021
G1 F991.7 X82.7 Y140.5 E808.58752
G0 F9000 X82.441 Y154.839
G0 X81.785 Y155.013
G0 X77.621 Y148.146
G1 F1239.7 X81.263 Y154.477 E808.88146
G0 F9000 X82.422 Y155.799
G1 F1685.4 X82.422 Y154.76 E808.91222
G1 X82.245 Y154.952 E808.91995
G1 X81.973 Y155.021 E808.92825
G1 X82.422 Y155.799 E808.95484
G0 F9000 X82.8 Y156.424
G1 F1500 X82.8 Y155.089 E808.99925
G1 F1327.4 X82.748 Y154.607 E809.01747
G1 F1075.3 X82.695 Y154.125 E809.03996
G1 F1188.1 X82.15 Y154.586 E809.06994
G1 F1500 X81.902 Y154.649 E809.07845
G1 F1373 X81.263 Y154.477 E809.1025
G1 X81.658 Y155.23 E809.13339
G1 F1500 X82.346 Y156.424 E809.17923
G1 X82.8 Y156.424 E809.19433
G1 F2700 E804.19433
G0 F9000 X82.52 Y156.146
G0 X82.962 Y140.062
G0 X92.038 Y140.062
G0 X92.045 Y149.385
G0 X92.713 Y156.53
G0 X92.88 Y156.824
;TYPE:WALL-OUTER
G1 F2700 E809.19433
G1 F1500 X98.151 Y147.701 E809.54476
G1 X97.117 Y147.7 E809.57915
G1 X93.418 Y154.168 E809.82698
G1 X93.193 Y154.262 E809.83509
G1 X92.949 Y154.198 E809.84348
G1 X92.802 Y154.039 E809.85068
G1 X92.8 Y138.172 E810.37842
G1 X82.2 Y138.172 E810.73097
G1 X82.198 Y154.039 E811.25871
G1 X82.05 Y154.198 E811.26594
G1 X81.802 Y154.262 E811.27446
G1 X81.598 Y154.197 E811.28158
G1 X77.88 Y147.7 E811.53055
G1 X76.848 Y147.7 E811.56488
G1 X82.116 Y156.824 E811.91529
G1 X83.2 Y156.824 E811.95135
G1 X83.2 Y140.5 E812.49428
G1 X83.267 Y140.35 E812.49975
G1 X83.379 Y140.301 E812.50381
G1 X91.621 Y140.3 E812.77794
G1 X91.733 Y140.35 E812.78202
G1 X91.8 Y140.5 E812.78749
G1 X91.8 Y156.824 E813.33043
G1 X92.88 Y156.824 E813.36635
G1 F2700 E808.36635
;MESH:batclipholder.stl(3)
G0 F9000 X92.713 Y156.53
G0 X97.773 Y147.92
G0 X98.712 Y148.462
G0 X136.289 Y148.463
G0 X137.621 Y148.146
;TYPE:WALL-INNER
G1 F2700 E813.36635
G1 F1239.7 X141.263 Y154.477 E813.66029
G0 F9000 X141.785 Y155.013
G0 X142.441 Y154.839
G0 X142.695 Y154.125
G1 F991.7 X142.7 Y140.5 E814.34571
G0 F9000 X143.034 Y139.585
G1 F1282.1 X143.291 Y139.471 E814.35665
G1 X151.709 Y139.471 E814.68423
G1 F1284.8 X151.967 Y139.585 E814.69518
G1 X151.967 Y139.005 E814.7177
G1 F1282.1 X143.034 Y139.006 E815.06532
G1 X143.034 Y139.585 E815.08786
G0 F9000 X142.7 Y140.5
G1 F1200 X143.002 Y140.05 E815.11039
G1 F1500 X143.337 Y139.903 E815.12256
G1 X151.663 Y139.902 E815.39948
G1 X151.998 Y140.05 E815.41166
G1 F1200 X152.3 Y140.5 E815.43419
G1 X152.4 Y139.869 E815.46075
G1 F1500 X152.4 Y138.572 E815.50389
G1 X142.6 Y138.572 E815.82984
G1 X142.6 Y139.869 E815.87298
G1 F1200 X142.7 Y140.5 E815.89954
G0 F9000 X142.962 Y140.062
G0 X152.038 Y140.062
G0 X152.3 Y140.5
G1 F991.7 X152.305 Y154.125 E816.58496
G0 F9000 X152.559 Y154.839
G0 X153.215 Y155.013
G0 X153.793 Y154.382
G1 F1271.2 X155.584 Y151.265 E816.72605
G1 F1229.5 X157.376 Y148.148 E816.87194
G0 F9000 X153.215 Y155.013
G0 X152.578 Y155.794
G1 F1694.9 X153.025 Y155.021 E816.89822
G1 X152.752 Y154.95 E816.90653
G1 X152.578 Y154.76 E816.91411
G1 X152.578 Y155.794 E816.94455
G0 F9000 X152.2 Y156.424
G1 F1500 X152.649 Y156.424 E816.95948
G1 X153.336 Y155.235 E817.00515
G1 F1388.9 X153.793 Y154.382 E817.03991
G1 X153.091 Y154.649 E817.06689
G1 F1500 X152.847 Y154.585 E817.07528
G1 F1188.1 X152.305 Y154.125 E817.10513
G1 F1075.3 X152.253 Y154.605 E817.12754
G1 F1327.4 X152.201 Y155.085 E817.14568
G1 F1500 X152.2 Y156.424 E817.19022
G1 F2700 E812.19022
G0 F9000 X152.48 Y156.146
G0 X152.038 Y140.062
G0 X142.962 Y140.062
G0 X142.422 Y155.799
G1 F2700 E817.19022
G1 F1685.4 X142.422 Y154.76 E817.22097
G1 X142.245 Y154.952 E817.2287
G1 X141.973 Y155.021 E817.23701
G1 X142.422 Y155.799 E817.2636
G0 F9000 X142.346 Y156.424
G1 F1500 X142.8 Y156.424 E817.2787
G1 X142.8 Y155.089 E817.3231
G1 F1327.4 X142.748 Y154.607 E817.34132
G1 F1075.3 X142.695 Y154.125 E817.36382
G1 F1188.1 X142.15 Y154.586 E817.3938
G1 F1500 X141.902 Y154.649 E817.40231
G1 F1373 X141.263 Y154.477 E817.42635
G1 X141.658 Y155.23 E817.45725
G1 F1500 X142.346 Y156.424 E817.50308
G0 F9000 X142.116 Y156.824
;TYPE:WALL-OUTER
G1 F1500 X143.2 Y156.824 E817.53914
G1 X143.2 Y140.5 E818.08208
G1 X143.267 Y140.35 E818.08754
G1 X143.379 Y140.301 E818.09161
G1 X151.621 Y140.3 E818.36574
G1 X151.733 Y140.35 E818.36981
G1 X151.8 Y140.5 E818.37528
G1 X151.8 Y156.824 E818.91822
G1 X152.88 Y156.824 E818.95414
G1 X158.151 Y147.701 E819.30458
G1 X157.117 Y147.7 E819.33897
G1 X153.418 Y154.168 E819.58679
G1 X153.193 Y154.262 E819.5949
G1 X152.949 Y154.198 E819.60329
G1 X152.802 Y154.039 E819.61049
G1 X152.8 Y138.172 E820.13823
G1 X142.2 Y138.172 E820.49079
G1 X142.198 Y154.039 E821.01853
G1 X142.05 Y154.198 E821.02575
G1 X141.802 Y154.262 E821.03427
G1 X141.598 Y154.197 E821.04139
G1 X137.88 Y147.7 E821.29036
G1 X136.848 Y147.7 E821.32469
G1 X142.116 Y156.824 E821.6751
G1 F2700 E816.6751
;MESH:batclipholder.stl(2)
G0 F9000 X142.287 Y156.53
G0 X142.412 Y155.16
G0 X142.424 Y138.398
G0 X142.424 Y137.309
G0 X142.424 Y97.691
G0 X142.424 Y96.596
G0 X142.422 Y95.799
;TYPE:WALL-INNER
G1 F2700 E821.6751
G1 F1685.4 X142.422 Y94.76 E821.70586
G1 X142.245 Y94.952 E821.71359
G1 X141.973 Y95.021 E821.7219
G1 X142.422 Y95.799 E821.74849
G0 F9000 X142.346 Y96.424
G1 F1500 X142.8 Y96.424 E821.76359
G1 X142.8 Y95.089 E821.80799
G1 F1327.4 X142.748 Y94.607 E821.82621
G1 F1075.3 X142.695 Y94.125 E821.84871
G1 F1188.1 X142.15 Y94.586 E821.87868
G1 F1500 X141.902 Y94.649 E821.88719
G1 F1373 X141.263 Y94.477 E821.91124
G1 X141.658 Y95.23 E821.94214
G1 F1500 X142.346 Y96.424 E821.98797
G0 F9000 X142.517 Y96.13
G0 X141.263 Y94.477
G1 F1239.7 X137.621 Y88.146 E822.28191
G0 F9000 X141.785 Y95.013
G0 X142.441 Y94.839
G0 X142.695 Y94.125
G1 F991.7 X142.7 Y80.5 E822.96733
G0 F9000 X143.034 Y79.585
G1 F1282.1 X143.291 Y79.471 E822.97827
G1 X151.709 Y79.471 E823.30585
G1 F1284.8 X151.967 Y79.585 E823.3168
G1 X151.967 Y79.005 E823.33932
G1 F1282.1 X143.034 Y79.006 E823.68695
G1 X143.034 Y79.585 E823.70948
G0 F9000 X142.7 Y80.5
G1 F1200 X143.002 Y80.05 E823.73201
G1 F1500 X143.337 Y79.903 E823.74418
G1 X151.663 Y79.902 E824.0211
G1 X151.998 Y80.05 E824.03328
G1 F1200 X152.3 Y80.5 E824.05581
G1 X152.4 Y79.869 E824.08238
G1 F1500 X152.4 Y78.572 E824.12551
G1 X142.6 Y78.572 E824.45146
G1 X142.6 Y79.869 E824.4946
G1 F1200 X142.7 Y80.5 E824.52116
G0 F9000 X142.962 Y80.062
G0 X152.038 Y80.062
G0 X152.3 Y80.5
G1 F991.7 X152.305 Y94.125 E825.20658
G0 F9000 X152.559 Y94.839
G0 X153.215 Y95.013
G0 X153.793 Y94.382
G1 F1271.2 X155.584 Y91.265 E825.34767
G1 F1229.5 X157.376 Y88.148 E825.49356
G0 F9000 X153.215 Y95.013
G0 X152.578 Y95.794
G1 F1694.9 X153.025 Y95.021 E825.51985
G1 X152.752 Y94.95 E825.52815
G1 X152.578 Y94.76 E825.53573
G1 X152.578 Y95.794 E825.56617
G0 F9000 X152.2 Y96.424
G1 F1500 X152.649 Y96.424 E825.5811
G1 X153.336 Y95.235 E825.62678
G1 F1388.9 X153.793 Y94.382 E825.66154
G1 X153.091 Y94.649 E825.68852
G1 F1500 X152.847 Y94.585 E825.69691
G1 F1188.1 X152.305 Y94.125 E825.72676
G1 F1075.3 X152.253 Y94.605 E825.74916
G1 F1327.4 X152.201 Y95.085 E825.7673
G1 F1500 X152.2 Y96.424 E825.81184
G1 F2700 E820.81184
G0 F9000 X152.48 Y96.146
G0 X152.038 Y80.062
G0 X142.962 Y80.062
G0 X142.955 Y89.385
G0 X142.287 Y96.53
G0 X142.116 Y96.824
;TYPE:WALL-OUTER
G1 F2700 E825.81184
G1 F1500 X143.2 Y96.824 E825.84789
G1 X143.2 Y80.5 E826.39083
G1 X143.267 Y80.35 E826.3963
G1 X143.379 Y80.301 E826.40036
G1 X151.621 Y80.3 E826.67449
G1 X151.733 Y80.35 E826.67857
G1 X151.8 Y80.5 E826.68404
G1 X151.8 Y96.824 E827.22697
G1 X152.88 Y96.824 E827.26289
G1 X158.151 Y87.701 E827.61333
G1 X157.117 Y87.7 E827.64772
G1 X153.418 Y94.168 E827.89554
G1 X153.193 Y94.262 E827.90365
G1 X152.949 Y94.198 E827.91204
G1 X152.802 Y94.039 E827.91925
G1 X152.8 Y78.172 E828.44699
G1 X142.2 Y78.172 E828.79954
G1 X142.198 Y94.039 E829.32728
G1 X142.05 Y94.198 E829.33451
G1 X141.802 Y94.262 E829.34303
G1 X141.598 Y94.197 E829.35015
G1 X137.88 Y87.7 E829.59912
G1 X136.848 Y87.7 E829.63344
G1 X142.116 Y96.824 E829.98386
G1 F2700 E824.98386
;MESH:NONMESH
G0 F300 X142.116 Y96.824 Z3.2
G0 F9000 X142.287 Y96.53
G0 X137.227 Y87.92
G0 X136.289 Y88.463
G0 X93.653 Y77.321
G0 X88 Y77.309
G0 X88 Y81.3
;TIME_ELAPSED:1509.453244
;LAYER:15
;TYPE:SUPPORT
G1 F2700 E829.98386
G1 F1500 X88 Y93.794 E830.39941
G1 F2700 E825.39941
G0 F9000 X88 Y94.46
G0 X88 Y137.309
G0 X88 Y141.3
G1 F2700 E830.39941
G1 F1500 X88 Y153.794 E830.81496
G1 F2700 E825.81496
G0 F9000 X88 Y154.46
G0 X90.947 Y157.679
G0 X144.053 Y157.679
G0 X148 Y154.46
G0 X148 Y153.794
G1 F2700 E830.81496
G1 F1500 X148 Y141.3 E831.23052
G1 F2700 E826.23052
G0 F9000 X148 Y137.309
G0 X148 Y94.46
G0 X148 Y93.794
G1 F2700 E831.23052
G1 F1500 X148 Y81.3 E831.64607
G1 F2700 E826.64607
;MESH:batclipholder.stl(1)
G0 F9000 X148 Y77.309
G0 X141.347 Y77.321
G0 X98.712 Y88.462
G0 X97.376 Y88.148
;TYPE:WALL-INNER
G1 F2700 E831.64607
G1 F1229.5 X95.584 Y91.265 E831.79196
G1 F1271.2 X93.793 Y94.382 E831.93305
G0 F9000 X93.215 Y95.013
G0 X92.559 Y94.839
G0 X92.305 Y94.125
G1 F991.7 X92.3 Y80.5 E832.61847
G0 F9000 X91.967 Y79.585
G1 F1284.8 X91.967 Y79.005 E832.64099
G1 F1282.1 X83.034 Y79.006 E832.98861
G1 X83.034 Y79.585 E833.01114
G1 X83.291 Y79.471 E833.02208
G1 X91.709 Y79.471 E833.34967
G1 F1284.8 X91.967 Y79.585 E833.36062
G0 F9000 X92.3 Y80.5
G1 F1200 X92.4 Y79.869 E833.38718
G1 F1500 X92.4 Y78.572 E833.43032
G1 X82.6 Y78.572 E833.75627
G1 X82.6 Y79.869 E833.79941
G1 F1200 X82.7 Y80.5 E833.82597
G1 X83.002 Y80.05 E833.8485
G1 F1500 X83.337 Y79.903 E833.86067
G1 X91.663 Y79.902 E834.13759
G1 X91.998 Y80.05 E834.14977
G1 F1200 X92.3 Y80.5 E834.1723
G0 F9000 X92.038 Y80.062
G0 X82.962 Y80.062
G0 X82.7 Y80.5
G1 F991.7 X82.695 Y94.125 E834.85772
G0 F9000 X82.441 Y94.839
G0 X81.785 Y95.013
G0 X81.263 Y94.477
G1 F1239.7 X77.621 Y88.146 E835.15166
G0 F9000 X81.785 Y95.013
G0 X82.422 Y95.799
G1 F1685.4 X82.422 Y94.76 E835.18242
G1 X82.245 Y94.952 E835.19015
G1 X81.973 Y95.021 E835.19845
G1 X82.422 Y95.799 E835.22504
G0 F9000 X82.8 Y96.424
G1 F1500 X82.8 Y95.089 E835.26945
G1 F1327.4 X82.748 Y94.607 E835.28767
G1 F1075.3 X82.695 Y94.125 E835.31017
G1 F1188.1 X82.15 Y94.586 E835.34014
G1 F1500 X81.902 Y94.649 E835.34865
G1 F1373 X81.263 Y94.477 E835.3727
G1 X81.658 Y95.23 E835.40359
G1 F1500 X82.346 Y96.424 E835.44943
G1 X82.8 Y96.424 E835.46453
G1 F2700 E830.46453
G0 F9000 X82.52 Y96.146
G0 X82.962 Y80.062
G0 X92.038 Y80.062
G0 X92.578 Y95.794
G1 F2700 E835.46453
G1 F1694.9 X93.025 Y95.021 E835.49081
G1 X92.752 Y94.95 E835.49911
G1 X92.578 Y94.76 E835.5067
G1 X92.578 Y95.794 E835.53713
G0 F9000 X92.649 Y96.424
G1 F1500 X93.336 Y95.235 E835.58281
G1 F1388.9 X93.793 Y94.382 E835.61757
G1 X93.091 Y94.649 E835.64455
G1 F1500 X92.847 Y94.585 E835.65294
G1 F1188.1 X92.305 Y94.125 E835.68279
G1 F1075.3 X92.253 Y94.605 E835.70519
G1 F1327.4 X92.201 Y95.085 E835.72333
G1 F1500 X92.2 Y96.424 E835.76787
G1 X92.649 Y96.424 E835.7828
G0 F9000 X92.88 Y96.824
;TYPE:WALL-OUTER
G1 F1500 X98.151 Y87.701 E836.13324
G1 X97.117 Y87.7 E836.16763
G1 X93.418 Y94.168 E836.41545
G1 X93.193 Y94.262 E836.42356
G1 X92.949 Y94.198 E836.43195
G1 X92.802 Y94.039 E836.43916
G1 X92.8 Y78.172 E836.96689
G1 X82.2 Y78.172 E837.31945
G1 X82.198 Y94.039 E837.84719
G1 X82.05 Y94.198 E837.85442
G1 X81.802 Y94.262 E837.86293
G1 X81.598 Y94.197 E837.87006
G1 X77.88 Y87.7 E838.11903
G1 X76.848 Y87.7 E838.15335
G1 X82.116 Y96.824 E838.50377
G1 X83.2 Y96.824 E838.53982
G1 X83.2 Y80.5 E839.08276
G1 X83.267 Y80.35 E839.08823
G1 X83.379 Y80.301 E839.09229
G1 X91.621 Y80.3 E839.36642
G1 X91.733 Y80.35 E839.3705
G1 X91.8 Y80.5 E839.37597
G1 X91.8 Y96.824 E839.9189
G1 X92.88 Y96.824 E839.95482
G1 F2700 E834.95482
;MESH:batclipholder.stl
G0 F9000 X92.713 Y96.53
G0 X92.024 Y96.602
G0 X92.024 Y97.691
G0 X92.024 Y137.309
G0 X92.024 Y138.404
G0 X91.967 Y139.585
;TYPE:WALL-INNER
G1 F2700 E839.95482
G1 F1284.8 X91.967 Y139.005 E839.97735
G1 F1282.1 X83.034 Y139.006 E840.32497
G1 X83.034 Y139.585 E840.3475
G1 X83.291 Y139.471 E840.35844
G1 X91.709 Y139.471 E840.68602
G1 F1284.8 X91.967 Y139.585 E840.69697
G0 F9000 X92.3 Y140.5
G1 F1200 X92.4 Y139.869 E840.72354
G1 F1500 X92.4 Y138.572 E840.76667
G1 X82.6 Y138.572 E841.09262
G1 X82.6 Y139.869 E841.13576
G1 F1200 X82.7 Y140.5 E841.16232
G1 X83.002 Y140.05 E841.18485
G1 F1500 X83.337 Y139.903 E841.19702
G1 X91.663 Y139.902 E841.47395
G1 X91.998 Y140.05 E841.48613
G1 F1200 X92.3 Y140.5 E841.50866
G1 F991.7 X92.305 Y154.125 E842.19408
G0 F9000 X92.559 Y154.839
G0 X93.215 Y155.013
G0 X93.793 Y154.382
G1 F1271.2 X95.584 Y151.265 E842.33517
G1 F1229.5 X97.376 Y148.148 E842.48106
G0 F9000 X93.215 Y155.013
G0 X92.578 Y155.794
G1 F1694.9 X93.025 Y155.021 E842.50734
G1 X92.752 Y154.95 E842.51565
G1 X92.578 Y154.76 E842.52323
G1 X92.578 Y155.794 E842.55367
G0 F9000 X92.649 Y156.424
G1 F1500 X93.336 Y155.235 E842.59934
G1 F1388.9 X93.793 Y154.382 E842.6341
G1 X93.091 Y154.649 E842.66108
G1 F1500 X92.847 Y154.585 E842.66947
G1 F1188.1 X92.305 Y154.125 E842.69932
G1 F1075.3 X92.253 Y154.605 E842.72172
G1 F1327.4 X92.201 Y155.085 E842.73987
G1 F1500 X92.2 Y156.424 E842.7844
G1 X92.649 Y156.424 E842.79934
G1 F2700 E837.79934
G0 F9000 X92.483 Y156.13
G0 X92.038 Y140.062
G0 X82.962 Y140.062
G0 X82.695 Y154.125
G1 F2700 E842.79934
G1 F991.7 X82.7 Y140.5 E843.48475
G0 F9000 X82.441 Y154.839
G0 X81.785 Y155.013
G0 X77.621 Y148.146
G1 F1239.7 X81.263 Y154.477 E843.77869
G0 F9000 X82.422 Y155.799
G1 F1685.4 X82.422 Y154.76 E843.80945
G1 X82.245 Y154.952 E843.81718
G1 X81.973 Y155.021 E843.82549
G1 X82.422 Y155.799 E843.85208
G0 F9000 X82.8 Y156.424
G1 F1500 X82.8 Y155.089 E843.89648
G1 F1327.4 X82.748 Y154.607 E843.9147
G1 F1075.3 X82.695 Y154.125 E843.9372
G1 F1188.1 X82.15 Y154.586 E843.96717
G1 F1500 X81.902 Y154.649 E843.97568
G1 F1373 X81.263 Y154.477 E843.99973
G1 X81.658 Y155.23 E844.03063
G1 F1500 X82.346 Y156.424 E844.07646
G1 X82.8 Y156.424 E844.09156
G1 F2700 E839.09156
G0 F9000 X82.52 Y156.146
G0 X82.962 Y140.062
G0 X92.038 Y140.062
G0 X92.045 Y149.385
G0 X92.713 Y156.53
G0 X92.88 Y156.824
;TYPE:WALL-OUTER
G1 F2700 E844.09156
G1 F1500 X98.151 Y147.701 E844.442
G1 X97.117 Y147.7 E844.47639
G1 X93.418 Y154.168 E844.72421
G1 X93.193 Y154.262 E844.73232
G1 X92.949 Y154.198 E844.74071
G1 X92.802 Y154.039 E844.74791
G1 X92.8 Y138.172 E845.27565
G1 X82.2 Y138.172 E845.62821
G1 X82.198 Y154.039 E846.15595
G1 X82.05 Y154.198 E846.16317
G1 X81.802 Y154.262 E846.17169
G1 X81.598 Y154.197 E846.17881
G1 X77.88 Y147.7 E846.42778
G1 X76.848 Y147.7 E846.46211
G1 X82.116 Y156.824 E846.81253
G1 X83.2 Y156.824 E846.84858
G1 X83.2 Y140.5 E847.39152
G1 X83.267 Y140.35 E847.39698
G1 X83.379 Y140.301 E847.40105
G1 X91.621 Y140.3 E847.67518
G1 X91.733 Y140.35 E847.67926
G1 X91.8 Y140.5 E847.68472
G1 X91.8 Y156.824 E848.22766
G1 X92.88 Y156.824 E848.26358
G1 F2700 E843.26358
;MESH:batclipholder.stl(3)
G0 F9000 X92.713 Y156.53
G0 X97.773 Y147.92
G0 X98.712 Y148.462
G0 X136.289 Y148.463
G0 X137.621 Y148.146
;TYPE:WALL-INNER
G1 F2700 E848.26358
G1 F1239.7 X141.263 Y154.477 E848.55752
G0 F9000 X141.785 Y155.013
G0 X142.441 Y154.839
G0 X142.695 Y154.125
G1 F991.7 X142.7 Y140.5 E849.24294
G0 F9000 X143.034 Y139.585
G1 F1282.1 X143.291 Y139.471 E849.25388
G1 X151.709 Y139.471 E849.58146
G1 F1284.8 X151.967 Y139.585 E849.59241
G1 X151.967 Y139.005 E849.61494
G1 F1282.1 X143.034 Y139.006 E849.96256
G1 X143.034 Y139.585 E849.98509
G0 F9000 X142.7 Y140.5
G1 F1200 X143.002 Y140.05 E850.00762
G1 F1500 X143.337 Y139.903 E850.01979
G1 X151.663 Y139.902 E850.29671
G1 X151.998 Y140.05 E850.30889
G1 F1200 X152.3 Y140.5 E850.33143
G1 X152.4 Y139.869 E850.35799
G1 F1500 X152.4 Y138.572 E850.40113
G1 X142.6 Y138.572 E850.72707
G1 X142.6 Y139.869 E850.77021
G1 F1200 X142.7 Y140.5 E850.79677
G0 F9000 X142.962 Y140.062
G0 X152.038 Y140.062
G0 X152.3 Y140.5
G1 F991.7 X152.305 Y154.125 E851.48219
G0 F9000 X152.559 Y154.839
G0 X153.215 Y155.013
G0 X153.793 Y154.382
G1 F1271.2 X155.584 Y151.265 E851.62328
G1 F1229.5 X157.376 Y148.148 E851.76917
G0 F9000 X153.215 Y155.013
G0 X152.578 Y155.794
G1 F1694.9 X153.025 Y155.021 E851.79546
G1 X152.752 Y154.95 E851.80376
G1 X152.578 Y154.76 E851.81134
G1 X152.578 Y155.794 E851.84178
G0 F9000 X152.2 Y156.424
G1 F1500 X152.649 Y156.424 E851.85671
G1 X153.336 Y155.235 E851.90239
G1 F1388.9 X153.793 Y154.382 E851.93715
G1 X153.091 Y154.649 E851.96413
G1 F1500 X152.847 Y154.585 E851.97252
G1 F1188.1 X152.305 Y154.125 E852.00237
G1 F1075.3 X152.253 Y154.605 E852.02477
G1 F1327.4 X152.201 Y155.085 E852.04292
G1 F1500 X152.2 Y156.424 E852.08745
G1 F2700 E847.08745
G0 F9000 X152.48 Y156.146
G0 X152.038 Y140.062
G0 X142.962 Y140.062
G0 X142.422 Y155.799
G1 F2700 E852.08745
G1 F1685.4 X142.422 Y154.76 E852.11821
G1 X142.245 Y154.952 E852.12594
G1 X141.973 Y155.021 E852.13424
G1 X142.422 Y155.799 E852.16083
G0 F9000 X142.346 Y156.424
G1 F1500 X142.8 Y156.424 E852.17593
G1 X142.8 Y155.089 E852.22034
G1 F1327.4 X142.748 Y154.607 E852.23856
G1 F1075.3 X142.695 Y154.125 E852.26106
G1 F1188.1 X142.15 Y154.586 E852.29103
G1 F1500 X141.902 Y154.649 E852.29954
G1 F1373 X141.263 Y154.477 E852.32359
G1 X141.658 Y155.23 E852.35448
G1 F1500 X142.346 Y156.424 E852.40032
G0 F9000 X142.116 Y156.824
;TYPE:WALL-OUTER
G1 F1500 X143.2 Y156.824 E852.43637
G1 X143.2 Y140.5 E852.97931
G1 X143.267 Y140.35 E852.98477
G1 X143.379 Y140.301 E852.98884
G1 X151.621 Y140.3 E853.26297
G1 X151.733 Y140.35 E853.26705
G1 X151.8 Y140.5 E853.27251
G1 X151.8 Y156.824 E853.81545
G1 X152.88 Y156.824 E853.85137
G1 X158.151 Y147.701 E854.20181
G1 X157.117 Y147.7 E854.2362
G1 X153.418 Y154.168 E854.48402
G1 X153.193 Y154.262 E854.49213
G1 X152.949 Y154.198 E854.50052
G1 X152.802 Y154.039 E854.50772
G1 X152.8 Y138.172 E855.03546
G1 X142.2 Y138.172 E855.38802
G1 X142.198 Y154.039 E855.91576
G1 X142.05 Y154.198 E855.92298
G1 X141.802 Y154.262 E855.9315
G1 X141.598 Y154.197 E855.93862
G1 X137.88 Y147.7 E856.1876
G1 X136.848 Y147.7 E856.22192
G1 X142.116 Y156.824 E856.57234
G1 F2700 E851.57234
;MESH:batclipholder.stl(2)
G0 F9000 X142.287 Y156.53
G0 X142.412 Y155.16
G0 X142.424 Y138.398
G0 X142.424 Y137.309
G0 X142.424 Y97.691
G0 X142.424 Y96.596
G0 X142.422 Y95.799
;TYPE:WALL-INNER
G1 F2700 E856.57234
G1 F1685.4 X142.422 Y94.76 E856.60309
G1 X142.245 Y94.952 E856.61082
G1 X141.973 Y95.021 E856.61913
G1 X142.422 Y95.799 E856.64572
G0 F9000 X142.346 Y96.424
G1 F1500 X142.8 Y96.424 E856.66082
G1 X142.8 Y95.089 E856.70522
G1 F1327.4 X142.748 Y94.607 E856.72344
G1 F1075.3 X142.695 Y94.125 E856.74594
G1 F1188.1 X142.15 Y94.586 E856.77592
G1 F1500 X141.902 Y94.649 E856.78443
G1 F1373 X141.263 Y94.477 E856.80847
G1 X141.658 Y95.23 E856.83937
G1 F1500 X142.346 Y96.424 E856.8852
G0 F9000 X142.517 Y96.13
G0 X141.263 Y94.477
G1 F1239.7 X137.621 Y88.146 E857.17914
G0 F9000 X141.785 Y95.013
G0 X142.441 Y94.839
G0 X142.695 Y94.125
G1 F991.7 X142.7 Y80.5 E857.86456
G0 F9000 X143.034 Y79.585
G1 F1282.1 X143.291 Y79.471 E857.8755
G1 X151.709 Y79.471 E858.20308
G1 F1284.8 X151.967 Y79.585 E858.21404
G1 X151.967 Y79.005 E858.23656
G1 F1282.1 X143.034 Y79.006 E858.58418
G1 X143.034 Y79.585 E858.60671
G0 F9000 X142.7 Y80.5
G1 F1200 X143.002 Y80.05 E858.62924
G1 F1500 X143.337 Y79.903 E858.64141
G1 X151.663 Y79.902 E858.91834
G1 X151.998 Y80.05 E858.93052
G1 F1200 X152.3 Y80.5 E858.95305
G1 X152.4 Y79.869 E858.97961
G1 F1500 X152.4 Y78.572 E859.02275
G1 X142.6 Y78.572 E859.3487
G1 X142.6 Y79.869 E859.39183
G1 F1200 X142.7 Y80.5 E859.4184
G0 F9000 X142.962 Y80.062
G0 X152.038 Y80.062
G0 X152.3 Y80.5
G1 F991.7 X152.305 Y94.125 E860.10381
G0 F9000 X152.559 Y94.839
G0 X153.215 Y95.013
G0 X153.793 Y94.382
G1 F1271.2 X155.584 Y91.265 E860.2449
G1 F1229.5 X157.376 Y88.148 E860.3908
G0 F9000 X153.215 Y95.013
G0 X152.578 Y95.794
G1 F1694.9 X153.025 Y95.021 E860.41708
G1 X152.752 Y94.95 E860.42538
G1 X152.578 Y94.76 E860.43297
G1 X152.578 Y95.794 E860.4634
G0 F9000 X152.2 Y96.424
G1 F1500 X152.649 Y96.424 E860.47834
G1 X153.336 Y95.235 E860.52401
G1 F1388.9 X153.793 Y94.382 E860.55877
G1 X153.091 Y94.649 E860.58575
G1 F1500 X152.847 Y94.585 E860.59414
G1 F1188.1 X152.305 Y94.125 E860.62399
G1 F1075.3 X152.253 Y94.605 E860.64639
G1 F1327.4 X152.201 Y95.085 E860.66454
G1 F1500 X152.2 Y96.424 E860.70907
G1 F2700 E855.70907
G0 F9000 X152.48 Y96.146
G0 X152.038 Y80.062
G0 X142.962 Y80.062
G0 X142.955 Y89.385
G0 X142.287 Y96.53
G0 X142.116 Y96.824
;TYPE:WALL-OUTER
G1 F2700 E860.70907
G1 F1500 X143.2 Y96.824 E860.74513
G1 X143.2 Y80.5 E861.28807
G1 X143.267 Y80.35 E861.29353
G1 X143.379 Y80.301 E861.2976
G1 X151.621 Y80.3 E861.57173
G1 X151.733 Y80.35 E861.5758
G1 X151.8 Y80.5 E861.58127
G1 X151.8 Y96.824 E862.12421
G1 X152.88 Y96.824 E862.16013
G1 X158.151 Y87.701 E862.51057
G1 X157.117 Y87.7 E862.54496
G1 X153.418 Y94.168 E862.79278
G1 X153.193 Y94.262 E862.80089
G1 X152.949 Y94.198 E862.80928
G1 X152.802 Y94.039 E862.81648
G1 X152.8 Y78.172 E863.34422
G1 X142.2 Y78.172 E863.69678
G1 X142.198 Y94.039 E864.22452
G1 X142.05 Y94.198 E864.23174
G1 X141.802 Y94.262 E864.24026
G1 X141.598 Y94.197 E864.24738
G1 X137.88 Y87.7 E864.49635
G1 X136.848 Y87.7 E864.53068
G1 X142.116 Y96.824 E864.88109
G1 F2700 E859.88109
;MESH:NONMESH
G0 F300 X142.116 Y96.824 Z3.4
G0 F9000 X142.287 Y96.53
G0 X137.227 Y87.92
G0 X136.289 Y88.463
G0 X93.38 Y97.685
G0 X90.947 Y97.679
G0 X88 Y94.46
G0 X88 Y92.893
;TIME_ELAPSED:1576.182569
;LAYER:16
;TYPE:SUPPORT
G1 F2700 E864.88109
G1 F1500 X88 Y93.794 E864.91106
G1 F2700 E859.91106
G0 F9000 X88 Y94.46
G0 X99.262 Y147.5
G0 X93.38 Y157.685
G0 X90.947 Y157.679
G0 X88 Y154.46
G0 X88 Y152.893
G1 F2700 E864.91106
G1 F1500 X88 Y153.794 E864.94103
G1 F2700 E859.94103
G0 F9000 X88 Y154.46
G0 X90.947 Y157.679
G0 X144.053 Y157.679
G0 X148 Y154.46
G0 X148 Y153.794
G1 F2700 E864.94103
G1 F1500 X148 Y152.893 E864.971
G1 F2700 E859.971
G0 F9000 X148 Y154.46
G0 X150.947 Y157.679
G0 X153.38 Y157.685
G0 X159.262 Y147.5
G0 X148 Y94.46
G0 X148 Y93.794
G1 F2700 E864.971
G1 F1500 X148 Y92.893 E865.00096
;TYPE:SUPPORT-INTERFACE
G1 X148.089 Y92.893
G1 X150.8 Y90.182 E865.12848
G0 F9000 X150.8 Y89.706
G1 F1500 X144.2 Y83.106 E865.43892
G1 X144.2 Y83.205
G1 X146.106 Y81.3 E865.52855
G0 F9000 X145.788 Y81.3
G1 F1500 X150.8 Y86.312 E865.7643
G0 F9000 X150.8 Y86.788
G1 F1500 X144.695 Y92.893 E866.05146
G1 F2700 E861.05146
G0 F9000 X147.198 Y92.893
G1 F2700 E866.05146
G1 F1500 X144.2 Y89.894 E866.1925
G1 X144.2 Y89.993
G1 X150.8 Y83.394 E866.50292
G0 F9000 X150.8 Y82.917
G1 F1500 X149.183 Y81.3 E866.57898
G0 F9000 X149.5 Y81.3
G1 F1500 X144.2 Y86.599 E866.82825
G1 X144.2 Y86.5
G1 X150.593 Y92.893 E867.12896
G1 F2700 E862.12896
G0 F9000 X150.593 Y94.46
G0 X153.653 Y137.321
G0 X153.665 Y141.3
G0 X150.594 Y141.3
G1 F2700 E867.12896
G1 F1500 X144.2 Y147.693 E867.42969
G1 X144.2 Y147.594
G1 X149.499 Y152.893 E867.67894
G0 F9000 X149.183 Y152.893
G1 F1500 X150.8 Y151.276 E867.755
G0 F9000 X150.8 Y150.8
G1 F1500 X144.2 Y144.2 E868.06544
G1 X144.2 Y144.299
G1 X147.2 Y141.3 E868.20653
G0 F9000 X148.088 Y141.3
G1 F1500 X150.8 Y144.012 E868.33409
G0 F9000 X150.8 Y144.488
G1 F1500 X144.2 Y151.088 E868.64454
G1 X144.2 Y150.988
G1 X146.105 Y152.893 E868.73414
G0 F9000 X145.789 Y152.893
G1 F1500 X150.8 Y147.882 E868.96985
G0 F9000 X150.8 Y147.406
G1 F1500 X144.694 Y141.3 E869.25705
G1 F2700 E864.25705
G0 F9000 X141.335 Y141.3
G0 X93.665 Y141.712
G0 X90.8 Y141.712
G1 F2700 E869.25705
G1 F1500 X90.389 Y141.3 E869.27641
G0 F9000 X89.5 Y141.3
G1 F1500 X84.2 Y146.599 E869.52568
G0 F9000 X84.2 Y145.294
G1 F1500 X90.8 Y151.894 E869.83612
G1 F2700 E864.83612
G0 F9000 X90.8 Y150.182
G1 F2700 E869.83612
G1 F1500 X88.089 Y152.893 E869.96364
G0 F9000 X88.405 Y152.893
G1 F1500 X84.2 Y148.688 E870.16143
G0 F9000 X84.2 Y149.994
G1 F1500 X90.8 Y143.394 E870.47188
G1 F2700 E865.47188
G0 F9000 X90.8 Y145.106
G1 F2700 E870.47188
G1 F1500 X86.995 Y141.3 E870.65087
G0 F9000 X86.106 Y141.3
G1 F1500 X84.2 Y143.205 E870.7405
G0 F9000 X84.2 Y141.9
G1 F1500 X90.8 Y148.5 E871.05095
G1 F2700 E866.05095
G0 F9000 X90.8 Y146.788
G1 F2700 E871.05095
G1 F1500 X84.695 Y152.893 E871.33811
G0 F9000 X85.01 Y152.893
G1 F1500 X84.2 Y152.082 E871.37623
G1 F2700 E866.37623
G0 F9000 X86.105 Y92.893
G1 F2700 E871.37623
G1 F1500 X84.2 Y90.988 E871.46584
G0 F9000 X84.2 Y92.294
G1 F1500 X90.8 Y85.694 E871.77628
G1 F2700 E866.77628
G0 F9000 X90.8 Y84.012
G1 F2700 E871.77628
G1 F1500 X88.088 Y81.3 E871.90384
G0 F9000 X88.406 Y81.3
G1 F1500 X84.2 Y85.505 E872.10166
G0 F9000 X84.2 Y84.2
G1 F1500 X90.8 Y90.8 E872.4121
G1 F2700 E867.4121
G0 F9000 X90.8 Y92.482
G1 F2700 E872.4121
G1 F1500 X90.389 Y92.893 E872.43143
G0 F9000 X89.499 Y92.893
G1 F1500 X84.2 Y87.594 E872.68068
G0 F9000 X84.2 Y88.9
G1 F1500 X90.8 Y82.299 E872.99115
G1 F2700 E867.99115
G0 F9000 X90.8 Y87.406
G1 F2700 E872.99115
G1 F1500 X84.694 Y81.3 E873.27836
G0 F9000 X85.012 Y81.3
G1 F1500 X84.2 Y82.111 E873.31653
G1 F2700 E868.31653
G0 F9000 X81.335 Y82.111
G0 X81.347 Y77.321
G0 X93.653 Y77.321
G0 X93.665 Y89.088
G0 X90.8 Y89.088
G1 F2700 E873.31653
G1 F1500 X86.995 Y92.893 E873.4955
G1 F2700 E868.4955
;MESH:batclipholder.stl(1)
G0 F9000 X86.995 Y94.46
G0 X84.065 Y96.616
G0 X82.695 Y94.125
;TYPE:WALL-INNER
G1 F2700 E873.4955
G1 F991.7 X82.7 Y80.5 E874.18092
G0 F9000 X82.441 Y94.839
G0 X81.785 Y95.013
G0 X77.621 Y88.146
G1 F1239.7 X81.263 Y94.477 E874.47486
G0 F9000 X82.422 Y95.799
G1 F1685.4 X82.422 Y94.76 E874.50562
G1 X82.245 Y94.952 E874.51335
G1 X81.973 Y95.021 E874.52166
G1 X82.422 Y95.799 E874.54825
G0 F9000 X82.8 Y96.424
G1 F1500 X82.8 Y95.089 E874.59265
G1 F1327.4 X82.748 Y94.607 E874.61087
G1 F1075.3 X82.695 Y94.125 E874.63337
G1 F1188.1 X82.15 Y94.586 E874.66334
G1 F1500 X81.902 Y94.649 E874.67185
G1 F1373 X81.263 Y94.477 E874.6959
G1 X81.658 Y95.23 E874.7268
G1 F1500 X82.346 Y96.424 E874.77263
G1 X82.8 Y96.424 E874.78773
G1 F2700 E869.78773
G0 F9000 X82.52 Y96.146
G0 X82.962 Y80.062
G0 X92.038 Y80.062
G0 X92.305 Y94.125
G1 F2700 E874.78773
G1 F991.7 X92.3 Y80.5 E875.47315
G0 F9000 X91.967 Y79.585
G1 F1284.8 X91.967 Y79.005 E875.49567
G1 F1282.1 X83.034 Y79.006 E875.84329
G1 X83.034 Y79.585 E875.86582
G1 X83.291 Y79.471 E875.87676
G1 X91.709 Y79.471 E876.20434
G1 F1284.8 X91.967 Y79.585 E876.2153
G0 F9000 X92.3 Y80.5
G1 F1200 X92.4 Y79.869 E876.24186
G1 F1500 X92.4 Y78.572 E876.285
G1 X82.6 Y78.572 E876.61095
G1 X82.6 Y79.869 E876.65409
G1 F1200 X82.7 Y80.5 E876.68065
G1 X83.002 Y80.05 E876.70318
G1 F1500 X83.337 Y79.903 E876.71535
G1 X91.663 Y79.902 E876.99227
G1 X91.998 Y80.05 E877.00445
G1 F1200 X92.3 Y80.5 E877.02698
G0 F9000 X92.559 Y94.839
G0 X93.215 Y95.013
G0 X97.376 Y88.148
G1 F1229.5 X95.584 Y91.265 E877.17287
G1 F1271.2 X93.793 Y94.382 E877.31396
G0 F9000 X92.578 Y95.794
G1 F1694.9 X93.025 Y95.021 E877.34025
G1 X92.752 Y94.95 E877.34855
G1 X92.578 Y94.76 E877.35613
G1 X92.578 Y95.794 E877.38657
G0 F9000 X92.649 Y96.424
G1 F1500 X93.336 Y95.235 E877.43224
G1 F1388.9 X93.793 Y94.382 E877.467
G1 X93.091 Y94.649 E877.49398
G1 F1500 X92.847 Y94.585 E877.50237
G1 F1188.1 X92.305 Y94.125 E877.53222
G1 F1075.3 X92.253 Y94.605 E877.55462
G1 F1327.4 X92.201 Y95.085 E877.57277
G1 F1500 X92.2 Y96.424 E877.61731
G1 X92.649 Y96.424 E877.63224
G0 F9000 X92.88 Y96.824
;TYPE:WALL-OUTER
G1 F1500 X98.151 Y87.701 E877.98268
G1 X97.117 Y87.7 E878.01707
G1 X93.418 Y94.168 E878.26489
G1 X93.193 Y94.262 E878.273
G1 X92.949 Y94.198 E878.28139
G1 X92.802 Y94.039 E878.28859
G1 X92.8 Y78.172 E878.81633
G1 X82.2 Y78.172 E879.16889
G1 X82.198 Y94.039 E879.69663
G1 X82.05 Y94.198 E879.70385
G1 X81.802 Y94.262 E879.71237
G1 X81.598 Y94.197 E879.71949
G1 X77.88 Y87.7 E879.96846
G1 X76.848 Y87.7 E880.00279
G1 X82.116 Y96.824 E880.3532
G1 X83.2 Y96.824 E880.38926
G1 X83.2 Y80.5 E880.9322
G1 X83.267 Y80.35 E880.93766
G1 X83.379 Y80.301 E880.94173
G1 X91.621 Y80.3 E881.21586
G1 X91.733 Y80.35 E881.21994
G1 X91.8 Y80.5 E881.2254
G1 X91.8 Y96.824 E881.76834
G1 X92.88 Y96.824 E881.80426
G1 F2700 E876.80426
;MESH:batclipholder.stl
G0 F9000 X92.713 Y96.53
G0 X92.024 Y96.602
G0 X92.024 Y97.691
G0 X92.024 Y137.309
G0 X92.024 Y138.404
G0 X91.967 Y139.585
;TYPE:WALL-INNER
G1 F2700 E881.80426
G1 F1284.8 X91.967 Y139.005 E881.82678
G1 F1282.1 X83.034 Y139.006 E882.1744
G1 X83.034 Y139.585 E882.19694
G1 X83.291 Y139.471 E882.20788
G1 X91.709 Y139.471 E882.53546
G1 F1284.8 X91.967 Y139.585 E882.54641
G0 F9000 X92.3 Y140.5
G1 F1200 X92.4 Y139.869 E882.57297
G1 F1500 X92.4 Y138.572 E882.61611
G1 X82.6 Y138.572 E882.94206
G1 X82.6 Y139.869 E882.9852
G1 F1200 X82.7 Y140.5 E883.01176
G1 X83.002 Y140.05 E883.03429
G1 F1500 X83.337 Y139.903 E883.04646
G1 X91.663 Y139.902 E883.32338
G1 X91.998 Y140.05 E883.33556
G1 F1200 X92.3 Y140.5 E883.35809
G1 F991.7 X92.305 Y154.125 E884.04351
G0 F9000 X92.559 Y154.839
G0 X93.215 Y155.013
G0 X93.793 Y154.382
G1 F1271.2 X95.584 Y151.265 E884.1846
G1 F1229.5 X97.376 Y148.148 E884.33049
G0 F9000 X93.215 Y155.013
G0 X92.578 Y155.794
G1 F1694.9 X93.025 Y155.021 E884.35678
G1 X92.752 Y154.95 E884.36508
G1 X92.578 Y154.76 E884.37267
G1 X92.578 Y155.794 E884.4031
G0 F9000 X92.649 Y156.424
G1 F1500 X93.336 Y155.235 E884.44877
G1 F1388.9 X93.793 Y154.382 E884.48354
G1 X93.091 Y154.649 E884.51051
G1 F1500 X92.847 Y154.585 E884.5189
G1 F1188.1 X92.305 Y154.125 E884.54875
G1 F1075.3 X92.253 Y154.605 E884.57116
G1 F1327.4 X92.201 Y155.085 E884.5893
G1 F1500 X92.2 Y156.424 E884.63384
G1 X92.649 Y156.424 E884.64877
G1 F2700 E879.64877
G0 F9000 X92.483 Y156.13
G0 X92.038 Y140.062
G0 X82.962 Y140.062
G0 X82.695 Y154.125
G1 F2700 E884.64877
G1 F991.7 X82.7 Y140.5 E885.33419
G0 F9000 X82.441 Y154.839
G0 X81.785 Y155.013
G0 X77.621 Y148.146
G1 F1239.7 X81.263 Y154.477 E885.62813
G0 F9000 X82.422 Y155.799
G1 F1685.4 X82.422 Y154.76 E885.65889
G1 X82.245 Y154.952 E885.66662
G1 X81.973 Y155.021 E885.67492
G1 X82.422 Y155.799 E885.70151
G0 F9000 X82.8 Y156.424
G1 F1500 X82.8 Y155.089 E885.74592
G1 F1327.4 X82.748 Y154.607 E885.76414
G1 F1075.3 X82.695 Y154.125 E885.78663
G1 F1188.1 X82.15 Y154.586 E885.81661
G1 F1500 X81.902 Y154.649 E885.82512
G1 F1373 X81.263 Y154.477 E885.84916
G1 X81.658 Y155.23 E885.88006
G1 F1500 X82.346 Y156.424 E885.9259
G1 X82.8 Y156.424 E885.941
G1 F2700 E880.941
G0 F9000 X82.52 Y156.146
G0 X82.962 Y140.062
G0 X92.038 Y140.062
G0 X92.045 Y149.385
G0 X92.713 Y156.53
G0 X92.88 Y156.824
;TYPE:WALL-OUTER
G1 F2700 E885.941
G1 F1500 X98.151 Y147.701 E886.29143
G1 X97.117 Y147.7 E886.32582
G1 X93.418 Y154.168 E886.57365
G1 X93.193 Y154.262 E886.58176
G1 X92.949 Y154.198 E886.59015
G1 X92.802 Y154.039 E886.59735
G1 X92.8 Y138.172 E887.12509
G1 X82.2 Y138.172 E887.47764
G1 X82.198 Y154.039 E888.00538
G1 X82.05 Y154.198 E888.01261
G1 X81.802 Y154.262 E888.02113
G1 X81.598 Y154.197 E888.02825
G1 X77.88 Y147.7 E888.27722
G1 X76.848 Y147.7 E888.31154
G1 X82.116 Y156.824 E888.66196
G1 X83.2 Y156.824 E888.69801
G1 X83.2 Y140.5 E889.24095
G1 X83.267 Y140.35 E889.24642
G1 X83.379 Y140.301 E889.25048
G1 X91.621 Y140.3 E889.52461
G1 X91.733 Y140.35 E889.52869
G1 X91.8 Y140.5 E889.53416
G1 X91.8 Y156.824 E890.0771
G1 X92.88 Y156.824 E890.11302
G1 F2700 E885.11302
;MESH:batclipholder.stl(3)
G0 F9000 X92.713 Y156.53
G0 X97.773 Y147.92
G0 X98.712 Y148.462
G0 X136.289 Y148.463
G0 X137.621 Y148.146
;TYPE:WALL-INNER
G1 F2700 E890.11302
G1 F1239.7 X141.263 Y154.477 E890.40696
G0 F9000 X141.785 Y155.013
G0 X142.441 Y154.839
G0 X142.695 Y154.125
G1 F991.7 X142.7 Y140.5 E891.09238
G0 F9000 X143.034 Y139.585
G1 F1282.1 X143.291 Y139.471 E891.10332
G1 X151.709 Y139.471 E891.4309
G1 F1284.8 X151.967 Y139.585 E891.44185
G1 X151.967 Y139.005 E891.46437
G1 F1282.1 X143.034 Y139.006 E891.81199
G1 X143.034 Y139.585 E891.83453
G0 F9000 X142.7 Y140.5
G1 F1200 X143.002 Y140.05 E891.85706
G1 F1500 X143.337 Y139.903 E891.86922
G1 X151.663 Y139.902 E892.14615
G1 X151.998 Y140.05 E892.15833
G1 F1200 X152.3 Y140.5 E892.18086
G1 X152.4 Y139.869 E892.20742
G1 F1500 X152.4 Y138.572 E892.25056
G1 X142.6 Y138.572 E892.57651
G1 X142.6 Y139.869 E892.61965
G1 F1200 X142.7 Y140.5 E892.64621
G0 F9000 X142.962 Y140.062
G0 X152.038 Y140.062
G0 X152.3 Y140.5
G1 F991.7 X152.305 Y154.125 E893.33163
G0 F9000 X152.559 Y154.839
G0 X153.215 Y155.013
G0 X153.793 Y154.382
G1 F1271.2 X155.584 Y151.265 E893.47272
G1 F1229.5 X157.376 Y148.148 E893.61861
G0 F9000 X153.215 Y155.013
G0 X152.578 Y155.794
G1 F1694.9 X153.025 Y155.021 E893.64489
G1 X152.752 Y154.95 E893.6532
G1 X152.578 Y154.76 E893.66078
G1 X152.578 Y155.794 E893.69122
G0 F9000 X152.2 Y156.424
G1 F1500 X152.649 Y156.424 E893.70615
G1 X153.336 Y155.235 E893.75182
G1 F1388.9 X153.793 Y154.382 E893.78658
G1 X153.091 Y154.649 E893.81356
G1 F1500 X152.847 Y154.585 E893.82195
G1 F1188.1 X152.305 Y154.125 E893.8518
G1 F1075.3 X152.253 Y154.605 E893.87421
G1 F1327.4 X152.201 Y155.085 E893.89235
G1 F1500 X152.2 Y156.424 E893.93689
G1 F2700 E888.93689
G0 F9000 X152.48 Y156.146
G0 X152.038 Y140.062
G0 X142.962 Y140.062
G0 X142.422 Y155.799
G1 F2700 E893.93689
G1 F1685.4 X142.422 Y154.76 E893.96764
G1 X142.245 Y154.952 E893.97537
G1 X141.973 Y155.021 E893.98368
G1 X142.422 Y155.799 E894.01027
G0 F9000 X142.346 Y156.424
G1 F1500 X142.8 Y156.424 E894.02537
G1 X142.8 Y155.089 E894.06977
G1 F1327.4 X142.748 Y154.607 E894.08799
G1 F1075.3 X142.695 Y154.125 E894.11049
G1 F1188.1 X142.15 Y154.586 E894.14047
G1 F1500 X141.902 Y154.649 E894.14898
G1 F1373 X141.263 Y154.477 E894.17302
G1 X141.658 Y155.23 E894.20392
G1 F1500 X142.346 Y156.424 E894.24975
G0 F9000 X142.116 Y156.824
;TYPE:WALL-OUTER
G1 F1500 X143.2 Y156.824 E894.28581
G1 X143.2 Y140.5 E894.82874
G1 X143.267 Y140.35 E894.83421
G1 X143.379 Y140.301 E894.83827
G1 X151.621 Y140.3 E895.1124
G1 X151.733 Y140.35 E895.11648
G1 X151.8 Y140.5 E895.12195
G1 X151.8 Y156.824 E895.66489
G1 X152.88 Y156.824 E895.70081
G1 X158.151 Y147.701 E896.05124
G1 X157.117 Y147.7 E896.08564
G1 X153.418 Y154.168 E896.33346
G1 X153.193 Y154.262 E896.34157
G1 X152.949 Y154.198 E896.34996
G1 X152.802 Y154.039 E896.35716
G1 X152.8 Y138.172 E896.8849
G1 X142.2 Y138.172 E897.23746
G1 X142.198 Y154.039 E897.76519
G1 X142.05 Y154.198 E897.77242
G1 X141.802 Y154.262 E897.78094
G1 X141.598 Y154.197 E897.78806
G1 X137.88 Y147.7 E898.03703
G1 X136.848 Y147.7 E898.07136
G1 X142.116 Y156.824 E898.42177
G1 F2700 E893.42177
;MESH:batclipholder.stl(2)
G0 F9000 X142.287 Y156.53
G0 X142.412 Y155.16
G0 X142.424 Y138.398
G0 X142.424 Y137.309
G0 X142.424 Y97.691
G0 X142.424 Y96.596
G0 X142.422 Y95.799
;TYPE:WALL-INNER
G1 F2700 E898.42177
G1 F1685.4 X142.422 Y94.76 E898.45253
G1 X142.245 Y94.952 E898.46026
G1 X141.973 Y95.021 E898.46857
G1 X142.422 Y95.799 E898.49516
G0 F9000 X142.346 Y96.424
G1 F1500 X142.8 Y96.424 E898.51026
G1 X142.8 Y95.089 E898.55466
G1 F1327.4 X142.748 Y94.607 E898.57288
G1 F1075.3 X142.695 Y94.125 E898.59538
G1 F1188.1 X142.15 Y94.586 E898.62535
G1 F1500 X141.902 Y94.649 E898.63386
G1 F1373 X141.263 Y94.477 E898.65791
G1 X141.658 Y95.23 E898.68881
G1 F1500 X142.346 Y96.424 E898.73464
G0 F9000 X142.517 Y96.13
G0 X141.263 Y94.477
G1 F1239.7 X137.621 Y88.146 E899.02858
G0 F9000 X141.785 Y95.013
G0 X142.441 Y94.839
G0 X142.695 Y94.125
G1 F991.7 X142.7 Y80.5 E899.714
G0 F9000 X143.034 Y79.585
G1 F1282.1 X143.291 Y79.471 E899.72494
G1 X151.709 Y79.471 E900.05252
G1 F1284.8 X151.967 Y79.585 E900.06347
G1 X151.967 Y79.005 E900.08599
G1 F1282.1 X143.034 Y79.006 E900.43362
G1 X143.034 Y79.585 E900.45615
G0 F9000 X142.7 Y80.5
G1 F1200 X143.002 Y80.05 E900.47868
G1 F1500 X143.337 Y79.903 E900.49085
G1 X151.663 Y79.902 E900.76777
G1 X151.998 Y80.05 E900.77995
G1 F1200 X152.3 Y80.5 E900.80248
G1 X152.4 Y79.869 E900.82904
G1 F1500 X152.4 Y78.572 E900.87218
G1 X142.6 Y78.572 E901.19813
G1 X142.6 Y79.869 E901.24127
G1 F1200 X142.7 Y80.5 E901.26783
G0 F9000 X142.962 Y80.062
G0 X152.038 Y80.062
G0 X152.3 Y80.5
G1 F991.7 X152.305 Y94.125 E901.95325
G0 F9000 X152.559 Y94.839
G0 X153.215 Y95.013
G0 X153.793 Y94.382
G1 F1271.2 X155.584 Y91.265 E902.09434
G1 F1229.5 X157.376 Y88.148 E902.24023
G0 F9000 X153.215 Y95.013
G0 X152.578 Y95.794
G1 F1694.9 X153.025 Y95.021 E902.26652
G1 X152.752 Y94.95 E902.27482
G1 X152.578 Y94.76 E902.2824
G1 X152.578 Y95.794 E902.31284
G0 F9000 X152.2 Y96.424
G1 F1500 X152.649 Y96.424 E902.32777
G1 X153.336 Y95.235 E902.37345
G1 F1388.9 X153.793 Y94.382 E902.40821
G1 X153.091 Y94.649 E902.43519
G1 F1500 X152.847 Y94.585 E902.44358
G1 F1188.1 X152.305 Y94.125 E902.47343
G1 F1075.3 X152.253 Y94.605 E902.49583
G1 F1327.4 X152.201 Y95.085 E902.51397
G1 F1500 X152.2 Y96.424 E902.55851
G1 F2700 E897.55851
G0 F9000 X152.48 Y96.146
G0 X152.038 Y80.062
G0 X142.962 Y80.062
G0 X142.955 Y89.385
G0 X142.287 Y96.53
G0 X142.116 Y96.824
;TYPE:WALL-OUTER
G1 F2700 E902.55851
G1 F1500 X143.2 Y96.824 E902.59456
G1 X143.2 Y80.5 E903.1375
G1 X143.267 Y80.35 E903.14297
G1 X143.379 Y80.301 E903.14703
G1 X151.621 Y80.3 E903.42116
G1 X151.733 Y80.35 E903.42524
G1 X151.8 Y80.5 E903.4307
G1 X151.8 Y96.824 E903.97364
G1 X152.88 Y96.824 E904.00956
G1 X158.151 Y87.701 E904.36
G1 X157.117 Y87.7 E904.39439
G1 X153.418 Y94.168 E904.64221
G1 X153.193 Y94.262 E904.65032
G1 X152.949 Y94.198 E904.65871
G1 X152.802 Y94.039 E904.66592
G1 X152.8 Y78.172 E905.19366
G1 X142.2 Y78.172 E905.54621
G1 X142.198 Y94.039 E906.07395
G1 X142.05 Y94.198 E906.08118
G1 X141.802 Y94.262 E906.08969
G1 X141.598 Y94.197 E906.09682
G1 X137.88 Y87.7 E906.34579
G1 X136.848 Y87.7 E906.38011
G1 X142.116 Y96.824 E906.73053
G1 F2700 E901.73053
;MESH:NONMESH
G0 F300 X142.116 Y96.824 Z3.6
G0 F9000 X142.287 Y96.53
G0 X137.227 Y87.92
G0 X136.289 Y88.463
G0 X93.38 Y97.685
G0 X90.947 Y97.679
G0 X88 Y94.46
G0 X88 Y93.195
;TIME_ELAPSED:1662.998381
;LAYER:17
;TYPE:SUPPORT
G1 F2700 E906.73053
G1 F1500 X88 Y93.794 E906.75045
G1 F2700 E901.75045
G0 F9000 X88 Y94.46
G0 X99.262 Y147.5
G0 X93.38 Y157.685
G0 X90.947 Y157.679
G0 X88 Y154.46
G0 X88 Y153.195
G1 F2700 E906.75045
G1 F1500 X88 Y153.794 E906.77037
G1 F2700 E901.77037
G0 F9000 X88 Y154.46
G0 X90.947 Y157.679
G0 X144.053 Y157.679
G0 X148 Y154.46
G0 X148 Y153.794
G1 F2700 E906.77037
G1 F1500 X148 Y153.195 E906.7903
G1 F2700 E901.7903
G0 F9000 X148 Y154.46
G0 X150.947 Y157.679
G0 X153.38 Y157.685
G0 X159.262 Y147.5
G0 X148 Y94.46
G0 X148 Y93.794
G1 F2700 E906.7903
G1 F1500 X148 Y93.195 E906.81022
G0 F9000 X147.787 Y93.195
;TYPE:SUPPORT-INTERFACE
G1 F1500 X150.8 Y90.182 E906.95194
G0 F9000 X150.8 Y89.706
G1 F1500 X144.2 Y83.106 E907.26239
G1 X144.2 Y83.205
G1 X146.106 Y81.3 E907.35202
G0 F9000 X145.788 Y81.3
G1 F1500 X150.8 Y86.312 E907.58776
G0 F9000 X150.8 Y86.788
G1 F1500 X144.393 Y93.195 E907.88913
G1 F2700 E902.88913
G0 F9000 X144.393 Y94.46
G0 X147.5 Y94.46
G0 X147.5 Y93.195
G1 F2700 E907.88913
G1 F1500 X144.2 Y89.894 E908.04438
G1 X144.2 Y89.993
G1 X150.8 Y83.394 E908.3548
G0 F9000 X150.8 Y82.918
G1 F1500 X149.183 Y81.3 E908.43088
G0 F9000 X149.5 Y81.3
G1 F1500 X144.2 Y86.599 E908.68015
G1 X144.2 Y86.5
G1 X150.8 Y93.101 E908.99062
G1 F2700 E903.99062
G0 F9000 X150.8 Y94.46
G0 X150.947 Y97.679
G0 X153.653 Y137.321
G0 X153.665 Y141.3
G0 X150.594 Y141.3
G1 F2700 E908.99062
G1 F1500 X144.2 Y147.693 E909.29135
G1 X144.2 Y147.594
G1 X149.801 Y153.195 E909.5548
G0 F9000 X148.881 Y153.195
G1 F1500 X150.8 Y151.276 E909.64507
G0 F9000 X150.8 Y150.8
G1 F1500 X144.2 Y144.2 E909.95551
G1 X144.2 Y144.299
G1 X147.2 Y141.3 E910.0966
G0 F9000 X148.088 Y141.3
G1 F1500 X150.8 Y144.012 E910.22416
G0 F9000 X150.8 Y144.488
G1 F1500 X144.2 Y151.088 E910.5346
G1 X144.2 Y150.988
G1 X146.406 Y153.194 E910.63837
G0 F9000 X145.487 Y153.195
G1 F1500 X150.8 Y147.882 E910.88828
G0 F9000 X150.8 Y147.406
G1 F1500 X144.694 Y141.3 E911.17548
G1 F2700 E906.17548
G0 F9000 X141.335 Y141.3
G0 X93.665 Y141.712
G0 X90.8 Y141.712
G1 F2700 E911.17548
G1 F1500 X90.389 Y141.3 E911.19484
G0 F9000 X89.5 Y141.3
G1 F1500 X84.2 Y146.599 E911.44411
G0 F9000 X84.2 Y145.294
G1 F1500 X90.8 Y151.894 E911.75455
G1 F2700 E906.75455
G0 F9000 X90.8 Y150.182
G1 F2700 E911.75455
G1 F1500 X87.787 Y153.195 E911.89628
G0 F9000 X88.707 Y153.195
G1 F1500 X84.2 Y148.688 E912.10827
G0 F9000 X84.2 Y149.994
G1 F1500 X90.8 Y143.394 E912.41872
G1 F2700 E907.41872
G0 F9000 X90.8 Y145.106
G1 F2700 E912.41872
G1 F1500 X86.995 Y141.3 E912.59772
G0 F9000 X86.106 Y141.3
G1 F1500 X84.2 Y143.205 E912.68734
G0 F9000 X84.2 Y141.9
G1 F1500 X90.8 Y148.5 E912.99779
G1 F2700 E907.99779
G0 F9000 X90.8 Y146.788
G1 F2700 E912.99779
G1 F1500 X84.393 Y153.195 E913.29915
G0 F9000 X85.312 Y153.194
G1 F1500 X84.2 Y152.082 E913.35146
G1 F2700 E908.35146
G0 F9000 X86.406 Y93.195
G1 F2700 E913.35146
G1 F1500 X84.2 Y90.988 E913.45525
G0 F9000 X84.2 Y92.294
G1 F1500 X90.8 Y85.694 E913.76569
G1 F2700 E908.76569
G0 F9000 X90.8 Y84.012
G1 F2700 E913.76569
G1 F1500 X88.088 Y81.3 E913.89325
G0 F9000 X88.406 Y81.3
G1 F1500 X84.2 Y85.505 E914.09107
G0 F9000 X84.2 Y84.2
G1 F1500 X90.8 Y90.8 E914.40151
G1 F2700 E909.40151
G0 F9000 X90.8 Y92.482
G1 F2700 E914.40151
G1 F1500 X90.087 Y93.195 E914.43505
G0 F9000 X89.8 Y93.195
G1 F1500 X84.2 Y87.594 E914.69848
G0 F9000 X84.2 Y88.9
G1 F1500 X90.8 Y82.3 E915.00892
G1 F2700 E910.00892
G0 F9000 X90.8 Y87.406
G1 F2700 E915.00892
G1 F1500 X84.694 Y81.3 E915.29613
G0 F9000 X85.012 Y81.3
G1 F1500 X84.2 Y82.111 E915.3343
G1 F2700 E910.3343
G0 F9000 X81.335 Y82.111
G0 X81.347 Y77.321
G0 X93.653 Y77.321
G0 X93.665 Y89.088
G0 X90.8 Y89.088
G1 F2700 E915.3343
G1 F1500 X86.693 Y93.195 E915.52748
G1 F2700 E910.52748
;MESH:batclipholder.stl(1)
G0 F9000 X86.693 Y94.46
G0 X84.053 Y94.447
G0 X82.695 Y94.125
;TYPE:WALL-INNER
G1 F2700 E915.52748
G1 F991.7 X82.7 Y80.5 E916.2129
G0 F9000 X82.441 Y94.839
G0 X81.785 Y95.013
G0 X77.621 Y88.146
G1 F1239.7 X81.263 Y94.477 E916.50684
G0 F9000 X82.422 Y95.799
G1 F1685.4 X82.422 Y94.76 E916.5376
G1 X82.245 Y94.952 E916.54533
G1 X81.973 Y95.021 E916.55363
G1 X82.422 Y95.799 E916.58022
G0 F9000 X82.8 Y96.424
G1 F1500 X82.8 Y95.089 E916.62463
G1 F1327.4 X82.748 Y94.607 E916.64285
G1 F1075.3 X82.695 Y94.125 E916.66534
G1 F1188.1 X82.15 Y94.586 E916.69532
G1 F1500 X81.902 Y94.649 E916.70383
G1 F1373 X81.263 Y94.477 E916.72787
G1 X81.658 Y95.23 E916.75877
G1 F1500 X82.346 Y96.424 E916.80461
G1 X82.8 Y96.424 E916.81971
G1 F2700 E911.81971
G0 F9000 X82.52 Y96.146
G0 X82.962 Y80.062
G0 X92.038 Y80.062
G0 X92.305 Y94.125
G1 F2700 E916.81971
G1 F991.7 X92.3 Y80.5 E917.50512
G0 F9000 X91.967 Y79.585
G1 F1284.8 X91.967 Y79.005 E917.52765
G1 F1282.1 X83.034 Y79.006 E917.87527
G1 X83.034 Y79.585 E917.8978
G1 X83.291 Y79.471 E917.90874
G1 X91.709 Y79.471 E918.23632
G1 F1284.8 X91.967 Y79.585 E918.24728
G0 F9000 X92.3 Y80.5
G1 F1200 X92.4 Y79.869 E918.27384
G1 F1500 X92.4 Y78.572 E918.31697
G1 X82.6 Y78.572 E918.64292
G1 X82.6 Y79.869 E918.68606
G1 F1200 X82.7 Y80.5 E918.71262
G1 X83.002 Y80.05 E918.73516
G1 F1500 X83.337 Y79.903 E918.74732
G1 X91.663 Y79.902 E919.02425
G1 X91.998 Y80.05 E919.03643
G1 F1200 X92.3 Y80.5 E919.05896
G0 F9000 X92.559 Y94.839
G0 X93.215 Y95.013
G0 X97.376 Y88.148
G1 F1229.5 X95.584 Y91.265 E919.20485
G1 F1271.2 X93.793 Y94.382 E919.34594
G0 F9000 X92.578 Y95.794
G1 F1694.9 X93.025 Y95.021 E919.37222
G1 X92.752 Y94.95 E919.38053
G1 X92.578 Y94.76 E919.38811
G1 X92.578 Y95.794 E919.41855
G0 F9000 X92.649 Y96.424
G1 F1500 X93.336 Y95.235 E919.46422
G1 F1388.9 X93.793 Y94.382 E919.49898
G1 X93.091 Y94.649 E919.52596
G1 F1500 X92.847 Y94.585 E919.53435
G1 F1188.1 X92.305 Y94.125 E919.5642
G1 F1075.3 X92.253 Y94.605 E919.5866
G1 F1327.4 X92.201 Y95.085 E919.60475
G1 F1500 X92.2 Y96.424 E919.64928
G1 X92.649 Y96.424 E919.66422
G0 F9000 X92.88 Y96.824
;TYPE:WALL-OUTER
G1 F1500 X98.151 Y87.701 E920.01465
G1 X97.117 Y87.7 E920.04905
G1 X93.418 Y94.168 E920.29687
G1 X93.193 Y94.262 E920.30498
G1 X92.949 Y94.198 E920.31337
G1 X92.802 Y94.039 E920.32057
G1 X92.8 Y78.172 E920.84831
G1 X82.2 Y78.172 E921.20087
G1 X82.198 Y94.039 E921.7286
G1 X82.05 Y94.198 E921.73583
G1 X81.802 Y94.262 E921.74435
G1 X81.598 Y94.197 E921.75147
G1 X77.88 Y87.7 E922.00044
G1 X76.848 Y87.7 E922.03477
G1 X82.116 Y96.824 E922.38518
G1 X83.2 Y96.824 E922.42124
G1 X83.2 Y80.5 E922.96417
G1 X83.267 Y80.35 E922.96964
G1 X83.379 Y80.301 E922.9737
G1 X91.621 Y80.3 E923.24783
G1 X91.733 Y80.35 E923.25191
G1 X91.8 Y80.5 E923.25738
G1 X91.8 Y96.824 E923.80032
G1 X92.88 Y96.824 E923.83624
G1 F2700 E918.83624
;MESH:batclipholder.stl
G0 F9000 X92.713 Y96.53
G0 X92.024 Y96.602
G0 X92.024 Y97.691
G0 X92.024 Y137.309
G0 X92.024 Y138.404
G0 X91.967 Y139.585
;TYPE:WALL-INNER
G1 F2700 E923.83624
G1 F1284.8 X91.967 Y139.005 E923.85876
G1 F1282.1 X83.034 Y139.006 E924.20638
G1 X83.034 Y139.585 E924.22891
G1 X83.291 Y139.471 E924.23985
G1 X91.709 Y139.471 E924.56743
G1 F1284.8 X91.967 Y139.585 E924.57839
G0 F9000 X92.3 Y140.5
G1 F1200 X92.4 Y139.869 E924.60495
G1 F1500 X92.4 Y138.572 E924.64809
G1 X82.6 Y138.572 E924.97404
G1 X82.6 Y139.869 E925.01718
G1 F1200 X82.7 Y140.5 E925.04374
G1 X83.002 Y140.05 E925.06627
G1 F1500 X83.337 Y139.903 E925.07844
G1 X91.663 Y139.902 E925.35536
G1 X91.998 Y140.05 E925.36754
G1 F1200 X92.3 Y140.5 E925.39007
G1 F991.7 X92.305 Y154.125 E926.07549
G0 F9000 X92.559 Y154.839
G0 X93.215 Y155.013
G0 X93.793 Y154.382
G1 F1271.2 X95.584 Y151.265 E926.21658
G1 F1229.5 X97.376 Y148.148 E926.36247
G0 F9000 X93.215 Y155.013
G0 X92.578 Y155.794
G1 F1694.9 X93.025 Y155.021 E926.38876
G1 X92.752 Y154.95 E926.39706
G1 X92.578 Y154.76 E926.40464
G1 X92.578 Y155.794 E926.43508
G0 F9000 X92.649 Y156.424
G1 F1500 X93.336 Y155.235 E926.48075
G1 F1388.9 X93.793 Y154.382 E926.51551
G1 X93.091 Y154.649 E926.54249
G1 F1500 X92.847 Y154.585 E926.55088
G1 F1188.1 X92.305 Y154.125 E926.58073
G1 F1075.3 X92.253 Y154.605 E926.60313
G1 F1327.4 X92.201 Y155.085 E926.62128
G1 F1500 X92.2 Y156.424 E926.66581
G1 X92.649 Y156.424 E926.68075
G1 F2700 E921.68075
G0 F9000 X92.483 Y156.13
G0 X92.038 Y140.062
G0 X82.962 Y140.062
G0 X82.695 Y154.125
G1 F2700 E926.68075
G1 F991.7 X82.7 Y140.5 E927.36617
G0 F9000 X82.441 Y154.839
G0 X81.785 Y155.013
G0 X77.621 Y148.146
G1 F1239.7 X81.263 Y154.477 E927.66011
G0 F9000 X82.422 Y155.799
G1 F1685.4 X82.422 Y154.76 E927.69086
G1 X82.245 Y154.952 E927.69859
G1 X81.973 Y155.021 E927.7069
G1 X82.422 Y155.799 E927.73349
G0 F9000 X82.8 Y156.424
G1 F1500 X82.8 Y155.089 E927.77789
G1 F1327.4 X82.748 Y154.607 E927.79611
G1 F1075.3 X82.695 Y154.125 E927.81861
G1 F1188.1 X82.15 Y154.586 E927.84859
G1 F1500 X81.902 Y154.649 E927.8571
G1 F1373 X81.263 Y154.477 E927.88114
G1 X81.658 Y155.23 E927.91204
G1 F1500 X82.346 Y156.424 E927.95787
G1 X82.8 Y156.424 E927.97297
G1 F2700 E922.97297
G0 F9000 X82.52 Y156.146
G0 X82.962 Y140.062
G0 X92.038 Y140.062
G0 X92.045 Y149.385
G0 X92.713 Y156.53
G0 X92.88 Y156.824
;TYPE:WALL-OUTER
G1 F2700 E927.97297
G1 F1500 X98.151 Y147.701 E928.32341
G1 X97.117 Y147.7 E928.3578
G1 X93.418 Y154.168 E928.60562
G1 X93.193 Y154.262 E928.61373
G1 X92.949 Y154.198 E928.62212
G1 X92.802 Y154.039 E928.62933
G1 X92.8 Y138.172 E929.15706
G1 X82.2 Y138.172 E929.50962
G1 X82.198 Y154.039 E930.03736
G1 X82.05 Y154.198 E930.04459
G1 X81.802 Y154.262 E930.0531
G1 X81.598 Y154.197 E930.06023
G1 X77.88 Y147.7 E930.3092
G1 X76.848 Y147.7 E930.34352
G1 X82.116 Y156.824 E930.69394
G1 X83.2 Y156.824 E930.72999
G1 X83.2 Y140.5 E931.27293
G1 X83.267 Y140.35 E931.27839
G1 X83.379 Y140.301 E931.28246
G1 X91.621 Y140.3 E931.55659
G1 X91.733 Y140.35 E931.56067
G1 X91.8 Y140.5 E931.56613
G1 X91.8 Y156.824 E932.10907
G1 X92.88 Y156.824 E932.14499
G1 F2700 E927.14499
;MESH:batclipholder.stl(3)
G0 F9000 X92.713 Y156.53
G0 X97.773 Y147.92
G0 X98.712 Y148.462
G0 X136.289 Y148.463
G0 X137.621 Y148.146
;TYPE:WALL-INNER
G1 F2700 E932.14499
G1 F1239.7 X141.263 Y154.477 E932.43893
G0 F9000 X141.785 Y155.013
G0 X142.441 Y154.839
G0 X142.695 Y154.125
G1 F991.7 X142.7 Y140.5 E933.12435
G0 F9000 X143.034 Y139.585
G1 F1282.1 X143.291 Y139.471 E933.13529
G1 X151.709 Y139.471 E933.46287
G1 F1284.8 X151.967 Y139.585 E933.47383
G1 X151.967 Y139.005 E933.49635
G1 F1282.1 X143.034 Y139.006 E933.84397
G1 X143.034 Y139.585 E933.8665
G0 F9000 X142.7 Y140.5
G1 F1200 X143.002 Y140.05 E933.88903
G1 F1500 X143.337 Y139.903 E933.9012
G1 X151.663 Y139.902 E934.17813
G1 X151.998 Y140.05 E934.19031
G1 F1200 X152.3 Y140.5 E934.21284
G1 X152.4 Y139.869 E934.2394
G1 F1500 X152.4 Y138.572 E934.28254
G1 X142.6 Y138.572 E934.60849
G1 X142.6 Y139.869 E934.65163
G1 F1200 X142.7 Y140.5 E934.67819
G0 F9000 X142.962 Y140.062
G0 X152.038 Y140.062
G0 X152.3 Y140.5
G1 F991.7 X152.305 Y154.125 E935.36361
G0 F9000 X152.559 Y154.839
G0 X153.215 Y155.013
G0 X153.793 Y154.382
G1 F1271.2 X155.584 Y151.265 E935.5047
G1 F1229.5 X157.376 Y148.148 E935.65059
G0 F9000 X153.215 Y155.013
G0 X152.578 Y155.794
G1 F1694.9 X153.025 Y155.021 E935.67687
G1 X152.752 Y154.95 E935.68517
G1 X152.578 Y154.76 E935.69276
G1 X152.578 Y155.794 E935.72319
G0 F9000 X152.2 Y156.424
G1 F1500 X152.649 Y156.424 E935.73813
G1 X153.336 Y155.235 E935.7838
G1 F1388.9 X153.793 Y154.382 E935.81856
G1 X153.091 Y154.649 E935.84554
G1 F1500 X152.847 Y154.585 E935.85393
G1 F1188.1 X152.305 Y154.125 E935.88378
G1 F1075.3 X152.253 Y154.605 E935.90618
G1 F1327.4 X152.201 Y155.085 E935.92433
G1 F1500 X152.2 Y156.424 E935.96886
G1 F2700 E930.96886
G0 F9000 X152.48 Y156.146
G0 X152.038 Y140.062
G0 X142.962 Y140.062
G0 X142.422 Y155.799
G1 F2700 E935.96886
G1 F1685.4 X142.422 Y154.76 E935.99962
G1 X142.245 Y154.952 E936.00735
G1 X141.973 Y155.021 E936.01566
G1 X142.422 Y155.799 E936.04225
G0 F9000 X142.346 Y156.424
G1 F1500 X142.8 Y156.424 E936.05735
G1 X142.8 Y155.089 E936.10175
G1 F1327.4 X142.748 Y154.607 E936.11997
G1 F1075.3 X142.695 Y154.125 E936.14247
G1 F1188.1 X142.15 Y154.586 E936.17244
G1 F1500 X141.902 Y154.649 E936.18095
G1 F1373 X141.263 Y154.477 E936.205
G1 X141.658 Y155.23 E936.2359
G1 F1500 X142.346 Y156.424 E936.28173
G0 F9000 X142.116 Y156.824
;TYPE:WALL-OUTER
G1 F1500 X143.2 Y156.824 E936.31778
G1 X143.2 Y140.5 E936.86072
G1 X143.267 Y140.35 E936.86619
G1 X143.379 Y140.301 E936.87025
G1 X151.621 Y140.3 E937.14438
G1 X151.733 Y140.35 E937.14846
G1 X151.8 Y140.5 E937.15393
G1 X151.8 Y156.824 E937.69686
G1 X152.88 Y156.824 E937.73279
G1 X158.151 Y147.701 E938.08322
G1 X157.117 Y147.7 E938.11761
G1 X153.418 Y154.168 E938.36544
G1 X153.193 Y154.262 E938.37355
G1 X152.949 Y154.198 E938.38194
G1 X152.802 Y154.039 E938.38914
G1 X152.8 Y138.172 E938.91688
G1 X142.2 Y138.172 E939.26943
G1 X142.198 Y154.039 E939.79717
G1 X142.05 Y154.198 E939.8044
G1 X141.802 Y154.262 E939.81292
G1 X141.598 Y154.197 E939.82004
G1 X137.88 Y147.7 E940.06901
G1 X136.848 Y147.7 E940.10333
G1 X142.116 Y156.824 E940.45375
G1 F2700 E935.45375
;MESH:batclipholder.stl(2)
G0 F9000 X142.287 Y156.53
G0 X142.412 Y155.16
G0 X142.424 Y138.398
G0 X142.424 Y137.309
G0 X142.424 Y97.691
G0 X142.424 Y96.596
G0 X142.422 Y95.799
;TYPE:WALL-INNER
G1 F2700 E940.45375
G1 F1685.4 X142.422 Y94.76 E940.48451
G1 X142.245 Y94.952 E940.49224
G1 X141.973 Y95.021 E940.50054
G1 X142.422 Y95.799 E940.52713
G0 F9000 X142.346 Y96.424
G1 F1500 X142.8 Y96.424 E940.54223
G1 X142.8 Y95.089 E940.58664
G1 F1327.4 X142.748 Y94.607 E940.60486
G1 F1075.3 X142.695 Y94.125 E940.62735
G1 F1188.1 X142.15 Y94.586 E940.65733
G1 F1500 X141.902 Y94.649 E940.66584
G1 F1373 X141.263 Y94.477 E940.68988
G1 X141.658 Y95.23 E940.72078
G1 F1500 X142.346 Y96.424 E940.76662
G0 F9000 X142.517 Y96.13
G0 X141.263 Y94.477
G1 F1239.7 X137.621 Y88.146 E941.06056
G0 F9000 X141.785 Y95.013
G0 X142.441 Y94.839
G0 X142.695 Y94.125
G1 F991.7 X142.7 Y80.5 E941.74598
G0 F9000 X143.034 Y79.585
G1 F1282.1 X143.291 Y79.471 E941.75692
G1 X151.709 Y79.471 E942.0845
G1 F1284.8 X151.967 Y79.585 E942.09545
G1 X151.967 Y79.005 E942.11797
G1 F1282.1 X143.034 Y79.006 E942.46559
G1 X143.034 Y79.585 E942.48813
G0 F9000 X142.7 Y80.5
G1 F1200 X143.002 Y80.05 E942.51066
G1 F1500 X143.337 Y79.903 E942.52282
G1 X151.663 Y79.902 E942.79975
G1 X151.998 Y80.05 E942.81193
G1 F1200 X152.3 Y80.5 E942.83446
G1 X152.4 Y79.869 E942.86102
G1 F1500 X152.4 Y78.572 E942.90416
G1 X142.6 Y78.572 E943.23011
G1 X142.6 Y79.869 E943.27325
G1 F1200 X142.7 Y80.5 E943.29981
G0 F9000 X142.962 Y80.062
G0 X152.038 Y80.062
G0 X152.3 Y80.5
G1 F991.7 X152.305 Y94.125 E943.98523
G0 F9000 X152.559 Y94.839
G0 X153.215 Y95.013
G0 X153.793 Y94.382
G1 F1271.2 X155.584 Y91.265 E944.12632
G1 F1229.5 X157.376 Y88.148 E944.27221
G0 F9000 X153.215 Y95.013
G0 X152.578 Y95.794
G1 F1694.9 X153.025 Y95.021 E944.29849
G1 X152.752 Y94.95 E944.3068
G1 X152.578 Y94.76 E944.31438
G1 X152.578 Y95.794 E944.34482
G0 F9000 X152.2 Y96.424
G1 F1500 X152.649 Y96.424 E944.35975
G1 X153.336 Y95.235 E944.40542
G1 F1388.9 X153.793 Y94.382 E944.44018
G1 X153.091 Y94.649 E944.46716
G1 F1500 X152.847 Y94.585 E944.47555
G1 F1188.1 X152.305 Y94.125 E944.5054
G1 F1075.3 X152.253 Y94.605 E944.5278
G1 F1327.4 X152.201 Y95.085 E944.54595
G1 F1500 X152.2 Y96.424 E944.59049
G1 F2700 E939.59049
G0 F9000 X152.48 Y96.146
G0 X152.038 Y80.062
G0 X142.962 Y80.062
G0 X142.955 Y89.385
G0 X142.287 Y96.53
G0 X142.116 Y96.824
;TYPE:WALL-OUTER
G1 F2700 E944.59049
G1 F1500 X143.2 Y96.824 E944.62654
G1 X143.2 Y80.5 E945.16948
G1 X143.267 Y80.35 E945.17494
G1 X143.379 Y80.301 E945.17901
G1 X151.621 Y80.3 E945.45314
G1 X151.733 Y80.35 E945.45722
G1 X151.8 Y80.5 E945.46268
G1 X151.8 Y96.824 E946.00562
G1 X152.88 Y96.824 E946.04154
G1 X158.151 Y87.701 E946.39198
G1 X157.117 Y87.7 E946.42637
G1 X153.418 Y94.168 E946.67419
G1 X153.193 Y94.262 E946.6823
G1 X152.949 Y94.198 E946.69069
G1 X152.802 Y94.039 E946.69789
G1 X152.8 Y78.172 E947.22563
G1 X142.2 Y78.172 E947.57819
G1 X142.198 Y94.039 E948.10593
G1 X142.05 Y94.198 E948.11315
G1 X141.802 Y94.262 E948.12167
G1 X141.598 Y94.197 E948.12879
G1 X137.88 Y87.7 E948.37777
G1 X136.848 Y87.7 E948.41209
G1 X142.116 Y96.824 E948.76251
G1 F2700 E943.76251
;MESH:NONMESH
G0 F300 X142.116 Y96.824 Z3.8
G0 F9000 X142.287 Y96.53
G0 X137.227 Y87.92
G0 X136.289 Y88.463
G0 X93.38 Y97.685
G0 X90.947 Y97.679
G0 X88 Y94.46
G0 X88 Y93.329
;TIME_ELAPSED:1750.176246
;LAYER:18
;TYPE:SUPPORT
G1 F2700 E948.76251
G1 F1500 X88 Y93.794 E948.77797
G1 F2700 E943.77797
G0 F9000 X88 Y94.46
G0 X99.262 Y147.5
G0 X93.38 Y157.685
G0 X90.947 Y157.679
G0 X88 Y154.46
G0 X88 Y153.329
G1 F2700 E948.77797
G1 F1500 X88 Y153.794 E948.79344
G1 F2700 E943.79344
G0 F9000 X88 Y154.46
G0 X90.947 Y157.679
G0 X144.053 Y157.679
G0 X148 Y154.46
G0 X148 Y153.794
G1 F2700 E948.79344
G1 F1500 X148 Y153.329 E948.8089
G1 F2700 E943.8089
G0 F9000 X148 Y154.46
G0 X150.947 Y157.679
G0 X153.38 Y157.685
G0 X159.262 Y147.5
G0 X148 Y94.46
G0 X148 Y93.794
G1 F2700 E948.8089
G1 F1500 X148 Y93.329 E948.82437
G0 F9000 X147.653 Y93.329
;TYPE:SUPPORT-INTERFACE
G1 F1500 X150.8 Y90.182 E948.9724
G0 F9000 X150.8 Y89.706
G1 F1500 X144.2 Y83.106 E949.28284
G1 X144.2 Y83.205
G1 X146.106 Y81.3 E949.37247
G0 F9000 X145.788 Y81.3
G1 F1500 X150.8 Y86.312 E949.60822
G0 F9000 X150.8 Y86.788
G1 F1500 X144.259 Y93.329 E949.91589
G1 F2700 E944.91589
G0 F9000 X144.2 Y89.993
G1 F2700 E949.91589
G1 F1500 X150.8 Y83.394 E950.22631
G0 F9000 X150.8 Y82.917
G1 F1500 X149.183 Y81.3 E950.30236
G0 F9000 X149.5 Y81.3
G1 F1500 X144.2 Y86.599 E950.55164
G1 X144.2 Y86.5
G1 X150.8 Y93.1 E950.86208
G1 F2700 E945.86208
G0 F9000 X150.8 Y94.46
G0 X147.635 Y94.46
G0 X147.635 Y93.329
G1 F2700 E950.86208
G1 F1500 X144.2 Y89.894 E951.02365
G1 F2700 E946.02365
G0 F9000 X141.335 Y89.894
G0 X138.383 Y86.841
G0 X136.12 Y86.841
G0 X135.738 Y87.5
G0 X141.335 Y141.3
G0 X144.694 Y141.3
G1 F2700 E951.02365
G1 F1500 X150.8 Y147.406 E951.31086
G0 F9000 X150.8 Y147.881
G1 F1500 X145.353 Y153.329 E951.56709
G0 F9000 X146.541 Y153.329
G1 F1500 X144.2 Y150.989 E951.67718
G1 X144.2 Y151.088
G1 X150.8 Y144.487 E951.98765
G0 F9000 X150.8 Y144.012
G1 F1500 X148.088 Y141.3 E952.11522
G0 F9000 X147.2 Y141.3
G1 F1500 X144.2 Y144.299 E952.2563
G1 X144.2 Y144.2
G1 X150.8 Y150.8 E952.56675
G0 F9000 X150.8 Y151.276
G1 F1500 X148.747 Y153.329 E952.66331
G0 F9000 X149.935 Y153.329
G1 F1500 X144.2 Y147.594 E952.93307
G1 X144.2 Y147.693
G1 X150.594 Y141.3 E953.2338
G1 F2700 E948.2338
G0 F9000 X153.665 Y141.3
G0 X153.653 Y137.321
G0 X141.347 Y137.321
G0 X93.665 Y141.711
G0 X90.8 Y141.711
G1 F2700 E953.2338
G1 F1500 X90.389 Y141.3 E953.25313
G0 F9000 X89.5 Y141.3
G1 F1500 X84.2 Y146.599 E953.50241
G0 F9000 X84.199 Y145.293
G1 F1500 X90.8 Y151.894 E953.8129
G1 F2700 E948.8129
G0 F9000 X90.8 Y150.182
G1 F2700 E953.8129
G1 F1500 X87.653 Y153.329 E953.96092
G0 F9000 X88.841 Y153.329
G1 F1500 X84.199 Y148.688 E954.17924
G0 F9000 X84.2 Y149.994
G1 F1500 X90.8 Y143.394 E954.48969
G1 F2700 E949.48969
G0 F9000 X90.8 Y145.105
G1 F2700 E954.48969
G1 F1500 X86.995 Y141.3 E954.66866
G0 F9000 X86.106 Y141.3
G1 F1500 X84.2 Y143.205 E954.75829
G0 F9000 X84.199 Y141.899
G1 F1500 X90.8 Y148.499 E955.06876
G1 F2700 E950.06876
G0 F9000 X90.8 Y146.788
G1 F2700 E955.06876
G1 F1500 X84.259 Y153.329 E955.37643
G0 F9000 X85.447 Y153.329
G1 F1500 X84.199 Y152.082 E955.43511
G1 F2700 E950.43511
G0 F9000 X86.541 Y93.329
G1 F2700 E955.43511
G1 F1500 X84.2 Y90.988 E955.54522
G0 F9000 X84.2 Y92.294
G1 F1500 X90.8 Y85.694 E955.85566
G1 F2700 E950.85566
G0 F9000 X90.8 Y84.012
G1 F2700 E955.85566
G1 F1500 X88.088 Y81.3 E955.98323
G0 F9000 X88.406 Y81.3
G1 F1500 X84.2 Y85.505 E956.18104
G0 F9000 X84.2 Y84.2
G1 F1500 X90.8 Y90.8 E956.49148
G1 F2700 E951.49148
G0 F9000 X90.8 Y92.482
G1 F2700 E956.49148
G1 F1500 X89.953 Y93.329 E956.53133
G1 X89.935 Y93.329
G1 X84.2 Y87.594 E956.80108
G0 F9000 X84.2 Y88.9
G1 F1500 X90.8 Y82.299 E957.11155
G1 F2700 E952.11155
G0 F9000 X90.8 Y87.406
G1 F2700 E957.11155
G1 F1500 X84.694 Y81.3 E957.39876
G0 F9000 X85.012 Y81.3
G1 F1500 X84.2 Y82.111 E957.43693
G1 F2700 E952.43693
G0 F9000 X81.335 Y82.111
G0 X81.347 Y77.321
G0 X93.653 Y77.321
G0 X93.665 Y89.088
G0 X90.8 Y89.088
G1 F2700 E957.43693
G1 F1500 X86.559 Y93.329 E957.63641
G1 F2700 E952.63641
;MESH:batclipholder.stl(1)
G0 F9000 X86.559 Y94.46
G0 X84.053 Y94.447
G0 X82.695 Y94.125
;TYPE:WALL-INNER
G1 F2700 E957.63641
G1 F991.7 X82.7 Y80.5 E958.32183
G0 F9000 X82.441 Y94.839
G0 X81.785 Y95.013
G0 X77.621 Y88.146
G1 F1239.7 X81.263 Y94.477 E958.61577
G0 F9000 X82.422 Y95.799
G1 F1685.4 X82.422 Y94.76 E958.64653
G1 X82.245 Y94.952 E958.65426
G1 X81.973 Y95.021 E958.66256
G1 X82.422 Y95.799 E958.68915
G0 F9000 X82.8 Y96.424
G1 F1500 X82.8 Y95.089 E958.73355
G1 F1327.4 X82.748 Y94.607 E958.75178
G1 F1075.3 X82.695 Y94.125 E958.77427
G1 F1188.1 X82.15 Y94.586 E958.80425
G1 F1500 X81.902 Y94.649 E958.81276
G1 F1373 X81.263 Y94.477 E958.8368
G1 X81.658 Y95.23 E958.8677
G1 F1500 X82.346 Y96.424 E958.91354
G1 X82.8 Y96.424 E958.92864
G1 F2700 E953.92864
G0 F9000 X82.52 Y96.146
G0 X82.962 Y80.062
G0 X92.038 Y80.062
G0 X92.305 Y94.125
G1 F2700 E958.92864
G1 F991.7 X92.3 Y80.5 E959.61405
G0 F9000 X91.967 Y79.585
G1 F1284.8 X91.967 Y79.005 E959.63658
G1 F1282.1 X83.034 Y79.006 E959.9842
G1 X83.034 Y79.585 E960.00673
G1 X83.291 Y79.471 E960.01767
G1 X91.709 Y79.471 E960.34525
G1 F1284.8 X91.967 Y79.585 E960.3562
G0 F9000 X92.3 Y80.5
G1 F1200 X92.4 Y79.869 E960.38277
G1 F1500 X92.4 Y78.572 E960.4259
G1 X82.6 Y78.572 E960.75185
G1 X82.6 Y79.869 E960.79499
G1 F1200 X82.7 Y80.5 E960.82155
G1 X83.002 Y80.05 E960.84408
G1 F1500 X83.337 Y79.903 E960.85625
G1 X91.663 Y79.902 E961.13318
G1 X91.998 Y80.05 E961.14536
G1 F1200 X92.3 Y80.5 E961.16789
G0 F9000 X92.559 Y94.839
G0 X93.215 Y95.013
G0 X97.376 Y88.148
G1 F1229.5 X95.584 Y91.265 E961.31378
G1 F1271.2 X93.793 Y94.382 E961.45487
G0 F9000 X92.578 Y95.794
G1 F1694.9 X93.025 Y95.021 E961.48115
G1 X92.752 Y94.95 E961.48946
G1 X92.578 Y94.76 E961.49704
G1 X92.578 Y95.794 E961.52748
G0 F9000 X92.649 Y96.424
G1 F1500 X93.336 Y95.235 E961.57315
G1 F1388.9 X93.793 Y94.382 E961.60791
G1 X93.091 Y94.649 E961.63489
G1 F1500 X92.847 Y94.585 E961.64328
G1 F1188.1 X92.305 Y94.125 E961.67313
G1 F1075.3 X92.253 Y94.605 E961.69553
G1 F1327.4 X92.201 Y95.085 E961.71368
G1 F1500 X92.2 Y96.424 E961.75821
G1 X92.649 Y96.424 E961.77315
G0 F9000 X92.88 Y96.824
;TYPE:WALL-OUTER
G1 F1500 X98.151 Y87.701 E962.12358
G1 X97.117 Y87.7 E962.15797
G1 X93.418 Y94.168 E962.4058
G1 X93.193 Y94.262 E962.41391
G1 X92.949 Y94.198 E962.4223
G1 X92.802 Y94.039 E962.4295
G1 X92.8 Y78.172 E962.95724
G1 X82.2 Y78.172 E963.3098
G1 X82.198 Y94.039 E963.83753
G1 X82.05 Y94.198 E963.84476
G1 X81.802 Y94.262 E963.85328
G1 X81.598 Y94.197 E963.8604
G1 X77.88 Y87.7 E964.10937
G1 X76.848 Y87.7 E964.1437
G1 X82.116 Y96.824 E964.49411
G1 X83.2 Y96.824 E964.53017
G1 X83.2 Y80.5 E965.0731
G1 X83.267 Y80.35 E965.07857
G1 X83.379 Y80.301 E965.08263
G1 X91.621 Y80.3 E965.35676
G1 X91.733 Y80.35 E965.36084
G1 X91.8 Y80.5 E965.36631
G1 X91.8 Y96.824 E965.90925
G1 X92.88 Y96.824 E965.94517
G1 F2700 E960.94517
;MESH:batclipholder.stl
G0 F9000 X92.713 Y96.53
G0 X92.024 Y96.602
G0 X92.024 Y97.691
G0 X92.024 Y137.309
G0 X92.024 Y138.404
G0 X91.967 Y139.585
;TYPE:WALL-INNER
G1 F2700 E965.94517
G1 F1284.8 X91.967 Y139.005 E965.96769
G1 F1282.1 X83.034 Y139.006 E966.31531
G1 X83.034 Y139.585 E966.33784
G1 X83.291 Y139.471 E966.34878
G1 X91.709 Y139.471 E966.67636
G1 F1284.8 X91.967 Y139.585 E966.68732
G0 F9000 X92.3 Y140.5
G1 F1200 X92.4 Y139.869 E966.71388
G1 F1500 X92.4 Y138.572 E966.75702
G1 X82.6 Y138.572 E967.08297
G1 X82.6 Y139.869 E967.1261
G1 F1200 X82.7 Y140.5 E967.15267
G1 X83.002 Y140.05 E967.1752
G1 F1500 X83.337 Y139.903 E967.18737
G1 X91.663 Y139.902 E967.46429
G1 X91.998 Y140.05 E967.47647
G1 F1200 X92.3 Y140.5 E967.499
G1 F991.7 X92.305 Y154.125 E968.18442
G0 F9000 X92.559 Y154.839
G0 X93.215 Y155.013
G0 X93.793 Y154.382
G1 F1271.2 X95.584 Y151.265 E968.32551
G1 F1229.5 X97.376 Y148.148 E968.4714
G0 F9000 X93.215 Y155.013
G0 X92.578 Y155.794
G1 F1694.9 X93.025 Y155.021 E968.49769
G1 X92.752 Y154.95 E968.50599
G1 X92.578 Y154.76 E968.51357
G1 X92.578 Y155.794 E968.54401
G0 F9000 X92.649 Y156.424
G1 F1500 X93.336 Y155.235 E968.58968
G1 F1388.9 X93.793 Y154.382 E968.62444
G1 X93.091 Y154.649 E968.65142
G1 F1500 X92.847 Y154.585 E968.65981
G1 F1188.1 X92.305 Y154.125 E968.68966
G1 F1075.3 X92.253 Y154.605 E968.71206
G1 F1327.4 X92.201 Y155.085 E968.73021
G1 F1500 X92.2 Y156.424 E968.77474
G1 X92.649 Y156.424 E968.78968
G1 F2700 E963.78968
G0 F9000 X92.483 Y156.13
G0 X92.038 Y140.062
G0 X82.962 Y140.062
G0 X82.695 Y154.125
G1 F2700 E968.78968
G1 F991.7 X82.7 Y140.5 E969.4751
G0 F9000 X82.441 Y154.839
G0 X81.785 Y155.013
G0 X77.621 Y148.146
G1 F1239.7 X81.263 Y154.477 E969.76904
G0 F9000 X82.422 Y155.799
G1 F1685.4 X82.422 Y154.76 E969.79979
G1 X82.245 Y154.952 E969.80752
G1 X81.973 Y155.021 E969.81583
G1 X82.422 Y155.799 E969.84242
G0 F9000 X82.8 Y156.424
G1 F1500 X82.8 Y155.089 E969.88682
G1 F1327.4 X82.748 Y154.607 E969.90504
G1 F1075.3 X82.695 Y154.125 E969.92754
G1 F1188.1 X82.15 Y154.586 E969.95752
G1 F1500 X81.902 Y154.649 E969.96603
G1 F1373 X81.263 Y154.477 E969.99007
G1 X81.658 Y155.23 E970.02097
G1 F1500 X82.346 Y156.424 E970.0668
G1 X82.8 Y156.424 E970.0819
G1 F2700 E965.0819
G0 F9000 X82.52 Y156.146
G0 X82.962 Y140.062
G0 X92.038 Y140.062
G0 X92.045 Y149.385
G0 X92.713 Y156.53
G0 X92.88 Y156.824
;TYPE:WALL-OUTER
G1 F2700 E970.0819
G1 F1500 X98.151 Y147.701 E970.43234
G1 X97.117 Y147.7 E970.46673
G1 X93.418 Y154.168 E970.71455
G1 X93.193 Y154.262 E970.72266
G1 X92.949 Y154.198 E970.73105
G1 X92.802 Y154.039 E970.73826
G1 X92.8 Y138.172 E971.26599
G1 X82.2 Y138.172 E971.61855
G1 X82.198 Y154.039 E972.14629
G1 X82.05 Y154.198 E972.15351
G1 X81.802 Y154.262 E972.16203
G1 X81.598 Y154.197 E972.16915
G1 X77.88 Y147.7 E972.41813
G1 X76.848 Y147.7 E972.45245
G1 X82.116 Y156.824 E972.80287
G1 X83.2 Y156.824 E972.83892
G1 X83.2 Y140.5 E973.38186
G1 X83.267 Y140.35 E973.38732
G1 X83.379 Y140.301 E973.39139
G1 X91.621 Y140.3 E973.66552
G1 X91.733 Y140.35 E973.6696
G1 X91.8 Y140.5 E973.67506
G1 X91.8 Y156.824 E974.218
G1 X92.88 Y156.824 E974.25392
G1 F2700 E969.25392
;MESH:batclipholder.stl(3)
G0 F9000 X92.713 Y156.53
G0 X97.773 Y147.92
G0 X98.712 Y148.462
G0 X136.289 Y148.463
G0 X137.621 Y148.146
;TYPE:WALL-INNER
G1 F2700 E974.25392
G1 F1239.7 X141.263 Y154.477 E974.54786
G0 F9000 X141.785 Y155.013
G0 X142.441 Y154.839
G0 X142.695 Y154.125
G1 F991.7 X142.7 Y140.5 E975.23328
G0 F9000 X143.034 Y139.585
G1 F1282.1 X143.291 Y139.471 E975.24422
G1 X151.709 Y139.471 E975.5718
G1 F1284.8 X151.967 Y139.585 E975.58276
G1 X151.967 Y139.005 E975.60528
G1 F1282.1 X143.034 Y139.006 E975.9529
G1 X143.034 Y139.585 E975.97543
G0 F9000 X142.7 Y140.5
G1 F1200 X143.002 Y140.05 E975.99796
G1 F1500 X143.337 Y139.903 E976.01013
G1 X151.663 Y139.902 E976.28706
G1 X151.998 Y140.05 E976.29924
G1 F1200 X152.3 Y140.5 E976.32177
G1 X152.4 Y139.869 E976.34833
G1 F1500 X152.4 Y138.572 E976.39147
G1 X142.6 Y138.572 E976.71742
G1 X142.6 Y139.869 E976.76056
G1 F1200 X142.7 Y140.5 E976.78712
G0 F9000 X142.962 Y140.062
G0 X152.038 Y140.062
G0 X152.3 Y140.5
G1 F991.7 X152.305 Y154.125 E977.47254
G0 F9000 X152.559 Y154.839
G0 X153.215 Y155.013
G0 X153.793 Y154.382
G1 F1271.2 X155.584 Y151.265 E977.61362
G1 F1229.5 X157.376 Y148.148 E977.75952
G0 F9000 X153.215 Y155.013
G0 X152.578 Y155.794
G1 F1694.9 X153.025 Y155.021 E977.7858
G1 X152.752 Y154.95 E977.7941
G1 X152.578 Y154.76 E977.80169
G1 X152.578 Y155.794 E977.83212
G0 F9000 X152.2 Y156.424
G1 F1500 X152.649 Y156.424 E977.84706
G1 X153.336 Y155.235 E977.89273
G1 F1388.9 X153.793 Y154.382 E977.92749
G1 X153.091 Y154.649 E977.95447
G1 F1500 X152.847 Y154.585 E977.96286
G1 F1188.1 X152.305 Y154.125 E977.99271
G1 F1075.3 X152.253 Y154.605 E978.01511
G1 F1327.4 X152.201 Y155.085 E978.03326
G1 F1500 X152.2 Y156.424 E978.07779
G1 F2700 E973.07779
G0 F9000 X152.48 Y156.146
G0 X152.038 Y140.062
G0 X142.962 Y140.062
G0 X142.422 Y155.799
G1 F2700 E978.07779
G1 F1685.4 X142.422 Y154.76 E978.10855
G1 X142.245 Y154.952 E978.11628
G1 X141.973 Y155.021 E978.12459
G1 X142.422 Y155.799 E978.15118
G0 F9000 X142.346 Y156.424
G1 F1500 X142.8 Y156.424 E978.16628
G1 X142.8 Y155.089 E978.21068
G1 F1327.4 X142.748 Y154.607 E978.2289
G1 F1075.3 X142.695 Y154.125 E978.2514
G1 F1188.1 X142.15 Y154.586 E978.28137
G1 F1500 X141.902 Y154.649 E978.28988
G1 F1373 X141.263 Y154.477 E978.31393
G1 X141.658 Y155.23 E978.34483
G1 F1500 X142.346 Y156.424 E978.39066
G0 F9000 X142.116 Y156.824
;TYPE:WALL-OUTER
G1 F1500 X143.2 Y156.824 E978.42671
G1 X143.2 Y140.5 E978.96965
G1 X143.267 Y140.35 E978.97512
G1 X143.379 Y140.301 E978.97918
G1 X151.621 Y140.3 E979.25331
G1 X151.733 Y140.35 E979.25739
G1 X151.8 Y140.5 E979.26286
G1 X151.8 Y156.824 E979.80579
G1 X152.88 Y156.824 E979.84171
G1 X158.151 Y147.701 E980.19215
G1 X157.117 Y147.7 E980.22654
G1 X153.418 Y154.168 E980.47436
G1 X153.193 Y154.262 E980.48247
G1 X152.949 Y154.198 E980.49086
G1 X152.802 Y154.039 E980.49807
G1 X152.8 Y138.172 E981.02581
G1 X142.2 Y138.172 E981.37836
G1 X142.198 Y154.039 E981.9061
G1 X142.05 Y154.198 E981.91333
G1 X141.802 Y154.262 E981.92185
G1 X141.598 Y154.197 E981.92897
G1 X137.88 Y147.7 E982.17794
G1 X136.848 Y147.7 E982.21226
G1 X142.116 Y156.824 E982.56268
G1 F2700 E977.56268
;MESH:batclipholder.stl(2)
G0 F9000 X142.287 Y156.53
G0 X142.412 Y155.16
G0 X142.424 Y138.398
G0 X142.424 Y137.309
G0 X142.424 Y97.691
G0 X142.424 Y96.596
G0 X142.422 Y95.799
;TYPE:WALL-INNER
G1 F2700 E982.56268
G1 F1685.4 X142.422 Y94.76 E982.59344
G1 X142.245 Y94.952 E982.60117
G1 X141.973 Y95.021 E982.60947
G1 X142.422 Y95.799 E982.63606
G0 F9000 X142.346 Y96.424
G1 F1500 X142.8 Y96.424 E982.65116
G1 X142.8 Y95.089 E982.69556
G1 F1327.4 X142.748 Y94.607 E982.71379
G1 F1075.3 X142.695 Y94.125 E982.73628
G1 F1188.1 X142.15 Y94.586 E982.76626
G1 F1500 X141.902 Y94.649 E982.77477
G1 F1373 X141.263 Y94.477 E982.79881
G1 X141.658 Y95.23 E982.82971
G1 F1500 X142.346 Y96.424 E982.87555
G0 F9000 X142.517 Y96.13
G0 X141.263 Y94.477
G1 F1239.7 X137.621 Y88.146 E983.16949
G0 F9000 X141.785 Y95.013
G0 X142.441 Y94.839
G0 X142.695 Y94.125
G1 F991.7 X142.7 Y80.5 E983.8549
G0 F9000 X143.034 Y79.585
G1 F1282.1 X143.291 Y79.471 E983.86585
G1 X151.709 Y79.471 E984.19343
G1 F1284.8 X151.967 Y79.585 E984.20438
G1 X151.967 Y79.005 E984.2269
G1 F1282.1 X143.034 Y79.006 E984.57452
G1 X143.034 Y79.585 E984.59705
G0 F9000 X142.7 Y80.5
G1 F1200 X143.002 Y80.05 E984.61959
G1 F1500 X143.337 Y79.903 E984.63175
G1 X151.663 Y79.902 E984.90868
G1 X151.998 Y80.05 E984.92086
G1 F1200 X152.3 Y80.5 E984.94339
G1 X152.4 Y79.869 E984.96995
G1 F1500 X152.4 Y78.572 E985.01309
G1 X142.6 Y78.572 E985.33904
G1 X142.6 Y79.869 E985.38218
G1 F1200 X142.7 Y80.5 E985.40874
G0 F9000 X142.962 Y80.062
G0 X152.038 Y80.062
G0 X152.3 Y80.5
G1 F991.7 X152.305 Y94.125 E986.09416
G0 F9000 X152.559 Y94.839
G0 X153.215 Y95.013
G0 X153.793 Y94.382
G1 F1271.2 X155.584 Y91.265 E986.23525
G1 F1229.5 X157.376 Y88.148 E986.38114
G0 F9000 X153.215 Y95.013
G0 X152.578 Y95.794
G1 F1694.9 X153.025 Y95.021 E986.40742
G1 X152.752 Y94.95 E986.41573
G1 X152.578 Y94.76 E986.42331
G1 X152.578 Y95.794 E986.45375
G0 F9000 X152.2 Y96.424
G1 F1500 X152.649 Y96.424 E986.46868
G1 X153.336 Y95.235 E986.51435
G1 F1388.9 X153.793 Y94.382 E986.54911
G1 X153.091 Y94.649 E986.57609
G1 F1500 X152.847 Y94.585 E986.58448
G1 F1188.1 X152.305 Y94.125 E986.61433
G1 F1075.3 X152.253 Y94.605 E986.63673
G1 F1327.4 X152.201 Y95.085 E986.65488
G1 F1500 X152.2 Y96.424 E986.69942
G1 F2700 E981.69942
G0 F9000 X152.48 Y96.146
G0 X152.038 Y80.062
G0 X142.962 Y80.062
G0 X142.955 Y89.385
G0 X142.287 Y96.53
G0 X142.116 Y96.824
;TYPE:WALL-OUTER
G1 F2700 E986.69942
G1 F1500 X143.2 Y96.824 E986.73547
G1 X143.2 Y80.5 E987.27841
G1 X143.267 Y80.35 E987.28387
G1 X143.379 Y80.301 E987.28794
G1 X151.621 Y80.3 E987.56207
G1 X151.733 Y80.35 E987.56615
G1 X151.8 Y80.5 E987.57161
G1 X151.8 Y96.824 E988.11455
G1 X152.88 Y96.824 E988.15047
G1 X158.151 Y87.701 E988.50091
G1 X157.117 Y87.7 E988.5353
G1 X153.418 Y94.168 E988.78312
G1 X153.193 Y94.262 E988.79123
G1 X152.949 Y94.198 E988.79962
G1 X152.802 Y94.039 E988.80682
G1 X152.8 Y78.172 E989.33456
G1 X142.2 Y78.172 E989.68712
G1 X142.198 Y94.039 E990.21486
G1 X142.05 Y94.198 E990.22208
G1 X141.802 Y94.262 E990.2306
G1 X141.598 Y94.197 E990.23772
G1 X137.88 Y87.7 E990.4867
G1 X136.848 Y87.7 E990.52102
G1 X142.116 Y96.824 E990.87144
G1 F2700 E985.87144
;MESH:NONMESH
G0 F300 X142.116 Y96.824 Z4
G0 F9000 X142.287 Y96.53
G0 X137.227 Y87.92
G0 X136.289 Y88.463
G0 X93.38 Y97.685
G0 X90.947 Y97.679
G0 X88 Y94.46
G0 X88 Y93.385
;TIME_ELAPSED:1838.688548
;LAYER:19
;TYPE:SUPPORT
G1 F2700 E990.87144
G1 F1500 X88 Y93.794 E990.88504
G1 F2700 E985.88504
G0 F9000 X88 Y94.46
G0 X99.262 Y147.5
G0 X93.38 Y157.685
G0 X90.947 Y157.679
G0 X88 Y154.46
G0 X88 Y153.385
G1 F2700 E990.88504
G1 F1500 X88 Y153.794 E990.89864
G1 F2700 E985.89864
G0 F9000 X88 Y154.46
G0 X90.947 Y157.679
G0 X144.053 Y157.679
G0 X148 Y154.46
G0 X148 Y153.794
G1 F2700 E990.89864
G1 F1500 X148 Y153.385 E990.91225
G1 F2700 E985.91225
G0 F9000 X148 Y154.46
G0 X150.947 Y157.679
G0 X153.38 Y157.685
G0 X159.262 Y147.5
G0 X148 Y94.46
G0 X148 Y93.794
G1 F2700 E990.91225
G1 F1500 X148 Y93.385 E990.92585
G0 F9000 X147.69 Y93.384
;TYPE:SUPPORT-INTERFACE
G1 F1500 X144.2 Y89.894 E991.09001
G1 X144.2 Y89.993
G1 X150.8 Y83.394 E991.40043
G0 F9000 X150.8 Y82.918
G1 F1500 X149.183 Y81.3 E991.47651
G0 F9000 X149.5 Y81.3
G1 F1500 X144.2 Y86.599 E991.72578
G1 X144.2 Y86.5
G1 X150.8 Y93.101 E992.03625
G1 F2700 E987.03625
G0 F9000 X150.8 Y90.182
G1 F2700 E992.03625
G1 F1500 X147.597 Y93.385 E992.18691
G1 F2700 E987.18691
G0 F9000 X147.597 Y94.46
G0 X144.296 Y94.46
G0 X144.296 Y93.384
G1 F2700 E992.18691
G1 F1500 X144.2 Y93.288 E992.19143
G1 X144.203 Y93.385
G1 X150.8 Y86.788 E992.50173
G0 F9000 X150.8 Y86.312
G1 F1500 X145.788 Y81.3 E992.73748
G0 F9000 X146.106 Y81.3
G1 F1500 X144.2 Y83.205 E992.82711
G1 X144.2 Y83.106
G1 X150.8 Y89.706 E993.13755
G1 F2700 E988.13755
G0 F9000 X153.665 Y89.706
G0 X156.617 Y86.841
G0 X158.88 Y86.841
G0 X159.262 Y87.5
G0 X153.665 Y141.3
G0 X150.594 Y141.3
G1 F2700 E993.13755
G1 F1500 X144.2 Y147.693 E993.43828
G1 X144.2 Y147.594
G1 X149.99 Y153.384 E993.71062
G0 F9000 X148.691 Y153.385
G1 F1500 X150.8 Y151.276 E993.80983
G0 F9000 X150.8 Y150.8
G1 F1500 X144.2 Y144.2 E994.12027
G1 X144.2 Y144.299
G1 X147.2 Y141.3 E994.26136
G0 F9000 X148.088 Y141.3
G1 F1500 X150.8 Y144.012 E994.38892
G0 F9000 X150.8 Y144.488
G1 F1500 X144.2 Y151.088 E994.69936
G1 X144.2 Y150.989
G1 X146.596 Y153.384 E994.81204
G0 F9000 X145.297 Y153.385
G1 F1500 X150.8 Y147.882 E995.07089
G0 F9000 X150.8 Y147.406
G1 F1500 X144.694 Y141.3 E995.35809
G1 F2700 E990.35809
G0 F9000 X141.335 Y141.3
G0 X93.665 Y141.712
G0 X90.8 Y141.712
G1 F2700 E995.35809
G1 F1500 X90.389 Y141.3 E995.37745
G0 F9000 X89.5 Y141.3
G1 F1500 X84.2 Y146.599 E995.62672
G0 F9000 X84.2 Y145.294
G1 F1500 X90.8 Y151.894 E995.93716
G1 F2700 E990.93716
G0 F9000 X90.8 Y150.182
G1 F2700 E995.93716
G1 F1500 X87.597 Y153.385 E996.08782
G0 F9000 X88.896 Y153.384
G1 F1500 X84.2 Y148.688 E996.30871
G0 F9000 X84.2 Y149.994
G1 F1500 X90.8 Y143.394 E996.61915
G1 F2700 E991.61915
G0 F9000 X90.8 Y145.106
G1 F2700 E996.61915
G1 F1500 X86.995 Y141.3 E996.79815
G0 F9000 X86.106 Y141.3
G1 F1500 X84.2 Y143.205 E996.88778
G0 F9000 X84.2 Y141.9
G1 F1500 X90.8 Y148.5 E997.19822
G1 F2700 E992.19822
G0 F9000 X90.8 Y146.788
G1 F2700 E997.19822
G1 F1500 X84.204 Y153.384 E997.50848
G0 F9000 X85.501 Y153.383
G1 F1500 X84.2 Y152.082 E997.56968
G1 F2700 E992.56968
G0 F9000 X86.503 Y93.385
G1 F2700 E997.56968
G1 F1500 X90.8 Y89.088 E997.77179
G1 F2700 E992.77179
G0 F9000 X90.8 Y87.406
G1 F2700 E997.77179
G1 F1500 X84.694 Y81.3 E998.059
G0 F9000 X85.012 Y81.3
G1 F1500 X84.2 Y82.111 E998.09717
G1 F2700 E993.09717
G0 F9000 X84.2 Y84.2
G1 F2700 E998.09717
G1 F1500 X90.8 Y90.8 E998.40761
G1 F2700 E993.40761
G0 F9000 X90.8 Y92.482
G1 F2700 E998.40761
G1 F1500 X89.897 Y93.385 E998.45009
G1 X89.99 Y93.384
G1 X84.2 Y87.594 E998.72243
G0 F9000 X84.2 Y88.9
G1 F1500 X90.8 Y82.3 E999.03288
G1 F2700 E994.03288
G0 F9000 X90.8 Y84.012
G1 F2700 E999.03288
G1 F1500 X88.088 Y81.3 E999.16044
G0 F9000 X88.406 Y81.3
G1 F1500 X84.2 Y85.505 E999.35825
G1 F2700 E994.35825
G0 F9000 X84.2 Y90.988
G1 F2700 E999.35825
G1 F1500 X86.596 Y93.384 E999.47096
G1 F2700 E994.47096
G0 F9000 X84.2 Y92.294
G1 F2700 E999.47096
G1 F1500 X90.8 Y85.694 E999.7814
G1 F2700 E994.7814
;MESH:batclipholder.stl(1)
G0 F9000 X92.03 Y85.694
G0 X92.3 Y80.5
;TYPE:WALL-INNER
G1 F2700 E999.7814
G1 F991.7 X92.305 Y94.125 E1000.46682
G0 F9000 X92.559 Y94.839
G0 X93.215 Y95.013
G0 X93.793 Y94.382
G1 F1271.2 X95.584 Y91.265 E1000.60791
G1 F1229.5 X97.376 Y88.148 E1000.7538
G0 F9000 X93.215 Y95.013
G0 X92.578 Y95.794
G1 F1694.9 X93.025 Y95.021 E1000.78008
G1 X92.752 Y94.95 E1000.78839
G1 X92.578 Y94.76 E1000.79597
G1 X92.578 Y95.794 E1000.82641
G0 F9000 X92.649 Y96.424
G1 F1500 X93.336 Y95.235 E1000.87208
G1 F1388.9 X93.793 Y94.382 E1000.90684
G1 X93.091 Y94.649 E1000.93382
G1 F1500 X92.847 Y94.585 E1000.94221
G1 F1188.1 X92.305 Y94.125 E1000.97206
G1 F1075.3 X92.253 Y94.605 E1000.99446
G1 F1327.4 X92.201 Y95.085 E1001.01261
G1 F1500 X92.2 Y96.424 E1001.05714
G1 X92.649 Y96.424 E1001.07208
G1 F2700 E996.07208
G0 F9000 X92.483 Y96.13
G0 X92.038 Y80.062
G0 X82.962 Y80.062
G0 X82.695 Y94.125
G1 F2700 E1001.07208
G1 F991.7 X82.7 Y80.5 E1001.75749
G0 F9000 X82.441 Y94.839
G0 X81.785 Y95.013
G0 X77.621 Y88.146
G1 F1239.7 X81.263 Y94.477 E1002.05143
G0 F9000 X82.422 Y95.799
G1 F1685.4 X82.422 Y94.76 E1002.08219
G1 X82.245 Y94.952 E1002.08992
G1 X81.973 Y95.021 E1002.09823
G1 X82.422 Y95.799 E1002.12482
G0 F9000 X82.8 Y96.424
G1 F1500 X82.8 Y95.089 E1002.16922
G1 F1327.4 X82.748 Y94.607 E1002.18744
G1 F1075.3 X82.695 Y94.125 E1002.20994
G1 F1188.1 X82.15 Y94.586 E1002.23991
G1 F1500 X81.902 Y94.649 E1002.24842
G1 F1373 X81.263 Y94.477 E1002.27247
G1 X81.658 Y95.23 E1002.30337
G1 F1500 X82.346 Y96.424 E1002.3492
G1 X82.8 Y96.424 E1002.3643
G0 F9000 X82.52 Y96.146
G0 X82.962 Y80.062
G0 X91.967 Y79.585
G1 F1284.8 X91.967 Y79.005 E1002.38682
G1 F1282.1 X83.034 Y79.006 E1002.73444
G1 X83.034 Y79.585 E1002.75698
G1 X83.291 Y79.471 E1002.76792
G1 X91.709 Y79.471 E1003.0955
G1 F1284.8 X91.967 Y79.585 E1003.10645
G0 F9000 X92.3 Y80.5
G1 F1200 X92.4 Y79.869 E1003.13301
G1 F1500 X92.4 Y78.572 E1003.17615
G1 X82.6 Y78.572 E1003.5021
G1 X82.6 Y79.869 E1003.54524
G1 F1200 X82.7 Y80.5 E1003.5718
G1 X83.002 Y80.05 E1003.59433
G1 F1500 X83.337 Y79.903 E1003.6065
G1 X91.663 Y79.902 E1003.88342
G1 X91.998 Y80.05 E1003.8956
G1 F1200 X92.3 Y80.5 E1003.91813
G1 F2700 E998.91813
G0 F9000 X92.559 Y94.839
G0 X92.713 Y96.53
G0 X92.88 Y96.824
;TYPE:WALL-OUTER
G1 F2700 E1003.91813
G1 F1500 X98.151 Y87.701 E1004.26857
G1 X97.117 Y87.7 E1004.30296
G1 X93.418 Y94.168 E1004.55078
G1 X93.193 Y94.262 E1004.5589
G1 X92.949 Y94.198 E1004.56729
G1 X92.802 Y94.039 E1004.57449
G1 X92.8 Y78.172 E1005.10223
G1 X82.2 Y78.172 E1005.45478
G1 X82.198 Y94.039 E1005.98252
G1 X82.05 Y94.198 E1005.98975
G1 X81.802 Y94.262 E1005.99827
G1 X81.598 Y94.197 E1006.00539
G1 X77.88 Y87.7 E1006.25436
G1 X76.848 Y87.7 E1006.28868
G1 X82.116 Y96.824 E1006.6391
G1 X83.2 Y96.824 E1006.67515
G1 X83.2 Y80.5 E1007.21809
G1 X83.267 Y80.35 E1007.22356
G1 X83.379 Y80.301 E1007.22762
G1 X91.621 Y80.3 E1007.50175
G1 X91.733 Y80.35 E1007.50583
G1 X91.8 Y80.5 E1007.5113
G1 X91.8 Y96.824 E1008.05423
G1 X92.88 Y96.824 E1008.09016
G1 F2700 E1003.09016
;MESH:batclipholder.stl
G0 F9000 X92.713 Y96.53
G0 X92.024 Y96.602
G0 X92.024 Y97.691
G0 X92.024 Y137.309
G0 X92.024 Y138.404
G0 X91.967 Y139.585
;TYPE:WALL-INNER
G1 F2700 E1008.09016
G1 F1284.8 X91.967 Y139.005 E1008.11268
G1 F1282.1 X83.034 Y139.006 E1008.4603
G1 X83.034 Y139.585 E1008.48283
G1 X83.291 Y139.471 E1008.49377
G1 X91.709 Y139.471 E1008.82135
G1 F1284.8 X91.967 Y139.585 E1008.83231
G0 F9000 X92.3 Y140.5
G1 F1200 X92.4 Y139.869 E1008.85887
G1 F1500 X92.4 Y138.572 E1008.90201
G1 X82.6 Y138.572 E1009.22795
G1 X82.6 Y139.869 E1009.27109
G1 F1200 X82.7 Y140.5 E1009.29765
G1 X83.002 Y140.05 E1009.32019
G1 F1500 X83.337 Y139.903 E1009.33235
G1 X91.663 Y139.902 E1009.60928
G1 X91.998 Y140.05 E1009.62146
G1 F1200 X92.3 Y140.5 E1009.64399
G1 F991.7 X92.305 Y154.125 E1010.32941
G0 F9000 X92.559 Y154.839
G0 X93.215 Y155.013
G0 X93.793 Y154.382
G1 F1271.2 X95.584 Y151.265 E1010.4705
G1 F1229.5 X97.376 Y148.148 E1010.61639
G0 F9000 X93.215 Y155.013
G0 X92.578 Y155.794
G1 F1694.9 X93.025 Y155.021 E1010.64267
G1 X92.752 Y154.95 E1010.65098
G1 X92.578 Y154.76 E1010.65856
G1 X92.578 Y155.794 E1010.689
G0 F9000 X92.649 Y156.424
G1 F1500 X93.336 Y155.235 E1010.73467
G1 F1388.9 X93.793 Y154.382 E1010.76943
G1 X93.091 Y154.649 E1010.79641
G1 F1500 X92.847 Y154.585 E1010.8048
G1 F1188.1 X92.305 Y154.125 E1010.83465
G1 F1075.3 X92.253 Y154.605 E1010.85705
G1 F1327.4 X92.201 Y155.085 E1010.8752
G1 F1500 X92.2 Y156.424 E1010.91973
G1 X92.649 Y156.424 E1010.93467
G1 F2700 E1005.93467
G0 F9000 X92.483 Y156.13
G0 X92.038 Y140.062
G0 X82.962 Y140.062
G0 X82.695 Y154.125
G1 F2700 E1010.93467
G1 F991.7 X82.7 Y140.5 E1011.62009
G0 F9000 X82.441 Y154.839
G0 X81.785 Y155.013
G0 X77.621 Y148.146
G1 F1239.7 X81.263 Y154.477 E1011.91403
G0 F9000 X82.422 Y155.799
G1 F1685.4 X82.422 Y154.76 E1011.94478
G1 X82.245 Y154.952 E1011.95251
G1 X81.973 Y155.021 E1011.96082
G1 X82.422 Y155.799 E1011.98741
G0 F9000 X82.8 Y156.424
G1 F1500 X82.8 Y155.089 E1012.03181
G1 F1327.4 X82.748 Y154.607 E1012.05003
G1 F1075.3 X82.695 Y154.125 E1012.07253
G1 F1188.1 X82.15 Y154.586 E1012.1025
G1 F1500 X81.902 Y154.649 E1012.11101
G1 F1373 X81.263 Y154.477 E1012.13506
G1 X81.658 Y155.23 E1012.16596
G1 F1500 X82.346 Y156.424 E1012.21179
G1 X82.8 Y156.424 E1012.22689
G1 F2700 E1007.22689
G0 F9000 X82.52 Y156.146
G0 X82.962 Y140.062
G0 X92.038 Y140.062
G0 X92.045 Y149.385
G0 X92.713 Y156.53
G0 X92.88 Y156.824
;TYPE:WALL-OUTER
G1 F2700 E1012.22689
G1 F1500 X98.151 Y147.701 E1012.57733
G1 X97.117 Y147.7 E1012.61172
G1 X93.418 Y154.168 E1012.85954
G1 X93.193 Y154.262 E1012.86765
G1 X92.949 Y154.198 E1012.87604
G1 X92.802 Y154.039 E1012.88324
G1 X92.8 Y138.172 E1013.41098
G1 X82.2 Y138.172 E1013.76354
G1 X82.198 Y154.039 E1014.29128
G1 X82.05 Y154.198 E1014.2985
G1 X81.802 Y154.262 E1014.30702
G1 X81.598 Y154.197 E1014.31414
G1 X77.88 Y147.7 E1014.56312
G1 X76.848 Y147.7 E1014.59744
G1 X82.116 Y156.824 E1014.94786
G1 X83.2 Y156.824 E1014.98391
G1 X83.2 Y140.5 E1015.52685
G1 X83.267 Y140.35 E1015.53231
G1 X83.379 Y140.301 E1015.53638
G1 X91.621 Y140.3 E1015.81051
G1 X91.733 Y140.35 E1015.81459
G1 X91.8 Y140.5 E1015.82005
G1 X91.8 Y156.824 E1016.36299
G1 X92.88 Y156.824 E1016.39891
G1 F2700 E1011.39891
;MESH:batclipholder.stl(3)
G0 F9000 X92.713 Y156.53
G0 X97.773 Y147.92
G0 X98.712 Y148.462
G0 X136.289 Y148.463
G0 X137.621 Y148.146
;TYPE:WALL-INNER
G1 F2700 E1016.39891
G1 F1239.7 X141.263 Y154.477 E1016.69285
G0 F9000 X141.785 Y155.013
G0 X142.441 Y154.839
G0 X142.695 Y154.125
G1 F991.7 X142.7 Y140.5 E1017.37827
G0 F9000 X143.034 Y139.585
G1 F1282.1 X143.291 Y139.471 E1017.38921
G1 X151.709 Y139.471 E1017.71679
G1 F1284.8 X151.967 Y139.585 E1017.72775
G1 X151.967 Y139.005 E1017.75027
G1 F1282.1 X143.034 Y139.006 E1018.09789
G1 X143.034 Y139.585 E1018.12042
G0 F9000 X142.7 Y140.5
G1 F1200 X143.002 Y140.05 E1018.14295
G1 F1500 X143.337 Y139.903 E1018.15512
G1 X151.663 Y139.902 E1018.43204
G1 X151.998 Y140.05 E1018.44422
G1 F1200 X152.3 Y140.5 E1018.46676
G1 X152.4 Y139.869 E1018.49332
G1 F1500 X152.4 Y138.572 E1018.53646
G1 X142.6 Y138.572 E1018.86241
G1 X142.6 Y139.869 E1018.90554
G1 F1200 X142.7 Y140.5 E1018.93211
G0 F9000 X142.962 Y140.062
G0 X152.038 Y140.062
G0 X152.3 Y140.5
G1 F991.7 X152.305 Y154.125 E1019.61752
G0 F9000 X152.559 Y154.839
G0 X153.215 Y155.013
G0 X153.793 Y154.382
G1 F1271.2 X155.584 Y151.265 E1019.75861
G1 F1229.5 X157.376 Y148.148 E1019.90451
G0 F9000 X153.215 Y155.013
G0 X152.578 Y155.794
G1 F1694.9 X153.025 Y155.021 E1019.93079
G1 X152.752 Y154.95 E1019.93909
G1 X152.578 Y154.76 E1019.94668
G1 X152.578 Y155.794 E1019.97711
G0 F9000 X152.2 Y156.424
G1 F1500 X152.649 Y156.424 E1019.99205
G1 X153.336 Y155.235 E1020.03772
G1 F1388.9 X153.793 Y154.382 E1020.07248
G1 X153.091 Y154.649 E1020.09946
G1 F1500 X152.847 Y154.585 E1020.10785
G1 F1188.1 X152.305 Y154.125 E1020.1377
G1 F1075.3 X152.253 Y154.605 E1020.1601
G1 F1327.4 X152.201 Y155.085 E1020.17825
G1 F1500 X152.2 Y156.424 E1020.22278
G1 F2700 E1015.22278
G0 F9000 X152.48 Y156.146
G0 X152.038 Y140.062
G0 X142.962 Y140.062
G0 X142.422 Y155.799
G1 F2700 E1020.22278
G1 F1685.4 X142.422 Y154.76 E1020.25354
G1 X142.245 Y154.952 E1020.26127
G1 X141.973 Y155.021 E1020.26957
G1 X142.422 Y155.799 E1020.29616
G0 F9000 X142.346 Y156.424
G1 F1500 X142.8 Y156.424 E1020.31126
G1 X142.8 Y155.089 E1020.35567
G1 F1327.4 X142.748 Y154.607 E1020.37389
G1 F1075.3 X142.695 Y154.125 E1020.39639
G1 F1188.1 X142.15 Y154.586 E1020.42636
G1 F1500 X141.902 Y154.649 E1020.43487
G1 F1373 X141.263 Y154.477 E1020.45892
G1 X141.658 Y155.23 E1020.48981
G1 F1500 X142.346 Y156.424 E1020.53565
G0 F9000 X142.116 Y156.824
;TYPE:WALL-OUTER
G1 F1500 X143.2 Y156.824 E1020.5717
G1 X143.2 Y140.5 E1021.11464
G1 X143.267 Y140.35 E1021.1201
G1 X143.379 Y140.301 E1021.12417
G1 X151.621 Y140.3 E1021.3983
G1 X151.733 Y140.35 E1021.40238
G1 X151.8 Y140.5 E1021.40784
G1 X151.8 Y156.824 E1021.95078
G1 X152.88 Y156.824 E1021.9867
G1 X158.151 Y147.701 E1022.33714
G1 X157.117 Y147.7 E1022.37153
G1 X153.418 Y154.168 E1022.61935
G1 X153.193 Y154.262 E1022.62746
G1 X152.949 Y154.198 E1022.63585
G1 X152.802 Y154.039 E1022.64306
G1 X152.8 Y138.172 E1023.17079
G1 X142.2 Y138.172 E1023.52335
G1 X142.198 Y154.039 E1024.05109
G1 X142.05 Y154.198 E1024.05831
G1 X141.802 Y154.262 E1024.06683
G1 X141.598 Y154.197 E1024.07395
G1 X137.88 Y147.7 E1024.32293
G1 X136.848 Y147.7 E1024.35725
G1 X142.116 Y156.824 E1024.70767
G1 F2700 E1019.70767
;MESH:batclipholder.stl(2)
G0 F9000 X142.287 Y156.53
G0 X142.412 Y155.16
G0 X142.424 Y138.398
G0 X142.424 Y137.309
G0 X142.424 Y97.691
G0 X142.424 Y96.596
G0 X142.422 Y95.799
;TYPE:WALL-INNER
G1 F2700 E1024.70767
G1 F1685.4 X142.422 Y94.76 E1024.73842
G1 X142.245 Y94.952 E1024.74615
G1 X141.973 Y95.021 E1024.75446
G1 X142.422 Y95.799 E1024.78105
G0 F9000 X142.346 Y96.424
G1 F1500 X142.8 Y96.424 E1024.79615
G1 X142.8 Y95.089 E1024.84055
G1 F1327.4 X142.748 Y94.607 E1024.85877
G1 F1075.3 X142.695 Y94.125 E1024.88127
G1 F1188.1 X142.15 Y94.586 E1024.91125
G1 F1500 X141.902 Y94.649 E1024.91976
G1 F1373 X141.263 Y94.477 E1024.9438
G1 X141.658 Y95.23 E1024.9747
G1 F1500 X142.346 Y96.424 E1025.02053
G0 F9000 X142.517 Y96.13
G0 X141.263 Y94.477
G1 F1239.7 X137.621 Y88.146 E1025.31447
G0 F9000 X141.785 Y95.013
G0 X142.441 Y94.839
G0 X142.695 Y94.125
G1 F991.7 X142.7 Y80.5 E1025.99989
G0 F9000 X143.034 Y79.585
G1 F1282.1 X143.291 Y79.471 E1026.01083
G1 X151.709 Y79.471 E1026.33841
G1 F1284.8 X151.967 Y79.585 E1026.34937
G1 X151.967 Y79.005 E1026.37189
G1 F1282.1 X143.034 Y79.006 E1026.71951
G1 X143.034 Y79.585 E1026.74204
G0 F9000 X142.7 Y80.5
G1 F1200 X143.002 Y80.05 E1026.76457
G1 F1500 X143.337 Y79.903 E1026.77674
G1 X151.663 Y79.902 E1027.05367
G1 X151.998 Y80.05 E1027.06585
G1 F1200 X152.3 Y80.5 E1027.08838
G1 X152.4 Y79.869 E1027.11494
G1 F1500 X152.4 Y78.572 E1027.15808
G1 X142.6 Y78.572 E1027.48403
G1 X142.6 Y79.869 E1027.52717
G1 F1200 X142.7 Y80.5 E1027.55373
G0 F9000 X142.962 Y80.062
G0 X152.038 Y80.062
G0 X152.3 Y80.5
G1 F991.7 X152.305 Y94.125 E1028.23915
G0 F9000 X152.559 Y94.839
G0 X153.215 Y95.013
G0 X153.793 Y94.382
G1 F1271.2 X155.584 Y91.265 E1028.38024
G1 F1229.5 X157.376 Y88.148 E1028.52613
G0 F9000 X153.215 Y95.013
G0 X152.578 Y95.794
G1 F1694.9 X153.025 Y95.021 E1028.55241
G1 X152.752 Y94.95 E1028.56071
G1 X152.578 Y94.76 E1028.5683
G1 X152.578 Y95.794 E1028.59873
G0 F9000 X152.2 Y96.424
G1 F1500 X152.649 Y96.424 E1028.61367
G1 X153.336 Y95.235 E1028.65934
G1 F1388.9 X153.793 Y94.382 E1028.6941
G1 X153.091 Y94.649 E1028.72108
G1 F1500 X152.847 Y94.585 E1028.72947
G1 F1188.1 X152.305 Y94.125 E1028.75932
G1 F1075.3 X152.253 Y94.605 E1028.78172
G1 F1327.4 X152.201 Y95.085 E1028.79987
G1 F1500 X152.2 Y96.424 E1028.8444
G1 F2700 E1023.8444
G0 F9000 X152.48 Y96.146
G0 X152.038 Y80.062
G0 X142.962 Y80.062
G0 X142.955 Y89.385
G0 X142.287 Y96.53
G0 X142.116 Y96.824
;TYPE:WALL-OUTER
G1 F2700 E1028.8444
G1 F1500 X143.2 Y96.824 E1028.88046
G1 X143.2 Y80.5 E1029.4234
G1 X143.267 Y80.35 E1029.42886
G1 X143.379 Y80.301 E1029.43293
G1 X151.621 Y80.3 E1029.70706
G1 X151.733 Y80.35 E1029.71114
G1 X151.8 Y80.5 E1029.7166
G1 X151.8 Y96.824 E1030.25954
G1 X152.88 Y96.824 E1030.29546
G1 X158.151 Y87.701 E1030.6459
G1 X157.117 Y87.7 E1030.68029
G1 X153.418 Y94.168 E1030.92811
G1 X153.193 Y94.262 E1030.93622
G1 X152.949 Y94.198 E1030.94461
G1 X152.802 Y94.039 E1030.95181
G1 X152.8 Y78.172 E1031.47955
G1 X142.2 Y78.172 E1031.83211
G1 X142.198 Y94.039 E1032.35985
G1 X142.05 Y94.198 E1032.36707
G1 X141.802 Y94.262 E1032.37559
G1 X141.598 Y94.197 E1032.38271
G1 X137.88 Y87.7 E1032.63168
G1 X136.848 Y87.7 E1032.66601
G1 X142.116 Y96.824 E1033.01642
G1 F2700 E1028.01642
;MESH:NONMESH
G0 F300 X142.116 Y96.824 Z4.2
G0 F9000 X142.287 Y96.53
G0 X137.227 Y87.92
G0 X136.289 Y88.463
G0 X93.38 Y97.685
G0 X90.947 Y97.679
G0 X88 Y94.46
G0 X88 Y93.385
;TIME_ELAPSED:1927.730756
;LAYER:20
;TYPE:SUPPORT
G1 F2700 E1033.01642
G1 F1500 X88 Y93.794 E1033.03003
G1 F2700 E1028.03003
G0 F9000 X88 Y153.385
G1 F2700 E1033.03003
G1 F1500 X88 Y153.794 E1033.04363
G1 F2700 E1028.04363
G0 F9000 X88 Y154.46
G0 X90.947 Y157.679
G0 X144.053 Y157.679
G0 X148 Y154.46
G0 X148 Y153.794
G1 F2700 E1033.04363
G1 F1500 X148 Y153.385 E1033.05723
G1 F2700 E1028.05723
G0 F9000 X148 Y93.794
G1 F2700 E1033.05723
G1 F1500 X148 Y93.385 E1033.07084
G1 F2700 E1028.07084
;MESH:batclipholder.stl(1)
G0 F9000 X97.773 Y87.92
G0 X97.376 Y88.148
;TYPE:WALL-INNER
G1 F2700 E1033.07084
G1 F1229.5 X95.584 Y91.265 E1033.21673
G1 F1271.2 X93.793 Y94.382 E1033.35782
G0 F9000 X93.215 Y95.013
G0 X92.559 Y94.839
G0 X92.305 Y94.125
G1 F991.7 X92.3 Y80.5 E1034.04324
G0 F9000 X91.967 Y79.585
G1 F1284.8 X91.967 Y79.005 E1034.06576
G1 F1282.1 X83.034 Y79.006 E1034.41338
G1 X83.034 Y79.585 E1034.43591
G1 X83.291 Y79.471 E1034.44685
G1 X91.709 Y79.471 E1034.77444
G1 F1284.8 X91.967 Y79.585 E1034.78539
G0 F9000 X92.3 Y80.5
G1 F1200 X92.4 Y79.869 E1034.81195
G1 F1500 X92.4 Y78.572 E1034.85509
G1 X82.6 Y78.572 E1035.18104
G1 X82.6 Y79.869 E1035.22418
G1 F1200 X82.7 Y80.5 E1035.25074
G1 X83.002 Y80.05 E1035.27327
G1 F1500 X83.337 Y79.903 E1035.28544
G1 X91.663 Y79.902 E1035.56236
G1 X91.998 Y80.05 E1035.57454
G1 F1200 X92.3 Y80.5 E1035.59707
G0 F9000 X92.038 Y80.062
G0 X82.962 Y80.062
G0 X82.7 Y80.5
G1 F991.7 X82.695 Y94.125 E1036.28249
G0 F9000 X82.441 Y94.839
G0 X81.785 Y95.013
G0 X81.263 Y94.477
G1 F1239.7 X77.621 Y88.146 E1036.57643
G0 F9000 X81.785 Y95.013
G0 X82.422 Y95.799
G1 F1685.4 X82.422 Y94.76 E1036.60719
G1 X82.245 Y94.952 E1036.61492
G1 X81.973 Y95.021 E1036.62322
G1 X82.422 Y95.799 E1036.64981
G0 F9000 X82.8 Y96.424
G1 F1500 X82.8 Y95.089 E1036.69422
G1 F1327.4 X82.748 Y94.607 E1036.71244
G1 F1075.3 X82.695 Y94.125 E1036.73494
G1 F1188.1 X82.15 Y94.586 E1036.76491
G1 F1500 X81.902 Y94.649 E1036.77342
G1 F1373 X81.263 Y94.477 E1036.79747
G1 X81.658 Y95.23 E1036.82836
G1 F1500 X82.346 Y96.424 E1036.8742
G1 X82.8 Y96.424 E1036.8893
G1 F2700 E1031.8893
G0 F9000 X82.52 Y96.146
G0 X82.962 Y80.062
G0 X92.038 Y80.062
G0 X92.578 Y95.794
G1 F2700 E1036.8893
G1 F1694.9 X93.025 Y95.021 E1036.91558
G1 X92.752 Y94.95 E1036.92388
G1 X92.578 Y94.76 E1036.93147
G1 X92.578 Y95.794 E1036.9619
G0 F9000 X92.649 Y96.424
G1 F1500 X93.336 Y95.235 E1037.00758
G1 F1388.9 X93.793 Y94.382 E1037.04234
G1 X93.091 Y94.649 E1037.06932
G1 F1500 X92.847 Y94.585 E1037.07771
G1 F1188.1 X92.305 Y94.125 E1037.10756
G1 F1075.3 X92.253 Y94.605 E1037.12996
G1 F1327.4 X92.201 Y95.085 E1037.1481
G1 F1500 X92.2 Y96.424 E1037.19264
G1 X92.649 Y96.424 E1037.20757
G0 F9000 X92.88 Y96.824
;TYPE:WALL-OUTER
G1 F1500 X98.151 Y87.701 E1037.55801
G1 X97.117 Y87.7 E1037.5924
G1 X93.418 Y94.168 E1037.84022
G1 X93.193 Y94.262 E1037.84833
G1 X92.949 Y94.198 E1037.85672
G1 X92.802 Y94.039 E1037.86393
G1 X92.8 Y78.172 E1038.39166
G1 X82.2 Y78.172 E1038.74422
G1 X82.198 Y94.039 E1039.27196
G1 X82.05 Y94.198 E1039.27919
G1 X81.802 Y94.262 E1039.2877
G1 X81.598 Y94.197 E1039.29483
G1 X77.88 Y87.7 E1039.5438
G1 X76.848 Y87.7 E1039.57812
G1 X82.116 Y96.824 E1039.92854
G1 X83.2 Y96.824 E1039.96459
G1 X83.2 Y80.5 E1040.50753
G1 X83.267 Y80.35 E1040.513
G1 X83.379 Y80.301 E1040.51706
G1 X91.621 Y80.3 E1040.79119
G1 X91.733 Y80.35 E1040.79527
G1 X91.8 Y80.5 E1040.80073
G1 X91.8 Y96.824 E1041.34367
G1 X92.88 Y96.824 E1041.37959
G1 F2700 E1036.37959
;MESH:batclipholder.stl
G0 F9000 X92.713 Y96.53
G0 X92.024 Y96.602
G0 X92.024 Y97.691
G0 X92.024 Y137.309
G0 X92.024 Y138.404
G0 X91.967 Y139.585
;TYPE:WALL-INNER
G1 F2700 E1041.37959
G1 F1284.8 X91.967 Y139.005 E1041.40212
G1 F1282.1 X83.034 Y139.006 E1041.74974
G1 X83.034 Y139.585 E1041.77227
G1 X83.291 Y139.471 E1041.78321
G1 X91.709 Y139.471 E1042.11079
G1 F1284.8 X91.967 Y139.585 E1042.12174
G0 F9000 X92.3 Y140.5
G1 F1200 X92.4 Y139.869 E1042.14831
G1 F1500 X92.4 Y138.572 E1042.19144
G1 X82.6 Y138.572 E1042.51739
G1 X82.6 Y139.869 E1042.56053
G1 F1200 X82.7 Y140.5 E1042.58709
G1 X83.002 Y140.05 E1042.60962
G1 F1500 X83.337 Y139.903 E1042.62179
G1 X91.663 Y139.902 E1042.89872
G1 X91.998 Y140.05 E1042.9109
G1 F1200 X92.3 Y140.5 E1042.93343
G1 F991.7 X92.305 Y154.125 E1043.61885
G0 F9000 X92.559 Y154.839
G0 X93.215 Y155.013
G0 X93.793 Y154.382
G1 F1271.2 X95.584 Y151.265 E1043.75994
G1 F1229.5 X97.376 Y148.148 E1043.90583
G0 F9000 X93.215 Y155.013
G0 X92.578 Y155.794
G1 F1694.9 X93.025 Y155.021 E1043.93211
G1 X92.752 Y154.95 E1043.94042
G1 X92.578 Y154.76 E1043.948
G1 X92.578 Y155.794 E1043.97844
G0 F9000 X92.649 Y156.424
G1 F1500 X93.336 Y155.235 E1044.02411
G1 F1388.9 X93.793 Y154.382 E1044.05887
G1 X93.091 Y154.649 E1044.08585
G1 F1500 X92.847 Y154.585 E1044.09424
G1 F1188.1 X92.305 Y154.125 E1044.12409
G1 F1075.3 X92.253 Y154.605 E1044.14649
G1 F1327.4 X92.201 Y155.085 E1044.16464
G1 F1500 X92.2 Y156.424 E1044.20917
G1 X92.649 Y156.424 E1044.22411
G1 F2700 E1039.22411
G0 F9000 X92.483 Y156.13
G0 X92.038 Y140.062
G0 X82.962 Y140.062
G0 X82.695 Y154.125
G1 F2700 E1044.22411
G1 F991.7 X82.7 Y140.5 E1044.90952
G0 F9000 X82.441 Y154.839
G0 X81.785 Y155.013
G0 X77.621 Y148.146
G1 F1239.7 X81.263 Y154.477 E1045.20346
G0 F9000 X82.422 Y155.799
G1 F1685.4 X82.422 Y154.76 E1045.23422
G1 X82.245 Y154.952 E1045.24195
G1 X81.973 Y155.021 E1045.25026
G1 X82.422 Y155.799 E1045.27685
G0 F9000 X82.8 Y156.424
G1 F1500 X82.8 Y155.089 E1045.32125
G1 F1327.4 X82.748 Y154.607 E1045.33947
G1 F1075.3 X82.695 Y154.125 E1045.36197
G1 F1188.1 X82.15 Y154.586 E1045.39194
G1 F1500 X81.902 Y154.649 E1045.40045
G1 F1373 X81.263 Y154.477 E1045.4245
G1 X81.658 Y155.23 E1045.4554
G1 F1500 X82.346 Y156.424 E1045.50123
G1 X82.8 Y156.424 E1045.51633
G1 F2700 E1040.51633
G0 F9000 X82.52 Y156.146
G0 X82.962 Y140.062
G0 X92.038 Y140.062
G0 X92.045 Y149.385
G0 X92.713 Y156.53
G0 X92.88 Y156.824
;TYPE:WALL-OUTER
G1 F2700 E1045.51633
G1 F1500 X98.151 Y147.701 E1045.86677
G1 X97.117 Y147.7 E1045.90116
G1 X93.418 Y154.168 E1046.14898
G1 X93.193 Y154.262 E1046.15709
G1 X92.949 Y154.198 E1046.16548
G1 X92.802 Y154.039 E1046.17268
G1 X92.8 Y138.172 E1046.70042
G1 X82.2 Y138.172 E1047.05298
G1 X82.198 Y154.039 E1047.58072
G1 X82.05 Y154.198 E1047.58794
G1 X81.802 Y154.262 E1047.59646
G1 X81.598 Y154.197 E1047.60358
G1 X77.88 Y147.7 E1047.85255
G1 X76.848 Y147.7 E1047.88688
G1 X82.116 Y156.824 E1048.23729
G1 X83.2 Y156.824 E1048.27335
G1 X83.2 Y140.5 E1048.81629
G1 X83.267 Y140.35 E1048.82175
G1 X83.379 Y140.301 E1048.82582
G1 X91.621 Y140.3 E1049.09995
G1 X91.733 Y140.35 E1049.10403
G1 X91.8 Y140.5 E1049.10949
G1 X91.8 Y156.824 E1049.65243
G1 X92.88 Y156.824 E1049.68835
G1 F2700 E1044.68835
;MESH:batclipholder.stl(3)
G0 F9000 X92.713 Y156.53
G0 X97.773 Y147.92
G0 X98.712 Y148.462
G0 X136.289 Y148.463
G0 X137.621 Y148.146
;TYPE:WALL-INNER
G1 F2700 E1049.68835
G1 F1239.7 X141.263 Y154.477 E1049.98229
G0 F9000 X141.785 Y155.013
G0 X142.441 Y154.839
G0 X142.695 Y154.125
G1 F991.7 X142.7 Y140.5 E1050.66771
G0 F9000 X143.034 Y139.585
G1 F1282.1 X143.291 Y139.471 E1050.67865
G1 X151.709 Y139.471 E1051.00623
G1 F1284.8 X151.967 Y139.585 E1051.01718
G1 X151.967 Y139.005 E1051.03971
G1 F1282.1 X143.034 Y139.006 E1051.38733
G1 X143.034 Y139.585 E1051.40986
G0 F9000 X142.7 Y140.5
G1 F1200 X143.002 Y140.05 E1051.43239
G1 F1500 X143.337 Y139.903 E1051.44456
G1 X151.663 Y139.902 E1051.72148
G1 X151.998 Y140.05 E1051.73366
G1 F1200 X152.3 Y140.5 E1051.7562
G1 X152.4 Y139.869 E1051.78276
G1 F1500 X152.4 Y138.572 E1051.82589
G1 X142.6 Y138.572 E1052.15184
G1 X142.6 Y139.869 E1052.19498
G1 F1200 X142.7 Y140.5 E1052.22154
G0 F9000 X142.962 Y140.062
G0 X152.038 Y140.062
G0 X152.3 Y140.5
G1 F991.7 X152.305 Y154.125 E1052.90696
G0 F9000 X152.559 Y154.839
G0 X153.215 Y155.013
G0 X153.793 Y154.382
G1 F1271.2 X155.584 Y151.265 E1053.04805
G1 F1229.5 X157.376 Y148.148 E1053.19394
G0 F9000 X153.215 Y155.013
G0 X152.578 Y155.794
G1 F1694.9 X153.025 Y155.021 E1053.22023
G1 X152.752 Y154.95 E1053.22853
G1 X152.578 Y154.76 E1053.23611
G1 X152.578 Y155.794 E1053.26655
G0 F9000 X152.2 Y156.424
G1 F1500 X152.649 Y156.424 E1053.28148
G1 X153.336 Y155.235 E1053.32716
G1 F1388.9 X153.793 Y154.382 E1053.36192
G1 X153.091 Y154.649 E1053.3889
G1 F1500 X152.847 Y154.585 E1053.39729
G1 F1188.1 X152.305 Y154.125 E1053.42714
G1 F1075.3 X152.253 Y154.605 E1053.44954
G1 F1327.4 X152.201 Y155.085 E1053.46769
G1 F1500 X152.2 Y156.424 E1053.51222
G1 F2700 E1048.51222
G0 F9000 X152.48 Y156.146
G0 X152.038 Y140.062
G0 X142.962 Y140.062
G0 X142.422 Y155.799
G1 F2700 E1053.51222
G1 F1685.4 X142.422 Y154.76 E1053.54298
G1 X142.245 Y154.952 E1053.55071
G1 X141.973 Y155.021 E1053.55901
G1 X142.422 Y155.799 E1053.5856
G0 F9000 X142.346 Y156.424
G1 F1500 X142.8 Y156.424 E1053.6007
G1 X142.8 Y155.089 E1053.64511
G1 F1327.4 X142.748 Y154.607 E1053.66333
G1 F1075.3 X142.695 Y154.125 E1053.68582
G1 F1188.1 X142.15 Y154.586 E1053.7158
G1 F1500 X141.902 Y154.649 E1053.72431
G1 F1373 X141.263 Y154.477 E1053.74836
G1 X141.658 Y155.23 E1053.77925
G1 F1500 X142.346 Y156.424 E1053.82509
G0 F9000 X142.116 Y156.824
;TYPE:WALL-OUTER
G1 F1500 X143.2 Y156.824 E1053.86114
G1 X143.2 Y140.5 E1054.40408
G1 X143.267 Y140.35 E1054.40954
G1 X143.379 Y140.301 E1054.41361
G1 X151.621 Y140.3 E1054.68774
G1 X151.733 Y140.35 E1054.69182
G1 X151.8 Y140.5 E1054.69728
G1 X151.8 Y156.824 E1055.24022
G1 X152.88 Y156.824 E1055.27614
G1 X158.151 Y147.701 E1055.62658
G1 X157.117 Y147.7 E1055.66097
G1 X153.418 Y154.168 E1055.90879
G1 X153.193 Y154.262 E1055.9169
G1 X152.949 Y154.198 E1055.92529
G1 X152.802 Y154.039 E1055.93249
G1 X152.8 Y138.172 E1056.46023
G1 X142.2 Y138.172 E1056.81279
G1 X142.198 Y154.039 E1057.34053
G1 X142.05 Y154.198 E1057.34775
G1 X141.802 Y154.262 E1057.35627
G1 X141.598 Y154.197 E1057.36339
G1 X137.88 Y147.7 E1057.61237
G1 X136.848 Y147.7 E1057.64669
G1 X142.116 Y156.824 E1057.99711
G1 F2700 E1052.99711
;MESH:batclipholder.stl(2)
G0 F9000 X142.287 Y156.53
G0 X142.412 Y155.16
G0 X142.424 Y138.398
G0 X142.424 Y137.309
G0 X142.424 Y97.691
G0 X142.424 Y96.596
G0 X142.422 Y95.799
;TYPE:WALL-INNER
G1 F2700 E1057.99711
G1 F1685.4 X142.422 Y94.76 E1058.02786
G1 X142.245 Y94.952 E1058.03559
G1 X141.973 Y95.021 E1058.0439
G1 X142.422 Y95.799 E1058.07049
G0 F9000 X142.346 Y96.424
G1 F1500 X142.8 Y96.424 E1058.08559
G1 X142.8 Y95.089 E1058.12999
G1 F1327.4 X142.748 Y94.607 E1058.14821
G1 F1075.3 X142.695 Y94.125 E1058.17071
G1 F1188.1 X142.15 Y94.586 E1058.20069
G1 F1500 X141.902 Y94.649 E1058.2092
G1 F1373 X141.263 Y94.477 E1058.23324
G1 X141.658 Y95.23 E1058.26414
G1 F1500 X142.346 Y96.424 E1058.30997
G0 F9000 X142.517 Y96.13
G0 X141.263 Y94.477
G1 F1239.7 X137.621 Y88.146 E1058.60391
G0 F9000 X141.785 Y95.013
G0 X142.441 Y94.839
G0 X142.695 Y94.125
G1 F991.7 X142.7 Y80.5 E1059.28933
G0 F9000 X143.034 Y79.585
G1 F1282.1 X143.291 Y79.471 E1059.30027
G1 X151.709 Y79.471 E1059.62785
G1 F1284.8 X151.967 Y79.585 E1059.63881
G1 X151.967 Y79.005 E1059.66133
G1 F1282.1 X143.034 Y79.006 E1060.00895
G1 X143.034 Y79.585 E1060.03148
G0 F9000 X142.7 Y80.5
G1 F1200 X143.002 Y80.05 E1060.05401
G1 F1500 X143.337 Y79.903 E1060.06618
G1 X151.663 Y79.902 E1060.3431
G1 X151.998 Y80.05 E1060.35529
G1 F1200 X152.3 Y80.5 E1060.37782
G1 X152.4 Y79.869 E1060.40438
G1 F1500 X152.4 Y78.572 E1060.44752
G1 X142.6 Y78.572 E1060.77347
G1 X142.6 Y79.869 E1060.8166
G1 F1200 X142.7 Y80.5 E1060.84317
G0 F9000 X142.962 Y80.062
G0 X152.038 Y80.062
G0 X152.3 Y80.5
G1 F991.7 X152.305 Y94.125 E1061.52858
G0 F9000 X152.559 Y94.839
G0 X153.215 Y95.013
G0 X153.793 Y94.382
G1 F1271.2 X155.584 Y91.265 E1061.66967
G1 F1229.5 X157.376 Y88.148 E1061.81557
G0 F9000 X153.215 Y95.013
G0 X152.578 Y95.794
G1 F1694.9 X153.025 Y95.021 E1061.84185
G1 X152.752 Y94.95 E1061.85015
G1 X152.578 Y94.76 E1061.85774
G1 X152.578 Y95.794 E1061.88817
G0 F9000 X152.2 Y96.424
G1 F1500 X152.649 Y96.424 E1061.90311
G1 X153.336 Y95.235 E1061.94878
G1 F1388.9 X153.793 Y94.382 E1061.98354
G1 X153.091 Y94.649 E1062.01052
G1 F1500 X152.847 Y94.585 E1062.01891
G1 F1188.1 X152.305 Y94.125 E1062.04876
G1 F1075.3 X152.253 Y94.605 E1062.07116
G1 F1327.4 X152.201 Y95.085 E1062.08931
G1 F1500 X152.2 Y96.424 E1062.13384
G1 F2700 E1057.13384
G0 F9000 X152.48 Y96.146
G0 X152.038 Y80.062
G0 X142.962 Y80.062
G0 X142.955 Y89.385
G0 X142.287 Y96.53
G0 X142.116 Y96.824
;TYPE:WALL-OUTER
G1 F2700 E1062.13384
G1 F1500 X143.2 Y96.824 E1062.1699
G1 X143.2 Y80.5 E1062.71284
G1 X143.267 Y80.35 E1062.7183
G1 X143.379 Y80.301 E1062.72237
G1 X151.621 Y80.3 E1062.9965
G1 X151.733 Y80.35 E1063.00057
G1 X151.8 Y80.5 E1063.00604
G1 X151.8 Y96.824 E1063.54898
G1 X152.88 Y96.824 E1063.5849
G1 X158.151 Y87.701 E1063.93534
G1 X157.117 Y87.7 E1063.96973
G1 X153.418 Y94.168 E1064.21755
G1 X153.193 Y94.262 E1064.22566
G1 X152.949 Y94.198 E1064.23405
G1 X152.802 Y94.039 E1064.24125
G1 X152.8 Y78.172 E1064.76899
G1 X142.2 Y78.172 E1065.12155
G1 X142.198 Y94.039 E1065.64929
G1 X142.05 Y94.198 E1065.65651
G1 X141.802 Y94.262 E1065.66503
G1 X141.598 Y94.197 E1065.67215
G1 X137.88 Y87.7 E1065.92112
G1 X136.848 Y87.7 E1065.95545
G1 X142.116 Y96.824 E1066.30586
G1 F2700 E1061.30586
;MESH:NONMESH
G0 F300 X142.116 Y96.824 Z4.4
G0 F9000 X142.287 Y96.53
G0 X137.227 Y87.92
G0 X136.289 Y88.463
G0 X98.712 Y88.462
G0 X77.621 Y88.146
;TIME_ELAPSED:1992.301258
;LAYER:21
;TYPE:WALL-INNER
;MESH:batclipholder.stl(1)
G1 F2700 E1066.30586
G1 F1239.7 X81.263 Y94.477 E1066.5998
G0 F9000 X81.785 Y95.013
G0 X82.441 Y94.839
G0 X82.695 Y94.125
G1 F991.7 X82.7 Y92.492 E1066.68195
G0 F9000 X82.422 Y95.799
G1 F1685.4 X82.422 Y94.76 E1066.71271
G1 X82.245 Y94.952 E1066.72044
G1 X81.973 Y95.021 E1066.72875
G1 X82.422 Y95.799 E1066.75534
G0 F9000 X82.8 Y96.424
G1 F1500 X82.8 Y95.089 E1066.79974
G1 F1327.4 X82.748 Y94.607 E1066.81796
G1 F1075.3 X82.695 Y94.125 E1066.84046
G1 F1188.1 X82.15 Y94.586 E1066.87043
G1 F1500 X81.902 Y94.649 E1066.87894
G1 F1373 X81.263 Y94.477 E1066.90299
G1 X81.658 Y95.23 E1066.93389
G1 F1500 X82.346 Y96.424 E1066.97972
G1 X82.8 Y96.424 E1066.99482
G0 F9000 X82.52 Y96.146
G0 X82.962 Y92.055
G0 X88.231 Y91.092
G1 F1500 X91.6 Y91.092 E1067.10687
G1 X91.6 Y79.372 E1067.49668
G1 X83.4 Y79.372 E1067.76941
G1 X83.4 Y91.092 E1068.15922
G1 X88.231 Y91.092 E1068.3199
G0 F9000 X88.312 Y91.492
G1 F1500 X91.6 Y91.492 E1068.42926
G1 X92 Y91.625 E1068.44328
G1 X92 Y78.972 E1068.86412
G1 X83 Y78.972 E1069.16346
G1 X83 Y91.625 E1069.5843
G1 X83.4 Y91.492 E1069.59832
G1 X88.312 Y91.492 E1069.7617
G0 F9000 X88.393 Y91.892
G1 F1500 X91.6 Y91.892 E1069.86836
G1 X91.96 Y92.012 E1069.88099
G1 F1200 X92.3 Y92.492 E1069.90544
G1 X92.4 Y91.792 E1069.93484
G1 F1500 X92.4 Y78.572 E1070.37454
G1 X82.6 Y78.572 E1070.70049
G1 X82.6 Y91.792 E1071.14019
G1 F1200 X82.7 Y92.492 E1071.16958
G1 X83.04 Y92.012 E1071.19404
G1 F1500 X83.4 Y91.892 E1071.20666
G1 X88.393 Y91.892 E1071.37273
G0 F9000 X88.393 Y91.583
G0 X92.038 Y92.055
G0 X92.3 Y92.492
G1 F991.7 X92.305 Y94.125 E1071.45488
G0 F9000 X92.559 Y94.839
G0 X93.215 Y95.013
G0 X93.793 Y94.382
G1 F1271.2 X95.584 Y91.265 E1071.59597
G1 F1229.5 X97.376 Y88.148 E1071.74186
G0 F9000 X93.215 Y95.013
G0 X92.578 Y95.794
G1 F1694.9 X93.025 Y95.021 E1071.76814
G1 X92.752 Y94.95 E1071.77645
G1 X92.578 Y94.76 E1071.78403
G1 X92.578 Y95.794 E1071.81447
G0 F9000 X92.649 Y96.424
G1 F1500 X93.336 Y95.235 E1071.86014
G1 F1388.9 X93.793 Y94.382 E1071.8949
G1 X93.091 Y94.649 E1071.92188
G1 F1500 X92.847 Y94.585 E1071.93027
G1 F1188.1 X92.305 Y94.125 E1071.96012
G1 F1075.3 X92.253 Y94.605 E1071.98252
G1 F1327.4 X92.201 Y95.085 E1072.00067
G1 F1500 X92.2 Y96.424 E1072.0452
G1 X92.649 Y96.424 E1072.06014
G1 F2700 E1067.06014
G0 F9000 X92.483 Y96.13
G0 X92.038 Y92.055
G0 X88.475 Y91.983
G0 X88.475 Y92.292
;TYPE:WALL-OUTER
G1 F2700 E1072.06014
G1 F1500 X91.6 Y92.292 E1072.16407
G1 X91.72 Y92.332 E1072.16828
G1 X91.8 Y92.492 E1072.17423
G1 X91.8 Y96.824 E1072.31831
G1 X92.88 Y96.824 E1072.35424
G1 X98.151 Y87.701 E1072.70467
G1 X97.117 Y87.7 E1072.73906
G1 X93.418 Y94.168 E1072.98688
G1 X93.193 Y94.262 E1072.995
G1 X92.949 Y94.198 E1073.00339
G1 X92.802 Y94.039 E1073.01059
G1 X92.8 Y78.172 E1073.53833
G1 X82.2 Y78.172 E1073.89088
G1 X82.198 Y94.039 E1074.41862
G1 X82.05 Y94.198 E1074.42585
G1 X81.802 Y94.262 E1074.43437
G1 X81.598 Y94.197 E1074.44149
G1 X77.88 Y87.7 E1074.69046
G1 X76.848 Y87.7 E1074.72478
G1 X82.116 Y96.824 E1075.0752
G1 X83.2 Y96.824 E1075.11125
G1 X83.2 Y92.492 E1075.25534
G1 X83.28 Y92.332 E1075.26129
G1 X83.4 Y92.292 E1075.26549
G1 X88.475 Y92.292 E1075.43429
G0 F9000 X88.475 Y91.983
G0 X88.157 Y90.992
G0 X88.157 Y90.732
;TYPE:SKIN
G1 F1500 X83.76 Y90.732 E1075.58053
G1 X83.76 Y79.732 E1075.9464
G1 X91.24 Y79.732 E1076.19518
G1 X91.24 Y90.732 E1076.56104
G1 X88.157 Y90.732 E1076.66358
G0 F9000 X88.157 Y90.992
G0 X90.487 Y90.992
G0 X90.487 Y90.532
G1 F1500 X91.04 Y89.979 E1076.68959
G0 F9000 X91.04 Y89.414
G1 F1500 X89.921 Y90.532 E1076.74221
G0 F9000 X89.356 Y90.532
G1 F1500 X91.04 Y88.848 E1076.82142
G0 F9000 X91.04 Y88.282
G1 F1500 X88.79 Y90.532 E1076.92725
G0 F9000 X88.224 Y90.532
G1 F1500 X91.04 Y87.717 E1077.05968
G0 F9000 X91.04 Y87.151
G1 F1500 X87.659 Y90.532 E1077.21871
G0 F9000 X87.093 Y90.532
G1 F1500 X91.04 Y86.585 E1077.40437
G0 F9000 X91.04 Y86.02
G1 F1500 X86.527 Y90.532 E1077.61662
G0 F9000 X85.962 Y90.532
G1 F1500 X91.04 Y85.454 E1077.85548
G0 F9000 X91.04 Y84.888
G1 F1500 X85.396 Y90.532 E1078.12095
G0 F9000 X84.83 Y90.532
G1 F1500 X91.04 Y84.322 E1078.41305
G0 F9000 X91.04 Y83.757
G1 F1500 X84.265 Y90.532 E1078.73173
G0 F9000 X83.96 Y90.271
G1 F1500 X91.04 Y83.191 E1079.06475
G0 F9000 X91.04 Y82.625
G1 F1500 X83.96 Y89.706 E1079.39779
G0 F9000 X83.96 Y89.14
G1 F1500 X91.04 Y82.06 E1079.73081
G0 F9000 X91.04 Y81.494
G1 F1500 X83.96 Y88.574 E1080.06384
G0 F9000 X83.96 Y88.009
G1 F1500 X91.04 Y80.928 E1080.39688
G0 F9000 X91.04 Y80.363
G1 F1500 X83.96 Y87.443 E1080.7299
G0 F9000 X83.96 Y86.877
G1 F1500 X90.906 Y79.931 E1081.05662
G0 F9000 X90.34 Y79.931
G1 F1500 X83.96 Y86.312 E1081.35674
G0 F9000 X83.96 Y85.746
G1 F1500 X89.774 Y79.931 E1081.63024
G0 F9000 X89.209 Y79.931
G1 F1500 X83.96 Y85.18 E1081.87713
G0 F9000 X83.96 Y84.615
G1 F1500 X88.643 Y79.931 E1082.09743
G0 F9000 X88.077 Y79.931
G1 F1500 X83.96 Y84.049 E1082.29111
G0 F9000 X83.96 Y83.483
G1 F1500 X87.512 Y79.931 E1082.45818
G0 F9000 X86.946 Y79.931
G1 F1500 X83.96 Y82.917 E1082.59863
G0 F9000 X83.96 Y82.352
G1 F1500 X86.38 Y79.931 E1082.71249
G0 F9000 X85.814 Y79.931
G1 F1500 X83.96 Y81.786 E1082.79972
G0 F9000 X83.96 Y81.22
G1 F1500 X85.249 Y79.931 E1082.86035
G0 F9000 X84.683 Y79.931
G1 F1500 X83.96 Y80.655 E1082.89438
G0 F9000 X83.96 Y80.089
G1 F1500 X84.117 Y79.931 E1082.90179
G0 F9000 X84.117 Y79.184
G1 F2700 E1077.90179
;MESH:batclipholder.stl
G0 F9000 X83.572 Y79.544
G0 X83.586 Y82.09
G0 X82.247 Y96.599
G0 X82.247 Y97.691
G0 X77.752 Y146.835
G0 X77.621 Y148.146
;TYPE:WALL-INNER
G1 F2700 E1082.90179
G1 F1239.7 X81.263 Y154.477 E1083.19573
G0 F9000 X81.785 Y155.013
G0 X82.441 Y154.839
G0 X82.695 Y154.125
G1 F991.7 X82.7 Y152.492 E1083.27788
G0 F9000 X82.422 Y155.799
G1 F1685.4 X82.422 Y154.76 E1083.30863
G1 X82.245 Y154.952 E1083.31636
G1 X81.973 Y155.021 E1083.32467
G1 X82.422 Y155.799 E1083.35126
G0 F9000 X82.8 Y156.424
G1 F1500 X82.8 Y155.089 E1083.39566
G1 F1327.4 X82.748 Y154.607 E1083.41388
G1 F1075.3 X82.695 Y154.125 E1083.43638
G1 F1188.1 X82.15 Y154.586 E1083.46636
G1 F1500 X81.902 Y154.649 E1083.47487
G1 F1373 X81.263 Y154.477 E1083.49891
G1 X81.658 Y155.23 E1083.52981
G1 F1500 X82.346 Y156.424 E1083.57564
G1 X82.8 Y156.424 E1083.59074
G0 F9000 X82.52 Y156.146
G0 X82.962 Y152.055
G0 X88.732 Y151.092
G1 F1500 X91.6 Y151.092 E1083.68613
G1 X91.6 Y139.372 E1084.07594
G1 X83.4 Y139.372 E1084.34867
G1 X83.4 Y151.092 E1084.73848
G1 X88.732 Y151.092 E1084.91583
G0 F9000 X88.869 Y151.492
G1 F1500 X91.6 Y151.492 E1085.00666
G1 X92 Y151.625 E1085.02068
G1 X92 Y138.972 E1085.44152
G1 X83 Y138.972 E1085.74086
G1 X83 Y151.625 E1086.1617
G1 X83.4 Y151.492 E1086.17572
G1 X88.869 Y151.492 E1086.35762
G0 F9000 X89.006 Y151.892
G1 F1500 X91.6 Y151.892 E1086.4439
G1 X91.96 Y152.012 E1086.45652
G1 F1200 X92.3 Y152.492 E1086.48098
G1 X92.4 Y151.792 E1086.51037
G1 F1500 X92.4 Y138.572 E1086.95007
G1 X82.6 Y138.572 E1087.27602
G1 X82.6 Y151.792 E1087.71572
G1 F1200 X82.7 Y152.492 E1087.74512
G1 X83.04 Y152.012 E1087.76957
G1 F1500 X83.4 Y151.892 E1087.7822
G1 X89.006 Y151.892 E1087.96865
G0 F9000 X89.006 Y151.583
G0 X92.038 Y152.055
G0 X92.3 Y152.492
G1 F991.7 X92.305 Y154.125 E1088.0508
G0 F9000 X92.559 Y154.839
G0 X93.215 Y155.013
G0 X93.793 Y154.382
G1 F1271.2 X95.584 Y151.265 E1088.19189
G1 F1229.5 X97.376 Y148.148 E1088.33778
G0 F9000 X93.215 Y155.013
G0 X92.578 Y155.794
G1 F1694.9 X93.025 Y155.021 E1088.36407
G1 X92.752 Y154.95 E1088.37237
G1 X92.578 Y154.76 E1088.37995
G1 X92.578 Y155.794 E1088.41039
G0 F9000 X92.649 Y156.424
G1 F1500 X93.336 Y155.235 E1088.45606
G1 F1388.9 X93.793 Y154.382 E1088.49082
G1 X93.091 Y154.649 E1088.5178
G1 F1500 X92.847 Y154.585 E1088.52619
G1 F1188.1 X92.305 Y154.125 E1088.55604
G1 F1075.3 X92.253 Y154.605 E1088.57844
G1 F1327.4 X92.201 Y155.085 E1088.59659
G1 F1500 X92.2 Y156.424 E1088.64113
G1 X92.649 Y156.424 E1088.65606
G1 F2700 E1083.65606
G0 F9000 X92.483 Y156.13
G0 X92.038 Y152.055
G0 X89.143 Y151.983
G0 X89.143 Y152.292
;TYPE:WALL-OUTER
G1 F2700 E1088.65606
G1 F1500 X91.6 Y152.292 E1088.73778
G1 X91.72 Y152.332 E1088.74199
G1 X91.8 Y152.492 E1088.74794
G1 X91.8 Y156.824 E1088.89202
G1 X92.88 Y156.824 E1088.92794
G1 X98.151 Y147.701 E1089.27838
G1 X97.117 Y147.7 E1089.31277
G1 X93.418 Y154.168 E1089.56059
G1 X93.193 Y154.262 E1089.5687
G1 X92.949 Y154.198 E1089.57709
G1 X92.802 Y154.039 E1089.58429
G1 X92.8 Y138.172 E1090.11203
G1 X82.2 Y138.172 E1090.46459
G1 X82.198 Y154.039 E1090.99233
G1 X82.05 Y154.198 E1090.99955
G1 X81.802 Y154.262 E1091.00807
G1 X81.598 Y154.197 E1091.01519
G1 X77.88 Y147.7 E1091.26416
G1 X76.848 Y147.7 E1091.29849
G1 X82.116 Y156.824 E1091.64891
G1 X83.2 Y156.824 E1091.68496
G1 X83.2 Y152.492 E1091.82904
G1 X83.28 Y152.332 E1091.83499
G1 X83.4 Y152.292 E1091.8392
G1 X89.143 Y152.292 E1092.03021
G0 F9000 X89.143 Y151.983
G0 X88.608 Y150.992
G0 X88.608 Y150.732
;TYPE:SKIN
G1 F1500 X83.76 Y150.732 E1092.19146
G1 X83.76 Y139.732 E1092.55732
G1 X91.24 Y139.732 E1092.8061
G1 X91.24 Y150.732 E1093.17197
G1 X88.608 Y150.732 E1093.25951
G0 F9000 X88.608 Y150.992
G0 X90.45 Y150.992
G0 X90.45 Y150.532
G1 F1500 X91.04 Y149.942 E1093.28726
G0 F9000 X91.04 Y149.376
G1 F1500 X89.884 Y150.532 E1093.34163
G0 F9000 X89.318 Y150.532
G1 F1500 X91.04 Y148.811 E1093.42261
G0 F9000 X91.04 Y148.245
G1 F1500 X88.753 Y150.532 E1093.53018
G0 F9000 X88.187 Y150.532
G1 F1500 X91.04 Y147.679 E1093.66438
G0 F9000 X91.04 Y147.114
G1 F1500 X87.621 Y150.532 E1093.82517
G0 F9000 X87.055 Y150.532
G1 F1500 X91.04 Y146.548 E1094.01259
G0 F9000 X91.04 Y145.982
G1 F1500 X86.49 Y150.532 E1094.22661
G0 F9000 X85.924 Y150.532
G1 F1500 X91.04 Y145.417 E1094.46723
G0 F9000 X91.04 Y144.851
G1 F1500 X85.358 Y150.532 E1094.73447
G0 F9000 X84.793 Y150.532
G1 F1500 X91.04 Y144.285 E1095.02831
G0 F9000 X91.04 Y143.719
G1 F1500 X84.227 Y150.532 E1095.34877
G0 F9000 X83.96 Y150.233
G1 F1500 X91.04 Y143.154 E1095.68177
G0 F9000 X91.04 Y142.588
G1 F1500 X83.96 Y149.668 E1096.01479
G0 F9000 X83.96 Y149.102
G1 F1500 X91.04 Y142.022 E1096.34781
G0 F9000 X91.04 Y141.457
G1 F1500 X83.96 Y148.536 E1096.68081
G0 F9000 X83.96 Y147.971
G1 F1500 X91.04 Y140.891 E1097.01383
G0 F9000 X91.04 Y140.325
G1 F1500 X83.96 Y147.405 E1097.34685
G0 F9000 X83.96 Y146.839
G1 F1500 X90.867 Y139.932 E1097.67174
G0 F9000 X90.302 Y139.932
G1 F1500 X83.96 Y146.274 E1097.97004
G0 F9000 X83.96 Y145.708
G1 F1500 X89.736 Y139.932 E1098.24173
G0 F9000 X89.17 Y139.932
G1 F1500 X83.96 Y145.142 E1098.48679
G0 F9000 X83.96 Y144.576
G1 F1500 X88.605 Y139.932 E1098.70525
G0 F9000 X88.039 Y139.932
G1 F1500 X83.96 Y144.011 E1098.89712
G0 F9000 X83.96 Y143.445
G1 F1500 X87.473 Y139.932 E1099.06236
G0 F9000 X86.908 Y139.932
G1 F1500 X83.96 Y142.879 E1099.201
G0 F9000 X83.96 Y142.314
G1 F1500 X86.342 Y139.932 E1099.31304
G0 F9000 X85.776 Y139.932
G1 F1500 X83.96 Y141.748 E1099.39846
G0 F9000 X83.96 Y141.182
G1 F1500 X85.211 Y139.932 E1099.45728
G0 F9000 X84.645 Y139.932
G1 F1500 X83.96 Y140.617 E1099.4895
G0 F9000 X83.96 Y140.051
G1 F1500 X84.079 Y139.932 E1099.4951
G0 F9000 X84.079 Y139.184
G1 F2700 E1094.4951
;MESH:batclipholder.stl(3)
G0 F9000 X91.428 Y139.544
G0 X92.57 Y148.146
G0 X93.665 Y148.146
G0 X96.617 Y146.841
G0 X98.45 Y146.841
G0 X136.289 Y148.463
G0 X137.621 Y148.146
;TYPE:WALL-INNER
G1 F2700 E1099.4951
G1 F1239.7 X141.263 Y154.477 E1099.78904
G0 F9000 X141.785 Y155.013
G0 X142.441 Y154.839
G0 X142.695 Y154.125
G1 F991.7 X142.7 Y152.492 E1099.87119
G0 F9000 X142.422 Y155.799
G1 F1685.4 X142.422 Y154.76 E1099.90195
G1 X142.245 Y154.952 E1099.90968
G1 X141.973 Y155.021 E1099.91798
G1 X142.422 Y155.799 E1099.94457
G0 F9000 X142.346 Y156.424
G1 F1500 X142.8 Y156.424 E1099.95967
G1 X142.8 Y155.089 E1100.00407
G1 F1327.4 X142.748 Y154.607 E1100.0223
G1 F1075.3 X142.695 Y154.125 E1100.04479
G1 F1188.1 X142.15 Y154.586 E1100.07477
G1 F1500 X141.902 Y154.649 E1100.08328
G1 F1373 X141.263 Y154.477 E1100.10732
G1 X141.658 Y155.23 E1100.13822
G1 F1500 X142.346 Y156.424 E1100.18406
G0 F9000 X142.517 Y156.13
G0 X142.962 Y152.055
G0 X146.268 Y151.092
G1 F1500 X151.6 Y151.092 E1100.3614
G1 X151.6 Y139.372 E1100.75121
G1 X143.4 Y139.372 E1101.02394
G1 X143.4 Y151.092 E1101.41375
G1 X146.268 Y151.092 E1101.50914
G0 F9000 X146.131 Y151.492
G1 F1500 X151.6 Y151.492 E1101.69104
G1 X152 Y151.625 E1101.70506
G1 X152 Y138.972 E1102.1259
G1 X143 Y138.972 E1102.42524
G1 X143 Y151.625 E1102.84608
G1 X143.4 Y151.492 E1102.8601
G1 X146.131 Y151.492 E1102.95093
G0 F9000 X145.994 Y151.892
G1 F1500 X151.6 Y151.892 E1103.13739
G1 X151.96 Y152.012 E1103.15001
G1 F1200 X152.3 Y152.492 E1103.17447
G1 X152.4 Y151.792 E1103.20387
G1 F1500 X152.4 Y138.572 E1103.64356
G1 X142.6 Y138.572 E1103.96951
G1 X142.6 Y151.792 E1104.40921
G1 F1200 X142.7 Y152.492 E1104.43861
G1 X143.04 Y152.012 E1104.46307
G1 F1500 X143.4 Y151.892 E1104.47569
G1 X145.994 Y151.892 E1104.56196
G0 F9000 X145.994 Y151.583
G0 X152.038 Y152.055
G0 X152.3 Y152.492
G1 F991.7 X152.305 Y154.125 E1104.64411
G0 F9000 X152.559 Y154.839
G0 X153.215 Y155.013
G0 X153.793 Y154.382
G1 F1271.2 X155.584 Y151.265 E1104.7852
G1 F1229.5 X157.376 Y148.148 E1104.9311
G0 F9000 X153.215 Y155.013
G0 X152.578 Y155.794
G1 F1694.9 X153.025 Y155.021 E1104.95738
G1 X152.752 Y154.95 E1104.96568
G1 X152.578 Y154.76 E1104.97327
G1 X152.578 Y155.794 E1105.0037
G0 F9000 X152.2 Y156.424
G1 F1500 X152.649 Y156.424 E1105.01864
G1 X153.336 Y155.235 E1105.06431
G1 F1388.9 X153.793 Y154.382 E1105.09907
G1 X153.091 Y154.649 E1105.12605
G1 F1500 X152.847 Y154.585 E1105.13444
G1 F1188.1 X152.305 Y154.125 E1105.16429
G1 F1075.3 X152.253 Y154.605 E1105.18669
G1 F1327.4 X152.201 Y155.085 E1105.20484
G1 F1500 X152.2 Y156.424 E1105.24937
G1 F2700 E1100.24937
G0 F9000 X152.48 Y156.146
G0 X152.038 Y152.055
G0 X145.857 Y151.983
G0 X145.857 Y152.292
;TYPE:WALL-OUTER
G1 F2700 E1105.24937
G1 F1500 X151.6 Y152.292 E1105.44039
G1 X151.72 Y152.332 E1105.44459
G1 X151.8 Y152.492 E1105.45054
G1 X151.8 Y156.824 E1105.59463
G1 X152.88 Y156.824 E1105.63055
G1 X158.151 Y147.701 E1105.98098
G1 X157.117 Y147.7 E1106.01537
G1 X153.418 Y154.168 E1106.2632
G1 X153.193 Y154.262 E1106.27131
G1 X152.949 Y154.198 E1106.2797
G1 X152.802 Y154.039 E1106.2869
G1 X152.8 Y138.172 E1106.81464
G1 X142.2 Y138.172 E1107.16719
G1 X142.198 Y154.039 E1107.69493
G1 X142.05 Y154.198 E1107.70216
G1 X141.802 Y154.262 E1107.71068
G1 X141.598 Y154.197 E1107.7178
G1 X137.88 Y147.7 E1107.96677
G1 X136.848 Y147.7 E1108.00109
G1 X142.116 Y156.824 E1108.35151
G1 X143.2 Y156.824 E1108.38756
G1 X143.2 Y152.492 E1108.53165
G1 X143.28 Y152.332 E1108.5376
G1 X143.4 Y152.292 E1108.5418
G1 X145.857 Y152.292 E1108.62352
G0 F9000 X145.857 Y151.983
G0 X146.392 Y150.992
G0 X146.392 Y150.732
;TYPE:SKIN
G1 F1500 X143.76 Y150.732 E1108.71107
G1 X143.76 Y139.732 E1109.07693
G1 X151.24 Y139.732 E1109.32571
G1 X151.24 Y150.732 E1109.69157
G1 X146.392 Y150.732 E1109.85282
G0 F9000 X146.392 Y150.992
G0 X150.978 Y150.992
G0 X150.978 Y150.532
G1 F1500 X151.04 Y150.47 E1109.85574
G0 F9000 X151.04 Y149.905
G1 F1500 X150.412 Y150.532 E1109.88525
G0 F9000 X149.847 Y150.532
G1 F1500 X151.04 Y149.339 E1109.94137
G0 F9000 X151.04 Y148.773
G1 F1500 X149.281 Y150.532 E1110.0241
G0 F9000 X148.715 Y150.532
G1 F1500 X151.04 Y148.207 E1110.13347
G0 F9000 X151.04 Y147.642
G1 F1500 X148.149 Y150.532 E1110.26943
G0 F9000 X147.584 Y150.532
G1 F1500 X151.04 Y147.076 E1110.43199
G0 F9000 X151.04 Y146.51
G1 F1500 X147.018 Y150.532 E1110.62117
G0 F9000 X146.452 Y150.532
G1 F1500 X151.04 Y145.945 E1110.83695
G0 F9000 X151.04 Y145.379
G1 F1500 X145.887 Y150.532 E1111.07933
G0 F9000 X145.321 Y150.532
G1 F1500 X151.04 Y144.813 E1111.34834
G0 F9000 X151.04 Y144.248
G1 F1500 X144.755 Y150.532 E1111.64394
G0 F9000 X144.19 Y150.532
G1 F1500 X151.04 Y143.682 E1111.96614
G0 F9000 X151.04 Y143.116
G1 F1500 X143.96 Y150.197 E1112.29919
G0 F9000 X143.96 Y149.631
G1 F1500 X151.04 Y142.551 E1112.63221
G0 F9000 X151.04 Y141.985
G1 F1500 X143.96 Y149.065 E1112.96523
G0 F9000 X143.96 Y148.499
G1 F1500 X151.04 Y141.419 E1113.29825
G0 F9000 X151.04 Y140.854
G1 F1500 X143.96 Y147.934 E1113.63127
G0 F9000 X143.96 Y147.368
G1 F1500 X151.04 Y140.288 E1113.96429
G0 F9000 X150.831 Y139.931
G1 F1500 X143.96 Y146.802 E1114.28749
G0 F9000 X143.96 Y146.237
G1 F1500 X150.265 Y139.931 E1114.58408
G0 F9000 X149.699 Y139.931
G1 F1500 X143.96 Y145.671 E1114.85404
G0 F9000 X143.96 Y145.105
G1 F1500 X149.134 Y139.931 E1115.09741
G0 F9000 X148.568 Y139.931
G1 F1500 X143.96 Y144.54 E1115.31418
G0 F9000 X143.96 Y143.974
G1 F1500 X148.002 Y139.931 E1115.50433
G0 F9000 X147.437 Y139.931
G1 F1500 X143.96 Y143.408 E1115.66788
G0 F9000 X143.96 Y142.843
G1 F1500 X146.871 Y139.931 E1115.80483
G0 F9000 X146.305 Y139.931
G1 F1500 X143.96 Y142.277 E1115.91515
G0 F9000 X143.96 Y141.711
G1 F1500 X145.74 Y139.931 E1115.99888
G0 F9000 X145.174 Y139.931
G1 F1500 X143.96 Y141.146 E1116.056
G0 F9000 X143.96 Y140.58
G1 F1500 X144.608 Y139.931 E1116.08651
G0 F9000 X144.043 Y139.931
G1 F1500 X143.96 Y140.014 E1116.09041
G0 F9000 X143.21 Y140.014
G1 F2700 E1111.09041
;MESH:batclipholder.stl(2)
G0 F9000 X142.422 Y138.404
G0 X142.422 Y137.309
G0 X142.422 Y97.691
G0 X142.422 Y96.596
G0 X142.422 Y95.799
;TYPE:WALL-INNER
G1 F2700 E1116.09041
G1 F1685.4 X142.422 Y94.76 E1116.12117
G1 X142.245 Y94.952 E1116.1289
G1 X141.973 Y95.021 E1116.1372
G1 X142.422 Y95.799 E1116.16379
G0 F9000 X142.346 Y96.424
G1 F1500 X142.8 Y96.424 E1116.17889
G1 X142.8 Y95.089 E1116.2233
G1 F1327.4 X142.748 Y94.607 E1116.24152
G1 F1075.3 X142.695 Y94.125 E1116.26402
G1 F1188.1 X142.15 Y94.586 E1116.29399
G1 F1500 X141.902 Y94.649 E1116.3025
G1 F1373 X141.263 Y94.477 E1116.32655
G1 X141.658 Y95.23 E1116.35744
G1 F1500 X142.346 Y96.424 E1116.40328
G0 F9000 X142.517 Y96.13
G0 X141.263 Y94.477
G1 F1239.7 X137.621 Y88.146 E1116.69722
G0 F9000 X141.785 Y95.013
G0 X142.441 Y94.839
G0 X142.7 Y92.492
G1 F991.7 X142.695 Y94.125 E1116.77937
G0 F9000 X142.962 Y92.055
G0 X146.769 Y91.092
G1 F1500 X151.6 Y91.092 E1116.94005
G1 X151.6 Y79.372 E1117.32986
G1 X143.4 Y79.372 E1117.60259
G1 X143.4 Y91.092 E1117.9924
G1 X146.769 Y91.092 E1118.10445
G0 F9000 X146.688 Y91.492
G1 F1500 X151.6 Y91.492 E1118.26782
G1 X152 Y91.625 E1118.28184
G1 X152 Y78.972 E1118.70269
G1 X143 Y78.972 E1119.00203
G1 X143 Y91.625 E1119.42287
G1 X143.4 Y91.492 E1119.43689
G1 X146.688 Y91.492 E1119.54625
G0 F9000 X146.607 Y91.892
G1 F1500 X151.6 Y91.892 E1119.71231
G1 X151.96 Y92.012 E1119.72494
G1 F1200 X152.3 Y92.492 E1119.74939
G1 X152.4 Y91.792 E1119.77879
G1 F1500 X152.4 Y78.572 E1120.21849
G1 X142.6 Y78.572 E1120.54444
G1 X142.6 Y91.792 E1120.98414
G1 F1200 X142.7 Y92.492 E1121.01353
G1 X143.04 Y92.012 E1121.03799
G1 F1500 X143.4 Y91.892 E1121.05061
G1 X146.607 Y91.892 E1121.15728
G0 F9000 X146.607 Y91.583
G0 X152.038 Y92.055
G0 X152.3 Y92.492
G1 F991.7 X152.305 Y94.125 E1121.23943
G0 F9000 X152.559 Y94.839
G0 X153.215 Y95.013
G0 X153.793 Y94.382
G1 F1271.2 X155.584 Y91.265 E1121.38052
G1 F1229.5 X157.376 Y88.148 E1121.52641
G0 F9000 X153.215 Y95.013
G0 X152.578 Y95.794
G1 F1694.9 X153.025 Y95.021 E1121.55269
G1 X152.752 Y94.95 E1121.56099
G1 X152.578 Y94.76 E1121.56858
G1 X152.578 Y95.794 E1121.59901
G0 F9000 X152.2 Y96.424
G1 F1500 X152.649 Y96.424 E1121.61395
G1 X153.336 Y95.235 E1121.65962
G1 F1388.9 X153.793 Y94.382 E1121.69438
G1 X153.091 Y94.649 E1121.72136
G1 F1500 X152.847 Y94.585 E1121.72975
G1 F1188.1 X152.305 Y94.125 E1121.7596
G1 F1075.3 X152.253 Y94.605 E1121.782
G1 F1327.4 X152.201 Y95.085 E1121.80015
G1 F1500 X152.2 Y96.424 E1121.84468
G1 F2700 E1116.84468
G0 F9000 X152.48 Y96.146
G0 X152.038 Y92.055
G0 X146.525 Y91.983
G0 X146.525 Y92.292
;TYPE:WALL-OUTER
G1 F2700 E1121.84468
G1 F1500 X151.6 Y92.292 E1122.01348
G1 X151.72 Y92.332 E1122.01769
G1 X151.8 Y92.492 E1122.02364
G1 X151.8 Y96.824 E1122.16772
G1 X152.88 Y96.824 E1122.20364
G1 X158.151 Y87.701 E1122.55408
G1 X157.117 Y87.7 E1122.58847
G1 X153.418 Y94.168 E1122.83629
G1 X153.193 Y94.262 E1122.8444
G1 X152.949 Y94.198 E1122.85279
G1 X152.802 Y94.039 E1122.85999
G1 X152.8 Y78.172 E1123.38773
G1 X142.2 Y78.172 E1123.74029
G1 X142.198 Y94.039 E1124.26803
G1 X142.05 Y94.198 E1124.27525
G1 X141.802 Y94.262 E1124.28377
G1 X141.598 Y94.197 E1124.29089
G1 X137.88 Y87.7 E1124.53986
G1 X136.848 Y87.7 E1124.57419
G1 X142.116 Y96.824 E1124.9246
G1 X143.2 Y96.824 E1124.96066
G1 X143.2 Y92.492 E1125.10474
G1 X143.28 Y92.332 E1125.11069
G1 X143.4 Y92.292 E1125.1149
G1 X146.525 Y92.292 E1125.21884
G0 F9000 X146.525 Y91.983
G0 X146.843 Y90.992
G0 X146.843 Y90.732
;TYPE:SKIN
G1 F1500 X143.76 Y90.732 E1125.32138
G1 X143.76 Y79.732 E1125.68724
G1 X151.24 Y79.732 E1125.93602
G1 X151.24 Y90.732 E1126.30189
G1 X146.843 Y90.732 E1126.44813
G0 F9000 X146.843 Y90.992
G0 X150.45 Y90.992
G0 X150.45 Y90.532
G1 F1500 X151.04 Y89.942 E1126.47588
G0 F9000 X151.04 Y89.376
G1 F1500 X149.884 Y90.532 E1126.53026
G0 F9000 X149.318 Y90.532
G1 F1500 X151.04 Y88.81 E1126.61126
G0 F9000 X151.04 Y88.245
G1 F1500 X148.753 Y90.532 E1126.71883
G0 F9000 X148.187 Y90.532
G1 F1500 X151.04 Y87.679 E1126.85303
G0 F9000 X151.04 Y87.113
G1 F1500 X147.621 Y90.532 E1127.01384
G0 F9000 X147.056 Y90.532
G1 F1500 X151.04 Y86.548 E1127.20124
G0 F9000 X151.04 Y85.982
G1 F1500 X146.49 Y90.532 E1127.41526
G0 F9000 X145.924 Y90.532
G1 F1500 X151.04 Y85.416 E1127.6559
G0 F9000 X151.04 Y84.851
G1 F1500 X145.359 Y90.532 E1127.92312
G0 F9000 X144.793 Y90.532
G1 F1500 X151.04 Y84.285 E1128.21696
G0 F9000 X151.04 Y83.719
G1 F1500 X144.227 Y90.532 E1128.53742
G0 F9000 X143.961 Y90.233
G1 F1500 X151.04 Y83.154 E1128.87039
G0 F9000 X151.04 Y82.588
G1 F1500 X143.961 Y89.668 E1129.20339
G0 F9000 X143.961 Y89.102
G1 F1500 X151.04 Y82.022 E1129.53639
G0 F9000 X151.04 Y81.457
G1 F1500 X143.961 Y88.536 E1129.86936
G0 F9000 X143.961 Y87.97
G1 F1500 X151.04 Y80.891 E1130.20234
G0 F9000 X151.04 Y80.325
G1 F1500 X143.961 Y87.405 E1130.53533
G0 F9000 X143.961 Y86.839
G1 F1500 X150.868 Y79.932 E1130.86022
G0 F9000 X150.302 Y79.932
G1 F1500 X143.961 Y86.273 E1131.15848
G0 F9000 X143.961 Y85.708
G1 F1500 X149.736 Y79.932 E1131.43014
G0 F9000 X149.171 Y79.932
G1 F1500 X143.961 Y85.142 E1131.6752
G0 F9000 X143.961 Y84.576
G1 F1500 X148.605 Y79.932 E1131.89364
G0 F9000 X148.039 Y79.932
G1 F1500 X143.961 Y84.011 E1132.08548
G0 F9000 X143.961 Y83.445
G1 F1500 X147.473 Y79.932 E1132.2507
G0 F9000 X146.908 Y79.932
G1 F1500 X143.961 Y82.879 E1132.38932
G0 F9000 X143.961 Y82.314
G1 F1500 X146.342 Y79.932 E1132.50134
G0 F9000 X145.776 Y79.932
G1 F1500 X143.961 Y81.748 E1132.58673
G0 F9000 X143.961 Y81.182
G1 F1500 X145.211 Y79.932 E1132.64553
G0 F9000 X144.645 Y79.932
G1 F1500 X143.961 Y80.617 E1132.67773
G0 F9000 X143.961 Y80.051
G1 F1500 X144.079 Y79.932 E1132.6833
G0 F9000 X144.079 Y79.184
G1 F2700 E1127.6833
;MESH:NONMESH
G0 F300 X144.079 Y79.184 Z4.6
G0 F9000 X143.572 Y79.544
G0 X142.43 Y88.146
G0 X141.335 Y88.146
G0 X138.383 Y86.841
G0 X136.55 Y86.841
G0 X98.712 Y88.462
G0 X77.621 Y88.146
;TIME_ELAPSED:2102.685632
;LAYER:22
;TYPE:WALL-INNER
;MESH:batclipholder.stl(1)
G1 F2700 E1132.6833
G1 F1239.7 X81.263 Y94.477 E1132.97724
G0 F9000 X81.785 Y95.013
G0 X82.441 Y94.839
G0 X82.695 Y94.125
G1 F991.7 X82.7 Y92.792 E1133.0443
G0 F9000 X82.422 Y95.799
G1 F1685.4 X82.422 Y94.76 E1133.07505
G1 X82.245 Y94.952 E1133.08278
G1 X81.973 Y95.021 E1133.09109
G1 X82.422 Y95.799 E1133.11768
G0 F9000 X82.8 Y96.424
G1 F1500 X82.8 Y95.089 E1133.16208
G1 F1327.4 X82.748 Y94.607 E1133.1803
G1 F1075.3 X82.695 Y94.125 E1133.2028
G1 F1188.1 X82.15 Y94.586 E1133.23278
G1 F1500 X81.902 Y94.649 E1133.24129
G1 F1373 X81.263 Y94.477 E1133.26533
G1 X81.658 Y95.23 E1133.29623
G1 F1500 X82.346 Y96.424 E1133.34206
G1 X82.8 Y96.424 E1133.35716
G0 F9000 X82.52 Y96.146
G0 X82.962 Y92.356
G0 X88.292 Y91.392
G1 F1500 X91.6 Y91.392 E1133.46719
G1 X91.6 Y79.372 E1133.86698
G1 X83.4 Y79.372 E1134.13971
G1 X83.4 Y91.392 E1134.5395
G1 X88.292 Y91.392 E1134.7022
G0 F9000 X88.373 Y91.792
G1 F1500 X91.6 Y91.792 E1134.80953
G1 X92 Y91.925 E1134.82356
G1 X92 Y78.972 E1135.25437
G1 X83 Y78.972 E1135.55371
G1 X83 Y91.925 E1135.98453
G1 X83.4 Y91.792 E1135.99855
G1 X88.373 Y91.792 E1136.16396
G0 F9000 X88.454 Y92.192
G1 F1500 X91.6 Y92.192 E1136.26859
G1 X91.96 Y92.312 E1136.28121
G1 F1200 X92.3 Y92.792 E1136.30567
G1 X92.4 Y92.092 E1136.33507
G1 F1500 X92.4 Y78.572 E1136.78474
G1 X82.6 Y78.572 E1137.11069
G1 X82.6 Y92.092 E1137.56037
G1 F1200 X82.7 Y92.792 E1137.58977
G1 X83.04 Y92.312 E1137.61422
G1 F1500 X83.4 Y92.192 E1137.62685
G1 X88.454 Y92.192 E1137.79494
G0 F9000 X88.455 Y91.885
G0 X92.038 Y92.357
G0 X92.3 Y92.792
G1 F991.7 X92.305 Y94.125 E1137.862
G0 F9000 X92.559 Y94.839
G0 X93.215 Y95.013
G0 X93.793 Y94.382
G1 F1271.2 X95.584 Y91.265 E1138.00309
G1 F1229.5 X97.376 Y88.148 E1138.14898
G0 F9000 X93.215 Y95.013
G0 X92.578 Y95.794
G1 F1694.9 X93.025 Y95.021 E1138.17527
G1 X92.752 Y94.95 E1138.18357
G1 X92.578 Y94.76 E1138.19115
G1 X92.578 Y95.794 E1138.22159
G0 F9000 X92.649 Y96.424
G1 F1500 X93.336 Y95.235 E1138.26726
G1 F1388.9 X93.793 Y94.382 E1138.30202
G1 X93.091 Y94.649 E1138.329
G1 F1500 X92.847 Y94.585 E1138.33739
G1 F1188.1 X92.305 Y94.125 E1138.36724
G1 F1075.3 X92.253 Y94.605 E1138.38964
G1 F1327.4 X92.201 Y95.085 E1138.40779
G1 F1500 X92.2 Y96.424 E1138.45232
G1 X92.649 Y96.424 E1138.46726
G1 F2700 E1133.46726
G0 F9000 X92.483 Y96.13
G0 X92.038 Y92.357
G0 X91.721 Y92.285
G0 X91.72 Y92.632
;TYPE:WALL-OUTER
G1 F2700 E1138.46726
G1 F1500 X91.8 Y92.792 E1138.47321
G1 X91.8 Y96.824 E1138.60731
G1 X92.88 Y96.824 E1138.64323
G1 X98.151 Y87.701 E1138.99367
G1 X97.117 Y87.7 E1139.02806
G1 X93.418 Y94.168 E1139.27588
G1 X93.193 Y94.262 E1139.28399
G1 X92.949 Y94.198 E1139.29238
G1 X92.802 Y94.039 E1139.29959
G1 X92.8 Y78.172 E1139.82732
G1 X82.2 Y78.172 E1140.17988
G1 X82.198 Y94.039 E1140.70762
G1 X82.05 Y94.198 E1140.71485
G1 X81.802 Y94.262 E1140.72336
G1 X81.598 Y94.197 E1140.73049
G1 X77.88 Y87.7 E1140.97946
G1 X76.848 Y87.7 E1141.01378
G1 X82.116 Y96.824 E1141.3642
G1 X83.2 Y96.824 E1141.40025
G1 X83.2 Y92.792 E1141.53436
G1 X83.28 Y92.632 E1141.54031
G1 X83.4 Y92.592 E1141.54451
G1 X88.536 Y92.592 E1141.71534
G1 X91.6 Y92.592 E1141.81725
G1 X91.72 Y92.632 E1141.82145
G0 F9000 X91.721 Y92.285
G0 X88.218 Y91.292
G0 X88.218 Y91.032
;TYPE:SKIN
G1 F1500 X83.76 Y91.032 E1141.96973
G1 X83.76 Y79.732 E1142.34557
G1 X91.24 Y79.732 E1142.59435
G1 X91.24 Y91.032 E1142.97019
G1 X88.218 Y91.032 E1143.07071
G0 F9000 X88.218 Y91.292
G0 X83.572 Y91.22
G0 X83.5 Y90.748
G0 X83.96 Y90.748
G1 F1500 X84.044 Y90.832 E1143.07466
G0 F9000 X84.61 Y90.832
G1 F1500 X83.96 Y90.182 E1143.10523
G0 F9000 X83.96 Y89.617
G1 F1500 X85.175 Y90.832 E1143.16238
G0 F9000 X85.741 Y90.832
G1 F1500 X83.96 Y89.051 E1143.24615
G0 F9000 X83.96 Y88.485
G1 F1500 X86.307 Y90.832 E1143.35655
G0 F9000 X86.872 Y90.832
G1 F1500 X83.96 Y87.92 E1143.49352
G0 F9000 X83.96 Y87.354
G1 F1500 X87.438 Y90.832 E1143.65711
G0 F9000 X88.004 Y90.832
G1 F1500 X83.96 Y86.788 E1143.84733
G0 F9000 X83.96 Y86.222
G1 F1500 X88.569 Y90.832 E1144.06415
G0 F9000 X89.135 Y90.832
G1 F1500 X83.96 Y85.657 E1144.30757
G0 F9000 X83.96 Y85.091
G1 F1500 X89.701 Y90.832 E1144.5776
G0 F9000 X90.266 Y90.832
G1 F1500 X83.96 Y84.525 E1144.87424
G0 F9000 X83.96 Y83.96
G1 F1500 X90.832 Y90.832 E1145.19748
G0 F9000 X91.04 Y90.474
G1 F1500 X83.96 Y83.394 E1145.5305
G0 F9000 X83.96 Y82.828
G1 F1500 X91.04 Y89.909 E1145.86355
G0 F9000 X91.04 Y89.343
G1 F1500 X83.96 Y82.263 E1146.19657
G0 F9000 X83.96 Y81.697
G1 F1500 X91.04 Y88.777 E1146.52959
G0 F9000 X91.04 Y88.212
G1 F1500 X83.96 Y81.131 E1146.86263
G0 F9000 X83.96 Y80.566
G1 F1500 X91.04 Y87.646 E1147.19566
G0 F9000 X91.04 Y87.08
G1 F1500 X83.96 Y80 E1147.52868
G0 F9000 X84.458 Y79.932
G1 F1500 X91.04 Y86.515 E1147.8383
G0 F9000 X91.04 Y85.949
G1 F1500 X85.023 Y79.932 E1148.12132
G0 F9000 X85.589 Y79.932
G1 F1500 X91.04 Y85.383 E1148.37772
G0 F9000 X91.04 Y84.817
G1 F1500 X86.155 Y79.932 E1148.60749
G0 F9000 X86.72 Y79.932
G1 F1500 X91.04 Y84.252 E1148.81069
G0 F9000 X91.04 Y83.686
G1 F1500 X87.286 Y79.932 E1148.98727
G0 F9000 X87.852 Y79.932
G1 F1500 X91.04 Y83.12 E1149.13722
G0 F9000 X91.04 Y82.555
G1 F1500 X88.417 Y79.932 E1149.2606
G0 F9000 X88.983 Y79.932
G1 F1500 X91.04 Y81.989 E1149.35736
G0 F9000 X91.04 Y81.423
G1 F1500 X89.549 Y79.932 E1149.42749
G0 F9000 X90.114 Y79.932
G1 F1500 X91.04 Y80.858 E1149.47104
G0 F9000 X91.04 Y80.292
G1 F1500 X90.68 Y79.932 E1149.48798
G0 F9000 X90.68 Y79.184
G1 F2700 E1144.48798
;MESH:batclipholder.stl
G0 F9000 X91.428 Y79.544
G0 X91.415 Y82.791
G0 X92.753 Y96.599
G0 X92.753 Y97.691
G0 X97.248 Y146.835
G0 X97.376 Y148.148
;TYPE:WALL-INNER
G1 F2700 E1149.48798
G1 F1229.5 X95.584 Y151.265 E1149.63387
G1 F1271.2 X93.793 Y154.382 E1149.77496
G0 F9000 X93.215 Y155.013
G0 X92.559 Y154.839
G0 X92.305 Y154.125
G1 F991.7 X92.3 Y152.792 E1149.84202
G0 F9000 X92.578 Y155.794
G1 F1694.9 X93.025 Y155.021 E1149.8683
G1 X92.752 Y154.95 E1149.8766
G1 X92.578 Y154.76 E1149.88419
G1 X92.578 Y155.794 E1149.91462
G0 F9000 X92.649 Y156.424
G1 F1500 X93.336 Y155.235 E1149.9603
G1 F1388.9 X93.793 Y154.382 E1149.99506
G1 X93.091 Y154.649 E1150.02204
G1 F1500 X92.847 Y154.585 E1150.03043
G1 F1188.1 X92.305 Y154.125 E1150.06028
G1 F1075.3 X92.253 Y154.605 E1150.08268
G1 F1327.4 X92.201 Y155.085 E1150.10082
G1 F1500 X92.2 Y156.424 E1150.14536
G1 X92.649 Y156.424 E1150.16029
G0 F9000 X92.483 Y156.13
G0 X92.038 Y152.357
G0 X88.834 Y151.392
G1 F1500 X91.6 Y151.392 E1150.25229
G1 X91.6 Y139.372 E1150.65208
G1 X83.4 Y139.372 E1150.92481
G1 X83.4 Y151.392 E1151.3246
G1 X88.834 Y151.392 E1151.50533
G0 F9000 X88.972 Y151.792
G1 F1500 X91.6 Y151.792 E1151.59274
G1 X92 Y151.925 E1151.60676
G1 X92 Y138.972 E1152.03758
G1 X83 Y138.972 E1152.33692
G1 X83 Y151.925 E1152.76774
G1 X83.4 Y151.792 E1152.78176
G1 X88.972 Y151.792 E1152.96709
G0 F9000 X89.109 Y152.192
G1 F1500 X91.6 Y152.192 E1153.04994
G1 X91.96 Y152.312 E1153.06256
G1 F1200 X92.3 Y152.792 E1153.08701
G1 X92.4 Y152.092 E1153.11641
G1 F1500 X92.4 Y138.572 E1153.56609
G1 X82.6 Y138.572 E1153.89204
G1 X82.6 Y152.092 E1154.34171
G1 F1200 X82.7 Y152.792 E1154.37111
G1 X83.04 Y152.312 E1154.39557
G1 F1500 X83.4 Y152.192 E1154.40819
G1 X89.109 Y152.192 E1154.59807
G0 F9000 X89.11 Y151.885
G0 X82.962 Y152.356
G0 X82.7 Y152.792
G1 F991.7 X82.695 Y154.125 E1154.66513
G0 F9000 X82.441 Y154.839
G0 X81.785 Y155.013
G0 X81.263 Y154.477
G1 F1239.7 X77.621 Y148.146 E1154.95907
G0 F9000 X81.785 Y155.013
G0 X82.422 Y155.799
G1 F1685.4 X82.422 Y154.76 E1154.98983
G1 X82.245 Y154.952 E1154.99756
G1 X81.973 Y155.021 E1155.00586
G1 X82.422 Y155.799 E1155.03245
G0 F9000 X82.8 Y156.424
G1 F1500 X82.8 Y155.089 E1155.07686
G1 F1327.4 X82.748 Y154.607 E1155.09508
G1 F1075.3 X82.695 Y154.125 E1155.11757
G1 F1188.1 X82.15 Y154.586 E1155.14755
G1 F1500 X81.902 Y154.649 E1155.15606
G1 F1373 X81.263 Y154.477 E1155.1801
G1 X81.658 Y155.23 E1155.211
G1 F1500 X82.346 Y156.424 E1155.25684
G1 X82.8 Y156.424 E1155.27194
G1 F2700 E1150.27194
G0 F9000 X82.52 Y156.146
G0 X82.962 Y152.356
G0 X91.721 Y152.285
G0 X91.72 Y152.632
;TYPE:WALL-OUTER
G1 F2700 E1155.27194
G1 F1500 X91.8 Y152.792 E1155.27789
G1 X91.8 Y156.824 E1155.41199
G1 X92.88 Y156.824 E1155.44791
G1 X98.151 Y147.701 E1155.79835
G1 X97.117 Y147.7 E1155.83274
G1 X93.418 Y154.168 E1156.08056
G1 X93.193 Y154.262 E1156.08867
G1 X92.949 Y154.198 E1156.09706
G1 X92.802 Y154.039 E1156.10426
G1 X92.8 Y138.172 E1156.632
G1 X82.2 Y138.172 E1156.98456
G1 X82.198 Y154.039 E1157.5123
G1 X82.05 Y154.198 E1157.51952
G1 X81.802 Y154.262 E1157.52804
G1 X81.598 Y154.197 E1157.53516
G1 X77.88 Y147.7 E1157.78414
G1 X76.848 Y147.7 E1157.81846
G1 X82.116 Y156.824 E1158.16888
G1 X83.2 Y156.824 E1158.20493
G1 X83.2 Y152.792 E1158.33904
G1 X83.28 Y152.632 E1158.34499
G1 X83.4 Y152.592 E1158.34919
G1 X89.246 Y152.592 E1158.54363
G1 X91.6 Y152.592 E1158.62193
G1 X91.72 Y152.632 E1158.62613
G0 F9000 X91.721 Y152.285
G0 X88.711 Y151.292
G0 X88.711 Y151.032
;TYPE:SKIN
G1 F1500 X83.76 Y151.032 E1158.7908
G1 X83.76 Y139.732 E1159.16664
G1 X91.24 Y139.732 E1159.41543
G1 X91.24 Y151.032 E1159.79127
G1 X88.711 Y151.032 E1159.87538
G0 F9000 X88.711 Y151.292
G0 X83.572 Y151.22
G0 X83.5 Y150.711
G0 X83.96 Y150.711
G1 F1500 X84.081 Y150.832 E1159.88107
G0 F9000 X84.646 Y150.832
G1 F1500 X83.96 Y150.145 E1159.91337
G0 F9000 X83.96 Y149.579
G1 F1500 X85.212 Y150.832 E1159.97228
G0 F9000 X85.778 Y150.832
G1 F1500 X83.96 Y149.014 E1160.05779
G0 F9000 X83.96 Y148.448
G1 F1500 X86.343 Y150.832 E1160.1699
G0 F9000 X86.909 Y150.832
G1 F1500 X83.96 Y147.882 E1160.30864
G0 F9000 X83.96 Y147.317
G1 F1500 X87.475 Y150.832 E1160.47398
G0 F9000 X88.04 Y150.832
G1 F1500 X83.96 Y146.751 E1160.66591
G0 F9000 X83.96 Y146.185
G1 F1500 X88.606 Y150.832 E1160.88447
G0 F9000 X89.172 Y150.832
G1 F1500 X83.96 Y145.619 E1161.12965
G0 F9000 X83.96 Y145.054
G1 F1500 X89.738 Y150.832 E1161.40143
G0 F9000 X90.303 Y150.832
G1 F1500 X83.96 Y144.488 E1161.6998
G0 F9000 X83.96 Y143.922
G1 F1500 X90.869 Y150.832 E1162.02481
G0 F9000 X91.04 Y150.437
G1 F1500 X83.96 Y143.357 E1162.35783
G0 F9000 X83.96 Y142.791
G1 F1500 X91.04 Y149.871 E1162.69085
G0 F9000 X91.04 Y149.306
G1 F1500 X83.96 Y142.225 E1163.02389
G0 F9000 X83.96 Y141.66
G1 F1500 X91.04 Y148.74 E1163.35692
G0 F9000 X91.04 Y148.174
G1 F1500 X83.96 Y141.094 E1163.68994
G0 F9000 X83.96 Y140.528
G1 F1500 X91.04 Y147.609 E1164.02298
G0 F9000 X91.04 Y147.043
G1 F1500 X83.96 Y139.963 E1164.356
G0 F9000 X84.495 Y139.932
G1 F1500 X91.04 Y146.477 E1164.66386
G0 F9000 X91.04 Y145.911
G1 F1500 X85.061 Y139.932 E1164.94509
G0 F9000 X85.626 Y139.932
G1 F1500 X91.04 Y145.346 E1165.19975
G0 F9000 X91.04 Y144.78
G1 F1500 X86.192 Y139.932 E1165.42779
G0 F9000 X86.758 Y139.932
G1 F1500 X91.04 Y144.214 E1165.6292
G0 F9000 X91.04 Y143.649
G1 F1500 X87.323 Y139.932 E1165.80404
G0 F9000 X87.889 Y139.932
G1 F1500 X91.04 Y143.083 E1165.95225
G0 F9000 X91.04 Y142.517
G1 F1500 X88.455 Y139.932 E1166.07384
G0 F9000 X89.021 Y139.932
G1 F1500 X91.04 Y141.952 E1166.16883
G0 F9000 X91.04 Y141.386
G1 F1500 X89.586 Y139.932 E1166.23722
G0 F9000 X90.152 Y139.932
G1 F1500 X91.04 Y140.82 E1166.27899
G0 F9000 X91.04 Y140.255
G1 F1500 X90.718 Y139.932 E1166.29416
G0 F9000 X90.718 Y139.184
G1 F2700 E1161.29416
;MESH:batclipholder.stl(3)
G0 F9000 X91.428 Y139.544
G0 X92.57 Y148.146
G0 X93.665 Y148.146
G0 X96.617 Y146.841
G0 X98.45 Y146.841
G0 X136.289 Y148.463
G0 X137.621 Y148.146
;TYPE:WALL-INNER
G1 F2700 E1166.29416
G1 F1239.7 X141.263 Y154.477 E1166.5881
G0 F9000 X141.785 Y155.013
G0 X142.441 Y154.839
G0 X142.695 Y154.125
G1 F991.7 X142.7 Y152.792 E1166.65516
G0 F9000 X142.422 Y155.799
G1 F1685.4 X142.422 Y154.76 E1166.68592
G1 X142.245 Y154.952 E1166.69365
G1 X141.973 Y155.021 E1166.70195
G1 X142.422 Y155.799 E1166.72854
G0 F9000 X142.346 Y156.424
G1 F1500 X142.8 Y156.424 E1166.74364
G1 X142.8 Y155.089 E1166.78804
G1 F1327.4 X142.748 Y154.607 E1166.80627
G1 F1075.3 X142.695 Y154.125 E1166.82876
G1 F1188.1 X142.15 Y154.586 E1166.85874
G1 F1500 X141.902 Y154.649 E1166.86725
G1 F1373 X141.263 Y154.477 E1166.89129
G1 X141.658 Y155.23 E1166.92219
G1 F1500 X142.346 Y156.424 E1166.96803
G0 F9000 X142.517 Y156.13
G0 X142.962 Y152.356
G0 X146.166 Y151.392
G1 F1500 X151.6 Y151.392 E1167.14876
G1 X151.6 Y139.372 E1167.54855
G1 X143.4 Y139.372 E1167.82128
G1 X143.4 Y151.392 E1168.22107
G1 X146.166 Y151.392 E1168.31307
G0 F9000 X146.028 Y151.792
G1 F1500 X151.6 Y151.792 E1168.49839
G1 X152 Y151.925 E1168.51241
G1 X152 Y138.972 E1168.94323
G1 X143 Y138.972 E1169.24257
G1 X143 Y151.925 E1169.67339
G1 X143.4 Y151.792 E1169.68741
G1 X146.028 Y151.792 E1169.77482
G0 F9000 X145.891 Y152.192
G1 F1500 X151.6 Y152.192 E1169.9647
G1 X151.96 Y152.312 E1169.97732
G1 F1200 X152.3 Y152.792 E1170.00178
G1 X152.4 Y152.092 E1170.03117
G1 F1500 X152.4 Y138.572 E1170.48085
G1 X142.6 Y138.572 E1170.8068
G1 X142.6 Y152.092 E1171.25648
G1 F1200 X142.7 Y152.792 E1171.28588
G1 X143.04 Y152.312 E1171.31033
G1 F1500 X143.4 Y152.192 E1171.32295
G1 X145.891 Y152.192 E1171.4058
G0 F9000 X145.892 Y151.885
G0 X152.038 Y152.357
G0 X152.3 Y152.792
G1 F991.7 X152.305 Y154.125 E1171.47286
G0 F9000 X152.559 Y154.839
G0 X153.215 Y155.013
G0 X153.793 Y154.382
G1 F1271.2 X155.584 Y151.265 E1171.61395
G1 F1229.5 X157.376 Y148.148 E1171.75984
G0 F9000 X153.215 Y155.013
G0 X152.578 Y155.794
G1 F1694.9 X153.025 Y155.021 E1171.78613
G1 X152.752 Y154.95 E1171.79443
G1 X152.578 Y154.76 E1171.80201
G1 X152.578 Y155.794 E1171.83245
G0 F9000 X152.2 Y156.424
G1 F1500 X152.649 Y156.424 E1171.84738
G1 X153.336 Y155.235 E1171.89306
G1 F1388.9 X153.793 Y154.382 E1171.92782
G1 X153.091 Y154.649 E1171.9548
G1 F1500 X152.847 Y154.585 E1171.96319
G1 F1188.1 X152.305 Y154.125 E1171.99304
G1 F1075.3 X152.253 Y154.605 E1172.01544
G1 F1327.4 X152.201 Y155.085 E1172.03358
G1 F1500 X152.2 Y156.424 E1172.07812
G1 F2700 E1167.07812
G0 F9000 X152.48 Y156.146
G0 X152.038 Y152.357
G0 X143.281 Y152.285
G0 X143.28 Y152.632
;TYPE:WALL-OUTER
G1 F2700 E1172.07812
G1 F1500 X143.4 Y152.592 E1172.08233
G1 X145.754 Y152.592 E1172.16062
G1 X151.6 Y152.592 E1172.35506
G1 X151.72 Y152.632 E1172.35927
G1 X151.8 Y152.792 E1172.36522
G1 X151.8 Y156.824 E1172.49932
G1 X152.88 Y156.824 E1172.53524
G1 X158.151 Y147.701 E1172.88568
G1 X157.117 Y147.7 E1172.92007
G1 X153.418 Y154.168 E1173.16789
G1 X153.193 Y154.262 E1173.176
G1 X152.949 Y154.198 E1173.18439
G1 X152.802 Y154.039 E1173.19159
G1 X152.8 Y138.172 E1173.71933
G1 X142.2 Y138.172 E1174.07189
G1 X142.198 Y154.039 E1174.59963
G1 X142.05 Y154.198 E1174.60685
G1 X141.802 Y154.262 E1174.61537
G1 X141.598 Y154.197 E1174.62249
G1 X137.88 Y147.7 E1174.87147
G1 X136.848 Y147.7 E1174.90579
G1 X142.116 Y156.824 E1175.25621
G1 X143.2 Y156.824 E1175.29226
G1 X143.2 Y152.792 E1175.42637
G1 X143.28 Y152.632 E1175.43232
G0 F9000 X143.281 Y152.285
G0 X146.289 Y151.292
G0 X146.289 Y151.032
;TYPE:SKIN
G1 F1500 X143.76 Y151.032 E1175.51643
G1 X143.76 Y139.732 E1175.89227
G1 X151.24 Y139.732 E1176.14106
G1 X151.24 Y151.032 E1176.51689
G1 X146.289 Y151.032 E1176.68157
G0 F9000 X146.289 Y151.292
G0 X144.043 Y151.292
G0 X144.043 Y150.832
G1 F1500 X143.96 Y150.748 E1176.68549
G0 F9000 X143.96 Y150.182
G1 F1500 X144.609 Y150.832 E1176.71604
G0 F9000 X145.175 Y150.832
G1 F1500 X143.96 Y149.617 E1176.77319
G0 F9000 X143.96 Y149.051
G1 F1500 X145.74 Y150.832 E1176.85694
G0 F9000 X146.306 Y150.832
G1 F1500 X143.96 Y148.485 E1176.96732
G0 F9000 X143.96 Y147.92
G1 F1500 X146.872 Y150.832 E1177.10429
G0 F9000 X147.437 Y150.832
G1 F1500 X143.96 Y147.354 E1177.26786
G0 F9000 X143.96 Y146.788
G1 F1500 X148.003 Y150.832 E1177.45805
G0 F9000 X148.569 Y150.832
G1 F1500 X143.96 Y146.223 E1177.67484
G0 F9000 X143.96 Y145.657
G1 F1500 X149.134 Y150.832 E1177.91824
G0 F9000 X149.7 Y150.832
G1 F1500 X143.96 Y145.091 E1178.18825
G0 F9000 X143.96 Y144.526
G1 F1500 X150.266 Y150.832 E1178.48487
G0 F9000 X150.832 Y150.832
G1 F1500 X143.96 Y143.96 E1178.80811
G0 F9000 X143.96 Y143.394
G1 F1500 X151.04 Y150.474 E1179.14113
G0 F9000 X151.04 Y149.909
G1 F1500 X143.96 Y142.828 E1179.47417
G0 F9000 X143.96 Y142.263
G1 F1500 X151.04 Y149.343 E1179.80719
G0 F9000 X151.04 Y148.777
G1 F1500 X143.96 Y141.697 E1180.14022
G0 F9000 X143.96 Y141.131
G1 F1500 X151.04 Y148.212 E1180.47326
G0 F9000 X151.04 Y147.646
G1 F1500 X143.96 Y140.566 E1180.80628
G0 F9000 X143.96 Y140
G1 F1500 X151.04 Y147.08 E1181.1393
G0 F9000 X151.04 Y146.515
G1 F1500 X144.458 Y139.932 E1181.44892
G0 F9000 X145.023 Y139.932
G1 F1500 X151.04 Y145.949 E1181.73195
G0 F9000 X151.04 Y145.383
G1 F1500 X145.589 Y139.932 E1181.98834
G0 F9000 X146.155 Y139.932
G1 F1500 X151.04 Y144.818 E1182.21814
G0 F9000 X151.04 Y144.252
G1 F1500 X146.72 Y139.932 E1182.42134
G0 F9000 X147.286 Y139.932
G1 F1500 X151.04 Y143.686 E1182.59792
G0 F9000 X151.04 Y143.121
G1 F1500 X147.852 Y139.932 E1182.7479
G0 F9000 X148.417 Y139.932
G1 F1500 X151.04 Y142.555 E1182.87127
G0 F9000 X151.04 Y141.989
G1 F1500 X148.983 Y139.932 E1182.96803
G0 F9000 X149.549 Y139.932
G1 F1500 X151.04 Y141.423 E1183.03816
G0 F9000 X151.04 Y140.858
G1 F1500 X150.115 Y139.932 E1183.08169
G0 F9000 X150.68 Y139.932
G1 F1500 X151.04 Y140.292 E1183.09863
G0 F9000 X151.79 Y140.292
G1 F2700 E1178.09863
;MESH:batclipholder.stl(2)
G0 F9000 X152.578 Y138.404
G0 X152.578 Y137.309
G0 X152.578 Y97.691
G0 X152.578 Y96.596
G0 X152.578 Y95.794
;TYPE:WALL-INNER
G1 F2700 E1183.09863
G1 F1694.9 X153.025 Y95.021 E1183.12491
G1 X152.752 Y94.95 E1183.13321
G1 X152.578 Y94.76 E1183.1408
G1 X152.578 Y95.794 E1183.17123
G0 F9000 X152.2 Y96.424
G1 F1500 X152.649 Y96.424 E1183.18617
G1 X153.336 Y95.235 E1183.23184
G1 F1388.9 X153.793 Y94.382 E1183.2666
G1 X153.091 Y94.649 E1183.29358
G1 F1500 X152.847 Y94.585 E1183.30197
G1 F1188.1 X152.305 Y94.125 E1183.33182
G1 F1075.3 X152.253 Y94.605 E1183.35422
G1 F1327.4 X152.201 Y95.085 E1183.37237
G1 F1500 X152.2 Y96.424 E1183.4169
G0 F9000 X152.48 Y96.146
G0 X152.305 Y94.125
G1 F991.7 X152.3 Y92.792 E1183.48396
G0 F9000 X152.559 Y94.839
G0 X153.215 Y95.013
G0 X153.793 Y94.382
G1 F1271.2 X155.584 Y91.265 E1183.62505
G1 F1229.5 X157.376 Y88.148 E1183.77094
G0 F9000 X153.215 Y95.013
G0 X152.559 Y94.839
G0 X152.553 Y89.615
G0 X151.682 Y91.474
G0 X146.708 Y91.392
G1 F1500 X151.6 Y91.392 E1183.93365
G1 X151.6 Y79.372 E1184.33344
G1 X143.4 Y79.372 E1184.60617
G1 X143.4 Y91.392 E1185.00596
G1 X146.708 Y91.392 E1185.11598
G0 F9000 X146.627 Y91.792
G1 F1500 X151.6 Y91.792 E1185.28139
G1 X152 Y91.925 E1185.29541
G1 X152 Y78.972 E1185.72622
G1 X143 Y78.972 E1186.02557
G1 X143 Y91.925 E1186.45638
G1 X143.4 Y91.792 E1186.4704
G1 X146.627 Y91.792 E1186.57773
G0 F9000 X146.546 Y92.192
G1 F1500 X151.6 Y92.192 E1186.74583
G1 X151.96 Y92.312 E1186.75845
G1 F1200 X152.3 Y92.792 E1186.78291
G1 X152.4 Y92.092 E1186.81231
G1 F1500 X152.4 Y78.572 E1187.26198
G1 X142.6 Y78.572 E1187.58793
G1 X142.6 Y92.092 E1188.03761
G1 F1200 X142.7 Y92.792 E1188.06701
G1 X143.04 Y92.312 E1188.09146
G1 F1500 X143.4 Y92.192 E1188.10408
G1 X146.546 Y92.192 E1188.20872
G0 F9000 X146.547 Y91.885
G0 X142.962 Y92.356
G0 X142.7 Y92.792
G1 F991.7 X142.695 Y94.125 E1188.27578
G0 F9000 X142.441 Y94.839
G0 X141.785 Y95.013
G0 X141.263 Y94.477
G1 F1239.7 X137.621 Y88.146 E1188.56972
G0 F9000 X141.785 Y95.013
G0 X142.422 Y95.799
G1 F1685.4 X142.422 Y94.76 E1188.60048
G1 X142.245 Y94.952 E1188.60821
G1 X141.973 Y95.021 E1188.61651
G1 X142.422 Y95.799 E1188.6431
G0 F9000 X142.346 Y96.424
G1 F1500 X142.8 Y96.424 E1188.6582
G1 X142.8 Y95.089 E1188.7026
G1 F1327.4 X142.748 Y94.607 E1188.72082
G1 F1075.3 X142.695 Y94.125 E1188.74332
G1 F1188.1 X142.15 Y94.586 E1188.7733
G1 F1500 X141.902 Y94.649 E1188.78181
G1 F1373 X141.263 Y94.477 E1188.80585
G1 X141.658 Y95.23 E1188.83675
G1 F1500 X142.346 Y96.424 E1188.88258
G1 F2700 E1183.88258
G0 F9000 X142.517 Y96.13
G0 X142.962 Y92.356
G0 X143.281 Y92.285
G0 X143.28 Y92.632
;TYPE:WALL-OUTER
G1 F2700 E1188.88258
G1 F1500 X143.4 Y92.592 E1188.88679
G1 X146.464 Y92.592 E1188.9887
G1 X151.6 Y92.592 E1189.15953
G1 X151.72 Y92.632 E1189.16373
G1 X151.8 Y92.792 E1189.16968
G1 X151.8 Y96.824 E1189.30379
G1 X152.88 Y96.824 E1189.33971
G1 X158.151 Y87.701 E1189.69014
G1 X157.117 Y87.7 E1189.72454
G1 X153.418 Y94.168 E1189.97236
G1 X153.193 Y94.262 E1189.98047
G1 X152.949 Y94.198 E1189.98886
G1 X152.802 Y94.039 E1189.99606
G1 X152.8 Y78.172 E1190.5238
G1 X142.2 Y78.172 E1190.87636
G1 X142.198 Y94.039 E1191.40409
G1 X142.05 Y94.198 E1191.41132
G1 X141.802 Y94.262 E1191.41984
G1 X141.598 Y94.197 E1191.42696
G1 X137.88 Y87.7 E1191.67593
G1 X136.848 Y87.7 E1191.71026
G1 X142.116 Y96.824 E1192.06067
G1 X143.2 Y96.824 E1192.09673
G1 X143.2 Y92.792 E1192.23083
G1 X143.28 Y92.632 E1192.23678
G0 F9000 X143.281 Y92.285
G0 X146.782 Y91.292
G0 X146.782 Y91.032
;TYPE:SKIN
G1 F1500 X143.76 Y91.032 E1192.33729
G1 X143.76 Y79.732 E1192.71313
G1 X151.24 Y79.732 E1192.96192
G1 X151.24 Y91.032 E1193.33776
G1 X146.782 Y91.032 E1193.48603
G0 F9000 X146.782 Y91.292
G0 X143.572 Y91.22
G0 X143.5 Y90.22
G0 X143.96 Y90.22
G1 F1500 X144.572 Y90.832 E1193.51482
G0 F9000 X145.138 Y90.832
G1 F1500 X143.96 Y89.654 E1193.57023
G0 F9000 X143.96 Y89.088
G1 F1500 X145.704 Y90.832 E1193.65226
G0 F9000 X146.269 Y90.832
G1 F1500 X143.96 Y88.523 E1193.76087
G0 F9000 X143.96 Y87.957
G1 F1500 X146.835 Y90.832 E1193.8961
G0 F9000 X147.401 Y90.832
G1 F1500 X143.96 Y87.391 E1194.05795
G0 F9000 X143.96 Y86.826
G1 F1500 X147.966 Y90.832 E1194.24638
G0 F9000 X148.532 Y90.832
G1 F1500 X143.96 Y86.26 E1194.46144
G0 F9000 X143.96 Y85.694
G1 F1500 X149.098 Y90.832 E1194.70311
G0 F9000 X149.663 Y90.832
G1 F1500 X143.96 Y85.129 E1194.97136
G0 F9000 X143.96 Y84.563
G1 F1500 X150.229 Y90.832 E1195.26624
G0 F9000 X150.795 Y90.832
G1 F1500 X143.96 Y83.997 E1195.58774
G0 F9000 X143.96 Y83.432
G1 F1500 X151.04 Y90.512 E1195.92076
G0 F9000 X151.04 Y89.946
G1 F1500 X143.96 Y82.866 E1196.25378
G0 F9000 X143.96 Y82.3
G1 F1500 X151.04 Y89.38 E1196.5868
G0 F9000 X151.04 Y88.815
G1 F1500 X143.96 Y81.734 E1196.91985
G0 F9000 X143.96 Y81.169
G1 F1500 X151.04 Y88.249 E1197.25287
G0 F9000 X151.04 Y87.683
G1 F1500 X143.96 Y80.603 E1197.58589
G0 F9000 X143.96 Y80.037
G1 F1500 X151.04 Y87.118 E1197.91893
G0 F9000 X151.04 Y86.552
G1 F1500 X144.42 Y79.932 E1198.23032
G0 F9000 X144.986 Y79.932
G1 F1500 X151.04 Y85.986 E1198.51508
G0 F9000 X151.04 Y85.421
G1 F1500 X145.552 Y79.932 E1198.77324
G0 F9000 X146.117 Y79.932
G1 F1500 X151.04 Y84.855 E1199.0048
G0 F9000 X151.04 Y84.289
G1 F1500 X146.683 Y79.932 E1199.20974
G0 F9000 X147.249 Y79.932
G1 F1500 X151.04 Y83.724 E1199.38809
G0 F9000 X151.04 Y83.158
G1 F1500 X147.814 Y79.932 E1199.53983
G0 F9000 X148.38 Y79.932
G1 F1500 X151.04 Y82.592 E1199.66494
G0 F9000 X151.04 Y82.027
G1 F1500 X148.946 Y79.932 E1199.76346
G0 F9000 X149.511 Y79.932
G1 F1500 X151.04 Y81.461 E1199.83538
G0 F9000 X151.04 Y80.895
G1 F1500 X150.077 Y79.932 E1199.88068
G0 F9000 X150.643 Y79.932
G1 F1500 X151.04 Y80.329 E1199.89935
G0 F9000 X151.79 Y80.329
G1 F2700 E1194.89935
;MESH:NONMESH
G0 F300 X151.79 Y80.329 Z4.8
G0 F9000 X151.428 Y79.544
G0 X143.572 Y79.544
G0 X142.43 Y88.146
G0 X141.335 Y88.146
G0 X138.383 Y86.841
G0 X136.55 Y86.841
G0 X98.712 Y88.462
G0 X77.621 Y88.146
;TIME_ELAPSED:2214.976587
;LAYER:23
;TYPE:WALL-INNER
;MESH:batclipholder.stl(1)
G1 F2700 E1199.89935
G1 F1239.7 X81.263 Y94.477 E1200.19329
G0 F9000 X81.785 Y95.013
G0 X82.441 Y94.839
G0 X82.695 Y94.125
G1 F991.7 X82.7 Y92.928 E1200.25351
G0 F9000 X82.422 Y95.799
G1 F1685.4 X82.422 Y94.76 E1200.28427
G1 X82.245 Y94.952 E1200.292
G1 X81.973 Y95.021 E1200.3003
G1 X82.422 Y95.799 E1200.32689
G0 F9000 X82.8 Y96.424
G1 F1500 X82.8 Y95.089 E1200.3713
G1 F1327.4 X82.748 Y94.607 E1200.38952
G1 F1075.3 X82.695 Y94.125 E1200.41201
G1 F1188.1 X82.15 Y94.586 E1200.44199
G1 F1500 X81.902 Y94.649 E1200.4505
G1 F1373 X81.263 Y94.477 E1200.47454
G1 X81.658 Y95.23 E1200.50544
G1 F1500 X82.346 Y96.424 E1200.55128
G1 X82.8 Y96.424 E1200.56638
G0 F9000 X82.52 Y96.146
G0 X82.962 Y92.491
G0 X88.319 Y91.528
G1 F1500 X91.6 Y91.528 E1200.6755
G1 X91.6 Y79.372 E1201.07981
G1 X83.4 Y79.372 E1201.35255
G1 X83.4 Y91.528 E1201.75686
G1 X88.319 Y91.528 E1201.92046
G0 F9000 X88.401 Y91.928
G1 F1500 X91.6 Y91.928 E1202.02686
G1 X92 Y92.061 E1202.04088
G1 X92 Y78.972 E1202.47622
G1 X83 Y78.972 E1202.77557
G1 X83 Y92.061 E1203.21091
G1 X83.4 Y91.928 E1203.22493
G1 X88.401 Y91.928 E1203.39126
G0 F9000 X88.482 Y92.328
G1 F1500 X91.6 Y92.328 E1203.49497
G1 X91.96 Y92.448 E1203.50759
G1 F1200 X92.3 Y92.928 E1203.53204
G1 X92.4 Y92.228 E1203.56144
G1 F1500 X92.4 Y78.572 E1204.01564
G1 X82.6 Y78.572 E1204.34159
G1 X82.6 Y92.228 E1204.79579
G1 F1200 X82.7 Y92.928 E1204.82519
G1 X83.04 Y92.448 E1204.84964
G1 F1500 X83.4 Y92.328 E1204.86227
G1 X88.482 Y92.328 E1205.03129
G0 F9000 X88.482 Y92.019
G0 X92.038 Y92.491
G0 X92.3 Y92.928
G1 F991.7 X92.305 Y94.125 E1205.09151
G0 F9000 X92.559 Y94.839
G0 X93.215 Y95.013
G0 X93.793 Y94.382
G1 F1271.2 X95.584 Y91.265 E1205.2326
G1 F1229.5 X97.376 Y88.148 E1205.37849
G0 F9000 X93.215 Y95.013
G0 X92.578 Y95.794
G1 F1694.9 X93.025 Y95.021 E1205.40478
G1 X92.752 Y94.95 E1205.41308
G1 X92.578 Y94.76 E1205.42066
G1 X92.578 Y95.794 E1205.4511
G0 F9000 X92.649 Y96.424
G1 F1500 X93.336 Y95.235 E1205.49677
G1 F1388.9 X93.793 Y94.382 E1205.53153
G1 X93.091 Y94.649 E1205.55851
G1 F1500 X92.847 Y94.585 E1205.5669
G1 F1188.1 X92.305 Y94.125 E1205.59675
G1 F1075.3 X92.253 Y94.605 E1205.61915
G1 F1327.4 X92.201 Y95.085 E1205.6373
G1 F1500 X92.2 Y96.424 E1205.68183
G1 X92.649 Y96.424 E1205.69677
G1 F2700 E1200.69677
G0 F9000 X92.483 Y96.13
G0 X92.038 Y92.491
G0 X88.563 Y92.419
G0 X88.563 Y92.728
;TYPE:WALL-OUTER
G1 F2700 E1205.69677
G1 F1500 X91.6 Y92.728 E1205.79778
G1 X91.72 Y92.768 E1205.80199
G1 X91.8 Y92.928 E1205.80794
G1 X91.8 Y96.824 E1205.93752
G1 X92.88 Y96.824 E1205.97344
G1 X98.151 Y87.701 E1206.32388
G1 X97.117 Y87.7 E1206.35827
G1 X93.418 Y94.168 E1206.60609
G1 X93.193 Y94.262 E1206.6142
G1 X92.949 Y94.198 E1206.62259
G1 X92.802 Y94.039 E1206.62979
G1 X92.8 Y78.172 E1207.15753
G1 X82.2 Y78.172 E1207.51009
G1 X82.198 Y94.039 E1208.03783
G1 X82.05 Y94.198 E1208.04505
G1 X81.802 Y94.262 E1208.05357
G1 X81.598 Y94.197 E1208.06069
G1 X77.88 Y87.7 E1208.30966
G1 X76.848 Y87.7 E1208.34399
G1 X82.116 Y96.824 E1208.6944
G1 X83.2 Y96.824 E1208.73046
G1 X83.2 Y92.928 E1208.86004
G1 X83.28 Y92.768 E1208.86599
G1 X83.4 Y92.728 E1208.8702
G1 X88.563 Y92.728 E1209.04192
G0 F9000 X88.563 Y92.419
G0 X88.246 Y91.428
G0 X88.246 Y91.168
;TYPE:SKIN
G1 F1500 X83.76 Y91.168 E1209.19112
G1 X83.76 Y79.732 E1209.57149
G1 X91.24 Y79.732 E1209.82027
G1 X91.24 Y91.168 E1210.20063
G1 X88.246 Y91.168 E1210.30022
G0 F9000 X88.246 Y91.428
G0 X90.617 Y91.428
G0 X90.617 Y90.968
G1 F1500 X91.04 Y90.545 E1210.32011
G0 F9000 X91.04 Y89.979
G1 F1500 X90.051 Y90.968 E1210.36663
G0 F9000 X89.486 Y90.968
G1 F1500 X91.04 Y89.414 E1210.43973
G0 F9000 X91.04 Y88.848
G1 F1500 X88.92 Y90.968 E1210.53945
G0 F9000 X88.354 Y90.968
G1 F1500 X91.04 Y88.282 E1210.66579
G0 F9000 X91.04 Y87.717
G1 F1500 X87.789 Y90.968 E1210.8187
G0 F9000 X87.223 Y90.968
G1 F1500 X91.04 Y87.151 E1210.99824
G0 F9000 X91.04 Y86.585
G1 F1500 X86.657 Y90.968 E1211.20441
G0 F9000 X86.092 Y90.968
G1 F1500 X91.04 Y86.02 E1211.43715
G0 F9000 X91.04 Y85.454
G1 F1500 X85.526 Y90.968 E1211.69651
G0 F9000 X84.96 Y90.968
G1 F1500 X91.04 Y84.888 E1211.98249
G0 F9000 X91.04 Y84.322
G1 F1500 X84.395 Y90.968 E1212.29508
G0 F9000 X83.96 Y90.836
G1 F1500 X91.04 Y83.757 E1212.62807
G0 F9000 X91.04 Y83.191
G1 F1500 X83.96 Y90.271 E1212.9611
G0 F9000 X83.96 Y89.705
G1 F1500 X91.04 Y82.625 E1213.29412
G0 F9000 X91.04 Y82.06
G1 F1500 X83.96 Y89.139 E1213.62711
G0 F9000 X83.96 Y88.574
G1 F1500 X91.04 Y81.494 E1213.96014
G0 F9000 X91.04 Y80.928
G1 F1500 X83.96 Y88.008 E1214.29316
G0 F9000 X83.96 Y87.442
G1 F1500 X91.04 Y80.363 E1214.62616
G0 F9000 X90.906 Y79.931
G1 F1500 X83.96 Y86.877 E1214.95287
G0 F9000 X83.96 Y86.311
G1 F1500 X90.34 Y79.931 E1215.25297
G0 F9000 X89.774 Y79.931
G1 F1500 X83.96 Y85.745 E1215.52644
G0 F9000 X83.96 Y85.179
G1 F1500 X89.209 Y79.931 E1215.77332
G0 F9000 X88.643 Y79.931
G1 F1500 X83.96 Y84.614 E1215.99359
G0 F9000 X83.96 Y84.048
G1 F1500 X88.077 Y79.931 E1216.18724
G0 F9000 X87.512 Y79.931
G1 F1500 X83.96 Y83.482 E1216.35429
G0 F9000 X83.96 Y82.917
G1 F1500 X86.946 Y79.931 E1216.49474
G0 F9000 X86.38 Y79.931
G1 F1500 X83.96 Y82.351 E1216.60857
G0 F9000 X83.96 Y81.785
G1 F1500 X85.814 Y79.931 E1216.69578
G0 F9000 X85.249 Y79.931
G1 F1500 X83.96 Y81.22 E1216.75641
G0 F9000 X83.96 Y80.654
G1 F1500 X84.683 Y79.931 E1216.79042
G0 F9000 X84.117 Y79.931
G1 F1500 X83.96 Y80.088 E1216.7978
G0 F9000 X83.21 Y80.088
G1 F2700 E1211.7978
;MESH:batclipholder.stl
G0 F9000 X82.441 Y94.839
G0 X82.247 Y96.599
G0 X82.247 Y97.691
G0 X77.752 Y146.835
G0 X77.621 Y148.146
;TYPE:WALL-INNER
G1 F2700 E1216.7978
G1 F1239.7 X81.263 Y154.477 E1217.09174
G0 F9000 X81.785 Y155.013
G0 X82.441 Y154.839
G0 X82.695 Y154.125
G1 F991.7 X82.7 Y152.928 E1217.15196
G0 F9000 X82.422 Y155.799
G1 F1685.4 X82.422 Y154.76 E1217.18272
G1 X82.245 Y154.952 E1217.19045
G1 X81.973 Y155.021 E1217.19875
G1 X82.422 Y155.799 E1217.22534
G0 F9000 X82.8 Y156.424
G1 F1500 X82.8 Y155.089 E1217.26975
G1 F1327.4 X82.748 Y154.607 E1217.28797
G1 F1075.3 X82.695 Y154.125 E1217.31047
G1 F1188.1 X82.15 Y154.586 E1217.34044
G1 F1500 X81.902 Y154.649 E1217.34895
G1 F1373 X81.263 Y154.477 E1217.373
G1 X81.658 Y155.23 E1217.40389
G1 F1500 X82.346 Y156.424 E1217.44973
G1 X82.8 Y156.424 E1217.46483
G0 F9000 X82.52 Y156.146
G0 X82.962 Y152.491
G0 X88.881 Y151.528
G1 F1500 X91.6 Y151.528 E1217.55526
G1 X91.6 Y139.372 E1217.95957
G1 X83.4 Y139.372 E1218.2323
G1 X83.4 Y151.528 E1218.63661
G1 X88.881 Y151.528 E1218.81891
G0 F9000 X89.018 Y151.928
G1 F1500 X91.6 Y151.928 E1218.90479
G1 X92 Y152.061 E1218.91881
G1 X92 Y138.972 E1219.35415
G1 X83 Y138.972 E1219.65349
G1 X83 Y152.061 E1220.08884
G1 X83.4 Y151.928 E1220.10286
G1 X89.018 Y151.928 E1220.28971
G0 F9000 X89.155 Y152.328
G1 F1500 X91.6 Y152.328 E1220.37103
G1 X91.96 Y152.448 E1220.38365
G1 F1200 X92.3 Y152.928 E1220.40811
G1 X92.4 Y152.228 E1220.43751
G1 F1500 X92.4 Y138.572 E1220.89171
G1 X82.6 Y138.572 E1221.21766
G1 X82.6 Y152.228 E1221.67186
G1 F1200 X82.7 Y152.928 E1221.70126
G1 X83.04 Y152.448 E1221.72571
G1 F1500 X83.4 Y152.328 E1221.73833
G1 X89.155 Y152.328 E1221.92974
G0 F9000 X89.155 Y152.019
G0 X92.038 Y152.491
G0 X92.3 Y152.928
G1 F991.7 X92.305 Y154.125 E1221.98996
G0 F9000 X92.559 Y154.839
G0 X93.215 Y155.013
G0 X93.793 Y154.382
G1 F1271.2 X95.584 Y151.265 E1222.13105
G1 F1229.5 X97.376 Y148.148 E1222.27694
G0 F9000 X93.215 Y155.013
G0 X92.578 Y155.794
G1 F1694.9 X93.025 Y155.021 E1222.30323
G1 X92.752 Y154.95 E1222.31153
G1 X92.578 Y154.76 E1222.31911
G1 X92.578 Y155.794 E1222.34955
G0 F9000 X92.649 Y156.424
G1 F1500 X93.336 Y155.235 E1222.39522
G1 F1388.9 X93.793 Y154.382 E1222.42998
G1 X93.091 Y154.649 E1222.45696
G1 F1500 X92.847 Y154.585 E1222.46535
G1 F1188.1 X92.305 Y154.125 E1222.4952
G1 F1075.3 X92.253 Y154.605 E1222.5176
G1 F1327.4 X92.201 Y155.085 E1222.53575
G1 F1500 X92.2 Y156.424 E1222.58029
G1 X92.649 Y156.424 E1222.59522
G1 F2700 E1217.59522
G0 F9000 X92.483 Y156.13
G0 X92.038 Y152.491
G0 X89.292 Y152.419
G0 X89.292 Y152.728
;TYPE:WALL-OUTER
G1 F2700 E1222.59522
G1 F1500 X91.6 Y152.728 E1222.67198
G1 X91.72 Y152.768 E1222.67619
G1 X91.8 Y152.928 E1222.68214
G1 X91.8 Y156.824 E1222.81172
G1 X92.88 Y156.824 E1222.84764
G1 X98.151 Y147.701 E1223.19808
G1 X97.117 Y147.7 E1223.23247
G1 X93.418 Y154.168 E1223.48029
G1 X93.193 Y154.262 E1223.4884
G1 X92.949 Y154.198 E1223.49679
G1 X92.802 Y154.039 E1223.504
G1 X92.8 Y138.172 E1224.03173
G1 X82.2 Y138.172 E1224.38429
G1 X82.198 Y154.039 E1224.91203
G1 X82.05 Y154.198 E1224.91925
G1 X81.802 Y154.262 E1224.92777
G1 X81.598 Y154.197 E1224.93489
G1 X77.88 Y147.7 E1225.18387
G1 X76.848 Y147.7 E1225.21819
G1 X82.116 Y156.824 E1225.56861
G1 X83.2 Y156.824 E1225.60466
G1 X83.2 Y152.928 E1225.73424
G1 X83.28 Y152.768 E1225.74019
G1 X83.4 Y152.728 E1225.7444
G1 X89.292 Y152.728 E1225.94037
G0 F9000 X89.292 Y152.419
G0 X88.758 Y151.428
G0 X88.758 Y151.168
;TYPE:SKIN
G1 F1500 X83.76 Y151.168 E1226.1066
G1 X83.76 Y139.732 E1226.48697
G1 X91.24 Y139.732 E1226.73575
G1 X91.24 Y151.168 E1227.11611
G1 X88.758 Y151.168 E1227.19867
G0 F9000 X88.758 Y151.428
G0 X90.58 Y151.428
G0 X90.58 Y150.968
G1 F1500 X91.04 Y150.508 E1227.2203
G0 F9000 X91.04 Y149.942
G1 F1500 X90.014 Y150.968 E1227.26856
G0 F9000 X89.448 Y150.968
G1 F1500 X91.04 Y149.376 E1227.34345
G0 F9000 X91.04 Y148.811
G1 F1500 X88.883 Y150.968 E1227.4449
G0 F9000 X88.317 Y150.968
G1 F1500 X91.04 Y148.245 E1227.57299
G0 F9000 X91.04 Y147.679
G1 F1500 X87.751 Y150.968 E1227.72769
G0 F9000 X87.186 Y150.968
G1 F1500 X91.04 Y147.114 E1227.90897
G0 F9000 X91.04 Y146.548
G1 F1500 X86.62 Y150.968 E1228.11687
G0 F9000 X86.054 Y150.968
G1 F1500 X91.04 Y145.982 E1228.3514
G0 F9000 X91.04 Y145.417
G1 F1500 X85.489 Y150.968 E1228.6125
G0 F9000 X84.923 Y150.968
G1 F1500 X91.04 Y144.851 E1228.90023
G0 F9000 X91.04 Y144.285
G1 F1500 X84.357 Y150.968 E1229.21457
G0 F9000 X83.96 Y150.799
G1 F1500 X91.04 Y143.719 E1229.5476
G0 F9000 X91.04 Y143.154
G1 F1500 X83.96 Y150.233 E1229.88059
G0 F9000 X83.96 Y149.668
G1 F1500 X91.04 Y142.588 E1230.21362
G0 F9000 X91.04 Y142.022
G1 F1500 X83.96 Y149.102 E1230.54664
G0 F9000 X83.96 Y148.536
G1 F1500 X91.04 Y141.457 E1230.87964
G0 F9000 X91.04 Y140.891
G1 F1500 X83.96 Y147.971 E1231.21266
G0 F9000 X83.96 Y147.405
G1 F1500 X91.04 Y140.325 E1231.54568
G0 F9000 X90.867 Y139.932
G1 F1500 X83.96 Y146.839 E1231.87056
G0 F9000 X83.96 Y146.274
G1 F1500 X90.302 Y139.932 E1232.16887
G0 F9000 X89.736 Y139.932
G1 F1500 X83.96 Y145.708 E1232.44056
G0 F9000 X83.96 Y145.142
G1 F1500 X89.17 Y139.932 E1232.68562
G0 F9000 X88.605 Y139.932
G1 F1500 X83.96 Y144.576 E1232.90408
G0 F9000 X83.96 Y144.011
G1 F1500 X88.039 Y139.932 E1233.09595
G0 F9000 X87.473 Y139.932
G1 F1500 X83.96 Y143.445 E1233.26119
G0 F9000 X83.96 Y142.879
G1 F1500 X86.908 Y139.932 E1233.39983
G0 F9000 X86.342 Y139.932
G1 F1500 X83.96 Y142.314 E1233.51187
G0 F9000 X83.96 Y141.748
G1 F1500 X85.776 Y139.932 E1233.59729
G0 F9000 X85.211 Y139.932
G1 F1500 X83.96 Y141.182 E1233.65611
G0 F9000 X83.96 Y140.617
G1 F1500 X84.645 Y139.932 E1233.68833
G0 F9000 X84.079 Y139.932
G1 F1500 X83.96 Y140.051 E1233.69393
G0 F9000 X83.21 Y140.051
G1 F2700 E1228.69393
;MESH:batclipholder.stl(3)
G0 F9000 X83.572 Y139.544
G0 X91.428 Y139.544
G0 X92.57 Y148.146
G0 X93.665 Y148.146
G0 X96.617 Y146.841
G0 X98.45 Y146.841
G0 X136.289 Y148.463
G0 X137.621 Y148.146
;TYPE:WALL-INNER
G1 F2700 E1233.69393
G1 F1239.7 X141.263 Y154.477 E1233.98787
G0 F9000 X141.785 Y155.013
G0 X142.441 Y154.839
G0 X142.695 Y154.125
G1 F991.7 X142.7 Y152.928 E1234.04808
G0 F9000 X142.422 Y155.799
G1 F1685.4 X142.422 Y154.76 E1234.07884
G1 X142.245 Y154.952 E1234.08657
G1 X141.973 Y155.021 E1234.09488
G1 X142.422 Y155.799 E1234.12147
G0 F9000 X142.346 Y156.424
G1 F1500 X142.8 Y156.424 E1234.13657
G1 X142.8 Y155.089 E1234.18097
G1 F1327.4 X142.748 Y154.607 E1234.19919
G1 F1075.3 X142.695 Y154.125 E1234.22169
G1 F1188.1 X142.15 Y154.586 E1234.25166
G1 F1500 X141.902 Y154.649 E1234.26017
G1 F1373 X141.263 Y154.477 E1234.28422
G1 X141.658 Y155.23 E1234.31512
G1 F1500 X142.346 Y156.424 E1234.36095
G0 F9000 X142.517 Y156.13
G0 X142.962 Y152.491
G0 X146.119 Y151.528
G1 F1500 X151.6 Y151.528 E1234.54325
G1 X151.6 Y139.372 E1234.94756
G1 X143.4 Y139.372 E1235.22029
G1 X143.4 Y151.528 E1235.6246
G1 X146.119 Y151.528 E1235.71504
G0 F9000 X145.982 Y151.928
G1 F1500 X151.6 Y151.928 E1235.90189
G1 X152 Y152.061 E1235.91591
G1 X152 Y138.972 E1236.35125
G1 X143 Y138.972 E1236.65059
G1 X143 Y152.061 E1237.08594
G1 X143.4 Y151.928 E1237.09996
G1 X145.982 Y151.928 E1237.18583
G0 F9000 X145.845 Y152.328
G1 F1500 X151.6 Y152.328 E1237.37725
G1 X151.96 Y152.448 E1237.38987
G1 F1200 X152.3 Y152.928 E1237.41432
G1 X152.4 Y152.228 E1237.44372
G1 F1500 X152.4 Y138.572 E1237.89792
G1 X142.6 Y138.572 E1238.22387
G1 X142.6 Y152.228 E1238.67807
G1 F1200 X142.7 Y152.928 E1238.70747
G1 X143.04 Y152.448 E1238.73192
G1 F1500 X143.4 Y152.328 E1238.74455
G1 X145.845 Y152.328 E1238.82587
G0 F9000 X145.845 Y152.019
G0 X152.038 Y152.491
G0 X152.3 Y152.928
G1 F991.7 X152.305 Y154.125 E1238.88608
G0 F9000 X152.559 Y154.839
G0 X153.215 Y155.013
G0 X153.793 Y154.382
G1 F1271.2 X155.584 Y151.265 E1239.02717
G1 F1229.5 X157.376 Y148.148 E1239.17306
G0 F9000 X153.215 Y155.013
G0 X152.578 Y155.794
G1 F1694.9 X153.025 Y155.021 E1239.19935
G1 X152.752 Y154.95 E1239.20765
G1 X152.578 Y154.76 E1239.21524
G1 X152.578 Y155.794 E1239.24567
G0 F9000 X152.2 Y156.424
G1 F1500 X152.649 Y156.424 E1239.2606
G1 X153.336 Y155.235 E1239.30628
G1 F1388.9 X153.793 Y154.382 E1239.34104
G1 X153.091 Y154.649 E1239.36802
G1 F1500 X152.847 Y154.585 E1239.37641
G1 F1188.1 X152.305 Y154.125 E1239.40626
G1 F1075.3 X152.253 Y154.605 E1239.42866
G1 F1327.4 X152.201 Y155.085 E1239.44681
G1 F1500 X152.2 Y156.424 E1239.49134
G1 F2700 E1234.49134
G0 F9000 X152.48 Y156.146
G0 X152.038 Y152.491
G0 X145.708 Y152.419
G0 X145.708 Y152.728
;TYPE:WALL-OUTER
G1 F2700 E1239.49134
G1 F1500 X151.6 Y152.728 E1239.68731
G1 X151.72 Y152.768 E1239.69152
G1 X151.8 Y152.928 E1239.69747
G1 X151.8 Y156.824 E1239.82705
G1 X152.88 Y156.824 E1239.86297
G1 X158.151 Y147.701 E1240.21341
G1 X157.117 Y147.7 E1240.2478
G1 X153.418 Y154.168 E1240.49562
G1 X153.193 Y154.262 E1240.50373
G1 X152.949 Y154.198 E1240.51212
G1 X152.802 Y154.039 E1240.51932
G1 X152.8 Y138.172 E1241.04706
G1 X142.2 Y138.172 E1241.39962
G1 X142.198 Y154.039 E1241.92736
G1 X142.05 Y154.198 E1241.93458
G1 X141.802 Y154.262 E1241.9431
G1 X141.598 Y154.197 E1241.95022
G1 X137.88 Y147.7 E1242.19919
G1 X136.848 Y147.7 E1242.23352
G1 X142.116 Y156.824 E1242.58393
G1 X143.2 Y156.824 E1242.61999
G1 X143.2 Y152.928 E1242.74957
G1 X143.28 Y152.768 E1242.75552
G1 X143.4 Y152.728 E1242.75973
G1 X145.708 Y152.728 E1242.83649
G0 F9000 X145.708 Y152.419
G0 X146.242 Y151.428
G0 X146.242 Y151.168
;TYPE:SKIN
G1 F1500 X143.76 Y151.168 E1242.91904
G1 X143.76 Y139.732 E1243.29941
G1 X151.24 Y139.732 E1243.54819
G1 X151.24 Y151.168 E1243.92855
G1 X146.242 Y151.168 E1244.09479
G0 F9000 X146.242 Y151.428
G0 X150.542 Y151.428
G0 X150.542 Y150.968
G1 F1500 X151.04 Y150.47 E1244.11821
G0 F9000 X151.04 Y149.905
G1 F1500 X149.977 Y150.968 E1244.16821
G0 F9000 X149.411 Y150.968
G1 F1500 X151.04 Y149.339 E1244.24484
G0 F9000 X151.04 Y148.773
G1 F1500 X148.845 Y150.968 E1244.34808
G0 F9000 X148.28 Y150.968
G1 F1500 X151.04 Y148.207 E1244.47793
G0 F9000 X151.04 Y147.642
G1 F1500 X147.714 Y150.968 E1244.63437
G0 F9000 X147.148 Y150.968
G1 F1500 X151.04 Y147.076 E1244.81744
G0 F9000 X151.04 Y146.51
G1 F1500 X146.583 Y150.968 E1245.02711
G0 F9000 X146.017 Y150.968
G1 F1500 X151.04 Y145.945 E1245.26337
G0 F9000 X151.04 Y145.379
G1 F1500 X145.451 Y150.968 E1245.52626
G0 F9000 X144.885 Y150.968
G1 F1500 X151.04 Y144.813 E1245.81578
G0 F9000 X151.04 Y144.248
G1 F1500 X144.32 Y150.968 E1246.13186
G0 F9000 X143.961 Y150.762
G1 F1500 X151.04 Y143.682 E1246.46486
G0 F9000 X151.04 Y143.116
G1 F1500 X143.961 Y150.196 E1246.79786
G0 F9000 X143.961 Y149.63
G1 F1500 X151.04 Y142.551 E1247.13083
G0 F9000 X151.04 Y141.985
G1 F1500 X143.961 Y149.064 E1247.46381
G0 F9000 X143.961 Y148.499
G1 F1500 X151.04 Y141.419 E1247.79681
G0 F9000 X151.04 Y140.854
G1 F1500 X143.961 Y147.933 E1248.12978
G0 F9000 X143.961 Y147.367
G1 F1500 X151.04 Y140.288 E1248.46276
G0 F9000 X150.831 Y139.931
G1 F1500 X143.961 Y146.802 E1248.78592
G0 F9000 X143.961 Y146.236
G1 F1500 X150.265 Y139.931 E1249.08247
G0 F9000 X149.699 Y139.931
G1 F1500 X143.961 Y145.67 E1249.35239
G0 F9000 X143.961 Y145.105
G1 F1500 X149.134 Y139.931 E1249.59573
G0 F9000 X148.568 Y139.931
G1 F1500 X143.961 Y144.539 E1249.81246
G0 F9000 X143.961 Y143.973
G1 F1500 X148.002 Y139.931 E1250.00256
G0 F9000 X147.437 Y139.931
G1 F1500 X143.961 Y143.408 E1250.16608
G0 F9000 X143.961 Y142.842
G1 F1500 X146.871 Y139.931 E1250.30298
G0 F9000 X146.305 Y139.931
G1 F1500 X143.961 Y142.276 E1250.41326
G0 F9000 X143.961 Y141.711
G1 F1500 X145.74 Y139.931 E1250.49696
G0 F9000 X145.174 Y139.931
G1 F1500 X143.961 Y141.145 E1250.55404
G0 F9000 X143.961 Y140.579
G1 F1500 X144.608 Y139.931 E1250.5845
G0 F9000 X144.043 Y139.931
G1 F1500 X143.961 Y140.014 E1250.58838
G0 F9000 X143.21 Y140.014
G1 F2700 E1245.58838
;MESH:batclipholder.stl(2)
G0 F9000 X142.422 Y138.404
G0 X142.422 Y137.309
G0 X142.422 Y97.691
G0 X142.422 Y96.596
G0 X142.422 Y95.799
;TYPE:WALL-INNER
G1 F2700 E1250.58838
G1 F1685.4 X142.422 Y94.76 E1250.61913
G1 X142.245 Y94.952 E1250.62686
G1 X141.973 Y95.021 E1250.63517
G1 X142.422 Y95.799 E1250.66176
G0 F9000 X142.346 Y96.424
G1 F1500 X142.8 Y96.424 E1250.67686
G1 X142.8 Y95.089 E1250.72126
G1 F1327.4 X142.748 Y94.607 E1250.73948
G1 F1075.3 X142.695 Y94.125 E1250.76198
G1 F1188.1 X142.15 Y94.586 E1250.79196
G1 F1500 X141.902 Y94.649 E1250.80047
G1 F1373 X141.263 Y94.477 E1250.82451
G1 X141.658 Y95.23 E1250.85541
G1 F1500 X142.346 Y96.424 E1250.90124
G0 F9000 X142.517 Y96.13
G0 X141.263 Y94.477
G1 F1239.7 X137.621 Y88.146 E1251.19518
G0 F9000 X141.785 Y95.013
G0 X142.441 Y94.839
G0 X142.7 Y92.928
G1 F991.7 X142.695 Y94.125 E1251.2554
G0 F9000 X142.962 Y92.491
G0 X146.681 Y91.528
G1 F1500 X151.6 Y91.528 E1251.41901
G1 X151.6 Y79.372 E1251.82332
G1 X143.4 Y79.372 E1252.09605
G1 X143.4 Y91.528 E1252.50036
G1 X146.681 Y91.528 E1252.60949
G0 F9000 X146.599 Y91.928
G1 F1500 X151.6 Y91.928 E1252.77582
G1 X152 Y92.061 E1252.78984
G1 X152 Y78.972 E1253.22518
G1 X143 Y78.972 E1253.52452
G1 X143 Y92.061 E1253.95987
G1 X143.4 Y91.928 E1253.97389
G1 X146.599 Y91.928 E1254.08029
G0 F9000 X146.518 Y92.328
G1 F1500 X151.6 Y92.328 E1254.24931
G1 X151.96 Y92.448 E1254.26194
G1 F1200 X152.3 Y92.928 E1254.28639
G1 X152.4 Y92.228 E1254.31579
G1 F1500 X152.4 Y78.572 E1254.76999
G1 X142.6 Y78.572 E1255.09594
G1 X142.6 Y92.228 E1255.55014
G1 F1200 X142.7 Y92.928 E1255.57954
G1 X143.04 Y92.448 E1255.60399
G1 F1500 X143.4 Y92.328 E1255.61661
G1 X146.518 Y92.328 E1255.72032
G0 F9000 X146.518 Y92.019
G0 X152.038 Y92.491
G0 X152.3 Y92.928
G1 F991.7 X152.305 Y94.125 E1255.78054
G0 F9000 X152.559 Y94.839
G0 X153.215 Y95.013
G0 X153.793 Y94.382
G1 F1271.2 X155.584 Y91.265 E1255.92162
G1 F1229.5 X157.376 Y88.148 E1256.06752
G0 F9000 X153.215 Y95.013
G0 X152.578 Y95.794
G1 F1694.9 X153.025 Y95.021 E1256.0938
G1 X152.752 Y94.95 E1256.1021
G1 X152.578 Y94.76 E1256.10969
G1 X152.578 Y95.794 E1256.14012
G0 F9000 X152.2 Y96.424
G1 F1500 X152.649 Y96.424 E1256.15506
G1 X153.336 Y95.235 E1256.20073
G1 F1388.9 X153.793 Y94.382 E1256.23549
G1 X153.091 Y94.649 E1256.26247
G1 F1500 X152.847 Y94.585 E1256.27086
G1 F1188.1 X152.305 Y94.125 E1256.30071
G1 F1075.3 X152.253 Y94.605 E1256.32311
G1 F1327.4 X152.201 Y95.085 E1256.34126
G1 F1500 X152.2 Y96.424 E1256.38579
G1 F2700 E1251.38579
G0 F9000 X152.48 Y96.146
G0 X152.038 Y92.491
G0 X146.437 Y92.419
G0 X146.437 Y92.728
;TYPE:WALL-OUTER
G1 F2700 E1256.38579
G1 F1500 X151.6 Y92.728 E1256.55752
G1 X151.72 Y92.768 E1256.56172
G1 X151.8 Y92.928 E1256.56767
G1 X151.8 Y96.824 E1256.69725
G1 X152.88 Y96.824 E1256.73317
G1 X158.151 Y87.701 E1257.08361
G1 X157.117 Y87.7 E1257.118
G1 X153.418 Y94.168 E1257.36582
G1 X153.193 Y94.262 E1257.37393
G1 X152.949 Y94.198 E1257.38232
G1 X152.802 Y94.039 E1257.38953
G1 X152.8 Y78.172 E1257.91727
G1 X142.2 Y78.172 E1258.26982
G1 X142.198 Y94.039 E1258.79756
G1 X142.05 Y94.198 E1258.80479
G1 X141.802 Y94.262 E1258.81331
G1 X141.598 Y94.197 E1258.82043
G1 X137.88 Y87.7 E1259.0694
G1 X136.848 Y87.7 E1259.10372
G1 X142.116 Y96.824 E1259.45414
G1 X143.2 Y96.824 E1259.49019
G1 X143.2 Y92.928 E1259.61978
G1 X143.28 Y92.768 E1259.62572
G1 X143.4 Y92.728 E1259.62993
G1 X146.437 Y92.728 E1259.73094
G0 F9000 X146.437 Y92.419
G0 X146.754 Y91.428
G0 X146.754 Y91.168
;TYPE:SKIN
G1 F1500 X143.76 Y91.168 E1259.83052
G1 X143.76 Y79.732 E1260.21089
G1 X151.24 Y79.732 E1260.45967
G1 X151.24 Y91.168 E1260.84004
G1 X146.754 Y91.168 E1260.98924
G0 F9000 X146.754 Y91.428
G0 X150.58 Y91.428
G0 X150.58 Y90.968
G1 F1500 X151.039 Y90.508 E1261.01085
G0 F9000 X151.039 Y89.943
G1 F1500 X150.014 Y90.968 E1261.05907
G0 F9000 X149.448 Y90.968
G1 F1500 X151.039 Y89.377 E1261.1339
G0 F9000 X151.039 Y88.811
G1 F1500 X148.883 Y90.968 E1261.23534
G0 F9000 X148.317 Y90.968
G1 F1500 X151.039 Y88.246 E1261.36337
G0 F9000 X151.039 Y87.68
G1 F1500 X147.751 Y90.968 E1261.51803
G0 F9000 X147.186 Y90.968
G1 F1500 X151.039 Y87.114 E1261.69929
G0 F9000 X151.039 Y86.548
G1 F1500 X146.62 Y90.968 E1261.90717
G0 F9000 X146.054 Y90.968
G1 F1500 X151.039 Y85.983 E1262.14165
G0 F9000 X151.039 Y85.417
G1 F1500 X145.489 Y90.968 E1262.40272
G0 F9000 X144.923 Y90.968
G1 F1500 X151.039 Y84.851 E1262.69043
G0 F9000 X151.039 Y84.286
G1 F1500 X144.357 Y90.968 E1263.00473
G0 F9000 X143.961 Y90.799
G1 F1500 X151.039 Y83.72 E1263.33768
G0 F9000 X151.039 Y83.154
G1 F1500 X143.961 Y90.233 E1263.67063
G0 F9000 X143.961 Y89.668
G1 F1500 X151.039 Y82.589 E1264.00358
G0 F9000 X151.039 Y82.023
G1 F1500 X143.961 Y89.102 E1264.33653
G0 F9000 X143.961 Y88.536
G1 F1500 X151.039 Y81.457 E1264.66948
G0 F9000 X151.039 Y80.892
G1 F1500 X143.961 Y87.97 E1265.00241
G0 F9000 X143.961 Y87.405
G1 F1500 X151.039 Y80.326 E1265.33536
G0 F9000 X150.868 Y79.932
G1 F1500 X143.961 Y86.839 E1265.66024
G0 F9000 X143.961 Y86.273
G1 F1500 X150.302 Y79.932 E1265.9585
G0 F9000 X149.736 Y79.932
G1 F1500 X143.961 Y85.708 E1266.23017
G0 F9000 X143.961 Y85.142
G1 F1500 X149.171 Y79.932 E1266.47523
G0 F9000 X148.605 Y79.932
G1 F1500 X143.961 Y84.576 E1266.69367
G0 F9000 X143.961 Y84.011
G1 F1500 X148.039 Y79.932 E1266.88551
G0 F9000 X147.473 Y79.932
G1 F1500 X143.961 Y83.445 E1267.05073
G0 F9000 X143.961 Y82.879
G1 F1500 X146.908 Y79.932 E1267.18934
G0 F9000 X146.342 Y79.932
G1 F1500 X143.961 Y82.314 E1267.30136
G0 F9000 X143.961 Y81.748
G1 F1500 X145.776 Y79.932 E1267.38676
G0 F9000 X145.211 Y79.932
G1 F1500 X143.961 Y81.182 E1267.44555
G0 F9000 X143.961 Y80.617
G1 F1500 X144.645 Y79.932 E1267.47775
G0 F9000 X144.079 Y79.932
G1 F1500 X143.961 Y80.051 E1267.48332
G0 F9000 X143.21 Y80.051
G1 F2700 E1262.48332
;MESH:NONMESH
G0 F300 X143.21 Y80.051 Z5
G0 F9000 X142.43 Y88.146
G0 X141.335 Y88.146
G0 X138.383 Y86.841
G0 X136.55 Y86.841
G0 X98.712 Y88.462
G0 X77.621 Y88.146
;TIME_ELAPSED:2326.880492
;LAYER:24
;TYPE:WALL-INNER
;MESH:batclipholder.stl(1)
G1 F2700 E1267.48332
G1 F1239.7 X81.263 Y94.477 E1267.77726
G0 F9000 X81.785 Y95.013
G0 X82.441 Y94.839
G0 X82.695 Y94.125
G1 F991.7 X82.7 Y92.984 E1267.83466
G0 F9000 X82.422 Y95.799
G1 F1685.4 X82.422 Y94.76 E1267.86542
G1 X82.245 Y94.952 E1267.87315
G1 X81.973 Y95.021 E1267.88146
G1 X82.422 Y95.799 E1267.90805
G0 F9000 X82.8 Y96.424
G1 F1500 X82.8 Y95.089 E1267.95245
G1 F1327.4 X82.748 Y94.607 E1267.97067
G1 F1075.3 X82.695 Y94.125 E1267.99317
G1 F1188.1 X82.15 Y94.586 E1268.02314
G1 F1500 X81.902 Y94.649 E1268.03165
G1 F1373 X81.263 Y94.477 E1268.0557
G1 X81.658 Y95.23 E1268.0866
G1 F1500 X82.346 Y96.424 E1268.13243
G1 X82.8 Y96.424 E1268.14753
G0 F9000 X82.52 Y96.146
G0 X82.962 Y92.546
G0 X88.331 Y91.584
G1 F1500 X91.6 Y91.584 E1268.25626
G1 X91.6 Y79.372 E1268.66243
G1 X83.4 Y79.372 E1268.93516
G1 X83.4 Y91.584 E1269.34134
G1 X88.331 Y91.584 E1269.50534
G0 F9000 X88.412 Y91.984
G1 F1500 X91.6 Y91.984 E1269.61138
G1 X92 Y92.117 E1269.6254
G1 X92 Y78.972 E1270.0626
G1 X83 Y78.972 E1270.36194
G1 X83 Y92.117 E1270.79915
G1 X83.4 Y91.984 E1270.81317
G1 X88.412 Y91.984 E1270.97987
G0 F9000 X88.493 Y92.384
G1 F1500 X91.6 Y92.384 E1271.0832
G1 X91.96 Y92.504 E1271.09583
G1 F1200 X92.3 Y92.984 E1271.12028
G1 X92.4 Y92.284 E1271.14968
G1 F1500 X92.4 Y78.572 E1271.60574
G1 X82.6 Y78.572 E1271.93169
G1 X82.6 Y92.284 E1272.38775
G1 F1200 X82.7 Y92.984 E1272.41715
G1 X83.04 Y92.504 E1272.44161
G1 F1500 X83.4 Y92.384 E1272.45423
G1 X88.493 Y92.384 E1272.62362
G0 F9000 X88.494 Y92.075
G0 X92.038 Y92.547
G0 X92.3 Y92.984
G1 F991.7 X92.305 Y94.125 E1272.68102
G0 F9000 X92.559 Y94.839
G0 X93.215 Y95.013
G0 X93.793 Y94.382
G1 F1271.2 X95.584 Y91.265 E1272.82211
G1 F1229.5 X97.376 Y88.148 E1272.968
G0 F9000 X93.215 Y95.013
G0 X92.578 Y95.794
G1 F1694.9 X93.025 Y95.021 E1272.99429
G1 X92.752 Y94.95 E1273.00259
G1 X92.578 Y94.76 E1273.01017
G1 X92.578 Y95.794 E1273.04061
G0 F9000 X92.649 Y96.424
G1 F1500 X93.336 Y95.235 E1273.08628
G1 F1388.9 X93.793 Y94.382 E1273.12104
G1 X93.091 Y94.649 E1273.14802
G1 F1500 X92.847 Y94.585 E1273.15641
G1 F1188.1 X92.305 Y94.125 E1273.18626
G1 F1075.3 X92.253 Y94.605 E1273.20867
G1 F1327.4 X92.201 Y95.085 E1273.22681
G1 F1500 X92.2 Y96.424 E1273.27135
G1 X92.649 Y96.424 E1273.28628
G1 F2700 E1268.28628
G0 F9000 X92.483 Y96.13
G0 X92.038 Y92.547
G0 X88.576 Y92.475
G0 X88.575 Y92.784
;TYPE:WALL-OUTER
G1 F2700 E1273.28628
G1 F1500 X91.6 Y92.784 E1273.38689
G1 X91.72 Y92.824 E1273.3911
G1 X91.8 Y92.984 E1273.39705
G1 X91.8 Y96.824 E1273.52477
G1 X92.88 Y96.824 E1273.56069
G1 X98.151 Y87.701 E1273.91113
G1 X97.117 Y87.7 E1273.94552
G1 X93.418 Y94.168 E1274.19334
G1 X93.193 Y94.262 E1274.20145
G1 X92.949 Y94.198 E1274.20984
G1 X92.802 Y94.039 E1274.21704
G1 X92.8 Y78.172 E1274.74478
G1 X82.2 Y78.172 E1275.09734
G1 X82.198 Y94.039 E1275.62508
G1 X82.05 Y94.198 E1275.6323
G1 X81.802 Y94.262 E1275.64082
G1 X81.598 Y94.197 E1275.64794
G1 X77.88 Y87.7 E1275.89691
G1 X76.848 Y87.7 E1275.93124
G1 X82.116 Y96.824 E1276.28165
G1 X83.2 Y96.824 E1276.31771
G1 X83.2 Y92.984 E1276.44543
G1 X83.28 Y92.824 E1276.45138
G1 X83.4 Y92.784 E1276.45558
G1 X88.575 Y92.784 E1276.62771
G0 F9000 X88.576 Y92.475
G0 X88.257 Y91.484
G0 X88.257 Y91.224
;TYPE:SKIN
G1 F1500 X83.76 Y91.224 E1276.77728
G1 X83.76 Y79.732 E1277.1595
G1 X91.24 Y79.732 E1277.40829
G1 X91.24 Y91.224 E1277.79051
G1 X88.257 Y91.224 E1277.88973
G0 F9000 X88.257 Y91.484
G0 X83.572 Y91.412
G0 X83.5 Y90.748
G0 X83.96 Y90.748
G1 F1500 X84.236 Y91.024 E1277.90271
G0 F9000 X84.801 Y91.024
G1 F1500 X83.96 Y90.182 E1277.94229
G0 F9000 X83.96 Y89.617
G1 F1500 X85.367 Y91.024 E1278.00847
G0 F9000 X85.933 Y91.024
G1 F1500 X83.96 Y89.051 E1278.10128
G0 F9000 X83.96 Y88.485
G1 F1500 X86.498 Y91.024 E1278.22068
G0 F9000 X87.064 Y91.024
G1 F1500 X83.96 Y87.92 E1278.36668
G0 F9000 X83.96 Y87.354
G1 F1500 X87.63 Y91.024 E1278.53931
G0 F9000 X88.195 Y91.024
G1 F1500 X83.96 Y86.788 E1278.73853
G0 F9000 X83.96 Y86.222
G1 F1500 X88.761 Y91.024 E1278.96438
G0 F9000 X89.327 Y91.024
G1 F1500 X83.96 Y85.657 E1279.21683
G0 F9000 X83.96 Y85.091
G1 F1500 X89.892 Y91.024 E1279.49587
G0 F9000 X90.458 Y91.024
G1 F1500 X83.96 Y84.525 E1279.80154
G0 F9000 X83.96 Y83.96
G1 F1500 X91.024 Y91.024 E1280.13381
G0 F9000 X91.04 Y90.474
G1 F1500 X83.96 Y83.394 E1280.46683
G0 F9000 X83.96 Y82.828
G1 F1500 X91.04 Y89.909 E1280.79988
G0 F9000 X91.04 Y89.343
G1 F1500 X83.96 Y82.263 E1281.1329
G0 F9000 X83.96 Y81.697
G1 F1500 X91.04 Y88.777 E1281.46592
G0 F9000 X91.04 Y88.212
G1 F1500 X83.96 Y81.131 E1281.79897
G0 F9000 X83.96 Y80.566
G1 F1500 X91.04 Y87.646 E1282.13199
G0 F9000 X91.04 Y87.08
G1 F1500 X83.96 Y80 E1282.46501
G0 F9000 X84.458 Y79.932
G1 F1500 X91.04 Y86.515 E1282.77463
G0 F9000 X91.04 Y85.949
G1 F1500 X85.023 Y79.932 E1283.05765
G0 F9000 X85.589 Y79.932
G1 F1500 X91.04 Y85.383 E1283.31405
G0 F9000 X91.04 Y84.817
G1 F1500 X86.155 Y79.932 E1283.54383
G0 F9000 X86.72 Y79.932
G1 F1500 X91.04 Y84.252 E1283.74703
G0 F9000 X91.04 Y83.686
G1 F1500 X87.286 Y79.932 E1283.9236
G0 F9000 X87.852 Y79.932
G1 F1500 X91.04 Y83.12 E1284.07356
G0 F9000 X91.04 Y82.555
G1 F1500 X88.417 Y79.932 E1284.19693
G0 F9000 X88.983 Y79.932
G1 F1500 X91.04 Y81.989 E1284.29369
G0 F9000 X91.04 Y81.423
G1 F1500 X89.549 Y79.932 E1284.36382
G0 F9000 X90.114 Y79.932
G1 F1500 X91.04 Y80.858 E1284.40738
G0 F9000 X91.04 Y80.292
G1 F1500 X90.68 Y79.932 E1284.42431
G0 F9000 X90.68 Y79.184
G1 F2700 E1279.42431
;MESH:batclipholder.stl
G0 F9000 X91.428 Y79.544
G0 X91.415 Y82.792
G0 X92.753 Y96.599
G0 X92.753 Y97.691
G0 X97.248 Y146.835
G0 X97.376 Y148.148
;TYPE:WALL-INNER
G1 F2700 E1284.42431
G1 F1229.5 X95.584 Y151.265 E1284.5702
G1 F1271.2 X93.793 Y154.382 E1284.71129
G0 F9000 X93.215 Y155.013
G0 X92.559 Y154.839
G0 X92.305 Y154.125
G1 F991.7 X92.3 Y152.984 E1284.76869
G0 F9000 X92.578 Y155.794
G1 F1694.9 X93.025 Y155.021 E1284.79498
G1 X92.752 Y154.95 E1284.80328
G1 X92.578 Y154.76 E1284.81086
G1 X92.578 Y155.794 E1284.8413
G0 F9000 X92.649 Y156.424
G1 F1500 X93.336 Y155.235 E1284.88697
G1 F1388.9 X93.793 Y154.382 E1284.92173
G1 X93.091 Y154.649 E1284.94871
G1 F1500 X92.847 Y154.585 E1284.9571
G1 F1188.1 X92.305 Y154.125 E1284.98695
G1 F1075.3 X92.253 Y154.605 E1285.00935
G1 F1327.4 X92.201 Y155.085 E1285.0275
G1 F1500 X92.2 Y156.424 E1285.07203
G1 X92.649 Y156.424 E1285.08697
G0 F9000 X92.483 Y156.13
G0 X92.038 Y152.547
G0 X88.9 Y151.584
G1 F1500 X91.6 Y151.584 E1285.17677
G1 X91.6 Y139.372 E1285.58294
G1 X83.4 Y139.372 E1285.85568
G1 X83.4 Y151.584 E1286.26185
G1 X88.9 Y151.584 E1286.44478
G0 F9000 X89.037 Y151.984
G1 F1500 X91.6 Y151.984 E1286.53003
G1 X92 Y152.117 E1286.54405
G1 X92 Y138.972 E1286.98125
G1 X83 Y138.972 E1287.28059
G1 X83 Y152.117 E1287.7178
G1 X83.4 Y151.984 E1287.73182
G1 X89.037 Y151.984 E1287.9193
G0 F9000 X89.175 Y152.384
G1 F1500 X91.6 Y152.384 E1287.99996
G1 X91.96 Y152.504 E1288.01258
G1 F1200 X92.3 Y152.984 E1288.03704
G1 X92.4 Y152.284 E1288.06643
G1 F1500 X92.4 Y138.572 E1288.5225
G1 X82.6 Y138.572 E1288.84845
G1 X82.6 Y152.284 E1289.30451
G1 F1200 X82.7 Y152.984 E1289.33391
G1 X83.04 Y152.504 E1289.35836
G1 F1500 X83.4 Y152.384 E1289.37098
G1 X89.175 Y152.384 E1289.56306
G0 F9000 X89.176 Y152.075
G0 X82.962 Y152.546
G0 X82.7 Y152.984
G1 F991.7 X82.695 Y154.125 E1289.62046
G0 F9000 X82.441 Y154.839
G0 X81.785 Y155.013
G0 X81.263 Y154.477
G1 F1239.7 X77.621 Y148.146 E1289.9144
G0 F9000 X81.785 Y155.013
G0 X82.422 Y155.799
G1 F1685.4 X82.422 Y154.76 E1289.94516
G1 X82.245 Y154.952 E1289.95289
G1 X81.973 Y155.021 E1289.96119
G1 X82.422 Y155.799 E1289.98778
G0 F9000 X82.8 Y156.424
G1 F1500 X82.8 Y155.089 E1290.03219
G1 F1327.4 X82.748 Y154.607 E1290.05041
G1 F1075.3 X82.695 Y154.125 E1290.07291
G1 F1188.1 X82.15 Y154.586 E1290.10288
G1 F1500 X81.902 Y154.649 E1290.11139
G1 F1373 X81.263 Y154.477 E1290.13544
G1 X81.658 Y155.23 E1290.16633
G1 F1500 X82.346 Y156.424 E1290.21217
G1 X82.8 Y156.424 E1290.22727
G1 F2700 E1285.22727
G0 F9000 X82.52 Y156.146
G0 X82.962 Y152.546
G0 X89.313 Y152.475
G0 X89.312 Y152.784
;TYPE:WALL-OUTER
G1 F2700 E1290.22727
G1 F1500 X91.6 Y152.784 E1290.30337
G1 X91.72 Y152.824 E1290.30757
G1 X91.8 Y152.984 E1290.31352
G1 X91.8 Y156.824 E1290.44124
G1 X92.88 Y156.824 E1290.47716
G1 X98.151 Y147.701 E1290.8276
G1 X97.117 Y147.7 E1290.86199
G1 X93.418 Y154.168 E1291.10981
G1 X93.193 Y154.262 E1291.11792
G1 X92.949 Y154.198 E1291.12631
G1 X92.802 Y154.039 E1291.13352
G1 X92.8 Y138.172 E1291.66125
G1 X82.2 Y138.172 E1292.01381
G1 X82.198 Y154.039 E1292.54155
G1 X82.05 Y154.198 E1292.54877
G1 X81.802 Y154.262 E1292.55729
G1 X81.598 Y154.197 E1292.56441
G1 X77.88 Y147.7 E1292.81339
G1 X76.848 Y147.7 E1292.84771
G1 X82.116 Y156.824 E1293.19813
G1 X83.2 Y156.824 E1293.23418
G1 X83.2 Y152.984 E1293.3619
G1 X83.28 Y152.824 E1293.36785
G1 X83.4 Y152.784 E1293.37206
G1 X89.312 Y152.784 E1293.56869
G0 F9000 X89.313 Y152.475
G0 X88.777 Y151.484
G0 X88.777 Y151.224
;TYPE:SKIN
G1 F1500 X83.76 Y151.224 E1293.73556
G1 X83.76 Y139.732 E1294.11778
G1 X91.24 Y139.732 E1294.36657
G1 X91.24 Y151.224 E1294.74879
G1 X88.777 Y151.224 E1294.83071
G0 F9000 X88.777 Y151.484
G0 X83.572 Y151.412
G0 X83.5 Y150.711
G0 X83.96 Y150.711
G1 F1500 X84.273 Y151.024 E1294.84544
G0 F9000 X84.839 Y151.024
G1 F1500 X83.96 Y150.146 E1294.88676
G0 F9000 X83.96 Y149.58
G1 F1500 X85.404 Y151.024 E1294.95468
G0 F9000 X85.97 Y151.024
G1 F1500 X83.96 Y149.014 E1295.04922
G0 F9000 X83.96 Y148.449
G1 F1500 X86.536 Y151.024 E1295.17037
G0 F9000 X87.101 Y151.024
G1 F1500 X83.96 Y147.883 E1295.31811
G0 F9000 X83.96 Y147.317
G1 F1500 X87.667 Y151.024 E1295.49248
G0 F9000 X88.233 Y151.024
G1 F1500 X83.96 Y146.752 E1295.69344
G0 F9000 X83.96 Y146.186
G1 F1500 X88.798 Y151.024 E1295.92101
G0 F9000 X89.364 Y151.024
G1 F1500 X83.96 Y145.62 E1296.17519
G0 F9000 X83.96 Y145.054
G1 F1500 X89.93 Y151.024 E1296.456
G0 F9000 X90.496 Y151.024
G1 F1500 X83.96 Y144.489 E1296.76341
G0 F9000 X83.96 Y143.923
G1 F1500 X91.04 Y151.003 E1297.09644
G0 F9000 X91.04 Y150.437
G1 F1500 X83.96 Y143.357 E1297.42946
G0 F9000 X83.96 Y142.792
G1 F1500 X91.04 Y149.871 E1297.76246
G0 F9000 X91.04 Y149.306
G1 F1500 X83.96 Y142.226 E1298.09548
G0 F9000 X83.96 Y141.66
G1 F1500 X91.04 Y148.74 E1298.4285
G0 F9000 X91.04 Y148.174
G1 F1500 X83.96 Y141.095 E1298.7615
G0 F9000 X83.96 Y140.529
G1 F1500 X91.04 Y147.609 E1299.09452
G0 F9000 X91.04 Y147.043
G1 F1500 X83.96 Y139.963 E1299.42754
G0 F9000 X84.495 Y139.932
G1 F1500 X91.04 Y146.477 E1299.7354
G0 F9000 X91.04 Y145.911
G1 F1500 X85.061 Y139.932 E1300.01663
G0 F9000 X85.626 Y139.932
G1 F1500 X91.04 Y145.346 E1300.27129
G0 F9000 X91.04 Y144.78
G1 F1500 X86.192 Y139.932 E1300.49932
G0 F9000 X86.758 Y139.932
G1 F1500 X91.04 Y144.214 E1300.70074
G0 F9000 X91.04 Y143.649
G1 F1500 X87.323 Y139.932 E1300.87557
G0 F9000 X87.889 Y139.932
G1 F1500 X91.04 Y143.083 E1301.02378
G0 F9000 X91.04 Y142.517
G1 F1500 X88.455 Y139.932 E1301.14538
G0 F9000 X89.021 Y139.932
G1 F1500 X91.04 Y141.952 E1301.24037
G0 F9000 X91.04 Y141.386
G1 F1500 X89.586 Y139.932 E1301.30876
G0 F9000 X90.152 Y139.932
G1 F1500 X91.04 Y140.82 E1301.35053
G0 F9000 X91.04 Y140.255
G1 F1500 X90.718 Y139.932 E1301.3657
G0 F9000 X90.718 Y139.184
G1 F2700 E1296.3657
;MESH:batclipholder.stl(3)
G0 F9000 X91.428 Y139.544
G0 X92.57 Y148.146
G0 X93.665 Y148.146
G0 X96.617 Y146.841
G0 X98.45 Y146.841
G0 X136.289 Y148.463
G0 X137.621 Y148.146
;TYPE:WALL-INNER
G1 F2700 E1301.3657
G1 F1239.7 X141.263 Y154.477 E1301.65964
G0 F9000 X141.785 Y155.013
G0 X142.441 Y154.839
G0 X142.695 Y154.125
G1 F991.7 X142.7 Y152.984 E1301.71704
G0 F9000 X142.422 Y155.799
G1 F1685.4 X142.422 Y154.76 E1301.74779
G1 X142.245 Y154.952 E1301.75552
G1 X141.973 Y155.021 E1301.76383
G1 X142.422 Y155.799 E1301.79042
G0 F9000 X142.346 Y156.424
G1 F1500 X142.8 Y156.424 E1301.80552
G1 X142.8 Y155.089 E1301.84992
G1 F1327.4 X142.748 Y154.607 E1301.86814
G1 F1075.3 X142.695 Y154.125 E1301.89064
G1 F1188.1 X142.15 Y154.586 E1301.92061
G1 F1500 X141.902 Y154.649 E1301.92913
G1 F1373 X141.263 Y154.477 E1301.95317
G1 X141.658 Y155.23 E1301.98407
G1 F1500 X142.346 Y156.424 E1302.0299
G0 F9000 X142.517 Y156.13
G0 X142.962 Y152.546
G0 X146.1 Y151.584
G1 F1500 X151.6 Y151.584 E1302.21283
G1 X151.6 Y139.372 E1302.61901
G1 X143.4 Y139.372 E1302.89174
G1 X143.4 Y151.584 E1303.29791
G1 X146.1 Y151.584 E1303.38771
G0 F9000 X145.963 Y151.984
G1 F1500 X151.6 Y151.984 E1303.5752
G1 X152 Y152.117 E1303.58922
G1 X152 Y138.972 E1304.02643
G1 X143 Y138.972 E1304.32577
G1 X143 Y152.117 E1304.76297
G1 X143.4 Y151.984 E1304.77699
G1 X145.963 Y151.984 E1304.86224
G0 F9000 X145.825 Y152.384
G1 F1500 X151.6 Y152.384 E1305.05431
G1 X151.96 Y152.504 E1305.06694
G1 F1200 X152.3 Y152.984 E1305.09139
G1 X152.4 Y152.284 E1305.12079
G1 F1500 X152.4 Y138.572 E1305.57685
G1 X142.6 Y138.572 E1305.9028
G1 X142.6 Y152.284 E1306.35886
G1 F1200 X142.7 Y152.984 E1306.38826
G1 X143.04 Y152.504 E1306.41272
G1 F1500 X143.4 Y152.384 E1306.42534
G1 X145.825 Y152.384 E1306.506
G0 F9000 X145.826 Y152.075
G0 X152.038 Y152.547
G0 X152.3 Y152.984
G1 F991.7 X152.305 Y154.125 E1306.56339
G0 F9000 X152.559 Y154.839
G0 X153.215 Y155.013
G0 X153.793 Y154.382
G1 F1271.2 X155.584 Y151.265 E1306.70448
G1 F1229.5 X157.376 Y148.148 E1306.85038
G0 F9000 X153.215 Y155.013
G0 X152.578 Y155.794
G1 F1694.9 X153.025 Y155.021 E1306.87666
G1 X152.752 Y154.95 E1306.88496
G1 X152.578 Y154.76 E1306.89255
G1 X152.578 Y155.794 E1306.92298
G0 F9000 X152.2 Y156.424
G1 F1500 X152.649 Y156.424 E1306.93792
G1 X153.336 Y155.235 E1306.98359
G1 F1388.9 X153.793 Y154.382 E1307.01835
G1 X153.091 Y154.649 E1307.04533
G1 F1500 X152.847 Y154.585 E1307.05372
G1 F1188.1 X152.305 Y154.125 E1307.08357
G1 F1075.3 X152.253 Y154.605 E1307.10597
G1 F1327.4 X152.201 Y155.085 E1307.12412
G1 F1500 X152.2 Y156.424 E1307.16865
G1 F2700 E1302.16865
G0 F9000 X152.48 Y156.146
G0 X152.038 Y152.547
G0 X145.689 Y152.475
G0 X145.688 Y152.784
;TYPE:WALL-OUTER
G1 F2700 E1307.16865
G1 F1500 X151.6 Y152.784 E1307.36529
G1 X151.72 Y152.824 E1307.36949
G1 X151.8 Y152.984 E1307.37544
G1 X151.8 Y156.824 E1307.50316
G1 X152.88 Y156.824 E1307.53908
G1 X158.151 Y147.701 E1307.88952
G1 X157.117 Y147.7 E1307.92391
G1 X153.418 Y154.168 E1308.17173
G1 X153.193 Y154.262 E1308.17984
G1 X152.949 Y154.198 E1308.18823
G1 X152.802 Y154.039 E1308.19544
G1 X152.8 Y138.172 E1308.72317
G1 X142.2 Y138.172 E1309.07573
G1 X142.198 Y154.039 E1309.60347
G1 X142.05 Y154.198 E1309.6107
G1 X141.802 Y154.262 E1309.61921
G1 X141.598 Y154.197 E1309.62634
G1 X137.88 Y147.7 E1309.87531
G1 X136.848 Y147.7 E1309.90963
G1 X142.116 Y156.824 E1310.26005
G1 X143.2 Y156.824 E1310.2961
G1 X143.2 Y152.984 E1310.42382
G1 X143.28 Y152.824 E1310.42977
G1 X143.4 Y152.784 E1310.43398
G1 X145.688 Y152.784 E1310.51008
G0 F9000 X145.689 Y152.475
G0 X146.223 Y151.484
G0 X146.223 Y151.224
;TYPE:SKIN
G1 F1500 X143.76 Y151.224 E1310.592
G1 X143.76 Y139.732 E1310.97422
G1 X151.24 Y139.732 E1311.22301
G1 X151.24 Y151.224 E1311.60523
G1 X146.223 Y151.224 E1311.7721
G0 F9000 X146.223 Y151.484
G0 X143.572 Y151.412
G0 X143.5 Y150.748
G0 X143.96 Y150.748
G1 F1500 X144.236 Y151.024 E1311.78508
G0 F9000 X144.801 Y151.024
G1 F1500 X143.96 Y150.182 E1311.82466
G0 F9000 X143.96 Y149.617
G1 F1500 X145.367 Y151.024 E1311.89084
G0 F9000 X145.933 Y151.024
G1 F1500 X143.96 Y149.051 E1311.98365
G0 F9000 X143.96 Y148.485
G1 F1500 X146.498 Y151.024 E1312.10305
G0 F9000 X147.064 Y151.024
G1 F1500 X143.96 Y147.92 E1312.24905
G0 F9000 X143.96 Y147.354
G1 F1500 X147.63 Y151.024 E1312.42168
G0 F9000 X148.195 Y151.024
G1 F1500 X143.96 Y146.788 E1312.6209
G0 F9000 X143.96 Y146.223
G1 F1500 X148.761 Y151.024 E1312.84673
G0 F9000 X149.327 Y151.024
G1 F1500 X143.96 Y145.657 E1313.09918
G0 F9000 X143.96 Y145.091
G1 F1500 X149.892 Y151.024 E1313.37822
G0 F9000 X150.458 Y151.024
G1 F1500 X143.96 Y144.526 E1313.68387
G0 F9000 X143.96 Y143.96
G1 F1500 X151.024 Y151.024 E1314.01614
G0 F9000 X151.04 Y150.474
G1 F1500 X143.96 Y143.394 E1314.34916
G0 F9000 X143.96 Y142.828
G1 F1500 X151.04 Y149.909 E1314.6822
G0 F9000 X151.04 Y149.343
G1 F1500 X143.96 Y142.263 E1315.01523
G0 F9000 X143.96 Y141.697
G1 F1500 X151.04 Y148.777 E1315.34825
G0 F9000 X151.04 Y148.212
G1 F1500 X143.96 Y141.131 E1315.68129
G0 F9000 X143.96 Y140.566
G1 F1500 X151.04 Y147.646 E1316.01431
G0 F9000 X151.04 Y147.08
G1 F1500 X143.96 Y140 E1316.34734
G0 F9000 X144.458 Y139.932
G1 F1500 X151.04 Y146.515 E1316.65696
G0 F9000 X151.04 Y145.949
G1 F1500 X145.023 Y139.932 E1316.93998
G0 F9000 X145.589 Y139.932
G1 F1500 X151.04 Y145.383 E1317.19638
G0 F9000 X151.04 Y144.818
G1 F1500 X146.155 Y139.932 E1317.42617
G0 F9000 X146.72 Y139.932
G1 F1500 X151.04 Y144.252 E1317.62937
G0 F9000 X151.04 Y143.686
G1 F1500 X147.286 Y139.932 E1317.80595
G0 F9000 X147.852 Y139.932
G1 F1500 X151.04 Y143.121 E1317.95593
G0 F9000 X151.04 Y142.555
G1 F1500 X148.417 Y139.932 E1318.07931
G0 F9000 X148.983 Y139.932
G1 F1500 X151.04 Y141.989 E1318.17606
G0 F9000 X151.04 Y141.423
G1 F1500 X149.549 Y139.932 E1318.24619
G0 F9000 X150.115 Y139.932
G1 F1500 X151.04 Y140.858 E1318.28973
G0 F9000 X151.04 Y140.292
G1 F1500 X150.68 Y139.932 E1318.30666
G0 F9000 X150.68 Y139.184
G1 F2700 E1313.30666
;MESH:batclipholder.stl(2)
G0 F9000 X152.578 Y138.404
G0 X152.578 Y137.309
G0 X152.578 Y97.691
G0 X152.578 Y96.596
G0 X152.578 Y95.794
;TYPE:WALL-INNER
G1 F2700 E1318.30666
G1 F1694.9 X153.025 Y95.021 E1318.33294
G1 X152.752 Y94.95 E1318.34125
G1 X152.578 Y94.76 E1318.34883
G1 X152.578 Y95.794 E1318.37927
G0 F9000 X152.2 Y96.424
G1 F1500 X152.649 Y96.424 E1318.3942
G1 X153.336 Y95.235 E1318.43987
G1 F1388.9 X153.793 Y94.382 E1318.47463
G1 X153.091 Y94.649 E1318.50161
G1 F1500 X152.847 Y94.585 E1318.51
G1 F1188.1 X152.305 Y94.125 E1318.53985
G1 F1075.3 X152.253 Y94.605 E1318.56225
G1 F1327.4 X152.201 Y95.085 E1318.5804
G1 F1500 X152.2 Y96.424 E1318.62494
G0 F9000 X152.48 Y96.146
G0 X152.305 Y94.125
G1 F991.7 X152.3 Y92.984 E1318.68234
G0 F9000 X152.559 Y94.839
G0 X153.215 Y95.013
G0 X153.793 Y94.382
G1 F1271.2 X155.584 Y91.265 E1318.82342
G1 F1229.5 X157.376 Y88.148 E1318.96932
G0 F9000 X153.215 Y95.013
G0 X152.559 Y94.839
G0 X151.8 Y90.053
G0 X151.682 Y91.666
G0 X146.669 Y91.584
G1 F1500 X151.6 Y91.584 E1319.13332
G1 X151.6 Y79.372 E1319.53949
G1 X143.4 Y79.372 E1319.81223
G1 X143.4 Y91.584 E1320.2184
G1 X146.669 Y91.584 E1320.32713
G0 F9000 X146.588 Y91.984
G1 F1500 X151.6 Y91.984 E1320.49383
G1 X152 Y92.117 E1320.50785
G1 X152 Y78.972 E1320.94505
G1 X143 Y78.972 E1321.24439
G1 X143 Y92.117 E1321.6816
G1 X143.4 Y91.984 E1321.69562
G1 X146.588 Y91.984 E1321.80165
G0 F9000 X146.507 Y92.384
G1 F1500 X151.6 Y92.384 E1321.97105
G1 X151.96 Y92.504 E1321.98367
G1 F1200 X152.3 Y92.984 E1322.00812
G1 X152.4 Y92.284 E1322.03752
G1 F1500 X152.4 Y78.572 E1322.49358
G1 X142.6 Y78.572 E1322.81953
G1 X142.6 Y92.284 E1323.2756
G1 F1200 X142.7 Y92.984 E1323.30499
G1 X143.04 Y92.504 E1323.32945
G1 F1500 X143.4 Y92.384 E1323.34207
G1 X146.507 Y92.384 E1323.44541
G0 F9000 X146.508 Y92.075
G0 X142.962 Y92.546
G0 X142.7 Y92.984
G1 F991.7 X142.695 Y94.125 E1323.50281
G0 F9000 X142.441 Y94.839
G0 X141.785 Y95.013
G0 X141.263 Y94.477
G1 F1239.7 X137.621 Y88.146 E1323.79675
G0 F9000 X141.785 Y95.013
G0 X142.422 Y95.799
G1 F1685.4 X142.422 Y94.76 E1323.82751
G1 X142.245 Y94.952 E1323.83524
G1 X141.973 Y95.021 E1323.84354
G1 X142.422 Y95.799 E1323.87013
G0 F9000 X142.346 Y96.424
G1 F1500 X142.8 Y96.424 E1323.88523
G1 X142.8 Y95.089 E1323.92963
G1 F1327.4 X142.748 Y94.607 E1323.94786
G1 F1075.3 X142.695 Y94.125 E1323.97035
G1 F1188.1 X142.15 Y94.586 E1324.00033
G1 F1500 X141.902 Y94.649 E1324.00884
G1 F1373 X141.263 Y94.477 E1324.03288
G1 X141.658 Y95.23 E1324.06378
G1 F1500 X142.346 Y96.424 E1324.10962
G1 F2700 E1319.10962
G0 F9000 X142.517 Y96.13
G0 X142.962 Y92.546
G0 X146.426 Y92.475
G0 X146.425 Y92.784
;TYPE:WALL-OUTER
G1 F2700 E1324.10962
G1 F1500 X151.6 Y92.784 E1324.28174
G1 X151.72 Y92.824 E1324.28594
G1 X151.8 Y92.984 E1324.29189
G1 X151.8 Y96.824 E1324.41961
G1 X152.88 Y96.824 E1324.45553
G1 X158.151 Y87.701 E1324.80597
G1 X157.117 Y87.7 E1324.84036
G1 X153.418 Y94.168 E1325.08818
G1 X153.193 Y94.262 E1325.09629
G1 X152.949 Y94.198 E1325.10468
G1 X152.802 Y94.039 E1325.11189
G1 X152.8 Y78.172 E1325.63962
G1 X142.2 Y78.172 E1325.99218
G1 X142.198 Y94.039 E1326.51992
G1 X142.05 Y94.198 E1326.52715
G1 X141.802 Y94.262 E1326.53566
G1 X141.598 Y94.197 E1326.54279
G1 X137.88 Y87.7 E1326.79176
G1 X136.848 Y87.7 E1326.82608
G1 X142.116 Y96.824 E1327.1765
G1 X143.2 Y96.824 E1327.21255
G1 X143.2 Y92.984 E1327.34027
G1 X143.28 Y92.824 E1327.34622
G1 X143.4 Y92.784 E1327.35043
G1 X146.425 Y92.784 E1327.45104
G0 F9000 X146.426 Y92.475
G0 X146.743 Y91.484
G0 X146.743 Y91.224
;TYPE:SKIN
G1 F1500 X143.76 Y91.224 E1327.55025
G1 X143.76 Y79.732 E1327.93248
G1 X151.24 Y79.732 E1328.18127
G1 X151.24 Y91.224 E1328.56349
G1 X146.743 Y91.224 E1328.71306
G0 F9000 X146.743 Y91.484
G0 X144.198 Y91.484
G0 X144.198 Y91.024
G1 F1500 X143.96 Y90.785 E1328.72428
G0 F9000 X143.96 Y90.22
G1 F1500 X144.764 Y91.024 E1328.7621
G0 F9000 X145.33 Y91.024
G1 F1500 X143.96 Y89.654 E1328.82654
G0 F9000 X143.96 Y89.088
G1 F1500 X145.895 Y91.024 E1328.91758
G0 F9000 X146.461 Y91.024
G1 F1500 X143.96 Y88.523 E1329.03522
G0 F9000 X143.96 Y87.957
G1 F1500 X147.027 Y91.024 E1329.17948
G0 F9000 X147.592 Y91.024
G1 F1500 X143.96 Y87.391 E1329.35034
G0 F9000 X143.96 Y86.826
G1 F1500 X148.158 Y91.024 E1329.5478
G0 F9000 X148.724 Y91.024
G1 F1500 X143.96 Y86.26 E1329.77189
G0 F9000 X143.96 Y85.694
G1 F1500 X149.289 Y91.024 E1330.02257
G0 F9000 X149.855 Y91.024
G1 F1500 X143.96 Y85.129 E1330.29985
G0 F9000 X143.96 Y84.563
G1 F1500 X150.421 Y91.024 E1330.60376
G0 F9000 X150.986 Y91.024
G1 F1500 X143.96 Y83.997 E1330.93426
G0 F9000 X143.96 Y83.432
G1 F1500 X151.04 Y90.512 E1331.26729
G0 F9000 X151.04 Y89.946
G1 F1500 X143.96 Y82.866 E1331.60031
G0 F9000 X143.96 Y82.3
G1 F1500 X151.04 Y89.38 E1331.93333
G0 F9000 X151.04 Y88.815
G1 F1500 X143.96 Y81.734 E1332.26637
G0 F9000 X143.96 Y81.169
G1 F1500 X151.04 Y88.249 E1332.5994
G0 F9000 X151.04 Y87.683
G1 F1500 X143.96 Y80.603 E1332.93242
G0 F9000 X143.96 Y80.037
G1 F1500 X151.04 Y87.118 E1333.26546
G0 F9000 X151.04 Y86.552
G1 F1500 X144.42 Y79.932 E1333.57685
G0 F9000 X144.986 Y79.932
G1 F1500 X151.04 Y85.986 E1333.86161
G0 F9000 X151.04 Y85.421
G1 F1500 X145.552 Y79.932 E1334.11977
G0 F9000 X146.117 Y79.932
G1 F1500 X151.04 Y84.855 E1334.35133
G0 F9000 X151.04 Y84.289
G1 F1500 X146.683 Y79.932 E1334.55627
G0 F9000 X147.249 Y79.932
G1 F1500 X151.04 Y83.724 E1334.73461
G0 F9000 X151.04 Y83.158
G1 F1500 X147.814 Y79.932 E1334.88635
G0 F9000 X148.38 Y79.932
G1 F1500 X151.04 Y82.592 E1335.01147
G0 F9000 X151.04 Y82.027
G1 F1500 X148.946 Y79.932 E1335.10999
G0 F9000 X149.511 Y79.932
G1 F1500 X151.04 Y81.461 E1335.18191
G0 F9000 X151.04 Y80.895
G1 F1500 X150.077 Y79.932 E1335.22721
G0 F9000 X150.643 Y79.932
G1 F1500 X151.04 Y80.329 E1335.24588
G0 F9000 X151.79 Y80.329
G1 F2700 E1330.24588
;MESH:NONMESH
G0 F300 X151.79 Y80.329 Z5.2
G0 F9000 X151.428 Y79.544
G0 X143.572 Y79.544
G0 X142.43 Y88.146
G0 X141.335 Y88.146
G0 X138.383 Y86.841
G0 X136.55 Y86.841
G0 X98.712 Y88.462
G0 X77.621 Y88.146
;TIME_ELAPSED:2439.712918
;LAYER:25
;TYPE:WALL-INNER
;MESH:batclipholder.stl(1)
G1 F2700 E1335.24588
G1 F1239.7 X81.263 Y94.477 E1335.53982
G0 F9000 X81.785 Y95.013
G0 X82.441 Y94.839
G0 X82.695 Y94.125
G1 F991.7 X82.7 Y92.996 E1335.59662
G0 F9000 X82.422 Y95.799
G1 F1685.4 X82.422 Y94.76 E1335.62737
G1 X82.245 Y94.952 E1335.6351
G1 X81.973 Y95.021 E1335.64341
G1 X82.422 Y95.799 E1335.67
G0 F9000 X82.8 Y96.424
G1 F1500 X82.8 Y95.089 E1335.7144
G1 F1327.4 X82.748 Y94.607 E1335.73262
G1 F1075.3 X82.695 Y94.125 E1335.75512
G1 F1188.1 X82.15 Y94.586 E1335.7851
G1 F1500 X81.902 Y94.649 E1335.79361
G1 F1373 X81.263 Y94.477 E1335.81765
G1 X81.658 Y95.23 E1335.84855
G1 F1500 X82.346 Y96.424 E1335.89438
G1 X82.8 Y96.424 E1335.90948
G0 F9000 X82.52 Y96.146
G0 X82.962 Y92.559
G0 X88.333 Y91.596
G1 F1500 X91.6 Y91.596 E1336.01814
G1 X91.6 Y79.372 E1336.42472
G1 X83.4 Y79.372 E1336.69745
G1 X83.4 Y91.596 E1337.10402
G1 X88.333 Y91.596 E1337.26809
G0 F9000 X88.414 Y91.996
G1 F1500 X91.6 Y91.996 E1337.37406
G1 X92 Y92.129 E1337.38808
G1 X92 Y78.972 E1337.82568
G1 X83 Y78.972 E1338.12503
G1 X83 Y92.129 E1338.56263
G1 X83.4 Y91.996 E1338.57665
G1 X88.414 Y91.996 E1338.74342
G0 F9000 X88.496 Y92.396
G1 F1500 X91.6 Y92.396 E1338.84665
G1 X91.96 Y92.516 E1338.85928
G1 F1200 X92.3 Y92.996 E1338.88373
G1 X92.4 Y92.296 E1338.91313
G1 F1500 X92.4 Y78.572 E1339.36959
G1 X82.6 Y78.572 E1339.69554
G1 X82.6 Y92.296 E1340.152
G1 F1200 X82.7 Y92.996 E1340.1814
G1 X83.04 Y92.516 E1340.20586
G1 F1500 X83.4 Y92.396 E1340.21848
G1 X88.496 Y92.396 E1340.38797
G0 F9000 X88.496 Y92.087
G0 X92.038 Y92.559
G0 X92.3 Y92.996
G1 F991.7 X92.305 Y94.125 E1340.44477
G0 F9000 X92.559 Y94.839
G0 X93.215 Y95.013
G0 X93.793 Y94.382
G1 F1271.2 X95.584 Y91.265 E1340.58586
G1 F1229.5 X97.376 Y88.148 E1340.73175
G0 F9000 X93.215 Y95.013
G0 X92.578 Y95.794
G1 F1694.9 X93.025 Y95.021 E1340.75803
G1 X92.752 Y94.95 E1340.76634
G1 X92.578 Y94.76 E1340.77392
G1 X92.578 Y95.794 E1340.80436
G0 F9000 X92.649 Y96.424
G1 F1500 X93.336 Y95.235 E1340.85003
G1 F1388.9 X93.793 Y94.382 E1340.88479
G1 X93.091 Y94.649 E1340.91177
G1 F1500 X92.847 Y94.585 E1340.92016
G1 F1188.1 X92.305 Y94.125 E1340.95001
G1 F1075.3 X92.253 Y94.605 E1340.97241
G1 F1327.4 X92.201 Y95.085 E1340.99056
G1 F1500 X92.2 Y96.424 E1341.03509
G1 X92.649 Y96.424 E1341.05003
G1 F2700 E1336.05003
G0 F9000 X92.483 Y96.13
G0 X92.038 Y92.559
G0 X88.577 Y92.487
G0 X88.577 Y92.796
;TYPE:WALL-OUTER
G1 F2700 E1341.05003
G1 F1500 X91.6 Y92.796 E1341.15057
G1 X91.72 Y92.836 E1341.15478
G1 X91.8 Y92.996 E1341.16073
G1 X91.8 Y96.824 E1341.28805
G1 X92.88 Y96.824 E1341.32397
G1 X98.151 Y87.701 E1341.67441
G1 X97.117 Y87.7 E1341.7088
G1 X93.418 Y94.168 E1341.95662
G1 X93.193 Y94.262 E1341.96473
G1 X92.949 Y94.198 E1341.97312
G1 X92.802 Y94.039 E1341.98032
G1 X92.8 Y78.172 E1342.50806
G1 X82.2 Y78.172 E1342.86062
G1 X82.198 Y94.039 E1343.38836
G1 X82.05 Y94.198 E1343.39558
G1 X81.802 Y94.262 E1343.4041
G1 X81.598 Y94.197 E1343.41122
G1 X77.88 Y87.7 E1343.66019
G1 X76.848 Y87.7 E1343.69452
G1 X82.116 Y96.824 E1344.04493
G1 X83.2 Y96.824 E1344.08099
G1 X83.2 Y92.996 E1344.20831
G1 X83.28 Y92.836 E1344.21426
G1 X83.4 Y92.796 E1344.21846
G1 X88.577 Y92.796 E1344.39065
G0 F9000 X88.577 Y92.487
G0 X88.829 Y91.517
;TYPE:FILL
G1 F3000 X91.52 Y81.477 E1344.73637
G0 F9000 X91.52 Y84.017
G1 F3000 X83.48 Y86.171 E1345.01321
G0 F9000 X83.48 Y86.766
G1 F3000 X88.229 Y91.516 E1345.23661
G0 F9000 X86.713 Y91.516
G1 F3000 X91.519 Y90.229 E1345.40209
G0 F9000 X91.52 Y86.321
G1 F3000 X84.651 Y79.452 E1345.72519
G0 F9000 X85.374 Y79.452
G1 F3000 X83.48 Y79.959 E1345.7904
G0 F9000 X85.851 Y79.452
G1 F3000 X83.48 Y88.298 E1346.09501
G1 F2700 E1341.09501
;MESH:batclipholder.stl
G0 F9000 X82.247 Y96.599
G0 X82.247 Y97.691
G0 X77.752 Y146.835
G0 X77.621 Y148.146
;TYPE:WALL-INNER
G1 F2700 E1346.09501
G1 F1239.7 X81.263 Y154.477 E1346.38895
G0 F9000 X81.785 Y155.013
G0 X82.441 Y154.839
G0 X82.695 Y154.125
G1 F991.7 X82.7 Y152.996 E1346.44574
G0 F9000 X82.422 Y155.799
G1 F1685.4 X82.422 Y154.76 E1346.4765
G1 X82.245 Y154.952 E1346.48423
G1 X81.973 Y155.021 E1346.49254
G1 X82.422 Y155.799 E1346.51913
G0 F9000 X82.8 Y156.424
G1 F1500 X82.8 Y155.089 E1346.56353
G1 F1327.4 X82.748 Y154.607 E1346.58175
G1 F1075.3 X82.695 Y154.125 E1346.60425
G1 F1188.1 X82.15 Y154.586 E1346.63422
G1 F1500 X81.902 Y154.649 E1346.64273
G1 F1373 X81.263 Y154.477 E1346.66678
G1 X81.658 Y155.23 E1346.69768
G1 F1500 X82.346 Y156.424 E1346.74351
G1 X82.8 Y156.424 E1346.75861
G0 F9000 X82.52 Y156.146
G0 X82.962 Y152.559
G0 X88.904 Y151.596
G1 F1500 X91.6 Y151.596 E1346.84828
G1 X91.6 Y139.372 E1347.25485
G1 X83.4 Y139.372 E1347.52758
G1 X83.4 Y151.596 E1347.93416
G1 X88.904 Y151.596 E1348.11722
G0 F9000 X89.041 Y151.996
G1 F1500 X91.6 Y151.996 E1348.20233
G1 X92 Y152.129 E1348.21635
G1 X92 Y138.972 E1348.65396
G1 X83 Y138.972 E1348.9533
G1 X83 Y152.129 E1349.3909
G1 X83.4 Y151.996 E1349.40492
G1 X89.041 Y151.996 E1349.59254
G0 F9000 X89.179 Y152.396
G1 F1500 X91.6 Y152.396 E1349.67306
G1 X91.96 Y152.516 E1349.68569
G1 F1200 X92.3 Y152.996 E1349.71014
G1 X92.4 Y152.296 E1349.73954
G1 F1500 X92.4 Y138.572 E1350.196
G1 X82.6 Y138.572 E1350.52195
G1 X82.6 Y152.296 E1350.97841
G1 F1200 X82.7 Y152.996 E1351.00781
G1 X83.04 Y152.516 E1351.03227
G1 F1500 X83.4 Y152.396 E1351.04489
G1 X89.179 Y152.396 E1351.2371
G0 F9000 X89.179 Y152.087
G0 X92.038 Y152.559
G0 X92.3 Y152.996
G1 F991.7 X92.305 Y154.125 E1351.29389
G0 F9000 X92.559 Y154.839
G0 X93.215 Y155.013
G0 X93.793 Y154.382
G1 F1271.2 X95.584 Y151.265 E1351.43498
G1 F1229.5 X97.376 Y148.148 E1351.58088
G0 F9000 X93.215 Y155.013
G0 X92.578 Y155.794
G1 F1694.9 X93.025 Y155.021 E1351.60716
G1 X92.752 Y154.95 E1351.61546
G1 X92.578 Y154.76 E1351.62305
G1 X92.578 Y155.794 E1351.65348
G0 F9000 X92.649 Y156.424
G1 F1500 X93.336 Y155.235 E1351.69915
G1 F1388.9 X93.793 Y154.382 E1351.73392
G1 X93.091 Y154.649 E1351.76089
G1 F1500 X92.847 Y154.585 E1351.76928
G1 F1188.1 X92.305 Y154.125 E1351.79914
G1 F1075.3 X92.253 Y154.605 E1351.82154
G1 F1327.4 X92.201 Y155.085 E1351.83968
G1 F1500 X92.2 Y156.424 E1351.88422
G1 X92.649 Y156.424 E1351.89915
G1 F2700 E1346.89915
G0 F9000 X92.483 Y156.13
G0 X92.038 Y152.559
G0 X89.316 Y152.487
G0 X89.316 Y152.796
;TYPE:WALL-OUTER
G1 F2700 E1351.89915
G1 F1500 X91.6 Y152.796 E1351.97512
G1 X91.72 Y152.836 E1351.97932
G1 X91.8 Y152.996 E1351.98527
G1 X91.8 Y156.824 E1352.11259
G1 X92.88 Y156.824 E1352.14852
G1 X98.151 Y147.701 E1352.49895
G1 X97.117 Y147.7 E1352.53334
G1 X93.418 Y154.168 E1352.78117
G1 X93.193 Y154.262 E1352.78928
G1 X92.949 Y154.198 E1352.79767
G1 X92.802 Y154.039 E1352.80487
G1 X92.8 Y138.172 E1353.33261
G1 X82.2 Y138.172 E1353.68516
G1 X82.198 Y154.039 E1354.2129
G1 X82.05 Y154.198 E1354.22013
G1 X81.802 Y154.262 E1354.22865
G1 X81.598 Y154.197 E1354.23577
G1 X77.88 Y147.7 E1354.48474
G1 X76.848 Y147.7 E1354.51906
G1 X82.116 Y156.824 E1354.86948
G1 X83.2 Y156.824 E1354.90553
G1 X83.2 Y152.996 E1355.03285
G1 X83.28 Y152.836 E1355.0388
G1 X83.4 Y152.796 E1355.04301
G1 X89.316 Y152.796 E1355.23978
G0 F9000 X89.316 Y152.487
G0 X88.829 Y151.517
;TYPE:FILL
G1 F3000 X91.52 Y141.477 E1355.5855
G0 F9000 X91.52 Y144.016
G1 F3000 X83.48 Y146.17 E1355.86234
G0 F9000 X83.48 Y146.766
G1 F3000 X88.23 Y151.516 E1356.08576
G0 F9000 X86.713 Y151.516
G1 F3000 X91.519 Y150.228 E1356.25125
G0 F9000 X91.52 Y146.321
G1 F3000 X84.651 Y139.452 E1356.57435
G0 F9000 X85.371 Y139.452
G1 F3000 X83.48 Y139.959 E1356.63947
G0 F9000 X85.851 Y139.451
G1 F3000 X83.48 Y148.297 E1356.94407
G1 F2700 E1351.94407
;MESH:batclipholder.stl(3)
G0 F9000 X92.555 Y150.994
G0 X92.559 Y154.839
G0 X93.215 Y155.013
G0 X97.773 Y147.92
G0 X98.712 Y148.462
G0 X136.289 Y148.463
G0 X137.621 Y148.146
;TYPE:WALL-INNER
G1 F2700 E1356.94407
G1 F1239.7 X141.263 Y154.477 E1357.23801
G0 F9000 X141.785 Y155.013
G0 X142.441 Y154.839
G0 X142.695 Y154.125
G1 F991.7 X142.7 Y152.996 E1357.29481
G0 F9000 X142.422 Y155.799
G1 F1685.4 X142.422 Y154.76 E1357.32556
G1 X142.245 Y154.952 E1357.33329
G1 X141.973 Y155.021 E1357.3416
G1 X142.422 Y155.799 E1357.36819
G0 F9000 X142.346 Y156.424
G1 F1500 X142.8 Y156.424 E1357.38329
G1 X142.8 Y155.089 E1357.42769
G1 F1327.4 X142.748 Y154.607 E1357.44591
G1 F1075.3 X142.695 Y154.125 E1357.46841
G1 F1188.1 X142.15 Y154.586 E1357.49839
G1 F1500 X141.902 Y154.649 E1357.5069
G1 F1373 X141.263 Y154.477 E1357.53094
G1 X141.658 Y155.23 E1357.56184
G1 F1500 X142.346 Y156.424 E1357.60767
G0 F9000 X142.517 Y156.13
G0 X142.962 Y152.559
G0 X146.096 Y151.596
G1 F1500 X151.6 Y151.596 E1357.79074
G1 X151.6 Y139.372 E1358.19731
G1 X143.4 Y139.372 E1358.47004
G1 X143.4 Y151.596 E1358.87661
G1 X146.096 Y151.596 E1358.96628
G0 F9000 X145.959 Y151.996
G1 F1500 X151.6 Y151.996 E1359.1539
G1 X152 Y152.129 E1359.16792
G1 X152 Y138.972 E1359.60553
G1 X143 Y138.972 E1359.90487
G1 X143 Y152.129 E1360.34247
G1 X143.4 Y151.996 E1360.35649
G1 X145.959 Y151.996 E1360.4416
G0 F9000 X145.821 Y152.396
G1 F1500 X151.6 Y152.396 E1360.63381
G1 X151.96 Y152.516 E1360.64644
G1 F1200 X152.3 Y152.996 E1360.67089
G1 X152.4 Y152.296 E1360.70029
G1 F1500 X152.4 Y138.572 E1361.15675
G1 X142.6 Y138.572 E1361.4827
G1 X142.6 Y152.296 E1361.93916
G1 F1200 X142.7 Y152.996 E1361.96856
G1 X143.04 Y152.516 E1361.99302
G1 F1500 X143.4 Y152.396 E1362.00564
G1 X145.821 Y152.396 E1362.08616
G0 F9000 X145.821 Y152.087
G0 X152.038 Y152.559
G0 X152.3 Y152.996
G1 F991.7 X152.305 Y154.125 E1362.14296
G0 F9000 X152.559 Y154.839
G0 X153.215 Y155.013
G0 X153.793 Y154.382
G1 F1271.2 X155.584 Y151.265 E1362.28405
G1 F1229.5 X157.376 Y148.148 E1362.42994
G0 F9000 X153.215 Y155.013
G0 X152.578 Y155.794
G1 F1694.9 X153.025 Y155.021 E1362.45622
G1 X152.752 Y154.95 E1362.46452
G1 X152.578 Y154.76 E1362.47211
G1 X152.578 Y155.794 E1362.50254
G0 F9000 X152.2 Y156.424
G1 F1500 X152.649 Y156.424 E1362.51748
G1 X153.336 Y155.235 E1362.56315
G1 F1388.9 X153.793 Y154.382 E1362.59791
G1 X153.091 Y154.649 E1362.62489
G1 F1500 X152.847 Y154.585 E1362.63328
G1 F1188.1 X152.305 Y154.125 E1362.66313
G1 F1075.3 X152.253 Y154.605 E1362.68553
G1 F1327.4 X152.201 Y155.085 E1362.70368
G1 F1500 X152.2 Y156.424 E1362.74821
G1 F2700 E1357.74821
G0 F9000 X152.48 Y156.146
G0 X152.038 Y152.559
G0 X145.684 Y152.487
G0 X145.684 Y152.796
;TYPE:WALL-OUTER
G1 F2700 E1362.74821
G1 F1500 X151.6 Y152.796 E1362.94498
G1 X151.72 Y152.836 E1362.94919
G1 X151.8 Y152.996 E1362.95514
G1 X151.8 Y156.824 E1363.08246
G1 X152.88 Y156.824 E1363.11838
G1 X158.151 Y147.701 E1363.46882
G1 X157.117 Y147.7 E1363.50321
G1 X153.418 Y154.168 E1363.75103
G1 X153.193 Y154.262 E1363.75914
G1 X152.949 Y154.198 E1363.76753
G1 X152.802 Y154.039 E1363.77473
G1 X152.8 Y138.172 E1364.30247
G1 X142.2 Y138.172 E1364.65503
G1 X142.198 Y154.039 E1365.18277
G1 X142.05 Y154.198 E1365.18999
G1 X141.802 Y154.262 E1365.19851
G1 X141.598 Y154.197 E1365.20563
G1 X137.88 Y147.7 E1365.4546
G1 X136.848 Y147.7 E1365.48893
G1 X142.116 Y156.824 E1365.83934
G1 X143.2 Y156.824 E1365.8754
G1 X143.2 Y152.996 E1366.00272
G1 X143.28 Y152.836 E1366.00867
G1 X143.4 Y152.796 E1366.01287
G1 X145.684 Y152.796 E1366.08884
G0 F9000 X145.684 Y152.487
G0 X146.711 Y151.516
;TYPE:FILL
G1 F3000 X151.52 Y150.228 E1366.25443
G0 F9000 X148.829 Y151.517
G1 F3000 X151.52 Y141.474 E1366.60024
G0 F9000 X151.519 Y144.016
G1 F3000 X143.481 Y146.17 E1366.87702
G0 F9000 X143.48 Y146.766
G1 F3000 X148.229 Y151.516 E1367.10042
G0 F9000 X143.48 Y148.296
G1 F3000 X145.85 Y139.451 E1367.40498
G0 F9000 X145.369 Y139.452
G1 F3000 X143.48 Y139.959 E1367.47004
G0 F9000 X144.651 Y139.452
G1 F3000 X151.52 Y146.322 E1367.79316
G1 F2700 E1362.79316
;MESH:batclipholder.stl(2)
G0 F9000 X152.578 Y138.404
G0 X152.578 Y137.309
G0 X152.578 Y97.691
G0 X152.578 Y96.596
G0 X152.578 Y95.794
;TYPE:WALL-INNER
G1 F2700 E1367.79316
G1 F1694.9 X153.025 Y95.021 E1367.81944
G1 X152.752 Y94.95 E1367.82774
G1 X152.578 Y94.76 E1367.83533
G1 X152.578 Y95.794 E1367.86576
G0 F9000 X152.2 Y96.424
G1 F1500 X152.649 Y96.424 E1367.8807
G1 X153.336 Y95.235 E1367.92637
G1 F1388.9 X153.793 Y94.382 E1367.96113
G1 X153.091 Y94.649 E1367.98811
G1 F1500 X152.847 Y94.585 E1367.9965
G1 F1188.1 X152.305 Y94.125 E1368.02635
G1 F1075.3 X152.253 Y94.605 E1368.04875
G1 F1327.4 X152.201 Y95.085 E1368.0669
G1 F1500 X152.2 Y96.424 E1368.11143
G0 F9000 X152.48 Y96.146
G0 X152.305 Y94.125
G1 F991.7 X152.3 Y92.996 E1368.16823
G0 F9000 X152.559 Y94.839
G0 X153.215 Y95.013
G0 X153.793 Y94.382
G1 F1271.2 X155.584 Y91.265 E1368.30932
G1 F1229.5 X157.376 Y88.148 E1368.45521
G0 F9000 X153.215 Y95.013
G0 X152.559 Y94.839
G0 X152.555 Y91.926
G0 X146.667 Y91.596
G1 F1500 X151.6 Y91.596 E1368.61928
G1 X151.6 Y79.372 E1369.02585
G1 X143.4 Y79.372 E1369.29859
G1 X143.4 Y91.596 E1369.70516
G1 X146.667 Y91.596 E1369.81382
G0 F9000 X146.586 Y91.996
G1 F1500 X151.6 Y91.996 E1369.98059
G1 X152 Y92.129 E1369.99461
G1 X152 Y78.972 E1370.43221
G1 X143 Y78.972 E1370.73155
G1 X143 Y92.129 E1371.16915
G1 X143.4 Y91.996 E1371.18318
G1 X146.586 Y91.996 E1371.28914
G0 F9000 X146.504 Y92.396
G1 F1500 X151.6 Y92.396 E1371.45864
G1 X151.96 Y92.516 E1371.47126
G1 F1200 X152.3 Y92.996 E1371.49571
G1 X152.4 Y92.296 E1371.52511
G1 F1500 X152.4 Y78.572 E1371.98157
G1 X142.6 Y78.572 E1372.30752
G1 X142.6 Y92.296 E1372.76398
G1 F1200 X142.7 Y92.996 E1372.79338
G1 X143.04 Y92.516 E1372.81784
G1 F1500 X143.4 Y92.396 E1372.83046
G1 X146.504 Y92.396 E1372.9337
G0 F9000 X146.504 Y92.087
G0 X142.962 Y92.559
G0 X142.7 Y92.996
G1 F991.7 X142.695 Y94.125 E1372.99049
G0 F9000 X142.441 Y94.839
G0 X141.785 Y95.013
G0 X141.263 Y94.477
G1 F1239.7 X137.621 Y88.146 E1373.28443
G0 F9000 X141.785 Y95.013
G0 X142.422 Y95.799
G1 F1685.4 X142.422 Y94.76 E1373.31519
G1 X142.245 Y94.952 E1373.32292
G1 X141.973 Y95.021 E1373.33123
G1 X142.422 Y95.799 E1373.35782
G0 F9000 X142.346 Y96.424
G1 F1500 X142.8 Y96.424 E1373.37292
G1 X142.8 Y95.089 E1373.41732
G1 F1327.4 X142.748 Y94.607 E1373.43554
G1 F1075.3 X142.695 Y94.125 E1373.45804
G1 F1188.1 X142.15 Y94.586 E1373.48801
G1 F1500 X141.902 Y94.649 E1373.49652
G1 F1373 X141.263 Y94.477 E1373.52057
G1 X141.658 Y95.23 E1373.55147
G1 F1500 X142.346 Y96.424 E1373.5973
G1 F2700 E1368.5973
G0 F9000 X142.517 Y96.13
G0 X142.962 Y92.559
G0 X146.423 Y92.487
G0 X146.423 Y92.796
;TYPE:WALL-OUTER
G1 F2700 E1373.5973
G1 F1500 X151.6 Y92.796 E1373.76949
G1 X151.72 Y92.836 E1373.77369
G1 X151.8 Y92.996 E1373.77964
G1 X151.8 Y96.824 E1373.90696
G1 X152.88 Y96.824 E1373.94289
G1 X158.151 Y87.701 E1374.29332
G1 X157.117 Y87.7 E1374.32771
G1 X153.418 Y94.168 E1374.57554
G1 X153.193 Y94.262 E1374.58365
G1 X152.949 Y94.198 E1374.59204
G1 X152.802 Y94.039 E1374.59924
G1 X152.8 Y78.172 E1375.12698
G1 X142.2 Y78.172 E1375.47953
G1 X142.198 Y94.039 E1376.00727
G1 X142.05 Y94.198 E1376.0145
G1 X141.802 Y94.262 E1376.02302
G1 X141.598 Y94.197 E1376.03014
G1 X137.88 Y87.7 E1376.27911
G1 X136.848 Y87.7 E1376.31343
G1 X142.116 Y96.824 E1376.66385
G1 X143.2 Y96.824 E1376.6999
G1 X143.2 Y92.996 E1376.82722
G1 X143.28 Y92.836 E1376.83317
G1 X143.4 Y92.796 E1376.83738
G1 X146.423 Y92.796 E1376.93793
G0 F9000 X146.423 Y92.487
G0 X146.713 Y91.516
;TYPE:FILL
G1 F3000 X151.52 Y90.228 E1377.10345
G0 F9000 X148.829 Y91.516
G1 F3000 X151.52 Y81.473 E1377.44926
G0 F9000 X151.519 Y84.017
G1 F3000 X143.481 Y86.171 E1377.72604
G0 F9000 X143.48 Y86.767
G1 F3000 X148.229 Y91.516 E1377.94942
G0 F9000 X143.48 Y88.296
G1 F3000 X145.85 Y79.451 E1378.25398
G0 F9000 X145.373 Y79.452
G1 F3000 X143.48 Y79.959 E1378.31916
G0 F9000 X144.65 Y79.452
G1 F3000 X151.52 Y86.322 E1378.64231
G1 F2700 E1373.64231
;MESH:NONMESH
G0 F300 X151.52 Y86.322 Z5.4
G0 F9000 X142.43 Y88.146
G0 X141.335 Y88.146
G0 X138.383 Y86.841
G0 X136.55 Y86.841
G0 X98.712 Y88.462
G0 X77.621 Y88.146
;TIME_ELAPSED:2511.453901
;LAYER:26
;TYPE:WALL-INNER
;MESH:batclipholder.stl(1)
G1 F2700 E1378.64231
G1 F1239.7 X81.263 Y94.477 E1378.93625
G0 F9000 X81.785 Y95.013
G0 X82.441 Y94.839
G0 X82.695 Y94.125
G1 F991.7 X82.7 Y92.996 E1378.99304
G0 F9000 X82.422 Y95.799
G1 F1685.4 X82.422 Y94.76 E1379.0238
G1 X82.245 Y94.952 E1379.03153
G1 X81.973 Y95.021 E1379.03984
G1 X82.422 Y95.799 E1379.06643
G0 F9000 X82.8 Y96.424
G1 F1500 X82.8 Y95.089 E1379.11083
G1 F1327.4 X82.748 Y94.607 E1379.12905
G1 F1075.3 X82.695 Y94.125 E1379.15155
G1 F1188.1 X82.15 Y94.586 E1379.18152
G1 F1500 X81.902 Y94.649 E1379.19003
G1 F1373 X81.263 Y94.477 E1379.21408
G1 X81.658 Y95.23 E1379.24497
G1 F1500 X82.346 Y96.424 E1379.29081
G1 X82.8 Y96.424 E1379.30591
G0 F9000 X82.52 Y96.146
G0 X82.962 Y92.559
G0 X88.333 Y91.596
G1 F1500 X91.6 Y91.596 E1379.41457
G1 X91.6 Y79.372 E1379.82114
G1 X83.4 Y79.372 E1380.09387
G1 X83.4 Y91.596 E1380.50045
G1 X88.333 Y91.596 E1380.66452
G0 F9000 X88.414 Y91.996
G1 F1500 X91.6 Y91.996 E1380.77049
G1 X92 Y92.129 E1380.78451
G1 X92 Y78.972 E1381.22211
G1 X83 Y78.972 E1381.52145
G1 X83 Y92.129 E1381.95905
G1 X83.4 Y91.996 E1381.97307
G1 X88.414 Y91.996 E1382.13984
G0 F9000 X88.496 Y92.396
G1 F1500 X91.6 Y92.396 E1382.24308
G1 X91.96 Y92.516 E1382.2557
G1 F1200 X92.3 Y92.996 E1382.28016
G1 X92.4 Y92.296 E1382.30955
G1 F1500 X92.4 Y78.572 E1382.76602
G1 X82.6 Y78.572 E1383.09197
G1 X82.6 Y92.296 E1383.54843
G1 F1200 X82.7 Y92.996 E1383.57783
G1 X83.04 Y92.516 E1383.60228
G1 F1500 X83.4 Y92.396 E1383.6149
G1 X88.496 Y92.396 E1383.7844
G0 F9000 X88.496 Y92.087
G0 X92.038 Y92.559
G0 X92.3 Y92.996
G1 F991.7 X92.305 Y94.125 E1383.84119
G0 F9000 X92.559 Y94.839
G0 X93.215 Y95.013
G0 X93.793 Y94.382
G1 F1271.2 X95.584 Y91.265 E1383.98228
G1 F1229.5 X97.376 Y88.148 E1384.12817
G0 F9000 X93.215 Y95.013
G0 X92.578 Y95.794
G1 F1694.9 X93.025 Y95.021 E1384.15446
G1 X92.752 Y94.95 E1384.16276
G1 X92.578 Y94.76 E1384.17034
G1 X92.578 Y95.794 E1384.20078
G0 F9000 X92.649 Y96.424
G1 F1500 X93.336 Y95.235 E1384.24645
G1 F1388.9 X93.793 Y94.382 E1384.28121
G1 X93.091 Y94.649 E1384.30819
G1 F1500 X92.847 Y94.585 E1384.31658
G1 F1188.1 X92.305 Y94.125 E1384.34643
G1 F1075.3 X92.253 Y94.605 E1384.36884
G1 F1327.4 X92.201 Y95.085 E1384.38698
G1 F1500 X92.2 Y96.424 E1384.43152
G1 X92.649 Y96.424 E1384.44645
G1 F2700 E1379.44645
G0 F9000 X92.483 Y96.13
G0 X92.038 Y92.559
G0 X88.577 Y92.487
G0 X88.577 Y92.796
;TYPE:WALL-OUTER
G1 F2700 E1384.44645
G1 F1500 X91.6 Y92.796 E1384.547
G1 X91.72 Y92.836 E1384.5512
G1 X91.8 Y92.996 E1384.55715
G1 X91.8 Y96.824 E1384.68447
G1 X92.88 Y96.824 E1384.72039
G1 X98.151 Y87.701 E1385.07083
G1 X97.117 Y87.7 E1385.10522
G1 X93.418 Y94.168 E1385.35304
G1 X93.193 Y94.262 E1385.36115
G1 X92.949 Y94.198 E1385.36954
G1 X92.802 Y94.039 E1385.37675
G1 X92.8 Y78.172 E1385.90448
G1 X82.2 Y78.172 E1386.25704
G1 X82.198 Y94.039 E1386.78478
G1 X82.05 Y94.198 E1386.792
G1 X81.802 Y94.262 E1386.80052
G1 X81.598 Y94.197 E1386.80764
G1 X77.88 Y87.7 E1387.05662
G1 X76.848 Y87.7 E1387.09094
G1 X82.116 Y96.824 E1387.44136
G1 X83.2 Y96.824 E1387.47741
G1 X83.2 Y92.996 E1387.60473
G1 X83.28 Y92.836 E1387.61068
G1 X83.4 Y92.796 E1387.61489
G1 X88.577 Y92.796 E1387.78708
G0 F9000 X88.577 Y92.487
G0 X88.682 Y91.517
;TYPE:FILL
G1 F3000 X91.52 Y80.929 E1388.15167
G0 F9000 X91.52 Y84.164
G1 F3000 X83.48 Y86.318 E1388.42851
G0 F9000 X83.48 Y86.565
G1 F3000 X88.43 Y91.516 E1388.66136
G0 F9000 X87.262 Y91.516
G1 F3000 X91.519 Y90.376 E1388.80794
G0 F9000 X91.52 Y86.121
G1 F3000 X84.851 Y79.452 E1389.12163
G0 F9000 X85.704 Y79.452
G1 F3000 X83.48 Y87.749 E1389.40733
G0 F9000 X83.481 Y80.106
G1 F3000 X85.922 Y79.452 E1389.49138
G1 F2700 E1384.49138
;MESH:batclipholder.stl
G0 F9000 X82.976 Y92.573
G0 X84.053 Y93.65
G0 X84.053 Y97.679
G0 X77.752 Y146.835
G0 X77.621 Y148.146
;TYPE:WALL-INNER
G1 F2700 E1389.49138
G1 F1239.7 X81.263 Y154.477 E1389.78532
G0 F9000 X81.785 Y155.013
G0 X82.441 Y154.839
G0 X82.695 Y154.125
G1 F991.7 X82.7 Y152.996 E1389.84212
G0 F9000 X82.422 Y155.799
G1 F1685.4 X82.422 Y154.76 E1389.87288
G1 X82.245 Y154.952 E1389.88061
G1 X81.973 Y155.021 E1389.88891
G1 X82.422 Y155.799 E1389.9155
G0 F9000 X82.8 Y156.424
G1 F1500 X82.8 Y155.089 E1389.9599
G1 F1327.4 X82.748 Y154.607 E1389.97813
G1 F1075.3 X82.695 Y154.125 E1390.00062
G1 F1188.1 X82.15 Y154.586 E1390.0306
G1 F1500 X81.902 Y154.649 E1390.03911
G1 F1373 X81.263 Y154.477 E1390.06315
G1 X81.658 Y155.23 E1390.09405
G1 F1500 X82.346 Y156.424 E1390.13989
G1 X82.8 Y156.424 E1390.15499
G0 F9000 X82.52 Y156.146
G0 X82.962 Y152.559
G0 X88.904 Y151.596
G1 F1500 X91.6 Y151.596 E1390.24466
G1 X91.6 Y139.372 E1390.65123
G1 X83.4 Y139.372 E1390.92396
G1 X83.4 Y151.596 E1391.33053
G1 X88.904 Y151.596 E1391.5136
G0 F9000 X89.041 Y151.996
G1 F1500 X91.6 Y151.996 E1391.59871
G1 X92 Y152.129 E1391.61273
G1 X92 Y138.972 E1392.05033
G1 X83 Y138.972 E1392.34967
G1 X83 Y152.129 E1392.78728
G1 X83.4 Y151.996 E1392.8013
G1 X89.041 Y151.996 E1392.98892
G0 F9000 X89.179 Y152.396
G1 F1500 X91.6 Y152.396 E1393.06944
G1 X91.96 Y152.516 E1393.08206
G1 F1200 X92.3 Y152.996 E1393.10652
G1 X92.4 Y152.296 E1393.13592
G1 F1500 X92.4 Y138.572 E1393.59238
G1 X82.6 Y138.572 E1393.91833
G1 X82.6 Y152.296 E1394.37479
G1 F1200 X82.7 Y152.996 E1394.40419
G1 X83.04 Y152.516 E1394.42864
G1 F1500 X83.4 Y152.396 E1394.44126
G1 X89.179 Y152.396 E1394.63347
G0 F9000 X89.179 Y152.087
G0 X92.038 Y152.559
G0 X92.3 Y152.996
G1 F991.7 X92.305 Y154.125 E1394.69027
G0 F9000 X92.559 Y154.839
G0 X93.215 Y155.013
G0 X93.793 Y154.382
G1 F1271.2 X95.584 Y151.265 E1394.83136
G1 F1229.5 X97.376 Y148.148 E1394.97725
G0 F9000 X93.215 Y155.013
G0 X92.578 Y155.794
G1 F1694.9 X93.025 Y155.021 E1395.00353
G1 X92.752 Y154.95 E1395.01184
G1 X92.578 Y154.76 E1395.01942
G1 X92.578 Y155.794 E1395.04986
G0 F9000 X92.649 Y156.424
G1 F1500 X93.336 Y155.235 E1395.09553
G1 F1388.9 X93.793 Y154.382 E1395.13029
G1 X93.091 Y154.649 E1395.15727
G1 F1500 X92.847 Y154.585 E1395.16566
G1 F1188.1 X92.305 Y154.125 E1395.19551
G1 F1075.3 X92.253 Y154.605 E1395.21791
G1 F1327.4 X92.201 Y155.085 E1395.23606
G1 F1500 X92.2 Y156.424 E1395.28059
G1 X92.649 Y156.424 E1395.29553
G1 F2700 E1390.29553
G0 F9000 X92.483 Y156.13
G0 X92.038 Y152.559
G0 X89.316 Y152.487
G0 X89.316 Y152.796
;TYPE:WALL-OUTER
G1 F2700 E1395.29553
G1 F1500 X91.6 Y152.796 E1395.37149
G1 X91.72 Y152.836 E1395.3757
G1 X91.8 Y152.996 E1395.38165
G1 X91.8 Y156.824 E1395.50897
G1 X92.88 Y156.824 E1395.54489
G1 X98.151 Y147.701 E1395.89533
G1 X97.117 Y147.7 E1395.92972
G1 X93.418 Y154.168 E1396.17754
G1 X93.193 Y154.262 E1396.18565
G1 X92.949 Y154.198 E1396.19404
G1 X92.802 Y154.039 E1396.20124
G1 X92.8 Y138.172 E1396.72898
G1 X82.2 Y138.172 E1397.08154
G1 X82.198 Y154.039 E1397.60928
G1 X82.05 Y154.198 E1397.6165
G1 X81.802 Y154.262 E1397.62502
G1 X81.598 Y154.197 E1397.63214
G1 X77.88 Y147.7 E1397.88112
G1 X76.848 Y147.7 E1397.91544
G1 X82.116 Y156.824 E1398.26586
G1 X83.2 Y156.824 E1398.30191
G1 X83.2 Y152.996 E1398.42923
G1 X83.28 Y152.836 E1398.43518
G1 X83.4 Y152.796 E1398.43939
G1 X89.316 Y152.796 E1398.63615
G0 F9000 X89.316 Y152.487
G0 X88.682 Y151.516
;TYPE:FILL
G1 F3000 X91.52 Y140.928 E1399.00074
G0 F9000 X91.52 Y144.163
G1 F3000 X83.48 Y146.317 E1399.27759
G0 F9000 X83.48 Y146.565
G1 F3000 X88.431 Y151.516 E1399.51046
G0 F9000 X87.262 Y151.516
G1 F3000 X91.519 Y150.375 E1399.65705
G0 F9000 X91.52 Y146.12
G1 F3000 X84.852 Y139.452 E1399.97069
G0 F9000 X85.704 Y139.451
G1 F3000 X83.48 Y147.749 E1400.25643
G0 F9000 X83.481 Y140.106
G1 F3000 X85.919 Y139.452 E1400.34038
G1 F2700 E1395.34038
;MESH:batclipholder.stl(3)
G0 F9000 X92.57 Y148.146
G0 X93.665 Y148.146
G0 X96.617 Y146.841
G0 X98.45 Y146.841
G0 X136.289 Y148.463
G0 X137.621 Y148.146
;TYPE:WALL-INNER
G1 F2700 E1400.34038
G1 F1239.7 X141.263 Y154.477 E1400.63432
G0 F9000 X141.785 Y155.013
G0 X142.441 Y154.839
G0 X142.695 Y154.125
G1 F991.7 X142.7 Y152.996 E1400.69112
G0 F9000 X142.422 Y155.799
G1 F1685.4 X142.422 Y154.76 E1400.72187
G1 X142.245 Y154.952 E1400.7296
G1 X141.973 Y155.021 E1400.73791
G1 X142.422 Y155.799 E1400.7645
G0 F9000 X142.346 Y156.424
G1 F1500 X142.8 Y156.424 E1400.7796
G1 X142.8 Y155.089 E1400.824
G1 F1327.4 X142.748 Y154.607 E1400.84222
G1 F1075.3 X142.695 Y154.125 E1400.86472
G1 F1188.1 X142.15 Y154.586 E1400.8947
G1 F1500 X141.902 Y154.649 E1400.90321
G1 F1373 X141.263 Y154.477 E1400.92725
G1 X141.658 Y155.23 E1400.95815
G1 F1500 X142.346 Y156.424 E1401.00398
G0 F9000 X142.517 Y156.13
G0 X142.962 Y152.559
G0 X146.096 Y151.596
G1 F1500 X151.6 Y151.596 E1401.18705
G1 X151.6 Y139.372 E1401.59362
G1 X143.4 Y139.372 E1401.86635
G1 X143.4 Y151.596 E1402.27292
G1 X146.096 Y151.596 E1402.36259
G0 F9000 X145.959 Y151.996
G1 F1500 X151.6 Y151.996 E1402.55021
G1 X152 Y152.129 E1402.56423
G1 X152 Y138.972 E1403.00184
G1 X143 Y138.972 E1403.30118
G1 X143 Y152.129 E1403.73878
G1 X143.4 Y151.996 E1403.7528
G1 X145.959 Y151.996 E1403.83792
G0 F9000 X145.821 Y152.396
G1 F1500 X151.6 Y152.396 E1404.03013
G1 X151.96 Y152.516 E1404.04275
G1 F1200 X152.3 Y152.996 E1404.0672
G1 X152.4 Y152.296 E1404.0966
G1 F1500 X152.4 Y138.572 E1404.55306
G1 X142.6 Y138.572 E1404.87901
G1 X142.6 Y152.296 E1405.33547
G1 F1200 X142.7 Y152.996 E1405.36487
G1 X143.04 Y152.516 E1405.38933
G1 F1500 X143.4 Y152.396 E1405.40195
G1 X145.821 Y152.396 E1405.48247
G0 F9000 X145.821 Y152.087
G0 X152.038 Y152.559
G0 X152.3 Y152.996
G1 F991.7 X152.305 Y154.125 E1405.53927
G0 F9000 X152.559 Y154.839
G0 X153.215 Y155.013
G0 X153.793 Y154.382
G1 F1271.2 X155.584 Y151.265 E1405.68036
G1 F1229.5 X157.376 Y148.148 E1405.82625
G0 F9000 X153.215 Y155.013
G0 X152.578 Y155.794
G1 F1694.9 X153.025 Y155.021 E1405.85253
G1 X152.752 Y154.95 E1405.86084
G1 X152.578 Y154.76 E1405.86842
G1 X152.578 Y155.794 E1405.89886
G0 F9000 X152.2 Y156.424
G1 F1500 X152.649 Y156.424 E1405.91379
G1 X153.336 Y155.235 E1405.95946
G1 F1388.9 X153.793 Y154.382 E1405.99422
G1 X153.091 Y154.649 E1406.0212
G1 F1500 X152.847 Y154.585 E1406.02959
G1 F1188.1 X152.305 Y154.125 E1406.05944
G1 F1075.3 X152.253 Y154.605 E1406.08184
G1 F1327.4 X152.201 Y155.085 E1406.09999
G1 F1500 X152.2 Y156.424 E1406.14453
G1 F2700 E1401.14453
G0 F9000 X152.48 Y156.146
G0 X152.038 Y152.559
G0 X145.684 Y152.487
G0 X145.684 Y152.796
;TYPE:WALL-OUTER
G1 F2700 E1406.14453
G1 F1500 X151.6 Y152.796 E1406.34129
G1 X151.72 Y152.836 E1406.3455
G1 X151.8 Y152.996 E1406.35145
G1 X151.8 Y156.824 E1406.47877
G1 X152.88 Y156.824 E1406.51469
G1 X158.151 Y147.701 E1406.86513
G1 X157.117 Y147.7 E1406.89952
G1 X153.418 Y154.168 E1407.14734
G1 X153.193 Y154.262 E1407.15545
G1 X152.949 Y154.198 E1407.16384
G1 X152.802 Y154.039 E1407.17104
G1 X152.8 Y138.172 E1407.69878
G1 X142.2 Y138.172 E1408.05134
G1 X142.198 Y154.039 E1408.57908
G1 X142.05 Y154.198 E1408.5863
G1 X141.802 Y154.262 E1408.59482
G1 X141.598 Y154.197 E1408.60194
G1 X137.88 Y147.7 E1408.85091
G1 X136.848 Y147.7 E1408.88524
G1 X142.116 Y156.824 E1409.23566
G1 X143.2 Y156.824 E1409.27171
G1 X143.2 Y152.996 E1409.39903
G1 X143.28 Y152.836 E1409.40498
G1 X143.4 Y152.796 E1409.40919
G1 X145.684 Y152.796 E1409.48515
G0 F9000 X145.684 Y152.487
G0 X147.26 Y151.516
;TYPE:FILL
G1 F3000 X151.52 Y150.375 E1409.63183
G0 F9000 X148.682 Y151.516
G1 F3000 X151.52 Y140.925 E1409.99652
G0 F9000 X151.519 Y144.163
G1 F3000 X143.481 Y146.317 E1410.2733
G0 F9000 X143.48 Y146.566
G1 F3000 X148.43 Y151.516 E1410.50613
G0 F9000 X151.52 Y146.121
G1 F3000 X144.852 Y139.452 E1410.8198
G0 F9000 X145.703 Y139.451
G1 F3000 X143.48 Y147.748 E1411.10549
G0 F9000 X143.48 Y140.106
G1 F3000 X145.918 Y139.452 E1411.18944
G1 F2700 E1406.18944
;MESH:batclipholder.stl(2)
G0 F9000 X142.422 Y138.404
G0 X142.422 Y137.309
G0 X142.422 Y97.691
G0 X142.422 Y96.596
G0 X142.422 Y95.799
;TYPE:WALL-INNER
G1 F2700 E1411.18944
G1 F1685.4 X142.422 Y94.76 E1411.2202
G1 X142.245 Y94.952 E1411.22793
G1 X141.973 Y95.021 E1411.23624
G1 X142.422 Y95.799 E1411.26283
G0 F9000 X142.346 Y96.424
G1 F1500 X142.8 Y96.424 E1411.27793
G1 X142.8 Y95.089 E1411.32233
G1 F1327.4 X142.748 Y94.607 E1411.34055
G1 F1075.3 X142.695 Y94.125 E1411.36305
G1 F1188.1 X142.15 Y94.586 E1411.39302
G1 F1500 X141.902 Y94.649 E1411.40153
G1 F1373 X141.263 Y94.477 E1411.42558
G1 X141.658 Y95.23 E1411.45648
G1 F1500 X142.346 Y96.424 E1411.50231
G0 F9000 X142.517 Y96.13
G0 X141.263 Y94.477
G1 F1239.7 X137.621 Y88.146 E1411.79625
G0 F9000 X141.785 Y95.013
G0 X142.441 Y94.839
G0 X142.7 Y92.996
G1 F991.7 X142.695 Y94.125 E1411.85305
G0 F9000 X142.962 Y92.559
G0 X146.667 Y91.596
G1 F1500 X151.6 Y91.596 E1412.01712
G1 X151.6 Y79.372 E1412.42369
G1 X143.4 Y79.372 E1412.69642
G1 X143.4 Y91.596 E1413.103
G1 X146.667 Y91.596 E1413.21166
G0 F9000 X146.586 Y91.996
G1 F1500 X151.6 Y91.996 E1413.37842
G1 X152 Y92.129 E1413.39244
G1 X152 Y78.972 E1413.83005
G1 X143 Y78.972 E1414.12939
G1 X143 Y92.129 E1414.56699
G1 X143.4 Y91.996 E1414.58101
G1 X146.586 Y91.996 E1414.68698
G0 F9000 X146.504 Y92.396
G1 F1500 X151.6 Y92.396 E1414.85647
G1 X151.96 Y92.516 E1414.86909
G1 F1200 X152.3 Y92.996 E1414.89355
G1 X152.4 Y92.296 E1414.92295
G1 F1500 X152.4 Y78.572 E1415.37941
G1 X142.6 Y78.572 E1415.70536
G1 X142.6 Y92.296 E1416.16182
G1 F1200 X142.7 Y92.996 E1416.19122
G1 X143.04 Y92.516 E1416.21567
G1 F1500 X143.4 Y92.396 E1416.22829
G1 X146.504 Y92.396 E1416.33153
G0 F9000 X146.504 Y92.087
G0 X152.038 Y92.559
G0 X152.3 Y92.996
G1 F991.7 X152.305 Y94.125 E1416.38833
G0 F9000 X152.559 Y94.839
G0 X153.215 Y95.013
G0 X153.793 Y94.382
G1 F1271.2 X155.584 Y91.265 E1416.52942
G1 F1229.5 X157.376 Y88.148 E1416.67531
G0 F9000 X153.215 Y95.013
G0 X152.578 Y95.794
G1 F1694.9 X153.025 Y95.021 E1416.7016
G1 X152.752 Y94.95 E1416.7099
G1 X152.578 Y94.76 E1416.71748
G1 X152.578 Y95.794 E1416.74792
G0 F9000 X152.2 Y96.424
G1 F1500 X152.649 Y96.424 E1416.76285
G1 X153.336 Y95.235 E1416.80852
G1 F1388.9 X153.793 Y94.382 E1416.84329
G1 X153.091 Y94.649 E1416.87026
G1 F1500 X152.847 Y94.585 E1416.87865
G1 F1188.1 X152.305 Y94.125 E1416.90851
G1 F1075.3 X152.253 Y94.605 E1416.93091
G1 F1327.4 X152.201 Y95.085 E1416.94905
G1 F1500 X152.2 Y96.424 E1416.99359
G1 F2700 E1411.99359
G0 F9000 X152.48 Y96.146
G0 X152.038 Y92.559
G0 X146.423 Y92.487
G0 X146.423 Y92.796
;TYPE:WALL-OUTER
G1 F2700 E1416.99359
G1 F1500 X151.6 Y92.796 E1417.16578
G1 X151.72 Y92.836 E1417.16998
G1 X151.8 Y92.996 E1417.17593
G1 X151.8 Y96.824 E1417.30325
G1 X152.88 Y96.824 E1417.33917
G1 X158.151 Y87.701 E1417.68961
G1 X157.117 Y87.7 E1417.724
G1 X153.418 Y94.168 E1417.97182
G1 X153.193 Y94.262 E1417.97993
G1 X152.949 Y94.198 E1417.98832
G1 X152.802 Y94.039 E1417.99553
G1 X152.8 Y78.172 E1418.52326
G1 X142.2 Y78.172 E1418.87582
G1 X142.198 Y94.039 E1419.40356
G1 X142.05 Y94.198 E1419.41079
G1 X141.802 Y94.262 E1419.4193
G1 X141.598 Y94.197 E1419.42642
G1 X137.88 Y87.7 E1419.6754
G1 X136.848 Y87.7 E1419.70972
G1 X142.116 Y96.824 E1420.06014
G1 X143.2 Y96.824 E1420.09619
G1 X143.2 Y92.996 E1420.22351
G1 X143.28 Y92.836 E1420.22946
G1 X143.4 Y92.796 E1420.23367
G1 X146.423 Y92.796 E1420.33421
G0 F9000 X146.423 Y92.487
G0 X147.262 Y91.516
;TYPE:FILL
G1 F3000 X151.52 Y90.375 E1420.48083
G0 F9000 X148.682 Y91.516
G1 F3000 X151.52 Y80.925 E1420.84552
G0 F9000 X151.519 Y84.164
G1 F3000 X143.481 Y86.318 E1421.1223
G0 F9000 X143.48 Y86.566
G1 F3000 X148.429 Y91.516 E1421.35511
G0 F9000 X151.52 Y86.121
G1 F3000 X144.851 Y79.452 E1421.66879
G0 F9000 X145.703 Y79.451
G1 F3000 X143.48 Y87.747 E1421.95445
G0 F9000 X143.48 Y80.106
G1 F3000 X145.922 Y79.452 E1422.03854
G1 F2700 E1417.03854
;MESH:NONMESH
G0 F300 X145.922 Y79.452 Z5.6
G0 F9000 X142.43 Y88.146
G0 X141.335 Y88.146
G0 X138.383 Y86.841
G0 X136.55 Y86.841
G0 X98.712 Y88.462
G0 X77.621 Y88.146
;TIME_ELAPSED:2583.846148
;LAYER:27
;TYPE:WALL-INNER
;MESH:batclipholder.stl(1)
G1 F2700 E1422.03854
G1 F1239.7 X81.263 Y94.477 E1422.33248
G0 F9000 X81.785 Y95.013
G0 X82.441 Y94.839
G0 X82.695 Y94.125
G1 F991.7 X82.7 Y92.996 E1422.38927
G0 F9000 X82.422 Y95.799
G1 F1685.4 X82.422 Y94.76 E1422.42003
G1 X82.245 Y94.952 E1422.42776
G1 X81.973 Y95.021 E1422.43607
G1 X82.422 Y95.799 E1422.46266
G0 F9000 X82.8 Y96.424
G1 F1500 X82.8 Y95.089 E1422.50706
G1 F1327.4 X82.748 Y94.607 E1422.52528
G1 F1075.3 X82.695 Y94.125 E1422.54778
G1 F1188.1 X82.15 Y94.586 E1422.57775
G1 F1500 X81.902 Y94.649 E1422.58626
G1 F1373 X81.263 Y94.477 E1422.61031
G1 X81.658 Y95.23 E1422.64121
G1 F1500 X82.346 Y96.424 E1422.68704
G1 X82.8 Y96.424 E1422.70214
G0 F9000 X82.52 Y96.146
G0 X82.962 Y92.559
G0 X88.333 Y91.596
G1 F1500 X91.6 Y91.596 E1422.8108
G1 X91.6 Y79.372 E1423.21737
G1 X83.4 Y79.372 E1423.49011
G1 X83.4 Y91.596 E1423.89668
G1 X88.333 Y91.596 E1424.06075
G0 F9000 X88.414 Y91.996
G1 F1500 X91.6 Y91.996 E1424.16672
G1 X92 Y92.129 E1424.18074
G1 X92 Y78.972 E1424.61834
G1 X83 Y78.972 E1424.91768
G1 X83 Y92.129 E1425.35529
G1 X83.4 Y91.996 E1425.36931
G1 X88.414 Y91.996 E1425.53607
G0 F9000 X88.496 Y92.396
G1 F1500 X91.6 Y92.396 E1425.63931
G1 X91.96 Y92.516 E1425.65193
G1 F1200 X92.3 Y92.996 E1425.67639
G1 X92.4 Y92.296 E1425.70579
G1 F1500 X92.4 Y78.572 E1426.16225
G1 X82.6 Y78.572 E1426.4882
G1 X82.6 Y92.296 E1426.94466
G1 F1200 X82.7 Y92.996 E1426.97406
G1 X83.04 Y92.516 E1426.99851
G1 F1500 X83.4 Y92.396 E1427.01113
G1 X88.496 Y92.396 E1427.18063
G0 F9000 X88.496 Y92.087
G0 X92.038 Y92.559
G0 X92.3 Y92.996
G1 F991.7 X92.305 Y94.125 E1427.23742
G0 F9000 X92.559 Y94.839
G0 X93.215 Y95.013
G0 X93.793 Y94.382
G1 F1271.2 X95.584 Y91.265 E1427.37851
G1 F1229.5 X97.376 Y88.148 E1427.52441
G0 F9000 X93.215 Y95.013
G0 X92.578 Y95.794
G1 F1694.9 X93.025 Y95.021 E1427.55069
G1 X92.752 Y94.95 E1427.55899
G1 X92.578 Y94.76 E1427.56658
G1 X92.578 Y95.794 E1427.59701
G0 F9000 X92.649 Y96.424
G1 F1500 X93.336 Y95.235 E1427.64269
G1 F1388.9 X93.793 Y94.382 E1427.67745
G1 X93.091 Y94.649 E1427.70443
G1 F1500 X92.847 Y94.585 E1427.71282
G1 F1188.1 X92.305 Y94.125 E1427.74267
G1 F1075.3 X92.253 Y94.605 E1427.76507
G1 F1327.4 X92.201 Y95.085 E1427.78321
G1 F1500 X92.2 Y96.424 E1427.82775
G1 X92.649 Y96.424 E1427.84268
G1 F2700 E1422.84268
G0 F9000 X92.483 Y96.13
G0 X92.038 Y92.559
G0 X88.577 Y92.487
G0 X88.577 Y92.796
;TYPE:WALL-OUTER
G1 F2700 E1427.84268
G1 F1500 X91.6 Y92.796 E1427.94323
G1 X91.72 Y92.836 E1427.94743
G1 X91.8 Y92.996 E1427.95338
G1 X91.8 Y96.824 E1428.0807
G1 X92.88 Y96.824 E1428.11663
G1 X98.151 Y87.701 E1428.46706
G1 X97.117 Y87.7 E1428.50145
G1 X93.418 Y94.168 E1428.74928
G1 X93.193 Y94.262 E1428.75739
G1 X92.949 Y94.198 E1428.76578
G1 X92.802 Y94.039 E1428.77298
G1 X92.8 Y78.172 E1429.30072
G1 X82.2 Y78.172 E1429.65327
G1 X82.198 Y94.039 E1430.18101
G1 X82.05 Y94.198 E1430.18824
G1 X81.802 Y94.262 E1430.19676
G1 X81.598 Y94.197 E1430.20388
G1 X77.88 Y87.7 E1430.45285
G1 X76.848 Y87.7 E1430.48717
G1 X82.116 Y96.824 E1430.83759
G1 X83.2 Y96.824 E1430.87364
G1 X83.2 Y92.996 E1431.00096
G1 X83.28 Y92.836 E1431.00691
G1 X83.4 Y92.796 E1431.01112
G1 X88.577 Y92.796 E1431.18331
G0 F9000 X88.577 Y92.487
G0 X88.537 Y91.516
;TYPE:FILL
G1 F3000 X89.2 Y89.039 E1431.26859
G0 F9000 X89.2 Y91.144
G1 F3000 X87.806 Y91.516 E1431.31658
G0 F9000 X87.913 Y90.8
G1 F3000 X83.6 Y90.8 E1431.46003
G0 F9000 X83.6 Y90.4
G1 F3000 X87.513 Y90.4 E1431.59018
G0 F9000 X86.713 Y89.6
G1 F3000 X83.6 Y89.6 E1431.69372
G0 F9000 X83.6 Y89.2
G1 F3000 X86.313 Y89.2 E1431.78395
G0 F9000 X85.913 Y88.8
G1 F3000 X83.6 Y88.8 E1431.86088
G0 F9000 X83.6 Y88
G1 F3000 X85.113 Y88 E1431.91121
G0 F9000 X84.713 Y87.6
G1 F3000 X83.6 Y87.6 E1431.94822
G0 F9000 X83.48 Y87.205
G1 F3000 X84 Y85.264 E1432.01506
G1 X84 Y85.261
G1 X84 Y80.112 E1432.18632
G1 X86.467 Y79.452 E1432.27125
G0 F9000 X85.558 Y79.452
G1 F3000 X84 Y85.261 E1432.47129
G1 X84 Y86.325 E1432.50668
G1 X91.519 Y84.31 E1432.76559
G0 F9000 X91.4 Y84
G1 F3000 X90.551 Y84 E1432.79382
G0 F9000 X90.8 Y85.202
G1 F3000 X87.6 Y82 E1432.94439
G0 F9000 X86.8 Y81.2
G1 F3000 X87.6 Y82 E1432.98202
G1 X91.087 Y82 E1433.098
G1 X91.301 Y81.2 E1433.12554
G1 X86.8 Y81.2 E1433.27524
G1 X85.051 Y79.452 E1433.35749
G0 F9000 X85.6 Y80
G1 F3000 X91.4 Y80 E1433.5504
G0 F9000 X91.52 Y80.384
G1 F3000 X91.301 Y81.2 E1433.5785
G0 F9000 X91.4 Y80.8
G1 F3000 X86.4 Y80.8 E1433.7448
G0 F9000 X84 Y80.112
G1 F3000 X83.48 Y80.252 E1433.76271
G0 F9000 X84 Y86.325
G1 F3000 X83.48 Y86.464 E1433.78061
G1 X83.48 Y86.366
G1 X88.629 Y91.516 E1434.02283
G0 F9000 X90.8 Y90.715
G1 F3000 X89.2 Y91.144 E1434.07793
G1 X89.2 Y89.039 E1434.14794
G1 X91.087 Y82 E1434.39032
G0 F9000 X91.52 Y85.921
G1 F3000 X90.8 Y85.202 E1434.42417
G1 X90.8 Y90.715 E1434.60753
G1 X91.519 Y90.522 E1434.63229
G1 F2700 E1429.63229
;MESH:batclipholder.stl
G0 F9000 X91.939 Y92.172
G0 X92.753 Y96.599
G0 X92.753 Y97.691
G0 X97.248 Y146.835
G0 X97.376 Y148.148
;TYPE:WALL-INNER
G1 F2700 E1434.63229
G1 F1229.5 X95.584 Y151.265 E1434.77818
G1 F1271.2 X93.793 Y154.382 E1434.91927
G0 F9000 X93.215 Y155.013
G0 X92.559 Y154.839
G0 X92.305 Y154.125
G1 F991.7 X92.3 Y152.996 E1434.97607
G0 F9000 X92.578 Y155.794
G1 F1694.9 X93.025 Y155.021 E1435.00235
G1 X92.752 Y154.95 E1435.01065
G1 X92.578 Y154.76 E1435.01824
G1 X92.578 Y155.794 E1435.04867
G0 F9000 X92.649 Y156.424
G1 F1500 X93.336 Y155.235 E1435.09435
G1 F1388.9 X93.793 Y154.382 E1435.12911
G1 X93.091 Y154.649 E1435.15609
G1 F1500 X92.847 Y154.585 E1435.16448
G1 F1188.1 X92.305 Y154.125 E1435.19433
G1 F1075.3 X92.253 Y154.605 E1435.21673
G1 F1327.4 X92.201 Y155.085 E1435.23487
G1 F1500 X92.2 Y156.424 E1435.27941
G1 X92.649 Y156.424 E1435.29434
G0 F9000 X92.483 Y156.13
G0 X92.038 Y152.559
G0 X88.904 Y151.596
G1 F1500 X91.6 Y151.596 E1435.38401
G1 X91.6 Y139.372 E1435.79058
G1 X83.4 Y139.372 E1436.06332
G1 X83.4 Y151.596 E1436.46989
G1 X88.904 Y151.596 E1436.65295
G0 F9000 X89.041 Y151.996
G1 F1500 X91.6 Y151.996 E1436.73807
G1 X92 Y152.129 E1436.75209
G1 X92 Y138.972 E1437.18969
G1 X83 Y138.972 E1437.48903
G1 X83 Y152.129 E1437.92663
G1 X83.4 Y151.996 E1437.94065
G1 X89.041 Y151.996 E1438.12828
G0 F9000 X89.179 Y152.396
G1 F1500 X91.6 Y152.396 E1438.2088
G1 X91.96 Y152.516 E1438.22142
G1 F1200 X92.3 Y152.996 E1438.24587
G1 X92.4 Y152.296 E1438.27527
G1 F1500 X92.4 Y138.572 E1438.73173
G1 X82.6 Y138.572 E1439.05768
G1 X82.6 Y152.296 E1439.51415
G1 F1200 X82.7 Y152.996 E1439.54354
G1 X83.04 Y152.516 E1439.568
G1 F1500 X83.4 Y152.396 E1439.58062
G1 X89.179 Y152.396 E1439.77283
G0 F9000 X89.179 Y152.087
G0 X82.962 Y152.559
G0 X82.7 Y152.996
G1 F991.7 X82.695 Y154.125 E1439.82963
G0 F9000 X82.441 Y154.839
G0 X81.785 Y155.013
G0 X81.263 Y154.477
G1 F1239.7 X77.621 Y148.146 E1440.12357
G0 F9000 X81.785 Y155.013
G0 X82.422 Y155.799
G1 F1685.4 X82.422 Y154.76 E1440.15432
G1 X82.245 Y154.952 E1440.16205
G1 X81.973 Y155.021 E1440.17036
G1 X82.422 Y155.799 E1440.19695
G0 F9000 X82.8 Y156.424
G1 F1500 X82.8 Y155.089 E1440.24135
G1 F1327.4 X82.748 Y154.607 E1440.25957
G1 F1075.3 X82.695 Y154.125 E1440.28207
G1 F1188.1 X82.15 Y154.586 E1440.31205
G1 F1500 X81.902 Y154.649 E1440.32056
G1 F1373 X81.263 Y154.477 E1440.3446
G1 X81.658 Y155.23 E1440.3755
G1 F1500 X82.346 Y156.424 E1440.42133
G1 X82.8 Y156.424 E1440.43643
G1 F2700 E1435.43643
G0 F9000 X82.52 Y156.146
G0 X82.962 Y152.559
G0 X89.316 Y152.487
G0 X89.316 Y152.796
;TYPE:WALL-OUTER
G1 F2700 E1440.43643
G1 F1500 X91.6 Y152.796 E1440.5124
G1 X91.72 Y152.836 E1440.51661
G1 X91.8 Y152.996 E1440.52256
G1 X91.8 Y156.824 E1440.64988
G1 X92.88 Y156.824 E1440.6858
G1 X98.151 Y147.701 E1441.03623
G1 X97.117 Y147.7 E1441.07063
G1 X93.418 Y154.168 E1441.31845
G1 X93.193 Y154.262 E1441.32656
G1 X92.949 Y154.198 E1441.33495
G1 X92.802 Y154.039 E1441.34215
G1 X92.8 Y138.172 E1441.86989
G1 X82.2 Y138.172 E1442.22245
G1 X82.198 Y154.039 E1442.75018
G1 X82.05 Y154.198 E1442.75741
G1 X81.802 Y154.262 E1442.76593
G1 X81.598 Y154.197 E1442.77305
G1 X77.88 Y147.7 E1443.02202
G1 X76.848 Y147.7 E1443.05635
G1 X82.116 Y156.824 E1443.40676
G1 X83.2 Y156.824 E1443.44282
G1 X83.2 Y152.996 E1443.57014
G1 X83.28 Y152.836 E1443.57609
G1 X83.4 Y152.796 E1443.58029
G1 X89.316 Y152.796 E1443.77706
G0 F9000 X89.316 Y152.487
G0 X88.63 Y151.516
;TYPE:FILL
G1 F3000 X83.48 Y146.365 E1444.01932
G1 X83.48 Y146.463
G1 X84 Y146.325 E1444.03722
G0 F9000 X83.48 Y147.204
G1 F3000 X84 Y145.263 E1444.10405
G1 X84 Y145.26
G1 X84 Y140.112 E1444.27527
G1 X86.465 Y139.452 E1444.36015
G0 F9000 X85.558 Y139.452
G1 F3000 X84 Y145.26 E1444.56015
G1 X84 Y146.325 E1444.59558
G1 X91.519 Y144.309 E1444.85449
G0 F9000 X91.4 Y144
G1 F3000 X90.551 Y144 E1444.88273
G0 F9000 X90.8 Y145.202
G1 F3000 X87.2 Y141.6 E1445.05211
G0 F9000 X86.8 Y141.2
G1 F3000 X87.2 Y141.6 E1445.07092
G1 X91.194 Y141.6 E1445.20377
G1 X91.301 Y141.2 E1445.21754
G1 X86.8 Y141.2 E1445.36724
G1 X85.052 Y139.452 E1445.44946
G0 F9000 X85.6 Y140
G1 F3000 X91.4 Y140 E1445.64237
G0 F9000 X91.52 Y140.383
G1 F3000 X91.301 Y141.2 E1445.6705
G0 F9000 X91.4 Y140.8
G1 F3000 X86.4 Y140.8 E1445.8368
G0 F9000 X84 Y140.112
G1 F3000 X83.481 Y140.251 E1445.85467
G0 F9000 X83.601 Y147.374
G1 F3000 X84.469 Y147.354 E1445.88355
G0 F9000 X85.251 Y148.137
G1 F3000 X83.601 Y148.174 E1445.93844
G0 F9000 X83.601 Y148.574
G1 F3000 X85.642 Y148.528 E1446.00635
G0 F9000 X86.425 Y149.311
G1 F3000 X83.6 Y149.374 E1446.10033
G0 F9000 X83.6 Y149.774
G1 F3000 X86.816 Y149.703 E1446.20732
G0 F9000 X87.207 Y150.094
G1 F3000 X83.601 Y150.174 E1446.32729
G0 F9000 X83.601 Y150.975
G1 F3000 X87.99 Y150.877 E1446.4733
G0 F9000 X87.806 Y151.516
G1 F3000 X89.2 Y151.144 E1446.52129
G0 F9000 X88.536 Y151.517
G1 F3000 X89.2 Y149.036 E1446.60671
G0 F9000 X90.8 Y150.714
G1 F3000 X89.2 Y151.144 E1446.66181
G1 X89.2 Y149.036 E1446.73193
G1 X91.194 Y141.6 E1446.98799
G0 F9000 X91.52 Y145.921
G1 F3000 X90.8 Y145.202 E1447.02183
G1 X90.8 Y150.714 E1447.20516
G1 X91.519 Y150.521 E1447.22992
G1 F2700 E1442.22992
;MESH:batclipholder.stl(3)
G0 F9000 X92.559 Y154.839
G0 X93.215 Y155.013
G0 X97.773 Y147.92
G0 X98.712 Y148.462
G0 X136.289 Y148.463
G0 X137.621 Y148.146
;TYPE:WALL-INNER
G1 F2700 E1447.22992
G1 F1239.7 X141.263 Y154.477 E1447.52386
G0 F9000 X141.785 Y155.013
G0 X142.441 Y154.839
G0 X142.695 Y154.125
G1 F991.7 X142.7 Y152.996 E1447.58066
G0 F9000 X142.422 Y155.799
G1 F1685.4 X142.422 Y154.76 E1447.61141
G1 X142.245 Y154.952 E1447.61914
G1 X141.973 Y155.021 E1447.62745
G1 X142.422 Y155.799 E1447.65404
G0 F9000 X142.346 Y156.424
G1 F1500 X142.8 Y156.424 E1447.66914
G1 X142.8 Y155.089 E1447.71354
G1 F1327.4 X142.748 Y154.607 E1447.73176
G1 F1075.3 X142.695 Y154.125 E1447.75426
G1 F1188.1 X142.15 Y154.586 E1447.78424
G1 F1500 X141.902 Y154.649 E1447.79275
G1 F1373 X141.263 Y154.477 E1447.81679
G1 X141.658 Y155.23 E1447.84769
G1 F1500 X142.346 Y156.424 E1447.89352
G0 F9000 X142.517 Y156.13
G0 X142.962 Y152.559
G0 X146.096 Y151.596
G1 F1500 X151.6 Y151.596 E1448.07659
G1 X151.6 Y139.372 E1448.48316
G1 X143.4 Y139.372 E1448.75589
G1 X143.4 Y151.596 E1449.16246
G1 X146.096 Y151.596 E1449.25213
G0 F9000 X145.959 Y151.996
G1 F1500 X151.6 Y151.996 E1449.43975
G1 X152 Y152.129 E1449.45377
G1 X152 Y138.972 E1449.89138
G1 X143 Y138.972 E1450.19072
G1 X143 Y152.129 E1450.62832
G1 X143.4 Y151.996 E1450.64234
G1 X145.959 Y151.996 E1450.72745
G0 F9000 X145.821 Y152.396
G1 F1500 X151.6 Y152.396 E1450.91967
G1 X151.96 Y152.516 E1450.93229
G1 F1200 X152.3 Y152.996 E1450.95674
G1 X152.4 Y152.296 E1450.98614
G1 F1500 X152.4 Y138.572 E1451.4426
G1 X142.6 Y138.572 E1451.76855
G1 X142.6 Y152.296 E1452.22501
G1 F1200 X142.7 Y152.996 E1452.25441
G1 X143.04 Y152.516 E1452.27887
G1 F1500 X143.4 Y152.396 E1452.29149
G1 X145.821 Y152.396 E1452.37201
G0 F9000 X145.821 Y152.087
G0 X152.038 Y152.559
G0 X152.3 Y152.996
G1 F991.7 X152.305 Y154.125 E1452.42881
G0 F9000 X152.559 Y154.839
G0 X153.215 Y155.013
G0 X153.793 Y154.382
G1 F1271.2 X155.584 Y151.265 E1452.5699
G1 F1229.5 X157.376 Y148.148 E1452.71579
G0 F9000 X153.215 Y155.013
G0 X152.578 Y155.794
G1 F1694.9 X153.025 Y155.021 E1452.74207
G1 X152.752 Y154.95 E1452.75038
G1 X152.578 Y154.76 E1452.75796
G1 X152.578 Y155.794 E1452.78839
G0 F9000 X152.2 Y156.424
G1 F1500 X152.649 Y156.424 E1452.80333
G1 X153.336 Y155.235 E1452.849
G1 F1388.9 X153.793 Y154.382 E1452.88376
G1 X153.091 Y154.649 E1452.91074
G1 F1500 X152.847 Y154.585 E1452.91913
G1 F1188.1 X152.305 Y154.125 E1452.94898
G1 F1075.3 X152.253 Y154.605 E1452.97138
G1 F1327.4 X152.201 Y155.085 E1452.98953
G1 F1500 X152.2 Y156.424 E1453.03406
G1 F2700 E1448.03406
G0 F9000 X152.48 Y156.146
G0 X152.038 Y152.559
G0 X145.684 Y152.487
G0 X145.684 Y152.796
;TYPE:WALL-OUTER
G1 F2700 E1453.03406
G1 F1500 X151.6 Y152.796 E1453.23083
G1 X151.72 Y152.836 E1453.23504
G1 X151.8 Y152.996 E1453.24099
G1 X151.8 Y156.824 E1453.36831
G1 X152.88 Y156.824 E1453.40423
G1 X158.151 Y147.701 E1453.75467
G1 X157.117 Y147.7 E1453.78906
G1 X153.418 Y154.168 E1454.03688
G1 X153.193 Y154.262 E1454.04499
G1 X152.949 Y154.198 E1454.05338
G1 X152.802 Y154.039 E1454.06058
G1 X152.8 Y138.172 E1454.58832
G1 X142.2 Y138.172 E1454.94088
G1 X142.198 Y154.039 E1455.46862
G1 X142.05 Y154.198 E1455.47584
G1 X141.802 Y154.262 E1455.48436
G1 X141.598 Y154.197 E1455.49148
G1 X137.88 Y147.7 E1455.74045
G1 X136.848 Y147.7 E1455.77478
G1 X142.116 Y156.824 E1456.12519
G1 X143.2 Y156.824 E1456.16125
G1 X143.2 Y152.996 E1456.28857
G1 X143.28 Y152.836 E1456.29452
G1 X143.4 Y152.796 E1456.29872
G1 X145.684 Y152.796 E1456.37469
G0 F9000 X145.684 Y152.487
G0 X147.805 Y151.516
;TYPE:FILL
G1 F3000 X149.2 Y151.144 E1456.42271
G0 F9000 X148.63 Y151.516
G1 F3000 X143.48 Y146.366 E1456.66495
G1 X143.48 Y146.463
G1 X144 Y146.325 E1456.68284
G0 F9000 X143.48 Y147.203
G1 F3000 X144 Y145.261 E1456.74971
G1 X144 Y145.259
G1 X144 Y140.112 E1456.9209
G1 X146.463 Y139.452 E1457.00571
G0 F9000 X145.557 Y139.452
G1 F3000 X144 Y145.259 E1457.20567
G1 X144 Y146.325 E1457.24113
G1 X151.52 Y144.309 E1457.50008
G0 F9000 X151.4 Y144
G1 F3000 X150.551 Y144 E1457.52832
G0 F9000 X150.8 Y145.202
G1 F3000 X147.6 Y142 E1457.67888
G0 F9000 X146.8 Y141.2
G1 F3000 X147.6 Y142 E1457.71651
G1 X151.086 Y142 E1457.83246
G1 X151.3 Y141.2 E1457.86
G1 X146.8 Y141.2 E1458.00967
G1 X145.051 Y139.452 E1458.09191
G0 F9000 X145.6 Y140
G1 F3000 X151.4 Y140 E1458.28482
G0 F9000 X151.52 Y140.38
G1 F3000 X151.3 Y141.2 E1458.31306
G0 F9000 X151.4 Y140.8
G1 F3000 X146.4 Y140.8 E1458.47936
G0 F9000 X144 Y140.112
G1 F3000 X143.481 Y140.251 E1458.49723
G0 F9000 X143.6 Y147.6
G1 F3000 X144.713 Y147.6 E1458.53425
G0 F9000 X145.113 Y148
G1 F3000 X143.6 Y148 E1458.58457
G0 F9000 X143.6 Y148.8
G1 F3000 X145.913 Y148.8 E1458.6615
G0 F9000 X146.313 Y149.2
G1 F3000 X143.6 Y149.2 E1458.75174
G0 F9000 X143.6 Y149.6
G1 F3000 X146.713 Y149.6 E1458.85528
G0 F9000 X147.513 Y150.4
G1 F3000 X143.6 Y150.4 E1458.98542
G0 F9000 X143.6 Y150.8
G1 F3000 X147.913 Y150.8 E1459.12887
G0 F9000 X148.536 Y151.517
G1 F3000 X149.2 Y149.036 E1459.2143
G0 F9000 X150.8 Y150.714
G1 F3000 X149.2 Y151.144 E1459.2694
G1 X149.2 Y149.036 E1459.33951
G1 X151.086 Y142 E1459.58179
G0 F9000 X151.52 Y145.921
G1 F3000 X150.8 Y145.202 E1459.61564
G1 X150.8 Y150.714 E1459.79897
G1 X151.52 Y150.521 E1459.82376
G1 F2700 E1454.82376
;MESH:batclipholder.stl(2)
G0 F9000 X152.578 Y138.404
G0 X152.578 Y137.309
G0 X152.578 Y97.691
G0 X152.578 Y96.596
G0 X152.578 Y95.794
;TYPE:WALL-INNER
G1 F2700 E1459.82376
G1 F1694.9 X153.025 Y95.021 E1459.85004
G1 X152.752 Y94.95 E1459.85835
G1 X152.578 Y94.76 E1459.86593
G1 X152.578 Y95.794 E1459.89637
G0 F9000 X152.2 Y96.424
G1 F1500 X152.649 Y96.424 E1459.9113
G1 X153.336 Y95.235 E1459.95697
G1 F1388.9 X153.793 Y94.382 E1459.99173
G1 X153.091 Y94.649 E1460.01871
G1 F1500 X152.847 Y94.585 E1460.0271
G1 F1188.1 X152.305 Y94.125 E1460.05695
G1 F1075.3 X152.253 Y94.605 E1460.07935
G1 F1327.4 X152.201 Y95.085 E1460.0975
G1 F1500 X152.2 Y96.424 E1460.14204
G0 F9000 X152.48 Y96.146
G0 X152.305 Y94.125
G1 F991.7 X152.3 Y92.996 E1460.19883
G0 F9000 X152.559 Y94.839
G0 X153.215 Y95.013
G0 X153.793 Y94.382
G1 F1271.2 X155.584 Y91.265 E1460.33992
G1 F1229.5 X157.376 Y88.148 E1460.48581
G0 F9000 X153.215 Y95.013
G0 X152.559 Y94.839
G0 X152.555 Y91.926
G0 X146.667 Y91.596
G1 F1500 X151.6 Y91.596 E1460.64989
G1 X151.6 Y79.372 E1461.05646
G1 X143.4 Y79.372 E1461.32919
G1 X143.4 Y91.596 E1461.73576
G1 X146.667 Y91.596 E1461.84442
G0 F9000 X146.586 Y91.996
G1 F1500 X151.6 Y91.996 E1462.01119
G1 X152 Y92.129 E1462.02521
G1 X152 Y78.972 E1462.46281
G1 X143 Y78.972 E1462.76215
G1 X143 Y92.129 E1463.19976
G1 X143.4 Y91.996 E1463.21378
G1 X146.586 Y91.996 E1463.31975
G0 F9000 X146.504 Y92.396
G1 F1500 X151.6 Y92.396 E1463.48924
G1 X151.96 Y92.516 E1463.50186
G1 F1200 X152.3 Y92.996 E1463.52632
G1 X152.4 Y92.296 E1463.55571
G1 F1500 X152.4 Y78.572 E1464.01218
G1 X142.6 Y78.572 E1464.33812
G1 X142.6 Y92.296 E1464.79459
G1 F1200 X142.7 Y92.996 E1464.82399
G1 X143.04 Y92.516 E1464.84844
G1 F1500 X143.4 Y92.396 E1464.86106
G1 X146.504 Y92.396 E1464.9643
G0 F9000 X146.504 Y92.087
G0 X142.962 Y92.559
G0 X142.7 Y92.996
G1 F991.7 X142.695 Y94.125 E1465.0211
G0 F9000 X142.441 Y94.839
G0 X141.785 Y95.013
G0 X141.263 Y94.477
G1 F1239.7 X137.621 Y88.146 E1465.31504
G0 F9000 X141.785 Y95.013
G0 X142.422 Y95.799
G1 F1685.4 X142.422 Y94.76 E1465.34579
G1 X142.245 Y94.952 E1465.35352
G1 X141.973 Y95.021 E1465.36183
G1 X142.422 Y95.799 E1465.38842
G0 F9000 X142.346 Y96.424
G1 F1500 X142.8 Y96.424 E1465.40352
G1 X142.8 Y95.089 E1465.44792
G1 F1327.4 X142.748 Y94.607 E1465.46614
G1 F1075.3 X142.695 Y94.125 E1465.48864
G1 F1188.1 X142.15 Y94.586 E1465.51862
G1 F1500 X141.902 Y94.649 E1465.52713
G1 F1373 X141.263 Y94.477 E1465.55117
G1 X141.658 Y95.23 E1465.58207
G1 F1500 X142.346 Y96.424 E1465.6279
G1 F2700 E1460.6279
G0 F9000 X142.517 Y96.13
G0 X142.962 Y92.559
G0 X146.423 Y92.487
G0 X146.423 Y92.796
;TYPE:WALL-OUTER
G1 F2700 E1465.6279
G1 F1500 X151.6 Y92.796 E1465.80009
G1 X151.72 Y92.836 E1465.8043
G1 X151.8 Y92.996 E1465.81025
G1 X151.8 Y96.824 E1465.93757
G1 X152.88 Y96.824 E1465.97349
G1 X158.151 Y87.701 E1466.32393
G1 X157.117 Y87.7 E1466.35832
G1 X153.418 Y94.168 E1466.60614
G1 X153.193 Y94.262 E1466.61425
G1 X152.949 Y94.198 E1466.62264
G1 X152.802 Y94.039 E1466.62984
G1 X152.8 Y78.172 E1467.15758
G1 X142.2 Y78.172 E1467.51014
G1 X142.198 Y94.039 E1468.03788
G1 X142.05 Y94.198 E1468.0451
G1 X141.802 Y94.262 E1468.05362
G1 X141.598 Y94.197 E1468.06074
G1 X137.88 Y87.7 E1468.30971
G1 X136.848 Y87.7 E1468.34404
G1 X142.116 Y96.824 E1468.69445
G1 X143.2 Y96.824 E1468.73051
G1 X143.2 Y92.996 E1468.85783
G1 X143.28 Y92.836 E1468.86378
G1 X143.4 Y92.796 E1468.86798
G1 X146.423 Y92.796 E1468.96853
G0 F9000 X146.423 Y92.487
G0 X147.807 Y91.516
;TYPE:FILL
G1 F3000 X149.2 Y91.143 E1469.01649
G0 F9000 X148.629 Y91.516
G1 F3000 X143.48 Y86.367 E1469.25869
G1 X143.48 Y86.464
G1 X144 Y86.325 E1469.27659
G0 F9000 X143.48 Y87.203
G1 F3000 X144 Y85.261 E1469.34346
G1 X144 Y80.112 E1469.51471
G1 X145.2 Y79.79 E1469.55604
G0 F9000 X145.05 Y79.452
G1 F3000 X146.799 Y81.2 E1469.63828
G1 X151.3 Y81.2 E1469.78798
G1 X151.085 Y82 E1469.81554
G1 X147.599 Y82 E1469.93148
G1 X146.799 Y81.2 E1469.96911
G0 F9000 X146.399 Y80.8
G1 F3000 X151.4 Y80.8 E1470.13544
G0 F9000 X151.3 Y81.2
G1 F3000 X151.52 Y80.379 E1470.16371
G0 F9000 X151.4 Y80
G1 F3000 X145.599 Y80 E1470.35666
G0 F9000 X145.557 Y79.451
G1 F3000 X145.2 Y80.786 E1470.40262
G1 X145.2 Y79.79 E1470.43575
G1 X146.466 Y79.452 E1470.47933
G0 F9000 X145.2 Y80.786
G1 F3000 X144 Y85.261 E1470.63343
G1 X144 Y86.325 E1470.66881
G1 X151.519 Y84.31 E1470.92772
G0 F9000 X151.4 Y84
G1 F3000 X150.55 Y84 E1470.95599
G0 F9000 X150.8 Y85.203
G1 F3000 X147.599 Y82 E1471.10661
G0 F9000 X151.085 Y82
G1 F3000 X149.2 Y89.036 E1471.34888
G1 X149.2 Y91.143 E1471.41896
G1 X150.8 Y90.714 E1471.47405
G0 F9000 X151.52 Y90.521
G1 F3000 X150.8 Y90.714 E1471.49884
G1 X150.8 Y85.203 E1471.68214
G1 X151.52 Y85.922 E1471.71598
G0 F9000 X149.2 Y89.036
G1 F3000 X148.536 Y91.516 E1471.80137
G0 F9000 X147.912 Y90.8
G1 F3000 X143.6 Y90.8 E1471.94479
G0 F9000 X143.6 Y90.4
G1 F3000 X147.512 Y90.4 E1472.07491
G0 F9000 X147.112 Y90
G1 F3000 X143.6 Y90 E1472.19172
G0 F9000 X143.6 Y89.2
G1 F3000 X146.312 Y89.2 E1472.28192
G0 F9000 X145.912 Y88.8
G1 F3000 X143.6 Y88.8 E1472.35881
G0 F9000 X143.6 Y88
G1 F3000 X145.112 Y88 E1472.4091
G0 F9000 X144.712 Y87.6
G1 F3000 X143.6 Y87.6 E1472.44609
G0 F9000 X143.48 Y80.252
G1 F3000 X144 Y80.112 E1472.464
G1 F2700 E1467.464
;MESH:NONMESH
G0 F300 X144 Y80.112 Z5.8
G0 F9000 X142.43 Y88.146
G0 X141.335 Y88.146
G0 X138.383 Y86.841
G0 X136.55 Y86.841
G0 X98.712 Y88.462
G0 X77.621 Y88.146
;TIME_ELAPSED:2669.018055
;LAYER:28
;TYPE:WALL-INNER
;MESH:batclipholder.stl(1)
G1 F2700 E1472.464
G1 F1239.7 X81.263 Y94.477 E1472.75794
G0 F9000 X81.785 Y95.013
G0 X82.441 Y94.839
G0 X82.695 Y94.125
G1 F991.7 X82.7 Y92.996 E1472.81474
G0 F9000 X82.422 Y95.799
G1 F1685.4 X82.422 Y94.76 E1472.84549
G1 X82.245 Y94.952 E1472.85322
G1 X81.973 Y95.021 E1472.86153
G1 X82.422 Y95.799 E1472.88812
G0 F9000 X82.8 Y96.424
G1 F1500 X82.8 Y95.089 E1472.93252
G1 F1327.4 X82.748 Y94.607 E1472.95074
G1 F1075.3 X82.695 Y94.125 E1472.97324
G1 F1188.1 X82.15 Y94.586 E1473.00321
G1 F1500 X81.902 Y94.649 E1473.01173
G1 F1373 X81.263 Y94.477 E1473.03577
G1 X81.658 Y95.23 E1473.06667
G1 F1500 X82.346 Y96.424 E1473.1125
G1 X82.8 Y96.424 E1473.1276
G0 F9000 X82.52 Y96.146
G0 X82.962 Y92.558
G0 X88.333 Y91.596
G1 F1500 X91.6 Y91.596 E1473.23626
G1 X91.6 Y79.372 E1473.64283
G1 X83.4 Y79.372 E1473.91557
G1 X83.4 Y91.596 E1474.32214
G1 X88.333 Y91.596 E1474.48621
G0 F9000 X88.414 Y91.996
G1 F1500 X91.6 Y91.996 E1474.59218
G1 X92 Y92.129 E1474.6062
G1 X92 Y78.972 E1475.0438
G1 X83 Y78.972 E1475.34314
G1 X83 Y92.129 E1475.78075
G1 X83.4 Y91.996 E1475.79477
G1 X88.414 Y91.996 E1475.96153
G0 F9000 X88.496 Y92.396
G1 F1500 X91.6 Y92.396 E1476.06477
G1 X91.96 Y92.516 E1476.07739
G1 F1200 X92.3 Y92.996 E1476.10185
G1 X92.4 Y92.296 E1476.13125
G1 F1500 X92.4 Y78.572 E1476.58771
G1 X82.6 Y78.572 E1476.91366
G1 X82.6 Y92.296 E1477.37012
G1 F1200 X82.7 Y92.996 E1477.39952
G1 X83.04 Y92.516 E1477.42398
G1 F1500 X83.4 Y92.396 E1477.4366
G1 X88.496 Y92.396 E1477.60609
G0 F9000 X88.497 Y92.087
G0 X92.038 Y92.559
G0 X92.3 Y92.996
G1 F991.7 X92.305 Y94.125 E1477.66289
G0 F9000 X92.559 Y94.839
G0 X93.215 Y95.013
G0 X93.793 Y94.382
G1 F1271.2 X95.584 Y91.265 E1477.80398
G1 F1229.5 X97.376 Y88.148 E1477.94987
G0 F9000 X93.215 Y95.013
G0 X92.578 Y95.794
G1 F1694.9 X93.025 Y95.021 E1477.97615
G1 X92.752 Y94.95 E1477.98445
G1 X92.578 Y94.76 E1477.99204
G1 X92.578 Y95.794 E1478.02247
G0 F9000 X92.649 Y96.424
G1 F1500 X93.336 Y95.235 E1478.06815
G1 F1388.9 X93.793 Y94.382 E1478.10291
G1 X93.091 Y94.649 E1478.12989
G1 F1500 X92.847 Y94.585 E1478.13828
G1 F1188.1 X92.305 Y94.125 E1478.16813
G1 F1075.3 X92.253 Y94.605 E1478.19053
G1 F1327.4 X92.201 Y95.085 E1478.20867
G1 F1500 X92.2 Y96.424 E1478.25321
G1 X92.649 Y96.424 E1478.26814
G1 F2700 E1473.26814
G0 F9000 X92.483 Y96.13
G0 X92.038 Y92.559
G0 X88.578 Y92.487
G0 X88.577 Y92.796
;TYPE:WALL-OUTER
G1 F2700 E1478.26814
G1 F1500 X91.6 Y92.796 E1478.36869
G1 X91.72 Y92.836 E1478.3729
G1 X91.8 Y92.996 E1478.37885
G1 X91.8 Y96.824 E1478.50617
G1 X92.88 Y96.824 E1478.54209
G1 X98.151 Y87.701 E1478.89252
G1 X97.117 Y87.7 E1478.92691
G1 X93.418 Y94.168 E1479.17474
G1 X93.193 Y94.262 E1479.18285
G1 X92.949 Y94.198 E1479.19124
G1 X92.802 Y94.039 E1479.19844
G1 X92.8 Y78.172 E1479.72618
G1 X82.2 Y78.172 E1480.07874
G1 X82.198 Y94.039 E1480.60647
G1 X82.05 Y94.198 E1480.6137
G1 X81.802 Y94.262 E1480.62222
G1 X81.598 Y94.197 E1480.62934
G1 X77.88 Y87.7 E1480.87831
G1 X76.848 Y87.7 E1480.91264
G1 X82.116 Y96.824 E1481.26305
G1 X83.2 Y96.824 E1481.29911
G1 X83.2 Y92.996 E1481.42643
G1 X83.28 Y92.836 E1481.43238
G1 X83.4 Y92.796 E1481.43658
G1 X88.577 Y92.796 E1481.60877
G0 F9000 X88.578 Y92.487
G0 X88.26 Y91.496
G0 X88.26 Y91.236
;TYPE:SKIN
G1 F1500 X83.76 Y91.236 E1481.75844
G1 X83.76 Y79.732 E1482.14107
G1 X91.24 Y79.732 E1482.38985
G1 X91.24 Y91.236 E1482.77248
G1 X88.26 Y91.236 E1482.87159
G0 F9000 X88.26 Y91.496
G0 X83.572 Y91.424
G0 X83.5 Y90.748
G0 X83.96 Y90.748
G1 F1500 X84.248 Y91.036 E1482.88514
G0 F9000 X84.813 Y91.036
G1 F1500 X83.96 Y90.182 E1482.92528
G0 F9000 X83.96 Y89.617
G1 F1500 X85.379 Y91.036 E1482.99203
G0 F9000 X85.945 Y91.036
G1 F1500 X83.96 Y89.051 E1483.0854
G0 F9000 X83.96 Y88.485
G1 F1500 X86.51 Y91.036 E1483.20537
G0 F9000 X87.076 Y91.036
G1 F1500 X83.96 Y87.92 E1483.35193
G0 F9000 X83.96 Y87.354
G1 F1500 X87.642 Y91.036 E1483.52512
G0 F9000 X88.207 Y91.036
G1 F1500 X83.96 Y86.788 E1483.72491
G0 F9000 X83.96 Y86.222
G1 F1500 X88.773 Y91.036 E1483.95132
G0 F9000 X89.339 Y91.036
G1 F1500 X83.96 Y85.657 E1484.20434
G0 F9000 X83.96 Y85.091
G1 F1500 X89.904 Y91.036 E1484.48395
G0 F9000 X90.47 Y91.036
G1 F1500 X83.96 Y84.525 E1484.79018
G0 F9000 X83.96 Y83.96
G1 F1500 X91.036 Y91.036 E1485.12301
G0 F9000 X91.04 Y90.474
G1 F1500 X83.96 Y83.394 E1485.45604
G0 F9000 X83.96 Y82.828
G1 F1500 X91.04 Y89.909 E1485.78908
G0 F9000 X91.04 Y89.343
G1 F1500 X83.96 Y82.263 E1486.1221
G0 F9000 X83.96 Y81.697
G1 F1500 X91.04 Y88.777 E1486.45512
G0 F9000 X91.04 Y88.212
G1 F1500 X83.96 Y81.131 E1486.78817
G0 F9000 X83.96 Y80.566
G1 F1500 X91.04 Y87.646 E1487.12119
G0 F9000 X91.04 Y87.08
G1 F1500 X83.96 Y80 E1487.45421
G0 F9000 X84.458 Y79.932
G1 F1500 X91.04 Y86.515 E1487.76383
G0 F9000 X91.04 Y85.949
G1 F1500 X85.023 Y79.932 E1488.04685
G0 F9000 X85.589 Y79.932
G1 F1500 X91.04 Y85.383 E1488.30325
G0 F9000 X91.04 Y84.817
G1 F1500 X86.155 Y79.932 E1488.53303
G0 F9000 X86.72 Y79.932
G1 F1500 X91.04 Y84.252 E1488.73623
G0 F9000 X91.04 Y83.686
G1 F1500 X87.286 Y79.932 E1488.9128
G0 F9000 X87.852 Y79.932
G1 F1500 X91.04 Y83.12 E1489.06276
G0 F9000 X91.04 Y82.555
G1 F1500 X88.417 Y79.932 E1489.18613
G0 F9000 X88.983 Y79.932
G1 F1500 X91.04 Y81.989 E1489.28289
G0 F9000 X91.04 Y81.423
G1 F1500 X89.549 Y79.932 E1489.35302
G0 F9000 X90.114 Y79.932
G1 F1500 X91.04 Y80.858 E1489.39658
G0 F9000 X91.04 Y80.292
G1 F1500 X90.68 Y79.932 E1489.41351
G0 F9000 X90.68 Y79.184
G1 F2700 E1484.41351
;MESH:batclipholder.stl
G0 F9000 X91.428 Y79.544
G0 X91.415 Y82.791
G0 X92.753 Y96.599
G0 X92.753 Y97.691
G0 X97.248 Y146.835
G0 X97.376 Y148.148
;TYPE:WALL-INNER
G1 F2700 E1489.41351
G1 F1229.5 X95.584 Y151.265 E1489.5594
G1 F1271.2 X93.793 Y154.382 E1489.70049
G0 F9000 X93.215 Y155.013
G0 X92.559 Y154.839
G0 X92.305 Y154.125
G1 F991.7 X92.3 Y152.996 E1489.75729
G0 F9000 X92.578 Y155.794
G1 F1694.9 X93.025 Y155.021 E1489.78357
G1 X92.752 Y154.95 E1489.79188
G1 X92.578 Y154.76 E1489.79946
G1 X92.578 Y155.794 E1489.8299
G0 F9000 X92.649 Y156.424
G1 F1500 X93.336 Y155.235 E1489.87557
G1 F1388.9 X93.793 Y154.382 E1489.91033
G1 X93.091 Y154.649 E1489.93731
G1 F1500 X92.847 Y154.585 E1489.9457
G1 F1188.1 X92.305 Y154.125 E1489.97555
G1 F1075.3 X92.253 Y154.605 E1489.99795
G1 F1327.4 X92.201 Y155.085 E1490.0161
G1 F1500 X92.2 Y156.424 E1490.06063
G1 X92.649 Y156.424 E1490.07557
G0 F9000 X92.483 Y156.13
G0 X92.038 Y152.559
G0 X88.904 Y151.596
G1 F1500 X91.6 Y151.596 E1490.16523
G1 X91.6 Y139.372 E1490.57181
G1 X83.4 Y139.372 E1490.84454
G1 X83.4 Y151.596 E1491.25111
G1 X88.904 Y151.596 E1491.43418
G0 F9000 X89.041 Y151.996
G1 F1500 X91.6 Y151.996 E1491.51929
G1 X92 Y152.129 E1491.53331
G1 X92 Y138.972 E1491.97091
G1 X83 Y138.972 E1492.27025
G1 X83 Y152.129 E1492.70786
G1 X83.4 Y151.996 E1492.72188
G1 X89.041 Y151.996 E1492.9095
G0 F9000 X89.179 Y152.396
G1 F1500 X91.6 Y152.396 E1492.99002
G1 X91.96 Y152.516 E1493.00264
G1 F1200 X92.3 Y152.996 E1493.0271
G1 X92.4 Y152.296 E1493.05649
G1 F1500 X92.4 Y138.572 E1493.51296
G1 X82.6 Y138.572 E1493.83891
G1 X82.6 Y152.296 E1494.29537
G1 F1200 X82.7 Y152.996 E1494.32477
G1 X83.04 Y152.516 E1494.34922
G1 F1500 X83.4 Y152.396 E1494.36184
G1 X89.179 Y152.396 E1494.55405
G0 F9000 X89.18 Y152.087
G0 X82.962 Y152.558
G0 X82.7 Y152.996
G1 F991.7 X82.695 Y154.125 E1494.61085
G0 F9000 X82.441 Y154.839
G0 X81.785 Y155.013
G0 X81.263 Y154.477
G1 F1239.7 X77.621 Y148.146 E1494.90479
G0 F9000 X81.785 Y155.013
G0 X82.422 Y155.799
G1 F1685.4 X82.422 Y154.76 E1494.93555
G1 X82.245 Y154.952 E1494.94328
G1 X81.973 Y155.021 E1494.95158
G1 X82.422 Y155.799 E1494.97817
G0 F9000 X82.8 Y156.424
G1 F1500 X82.8 Y155.089 E1495.02257
G1 F1327.4 X82.748 Y154.607 E1495.04079
G1 F1075.3 X82.695 Y154.125 E1495.06329
G1 F1188.1 X82.15 Y154.586 E1495.09327
G1 F1500 X81.902 Y154.649 E1495.10178
G1 F1373 X81.263 Y154.477 E1495.12582
G1 X81.658 Y155.23 E1495.15672
G1 F1500 X82.346 Y156.424 E1495.20256
G1 X82.8 Y156.424 E1495.21766
G1 F2700 E1490.21766
G0 F9000 X82.52 Y156.146
G0 X82.962 Y152.558
G0 X89.317 Y152.487
G0 X89.316 Y152.796
;TYPE:WALL-OUTER
G1 F2700 E1495.21766
G1 F1500 X91.6 Y152.796 E1495.29362
G1 X91.72 Y152.836 E1495.29783
G1 X91.8 Y152.996 E1495.30378
G1 X91.8 Y156.824 E1495.4311
G1 X92.88 Y156.824 E1495.46702
G1 X98.151 Y147.701 E1495.81746
G1 X97.117 Y147.7 E1495.85185
G1 X93.418 Y154.168 E1496.09967
G1 X93.193 Y154.262 E1496.10778
G1 X92.949 Y154.198 E1496.11617
G1 X92.802 Y154.039 E1496.12337
G1 X92.8 Y138.172 E1496.65111
G1 X82.2 Y138.172 E1497.00367
G1 X82.198 Y154.039 E1497.53141
G1 X82.05 Y154.198 E1497.53863
G1 X81.802 Y154.262 E1497.54715
G1 X81.598 Y154.197 E1497.55427
G1 X77.88 Y147.7 E1497.80324
G1 X76.848 Y147.7 E1497.83757
G1 X82.116 Y156.824 E1498.18798
G1 X83.2 Y156.824 E1498.22404
G1 X83.2 Y152.996 E1498.35136
G1 X83.28 Y152.836 E1498.35731
G1 X83.4 Y152.796 E1498.36151
G1 X89.316 Y152.796 E1498.55828
G0 F9000 X89.317 Y152.487
G0 X88.781 Y151.496
G0 X88.781 Y151.236
;TYPE:SKIN
G1 F1500 X83.76 Y151.236 E1498.72528
G1 X83.76 Y139.732 E1499.10791
G1 X91.24 Y139.732 E1499.35669
G1 X91.24 Y151.236 E1499.73932
G1 X88.781 Y151.236 E1499.8211
G0 F9000 X88.781 Y151.496
G0 X83.572 Y151.424
G0 X83.5 Y150.711
G0 X83.96 Y150.711
G1 F1500 X84.285 Y151.036 E1499.83639
G0 F9000 X84.851 Y151.036
G1 F1500 X83.96 Y150.145 E1499.8783
G0 F9000 X83.96 Y149.579
G1 F1500 X85.416 Y151.036 E1499.94681
G0 F9000 X85.982 Y151.036
G1 F1500 X83.96 Y149.014 E1500.04192
G0 F9000 X83.96 Y148.448
G1 F1500 X86.548 Y151.036 E1500.16365
G0 F9000 X87.113 Y151.036
G1 F1500 X83.96 Y147.882 E1500.31198
G0 F9000 X83.96 Y147.317
G1 F1500 X87.679 Y151.036 E1500.48691
G0 F9000 X88.245 Y151.036
G1 F1500 X83.96 Y146.751 E1500.68846
G0 F9000 X83.96 Y146.185
G1 F1500 X88.81 Y151.036 E1500.91662
G0 F9000 X89.376 Y151.036
G1 F1500 X83.96 Y145.619 E1501.17139
G0 F9000 X83.96 Y145.054
G1 F1500 X89.942 Y151.036 E1501.45277
G0 F9000 X90.508 Y151.036
G1 F1500 X83.96 Y144.488 E1501.76076
G0 F9000 X83.96 Y143.922
G1 F1500 X91.04 Y151.003 E1502.09381
G0 F9000 X91.04 Y150.437
G1 F1500 X83.96 Y143.357 E1502.42683
G0 F9000 X83.96 Y142.791
G1 F1500 X91.04 Y149.871 E1502.75985
G0 F9000 X91.04 Y149.306
G1 F1500 X83.96 Y142.225 E1503.0929
G0 F9000 X83.96 Y141.66
G1 F1500 X91.04 Y148.74 E1503.42592
G0 F9000 X91.04 Y148.174
G1 F1500 X83.96 Y141.094 E1503.75894
G0 F9000 X83.96 Y140.528
G1 F1500 X91.04 Y147.609 E1504.09199
G0 F9000 X91.04 Y147.043
G1 F1500 X83.96 Y139.963 E1504.42501
G0 F9000 X84.495 Y139.932
G1 F1500 X91.04 Y146.477 E1504.73286
G0 F9000 X91.04 Y145.911
G1 F1500 X85.061 Y139.932 E1505.0141
G0 F9000 X85.626 Y139.932
G1 F1500 X91.04 Y145.346 E1505.26876
G0 F9000 X91.04 Y144.78
G1 F1500 X86.192 Y139.932 E1505.49679
G0 F9000 X86.758 Y139.932
G1 F1500 X91.04 Y144.214 E1505.6982
G0 F9000 X91.04 Y143.649
G1 F1500 X87.323 Y139.932 E1505.87304
G0 F9000 X87.889 Y139.932
G1 F1500 X91.04 Y143.083 E1506.02125
G0 F9000 X91.04 Y142.517
G1 F1500 X88.455 Y139.932 E1506.14284
G0 F9000 X89.021 Y139.932
G1 F1500 X91.04 Y141.952 E1506.23783
G0 F9000 X91.04 Y141.386
G1 F1500 X89.586 Y139.932 E1506.30623
G0 F9000 X90.152 Y139.932
G1 F1500 X91.04 Y140.82 E1506.34799
G0 F9000 X91.04 Y140.255
G1 F1500 X90.718 Y139.932 E1506.36316
G0 F9000 X90.718 Y139.184
G1 F2700 E1501.36316
;MESH:batclipholder.stl(3)
G0 F9000 X91.428 Y139.544
G0 X92.57 Y148.146
G0 X93.665 Y148.146
G0 X96.617 Y146.841
G0 X98.45 Y146.841
G0 X136.289 Y148.463
G0 X137.621 Y148.146
;TYPE:WALL-INNER
G1 F2700 E1506.36316
G1 F1239.7 X141.263 Y154.477 E1506.6571
G0 F9000 X141.785 Y155.013
G0 X142.441 Y154.839
G0 X142.695 Y154.125
G1 F991.7 X142.7 Y152.996 E1506.7139
G0 F9000 X142.422 Y155.799
G1 F1685.4 X142.422 Y154.76 E1506.74466
G1 X142.245 Y154.952 E1506.75239
G1 X141.973 Y155.021 E1506.76069
G1 X142.422 Y155.799 E1506.78728
G0 F9000 X142.346 Y156.424
G1 F1500 X142.8 Y156.424 E1506.80238
G1 X142.8 Y155.089 E1506.84679
G1 F1327.4 X142.748 Y154.607 E1506.86501
G1 F1075.3 X142.695 Y154.125 E1506.8875
G1 F1188.1 X142.15 Y154.586 E1506.91748
G1 F1500 X141.902 Y154.649 E1506.92599
G1 F1373 X141.263 Y154.477 E1506.95003
G1 X141.658 Y155.23 E1506.98093
G1 F1500 X142.346 Y156.424 E1507.02677
G0 F9000 X142.517 Y156.13
G0 X142.962 Y152.558
G0 X146.096 Y151.596
G1 F1500 X151.6 Y151.596 E1507.20983
G1 X151.6 Y139.372 E1507.6164
G1 X143.4 Y139.372 E1507.88913
G1 X143.4 Y151.596 E1508.29571
G1 X146.096 Y151.596 E1508.38538
G0 F9000 X145.959 Y151.996
G1 F1500 X151.6 Y151.996 E1508.573
G1 X152 Y152.129 E1508.58702
G1 X152 Y138.972 E1509.02462
G1 X143 Y138.972 E1509.32396
G1 X143 Y152.129 E1509.76156
G1 X143.4 Y151.996 E1509.77559
G1 X145.959 Y151.996 E1509.8607
G0 F9000 X145.821 Y152.396
G1 F1500 X151.6 Y152.396 E1510.05291
G1 X151.96 Y152.516 E1510.06553
G1 F1200 X152.3 Y152.996 E1510.08998
G1 X152.4 Y152.296 E1510.11938
G1 F1500 X152.4 Y138.572 E1510.57584
G1 X142.6 Y138.572 E1510.90179
G1 X142.6 Y152.296 E1511.35826
G1 F1200 X142.7 Y152.996 E1511.38765
G1 X143.04 Y152.516 E1511.41211
G1 F1500 X143.4 Y152.396 E1511.42473
G1 X145.821 Y152.396 E1511.50525
G0 F9000 X145.822 Y152.087
G0 X152.038 Y152.559
G0 X152.3 Y152.996
G1 F991.7 X152.305 Y154.125 E1511.56205
G0 F9000 X152.559 Y154.839
G0 X153.215 Y155.013
G0 X153.793 Y154.382
G1 F1271.2 X155.584 Y151.265 E1511.70314
G1 F1229.5 X157.376 Y148.148 E1511.84903
G0 F9000 X153.215 Y155.013
G0 X152.578 Y155.794
G1 F1694.9 X153.025 Y155.021 E1511.87531
G1 X152.752 Y154.95 E1511.88362
G1 X152.578 Y154.76 E1511.8912
G1 X152.578 Y155.794 E1511.92164
G0 F9000 X152.2 Y156.424
G1 F1500 X152.649 Y156.424 E1511.93657
G1 X153.336 Y155.235 E1511.98224
G1 F1388.9 X153.793 Y154.382 E1512.01701
G1 X153.091 Y154.649 E1512.04398
G1 F1500 X152.847 Y154.585 E1512.05237
G1 F1188.1 X152.305 Y154.125 E1512.08223
G1 F1075.3 X152.253 Y154.605 E1512.10463
G1 F1327.4 X152.201 Y155.085 E1512.12277
G1 F1500 X152.2 Y156.424 E1512.16731
G1 F2700 E1507.16731
G0 F9000 X152.48 Y156.146
G0 X152.038 Y152.559
G0 X145.685 Y152.487
G0 X145.684 Y152.796
;TYPE:WALL-OUTER
G1 F2700 E1512.16731
G1 F1500 X151.6 Y152.796 E1512.36407
G1 X151.72 Y152.836 E1512.36828
G1 X151.8 Y152.996 E1512.37423
G1 X151.8 Y156.824 E1512.50155
G1 X152.88 Y156.824 E1512.53747
G1 X158.151 Y147.701 E1512.88791
G1 X157.117 Y147.7 E1512.9223
G1 X153.418 Y154.168 E1513.17012
G1 X153.193 Y154.262 E1513.17823
G1 X152.949 Y154.198 E1513.18662
G1 X152.802 Y154.039 E1513.19382
G1 X152.8 Y138.172 E1513.72156
G1 X142.2 Y138.172 E1514.07412
G1 X142.198 Y154.039 E1514.60186
G1 X142.05 Y154.198 E1514.60908
G1 X141.802 Y154.262 E1514.6176
G1 X141.598 Y154.197 E1514.62472
G1 X137.88 Y147.7 E1514.8737
G1 X136.848 Y147.7 E1514.90802
G1 X142.116 Y156.824 E1515.25844
G1 X143.2 Y156.824 E1515.29449
G1 X143.2 Y152.996 E1515.42181
G1 X143.28 Y152.836 E1515.42776
G1 X143.4 Y152.796 E1515.43197
G1 X145.684 Y152.796 E1515.50793
G0 F9000 X145.685 Y152.487
G0 X146.219 Y151.496
G0 X146.219 Y151.236
;TYPE:SKIN
G1 F1500 X143.76 Y151.236 E1515.58972
G1 X143.76 Y139.732 E1515.97235
G1 X151.24 Y139.732 E1516.22113
G1 X151.24 Y151.236 E1516.60376
G1 X146.219 Y151.236 E1516.77075
G0 F9000 X146.219 Y151.496
G0 X143.572 Y151.424
G0 X143.5 Y150.748
G0 X143.96 Y150.748
G1 F1500 X144.248 Y151.036 E1516.7843
G0 F9000 X144.813 Y151.036
G1 F1500 X143.96 Y150.182 E1516.82445
G0 F9000 X143.96 Y149.617
G1 F1500 X145.379 Y151.036 E1516.89119
G0 F9000 X145.945 Y151.036
G1 F1500 X143.96 Y149.051 E1516.98456
G0 F9000 X143.96 Y148.485
G1 F1500 X146.51 Y151.036 E1517.10453
G0 F9000 X147.076 Y151.036
G1 F1500 X143.96 Y147.92 E1517.2511
G0 F9000 X143.96 Y147.354
G1 F1500 X147.642 Y151.036 E1517.42429
G0 F9000 X148.207 Y151.036
G1 F1500 X143.96 Y146.788 E1517.62408
G0 F9000 X143.96 Y146.223
G1 F1500 X148.773 Y151.036 E1517.85046
G0 F9000 X149.339 Y151.036
G1 F1500 X143.96 Y145.657 E1518.10348
G0 F9000 X143.96 Y145.091
G1 F1500 X149.905 Y151.036 E1518.38311
G0 F9000 X150.47 Y151.036
G1 F1500 X143.96 Y144.526 E1518.68932
G0 F9000 X143.96 Y143.96
G1 F1500 X151.036 Y151.036 E1519.02215
G0 F9000 X151.04 Y150.474
G1 F1500 X143.96 Y143.394 E1519.35518
G0 F9000 X143.96 Y142.828
G1 F1500 X151.04 Y149.909 E1519.68822
G0 F9000 X151.04 Y149.343
G1 F1500 X143.96 Y142.263 E1520.02124
G0 F9000 X143.96 Y141.697
G1 F1500 X151.04 Y148.777 E1520.35426
G0 F9000 X151.04 Y148.212
G1 F1500 X143.96 Y141.131 E1520.68731
G0 F9000 X143.96 Y140.566
G1 F1500 X151.04 Y147.646 E1521.02033
G0 F9000 X151.04 Y147.08
G1 F1500 X143.96 Y140 E1521.35335
G0 F9000 X144.458 Y139.932
G1 F1500 X151.04 Y146.515 E1521.66297
G0 F9000 X151.04 Y145.949
G1 F1500 X145.023 Y139.932 E1521.94599
G0 F9000 X145.589 Y139.932
G1 F1500 X151.04 Y145.383 E1522.20239
G0 F9000 X151.04 Y144.818
G1 F1500 X146.155 Y139.932 E1522.43219
G0 F9000 X146.72 Y139.932
G1 F1500 X151.04 Y144.252 E1522.63539
G0 F9000 X151.04 Y143.686
G1 F1500 X147.286 Y139.932 E1522.81197
G0 F9000 X147.852 Y139.932
G1 F1500 X151.04 Y143.121 E1522.96194
G0 F9000 X151.04 Y142.555
G1 F1500 X148.417 Y139.932 E1523.08532
G0 F9000 X148.983 Y139.932
G1 F1500 X151.04 Y141.989 E1523.18208
G0 F9000 X151.04 Y141.423
G1 F1500 X149.549 Y139.932 E1523.25221
G0 F9000 X150.115 Y139.932
G1 F1500 X151.04 Y140.858 E1523.29574
G0 F9000 X151.04 Y140.292
G1 F1500 X150.68 Y139.932 E1523.31267
G0 F9000 X150.68 Y139.184
G1 F2700 E1518.31267
;MESH:batclipholder.stl(2)
G0 F9000 X152.578 Y138.404
G0 X152.578 Y137.309
G0 X152.578 Y97.691
G0 X152.578 Y96.596
G0 X152.578 Y95.794
;TYPE:WALL-INNER
G1 F2700 E1523.31267
G1 F1694.9 X153.025 Y95.021 E1523.33896
G1 X152.752 Y94.95 E1523.34726
G1 X152.578 Y94.76 E1523.35485
G1 X152.578 Y95.794 E1523.38528
G0 F9000 X152.2 Y96.424
G1 F1500 X152.649 Y96.424 E1523.40022
G1 X153.336 Y95.235 E1523.44589
G1 F1388.9 X153.793 Y94.382 E1523.48065
G1 X153.091 Y94.649 E1523.50763
G1 F1500 X152.847 Y94.585 E1523.51602
G1 F1188.1 X152.305 Y94.125 E1523.54587
G1 F1075.3 X152.253 Y94.605 E1523.56827
G1 F1327.4 X152.201 Y95.085 E1523.58642
G1 F1500 X152.2 Y96.424 E1523.63095
G0 F9000 X152.48 Y96.146
G0 X152.305 Y94.125
G1 F991.7 X152.3 Y92.996 E1523.68775
G0 F9000 X152.559 Y94.839
G0 X153.215 Y95.013
G0 X153.793 Y94.382
G1 F1271.2 X155.584 Y91.265 E1523.82884
G1 F1229.5 X157.376 Y88.148 E1523.97473
G0 F9000 X153.215 Y95.013
G0 X152.559 Y94.839
G0 X151.8 Y90.059
G0 X151.682 Y91.678
G0 X146.667 Y91.596
G1 F1500 X151.6 Y91.596 E1524.1388
G1 X151.6 Y79.372 E1524.54537
G1 X143.4 Y79.372 E1524.81811
G1 X143.4 Y91.596 E1525.22468
G1 X146.667 Y91.596 E1525.33334
G0 F9000 X146.586 Y91.996
G1 F1500 X151.6 Y91.996 E1525.50011
G1 X152 Y92.129 E1525.51413
G1 X152 Y78.972 E1525.95173
G1 X143 Y78.972 E1526.25107
G1 X143 Y92.129 E1526.68867
G1 X143.4 Y91.996 E1526.70269
G1 X146.586 Y91.996 E1526.80866
G0 F9000 X146.504 Y92.396
G1 F1500 X151.6 Y92.396 E1526.97815
G1 X151.96 Y92.516 E1526.99078
G1 F1200 X152.3 Y92.996 E1527.01523
G1 X152.4 Y92.296 E1527.04463
G1 F1500 X152.4 Y78.572 E1527.50109
G1 X142.6 Y78.572 E1527.82704
G1 X142.6 Y92.296 E1528.2835
G1 F1200 X142.7 Y92.996 E1528.3129
G1 X143.04 Y92.516 E1528.33736
G1 F1500 X143.4 Y92.396 E1528.34998
G1 X146.504 Y92.396 E1528.45322
G0 F9000 X146.505 Y92.087
G0 X142.962 Y92.558
G0 X142.7 Y92.996
G1 F991.7 X142.695 Y94.125 E1528.51001
G0 F9000 X142.441 Y94.839
G0 X141.785 Y95.013
G0 X141.263 Y94.477
G1 F1239.7 X137.621 Y88.146 E1528.80395
G0 F9000 X141.785 Y95.013
G0 X142.422 Y95.799
G1 F1685.4 X142.422 Y94.76 E1528.83471
G1 X142.245 Y94.952 E1528.84244
G1 X141.973 Y95.021 E1528.85075
G1 X142.422 Y95.799 E1528.87734
G0 F9000 X142.346 Y96.424
G1 F1500 X142.8 Y96.424 E1528.89244
G1 X142.8 Y95.089 E1528.93684
G1 F1327.4 X142.748 Y94.607 E1528.95506
G1 F1075.3 X142.695 Y94.125 E1528.97756
G1 F1188.1 X142.15 Y94.586 E1529.00753
G1 F1500 X141.902 Y94.649 E1529.01604
G1 F1373 X141.263 Y94.477 E1529.04009
G1 X141.658 Y95.23 E1529.07099
G1 F1500 X142.346 Y96.424 E1529.11682
G1 F2700 E1524.11682
G0 F9000 X142.517 Y96.13
G0 X142.962 Y92.558
G0 X146.424 Y92.487
G0 X146.423 Y92.796
;TYPE:WALL-OUTER
G1 F2700 E1529.11682
G1 F1500 X151.6 Y92.796 E1529.28901
G1 X151.72 Y92.836 E1529.29321
G1 X151.8 Y92.996 E1529.29916
G1 X151.8 Y96.824 E1529.42648
G1 X152.88 Y96.824 E1529.4624
G1 X158.151 Y87.701 E1529.81284
G1 X157.117 Y87.7 E1529.84723
G1 X153.418 Y94.168 E1530.09505
G1 X153.193 Y94.262 E1530.10316
G1 X152.949 Y94.198 E1530.11155
G1 X152.802 Y94.039 E1530.11876
G1 X152.8 Y78.172 E1530.6465
G1 X142.2 Y78.172 E1530.99905
G1 X142.198 Y94.039 E1531.52679
G1 X142.05 Y94.198 E1531.53402
G1 X141.802 Y94.262 E1531.54253
G1 X141.598 Y94.197 E1531.54966
G1 X137.88 Y87.7 E1531.79863
G1 X136.848 Y87.7 E1531.83295
G1 X142.116 Y96.824 E1532.18337
G1 X143.2 Y96.824 E1532.21942
G1 X143.2 Y92.996 E1532.34674
G1 X143.28 Y92.836 E1532.35269
G1 X143.4 Y92.796 E1532.3569
G1 X146.423 Y92.796 E1532.45745
G0 F9000 X146.424 Y92.487
G0 X146.74 Y91.496
G0 X146.74 Y91.236
;TYPE:SKIN
G1 F1500 X143.76 Y91.236 E1532.55656
G1 X143.76 Y79.732 E1532.93918
G1 X151.24 Y79.732 E1533.18797
G1 X151.24 Y91.236 E1533.5706
G1 X146.74 Y91.236 E1533.72027
G0 F9000 X146.74 Y91.496
G0 X144.21 Y91.496
G0 X144.21 Y91.036
G1 F1500 X143.96 Y90.785 E1533.73205
G0 F9000 X143.96 Y90.22
G1 F1500 X144.776 Y91.036 E1533.77043
G0 F9000 X145.342 Y91.036
G1 F1500 X143.96 Y89.654 E1533.83544
G0 F9000 X143.96 Y89.088
G1 F1500 X145.907 Y91.036 E1533.92704
G0 F9000 X146.473 Y91.036
G1 F1500 X143.96 Y88.523 E1534.04524
G0 F9000 X143.96 Y87.957
G1 F1500 X147.039 Y91.036 E1534.19007
G0 F9000 X147.604 Y91.036
G1 F1500 X143.96 Y87.391 E1534.3615
G0 F9000 X143.96 Y86.826
G1 F1500 X148.17 Y91.036 E1534.55952
G0 F9000 X148.736 Y91.036
G1 F1500 X143.96 Y86.26 E1534.78417
G0 F9000 X143.96 Y85.694
G1 F1500 X149.301 Y91.036 E1535.03542
G0 F9000 X149.867 Y91.036
G1 F1500 X143.96 Y85.129 E1535.31327
G0 F9000 X143.96 Y84.563
G1 F1500 X150.433 Y91.036 E1535.61774
G0 F9000 X150.998 Y91.036
G1 F1500 X143.96 Y83.997 E1535.94881
G0 F9000 X143.96 Y83.432
G1 F1500 X151.04 Y90.512 E1536.28183
G0 F9000 X151.04 Y89.946
G1 F1500 X143.96 Y82.866 E1536.61485
G0 F9000 X143.96 Y82.3
G1 F1500 X151.04 Y89.38 E1536.94787
G0 F9000 X151.04 Y88.815
G1 F1500 X143.96 Y81.734 E1537.28091
G0 F9000 X143.96 Y81.169
G1 F1500 X151.04 Y88.249 E1537.61394
G0 F9000 X151.04 Y87.683
G1 F1500 X143.96 Y80.603 E1537.94696
G0 F9000 X143.96 Y80.037
G1 F1500 X151.04 Y87.118 E1538.28
G0 F9000 X151.04 Y86.552
G1 F1500 X144.42 Y79.932 E1538.59139
G0 F9000 X144.986 Y79.932
G1 F1500 X151.04 Y85.986 E1538.87615
G0 F9000 X151.04 Y85.421
G1 F1500 X145.552 Y79.932 E1539.13431
G0 F9000 X146.117 Y79.932
G1 F1500 X151.04 Y84.855 E1539.36587
G0 F9000 X151.04 Y84.289
G1 F1500 X146.683 Y79.932 E1539.57081
G0 F9000 X147.249 Y79.932
G1 F1500 X151.04 Y83.724 E1539.74915
G0 F9000 X151.04 Y83.158
G1 F1500 X147.814 Y79.932 E1539.9009
G0 F9000 X148.38 Y79.932
G1 F1500 X151.04 Y82.592 E1540.02601
G0 F9000 X151.04 Y82.027
G1 F1500 X148.946 Y79.932 E1540.12453
G0 F9000 X149.511 Y79.932
G1 F1500 X151.04 Y81.461 E1540.19645
G0 F9000 X151.04 Y80.895
G1 F1500 X150.077 Y79.932 E1540.24175
G0 F9000 X150.643 Y79.932
G1 F1500 X151.04 Y80.329 E1540.26042
G0 F9000 X151.79 Y80.329
G1 F2700 E1535.26042
;MESH:NONMESH
G0 F300 X151.79 Y80.329 Z6
G0 F9000 X151.428 Y79.544
G0 X143.572 Y79.544
G0 X142.43 Y88.146
G0 X141.335 Y88.146
G0 X138.383 Y86.841
G0 X136.55 Y86.841
G0 X98.712 Y88.462
G0 X77.621 Y88.146
;TIME_ELAPSED:2781.892163
;LAYER:29
;TYPE:WALL-INNER
;MESH:batclipholder.stl(1)
G1 F2700 E1540.26042
G1 F1239.7 X81.263 Y94.477 E1540.55436
G0 F9000 X81.785 Y95.013
G0 X82.441 Y94.839
G0 X82.695 Y94.125
G1 F991.7 X82.7 Y92.96 E1540.61297
G0 F9000 X82.422 Y95.799
G1 F1685.4 X82.422 Y94.76 E1540.64373
G1 X82.245 Y94.952 E1540.65146
G1 X81.973 Y95.021 E1540.65976
G1 X82.422 Y95.799 E1540.68635
G0 F9000 X82.8 Y96.424
G1 F1500 X82.8 Y95.089 E1540.73075
G1 F1327.4 X82.748 Y94.607 E1540.74898
G1 F1075.3 X82.695 Y94.125 E1540.77147
G1 F1188.1 X82.15 Y94.586 E1540.80145
G1 F1500 X81.902 Y94.649 E1540.80996
G1 F1373 X81.263 Y94.477 E1540.834
G1 X81.658 Y95.23 E1540.8649
G1 F1500 X82.346 Y96.424 E1540.91074
G1 X82.8 Y96.424 E1540.92584
G0 F9000 X82.52 Y96.146
G0 X82.962 Y92.525
G0 X88.326 Y91.563
G1 F1500 X91.601 Y91.565 E1541.03476
G1 X91.6 Y79.372 E1541.4403
G1 X83.4 Y79.372 E1541.71304
G1 X83.401 Y91.559 E1542.11838
G1 X88.326 Y91.563 E1542.28218
G0 F9000 X88.408 Y91.962
G1 F1500 X91.601 Y91.964 E1542.38838
G1 X92 Y92.097 E1542.40237
G1 X92 Y78.972 E1542.83891
G1 X83 Y78.972 E1543.13825
G1 X83 Y92.093 E1543.57466
G1 X83.401 Y91.96 E1543.58871
G1 X88.408 Y91.962 E1543.75524
G0 F9000 X88.489 Y92.362
G1 F1500 X91.601 Y92.364 E1543.85875
G1 X91.96 Y92.484 E1543.87134
G1 F1200 X92.3 Y92.964 E1543.89579
G1 X92.4 Y92.264 E1543.92519
G1 F1500 X92.4 Y78.572 E1544.38059
G1 X82.6 Y78.572 E1544.70654
G1 X82.6 Y92.259 E1545.16177
G1 F1200 X82.7 Y92.96 E1545.19121
G1 X83.04 Y92.479 E1545.2157
G1 F1500 X83.401 Y92.36 E1545.22834
G1 X88.489 Y92.362 E1545.39757
G0 F9000 X88.49 Y92.054
G0 X92.038 Y92.526
G0 X92.3 Y92.964
G1 F991.7 X92.305 Y94.125 E1545.45598
G0 F9000 X92.559 Y94.839
G0 X93.215 Y95.013
G0 X93.793 Y94.382
G1 F1271.2 X95.584 Y91.265 E1545.59706
G1 F1229.5 X97.376 Y88.148 E1545.74296
G0 F9000 X93.215 Y95.013
G0 X92.578 Y95.794
G1 F1694.9 X93.025 Y95.021 E1545.76924
G1 X92.752 Y94.95 E1545.77754
G1 X92.578 Y94.76 E1545.78513
G1 X92.578 Y95.794 E1545.81556
G0 F9000 X92.649 Y96.424
G1 F1500 X93.336 Y95.235 E1545.86124
G1 F1388.9 X93.793 Y94.382 E1545.896
G1 X93.091 Y94.649 E1545.92298
G1 F1500 X92.847 Y94.585 E1545.93137
G1 F1188.1 X92.305 Y94.125 E1545.96122
G1 F1075.3 X92.253 Y94.605 E1545.98362
G1 F1327.4 X92.201 Y95.085 E1546.00176
G1 F1500 X92.2 Y96.424 E1546.0463
G1 X92.649 Y96.424 E1546.06123
G1 F2700 E1541.06123
G0 F9000 X92.483 Y96.13
G0 X92.038 Y92.526
G0 X88.571 Y92.454
G0 X88.57 Y92.763
;TYPE:WALL-OUTER
G1 F2700 E1546.06123
G1 F1500 X91.601 Y92.764 E1546.16204
G1 X91.72 Y92.804 E1546.16622
G1 X91.8 Y92.964 E1546.17217
G1 X91.8 Y96.824 E1546.30055
G1 X92.88 Y96.824 E1546.33648
G1 X98.151 Y87.701 E1546.68691
G1 X97.117 Y87.7 E1546.7213
G1 X93.418 Y94.168 E1546.96913
G1 X93.193 Y94.262 E1546.97724
G1 X92.949 Y94.198 E1546.98563
G1 X92.802 Y94.039 E1546.99283
G1 X92.8 Y78.172 E1547.52057
G1 X82.2 Y78.172 E1547.87312
G1 X82.198 Y94.039 E1548.40086
G1 X82.05 Y94.198 E1548.40809
G1 X81.802 Y94.262 E1548.41661
G1 X81.598 Y94.197 E1548.42373
G1 X77.88 Y87.7 E1548.6727
G1 X76.848 Y87.7 E1548.70702
G1 X82.116 Y96.824 E1549.05744
G1 X83.2 Y96.824 E1549.09349
G1 X83.2 Y92.96 E1549.22201
G1 X83.28 Y92.799 E1549.22799
G1 X83.401 Y92.76 E1549.23222
G1 X88.57 Y92.763 E1549.40414
G0 F9000 X88.571 Y92.454
G0 X88.252 Y91.461
G0 X88.253 Y91.2
;TYPE:SKIN
G1 F1500 X83.76 Y91.2 E1549.55358
G1 X83.76 Y79.732 E1549.93501
G1 X91.24 Y79.732 E1550.18379
G1 X91.24 Y91.2 E1550.56522
G1 X88.253 Y91.2 E1550.66457
G0 F9000 X88.252 Y91.461
G0 X90.584 Y91.462
G0 X90.585 Y91
G1 F1500 X91.04 Y90.545 E1550.68597
G0 F9000 X91.04 Y89.979
G1 F1500 X90.019 Y91 E1550.73399
G0 F9000 X89.453 Y91
G1 F1500 X91.04 Y89.414 E1550.80862
G0 F9000 X91.04 Y88.848
G1 F1500 X88.888 Y91 E1550.90984
G0 F9000 X88.322 Y91
G1 F1500 X91.04 Y88.282 E1551.03769
G0 F9000 X91.04 Y87.717
G1 F1500 X87.756 Y91 E1551.19213
G0 F9000 X87.191 Y91
G1 F1500 X91.04 Y87.151 E1551.37318
G0 F9000 X91.04 Y86.585
G1 F1500 X86.625 Y91 E1551.58085
G0 F9000 X86.059 Y91
G1 F1500 X91.04 Y86.02 E1551.81511
G0 F9000 X91.04 Y85.454
G1 F1500 X85.493 Y91 E1552.076
G0 F9000 X84.928 Y91
G1 F1500 X91.04 Y84.888 E1552.36349
G0 F9000 X91.04 Y84.322
G1 F1500 X84.362 Y91 E1552.67761
G0 F9000 X83.96 Y90.837
G1 F1500 X91.04 Y83.757 E1553.01063
G0 F9000 X91.04 Y83.191
G1 F1500 X83.96 Y90.271 E1553.34365
G0 F9000 X83.96 Y89.706
G1 F1500 X91.04 Y82.625 E1553.67669
G0 F9000 X91.04 Y82.06
G1 F1500 X83.96 Y89.14 E1554.00972
G0 F9000 X83.96 Y88.574
G1 F1500 X91.04 Y81.494 E1554.34274
G0 F9000 X91.04 Y80.928
G1 F1500 X83.96 Y88.009 E1554.67578
G0 F9000 X83.96 Y87.443
G1 F1500 X91.04 Y80.363 E1555.0088
G0 F9000 X90.906 Y79.931
G1 F1500 X83.96 Y86.877 E1555.33552
G0 F9000 X83.96 Y86.312
G1 F1500 X90.34 Y79.931 E1555.63564
G0 F9000 X89.774 Y79.931
G1 F1500 X83.96 Y85.746 E1555.90914
G0 F9000 X83.96 Y85.18
G1 F1500 X89.209 Y79.931 E1556.15604
G0 F9000 X88.643 Y79.931
G1 F1500 X83.96 Y84.615 E1556.37633
G0 F9000 X83.96 Y84.049
G1 F1500 X88.077 Y79.931 E1556.57001
G0 F9000 X87.512 Y79.931
G1 F1500 X83.96 Y83.483 E1556.73708
G0 F9000 X83.96 Y82.917
G1 F1500 X86.946 Y79.931 E1556.87753
G0 F9000 X86.38 Y79.931
G1 F1500 X83.96 Y82.352 E1556.99139
G0 F9000 X83.96 Y81.786
G1 F1500 X85.814 Y79.931 E1557.07862
G0 F9000 X85.249 Y79.931
G1 F1500 X83.96 Y81.22 E1557.13925
G0 F9000 X83.96 Y80.655
G1 F1500 X84.683 Y79.931 E1557.17328
G0 F9000 X84.117 Y79.931
G1 F1500 X83.96 Y80.089 E1557.18069
G0 F9000 X83.21 Y80.089
G1 F2700 E1552.18069
;MESH:batclipholder.stl
G0 F9000 X82.441 Y94.839
G0 X82.247 Y96.599
G0 X82.247 Y97.691
G0 X77.752 Y146.835
G0 X77.621 Y148.146
;TYPE:WALL-INNER
G1 F2700 E1557.18069
G1 F1239.7 X81.263 Y154.477 E1557.47463
G0 F9000 X81.785 Y155.013
G0 X82.441 Y154.839
G0 X82.695 Y154.125
G1 F991.7 X82.7 Y152.96 E1557.53324
G0 F9000 X82.422 Y155.799
G1 F1685.4 X82.422 Y154.76 E1557.56399
G1 X82.245 Y154.952 E1557.57172
G1 X81.973 Y155.021 E1557.58003
G1 X82.422 Y155.799 E1557.60662
G0 F9000 X82.8 Y156.424
G1 F1500 X82.8 Y155.089 E1557.65102
G1 F1327.4 X82.748 Y154.607 E1557.66924
G1 F1075.3 X82.695 Y154.125 E1557.69174
G1 F1188.1 X82.15 Y154.586 E1557.72171
G1 F1500 X81.902 Y154.649 E1557.73022
G1 F1373 X81.263 Y154.477 E1557.75427
G1 X81.658 Y155.23 E1557.78517
G1 F1500 X82.346 Y156.424 E1557.831
G1 X82.8 Y156.424 E1557.8461
G0 F9000 X82.52 Y156.146
G0 X82.962 Y152.525
G0 X88.893 Y151.563
G1 F1500 X91.601 Y151.565 E1557.93617
G1 X91.6 Y139.372 E1558.34171
G1 X83.4 Y139.372 E1558.61444
G1 X83.401 Y151.559 E1559.01978
G1 X88.893 Y151.563 E1559.20245
G0 F9000 X89.03 Y151.963
G1 F1500 X91.601 Y151.964 E1559.28796
G1 X92 Y152.097 E1559.30195
G1 X92 Y138.972 E1559.73849
G1 X83 Y138.972 E1560.03783
G1 X83 Y152.093 E1560.47424
G1 X83.401 Y151.96 E1560.48829
G1 X89.03 Y151.963 E1560.67551
G0 F9000 X89.167 Y152.363
G1 F1500 X91.601 Y152.364 E1560.75646
G1 X91.96 Y152.484 E1560.76905
G1 F1200 X92.3 Y152.964 E1560.79351
G1 X92.4 Y152.264 E1560.82291
G1 F1500 X92.4 Y138.572 E1561.27831
G1 X82.6 Y138.572 E1561.60425
G1 X82.6 Y152.259 E1562.05949
G1 F1200 X82.7 Y152.96 E1562.08893
G1 X83.04 Y152.479 E1562.11341
G1 F1500 X83.401 Y152.36 E1562.12606
G1 X89.167 Y152.363 E1562.31784
G0 F9000 X89.168 Y152.054
G0 X92.038 Y152.526
G0 X92.3 Y152.964
G1 F991.7 X92.305 Y154.125 E1562.37624
G0 F9000 X92.559 Y154.839
G0 X93.215 Y155.013
G0 X93.793 Y154.382
G1 F1271.2 X95.584 Y151.265 E1562.51733
G1 F1229.5 X97.376 Y148.148 E1562.66322
G0 F9000 X93.215 Y155.013
G0 X92.578 Y155.794
G1 F1694.9 X93.025 Y155.021 E1562.68951
G1 X92.752 Y154.95 E1562.69781
G1 X92.578 Y154.76 E1562.70539
G1 X92.578 Y155.794 E1562.73583
G0 F9000 X92.649 Y156.424
G1 F1500 X93.336 Y155.235 E1562.7815
G1 F1388.9 X93.793 Y154.382 E1562.81626
G1 X93.091 Y154.649 E1562.84324
G1 F1500 X92.847 Y154.585 E1562.85163
G1 F1188.1 X92.305 Y154.125 E1562.88148
G1 F1075.3 X92.253 Y154.605 E1562.90388
G1 F1327.4 X92.201 Y155.085 E1562.92203
G1 F1500 X92.2 Y156.424 E1562.96656
G1 X92.649 Y156.424 E1562.9815
G1 F2700 E1557.9815
G0 F9000 X92.483 Y156.13
G0 X92.038 Y152.526
G0 X89.305 Y152.454
G0 X89.304 Y152.763
;TYPE:WALL-OUTER
G1 F2700 E1562.9815
G1 F1500 X91.601 Y152.764 E1563.0579
G1 X91.72 Y152.804 E1563.06207
G1 X91.8 Y152.964 E1563.06802
G1 X91.8 Y156.824 E1563.19641
G1 X92.88 Y156.824 E1563.23233
G1 X98.151 Y147.701 E1563.58276
G1 X97.117 Y147.7 E1563.61716
G1 X93.418 Y154.168 E1563.86498
G1 X93.193 Y154.262 E1563.87309
G1 X92.949 Y154.198 E1563.88148
G1 X92.802 Y154.039 E1563.88868
G1 X92.8 Y138.172 E1564.41642
G1 X82.2 Y138.172 E1564.76898
G1 X82.198 Y154.039 E1565.29671
G1 X82.05 Y154.198 E1565.30394
G1 X81.802 Y154.262 E1565.31246
G1 X81.598 Y154.197 E1565.31958
G1 X77.88 Y147.7 E1565.56855
G1 X76.848 Y147.7 E1565.60288
G1 X82.116 Y156.824 E1565.95329
G1 X83.2 Y156.824 E1565.98935
G1 X83.2 Y152.96 E1566.11786
G1 X83.28 Y152.799 E1566.12384
G1 X83.401 Y152.76 E1566.12807
G1 X89.304 Y152.763 E1566.32441
G0 F9000 X89.305 Y152.454
G0 X88.768 Y151.461
G0 X88.769 Y151.2
;TYPE:SKIN
G1 F1500 X83.76 Y151.2 E1566.49101
G1 X83.76 Y139.732 E1566.87243
G1 X91.24 Y139.732 E1567.12122
G1 X91.24 Y151.2 E1567.50265
G1 X88.769 Y151.2 E1567.58483
G0 F9000 X88.768 Y151.461
G0 X90.547 Y151.462
G0 X90.548 Y151
G1 F1500 X91.04 Y150.508 E1567.60797
G0 F9000 X91.04 Y149.942
G1 F1500 X89.982 Y151 E1567.65774
G0 F9000 X89.416 Y151
G1 F1500 X91.04 Y149.376 E1567.73413
G0 F9000 X91.04 Y148.811
G1 F1500 X88.851 Y151 E1567.83709
G0 F9000 X88.285 Y151
G1 F1500 X91.04 Y148.245 E1567.96668
G0 F9000 X91.04 Y147.679
G1 F1500 X87.719 Y151 E1568.12289
G0 F9000 X87.154 Y151
G1 F1500 X91.04 Y147.114 E1568.30567
G0 F9000 X91.04 Y146.548
G1 F1500 X86.588 Y151 E1568.51508
G0 F9000 X86.022 Y151
G1 F1500 X91.04 Y145.982 E1568.75111
G0 F9000 X91.04 Y145.417
G1 F1500 X85.457 Y151 E1569.01372
G0 F9000 X84.891 Y151
G1 F1500 X91.04 Y144.851 E1569.30295
G0 F9000 X91.04 Y144.285
G1 F1500 X84.325 Y151 E1569.6188
G0 F9000 X83.96 Y150.799
G1 F1500 X91.04 Y143.719 E1569.95182
G0 F9000 X91.04 Y143.154
G1 F1500 X83.96 Y150.233 E1570.28482
G0 F9000 X83.96 Y149.668
G1 F1500 X91.04 Y142.588 E1570.61784
G0 F9000 X91.04 Y142.022
G1 F1500 X83.96 Y149.102 E1570.95087
G0 F9000 X83.96 Y148.536
G1 F1500 X91.04 Y141.457 E1571.28386
G0 F9000 X91.04 Y140.891
G1 F1500 X83.96 Y147.971 E1571.61689
G0 F9000 X83.96 Y147.405
G1 F1500 X91.04 Y140.325 E1571.94991
G0 F9000 X90.867 Y139.932
G1 F1500 X83.96 Y146.839 E1572.27479
G0 F9000 X83.96 Y146.274
G1 F1500 X90.302 Y139.932 E1572.5731
G0 F9000 X89.736 Y139.932
G1 F1500 X83.96 Y145.708 E1572.84478
G0 F9000 X83.96 Y145.142
G1 F1500 X89.17 Y139.932 E1573.08985
G0 F9000 X88.605 Y139.932
G1 F1500 X83.96 Y144.576 E1573.30831
G0 F9000 X83.96 Y144.011
G1 F1500 X88.039 Y139.932 E1573.50017
G0 F9000 X87.473 Y139.932
G1 F1500 X83.96 Y143.445 E1573.66541
G0 F9000 X83.96 Y142.879
G1 F1500 X86.908 Y139.932 E1573.80406
G0 F9000 X86.342 Y139.932
G1 F1500 X83.96 Y142.314 E1573.9161
G0 F9000 X83.96 Y141.748
G1 F1500 X85.776 Y139.932 E1574.00152
G0 F9000 X85.211 Y139.932
G1 F1500 X83.96 Y141.182 E1574.06034
G0 F9000 X83.96 Y140.617
G1 F1500 X84.645 Y139.932 E1574.09256
G0 F9000 X84.079 Y139.932
G1 F1500 X83.96 Y140.051 E1574.09815
G0 F9000 X83.21 Y140.051
G1 F2700 E1569.09815
;MESH:batclipholder.stl(3)
G0 F9000 X83.572 Y139.544
G0 X91.428 Y139.544
G0 X92.57 Y148.146
G0 X93.665 Y148.146
G0 X96.617 Y146.841
G0 X98.45 Y146.841
G0 X136.289 Y148.463
G0 X137.621 Y148.146
;TYPE:WALL-INNER
G1 F2700 E1574.09815
G1 F1239.7 X141.263 Y154.477 E1574.39209
G0 F9000 X141.785 Y155.013
G0 X142.441 Y154.839
G0 X142.695 Y154.125
G1 F991.7 X142.7 Y152.96 E1574.4507
G0 F9000 X142.422 Y155.799
G1 F1685.4 X142.422 Y154.76 E1574.48146
G1 X142.245 Y154.952 E1574.48919
G1 X141.973 Y155.021 E1574.49749
G1 X142.422 Y155.799 E1574.52408
G0 F9000 X142.346 Y156.424
G1 F1500 X142.8 Y156.424 E1574.53918
G1 X142.8 Y155.089 E1574.58359
G1 F1327.4 X142.748 Y154.607 E1574.60181
G1 F1075.3 X142.695 Y154.125 E1574.62431
G1 F1188.1 X142.15 Y154.586 E1574.65428
G1 F1500 X141.902 Y154.649 E1574.66279
G1 F1373 X141.263 Y154.477 E1574.68684
G1 X141.658 Y155.23 E1574.71773
G1 F1500 X142.346 Y156.424 E1574.76357
G0 F9000 X142.517 Y156.13
G0 X142.962 Y152.525
G0 X146.108 Y151.561
G1 F1500 X151.601 Y151.565 E1574.94627
G1 X151.6 Y139.372 E1575.35181
G1 X143.4 Y139.372 E1575.62454
G1 X143.401 Y151.559 E1576.02988
G1 X146.108 Y151.561 E1576.11992
G0 F9000 X145.97 Y151.961
G1 F1500 X151.601 Y151.964 E1576.3072
G1 X152 Y152.097 E1576.32119
G1 X152 Y138.972 E1576.75773
G1 X143 Y138.972 E1577.05707
G1 X143 Y152.093 E1577.49348
G1 X143.401 Y151.96 E1577.50753
G1 X145.97 Y151.961 E1577.59298
G0 F9000 X145.833 Y152.361
G1 F1500 X151.601 Y152.364 E1577.78482
G1 X151.96 Y152.484 E1577.79741
G1 F1200 X152.3 Y152.964 E1577.82187
G1 X152.4 Y152.264 E1577.85126
G1 F1500 X152.4 Y138.572 E1578.30666
G1 X142.6 Y138.572 E1578.63261
G1 X142.6 Y152.259 E1579.08784
G1 F1200 X142.7 Y152.96 E1579.11728
G1 X143.04 Y152.479 E1579.14177
G1 F1500 X143.401 Y152.36 E1579.15441
G1 X145.833 Y152.361 E1579.2353
G0 F9000 X145.834 Y152.054
G0 X152.038 Y152.526
G0 X152.3 Y152.964
G1 F991.7 X152.305 Y154.125 E1579.29371
G0 F9000 X152.559 Y154.839
G0 X153.215 Y155.013
G0 X153.793 Y154.382
G1 F1271.2 X155.584 Y151.265 E1579.4348
G1 F1229.5 X157.376 Y148.148 E1579.58069
G0 F9000 X153.215 Y155.013
G0 X152.578 Y155.794
G1 F1694.9 X153.025 Y155.021 E1579.60697
G1 X152.752 Y154.95 E1579.61528
G1 X152.578 Y154.76 E1579.62286
G1 X152.578 Y155.794 E1579.6533
G0 F9000 X152.2 Y156.424
G1 F1500 X152.649 Y156.424 E1579.66823
G1 X153.336 Y155.235 E1579.7139
G1 F1388.9 X153.793 Y154.382 E1579.74866
G1 X153.091 Y154.649 E1579.77564
G1 F1500 X152.847 Y154.585 E1579.78403
G1 F1188.1 X152.305 Y154.125 E1579.81388
G1 F1075.3 X152.253 Y154.605 E1579.83628
G1 F1327.4 X152.201 Y155.085 E1579.85443
G1 F1500 X152.2 Y156.424 E1579.89897
G1 F2700 E1574.89897
G0 F9000 X152.48 Y156.146
G0 X152.038 Y152.526
G0 X145.697 Y152.454
G0 X145.696 Y152.761
;TYPE:WALL-OUTER
G1 F2700 E1579.89897
G1 F1500 X151.601 Y152.764 E1580.09537
G1 X151.72 Y152.804 E1580.09954
G1 X151.8 Y152.964 E1580.10549
G1 X151.8 Y156.824 E1580.23388
G1 X152.88 Y156.824 E1580.2698
G1 X158.151 Y147.701 E1580.62023
G1 X157.117 Y147.7 E1580.65462
G1 X153.418 Y154.168 E1580.90245
G1 X153.193 Y154.262 E1580.91056
G1 X152.949 Y154.198 E1580.91895
G1 X152.802 Y154.039 E1580.92615
G1 X152.8 Y138.172 E1581.45389
G1 X142.2 Y138.172 E1581.80645
G1 X142.198 Y154.039 E1582.33418
G1 X142.05 Y154.198 E1582.34141
G1 X141.802 Y154.262 E1582.34993
G1 X141.598 Y154.197 E1582.35705
G1 X137.88 Y147.7 E1582.60602
G1 X136.848 Y147.7 E1582.64035
G1 X142.116 Y156.824 E1582.99076
G1 X143.2 Y156.824 E1583.02682
G1 X143.2 Y152.96 E1583.15533
G1 X143.28 Y152.799 E1583.16131
G1 X143.401 Y152.76 E1583.16554
G1 X145.696 Y152.761 E1583.24187
G0 F9000 X145.697 Y152.454
G0 X146.23 Y151.461
G0 X146.231 Y151.2
;TYPE:SKIN
G1 F1500 X143.76 Y151.2 E1583.32406
G1 X143.76 Y139.732 E1583.70549
G1 X151.24 Y139.732 E1583.95427
G1 X151.24 Y151.2 E1584.3357
G1 X146.231 Y151.2 E1584.5023
G0 F9000 X146.23 Y151.461
G0 X150.509 Y151.462
G0 X150.51 Y151.001
G1 F1500 X151.04 Y150.47 E1584.52725
G0 F9000 X151.04 Y149.905
G1 F1500 X149.944 Y151.001 E1584.5788
G0 F9000 X149.378 Y151.001
G1 F1500 X151.04 Y149.339 E1584.65698
G0 F9000 X151.04 Y148.773
G1 F1500 X148.813 Y151.001 E1584.76175
G0 F9000 X148.247 Y151.001
G1 F1500 X151.04 Y148.207 E1584.89315
G0 F9000 X151.04 Y147.642
G1 F1500 X147.681 Y151.001 E1585.05115
G0 F9000 X147.116 Y151.001
G1 F1500 X151.04 Y147.076 E1585.23575
G0 F9000 X151.04 Y146.51
G1 F1500 X146.55 Y151.001 E1585.44697
G0 F9000 X145.984 Y151.001
G1 F1500 X151.04 Y145.945 E1585.68478
G0 F9000 X151.04 Y145.379
G1 F1500 X145.419 Y151.001 E1585.9492
G0 F9000 X144.853 Y151.001
G1 F1500 X151.04 Y144.813 E1586.24024
G0 F9000 X151.04 Y144.248
G1 F1500 X144.287 Y151.001 E1586.55788
G0 F9000 X143.96 Y150.762
G1 F1500 X151.04 Y143.682 E1586.8909
G0 F9000 X151.04 Y143.116
G1 F1500 X143.96 Y150.197 E1587.22395
G0 F9000 X143.96 Y149.631
G1 F1500 X151.04 Y142.551 E1587.55697
G0 F9000 X151.04 Y141.985
G1 F1500 X143.96 Y149.065 E1587.88999
G0 F9000 X143.96 Y148.499
G1 F1500 X151.04 Y141.419 E1588.22301
G0 F9000 X151.04 Y140.854
G1 F1500 X143.96 Y147.934 E1588.55604
G0 F9000 X143.96 Y147.368
G1 F1500 X151.04 Y140.288 E1588.88906
G0 F9000 X150.831 Y139.931
G1 F1500 X143.96 Y146.802 E1589.21225
G0 F9000 X143.96 Y146.237
G1 F1500 X150.265 Y139.931 E1589.50884
G0 F9000 X149.699 Y139.931
G1 F1500 X143.96 Y145.671 E1589.77881
G0 F9000 X143.96 Y145.105
G1 F1500 X149.134 Y139.931 E1590.02218
G0 F9000 X148.568 Y139.931
G1 F1500 X143.96 Y144.54 E1590.23895
G0 F9000 X143.96 Y143.974
G1 F1500 X148.002 Y139.931 E1590.42909
G0 F9000 X147.437 Y139.931
G1 F1500 X143.96 Y143.408 E1590.59264
G0 F9000 X143.96 Y142.843
G1 F1500 X146.871 Y139.931 E1590.72959
G0 F9000 X146.305 Y139.931
G1 F1500 X143.96 Y142.277 E1590.83991
G0 F9000 X143.96 Y141.711
G1 F1500 X145.74 Y139.931 E1590.92364
G0 F9000 X145.174 Y139.931
G1 F1500 X143.96 Y141.146 E1590.98077
G0 F9000 X143.96 Y140.58
G1 F1500 X144.608 Y139.931 E1591.01127
G0 F9000 X144.043 Y139.931
G1 F1500 X143.96 Y140.014 E1591.01517
G0 F9000 X143.21 Y140.014
G1 F2700 E1586.01517
;MESH:batclipholder.stl(2)
G0 F9000 X142.422 Y138.404
G0 X142.422 Y137.309
G0 X142.422 Y97.691
G0 X142.422 Y96.596
G0 X142.422 Y95.799
;TYPE:WALL-INNER
G1 F2700 E1591.01517
G1 F1685.4 X142.422 Y94.76 E1591.04593
G1 X142.245 Y94.952 E1591.05366
G1 X141.973 Y95.021 E1591.06197
G1 X142.422 Y95.799 E1591.08856
G0 F9000 X142.346 Y96.424
G1 F1500 X142.8 Y96.424 E1591.10366
G1 X142.8 Y95.089 E1591.14806
G1 F1327.4 X142.748 Y94.607 E1591.16628
G1 F1075.3 X142.695 Y94.125 E1591.18878
G1 F1188.1 X142.15 Y94.586 E1591.21875
G1 F1500 X141.902 Y94.649 E1591.22726
G1 F1373 X141.263 Y94.477 E1591.25131
G1 X141.658 Y95.23 E1591.28221
G1 F1500 X142.346 Y96.424 E1591.32804
G0 F9000 X142.517 Y96.13
G0 X141.263 Y94.477
G1 F1239.7 X137.621 Y88.146 E1591.62198
G0 F9000 X141.785 Y95.013
G0 X142.441 Y94.839
G0 X142.7 Y92.96
G1 F991.7 X142.695 Y94.125 E1591.68059
G0 F9000 X142.962 Y92.525
G0 X146.674 Y91.561
G1 F1500 X151.601 Y91.565 E1591.84446
G1 X151.6 Y79.372 E1592.25
G1 X143.4 Y79.372 E1592.52273
G1 X143.401 Y91.559 E1592.92808
G1 X146.674 Y91.561 E1593.03694
G0 F9000 X146.593 Y91.962
G1 F1500 X151.601 Y91.964 E1593.2035
G1 X152 Y92.097 E1593.21749
G1 X152 Y78.972 E1593.65403
G1 X143 Y78.972 E1593.95337
G1 X143 Y92.093 E1594.38978
G1 X143.401 Y91.96 E1594.40383
G1 X146.593 Y91.962 E1594.51
G0 F9000 X146.511 Y92.362
G1 F1500 X151.601 Y92.364 E1594.67929
G1 X151.96 Y92.484 E1594.69188
G1 F1200 X152.3 Y92.964 E1594.71633
G1 X152.4 Y92.264 E1594.74573
G1 F1500 X152.4 Y78.572 E1595.20113
G1 X142.6 Y78.572 E1595.52708
G1 X142.6 Y92.259 E1595.98231
G1 F1200 X142.7 Y92.96 E1596.01175
G1 X143.04 Y92.479 E1596.03624
G1 F1500 X143.401 Y92.36 E1596.04888
G1 X146.511 Y92.362 E1596.15232
G0 F9000 X146.512 Y92.054
G0 X152.038 Y92.526
G0 X152.3 Y92.964
G1 F991.7 X152.305 Y94.125 E1596.21073
G0 F9000 X152.559 Y94.839
G0 X153.215 Y95.013
G0 X153.793 Y94.382
G1 F1271.2 X155.584 Y91.265 E1596.35182
G1 F1229.5 X157.376 Y88.148 E1596.49771
G0 F9000 X153.215 Y95.013
G0 X152.578 Y95.794
G1 F1694.9 X153.025 Y95.021 E1596.52399
G1 X152.752 Y94.95 E1596.5323
G1 X152.578 Y94.76 E1596.53988
G1 X152.578 Y95.794 E1596.57032
G0 F9000 X152.2 Y96.424
G1 F1500 X152.649 Y96.424 E1596.58525
G1 X153.336 Y95.235 E1596.63092
G1 F1388.9 X153.793 Y94.382 E1596.66568
G1 X153.091 Y94.649 E1596.69266
G1 F1500 X152.847 Y94.585 E1596.70105
G1 F1188.1 X152.305 Y94.125 E1596.7309
G1 F1075.3 X152.253 Y94.605 E1596.7533
G1 F1327.4 X152.201 Y95.085 E1596.77145
G1 F1500 X152.2 Y96.424 E1596.81599
G1 F2700 E1591.81599
G0 F9000 X152.48 Y96.146
G0 X152.038 Y92.526
G0 X146.431 Y92.454
G0 X146.43 Y92.761
;TYPE:WALL-OUTER
G1 F2700 E1596.81599
G1 F1500 X151.601 Y92.764 E1596.98797
G1 X151.72 Y92.804 E1596.99215
G1 X151.8 Y92.964 E1596.9981
G1 X151.8 Y96.824 E1597.12648
G1 X152.88 Y96.824 E1597.1624
G1 X158.151 Y87.701 E1597.51284
G1 X157.117 Y87.7 E1597.54723
G1 X153.418 Y94.168 E1597.79505
G1 X153.193 Y94.262 E1597.80316
G1 X152.949 Y94.198 E1597.81155
G1 X152.802 Y94.039 E1597.81876
G1 X152.8 Y78.172 E1598.34649
G1 X142.2 Y78.172 E1598.69905
G1 X142.198 Y94.039 E1599.22679
G1 X142.05 Y94.198 E1599.23402
G1 X141.802 Y94.262 E1599.24253
G1 X141.598 Y94.197 E1599.24966
G1 X137.88 Y87.7 E1599.49863
G1 X136.848 Y87.7 E1599.53295
G1 X142.116 Y96.824 E1599.88337
G1 X143.2 Y96.824 E1599.91942
G1 X143.2 Y92.96 E1600.04794
G1 X143.28 Y92.799 E1600.05392
G1 X143.401 Y92.76 E1600.05815
G1 X146.43 Y92.761 E1600.15889
G0 F9000 X146.431 Y92.454
G0 X146.746 Y91.461
G0 X146.747 Y91.2
;TYPE:SKIN
G1 F1500 X143.76 Y91.2 E1600.25824
G1 X143.76 Y79.732 E1600.63967
G1 X151.24 Y79.732 E1600.88845
G1 X151.24 Y91.2 E1601.26988
G1 X146.747 Y91.2 E1601.41932
G0 F9000 X146.746 Y91.461
G0 X150.546 Y91.462
G0 X150.547 Y91
G1 F1500 X151.04 Y90.508 E1601.44248
G0 F9000 X151.04 Y89.942
G1 F1500 X149.982 Y91 E1601.49225
G0 F9000 X149.416 Y91
G1 F1500 X151.04 Y89.376 E1601.56864
G0 F9000 X151.04 Y88.81
G1 F1500 X148.85 Y91 E1601.67165
G0 F9000 X148.285 Y91
G1 F1500 X151.04 Y88.245 E1601.80124
G0 F9000 X151.04 Y87.679
G1 F1500 X147.719 Y91 E1601.95744
G0 F9000 X147.153 Y91
G1 F1500 X151.04 Y87.113 E1602.14028
G0 F9000 X151.04 Y86.548
G1 F1500 X146.587 Y91 E1602.34971
G0 F9000 X146.022 Y91
G1 F1500 X151.04 Y85.982 E1602.58574
G0 F9000 X151.04 Y85.416
G1 F1500 X145.456 Y91 E1602.84839
G0 F9000 X144.89 Y91
G1 F1500 X151.04 Y84.851 E1603.13765
G0 F9000 X151.04 Y84.285
G1 F1500 X144.325 Y91 E1603.4535
G0 F9000 X143.961 Y90.799
G1 F1500 X151.04 Y83.719 E1603.7865
G0 F9000 X151.04 Y83.154
G1 F1500 X143.961 Y90.233 E1604.11947
G0 F9000 X143.961 Y89.668
G1 F1500 X151.04 Y82.588 E1604.45247
G0 F9000 X151.04 Y82.022
G1 F1500 X143.961 Y89.102 E1604.78547
G0 F9000 X143.961 Y88.536
G1 F1500 X151.04 Y81.457 E1605.11844
G0 F9000 X151.04 Y80.891
G1 F1500 X143.961 Y87.97 E1605.45142
G0 F9000 X143.961 Y87.405
G1 F1500 X151.04 Y80.325 E1605.78442
G0 F9000 X150.868 Y79.932
G1 F1500 X143.961 Y86.839 E1606.1093
G0 F9000 X143.961 Y86.273
G1 F1500 X150.302 Y79.932 E1606.40756
G0 F9000 X149.736 Y79.932
G1 F1500 X143.961 Y85.708 E1606.67922
G0 F9000 X143.961 Y85.142
G1 F1500 X149.171 Y79.932 E1606.92429
G0 F9000 X148.605 Y79.932
G1 F1500 X143.961 Y84.576 E1607.14273
G0 F9000 X143.961 Y84.011
G1 F1500 X148.039 Y79.932 E1607.33457
G0 F9000 X147.473 Y79.932
G1 F1500 X143.961 Y83.445 E1607.49978
G0 F9000 X143.961 Y82.879
G1 F1500 X146.908 Y79.932 E1607.6384
G0 F9000 X146.342 Y79.932
G1 F1500 X143.961 Y82.314 E1607.75042
G0 F9000 X143.961 Y81.748
G1 F1500 X145.776 Y79.932 E1607.83581
G0 F9000 X145.211 Y79.932
G1 F1500 X143.961 Y81.182 E1607.89461
G0 F9000 X143.961 Y80.617
G1 F1500 X144.645 Y79.932 E1607.92681
G0 F9000 X144.079 Y79.932
G1 F1500 X143.961 Y80.051 E1607.93238
G0 F9000 X143.21 Y80.051
G1 F2700 E1602.93238
;MESH:NONMESH
G0 F300 X143.21 Y80.051 Z6.2
G0 F9000 X142.43 Y88.146
G0 X141.335 Y88.146
G0 X138.383 Y86.841
G0 X136.55 Y86.841
G0 X98.712 Y88.462
G0 X77.621 Y88.146
;TIME_ELAPSED:2893.888836
;LAYER:30
;TYPE:WALL-INNER
;MESH:batclipholder.stl(1)
G1 F2700 E1607.93238
G1 F1239.7 X81.263 Y94.477 E1608.22632
G0 F9000 X81.785 Y95.013
G0 X82.441 Y94.839
G0 X82.695 Y94.125
G1 F991.7 X82.7 Y92.864 E1608.28976
G0 F9000 X82.422 Y95.799
G1 F1685.4 X82.422 Y94.76 E1608.32051
G1 X82.245 Y94.952 E1608.32824
G1 X81.973 Y95.021 E1608.33655
G1 X82.422 Y95.799 E1608.36314
G0 F9000 X82.8 Y96.424
G1 F1500 X82.8 Y95.089 E1608.40754
G1 F1327.4 X82.748 Y94.607 E1608.42576
G1 F1075.3 X82.695 Y94.125 E1608.44826
G1 F1188.1 X82.15 Y94.586 E1608.47824
G1 F1500 X81.902 Y94.649 E1608.48675
G1 F1373 X81.263 Y94.477 E1608.51079
G1 X81.658 Y95.23 E1608.54169
G1 F1500 X82.346 Y96.424 E1608.58752
G1 X82.8 Y96.424 E1608.60262
G0 F9000 X82.52 Y96.146
G0 X82.962 Y92.426
G0 X88.306 Y91.464
G1 F1500 X91.6 Y91.464 E1608.71218
G1 X91.6 Y79.372 E1609.11436
G1 X83.4 Y79.372 E1609.3871
G1 X83.4 Y91.464 E1609.78928
G1 X88.306 Y91.464 E1609.95245
G0 F9000 X88.388 Y91.864
G1 F1500 X91.6 Y91.864 E1610.05929
G1 X92 Y91.997 E1610.07331
G1 X92 Y78.972 E1610.50652
G1 X83 Y78.972 E1610.80586
G1 X83 Y91.997 E1611.23907
G1 X83.4 Y91.864 E1611.25309
G1 X88.388 Y91.864 E1611.41899
G0 F9000 X88.469 Y92.264
G1 F1500 X91.6 Y92.264 E1611.52313
G1 X91.96 Y92.384 E1611.53575
G1 F1200 X92.3 Y92.864 E1611.56021
G1 X92.4 Y92.164 E1611.58961
G1 F1500 X92.4 Y78.572 E1612.04168
G1 X82.6 Y78.572 E1612.36763
G1 X82.6 Y92.164 E1612.8197
G1 F1200 X82.7 Y92.864 E1612.8491
G1 X83.04 Y92.384 E1612.87355
G1 F1500 X83.4 Y92.264 E1612.88617
G1 X88.469 Y92.264 E1613.05477
G0 F9000 X88.47 Y91.955
G0 X92.038 Y92.427
G0 X92.3 Y92.864
G1 F991.7 X92.305 Y94.125 E1613.11821
G0 F9000 X92.559 Y94.839
G0 X93.215 Y95.013
G0 X93.793 Y94.382
G1 F1271.2 X95.584 Y91.265 E1613.2593
G1 F1229.5 X97.376 Y88.148 E1613.40519
G0 F9000 X93.215 Y95.013
G0 X92.578 Y95.794
G1 F1694.9 X93.025 Y95.021 E1613.43147
G1 X92.752 Y94.95 E1613.43977
G1 X92.578 Y94.76 E1613.44736
G1 X92.578 Y95.794 E1613.47779
G0 F9000 X92.649 Y96.424
G1 F1500 X93.336 Y95.235 E1613.52347
G1 F1388.9 X93.793 Y94.382 E1613.55823
G1 X93.091 Y94.649 E1613.58521
G1 F1500 X92.847 Y94.585 E1613.5936
G1 F1188.1 X92.305 Y94.125 E1613.62345
G1 F1075.3 X92.253 Y94.605 E1613.64585
G1 F1327.4 X92.201 Y95.085 E1613.664
G1 F1500 X92.2 Y96.424 E1613.70853
G1 X92.649 Y96.424 E1613.72346
G1 F2700 E1608.72346
G0 F9000 X92.483 Y96.13
G0 X92.038 Y92.427
G0 X88.551 Y92.355
G0 X88.55 Y92.664
;TYPE:WALL-OUTER
G1 F2700 E1613.72346
G1 F1500 X91.6 Y92.664 E1613.82491
G1 X91.72 Y92.704 E1613.82911
G1 X91.8 Y92.864 E1613.83506
G1 X91.8 Y96.824 E1613.96677
G1 X92.88 Y96.824 E1614.0027
G1 X98.151 Y87.701 E1614.35313
G1 X97.117 Y87.7 E1614.38752
G1 X93.418 Y94.168 E1614.63535
G1 X93.193 Y94.262 E1614.64346
G1 X92.949 Y94.198 E1614.65185
G1 X92.802 Y94.039 E1614.65905
G1 X92.8 Y78.172 E1615.18679
G1 X82.2 Y78.172 E1615.53934
G1 X82.198 Y94.039 E1616.06708
G1 X82.05 Y94.198 E1616.07431
G1 X81.802 Y94.262 E1616.08283
G1 X81.598 Y94.197 E1616.08995
G1 X77.88 Y87.7 E1616.33892
G1 X76.848 Y87.7 E1616.37324
G1 X82.116 Y96.824 E1616.72366
G1 X83.2 Y96.824 E1616.75971
G1 X83.2 Y92.864 E1616.89142
G1 X83.28 Y92.704 E1616.89737
G1 X83.4 Y92.664 E1616.90158
G1 X88.55 Y92.664 E1617.07287
G0 F9000 X88.551 Y92.355
G0 X88.233 Y91.364
G0 X88.233 Y91.104
;TYPE:SKIN
G1 F1500 X83.76 Y91.104 E1617.22164
G1 X83.76 Y79.732 E1617.59988
G1 X91.24 Y79.732 E1617.84866
G1 X91.24 Y91.104 E1618.2269
G1 X88.233 Y91.104 E1618.32691
G0 F9000 X88.233 Y91.364
G0 X83.572 Y91.292
G0 X83.5 Y90.748
G0 X83.96 Y90.748
G1 F1500 X84.116 Y90.904 E1618.33425
G0 F9000 X84.682 Y90.904
G1 F1500 X83.96 Y90.182 E1618.36821
G0 F9000 X83.96 Y89.617
G1 F1500 X85.247 Y90.904 E1618.42875
G0 F9000 X85.813 Y90.904
G1 F1500 X83.96 Y89.051 E1618.51591
G0 F9000 X83.96 Y88.485
G1 F1500 X86.379 Y90.904 E1618.62969
G0 F9000 X86.944 Y90.904
G1 F1500 X83.96 Y87.92 E1618.77005
G0 F9000 X83.96 Y87.354
G1 F1500 X87.51 Y90.904 E1618.93703
G0 F9000 X88.076 Y90.904
G1 F1500 X83.96 Y86.788 E1619.13063
G0 F9000 X83.96 Y86.222
G1 F1500 X88.641 Y90.904 E1619.35083
G0 F9000 X89.207 Y90.904
G1 F1500 X83.96 Y85.657 E1619.59764
G0 F9000 X83.96 Y85.091
G1 F1500 X89.773 Y90.904 E1619.87106
G0 F9000 X90.339 Y90.904
G1 F1500 X83.96 Y84.525 E1620.17111
G0 F9000 X83.96 Y83.96
G1 F1500 X90.904 Y90.904 E1620.49774
G0 F9000 X91.04 Y90.474
G1 F1500 X83.96 Y83.394 E1620.83076
G0 F9000 X83.96 Y82.828
G1 F1500 X91.04 Y89.909 E1621.1638
G0 F9000 X91.04 Y89.343
G1 F1500 X83.96 Y82.263 E1621.49682
G0 F9000 X83.96 Y81.697
G1 F1500 X91.04 Y88.777 E1621.82985
G0 F9000 X91.04 Y88.212
G1 F1500 X83.96 Y81.131 E1622.16289
G0 F9000 X83.96 Y80.566
G1 F1500 X91.04 Y87.646 E1622.49591
G0 F9000 X91.04 Y87.08
G1 F1500 X83.96 Y80 E1622.82893
G0 F9000 X84.458 Y79.932
G1 F1500 X91.04 Y86.515 E1623.13855
G0 F9000 X91.04 Y85.949
G1 F1500 X85.023 Y79.932 E1623.42158
G0 F9000 X85.589 Y79.932
G1 F1500 X91.04 Y85.383 E1623.67797
G0 F9000 X91.04 Y84.817
G1 F1500 X86.155 Y79.932 E1623.90775
G0 F9000 X86.72 Y79.932
G1 F1500 X91.04 Y84.252 E1624.11095
G0 F9000 X91.04 Y83.686
G1 F1500 X87.286 Y79.932 E1624.28753
G0 F9000 X87.852 Y79.932
G1 F1500 X91.04 Y83.12 E1624.43748
G0 F9000 X91.04 Y82.555
G1 F1500 X88.417 Y79.932 E1624.56086
G0 F9000 X88.983 Y79.932
G1 F1500 X91.04 Y81.989 E1624.65761
G0 F9000 X91.04 Y81.423
G1 F1500 X89.549 Y79.932 E1624.72774
G0 F9000 X90.114 Y79.932
G1 F1500 X91.04 Y80.858 E1624.7713
G0 F9000 X91.04 Y80.292
G1 F1500 X90.68 Y79.932 E1624.78823
G0 F9000 X90.68 Y79.184
G1 F2700 E1619.78823
;MESH:batclipholder.stl
G0 F9000 X91.428 Y79.544
G0 X91.415 Y82.792
G0 X92.753 Y96.599
G0 X92.753 Y97.691
G0 X97.248 Y146.835
G0 X97.376 Y148.148
;TYPE:WALL-INNER
G1 F2700 E1624.78823
G1 F1229.5 X95.584 Y151.265 E1624.93413
G1 F1271.2 X93.793 Y154.382 E1625.07522
G0 F9000 X93.215 Y155.013
G0 X92.559 Y154.839
G0 X92.305 Y154.125
G1 F991.7 X92.3 Y152.864 E1625.13865
G0 F9000 X92.578 Y155.794
G1 F1694.9 X93.025 Y155.021 E1625.16494
G1 X92.752 Y154.95 E1625.17324
G1 X92.578 Y154.76 E1625.18082
G1 X92.578 Y155.794 E1625.21126
G0 F9000 X92.649 Y156.424
G1 F1500 X93.336 Y155.235 E1625.25693
G1 F1388.9 X93.793 Y154.382 E1625.29169
G1 X93.091 Y154.649 E1625.31867
G1 F1500 X92.847 Y154.585 E1625.32706
G1 F1188.1 X92.305 Y154.125 E1625.35691
G1 F1075.3 X92.253 Y154.605 E1625.37931
G1 F1327.4 X92.201 Y155.085 E1625.39746
G1 F1500 X92.2 Y156.424 E1625.44199
G1 X92.649 Y156.424 E1625.45693
G0 F9000 X92.483 Y156.13
G0 X92.038 Y152.427
G0 X88.859 Y151.464
G1 F1500 X91.6 Y151.464 E1625.54809
G1 X91.6 Y139.372 E1625.95028
G1 X83.4 Y139.372 E1626.22301
G1 X83.4 Y151.464 E1626.62519
G1 X88.859 Y151.464 E1626.80676
G0 F9000 X88.996 Y151.864
G1 F1500 X91.6 Y151.864 E1626.89337
G1 X92 Y151.997 E1626.90739
G1 X92 Y138.972 E1627.3406
G1 X83 Y138.972 E1627.63994
G1 X83 Y151.997 E1628.07315
G1 X83.4 Y151.864 E1628.08717
G1 X88.996 Y151.864 E1628.2733
G0 F9000 X89.133 Y152.264
G1 F1500 X91.6 Y152.264 E1628.35535
G1 X91.96 Y152.384 E1628.36797
G1 F1200 X92.3 Y152.864 E1628.39243
G1 X92.4 Y152.164 E1628.42183
G1 F1500 X92.4 Y138.572 E1628.8739
G1 X82.6 Y138.572 E1629.19985
G1 X82.6 Y152.164 E1629.65192
G1 F1200 X82.7 Y152.864 E1629.68132
G1 X83.04 Y152.384 E1629.70577
G1 F1500 X83.4 Y152.264 E1629.71839
G1 X89.133 Y152.264 E1629.90907
G0 F9000 X89.134 Y151.955
G0 X82.962 Y152.426
G0 X82.7 Y152.864
G1 F991.7 X82.695 Y154.125 E1629.97251
G0 F9000 X82.441 Y154.839
G0 X81.785 Y155.013
G0 X81.263 Y154.477
G1 F1239.7 X77.621 Y148.146 E1630.26645
G0 F9000 X81.785 Y155.013
G0 X82.422 Y155.799
G1 F1685.4 X82.422 Y154.76 E1630.29721
G1 X82.245 Y154.952 E1630.30494
G1 X81.973 Y155.021 E1630.31324
G1 X82.422 Y155.799 E1630.33983
G0 F9000 X82.8 Y156.424
G1 F1500 X82.8 Y155.089 E1630.38424
G1 F1327.4 X82.748 Y154.607 E1630.40246
G1 F1075.3 X82.695 Y154.125 E1630.42495
G1 F1188.1 X82.15 Y154.586 E1630.45493
G1 F1500 X81.902 Y154.649 E1630.46344
G1 F1373 X81.263 Y154.477 E1630.48749
G1 X81.658 Y155.23 E1630.51838
G1 F1500 X82.346 Y156.424 E1630.56422
G1 X82.8 Y156.424 E1630.57932
G1 F2700 E1625.57932
G0 F9000 X82.52 Y156.146
G0 X82.962 Y152.426
G0 X89.272 Y152.355
G0 X89.271 Y152.664
;TYPE:WALL-OUTER
G1 F2700 E1630.57932
G1 F1500 X91.6 Y152.664 E1630.65678
G1 X91.72 Y152.704 E1630.66099
G1 X91.8 Y152.864 E1630.66694
G1 X91.8 Y156.824 E1630.79865
G1 X92.88 Y156.824 E1630.83457
G1 X98.151 Y147.701 E1631.185
G1 X97.117 Y147.7 E1631.2194
G1 X93.418 Y154.168 E1631.46722
G1 X93.193 Y154.262 E1631.47533
G1 X92.949 Y154.198 E1631.48372
G1 X92.802 Y154.039 E1631.49092
G1 X92.8 Y138.172 E1632.01866
G1 X82.2 Y138.172 E1632.37122
G1 X82.198 Y154.039 E1632.89895
G1 X82.05 Y154.198 E1632.90618
G1 X81.802 Y154.262 E1632.9147
G1 X81.598 Y154.197 E1632.92182
G1 X77.88 Y147.7 E1633.17079
G1 X76.848 Y147.7 E1633.20512
G1 X82.116 Y156.824 E1633.55553
G1 X83.2 Y156.824 E1633.59159
G1 X83.2 Y152.864 E1633.7233
G1 X83.28 Y152.704 E1633.72925
G1 X83.4 Y152.664 E1633.73345
G1 X89.271 Y152.664 E1633.92872
G0 F9000 X89.272 Y152.355
G0 X88.736 Y151.364
G0 X88.736 Y151.104
;TYPE:SKIN
G1 F1500 X83.76 Y151.104 E1634.09423
G1 X83.76 Y139.732 E1634.47246
G1 X91.24 Y139.732 E1634.72125
G1 X91.24 Y151.104 E1635.09948
G1 X88.736 Y151.104 E1635.18276
G0 F9000 X88.736 Y151.364
G0 X83.572 Y151.292
G0 X83.5 Y150.711
G0 X83.96 Y150.711
G1 F1500 X84.153 Y150.904 E1635.19184
G0 F9000 X84.718 Y150.904
G1 F1500 X83.96 Y150.145 E1635.22752
G0 F9000 X83.96 Y149.579
G1 F1500 X85.284 Y150.904 E1635.28982
G0 F9000 X85.85 Y150.904
G1 F1500 X83.96 Y149.014 E1635.37872
G0 F9000 X83.96 Y148.448
G1 F1500 X86.416 Y150.904 E1635.49424
G0 F9000 X86.981 Y150.904
G1 F1500 X83.96 Y147.882 E1635.63636
G0 F9000 X83.96 Y147.317
G1 F1500 X87.547 Y150.904 E1635.80509
G0 F9000 X88.113 Y150.904
G1 F1500 X83.96 Y146.751 E1636.00043
G0 F9000 X83.96 Y146.185
G1 F1500 X88.678 Y150.904 E1636.22237
G0 F9000 X89.244 Y150.904
G1 F1500 X83.96 Y145.619 E1636.47094
G0 F9000 X83.96 Y145.054
G1 F1500 X89.81 Y150.904 E1636.74611
G0 F9000 X90.375 Y150.904
G1 F1500 X83.96 Y144.488 E1637.04787
G0 F9000 X83.96 Y143.922
G1 F1500 X90.941 Y150.904 E1637.37626
G0 F9000 X91.04 Y150.437
G1 F1500 X83.96 Y143.357 E1637.70928
G0 F9000 X83.96 Y142.791
G1 F1500 X91.04 Y149.871 E1638.0423
G0 F9000 X91.04 Y149.306
G1 F1500 X83.96 Y142.225 E1638.37535
G0 F9000 X83.96 Y141.66
G1 F1500 X91.04 Y148.74 E1638.70837
G0 F9000 X91.04 Y148.174
G1 F1500 X83.96 Y141.094 E1639.04139
G0 F9000 X83.96 Y140.528
G1 F1500 X91.04 Y147.609 E1639.37444
G0 F9000 X91.04 Y147.043
G1 F1500 X83.96 Y139.963 E1639.70746
G0 F9000 X84.495 Y139.932
G1 F1500 X91.04 Y146.477 E1640.01531
G0 F9000 X91.04 Y145.911
G1 F1500 X85.061 Y139.932 E1640.29655
G0 F9000 X85.626 Y139.932
G1 F1500 X91.04 Y145.346 E1640.55121
G0 F9000 X91.04 Y144.78
G1 F1500 X86.192 Y139.932 E1640.77924
G0 F9000 X86.758 Y139.932
G1 F1500 X91.04 Y144.214 E1640.98065
G0 F9000 X91.04 Y143.649
G1 F1500 X87.323 Y139.932 E1641.15549
G0 F9000 X87.889 Y139.932
G1 F1500 X91.04 Y143.083 E1641.3037
G0 F9000 X91.04 Y142.517
G1 F1500 X88.455 Y139.932 E1641.42529
G0 F9000 X89.021 Y139.932
G1 F1500 X91.04 Y141.952 E1641.52028
G0 F9000 X91.04 Y141.386
G1 F1500 X89.586 Y139.932 E1641.58868
G0 F9000 X90.152 Y139.932
G1 F1500 X91.04 Y140.82 E1641.63045
G0 F9000 X91.04 Y140.255
G1 F1500 X90.718 Y139.932 E1641.64561
G0 F9000 X90.718 Y139.184
G1 F2700 E1636.64561
;MESH:batclipholder.stl(3)
G0 F9000 X91.428 Y139.544
G0 X92.57 Y148.146
G0 X93.665 Y148.146
G0 X96.617 Y146.841
G0 X98.45 Y146.841
G0 X136.289 Y148.463
G0 X137.621 Y148.146
;TYPE:WALL-INNER
G1 F2700 E1641.64561
G1 F1239.7 X141.263 Y154.477 E1641.93956
G0 F9000 X141.785 Y155.013
G0 X142.441 Y154.839
G0 X142.695 Y154.125
G1 F991.7 X142.7 Y152.864 E1642.00299
G0 F9000 X142.422 Y155.799
G1 F1685.4 X142.422 Y154.76 E1642.03375
G1 X142.245 Y154.952 E1642.04148
G1 X141.973 Y155.021 E1642.04978
G1 X142.422 Y155.799 E1642.07637
G0 F9000 X142.346 Y156.424
G1 F1500 X142.8 Y156.424 E1642.09147
G1 X142.8 Y155.089 E1642.13588
G1 F1327.4 X142.748 Y154.607 E1642.1541
G1 F1075.3 X142.695 Y154.125 E1642.1766
G1 F1188.1 X142.15 Y154.586 E1642.20657
G1 F1500 X141.902 Y154.649 E1642.21508
G1 F1373 X141.263 Y154.477 E1642.23913
G1 X141.658 Y155.23 E1642.27002
G1 F1500 X142.346 Y156.424 E1642.31586
G0 F9000 X142.517 Y156.13
G0 X142.962 Y152.426
G0 X146.141 Y151.464
G1 F1500 X151.6 Y151.464 E1642.49742
G1 X151.6 Y139.372 E1642.89961
G1 X143.4 Y139.372 E1643.17234
G1 X143.4 Y151.464 E1643.57452
G1 X146.141 Y151.464 E1643.66569
G0 F9000 X146.004 Y151.864
G1 F1500 X151.6 Y151.864 E1643.85181
G1 X152 Y151.997 E1643.86583
G1 X152 Y138.972 E1644.29904
G1 X143 Y138.972 E1644.59838
G1 X143 Y151.997 E1645.0316
G1 X143.4 Y151.864 E1645.04562
G1 X146.004 Y151.864 E1645.13223
G0 F9000 X145.867 Y152.264
G1 F1500 X151.6 Y152.264 E1645.32291
G1 X151.96 Y152.384 E1645.33553
G1 F1200 X152.3 Y152.864 E1645.35998
G1 X152.4 Y152.164 E1645.38938
G1 F1500 X152.4 Y138.572 E1645.84145
G1 X142.6 Y138.572 E1646.1674
G1 X142.6 Y152.164 E1646.61948
G1 F1200 X142.7 Y152.864 E1646.64887
G1 X143.04 Y152.384 E1646.67333
G1 F1500 X143.4 Y152.264 E1646.68595
G1 X145.867 Y152.264 E1646.768
G0 F9000 X145.868 Y151.955
G0 X152.038 Y152.427
G0 X152.3 Y152.864
G1 F991.7 X152.305 Y154.125 E1646.83144
G0 F9000 X152.559 Y154.839
G0 X153.215 Y155.013
G0 X153.793 Y154.382
G1 F1271.2 X155.584 Y151.265 E1646.97253
G1 F1229.5 X157.376 Y148.148 E1647.11842
G0 F9000 X153.215 Y155.013
G0 X152.578 Y155.794
G1 F1694.9 X153.025 Y155.021 E1647.1447
G1 X152.752 Y154.95 E1647.15301
G1 X152.578 Y154.76 E1647.16059
G1 X152.578 Y155.794 E1647.19103
G0 F9000 X152.2 Y156.424
G1 F1500 X152.649 Y156.424 E1647.20596
G1 X153.336 Y155.235 E1647.25163
G1 F1388.9 X153.793 Y154.382 E1647.2864
G1 X153.091 Y154.649 E1647.31337
G1 F1500 X152.847 Y154.585 E1647.32176
G1 F1188.1 X152.305 Y154.125 E1647.35161
G1 F1075.3 X152.253 Y154.605 E1647.37402
G1 F1327.4 X152.201 Y155.085 E1647.39216
G1 F1500 X152.2 Y156.424 E1647.4367
G1 F2700 E1642.4367
G0 F9000 X152.48 Y156.146
G0 X152.038 Y152.427
G0 X145.73 Y152.355
G0 X145.729 Y152.664
;TYPE:WALL-OUTER
G1 F2700 E1647.4367
G1 F1500 X151.6 Y152.664 E1647.63197
G1 X151.72 Y152.704 E1647.63617
G1 X151.8 Y152.864 E1647.64212
G1 X151.8 Y156.824 E1647.77383
G1 X152.88 Y156.824 E1647.80976
G1 X158.151 Y147.701 E1648.16019
G1 X157.117 Y147.7 E1648.19458
G1 X153.418 Y154.168 E1648.44241
G1 X153.193 Y154.262 E1648.45052
G1 X152.949 Y154.198 E1648.45891
G1 X152.802 Y154.039 E1648.46611
G1 X152.8 Y138.172 E1648.99385
G1 X142.2 Y138.172 E1649.3464
G1 X142.198 Y154.039 E1649.87414
G1 X142.05 Y154.198 E1649.88137
G1 X141.802 Y154.262 E1649.88989
G1 X141.598 Y154.197 E1649.89701
G1 X137.88 Y147.7 E1650.14598
G1 X136.848 Y147.7 E1650.1803
G1 X142.116 Y156.824 E1650.53072
G1 X143.2 Y156.824 E1650.56677
G1 X143.2 Y152.864 E1650.69848
G1 X143.28 Y152.704 E1650.70443
G1 X143.4 Y152.664 E1650.70864
G1 X145.729 Y152.664 E1650.7861
G0 F9000 X145.73 Y152.355
G0 X146.264 Y151.364
G0 X146.264 Y151.104
;TYPE:SKIN
G1 F1500 X143.76 Y151.104 E1650.86939
G1 X143.76 Y139.732 E1651.24762
G1 X151.24 Y139.732 E1651.49641
G1 X151.24 Y151.104 E1651.87464
G1 X146.264 Y151.104 E1652.04014
G0 F9000 X146.264 Y151.364
G0 X144.115 Y151.364
G0 X144.115 Y150.904
G1 F1500 X143.96 Y150.748 E1652.04746
G0 F9000 X143.96 Y150.182
G1 F1500 X144.681 Y150.904 E1652.0814
G0 F9000 X145.247 Y150.904
G1 F1500 X143.96 Y149.617 E1652.14193
G0 F9000 X143.96 Y149.051
G1 F1500 X145.812 Y150.904 E1652.22907
G0 F9000 X146.378 Y150.904
G1 F1500 X143.96 Y148.485 E1652.34283
G0 F9000 X143.96 Y147.92
G1 F1500 X146.944 Y150.904 E1652.48319
G0 F9000 X147.51 Y150.904
G1 F1500 X143.96 Y147.354 E1652.65017
G0 F9000 X143.96 Y146.788
G1 F1500 X148.075 Y150.904 E1652.84375
G0 F9000 X148.641 Y150.904
G1 F1500 X143.96 Y146.223 E1653.06393
G0 F9000 X143.96 Y145.657
G1 F1500 X149.207 Y150.904 E1653.31073
G0 F9000 X149.772 Y150.904
G1 F1500 X143.96 Y145.091 E1653.58413
G0 F9000 X143.96 Y144.526
G1 F1500 X150.338 Y150.904 E1653.88413
G0 F9000 X150.904 Y150.904
G1 F1500 X143.96 Y143.96 E1654.21076
G0 F9000 X143.96 Y143.394
G1 F1500 X151.04 Y150.474 E1654.54378
G0 F9000 X151.04 Y149.909
G1 F1500 X143.96 Y142.828 E1654.87682
G0 F9000 X143.96 Y142.263
G1 F1500 X151.04 Y149.343 E1655.20985
G0 F9000 X151.04 Y148.777
G1 F1500 X143.96 Y141.697 E1655.54287
G0 F9000 X143.96 Y141.131
G1 F1500 X151.04 Y148.212 E1655.87591
G0 F9000 X151.04 Y147.646
G1 F1500 X143.96 Y140.566 E1656.20893
G0 F9000 X143.96 Y140
G1 F1500 X151.04 Y147.08 E1656.54196
G0 F9000 X151.04 Y146.515
G1 F1500 X144.458 Y139.932 E1656.85158
G0 F9000 X145.023 Y139.932
G1 F1500 X151.04 Y145.949 E1657.1346
G0 F9000 X151.04 Y145.383
G1 F1500 X145.589 Y139.932 E1657.391
G0 F9000 X146.155 Y139.932
G1 F1500 X151.04 Y144.818 E1657.62079
G0 F9000 X151.04 Y144.252
G1 F1500 X146.72 Y139.932 E1657.82399
G0 F9000 X147.286 Y139.932
G1 F1500 X151.04 Y143.686 E1658.00057
G0 F9000 X151.04 Y143.121
G1 F1500 X147.852 Y139.932 E1658.15055
G0 F9000 X148.417 Y139.932
G1 F1500 X151.04 Y142.555 E1658.27393
G0 F9000 X151.04 Y141.989
G1 F1500 X148.983 Y139.932 E1658.37068
G0 F9000 X149.549 Y139.932
G1 F1500 X151.04 Y141.423 E1658.44081
G0 F9000 X151.04 Y140.858
G1 F1500 X150.115 Y139.932 E1658.48435
G0 F9000 X150.68 Y139.932
G1 F1500 X151.04 Y140.292 E1658.50128
G0 F9000 X151.79 Y140.292
G1 F2700 E1653.50128
;MESH:batclipholder.stl(2)
G0 F9000 X152.578 Y138.404
G0 X152.578 Y137.309
G0 X152.578 Y97.691
G0 X152.578 Y96.596
G0 X152.578 Y95.794
;TYPE:WALL-INNER
G1 F2700 E1658.50128
G1 F1694.9 X153.025 Y95.021 E1658.52756
G1 X152.752 Y94.95 E1658.53587
G1 X152.578 Y94.76 E1658.54345
G1 X152.578 Y95.794 E1658.57389
G0 F9000 X152.2 Y96.424
G1 F1500 X152.649 Y96.424 E1658.58882
G1 X153.336 Y95.235 E1658.63449
G1 F1388.9 X153.793 Y94.382 E1658.66925
G1 X153.091 Y94.649 E1658.69623
G1 F1500 X152.847 Y94.585 E1658.70462
G1 F1188.1 X152.305 Y94.125 E1658.73447
G1 F1075.3 X152.253 Y94.605 E1658.75687
G1 F1327.4 X152.201 Y95.085 E1658.77502
G1 F1500 X152.2 Y96.424 E1658.81956
G0 F9000 X152.48 Y96.146
G0 X152.305 Y94.125
G1 F991.7 X152.3 Y92.864 E1658.88299
G0 F9000 X152.559 Y94.839
G0 X153.215 Y95.013
G0 X153.793 Y94.382
G1 F1271.2 X155.584 Y91.265 E1659.02408
G1 F1229.5 X157.376 Y88.148 E1659.16997
G0 F9000 X153.215 Y95.013
G0 X152.559 Y94.839
G0 X152.552 Y89.646
G0 X151.682 Y91.546
G0 X146.694 Y91.464
G1 F1500 X151.6 Y91.464 E1659.33315
G1 X151.6 Y79.372 E1659.73533
G1 X143.4 Y79.372 E1660.00806
G1 X143.4 Y91.464 E1660.41024
G1 X146.694 Y91.464 E1660.5198
G0 F9000 X146.612 Y91.864
G1 F1500 X151.6 Y91.864 E1660.6857
G1 X152 Y91.997 E1660.69972
G1 X152 Y78.972 E1661.13294
G1 X143 Y78.972 E1661.43228
G1 X143 Y91.997 E1661.86549
G1 X143.4 Y91.864 E1661.87951
G1 X146.612 Y91.864 E1661.98634
G0 F9000 X146.531 Y92.264
G1 F1500 X151.6 Y92.264 E1662.15494
G1 X151.96 Y92.384 E1662.16756
G1 F1200 X152.3 Y92.864 E1662.19202
G1 X152.4 Y92.164 E1662.22141
G1 F1500 X152.4 Y78.572 E1662.67349
G1 X142.6 Y78.572 E1662.99943
G1 X142.6 Y92.164 E1663.45151
G1 F1200 X142.7 Y92.864 E1663.4809
G1 X143.04 Y92.384 E1663.50536
G1 F1500 X143.4 Y92.264 E1663.51798
G1 X146.531 Y92.264 E1663.62212
G0 F9000 X146.532 Y91.955
G0 X142.962 Y92.426
G0 X142.7 Y92.864
G1 F991.7 X142.695 Y94.125 E1663.68556
G0 F9000 X142.441 Y94.839
G0 X141.785 Y95.013
G0 X141.263 Y94.477
G1 F1239.7 X137.621 Y88.146 E1663.9795
G0 F9000 X141.785 Y95.013
G0 X142.422 Y95.799
G1 F1685.4 X142.422 Y94.76 E1664.01025
G1 X142.245 Y94.952 E1664.01798
G1 X141.973 Y95.021 E1664.02629
G1 X142.422 Y95.799 E1664.05288
G0 F9000 X142.346 Y96.424
G1 F1500 X142.8 Y96.424 E1664.06798
G1 X142.8 Y95.089 E1664.11238
G1 F1327.4 X142.748 Y94.607 E1664.1306
G1 F1075.3 X142.695 Y94.125 E1664.1531
G1 F1188.1 X142.15 Y94.586 E1664.18307
G1 F1500 X141.902 Y94.649 E1664.19158
G1 F1373 X141.263 Y94.477 E1664.21563
G1 X141.658 Y95.23 E1664.24653
G1 F1500 X142.346 Y96.424 E1664.29236
G1 F2700 E1659.29236
G0 F9000 X142.517 Y96.13
G0 X142.962 Y92.426
G0 X146.451 Y92.355
G0 X146.45 Y92.664
;TYPE:WALL-OUTER
G1 F2700 E1664.29236
G1 F1500 X151.6 Y92.664 E1664.46365
G1 X151.72 Y92.704 E1664.46786
G1 X151.8 Y92.864 E1664.47381
G1 X151.8 Y96.824 E1664.60552
G1 X152.88 Y96.824 E1664.64144
G1 X158.151 Y87.701 E1664.99188
G1 X157.117 Y87.7 E1665.02627
G1 X153.418 Y94.168 E1665.27409
G1 X153.193 Y94.262 E1665.2822
G1 X152.949 Y94.198 E1665.29059
G1 X152.802 Y94.039 E1665.29779
G1 X152.8 Y78.172 E1665.82553
G1 X142.2 Y78.172 E1666.17809
G1 X142.198 Y94.039 E1666.70583
G1 X142.05 Y94.198 E1666.71305
G1 X141.802 Y94.262 E1666.72157
G1 X141.598 Y94.197 E1666.72869
G1 X137.88 Y87.7 E1666.97766
G1 X136.848 Y87.7 E1667.01199
G1 X142.116 Y96.824 E1667.3624
G1 X143.2 Y96.824 E1667.39846
G1 X143.2 Y92.864 E1667.53017
G1 X143.28 Y92.704 E1667.53612
G1 X143.4 Y92.664 E1667.54032
G1 X146.45 Y92.664 E1667.64177
G0 F9000 X146.451 Y92.355
G0 X146.767 Y91.364
G0 X146.767 Y91.104
;TYPE:SKIN
G1 F1500 X143.76 Y91.104 E1667.74178
G1 X143.76 Y79.732 E1668.12002
G1 X151.24 Y79.732 E1668.3688
G1 X151.24 Y91.104 E1668.74704
G1 X146.767 Y91.104 E1668.89581
G0 F9000 X146.767 Y91.364
G0 X144.078 Y91.364
G0 X144.078 Y90.904
G1 F1500 X143.96 Y90.785 E1668.90138
G0 F9000 X143.96 Y90.22
G1 F1500 X144.644 Y90.904 E1668.93356
G0 F9000 X145.209 Y90.904
G1 F1500 X143.96 Y89.654 E1668.99233
G0 F9000 X143.96 Y89.088
G1 F1500 X145.775 Y90.904 E1669.07772
G0 F9000 X146.341 Y90.904
G1 F1500 X143.96 Y88.523 E1669.18972
G0 F9000 X143.96 Y87.957
G1 F1500 X146.906 Y90.904 E1669.32831
G0 F9000 X147.472 Y90.904
G1 F1500 X143.96 Y87.391 E1669.49353
G0 F9000 X143.96 Y86.826
G1 F1500 X148.038 Y90.904 E1669.68535
G0 F9000 X148.603 Y90.904
G1 F1500 X143.96 Y86.26 E1669.90376
G0 F9000 X143.96 Y85.694
G1 F1500 X149.169 Y90.904 E1670.1488
G0 F9000 X149.735 Y90.904
G1 F1500 X143.96 Y85.129 E1670.42044
G0 F9000 X143.96 Y84.563
G1 F1500 X150.3 Y90.904 E1670.71868
G0 F9000 X150.866 Y90.904
G1 F1500 X143.96 Y83.997 E1671.04354
G0 F9000 X143.96 Y83.432
G1 F1500 X151.04 Y90.512 E1671.37656
G0 F9000 X151.04 Y89.946
G1 F1500 X143.96 Y82.866 E1671.70958
G0 F9000 X143.96 Y82.3
G1 F1500 X151.04 Y89.38 E1672.0426
G0 F9000 X151.04 Y88.815
G1 F1500 X143.96 Y81.734 E1672.37565
G0 F9000 X143.96 Y81.169
G1 F1500 X151.04 Y88.249 E1672.70867
G0 F9000 X151.04 Y87.683
G1 F1500 X143.96 Y80.603 E1673.04169
G0 F9000 X143.96 Y80.037
G1 F1500 X151.04 Y87.118 E1673.37474
G0 F9000 X151.04 Y86.552
G1 F1500 X144.42 Y79.932 E1673.68612
G0 F9000 X144.986 Y79.932
G1 F1500 X151.04 Y85.986 E1673.97088
G0 F9000 X151.04 Y85.421
G1 F1500 X145.552 Y79.932 E1674.22904
G0 F9000 X146.117 Y79.932
G1 F1500 X151.04 Y84.855 E1674.46061
G0 F9000 X151.04 Y84.289
G1 F1500 X146.683 Y79.932 E1674.66555
G0 F9000 X147.249 Y79.932
G1 F1500 X151.04 Y83.724 E1674.84389
G0 F9000 X151.04 Y83.158
G1 F1500 X147.814 Y79.932 E1674.99563
G0 F9000 X148.38 Y79.932
G1 F1500 X151.04 Y82.592 E1675.12075
G0 F9000 X151.04 Y82.027
G1 F1500 X148.946 Y79.932 E1675.21927
G0 F9000 X149.511 Y79.932
G1 F1500 X151.04 Y81.461 E1675.29119
G0 F9000 X151.04 Y80.895
G1 F1500 X150.077 Y79.932 E1675.33648
G0 F9000 X150.643 Y79.932
G1 F1500 X151.04 Y80.329 E1675.35516
G0 F9000 X151.79 Y80.329
G1 F2700 E1670.35516
;MESH:NONMESH
G0 F300 X151.79 Y80.329 Z6.4
G0 F9000 X151.428 Y79.544
G0 X143.572 Y79.544
G0 X142.43 Y88.146
G0 X141.335 Y88.146
G0 X138.383 Y86.841
G0 X136.55 Y86.841
G0 X98.712 Y88.462
G0 X77.621 Y88.146
;TIME_ELAPSED:3006.213147
;LAYER:31
;TYPE:WALL-INNER
;MESH:batclipholder.stl(1)
G1 F2700 E1675.35516
G1 F1239.7 X81.263 Y94.477 E1675.6491
G0 F9000 X81.785 Y95.013
G0 X82.441 Y94.839
G0 X82.695 Y94.125
G1 F991.7 X82.7 Y92.636 E1675.724
G0 F9000 X82.422 Y95.799
G1 F1685.4 X82.422 Y94.76 E1675.75476
G1 X82.245 Y94.952 E1675.76249
G1 X81.973 Y95.021 E1675.77079
G1 X82.422 Y95.799 E1675.79738
G0 F9000 X82.8 Y96.424
G1 F1500 X82.8 Y95.089 E1675.84179
G1 F1327.4 X82.748 Y94.607 E1675.86001
G1 F1075.3 X82.695 Y94.125 E1675.88251
G1 F1188.1 X82.15 Y94.586 E1675.91248
G1 F1500 X81.902 Y94.649 E1675.92099
G1 F1373 X81.263 Y94.477 E1675.94504
G1 X81.658 Y95.23 E1675.97593
G1 F1500 X82.346 Y96.424 E1676.02177
G1 X82.8 Y96.424 E1676.03687
G0 F9000 X82.52 Y96.146
G0 X82.962 Y92.201
G0 X88.26 Y91.239
G1 F1500 X91.601 Y91.241 E1676.14799
G1 X91.6 Y79.372 E1676.54275
G1 X83.4 Y79.372 E1676.81549
G1 X83.401 Y91.235 E1677.21005
G1 X88.26 Y91.239 E1677.37166
G0 F9000 X88.342 Y91.638
G1 F1500 X91.601 Y91.64 E1677.48006
G1 X92 Y91.773 E1677.49405
G1 X92 Y78.972 E1677.91981
G1 X83 Y78.972 E1678.21915
G1 X83 Y91.769 E1678.64478
G1 X83.401 Y91.636 E1678.65883
G1 X88.342 Y91.638 E1678.82317
G0 F9000 X88.423 Y92.038
G1 F1500 X91.601 Y92.04 E1678.92887
G1 X91.96 Y92.16 E1678.94146
G1 F1200 X92.3 Y92.64 E1678.96592
G1 X92.4 Y91.94 E1678.99531
G1 F1500 X92.4 Y78.572 E1679.43994
G1 X82.6 Y78.572 E1679.76589
G1 X82.6 Y91.935 E1680.21034
G1 F1200 X82.7 Y92.636 E1680.23978
G1 X83.04 Y92.155 E1680.26427
G1 F1500 X83.401 Y92.036 E1680.27691
G1 X88.423 Y92.038 E1680.44394
G0 F9000 X88.424 Y91.73
G0 X92.038 Y92.202
G0 X92.3 Y92.64
G1 F991.7 X92.305 Y94.125 E1680.51865
G0 F9000 X92.559 Y94.839
G0 X93.215 Y95.013
G0 X93.793 Y94.382
G1 F1271.2 X95.584 Y91.265 E1680.65974
G1 F1229.5 X97.376 Y88.148 E1680.80563
G0 F9000 X93.215 Y95.013
G0 X92.578 Y95.794
G1 F1694.9 X93.025 Y95.021 E1680.83191
G1 X92.752 Y94.95 E1680.84022
G1 X92.578 Y94.76 E1680.8478
G1 X92.578 Y95.794 E1680.87824
G0 F9000 X92.649 Y96.424
G1 F1500 X93.336 Y95.235 E1680.92391
G1 F1388.9 X93.793 Y94.382 E1680.95867
G1 X93.091 Y94.649 E1680.98565
G1 F1500 X92.847 Y94.585 E1680.99404
G1 F1188.1 X92.305 Y94.125 E1681.02389
G1 F1075.3 X92.253 Y94.605 E1681.04629
G1 F1327.4 X92.201 Y95.085 E1681.06444
G1 F1500 X92.2 Y96.424 E1681.10897
G1 X92.649 Y96.424 E1681.12391
G1 F2700 E1676.12391
G0 F9000 X92.483 Y96.13
G0 X92.038 Y92.202
G0 X88.505 Y92.13
G0 X88.504 Y92.438
;TYPE:WALL-OUTER
G1 F2700 E1681.12391
G1 F1500 X91.601 Y92.44 E1681.22691
G1 X91.72 Y92.48 E1681.23109
G1 X91.8 Y92.64 E1681.23704
G1 X91.8 Y96.824 E1681.3762
G1 X92.88 Y96.824 E1681.41212
G1 X98.151 Y87.701 E1681.76256
G1 X97.117 Y87.7 E1681.79695
G1 X93.418 Y94.168 E1682.04477
G1 X93.193 Y94.262 E1682.05288
G1 X92.949 Y94.198 E1682.06127
G1 X92.802 Y94.039 E1682.06847
G1 X92.8 Y78.172 E1682.59621
G1 X82.2 Y78.172 E1682.94877
G1 X82.198 Y94.039 E1683.47651
G1 X82.05 Y94.198 E1683.48373
G1 X81.802 Y94.262 E1683.49225
G1 X81.598 Y94.197 E1683.49937
G1 X77.88 Y87.7 E1683.74834
G1 X76.848 Y87.7 E1683.78267
G1 X82.116 Y96.824 E1684.13309
G1 X83.2 Y96.824 E1684.16914
G1 X83.2 Y92.636 E1684.30843
G1 X83.28 Y92.475 E1684.31441
G1 X83.401 Y92.436 E1684.31864
G1 X88.504 Y92.438 E1684.48837
G0 F9000 X88.505 Y92.13
G0 X88.186 Y91.137
G0 X88.187 Y90.876
;TYPE:SKIN
G1 F1500 X83.76 Y90.876 E1684.63561
G1 X83.76 Y79.732 E1685.00626
G1 X91.24 Y79.732 E1685.25505
G1 X91.24 Y90.876 E1685.6257
G1 X88.187 Y90.876 E1685.72724
G0 F9000 X88.186 Y91.137
G0 X90.907 Y91.138
G0 X90.908 Y90.677
G1 F1500 X91.04 Y90.545 E1685.73345
G0 F9000 X91.04 Y89.979
G1 F1500 X90.343 Y90.677 E1685.76626
G0 F9000 X89.777 Y90.677
G1 F1500 X91.04 Y89.414 E1685.82567
G0 F9000 X91.04 Y88.848
G1 F1500 X89.211 Y90.677 E1685.9117
G0 F9000 X88.646 Y90.677
G1 F1500 X91.04 Y88.282 E1686.02433
G0 F9000 X91.04 Y87.717
G1 F1500 X88.08 Y90.677 E1686.16356
G0 F9000 X87.514 Y90.677
G1 F1500 X91.04 Y87.151 E1686.32941
G0 F9000 X91.04 Y86.585
G1 F1500 X86.949 Y90.677 E1686.52186
G0 F9000 X86.383 Y90.677
G1 F1500 X91.04 Y86.02 E1686.74091
G0 F9000 X91.04 Y85.454
G1 F1500 X85.817 Y90.677 E1686.98658
G0 F9000 X85.252 Y90.677
G1 F1500 X91.04 Y84.888 E1687.25886
G0 F9000 X91.04 Y84.322
G1 F1500 X84.686 Y90.677 E1687.55775
G0 F9000 X84.12 Y90.677
G1 F1500 X91.04 Y83.757 E1687.88325
G0 F9000 X91.04 Y83.191
G1 F1500 X83.96 Y90.271 E1688.21627
G0 F9000 X83.96 Y89.706
G1 F1500 X91.04 Y82.625 E1688.54932
G0 F9000 X91.04 Y82.06
G1 F1500 X83.96 Y89.14 E1688.88234
G0 F9000 X83.96 Y88.574
G1 F1500 X91.04 Y81.494 E1689.21536
G0 F9000 X91.04 Y80.928
G1 F1500 X83.96 Y88.009 E1689.5484
G0 F9000 X83.96 Y87.443
G1 F1500 X91.04 Y80.363 E1689.88142
G0 F9000 X90.906 Y79.931
G1 F1500 X83.96 Y86.877 E1690.20814
G0 F9000 X83.96 Y86.312
G1 F1500 X90.34 Y79.931 E1690.50826
G0 F9000 X89.774 Y79.931
G1 F1500 X83.96 Y85.746 E1690.78176
G0 F9000 X83.96 Y85.18
G1 F1500 X89.209 Y79.931 E1691.02866
G0 F9000 X88.643 Y79.931
G1 F1500 X83.96 Y84.615 E1691.24895
G0 F9000 X83.96 Y84.049
G1 F1500 X88.077 Y79.931 E1691.44263
G0 F9000 X87.512 Y79.931
G1 F1500 X83.96 Y83.483 E1691.6097
G0 F9000 X83.96 Y82.917
G1 F1500 X86.946 Y79.931 E1691.75016
G0 F9000 X86.38 Y79.931
G1 F1500 X83.96 Y82.352 E1691.86401
G0 F9000 X83.96 Y81.786
G1 F1500 X85.814 Y79.931 E1691.95124
G0 F9000 X85.249 Y79.931
G1 F1500 X83.96 Y81.22 E1692.01187
G0 F9000 X83.96 Y80.655
G1 F1500 X84.683 Y79.931 E1692.0459
G0 F9000 X84.117 Y79.931
G1 F1500 X83.96 Y80.089 E1692.05331
G0 F9000 X83.21 Y80.089
G1 F2700 E1687.05331
;MESH:batclipholder.stl
G0 F9000 X82.441 Y94.839
G0 X82.247 Y96.599
G0 X82.247 Y97.691
G0 X77.752 Y146.835
G0 X77.621 Y148.146
;TYPE:WALL-INNER
G1 F2700 E1692.05331
G1 F1239.7 X81.263 Y154.477 E1692.34725
G0 F9000 X81.785 Y155.013
G0 X82.441 Y154.839
G0 X82.695 Y154.125
G1 F991.7 X82.7 Y152.636 E1692.42215
G0 F9000 X82.422 Y155.799
G1 F1685.4 X82.422 Y154.76 E1692.45291
G1 X82.245 Y154.952 E1692.46064
G1 X81.973 Y155.021 E1692.46895
G1 X82.422 Y155.799 E1692.49554
G0 F9000 X82.8 Y156.424
G1 F1500 X82.8 Y155.089 E1692.53994
G1 F1327.4 X82.748 Y154.607 E1692.55816
G1 F1075.3 X82.695 Y154.125 E1692.58066
G1 F1188.1 X82.15 Y154.586 E1692.61063
G1 F1500 X81.902 Y154.649 E1692.61914
G1 F1373 X81.263 Y154.477 E1692.64319
G1 X81.658 Y155.23 E1692.67409
G1 F1500 X82.346 Y156.424 E1692.71992
G1 X82.8 Y156.424 E1692.73502
G0 F9000 X82.52 Y156.146
G0 X82.962 Y152.201
G0 X88.782 Y151.239
G1 F1500 X91.601 Y151.241 E1692.82878
G1 X91.6 Y139.372 E1693.22355
G1 X83.4 Y139.372 E1693.49628
G1 X83.401 Y151.235 E1693.89084
G1 X88.782 Y151.239 E1694.06982
G0 F9000 X88.919 Y151.639
G1 F1500 X91.601 Y151.64 E1694.15902
G1 X92 Y151.773 E1694.17301
G1 X92 Y138.972 E1694.59877
G1 X83 Y138.972 E1694.89811
G1 X83 Y151.769 E1695.32374
G1 X83.401 Y151.636 E1695.33779
G1 X88.919 Y151.639 E1695.52132
G0 F9000 X89.056 Y152.039
G1 F1500 X91.601 Y152.04 E1695.60597
G1 X91.96 Y152.16 E1695.61856
G1 F1200 X92.3 Y152.64 E1695.64302
G1 X92.4 Y151.94 E1695.67241
G1 F1500 X92.4 Y138.572 E1696.11704
G1 X82.6 Y138.572 E1696.44298
G1 X82.6 Y151.935 E1696.88744
G1 F1200 X82.7 Y152.636 E1696.91688
G1 X83.04 Y152.155 E1696.94137
G1 F1500 X83.401 Y152.036 E1696.95401
G1 X89.056 Y152.039 E1697.1421
G0 F9000 X89.057 Y151.73
G0 X92.038 Y152.202
G0 X92.3 Y152.64
G1 F991.7 X92.305 Y154.125 E1697.2168
G0 F9000 X92.559 Y154.839
G0 X93.215 Y155.013
G0 X93.793 Y154.382
G1 F1271.2 X95.584 Y151.265 E1697.35789
G1 F1229.5 X97.376 Y148.148 E1697.50378
G0 F9000 X93.215 Y155.013
G0 X92.578 Y155.794
G1 F1694.9 X93.025 Y155.021 E1697.53007
G1 X92.752 Y154.95 E1697.53837
G1 X92.578 Y154.76 E1697.54595
G1 X92.578 Y155.794 E1697.57639
G0 F9000 X92.649 Y156.424
G1 F1500 X93.336 Y155.235 E1697.62206
G1 F1388.9 X93.793 Y154.382 E1697.65682
G1 X93.091 Y154.649 E1697.6838
G1 F1500 X92.847 Y154.585 E1697.69219
G1 F1188.1 X92.305 Y154.125 E1697.72204
G1 F1075.3 X92.253 Y154.605 E1697.74444
G1 F1327.4 X92.201 Y155.085 E1697.76259
G1 F1500 X92.2 Y156.424 E1697.80713
G1 X92.649 Y156.424 E1697.82206
G1 F2700 E1692.82206
G0 F9000 X92.483 Y156.13
G0 X92.038 Y152.202
G0 X89.194 Y152.13
G0 X89.193 Y152.439
;TYPE:WALL-OUTER
G1 F2700 E1697.82206
G1 F1500 X91.601 Y152.44 E1697.90215
G1 X91.72 Y152.48 E1697.90633
G1 X91.8 Y152.64 E1697.91228
G1 X91.8 Y156.824 E1698.05144
G1 X92.88 Y156.824 E1698.08736
G1 X98.151 Y147.701 E1698.43779
G1 X97.117 Y147.7 E1698.47218
G1 X93.418 Y154.168 E1698.72001
G1 X93.193 Y154.262 E1698.72812
G1 X92.949 Y154.198 E1698.73651
G1 X92.802 Y154.039 E1698.74371
G1 X92.8 Y138.172 E1699.27145
G1 X82.2 Y138.172 E1699.62401
G1 X82.198 Y154.039 E1700.15174
G1 X82.05 Y154.198 E1700.15897
G1 X81.802 Y154.262 E1700.16749
G1 X81.598 Y154.197 E1700.17461
G1 X77.88 Y147.7 E1700.42358
G1 X76.848 Y147.7 E1700.45791
G1 X82.116 Y156.824 E1700.80832
G1 X83.2 Y156.824 E1700.84438
G1 X83.2 Y152.636 E1700.98367
G1 X83.28 Y152.475 E1700.98965
G1 X83.401 Y152.436 E1700.99388
G1 X89.193 Y152.439 E1701.18652
G0 F9000 X89.194 Y152.13
G0 X88.656 Y151.137
G0 X88.657 Y150.876
;TYPE:SKIN
G1 F1500 X83.76 Y150.876 E1701.34939
G1 X83.76 Y139.732 E1701.72005
G1 X91.24 Y139.732 E1701.96883
G1 X91.24 Y150.876 E1702.33948
G1 X88.657 Y150.876 E1702.42539
G0 F9000 X88.656 Y151.137
G0 X90.871 Y151.138
G0 X90.872 Y150.676
G1 F1500 X91.04 Y150.508 E1702.4333
G0 F9000 X91.04 Y149.942
G1 F1500 X90.306 Y150.676 E1702.46782
G0 F9000 X89.74 Y150.676
G1 F1500 X91.04 Y149.376 E1702.52897
G0 F9000 X91.04 Y148.811
G1 F1500 X89.175 Y150.676 E1702.61669
G0 F9000 X88.609 Y150.676
G1 F1500 X91.04 Y148.245 E1702.73104
G0 F9000 X91.04 Y147.679
G1 F1500 X88.043 Y150.676 E1702.87201
G0 F9000 X87.478 Y150.676
G1 F1500 X91.04 Y147.114 E1703.03955
G0 F9000 X91.04 Y146.548
G1 F1500 X86.912 Y150.676 E1703.23372
G0 F9000 X86.346 Y150.676
G1 F1500 X91.04 Y145.982 E1703.45451
G0 F9000 X91.04 Y145.417
G1 F1500 X85.781 Y150.676 E1703.70188
G0 F9000 X85.215 Y150.676
G1 F1500 X91.04 Y144.851 E1703.97587
G0 F9000 X91.04 Y144.285
G1 F1500 X84.649 Y150.676 E1704.27648
G0 F9000 X84.083 Y150.676
G1 F1500 X91.04 Y143.719 E1704.60372
G0 F9000 X91.04 Y143.154
G1 F1500 X83.96 Y150.233 E1704.93672
G0 F9000 X83.96 Y149.668
G1 F1500 X91.04 Y142.588 E1705.26974
G0 F9000 X91.04 Y142.022
G1 F1500 X83.96 Y149.102 E1705.60276
G0 F9000 X83.96 Y148.536
G1 F1500 X91.04 Y141.457 E1705.93576
G0 F9000 X91.04 Y140.891
G1 F1500 X83.96 Y147.971 E1706.26878
G0 F9000 X83.96 Y147.405
G1 F1500 X91.04 Y140.325 E1706.6018
G0 F9000 X90.867 Y139.932
G1 F1500 X83.96 Y146.839 E1706.92669
G0 F9000 X83.96 Y146.274
G1 F1500 X90.302 Y139.932 E1707.225
G0 F9000 X89.736 Y139.932
G1 F1500 X83.96 Y145.708 E1707.49668
G0 F9000 X83.96 Y145.142
G1 F1500 X89.17 Y139.932 E1707.74174
G0 F9000 X88.605 Y139.932
G1 F1500 X83.96 Y144.576 E1707.96021
G0 F9000 X83.96 Y144.011
G1 F1500 X88.039 Y139.932 E1708.15207
G0 F9000 X87.473 Y139.932
G1 F1500 X83.96 Y143.445 E1708.31731
G0 F9000 X83.96 Y142.879
G1 F1500 X86.908 Y139.932 E1708.45595
G0 F9000 X86.342 Y139.932
G1 F1500 X83.96 Y142.314 E1708.56799
G0 F9000 X83.96 Y141.748
G1 F1500 X85.776 Y139.932 E1708.65341
G0 F9000 X85.211 Y139.932
G1 F1500 X83.96 Y141.182 E1708.71223
G0 F9000 X83.96 Y140.617
G1 F1500 X84.645 Y139.932 E1708.74445
G0 F9000 X84.079 Y139.932
G1 F1500 X83.96 Y140.051 E1708.75005
G0 F9000 X83.21 Y140.051
G1 F2700 E1703.75005
;MESH:batclipholder.stl(3)
G0 F9000 X83.572 Y139.544
G0 X91.428 Y139.544
G0 X92.57 Y148.146
G0 X93.665 Y148.146
G0 X96.617 Y146.841
G0 X98.45 Y146.841
G0 X136.289 Y148.463
G0 X137.621 Y148.146
;TYPE:WALL-INNER
G1 F2700 E1708.75005
G1 F1239.7 X141.263 Y154.477 E1709.04399
G0 F9000 X141.785 Y155.013
G0 X142.441 Y154.839
G0 X142.695 Y154.125
G1 F991.7 X142.7 Y152.636 E1709.1189
G0 F9000 X142.422 Y155.799
G1 F1685.4 X142.422 Y154.76 E1709.14965
G1 X142.245 Y154.952 E1709.15738
G1 X141.973 Y155.021 E1709.16569
G1 X142.422 Y155.799 E1709.19228
G0 F9000 X142.346 Y156.424
G1 F1500 X142.8 Y156.424 E1709.20738
G1 X142.8 Y155.089 E1709.25178
G1 F1327.4 X142.748 Y154.607 E1709.27
G1 F1075.3 X142.695 Y154.125 E1709.2925
G1 F1188.1 X142.15 Y154.586 E1709.32247
G1 F1500 X141.902 Y154.649 E1709.33099
G1 F1373 X141.263 Y154.477 E1709.35503
G1 X141.658 Y155.23 E1709.38593
G1 F1500 X142.346 Y156.424 E1709.43176
G0 F9000 X142.517 Y156.13
G0 X142.962 Y152.201
G0 X146.219 Y151.237
G1 F1500 X151.601 Y151.241 E1709.61077
G1 X151.6 Y139.372 E1710.00553
G1 X143.4 Y139.372 E1710.27827
G1 X143.401 Y151.235 E1710.67283
G1 X146.219 Y151.237 E1710.76656
G0 F9000 X146.081 Y151.637
G1 F1500 X151.601 Y151.64 E1710.95015
G1 X152 Y151.773 E1710.96414
G1 X152 Y138.972 E1711.38991
G1 X143 Y138.972 E1711.68925
G1 X143 Y151.769 E1712.11488
G1 X143.401 Y151.636 E1712.12893
G1 X146.081 Y151.637 E1712.21807
G0 F9000 X145.944 Y152.037
G1 F1500 X151.601 Y152.04 E1712.40622
G1 X151.96 Y152.16 E1712.41881
G1 F1200 X152.3 Y152.64 E1712.44326
G1 X152.4 Y151.94 E1712.47266
G1 F1500 X152.4 Y138.572 E1712.91728
G1 X142.6 Y138.572 E1713.24323
G1 X142.6 Y151.935 E1713.68769
G1 F1200 X142.7 Y152.636 E1713.71713
G1 X143.04 Y152.155 E1713.74162
G1 F1500 X143.401 Y152.036 E1713.75426
G1 X145.944 Y152.037 E1713.83884
G0 F9000 X145.945 Y151.73
G0 X152.038 Y152.202
G0 X152.3 Y152.64
G1 F991.7 X152.305 Y154.125 E1713.91354
G0 F9000 X152.559 Y154.839
G0 X153.215 Y155.013
G0 X153.793 Y154.382
G1 F1271.2 X155.584 Y151.265 E1714.05463
G1 F1229.5 X157.376 Y148.148 E1714.20052
G0 F9000 X153.215 Y155.013
G0 X152.578 Y155.794
G1 F1694.9 X153.025 Y155.021 E1714.22681
G1 X152.752 Y154.95 E1714.23511
G1 X152.578 Y154.76 E1714.2427
G1 X152.578 Y155.794 E1714.27313
G0 F9000 X152.2 Y156.424
G1 F1500 X152.649 Y156.424 E1714.28807
G1 X153.336 Y155.235 E1714.33374
G1 F1388.9 X153.793 Y154.382 E1714.3685
G1 X153.091 Y154.649 E1714.39548
G1 F1500 X152.847 Y154.585 E1714.40387
G1 F1188.1 X152.305 Y154.125 E1714.43372
G1 F1075.3 X152.253 Y154.605 E1714.45612
G1 F1327.4 X152.201 Y155.085 E1714.47427
G1 F1500 X152.2 Y156.424 E1714.5188
G1 F2700 E1709.5188
G0 F9000 X152.48 Y156.146
G0 X152.038 Y152.202
G0 X145.808 Y152.13
G0 X145.807 Y152.437
;TYPE:WALL-OUTER
G1 F2700 E1714.5188
G1 F1500 X151.601 Y152.44 E1714.71151
G1 X151.72 Y152.48 E1714.71569
G1 X151.8 Y152.64 E1714.72164
G1 X151.8 Y156.824 E1714.8608
G1 X152.88 Y156.824 E1714.89672
G1 X158.151 Y147.701 E1715.24715
G1 X157.117 Y147.7 E1715.28155
G1 X153.418 Y154.168 E1715.52937
G1 X153.193 Y154.262 E1715.53748
G1 X152.949 Y154.198 E1715.54587
G1 X152.802 Y154.039 E1715.55307
G1 X152.8 Y138.172 E1716.08081
G1 X142.2 Y138.172 E1716.43337
G1 X142.198 Y154.039 E1716.9611
G1 X142.05 Y154.198 E1716.96833
G1 X141.802 Y154.262 E1716.97685
G1 X141.598 Y154.197 E1716.98397
G1 X137.88 Y147.7 E1717.23294
G1 X136.848 Y147.7 E1717.26727
G1 X142.116 Y156.824 E1717.61768
G1 X143.2 Y156.824 E1717.65374
G1 X143.2 Y152.636 E1717.79303
G1 X143.28 Y152.475 E1717.79901
G1 X143.401 Y152.436 E1717.80324
G1 X145.807 Y152.437 E1717.88326
G0 F9000 X145.808 Y152.13
G0 X146.342 Y151.137
G0 X146.343 Y150.876
;TYPE:SKIN
G1 F1500 X143.76 Y150.876 E1717.96917
G1 X143.76 Y139.732 E1718.33982
G1 X151.24 Y139.732 E1718.58861
G1 X151.24 Y150.876 E1718.95926
G1 X146.343 Y150.876 E1719.12214
G0 F9000 X146.342 Y151.137
G0 X150.833 Y151.138
G0 X150.834 Y150.676
G1 F1500 X151.039 Y150.471 E1719.13178
G0 F9000 X151.039 Y149.905
G1 F1500 X150.269 Y150.676 E1719.16802
G0 F9000 X149.703 Y150.676
G1 F1500 X151.039 Y149.34 E1719.23086
G0 F9000 X151.039 Y148.774
G1 F1500 X149.137 Y150.676 E1719.32033
G0 F9000 X148.572 Y150.676
G1 F1500 X151.039 Y148.208 E1719.43639
G0 F9000 X151.039 Y147.642
G1 F1500 X148.006 Y150.676 E1719.57908
G0 F9000 X147.44 Y150.676
G1 F1500 X151.039 Y147.077 E1719.74836
G0 F9000 X151.039 Y146.511
G1 F1500 X146.875 Y150.676 E1719.94425
G0 F9000 X146.309 Y150.676
G1 F1500 X151.039 Y145.945 E1720.16675
G0 F9000 X151.039 Y145.38
G1 F1500 X145.743 Y150.676 E1720.41586
G0 F9000 X145.178 Y150.676
G1 F1500 X151.039 Y144.814 E1720.69157
G0 F9000 X151.039 Y144.248
G1 F1500 X144.612 Y150.676 E1720.9939
G0 F9000 X144.046 Y150.676
G1 F1500 X151.039 Y143.683 E1721.32283
G0 F9000 X151.039 Y143.117
G1 F1500 X143.96 Y150.197 E1721.65583
G0 F9000 X143.96 Y149.631
G1 F1500 X151.039 Y142.551 E1721.98882
G0 F9000 X151.039 Y141.986
G1 F1500 X143.96 Y149.065 E1722.3218
G0 F9000 X143.96 Y148.499
G1 F1500 X151.039 Y141.42 E1722.65477
G0 F9000 X151.039 Y140.854
G1 F1500 X143.96 Y147.934 E1722.98777
G0 F9000 X143.96 Y147.368
G1 F1500 X151.039 Y140.289 E1723.32075
G0 F9000 X150.831 Y139.931
G1 F1500 X143.96 Y146.802 E1723.64394
G0 F9000 X143.96 Y146.237
G1 F1500 X150.265 Y139.931 E1723.94053
G0 F9000 X149.699 Y139.931
G1 F1500 X143.96 Y145.671 E1724.2105
G0 F9000 X143.96 Y145.105
G1 F1500 X149.134 Y139.931 E1724.45387
G0 F9000 X148.568 Y139.931
G1 F1500 X143.96 Y144.54 E1724.67064
G0 F9000 X143.96 Y143.974
G1 F1500 X148.002 Y139.931 E1724.86078
G0 F9000 X147.437 Y139.931
G1 F1500 X143.96 Y143.408 E1725.02433
G0 F9000 X143.96 Y142.843
G1 F1500 X146.871 Y139.931 E1725.16128
G0 F9000 X146.305 Y139.931
G1 F1500 X143.96 Y142.277 E1725.2716
G0 F9000 X143.96 Y141.711
G1 F1500 X145.74 Y139.931 E1725.35533
G0 F9000 X145.174 Y139.931
G1 F1500 X143.96 Y141.146 E1725.41245
G0 F9000 X143.96 Y140.58
G1 F1500 X144.608 Y139.931 E1725.44296
G0 F9000 X144.043 Y139.931
G1 F1500 X143.96 Y140.014 E1725.44686
G0 F9000 X143.21 Y140.014
G1 F2700 E1720.44686
;MESH:batclipholder.stl(2)
G0 F9000 X142.422 Y138.404
G0 X142.422 Y137.309
G0 X142.422 Y97.691
G0 X142.422 Y96.596
G0 X142.422 Y95.799
;TYPE:WALL-INNER
G1 F2700 E1725.44686
G1 F1685.4 X142.422 Y94.76 E1725.47762
G1 X142.245 Y94.952 E1725.48535
G1 X141.973 Y95.021 E1725.49366
G1 X142.422 Y95.799 E1725.52025
G0 F9000 X142.346 Y96.424
G1 F1500 X142.8 Y96.424 E1725.53535
G1 X142.8 Y95.089 E1725.57975
G1 F1327.4 X142.748 Y94.607 E1725.59797
G1 F1075.3 X142.695 Y94.125 E1725.62047
G1 F1188.1 X142.15 Y94.586 E1725.65044
G1 F1500 X141.902 Y94.649 E1725.65895
G1 F1373 X141.263 Y94.477 E1725.683
G1 X141.658 Y95.23 E1725.71389
G1 F1500 X142.346 Y96.424 E1725.75973
G0 F9000 X142.517 Y96.13
G0 X141.263 Y94.477
G1 F1239.7 X137.621 Y88.146 E1726.05367
G0 F9000 X141.785 Y95.013
G0 X142.441 Y94.839
G0 X142.7 Y92.636
G1 F991.7 X142.695 Y94.125 E1726.12857
G0 F9000 X142.962 Y92.201
G0 X146.74 Y91.237
G1 F1500 X151.601 Y91.241 E1726.29025
G1 X151.6 Y79.372 E1726.68502
G1 X143.4 Y79.372 E1726.95775
G1 X143.401 Y91.235 E1727.35231
G1 X146.74 Y91.237 E1727.46337
G0 F9000 X146.658 Y91.638
G1 F1500 X151.601 Y91.64 E1727.62778
G1 X152 Y91.773 E1727.64176
G1 X152 Y78.972 E1728.06753
G1 X143 Y78.972 E1728.36687
G1 X143 Y91.769 E1728.7925
G1 X143.401 Y91.636 E1728.80655
G1 X146.658 Y91.638 E1728.91488
G0 F9000 X146.577 Y92.038
G1 F1500 X151.601 Y92.04 E1729.08198
G1 X151.96 Y92.16 E1729.09457
G1 F1200 X152.3 Y92.64 E1729.11902
G1 X152.4 Y91.94 E1729.14842
G1 F1500 X152.4 Y78.572 E1729.59304
G1 X142.6 Y78.572 E1729.91899
G1 X142.6 Y91.935 E1730.36345
G1 F1200 X142.7 Y92.636 E1730.39289
G1 X143.04 Y92.155 E1730.41737
G1 F1500 X143.401 Y92.036 E1730.43002
G1 X146.577 Y92.038 E1730.53565
G0 F9000 X146.578 Y91.73
G0 X152.038 Y92.202
G0 X152.3 Y92.64
G1 F991.7 X152.305 Y94.125 E1730.61036
G0 F9000 X152.559 Y94.839
G0 X153.215 Y95.013
G0 X153.793 Y94.382
G1 F1271.2 X155.584 Y91.265 E1730.75145
G1 F1229.5 X157.376 Y88.148 E1730.89734
G0 F9000 X153.215 Y95.013
G0 X152.578 Y95.794
G1 F1694.9 X153.025 Y95.021 E1730.92362
G1 X152.752 Y94.95 E1730.93192
G1 X152.578 Y94.76 E1730.93951
G1 X152.578 Y95.794 E1730.96994
G0 F9000 X152.2 Y96.424
G1 F1500 X152.649 Y96.424 E1730.98488
G1 X153.336 Y95.235 E1731.03055
G1 F1388.9 X153.793 Y94.382 E1731.06531
G1 X153.091 Y94.649 E1731.09229
G1 F1500 X152.847 Y94.585 E1731.10068
G1 F1188.1 X152.305 Y94.125 E1731.13053
G1 F1075.3 X152.253 Y94.605 E1731.15293
G1 F1327.4 X152.201 Y95.085 E1731.17108
G1 F1500 X152.2 Y96.424 E1731.21561
G1 F2700 E1726.21561
G0 F9000 X152.48 Y96.146
G0 X152.038 Y92.202
G0 X146.497 Y92.13
G0 X146.496 Y92.438
;TYPE:WALL-OUTER
G1 F2700 E1731.21561
G1 F1500 X151.601 Y92.44 E1731.38541
G1 X151.72 Y92.48 E1731.38958
G1 X151.8 Y92.64 E1731.39553
G1 X151.8 Y96.824 E1731.53469
G1 X152.88 Y96.824 E1731.57061
G1 X158.151 Y87.701 E1731.92105
G1 X157.117 Y87.7 E1731.95544
G1 X153.418 Y94.168 E1732.20326
G1 X153.193 Y94.262 E1732.21137
G1 X152.949 Y94.198 E1732.21976
G1 X152.802 Y94.039 E1732.22697
G1 X152.8 Y78.172 E1732.7547
G1 X142.2 Y78.172 E1733.10726
G1 X142.198 Y94.039 E1733.635
G1 X142.05 Y94.198 E1733.64223
G1 X141.802 Y94.262 E1733.65074
G1 X141.598 Y94.197 E1733.65787
G1 X137.88 Y87.7 E1733.90684
G1 X136.848 Y87.7 E1733.94116
G1 X142.116 Y96.824 E1734.29158
G1 X143.2 Y96.824 E1734.32763
G1 X143.2 Y92.636 E1734.46693
G1 X143.28 Y92.475 E1734.47291
G1 X143.401 Y92.436 E1734.47713
G1 X146.496 Y92.438 E1734.58007
G0 F9000 X146.497 Y92.13
G0 X146.812 Y91.137
G0 X146.813 Y90.876
;TYPE:SKIN
G1 F1500 X143.76 Y90.876 E1734.68162
G1 X143.76 Y79.732 E1735.05227
G1 X151.24 Y79.732 E1735.30105
G1 X151.24 Y90.876 E1735.6717
G1 X146.813 Y90.876 E1735.81895
G0 F9000 X146.812 Y91.137
G0 X150.87 Y91.138
G0 X150.871 Y90.677
G1 F1500 X151.04 Y90.508 E1735.8269
G0 F9000 X151.04 Y89.942
G1 F1500 X150.305 Y90.677 E1735.86147
G0 F9000 X149.74 Y90.677
G1 F1500 X151.04 Y89.376 E1735.92264
G0 F9000 X151.04 Y88.81
G1 F1500 X149.174 Y90.677 E1736.01043
G0 F9000 X148.608 Y90.677
G1 F1500 X151.04 Y88.245 E1736.12483
G0 F9000 X151.04 Y87.679
G1 F1500 X148.043 Y90.677 E1736.26582
G0 F9000 X147.477 Y90.677
G1 F1500 X151.04 Y87.113 E1736.43344
G0 F9000 X151.04 Y86.548
G1 F1500 X146.911 Y90.677 E1736.62765
G0 F9000 X146.346 Y90.677
G1 F1500 X151.04 Y85.982 E1736.84847
G0 F9000 X151.04 Y85.416
G1 F1500 X145.78 Y90.677 E1737.09591
G0 F9000 X145.214 Y90.677
G1 F1500 X151.04 Y84.851 E1737.36994
G0 F9000 X151.04 Y84.285
G1 F1500 X144.649 Y90.677 E1737.67058
G0 F9000 X144.083 Y90.677
G1 F1500 X151.04 Y83.719 E1737.99784
G0 F9000 X151.04 Y83.154
G1 F1500 X143.961 Y90.233 E1738.33081
G0 F9000 X143.961 Y89.668
G1 F1500 X151.04 Y82.588 E1738.66381
G0 F9000 X151.04 Y82.022
G1 F1500 X143.961 Y89.102 E1738.99681
G0 F9000 X143.961 Y88.536
G1 F1500 X151.04 Y81.457 E1739.32978
G0 F9000 X151.04 Y80.891
G1 F1500 X143.961 Y87.97 E1739.66276
G0 F9000 X143.961 Y87.405
G1 F1500 X151.04 Y80.325 E1739.99576
G0 F9000 X150.868 Y79.932
G1 F1500 X143.961 Y86.839 E1740.32064
G0 F9000 X143.961 Y86.273
G1 F1500 X150.302 Y79.932 E1740.6189
G0 F9000 X149.736 Y79.932
G1 F1500 X143.961 Y85.708 E1740.89056
G0 F9000 X143.961 Y85.142
G1 F1500 X149.171 Y79.932 E1741.13563
G0 F9000 X148.605 Y79.932
G1 F1500 X143.961 Y84.576 E1741.35407
G0 F9000 X143.961 Y84.011
G1 F1500 X148.039 Y79.932 E1741.54591
G0 F9000 X147.473 Y79.932
G1 F1500 X143.961 Y83.445 E1741.71112
G0 F9000 X143.961 Y82.879
G1 F1500 X146.908 Y79.932 E1741.84974
G0 F9000 X146.342 Y79.932
G1 F1500 X143.961 Y82.314 E1741.96176
G0 F9000 X143.961 Y81.748
G1 F1500 X145.776 Y79.932 E1742.04715
G0 F9000 X145.211 Y79.932
G1 F1500 X143.961 Y81.182 E1742.10595
G0 F9000 X143.961 Y80.617
G1 F1500 X144.645 Y79.932 E1742.13815
G0 F9000 X144.079 Y79.932
G1 F1500 X143.961 Y80.051 E1742.14372
G0 F9000 X143.21 Y80.051
G1 F2700 E1737.14372
;MESH:NONMESH
G0 F300 X143.21 Y80.051 Z6.6
G0 F9000 X142.43 Y80.5
G0 X141.335 Y80.5
G0 X93.665 Y80.5
G0 X92.57 Y80.5
G0 X91.428 Y79.544
G0 X83.572 Y79.544
G0 X82.91 Y80.5
G0 X82.7 Y80.5
;TIME_ELAPSED:3117.220367
;LAYER:32
;TYPE:WALL-INNER
;MESH:batclipholder.stl(1)
G1 F2700 E1742.14372
G1 F991.7 X82.695 Y94.125 E1742.82914
G0 F9000 X82.441 Y94.839
G0 X81.785 Y95.013
G0 X81.263 Y94.477
G1 F1239.7 X77.621 Y88.146 E1743.12308
G0 F9000 X81.785 Y95.013
G0 X82.422 Y95.799
G1 F1685.4 X82.422 Y94.76 E1743.15384
G1 X82.245 Y94.952 E1743.16157
G1 X81.973 Y95.021 E1743.16987
G1 X82.422 Y95.799 E1743.19646
G0 F9000 X82.8 Y96.424
G1 F1500 X82.8 Y95.089 E1743.24087
G1 F1327.4 X82.748 Y94.607 E1743.25909
G1 F1075.3 X82.695 Y94.125 E1743.28158
G1 F1188.1 X82.15 Y94.586 E1743.31156
G1 F1500 X81.902 Y94.649 E1743.32007
G1 F1373 X81.263 Y94.477 E1743.34412
G1 X81.658 Y95.23 E1743.37501
G1 F1500 X82.346 Y96.424 E1743.42085
G1 X82.8 Y96.424 E1743.43595
G1 F2700 E1738.43595
G0 F9000 X82.52 Y96.146
G0 X82.962 Y80.062
G0 X92.038 Y80.062
G0 X92.305 Y94.125
G1 F2700 E1743.43595
G1 F991.7 X92.3 Y80.5 E1744.12137
G0 F9000 X91.967 Y79.585
G1 F1284.8 X91.967 Y79.005 E1744.14389
G1 F1282.1 X83.034 Y79.006 E1744.49151
G1 X83.034 Y79.585 E1744.51404
G1 X83.291 Y79.471 E1744.52498
G1 X91.709 Y79.471 E1744.85256
G1 F1284.8 X91.967 Y79.585 E1744.86352
G0 F9000 X92.3 Y80.5
G1 F1200 X92.4 Y79.869 E1744.89008
G1 F1500 X92.4 Y78.572 E1744.93322
G1 X82.6 Y78.572 E1745.25916
G1 X82.6 Y79.869 E1745.3023
G1 F1200 X82.7 Y80.5 E1745.32886
G1 X83.002 Y80.05 E1745.3514
G1 F1500 X83.337 Y79.903 E1745.36356
G1 X91.663 Y79.902 E1745.64049
G1 X91.998 Y80.05 E1745.65267
G1 F1200 X92.3 Y80.5 E1745.6752
G0 F9000 X92.559 Y94.839
G0 X93.215 Y95.013
G0 X97.376 Y88.148
G1 F1229.5 X95.584 Y91.265 E1745.82109
G1 F1271.2 X93.793 Y94.382 E1745.96218
G0 F9000 X92.578 Y95.794
G1 F1694.9 X93.025 Y95.021 E1745.98846
G1 X92.752 Y94.95 E1745.99677
G1 X92.578 Y94.76 E1746.00435
G1 X92.578 Y95.794 E1746.03479
G0 F9000 X92.649 Y96.424
G1 F1500 X93.336 Y95.235 E1746.08046
G1 F1388.9 X93.793 Y94.382 E1746.11522
G1 X93.091 Y94.649 E1746.1422
G1 F1500 X92.847 Y94.585 E1746.15059
G1 F1188.1 X92.305 Y94.125 E1746.18044
G1 F1075.3 X92.253 Y94.605 E1746.20284
G1 F1327.4 X92.201 Y95.085 E1746.22099
G1 F1500 X92.2 Y96.424 E1746.26552
G1 X92.649 Y96.424 E1746.28046
G0 F9000 X92.88 Y96.824
;TYPE:WALL-OUTER
G1 F1500 X98.151 Y87.701 E1746.63089
G1 X97.117 Y87.7 E1746.66529
G1 X93.418 Y94.168 E1746.91311
G1 X93.193 Y94.262 E1746.92122
G1 X92.949 Y94.198 E1746.92961
G1 X92.802 Y94.039 E1746.93681
G1 X92.8 Y78.172 E1747.46455
G1 X82.2 Y78.172 E1747.81711
G1 X82.198 Y94.039 E1748.34484
G1 X82.05 Y94.198 E1748.35207
G1 X81.802 Y94.262 E1748.36059
G1 X81.598 Y94.197 E1748.36771
G1 X77.88 Y87.7 E1748.61668
G1 X76.848 Y87.7 E1748.65101
G1 X82.116 Y96.824 E1749.00142
G1 X83.2 Y96.824 E1749.03748
G1 X83.2 Y80.5 E1749.58041
G1 X83.267 Y80.35 E1749.58588
G1 X83.379 Y80.301 E1749.58995
G1 X91.621 Y80.3 E1749.86408
G1 X91.733 Y80.35 E1749.86815
G1 X91.8 Y80.5 E1749.87362
G1 X91.8 Y96.824 E1750.41656
G1 X92.88 Y96.824 E1750.45248
G1 F2700 E1745.45248
;MESH:batclipholder.stl
G0 F9000 X92.713 Y96.53
G0 X92.024 Y96.602
G0 X92.024 Y97.691
G0 X92.024 Y137.309
G0 X92.024 Y138.404
G0 X91.967 Y139.585
;TYPE:WALL-INNER
G1 F2700 E1750.45248
G1 F1284.8 X91.967 Y139.005 E1750.475
G1 F1282.1 X83.034 Y139.006 E1750.82262
G1 X83.034 Y139.585 E1750.84515
G1 X83.291 Y139.471 E1750.85609
G1 X91.709 Y139.471 E1751.18368
G1 F1284.8 X91.967 Y139.585 E1751.19463
G0 F9000 X92.3 Y140.5
G1 F1200 X92.4 Y139.869 E1751.22119
G1 F1500 X92.4 Y138.572 E1751.26433
G1 X82.6 Y138.572 E1751.59028
G1 X82.6 Y139.869 E1751.63342
G1 F1200 X82.7 Y140.5 E1751.65998
G1 X83.002 Y140.05 E1751.68251
G1 F1500 X83.337 Y139.903 E1751.69468
G1 X91.663 Y139.902 E1751.9716
G1 X91.998 Y140.05 E1751.98378
G1 F1200 X92.3 Y140.5 E1752.00631
G1 F991.7 X92.305 Y154.125 E1752.69173
G0 F9000 X92.559 Y154.839
G0 X93.215 Y155.013
G0 X93.793 Y154.382
G1 F1271.2 X95.584 Y151.265 E1752.83282
G1 F1229.5 X97.376 Y148.148 E1752.97871
G0 F9000 X93.215 Y155.013
G0 X92.578 Y155.794
G1 F1694.9 X93.025 Y155.021 E1753.005
G1 X92.752 Y154.95 E1753.0133
G1 X92.578 Y154.76 E1753.02088
G1 X92.578 Y155.794 E1753.05132
G0 F9000 X92.649 Y156.424
G1 F1500 X93.336 Y155.235 E1753.09699
G1 F1388.9 X93.793 Y154.382 E1753.13175
G1 X93.091 Y154.649 E1753.15873
G1 F1500 X92.847 Y154.585 E1753.16712
G1 F1188.1 X92.305 Y154.125 E1753.19697
G1 F1075.3 X92.253 Y154.605 E1753.21937
G1 F1327.4 X92.201 Y155.085 E1753.23752
G1 F1500 X92.2 Y156.424 E1753.28206
G1 X92.649 Y156.424 E1753.29699
G1 F2700 E1748.29699
G0 F9000 X92.483 Y156.13
G0 X92.038 Y140.062
G0 X82.962 Y140.062
G0 X82.695 Y154.125
G1 F2700 E1753.29699
G1 F991.7 X82.7 Y140.5 E1753.98241
G0 F9000 X82.441 Y154.839
G0 X81.785 Y155.013
G0 X77.621 Y148.146
G1 F1239.7 X81.263 Y154.477 E1754.27635
G0 F9000 X82.422 Y155.799
G1 F1685.4 X82.422 Y154.76 E1754.3071
G1 X82.245 Y154.952 E1754.31483
G1 X81.973 Y155.021 E1754.32314
G1 X82.422 Y155.799 E1754.34973
G0 F9000 X82.8 Y156.424
G1 F1500 X82.8 Y155.089 E1754.39413
G1 F1327.4 X82.748 Y154.607 E1754.41235
G1 F1075.3 X82.695 Y154.125 E1754.43485
G1 F1188.1 X82.15 Y154.586 E1754.46483
G1 F1500 X81.902 Y154.649 E1754.47334
G1 F1373 X81.263 Y154.477 E1754.49738
G1 X81.658 Y155.23 E1754.52828
G1 F1500 X82.346 Y156.424 E1754.57411
G1 X82.8 Y156.424 E1754.58921
G1 F2700 E1749.58921
G0 F9000 X82.52 Y156.146
G0 X82.962 Y140.062
G0 X92.038 Y140.062
G0 X92.045 Y149.385
G0 X92.713 Y156.53
G0 X92.88 Y156.824
;TYPE:WALL-OUTER
G1 F2700 E1754.58921
G1 F1500 X98.151 Y147.701 E1754.93965
G1 X97.117 Y147.7 E1754.97404
G1 X93.418 Y154.168 E1755.22186
G1 X93.193 Y154.262 E1755.22997
G1 X92.949 Y154.198 E1755.23836
G1 X92.802 Y154.039 E1755.24557
G1 X92.8 Y138.172 E1755.7733
G1 X82.2 Y138.172 E1756.12586
G1 X82.198 Y154.039 E1756.6536
G1 X82.05 Y154.198 E1756.66083
G1 X81.802 Y154.262 E1756.66934
G1 X81.598 Y154.197 E1756.67647
G1 X77.88 Y147.7 E1756.92544
G1 X76.848 Y147.7 E1756.95976
G1 X82.116 Y156.824 E1757.31018
G1 X83.2 Y156.824 E1757.34623
G1 X83.2 Y140.5 E1757.88917
G1 X83.267 Y140.35 E1757.89464
G1 X83.379 Y140.301 E1757.8987
G1 X91.621 Y140.3 E1758.17283
G1 X91.733 Y140.35 E1758.17691
G1 X91.8 Y140.5 E1758.18237
G1 X91.8 Y156.824 E1758.72531
G1 X92.88 Y156.824 E1758.76123
G1 F2700 E1753.76123
;MESH:batclipholder.stl(3)
G0 F9000 X92.713 Y156.53
G0 X97.773 Y147.92
G0 X98.712 Y148.462
G0 X136.289 Y148.463
G0 X137.621 Y148.146
;TYPE:WALL-INNER
G1 F2700 E1758.76123
G1 F1239.7 X141.263 Y154.477 E1759.05517
G0 F9000 X141.785 Y155.013
G0 X142.441 Y154.839
G0 X142.695 Y154.125
G1 F991.7 X142.7 Y140.5 E1759.74059
G0 F9000 X143.034 Y139.585
G1 F1282.1 X143.291 Y139.471 E1759.75153
G1 X151.709 Y139.471 E1760.07912
G1 F1284.8 X151.967 Y139.585 E1760.09007
G1 X151.967 Y139.005 E1760.11259
G1 F1282.1 X143.034 Y139.006 E1760.46021
G1 X143.034 Y139.585 E1760.48274
G0 F9000 X142.7 Y140.5
G1 F1200 X143.002 Y140.05 E1760.50527
G1 F1500 X143.337 Y139.903 E1760.51744
G1 X151.663 Y139.902 E1760.79437
G1 X151.998 Y140.05 E1760.80655
G1 F1200 X152.3 Y140.5 E1760.82908
G1 X152.4 Y139.869 E1760.85564
G1 F1500 X152.4 Y138.572 E1760.89878
G1 X142.6 Y138.572 E1761.22473
G1 X142.6 Y139.869 E1761.26787
G1 F1200 X142.7 Y140.5 E1761.29443
G0 F9000 X142.962 Y140.062
G0 X152.038 Y140.062
G0 X152.3 Y140.5
G1 F991.7 X152.305 Y154.125 E1761.97985
G0 F9000 X152.559 Y154.839
G0 X153.215 Y155.013
G0 X153.793 Y154.382
G1 F1271.2 X155.584 Y151.265 E1762.12094
G1 F1229.5 X157.376 Y148.148 E1762.26683
G0 F9000 X153.215 Y155.013
G0 X152.578 Y155.794
G1 F1694.9 X153.025 Y155.021 E1762.29311
G1 X152.752 Y154.95 E1762.30141
G1 X152.578 Y154.76 E1762.309
G1 X152.578 Y155.794 E1762.33943
G0 F9000 X152.2 Y156.424
G1 F1500 X152.649 Y156.424 E1762.35437
G1 X153.336 Y155.235 E1762.40004
G1 F1388.9 X153.793 Y154.382 E1762.4348
G1 X153.091 Y154.649 E1762.46178
G1 F1500 X152.847 Y154.585 E1762.47017
G1 F1188.1 X152.305 Y154.125 E1762.50002
G1 F1075.3 X152.253 Y154.605 E1762.52242
G1 F1327.4 X152.201 Y155.085 E1762.54057
G1 F1500 X152.2 Y156.424 E1762.5851
G1 F2700 E1757.5851
G0 F9000 X152.48 Y156.146
G0 X152.038 Y140.062
G0 X142.962 Y140.062
G0 X142.422 Y155.799
G1 F2700 E1762.5851
G1 F1685.4 X142.422 Y154.76 E1762.61586
G1 X142.245 Y154.952 E1762.62359
G1 X141.973 Y155.021 E1762.6319
G1 X142.422 Y155.799 E1762.65849
G0 F9000 X142.346 Y156.424
G1 F1500 X142.8 Y156.424 E1762.67359
G1 X142.8 Y155.089 E1762.71799
G1 F1327.4 X142.748 Y154.607 E1762.73621
G1 F1075.3 X142.695 Y154.125 E1762.75871
G1 F1188.1 X142.15 Y154.586 E1762.78868
G1 F1500 X141.902 Y154.649 E1762.79719
G1 F1373 X141.263 Y154.477 E1762.82124
G1 X141.658 Y155.23 E1762.85214
G1 F1500 X142.346 Y156.424 E1762.89797
G0 F9000 X142.116 Y156.824
;TYPE:WALL-OUTER
G1 F1500 X143.2 Y156.824 E1762.93402
G1 X143.2 Y140.5 E1763.47696
G1 X143.267 Y140.35 E1763.48243
G1 X143.379 Y140.301 E1763.48649
G1 X151.621 Y140.3 E1763.76062
G1 X151.733 Y140.35 E1763.7647
G1 X151.8 Y140.5 E1763.77017
G1 X151.8 Y156.824 E1764.3131
G1 X152.88 Y156.824 E1764.34903
G1 X158.151 Y147.701 E1764.69946
G1 X157.117 Y147.7 E1764.73385
G1 X153.418 Y154.168 E1764.98168
G1 X153.193 Y154.262 E1764.98979
G1 X152.949 Y154.198 E1764.99818
G1 X152.802 Y154.039 E1765.00538
G1 X152.8 Y138.172 E1765.53312
G1 X142.2 Y138.172 E1765.88567
G1 X142.198 Y154.039 E1766.41341
G1 X142.05 Y154.198 E1766.42064
G1 X141.802 Y154.262 E1766.42916
G1 X141.598 Y154.197 E1766.43628
G1 X137.88 Y147.7 E1766.68525
G1 X136.848 Y147.7 E1766.71957
G1 X142.116 Y156.824 E1767.06999
G1 F2700 E1762.06999
;MESH:batclipholder.stl(2)
G0 F9000 X142.287 Y156.53
G0 X142.412 Y155.16
G0 X142.424 Y138.398
G0 X142.424 Y137.309
G0 X142.424 Y97.691
G0 X142.424 Y96.596
G0 X142.422 Y95.799
;TYPE:WALL-INNER
G1 F2700 E1767.06999
G1 F1685.4 X142.422 Y94.76 E1767.10075
G1 X142.245 Y94.952 E1767.10848
G1 X141.973 Y95.021 E1767.11678
G1 X142.422 Y95.799 E1767.14337
G0 F9000 X142.346 Y96.424
G1 F1500 X142.8 Y96.424 E1767.15847
G1 X142.8 Y95.089 E1767.20288
G1 F1327.4 X142.748 Y94.607 E1767.2211
G1 F1075.3 X142.695 Y94.125 E1767.24359
G1 F1188.1 X142.15 Y94.586 E1767.27357
G1 F1500 X141.902 Y94.649 E1767.28208
G1 F1373 X141.263 Y94.477 E1767.30613
G1 X141.658 Y95.23 E1767.33702
G1 F1500 X142.346 Y96.424 E1767.38286
G0 F9000 X142.517 Y96.13
G0 X141.263 Y94.477
G1 F1239.7 X137.621 Y88.146 E1767.6768
G0 F9000 X141.785 Y95.013
G0 X142.441 Y94.839
G0 X142.695 Y94.125
G1 F991.7 X142.7 Y80.5 E1768.36222
G0 F9000 X143.034 Y79.585
G1 F1282.1 X143.291 Y79.471 E1768.37316
G1 X151.709 Y79.471 E1768.70074
G1 F1284.8 X151.967 Y79.585 E1768.71169
G1 X151.967 Y79.005 E1768.73421
G1 F1282.1 X143.034 Y79.006 E1769.08183
G1 X143.034 Y79.585 E1769.10437
G0 F9000 X142.7 Y80.5
G1 F1200 X143.002 Y80.05 E1769.1269
G1 F1500 X143.337 Y79.903 E1769.13906
G1 X151.663 Y79.902 E1769.41599
G1 X151.998 Y80.05 E1769.42817
G1 F1200 X152.3 Y80.5 E1769.4507
G1 X152.4 Y79.869 E1769.47726
G1 F1500 X152.4 Y78.572 E1769.5204
G1 X142.6 Y78.572 E1769.84635
G1 X142.6 Y79.869 E1769.88949
G1 F1200 X142.7 Y80.5 E1769.91605
G0 F9000 X142.962 Y80.062
G0 X152.038 Y80.062
G0 X152.3 Y80.5
G1 F991.7 X152.305 Y94.125 E1770.60147
G0 F9000 X152.559 Y94.839
G0 X153.215 Y95.013
G0 X153.793 Y94.382
G1 F1271.2 X155.584 Y91.265 E1770.74256
G1 F1229.5 X157.376 Y88.148 E1770.88845
G0 F9000 X153.215 Y95.013
G0 X152.578 Y95.794
G1 F1694.9 X153.025 Y95.021 E1770.91473
G1 X152.752 Y94.95 E1770.92304
G1 X152.578 Y94.76 E1770.93062
G1 X152.578 Y95.794 E1770.96106
G0 F9000 X152.2 Y96.424
G1 F1500 X152.649 Y96.424 E1770.97599
G1 X153.336 Y95.235 E1771.02166
G1 F1388.9 X153.793 Y94.382 E1771.05642
G1 X153.091 Y94.649 E1771.0834
G1 F1500 X152.847 Y94.585 E1771.09179
G1 F1188.1 X152.305 Y94.125 E1771.12164
G1 F1075.3 X152.253 Y94.605 E1771.14405
G1 F1327.4 X152.201 Y95.085 E1771.16219
G1 F1500 X152.2 Y96.424 E1771.20673
G1 F2700 E1766.20673
G0 F9000 X152.48 Y96.146
G0 X152.038 Y80.062
G0 X142.962 Y80.062
G0 X142.955 Y89.385
G0 X142.287 Y96.53
G0 X142.116 Y96.824
;TYPE:WALL-OUTER
G1 F2700 E1771.20673
G1 F1500 X143.2 Y96.824 E1771.24278
G1 X143.2 Y80.5 E1771.78572
G1 X143.267 Y80.35 E1771.79118
G1 X143.379 Y80.301 E1771.79525
G1 X151.621 Y80.3 E1772.06938
G1 X151.733 Y80.35 E1772.07346
G1 X151.8 Y80.5 E1772.07892
G1 X151.8 Y96.824 E1772.62186
G1 X152.88 Y96.824 E1772.65778
G1 X158.151 Y87.701 E1773.00822
G1 X157.117 Y87.7 E1773.04261
G1 X153.418 Y94.168 E1773.29043
G1 X153.193 Y94.262 E1773.29854
G1 X152.949 Y94.198 E1773.30693
G1 X152.802 Y94.039 E1773.31413
G1 X152.8 Y78.172 E1773.84187
G1 X142.2 Y78.172 E1774.19443
G1 X142.198 Y94.039 E1774.72217
G1 X142.05 Y94.198 E1774.72939
G1 X141.802 Y94.262 E1774.73791
G1 X141.598 Y94.197 E1774.74503
G1 X137.88 Y87.7 E1774.99401
G1 X136.848 Y87.7 E1775.02833
G1 X142.116 Y96.824 E1775.37875
G1 F2700 E1770.37875
;MESH:NONMESH
G0 F300 X142.116 Y96.824 Z6.8
G0 F9000 X142.287 Y96.53
G0 X137.227 Y87.92
G0 X136.289 Y88.463
G0 X98.88 Y86.841
G0 X96.617 Y86.841
G0 X93.665 Y87.92
G0 X82.7 Y80.5
;TIME_ELAPSED:3177.631045
;LAYER:33
;TYPE:WALL-INNER
;MESH:batclipholder.stl(1)
G1 F2700 E1775.37875
G1 F991.7 X82.695 Y94.125 E1776.06417
G0 F9000 X82.441 Y94.839
G0 X81.785 Y95.013
G0 X81.263 Y94.477
G1 F1239.7 X77.621 Y88.146 E1776.35811
G0 F9000 X81.785 Y95.013
G0 X82.422 Y95.799
G1 F1685.4 X82.422 Y94.76 E1776.38886
G1 X82.245 Y94.952 E1776.39659
G1 X81.973 Y95.021 E1776.4049
G1 X82.422 Y95.799 E1776.43149
G0 F9000 X82.8 Y96.424
G1 F1500 X82.8 Y95.089 E1776.47589
G1 F1327.4 X82.748 Y94.607 E1776.49411
G1 F1075.3 X82.695 Y94.125 E1776.51661
G1 F1188.1 X82.15 Y94.586 E1776.54658
G1 F1500 X81.902 Y94.649 E1776.55509
G1 F1373 X81.263 Y94.477 E1776.57914
G1 X81.658 Y95.23 E1776.61004
G1 F1500 X82.346 Y96.424 E1776.65587
G1 X82.8 Y96.424 E1776.67097
G1 F2700 E1771.67097
G0 F9000 X82.52 Y96.146
G0 X82.962 Y80.062
G0 X92.038 Y80.062
G0 X92.305 Y94.125
G1 F2700 E1776.67097
G1 F991.7 X92.3 Y80.5 E1777.35639
G0 F9000 X91.967 Y79.585
G1 F1284.8 X91.967 Y79.005 E1777.37891
G1 F1282.1 X83.034 Y79.006 E1777.72653
G1 X83.034 Y79.585 E1777.74907
G1 X83.291 Y79.471 E1777.76001
G1 X91.709 Y79.471 E1778.08759
G1 F1284.8 X91.967 Y79.585 E1778.09854
G0 F9000 X92.3 Y80.5
G1 F1200 X92.4 Y79.869 E1778.1251
G1 F1500 X92.4 Y78.572 E1778.16824
G1 X82.6 Y78.572 E1778.49419
G1 X82.6 Y79.869 E1778.53733
G1 F1200 X82.7 Y80.5 E1778.56389
G1 X83.002 Y80.05 E1778.58642
G1 F1500 X83.337 Y79.903 E1778.59859
G1 X91.663 Y79.902 E1778.87551
G1 X91.998 Y80.05 E1778.88769
G1 F1200 X92.3 Y80.5 E1778.91022
G0 F9000 X92.559 Y94.839
G0 X93.215 Y95.013
G0 X97.376 Y88.148
G1 F1229.5 X95.584 Y91.265 E1779.05612
G1 F1271.2 X93.793 Y94.382 E1779.19721
G0 F9000 X92.578 Y95.794
G1 F1694.9 X93.025 Y95.021 E1779.22349
G1 X92.752 Y94.95 E1779.23179
G1 X92.578 Y94.76 E1779.23938
G1 X92.578 Y95.794 E1779.26981
G0 F9000 X92.649 Y96.424
G1 F1500 X93.336 Y95.235 E1779.31549
G1 F1388.9 X93.793 Y94.382 E1779.35025
G1 X93.091 Y94.649 E1779.37723
G1 F1500 X92.847 Y94.585 E1779.38562
G1 F1188.1 X92.305 Y94.125 E1779.41547
G1 F1075.3 X92.253 Y94.605 E1779.43787
G1 F1327.4 X92.201 Y95.085 E1779.45601
G1 F1500 X92.2 Y96.424 E1779.50055
G1 X92.649 Y96.424 E1779.51548
G0 F9000 X92.88 Y96.824
;TYPE:WALL-OUTER
G1 F1500 X98.151 Y87.701 E1779.86592
G1 X97.117 Y87.7 E1779.90031
G1 X93.418 Y94.168 E1780.14813
G1 X93.193 Y94.262 E1780.15624
G1 X92.949 Y94.198 E1780.16463
G1 X92.802 Y94.039 E1780.17184
G1 X92.8 Y78.172 E1780.69957
G1 X82.2 Y78.172 E1781.05213
G1 X82.198 Y94.039 E1781.57987
G1 X82.05 Y94.198 E1781.58709
G1 X81.802 Y94.262 E1781.59561
G1 X81.598 Y94.197 E1781.60273
G1 X77.88 Y87.7 E1781.85171
G1 X76.848 Y87.7 E1781.88603
G1 X82.116 Y96.824 E1782.23645
G1 X83.2 Y96.824 E1782.2725
G1 X83.2 Y80.5 E1782.81544
G1 X83.267 Y80.35 E1782.8209
G1 X83.379 Y80.301 E1782.82497
G1 X91.621 Y80.3 E1783.0991
G1 X91.733 Y80.35 E1783.10318
G1 X91.8 Y80.5 E1783.10864
G1 X91.8 Y96.824 E1783.65158
G1 X92.88 Y96.824 E1783.6875
G1 F2700 E1778.6875
;MESH:batclipholder.stl
G0 F9000 X92.713 Y96.53
G0 X92.024 Y96.602
G0 X92.024 Y97.691
G0 X92.024 Y137.309
G0 X92.024 Y138.404
G0 X91.967 Y139.585
;TYPE:WALL-INNER
G1 F2700 E1783.6875
G1 F1284.8 X91.967 Y139.005 E1783.71003
G1 F1282.1 X83.034 Y139.006 E1784.05765
G1 X83.034 Y139.585 E1784.08018
G1 X83.291 Y139.471 E1784.09112
G1 X91.709 Y139.471 E1784.4187
G1 F1284.8 X91.967 Y139.585 E1784.42965
G0 F9000 X92.3 Y140.5
G1 F1200 X92.4 Y139.869 E1784.45621
G1 F1500 X92.4 Y138.572 E1784.49935
G1 X82.6 Y138.572 E1784.8253
G1 X82.6 Y139.869 E1784.86844
G1 F1200 X82.7 Y140.5 E1784.895
G1 X83.002 Y140.05 E1784.91753
G1 F1500 X83.337 Y139.903 E1784.9297
G1 X91.663 Y139.902 E1785.20663
G1 X91.998 Y140.05 E1785.21881
G1 F1200 X92.3 Y140.5 E1785.24134
G1 F991.7 X92.305 Y154.125 E1785.92676
G0 F9000 X92.559 Y154.839
G0 X93.215 Y155.013
G0 X93.793 Y154.382
G1 F1271.2 X95.584 Y151.265 E1786.06785
G1 F1229.5 X97.376 Y148.148 E1786.21374
G0 F9000 X93.215 Y155.013
G0 X92.578 Y155.794
G1 F1694.9 X93.025 Y155.021 E1786.24002
G1 X92.752 Y154.95 E1786.24832
G1 X92.578 Y154.76 E1786.25591
G1 X92.578 Y155.794 E1786.28634
G0 F9000 X92.649 Y156.424
G1 F1500 X93.336 Y155.235 E1786.33202
G1 F1388.9 X93.793 Y154.382 E1786.36678
G1 X93.091 Y154.649 E1786.39376
G1 F1500 X92.847 Y154.585 E1786.40215
G1 F1188.1 X92.305 Y154.125 E1786.432
G1 F1075.3 X92.253 Y154.605 E1786.4544
G1 F1327.4 X92.201 Y155.085 E1786.47255
G1 F1500 X92.2 Y156.424 E1786.51708
G1 X92.649 Y156.424 E1786.53201
G1 F2700 E1781.53201
G0 F9000 X92.483 Y156.13
G0 X92.038 Y140.062
G0 X82.962 Y140.062
G0 X82.695 Y154.125
G1 F2700 E1786.53201
G1 F991.7 X82.7 Y140.5 E1787.21743
G0 F9000 X82.441 Y154.839
G0 X81.785 Y155.013
G0 X77.621 Y148.146
G1 F1239.7 X81.263 Y154.477 E1787.51137
G0 F9000 X82.422 Y155.799
G1 F1685.4 X82.422 Y154.76 E1787.54213
G1 X82.245 Y154.952 E1787.54986
G1 X81.973 Y155.021 E1787.55817
G1 X82.422 Y155.799 E1787.58476
G0 F9000 X82.8 Y156.424
G1 F1500 X82.8 Y155.089 E1787.62916
G1 F1327.4 X82.748 Y154.607 E1787.64738
G1 F1075.3 X82.695 Y154.125 E1787.66988
G1 F1188.1 X82.15 Y154.586 E1787.69985
G1 F1500 X81.902 Y154.649 E1787.70836
G1 F1373 X81.263 Y154.477 E1787.73241
G1 X81.658 Y155.23 E1787.76331
G1 F1500 X82.346 Y156.424 E1787.80914
G1 X82.8 Y156.424 E1787.82424
G1 F2700 E1782.82424
G0 F9000 X82.52 Y156.146
G0 X82.962 Y140.062
G0 X92.038 Y140.062
G0 X92.045 Y149.385
G0 X92.713 Y156.53
G0 X92.88 Y156.824
;TYPE:WALL-OUTER
G1 F2700 E1787.82424
G1 F1500 X98.151 Y147.701 E1788.17468
G1 X97.117 Y147.7 E1788.20907
G1 X93.418 Y154.168 E1788.45689
G1 X93.193 Y154.262 E1788.465
G1 X92.949 Y154.198 E1788.47339
G1 X92.802 Y154.039 E1788.48059
G1 X92.8 Y138.172 E1789.00833
G1 X82.2 Y138.172 E1789.36089
G1 X82.198 Y154.039 E1789.88863
G1 X82.05 Y154.198 E1789.89585
G1 X81.802 Y154.262 E1789.90437
G1 X81.598 Y154.197 E1789.91149
G1 X77.88 Y147.7 E1790.16046
G1 X76.848 Y147.7 E1790.19479
G1 X82.116 Y156.824 E1790.5452
G1 X83.2 Y156.824 E1790.58126
G1 X83.2 Y140.5 E1791.1242
G1 X83.267 Y140.35 E1791.12966
G1 X83.379 Y140.301 E1791.13373
G1 X91.621 Y140.3 E1791.40786
G1 X91.733 Y140.35 E1791.41194
G1 X91.8 Y140.5 E1791.4174
G1 X91.8 Y156.824 E1791.96034
G1 X92.88 Y156.824 E1791.99626
G1 F2700 E1786.99626
;MESH:batclipholder.stl(3)
G0 F9000 X92.713 Y156.53
G0 X97.773 Y147.92
G0 X98.712 Y148.462
G0 X136.289 Y148.463
G0 X137.621 Y148.146
;TYPE:WALL-INNER
G1 F2700 E1791.99626
G1 F1239.7 X141.263 Y154.477 E1792.2902
G0 F9000 X141.785 Y155.013
G0 X142.441 Y154.839
G0 X142.695 Y154.125
G1 F991.7 X142.7 Y140.5 E1792.97562
G0 F9000 X143.034 Y139.585
G1 F1282.1 X143.291 Y139.471 E1792.98656
G1 X151.709 Y139.471 E1793.31414
G1 F1284.8 X151.967 Y139.585 E1793.32509
G1 X151.967 Y139.005 E1793.34762
G1 F1282.1 X143.034 Y139.006 E1793.69524
G1 X143.034 Y139.585 E1793.71777
G0 F9000 X142.7 Y140.5
G1 F1200 X143.002 Y140.05 E1793.7403
G1 F1500 X143.337 Y139.903 E1793.75247
G1 X151.663 Y139.902 E1794.02939
G1 X151.998 Y140.05 E1794.04157
G1 F1200 X152.3 Y140.5 E1794.0641
G1 X152.4 Y139.869 E1794.09067
G1 F1500 X152.4 Y138.572 E1794.1338
G1 X142.6 Y138.572 E1794.45975
G1 X142.6 Y139.869 E1794.50289
G1 F1200 X142.7 Y140.5 E1794.52945
G0 F9000 X142.962 Y140.062
G0 X152.038 Y140.062
G0 X152.3 Y140.5
G1 F991.7 X152.305 Y154.125 E1795.21487
G0 F9000 X152.559 Y154.839
G0 X153.215 Y155.013
G0 X153.793 Y154.382
G1 F1271.2 X155.584 Y151.265 E1795.35596
G1 F1229.5 X157.376 Y148.148 E1795.50185
G0 F9000 X153.215 Y155.013
G0 X152.578 Y155.794
G1 F1694.9 X153.025 Y155.021 E1795.52814
G1 X152.752 Y154.95 E1795.53644
G1 X152.578 Y154.76 E1795.54402
G1 X152.578 Y155.794 E1795.57446
G0 F9000 X152.2 Y156.424
G1 F1500 X152.649 Y156.424 E1795.58939
G1 X153.336 Y155.235 E1795.63507
G1 F1388.9 X153.793 Y154.382 E1795.66983
G1 X153.091 Y154.649 E1795.69681
G1 F1500 X152.847 Y154.585 E1795.7052
G1 F1188.1 X152.305 Y154.125 E1795.73505
G1 F1075.3 X152.253 Y154.605 E1795.75745
G1 F1327.4 X152.201 Y155.085 E1795.77559
G1 F1500 X152.2 Y156.424 E1795.82013
G1 F2700 E1790.82013
G0 F9000 X152.48 Y156.146
G0 X152.038 Y140.062
G0 X142.962 Y140.062
G0 X142.422 Y155.799
G1 F2700 E1795.82013
G1 F1685.4 X142.422 Y154.76 E1795.85089
G1 X142.245 Y154.952 E1795.85862
G1 X141.973 Y155.021 E1795.86692
G1 X142.422 Y155.799 E1795.89351
G0 F9000 X142.346 Y156.424
G1 F1500 X142.8 Y156.424 E1795.90861
G1 X142.8 Y155.089 E1795.95301
G1 F1327.4 X142.748 Y154.607 E1795.97124
G1 F1075.3 X142.695 Y154.125 E1795.99373
G1 F1188.1 X142.15 Y154.586 E1796.02371
G1 F1500 X141.902 Y154.649 E1796.03222
G1 F1373 X141.263 Y154.477 E1796.05626
G1 X141.658 Y155.23 E1796.08716
G1 F1500 X142.346 Y156.424 E1796.133
G0 F9000 X142.116 Y156.824
;TYPE:WALL-OUTER
G1 F1500 X143.2 Y156.824 E1796.16905
G1 X143.2 Y140.5 E1796.71199
G1 X143.267 Y140.35 E1796.71745
G1 X143.379 Y140.301 E1796.72152
G1 X151.621 Y140.3 E1796.99565
G1 X151.733 Y140.35 E1796.99973
G1 X151.8 Y140.5 E1797.00519
G1 X151.8 Y156.824 E1797.54813
G1 X152.88 Y156.824 E1797.58405
G1 X158.151 Y147.701 E1797.93449
G1 X157.117 Y147.7 E1797.96888
G1 X153.418 Y154.168 E1798.2167
G1 X153.193 Y154.262 E1798.22481
G1 X152.949 Y154.198 E1798.2332
G1 X152.802 Y154.039 E1798.2404
G1 X152.8 Y138.172 E1798.76814
G1 X142.2 Y138.172 E1799.1207
G1 X142.198 Y154.039 E1799.64844
G1 X142.05 Y154.198 E1799.65566
G1 X141.802 Y154.262 E1799.66418
G1 X141.598 Y154.197 E1799.6713
G1 X137.88 Y147.7 E1799.92028
G1 X136.848 Y147.7 E1799.9546
G1 X142.116 Y156.824 E1800.30502
G1 F2700 E1795.30502
;MESH:batclipholder.stl(2)
G0 F9000 X142.287 Y156.53
G0 X142.412 Y155.16
G0 X142.424 Y138.398
G0 X142.424 Y137.309
G0 X142.424 Y97.691
G0 X142.424 Y96.596
G0 X142.422 Y95.799
;TYPE:WALL-INNER
G1 F2700 E1800.30502
G1 F1685.4 X142.422 Y94.76 E1800.33577
G1 X142.245 Y94.952 E1800.3435
G1 X141.973 Y95.021 E1800.35181
G1 X142.422 Y95.799 E1800.3784
G0 F9000 X142.346 Y96.424
G1 F1500 X142.8 Y96.424 E1800.3935
G1 X142.8 Y95.089 E1800.4379
G1 F1327.4 X142.748 Y94.607 E1800.45612
G1 F1075.3 X142.695 Y94.125 E1800.47862
G1 F1188.1 X142.15 Y94.586 E1800.50859
G1 F1500 X141.902 Y94.649 E1800.5171
G1 F1373 X141.263 Y94.477 E1800.54115
G1 X141.658 Y95.23 E1800.57205
G1 F1500 X142.346 Y96.424 E1800.61788
G0 F9000 X142.517 Y96.13
G0 X141.263 Y94.477
G1 F1239.7 X137.621 Y88.146 E1800.91182
G0 F9000 X141.785 Y95.013
G0 X142.441 Y94.839
G0 X142.695 Y94.125
G1 F991.7 X142.7 Y80.5 E1801.59724
G0 F9000 X143.034 Y79.585
G1 F1282.1 X143.291 Y79.471 E1801.60818
G1 X151.709 Y79.471 E1801.93576
G1 F1284.8 X151.967 Y79.585 E1801.94672
G1 X151.967 Y79.005 E1801.96924
G1 F1282.1 X143.034 Y79.006 E1802.31686
G1 X143.034 Y79.585 E1802.33939
G0 F9000 X142.7 Y80.5
G1 F1200 X143.002 Y80.05 E1802.36192
G1 F1500 X143.337 Y79.903 E1802.37409
G1 X151.663 Y79.902 E1802.65101
G1 X151.998 Y80.05 E1802.66319
G1 F1200 X152.3 Y80.5 E1802.68573
G1 X152.4 Y79.869 E1802.71229
G1 F1500 X152.4 Y78.572 E1802.75543
G1 X142.6 Y78.572 E1803.08138
G1 X142.6 Y79.869 E1803.12451
G1 F1200 X142.7 Y80.5 E1803.15108
G0 F9000 X142.962 Y80.062
G0 X152.038 Y80.062
G0 X152.3 Y80.5
G1 F991.7 X152.305 Y94.125 E1803.83649
G0 F9000 X152.559 Y94.839
G0 X153.215 Y95.013
G0 X153.793 Y94.382
G1 F1271.2 X155.584 Y91.265 E1803.97758
G1 F1229.5 X157.376 Y88.148 E1804.12348
G0 F9000 X153.215 Y95.013
G0 X152.578 Y95.794
G1 F1694.9 X153.025 Y95.021 E1804.14976
G1 X152.752 Y94.95 E1804.15806
G1 X152.578 Y94.76 E1804.16565
G1 X152.578 Y95.794 E1804.19608
G0 F9000 X152.2 Y96.424
G1 F1500 X152.649 Y96.424 E1804.21102
G1 X153.336 Y95.235 E1804.25669
G1 F1388.9 X153.793 Y94.382 E1804.29145
G1 X153.091 Y94.649 E1804.31843
G1 F1500 X152.847 Y94.585 E1804.32682
G1 F1188.1 X152.305 Y94.125 E1804.35667
G1 F1075.3 X152.253 Y94.605 E1804.37907
G1 F1327.4 X152.201 Y95.085 E1804.39722
G1 F1500 X152.2 Y96.424 E1804.44175
G1 F2700 E1799.44175
G0 F9000 X152.48 Y96.146
G0 X152.038 Y80.062
G0 X142.962 Y80.062
G0 X142.955 Y89.385
G0 X142.287 Y96.53
G0 X142.116 Y96.824
;TYPE:WALL-OUTER
G1 F2700 E1804.44175
G1 F1500 X143.2 Y96.824 E1804.47781
G1 X143.2 Y80.5 E1805.02074
G1 X143.267 Y80.35 E1805.02621
G1 X143.379 Y80.301 E1805.03027
G1 X151.621 Y80.3 E1805.3044
G1 X151.733 Y80.35 E1805.30848
G1 X151.8 Y80.5 E1805.31395
G1 X151.8 Y96.824 E1805.85689
G1 X152.88 Y96.824 E1805.89281
G1 X158.151 Y87.701 E1806.24324
G1 X157.117 Y87.7 E1806.27764
G1 X153.418 Y94.168 E1806.52546
G1 X153.193 Y94.262 E1806.53357
G1 X152.949 Y94.198 E1806.54196
G1 X152.802 Y94.039 E1806.54916
G1 X152.8 Y78.172 E1807.0769
G1 X142.2 Y78.172 E1807.42946
G1 X142.198 Y94.039 E1807.95719
G1 X142.05 Y94.198 E1807.96442
G1 X141.802 Y94.262 E1807.97294
G1 X141.598 Y94.197 E1807.98006
G1 X137.88 Y87.7 E1808.22903
G1 X136.848 Y87.7 E1808.26336
G1 X142.116 Y96.824 E1808.61377
G1 F2700 E1803.61377
;MESH:NONMESH
G0 F300 X142.116 Y96.824 Z7
G0 F9000 X142.287 Y96.53
G0 X137.227 Y87.92
G0 X136.289 Y88.463
G0 X98.88 Y86.841
G0 X96.617 Y86.841
G0 X93.665 Y87.92
G0 X82.7 Y80.5
;TIME_ELAPSED:3238.041722
;LAYER:34
;TYPE:WALL-INNER
;MESH:batclipholder.stl(1)
G1 F2700 E1808.61377
G1 F991.7 X82.695 Y94.125 E1809.29919
G0 F9000 X82.441 Y94.839
G0 X81.785 Y95.013
G0 X81.263 Y94.477
G1 F1239.7 X77.621 Y88.146 E1809.59313
G0 F9000 X81.785 Y95.013
G0 X82.422 Y95.799
G1 F1685.4 X82.422 Y94.76 E1809.62389
G1 X82.245 Y94.952 E1809.63162
G1 X81.973 Y95.021 E1809.63992
G1 X82.422 Y95.799 E1809.66651
G0 F9000 X82.8 Y96.424
G1 F1500 X82.8 Y95.089 E1809.71092
G1 F1327.4 X82.748 Y94.607 E1809.72914
G1 F1075.3 X82.695 Y94.125 E1809.75164
G1 F1188.1 X82.15 Y94.586 E1809.78161
G1 F1500 X81.902 Y94.649 E1809.79012
G1 F1373 X81.263 Y94.477 E1809.81417
G1 X81.658 Y95.23 E1809.84506
G1 F1500 X82.346 Y96.424 E1809.8909
G1 X82.8 Y96.424 E1809.906
G1 F2700 E1804.906
G0 F9000 X82.52 Y96.146
G0 X82.962 Y80.062
G0 X92.038 Y80.062
G0 X92.305 Y94.125
G1 F2700 E1809.906
G1 F991.7 X92.3 Y80.5 E1810.59142
G0 F9000 X91.967 Y79.585
G1 F1284.8 X91.967 Y79.005 E1810.61394
G1 F1282.1 X83.034 Y79.006 E1810.96156
G1 X83.034 Y79.585 E1810.98409
G1 X83.291 Y79.471 E1810.99503
G1 X91.709 Y79.471 E1811.32261
G1 F1284.8 X91.967 Y79.585 E1811.33357
G0 F9000 X92.3 Y80.5
G1 F1200 X92.4 Y79.869 E1811.36013
G1 F1500 X92.4 Y78.572 E1811.40327
G1 X82.6 Y78.572 E1811.72921
G1 X82.6 Y79.869 E1811.77235
G1 F1200 X82.7 Y80.5 E1811.79891
G1 X83.002 Y80.05 E1811.82145
G1 F1500 X83.337 Y79.903 E1811.83361
G1 X91.663 Y79.902 E1812.11054
G1 X91.998 Y80.05 E1812.12272
G1 F1200 X92.3 Y80.5 E1812.14525
G0 F9000 X92.559 Y94.839
G0 X93.215 Y95.013
G0 X97.376 Y88.148
G1 F1229.5 X95.584 Y91.265 E1812.29114
G1 F1271.2 X93.793 Y94.382 E1812.43223
G0 F9000 X92.578 Y95.794
G1 F1694.9 X93.025 Y95.021 E1812.45852
G1 X92.752 Y94.95 E1812.46682
G1 X92.578 Y94.76 E1812.4744
G1 X92.578 Y95.794 E1812.50484
G0 F9000 X92.649 Y96.424
G1 F1500 X93.336 Y95.235 E1812.55051
G1 F1388.9 X93.793 Y94.382 E1812.58527
G1 X93.091 Y94.649 E1812.61225
G1 F1500 X92.847 Y94.585 E1812.62064
G1 F1188.1 X92.305 Y94.125 E1812.65049
G1 F1075.3 X92.253 Y94.605 E1812.67289
G1 F1327.4 X92.201 Y95.085 E1812.69104
G1 F1500 X92.2 Y96.424 E1812.73557
G1 X92.649 Y96.424 E1812.75051
G0 F9000 X92.88 Y96.824
;TYPE:WALL-OUTER
G1 F1500 X98.151 Y87.701 E1813.10095
G1 X97.117 Y87.7 E1813.13534
G1 X93.418 Y94.168 E1813.38316
G1 X93.193 Y94.262 E1813.39127
G1 X92.949 Y94.198 E1813.39966
G1 X92.802 Y94.039 E1813.40686
G1 X92.8 Y78.172 E1813.9346
G1 X82.2 Y78.172 E1814.28716
G1 X82.198 Y94.039 E1814.81489
G1 X82.05 Y94.198 E1814.82212
G1 X81.802 Y94.262 E1814.83064
G1 X81.598 Y94.197 E1814.83776
G1 X77.88 Y87.7 E1815.08673
G1 X76.848 Y87.7 E1815.12106
G1 X82.116 Y96.824 E1815.47147
G1 X83.2 Y96.824 E1815.50753
G1 X83.2 Y80.5 E1816.05047
G1 X83.267 Y80.35 E1816.05593
G1 X83.379 Y80.301 E1816.06
G1 X91.621 Y80.3 E1816.33413
G1 X91.733 Y80.35 E1816.3382
G1 X91.8 Y80.5 E1816.34367
G1 X91.8 Y96.824 E1816.88661
G1 X92.88 Y96.824 E1816.92253
G1 F2700 E1811.92253
;MESH:batclipholder.stl
G0 F9000 X92.713 Y96.53
G0 X92.024 Y96.602
G0 X92.024 Y97.691
G0 X92.024 Y137.309
G0 X92.024 Y138.404
G0 X91.967 Y139.585
;TYPE:WALL-INNER
G1 F2700 E1816.92253
G1 F1284.8 X91.967 Y139.005 E1816.94505
G1 F1282.1 X83.034 Y139.006 E1817.29267
G1 X83.034 Y139.585 E1817.3152
G1 X83.291 Y139.471 E1817.32614
G1 X91.709 Y139.471 E1817.65373
G1 F1284.8 X91.967 Y139.585 E1817.66468
G0 F9000 X92.3 Y140.5
G1 F1200 X92.4 Y139.869 E1817.69124
G1 F1500 X92.4 Y138.572 E1817.73438
G1 X82.6 Y138.572 E1818.06033
G1 X82.6 Y139.869 E1818.10347
G1 F1200 X82.7 Y140.5 E1818.13003
G1 X83.002 Y140.05 E1818.15256
G1 F1500 X83.337 Y139.903 E1818.16473
G1 X91.663 Y139.902 E1818.44165
G1 X91.998 Y140.05 E1818.45383
G1 F1200 X92.3 Y140.5 E1818.47636
G1 F991.7 X92.305 Y154.125 E1819.16178
G0 F9000 X92.559 Y154.839
G0 X93.215 Y155.013
G0 X93.793 Y154.382
G1 F1271.2 X95.584 Y151.265 E1819.30287
G1 F1229.5 X97.376 Y148.148 E1819.44876
G0 F9000 X93.215 Y155.013
G0 X92.578 Y155.794
G1 F1694.9 X93.025 Y155.021 E1819.47505
G1 X92.752 Y154.95 E1819.48335
G1 X92.578 Y154.76 E1819.49093
G1 X92.578 Y155.794 E1819.52137
G0 F9000 X92.649 Y156.424
G1 F1500 X93.336 Y155.235 E1819.56704
G1 F1388.9 X93.793 Y154.382 E1819.6018
G1 X93.091 Y154.649 E1819.62878
G1 F1500 X92.847 Y154.585 E1819.63717
G1 F1188.1 X92.305 Y154.125 E1819.66702
G1 F1075.3 X92.253 Y154.605 E1819.68942
G1 F1327.4 X92.201 Y155.085 E1819.70757
G1 F1500 X92.2 Y156.424 E1819.75211
G1 X92.649 Y156.424 E1819.76704
G1 F2700 E1814.76704
G0 F9000 X92.483 Y156.13
G0 X92.038 Y140.062
G0 X82.962 Y140.062
G0 X82.695 Y154.125
G1 F2700 E1819.76704
G1 F991.7 X82.7 Y140.5 E1820.45246
G0 F9000 X82.441 Y154.839
G0 X81.785 Y155.013
G0 X77.621 Y148.146
G1 F1239.7 X81.263 Y154.477 E1820.7464
G0 F9000 X82.422 Y155.799
G1 F1685.4 X82.422 Y154.76 E1820.77715
G1 X82.245 Y154.952 E1820.78488
G1 X81.973 Y155.021 E1820.79319
G1 X82.422 Y155.799 E1820.81978
G0 F9000 X82.8 Y156.424
G1 F1500 X82.8 Y155.089 E1820.86418
G1 F1327.4 X82.748 Y154.607 E1820.8824
G1 F1075.3 X82.695 Y154.125 E1820.9049
G1 F1188.1 X82.15 Y154.586 E1820.93488
G1 F1500 X81.902 Y154.649 E1820.94339
G1 F1373 X81.263 Y154.477 E1820.96743
G1 X81.658 Y155.23 E1820.99833
G1 F1500 X82.346 Y156.424 E1821.04416
G1 X82.8 Y156.424 E1821.05926
G1 F2700 E1816.05926
G0 F9000 X82.52 Y156.146
G0 X82.962 Y140.062
G0 X92.038 Y140.062
G0 X92.045 Y149.385
G0 X92.713 Y156.53
G0 X92.88 Y156.824
;TYPE:WALL-OUTER
G1 F2700 E1821.05926
G1 F1500 X98.151 Y147.701 E1821.4097
G1 X97.117 Y147.7 E1821.44409
G1 X93.418 Y154.168 E1821.69191
G1 X93.193 Y154.262 E1821.70002
G1 X92.949 Y154.198 E1821.70841
G1 X92.802 Y154.039 E1821.71562
G1 X92.8 Y138.172 E1822.24336
G1 X82.2 Y138.172 E1822.59591
G1 X82.198 Y154.039 E1823.12365
G1 X82.05 Y154.198 E1823.13088
G1 X81.802 Y154.262 E1823.13939
G1 X81.598 Y154.197 E1823.14652
G1 X77.88 Y147.7 E1823.39549
G1 X76.848 Y147.7 E1823.42981
G1 X82.116 Y156.824 E1823.78023
G1 X83.2 Y156.824 E1823.81628
G1 X83.2 Y140.5 E1824.35922
G1 X83.267 Y140.35 E1824.36469
G1 X83.379 Y140.301 E1824.36875
G1 X91.621 Y140.3 E1824.64288
G1 X91.733 Y140.35 E1824.64696
G1 X91.8 Y140.5 E1824.65243
G1 X91.8 Y156.824 E1825.19536
G1 X92.88 Y156.824 E1825.23128
G1 F2700 E1820.23128
;MESH:batclipholder.stl(3)
G0 F9000 X92.713 Y156.53
G0 X97.773 Y147.92
G0 X98.712 Y148.462
G0 X136.289 Y148.463
G0 X137.621 Y148.146
;TYPE:WALL-INNER
G1 F2700 E1825.23128
G1 F1239.7 X141.263 Y154.477 E1825.52523
G0 F9000 X141.785 Y155.013
G0 X142.441 Y154.839
G0 X142.695 Y154.125
G1 F991.7 X142.7 Y140.5 E1826.21064
G0 F9000 X143.034 Y139.585
G1 F1282.1 X143.291 Y139.471 E1826.22158
G1 X151.709 Y139.471 E1826.54917
G1 F1284.8 X151.967 Y139.585 E1826.56012
G1 X151.967 Y139.005 E1826.58264
G1 F1282.1 X143.034 Y139.006 E1826.93026
G1 X143.034 Y139.585 E1826.95279
G0 F9000 X142.7 Y140.5
G1 F1200 X143.002 Y140.05 E1826.97533
G1 F1500 X143.337 Y139.903 E1826.98749
G1 X151.663 Y139.902 E1827.26442
G1 X151.998 Y140.05 E1827.2766
G1 F1200 X152.3 Y140.5 E1827.29913
G1 X152.4 Y139.869 E1827.32569
G1 F1500 X152.4 Y138.572 E1827.36883
G1 X142.6 Y138.572 E1827.69478
G1 X142.6 Y139.869 E1827.73792
G1 F1200 X142.7 Y140.5 E1827.76448
G0 F9000 X142.962 Y140.062
G0 X152.038 Y140.062
G0 X152.3 Y140.5
G1 F991.7 X152.305 Y154.125 E1828.4499
G0 F9000 X152.559 Y154.839
G0 X153.215 Y155.013
G0 X153.793 Y154.382
G1 F1271.2 X155.584 Y151.265 E1828.59099
G1 F1229.5 X157.376 Y148.148 E1828.73688
G0 F9000 X153.215 Y155.013
G0 X152.578 Y155.794
G1 F1694.9 X153.025 Y155.021 E1828.76316
G1 X152.752 Y154.95 E1828.77147
G1 X152.578 Y154.76 E1828.77905
G1 X152.578 Y155.794 E1828.80948
G0 F9000 X152.2 Y156.424
G1 F1500 X152.649 Y156.424 E1828.82442
G1 X153.336 Y155.235 E1828.87009
G1 F1388.9 X153.793 Y154.382 E1828.90485
G1 X153.091 Y154.649 E1828.93183
G1 F1500 X152.847 Y154.585 E1828.94022
G1 F1188.1 X152.305 Y154.125 E1828.97007
G1 F1075.3 X152.253 Y154.605 E1828.99247
G1 F1327.4 X152.201 Y155.085 E1829.01062
G1 F1500 X152.2 Y156.424 E1829.05515
G1 F2700 E1824.05515
G0 F9000 X152.48 Y156.146
G0 X152.038 Y140.062
G0 X142.962 Y140.062
G0 X142.422 Y155.799
G1 F2700 E1829.05515
G1 F1685.4 X142.422 Y154.76 E1829.08591
G1 X142.245 Y154.952 E1829.09364
G1 X141.973 Y155.021 E1829.10195
G1 X142.422 Y155.799 E1829.12854
G0 F9000 X142.346 Y156.424
G1 F1500 X142.8 Y156.424 E1829.14364
G1 X142.8 Y155.089 E1829.18804
G1 F1327.4 X142.748 Y154.607 E1829.20626
G1 F1075.3 X142.695 Y154.125 E1829.22876
G1 F1188.1 X142.15 Y154.586 E1829.25873
G1 F1500 X141.902 Y154.649 E1829.26724
G1 F1373 X141.263 Y154.477 E1829.29129
G1 X141.658 Y155.23 E1829.32219
G1 F1500 X142.346 Y156.424 E1829.36802
G0 F9000 X142.116 Y156.824
;TYPE:WALL-OUTER
G1 F1500 X143.2 Y156.824 E1829.40407
G1 X143.2 Y140.5 E1829.94701
G1 X143.267 Y140.35 E1829.95248
G1 X143.379 Y140.301 E1829.95654
G1 X151.621 Y140.3 E1830.23067
G1 X151.733 Y140.35 E1830.23475
G1 X151.8 Y140.5 E1830.24022
G1 X151.8 Y156.824 E1830.78316
G1 X152.88 Y156.824 E1830.81908
G1 X158.151 Y147.701 E1831.16951
G1 X157.117 Y147.7 E1831.2039
G1 X153.418 Y154.168 E1831.45173
G1 X153.193 Y154.262 E1831.45984
G1 X152.949 Y154.198 E1831.46823
G1 X152.802 Y154.039 E1831.47543
G1 X152.8 Y138.172 E1832.00317
G1 X142.2 Y138.172 E1832.35572
G1 X142.198 Y154.039 E1832.88346
G1 X142.05 Y154.198 E1832.89069
G1 X141.802 Y154.262 E1832.89921
G1 X141.598 Y154.197 E1832.90633
G1 X137.88 Y147.7 E1833.1553
G1 X136.848 Y147.7 E1833.18963
G1 X142.116 Y156.824 E1833.54004
G1 F2700 E1828.54004
;MESH:batclipholder.stl(2)
G0 F9000 X142.287 Y156.53
G0 X142.412 Y155.16
G0 X142.424 Y138.398
G0 X142.424 Y137.309
G0 X142.424 Y97.691
G0 X142.424 Y96.596
G0 X142.422 Y95.799
;TYPE:WALL-INNER
G1 F2700 E1833.54004
G1 F1685.4 X142.422 Y94.76 E1833.5708
G1 X142.245 Y94.952 E1833.57853
G1 X141.973 Y95.021 E1833.58683
G1 X142.422 Y95.799 E1833.61342
G0 F9000 X142.346 Y96.424
G1 F1500 X142.8 Y96.424 E1833.62852
G1 X142.8 Y95.089 E1833.67293
G1 F1327.4 X142.748 Y94.607 E1833.69115
G1 F1075.3 X142.695 Y94.125 E1833.71365
G1 F1188.1 X142.15 Y94.586 E1833.74362
G1 F1500 X141.902 Y94.649 E1833.75213
G1 F1373 X141.263 Y94.477 E1833.77618
G1 X141.658 Y95.23 E1833.80707
G1 F1500 X142.346 Y96.424 E1833.85291
G0 F9000 X142.517 Y96.13
G0 X141.263 Y94.477
G1 F1239.7 X137.621 Y88.146 E1834.14685
G0 F9000 X141.785 Y95.013
G0 X142.441 Y94.839
G0 X142.695 Y94.125
G1 F991.7 X142.7 Y80.5 E1834.83227
G0 F9000 X143.034 Y79.585
G1 F1282.1 X143.291 Y79.471 E1834.84321
G1 X151.709 Y79.471 E1835.17079
G1 F1284.8 X151.967 Y79.585 E1835.18174
G1 X151.967 Y79.005 E1835.20426
G1 F1282.1 X143.034 Y79.006 E1835.55188
G1 X143.034 Y79.585 E1835.57442
G0 F9000 X142.7 Y80.5
G1 F1200 X143.002 Y80.05 E1835.59695
G1 F1500 X143.337 Y79.903 E1835.60912
G1 X151.663 Y79.902 E1835.88604
G1 X151.998 Y80.05 E1835.89822
G1 F1200 X152.3 Y80.5 E1835.92075
G1 X152.4 Y79.869 E1835.94731
G1 F1500 X152.4 Y78.572 E1835.99045
G1 X142.6 Y78.572 E1836.3164
G1 X142.6 Y79.869 E1836.35954
G1 F1200 X142.7 Y80.5 E1836.3861
G0 F9000 X142.962 Y80.062
G0 X152.038 Y80.062
G0 X152.3 Y80.5
G1 F991.7 X152.305 Y94.125 E1837.07152
G0 F9000 X152.559 Y94.839
G0 X153.215 Y95.013
G0 X153.793 Y94.382
G1 F1271.2 X155.584 Y91.265 E1837.21261
G1 F1229.5 X157.376 Y88.148 E1837.3585
G0 F9000 X153.215 Y95.013
G0 X152.578 Y95.794
G1 F1694.9 X153.025 Y95.021 E1837.38478
G1 X152.752 Y94.95 E1837.39309
G1 X152.578 Y94.76 E1837.40067
G1 X152.578 Y95.794 E1837.43111
G0 F9000 X152.2 Y96.424
G1 F1500 X152.649 Y96.424 E1837.44604
G1 X153.336 Y95.235 E1837.49171
G1 F1388.9 X153.793 Y94.382 E1837.52647
G1 X153.091 Y94.649 E1837.55345
G1 F1500 X152.847 Y94.585 E1837.56184
G1 F1188.1 X152.305 Y94.125 E1837.59169
G1 F1075.3 X152.253 Y94.605 E1837.6141
G1 F1327.4 X152.201 Y95.085 E1837.63224
G1 F1500 X152.2 Y96.424 E1837.67678
G1 F2700 E1832.67678
G0 F9000 X152.48 Y96.146
G0 X152.038 Y80.062
G0 X142.962 Y80.062
G0 X142.955 Y89.385
G0 X142.287 Y96.53
G0 X142.116 Y96.824
;TYPE:WALL-OUTER
G1 F2700 E1837.67678
G1 F1500 X143.2 Y96.824 E1837.71283
G1 X143.2 Y80.5 E1838.25577
G1 X143.267 Y80.35 E1838.26123
G1 X143.379 Y80.301 E1838.2653
G1 X151.621 Y80.3 E1838.53943
G1 X151.733 Y80.35 E1838.54351
G1 X151.8 Y80.5 E1838.54897
G1 X151.8 Y96.824 E1839.09191
G1 X152.88 Y96.824 E1839.12783
G1 X158.151 Y87.701 E1839.47827
G1 X157.117 Y87.7 E1839.51266
G1 X153.418 Y94.168 E1839.76048
G1 X153.193 Y94.262 E1839.76859
G1 X152.949 Y94.198 E1839.77698
G1 X152.802 Y94.039 E1839.78418
G1 X152.8 Y78.172 E1840.31192
G1 X142.2 Y78.172 E1840.66448
G1 X142.198 Y94.039 E1841.19222
G1 X142.05 Y94.198 E1841.19944
G1 X141.802 Y94.262 E1841.20796
G1 X141.598 Y94.197 E1841.21508
G1 X137.88 Y87.7 E1841.46406
G1 X136.848 Y87.7 E1841.49838
G1 X142.116 Y96.824 E1841.8488
G1 F2700 E1836.8488
;MESH:NONMESH
G0 F300 X142.116 Y96.824 Z7.2
G0 F9000 X142.287 Y96.53
G0 X137.227 Y87.92
G0 X136.289 Y88.463
G0 X98.88 Y86.841
G0 X96.617 Y86.841
G0 X93.665 Y87.92
G0 X82.7 Y80.5
;TIME_ELAPSED:3298.452399
;LAYER:35
;TYPE:WALL-INNER
;MESH:batclipholder.stl(1)
G1 F2700 E1841.8488
G1 F991.7 X82.695 Y94.125 E1842.53422
G0 F9000 X82.441 Y94.839
G0 X81.785 Y95.013
G0 X81.263 Y94.477
G1 F1239.7 X77.621 Y88.146 E1842.82816
G0 F9000 X81.785 Y95.013
G0 X82.422 Y95.799
G1 F1685.4 X82.422 Y94.76 E1842.85891
G1 X82.245 Y94.952 E1842.86664
G1 X81.973 Y95.021 E1842.87495
G1 X82.422 Y95.799 E1842.90154
G0 F9000 X82.8 Y96.424
G1 F1500 X82.8 Y95.089 E1842.94594
G1 F1327.4 X82.748 Y94.607 E1842.96416
G1 F1075.3 X82.695 Y94.125 E1842.98666
G1 F1188.1 X82.15 Y94.586 E1843.01663
G1 F1500 X81.902 Y94.649 E1843.02515
G1 F1373 X81.263 Y94.477 E1843.04919
G1 X81.658 Y95.23 E1843.08009
G1 F1500 X82.346 Y96.424 E1843.12592
G1 X82.8 Y96.424 E1843.14102
G1 F2700 E1838.14102
G0 F9000 X82.52 Y96.146
G0 X82.962 Y80.062
G0 X92.038 Y80.062
G0 X92.305 Y94.125
G1 F2700 E1843.14102
G1 F991.7 X92.3 Y80.5 E1843.82644
G0 F9000 X91.967 Y79.585
G1 F1284.8 X91.967 Y79.005 E1843.84896
G1 F1282.1 X83.034 Y79.006 E1844.19658
G1 X83.034 Y79.585 E1844.21912
G1 X83.291 Y79.471 E1844.23006
G1 X91.709 Y79.471 E1844.55764
G1 F1284.8 X91.967 Y79.585 E1844.56859
G0 F9000 X92.3 Y80.5
G1 F1200 X92.4 Y79.869 E1844.59515
G1 F1500 X92.4 Y78.572 E1844.63829
G1 X82.6 Y78.572 E1844.96424
G1 X82.6 Y79.869 E1845.00738
G1 F1200 X82.7 Y80.5 E1845.03394
G1 X83.002 Y80.05 E1845.05647
G1 F1500 X83.337 Y79.903 E1845.06864
G1 X91.663 Y79.902 E1845.34556
G1 X91.998 Y80.05 E1845.35774
G1 F1200 X92.3 Y80.5 E1845.38028
G0 F9000 X92.559 Y94.839
G0 X93.215 Y95.013
G0 X97.376 Y88.148
G1 F1229.5 X95.584 Y91.265 E1845.52617
G1 F1271.2 X93.793 Y94.382 E1845.66726
G0 F9000 X92.578 Y95.794
G1 F1694.9 X93.025 Y95.021 E1845.69354
G1 X92.752 Y94.95 E1845.70184
G1 X92.578 Y94.76 E1845.70943
G1 X92.578 Y95.794 E1845.73986
G0 F9000 X92.649 Y96.424
G1 F1500 X93.336 Y95.235 E1845.78554
G1 F1388.9 X93.793 Y94.382 E1845.8203
G1 X93.091 Y94.649 E1845.84728
G1 F1500 X92.847 Y94.585 E1845.85567
G1 F1188.1 X92.305 Y94.125 E1845.88552
G1 F1075.3 X92.253 Y94.605 E1845.90792
G1 F1327.4 X92.201 Y95.085 E1845.92606
G1 F1500 X92.2 Y96.424 E1845.9706
G1 X92.649 Y96.424 E1845.98553
G0 F9000 X92.88 Y96.824
;TYPE:WALL-OUTER
G1 F1500 X98.151 Y87.701 E1846.33597
G1 X97.117 Y87.7 E1846.37036
G1 X93.418 Y94.168 E1846.61818
G1 X93.193 Y94.262 E1846.62629
G1 X92.949 Y94.198 E1846.63468
G1 X92.802 Y94.039 E1846.64189
G1 X92.8 Y78.172 E1847.16962
G1 X82.2 Y78.172 E1847.52218
G1 X82.198 Y94.039 E1848.04992
G1 X82.05 Y94.198 E1848.05714
G1 X81.802 Y94.262 E1848.06566
G1 X81.598 Y94.197 E1848.07278
G1 X77.88 Y87.7 E1848.32176
G1 X76.848 Y87.7 E1848.35608
G1 X82.116 Y96.824 E1848.7065
G1 X83.2 Y96.824 E1848.74255
G1 X83.2 Y80.5 E1849.28549
G1 X83.267 Y80.35 E1849.29095
G1 X83.379 Y80.301 E1849.29502
G1 X91.621 Y80.3 E1849.56915
G1 X91.733 Y80.35 E1849.57323
G1 X91.8 Y80.5 E1849.57869
G1 X91.8 Y96.824 E1850.12163
G1 X92.88 Y96.824 E1850.15755
G1 F2700 E1845.15755
;MESH:batclipholder.stl
G0 F9000 X92.713 Y96.53
G0 X92.024 Y96.602
G0 X92.024 Y97.691
G0 X92.024 Y137.309
G0 X92.024 Y138.404
G0 X91.967 Y139.585
;TYPE:WALL-INNER
G1 F2700 E1850.15755
G1 F1284.8 X91.967 Y139.005 E1850.18008
G1 F1282.1 X83.034 Y139.006 E1850.5277
G1 X83.034 Y139.585 E1850.55023
G1 X83.291 Y139.471 E1850.56117
G1 X91.709 Y139.471 E1850.88875
G1 F1284.8 X91.967 Y139.585 E1850.8997
G0 F9000 X92.3 Y140.5
G1 F1200 X92.4 Y139.869 E1850.92627
G1 F1500 X92.4 Y138.572 E1850.9694
G1 X82.6 Y138.572 E1851.29535
G1 X82.6 Y139.869 E1851.33849
G1 F1200 X82.7 Y140.5 E1851.36505
G1 X83.002 Y140.05 E1851.38758
G1 F1500 X83.337 Y139.903 E1851.39975
G1 X91.663 Y139.902 E1851.67668
G1 X91.998 Y140.05 E1851.68886
G1 F1200 X92.3 Y140.5 E1851.71139
G1 F991.7 X92.305 Y154.125 E1852.39681
G0 F9000 X92.559 Y154.839
G0 X93.215 Y155.013
G0 X93.793 Y154.382
G1 F1271.2 X95.584 Y151.265 E1852.5379
G1 F1229.5 X97.376 Y148.148 E1852.68379
G0 F9000 X93.215 Y155.013
G0 X92.578 Y155.794
G1 F1694.9 X93.025 Y155.021 E1852.71007
G1 X92.752 Y154.95 E1852.71838
G1 X92.578 Y154.76 E1852.72596
G1 X92.578 Y155.794 E1852.75639
G0 F9000 X92.649 Y156.424
G1 F1500 X93.336 Y155.235 E1852.80207
G1 F1388.9 X93.793 Y154.382 E1852.83683
G1 X93.091 Y154.649 E1852.86381
G1 F1500 X92.847 Y154.585 E1852.8722
G1 F1188.1 X92.305 Y154.125 E1852.90205
G1 F1075.3 X92.253 Y154.605 E1852.92445
G1 F1327.4 X92.201 Y155.085 E1852.9426
G1 F1500 X92.2 Y156.424 E1852.98713
G1 X92.649 Y156.424 E1853.00206
G1 F2700 E1848.00206
G0 F9000 X92.483 Y156.13
G0 X92.038 Y140.062
G0 X82.962 Y140.062
G0 X82.695 Y154.125
G1 F2700 E1853.00206
G1 F991.7 X82.7 Y140.5 E1853.68748
G0 F9000 X82.441 Y154.839
G0 X81.785 Y155.013
G0 X77.621 Y148.146
G1 F1239.7 X81.263 Y154.477 E1853.98142
G0 F9000 X82.422 Y155.799
G1 F1685.4 X82.422 Y154.76 E1854.01218
G1 X82.245 Y154.952 E1854.01991
G1 X81.973 Y155.021 E1854.02822
G1 X82.422 Y155.799 E1854.05481
G0 F9000 X82.8 Y156.424
G1 F1500 X82.8 Y155.089 E1854.09921
G1 F1327.4 X82.748 Y154.607 E1854.11743
G1 F1075.3 X82.695 Y154.125 E1854.13993
G1 F1188.1 X82.15 Y154.586 E1854.1699
G1 F1500 X81.902 Y154.649 E1854.17841
G1 F1373 X81.263 Y154.477 E1854.20246
G1 X81.658 Y155.23 E1854.23336
G1 F1500 X82.346 Y156.424 E1854.27919
G1 X82.8 Y156.424 E1854.29429
G1 F2700 E1849.29429
G0 F9000 X82.52 Y156.146
G0 X82.962 Y140.062
G0 X92.038 Y140.062
G0 X92.045 Y149.385
G0 X92.713 Y156.53
G0 X92.88 Y156.824
;TYPE:WALL-OUTER
G1 F2700 E1854.29429
G1 F1500 X98.151 Y147.701 E1854.64473
G1 X97.117 Y147.7 E1854.67912
G1 X93.418 Y154.168 E1854.92694
G1 X93.193 Y154.262 E1854.93505
G1 X92.949 Y154.198 E1854.94344
G1 X92.802 Y154.039 E1854.95064
G1 X92.8 Y138.172 E1855.47838
G1 X82.2 Y138.172 E1855.83094
G1 X82.198 Y154.039 E1856.35868
G1 X82.05 Y154.198 E1856.3659
G1 X81.802 Y154.262 E1856.37442
G1 X81.598 Y154.197 E1856.38154
G1 X77.88 Y147.7 E1856.63051
G1 X76.848 Y147.7 E1856.66484
G1 X82.116 Y156.824 E1857.01525
G1 X83.2 Y156.824 E1857.05131
G1 X83.2 Y140.5 E1857.59425
G1 X83.267 Y140.35 E1857.59971
G1 X83.379 Y140.301 E1857.60378
G1 X91.621 Y140.3 E1857.87791
G1 X91.733 Y140.35 E1857.88199
G1 X91.8 Y140.5 E1857.88745
G1 X91.8 Y156.824 E1858.43039
G1 X92.88 Y156.824 E1858.46631
G1 F2700 E1853.46631
;MESH:batclipholder.stl(3)
G0 F9000 X92.713 Y156.53
G0 X97.773 Y147.92
G0 X98.712 Y148.462
G0 X136.289 Y148.463
G0 X137.621 Y148.146
;TYPE:WALL-INNER
G1 F2700 E1858.46631
G1 F1239.7 X141.263 Y154.477 E1858.76025
G0 F9000 X141.785 Y155.013
G0 X142.441 Y154.839
G0 X142.695 Y154.125
G1 F991.7 X142.7 Y140.5 E1859.44567
G0 F9000 X143.034 Y139.585
G1 F1282.1 X143.291 Y139.471 E1859.45661
G1 X151.709 Y139.471 E1859.78419
G1 F1284.8 X151.967 Y139.585 E1859.79514
G1 X151.967 Y139.005 E1859.81767
G1 F1282.1 X143.034 Y139.006 E1860.16529
G1 X143.034 Y139.585 E1860.18782
G0 F9000 X142.7 Y140.5
G1 F1200 X143.002 Y140.05 E1860.21035
G1 F1500 X143.337 Y139.903 E1860.22252
G1 X151.663 Y139.902 E1860.49944
G1 X151.998 Y140.05 E1860.51162
G1 F1200 X152.3 Y140.5 E1860.53415
G1 X152.4 Y139.869 E1860.56072
G1 F1500 X152.4 Y138.572 E1860.60385
G1 X142.6 Y138.572 E1860.9298
G1 X142.6 Y139.869 E1860.97294
G1 F1200 X142.7 Y140.5 E1860.9995
G0 F9000 X142.962 Y140.062
G0 X152.038 Y140.062
G0 X152.3 Y140.5
G1 F991.7 X152.305 Y154.125 E1861.68492
G0 F9000 X152.559 Y154.839
G0 X153.215 Y155.013
G0 X153.793 Y154.382
G1 F1271.2 X155.584 Y151.265 E1861.82601
G1 F1229.5 X157.376 Y148.148 E1861.9719
G0 F9000 X153.215 Y155.013
G0 X152.578 Y155.794
G1 F1694.9 X153.025 Y155.021 E1861.99819
G1 X152.752 Y154.95 E1862.00649
G1 X152.578 Y154.76 E1862.01407
G1 X152.578 Y155.794 E1862.04451
G0 F9000 X152.2 Y156.424
G1 F1500 X152.649 Y156.424 E1862.05944
G1 X153.336 Y155.235 E1862.10512
G1 F1388.9 X153.793 Y154.382 E1862.13988
G1 X153.091 Y154.649 E1862.16686
G1 F1500 X152.847 Y154.585 E1862.17525
G1 F1188.1 X152.305 Y154.125 E1862.2051
G1 F1075.3 X152.253 Y154.605 E1862.2275
G1 F1327.4 X152.201 Y155.085 E1862.24564
G1 F1500 X152.2 Y156.424 E1862.29018
G1 F2700 E1857.29018
G0 F9000 X152.48 Y156.146
G0 X152.038 Y140.062
G0 X142.962 Y140.062
G0 X142.422 Y155.799
G1 F2700 E1862.29018
G1 F1685.4 X142.422 Y154.76 E1862.32094
G1 X142.245 Y154.952 E1862.32867
G1 X141.973 Y155.021 E1862.33697
G1 X142.422 Y155.799 E1862.36356
G0 F9000 X142.346 Y156.424
G1 F1500 X142.8 Y156.424 E1862.37866
G1 X142.8 Y155.089 E1862.42307
G1 F1327.4 X142.748 Y154.607 E1862.44129
G1 F1075.3 X142.695 Y154.125 E1862.46378
G1 F1188.1 X142.15 Y154.586 E1862.49376
G1 F1500 X141.902 Y154.649 E1862.50227
G1 F1373 X141.263 Y154.477 E1862.52631
G1 X141.658 Y155.23 E1862.55721
G1 F1500 X142.346 Y156.424 E1862.60305
G0 F9000 X142.116 Y156.824
;TYPE:WALL-OUTER
G1 F1500 X143.2 Y156.824 E1862.6391
G1 X143.2 Y140.5 E1863.18204
G1 X143.267 Y140.35 E1863.1875
G1 X143.379 Y140.301 E1863.19157
G1 X151.621 Y140.3 E1863.4657
G1 X151.733 Y140.35 E1863.46978
G1 X151.8 Y140.5 E1863.47524
G1 X151.8 Y156.824 E1864.01818
G1 X152.88 Y156.824 E1864.0541
G1 X158.151 Y147.701 E1864.40454
G1 X157.117 Y147.7 E1864.43893
G1 X153.418 Y154.168 E1864.68675
G1 X153.193 Y154.262 E1864.69486
G1 X152.949 Y154.198 E1864.70325
G1 X152.802 Y154.039 E1864.71045
G1 X152.8 Y138.172 E1865.23819
G1 X142.2 Y138.172 E1865.59075
G1 X142.198 Y154.039 E1866.11849
G1 X142.05 Y154.198 E1866.12571
G1 X141.802 Y154.262 E1866.13423
G1 X141.598 Y154.197 E1866.14135
G1 X137.88 Y147.7 E1866.39033
G1 X136.848 Y147.7 E1866.42465
G1 X142.116 Y156.824 E1866.77507
G1 F2700 E1861.77507
;MESH:batclipholder.stl(2)
G0 F9000 X142.287 Y156.53
G0 X142.412 Y155.16
G0 X142.424 Y138.398
G0 X142.424 Y137.309
G0 X142.424 Y97.691
G0 X142.424 Y96.596
G0 X142.422 Y95.799
;TYPE:WALL-INNER
G1 F2700 E1866.77507
G1 F1685.4 X142.422 Y94.76 E1866.80582
G1 X142.245 Y94.952 E1866.81355
G1 X141.973 Y95.021 E1866.82186
G1 X142.422 Y95.799 E1866.84845
G0 F9000 X142.346 Y96.424
G1 F1500 X142.8 Y96.424 E1866.86355
G1 X142.8 Y95.089 E1866.90795
G1 F1327.4 X142.748 Y94.607 E1866.92617
G1 F1075.3 X142.695 Y94.125 E1866.94867
G1 F1188.1 X142.15 Y94.586 E1866.97864
G1 F1500 X141.902 Y94.649 E1866.98716
G1 F1373 X141.263 Y94.477 E1867.0112
G1 X141.658 Y95.23 E1867.0421
G1 F1500 X142.346 Y96.424 E1867.08793
G0 F9000 X142.517 Y96.13
G0 X141.263 Y94.477
G1 F1239.7 X137.621 Y88.146 E1867.38187
G0 F9000 X141.785 Y95.013
G0 X142.441 Y94.839
G0 X142.695 Y94.125
G1 F991.7 X142.7 Y80.5 E1868.06729
G0 F9000 X143.034 Y79.585
G1 F1282.1 X143.291 Y79.471 E1868.07823
G1 X151.709 Y79.471 E1868.40581
G1 F1284.8 X151.967 Y79.585 E1868.41677
G1 X151.967 Y79.005 E1868.43929
G1 F1282.1 X143.034 Y79.006 E1868.78691
G1 X143.034 Y79.585 E1868.80944
G0 F9000 X142.7 Y80.5
G1 F1200 X143.002 Y80.05 E1868.83197
G1 F1500 X143.337 Y79.903 E1868.84414
G1 X151.663 Y79.902 E1869.12106
G1 X151.998 Y80.05 E1869.13325
G1 F1200 X152.3 Y80.5 E1869.15578
G1 X152.4 Y79.869 E1869.18234
G1 F1500 X152.4 Y78.572 E1869.22548
G1 X142.6 Y78.572 E1869.55143
G1 X142.6 Y79.869 E1869.59456
G1 F1200 X142.7 Y80.5 E1869.62113
G0 F9000 X142.962 Y80.062
G0 X152.038 Y80.062
G0 X152.3 Y80.5
G1 F991.7 X152.305 Y94.125 E1870.30654
G0 F9000 X152.559 Y94.839
G0 X153.215 Y95.013
G0 X153.793 Y94.382
G1 F1271.2 X155.584 Y91.265 E1870.44763
G1 F1229.5 X157.376 Y88.148 E1870.59353
G0 F9000 X153.215 Y95.013
G0 X152.578 Y95.794
G1 F1694.9 X153.025 Y95.021 E1870.61981
G1 X152.752 Y94.95 E1870.62811
G1 X152.578 Y94.76 E1870.6357
G1 X152.578 Y95.794 E1870.66613
G0 F9000 X152.2 Y96.424
G1 F1500 X152.649 Y96.424 E1870.68107
G1 X153.336 Y95.235 E1870.72674
G1 F1388.9 X153.793 Y94.382 E1870.7615
G1 X153.091 Y94.649 E1870.78848
G1 F1500 X152.847 Y94.585 E1870.79687
G1 F1188.1 X152.305 Y94.125 E1870.82672
G1 F1075.3 X152.253 Y94.605 E1870.84912
G1 F1327.4 X152.201 Y95.085 E1870.86727
G1 F1500 X152.2 Y96.424 E1870.9118
G1 F2700 E1865.9118
G0 F9000 X152.48 Y96.146
G0 X152.038 Y80.062
G0 X142.962 Y80.062
G0 X142.955 Y89.385
G0 X142.287 Y96.53
G0 X142.116 Y96.824
;TYPE:WALL-OUTER
G1 F2700 E1870.9118
G1 F1500 X143.2 Y96.824 E1870.94786
G1 X143.2 Y80.5 E1871.49079
G1 X143.267 Y80.35 E1871.49626
G1 X143.379 Y80.301 E1871.50032
G1 X151.621 Y80.3 E1871.77445
G1 X151.733 Y80.35 E1871.77853
G1 X151.8 Y80.5 E1871.784
G1 X151.8 Y96.824 E1872.32694
G1 X152.88 Y96.824 E1872.36286
G1 X158.151 Y87.701 E1872.71329
G1 X157.117 Y87.7 E1872.74769
G1 X153.418 Y94.168 E1872.99551
G1 X153.193 Y94.262 E1873.00362
G1 X152.949 Y94.198 E1873.01201
G1 X152.802 Y94.039 E1873.01921
G1 X152.8 Y78.172 E1873.54695
G1 X142.2 Y78.172 E1873.89951
G1 X142.198 Y94.039 E1874.42724
G1 X142.05 Y94.198 E1874.43447
G1 X141.802 Y94.262 E1874.44299
G1 X141.598 Y94.197 E1874.45011
G1 X137.88 Y87.7 E1874.69908
G1 X136.848 Y87.7 E1874.73341
G1 X142.116 Y96.824 E1875.08382
G1 F2700 E1870.08382
;MESH:NONMESH
G0 F300 X142.116 Y96.824 Z7.4
G0 F9000 X142.287 Y96.53
G0 X137.227 Y87.92
G0 X136.289 Y88.463
G0 X98.88 Y86.841
G0 X96.617 Y86.841
G0 X93.665 Y87.92
G0 X82.7 Y80.5
;TIME_ELAPSED:3358.863076
;LAYER:36
;TYPE:WALL-INNER
;MESH:batclipholder.stl(1)
G1 F2700 E1875.08382
G1 F991.7 X82.695 Y94.125 E1875.76924
G0 F9000 X82.441 Y94.839
G0 X81.785 Y95.013
G0 X81.263 Y94.477
G1 F1239.7 X77.621 Y88.146 E1876.06318
G0 F9000 X81.785 Y95.013
G0 X82.422 Y95.799
G1 F1685.4 X82.422 Y94.76 E1876.09394
G1 X82.245 Y94.952 E1876.10167
G1 X81.973 Y95.021 E1876.10997
G1 X82.422 Y95.799 E1876.13656
G0 F9000 X82.8 Y96.424
G1 F1500 X82.8 Y95.089 E1876.18097
G1 F1327.4 X82.748 Y94.607 E1876.19919
G1 F1075.3 X82.695 Y94.125 E1876.22169
G1 F1188.1 X82.15 Y94.586 E1876.25166
G1 F1500 X81.902 Y94.649 E1876.26017
G1 F1373 X81.263 Y94.477 E1876.28422
G1 X81.658 Y95.23 E1876.31511
G1 F1500 X82.346 Y96.424 E1876.36095
G1 X82.8 Y96.424 E1876.37605
G1 F2700 E1871.37605
G0 F9000 X82.52 Y96.146
G0 X82.962 Y80.062
G0 X92.038 Y80.062
G0 X92.305 Y94.125
G1 F2700 E1876.37605
G1 F991.7 X92.3 Y80.5 E1877.06147
G0 F9000 X91.967 Y79.585
G1 F1284.8 X91.967 Y79.005 E1877.08399
G1 F1282.1 X83.034 Y79.006 E1877.43161
G1 X83.034 Y79.585 E1877.45414
G1 X83.291 Y79.471 E1877.46508
G1 X91.709 Y79.471 E1877.79266
G1 F1284.8 X91.967 Y79.585 E1877.80362
G0 F9000 X92.3 Y80.5
G1 F1200 X92.4 Y79.869 E1877.83018
G1 F1500 X92.4 Y78.572 E1877.87332
G1 X82.6 Y78.572 E1878.19927
G1 X82.6 Y79.869 E1878.2424
G1 F1200 X82.7 Y80.5 E1878.26896
G1 X83.002 Y80.05 E1878.2915
G1 F1500 X83.337 Y79.903 E1878.30366
G1 X91.663 Y79.902 E1878.58059
G1 X91.998 Y80.05 E1878.59277
G1 F1200 X92.3 Y80.5 E1878.6153
G0 F9000 X92.559 Y94.839
G0 X93.215 Y95.013
G0 X97.376 Y88.148
G1 F1229.5 X95.584 Y91.265 E1878.76119
G1 F1271.2 X93.793 Y94.382 E1878.90228
G0 F9000 X92.578 Y95.794
G1 F1694.9 X93.025 Y95.021 E1878.92857
G1 X92.752 Y94.95 E1878.93687
G1 X92.578 Y94.76 E1878.94445
G1 X92.578 Y95.794 E1878.97489
G0 F9000 X92.649 Y96.424
G1 F1500 X93.336 Y95.235 E1879.02056
G1 F1388.9 X93.793 Y94.382 E1879.05532
G1 X93.091 Y94.649 E1879.0823
G1 F1500 X92.847 Y94.585 E1879.09069
G1 F1188.1 X92.305 Y94.125 E1879.12054
G1 F1075.3 X92.253 Y94.605 E1879.14294
G1 F1327.4 X92.201 Y95.085 E1879.16109
G1 F1500 X92.2 Y96.424 E1879.20562
G1 X92.649 Y96.424 E1879.22056
G0 F9000 X92.88 Y96.824
;TYPE:WALL-OUTER
G1 F1500 X98.151 Y87.701 E1879.571
G1 X97.117 Y87.7 E1879.60539
G1 X93.418 Y94.168 E1879.85321
G1 X93.193 Y94.262 E1879.86132
G1 X92.949 Y94.198 E1879.86971
G1 X92.802 Y94.039 E1879.87691
G1 X92.8 Y78.172 E1880.40465
G1 X82.2 Y78.172 E1880.75721
G1 X82.198 Y94.039 E1881.28495
G1 X82.05 Y94.198 E1881.29217
G1 X81.802 Y94.262 E1881.30069
G1 X81.598 Y94.197 E1881.30781
G1 X77.88 Y87.7 E1881.55678
G1 X76.848 Y87.7 E1881.59111
G1 X82.116 Y96.824 E1881.94152
G1 X83.2 Y96.824 E1881.97758
G1 X83.2 Y80.5 E1882.52052
G1 X83.267 Y80.35 E1882.52598
G1 X83.379 Y80.301 E1882.53005
G1 X91.621 Y80.3 E1882.80418
G1 X91.733 Y80.35 E1882.80826
G1 X91.8 Y80.5 E1882.81372
G1 X91.8 Y96.824 E1883.35666
G1 X92.88 Y96.824 E1883.39258
G1 F2700 E1878.39258
;MESH:batclipholder.stl
G0 F9000 X92.713 Y96.53
G0 X92.024 Y96.602
G0 X92.024 Y97.691
G0 X92.024 Y137.309
G0 X92.024 Y138.404
G0 X91.967 Y139.585
;TYPE:WALL-INNER
G1 F2700 E1883.39258
G1 F1284.8 X91.967 Y139.005 E1883.4151
G1 F1282.1 X83.034 Y139.006 E1883.76272
G1 X83.034 Y139.585 E1883.78525
G1 X83.291 Y139.471 E1883.7962
G1 X91.709 Y139.471 E1884.12378
G1 F1284.8 X91.967 Y139.585 E1884.13473
G0 F9000 X92.3 Y140.5
G1 F1200 X92.4 Y139.869 E1884.16129
G1 F1500 X92.4 Y138.572 E1884.20443
G1 X82.6 Y138.572 E1884.53038
G1 X82.6 Y139.869 E1884.57352
G1 F1200 X82.7 Y140.5 E1884.60008
G1 X83.002 Y140.05 E1884.62261
G1 F1500 X83.337 Y139.903 E1884.63478
G1 X91.663 Y139.902 E1884.9117
G1 X91.998 Y140.05 E1884.92388
G1 F1200 X92.3 Y140.5 E1884.94641
G1 F991.7 X92.305 Y154.125 E1885.63183
G0 F9000 X92.559 Y154.839
G0 X93.215 Y155.013
G0 X93.793 Y154.382
G1 F1271.2 X95.584 Y151.265 E1885.77292
G1 F1229.5 X97.376 Y148.148 E1885.91881
G0 F9000 X93.215 Y155.013
G0 X92.578 Y155.794
G1 F1694.9 X93.025 Y155.021 E1885.9451
G1 X92.752 Y154.95 E1885.9534
G1 X92.578 Y154.76 E1885.96098
G1 X92.578 Y155.794 E1885.99142
G0 F9000 X92.649 Y156.424
G1 F1500 X93.336 Y155.235 E1886.03709
G1 F1388.9 X93.793 Y154.382 E1886.07185
G1 X93.091 Y154.649 E1886.09883
G1 F1500 X92.847 Y154.585 E1886.10722
G1 F1188.1 X92.305 Y154.125 E1886.13707
G1 F1075.3 X92.253 Y154.605 E1886.15947
G1 F1327.4 X92.201 Y155.085 E1886.17762
G1 F1500 X92.2 Y156.424 E1886.22216
G1 X92.649 Y156.424 E1886.23709
G1 F2700 E1881.23709
G0 F9000 X92.483 Y156.13
G0 X92.038 Y140.062
G0 X82.962 Y140.062
G0 X82.695 Y154.125
G1 F2700 E1886.23709
G1 F991.7 X82.7 Y140.5 E1886.92251
G0 F9000 X82.441 Y154.839
G0 X81.785 Y155.013
G0 X77.621 Y148.146
G1 F1239.7 X81.263 Y154.477 E1887.21645
G0 F9000 X82.422 Y155.799
G1 F1685.4 X82.422 Y154.76 E1887.2472
G1 X82.245 Y154.952 E1887.25493
G1 X81.973 Y155.021 E1887.26324
G1 X82.422 Y155.799 E1887.28983
G0 F9000 X82.8 Y156.424
G1 F1500 X82.8 Y155.089 E1887.33423
G1 F1327.4 X82.748 Y154.607 E1887.35245
G1 F1075.3 X82.695 Y154.125 E1887.37495
G1 F1188.1 X82.15 Y154.586 E1887.40493
G1 F1500 X81.902 Y154.649 E1887.41344
G1 F1373 X81.263 Y154.477 E1887.43748
G1 X81.658 Y155.23 E1887.46838
G1 F1500 X82.346 Y156.424 E1887.51421
G1 X82.8 Y156.424 E1887.52931
G1 F2700 E1882.52931
G0 F9000 X82.52 Y156.146
G0 X82.962 Y140.062
G0 X92.038 Y140.062
G0 X92.045 Y149.385
G0 X92.713 Y156.53
G0 X92.88 Y156.824
;TYPE:WALL-OUTER
G1 F2700 E1887.52931
G1 F1500 X98.151 Y147.701 E1887.87975
G1 X97.117 Y147.7 E1887.91414
G1 X93.418 Y154.168 E1888.16196
G1 X93.193 Y154.262 E1888.17007
G1 X92.949 Y154.198 E1888.17846
G1 X92.802 Y154.039 E1888.18567
G1 X92.8 Y138.172 E1888.71341
G1 X82.2 Y138.172 E1889.06596
G1 X82.198 Y154.039 E1889.5937
G1 X82.05 Y154.198 E1889.60093
G1 X81.802 Y154.262 E1889.60945
G1 X81.598 Y154.197 E1889.61657
G1 X77.88 Y147.7 E1889.86554
G1 X76.848 Y147.7 E1889.89986
G1 X82.116 Y156.824 E1890.25028
G1 X83.2 Y156.824 E1890.28633
G1 X83.2 Y140.5 E1890.82927
G1 X83.267 Y140.35 E1890.83474
G1 X83.379 Y140.301 E1890.8388
G1 X91.621 Y140.3 E1891.11293
G1 X91.733 Y140.35 E1891.11701
G1 X91.8 Y140.5 E1891.12248
G1 X91.8 Y156.824 E1891.66541
G1 X92.88 Y156.824 E1891.70134
G1 F2700 E1886.70134
;MESH:batclipholder.stl(3)
G0 F9000 X92.713 Y156.53
G0 X97.773 Y147.92
G0 X98.712 Y148.462
G0 X136.289 Y148.463
G0 X137.621 Y148.146
;TYPE:WALL-INNER
G1 F2700 E1891.70134
G1 F1239.7 X141.263 Y154.477 E1891.99528
G0 F9000 X141.785 Y155.013
G0 X142.441 Y154.839
G0 X142.695 Y154.125
G1 F991.7 X142.7 Y140.5 E1892.68069
G0 F9000 X143.034 Y139.585
G1 F1282.1 X143.291 Y139.471 E1892.69163
G1 X151.709 Y139.471 E1893.01922
G1 F1284.8 X151.967 Y139.585 E1893.03017
G1 X151.967 Y139.005 E1893.05269
G1 F1282.1 X143.034 Y139.006 E1893.40031
G1 X143.034 Y139.585 E1893.42284
G0 F9000 X142.7 Y140.5
G1 F1200 X143.002 Y140.05 E1893.44538
G1 F1500 X143.337 Y139.903 E1893.45754
G1 X151.663 Y139.902 E1893.73447
G1 X151.998 Y140.05 E1893.74665
G1 F1200 X152.3 Y140.5 E1893.76918
G1 X152.4 Y139.869 E1893.79574
G1 F1500 X152.4 Y138.572 E1893.83888
G1 X142.6 Y138.572 E1894.16483
G1 X142.6 Y139.869 E1894.20797
G1 F1200 X142.7 Y140.5 E1894.23453
G0 F9000 X142.962 Y140.062
G0 X152.038 Y140.062
G0 X152.3 Y140.5
G1 F991.7 X152.305 Y154.125 E1894.91995
G0 F9000 X152.559 Y154.839
G0 X153.215 Y155.013
G0 X153.793 Y154.382
G1 F1271.2 X155.584 Y151.265 E1895.06104
G1 F1229.5 X157.376 Y148.148 E1895.20693
G0 F9000 X153.215 Y155.013
G0 X152.578 Y155.794
G1 F1694.9 X153.025 Y155.021 E1895.23321
G1 X152.752 Y154.95 E1895.24152
G1 X152.578 Y154.76 E1895.2491
G1 X152.578 Y155.794 E1895.27954
G0 F9000 X152.2 Y156.424
G1 F1500 X152.649 Y156.424 E1895.29447
G1 X153.336 Y155.235 E1895.34014
G1 F1388.9 X153.793 Y154.382 E1895.3749
G1 X153.091 Y154.649 E1895.40188
G1 F1500 X152.847 Y154.585 E1895.41027
G1 F1188.1 X152.305 Y154.125 E1895.44012
G1 F1075.3 X152.253 Y154.605 E1895.46252
G1 F1327.4 X152.201 Y155.085 E1895.48067
G1 F1500 X152.2 Y156.424 E1895.52521
G1 F2700 E1890.52521
G0 F9000 X152.48 Y156.146
G0 X152.038 Y140.062
G0 X142.962 Y140.062
G0 X142.422 Y155.799
G1 F2700 E1895.52521
G1 F1685.4 X142.422 Y154.76 E1895.55596
G1 X142.245 Y154.952 E1895.56369
G1 X141.973 Y155.021 E1895.572
G1 X142.422 Y155.799 E1895.59859
G0 F9000 X142.346 Y156.424
G1 F1500 X142.8 Y156.424 E1895.61369
G1 X142.8 Y155.089 E1895.65809
G1 F1327.4 X142.748 Y154.607 E1895.67631
G1 F1075.3 X142.695 Y154.125 E1895.69881
G1 F1188.1 X142.15 Y154.586 E1895.72878
G1 F1500 X141.902 Y154.649 E1895.73729
G1 F1373 X141.263 Y154.477 E1895.76134
G1 X141.658 Y155.23 E1895.79224
G1 F1500 X142.346 Y156.424 E1895.83807
G0 F9000 X142.116 Y156.824
;TYPE:WALL-OUTER
G1 F1500 X143.2 Y156.824 E1895.87412
G1 X143.2 Y140.5 E1896.41706
G1 X143.267 Y140.35 E1896.42253
G1 X143.379 Y140.301 E1896.42659
G1 X151.621 Y140.3 E1896.70072
G1 X151.733 Y140.35 E1896.7048
G1 X151.8 Y140.5 E1896.71027
G1 X151.8 Y156.824 E1897.25321
G1 X152.88 Y156.824 E1897.28913
G1 X158.151 Y147.701 E1897.63956
G1 X157.117 Y147.7 E1897.67395
G1 X153.418 Y154.168 E1897.92178
G1 X153.193 Y154.262 E1897.92989
G1 X152.949 Y154.198 E1897.93828
G1 X152.802 Y154.039 E1897.94548
G1 X152.8 Y138.172 E1898.47322
G1 X142.2 Y138.172 E1898.82577
G1 X142.198 Y154.039 E1899.35351
G1 X142.05 Y154.198 E1899.36074
G1 X141.802 Y154.262 E1899.36926
G1 X141.598 Y154.197 E1899.37638
G1 X137.88 Y147.7 E1899.62535
G1 X136.848 Y147.7 E1899.65968
G1 X142.116 Y156.824 E1900.01009
G1 F2700 E1895.01009
;MESH:batclipholder.stl(2)
G0 F9000 X142.287 Y156.53
G0 X142.412 Y155.16
G0 X142.424 Y138.398
G0 X142.424 Y137.309
G0 X142.424 Y97.691
G0 X142.424 Y96.596
G0 X142.422 Y95.799
;TYPE:WALL-INNER
G1 F2700 E1900.01009
G1 F1685.4 X142.422 Y94.76 E1900.04085
G1 X142.245 Y94.952 E1900.04858
G1 X141.973 Y95.021 E1900.05688
G1 X142.422 Y95.799 E1900.08347
G0 F9000 X142.346 Y96.424
G1 F1500 X142.8 Y96.424 E1900.09857
G1 X142.8 Y95.089 E1900.14298
G1 F1327.4 X142.748 Y94.607 E1900.1612
G1 F1075.3 X142.695 Y94.125 E1900.1837
G1 F1188.1 X142.15 Y94.586 E1900.21367
G1 F1500 X141.902 Y94.649 E1900.22218
G1 F1373 X141.263 Y94.477 E1900.24623
G1 X141.658 Y95.23 E1900.27712
G1 F1500 X142.346 Y96.424 E1900.32296
G0 F9000 X142.517 Y96.13
G0 X141.263 Y94.477
G1 F1239.7 X137.621 Y88.146 E1900.6169
G0 F9000 X141.785 Y95.013
G0 X142.441 Y94.839
G0 X142.695 Y94.125
G1 F991.7 X142.7 Y80.5 E1901.30232
G0 F9000 X143.034 Y79.585
G1 F1282.1 X143.291 Y79.471 E1901.31326
G1 X151.709 Y79.471 E1901.64084
G1 F1284.8 X151.967 Y79.585 E1901.65179
G1 X151.967 Y79.005 E1901.67431
G1 F1282.1 X143.034 Y79.006 E1902.02194
G1 X143.034 Y79.585 E1902.04447
G0 F9000 X142.7 Y80.5
G1 F1200 X143.002 Y80.05 E1902.067
G1 F1500 X143.337 Y79.903 E1902.07917
G1 X151.663 Y79.902 E1902.35609
G1 X151.998 Y80.05 E1902.36827
G1 F1200 X152.3 Y80.5 E1902.3908
G1 X152.4 Y79.869 E1902.41736
G1 F1500 X152.4 Y78.572 E1902.4605
G1 X142.6 Y78.572 E1902.78645
G1 X142.6 Y79.869 E1902.82959
G1 F1200 X142.7 Y80.5 E1902.85615
G0 F9000 X142.962 Y80.062
G0 X152.038 Y80.062
G0 X152.3 Y80.5
G1 F991.7 X152.305 Y94.125 E1903.54157
G0 F9000 X152.559 Y94.839
G0 X153.215 Y95.013
G0 X153.793 Y94.382
G1 F1271.2 X155.584 Y91.265 E1903.68266
G1 F1229.5 X157.376 Y88.148 E1903.82855
G0 F9000 X153.215 Y95.013
G0 X152.578 Y95.794
G1 F1694.9 X153.025 Y95.021 E1903.85483
G1 X152.752 Y94.95 E1903.86314
G1 X152.578 Y94.76 E1903.87072
G1 X152.578 Y95.794 E1903.90116
G0 F9000 X152.2 Y96.424
G1 F1500 X152.649 Y96.424 E1903.91609
G1 X153.336 Y95.235 E1903.96176
G1 F1388.9 X153.793 Y94.382 E1903.99653
G1 X153.091 Y94.649 E1904.0235
G1 F1500 X152.847 Y94.585 E1904.03189
G1 F1188.1 X152.305 Y94.125 E1904.06174
G1 F1075.3 X152.253 Y94.605 E1904.08415
G1 F1327.4 X152.201 Y95.085 E1904.10229
G1 F1500 X152.2 Y96.424 E1904.14683
G1 F2700 E1899.14683
G0 F9000 X152.48 Y96.146
G0 X152.038 Y80.062
G0 X142.962 Y80.062
G0 X142.955 Y89.385
G0 X142.287 Y96.53
G0 X142.116 Y96.824
;TYPE:WALL-OUTER
G1 F2700 E1904.14683
G1 F1500 X143.2 Y96.824 E1904.18288
G1 X143.2 Y80.5 E1904.72582
G1 X143.267 Y80.35 E1904.73128
G1 X143.379 Y80.301 E1904.73535
G1 X151.621 Y80.3 E1905.00948
G1 X151.733 Y80.35 E1905.01356
G1 X151.8 Y80.5 E1905.01902
G1 X151.8 Y96.824 E1905.56196
G1 X152.88 Y96.824 E1905.59788
G1 X158.151 Y87.701 E1905.94832
G1 X157.117 Y87.7 E1905.98271
G1 X153.418 Y94.168 E1906.23053
G1 X153.193 Y94.262 E1906.23864
G1 X152.949 Y94.198 E1906.24703
G1 X152.802 Y94.039 E1906.25424
G1 X152.8 Y78.172 E1906.78197
G1 X142.2 Y78.172 E1907.13453
G1 X142.198 Y94.039 E1907.66227
G1 X142.05 Y94.198 E1907.66949
G1 X141.802 Y94.262 E1907.67801
G1 X141.598 Y94.197 E1907.68513
G1 X137.88 Y87.7 E1907.93411
G1 X136.848 Y87.7 E1907.96843
G1 X142.116 Y96.824 E1908.31885
G1 F2700 E1903.31885
;MESH:NONMESH
G0 F300 X142.116 Y96.824 Z7.6
G0 F9000 X142.287 Y96.53
G0 X137.227 Y87.92
G0 X136.289 Y88.463
G0 X98.88 Y86.841
G0 X96.617 Y86.841
G0 X93.665 Y87.92
G0 X82.7 Y80.5
;TIME_ELAPSED:3419.273753
;LAYER:37
;TYPE:WALL-INNER
;MESH:batclipholder.stl(1)
G1 F2700 E1908.31885
G1 F991.7 X82.695 Y94.125 E1909.00427
G0 F9000 X82.441 Y94.839
G0 X81.785 Y95.013
G0 X81.263 Y94.477
G1 F1239.7 X77.621 Y88.146 E1909.29821
G0 F9000 X81.785 Y95.013
G0 X82.422 Y95.799
G1 F1685.4 X82.422 Y94.76 E1909.32896
G1 X82.245 Y94.952 E1909.33669
G1 X81.973 Y95.021 E1909.345
G1 X82.422 Y95.799 E1909.37159
G0 F9000 X82.8 Y96.424
G1 F1500 X82.8 Y95.089 E1909.41599
G1 F1327.4 X82.748 Y94.607 E1909.43421
G1 F1075.3 X82.695 Y94.125 E1909.45671
G1 F1188.1 X82.15 Y94.586 E1909.48669
G1 F1500 X81.902 Y94.649 E1909.4952
G1 F1373 X81.263 Y94.477 E1909.51924
G1 X81.658 Y95.23 E1909.55014
G1 F1500 X82.346 Y96.424 E1909.59597
G1 X82.8 Y96.424 E1909.61107
G1 F2700 E1904.61107
G0 F9000 X82.52 Y96.146
G0 X82.962 Y80.062
G0 X92.038 Y80.062
G0 X92.305 Y94.125
G1 F2700 E1909.61107
G1 F991.7 X92.3 Y80.5 E1910.29649
G0 F9000 X91.967 Y79.585
G1 F1284.8 X91.967 Y79.005 E1910.31901
G1 F1282.1 X83.034 Y79.006 E1910.66664
G1 X83.034 Y79.585 E1910.68917
G1 X83.291 Y79.471 E1910.70011
G1 X91.709 Y79.471 E1911.02769
G1 F1284.8 X91.967 Y79.585 E1911.03864
G0 F9000 X92.3 Y80.5
G1 F1200 X92.4 Y79.869 E1911.0652
G1 F1500 X92.4 Y78.572 E1911.10834
G1 X82.6 Y78.572 E1911.43429
G1 X82.6 Y79.869 E1911.47743
G1 F1200 X82.7 Y80.5 E1911.50399
G1 X83.002 Y80.05 E1911.52652
G1 F1500 X83.337 Y79.903 E1911.53869
G1 X91.663 Y79.902 E1911.81561
G1 X91.998 Y80.05 E1911.82779
G1 F1200 X92.3 Y80.5 E1911.85033
G0 F9000 X92.559 Y94.839
G0 X93.215 Y95.013
G0 X97.376 Y88.148
G1 F1229.5 X95.584 Y91.265 E1911.99622
G1 F1271.2 X93.793 Y94.382 E1912.13731
G0 F9000 X92.578 Y95.794
G1 F1694.9 X93.025 Y95.021 E1912.16359
G1 X92.752 Y94.95 E1912.17189
G1 X92.578 Y94.76 E1912.17948
G1 X92.578 Y95.794 E1912.20991
G0 F9000 X92.649 Y96.424
G1 F1500 X93.336 Y95.235 E1912.25559
G1 F1388.9 X93.793 Y94.382 E1912.29035
G1 X93.091 Y94.649 E1912.31733
G1 F1500 X92.847 Y94.585 E1912.32572
G1 F1188.1 X92.305 Y94.125 E1912.35557
G1 F1075.3 X92.253 Y94.605 E1912.37797
G1 F1327.4 X92.201 Y95.085 E1912.39611
G1 F1500 X92.2 Y96.424 E1912.44065
G1 X92.649 Y96.424 E1912.45558
G0 F9000 X92.88 Y96.824
;TYPE:WALL-OUTER
G1 F1500 X98.151 Y87.701 E1912.80602
G1 X97.117 Y87.7 E1912.84041
G1 X93.418 Y94.168 E1913.08823
G1 X93.193 Y94.262 E1913.09634
G1 X92.949 Y94.198 E1913.10473
G1 X92.802 Y94.039 E1913.11194
G1 X92.8 Y78.172 E1913.63967
G1 X82.2 Y78.172 E1913.99223
G1 X82.198 Y94.039 E1914.51997
G1 X82.05 Y94.198 E1914.5272
G1 X81.802 Y94.262 E1914.53571
G1 X81.598 Y94.197 E1914.54284
G1 X77.88 Y87.7 E1914.79181
G1 X76.848 Y87.7 E1914.82613
G1 X82.116 Y96.824 E1915.17655
G1 X83.2 Y96.824 E1915.2126
G1 X83.2 Y80.5 E1915.75554
G1 X83.267 Y80.35 E1915.76101
G1 X83.379 Y80.301 E1915.76507
G1 X91.621 Y80.3 E1916.0392
G1 X91.733 Y80.35 E1916.04328
G1 X91.8 Y80.5 E1916.04874
G1 X91.8 Y96.824 E1916.59168
G1 X92.88 Y96.824 E1916.6276
G1 F2700 E1911.6276
;MESH:batclipholder.stl
G0 F9000 X92.713 Y96.53
G0 X92.024 Y96.602
G0 X92.024 Y97.691
G0 X92.024 Y137.309
G0 X92.024 Y138.404
G0 X91.967 Y139.585
;TYPE:WALL-INNER
G1 F2700 E1916.6276
G1 F1284.8 X91.967 Y139.005 E1916.65013
G1 F1282.1 X83.034 Y139.006 E1916.99775
G1 X83.034 Y139.585 E1917.02028
G1 X83.291 Y139.471 E1917.03122
G1 X91.709 Y139.471 E1917.3588
G1 F1284.8 X91.967 Y139.585 E1917.36975
G0 F9000 X92.3 Y140.5
G1 F1200 X92.4 Y139.869 E1917.39632
G1 F1500 X92.4 Y138.572 E1917.43945
G1 X82.6 Y138.572 E1917.7654
G1 X82.6 Y139.869 E1917.80854
G1 F1200 X82.7 Y140.5 E1917.8351
G1 X83.002 Y140.05 E1917.85763
G1 F1500 X83.337 Y139.903 E1917.8698
G1 X91.663 Y139.902 E1918.14673
G1 X91.998 Y140.05 E1918.15891
G1 F1200 X92.3 Y140.5 E1918.18144
G1 F991.7 X92.305 Y154.125 E1918.86686
G0 F9000 X92.559 Y154.839
G0 X93.215 Y155.013
G0 X93.793 Y154.382
G1 F1271.2 X95.584 Y151.265 E1919.00795
G1 F1229.5 X97.376 Y148.148 E1919.15384
G0 F9000 X93.215 Y155.013
G0 X92.578 Y155.794
G1 F1694.9 X93.025 Y155.021 E1919.18012
G1 X92.752 Y154.95 E1919.18843
G1 X92.578 Y154.76 E1919.19601
G1 X92.578 Y155.794 E1919.22645
G0 F9000 X92.649 Y156.424
G1 F1500 X93.336 Y155.235 E1919.27212
G1 F1388.9 X93.793 Y154.382 E1919.30688
G1 X93.091 Y154.649 E1919.33386
G1 F1500 X92.847 Y154.585 E1919.34225
G1 F1188.1 X92.305 Y154.125 E1919.3721
G1 F1075.3 X92.253 Y154.605 E1919.3945
G1 F1327.4 X92.201 Y155.085 E1919.41265
G1 F1500 X92.2 Y156.424 E1919.45718
G1 X92.649 Y156.424 E1919.47212
G1 F2700 E1914.47212
G0 F9000 X92.483 Y156.13
G0 X92.038 Y140.062
G0 X82.962 Y140.062
G0 X82.695 Y154.125
G1 F2700 E1919.47212
G1 F991.7 X82.7 Y140.5 E1920.15753
G0 F9000 X82.441 Y154.839
G0 X81.785 Y155.013
G0 X77.621 Y148.146
G1 F1239.7 X81.263 Y154.477 E1920.45147
G0 F9000 X82.422 Y155.799
G1 F1685.4 X82.422 Y154.76 E1920.48223
G1 X82.245 Y154.952 E1920.48996
G1 X81.973 Y155.021 E1920.49827
G1 X82.422 Y155.799 E1920.52486
G0 F9000 X82.8 Y156.424
G1 F1500 X82.8 Y155.089 E1920.56926
G1 F1327.4 X82.748 Y154.607 E1920.58748
G1 F1075.3 X82.695 Y154.125 E1920.60998
G1 F1188.1 X82.15 Y154.586 E1920.63995
G1 F1500 X81.902 Y154.649 E1920.64846
G1 F1373 X81.263 Y154.477 E1920.67251
G1 X81.658 Y155.23 E1920.70341
G1 F1500 X82.346 Y156.424 E1920.74924
G1 X82.8 Y156.424 E1920.76434
G1 F2700 E1915.76434
G0 F9000 X82.52 Y156.146
G0 X82.962 Y140.062
G0 X92.038 Y140.062
G0 X92.045 Y149.385
G0 X92.713 Y156.53
G0 X92.88 Y156.824
;TYPE:WALL-OUTER
G1 F2700 E1920.76434
G1 F1500 X98.151 Y147.701 E1921.11478
G1 X97.117 Y147.7 E1921.14917
G1 X93.418 Y154.168 E1921.39699
G1 X93.193 Y154.262 E1921.4051
G1 X92.949 Y154.198 E1921.41349
G1 X92.802 Y154.039 E1921.42069
G1 X92.8 Y138.172 E1921.94843
G1 X82.2 Y138.172 E1922.30099
G1 X82.198 Y154.039 E1922.82873
G1 X82.05 Y154.198 E1922.83595
G1 X81.802 Y154.262 E1922.84447
G1 X81.598 Y154.197 E1922.85159
G1 X77.88 Y147.7 E1923.10056
G1 X76.848 Y147.7 E1923.13489
G1 X82.116 Y156.824 E1923.4853
G1 X83.2 Y156.824 E1923.52136
G1 X83.2 Y140.5 E1924.0643
G1 X83.267 Y140.35 E1924.06976
G1 X83.379 Y140.301 E1924.07383
G1 X91.621 Y140.3 E1924.34796
G1 X91.733 Y140.35 E1924.35204
G1 X91.8 Y140.5 E1924.3575
G1 X91.8 Y156.824 E1924.90044
G1 X92.88 Y156.824 E1924.93636
G1 F2700 E1919.93636
;MESH:batclipholder.stl(3)
G0 F9000 X92.713 Y156.53
G0 X97.773 Y147.92
G0 X98.712 Y148.462
G0 X136.289 Y148.463
G0 X137.621 Y148.146
;TYPE:WALL-INNER
G1 F2700 E1924.93636
G1 F1239.7 X141.263 Y154.477 E1925.2303
G0 F9000 X141.785 Y155.013
G0 X142.441 Y154.839
G0 X142.695 Y154.125
G1 F991.7 X142.7 Y140.5 E1925.91572
G0 F9000 X143.034 Y139.585
G1 F1282.1 X143.291 Y139.471 E1925.92666
G1 X151.709 Y139.471 E1926.25424
G1 F1284.8 X151.967 Y139.585 E1926.26519
G1 X151.967 Y139.005 E1926.28772
G1 F1282.1 X143.034 Y139.006 E1926.63534
G1 X143.034 Y139.585 E1926.65787
G0 F9000 X142.7 Y140.5
G1 F1200 X143.002 Y140.05 E1926.6804
G1 F1500 X143.337 Y139.903 E1926.69257
G1 X151.663 Y139.902 E1926.96949
G1 X151.998 Y140.05 E1926.98167
G1 F1200 X152.3 Y140.5 E1927.00421
G1 X152.4 Y139.869 E1927.03077
G1 F1500 X152.4 Y138.572 E1927.0739
G1 X142.6 Y138.572 E1927.39985
G1 X142.6 Y139.869 E1927.44299
G1 F1200 X142.7 Y140.5 E1927.46955
G0 F9000 X142.962 Y140.062
G0 X152.038 Y140.062
G0 X152.3 Y140.5
G1 F991.7 X152.305 Y154.125 E1928.15497
G0 F9000 X152.559 Y154.839
G0 X153.215 Y155.013
G0 X153.793 Y154.382
G1 F1271.2 X155.584 Y151.265 E1928.29606
G1 F1229.5 X157.376 Y148.148 E1928.44195
G0 F9000 X153.215 Y155.013
G0 X152.578 Y155.794
G1 F1694.9 X153.025 Y155.021 E1928.46824
G1 X152.752 Y154.95 E1928.47654
G1 X152.578 Y154.76 E1928.48412
G1 X152.578 Y155.794 E1928.51456
G0 F9000 X152.2 Y156.424
G1 F1500 X152.649 Y156.424 E1928.52949
G1 X153.336 Y155.235 E1928.57517
G1 F1388.9 X153.793 Y154.382 E1928.60993
G1 X153.091 Y154.649 E1928.63691
G1 F1500 X152.847 Y154.585 E1928.6453
G1 F1188.1 X152.305 Y154.125 E1928.67515
G1 F1075.3 X152.253 Y154.605 E1928.69755
G1 F1327.4 X152.201 Y155.085 E1928.7157
G1 F1500 X152.2 Y156.424 E1928.76023
G1 F2700 E1923.76023
G0 F9000 X152.48 Y156.146
G0 X152.038 Y140.062
G0 X142.962 Y140.062
G0 X142.422 Y155.799
G1 F2700 E1928.76023
G1 F1685.4 X142.422 Y154.76 E1928.79099
G1 X142.245 Y154.952 E1928.79872
G1 X141.973 Y155.021 E1928.80702
G1 X142.422 Y155.799 E1928.83361
G0 F9000 X142.346 Y156.424
G1 F1500 X142.8 Y156.424 E1928.84871
G1 X142.8 Y155.089 E1928.89312
G1 F1327.4 X142.748 Y154.607 E1928.91134
G1 F1075.3 X142.695 Y154.125 E1928.93383
G1 F1188.1 X142.15 Y154.586 E1928.96381
G1 F1500 X141.902 Y154.649 E1928.97232
G1 F1373 X141.263 Y154.477 E1928.99636
G1 X141.658 Y155.23 E1929.02726
G1 F1500 X142.346 Y156.424 E1929.0731
G0 F9000 X142.116 Y156.824
;TYPE:WALL-OUTER
G1 F1500 X143.2 Y156.824 E1929.10915
G1 X143.2 Y140.5 E1929.65209
G1 X143.267 Y140.35 E1929.65755
G1 X143.379 Y140.301 E1929.66162
G1 X151.621 Y140.3 E1929.93575
G1 X151.733 Y140.35 E1929.93983
G1 X151.8 Y140.5 E1929.94529
G1 X151.8 Y156.824 E1930.48823
G1 X152.88 Y156.824 E1930.52415
G1 X158.151 Y147.701 E1930.87459
G1 X157.117 Y147.7 E1930.90898
G1 X153.418 Y154.168 E1931.1568
G1 X153.193 Y154.262 E1931.16491
G1 X152.949 Y154.198 E1931.1733
G1 X152.802 Y154.039 E1931.1805
G1 X152.8 Y138.172 E1931.70824
G1 X142.2 Y138.172 E1932.0608
G1 X142.198 Y154.039 E1932.58854
G1 X142.05 Y154.198 E1932.59576
G1 X141.802 Y154.262 E1932.60428
G1 X141.598 Y154.197 E1932.6114
G1 X137.88 Y147.7 E1932.86038
G1 X136.848 Y147.7 E1932.8947
G1 X142.116 Y156.824 E1933.24512
G1 F2700 E1928.24512
;MESH:batclipholder.stl(2)
G0 F9000 X142.287 Y156.53
G0 X142.412 Y155.16
G0 X142.424 Y138.398
G0 X142.424 Y137.309
G0 X142.424 Y97.691
G0 X142.424 Y96.596
G0 X142.422 Y95.799
;TYPE:WALL-INNER
G1 F2700 E1933.24512
G1 F1685.4 X142.422 Y94.76 E1933.27587
G1 X142.245 Y94.952 E1933.2836
G1 X141.973 Y95.021 E1933.29191
G1 X142.422 Y95.799 E1933.3185
G0 F9000 X142.346 Y96.424
G1 F1500 X142.8 Y96.424 E1933.3336
G1 X142.8 Y95.089 E1933.378
G1 F1327.4 X142.748 Y94.607 E1933.39622
G1 F1075.3 X142.695 Y94.125 E1933.41872
G1 F1188.1 X142.15 Y94.586 E1933.4487
G1 F1500 X141.902 Y94.649 E1933.45721
G1 F1373 X141.263 Y94.477 E1933.48125
G1 X141.658 Y95.23 E1933.51215
G1 F1500 X142.346 Y96.424 E1933.55798
G0 F9000 X142.517 Y96.13
G0 X141.263 Y94.477
G1 F1239.7 X137.621 Y88.146 E1933.85192
G0 F9000 X141.785 Y95.013
G0 X142.441 Y94.839
G0 X142.695 Y94.125
G1 F991.7 X142.7 Y80.5 E1934.53734
G0 F9000 X143.034 Y79.585
G1 F1282.1 X143.291 Y79.471 E1934.54828
G1 X151.709 Y79.471 E1934.87586
G1 F1284.8 X151.967 Y79.585 E1934.88682
G1 X151.967 Y79.005 E1934.90934
G1 F1282.1 X143.034 Y79.006 E1935.25696
G1 X143.034 Y79.585 E1935.27949
G0 F9000 X142.7 Y80.5
G1 F1200 X143.002 Y80.05 E1935.30202
G1 F1500 X143.337 Y79.903 E1935.31419
G1 X151.663 Y79.902 E1935.59111
G1 X151.998 Y80.05 E1935.6033
G1 F1200 X152.3 Y80.5 E1935.62583
G1 X152.4 Y79.869 E1935.65239
G1 F1500 X152.4 Y78.572 E1935.69553
G1 X142.6 Y78.572 E1936.02148
G1 X142.6 Y79.869 E1936.06461
G1 F1200 X142.7 Y80.5 E1936.09118
G0 F9000 X142.962 Y80.062
G0 X152.038 Y80.062
G0 X152.3 Y80.5
G1 F991.7 X152.305 Y94.125 E1936.77659
G0 F9000 X152.559 Y94.839
G0 X153.215 Y95.013
G0 X153.793 Y94.382
G1 F1271.2 X155.584 Y91.265 E1936.91768
G1 F1229.5 X157.376 Y88.148 E1937.06358
G0 F9000 X153.215 Y95.013
G0 X152.578 Y95.794
G1 F1694.9 X153.025 Y95.021 E1937.08986
G1 X152.752 Y94.95 E1937.09816
G1 X152.578 Y94.76 E1937.10575
G1 X152.578 Y95.794 E1937.13618
G0 F9000 X152.2 Y96.424
G1 F1500 X152.649 Y96.424 E1937.15112
G1 X153.336 Y95.235 E1937.19679
G1 F1388.9 X153.793 Y94.382 E1937.23155
G1 X153.091 Y94.649 E1937.25853
G1 F1500 X152.847 Y94.585 E1937.26692
G1 F1188.1 X152.305 Y94.125 E1937.29677
G1 F1075.3 X152.253 Y94.605 E1937.31917
G1 F1327.4 X152.201 Y95.085 E1937.33732
G1 F1500 X152.2 Y96.424 E1937.38185
G1 F2700 E1932.38185
G0 F9000 X152.48 Y96.146
G0 X152.038 Y80.062
G0 X142.962 Y80.062
G0 X142.955 Y89.385
G0 X142.287 Y96.53
G0 X142.116 Y96.824
;TYPE:WALL-OUTER
G1 F2700 E1937.38185
G1 F1500 X143.2 Y96.824 E1937.41791
G1 X143.2 Y80.5 E1937.96084
G1 X143.267 Y80.35 E1937.96631
G1 X143.379 Y80.301 E1937.97038
G1 X151.621 Y80.3 E1938.24451
G1 X151.733 Y80.35 E1938.24858
G1 X151.8 Y80.5 E1938.25405
G1 X151.8 Y96.824 E1938.79699
G1 X152.88 Y96.824 E1938.83291
G1 X158.151 Y87.701 E1939.18335
G1 X157.117 Y87.7 E1939.21774
G1 X153.418 Y94.168 E1939.46556
G1 X153.193 Y94.262 E1939.47367
G1 X152.949 Y94.198 E1939.48206
G1 X152.802 Y94.039 E1939.48926
G1 X152.8 Y78.172 E1940.017
G1 X142.2 Y78.172 E1940.36956
G1 X142.198 Y94.039 E1940.89729
G1 X142.05 Y94.198 E1940.90452
G1 X141.802 Y94.262 E1940.91304
G1 X141.598 Y94.197 E1940.92016
G1 X137.88 Y87.7 E1941.16913
G1 X136.848 Y87.7 E1941.20346
G1 X142.116 Y96.824 E1941.55387
G1 F2700 E1936.55387
;MESH:NONMESH
G0 F300 X142.116 Y96.824 Z7.8
G0 F9000 X142.287 Y96.53
G0 X137.227 Y87.92
G0 X136.289 Y88.463
G0 X98.88 Y86.841
G0 X96.617 Y86.841
G0 X93.665 Y87.92
G0 X82.7 Y80.5
;TIME_ELAPSED:3479.684430
;LAYER:38
;TYPE:WALL-INNER
;MESH:batclipholder.stl(1)
G1 F2700 E1941.55387
G1 F991.7 X82.695 Y94.125 E1942.23929
G0 F9000 X82.441 Y94.839
G0 X81.785 Y95.013
G0 X81.263 Y94.477
G1 F1239.7 X77.621 Y88.146 E1942.53323
G0 F9000 X81.785 Y95.013
G0 X82.422 Y95.799
G1 F1685.4 X82.422 Y94.76 E1942.56399
G1 X82.245 Y94.952 E1942.57172
G1 X81.973 Y95.021 E1942.58002
G1 X82.422 Y95.799 E1942.60661
G0 F9000 X82.8 Y96.424
G1 F1500 X82.8 Y95.089 E1942.65102
G1 F1327.4 X82.748 Y94.607 E1942.66924
G1 F1075.3 X82.695 Y94.125 E1942.69174
G1 F1188.1 X82.15 Y94.586 E1942.72171
G1 F1500 X81.902 Y94.649 E1942.73022
G1 F1373 X81.263 Y94.477 E1942.75427
G1 X81.658 Y95.23 E1942.78516
G1 F1500 X82.346 Y96.424 E1942.831
G1 X82.8 Y96.424 E1942.8461
G1 F2700 E1937.8461
G0 F9000 X82.52 Y96.146
G0 X82.962 Y80.062
G0 X92.038 Y80.062
G0 X92.305 Y94.125
G1 F2700 E1942.8461
G1 F991.7 X92.3 Y80.5 E1943.53152
G0 F9000 X91.967 Y79.585
G1 F1284.8 X91.967 Y79.005 E1943.55404
G1 F1282.1 X83.034 Y79.006 E1943.90166
G1 X83.034 Y79.585 E1943.92419
G1 X83.291 Y79.471 E1943.93513
G1 X91.709 Y79.471 E1944.26271
G1 F1284.8 X91.967 Y79.585 E1944.27367
G0 F9000 X92.3 Y80.5
G1 F1200 X92.4 Y79.869 E1944.30023
G1 F1500 X92.4 Y78.572 E1944.34337
G1 X82.6 Y78.572 E1944.66932
G1 X82.6 Y79.869 E1944.71245
G1 F1200 X82.7 Y80.5 E1944.73902
G1 X83.002 Y80.05 E1944.76155
G1 F1500 X83.337 Y79.903 E1944.77371
G1 X91.663 Y79.902 E1945.05064
G1 X91.998 Y80.05 E1945.06282
G1 F1200 X92.3 Y80.5 E1945.08535
G0 F9000 X92.559 Y94.839
G0 X93.215 Y95.013
G0 X97.376 Y88.148
G1 F1229.5 X95.584 Y91.265 E1945.23124
G1 F1271.2 X93.793 Y94.382 E1945.37233
G0 F9000 X92.578 Y95.794
G1 F1694.9 X93.025 Y95.021 E1945.39862
G1 X92.752 Y94.95 E1945.40692
G1 X92.578 Y94.76 E1945.4145
G1 X92.578 Y95.794 E1945.44494
G0 F9000 X92.649 Y96.424
G1 F1500 X93.336 Y95.235 E1945.49061
G1 F1388.9 X93.793 Y94.382 E1945.52537
G1 X93.091 Y94.649 E1945.55235
G1 F1500 X92.847 Y94.585 E1945.56074
G1 F1188.1 X92.305 Y94.125 E1945.59059
G1 F1075.3 X92.253 Y94.605 E1945.61299
G1 F1327.4 X92.201 Y95.085 E1945.63114
G1 F1500 X92.2 Y96.424 E1945.67567
G1 X92.649 Y96.424 E1945.69061
G0 F9000 X92.88 Y96.824
;TYPE:WALL-OUTER
G1 F1500 X98.151 Y87.701 E1946.04105
G1 X97.117 Y87.7 E1946.07544
G1 X93.418 Y94.168 E1946.32326
G1 X93.193 Y94.262 E1946.33137
G1 X92.949 Y94.198 E1946.33976
G1 X92.802 Y94.039 E1946.34696
G1 X92.8 Y78.172 E1946.8747
G1 X82.2 Y78.172 E1947.22726
G1 X82.198 Y94.039 E1947.755
G1 X82.05 Y94.198 E1947.76222
G1 X81.802 Y94.262 E1947.77074
G1 X81.598 Y94.197 E1947.77786
G1 X77.88 Y87.7 E1948.02683
G1 X76.848 Y87.7 E1948.06116
G1 X82.116 Y96.824 E1948.41157
G1 X83.2 Y96.824 E1948.44763
G1 X83.2 Y80.5 E1948.99057
G1 X83.267 Y80.35 E1948.99603
G1 X83.379 Y80.301 E1949.0001
G1 X91.621 Y80.3 E1949.27423
G1 X91.733 Y80.35 E1949.27831
G1 X91.8 Y80.5 E1949.28377
G1 X91.8 Y96.824 E1949.82671
G1 X92.88 Y96.824 E1949.86263
G1 F2700 E1944.86263
;MESH:batclipholder.stl
G0 F9000 X92.713 Y96.53
G0 X92.024 Y96.602
G0 X92.024 Y97.691
G0 X92.024 Y137.309
G0 X92.024 Y138.404
G0 X91.967 Y139.585
;TYPE:WALL-INNER
G1 F2700 E1949.86263
G1 F1284.8 X91.967 Y139.005 E1949.88515
G1 F1282.1 X83.034 Y139.006 E1950.23277
G1 X83.034 Y139.585 E1950.2553
G1 X83.291 Y139.471 E1950.26625
G1 X91.709 Y139.471 E1950.59383
G1 F1284.8 X91.967 Y139.585 E1950.60478
G0 F9000 X92.3 Y140.5
G1 F1200 X92.4 Y139.869 E1950.63134
G1 F1500 X92.4 Y138.572 E1950.67448
G1 X82.6 Y138.572 E1951.00043
G1 X82.6 Y139.869 E1951.04357
G1 F1200 X82.7 Y140.5 E1951.07013
G1 X83.002 Y140.05 E1951.09266
G1 F1500 X83.337 Y139.903 E1951.10483
G1 X91.663 Y139.902 E1951.38175
G1 X91.998 Y140.05 E1951.39393
G1 F1200 X92.3 Y140.5 E1951.41646
G1 F991.7 X92.305 Y154.125 E1952.10188
G0 F9000 X92.559 Y154.839
G0 X93.215 Y155.013
G0 X93.793 Y154.382
G1 F1271.2 X95.584 Y151.265 E1952.24297
G1 F1229.5 X97.376 Y148.148 E1952.38886
G0 F9000 X93.215 Y155.013
G0 X92.578 Y155.794
G1 F1694.9 X93.025 Y155.021 E1952.41515
G1 X92.752 Y154.95 E1952.42345
G1 X92.578 Y154.76 E1952.43103
G1 X92.578 Y155.794 E1952.46147
G0 F9000 X92.649 Y156.424
G1 F1500 X93.336 Y155.235 E1952.50714
G1 F1388.9 X93.793 Y154.382 E1952.5419
G1 X93.091 Y154.649 E1952.56888
G1 F1500 X92.847 Y154.585 E1952.57727
G1 F1188.1 X92.305 Y154.125 E1952.60712
G1 F1075.3 X92.253 Y154.605 E1952.62953
G1 F1327.4 X92.201 Y155.085 E1952.64767
G1 F1500 X92.2 Y156.424 E1952.69221
G1 X92.649 Y156.424 E1952.70714
G1 F2700 E1947.70714
G0 F9000 X92.483 Y156.13
G0 X92.038 Y140.062
G0 X82.962 Y140.062
G0 X82.695 Y154.125
G1 F2700 E1952.70714
G1 F991.7 X82.7 Y140.5 E1953.39256
G0 F9000 X82.441 Y154.839
G0 X81.785 Y155.013
G0 X77.621 Y148.146
G1 F1239.7 X81.263 Y154.477 E1953.6865
G0 F9000 X82.422 Y155.799
G1 F1685.4 X82.422 Y154.76 E1953.71726
G1 X82.245 Y154.952 E1953.72499
G1 X81.973 Y155.021 E1953.73329
G1 X82.422 Y155.799 E1953.75988
G0 F9000 X82.8 Y156.424
G1 F1500 X82.8 Y155.089 E1953.80428
G1 F1327.4 X82.748 Y154.607 E1953.8225
G1 F1075.3 X82.695 Y154.125 E1953.845
G1 F1188.1 X82.15 Y154.586 E1953.87498
G1 F1500 X81.902 Y154.649 E1953.88349
G1 F1373 X81.263 Y154.477 E1953.90753
G1 X81.658 Y155.23 E1953.93843
G1 F1500 X82.346 Y156.424 E1953.98426
G1 X82.8 Y156.424 E1953.99937
G1 F2700 E1948.99937
G0 F9000 X82.52 Y156.146
G0 X82.962 Y140.062
G0 X92.038 Y140.062
G0 X92.045 Y149.385
G0 X92.713 Y156.53
G0 X92.88 Y156.824
;TYPE:WALL-OUTER
G1 F2700 E1953.99937
G1 F1500 X98.151 Y147.701 E1954.3498
G1 X97.117 Y147.7 E1954.38419
G1 X93.418 Y154.168 E1954.63201
G1 X93.193 Y154.262 E1954.64013
G1 X92.949 Y154.198 E1954.64852
G1 X92.802 Y154.039 E1954.65572
G1 X92.8 Y138.172 E1955.18346
G1 X82.2 Y138.172 E1955.53601
G1 X82.198 Y154.039 E1956.06375
G1 X82.05 Y154.198 E1956.07098
G1 X81.802 Y154.262 E1956.0795
G1 X81.598 Y154.197 E1956.08662
G1 X77.88 Y147.7 E1956.33559
G1 X76.848 Y147.7 E1956.36991
G1 X82.116 Y156.824 E1956.72033
G1 X83.2 Y156.824 E1956.75638
G1 X83.2 Y140.5 E1957.29932
G1 X83.267 Y140.35 E1957.30479
G1 X83.379 Y140.301 E1957.30885
G1 X91.621 Y140.3 E1957.58298
G1 X91.733 Y140.35 E1957.58706
G1 X91.8 Y140.5 E1957.59253
G1 X91.8 Y156.824 E1958.13546
G1 X92.88 Y156.824 E1958.17139
G1 F2700 E1953.17139
;MESH:batclipholder.stl(3)
G0 F9000 X92.713 Y156.53
G0 X97.773 Y147.92
G0 X98.712 Y148.462
G0 X136.289 Y148.463
G0 X137.621 Y148.146
;TYPE:WALL-INNER
G1 F2700 E1958.17139
G1 F1239.7 X141.263 Y154.477 E1958.46533
G0 F9000 X141.785 Y155.013
G0 X142.441 Y154.839
G0 X142.695 Y154.125
G1 F991.7 X142.7 Y140.5 E1959.15074
G0 F9000 X143.034 Y139.585
G1 F1282.1 X143.291 Y139.471 E1959.16169
G1 X151.709 Y139.471 E1959.48927
G1 F1284.8 X151.967 Y139.585 E1959.50022
G1 X151.967 Y139.005 E1959.52274
G1 F1282.1 X143.034 Y139.006 E1959.87036
G1 X143.034 Y139.585 E1959.89289
G0 F9000 X142.7 Y140.5
G1 F1200 X143.002 Y140.05 E1959.91543
G1 F1500 X143.337 Y139.903 E1959.92759
G1 X151.663 Y139.902 E1960.20452
G1 X151.998 Y140.05 E1960.2167
G1 F1200 X152.3 Y140.5 E1960.23923
G1 X152.4 Y139.869 E1960.26579
G1 F1500 X152.4 Y138.572 E1960.30893
G1 X142.6 Y138.572 E1960.63488
G1 X142.6 Y139.869 E1960.67802
G1 F1200 X142.7 Y140.5 E1960.70458
G0 F9000 X142.962 Y140.062
G0 X152.038 Y140.062
G0 X152.3 Y140.5
G1 F991.7 X152.305 Y154.125 E1961.39
G0 F9000 X152.559 Y154.839
G0 X153.215 Y155.013
G0 X153.793 Y154.382
G1 F1271.2 X155.584 Y151.265 E1961.53109
G1 F1229.5 X157.376 Y148.148 E1961.67698
G0 F9000 X153.215 Y155.013
G0 X152.578 Y155.794
G1 F1694.9 X153.025 Y155.021 E1961.70326
G1 X152.752 Y154.95 E1961.71157
G1 X152.578 Y154.76 E1961.71915
G1 X152.578 Y155.794 E1961.74959
G0 F9000 X152.2 Y156.424
G1 F1500 X152.649 Y156.424 E1961.76452
G1 X153.336 Y155.235 E1961.81019
G1 F1388.9 X153.793 Y154.382 E1961.84495
G1 X153.091 Y154.649 E1961.87193
G1 F1500 X152.847 Y154.585 E1961.88032
G1 F1188.1 X152.305 Y154.125 E1961.91017
G1 F1075.3 X152.253 Y154.605 E1961.93257
G1 F1327.4 X152.201 Y155.085 E1961.95072
G1 F1500 X152.2 Y156.424 E1961.99526
G1 F2700 E1956.99526
G0 F9000 X152.48 Y156.146
G0 X152.038 Y140.062
G0 X142.962 Y140.062
G0 X142.422 Y155.799
G1 F2700 E1961.99526
G1 F1685.4 X142.422 Y154.76 E1962.02601
G1 X142.245 Y154.952 E1962.03374
G1 X141.973 Y155.021 E1962.04205
G1 X142.422 Y155.799 E1962.06864
G0 F9000 X142.346 Y156.424
G1 F1500 X142.8 Y156.424 E1962.08374
G1 X142.8 Y155.089 E1962.12814
G1 F1327.4 X142.748 Y154.607 E1962.14636
G1 F1075.3 X142.695 Y154.125 E1962.16886
G1 F1188.1 X142.15 Y154.586 E1962.19883
G1 F1500 X141.902 Y154.649 E1962.20734
G1 F1373 X141.263 Y154.477 E1962.23139
G1 X141.658 Y155.23 E1962.26229
G1 F1500 X142.346 Y156.424 E1962.30812
G0 F9000 X142.116 Y156.824
;TYPE:WALL-OUTER
G1 F1500 X143.2 Y156.824 E1962.34418
G1 X143.2 Y140.5 E1962.88711
G1 X143.267 Y140.35 E1962.89258
G1 X143.379 Y140.301 E1962.89664
G1 X151.621 Y140.3 E1963.17077
G1 X151.733 Y140.35 E1963.17485
G1 X151.8 Y140.5 E1963.18032
G1 X151.8 Y156.824 E1963.72326
G1 X152.88 Y156.824 E1963.75918
G1 X158.151 Y147.701 E1964.10961
G1 X157.117 Y147.7 E1964.14401
G1 X153.418 Y154.168 E1964.39183
G1 X153.193 Y154.262 E1964.39994
G1 X152.949 Y154.198 E1964.40833
G1 X152.802 Y154.039 E1964.41553
G1 X152.8 Y138.172 E1964.94327
G1 X142.2 Y138.172 E1965.29583
G1 X142.198 Y154.039 E1965.82356
G1 X142.05 Y154.198 E1965.83079
G1 X141.802 Y154.262 E1965.83931
G1 X141.598 Y154.197 E1965.84643
G1 X137.88 Y147.7 E1966.0954
G1 X136.848 Y147.7 E1966.12973
G1 X142.116 Y156.824 E1966.48014
G1 F2700 E1961.48014
;MESH:batclipholder.stl(2)
G0 F9000 X142.287 Y156.53
G0 X142.412 Y155.16
G0 X142.424 Y138.398
G0 X142.424 Y137.309
G0 X142.424 Y97.691
G0 X142.424 Y96.596
G0 X142.422 Y95.799
;TYPE:WALL-INNER
G1 F2700 E1966.48014
G1 F1685.4 X142.422 Y94.76 E1966.5109
G1 X142.245 Y94.952 E1966.51863
G1 X141.973 Y95.021 E1966.52693
G1 X142.422 Y95.799 E1966.55352
G0 F9000 X142.346 Y96.424
G1 F1500 X142.8 Y96.424 E1966.56862
G1 X142.8 Y95.089 E1966.61303
G1 F1327.4 X142.748 Y94.607 E1966.63125
G1 F1075.3 X142.695 Y94.125 E1966.65375
G1 F1188.1 X142.15 Y94.586 E1966.68372
G1 F1500 X141.902 Y94.649 E1966.69223
G1 F1373 X141.263 Y94.477 E1966.71628
G1 X141.658 Y95.23 E1966.74717
G1 F1500 X142.346 Y96.424 E1966.79301
G0 F9000 X142.517 Y96.13
G0 X141.263 Y94.477
G1 F1239.7 X137.621 Y88.146 E1967.08695
G0 F9000 X141.785 Y95.013
G0 X142.441 Y94.839
G0 X142.695 Y94.125
G1 F991.7 X142.7 Y80.5 E1967.77237
G0 F9000 X143.034 Y79.585
G1 F1282.1 X143.291 Y79.471 E1967.78331
G1 X151.709 Y79.471 E1968.11089
G1 F1284.8 X151.967 Y79.585 E1968.12184
G1 X151.967 Y79.005 E1968.14436
G1 F1282.1 X143.034 Y79.006 E1968.49199
G1 X143.034 Y79.585 E1968.51452
G0 F9000 X142.7 Y80.5
G1 F1200 X143.002 Y80.05 E1968.53705
G1 F1500 X143.337 Y79.903 E1968.54922
G1 X151.663 Y79.902 E1968.82614
G1 X151.998 Y80.05 E1968.83832
G1 F1200 X152.3 Y80.5 E1968.86085
G1 X152.4 Y79.869 E1968.88741
G1 F1500 X152.4 Y78.572 E1968.93055
G1 X142.6 Y78.572 E1969.2565
G1 X142.6 Y79.869 E1969.29964
G1 F1200 X142.7 Y80.5 E1969.3262
G0 F9000 X142.962 Y80.062
G0 X152.038 Y80.062
G0 X152.3 Y80.5
G1 F991.7 X152.305 Y94.125 E1970.01162
G0 F9000 X152.559 Y94.839
G0 X153.215 Y95.013
G0 X153.793 Y94.382
G1 F1271.2 X155.584 Y91.265 E1970.15271
G1 F1229.5 X157.376 Y88.148 E1970.2986
G0 F9000 X153.215 Y95.013
G0 X152.578 Y95.794
G1 F1694.9 X153.025 Y95.021 E1970.32489
G1 X152.752 Y94.95 E1970.33319
G1 X152.578 Y94.76 E1970.34077
G1 X152.578 Y95.794 E1970.37121
G0 F9000 X152.2 Y96.424
G1 F1500 X152.649 Y96.424 E1970.38614
G1 X153.336 Y95.235 E1970.43181
G1 F1388.9 X153.793 Y94.382 E1970.46658
G1 X153.091 Y94.649 E1970.49355
G1 F1500 X152.847 Y94.585 E1970.50194
G1 F1188.1 X152.305 Y94.125 E1970.5318
G1 F1075.3 X152.253 Y94.605 E1970.5542
G1 F1327.4 X152.201 Y95.085 E1970.57234
G1 F1500 X152.2 Y96.424 E1970.61688
G1 F2700 E1965.61688
G0 F9000 X152.48 Y96.146
G0 X152.038 Y80.062
G0 X142.962 Y80.062
G0 X142.955 Y89.385
G0 X142.287 Y96.53
G0 X142.116 Y96.824
;TYPE:WALL-OUTER
G1 F2700 E1970.61688
G1 F1500 X143.2 Y96.824 E1970.65293
G1 X143.2 Y80.5 E1971.19587
G1 X143.267 Y80.35 E1971.20133
G1 X143.379 Y80.301 E1971.2054
G1 X151.621 Y80.3 E1971.47953
G1 X151.733 Y80.35 E1971.48361
G1 X151.8 Y80.5 E1971.48907
G1 X151.8 Y96.824 E1972.03201
G1 X152.88 Y96.824 E1972.06793
G1 X158.151 Y87.701 E1972.41837
G1 X157.117 Y87.7 E1972.45276
G1 X153.418 Y94.168 E1972.70058
G1 X153.193 Y94.262 E1972.70869
G1 X152.949 Y94.198 E1972.71708
G1 X152.802 Y94.039 E1972.72429
G1 X152.8 Y78.172 E1973.25202
G1 X142.2 Y78.172 E1973.60458
G1 X142.198 Y94.039 E1974.13232
G1 X142.05 Y94.198 E1974.13954
G1 X141.802 Y94.262 E1974.14806
G1 X141.598 Y94.197 E1974.15518
G1 X137.88 Y87.7 E1974.40416
G1 X136.848 Y87.7 E1974.43848
G1 X142.116 Y96.824 E1974.7889
G1 F2700 E1969.7889
;MESH:NONMESH
G0 F300 X142.116 Y96.824 Z8
G0 F9000 X142.287 Y96.53
G0 X137.227 Y87.92
G0 X136.289 Y88.463
G0 X98.88 Y86.841
G0 X96.617 Y86.841
G0 X93.665 Y87.92
G0 X82.7 Y80.5
;TIME_ELAPSED:3540.095107
;LAYER:39
;TYPE:WALL-INNER
;MESH:batclipholder.stl(1)
G1 F2700 E1974.7889
G1 F991.7 X82.695 Y94.125 E1975.47432
G0 F9000 X82.441 Y94.839
G0 X81.785 Y95.013
G0 X81.263 Y94.477
G1 F1239.7 X77.621 Y88.146 E1975.76826
G0 F9000 X81.785 Y95.013
G0 X82.422 Y95.799
G1 F1685.4 X82.422 Y94.76 E1975.79901
G1 X82.245 Y94.952 E1975.80674
G1 X81.973 Y95.021 E1975.81505
G1 X82.422 Y95.799 E1975.84164
G0 F9000 X82.8 Y96.424
G1 F1500 X82.8 Y95.089 E1975.88604
G1 F1327.4 X82.748 Y94.607 E1975.90426
G1 F1075.3 X82.695 Y94.125 E1975.92676
G1 F1188.1 X82.15 Y94.586 E1975.95674
G1 F1500 X81.902 Y94.649 E1975.96525
G1 F1373 X81.263 Y94.477 E1975.98929
G1 X81.658 Y95.23 E1976.02019
G1 F1500 X82.346 Y96.424 E1976.06602
G1 X82.8 Y96.424 E1976.08112
G1 F2700 E1971.08112
G0 F9000 X82.52 Y96.146
G0 X82.962 Y80.062
G0 X92.038 Y80.062
G0 X92.305 Y94.125
G1 F2700 E1976.08112
G1 F991.7 X92.3 Y80.5 E1976.76654
G0 F9000 X91.967 Y79.585
G1 F1284.8 X91.967 Y79.005 E1976.78906
G1 F1282.1 X83.034 Y79.006 E1977.13669
G1 X83.034 Y79.585 E1977.15922
G1 X83.291 Y79.471 E1977.17016
G1 X91.709 Y79.471 E1977.49774
G1 F1284.8 X91.967 Y79.585 E1977.50869
G0 F9000 X92.3 Y80.5
G1 F1200 X92.4 Y79.869 E1977.53525
G1 F1500 X92.4 Y78.572 E1977.57839
G1 X82.6 Y78.572 E1977.90434
G1 X82.6 Y79.869 E1977.94748
G1 F1200 X82.7 Y80.5 E1977.97404
G1 X83.002 Y80.05 E1977.99657
G1 F1500 X83.337 Y79.903 E1978.00874
G1 X91.663 Y79.902 E1978.28566
G1 X91.998 Y80.05 E1978.29784
G1 F1200 X92.3 Y80.5 E1978.32038
G0 F9000 X92.559 Y94.839
G0 X93.215 Y95.013
G0 X97.376 Y88.148
G1 F1229.5 X95.584 Y91.265 E1978.46627
G1 F1271.2 X93.793 Y94.382 E1978.60736
G0 F9000 X92.578 Y95.794
G1 F1694.9 X93.025 Y95.021 E1978.63364
G1 X92.752 Y94.95 E1978.64194
G1 X92.578 Y94.76 E1978.64953
G1 X92.578 Y95.794 E1978.67996
G0 F9000 X92.649 Y96.424
G1 F1500 X93.336 Y95.235 E1978.72564
G1 F1388.9 X93.793 Y94.382 E1978.7604
G1 X93.091 Y94.649 E1978.78738
G1 F1500 X92.847 Y94.585 E1978.79577
G1 F1188.1 X92.305 Y94.125 E1978.82562
G1 F1075.3 X92.253 Y94.605 E1978.84802
G1 F1327.4 X92.201 Y95.085 E1978.86616
G1 F1500 X92.2 Y96.424 E1978.9107
G1 X92.649 Y96.424 E1978.92563
G0 F9000 X92.88 Y96.824
;TYPE:WALL-OUTER
G1 F1500 X98.151 Y87.701 E1979.27607
G1 X97.117 Y87.7 E1979.31046
G1 X93.418 Y94.168 E1979.55828
G1 X93.193 Y94.262 E1979.56639
G1 X92.949 Y94.198 E1979.57478
G1 X92.802 Y94.039 E1979.58199
G1 X92.8 Y78.172 E1980.10972
G1 X82.2 Y78.172 E1980.46228
G1 X82.198 Y94.039 E1980.99002
G1 X82.05 Y94.198 E1980.99725
G1 X81.802 Y94.262 E1981.00576
G1 X81.598 Y94.197 E1981.01289
G1 X77.88 Y87.7 E1981.26186
G1 X76.848 Y87.7 E1981.29618
G1 X82.116 Y96.824 E1981.6466
G1 X83.2 Y96.824 E1981.68265
G1 X83.2 Y80.5 E1982.22559
G1 X83.267 Y80.35 E1982.23106
G1 X83.379 Y80.301 E1982.23512
G1 X91.621 Y80.3 E1982.50925
G1 X91.733 Y80.35 E1982.51333
G1 X91.8 Y80.5 E1982.5188
G1 X91.8 Y96.824 E1983.06173
G1 X92.88 Y96.824 E1983.09765
G1 F2700 E1978.09765
;MESH:batclipholder.stl
G0 F9000 X92.713 Y96.53
G0 X92.024 Y96.602
G0 X92.024 Y97.691
G0 X92.024 Y137.309
G0 X92.024 Y138.404
G0 X91.967 Y139.585
;TYPE:WALL-INNER
G1 F2700 E1983.09765
G1 F1284.8 X91.967 Y139.005 E1983.12018
G1 F1282.1 X83.034 Y139.006 E1983.4678
G1 X83.034 Y139.585 E1983.49033
G1 X83.291 Y139.471 E1983.50127
G1 X91.709 Y139.471 E1983.82885
G1 F1284.8 X91.967 Y139.585 E1983.8398
G0 F9000 X92.3 Y140.5
G1 F1200 X92.4 Y139.869 E1983.86637
G1 F1500 X92.4 Y138.572 E1983.9095
G1 X82.6 Y138.572 E1984.23545
G1 X82.6 Y139.869 E1984.27859
G1 F1200 X82.7 Y140.5 E1984.30515
G1 X83.002 Y140.05 E1984.32768
G1 F1500 X83.337 Y139.903 E1984.33985
G1 X91.663 Y139.902 E1984.61678
G1 X91.998 Y140.05 E1984.62896
G1 F1200 X92.3 Y140.5 E1984.65149
G1 F991.7 X92.305 Y154.125 E1985.33691
G0 F9000 X92.559 Y154.839
G0 X93.215 Y155.013
G0 X93.793 Y154.382
G1 F1271.2 X95.584 Y151.265 E1985.478
G1 F1229.5 X97.376 Y148.148 E1985.62389
G0 F9000 X93.215 Y155.013
G0 X92.578 Y155.794
G1 F1694.9 X93.025 Y155.021 E1985.65017
G1 X92.752 Y154.95 E1985.65848
G1 X92.578 Y154.76 E1985.66606
G1 X92.578 Y155.794 E1985.6965
G0 F9000 X92.649 Y156.424
G1 F1500 X93.336 Y155.235 E1985.74217
G1 F1388.9 X93.793 Y154.382 E1985.77693
G1 X93.091 Y154.649 E1985.80391
G1 F1500 X92.847 Y154.585 E1985.8123
G1 F1188.1 X92.305 Y154.125 E1985.84215
G1 F1075.3 X92.253 Y154.605 E1985.86455
G1 F1327.4 X92.201 Y155.085 E1985.8827
G1 F1500 X92.2 Y156.424 E1985.92723
G1 X92.649 Y156.424 E1985.94217
G1 F2700 E1980.94217
G0 F9000 X92.483 Y156.13
G0 X92.038 Y140.062
G0 X82.962 Y140.062
G0 X82.695 Y154.125
G1 F2700 E1985.94217
G1 F991.7 X82.7 Y140.5 E1986.62758
G0 F9000 X82.441 Y154.839
G0 X81.785 Y155.013
G0 X77.621 Y148.146
G1 F1239.7 X81.263 Y154.477 E1986.92152
G0 F9000 X82.422 Y155.799
G1 F1685.4 X82.422 Y154.76 E1986.95228
G1 X82.245 Y154.952 E1986.96001
G1 X81.973 Y155.021 E1986.96832
G1 X82.422 Y155.799 E1986.99491
G0 F9000 X82.8 Y156.424
G1 F1500 X82.8 Y155.089 E1987.03931
G1 F1327.4 X82.748 Y154.607 E1987.05753
G1 F1075.3 X82.695 Y154.125 E1987.08003
G1 F1188.1 X82.15 Y154.586 E1987.11
G1 F1500 X81.902 Y154.649 E1987.11851
G1 F1373 X81.263 Y154.477 E1987.14256
G1 X81.658 Y155.23 E1987.17346
G1 F1500 X82.346 Y156.424 E1987.21929
G1 X82.8 Y156.424 E1987.23439
G1 F2700 E1982.23439
G0 F9000 X82.52 Y156.146
G0 X82.962 Y140.062
G0 X92.038 Y140.062
G0 X92.045 Y149.385
G0 X92.713 Y156.53
G0 X92.88 Y156.824
;TYPE:WALL-OUTER
G1 F2700 E1987.23439
G1 F1500 X98.151 Y147.701 E1987.58483
G1 X97.117 Y147.7 E1987.61922
G1 X93.418 Y154.168 E1987.86704
G1 X93.193 Y154.262 E1987.87515
G1 X92.949 Y154.198 E1987.88354
G1 X92.802 Y154.039 E1987.89074
G1 X92.8 Y138.172 E1988.41848
G1 X82.2 Y138.172 E1988.77104
G1 X82.198 Y154.039 E1989.29878
G1 X82.05 Y154.198 E1989.306
G1 X81.802 Y154.262 E1989.31452
G1 X81.598 Y154.197 E1989.32164
G1 X77.88 Y147.7 E1989.57061
G1 X76.848 Y147.7 E1989.60494
G1 X82.116 Y156.824 E1989.95536
G1 X83.2 Y156.824 E1989.99141
G1 X83.2 Y140.5 E1990.53435
G1 X83.267 Y140.35 E1990.53981
G1 X83.379 Y140.301 E1990.54388
G1 X91.621 Y140.3 E1990.81801
G1 X91.733 Y140.35 E1990.82209
G1 X91.8 Y140.5 E1990.82755
G1 X91.8 Y156.824 E1991.37049
G1 X92.88 Y156.824 E1991.40641
G1 F2700 E1986.40641
;MESH:batclipholder.stl(3)
G0 F9000 X92.713 Y156.53
G0 X97.773 Y147.92
G0 X98.712 Y148.462
G0 X136.289 Y148.463
G0 X137.621 Y148.146
;TYPE:WALL-INNER
G1 F2700 E1991.40641
G1 F1239.7 X141.263 Y154.477 E1991.70035
G0 F9000 X141.785 Y155.013
G0 X142.441 Y154.839
G0 X142.695 Y154.125
G1 F991.7 X142.7 Y140.5 E1992.38577
G0 F9000 X143.034 Y139.585
G1 F1282.1 X143.291 Y139.471 E1992.39671
G1 X151.709 Y139.471 E1992.72429
G1 F1284.8 X151.967 Y139.585 E1992.73524
G1 X151.967 Y139.005 E1992.75777
G1 F1282.1 X143.034 Y139.006 E1993.10539
G1 X143.034 Y139.585 E1993.12792
G0 F9000 X142.7 Y140.5
G1 F1200 X143.002 Y140.05 E1993.15045
G1 F1500 X143.337 Y139.903 E1993.16262
G1 X151.663 Y139.902 E1993.43954
G1 X151.998 Y140.05 E1993.45172
G1 F1200 X152.3 Y140.5 E1993.47426
G1 X152.4 Y139.869 E1993.50082
G1 F1500 X152.4 Y138.572 E1993.54396
G1 X142.6 Y138.572 E1993.8699
G1 X142.6 Y139.869 E1993.91304
G1 F1200 X142.7 Y140.5 E1993.9396
G0 F9000 X142.962 Y140.062
G0 X152.038 Y140.062
G0 X152.3 Y140.5
G1 F991.7 X152.305 Y154.125 E1994.62502
G0 F9000 X152.559 Y154.839
G0 X153.215 Y155.013
G0 X153.793 Y154.382
G1 F1271.2 X155.584 Y151.265 E1994.76611
G1 F1229.5 X157.376 Y148.148 E1994.912
G0 F9000 X153.215 Y155.013
G0 X152.578 Y155.794
G1 F1694.9 X153.025 Y155.021 E1994.93829
G1 X152.752 Y154.95 E1994.94659
G1 X152.578 Y154.76 E1994.95417
G1 X152.578 Y155.794 E1994.98461
G0 F9000 X152.2 Y156.424
G1 F1500 X152.649 Y156.424 E1994.99954
G1 X153.336 Y155.235 E1995.04522
G1 F1388.9 X153.793 Y154.382 E1995.07998
G1 X153.091 Y154.649 E1995.10696
G1 F1500 X152.847 Y154.585 E1995.11535
G1 F1188.1 X152.305 Y154.125 E1995.1452
G1 F1075.3 X152.253 Y154.605 E1995.1676
G1 F1327.4 X152.201 Y155.085 E1995.18575
G1 F1500 X152.2 Y156.424 E1995.23028
G1 F2700 E1990.23028
G0 F9000 X152.48 Y156.146
G0 X152.038 Y140.062
G0 X142.962 Y140.062
G0 X142.422 Y155.799
G1 F2700 E1995.23028
G1 F1685.4 X142.422 Y154.76 E1995.26104
G1 X142.245 Y154.952 E1995.26877
G1 X141.973 Y155.021 E1995.27707
G1 X142.422 Y155.799 E1995.30366
G0 F9000 X142.346 Y156.424
G1 F1500 X142.8 Y156.424 E1995.31876
G1 X142.8 Y155.089 E1995.36317
G1 F1327.4 X142.748 Y154.607 E1995.38139
G1 F1075.3 X142.695 Y154.125 E1995.40389
G1 F1188.1 X142.15 Y154.586 E1995.43386
G1 F1500 X141.902 Y154.649 E1995.44237
G1 F1373 X141.263 Y154.477 E1995.46642
G1 X141.658 Y155.23 E1995.49731
G1 F1500 X142.346 Y156.424 E1995.54315
G0 F9000 X142.116 Y156.824
;TYPE:WALL-OUTER
G1 F1500 X143.2 Y156.824 E1995.5792
G1 X143.2 Y140.5 E1996.12214
G1 X143.267 Y140.35 E1996.1276
G1 X143.379 Y140.301 E1996.13167
G1 X151.621 Y140.3 E1996.4058
G1 X151.733 Y140.35 E1996.40988
G1 X151.8 Y140.5 E1996.41534
G1 X151.8 Y156.824 E1996.95828
G1 X152.88 Y156.824 E1996.9942
G1 X158.151 Y147.701 E1997.34464
G1 X157.117 Y147.7 E1997.37903
G1 X153.418 Y154.168 E1997.62685
G1 X153.193 Y154.262 E1997.63496
G1 X152.949 Y154.198 E1997.64335
G1 X152.802 Y154.039 E1997.65055
G1 X152.8 Y138.172 E1998.17829
G1 X142.2 Y138.172 E1998.53085
G1 X142.198 Y154.039 E1999.05859
G1 X142.05 Y154.198 E1999.06581
G1 X141.802 Y154.262 E1999.07433
G1 X141.598 Y154.197 E1999.08145
G1 X137.88 Y147.7 E1999.33043
G1 X136.848 Y147.7 E1999.36475
G1 X142.116 Y156.824 E1999.71517
G1 F2700 E1994.71517
;MESH:batclipholder.stl(2)
G0 F9000 X142.287 Y156.53
G0 X142.412 Y155.16
G0 X142.424 Y138.398
G0 X142.424 Y137.309
G0 X142.424 Y97.691
G0 X142.424 Y96.596
G0 X142.422 Y95.799
;TYPE:WALL-INNER
G1 F2700 E1999.71517
G1 F1685.4 X142.422 Y94.76 E1999.74592
G1 X142.245 Y94.952 E1999.75365
G1 X141.973 Y95.021 E1999.76196
G1 X142.422 Y95.799 E1999.78855
G0 F9000 X142.346 Y96.424
G1 F1500 X142.8 Y96.424 E1999.80365
G1 X142.8 Y95.089 E1999.84805
G1 F1327.4 X142.748 Y94.607 E1999.86627
G1 F1075.3 X142.695 Y94.125 E1999.88877
G1 F1188.1 X142.15 Y94.586 E1999.91875
G1 F1500 X141.902 Y94.649 E1999.92726
G1 F1373 X141.263 Y94.477 E1999.9513
G1 X141.658 Y95.23 E1999.9822
G1 F1500 X142.346 Y96.424 E2000.02803
G0 F9000 X142.517 Y96.13
G0 X141.263 Y94.477
G1 F1239.7 X137.621 Y88.146 E2000.32197
G0 F9000 X141.785 Y95.013
G0 X142.441 Y94.839
G0 X142.695 Y94.125
G1 F991.7 X142.7 Y80.5 E2001.00739
G0 F9000 X143.034 Y79.585
G1 F1282.1 X143.291 Y79.471 E2001.01833
G1 X151.709 Y79.471 E2001.34591
G1 F1284.8 X151.967 Y79.585 E2001.35687
G1 X151.967 Y79.005 E2001.37939
G1 F1282.1 X143.034 Y79.006 E2001.72701
G1 X143.034 Y79.585 E2001.74954
G0 F9000 X142.7 Y80.5
G1 F1200 X143.002 Y80.05 E2001.77207
G1 F1500 X143.337 Y79.903 E2001.78424
G1 X151.663 Y79.902 E2002.06117
G1 X151.998 Y80.05 E2002.07335
G1 F1200 X152.3 Y80.5 E2002.09588
G1 X152.4 Y79.869 E2002.12244
G1 F1500 X152.4 Y78.572 E2002.16558
G1 X142.6 Y78.572 E2002.49153
G1 X142.6 Y79.869 E2002.53466
G1 F1200 X142.7 Y80.5 E2002.56123
G0 F9000 X142.962 Y80.062
G0 X152.038 Y80.062
G0 X152.3 Y80.5
G1 F991.7 X152.305 Y94.125 E2003.24664
G0 F9000 X152.559 Y94.839
G0 X153.215 Y95.013
G0 X153.793 Y94.382
G1 F1271.2 X155.584 Y91.265 E2003.38773
G1 F1229.5 X157.376 Y88.148 E2003.53363
G0 F9000 X153.215 Y95.013
G0 X152.578 Y95.794
G1 F1694.9 X153.025 Y95.021 E2003.55991
G1 X152.752 Y94.95 E2003.56821
G1 X152.578 Y94.76 E2003.5758
G1 X152.578 Y95.794 E2003.60623
G0 F9000 X152.2 Y96.424
G1 F1500 X152.649 Y96.424 E2003.62117
G1 X153.336 Y95.235 E2003.66684
G1 F1388.9 X153.793 Y94.382 E2003.7016
G1 X153.091 Y94.649 E2003.72858
G1 F1500 X152.847 Y94.585 E2003.73697
G1 F1188.1 X152.305 Y94.125 E2003.76682
G1 F1075.3 X152.253 Y94.605 E2003.78922
G1 F1327.4 X152.201 Y95.085 E2003.80737
G1 F1500 X152.2 Y96.424 E2003.8519
G1 F2700 E1998.8519
G0 F9000 X152.48 Y96.146
G0 X152.038 Y80.062
G0 X142.962 Y80.062
G0 X142.955 Y89.385
G0 X142.287 Y96.53
G0 X142.116 Y96.824
;TYPE:WALL-OUTER
G1 F2700 E2003.8519
G1 F1500 X143.2 Y96.824 E2003.88796
G1 X143.2 Y80.5 E2004.4309
G1 X143.267 Y80.35 E2004.43636
G1 X143.379 Y80.301 E2004.44043
G1 X151.621 Y80.3 E2004.71456
G1 X151.733 Y80.35 E2004.71863
G1 X151.8 Y80.5 E2004.7241
G1 X151.8 Y96.824 E2005.26704
G1 X152.88 Y96.824 E2005.30296
G1 X158.151 Y87.701 E2005.6534
G1 X157.117 Y87.7 E2005.68779
G1 X153.418 Y94.168 E2005.93561
G1 X153.193 Y94.262 E2005.94372
G1 X152.949 Y94.198 E2005.95211
G1 X152.802 Y94.039 E2005.95931
G1 X152.8 Y78.172 E2006.48705
G1 X142.2 Y78.172 E2006.83961
G1 X142.198 Y94.039 E2007.36735
G1 X142.05 Y94.198 E2007.37457
G1 X141.802 Y94.262 E2007.38309
G1 X141.598 Y94.197 E2007.39021
G1 X137.88 Y87.7 E2007.63918
G1 X136.848 Y87.7 E2007.67351
G1 X142.116 Y96.824 E2008.02392
G1 F2700 E2003.02392
;MESH:NONMESH
G0 F300 X142.116 Y96.824 Z8.2
G0 F9000 X142.287 Y96.53
G0 X137.227 Y87.92
G0 X136.289 Y88.463
G0 X98.88 Y86.841
G0 X96.617 Y86.841
G0 X93.665 Y87.92
G0 X82.7 Y80.5
;TIME_ELAPSED:3600.505784
;LAYER:40
;TYPE:WALL-INNER
;MESH:batclipholder.stl(1)
G1 F2700 E2008.02392
G1 F991.7 X82.695 Y94.125 E2008.70934
G0 F9000 X82.441 Y94.839
G0 X81.785 Y95.013
G0 X81.263 Y94.477
G1 F1239.7 X77.621 Y88.146 E2009.00328
G0 F9000 X81.785 Y95.013
G0 X82.422 Y95.799
G1 F1685.4 X82.422 Y94.76 E2009.03404
G1 X82.245 Y94.952 E2009.04177
G1 X81.973 Y95.021 E2009.05008
G1 X82.422 Y95.799 E2009.07667
G0 F9000 X82.8 Y96.424
G1 F1500 X82.8 Y95.089 E2009.12107
G1 F1327.4 X82.748 Y94.607 E2009.13929
G1 F1075.3 X82.695 Y94.125 E2009.16179
G1 F1188.1 X82.15 Y94.586 E2009.19176
G1 F1500 X81.902 Y94.649 E2009.20027
G1 F1373 X81.263 Y94.477 E2009.22432
G1 X81.658 Y95.23 E2009.25521
G1 F1500 X82.346 Y96.424 E2009.30105
G1 X82.8 Y96.424 E2009.31615
G1 F2700 E2004.31615
G0 F9000 X82.52 Y96.146
G0 X82.962 Y80.062
G0 X92.038 Y80.062
G0 X92.305 Y94.125
G1 F2700 E2009.31615
G1 F991.7 X92.3 Y80.5 E2010.00157
G0 F9000 X91.967 Y79.585
G1 F1284.8 X91.967 Y79.005 E2010.02409
G1 F1282.1 X83.034 Y79.006 E2010.37171
G1 X83.034 Y79.585 E2010.39424
G1 X83.291 Y79.471 E2010.40518
G1 X91.709 Y79.471 E2010.73276
G1 F1284.8 X91.967 Y79.585 E2010.74372
G0 F9000 X92.3 Y80.5
G1 F1200 X92.4 Y79.869 E2010.77028
G1 F1500 X92.4 Y78.572 E2010.81342
G1 X82.6 Y78.572 E2011.13937
G1 X82.6 Y79.869 E2011.1825
G1 F1200 X82.7 Y80.5 E2011.20907
G1 X83.002 Y80.05 E2011.2316
G1 F1500 X83.337 Y79.903 E2011.24376
G1 X91.663 Y79.902 E2011.52069
G1 X91.998 Y80.05 E2011.53287
G1 F1200 X92.3 Y80.5 E2011.5554
G0 F9000 X92.559 Y94.839
G0 X93.215 Y95.013
G0 X97.376 Y88.148
G1 F1229.5 X95.584 Y91.265 E2011.70129
G1 F1271.2 X93.793 Y94.382 E2011.84238
G0 F9000 X92.578 Y95.794
G1 F1694.9 X93.025 Y95.021 E2011.86867
G1 X92.752 Y94.95 E2011.87697
G1 X92.578 Y94.76 E2011.88455
G1 X92.578 Y95.794 E2011.91499
G0 F9000 X92.649 Y96.424
G1 F1500 X93.336 Y95.235 E2011.96066
G1 F1388.9 X93.793 Y94.382 E2011.99542
G1 X93.091 Y94.649 E2012.0224
G1 F1500 X92.847 Y94.585 E2012.03079
G1 F1188.1 X92.305 Y94.125 E2012.06064
G1 F1075.3 X92.253 Y94.605 E2012.08304
G1 F1327.4 X92.201 Y95.085 E2012.10119
G1 F1500 X92.2 Y96.424 E2012.14573
G1 X92.649 Y96.424 E2012.16066
G0 F9000 X92.88 Y96.824
;TYPE:WALL-OUTER
G1 F1500 X98.151 Y87.701 E2012.5111
G1 X97.117 Y87.7 E2012.54549
G1 X93.418 Y94.168 E2012.79331
G1 X93.193 Y94.262 E2012.80142
G1 X92.949 Y94.198 E2012.80981
G1 X92.802 Y94.039 E2012.81701
G1 X92.8 Y78.172 E2013.34475
G1 X82.2 Y78.172 E2013.69731
G1 X82.198 Y94.039 E2014.22505
G1 X82.05 Y94.198 E2014.23227
G1 X81.802 Y94.262 E2014.24079
G1 X81.598 Y94.197 E2014.24791
G1 X77.88 Y87.7 E2014.49688
G1 X76.848 Y87.7 E2014.53121
G1 X82.116 Y96.824 E2014.88162
G1 X83.2 Y96.824 E2014.91768
G1 X83.2 Y80.5 E2015.46062
G1 X83.267 Y80.35 E2015.46608
G1 X83.379 Y80.301 E2015.47015
G1 X91.621 Y80.3 E2015.74428
G1 X91.733 Y80.35 E2015.74836
G1 X91.8 Y80.5 E2015.75382
G1 X91.8 Y96.824 E2016.29676
G1 X92.88 Y96.824 E2016.33268
G1 F2700 E2011.33268
;MESH:batclipholder.stl
G0 F9000 X92.713 Y96.53
G0 X92.024 Y96.602
G0 X92.024 Y97.691
G0 X92.024 Y137.309
G0 X92.024 Y138.404
G0 X91.967 Y139.585
;TYPE:WALL-INNER
G1 F2700 E2016.33268
G1 F1284.8 X91.967 Y139.005 E2016.3552
G1 F1282.1 X83.034 Y139.006 E2016.70282
G1 X83.034 Y139.585 E2016.72536
G1 X83.291 Y139.471 E2016.7363
G1 X91.709 Y139.471 E2017.06388
G1 F1284.8 X91.967 Y139.585 E2017.07483
G0 F9000 X92.3 Y140.5
G1 F1200 X92.4 Y139.869 E2017.10139
G1 F1500 X92.4 Y138.572 E2017.14453
G1 X82.6 Y138.572 E2017.47048
G1 X82.6 Y139.869 E2017.51362
G1 F1200 X82.7 Y140.5 E2017.54018
G1 X83.002 Y140.05 E2017.56271
G1 F1500 X83.337 Y139.903 E2017.57488
G1 X91.663 Y139.902 E2017.8518
G1 X91.998 Y140.05 E2017.86398
G1 F1200 X92.3 Y140.5 E2017.88651
G1 F991.7 X92.305 Y154.125 E2018.57193
G0 F9000 X92.559 Y154.839
G0 X93.215 Y155.013
G0 X93.793 Y154.382
G1 F1271.2 X95.584 Y151.265 E2018.71302
G1 F1229.5 X97.376 Y148.148 E2018.85891
G0 F9000 X93.215 Y155.013
G0 X92.578 Y155.794
G1 F1694.9 X93.025 Y155.021 E2018.8852
G1 X92.752 Y154.95 E2018.8935
G1 X92.578 Y154.76 E2018.90108
G1 X92.578 Y155.794 E2018.93152
G0 F9000 X92.649 Y156.424
G1 F1500 X93.336 Y155.235 E2018.97719
G1 F1388.9 X93.793 Y154.382 E2019.01195
G1 X93.091 Y154.649 E2019.03893
G1 F1500 X92.847 Y154.585 E2019.04732
G1 F1188.1 X92.305 Y154.125 E2019.07717
G1 F1075.3 X92.253 Y154.605 E2019.09958
G1 F1327.4 X92.201 Y155.085 E2019.11772
G1 F1500 X92.2 Y156.424 E2019.16226
G1 X92.649 Y156.424 E2019.17719
G1 F2700 E2014.17719
G0 F9000 X92.483 Y156.13
G0 X92.038 Y140.062
G0 X82.962 Y140.062
G0 X82.695 Y154.125
G1 F2700 E2019.17719
G1 F991.7 X82.7 Y140.5 E2019.86261
G0 F9000 X82.441 Y154.839
G0 X81.785 Y155.013
G0 X77.621 Y148.146
G1 F1239.7 X81.263 Y154.477 E2020.15655
G0 F9000 X82.422 Y155.799
G1 F1685.4 X82.422 Y154.76 E2020.18731
G1 X82.245 Y154.952 E2020.19504
G1 X81.973 Y155.021 E2020.20334
G1 X82.422 Y155.799 E2020.22993
G0 F9000 X82.8 Y156.424
G1 F1500 X82.8 Y155.089 E2020.27433
G1 F1327.4 X82.748 Y154.607 E2020.29256
G1 F1075.3 X82.695 Y154.125 E2020.31505
G1 F1188.1 X82.15 Y154.586 E2020.34503
G1 F1500 X81.902 Y154.649 E2020.35354
G1 F1373 X81.263 Y154.477 E2020.37758
G1 X81.658 Y155.23 E2020.40848
G1 F1500 X82.346 Y156.424 E2020.45432
G1 X82.8 Y156.424 E2020.46942
G1 F2700 E2015.46942
G0 F9000 X82.52 Y156.146
G0 X82.962 Y140.062
G0 X92.038 Y140.062
G0 X92.045 Y149.385
G0 X92.713 Y156.53
G0 X92.88 Y156.824
;TYPE:WALL-OUTER
G1 F2700 E2020.46942
G1 F1500 X98.151 Y147.701 E2020.81985
G1 X97.117 Y147.7 E2020.85424
G1 X93.418 Y154.168 E2021.10207
G1 X93.193 Y154.262 E2021.11018
G1 X92.949 Y154.198 E2021.11857
G1 X92.802 Y154.039 E2021.12577
G1 X92.8 Y138.172 E2021.65351
G1 X82.2 Y138.172 E2022.00606
G1 X82.198 Y154.039 E2022.5338
G1 X82.05 Y154.198 E2022.54103
G1 X81.802 Y154.262 E2022.54955
G1 X81.598 Y154.197 E2022.55667
G1 X77.88 Y147.7 E2022.80564
G1 X76.848 Y147.7 E2022.83996
G1 X82.116 Y156.824 E2023.19038
G1 X83.2 Y156.824 E2023.22643
G1 X83.2 Y140.5 E2023.76937
G1 X83.267 Y140.35 E2023.77484
G1 X83.379 Y140.301 E2023.7789
G1 X91.621 Y140.3 E2024.05303
G1 X91.733 Y140.35 E2024.05711
G1 X91.8 Y140.5 E2024.06258
G1 X91.8 Y156.824 E2024.60552
G1 X92.88 Y156.824 E2024.64144
G1 F2700 E2019.64144
;MESH:batclipholder.stl(3)
G0 F9000 X92.713 Y156.53
G0 X97.773 Y147.92
G0 X98.712 Y148.462
G0 X136.289 Y148.463
G0 X137.621 Y148.146
;TYPE:WALL-INNER
G1 F2700 E2024.64144
G1 F1239.7 X141.263 Y154.477 E2024.93538
G0 F9000 X141.785 Y155.013
G0 X142.441 Y154.839
G0 X142.695 Y154.125
G1 F991.7 X142.7 Y140.5 E2025.62079
G0 F9000 X143.034 Y139.585
G1 F1282.1 X143.291 Y139.471 E2025.63174
G1 X151.709 Y139.471 E2025.95932
G1 F1284.8 X151.967 Y139.585 E2025.97027
G1 X151.967 Y139.005 E2025.99279
G1 F1282.1 X143.034 Y139.006 E2026.34041
G1 X143.034 Y139.585 E2026.36295
G0 F9000 X142.7 Y140.5
G1 F1200 X143.002 Y140.05 E2026.38548
G1 F1500 X143.337 Y139.903 E2026.39764
G1 X151.663 Y139.902 E2026.67457
G1 X151.998 Y140.05 E2026.68675
G1 F1200 X152.3 Y140.5 E2026.70928
G1 X152.4 Y139.869 E2026.73584
G1 F1500 X152.4 Y138.572 E2026.77898
G1 X142.6 Y138.572 E2027.10493
G1 X142.6 Y139.869 E2027.14807
G1 F1200 X142.7 Y140.5 E2027.17463
G0 F9000 X142.962 Y140.062
G0 X152.038 Y140.062
G0 X152.3 Y140.5
G1 F991.7 X152.305 Y154.125 E2027.86005
G0 F9000 X152.559 Y154.839
G0 X153.215 Y155.013
G0 X153.793 Y154.382
G1 F1271.2 X155.584 Y151.265 E2028.00114
G1 F1229.5 X157.376 Y148.148 E2028.14703
G0 F9000 X153.215 Y155.013
G0 X152.578 Y155.794
G1 F1694.9 X153.025 Y155.021 E2028.17331
G1 X152.752 Y154.95 E2028.18162
G1 X152.578 Y154.76 E2028.1892
G1 X152.578 Y155.794 E2028.21964
G0 F9000 X152.2 Y156.424
G1 F1500 X152.649 Y156.424 E2028.23457
G1 X153.336 Y155.235 E2028.28024
G1 F1388.9 X153.793 Y154.382 E2028.315
G1 X153.091 Y154.649 E2028.34198
G1 F1500 X152.847 Y154.585 E2028.35037
G1 F1188.1 X152.305 Y154.125 E2028.38022
G1 F1075.3 X152.253 Y154.605 E2028.40262
G1 F1327.4 X152.201 Y155.085 E2028.42077
G1 F1500 X152.2 Y156.424 E2028.46531
G1 F2700 E2023.46531
G0 F9000 X152.48 Y156.146
G0 X152.038 Y140.062
G0 X142.962 Y140.062
G0 X142.422 Y155.799
G1 F2700 E2028.46531
G1 F1685.4 X142.422 Y154.76 E2028.49606
G1 X142.245 Y154.952 E2028.50379
G1 X141.973 Y155.021 E2028.5121
G1 X142.422 Y155.799 E2028.53869
G0 F9000 X142.346 Y156.424
G1 F1500 X142.8 Y156.424 E2028.55379
G1 X142.8 Y155.089 E2028.59819
G1 F1327.4 X142.748 Y154.607 E2028.61641
G1 F1075.3 X142.695 Y154.125 E2028.63891
G1 F1188.1 X142.15 Y154.586 E2028.66888
G1 F1500 X141.902 Y154.649 E2028.67739
G1 F1373 X141.263 Y154.477 E2028.70144
G1 X141.658 Y155.23 E2028.73234
G1 F1500 X142.346 Y156.424 E2028.77817
G0 F9000 X142.116 Y156.824
;TYPE:WALL-OUTER
G1 F1500 X143.2 Y156.824 E2028.81423
G1 X143.2 Y140.5 E2029.35716
G1 X143.267 Y140.35 E2029.36263
G1 X143.379 Y140.301 E2029.36669
G1 X151.621 Y140.3 E2029.64082
G1 X151.733 Y140.35 E2029.6449
G1 X151.8 Y140.5 E2029.65037
G1 X151.8 Y156.824 E2030.19331
G1 X152.88 Y156.824 E2030.22923
G1 X158.151 Y147.701 E2030.57966
G1 X157.117 Y147.7 E2030.61406
G1 X153.418 Y154.168 E2030.86188
G1 X153.193 Y154.262 E2030.86999
G1 X152.949 Y154.198 E2030.87838
G1 X152.802 Y154.039 E2030.88558
G1 X152.8 Y138.172 E2031.41332
G1 X142.2 Y138.172 E2031.76588
G1 X142.198 Y154.039 E2032.29361
G1 X142.05 Y154.198 E2032.30084
G1 X141.802 Y154.262 E2032.30936
G1 X141.598 Y154.197 E2032.31648
G1 X137.88 Y147.7 E2032.56545
G1 X136.848 Y147.7 E2032.59978
G1 X142.116 Y156.824 E2032.95019
G1 F2700 E2027.95019
;MESH:batclipholder.stl(2)
G0 F9000 X142.287 Y156.53
G0 X142.412 Y155.16
G0 X142.424 Y138.398
G0 X142.424 Y137.309
G0 X142.424 Y97.691
G0 X142.424 Y96.596
G0 X142.422 Y95.799
;TYPE:WALL-INNER
G1 F2700 E2032.95019
G1 F1685.4 X142.422 Y94.76 E2032.98095
G1 X142.245 Y94.952 E2032.98868
G1 X141.973 Y95.021 E2032.99698
G1 X142.422 Y95.799 E2033.02358
G0 F9000 X142.346 Y96.424
G1 F1500 X142.8 Y96.424 E2033.03868
G1 X142.8 Y95.089 E2033.08308
G1 F1327.4 X142.748 Y94.607 E2033.1013
G1 F1075.3 X142.695 Y94.125 E2033.1238
G1 F1188.1 X142.15 Y94.586 E2033.15377
G1 F1500 X141.902 Y94.649 E2033.16228
G1 F1373 X141.263 Y94.477 E2033.18633
G1 X141.658 Y95.23 E2033.21722
G1 F1500 X142.346 Y96.424 E2033.26306
G0 F9000 X142.517 Y96.13
G0 X141.263 Y94.477
G1 F1239.7 X137.621 Y88.146 E2033.557
G0 F9000 X141.785 Y95.013
G0 X142.441 Y94.839
G0 X142.695 Y94.125
G1 F991.7 X142.7 Y80.5 E2034.24242
G0 F9000 X143.034 Y79.585
G1 F1282.1 X143.291 Y79.471 E2034.25336
G1 X151.709 Y79.471 E2034.58094
G1 F1284.8 X151.967 Y79.585 E2034.59189
G1 X151.967 Y79.005 E2034.61441
G1 F1282.1 X143.034 Y79.006 E2034.96204
G1 X143.034 Y79.585 E2034.98457
G0 F9000 X142.7 Y80.5
G1 F1200 X143.002 Y80.05 E2035.0071
G1 F1500 X143.337 Y79.903 E2035.01927
G1 X151.663 Y79.902 E2035.29619
G1 X151.998 Y80.05 E2035.30837
G1 F1200 X152.3 Y80.5 E2035.3309
G1 X152.4 Y79.869 E2035.35746
G1 F1500 X152.4 Y78.572 E2035.4006
G1 X142.6 Y78.572 E2035.72655
G1 X142.6 Y79.869 E2035.76969
G1 F1200 X142.7 Y80.5 E2035.79625
G0 F9000 X142.962 Y80.062
G0 X152.038 Y80.062
G0 X152.3 Y80.5
G1 F991.7 X152.305 Y94.125 E2036.48167
G0 F9000 X152.559 Y94.839
G0 X153.215 Y95.013
G0 X153.793 Y94.382
G1 F1271.2 X155.584 Y91.265 E2036.62276
G1 F1229.5 X157.376 Y88.148 E2036.76865
G0 F9000 X153.215 Y95.013
G0 X152.578 Y95.794
G1 F1694.9 X153.025 Y95.021 E2036.79494
G1 X152.752 Y94.95 E2036.80324
G1 X152.578 Y94.76 E2036.81082
G1 X152.578 Y95.794 E2036.84126
G0 F9000 X152.2 Y96.424
G1 F1500 X152.649 Y96.424 E2036.85619
G1 X153.336 Y95.235 E2036.90186
G1 F1388.9 X153.793 Y94.382 E2036.93663
G1 X153.091 Y94.649 E2036.9636
G1 F1500 X152.847 Y94.585 E2036.97199
G1 F1188.1 X152.305 Y94.125 E2037.00185
G1 F1075.3 X152.253 Y94.605 E2037.02425
G1 F1327.4 X152.201 Y95.085 E2037.04239
G1 F1500 X152.2 Y96.424 E2037.08693
G1 F2700 E2032.08693
G0 F9000 X152.48 Y96.146
G0 X152.038 Y80.062
G0 X142.962 Y80.062
G0 X142.955 Y89.385
G0 X142.287 Y96.53
G0 X142.116 Y96.824
;TYPE:WALL-OUTER
G1 F2700 E2037.08693
G1 F1500 X143.2 Y96.824 E2037.12298
G1 X143.2 Y80.5 E2037.66592
G1 X143.267 Y80.35 E2037.67138
G1 X143.379 Y80.301 E2037.67545
G1 X151.621 Y80.3 E2037.94958
G1 X151.733 Y80.35 E2037.95366
G1 X151.8 Y80.5 E2037.95912
G1 X151.8 Y96.824 E2038.50206
G1 X152.88 Y96.824 E2038.53798
G1 X158.151 Y87.701 E2038.88842
G1 X157.117 Y87.7 E2038.92281
G1 X153.418 Y94.168 E2039.17063
G1 X153.193 Y94.262 E2039.17874
G1 X152.949 Y94.198 E2039.18713
G1 X152.802 Y94.039 E2039.19434
G1 X152.8 Y78.172 E2039.72207
G1 X142.2 Y78.172 E2040.07463
G1 X142.198 Y94.039 E2040.60237
G1 X142.05 Y94.198 E2040.6096
G1 X141.802 Y94.262 E2040.61811
G1 X141.598 Y94.197 E2040.62524
G1 X137.88 Y87.7 E2040.87421
G1 X136.848 Y87.7 E2040.90853
G1 X142.116 Y96.824 E2041.25895
G1 F2700 E2036.25895
;MESH:NONMESH
G0 F300 X142.116 Y96.824 Z8.4
G0 F9000 X142.287 Y96.53
G0 X137.227 Y87.92
G0 X136.289 Y88.463
G0 X98.88 Y86.841
G0 X96.617 Y86.841
G0 X93.665 Y87.92
G0 X82.7 Y80.5
;TIME_ELAPSED:3660.916461
;LAYER:41
;TYPE:WALL-INNER
;MESH:batclipholder.stl(1)
G1 F2700 E2041.25895
G1 F991.7 X82.695 Y94.125 E2041.94437
G0 F9000 X82.441 Y94.839
G0 X81.785 Y95.013
G0 X81.263 Y94.477
G1 F1239.7 X77.621 Y88.146 E2042.23831
G0 F9000 X81.785 Y95.013
G0 X82.422 Y95.799
G1 F1685.4 X82.422 Y94.76 E2042.26906
G1 X82.245 Y94.952 E2042.27679
G1 X81.973 Y95.021 E2042.2851
G1 X82.422 Y95.799 E2042.31169
G0 F9000 X82.8 Y96.424
G1 F1500 X82.8 Y95.089 E2042.35609
G1 F1327.4 X82.748 Y94.607 E2042.37431
G1 F1075.3 X82.695 Y94.125 E2042.39681
G1 F1188.1 X82.15 Y94.586 E2042.42679
G1 F1500 X81.902 Y94.649 E2042.4353
G1 F1373 X81.263 Y94.477 E2042.45934
G1 X81.658 Y95.23 E2042.49024
G1 F1500 X82.346 Y96.424 E2042.53607
G1 X82.8 Y96.424 E2042.55117
G1 F2700 E2037.55117
G0 F9000 X82.52 Y96.146
G0 X82.962 Y80.062
G0 X92.038 Y80.062
G0 X92.305 Y94.125
G1 F2700 E2042.55117
G1 F991.7 X92.3 Y80.5 E2043.23659
G0 F9000 X91.967 Y79.585
G1 F1284.8 X91.967 Y79.005 E2043.25911
G1 F1282.1 X83.034 Y79.006 E2043.60674
G1 X83.034 Y79.585 E2043.62927
G1 X83.291 Y79.471 E2043.64021
G1 X91.709 Y79.471 E2043.96779
G1 F1284.8 X91.967 Y79.585 E2043.97874
G0 F9000 X92.3 Y80.5
G1 F1200 X92.4 Y79.869 E2044.0053
G1 F1500 X92.4 Y78.572 E2044.04844
G1 X82.6 Y78.572 E2044.37439
G1 X82.6 Y79.869 E2044.41753
G1 F1200 X82.7 Y80.5 E2044.44409
G1 X83.002 Y80.05 E2044.46662
G1 F1500 X83.337 Y79.903 E2044.47879
G1 X91.663 Y79.902 E2044.75571
G1 X91.998 Y80.05 E2044.7679
G1 F1200 X92.3 Y80.5 E2044.79043
G0 F9000 X92.559 Y94.839
G0 X93.215 Y95.013
G0 X97.376 Y88.148
G1 F1229.5 X95.584 Y91.265 E2044.93632
G1 F1271.2 X93.793 Y94.382 E2045.07741
G0 F9000 X92.578 Y95.794
G1 F1694.9 X93.025 Y95.021 E2045.10369
G1 X92.752 Y94.95 E2045.11199
G1 X92.578 Y94.76 E2045.11958
G1 X92.578 Y95.794 E2045.15001
G0 F9000 X92.649 Y96.424
G1 F1500 X93.336 Y95.235 E2045.19569
G1 F1388.9 X93.793 Y94.382 E2045.23045
G1 X93.091 Y94.649 E2045.25743
G1 F1500 X92.847 Y94.585 E2045.26582
G1 F1188.1 X92.305 Y94.125 E2045.29567
G1 F1075.3 X92.253 Y94.605 E2045.31807
G1 F1327.4 X92.201 Y95.085 E2045.33622
G1 F1500 X92.2 Y96.424 E2045.38075
G1 X92.649 Y96.424 E2045.39568
G0 F9000 X92.88 Y96.824
;TYPE:WALL-OUTER
G1 F1500 X98.151 Y87.701 E2045.74612
G1 X97.117 Y87.7 E2045.78051
G1 X93.418 Y94.168 E2046.02833
G1 X93.193 Y94.262 E2046.03644
G1 X92.949 Y94.198 E2046.04483
G1 X92.802 Y94.039 E2046.05204
G1 X92.8 Y78.172 E2046.57978
G1 X82.2 Y78.172 E2046.93233
G1 X82.198 Y94.039 E2047.46007
G1 X82.05 Y94.198 E2047.4673
G1 X81.802 Y94.262 E2047.47581
G1 X81.598 Y94.197 E2047.48294
G1 X77.88 Y87.7 E2047.73191
G1 X76.848 Y87.7 E2047.76623
G1 X82.116 Y96.824 E2048.11665
G1 X83.2 Y96.824 E2048.1527
G1 X83.2 Y80.5 E2048.69564
G1 X83.267 Y80.35 E2048.70111
G1 X83.379 Y80.301 E2048.70517
G1 X91.621 Y80.3 E2048.9793
G1 X91.733 Y80.35 E2048.98338
G1 X91.8 Y80.5 E2048.98885
G1 X91.8 Y96.824 E2049.53178
G1 X92.88 Y96.824 E2049.5677
G1 F2700 E2044.5677
;MESH:batclipholder.stl
G0 F9000 X92.713 Y96.53
G0 X92.024 Y96.602
G0 X92.024 Y97.691
G0 X92.024 Y137.309
G0 X92.024 Y138.404
G0 X91.967 Y139.585
;TYPE:WALL-INNER
G1 F2700 E2049.5677
G1 F1284.8 X91.967 Y139.005 E2049.59023
G1 F1282.1 X83.034 Y139.006 E2049.93785
G1 X83.034 Y139.585 E2049.96038
G1 X83.291 Y139.471 E2049.97132
G1 X91.709 Y139.471 E2050.2989
G1 F1284.8 X91.967 Y139.585 E2050.30986
G0 F9000 X92.3 Y140.5
G1 F1200 X92.4 Y139.869 E2050.33642
G1 F1500 X92.4 Y138.572 E2050.37955
G1 X82.6 Y138.572 E2050.7055
G1 X82.6 Y139.869 E2050.74864
G1 F1200 X82.7 Y140.5 E2050.7752
G1 X83.002 Y140.05 E2050.79774
G1 F1500 X83.337 Y139.903 E2050.8099
G1 X91.663 Y139.902 E2051.08683
G1 X91.998 Y140.05 E2051.09901
G1 F1200 X92.3 Y140.5 E2051.12154
G1 F991.7 X92.305 Y154.125 E2051.80696
G0 F9000 X92.559 Y154.839
G0 X93.215 Y155.013
G0 X93.793 Y154.382
G1 F1271.2 X95.584 Y151.265 E2051.94805
G1 F1229.5 X97.376 Y148.148 E2052.09394
G0 F9000 X93.215 Y155.013
G0 X92.578 Y155.794
G1 F1694.9 X93.025 Y155.021 E2052.12022
G1 X92.752 Y154.95 E2052.12853
G1 X92.578 Y154.76 E2052.13611
G1 X92.578 Y155.794 E2052.16655
G0 F9000 X92.649 Y156.424
G1 F1500 X93.336 Y155.235 E2052.21222
G1 F1388.9 X93.793 Y154.382 E2052.24698
G1 X93.091 Y154.649 E2052.27396
G1 F1500 X92.847 Y154.585 E2052.28235
G1 F1188.1 X92.305 Y154.125 E2052.3122
G1 F1075.3 X92.253 Y154.605 E2052.3346
G1 F1327.4 X92.201 Y155.085 E2052.35275
G1 F1500 X92.2 Y156.424 E2052.39728
G1 X92.649 Y156.424 E2052.41222
G1 F2700 E2047.41222
G0 F9000 X92.483 Y156.13
G0 X92.038 Y140.062
G0 X82.962 Y140.062
G0 X82.695 Y154.125
G1 F2700 E2052.41222
G1 F991.7 X82.7 Y140.5 E2053.09763
G0 F9000 X82.441 Y154.839
G0 X81.785 Y155.013
G0 X77.621 Y148.146
G1 F1239.7 X81.263 Y154.477 E2053.39157
G0 F9000 X82.422 Y155.799
G1 F1685.4 X82.422 Y154.76 E2053.42233
G1 X82.245 Y154.952 E2053.43006
G1 X81.973 Y155.021 E2053.43837
G1 X82.422 Y155.799 E2053.46496
G0 F9000 X82.8 Y156.424
G1 F1500 X82.8 Y155.089 E2053.50936
G1 F1327.4 X82.748 Y154.607 E2053.52758
G1 F1075.3 X82.695 Y154.125 E2053.55008
G1 F1188.1 X82.15 Y154.586 E2053.58005
G1 F1500 X81.902 Y154.649 E2053.58856
G1 F1373 X81.263 Y154.477 E2053.61261
G1 X81.658 Y155.23 E2053.64351
G1 F1500 X82.346 Y156.424 E2053.68934
G1 X82.8 Y156.424 E2053.70444
G1 F2700 E2048.70444
G0 F9000 X82.52 Y156.146
G0 X82.962 Y140.062
G0 X92.038 Y140.062
G0 X92.045 Y149.385
G0 X92.713 Y156.53
G0 X92.88 Y156.824
;TYPE:WALL-OUTER
G1 F2700 E2053.70444
G1 F1500 X98.151 Y147.701 E2054.05488
G1 X97.117 Y147.7 E2054.08927
G1 X93.418 Y154.168 E2054.33709
G1 X93.193 Y154.262 E2054.3452
G1 X92.949 Y154.198 E2054.35359
G1 X92.802 Y154.039 E2054.36079
G1 X92.8 Y138.172 E2054.88853
G1 X82.2 Y138.172 E2055.24109
G1 X82.198 Y154.039 E2055.76883
G1 X82.05 Y154.198 E2055.77605
G1 X81.802 Y154.262 E2055.78457
G1 X81.598 Y154.197 E2055.79169
G1 X77.88 Y147.7 E2056.04067
G1 X76.848 Y147.7 E2056.07499
G1 X82.116 Y156.824 E2056.42541
G1 X83.2 Y156.824 E2056.46146
G1 X83.2 Y140.5 E2057.0044
G1 X83.267 Y140.35 E2057.00986
G1 X83.379 Y140.301 E2057.01393
G1 X91.621 Y140.3 E2057.28806
G1 X91.733 Y140.35 E2057.29214
G1 X91.8 Y140.5 E2057.2976
G1 X91.8 Y156.824 E2057.84054
G1 X92.88 Y156.824 E2057.87646
G1 F2700 E2052.87646
;MESH:batclipholder.stl(3)
G0 F9000 X92.713 Y156.53
G0 X97.773 Y147.92
G0 X98.712 Y148.462
G0 X136.289 Y148.463
G0 X137.621 Y148.146
;TYPE:WALL-INNER
G1 F2700 E2057.87646
G1 F1239.7 X141.263 Y154.477 E2058.1704
G0 F9000 X141.785 Y155.013
G0 X142.441 Y154.839
G0 X142.695 Y154.125
G1 F991.7 X142.7 Y140.5 E2058.85582
G0 F9000 X143.034 Y139.585
G1 F1282.1 X143.291 Y139.471 E2058.86676
G1 X151.709 Y139.471 E2059.19434
G1 F1284.8 X151.967 Y139.585 E2059.20529
G1 X151.967 Y139.005 E2059.22782
G1 F1282.1 X143.034 Y139.006 E2059.57544
G1 X143.034 Y139.585 E2059.59797
G0 F9000 X142.7 Y140.5
G1 F1200 X143.002 Y140.05 E2059.6205
G1 F1500 X143.337 Y139.903 E2059.63267
G1 X151.663 Y139.902 E2059.90959
G1 X151.998 Y140.05 E2059.92177
G1 F1200 X152.3 Y140.5 E2059.94431
G1 X152.4 Y139.869 E2059.97087
G1 F1500 X152.4 Y138.572 E2060.01401
G1 X142.6 Y138.572 E2060.33995
G1 X142.6 Y139.869 E2060.38309
G1 F1200 X142.7 Y140.5 E2060.40965
G0 F9000 X142.962 Y140.062
G0 X152.038 Y140.062
G0 X152.3 Y140.5
G1 F991.7 X152.305 Y154.125 E2061.09507
G0 F9000 X152.559 Y154.839
G0 X153.215 Y155.013
G0 X153.793 Y154.382
G1 F1271.2 X155.584 Y151.265 E2061.23616
G1 F1229.5 X157.376 Y148.148 E2061.38205
G0 F9000 X153.215 Y155.013
G0 X152.578 Y155.794
G1 F1694.9 X153.025 Y155.021 E2061.40834
G1 X152.752 Y154.95 E2061.41664
G1 X152.578 Y154.76 E2061.42423
G1 X152.578 Y155.794 E2061.45466
G0 F9000 X152.2 Y156.424
G1 F1500 X152.649 Y156.424 E2061.4696
G1 X153.336 Y155.235 E2061.51527
G1 F1388.9 X153.793 Y154.382 E2061.55003
G1 X153.091 Y154.649 E2061.57701
G1 F1500 X152.847 Y154.585 E2061.5854
G1 F1188.1 X152.305 Y154.125 E2061.61525
G1 F1075.3 X152.253 Y154.605 E2061.63765
G1 F1327.4 X152.201 Y155.085 E2061.6558
G1 F1500 X152.2 Y156.424 E2061.70033
G1 F2700 E2056.70033
G0 F9000 X152.48 Y156.146
G0 X152.038 Y140.062
G0 X142.962 Y140.062
G0 X142.422 Y155.799
G1 F2700 E2061.70033
G1 F1685.4 X142.422 Y154.76 E2061.73109
G1 X142.245 Y154.952 E2061.73882
G1 X141.973 Y155.021 E2061.74712
G1 X142.422 Y155.799 E2061.77371
G0 F9000 X142.346 Y156.424
G1 F1500 X142.8 Y156.424 E2061.78881
G1 X142.8 Y155.089 E2061.83322
G1 F1327.4 X142.748 Y154.607 E2061.85144
G1 F1075.3 X142.695 Y154.125 E2061.87394
G1 F1188.1 X142.15 Y154.586 E2061.90391
G1 F1500 X141.902 Y154.649 E2061.91242
G1 F1373 X141.263 Y154.477 E2061.93647
G1 X141.658 Y155.23 E2061.96736
G1 F1500 X142.346 Y156.424 E2062.0132
G0 F9000 X142.116 Y156.824
;TYPE:WALL-OUTER
G1 F1500 X143.2 Y156.824 E2062.04925
G1 X143.2 Y140.5 E2062.59219
G1 X143.267 Y140.35 E2062.59765
G1 X143.379 Y140.301 E2062.60172
G1 X151.621 Y140.3 E2062.87585
G1 X151.733 Y140.35 E2062.87993
G1 X151.8 Y140.5 E2062.88539
G1 X151.8 Y156.824 E2063.42833
G1 X152.88 Y156.824 E2063.46425
G1 X158.151 Y147.701 E2063.81469
G1 X157.117 Y147.7 E2063.84908
G1 X153.418 Y154.168 E2064.0969
G1 X153.193 Y154.262 E2064.10501
G1 X152.949 Y154.198 E2064.1134
G1 X152.802 Y154.039 E2064.1206
G1 X152.8 Y138.172 E2064.64834
G1 X142.2 Y138.172 E2065.0009
G1 X142.198 Y154.039 E2065.52864
G1 X142.05 Y154.198 E2065.53586
G1 X141.802 Y154.262 E2065.54438
G1 X141.598 Y154.197 E2065.5515
G1 X137.88 Y147.7 E2065.80048
G1 X136.848 Y147.7 E2065.8348
G1 X142.116 Y156.824 E2066.18522
G1 F2700 E2061.18522
;MESH:batclipholder.stl(2)
G0 F9000 X142.287 Y156.53
G0 X142.412 Y155.16
G0 X142.424 Y138.398
G0 X142.424 Y137.309
G0 X142.424 Y97.691
G0 X142.424 Y96.596
G0 X142.422 Y95.799
;TYPE:WALL-INNER
G1 F2700 E2066.18522
G1 F1685.4 X142.422 Y94.76 E2066.21597
G1 X142.245 Y94.952 E2066.2237
G1 X141.973 Y95.021 E2066.23201
G1 X142.422 Y95.799 E2066.2586
G0 F9000 X142.346 Y96.424
G1 F1500 X142.8 Y96.424 E2066.2737
G1 X142.8 Y95.089 E2066.3181
G1 F1327.4 X142.748 Y94.607 E2066.33632
G1 F1075.3 X142.695 Y94.125 E2066.35882
G1 F1188.1 X142.15 Y94.586 E2066.3888
G1 F1500 X141.902 Y94.649 E2066.39731
G1 F1373 X141.263 Y94.477 E2066.42135
G1 X141.658 Y95.23 E2066.45225
G1 F1500 X142.346 Y96.424 E2066.49808
G0 F9000 X142.517 Y96.13
G0 X141.263 Y94.477
G1 F1239.7 X137.621 Y88.146 E2066.79202
G0 F9000 X141.785 Y95.013
G0 X142.441 Y94.839
G0 X142.695 Y94.125
G1 F991.7 X142.7 Y80.5 E2067.47744
G0 F9000 X143.034 Y79.585
G1 F1282.1 X143.291 Y79.471 E2067.48838
G1 X151.709 Y79.471 E2067.81596
G1 F1284.8 X151.967 Y79.585 E2067.82692
G1 X151.967 Y79.005 E2067.84944
G1 F1282.1 X143.034 Y79.006 E2068.19706
G1 X143.034 Y79.585 E2068.21959
G0 F9000 X142.7 Y80.5
G1 F1200 X143.002 Y80.05 E2068.24212
G1 F1500 X143.337 Y79.903 E2068.25429
G1 X151.663 Y79.902 E2068.53122
G1 X151.998 Y80.05 E2068.5434
G1 F1200 X152.3 Y80.5 E2068.56593
G1 X152.4 Y79.869 E2068.59249
G1 F1500 X152.4 Y78.572 E2068.63563
G1 X142.6 Y78.572 E2068.96158
G1 X142.6 Y79.869 E2069.00472
G1 F1200 X142.7 Y80.5 E2069.03128
G0 F9000 X142.962 Y80.062
G0 X152.038 Y80.062
G0 X152.3 Y80.5
G1 F991.7 X152.305 Y94.125 E2069.7167
G0 F9000 X152.559 Y94.839
G0 X153.215 Y95.013
G0 X153.793 Y94.382
G1 F1271.2 X155.584 Y91.265 E2069.85778
G1 F1229.5 X157.376 Y88.148 E2070.00368
G0 F9000 X153.215 Y95.013
G0 X152.578 Y95.794
G1 F1694.9 X153.025 Y95.021 E2070.02996
G1 X152.752 Y94.95 E2070.03826
G1 X152.578 Y94.76 E2070.04585
G1 X152.578 Y95.794 E2070.07628
G0 F9000 X152.2 Y96.424
G1 F1500 X152.649 Y96.424 E2070.09122
G1 X153.336 Y95.235 E2070.13689
G1 F1388.9 X153.793 Y94.382 E2070.17165
G1 X153.091 Y94.649 E2070.19863
G1 F1500 X152.847 Y94.585 E2070.20702
G1 F1188.1 X152.305 Y94.125 E2070.23687
G1 F1075.3 X152.253 Y94.605 E2070.25927
G1 F1327.4 X152.201 Y95.085 E2070.27742
G1 F1500 X152.2 Y96.424 E2070.32195
G1 F2700 E2065.32195
G0 F9000 X152.48 Y96.146
G0 X152.038 Y80.062
G0 X142.962 Y80.062
G0 X142.955 Y89.385
G0 X142.287 Y96.53
G0 X142.116 Y96.824
;TYPE:WALL-OUTER
G1 F2700 E2070.32195
G1 F1500 X143.2 Y96.824 E2070.35801
G1 X143.2 Y80.5 E2070.90095
G1 X143.267 Y80.35 E2070.90641
G1 X143.379 Y80.301 E2070.91048
G1 X151.621 Y80.3 E2071.18461
G1 X151.733 Y80.35 E2071.18869
G1 X151.8 Y80.5 E2071.19415
G1 X151.8 Y96.824 E2071.73709
G1 X152.88 Y96.824 E2071.77301
G1 X158.151 Y87.701 E2072.12345
G1 X157.117 Y87.7 E2072.15784
G1 X153.418 Y94.168 E2072.40566
G1 X153.193 Y94.262 E2072.41377
G1 X152.949 Y94.198 E2072.42216
G1 X152.802 Y94.039 E2072.42936
G1 X152.8 Y78.172 E2072.9571
G1 X142.2 Y78.172 E2073.30966
G1 X142.198 Y94.039 E2073.8374
G1 X142.05 Y94.198 E2073.84462
G1 X141.802 Y94.262 E2073.85314
G1 X141.598 Y94.197 E2073.86026
G1 X137.88 Y87.7 E2074.10923
G1 X136.848 Y87.7 E2074.14356
G1 X142.116 Y96.824 E2074.49397
G1 F2700 E2069.49397
;MESH:NONMESH
G0 F300 X142.116 Y96.824 Z8.6
G0 F9000 X142.287 Y96.53
G0 X137.227 Y87.92
G0 X136.289 Y88.463
G0 X98.88 Y86.841
G0 X96.617 Y86.841
G0 X93.665 Y87.92
G0 X82.7 Y80.5
;TIME_ELAPSED:3721.327138
;LAYER:42
;TYPE:WALL-INNER
;MESH:batclipholder.stl(1)
G1 F2700 E2074.49397
G1 F991.7 X82.695 Y94.125 E2075.17939
G0 F9000 X82.441 Y94.839
G0 X81.785 Y95.013
G0 X81.263 Y94.477
G1 F1239.7 X77.621 Y88.146 E2075.47333
G0 F9000 X81.785 Y95.013
G0 X82.422 Y95.799
G1 F1685.4 X82.422 Y94.76 E2075.50409
G1 X82.245 Y94.952 E2075.51182
G1 X81.973 Y95.021 E2075.52013
G1 X82.422 Y95.799 E2075.54672
G0 F9000 X82.8 Y96.424
G1 F1500 X82.8 Y95.089 E2075.59112
G1 F1327.4 X82.748 Y94.607 E2075.60934
G1 F1075.3 X82.695 Y94.125 E2075.63184
G1 F1188.1 X82.15 Y94.586 E2075.66181
G1 F1500 X81.902 Y94.649 E2075.67032
G1 F1373 X81.263 Y94.477 E2075.69437
G1 X81.658 Y95.23 E2075.72526
G1 F1500 X82.346 Y96.424 E2075.7711
G1 X82.8 Y96.424 E2075.7862
G1 F2700 E2070.7862
G0 F9000 X82.52 Y96.146
G0 X82.962 Y80.062
G0 X92.038 Y80.062
G0 X92.305 Y94.125
G1 F2700 E2075.7862
G1 F991.7 X92.3 Y80.5 E2076.47162
G0 F9000 X91.967 Y79.585
G1 F1284.8 X91.967 Y79.005 E2076.49414
G1 F1282.1 X83.034 Y79.006 E2076.84176
G1 X83.034 Y79.585 E2076.86429
G1 X83.291 Y79.471 E2076.87523
G1 X91.709 Y79.471 E2077.20281
G1 F1284.8 X91.967 Y79.585 E2077.21377
G0 F9000 X92.3 Y80.5
G1 F1200 X92.4 Y79.869 E2077.24033
G1 F1500 X92.4 Y78.572 E2077.28347
G1 X82.6 Y78.572 E2077.60942
G1 X82.6 Y79.869 E2077.65255
G1 F1200 X82.7 Y80.5 E2077.67912
G1 X83.002 Y80.05 E2077.70165
G1 F1500 X83.337 Y79.903 E2077.71382
G1 X91.663 Y79.902 E2077.99074
G1 X91.998 Y80.05 E2078.00292
G1 F1200 X92.3 Y80.5 E2078.02545
G0 F9000 X92.559 Y94.839
G0 X93.215 Y95.013
G0 X97.376 Y88.148
G1 F1229.5 X95.584 Y91.265 E2078.17134
G1 F1271.2 X93.793 Y94.382 E2078.31243
G0 F9000 X92.578 Y95.794
G1 F1694.9 X93.025 Y95.021 E2078.33872
G1 X92.752 Y94.95 E2078.34702
G1 X92.578 Y94.76 E2078.3546
G1 X92.578 Y95.794 E2078.38504
G0 F9000 X92.649 Y96.424
G1 F1500 X93.336 Y95.235 E2078.43071
G1 F1388.9 X93.793 Y94.382 E2078.46547
G1 X93.091 Y94.649 E2078.49245
G1 F1500 X92.847 Y94.585 E2078.50084
G1 F1188.1 X92.305 Y94.125 E2078.53069
G1 F1075.3 X92.253 Y94.605 E2078.55309
G1 F1327.4 X92.201 Y95.085 E2078.57124
G1 F1500 X92.2 Y96.424 E2078.61578
G1 X92.649 Y96.424 E2078.63071
G0 F9000 X92.88 Y96.824
;TYPE:WALL-OUTER
G1 F1500 X98.151 Y87.701 E2078.98115
G1 X97.117 Y87.7 E2079.01554
G1 X93.418 Y94.168 E2079.26336
G1 X93.193 Y94.262 E2079.27147
G1 X92.949 Y94.198 E2079.27986
G1 X92.802 Y94.039 E2079.28706
G1 X92.8 Y78.172 E2079.8148
G1 X82.2 Y78.172 E2080.16736
G1 X82.198 Y94.039 E2080.6951
G1 X82.05 Y94.198 E2080.70232
G1 X81.802 Y94.262 E2080.71084
G1 X81.598 Y94.197 E2080.71796
G1 X77.88 Y87.7 E2080.96693
G1 X76.848 Y87.7 E2081.00126
G1 X82.116 Y96.824 E2081.35167
G1 X83.2 Y96.824 E2081.38773
G1 X83.2 Y80.5 E2081.93067
G1 X83.267 Y80.35 E2081.93613
G1 X83.379 Y80.301 E2081.9402
G1 X91.621 Y80.3 E2082.21433
G1 X91.733 Y80.35 E2082.21841
G1 X91.8 Y80.5 E2082.22387
G1 X91.8 Y96.824 E2082.76681
G1 X92.88 Y96.824 E2082.80273
G1 F2700 E2077.80273
;MESH:batclipholder.stl
G0 F9000 X92.713 Y96.53
G0 X92.024 Y96.602
G0 X92.024 Y97.691
G0 X92.024 Y137.309
G0 X92.024 Y138.404
G0 X91.967 Y139.585
;TYPE:WALL-INNER
G1 F2700 E2082.80273
G1 F1284.8 X91.967 Y139.005 E2082.82525
G1 F1282.1 X83.034 Y139.006 E2083.17287
G1 X83.034 Y139.585 E2083.19541
G1 X83.291 Y139.471 E2083.20635
G1 X91.709 Y139.471 E2083.53393
G1 F1284.8 X91.967 Y139.585 E2083.54488
G0 F9000 X92.3 Y140.5
G1 F1200 X92.4 Y139.869 E2083.57144
G1 F1500 X92.4 Y138.572 E2083.61458
G1 X82.6 Y138.572 E2083.94053
G1 X82.6 Y139.869 E2083.98367
G1 F1200 X82.7 Y140.5 E2084.01023
G1 X83.002 Y140.05 E2084.03276
G1 F1500 X83.337 Y139.903 E2084.04493
G1 X91.663 Y139.902 E2084.32185
G1 X91.998 Y140.05 E2084.33403
G1 F1200 X92.3 Y140.5 E2084.35656
G1 F991.7 X92.305 Y154.125 E2085.04198
G0 F9000 X92.559 Y154.839
G0 X93.215 Y155.013
G0 X93.793 Y154.382
G1 F1271.2 X95.584 Y151.265 E2085.18307
G1 F1229.5 X97.376 Y148.148 E2085.32896
G0 F9000 X93.215 Y155.013
G0 X92.578 Y155.794
G1 F1694.9 X93.025 Y155.021 E2085.35525
G1 X92.752 Y154.95 E2085.36355
G1 X92.578 Y154.76 E2085.37114
G1 X92.578 Y155.794 E2085.40157
G0 F9000 X92.649 Y156.424
G1 F1500 X93.336 Y155.235 E2085.44724
G1 F1388.9 X93.793 Y154.382 E2085.48201
G1 X93.091 Y154.649 E2085.50898
G1 F1500 X92.847 Y154.585 E2085.51737
G1 F1188.1 X92.305 Y154.125 E2085.54722
G1 F1075.3 X92.253 Y154.605 E2085.56963
G1 F1327.4 X92.201 Y155.085 E2085.58777
G1 F1500 X92.2 Y156.424 E2085.63231
G1 X92.649 Y156.424 E2085.64724
G1 F2700 E2080.64724
G0 F9000 X92.483 Y156.13
G0 X92.038 Y140.062
G0 X82.962 Y140.062
G0 X82.695 Y154.125
G1 F2700 E2085.64724
G1 F991.7 X82.7 Y140.5 E2086.33266
G0 F9000 X82.441 Y154.839
G0 X81.785 Y155.013
G0 X77.621 Y148.146
G1 F1239.7 X81.263 Y154.477 E2086.6266
G0 F9000 X82.422 Y155.799
G1 F1685.4 X82.422 Y154.76 E2086.65736
G1 X82.245 Y154.952 E2086.66509
G1 X81.973 Y155.021 E2086.67339
G1 X82.422 Y155.799 E2086.69998
G0 F9000 X82.8 Y156.424
G1 F1500 X82.8 Y155.089 E2086.74439
G1 F1327.4 X82.748 Y154.607 E2086.76261
G1 F1075.3 X82.695 Y154.125 E2086.7851
G1 F1188.1 X82.15 Y154.586 E2086.81508
G1 F1500 X81.902 Y154.649 E2086.82359
G1 F1373 X81.263 Y154.477 E2086.84763
G1 X81.658 Y155.23 E2086.87853
G1 F1500 X82.346 Y156.424 E2086.92437
G1 X82.8 Y156.424 E2086.93947
G1 F2700 E2081.93947
G0 F9000 X82.52 Y156.146
G0 X82.962 Y140.062
G0 X92.038 Y140.062
G0 X92.045 Y149.385
G0 X92.713 Y156.53
G0 X92.88 Y156.824
;TYPE:WALL-OUTER
G1 F2700 E2086.93947
G1 F1500 X98.151 Y147.701 E2087.2899
G1 X97.117 Y147.7 E2087.32429
G1 X93.418 Y154.168 E2087.57212
G1 X93.193 Y154.262 E2087.58023
G1 X92.949 Y154.198 E2087.58862
G1 X92.802 Y154.039 E2087.59582
G1 X92.8 Y138.172 E2088.12356
G1 X82.2 Y138.172 E2088.47611
G1 X82.198 Y154.039 E2089.00385
G1 X82.05 Y154.198 E2089.01108
G1 X81.802 Y154.262 E2089.0196
G1 X81.598 Y154.197 E2089.02672
G1 X77.88 Y147.7 E2089.27569
G1 X76.848 Y147.7 E2089.31001
G1 X82.116 Y156.824 E2089.66043
G1 X83.2 Y156.824 E2089.69648
G1 X83.2 Y140.5 E2090.23942
G1 X83.267 Y140.35 E2090.24489
G1 X83.379 Y140.301 E2090.24895
G1 X91.621 Y140.3 E2090.52308
G1 X91.733 Y140.35 E2090.52716
G1 X91.8 Y140.5 E2090.53263
G1 X91.8 Y156.824 E2091.07557
G1 X92.88 Y156.824 E2091.11149
G1 F2700 E2086.11149
;MESH:batclipholder.stl(3)
G0 F9000 X92.713 Y156.53
G0 X97.773 Y147.92
G0 X98.712 Y148.462
G0 X136.289 Y148.463
G0 X137.621 Y148.146
;TYPE:WALL-INNER
G1 F2700 E2091.11149
G1 F1239.7 X141.263 Y154.477 E2091.40543
G0 F9000 X141.785 Y155.013
G0 X142.441 Y154.839
G0 X142.695 Y154.125
G1 F991.7 X142.7 Y140.5 E2092.09085
G0 F9000 X143.034 Y139.585
G1 F1282.1 X143.291 Y139.471 E2092.10179
G1 X151.709 Y139.471 E2092.42937
G1 F1284.8 X151.967 Y139.585 E2092.44032
G1 X151.967 Y139.005 E2092.46284
G1 F1282.1 X143.034 Y139.006 E2092.81046
G1 X143.034 Y139.585 E2092.833
G0 F9000 X142.7 Y140.5
G1 F1200 X143.002 Y140.05 E2092.85553
G1 F1500 X143.337 Y139.903 E2092.86769
G1 X151.663 Y139.902 E2093.14462
G1 X151.998 Y140.05 E2093.1568
G1 F1200 X152.3 Y140.5 E2093.17933
G1 X152.4 Y139.869 E2093.20589
G1 F1500 X152.4 Y138.572 E2093.24903
G1 X142.6 Y138.572 E2093.57498
G1 X142.6 Y139.869 E2093.61812
G1 F1200 X142.7 Y140.5 E2093.64468
G0 F9000 X142.962 Y140.062
G0 X152.038 Y140.062
G0 X152.3 Y140.5
G1 F991.7 X152.305 Y154.125 E2094.3301
G0 F9000 X152.559 Y154.839
G0 X153.215 Y155.013
G0 X153.793 Y154.382
G1 F1271.2 X155.584 Y151.265 E2094.47119
G1 F1229.5 X157.376 Y148.148 E2094.61708
G0 F9000 X153.215 Y155.013
G0 X152.578 Y155.794
G1 F1694.9 X153.025 Y155.021 E2094.64336
G1 X152.752 Y154.95 E2094.65167
G1 X152.578 Y154.76 E2094.65925
G1 X152.578 Y155.794 E2094.68969
G0 F9000 X152.2 Y156.424
G1 F1500 X152.649 Y156.424 E2094.70462
G1 X153.336 Y155.235 E2094.75029
G1 F1388.9 X153.793 Y154.382 E2094.78505
G1 X153.091 Y154.649 E2094.81203
G1 F1500 X152.847 Y154.585 E2094.82042
G1 F1188.1 X152.305 Y154.125 E2094.85027
G1 F1075.3 X152.253 Y154.605 E2094.87268
G1 F1327.4 X152.201 Y155.085 E2094.89082
G1 F1500 X152.2 Y156.424 E2094.93536
G1 F2700 E2089.93536
G0 F9000 X152.48 Y156.146
G0 X152.038 Y140.062
G0 X142.962 Y140.062
G0 X142.422 Y155.799
G1 F2700 E2094.93536
G1 F1685.4 X142.422 Y154.76 E2094.96611
G1 X142.245 Y154.952 E2094.97384
G1 X141.973 Y155.021 E2094.98215
G1 X142.422 Y155.799 E2095.00874
G0 F9000 X142.346 Y156.424
G1 F1500 X142.8 Y156.424 E2095.02384
G1 X142.8 Y155.089 E2095.06824
G1 F1327.4 X142.748 Y154.607 E2095.08646
G1 F1075.3 X142.695 Y154.125 E2095.10896
G1 F1188.1 X142.15 Y154.586 E2095.13893
G1 F1500 X141.902 Y154.649 E2095.14745
G1 F1373 X141.263 Y154.477 E2095.17149
G1 X141.658 Y155.23 E2095.20239
G1 F1500 X142.346 Y156.424 E2095.24822
G0 F9000 X142.116 Y156.824
;TYPE:WALL-OUTER
G1 F1500 X143.2 Y156.824 E2095.28428
G1 X143.2 Y140.5 E2095.82721
G1 X143.267 Y140.35 E2095.83268
G1 X143.379 Y140.301 E2095.83674
G1 X151.621 Y140.3 E2096.11087
G1 X151.733 Y140.35 E2096.11495
G1 X151.8 Y140.5 E2096.12042
G1 X151.8 Y156.824 E2096.66336
G1 X152.88 Y156.824 E2096.69928
G1 X158.151 Y147.701 E2097.04971
G1 X157.117 Y147.7 E2097.08411
G1 X153.418 Y154.168 E2097.33193
G1 X153.193 Y154.262 E2097.34004
G1 X152.949 Y154.198 E2097.34843
G1 X152.802 Y154.039 E2097.35563
G1 X152.8 Y138.172 E2097.88337
G1 X142.2 Y138.172 E2098.23593
G1 X142.198 Y154.039 E2098.76366
G1 X142.05 Y154.198 E2098.77089
G1 X141.802 Y154.262 E2098.77941
G1 X141.598 Y154.197 E2098.78653
G1 X137.88 Y147.7 E2099.0355
G1 X136.848 Y147.7 E2099.06983
G1 X142.116 Y156.824 E2099.42024
G1 F2700 E2094.42024
;MESH:batclipholder.stl(2)
G0 F9000 X142.287 Y156.53
G0 X142.412 Y155.16
G0 X142.424 Y138.398
G0 X142.424 Y137.309
G0 X142.424 Y97.691
G0 X142.424 Y96.596
G0 X142.422 Y95.799
;TYPE:WALL-INNER
G1 F2700 E2099.42024
G1 F1685.4 X142.422 Y94.76 E2099.451
G1 X142.245 Y94.952 E2099.45873
G1 X141.973 Y95.021 E2099.46704
G1 X142.422 Y95.799 E2099.49363
G0 F9000 X142.346 Y96.424
G1 F1500 X142.8 Y96.424 E2099.50873
G1 X142.8 Y95.089 E2099.55313
G1 F1327.4 X142.748 Y94.607 E2099.57135
G1 F1075.3 X142.695 Y94.125 E2099.59385
G1 F1188.1 X142.15 Y94.586 E2099.62382
G1 F1500 X141.902 Y94.649 E2099.63233
G1 F1373 X141.263 Y94.477 E2099.65638
G1 X141.658 Y95.23 E2099.68727
G1 F1500 X142.346 Y96.424 E2099.73311
G0 F9000 X142.517 Y96.13
G0 X141.263 Y94.477
G1 F1239.7 X137.621 Y88.146 E2100.02705
G0 F9000 X141.785 Y95.013
G0 X142.441 Y94.839
G0 X142.695 Y94.125
G1 F991.7 X142.7 Y80.5 E2100.71247
G0 F9000 X143.034 Y79.585
G1 F1282.1 X143.291 Y79.471 E2100.72341
G1 X151.709 Y79.471 E2101.05099
G1 F1284.8 X151.967 Y79.585 E2101.06194
G1 X151.967 Y79.005 E2101.08446
G1 F1282.1 X143.034 Y79.006 E2101.43209
G1 X143.034 Y79.585 E2101.45462
G0 F9000 X142.7 Y80.5
G1 F1200 X143.002 Y80.05 E2101.47715
G1 F1500 X143.337 Y79.903 E2101.48932
G1 X151.663 Y79.902 E2101.76624
G1 X151.998 Y80.05 E2101.77842
G1 F1200 X152.3 Y80.5 E2101.80095
G1 X152.4 Y79.869 E2101.82751
G1 F1500 X152.4 Y78.572 E2101.87065
G1 X142.6 Y78.572 E2102.1966
G1 X142.6 Y79.869 E2102.23974
G1 F1200 X142.7 Y80.5 E2102.2663
G0 F9000 X142.962 Y80.062
G0 X152.038 Y80.062
G0 X152.3 Y80.5
G1 F991.7 X152.305 Y94.125 E2102.95172
G0 F9000 X152.559 Y94.839
G0 X153.215 Y95.013
G0 X153.793 Y94.382
G1 F1271.2 X155.584 Y91.265 E2103.09281
G1 F1229.5 X157.376 Y88.148 E2103.2387
G0 F9000 X153.215 Y95.013
G0 X152.578 Y95.794
G1 F1694.9 X153.025 Y95.021 E2103.26499
G1 X152.752 Y94.95 E2103.27329
G1 X152.578 Y94.76 E2103.28087
G1 X152.578 Y95.794 E2103.31131
G0 F9000 X152.2 Y96.424
G1 F1500 X152.649 Y96.424 E2103.32624
G1 X153.336 Y95.235 E2103.37192
G1 F1388.9 X153.793 Y94.382 E2103.40668
G1 X153.091 Y94.649 E2103.43366
G1 F1500 X152.847 Y94.585 E2103.44205
G1 F1188.1 X152.305 Y94.125 E2103.4719
G1 F1075.3 X152.253 Y94.605 E2103.4943
G1 F1327.4 X152.201 Y95.085 E2103.51244
G1 F1500 X152.2 Y96.424 E2103.55698
G1 F2700 E2098.55698
G0 F9000 X152.48 Y96.146
G0 X152.038 Y80.062
G0 X142.962 Y80.062
G0 X142.955 Y89.385
G0 X142.287 Y96.53
G0 X142.116 Y96.824
;TYPE:WALL-OUTER
G1 F2700 E2103.55698
G1 F1500 X143.2 Y96.824 E2103.59303
G1 X143.2 Y80.5 E2104.13597
G1 X143.267 Y80.35 E2104.14143
G1 X143.379 Y80.301 E2104.1455
G1 X151.621 Y80.3 E2104.41963
G1 X151.733 Y80.35 E2104.42371
G1 X151.8 Y80.5 E2104.42917
G1 X151.8 Y96.824 E2104.97211
G1 X152.88 Y96.824 E2105.00803
G1 X158.151 Y87.701 E2105.35847
G1 X157.117 Y87.7 E2105.39286
G1 X153.418 Y94.168 E2105.64068
G1 X153.193 Y94.262 E2105.64879
G1 X152.949 Y94.198 E2105.65718
G1 X152.802 Y94.039 E2105.66439
G1 X152.8 Y78.172 E2106.19212
G1 X142.2 Y78.172 E2106.54468
G1 X142.198 Y94.039 E2107.07242
G1 X142.05 Y94.198 E2107.07965
G1 X141.802 Y94.262 E2107.08816
G1 X141.598 Y94.197 E2107.09529
G1 X137.88 Y87.7 E2107.34426
G1 X136.848 Y87.7 E2107.37858
G1 X142.116 Y96.824 E2107.729
G1 F2700 E2102.729
;MESH:NONMESH
G0 F300 X142.116 Y96.824 Z8.8
G0 F9000 X142.287 Y96.53
G0 X137.227 Y87.92
G0 X136.289 Y88.463
G0 X98.88 Y86.841
G0 X96.617 Y86.841
G0 X93.665 Y87.92
G0 X82.7 Y80.5
;TIME_ELAPSED:3781.737815
;LAYER:43
;TYPE:WALL-INNER
;MESH:batclipholder.stl(1)
G1 F2700 E2107.729
G1 F991.7 X82.695 Y94.125 E2108.41442
G0 F9000 X82.441 Y94.839
G0 X81.785 Y95.013
G0 X81.263 Y94.477
G1 F1239.7 X77.621 Y88.146 E2108.70836
G0 F9000 X81.785 Y95.013
G0 X82.422 Y95.799
G1 F1685.4 X82.422 Y94.76 E2108.73911
G1 X82.245 Y94.952 E2108.74684
G1 X81.973 Y95.021 E2108.75515
G1 X82.422 Y95.799 E2108.78174
G0 F9000 X82.8 Y96.424
G1 F1500 X82.8 Y95.089 E2108.82614
G1 F1327.4 X82.748 Y94.607 E2108.84436
G1 F1075.3 X82.695 Y94.125 E2108.86686
G1 F1188.1 X82.15 Y94.586 E2108.89684
G1 F1500 X81.902 Y94.649 E2108.90535
G1 F1373 X81.263 Y94.477 E2108.92939
G1 X81.658 Y95.23 E2108.96029
G1 F1500 X82.346 Y96.424 E2109.00612
G1 X82.8 Y96.424 E2109.02122
G1 F2700 E2104.02122
G0 F9000 X82.52 Y96.146
G0 X82.962 Y80.062
G0 X92.038 Y80.062
G0 X92.305 Y94.125
G1 F2700 E2109.02122
G1 F991.7 X92.3 Y80.5 E2109.70664
G0 F9000 X91.967 Y79.585
G1 F1284.8 X91.967 Y79.005 E2109.72916
G1 F1282.1 X83.034 Y79.006 E2110.07679
G1 X83.034 Y79.585 E2110.09932
G1 X83.291 Y79.471 E2110.11026
G1 X91.709 Y79.471 E2110.43784
G1 F1284.8 X91.967 Y79.585 E2110.44879
G0 F9000 X92.3 Y80.5
G1 F1200 X92.4 Y79.869 E2110.47535
G1 F1500 X92.4 Y78.572 E2110.51849
G1 X82.6 Y78.572 E2110.84444
G1 X82.6 Y79.869 E2110.88758
G1 F1200 X82.7 Y80.5 E2110.91414
G1 X83.002 Y80.05 E2110.93667
G1 F1500 X83.337 Y79.903 E2110.94884
G1 X91.663 Y79.902 E2111.22576
G1 X91.998 Y80.05 E2111.23795
G1 F1200 X92.3 Y80.5 E2111.26048
G0 F9000 X92.559 Y94.839
G0 X93.215 Y95.013
G0 X97.376 Y88.148
G1 F1229.5 X95.584 Y91.265 E2111.40637
G1 F1271.2 X93.793 Y94.382 E2111.54746
G0 F9000 X92.578 Y95.794
G1 F1694.9 X93.025 Y95.021 E2111.57374
G1 X92.752 Y94.95 E2111.58205
G1 X92.578 Y94.76 E2111.58963
G1 X92.578 Y95.794 E2111.62006
G0 F9000 X92.649 Y96.424
G1 F1500 X93.336 Y95.235 E2111.66574
G1 F1388.9 X93.793 Y94.382 E2111.7005
G1 X93.091 Y94.649 E2111.72748
G1 F1500 X92.847 Y94.585 E2111.73587
G1 F1188.1 X92.305 Y94.125 E2111.76572
G1 F1075.3 X92.253 Y94.605 E2111.78812
G1 F1327.4 X92.201 Y95.085 E2111.80627
G1 F1500 X92.2 Y96.424 E2111.8508
G1 X92.649 Y96.424 E2111.86573
G0 F9000 X92.88 Y96.824
;TYPE:WALL-OUTER
G1 F1500 X98.151 Y87.701 E2112.21617
G1 X97.117 Y87.7 E2112.25056
G1 X93.418 Y94.168 E2112.49838
G1 X93.193 Y94.262 E2112.50649
G1 X92.949 Y94.198 E2112.51488
G1 X92.802 Y94.039 E2112.52209
G1 X92.8 Y78.172 E2113.04983
G1 X82.2 Y78.172 E2113.40238
G1 X82.198 Y94.039 E2113.93012
G1 X82.05 Y94.198 E2113.93735
G1 X81.802 Y94.262 E2113.94587
G1 X81.598 Y94.197 E2113.95299
G1 X77.88 Y87.7 E2114.20196
G1 X76.848 Y87.7 E2114.23628
G1 X82.116 Y96.824 E2114.5867
G1 X83.2 Y96.824 E2114.62275
G1 X83.2 Y80.5 E2115.16569
G1 X83.267 Y80.35 E2115.17116
G1 X83.379 Y80.301 E2115.17522
G1 X91.621 Y80.3 E2115.44935
G1 X91.733 Y80.35 E2115.45343
G1 X91.8 Y80.5 E2115.4589
G1 X91.8 Y96.824 E2116.00183
G1 X92.88 Y96.824 E2116.03776
G1 F2700 E2111.03776
;MESH:batclipholder.stl
G0 F9000 X92.713 Y96.53
G0 X92.024 Y96.602
G0 X92.024 Y97.691
G0 X92.024 Y137.309
G0 X92.024 Y138.404
G0 X91.967 Y139.585
;TYPE:WALL-INNER
G1 F2700 E2116.03776
G1 F1284.8 X91.967 Y139.005 E2116.06028
G1 F1282.1 X83.034 Y139.006 E2116.4079
G1 X83.034 Y139.585 E2116.43043
G1 X83.291 Y139.471 E2116.44137
G1 X91.709 Y139.471 E2116.76895
G1 F1284.8 X91.967 Y139.585 E2116.77991
G0 F9000 X92.3 Y140.5
G1 F1200 X92.4 Y139.869 E2116.80647
G1 F1500 X92.4 Y138.572 E2116.84961
G1 X82.6 Y138.572 E2117.17555
G1 X82.6 Y139.869 E2117.21869
G1 F1200 X82.7 Y140.5 E2117.24525
G1 X83.002 Y140.05 E2117.26779
G1 F1500 X83.337 Y139.903 E2117.27995
G1 X91.663 Y139.902 E2117.55688
G1 X91.998 Y140.05 E2117.56906
G1 F1200 X92.3 Y140.5 E2117.59159
G1 F991.7 X92.305 Y154.125 E2118.27701
G0 F9000 X92.559 Y154.839
G0 X93.215 Y155.013
G0 X93.793 Y154.382
G1 F1271.2 X95.584 Y151.265 E2118.4181
G1 F1229.5 X97.376 Y148.148 E2118.56399
G0 F9000 X93.215 Y155.013
G0 X92.578 Y155.794
G1 F1694.9 X93.025 Y155.021 E2118.59027
G1 X92.752 Y154.95 E2118.59858
G1 X92.578 Y154.76 E2118.60616
G1 X92.578 Y155.794 E2118.6366
G0 F9000 X92.649 Y156.424
G1 F1500 X93.336 Y155.235 E2118.68227
G1 F1388.9 X93.793 Y154.382 E2118.71703
G1 X93.091 Y154.649 E2118.74401
G1 F1500 X92.847 Y154.585 E2118.7524
G1 F1188.1 X92.305 Y154.125 E2118.78225
G1 F1075.3 X92.253 Y154.605 E2118.80465
G1 F1327.4 X92.201 Y155.085 E2118.8228
G1 F1500 X92.2 Y156.424 E2118.86733
G1 X92.649 Y156.424 E2118.88227
G1 F2700 E2113.88227
G0 F9000 X92.483 Y156.13
G0 X92.038 Y140.062
G0 X82.962 Y140.062
G0 X82.695 Y154.125
G1 F2700 E2118.88227
G1 F991.7 X82.7 Y140.5 E2119.56768
G0 F9000 X82.441 Y154.839
G0 X81.785 Y155.013
G0 X77.621 Y148.146
G1 F1239.7 X81.263 Y154.477 E2119.86163
G0 F9000 X82.422 Y155.799
G1 F1685.4 X82.422 Y154.76 E2119.89238
G1 X82.245 Y154.952 E2119.90011
G1 X81.973 Y155.021 E2119.90842
G1 X82.422 Y155.799 E2119.93501
G0 F9000 X82.8 Y156.424
G1 F1500 X82.8 Y155.089 E2119.97941
G1 F1327.4 X82.748 Y154.607 E2119.99763
G1 F1075.3 X82.695 Y154.125 E2120.02013
G1 F1188.1 X82.15 Y154.586 E2120.0501
G1 F1500 X81.902 Y154.649 E2120.05861
G1 F1373 X81.263 Y154.477 E2120.08266
G1 X81.658 Y155.23 E2120.11356
G1 F1500 X82.346 Y156.424 E2120.15939
G1 X82.8 Y156.424 E2120.17449
G1 F2700 E2115.17449
G0 F9000 X82.52 Y156.146
G0 X82.962 Y140.062
G0 X92.038 Y140.062
G0 X92.045 Y149.385
G0 X92.713 Y156.53
G0 X92.88 Y156.824
;TYPE:WALL-OUTER
G1 F2700 E2120.17449
G1 F1500 X98.151 Y147.701 E2120.52493
G1 X97.117 Y147.7 E2120.55932
G1 X93.418 Y154.168 E2120.80714
G1 X93.193 Y154.262 E2120.81525
G1 X92.949 Y154.198 E2120.82364
G1 X92.802 Y154.039 E2120.83084
G1 X92.8 Y138.172 E2121.35858
G1 X82.2 Y138.172 E2121.71114
G1 X82.198 Y154.039 E2122.23888
G1 X82.05 Y154.198 E2122.2461
G1 X81.802 Y154.262 E2122.25462
G1 X81.598 Y154.197 E2122.26174
G1 X77.88 Y147.7 E2122.51072
G1 X76.848 Y147.7 E2122.54504
G1 X82.116 Y156.824 E2122.89546
G1 X83.2 Y156.824 E2122.93151
G1 X83.2 Y140.5 E2123.47445
G1 X83.267 Y140.35 E2123.47991
G1 X83.379 Y140.301 E2123.48398
G1 X91.621 Y140.3 E2123.75811
G1 X91.733 Y140.35 E2123.76219
G1 X91.8 Y140.5 E2123.76765
G1 X91.8 Y156.824 E2124.31059
G1 X92.88 Y156.824 E2124.34651
G1 F2700 E2119.34651
;MESH:batclipholder.stl(3)
G0 F9000 X92.713 Y156.53
G0 X97.773 Y147.92
G0 X98.712 Y148.462
G0 X136.289 Y148.463
G0 X137.621 Y148.146
;TYPE:WALL-INNER
G1 F2700 E2124.34651
G1 F1239.7 X141.263 Y154.477 E2124.64045
G0 F9000 X141.785 Y155.013
G0 X142.441 Y154.839
G0 X142.695 Y154.125
G1 F991.7 X142.7 Y140.5 E2125.32587
G0 F9000 X143.034 Y139.585
G1 F1282.1 X143.291 Y139.471 E2125.33681
G1 X151.709 Y139.471 E2125.66439
G1 F1284.8 X151.967 Y139.585 E2125.67535
G1 X151.967 Y139.005 E2125.69787
G1 F1282.1 X143.034 Y139.006 E2126.04549
G1 X143.034 Y139.585 E2126.06802
G0 F9000 X142.7 Y140.5
G1 F1200 X143.002 Y140.05 E2126.09055
G1 F1500 X143.337 Y139.903 E2126.10272
G1 X151.663 Y139.902 E2126.37964
G1 X151.998 Y140.05 E2126.39182
G1 F1200 X152.3 Y140.5 E2126.41436
G1 X152.4 Y139.869 E2126.44092
G1 F1500 X152.4 Y138.572 E2126.48406
G1 X142.6 Y138.572 E2126.81001
G1 X142.6 Y139.869 E2126.85314
G1 F1200 X142.7 Y140.5 E2126.87971
G0 F9000 X142.962 Y140.062
G0 X152.038 Y140.062
G0 X152.3 Y140.5
G1 F991.7 X152.305 Y154.125 E2127.56512
G0 F9000 X152.559 Y154.839
G0 X153.215 Y155.013
G0 X153.793 Y154.382
G1 F1271.2 X155.584 Y151.265 E2127.70621
G1 F1229.5 X157.376 Y148.148 E2127.85211
G0 F9000 X153.215 Y155.013
G0 X152.578 Y155.794
G1 F1694.9 X153.025 Y155.021 E2127.87839
G1 X152.752 Y154.95 E2127.88669
G1 X152.578 Y154.76 E2127.89428
G1 X152.578 Y155.794 E2127.92471
G0 F9000 X152.2 Y156.424
G1 F1500 X152.649 Y156.424 E2127.93965
G1 X153.336 Y155.235 E2127.98532
G1 F1388.9 X153.793 Y154.382 E2128.02008
G1 X153.091 Y154.649 E2128.04706
G1 F1500 X152.847 Y154.585 E2128.05545
G1 F1188.1 X152.305 Y154.125 E2128.0853
G1 F1075.3 X152.253 Y154.605 E2128.1077
G1 F1327.4 X152.201 Y155.085 E2128.12585
G1 F1500 X152.2 Y156.424 E2128.17038
G1 F2700 E2123.17038
G0 F9000 X152.48 Y156.146
G0 X152.038 Y140.062
G0 X142.962 Y140.062
G0 X142.422 Y155.799
G1 F2700 E2128.17038
G1 F1685.4 X142.422 Y154.76 E2128.20114
G1 X142.245 Y154.952 E2128.20887
G1 X141.973 Y155.021 E2128.21717
G1 X142.422 Y155.799 E2128.24376
G0 F9000 X142.346 Y156.424
G1 F1500 X142.8 Y156.424 E2128.25886
G1 X142.8 Y155.089 E2128.30327
G1 F1327.4 X142.748 Y154.607 E2128.32149
G1 F1075.3 X142.695 Y154.125 E2128.34399
G1 F1188.1 X142.15 Y154.586 E2128.37396
G1 F1500 X141.902 Y154.649 E2128.38247
G1 F1373 X141.263 Y154.477 E2128.40652
G1 X141.658 Y155.23 E2128.43741
G1 F1500 X142.346 Y156.424 E2128.48325
G0 F9000 X142.116 Y156.824
;TYPE:WALL-OUTER
G1 F1500 X143.2 Y156.824 E2128.5193
G1 X143.2 Y140.5 E2129.06224
G1 X143.267 Y140.35 E2129.0677
G1 X143.379 Y140.301 E2129.07177
G1 X151.621 Y140.3 E2129.3459
G1 X151.733 Y140.35 E2129.34998
G1 X151.8 Y140.5 E2129.35544
G1 X151.8 Y156.824 E2129.89838
G1 X152.88 Y156.824 E2129.9343
G1 X158.151 Y147.701 E2130.28474
G1 X157.117 Y147.7 E2130.31913
G1 X153.418 Y154.168 E2130.56695
G1 X153.193 Y154.262 E2130.57506
G1 X152.949 Y154.198 E2130.58345
G1 X152.802 Y154.039 E2130.59066
G1 X152.8 Y138.172 E2131.11839
G1 X142.2 Y138.172 E2131.47095
G1 X142.198 Y154.039 E2131.99869
G1 X142.05 Y154.198 E2132.00591
G1 X141.802 Y154.262 E2132.01443
G1 X141.598 Y154.197 E2132.02155
G1 X137.88 Y147.7 E2132.27053
G1 X136.848 Y147.7 E2132.30485
G1 X142.116 Y156.824 E2132.65527
G1 F2700 E2127.65527
;MESH:batclipholder.stl(2)
G0 F9000 X142.287 Y156.53
G0 X142.412 Y155.16
G0 X142.424 Y138.398
G0 X142.424 Y137.309
G0 X142.424 Y97.691
G0 X142.424 Y96.596
G0 X142.422 Y95.799
;TYPE:WALL-INNER
G1 F2700 E2132.65527
G1 F1685.4 X142.422 Y94.76 E2132.68602
G1 X142.245 Y94.952 E2132.69375
G1 X141.973 Y95.021 E2132.70206
G1 X142.422 Y95.799 E2132.72865
G0 F9000 X142.346 Y96.424
G1 F1500 X142.8 Y96.424 E2132.74375
G1 X142.8 Y95.089 E2132.78815
G1 F1327.4 X142.748 Y94.607 E2132.80637
G1 F1075.3 X142.695 Y94.125 E2132.82887
G1 F1188.1 X142.15 Y94.586 E2132.85885
G1 F1500 X141.902 Y94.649 E2132.86736
G1 F1373 X141.263 Y94.477 E2132.8914
G1 X141.658 Y95.23 E2132.9223
G1 F1500 X142.346 Y96.424 E2132.96813
G0 F9000 X142.517 Y96.13
G0 X141.263 Y94.477
G1 F1239.7 X137.621 Y88.146 E2133.26207
G0 F9000 X141.785 Y95.013
G0 X142.441 Y94.839
G0 X142.695 Y94.125
G1 F991.7 X142.7 Y80.5 E2133.94749
G0 F9000 X143.034 Y79.585
G1 F1282.1 X143.291 Y79.471 E2133.95843
G1 X151.709 Y79.471 E2134.28601
G1 F1284.8 X151.967 Y79.585 E2134.29697
G1 X151.967 Y79.005 E2134.31949
G1 F1282.1 X143.034 Y79.006 E2134.66711
G1 X143.034 Y79.585 E2134.68964
G0 F9000 X142.7 Y80.5
G1 F1200 X143.002 Y80.05 E2134.71217
G1 F1500 X143.337 Y79.903 E2134.72434
G1 X151.663 Y79.902 E2135.00127
G1 X151.998 Y80.05 E2135.01345
G1 F1200 X152.3 Y80.5 E2135.03598
G1 X152.4 Y79.869 E2135.06254
G1 F1500 X152.4 Y78.572 E2135.10568
G1 X142.6 Y78.572 E2135.43163
G1 X142.6 Y79.869 E2135.47477
G1 F1200 X142.7 Y80.5 E2135.50133
G0 F9000 X142.962 Y80.062
G0 X152.038 Y80.062
G0 X152.3 Y80.5
G1 F991.7 X152.305 Y94.125 E2136.18675
G0 F9000 X152.559 Y94.839
G0 X153.215 Y95.013
G0 X153.793 Y94.382
G1 F1271.2 X155.584 Y91.265 E2136.32784
G1 F1229.5 X157.376 Y88.148 E2136.47373
G0 F9000 X153.215 Y95.013
G0 X152.578 Y95.794
G1 F1694.9 X153.025 Y95.021 E2136.50001
G1 X152.752 Y94.95 E2136.50831
G1 X152.578 Y94.76 E2136.5159
G1 X152.578 Y95.794 E2136.54633
G0 F9000 X152.2 Y96.424
G1 F1500 X152.649 Y96.424 E2136.56127
G1 X153.336 Y95.235 E2136.60694
G1 F1388.9 X153.793 Y94.382 E2136.6417
G1 X153.091 Y94.649 E2136.66868
G1 F1500 X152.847 Y94.585 E2136.67707
G1 F1188.1 X152.305 Y94.125 E2136.70692
G1 F1075.3 X152.253 Y94.605 E2136.72932
G1 F1327.4 X152.201 Y95.085 E2136.74747
G1 F1500 X152.2 Y96.424 E2136.792
G1 F2700 E2131.792
G0 F9000 X152.48 Y96.146
G0 X152.038 Y80.062
G0 X142.962 Y80.062
G0 X142.955 Y89.385
G0 X142.287 Y96.53
G0 X142.116 Y96.824
;TYPE:WALL-OUTER
G1 F2700 E2136.792
G1 F1500 X143.2 Y96.824 E2136.82806
G1 X143.2 Y80.5 E2137.371
G1 X143.267 Y80.35 E2137.37646
G1 X143.379 Y80.301 E2137.38053
G1 X151.621 Y80.3 E2137.65466
G1 X151.733 Y80.35 E2137.65874
G1 X151.8 Y80.5 E2137.6642
G1 X151.8 Y96.824 E2138.20714
G1 X152.88 Y96.824 E2138.24306
G1 X158.151 Y87.701 E2138.5935
G1 X157.117 Y87.7 E2138.62789
G1 X153.418 Y94.168 E2138.87571
G1 X153.193 Y94.262 E2138.88382
G1 X152.949 Y94.198 E2138.89221
G1 X152.802 Y94.039 E2138.89941
G1 X152.8 Y78.172 E2139.42715
G1 X142.2 Y78.172 E2139.77971
G1 X142.198 Y94.039 E2140.30745
G1 X142.05 Y94.198 E2140.31467
G1 X141.802 Y94.262 E2140.32319
G1 X141.598 Y94.197 E2140.33031
G1 X137.88 Y87.7 E2140.57928
G1 X136.848 Y87.7 E2140.61361
G1 X142.116 Y96.824 E2140.96402
G1 F2700 E2135.96402
;MESH:NONMESH
G0 F300 X142.116 Y96.824 Z9
G0 F9000 X142.287 Y96.53
G0 X137.227 Y87.92
G0 X136.289 Y88.463
G0 X98.88 Y86.841
G0 X96.617 Y86.841
G0 X93.665 Y87.92
G0 X82.7 Y80.5
;TIME_ELAPSED:3842.148492
;LAYER:44
;TYPE:WALL-INNER
;MESH:batclipholder.stl(1)
G1 F2700 E2140.96402
G1 F991.7 X82.695 Y94.125 E2141.64944
G0 F9000 X82.441 Y94.839
G0 X81.785 Y95.013
G0 X81.263 Y94.477
G1 F1239.7 X77.621 Y88.146 E2141.94338
G0 F9000 X81.785 Y95.013
G0 X82.422 Y95.799
G1 F1685.4 X82.422 Y94.76 E2141.97414
G1 X82.245 Y94.952 E2141.98187
G1 X81.973 Y95.021 E2141.99018
G1 X82.422 Y95.799 E2142.01677
G0 F9000 X82.8 Y96.424
G1 F1500 X82.8 Y95.089 E2142.06117
G1 F1327.4 X82.748 Y94.607 E2142.07939
G1 F1075.3 X82.695 Y94.125 E2142.10189
G1 F1188.1 X82.15 Y94.586 E2142.13186
G1 F1500 X81.902 Y94.649 E2142.14037
G1 F1373 X81.263 Y94.477 E2142.16442
G1 X81.658 Y95.23 E2142.19532
G1 F1500 X82.346 Y96.424 E2142.24115
G1 X82.8 Y96.424 E2142.25625
G1 F2700 E2137.25625
G0 F9000 X82.52 Y96.146
G0 X82.962 Y80.062
G0 X92.038 Y80.062
G0 X92.305 Y94.125
G1 F2700 E2142.25625
G1 F991.7 X92.3 Y80.5 E2142.94167
G0 F9000 X91.967 Y79.585
G1 F1284.8 X91.967 Y79.005 E2142.96419
G1 F1282.1 X83.034 Y79.006 E2143.31181
G1 X83.034 Y79.585 E2143.33434
G1 X83.291 Y79.471 E2143.34528
G1 X91.709 Y79.471 E2143.67286
G1 F1284.8 X91.967 Y79.585 E2143.68382
G0 F9000 X92.3 Y80.5
G1 F1200 X92.4 Y79.869 E2143.71038
G1 F1500 X92.4 Y78.572 E2143.75352
G1 X82.6 Y78.572 E2144.07947
G1 X82.6 Y79.869 E2144.12261
G1 F1200 X82.7 Y80.5 E2144.14917
G1 X83.002 Y80.05 E2144.1717
G1 F1500 X83.337 Y79.903 E2144.18387
G1 X91.663 Y79.902 E2144.46079
G1 X91.998 Y80.05 E2144.47297
G1 F1200 X92.3 Y80.5 E2144.4955
G0 F9000 X92.559 Y94.839
G0 X93.215 Y95.013
G0 X97.376 Y88.148
G1 F1229.5 X95.584 Y91.265 E2144.64139
G1 F1271.2 X93.793 Y94.382 E2144.78248
G0 F9000 X92.578 Y95.794
G1 F1694.9 X93.025 Y95.021 E2144.80877
G1 X92.752 Y94.95 E2144.81707
G1 X92.578 Y94.76 E2144.82465
G1 X92.578 Y95.794 E2144.85509
G0 F9000 X92.649 Y96.424
G1 F1500 X93.336 Y95.235 E2144.90076
G1 F1388.9 X93.793 Y94.382 E2144.93552
G1 X93.091 Y94.649 E2144.9625
G1 F1500 X92.847 Y94.585 E2144.97089
G1 F1188.1 X92.305 Y94.125 E2145.00074
G1 F1075.3 X92.253 Y94.605 E2145.02314
G1 F1327.4 X92.201 Y95.085 E2145.04129
G1 F1500 X92.2 Y96.424 E2145.08583
G1 X92.649 Y96.424 E2145.10076
G0 F9000 X92.88 Y96.824
;TYPE:WALL-OUTER
G1 F1500 X98.151 Y87.701 E2145.4512
G1 X97.117 Y87.7 E2145.48559
G1 X93.418 Y94.168 E2145.73341
G1 X93.193 Y94.262 E2145.74152
G1 X92.949 Y94.198 E2145.74991
G1 X92.802 Y94.039 E2145.75711
G1 X92.8 Y78.172 E2146.28485
G1 X82.2 Y78.172 E2146.63741
G1 X82.198 Y94.039 E2147.16515
G1 X82.05 Y94.198 E2147.17237
G1 X81.802 Y94.262 E2147.18089
G1 X81.598 Y94.197 E2147.18801
G1 X77.88 Y87.7 E2147.43698
G1 X76.848 Y87.7 E2147.47131
G1 X82.116 Y96.824 E2147.82172
G1 X83.2 Y96.824 E2147.85778
G1 X83.2 Y80.5 E2148.40072
G1 X83.267 Y80.35 E2148.40618
G1 X83.379 Y80.301 E2148.41025
G1 X91.621 Y80.3 E2148.68438
G1 X91.733 Y80.35 E2148.68846
G1 X91.8 Y80.5 E2148.69392
G1 X91.8 Y96.824 E2149.23686
G1 X92.88 Y96.824 E2149.27278
G1 F2700 E2144.27278
;MESH:batclipholder.stl
G0 F9000 X92.713 Y96.53
G0 X92.024 Y96.602
G0 X92.024 Y97.691
G0 X92.024 Y137.309
G0 X92.024 Y138.404
G0 X91.967 Y139.585
;TYPE:WALL-INNER
G1 F2700 E2149.27278
G1 F1284.8 X91.967 Y139.005 E2149.2953
G1 F1282.1 X83.034 Y139.006 E2149.64292
G1 X83.034 Y139.585 E2149.66546
G1 X83.291 Y139.471 E2149.6764
G1 X91.709 Y139.471 E2150.00398
G1 F1284.8 X91.967 Y139.585 E2150.01493
G0 F9000 X92.3 Y140.5
G1 F1200 X92.4 Y139.869 E2150.04149
G1 F1500 X92.4 Y138.572 E2150.08463
G1 X82.6 Y138.572 E2150.41058
G1 X82.6 Y139.869 E2150.45372
G1 F1200 X82.7 Y140.5 E2150.48028
G1 X83.002 Y140.05 E2150.50281
G1 F1500 X83.337 Y139.903 E2150.51498
G1 X91.663 Y139.902 E2150.7919
G1 X91.998 Y140.05 E2150.80408
G1 F1200 X92.3 Y140.5 E2150.82661
G1 F991.7 X92.305 Y154.125 E2151.51203
G0 F9000 X92.559 Y154.839
G0 X93.215 Y155.013
G0 X93.793 Y154.382
G1 F1271.2 X95.584 Y151.265 E2151.65312
G1 F1229.5 X97.376 Y148.148 E2151.79901
G0 F9000 X93.215 Y155.013
G0 X92.578 Y155.794
G1 F1694.9 X93.025 Y155.021 E2151.8253
G1 X92.752 Y154.95 E2151.8336
G1 X92.578 Y154.76 E2151.84119
G1 X92.578 Y155.794 E2151.87162
G0 F9000 X92.649 Y156.424
G1 F1500 X93.336 Y155.235 E2151.91729
G1 F1388.9 X93.793 Y154.382 E2151.95206
G1 X93.091 Y154.649 E2151.97903
G1 F1500 X92.847 Y154.585 E2151.98742
G1 F1188.1 X92.305 Y154.125 E2152.01728
G1 F1075.3 X92.253 Y154.605 E2152.03968
G1 F1327.4 X92.201 Y155.085 E2152.05782
G1 F1500 X92.2 Y156.424 E2152.10236
G1 X92.649 Y156.424 E2152.11729
G1 F2700 E2147.11729
G0 F9000 X92.483 Y156.13
G0 X92.038 Y140.062
G0 X82.962 Y140.062
G0 X82.695 Y154.125
G1 F2700 E2152.11729
G1 F991.7 X82.7 Y140.5 E2152.80271
G0 F9000 X82.441 Y154.839
G0 X81.785 Y155.013
G0 X77.621 Y148.146
G1 F1239.7 X81.263 Y154.477 E2153.09665
G0 F9000 X82.422 Y155.799
G1 F1685.4 X82.422 Y154.76 E2153.12741
G1 X82.245 Y154.952 E2153.13514
G1 X81.973 Y155.021 E2153.14344
G1 X82.422 Y155.799 E2153.17003
G0 F9000 X82.8 Y156.424
G1 F1500 X82.8 Y155.089 E2153.21444
G1 F1327.4 X82.748 Y154.607 E2153.23266
G1 F1075.3 X82.695 Y154.125 E2153.25515
G1 F1188.1 X82.15 Y154.586 E2153.28513
G1 F1500 X81.902 Y154.649 E2153.29364
G1 F1373 X81.263 Y154.477 E2153.31768
G1 X81.658 Y155.23 E2153.34858
G1 F1500 X82.346 Y156.424 E2153.39442
G1 X82.8 Y156.424 E2153.40952
G1 F2700 E2148.40952
G0 F9000 X82.52 Y156.146
G0 X82.962 Y140.062
G0 X92.038 Y140.062
G0 X92.045 Y149.385
G0 X92.713 Y156.53
G0 X92.88 Y156.824
;TYPE:WALL-OUTER
G1 F2700 E2153.40952
G1 F1500 X98.151 Y147.701 E2153.75995
G1 X97.117 Y147.7 E2153.79434
G1 X93.418 Y154.168 E2154.04217
G1 X93.193 Y154.262 E2154.05028
G1 X92.949 Y154.198 E2154.05867
G1 X92.802 Y154.039 E2154.06587
G1 X92.8 Y138.172 E2154.59361
G1 X82.2 Y138.172 E2154.94616
G1 X82.198 Y154.039 E2155.4739
G1 X82.05 Y154.198 E2155.48113
G1 X81.802 Y154.262 E2155.48965
G1 X81.598 Y154.197 E2155.49677
G1 X77.88 Y147.7 E2155.74574
G1 X76.848 Y147.7 E2155.78007
G1 X82.116 Y156.824 E2156.13048
G1 X83.2 Y156.824 E2156.16654
G1 X83.2 Y140.5 E2156.70947
G1 X83.267 Y140.35 E2156.71494
G1 X83.379 Y140.301 E2156.719
G1 X91.621 Y140.3 E2156.99313
G1 X91.733 Y140.35 E2156.99721
G1 X91.8 Y140.5 E2157.00268
G1 X91.8 Y156.824 E2157.54562
G1 X92.88 Y156.824 E2157.58154
G1 F2700 E2152.58154
;MESH:batclipholder.stl(3)
G0 F9000 X92.713 Y156.53
G0 X97.773 Y147.92
G0 X98.712 Y148.462
G0 X136.289 Y148.463
G0 X137.621 Y148.146
;TYPE:WALL-INNER
G1 F2700 E2157.58154
G1 F1239.7 X141.263 Y154.477 E2157.87548
G0 F9000 X141.785 Y155.013
G0 X142.441 Y154.839
G0 X142.695 Y154.125
G1 F991.7 X142.7 Y140.5 E2158.5609
G0 F9000 X143.034 Y139.585
G1 F1282.1 X143.291 Y139.471 E2158.57184
G1 X151.709 Y139.471 E2158.89942
G1 F1284.8 X151.967 Y139.585 E2158.91037
G1 X151.967 Y139.005 E2158.93289
G1 F1282.1 X143.034 Y139.006 E2159.28051
G1 X143.034 Y139.585 E2159.30305
G0 F9000 X142.7 Y140.5
G1 F1200 X143.002 Y140.05 E2159.32558
G1 F1500 X143.337 Y139.903 E2159.33775
G1 X151.663 Y139.902 E2159.61467
G1 X151.998 Y140.05 E2159.62685
G1 F1200 X152.3 Y140.5 E2159.64938
G1 X152.4 Y139.869 E2159.67594
G1 F1500 X152.4 Y138.572 E2159.71908
G1 X142.6 Y138.572 E2160.04503
G1 X142.6 Y139.869 E2160.08817
G1 F1200 X142.7 Y140.5 E2160.11473
G0 F9000 X142.962 Y140.062
G0 X152.038 Y140.062
G0 X152.3 Y140.5
G1 F991.7 X152.305 Y154.125 E2160.80015
G0 F9000 X152.559 Y154.839
G0 X153.215 Y155.013
G0 X153.793 Y154.382
G1 F1271.2 X155.584 Y151.265 E2160.94124
G1 F1229.5 X157.376 Y148.148 E2161.08713
G0 F9000 X153.215 Y155.013
G0 X152.578 Y155.794
G1 F1694.9 X153.025 Y155.021 E2161.11341
G1 X152.752 Y154.95 E2161.12172
G1 X152.578 Y154.76 E2161.1293
G1 X152.578 Y155.794 E2161.15974
G0 F9000 X152.2 Y156.424
G1 F1500 X152.649 Y156.424 E2161.17467
G1 X153.336 Y155.235 E2161.22034
G1 F1388.9 X153.793 Y154.382 E2161.2551
G1 X153.091 Y154.649 E2161.28208
G1 F1500 X152.847 Y154.585 E2161.29047
G1 F1188.1 X152.305 Y154.125 E2161.32032
G1 F1075.3 X152.253 Y154.605 E2161.34273
G1 F1327.4 X152.201 Y155.085 E2161.36087
G1 F1500 X152.2 Y156.424 E2161.40541
G1 F2700 E2156.40541
G0 F9000 X152.48 Y156.146
G0 X152.038 Y140.062
G0 X142.962 Y140.062
G0 X142.422 Y155.799
G1 F2700 E2161.40541
G1 F1685.4 X142.422 Y154.76 E2161.43616
G1 X142.245 Y154.952 E2161.44389
G1 X141.973 Y155.021 E2161.4522
G1 X142.422 Y155.799 E2161.47879
G0 F9000 X142.346 Y156.424
G1 F1500 X142.8 Y156.424 E2161.49389
G1 X142.8 Y155.089 E2161.53829
G1 F1327.4 X142.748 Y154.607 E2161.55651
G1 F1075.3 X142.695 Y154.125 E2161.57901
G1 F1188.1 X142.15 Y154.586 E2161.60899
G1 F1500 X141.902 Y154.649 E2161.6175
G1 F1373 X141.263 Y154.477 E2161.64154
G1 X141.658 Y155.23 E2161.67244
G1 F1500 X142.346 Y156.424 E2161.71827
G0 F9000 X142.116 Y156.824
;TYPE:WALL-OUTER
G1 F1500 X143.2 Y156.824 E2161.75433
G1 X143.2 Y140.5 E2162.29727
G1 X143.267 Y140.35 E2162.30273
G1 X143.379 Y140.301 E2162.3068
G1 X151.621 Y140.3 E2162.58093
G1 X151.733 Y140.35 E2162.585
G1 X151.8 Y140.5 E2162.59047
G1 X151.8 Y156.824 E2163.13341
G1 X152.88 Y156.824 E2163.16933
G1 X158.151 Y147.701 E2163.51977
G1 X157.117 Y147.7 E2163.55416
G1 X153.418 Y154.168 E2163.80198
G1 X153.193 Y154.262 E2163.81009
G1 X152.949 Y154.198 E2163.81848
G1 X152.802 Y154.039 E2163.82568
G1 X152.8 Y138.172 E2164.35342
G1 X142.2 Y138.172 E2164.70598
G1 X142.198 Y154.039 E2165.23372
G1 X142.05 Y154.198 E2165.24094
G1 X141.802 Y154.262 E2165.24946
G1 X141.598 Y154.197 E2165.25658
G1 X137.88 Y147.7 E2165.50555
G1 X136.848 Y147.7 E2165.53988
G1 X142.116 Y156.824 E2165.89029
G1 F2700 E2160.89029
;MESH:batclipholder.stl(2)
G0 F9000 X142.287 Y156.53
G0 X142.412 Y155.16
G0 X142.424 Y138.398
G0 X142.424 Y137.309
G0 X142.424 Y97.691
G0 X142.424 Y96.596
G0 X142.422 Y95.799
;TYPE:WALL-INNER
G1 F2700 E2165.89029
G1 F1685.4 X142.422 Y94.76 E2165.92105
G1 X142.245 Y94.952 E2165.92878
G1 X141.973 Y95.021 E2165.93709
G1 X142.422 Y95.799 E2165.96368
G0 F9000 X142.346 Y96.424
G1 F1500 X142.8 Y96.424 E2165.97878
G1 X142.8 Y95.089 E2166.02318
G1 F1327.4 X142.748 Y94.607 E2166.0414
G1 F1075.3 X142.695 Y94.125 E2166.0639
G1 F1188.1 X142.15 Y94.586 E2166.09387
G1 F1500 X141.902 Y94.649 E2166.10238
G1 F1373 X141.263 Y94.477 E2166.12643
G1 X141.658 Y95.23 E2166.15733
G1 F1500 X142.346 Y96.424 E2166.20316
G0 F9000 X142.517 Y96.13
G0 X141.263 Y94.477
G1 F1239.7 X137.621 Y88.146 E2166.4971
G0 F9000 X141.785 Y95.013
G0 X142.441 Y94.839
G0 X142.695 Y94.125
G1 F991.7 X142.7 Y80.5 E2167.18252
G0 F9000 X143.034 Y79.585
G1 F1282.1 X143.291 Y79.471 E2167.19346
G1 X151.709 Y79.471 E2167.52104
G1 F1284.8 X151.967 Y79.585 E2167.53199
G1 X151.967 Y79.005 E2167.55451
G1 F1282.1 X143.034 Y79.006 E2167.90214
G1 X143.034 Y79.585 E2167.92467
G0 F9000 X142.7 Y80.5
G1 F1200 X143.002 Y80.05 E2167.9472
G1 F1500 X143.337 Y79.903 E2167.95937
G1 X151.663 Y79.902 E2168.23629
G1 X151.998 Y80.05 E2168.24847
G1 F1200 X152.3 Y80.5 E2168.271
G1 X152.4 Y79.869 E2168.29756
G1 F1500 X152.4 Y78.572 E2168.3407
G1 X142.6 Y78.572 E2168.66665
G1 X142.6 Y79.869 E2168.70979
G1 F1200 X142.7 Y80.5 E2168.73635
G0 F9000 X142.962 Y80.062
G0 X152.038 Y80.062
G0 X152.3 Y80.5
G1 F991.7 X152.305 Y94.125 E2169.42177
G0 F9000 X152.559 Y94.839
G0 X153.215 Y95.013
G0 X153.793 Y94.382
G1 F1271.2 X155.584 Y91.265 E2169.56286
G1 F1229.5 X157.376 Y88.148 E2169.70875
G0 F9000 X153.215 Y95.013
G0 X152.578 Y95.794
G1 F1694.9 X153.025 Y95.021 E2169.73504
G1 X152.752 Y94.95 E2169.74334
G1 X152.578 Y94.76 E2169.75092
G1 X152.578 Y95.794 E2169.78136
G0 F9000 X152.2 Y96.424
G1 F1500 X152.649 Y96.424 E2169.79629
G1 X153.336 Y95.235 E2169.84197
G1 F1388.9 X153.793 Y94.382 E2169.87673
G1 X153.091 Y94.649 E2169.90371
G1 F1500 X152.847 Y94.585 E2169.9121
G1 F1188.1 X152.305 Y94.125 E2169.94195
G1 F1075.3 X152.253 Y94.605 E2169.96435
G1 F1327.4 X152.201 Y95.085 E2169.98249
G1 F1500 X152.2 Y96.424 E2170.02703
G1 F2700 E2165.02703
G0 F9000 X152.48 Y96.146
G0 X152.038 Y80.062
G0 X142.962 Y80.062
G0 X142.955 Y89.385
G0 X142.287 Y96.53
G0 X142.116 Y96.824
;TYPE:WALL-OUTER
G1 F2700 E2170.02703
G1 F1500 X143.2 Y96.824 E2170.06308
G1 X143.2 Y80.5 E2170.60602
G1 X143.267 Y80.35 E2170.61149
G1 X143.379 Y80.301 E2170.61555
G1 X151.621 Y80.3 E2170.88968
G1 X151.733 Y80.35 E2170.89376
G1 X151.8 Y80.5 E2170.89923
G1 X151.8 Y96.824 E2171.44216
G1 X152.88 Y96.824 E2171.47808
G1 X158.151 Y87.701 E2171.82852
G1 X157.117 Y87.7 E2171.86291
G1 X153.418 Y94.168 E2172.11073
G1 X153.193 Y94.262 E2172.11884
G1 X152.949 Y94.198 E2172.12723
G1 X152.802 Y94.039 E2172.13444
G1 X152.8 Y78.172 E2172.66218
G1 X142.2 Y78.172 E2173.01473
G1 X142.198 Y94.039 E2173.54247
G1 X142.05 Y94.198 E2173.5497
G1 X141.802 Y94.262 E2173.55821
G1 X141.598 Y94.197 E2173.56534
G1 X137.88 Y87.7 E2173.81431
G1 X136.848 Y87.7 E2173.84863
G1 X142.116 Y96.824 E2174.19905
G1 F2700 E2169.19905
;MESH:NONMESH
G0 F300 X142.116 Y96.824 Z9.2
G0 F9000 X142.287 Y96.53
G0 X137.227 Y87.92
G0 X136.289 Y88.463
G0 X98.88 Y86.841
G0 X96.617 Y86.841
G0 X93.665 Y87.92
G0 X82.7 Y80.5
;TIME_ELAPSED:3902.559170
;LAYER:45
;TYPE:WALL-INNER
;MESH:batclipholder.stl(1)
G1 F2700 E2174.19905
G1 F991.7 X82.695 Y94.125 E2174.88447
G0 F9000 X82.441 Y94.839
G0 X81.785 Y95.013
G0 X81.263 Y94.477
G1 F1239.7 X77.621 Y88.146 E2175.17841
G0 F9000 X81.785 Y95.013
G0 X82.422 Y95.799
G1 F1685.4 X82.422 Y94.76 E2175.20916
G1 X82.245 Y94.952 E2175.21689
G1 X81.973 Y95.021 E2175.2252
G1 X82.422 Y95.799 E2175.25179
G0 F9000 X82.8 Y96.424
G1 F1500 X82.8 Y95.089 E2175.29619
G1 F1327.4 X82.748 Y94.607 E2175.31441
G1 F1075.3 X82.695 Y94.125 E2175.33691
G1 F1188.1 X82.15 Y94.586 E2175.36689
G1 F1500 X81.902 Y94.649 E2175.3754
G1 F1373 X81.263 Y94.477 E2175.39944
G1 X81.658 Y95.23 E2175.43034
G1 F1500 X82.346 Y96.424 E2175.47617
G1 X82.8 Y96.424 E2175.49127
G1 F2700 E2170.49127
G0 F9000 X82.52 Y96.146
G0 X82.962 Y80.062
G0 X92.038 Y80.062
G0 X92.305 Y94.125
G1 F2700 E2175.49127
G1 F991.7 X92.3 Y80.5 E2176.17669
G0 F9000 X91.967 Y79.585
G1 F1284.8 X91.967 Y79.005 E2176.19921
G1 F1282.1 X83.034 Y79.006 E2176.54684
G1 X83.034 Y79.585 E2176.56937
G1 X83.291 Y79.471 E2176.58031
G1 X91.709 Y79.471 E2176.90789
G1 F1284.8 X91.967 Y79.585 E2176.91884
G0 F9000 X92.3 Y80.5
G1 F1200 X92.4 Y79.869 E2176.9454
G1 F1500 X92.4 Y78.572 E2176.98854
G1 X82.6 Y78.572 E2177.31449
G1 X82.6 Y79.869 E2177.35763
G1 F1200 X82.7 Y80.5 E2177.38419
G1 X83.002 Y80.05 E2177.40672
G1 F1500 X83.337 Y79.903 E2177.41889
G1 X91.663 Y79.902 E2177.69581
G1 X91.998 Y80.05 E2177.708
G1 F1200 X92.3 Y80.5 E2177.73053
G0 F9000 X92.559 Y94.839
G0 X93.215 Y95.013
G0 X97.376 Y88.148
G1 F1229.5 X95.584 Y91.265 E2177.87642
G1 F1271.2 X93.793 Y94.382 E2178.01751
G0 F9000 X92.578 Y95.794
G1 F1694.9 X93.025 Y95.021 E2178.04379
G1 X92.752 Y94.95 E2178.0521
G1 X92.578 Y94.76 E2178.05968
G1 X92.578 Y95.794 E2178.09012
G0 F9000 X92.649 Y96.424
G1 F1500 X93.336 Y95.235 E2178.13579
G1 F1388.9 X93.793 Y94.382 E2178.17055
G1 X93.091 Y94.649 E2178.19753
G1 F1500 X92.847 Y94.585 E2178.20592
G1 F1188.1 X92.305 Y94.125 E2178.23577
G1 F1075.3 X92.253 Y94.605 E2178.25817
G1 F1327.4 X92.201 Y95.085 E2178.27632
G1 F1500 X92.2 Y96.424 E2178.32085
G1 X92.649 Y96.424 E2178.33579
G0 F9000 X92.88 Y96.824
;TYPE:WALL-OUTER
G1 F1500 X98.151 Y87.701 E2178.68622
G1 X97.117 Y87.7 E2178.72061
G1 X93.418 Y94.168 E2178.96844
G1 X93.193 Y94.262 E2178.97655
G1 X92.949 Y94.198 E2178.98494
G1 X92.802 Y94.039 E2178.99214
G1 X92.8 Y78.172 E2179.51988
G1 X82.2 Y78.172 E2179.87243
G1 X82.198 Y94.039 E2180.40017
G1 X82.05 Y94.198 E2180.4074
G1 X81.802 Y94.262 E2180.41592
G1 X81.598 Y94.197 E2180.42304
G1 X77.88 Y87.7 E2180.67201
G1 X76.848 Y87.7 E2180.70633
G1 X82.116 Y96.824 E2181.05675
G1 X83.2 Y96.824 E2181.0928
G1 X83.2 Y80.5 E2181.63574
G1 X83.267 Y80.35 E2181.64121
G1 X83.379 Y80.301 E2181.64527
G1 X91.621 Y80.3 E2181.9194
G1 X91.733 Y80.35 E2181.92348
G1 X91.8 Y80.5 E2181.92895
G1 X91.8 Y96.824 E2182.47188
G1 X92.88 Y96.824 E2182.50781
G1 F2700 E2177.50781
;MESH:batclipholder.stl
G0 F9000 X92.713 Y96.53
G0 X92.024 Y96.602
G0 X92.024 Y97.691
G0 X92.024 Y137.309
G0 X92.024 Y138.404
G0 X91.967 Y139.585
;TYPE:WALL-INNER
G1 F2700 E2182.50781
G1 F1284.8 X91.967 Y139.005 E2182.53033
G1 F1282.1 X83.034 Y139.006 E2182.87795
G1 X83.034 Y139.585 E2182.90048
G1 X83.291 Y139.471 E2182.91142
G1 X91.709 Y139.471 E2183.239
G1 F1284.8 X91.967 Y139.585 E2183.24996
G0 F9000 X92.3 Y140.5
G1 F1200 X92.4 Y139.869 E2183.27652
G1 F1500 X92.4 Y138.572 E2183.31966
G1 X82.6 Y138.572 E2183.6456
G1 X82.6 Y139.869 E2183.68874
G1 F1200 X82.7 Y140.5 E2183.7153
G1 X83.002 Y140.05 E2183.73784
G1 F1500 X83.337 Y139.903 E2183.75
G1 X91.663 Y139.902 E2184.02693
G1 X91.998 Y140.05 E2184.03911
G1 F1200 X92.3 Y140.5 E2184.06164
G1 F991.7 X92.305 Y154.125 E2184.74706
G0 F9000 X92.559 Y154.839
G0 X93.215 Y155.013
G0 X93.793 Y154.382
G1 F1271.2 X95.584 Y151.265 E2184.88815
G1 F1229.5 X97.376 Y148.148 E2185.03404
G0 F9000 X93.215 Y155.013
G0 X92.578 Y155.794
G1 F1694.9 X93.025 Y155.021 E2185.06032
G1 X92.752 Y154.95 E2185.06863
G1 X92.578 Y154.76 E2185.07621
G1 X92.578 Y155.794 E2185.10665
G0 F9000 X92.649 Y156.424
G1 F1500 X93.336 Y155.235 E2185.15232
G1 F1388.9 X93.793 Y154.382 E2185.18708
G1 X93.091 Y154.649 E2185.21406
G1 F1500 X92.847 Y154.585 E2185.22245
G1 F1188.1 X92.305 Y154.125 E2185.2523
G1 F1075.3 X92.253 Y154.605 E2185.2747
G1 F1327.4 X92.201 Y155.085 E2185.29285
G1 F1500 X92.2 Y156.424 E2185.33738
G1 X92.649 Y156.424 E2185.35232
G1 F2700 E2180.35232
G0 F9000 X92.483 Y156.13
G0 X92.038 Y140.062
G0 X82.962 Y140.062
G0 X82.695 Y154.125
G1 F2700 E2185.35232
G1 F991.7 X82.7 Y140.5 E2186.03774
G0 F9000 X82.441 Y154.839
G0 X81.785 Y155.013
G0 X77.621 Y148.146
G1 F1239.7 X81.263 Y154.477 E2186.33168
G0 F9000 X82.422 Y155.799
G1 F1685.4 X82.422 Y154.76 E2186.36243
G1 X82.245 Y154.952 E2186.37016
G1 X81.973 Y155.021 E2186.37847
G1 X82.422 Y155.799 E2186.40506
G0 F9000 X82.8 Y156.424
G1 F1500 X82.8 Y155.089 E2186.44946
G1 F1327.4 X82.748 Y154.607 E2186.46768
G1 F1075.3 X82.695 Y154.125 E2186.49018
G1 F1188.1 X82.15 Y154.586 E2186.52015
G1 F1500 X81.902 Y154.649 E2186.52866
G1 F1373 X81.263 Y154.477 E2186.55271
G1 X81.658 Y155.23 E2186.58361
G1 F1500 X82.346 Y156.424 E2186.62944
G1 X82.8 Y156.424 E2186.64454
G1 F2700 E2181.64454
G0 F9000 X82.52 Y156.146
G0 X82.962 Y140.062
G0 X92.038 Y140.062
G0 X92.045 Y149.385
G0 X92.713 Y156.53
G0 X92.88 Y156.824
;TYPE:WALL-OUTER
G1 F2700 E2186.64454
G1 F1500 X98.151 Y147.701 E2186.99498
G1 X97.117 Y147.7 E2187.02937
G1 X93.418 Y154.168 E2187.27719
G1 X93.193 Y154.262 E2187.2853
G1 X92.949 Y154.198 E2187.29369
G1 X92.802 Y154.039 E2187.30089
G1 X92.8 Y138.172 E2187.82863
G1 X82.2 Y138.172 E2188.18119
G1 X82.198 Y154.039 E2188.70893
G1 X82.05 Y154.198 E2188.71615
G1 X81.802 Y154.262 E2188.72467
G1 X81.598 Y154.197 E2188.73179
G1 X77.88 Y147.7 E2188.98077
G1 X76.848 Y147.7 E2189.01509
G1 X82.116 Y156.824 E2189.36551
G1 X83.2 Y156.824 E2189.40156
G1 X83.2 Y140.5 E2189.9445
G1 X83.267 Y140.35 E2189.94996
G1 X83.379 Y140.301 E2189.95403
G1 X91.621 Y140.3 E2190.22816
G1 X91.733 Y140.35 E2190.23224
G1 X91.8 Y140.5 E2190.2377
G1 X91.8 Y156.824 E2190.78064
G1 X92.88 Y156.824 E2190.81656
G1 F2700 E2185.81656
;MESH:batclipholder.stl(3)
G0 F9000 X92.713 Y156.53
G0 X97.773 Y147.92
G0 X98.712 Y148.462
G0 X136.289 Y148.463
G0 X137.621 Y148.146
;TYPE:WALL-INNER
G1 F2700 E2190.81656
G1 F1239.7 X141.263 Y154.477 E2191.1105
G0 F9000 X141.785 Y155.013
G0 X142.441 Y154.839
G0 X142.695 Y154.125
G1 F991.7 X142.7 Y140.5 E2191.79592
G0 F9000 X143.034 Y139.585
G1 F1282.1 X143.291 Y139.471 E2191.80686
G1 X151.709 Y139.471 E2192.13444
G1 F1284.8 X151.967 Y139.585 E2192.1454
G1 X151.967 Y139.005 E2192.16792
G1 F1282.1 X143.034 Y139.006 E2192.51554
G1 X143.034 Y139.585 E2192.53807
G0 F9000 X142.7 Y140.5
G1 F1200 X143.002 Y140.05 E2192.5606
G1 F1500 X143.337 Y139.903 E2192.57277
G1 X151.663 Y139.902 E2192.84969
G1 X151.998 Y140.05 E2192.86188
G1 F1200 X152.3 Y140.5 E2192.88441
G1 X152.4 Y139.869 E2192.91097
G1 F1500 X152.4 Y138.572 E2192.95411
G1 X142.6 Y138.572 E2193.28006
G1 X142.6 Y139.869 E2193.32319
G1 F1200 X142.7 Y140.5 E2193.34976
G0 F9000 X142.962 Y140.062
G0 X152.038 Y140.062
G0 X152.3 Y140.5
G1 F991.7 X152.305 Y154.125 E2194.03517
G0 F9000 X152.559 Y154.839
G0 X153.215 Y155.013
G0 X153.793 Y154.382
G1 F1271.2 X155.584 Y151.265 E2194.17626
G1 F1229.5 X157.376 Y148.148 E2194.32216
G0 F9000 X153.215 Y155.013
G0 X152.578 Y155.794
G1 F1694.9 X153.025 Y155.021 E2194.34844
G1 X152.752 Y154.95 E2194.35674
G1 X152.578 Y154.76 E2194.36433
G1 X152.578 Y155.794 E2194.39476
G0 F9000 X152.2 Y156.424
G1 F1500 X152.649 Y156.424 E2194.4097
G1 X153.336 Y155.235 E2194.45537
G1 F1388.9 X153.793 Y154.382 E2194.49013
G1 X153.091 Y154.649 E2194.51711
G1 F1500 X152.847 Y154.585 E2194.5255
G1 F1188.1 X152.305 Y154.125 E2194.55535
G1 F1075.3 X152.253 Y154.605 E2194.57775
G1 F1327.4 X152.201 Y155.085 E2194.5959
G1 F1500 X152.2 Y156.424 E2194.64043
G1 F2700 E2189.64043
G0 F9000 X152.48 Y156.146
G0 X152.038 Y140.062
G0 X142.962 Y140.062
G0 X142.422 Y155.799
G1 F2700 E2194.64043
G1 F1685.4 X142.422 Y154.76 E2194.67119
G1 X142.245 Y154.952 E2194.67892
G1 X141.973 Y155.021 E2194.68722
G1 X142.422 Y155.799 E2194.71381
G0 F9000 X142.346 Y156.424
G1 F1500 X142.8 Y156.424 E2194.72891
G1 X142.8 Y155.089 E2194.77332
G1 F1327.4 X142.748 Y154.607 E2194.79154
G1 F1075.3 X142.695 Y154.125 E2194.81404
G1 F1188.1 X142.15 Y154.586 E2194.84401
G1 F1500 X141.902 Y154.649 E2194.85252
G1 F1373 X141.263 Y154.477 E2194.87657
G1 X141.658 Y155.23 E2194.90746
G1 F1500 X142.346 Y156.424 E2194.9533
G0 F9000 X142.116 Y156.824
;TYPE:WALL-OUTER
G1 F1500 X143.2 Y156.824 E2194.98935
G1 X143.2 Y140.5 E2195.53229
G1 X143.267 Y140.35 E2195.53775
G1 X143.379 Y140.301 E2195.54182
G1 X151.621 Y140.3 E2195.81595
G1 X151.733 Y140.35 E2195.82003
G1 X151.8 Y140.5 E2195.82549
G1 X151.8 Y156.824 E2196.36843
G1 X152.88 Y156.824 E2196.40435
G1 X158.151 Y147.701 E2196.75479
G1 X157.117 Y147.7 E2196.78918
G1 X153.418 Y154.168 E2197.037
G1 X153.193 Y154.262 E2197.04511
G1 X152.949 Y154.198 E2197.0535
G1 X152.802 Y154.039 E2197.06071
G1 X152.8 Y138.172 E2197.58844
G1 X142.2 Y138.172 E2197.941
G1 X142.198 Y154.039 E2198.46874
G1 X142.05 Y154.198 E2198.47597
G1 X141.802 Y154.262 E2198.48448
G1 X141.598 Y154.197 E2198.49161
G1 X137.88 Y147.7 E2198.74058
G1 X136.848 Y147.7 E2198.7749
G1 X142.116 Y156.824 E2199.12532
G1 F2700 E2194.12532
;MESH:batclipholder.stl(2)
G0 F9000 X142.287 Y156.53
G0 X142.412 Y155.16
G0 X142.424 Y138.398
G0 X142.424 Y137.309
G0 X142.424 Y97.691
G0 X142.424 Y96.596
G0 X142.422 Y95.799
;TYPE:WALL-INNER
G1 F2700 E2199.12532
G1 F1685.4 X142.422 Y94.76 E2199.15607
G1 X142.245 Y94.952 E2199.1638
G1 X141.973 Y95.021 E2199.17211
G1 X142.422 Y95.799 E2199.1987
G0 F9000 X142.346 Y96.424
G1 F1500 X142.8 Y96.424 E2199.2138
G1 X142.8 Y95.089 E2199.2582
G1 F1327.4 X142.748 Y94.607 E2199.27642
G1 F1075.3 X142.695 Y94.125 E2199.29892
G1 F1188.1 X142.15 Y94.586 E2199.3289
G1 F1500 X141.902 Y94.649 E2199.33741
G1 F1373 X141.263 Y94.477 E2199.36145
G1 X141.658 Y95.23 E2199.39235
G1 F1500 X142.346 Y96.424 E2199.43818
G0 F9000 X142.517 Y96.13
G0 X141.263 Y94.477
G1 F1239.7 X137.621 Y88.146 E2199.73212
G0 F9000 X141.785 Y95.013
G0 X142.441 Y94.839
G0 X142.695 Y94.125
G1 F991.7 X142.7 Y80.5 E2200.41754
G0 F9000 X143.034 Y79.585
G1 F1282.1 X143.291 Y79.471 E2200.42848
G1 X151.709 Y79.471 E2200.75606
G1 F1284.8 X151.967 Y79.585 E2200.76702
G1 X151.967 Y79.005 E2200.78954
G1 F1282.1 X143.034 Y79.006 E2201.13716
G1 X143.034 Y79.585 E2201.15969
G0 F9000 X142.7 Y80.5
G1 F1200 X143.002 Y80.05 E2201.18222
G1 F1500 X143.337 Y79.903 E2201.19439
G1 X151.663 Y79.902 E2201.47132
G1 X151.998 Y80.05 E2201.4835
G1 F1200 X152.3 Y80.5 E2201.50603
G1 X152.4 Y79.869 E2201.53259
G1 F1500 X152.4 Y78.572 E2201.57573
G1 X142.6 Y78.572 E2201.90168
G1 X142.6 Y79.869 E2201.94482
G1 F1200 X142.7 Y80.5 E2201.97138
G0 F9000 X142.962 Y80.062
G0 X152.038 Y80.062
G0 X152.3 Y80.5
G1 F991.7 X152.305 Y94.125 E2202.6568
G0 F9000 X152.559 Y94.839
G0 X153.215 Y95.013
G0 X153.793 Y94.382
G1 F1271.2 X155.584 Y91.265 E2202.79789
G1 F1229.5 X157.376 Y88.148 E2202.94378
G0 F9000 X153.215 Y95.013
G0 X152.578 Y95.794
G1 F1694.9 X153.025 Y95.021 E2202.97006
G1 X152.752 Y94.95 E2202.97836
G1 X152.578 Y94.76 E2202.98595
G1 X152.578 Y95.794 E2203.01638
G0 F9000 X152.2 Y96.424
G1 F1500 X152.649 Y96.424 E2203.03132
G1 X153.336 Y95.235 E2203.07699
G1 F1388.9 X153.793 Y94.382 E2203.11175
G1 X153.091 Y94.649 E2203.13873
G1 F1500 X152.847 Y94.585 E2203.14712
G1 F1188.1 X152.305 Y94.125 E2203.17697
G1 F1075.3 X152.253 Y94.605 E2203.19937
G1 F1327.4 X152.201 Y95.085 E2203.21752
G1 F1500 X152.2 Y96.424 E2203.26205
G1 F2700 E2198.26205
G0 F9000 X152.48 Y96.146
G0 X152.038 Y80.062
G0 X142.962 Y80.062
G0 X142.955 Y89.385
G0 X142.287 Y96.53
G0 X142.116 Y96.824
;TYPE:WALL-OUTER
G1 F2700 E2203.26205
G1 F1500 X143.2 Y96.824 E2203.29811
G1 X143.2 Y80.5 E2203.84105
G1 X143.267 Y80.35 E2203.84651
G1 X143.379 Y80.301 E2203.85058
G1 X151.621 Y80.3 E2204.12471
G1 X151.733 Y80.35 E2204.12879
G1 X151.8 Y80.5 E2204.13425
G1 X151.8 Y96.824 E2204.67719
G1 X152.88 Y96.824 E2204.71311
G1 X158.151 Y87.701 E2205.06355
G1 X157.117 Y87.7 E2205.09794
G1 X153.418 Y94.168 E2205.34576
G1 X153.193 Y94.262 E2205.35387
G1 X152.949 Y94.198 E2205.36226
G1 X152.802 Y94.039 E2205.36946
G1 X152.8 Y78.172 E2205.8972
G1 X142.2 Y78.172 E2206.24976
G1 X142.198 Y94.039 E2206.7775
G1 X142.05 Y94.198 E2206.78472
G1 X141.802 Y94.262 E2206.79324
G1 X141.598 Y94.197 E2206.80036
G1 X137.88 Y87.7 E2207.04933
G1 X136.848 Y87.7 E2207.08366
G1 X142.116 Y96.824 E2207.43407
G1 F2700 E2202.43407
;MESH:NONMESH
G0 F300 X142.116 Y96.824 Z9.4
G0 F9000 X142.287 Y96.53
G0 X137.227 Y87.92
G0 X136.289 Y88.463
G0 X98.88 Y86.841
G0 X96.617 Y86.841
G0 X93.665 Y87.92
G0 X82.7 Y80.5
;TIME_ELAPSED:3962.969847
;LAYER:46
;TYPE:WALL-INNER
;MESH:batclipholder.stl(1)
G1 F2700 E2207.43407
G1 F991.7 X82.695 Y94.125 E2208.11949
G0 F9000 X82.441 Y94.839
G0 X81.785 Y95.013
G0 X81.263 Y94.477
G1 F1239.7 X77.621 Y88.146 E2208.41343
G0 F9000 X81.785 Y95.013
G0 X82.422 Y95.799
G1 F1685.4 X82.422 Y94.76 E2208.44419
G1 X82.245 Y94.952 E2208.45192
G1 X81.973 Y95.021 E2208.46023
G1 X82.422 Y95.799 E2208.48682
G0 F9000 X82.8 Y96.424
G1 F1500 X82.8 Y95.089 E2208.53122
G1 F1327.4 X82.748 Y94.607 E2208.54944
G1 F1075.3 X82.695 Y94.125 E2208.57194
G1 F1188.1 X82.15 Y94.586 E2208.60191
G1 F1500 X81.902 Y94.649 E2208.61042
G1 F1373 X81.263 Y94.477 E2208.63447
G1 X81.658 Y95.23 E2208.66537
G1 F1500 X82.346 Y96.424 E2208.7112
G1 X82.8 Y96.424 E2208.7263
G1 F2700 E2203.7263
G0 F9000 X82.52 Y96.146
G0 X82.962 Y80.062
G0 X92.038 Y80.062
G0 X92.305 Y94.125
G1 F2700 E2208.7263
G1 F991.7 X92.3 Y80.5 E2209.41172
G0 F9000 X91.967 Y79.585
G1 F1284.8 X91.967 Y79.005 E2209.43424
G1 F1282.1 X83.034 Y79.006 E2209.78186
G1 X83.034 Y79.585 E2209.80439
G1 X83.291 Y79.471 E2209.81533
G1 X91.709 Y79.471 E2210.14292
G1 F1284.8 X91.967 Y79.585 E2210.15387
G0 F9000 X92.3 Y80.5
G1 F1200 X92.4 Y79.869 E2210.18043
G1 F1500 X92.4 Y78.572 E2210.22357
G1 X82.6 Y78.572 E2210.54952
G1 X82.6 Y79.869 E2210.59266
G1 F1200 X82.7 Y80.5 E2210.61922
G1 X83.002 Y80.05 E2210.64175
G1 F1500 X83.337 Y79.903 E2210.65392
G1 X91.663 Y79.902 E2210.93084
G1 X91.998 Y80.05 E2210.94302
G1 F1200 X92.3 Y80.5 E2210.96555
G0 F9000 X92.559 Y94.839
G0 X93.215 Y95.013
G0 X97.376 Y88.148
G1 F1229.5 X95.584 Y91.265 E2211.11144
G1 F1271.2 X93.793 Y94.382 E2211.25253
G0 F9000 X92.578 Y95.794
G1 F1694.9 X93.025 Y95.021 E2211.27882
G1 X92.752 Y94.95 E2211.28712
G1 X92.578 Y94.76 E2211.2947
G1 X92.578 Y95.794 E2211.32514
G0 F9000 X92.649 Y96.424
G1 F1500 X93.336 Y95.235 E2211.37081
G1 F1388.9 X93.793 Y94.382 E2211.40557
G1 X93.091 Y94.649 E2211.43255
G1 F1500 X92.847 Y94.585 E2211.44094
G1 F1188.1 X92.305 Y94.125 E2211.47079
G1 F1075.3 X92.253 Y94.605 E2211.4932
G1 F1327.4 X92.201 Y95.085 E2211.51134
G1 F1500 X92.2 Y96.424 E2211.55588
G1 X92.649 Y96.424 E2211.57081
G0 F9000 X92.88 Y96.824
;TYPE:WALL-OUTER
G1 F1500 X98.151 Y87.701 E2211.92125
G1 X97.117 Y87.7 E2211.95564
G1 X93.418 Y94.168 E2212.20346
G1 X93.193 Y94.262 E2212.21157
G1 X92.949 Y94.198 E2212.21996
G1 X92.802 Y94.039 E2212.22716
G1 X92.8 Y78.172 E2212.7549
G1 X82.2 Y78.172 E2213.10746
G1 X82.198 Y94.039 E2213.6352
G1 X82.05 Y94.198 E2213.64242
G1 X81.802 Y94.262 E2213.65094
G1 X81.598 Y94.197 E2213.65806
G1 X77.88 Y87.7 E2213.90703
G1 X76.848 Y87.7 E2213.94136
G1 X82.116 Y96.824 E2214.29178
G1 X83.2 Y96.824 E2214.32783
G1 X83.2 Y80.5 E2214.87077
G1 X83.267 Y80.35 E2214.87623
G1 X83.379 Y80.301 E2214.8803
G1 X91.621 Y80.3 E2215.15443
G1 X91.733 Y80.35 E2215.15851
G1 X91.8 Y80.5 E2215.16397
G1 X91.8 Y96.824 E2215.70691
G1 X92.88 Y96.824 E2215.74283
G1 F2700 E2210.74283
;MESH:batclipholder.stl
G0 F9000 X92.713 Y96.53
G0 X92.024 Y96.602
G0 X92.024 Y97.691
G0 X92.024 Y137.309
G0 X92.024 Y138.404
G0 X91.967 Y139.585
;TYPE:WALL-INNER
G1 F2700 E2215.74283
G1 F1284.8 X91.967 Y139.005 E2215.76535
G1 F1282.1 X83.034 Y139.006 E2216.11297
G1 X83.034 Y139.585 E2216.13551
G1 X83.291 Y139.471 E2216.14645
G1 X91.709 Y139.471 E2216.47403
G1 F1284.8 X91.967 Y139.585 E2216.48498
G0 F9000 X92.3 Y140.5
G1 F1200 X92.4 Y139.869 E2216.51154
G1 F1500 X92.4 Y138.572 E2216.55468
G1 X82.6 Y138.572 E2216.88063
G1 X82.6 Y139.869 E2216.92377
G1 F1200 X82.7 Y140.5 E2216.95033
G1 X83.002 Y140.05 E2216.97286
G1 F1500 X83.337 Y139.903 E2216.98503
G1 X91.663 Y139.902 E2217.26195
G1 X91.998 Y140.05 E2217.27413
G1 F1200 X92.3 Y140.5 E2217.29667
G1 F991.7 X92.305 Y154.125 E2217.98208
G0 F9000 X92.559 Y154.839
G0 X93.215 Y155.013
G0 X93.793 Y154.382
G1 F1271.2 X95.584 Y151.265 E2218.12317
G1 F1229.5 X97.376 Y148.148 E2218.26907
G0 F9000 X93.215 Y155.013
G0 X92.578 Y155.794
G1 F1694.9 X93.025 Y155.021 E2218.29535
G1 X92.752 Y154.95 E2218.30365
G1 X92.578 Y154.76 E2218.31124
G1 X92.578 Y155.794 E2218.34167
G0 F9000 X92.649 Y156.424
G1 F1500 X93.336 Y155.235 E2218.38734
G1 F1388.9 X93.793 Y154.382 E2218.42211
G1 X93.091 Y154.649 E2218.44908
G1 F1500 X92.847 Y154.585 E2218.45747
G1 F1188.1 X92.305 Y154.125 E2218.48733
G1 F1075.3 X92.253 Y154.605 E2218.50973
G1 F1327.4 X92.201 Y155.085 E2218.52787
G1 F1500 X92.2 Y156.424 E2218.57241
G1 X92.649 Y156.424 E2218.58734
G1 F2700 E2213.58734
G0 F9000 X92.483 Y156.13
G0 X92.038 Y140.062
G0 X82.962 Y140.062
G0 X82.695 Y154.125
G1 F2700 E2218.58734
G1 F991.7 X82.7 Y140.5 E2219.27276
G0 F9000 X82.441 Y154.839
G0 X81.785 Y155.013
G0 X77.621 Y148.146
G1 F1239.7 X81.263 Y154.477 E2219.5667
G0 F9000 X82.422 Y155.799
G1 F1685.4 X82.422 Y154.76 E2219.59746
G1 X82.245 Y154.952 E2219.60519
G1 X81.973 Y155.021 E2219.61349
G1 X82.422 Y155.799 E2219.64008
G0 F9000 X82.8 Y156.424
G1 F1500 X82.8 Y155.089 E2219.68449
G1 F1327.4 X82.748 Y154.607 E2219.70271
G1 F1075.3 X82.695 Y154.125 E2219.72521
G1 F1188.1 X82.15 Y154.586 E2219.75518
G1 F1500 X81.902 Y154.649 E2219.76369
G1 F1373 X81.263 Y154.477 E2219.78774
G1 X81.658 Y155.23 E2219.81863
G1 F1500 X82.346 Y156.424 E2219.86447
G1 X82.8 Y156.424 E2219.87957
G1 F2700 E2214.87957
G0 F9000 X82.52 Y156.146
G0 X82.962 Y140.062
G0 X92.038 Y140.062
G0 X92.045 Y149.385
G0 X92.713 Y156.53
G0 X92.88 Y156.824
;TYPE:WALL-OUTER
G1 F2700 E2219.87957
G1 F1500 X98.151 Y147.701 E2220.23
G1 X97.117 Y147.7 E2220.26439
G1 X93.418 Y154.168 E2220.51222
G1 X93.193 Y154.262 E2220.52033
G1 X92.949 Y154.198 E2220.52872
G1 X92.802 Y154.039 E2220.53592
G1 X92.8 Y138.172 E2221.06366
G1 X82.2 Y138.172 E2221.41622
G1 X82.198 Y154.039 E2221.94395
G1 X82.05 Y154.198 E2221.95118
G1 X81.802 Y154.262 E2221.9597
G1 X81.598 Y154.197 E2221.96682
G1 X77.88 Y147.7 E2222.21579
G1 X76.848 Y147.7 E2222.25012
G1 X82.116 Y156.824 E2222.60053
G1 X83.2 Y156.824 E2222.63659
G1 X83.2 Y140.5 E2223.17952
G1 X83.267 Y140.35 E2223.18499
G1 X83.379 Y140.301 E2223.18905
G1 X91.621 Y140.3 E2223.46318
G1 X91.733 Y140.35 E2223.46726
G1 X91.8 Y140.5 E2223.47273
G1 X91.8 Y156.824 E2224.01567
G1 X92.88 Y156.824 E2224.05159
G1 F2700 E2219.05159
;MESH:batclipholder.stl(3)
G0 F9000 X92.713 Y156.53
G0 X97.773 Y147.92
G0 X98.712 Y148.462
G0 X136.289 Y148.463
G0 X137.621 Y148.146
;TYPE:WALL-INNER
G1 F2700 E2224.05159
G1 F1239.7 X141.263 Y154.477 E2224.34553
G0 F9000 X141.785 Y155.013
G0 X142.441 Y154.839
G0 X142.695 Y154.125
G1 F991.7 X142.7 Y140.5 E2225.03095
G0 F9000 X143.034 Y139.585
G1 F1282.1 X143.291 Y139.471 E2225.04189
G1 X151.709 Y139.471 E2225.36947
G1 F1284.8 X151.967 Y139.585 E2225.38042
G1 X151.967 Y139.005 E2225.40294
G1 F1282.1 X143.034 Y139.006 E2225.75056
G1 X143.034 Y139.585 E2225.7731
G0 F9000 X142.7 Y140.5
G1 F1200 X143.002 Y140.05 E2225.79563
G1 F1500 X143.337 Y139.903 E2225.8078
G1 X151.663 Y139.902 E2226.08472
G1 X151.998 Y140.05 E2226.0969
G1 F1200 X152.3 Y140.5 E2226.11943
G1 X152.4 Y139.869 E2226.14599
G1 F1500 X152.4 Y138.572 E2226.18913
G1 X142.6 Y138.572 E2226.51508
G1 X142.6 Y139.869 E2226.55822
G1 F1200 X142.7 Y140.5 E2226.58478
G0 F9000 X142.962 Y140.062
G0 X152.038 Y140.062
G0 X152.3 Y140.5
G1 F991.7 X152.305 Y154.125 E2227.2702
G0 F9000 X152.559 Y154.839
G0 X153.215 Y155.013
G0 X153.793 Y154.382
G1 F1271.2 X155.584 Y151.265 E2227.41129
G1 F1229.5 X157.376 Y148.148 E2227.55718
G0 F9000 X153.215 Y155.013
G0 X152.578 Y155.794
G1 F1694.9 X153.025 Y155.021 E2227.58346
G1 X152.752 Y154.95 E2227.59177
G1 X152.578 Y154.76 E2227.59935
G1 X152.578 Y155.794 E2227.62979
G0 F9000 X152.2 Y156.424
G1 F1500 X152.649 Y156.424 E2227.64472
G1 X153.336 Y155.235 E2227.69039
G1 F1388.9 X153.793 Y154.382 E2227.72515
G1 X153.091 Y154.649 E2227.75213
G1 F1500 X152.847 Y154.585 E2227.76052
G1 F1188.1 X152.305 Y154.125 E2227.79037
G1 F1075.3 X152.253 Y154.605 E2227.81278
G1 F1327.4 X152.201 Y155.085 E2227.83092
G1 F1500 X152.2 Y156.424 E2227.87546
G1 F2700 E2222.87546
G0 F9000 X152.48 Y156.146
G0 X152.038 Y140.062
G0 X142.962 Y140.062
G0 X142.422 Y155.799
G1 F2700 E2227.87546
G1 F1685.4 X142.422 Y154.76 E2227.90621
G1 X142.245 Y154.952 E2227.91394
G1 X141.973 Y155.021 E2227.92225
G1 X142.422 Y155.799 E2227.94884
G0 F9000 X142.346 Y156.424
G1 F1500 X142.8 Y156.424 E2227.96394
G1 X142.8 Y155.089 E2228.00834
G1 F1327.4 X142.748 Y154.607 E2228.02656
G1 F1075.3 X142.695 Y154.125 E2228.04906
G1 F1188.1 X142.15 Y154.586 E2228.07904
G1 F1500 X141.902 Y154.649 E2228.08755
G1 F1373 X141.263 Y154.477 E2228.11159
G1 X141.658 Y155.23 E2228.14249
G1 F1500 X142.346 Y156.424 E2228.18832
G0 F9000 X142.116 Y156.824
;TYPE:WALL-OUTER
G1 F1500 X143.2 Y156.824 E2228.22438
G1 X143.2 Y140.5 E2228.76732
G1 X143.267 Y140.35 E2228.77278
G1 X143.379 Y140.301 E2228.77685
G1 X151.621 Y140.3 E2229.05098
G1 X151.733 Y140.35 E2229.05506
G1 X151.8 Y140.5 E2229.06052
G1 X151.8 Y156.824 E2229.60346
G1 X152.88 Y156.824 E2229.63938
G1 X158.151 Y147.701 E2229.98982
G1 X157.117 Y147.7 E2230.02421
G1 X153.418 Y154.168 E2230.27203
G1 X153.193 Y154.262 E2230.28014
G1 X152.949 Y154.198 E2230.28853
G1 X152.802 Y154.039 E2230.29573
G1 X152.8 Y138.172 E2230.82347
G1 X142.2 Y138.172 E2231.17603
G1 X142.198 Y154.039 E2231.70377
G1 X142.05 Y154.198 E2231.71099
G1 X141.802 Y154.262 E2231.71951
G1 X141.598 Y154.197 E2231.72663
G1 X137.88 Y147.7 E2231.9756
G1 X136.848 Y147.7 E2232.00993
G1 X142.116 Y156.824 E2232.36034
G1 F2700 E2227.36034
;MESH:batclipholder.stl(2)
G0 F9000 X142.287 Y156.53
G0 X142.412 Y155.16
G0 X142.424 Y138.398
G0 X142.424 Y137.309
G0 X142.424 Y97.691
G0 X142.424 Y96.596
G0 X142.422 Y95.799
;TYPE:WALL-INNER
G1 F2700 E2232.36034
G1 F1685.4 X142.422 Y94.76 E2232.3911
G1 X142.245 Y94.952 E2232.39883
G1 X141.973 Y95.021 E2232.40714
G1 X142.422 Y95.799 E2232.43373
G0 F9000 X142.346 Y96.424
G1 F1500 X142.8 Y96.424 E2232.44883
G1 X142.8 Y95.089 E2232.49323
G1 F1327.4 X142.748 Y94.607 E2232.51145
G1 F1075.3 X142.695 Y94.125 E2232.53395
G1 F1188.1 X142.15 Y94.586 E2232.56392
G1 F1500 X141.902 Y94.649 E2232.57243
G1 F1373 X141.263 Y94.477 E2232.59648
G1 X141.658 Y95.23 E2232.62738
G1 F1500 X142.346 Y96.424 E2232.67321
G0 F9000 X142.517 Y96.13
G0 X141.263 Y94.477
G1 F1239.7 X137.621 Y88.146 E2232.96715
G0 F9000 X141.785 Y95.013
G0 X142.441 Y94.839
G0 X142.695 Y94.125
G1 F991.7 X142.7 Y80.5 E2233.65257
G0 F9000 X143.034 Y79.585
G1 F1282.1 X143.291 Y79.471 E2233.66351
G1 X151.709 Y79.471 E2233.99109
G1 F1284.8 X151.967 Y79.585 E2234.00204
G1 X151.967 Y79.005 E2234.02457
G1 F1282.1 X143.034 Y79.006 E2234.37219
G1 X143.034 Y79.585 E2234.39472
G0 F9000 X142.7 Y80.5
G1 F1200 X143.002 Y80.05 E2234.41725
G1 F1500 X143.337 Y79.903 E2234.42942
G1 X151.663 Y79.902 E2234.70634
G1 X151.998 Y80.05 E2234.71852
G1 F1200 X152.3 Y80.5 E2234.74105
G1 X152.4 Y79.869 E2234.76762
G1 F1500 X152.4 Y78.572 E2234.81075
G1 X142.6 Y78.572 E2235.1367
G1 X142.6 Y79.869 E2235.17984
G1 F1200 X142.7 Y80.5 E2235.2064
G0 F9000 X142.962 Y80.062
G0 X152.038 Y80.062
G0 X152.3 Y80.5
G1 F991.7 X152.305 Y94.125 E2235.89182
G0 F9000 X152.559 Y94.839
G0 X153.215 Y95.013
G0 X153.793 Y94.382
G1 F1271.2 X155.584 Y91.265 E2236.03291
G1 F1229.5 X157.376 Y88.148 E2236.1788
G0 F9000 X153.215 Y95.013
G0 X152.578 Y95.794
G1 F1694.9 X153.025 Y95.021 E2236.20509
G1 X152.752 Y94.95 E2236.21339
G1 X152.578 Y94.76 E2236.22097
G1 X152.578 Y95.794 E2236.25141
G0 F9000 X152.2 Y96.424
G1 F1500 X152.649 Y96.424 E2236.26634
G1 X153.336 Y95.235 E2236.31202
G1 F1388.9 X153.793 Y94.382 E2236.34678
G1 X153.091 Y94.649 E2236.37376
G1 F1500 X152.847 Y94.585 E2236.38215
G1 F1188.1 X152.305 Y94.125 E2236.412
G1 F1075.3 X152.253 Y94.605 E2236.4344
G1 F1327.4 X152.201 Y95.085 E2236.45254
G1 F1500 X152.2 Y96.424 E2236.49708
G1 F2700 E2231.49708
G0 F9000 X152.48 Y96.146
G0 X152.038 Y80.062
G0 X142.962 Y80.062
G0 X142.955 Y89.385
G0 X142.287 Y96.53
G0 X142.116 Y96.824
;TYPE:WALL-OUTER
G1 F2700 E2236.49708
G1 F1500 X143.2 Y96.824 E2236.53313
G1 X143.2 Y80.5 E2237.07607
G1 X143.267 Y80.35 E2237.08154
G1 X143.379 Y80.301 E2237.0856
G1 X151.621 Y80.3 E2237.35973
G1 X151.733 Y80.35 E2237.36381
G1 X151.8 Y80.5 E2237.36928
G1 X151.8 Y96.824 E2237.91221
G1 X152.88 Y96.824 E2237.94813
G1 X158.151 Y87.701 E2238.29857
G1 X157.117 Y87.7 E2238.33296
G1 X153.418 Y94.168 E2238.58078
G1 X153.193 Y94.262 E2238.5889
G1 X152.949 Y94.198 E2238.59729
G1 X152.802 Y94.039 E2238.60449
G1 X152.8 Y78.172 E2239.13223
G1 X142.2 Y78.172 E2239.48478
G1 X142.198 Y94.039 E2240.01252
G1 X142.05 Y94.198 E2240.01975
G1 X141.802 Y94.262 E2240.02827
G1 X141.598 Y94.197 E2240.03539
G1 X137.88 Y87.7 E2240.28436
G1 X136.848 Y87.7 E2240.31868
G1 X142.116 Y96.824 E2240.6691
G1 F2700 E2235.6691
;MESH:NONMESH
G0 F300 X142.116 Y96.824 Z9.6
G0 F9000 X142.287 Y96.53
G0 X137.227 Y87.92
G0 X136.289 Y88.463
G0 X98.88 Y86.841
G0 X96.617 Y86.841
G0 X93.665 Y87.92
G0 X82.7 Y80.5
;TIME_ELAPSED:4023.380524
;LAYER:47
;TYPE:WALL-INNER
;MESH:batclipholder.stl(1)
G1 F2700 E2240.6691
G1 F991.7 X82.695 Y94.125 E2241.35452
G0 F9000 X82.441 Y94.839
G0 X81.785 Y95.013
G0 X81.263 Y94.477
G1 F1239.7 X77.621 Y88.146 E2241.64846
G0 F9000 X81.785 Y95.013
G0 X82.422 Y95.799
G1 F1685.4 X82.422 Y94.76 E2241.67921
G1 X82.245 Y94.952 E2241.68694
G1 X81.973 Y95.021 E2241.69525
G1 X82.422 Y95.799 E2241.72184
G0 F9000 X82.8 Y96.424
G1 F1500 X82.8 Y95.089 E2241.76624
G1 F1327.4 X82.748 Y94.607 E2241.78446
G1 F1075.3 X82.695 Y94.125 E2241.80696
G1 F1188.1 X82.15 Y94.586 E2241.83694
G1 F1500 X81.902 Y94.649 E2241.84545
G1 F1373 X81.263 Y94.477 E2241.86949
G1 X81.658 Y95.23 E2241.90039
G1 F1500 X82.346 Y96.424 E2241.94622
G1 X82.8 Y96.424 E2241.96132
G1 F2700 E2236.96132
G0 F9000 X82.52 Y96.146
G0 X82.962 Y80.062
G0 X92.038 Y80.062
G0 X92.305 Y94.125
G1 F2700 E2241.96132
G1 F991.7 X92.3 Y80.5 E2242.64674
G0 F9000 X91.967 Y79.585
G1 F1284.8 X91.967 Y79.005 E2242.66927
G1 F1282.1 X83.034 Y79.006 E2243.01689
G1 X83.034 Y79.585 E2243.03942
G1 X83.291 Y79.471 E2243.05036
G1 X91.709 Y79.471 E2243.37794
G1 F1284.8 X91.967 Y79.585 E2243.38889
G0 F9000 X92.3 Y80.5
G1 F1200 X92.4 Y79.869 E2243.41545
G1 F1500 X92.4 Y78.572 E2243.45859
G1 X82.6 Y78.572 E2243.78454
G1 X82.6 Y79.869 E2243.82768
G1 F1200 X82.7 Y80.5 E2243.85424
G1 X83.002 Y80.05 E2243.87677
G1 F1500 X83.337 Y79.903 E2243.88894
G1 X91.663 Y79.902 E2244.16587
G1 X91.998 Y80.05 E2244.17805
G1 F1200 X92.3 Y80.5 E2244.20058
G0 F9000 X92.559 Y94.839
G0 X93.215 Y95.013
G0 X97.376 Y88.148
G1 F1229.5 X95.584 Y91.265 E2244.34647
G1 F1271.2 X93.793 Y94.382 E2244.48756
G0 F9000 X92.578 Y95.794
G1 F1694.9 X93.025 Y95.021 E2244.51384
G1 X92.752 Y94.95 E2244.52215
G1 X92.578 Y94.76 E2244.52973
G1 X92.578 Y95.794 E2244.56017
G0 F9000 X92.649 Y96.424
G1 F1500 X93.336 Y95.235 E2244.60584
G1 F1388.9 X93.793 Y94.382 E2244.6406
G1 X93.091 Y94.649 E2244.66758
G1 F1500 X92.847 Y94.585 E2244.67597
G1 F1188.1 X92.305 Y94.125 E2244.70582
G1 F1075.3 X92.253 Y94.605 E2244.72822
G1 F1327.4 X92.201 Y95.085 E2244.74637
G1 F1500 X92.2 Y96.424 E2244.7909
G1 X92.649 Y96.424 E2244.80584
G0 F9000 X92.88 Y96.824
;TYPE:WALL-OUTER
G1 F1500 X98.151 Y87.701 E2245.15627
G1 X97.117 Y87.7 E2245.19066
G1 X93.418 Y94.168 E2245.43849
G1 X93.193 Y94.262 E2245.4466
G1 X92.949 Y94.198 E2245.45499
G1 X92.802 Y94.039 E2245.46219
G1 X92.8 Y78.172 E2245.98993
G1 X82.2 Y78.172 E2246.34248
G1 X82.198 Y94.039 E2246.87022
G1 X82.05 Y94.198 E2246.87745
G1 X81.802 Y94.262 E2246.88597
G1 X81.598 Y94.197 E2246.89309
G1 X77.88 Y87.7 E2247.14206
G1 X76.848 Y87.7 E2247.17638
G1 X82.116 Y96.824 E2247.5268
G1 X83.2 Y96.824 E2247.56285
G1 X83.2 Y80.5 E2248.10579
G1 X83.267 Y80.35 E2248.11126
G1 X83.379 Y80.301 E2248.11532
G1 X91.621 Y80.3 E2248.38945
G1 X91.733 Y80.35 E2248.39353
G1 X91.8 Y80.5 E2248.399
G1 X91.8 Y96.824 E2248.94194
G1 X92.88 Y96.824 E2248.97786
G1 F2700 E2243.97786
;MESH:batclipholder.stl
G0 F9000 X92.713 Y96.53
G0 X92.024 Y96.602
G0 X92.024 Y97.691
G0 X92.024 Y137.309
G0 X92.024 Y138.404
G0 X91.967 Y139.585
;TYPE:WALL-INNER
G1 F2700 E2248.97786
G1 F1284.8 X91.967 Y139.005 E2249.00038
G1 F1282.1 X83.034 Y139.006 E2249.348
G1 X83.034 Y139.585 E2249.37053
G1 X83.291 Y139.471 E2249.38147
G1 X91.709 Y139.471 E2249.70905
G1 F1284.8 X91.967 Y139.585 E2249.72001
G0 F9000 X92.3 Y140.5
G1 F1200 X92.4 Y139.869 E2249.74657
G1 F1500 X92.4 Y138.572 E2249.78971
G1 X82.6 Y138.572 E2250.11566
G1 X82.6 Y139.869 E2250.15879
G1 F1200 X82.7 Y140.5 E2250.18536
G1 X83.002 Y140.05 E2250.20789
G1 F1500 X83.337 Y139.903 E2250.22005
G1 X91.663 Y139.902 E2250.49698
G1 X91.998 Y140.05 E2250.50916
G1 F1200 X92.3 Y140.5 E2250.53169
G1 F991.7 X92.305 Y154.125 E2251.21711
G0 F9000 X92.559 Y154.839
G0 X93.215 Y155.013
G0 X93.793 Y154.382
G1 F1271.2 X95.584 Y151.265 E2251.3582
G1 F1229.5 X97.376 Y148.148 E2251.50409
G0 F9000 X93.215 Y155.013
G0 X92.578 Y155.794
G1 F1694.9 X93.025 Y155.021 E2251.53037
G1 X92.752 Y154.95 E2251.53868
G1 X92.578 Y154.76 E2251.54626
G1 X92.578 Y155.794 E2251.5767
G0 F9000 X92.649 Y156.424
G1 F1500 X93.336 Y155.235 E2251.62237
G1 F1388.9 X93.793 Y154.382 E2251.65713
G1 X93.091 Y154.649 E2251.68411
G1 F1500 X92.847 Y154.585 E2251.6925
G1 F1188.1 X92.305 Y154.125 E2251.72235
G1 F1075.3 X92.253 Y154.605 E2251.74475
G1 F1327.4 X92.201 Y155.085 E2251.7629
G1 F1500 X92.2 Y156.424 E2251.80743
G1 X92.649 Y156.424 E2251.82237
G1 F2700 E2246.82237
G0 F9000 X92.483 Y156.13
G0 X92.038 Y140.062
G0 X82.962 Y140.062
G0 X82.695 Y154.125
G1 F2700 E2251.82237
G1 F991.7 X82.7 Y140.5 E2252.50779
G0 F9000 X82.441 Y154.839
G0 X81.785 Y155.013
G0 X77.621 Y148.146
G1 F1239.7 X81.263 Y154.477 E2252.80173
G0 F9000 X82.422 Y155.799
G1 F1685.4 X82.422 Y154.76 E2252.83248
G1 X82.245 Y154.952 E2252.84021
G1 X81.973 Y155.021 E2252.84852
G1 X82.422 Y155.799 E2252.87511
G0 F9000 X82.8 Y156.424
G1 F1500 X82.8 Y155.089 E2252.91951
G1 F1327.4 X82.748 Y154.607 E2252.93773
G1 F1075.3 X82.695 Y154.125 E2252.96023
G1 F1188.1 X82.15 Y154.586 E2252.9902
G1 F1500 X81.902 Y154.649 E2252.99871
G1 F1373 X81.263 Y154.477 E2253.02276
G1 X81.658 Y155.23 E2253.05366
G1 F1500 X82.346 Y156.424 E2253.09949
G1 X82.8 Y156.424 E2253.11459
G1 F2700 E2248.11459
G0 F9000 X82.52 Y156.146
G0 X82.962 Y140.062
G0 X92.038 Y140.062
G0 X92.045 Y149.385
G0 X92.713 Y156.53
G0 X92.88 Y156.824
;TYPE:WALL-OUTER
G1 F2700 E2253.11459
G1 F1500 X98.151 Y147.701 E2253.46503
G1 X97.117 Y147.7 E2253.49942
G1 X93.418 Y154.168 E2253.74724
G1 X93.193 Y154.262 E2253.75535
G1 X92.949 Y154.198 E2253.76374
G1 X92.802 Y154.039 E2253.77094
G1 X92.8 Y138.172 E2254.29868
G1 X82.2 Y138.172 E2254.65124
G1 X82.198 Y154.039 E2255.17898
G1 X82.05 Y154.198 E2255.1862
G1 X81.802 Y154.262 E2255.19472
G1 X81.598 Y154.197 E2255.20184
G1 X77.88 Y147.7 E2255.45082
G1 X76.848 Y147.7 E2255.48514
G1 X82.116 Y156.824 E2255.83556
G1 X83.2 Y156.824 E2255.87161
G1 X83.2 Y140.5 E2256.41455
G1 X83.267 Y140.35 E2256.42001
G1 X83.379 Y140.301 E2256.42408
G1 X91.621 Y140.3 E2256.69821
G1 X91.733 Y140.35 E2256.70229
G1 X91.8 Y140.5 E2256.70775
G1 X91.8 Y156.824 E2257.25069
G1 X92.88 Y156.824 E2257.28661
G1 F2700 E2252.28661
;MESH:batclipholder.stl(3)
G0 F9000 X92.713 Y156.53
G0 X97.773 Y147.92
G0 X98.712 Y148.462
G0 X136.289 Y148.463
G0 X137.621 Y148.146
;TYPE:WALL-INNER
G1 F2700 E2257.28661
G1 F1239.7 X141.263 Y154.477 E2257.58055
G0 F9000 X141.785 Y155.013
G0 X142.441 Y154.839
G0 X142.695 Y154.125
G1 F991.7 X142.7 Y140.5 E2258.26597
G0 F9000 X143.034 Y139.585
G1 F1282.1 X143.291 Y139.471 E2258.27691
G1 X151.709 Y139.471 E2258.60449
G1 F1284.8 X151.967 Y139.585 E2258.61545
G1 X151.967 Y139.005 E2258.63797
G1 F1282.1 X143.034 Y139.006 E2258.98559
G1 X143.034 Y139.585 E2259.00812
G0 F9000 X142.7 Y140.5
G1 F1200 X143.002 Y140.05 E2259.03065
G1 F1500 X143.337 Y139.903 E2259.04282
G1 X151.663 Y139.902 E2259.31974
G1 X151.998 Y140.05 E2259.33193
G1 F1200 X152.3 Y140.5 E2259.35446
G1 X152.4 Y139.869 E2259.38102
G1 F1500 X152.4 Y138.572 E2259.42416
G1 X142.6 Y138.572 E2259.75011
G1 X142.6 Y139.869 E2259.79324
G1 F1200 X142.7 Y140.5 E2259.81981
G0 F9000 X142.962 Y140.062
G0 X152.038 Y140.062
G0 X152.3 Y140.5
G1 F991.7 X152.305 Y154.125 E2260.50522
G0 F9000 X152.559 Y154.839
G0 X153.215 Y155.013
G0 X153.793 Y154.382
G1 F1271.2 X155.584 Y151.265 E2260.64631
G1 F1229.5 X157.376 Y148.148 E2260.79221
G0 F9000 X153.215 Y155.013
G0 X152.578 Y155.794
G1 F1694.9 X153.025 Y155.021 E2260.81849
G1 X152.752 Y154.95 E2260.82679
G1 X152.578 Y154.76 E2260.83438
G1 X152.578 Y155.794 E2260.86481
G0 F9000 X152.2 Y156.424
G1 F1500 X152.649 Y156.424 E2260.87975
G1 X153.336 Y155.235 E2260.92542
G1 F1388.9 X153.793 Y154.382 E2260.96018
G1 X153.091 Y154.649 E2260.98716
G1 F1500 X152.847 Y154.585 E2260.99555
G1 F1188.1 X152.305 Y154.125 E2261.0254
G1 F1075.3 X152.253 Y154.605 E2261.0478
G1 F1327.4 X152.201 Y155.085 E2261.06595
G1 F1500 X152.2 Y156.424 E2261.11048
G1 F2700 E2256.11048
G0 F9000 X152.48 Y156.146
G0 X152.038 Y140.062
G0 X142.962 Y140.062
G0 X142.422 Y155.799
G1 F2700 E2261.11048
G1 F1685.4 X142.422 Y154.76 E2261.14124
G1 X142.245 Y154.952 E2261.14897
G1 X141.973 Y155.021 E2261.15728
G1 X142.422 Y155.799 E2261.18387
G0 F9000 X142.346 Y156.424
G1 F1500 X142.8 Y156.424 E2261.19897
G1 X142.8 Y155.089 E2261.24337
G1 F1327.4 X142.748 Y154.607 E2261.26159
G1 F1075.3 X142.695 Y154.125 E2261.28409
G1 F1188.1 X142.15 Y154.586 E2261.31406
G1 F1500 X141.902 Y154.649 E2261.32257
G1 F1373 X141.263 Y154.477 E2261.34662
G1 X141.658 Y155.23 E2261.37751
G1 F1500 X142.346 Y156.424 E2261.42335
G0 F9000 X142.116 Y156.824
;TYPE:WALL-OUTER
G1 F1500 X143.2 Y156.824 E2261.4594
G1 X143.2 Y140.5 E2262.00234
G1 X143.267 Y140.35 E2262.0078
G1 X143.379 Y140.301 E2262.01187
G1 X151.621 Y140.3 E2262.286
G1 X151.733 Y140.35 E2262.29008
G1 X151.8 Y140.5 E2262.29554
G1 X151.8 Y156.824 E2262.83848
G1 X152.88 Y156.824 E2262.8744
G1 X158.151 Y147.701 E2263.22484
G1 X157.117 Y147.7 E2263.25923
G1 X153.418 Y154.168 E2263.50705
G1 X153.193 Y154.262 E2263.51516
G1 X152.949 Y154.198 E2263.52355
G1 X152.802 Y154.039 E2263.53076
G1 X152.8 Y138.172 E2264.05849
G1 X142.2 Y138.172 E2264.41105
G1 X142.198 Y154.039 E2264.93879
G1 X142.05 Y154.198 E2264.94602
G1 X141.802 Y154.262 E2264.95453
G1 X141.598 Y154.197 E2264.96166
G1 X137.88 Y147.7 E2265.21063
G1 X136.848 Y147.7 E2265.24495
G1 X142.116 Y156.824 E2265.59537
G1 F2700 E2260.59537
;MESH:batclipholder.stl(2)
G0 F9000 X142.287 Y156.53
G0 X142.412 Y155.16
G0 X142.424 Y138.398
G0 X142.424 Y137.309
G0 X142.424 Y97.691
G0 X142.424 Y96.596
G0 X142.422 Y95.799
;TYPE:WALL-INNER
G1 F2700 E2265.59537
G1 F1685.4 X142.422 Y94.76 E2265.62612
G1 X142.245 Y94.952 E2265.63385
G1 X141.973 Y95.021 E2265.64216
G1 X142.422 Y95.799 E2265.66875
G0 F9000 X142.346 Y96.424
G1 F1500 X142.8 Y96.424 E2265.68385
G1 X142.8 Y95.089 E2265.72825
G1 F1327.4 X142.748 Y94.607 E2265.74647
G1 F1075.3 X142.695 Y94.125 E2265.76897
G1 F1188.1 X142.15 Y94.586 E2265.79895
G1 F1500 X141.902 Y94.649 E2265.80746
G1 F1373 X141.263 Y94.477 E2265.8315
G1 X141.658 Y95.23 E2265.8624
G1 F1500 X142.346 Y96.424 E2265.90823
G0 F9000 X142.517 Y96.13
G0 X141.263 Y94.477
G1 F1239.7 X137.621 Y88.146 E2266.20217
G0 F9000 X141.785 Y95.013
G0 X142.441 Y94.839
G0 X142.695 Y94.125
G1 F991.7 X142.7 Y80.5 E2266.88759
G0 F9000 X143.034 Y79.585
G1 F1282.1 X143.291 Y79.471 E2266.89853
G1 X151.709 Y79.471 E2267.22612
G1 F1284.8 X151.967 Y79.585 E2267.23707
G1 X151.967 Y79.005 E2267.25959
G1 F1282.1 X143.034 Y79.006 E2267.60721
G1 X143.034 Y79.585 E2267.62974
G0 F9000 X142.7 Y80.5
G1 F1200 X143.002 Y80.05 E2267.65228
G1 F1500 X143.337 Y79.903 E2267.66444
G1 X151.663 Y79.902 E2267.94137
G1 X151.998 Y80.05 E2267.95355
G1 F1200 X152.3 Y80.5 E2267.97608
G1 X152.4 Y79.869 E2268.00264
G1 F1500 X152.4 Y78.572 E2268.04578
G1 X142.6 Y78.572 E2268.37173
G1 X142.6 Y79.869 E2268.41487
G1 F1200 X142.7 Y80.5 E2268.44143
G0 F9000 X142.962 Y80.062
G0 X152.038 Y80.062
G0 X152.3 Y80.5
G1 F991.7 X152.305 Y94.125 E2269.12685
G0 F9000 X152.559 Y94.839
G0 X153.215 Y95.013
G0 X153.793 Y94.382
G1 F1271.2 X155.584 Y91.265 E2269.26794
G1 F1229.5 X157.376 Y88.148 E2269.41383
G0 F9000 X153.215 Y95.013
G0 X152.578 Y95.794
G1 F1694.9 X153.025 Y95.021 E2269.44011
G1 X152.752 Y94.95 E2269.44841
G1 X152.578 Y94.76 E2269.456
G1 X152.578 Y95.794 E2269.48643
G0 F9000 X152.2 Y96.424
G1 F1500 X152.649 Y96.424 E2269.50137
G1 X153.336 Y95.235 E2269.54704
G1 F1388.9 X153.793 Y94.382 E2269.5818
G1 X153.091 Y94.649 E2269.60878
G1 F1500 X152.847 Y94.585 E2269.61717
G1 F1188.1 X152.305 Y94.125 E2269.64702
G1 F1075.3 X152.253 Y94.605 E2269.66942
G1 F1327.4 X152.201 Y95.085 E2269.68757
G1 F1500 X152.2 Y96.424 E2269.7321
G1 F2700 E2264.7321
G0 F9000 X152.48 Y96.146
G0 X152.038 Y80.062
G0 X142.962 Y80.062
G0 X142.955 Y89.385
G0 X142.287 Y96.53
G0 X142.116 Y96.824
;TYPE:WALL-OUTER
G1 F2700 E2269.7321
G1 F1500 X143.2 Y96.824 E2269.76816
G1 X143.2 Y80.5 E2270.3111
G1 X143.267 Y80.35 E2270.31656
G1 X143.379 Y80.301 E2270.32063
G1 X151.621 Y80.3 E2270.59476
G1 X151.733 Y80.35 E2270.59884
G1 X151.8 Y80.5 E2270.6043
G1 X151.8 Y96.824 E2271.14724
G1 X152.88 Y96.824 E2271.18316
G1 X158.151 Y87.701 E2271.5336
G1 X157.117 Y87.7 E2271.56799
G1 X153.418 Y94.168 E2271.81581
G1 X153.193 Y94.262 E2271.82392
G1 X152.949 Y94.198 E2271.83231
G1 X152.802 Y94.039 E2271.83951
G1 X152.8 Y78.172 E2272.36725
G1 X142.2 Y78.172 E2272.71981
G1 X142.198 Y94.039 E2273.24755
G1 X142.05 Y94.198 E2273.25477
G1 X141.802 Y94.262 E2273.26329
G1 X141.598 Y94.197 E2273.27041
G1 X137.88 Y87.7 E2273.51938
G1 X136.848 Y87.7 E2273.55371
G1 X142.116 Y96.824 E2273.90412
G1 F2700 E2268.90412
;MESH:NONMESH
G0 F300 X142.116 Y96.824 Z9.8
G0 F9000 X142.287 Y96.53
G0 X137.227 Y87.92
G0 X136.289 Y88.463
G0 X98.88 Y86.841
G0 X96.617 Y86.841
G0 X93.665 Y87.92
G0 X82.7 Y80.5
;TIME_ELAPSED:4083.791201
;LAYER:48
;TYPE:WALL-INNER
;MESH:batclipholder.stl(1)
G1 F2700 E2273.90412
G1 F991.7 X82.695 Y94.125 E2274.58954
G0 F9000 X82.441 Y94.839
G0 X81.785 Y95.013
G0 X81.263 Y94.477
G1 F1239.7 X77.621 Y88.146 E2274.88348
G0 F9000 X81.785 Y95.013
G0 X82.422 Y95.799
G1 F1685.4 X82.422 Y94.76 E2274.91424
G1 X82.245 Y94.952 E2274.92197
G1 X81.973 Y95.021 E2274.93028
G1 X82.422 Y95.799 E2274.95687
G0 F9000 X82.8 Y96.424
G1 F1500 X82.8 Y95.089 E2275.00127
G1 F1327.4 X82.748 Y94.607 E2275.01949
G1 F1075.3 X82.695 Y94.125 E2275.04199
G1 F1188.1 X82.15 Y94.586 E2275.07196
G1 F1500 X81.902 Y94.649 E2275.08047
G1 F1373 X81.263 Y94.477 E2275.10452
G1 X81.658 Y95.23 E2275.13542
G1 F1500 X82.346 Y96.424 E2275.18125
G1 X82.8 Y96.424 E2275.19635
G1 F2700 E2270.19635
G0 F9000 X82.52 Y96.146
G0 X82.962 Y80.062
G0 X92.038 Y80.062
G0 X92.305 Y94.125
G1 F2700 E2275.19635
G1 F991.7 X92.3 Y80.5 E2275.88177
G0 F9000 X91.967 Y79.585
G1 F1284.8 X91.967 Y79.005 E2275.90429
G1 F1282.1 X83.034 Y79.006 E2276.25191
G1 X83.034 Y79.585 E2276.27444
G1 X83.291 Y79.471 E2276.28538
G1 X91.709 Y79.471 E2276.61297
G1 F1284.8 X91.967 Y79.585 E2276.62392
G0 F9000 X92.3 Y80.5
G1 F1200 X92.4 Y79.869 E2276.65048
G1 F1500 X92.4 Y78.572 E2276.69362
G1 X82.6 Y78.572 E2277.01957
G1 X82.6 Y79.869 E2277.06271
G1 F1200 X82.7 Y80.5 E2277.08927
G1 X83.002 Y80.05 E2277.1118
G1 F1500 X83.337 Y79.903 E2277.12397
G1 X91.663 Y79.902 E2277.40089
G1 X91.998 Y80.05 E2277.41307
G1 F1200 X92.3 Y80.5 E2277.4356
G0 F9000 X92.559 Y94.839
G0 X93.215 Y95.013
G0 X97.376 Y88.148
G1 F1229.5 X95.584 Y91.265 E2277.5815
G1 F1271.2 X93.793 Y94.382 E2277.72258
G0 F9000 X92.578 Y95.794
G1 F1694.9 X93.025 Y95.021 E2277.74887
G1 X92.752 Y94.95 E2277.75717
G1 X92.578 Y94.76 E2277.76475
G1 X92.578 Y95.794 E2277.79519
G0 F9000 X92.649 Y96.424
G1 F1500 X93.336 Y95.235 E2277.84086
G1 F1388.9 X93.793 Y94.382 E2277.87562
G1 X93.091 Y94.649 E2277.9026
G1 F1500 X92.847 Y94.585 E2277.91099
G1 F1188.1 X92.305 Y94.125 E2277.94084
G1 F1075.3 X92.253 Y94.605 E2277.96325
G1 F1327.4 X92.201 Y95.085 E2277.98139
G1 F1500 X92.2 Y96.424 E2278.02593
G1 X92.649 Y96.424 E2278.04086
G0 F9000 X92.88 Y96.824
;TYPE:WALL-OUTER
G1 F1500 X98.151 Y87.701 E2278.3913
G1 X97.117 Y87.7 E2278.42569
G1 X93.418 Y94.168 E2278.67351
G1 X93.193 Y94.262 E2278.68162
G1 X92.949 Y94.198 E2278.69001
G1 X92.802 Y94.039 E2278.69721
G1 X92.8 Y78.172 E2279.22495
G1 X82.2 Y78.172 E2279.57751
G1 X82.198 Y94.039 E2280.10525
G1 X82.05 Y94.198 E2280.11247
G1 X81.802 Y94.262 E2280.12099
G1 X81.598 Y94.197 E2280.12811
G1 X77.88 Y87.7 E2280.37709
G1 X76.848 Y87.7 E2280.41141
G1 X82.116 Y96.824 E2280.76183
G1 X83.2 Y96.824 E2280.79788
G1 X83.2 Y80.5 E2281.34082
G1 X83.267 Y80.35 E2281.34628
G1 X83.379 Y80.301 E2281.35035
G1 X91.621 Y80.3 E2281.62448
G1 X91.733 Y80.35 E2281.62856
G1 X91.8 Y80.5 E2281.63402
G1 X91.8 Y96.824 E2282.17696
G1 X92.88 Y96.824 E2282.21288
G1 F2700 E2277.21288
;MESH:batclipholder.stl
G0 F9000 X92.713 Y96.53
G0 X92.024 Y96.602
G0 X92.024 Y97.691
G0 X92.024 Y137.309
G0 X92.024 Y138.404
G0 X91.967 Y139.585
;TYPE:WALL-INNER
G1 F2700 E2282.21288
G1 F1284.8 X91.967 Y139.005 E2282.2354
G1 F1282.1 X83.034 Y139.006 E2282.58303
G1 X83.034 Y139.585 E2282.60556
G1 X83.291 Y139.471 E2282.6165
G1 X91.709 Y139.471 E2282.94408
G1 F1284.8 X91.967 Y139.585 E2282.95503
G0 F9000 X92.3 Y140.5
G1 F1200 X92.4 Y139.869 E2282.98159
G1 F1500 X92.4 Y138.572 E2283.02473
G1 X82.6 Y138.572 E2283.35068
G1 X82.6 Y139.869 E2283.39382
G1 F1200 X82.7 Y140.5 E2283.42038
G1 X83.002 Y140.05 E2283.44291
G1 F1500 X83.337 Y139.903 E2283.45508
G1 X91.663 Y139.902 E2283.732
G1 X91.998 Y140.05 E2283.74418
G1 F1200 X92.3 Y140.5 E2283.76672
G1 F991.7 X92.305 Y154.125 E2284.45213
G0 F9000 X92.559 Y154.839
G0 X93.215 Y155.013
G0 X93.793 Y154.382
G1 F1271.2 X95.584 Y151.265 E2284.59322
G1 F1229.5 X97.376 Y148.148 E2284.73912
G0 F9000 X93.215 Y155.013
G0 X92.578 Y155.794
G1 F1694.9 X93.025 Y155.021 E2284.7654
G1 X92.752 Y154.95 E2284.7737
G1 X92.578 Y154.76 E2284.78129
G1 X92.578 Y155.794 E2284.81172
G0 F9000 X92.649 Y156.424
G1 F1500 X93.336 Y155.235 E2284.8574
G1 F1388.9 X93.793 Y154.382 E2284.89216
G1 X93.091 Y154.649 E2284.91914
G1 F1500 X92.847 Y154.585 E2284.92753
G1 F1188.1 X92.305 Y154.125 E2284.95738
G1 F1075.3 X92.253 Y154.605 E2284.97978
G1 F1327.4 X92.201 Y155.085 E2284.99792
G1 F1500 X92.2 Y156.424 E2285.04246
G1 X92.649 Y156.424 E2285.05739
G1 F2700 E2280.05739
G0 F9000 X92.483 Y156.13
G0 X92.038 Y140.062
G0 X82.962 Y140.062
G0 X82.695 Y154.125
G1 F2700 E2285.05739
G1 F991.7 X82.7 Y140.5 E2285.74281
G0 F9000 X82.441 Y154.839
G0 X81.785 Y155.013
G0 X77.621 Y148.146
G1 F1239.7 X81.263 Y154.477 E2286.03675
G0 F9000 X82.422 Y155.799
G1 F1685.4 X82.422 Y154.76 E2286.06751
G1 X82.245 Y154.952 E2286.07524
G1 X81.973 Y155.021 E2286.08354
G1 X82.422 Y155.799 E2286.11013
G0 F9000 X82.8 Y156.424
G1 F1500 X82.8 Y155.089 E2286.15454
G1 F1327.4 X82.748 Y154.607 E2286.17276
G1 F1075.3 X82.695 Y154.125 E2286.19526
G1 F1188.1 X82.15 Y154.586 E2286.22523
G1 F1500 X81.902 Y154.649 E2286.23374
G1 F1373 X81.263 Y154.477 E2286.25779
G1 X81.658 Y155.23 E2286.28868
G1 F1500 X82.346 Y156.424 E2286.33452
G1 X82.8 Y156.424 E2286.34962
G1 F2700 E2281.34962
G0 F9000 X82.52 Y156.146
G0 X82.962 Y140.062
G0 X92.038 Y140.062
G0 X92.045 Y149.385
G0 X92.713 Y156.53
G0 X92.88 Y156.824
;TYPE:WALL-OUTER
G1 F2700 E2286.34962
G1 F1500 X98.151 Y147.701 E2286.70005
G1 X97.117 Y147.7 E2286.73445
G1 X93.418 Y154.168 E2286.98227
G1 X93.193 Y154.262 E2286.99038
G1 X92.949 Y154.198 E2286.99877
G1 X92.802 Y154.039 E2287.00597
G1 X92.8 Y138.172 E2287.53371
G1 X82.2 Y138.172 E2287.88627
G1 X82.198 Y154.039 E2288.414
G1 X82.05 Y154.198 E2288.42123
G1 X81.802 Y154.262 E2288.42975
G1 X81.598 Y154.197 E2288.43687
G1 X77.88 Y147.7 E2288.68584
G1 X76.848 Y147.7 E2288.72017
G1 X82.116 Y156.824 E2289.07058
G1 X83.2 Y156.824 E2289.10664
G1 X83.2 Y140.5 E2289.64957
G1 X83.267 Y140.35 E2289.65504
G1 X83.379 Y140.301 E2289.6591
G1 X91.621 Y140.3 E2289.93323
G1 X91.733 Y140.35 E2289.93731
G1 X91.8 Y140.5 E2289.94278
G1 X91.8 Y156.824 E2290.48572
G1 X92.88 Y156.824 E2290.52164
G1 F2700 E2285.52164
;MESH:batclipholder.stl(3)
G0 F9000 X92.713 Y156.53
G0 X97.773 Y147.92
G0 X98.712 Y148.462
G0 X136.289 Y148.463
G0 X137.621 Y148.146
;TYPE:WALL-INNER
G1 F2700 E2290.52164
G1 F1239.7 X141.263 Y154.477 E2290.81558
G0 F9000 X141.785 Y155.013
G0 X142.441 Y154.839
G0 X142.695 Y154.125
G1 F991.7 X142.7 Y140.5 E2291.501
G0 F9000 X143.034 Y139.585
G1 F1282.1 X143.291 Y139.471 E2291.51194
G1 X151.709 Y139.471 E2291.83952
G1 F1284.8 X151.967 Y139.585 E2291.85047
G1 X151.967 Y139.005 E2291.87299
G1 F1282.1 X143.034 Y139.006 E2292.22062
G1 X143.034 Y139.585 E2292.24315
G0 F9000 X142.7 Y140.5
G1 F1200 X143.002 Y140.05 E2292.26568
G1 F1500 X143.337 Y139.903 E2292.27785
G1 X151.663 Y139.902 E2292.55477
G1 X151.998 Y140.05 E2292.56695
G1 F1200 X152.3 Y140.5 E2292.58948
G1 X152.4 Y139.869 E2292.61604
G1 F1500 X152.4 Y138.572 E2292.65918
G1 X142.6 Y138.572 E2292.98513
G1 X142.6 Y139.869 E2293.02827
G1 F1200 X142.7 Y140.5 E2293.05483
G0 F9000 X142.962 Y140.062
G0 X152.038 Y140.062
G0 X152.3 Y140.5
G1 F991.7 X152.305 Y154.125 E2293.74025
G0 F9000 X152.559 Y154.839
G0 X153.215 Y155.013
G0 X153.793 Y154.382
G1 F1271.2 X155.584 Y151.265 E2293.88134
G1 F1229.5 X157.376 Y148.148 E2294.02723
G0 F9000 X153.215 Y155.013
G0 X152.578 Y155.794
G1 F1694.9 X153.025 Y155.021 E2294.05351
G1 X152.752 Y154.95 E2294.06182
G1 X152.578 Y154.76 E2294.0694
G1 X152.578 Y155.794 E2294.09984
G0 F9000 X152.2 Y156.424
G1 F1500 X152.649 Y156.424 E2294.11477
G1 X153.336 Y155.235 E2294.16044
G1 F1388.9 X153.793 Y154.382 E2294.19521
G1 X153.091 Y154.649 E2294.22218
G1 F1500 X152.847 Y154.585 E2294.23057
G1 F1188.1 X152.305 Y154.125 E2294.26043
G1 F1075.3 X152.253 Y154.605 E2294.28283
G1 F1327.4 X152.201 Y155.085 E2294.30097
G1 F1500 X152.2 Y156.424 E2294.34551
G1 F2700 E2289.34551
G0 F9000 X152.48 Y156.146
G0 X152.038 Y140.062
G0 X142.962 Y140.062
G0 X142.422 Y155.799
G1 F2700 E2294.34551
G1 F1685.4 X142.422 Y154.76 E2294.37626
G1 X142.245 Y154.952 E2294.38399
G1 X141.973 Y155.021 E2294.3923
G1 X142.422 Y155.799 E2294.41889
G0 F9000 X142.346 Y156.424
G1 F1500 X142.8 Y156.424 E2294.43399
G1 X142.8 Y155.089 E2294.47839
G1 F1327.4 X142.748 Y154.607 E2294.49661
G1 F1075.3 X142.695 Y154.125 E2294.51911
G1 F1188.1 X142.15 Y154.586 E2294.54909
G1 F1500 X141.902 Y154.649 E2294.5576
G1 F1373 X141.263 Y154.477 E2294.58164
G1 X141.658 Y155.23 E2294.61254
G1 F1500 X142.346 Y156.424 E2294.65837
G0 F9000 X142.116 Y156.824
;TYPE:WALL-OUTER
G1 F1500 X143.2 Y156.824 E2294.69443
G1 X143.2 Y140.5 E2295.23737
G1 X143.267 Y140.35 E2295.24283
G1 X143.379 Y140.301 E2295.2469
G1 X151.621 Y140.3 E2295.52103
G1 X151.733 Y140.35 E2295.52511
G1 X151.8 Y140.5 E2295.53057
G1 X151.8 Y156.824 E2296.07351
G1 X152.88 Y156.824 E2296.10943
G1 X158.151 Y147.701 E2296.45987
G1 X157.117 Y147.7 E2296.49426
G1 X153.418 Y154.168 E2296.74208
G1 X153.193 Y154.262 E2296.75019
G1 X152.949 Y154.198 E2296.75858
G1 X152.802 Y154.039 E2296.76578
G1 X152.8 Y138.172 E2297.29352
G1 X142.2 Y138.172 E2297.64608
G1 X142.198 Y154.039 E2298.17382
G1 X142.05 Y154.198 E2298.18104
G1 X141.802 Y154.262 E2298.18956
G1 X141.598 Y154.197 E2298.19668
G1 X137.88 Y147.7 E2298.44565
G1 X136.848 Y147.7 E2298.47998
G1 X142.116 Y156.824 E2298.83039
G1 F2700 E2293.83039
;MESH:batclipholder.stl(2)
G0 F9000 X142.287 Y156.53
G0 X142.412 Y155.16
G0 X142.424 Y138.398
G0 X142.424 Y137.309
G0 X142.424 Y97.691
G0 X142.424 Y96.596
G0 X142.422 Y95.799
;TYPE:WALL-INNER
G1 F2700 E2298.83039
G1 F1685.4 X142.422 Y94.76 E2298.86115
G1 X142.245 Y94.952 E2298.86888
G1 X141.973 Y95.021 E2298.87719
G1 X142.422 Y95.799 E2298.90378
G0 F9000 X142.346 Y96.424
G1 F1500 X142.8 Y96.424 E2298.91888
G1 X142.8 Y95.089 E2298.96328
G1 F1327.4 X142.748 Y94.607 E2298.9815
G1 F1075.3 X142.695 Y94.125 E2299.004
G1 F1188.1 X142.15 Y94.586 E2299.03397
G1 F1500 X141.902 Y94.649 E2299.04248
G1 F1373 X141.263 Y94.477 E2299.06653
G1 X141.658 Y95.23 E2299.09743
G1 F1500 X142.346 Y96.424 E2299.14326
G0 F9000 X142.517 Y96.13
G0 X141.263 Y94.477
G1 F1239.7 X137.621 Y88.146 E2299.4372
G0 F9000 X141.785 Y95.013
G0 X142.441 Y94.839
G0 X142.695 Y94.125
G1 F991.7 X142.7 Y80.5 E2300.12262
G0 F9000 X143.034 Y79.585
G1 F1282.1 X143.291 Y79.471 E2300.13356
G1 X151.709 Y79.471 E2300.46114
G1 F1284.8 X151.967 Y79.585 E2300.47209
G1 X151.967 Y79.005 E2300.49462
G1 F1282.1 X143.034 Y79.006 E2300.84224
G1 X143.034 Y79.585 E2300.86477
G0 F9000 X142.7 Y80.5
G1 F1200 X143.002 Y80.05 E2300.8873
G1 F1500 X143.337 Y79.903 E2300.89947
G1 X151.663 Y79.902 E2301.17639
G1 X151.998 Y80.05 E2301.18857
G1 F1200 X152.3 Y80.5 E2301.2111
G1 X152.4 Y79.869 E2301.23767
G1 F1500 X152.4 Y78.572 E2301.2808
G1 X142.6 Y78.572 E2301.60675
G1 X142.6 Y79.869 E2301.64989
G1 F1200 X142.7 Y80.5 E2301.67645
G0 F9000 X142.962 Y80.062
G0 X152.038 Y80.062
G0 X152.3 Y80.5
G1 F991.7 X152.305 Y94.125 E2302.36187
G0 F9000 X152.559 Y94.839
G0 X153.215 Y95.013
G0 X153.793 Y94.382
G1 F1271.2 X155.584 Y91.265 E2302.50296
G1 F1229.5 X157.376 Y88.148 E2302.64885
G0 F9000 X153.215 Y95.013
G0 X152.578 Y95.794
G1 F1694.9 X153.025 Y95.021 E2302.67514
G1 X152.752 Y94.95 E2302.68344
G1 X152.578 Y94.76 E2302.69102
G1 X152.578 Y95.794 E2302.72146
G0 F9000 X152.2 Y96.424
G1 F1500 X152.649 Y96.424 E2302.73639
G1 X153.336 Y95.235 E2302.78207
G1 F1388.9 X153.793 Y94.382 E2302.81683
G1 X153.091 Y94.649 E2302.84381
G1 F1500 X152.847 Y94.585 E2302.8522
G1 F1188.1 X152.305 Y94.125 E2302.88205
G1 F1075.3 X152.253 Y94.605 E2302.90445
G1 F1327.4 X152.201 Y95.085 E2302.92259
G1 F1500 X152.2 Y96.424 E2302.96713
G1 F2700 E2297.96713
G0 F9000 X152.48 Y96.146
G0 X152.038 Y80.062
G0 X142.962 Y80.062
G0 X142.955 Y89.385
G0 X142.287 Y96.53
G0 X142.116 Y96.824
;TYPE:WALL-OUTER
G1 F2700 E2302.96713
G1 F1500 X143.2 Y96.824 E2303.00318
G1 X143.2 Y80.5 E2303.54612
G1 X143.267 Y80.35 E2303.55159
G1 X143.379 Y80.301 E2303.55565
G1 X151.621 Y80.3 E2303.82978
G1 X151.733 Y80.35 E2303.83386
G1 X151.8 Y80.5 E2303.83933
G1 X151.8 Y96.824 E2304.38226
G1 X152.88 Y96.824 E2304.41819
G1 X158.151 Y87.701 E2304.76862
G1 X157.117 Y87.7 E2304.80301
G1 X153.418 Y94.168 E2305.05084
G1 X153.193 Y94.262 E2305.05895
G1 X152.949 Y94.198 E2305.06734
G1 X152.802 Y94.039 E2305.07454
G1 X152.8 Y78.172 E2305.60228
G1 X142.2 Y78.172 E2305.95483
G1 X142.198 Y94.039 E2306.48257
G1 X142.05 Y94.198 E2306.4898
G1 X141.802 Y94.262 E2306.49832
G1 X141.598 Y94.197 E2306.50544
G1 X137.88 Y87.7 E2306.75441
G1 X136.848 Y87.7 E2306.78873
G1 X142.116 Y96.824 E2307.13915
G1 F2700 E2302.13915
;MESH:NONMESH
G0 F300 X142.116 Y96.824 Z10
G0 F9000 X142.287 Y96.53
G0 X137.227 Y87.92
G0 X136.289 Y88.463
G0 X98.88 Y86.841
G0 X96.617 Y86.841
G0 X93.665 Y87.92
G0 X82.7 Y80.5
;TIME_ELAPSED:4144.201878
;LAYER:49
;TYPE:WALL-INNER
;MESH:batclipholder.stl(1)
G1 F2700 E2307.13915
G1 F991.7 X82.695 Y94.125 E2307.82457
G0 F9000 X82.441 Y94.839
G0 X81.785 Y95.013
G0 X81.263 Y94.477
G1 F1239.7 X77.621 Y88.146 E2308.11851
G0 F9000 X81.785 Y95.013
G0 X82.422 Y95.799
G1 F1685.4 X82.422 Y94.76 E2308.14927
G1 X82.245 Y94.952 E2308.157
G1 X81.973 Y95.021 E2308.1653
G1 X82.422 Y95.799 E2308.19189
G0 F9000 X82.8 Y96.424
G1 F1500 X82.8 Y95.089 E2308.23629
G1 F1327.4 X82.748 Y94.607 E2308.25451
G1 F1075.3 X82.695 Y94.125 E2308.27701
G1 F1188.1 X82.15 Y94.586 E2308.30699
G1 F1500 X81.902 Y94.649 E2308.3155
G1 F1373 X81.263 Y94.477 E2308.33954
G1 X81.658 Y95.23 E2308.37044
G1 F1500 X82.346 Y96.424 E2308.41627
G1 X82.8 Y96.424 E2308.43138
G1 F2700 E2303.43138
G0 F9000 X82.52 Y96.146
G0 X82.962 Y80.062
G0 X92.038 Y80.062
G0 X92.305 Y94.125
G1 F2700 E2308.43138
G1 F991.7 X92.3 Y80.5 E2309.11679
G0 F9000 X91.967 Y79.585
G1 F1284.8 X91.967 Y79.005 E2309.13932
G1 F1282.1 X83.034 Y79.006 E2309.48694
G1 X83.034 Y79.585 E2309.50947
G1 X83.291 Y79.471 E2309.52041
G1 X91.709 Y79.471 E2309.84799
G1 F1284.8 X91.967 Y79.585 E2309.85894
G0 F9000 X92.3 Y80.5
G1 F1200 X92.4 Y79.869 E2309.88551
G1 F1500 X92.4 Y78.572 E2309.92864
G1 X82.6 Y78.572 E2310.25459
G1 X82.6 Y79.869 E2310.29773
G1 F1200 X82.7 Y80.5 E2310.32429
G1 X83.002 Y80.05 E2310.34682
G1 F1500 X83.337 Y79.903 E2310.35899
G1 X91.663 Y79.902 E2310.63592
G1 X91.998 Y80.05 E2310.6481
G1 F1200 X92.3 Y80.5 E2310.67063
G0 F9000 X92.559 Y94.839
G0 X93.215 Y95.013
G0 X97.376 Y88.148
G1 F1229.5 X95.584 Y91.265 E2310.81652
G1 F1271.2 X93.793 Y94.382 E2310.95761
G0 F9000 X92.578 Y95.794
G1 F1694.9 X93.025 Y95.021 E2310.98389
G1 X92.752 Y94.95 E2310.9922
G1 X92.578 Y94.76 E2310.99978
G1 X92.578 Y95.794 E2311.03022
G0 F9000 X92.649 Y96.424
G1 F1500 X93.336 Y95.235 E2311.07589
G1 F1388.9 X93.793 Y94.382 E2311.11065
G1 X93.091 Y94.649 E2311.13763
G1 F1500 X92.847 Y94.585 E2311.14602
G1 F1188.1 X92.305 Y94.125 E2311.17587
G1 F1075.3 X92.253 Y94.605 E2311.19827
G1 F1327.4 X92.201 Y95.085 E2311.21642
G1 F1500 X92.2 Y96.424 E2311.26095
G1 X92.649 Y96.424 E2311.27589
G0 F9000 X92.88 Y96.824
;TYPE:WALL-OUTER
G1 F1500 X98.151 Y87.701 E2311.62632
G1 X97.117 Y87.7 E2311.66071
G1 X93.418 Y94.168 E2311.90854
G1 X93.193 Y94.262 E2311.91665
G1 X92.949 Y94.198 E2311.92504
G1 X92.802 Y94.039 E2311.93224
G1 X92.8 Y78.172 E2312.45998
G1 X82.2 Y78.172 E2312.81253
G1 X82.198 Y94.039 E2313.34027
G1 X82.05 Y94.198 E2313.3475
G1 X81.802 Y94.262 E2313.35602
G1 X81.598 Y94.197 E2313.36314
G1 X77.88 Y87.7 E2313.61211
G1 X76.848 Y87.7 E2313.64643
G1 X82.116 Y96.824 E2313.99685
G1 X83.2 Y96.824 E2314.0329
G1 X83.2 Y80.5 E2314.57584
G1 X83.267 Y80.35 E2314.58131
G1 X83.379 Y80.301 E2314.58537
G1 X91.621 Y80.3 E2314.8595
G1 X91.733 Y80.35 E2314.86358
G1 X91.8 Y80.5 E2314.86905
G1 X91.8 Y96.824 E2315.41199
G1 X92.88 Y96.824 E2315.44791
G1 F2700 E2310.44791
;MESH:batclipholder.stl
G0 F9000 X92.713 Y96.53
G0 X92.024 Y96.602
G0 X92.024 Y97.691
G0 X92.024 Y137.309
G0 X92.024 Y138.404
G0 X91.967 Y139.585
;TYPE:WALL-INNER
G1 F2700 E2315.44791
G1 F1284.8 X91.967 Y139.005 E2315.47043
G1 F1282.1 X83.034 Y139.006 E2315.81805
G1 X83.034 Y139.585 E2315.84058
G1 X83.291 Y139.471 E2315.85152
G1 X91.709 Y139.471 E2316.1791
G1 F1284.8 X91.967 Y139.585 E2316.19006
G0 F9000 X92.3 Y140.5
G1 F1200 X92.4 Y139.869 E2316.21662
G1 F1500 X92.4 Y138.572 E2316.25976
G1 X82.6 Y138.572 E2316.58571
G1 X82.6 Y139.869 E2316.62884
G1 F1200 X82.7 Y140.5 E2316.65541
G1 X83.002 Y140.05 E2316.67794
G1 F1500 X83.337 Y139.903 E2316.6901
G1 X91.663 Y139.902 E2316.96703
G1 X91.998 Y140.05 E2316.97921
G1 F1200 X92.3 Y140.5 E2317.00174
G1 F991.7 X92.305 Y154.125 E2317.68716
G0 F9000 X92.559 Y154.839
G0 X93.215 Y155.013
G0 X93.793 Y154.382
G1 F1271.2 X95.584 Y151.265 E2317.82825
G1 F1229.5 X97.376 Y148.148 E2317.97414
G0 F9000 X93.215 Y155.013
G0 X92.578 Y155.794
G1 F1694.9 X93.025 Y155.021 E2318.00042
G1 X92.752 Y154.95 E2318.00873
G1 X92.578 Y154.76 E2318.01631
G1 X92.578 Y155.794 E2318.04675
G0 F9000 X92.649 Y156.424
G1 F1500 X93.336 Y155.235 E2318.09242
G1 F1388.9 X93.793 Y154.382 E2318.12718
G1 X93.091 Y154.649 E2318.15416
G1 F1500 X92.847 Y154.585 E2318.16255
G1 F1188.1 X92.305 Y154.125 E2318.1924
G1 F1075.3 X92.253 Y154.605 E2318.2148
G1 F1327.4 X92.201 Y155.085 E2318.23295
G1 F1500 X92.2 Y156.424 E2318.27748
G1 X92.649 Y156.424 E2318.29242
G1 F2700 E2313.29242
G0 F9000 X92.483 Y156.13
G0 X92.038 Y140.062
G0 X82.962 Y140.062
G0 X82.695 Y154.125
G1 F2700 E2318.29242
G1 F991.7 X82.7 Y140.5 E2318.97784
G0 F9000 X82.441 Y154.839
G0 X81.785 Y155.013
G0 X77.621 Y148.146
G1 F1239.7 X81.263 Y154.477 E2319.27178
G0 F9000 X82.422 Y155.799
G1 F1685.4 X82.422 Y154.76 E2319.30253
G1 X82.245 Y154.952 E2319.31026
G1 X81.973 Y155.021 E2319.31857
G1 X82.422 Y155.799 E2319.34516
G0 F9000 X82.8 Y156.424
G1 F1500 X82.8 Y155.089 E2319.38956
G1 F1327.4 X82.748 Y154.607 E2319.40778
G1 F1075.3 X82.695 Y154.125 E2319.43028
G1 F1188.1 X82.15 Y154.586 E2319.46025
G1 F1500 X81.902 Y154.649 E2319.46877
G1 F1373 X81.263 Y154.477 E2319.49281
G1 X81.658 Y155.23 E2319.52371
G1 F1500 X82.346 Y156.424 E2319.56954
G1 X82.8 Y156.424 E2319.58464
G1 F2700 E2314.58464
G0 F9000 X82.52 Y156.146
G0 X82.962 Y140.062
G0 X92.038 Y140.062
G0 X92.045 Y149.385
G0 X92.713 Y156.53
G0 X92.88 Y156.824
;TYPE:WALL-OUTER
G1 F2700 E2319.58464
G1 F1500 X98.151 Y147.701 E2319.93508
G1 X97.117 Y147.7 E2319.96947
G1 X93.418 Y154.168 E2320.21729
G1 X93.193 Y154.262 E2320.2254
G1 X92.949 Y154.198 E2320.23379
G1 X92.802 Y154.039 E2320.24099
G1 X92.8 Y138.172 E2320.76873
G1 X82.2 Y138.172 E2321.12129
G1 X82.198 Y154.039 E2321.64903
G1 X82.05 Y154.198 E2321.65625
G1 X81.802 Y154.262 E2321.66477
G1 X81.598 Y154.197 E2321.67189
G1 X77.88 Y147.7 E2321.92087
G1 X76.848 Y147.7 E2321.95519
G1 X82.116 Y156.824 E2322.30561
G1 X83.2 Y156.824 E2322.34166
G1 X83.2 Y140.5 E2322.8846
G1 X83.267 Y140.35 E2322.89006
G1 X83.379 Y140.301 E2322.89413
G1 X91.621 Y140.3 E2323.16826
G1 X91.733 Y140.35 E2323.17234
G1 X91.8 Y140.5 E2323.1778
G1 X91.8 Y156.824 E2323.72074
G1 X92.88 Y156.824 E2323.75666
G1 F2700 E2318.75666
;MESH:batclipholder.stl(3)
G0 F9000 X92.713 Y156.53
G0 X97.773 Y147.92
G0 X98.712 Y148.462
G0 X136.289 Y148.463
G0 X137.621 Y148.146
;TYPE:WALL-INNER
G1 F2700 E2323.75666
G1 F1239.7 X141.263 Y154.477 E2324.0506
G0 F9000 X141.785 Y155.013
G0 X142.441 Y154.839
G0 X142.695 Y154.125
G1 F991.7 X142.7 Y140.5 E2324.73602
G0 F9000 X143.034 Y139.585
G1 F1282.1 X143.291 Y139.471 E2324.74696
G1 X151.709 Y139.471 E2325.07454
G1 F1284.8 X151.967 Y139.585 E2325.0855
G1 X151.967 Y139.005 E2325.10802
G1 F1282.1 X143.034 Y139.006 E2325.45564
G1 X143.034 Y139.585 E2325.47817
G0 F9000 X142.7 Y140.5
G1 F1200 X143.002 Y140.05 E2325.5007
G1 F1500 X143.337 Y139.903 E2325.51287
G1 X151.663 Y139.902 E2325.78979
G1 X151.998 Y140.05 E2325.80198
G1 F1200 X152.3 Y140.5 E2325.82451
G1 X152.4 Y139.869 E2325.85107
G1 F1500 X152.4 Y138.572 E2325.89421
G1 X142.6 Y138.572 E2326.22016
G1 X142.6 Y139.869 E2326.26329
G1 F1200 X142.7 Y140.5 E2326.28986
G0 F9000 X142.962 Y140.062
G0 X152.038 Y140.062
G0 X152.3 Y140.5
G1 F991.7 X152.305 Y154.125 E2326.97527
G0 F9000 X152.559 Y154.839
G0 X153.215 Y155.013
G0 X153.793 Y154.382
G1 F1271.2 X155.584 Y151.265 E2327.11636
G1 F1229.5 X157.376 Y148.148 E2327.26226
G0 F9000 X153.215 Y155.013
G0 X152.578 Y155.794
G1 F1694.9 X153.025 Y155.021 E2327.28854
G1 X152.752 Y154.95 E2327.29684
G1 X152.578 Y154.76 E2327.30443
G1 X152.578 Y155.794 E2327.33486
G0 F9000 X152.2 Y156.424
G1 F1500 X152.649 Y156.424 E2327.3498
G1 X153.336 Y155.235 E2327.39547
G1 F1388.9 X153.793 Y154.382 E2327.43023
G1 X153.091 Y154.649 E2327.45721
G1 F1500 X152.847 Y154.585 E2327.4656
G1 F1188.1 X152.305 Y154.125 E2327.49545
G1 F1075.3 X152.253 Y154.605 E2327.51785
G1 F1327.4 X152.201 Y155.085 E2327.536
G1 F1500 X152.2 Y156.424 E2327.58053
G1 F2700 E2322.58053
G0 F9000 X152.48 Y156.146
G0 X152.038 Y140.062
G0 X142.962 Y140.062
G0 X142.422 Y155.799
G1 F2700 E2327.58053
G1 F1685.4 X142.422 Y154.76 E2327.61129
G1 X142.245 Y154.952 E2327.61902
G1 X141.973 Y155.021 E2327.62733
G1 X142.422 Y155.799 E2327.65392
G0 F9000 X142.346 Y156.424
G1 F1500 X142.8 Y156.424 E2327.66902
G1 X142.8 Y155.089 E2327.71342
G1 F1327.4 X142.748 Y154.607 E2327.73164
G1 F1075.3 X142.695 Y154.125 E2327.75414
G1 F1188.1 X142.15 Y154.586 E2327.78411
G1 F1500 X141.902 Y154.649 E2327.79262
G1 F1373 X141.263 Y154.477 E2327.81667
G1 X141.658 Y155.23 E2327.84756
G1 F1500 X142.346 Y156.424 E2327.8934
G0 F9000 X142.116 Y156.824
;TYPE:WALL-OUTER
G1 F1500 X143.2 Y156.824 E2327.92945
G1 X143.2 Y140.5 E2328.47239
G1 X143.267 Y140.35 E2328.47786
G1 X143.379 Y140.301 E2328.48192
G1 X151.621 Y140.3 E2328.75605
G1 X151.733 Y140.35 E2328.76013
G1 X151.8 Y140.5 E2328.76559
G1 X151.8 Y156.824 E2329.30853
G1 X152.88 Y156.824 E2329.34445
G1 X158.151 Y147.701 E2329.69489
G1 X157.117 Y147.7 E2329.72928
G1 X153.418 Y154.168 E2329.9771
G1 X153.193 Y154.262 E2329.98521
G1 X152.949 Y154.198 E2329.9936
G1 X152.802 Y154.039 E2330.00081
G1 X152.8 Y138.172 E2330.52855
G1 X142.2 Y138.172 E2330.8811
G1 X142.198 Y154.039 E2331.40884
G1 X142.05 Y154.198 E2331.41607
G1 X141.802 Y154.262 E2331.42458
G1 X141.598 Y154.197 E2331.43171
G1 X137.88 Y147.7 E2331.68068
G1 X136.848 Y147.7 E2331.715
G1 X142.116 Y156.824 E2332.06542
G1 F2700 E2327.06542
;MESH:batclipholder.stl(2)
G0 F9000 X142.287 Y156.53
G0 X142.412 Y155.16
G0 X142.424 Y138.398
G0 X142.424 Y137.309
G0 X142.424 Y97.691
G0 X142.424 Y96.596
G0 X142.422 Y95.799
;TYPE:WALL-INNER
G1 F2700 E2332.06542
G1 F1685.4 X142.422 Y94.76 E2332.09618
G1 X142.245 Y94.952 E2332.10391
G1 X141.973 Y95.021 E2332.11221
G1 X142.422 Y95.799 E2332.1388
G0 F9000 X142.346 Y96.424
G1 F1500 X142.8 Y96.424 E2332.1539
G1 X142.8 Y95.089 E2332.1983
G1 F1327.4 X142.748 Y94.607 E2332.21652
G1 F1075.3 X142.695 Y94.125 E2332.23902
G1 F1188.1 X142.15 Y94.586 E2332.269
G1 F1500 X141.902 Y94.649 E2332.27751
G1 F1373 X141.263 Y94.477 E2332.30155
G1 X141.658 Y95.23 E2332.33245
G1 F1500 X142.346 Y96.424 E2332.37828
G0 F9000 X142.517 Y96.13
G0 X141.263 Y94.477
G1 F1239.7 X137.621 Y88.146 E2332.67223
G0 F9000 X141.785 Y95.013
G0 X142.441 Y94.839
G0 X142.695 Y94.125
G1 F991.7 X142.7 Y80.5 E2333.35764
G0 F9000 X143.034 Y79.585
G1 F1282.1 X143.291 Y79.471 E2333.36858
G1 X151.709 Y79.471 E2333.69617
G1 F1284.8 X151.967 Y79.585 E2333.70712
G1 X151.967 Y79.005 E2333.72964
G1 F1282.1 X143.034 Y79.006 E2334.07726
G1 X143.034 Y79.585 E2334.09979
G0 F9000 X142.7 Y80.5
G1 F1200 X143.002 Y80.05 E2334.12233
G1 F1500 X143.337 Y79.903 E2334.13449
G1 X151.663 Y79.902 E2334.41142
G1 X151.998 Y80.05 E2334.4236
G1 F1200 X152.3 Y80.5 E2334.44613
G1 X152.4 Y79.869 E2334.47269
G1 F1500 X152.4 Y78.572 E2334.51583
G1 X142.6 Y78.572 E2334.84178
G1 X142.6 Y79.869 E2334.88492
G1 F1200 X142.7 Y80.5 E2334.91148
G0 F9000 X142.962 Y80.062
G0 X152.038 Y80.062
G0 X152.3 Y80.5
G1 F991.7 X152.305 Y94.125 E2335.5969
G0 F9000 X152.559 Y94.839
G0 X153.215 Y95.013
G0 X153.793 Y94.382
G1 F1271.2 X155.584 Y91.265 E2335.73799
G1 F1229.5 X157.376 Y88.148 E2335.88388
G0 F9000 X153.215 Y95.013
G0 X152.578 Y95.794
G1 F1694.9 X153.025 Y95.021 E2335.91016
G1 X152.752 Y94.95 E2335.91847
G1 X152.578 Y94.76 E2335.92605
G1 X152.578 Y95.794 E2335.95648
G0 F9000 X152.2 Y96.424
G1 F1500 X152.649 Y96.424 E2335.97142
G1 X153.336 Y95.235 E2336.01709
G1 F1388.9 X153.793 Y94.382 E2336.05185
G1 X153.091 Y94.649 E2336.07883
G1 F1500 X152.847 Y94.585 E2336.08722
G1 F1188.1 X152.305 Y94.125 E2336.11707
G1 F1075.3 X152.253 Y94.605 E2336.13947
G1 F1327.4 X152.201 Y95.085 E2336.15762
G1 F1500 X152.2 Y96.424 E2336.20215
G1 F2700 E2331.20215
G0 F9000 X152.48 Y96.146
G0 X152.038 Y80.062
G0 X142.962 Y80.062
G0 X142.955 Y89.385
G0 X142.287 Y96.53
G0 X142.116 Y96.824
;TYPE:WALL-OUTER
G1 F2700 E2336.20215
G1 F1500 X143.2 Y96.824 E2336.23821
G1 X143.2 Y80.5 E2336.78115
G1 X143.267 Y80.35 E2336.78661
G1 X143.379 Y80.301 E2336.79068
G1 X151.621 Y80.3 E2337.06481
G1 X151.733 Y80.35 E2337.06889
G1 X151.8 Y80.5 E2337.07435
G1 X151.8 Y96.824 E2337.61729
G1 X152.88 Y96.824 E2337.65321
G1 X158.151 Y87.701 E2338.00365
G1 X157.117 Y87.7 E2338.03804
G1 X153.418 Y94.168 E2338.28586
G1 X153.193 Y94.262 E2338.29397
G1 X152.949 Y94.198 E2338.30236
G1 X152.802 Y94.039 E2338.30956
G1 X152.8 Y78.172 E2338.8373
G1 X142.2 Y78.172 E2339.18986
G1 X142.198 Y94.039 E2339.7176
G1 X142.05 Y94.198 E2339.72482
G1 X141.802 Y94.262 E2339.73334
G1 X141.598 Y94.197 E2339.74046
G1 X137.88 Y87.7 E2339.98943
G1 X136.848 Y87.7 E2340.02376
G1 X142.116 Y96.824 E2340.37418
G1 F2700 E2335.37418
;MESH:NONMESH
G0 F300 X142.116 Y96.824 Z10.2
G0 F9000 X142.287 Y96.53
G0 X137.227 Y87.92
G0 X136.289 Y88.463
G0 X98.88 Y86.841
G0 X96.617 Y86.841
G0 X93.665 Y87.92
G0 X82.7 Y80.5
;TIME_ELAPSED:4204.612555
;LAYER:50
;TYPE:WALL-INNER
;MESH:batclipholder.stl(1)
G1 F2700 E2340.37418
G1 F991.7 X82.695 Y94.125 E2341.05959
G0 F9000 X82.441 Y94.839
G0 X81.785 Y95.013
G0 X81.263 Y94.477
G1 F1239.7 X77.621 Y88.146 E2341.35353
G0 F9000 X81.785 Y95.013
G0 X82.422 Y95.799
G1 F1685.4 X82.422 Y94.76 E2341.38429
G1 X82.245 Y94.952 E2341.39202
G1 X81.973 Y95.021 E2341.40033
G1 X82.422 Y95.799 E2341.42692
G0 F9000 X82.8 Y96.424
G1 F1500 X82.8 Y95.089 E2341.47132
G1 F1327.4 X82.748 Y94.607 E2341.48954
G1 F1075.3 X82.695 Y94.125 E2341.51204
G1 F1188.1 X82.15 Y94.586 E2341.54201
G1 F1500 X81.902 Y94.649 E2341.55052
G1 F1373 X81.263 Y94.477 E2341.57457
G1 X81.658 Y95.23 E2341.60547
G1 F1500 X82.346 Y96.424 E2341.6513
G1 X82.8 Y96.424 E2341.6664
G1 F2700 E2336.6664
G0 F9000 X82.52 Y96.146
G0 X82.962 Y80.062
G0 X92.038 Y80.062
G0 X92.305 Y94.125
G1 F2700 E2341.6664
G1 F991.7 X92.3 Y80.5 E2342.35182
G0 F9000 X91.967 Y79.585
G1 F1284.8 X91.967 Y79.005 E2342.37434
G1 F1282.1 X83.034 Y79.006 E2342.72196
G1 X83.034 Y79.585 E2342.74449
G1 X83.291 Y79.471 E2342.75544
G1 X91.709 Y79.471 E2343.08302
G1 F1284.8 X91.967 Y79.585 E2343.09397
G0 F9000 X92.3 Y80.5
G1 F1200 X92.4 Y79.869 E2343.12053
G1 F1500 X92.4 Y78.572 E2343.16367
G1 X82.6 Y78.572 E2343.48962
G1 X82.6 Y79.869 E2343.53276
G1 F1200 X82.7 Y80.5 E2343.55932
G1 X83.002 Y80.05 E2343.58185
G1 F1500 X83.337 Y79.903 E2343.59402
G1 X91.663 Y79.902 E2343.87094
G1 X91.998 Y80.05 E2343.88312
G1 F1200 X92.3 Y80.5 E2343.90565
G0 F9000 X92.559 Y94.839
G0 X93.215 Y95.013
G0 X97.376 Y88.148
G1 F1229.5 X95.584 Y91.265 E2344.05155
G1 F1271.2 X93.793 Y94.382 E2344.19263
G0 F9000 X92.578 Y95.794
G1 F1694.9 X93.025 Y95.021 E2344.21892
G1 X92.752 Y94.95 E2344.22722
G1 X92.578 Y94.76 E2344.23481
G1 X92.578 Y95.794 E2344.26524
G0 F9000 X92.649 Y96.424
G1 F1500 X93.336 Y95.235 E2344.31091
G1 F1388.9 X93.793 Y94.382 E2344.34568
G1 X93.091 Y94.649 E2344.37265
G1 F1500 X92.847 Y94.585 E2344.38104
G1 F1188.1 X92.305 Y94.125 E2344.41089
G1 F1075.3 X92.253 Y94.605 E2344.4333
G1 F1327.4 X92.201 Y95.085 E2344.45144
G1 F1500 X92.2 Y96.424 E2344.49598
G1 X92.649 Y96.424 E2344.51091
G0 F9000 X92.88 Y96.824
;TYPE:WALL-OUTER
G1 F1500 X98.151 Y87.701 E2344.86135
G1 X97.117 Y87.7 E2344.89574
G1 X93.418 Y94.168 E2345.14356
G1 X93.193 Y94.262 E2345.15167
G1 X92.949 Y94.198 E2345.16006
G1 X92.802 Y94.039 E2345.16726
G1 X92.8 Y78.172 E2345.695
G1 X82.2 Y78.172 E2346.04756
G1 X82.198 Y94.039 E2346.5753
G1 X82.05 Y94.198 E2346.58252
G1 X81.802 Y94.262 E2346.59104
G1 X81.598 Y94.197 E2346.59816
G1 X77.88 Y87.7 E2346.84714
G1 X76.848 Y87.7 E2346.88146
G1 X82.116 Y96.824 E2347.23188
G1 X83.2 Y96.824 E2347.26793
G1 X83.2 Y80.5 E2347.81087
G1 X83.267 Y80.35 E2347.81633
G1 X83.379 Y80.301 E2347.8204
G1 X91.621 Y80.3 E2348.09453
G1 X91.733 Y80.35 E2348.09861
G1 X91.8 Y80.5 E2348.10407
G1 X91.8 Y96.824 E2348.64701
G1 X92.88 Y96.824 E2348.68293
G1 F2700 E2343.68293
;MESH:batclipholder.stl
G0 F9000 X92.713 Y96.53
G0 X92.024 Y96.602
G0 X92.024 Y97.691
G0 X92.024 Y137.309
G0 X92.024 Y138.404
G0 X91.967 Y139.585
;TYPE:WALL-INNER
G1 F2700 E2348.68293
G1 F1284.8 X91.967 Y139.005 E2348.70545
G1 F1282.1 X83.034 Y139.006 E2349.05308
G1 X83.034 Y139.585 E2349.07561
G1 X83.291 Y139.471 E2349.08655
G1 X91.709 Y139.471 E2349.41413
G1 F1284.8 X91.967 Y139.585 E2349.42508
G0 F9000 X92.3 Y140.5
G1 F1200 X92.4 Y139.869 E2349.45164
G1 F1500 X92.4 Y138.572 E2349.49478
G1 X82.6 Y138.572 E2349.82073
G1 X82.6 Y139.869 E2349.86387
G1 F1200 X82.7 Y140.5 E2349.89043
G1 X83.002 Y140.05 E2349.91296
G1 F1500 X83.337 Y139.903 E2349.92513
G1 X91.663 Y139.902 E2350.20205
G1 X91.998 Y140.05 E2350.21423
G1 F1200 X92.3 Y140.5 E2350.23677
G1 F991.7 X92.305 Y154.125 E2350.92218
G0 F9000 X92.559 Y154.839
G0 X93.215 Y155.013
G0 X93.793 Y154.382
G1 F1271.2 X95.584 Y151.265 E2351.06327
G1 F1229.5 X97.376 Y148.148 E2351.20917
G0 F9000 X93.215 Y155.013
G0 X92.578 Y155.794
G1 F1694.9 X93.025 Y155.021 E2351.23545
G1 X92.752 Y154.95 E2351.24375
G1 X92.578 Y154.76 E2351.25134
G1 X92.578 Y155.794 E2351.28177
G0 F9000 X92.649 Y156.424
G1 F1500 X93.336 Y155.235 E2351.32745
G1 F1388.9 X93.793 Y154.382 E2351.36221
G1 X93.091 Y154.649 E2351.38919
G1 F1500 X92.847 Y154.585 E2351.39758
G1 F1188.1 X92.305 Y154.125 E2351.42743
G1 F1075.3 X92.253 Y154.605 E2351.44983
G1 F1327.4 X92.201 Y155.085 E2351.46797
G1 F1500 X92.2 Y156.424 E2351.51251
G1 X92.649 Y156.424 E2351.52744
G1 F2700 E2346.52744
G0 F9000 X92.483 Y156.13
G0 X92.038 Y140.062
G0 X82.962 Y140.062
G0 X82.695 Y154.125
G1 F2700 E2351.52744
G1 F991.7 X82.7 Y140.5 E2352.21286
G0 F9000 X82.441 Y154.839
G0 X81.785 Y155.013
G0 X77.621 Y148.146
G1 F1239.7 X81.263 Y154.477 E2352.5068
G0 F9000 X82.422 Y155.799
G1 F1685.4 X82.422 Y154.76 E2352.53756
G1 X82.245 Y154.952 E2352.54529
G1 X81.973 Y155.021 E2352.55359
G1 X82.422 Y155.799 E2352.58018
G0 F9000 X82.8 Y156.424
G1 F1500 X82.8 Y155.089 E2352.62459
G1 F1327.4 X82.748 Y154.607 E2352.64281
G1 F1075.3 X82.695 Y154.125 E2352.66531
G1 F1188.1 X82.15 Y154.586 E2352.69528
G1 F1500 X81.902 Y154.649 E2352.70379
G1 F1373 X81.263 Y154.477 E2352.72784
G1 X81.658 Y155.23 E2352.75873
G1 F1500 X82.346 Y156.424 E2352.80457
G1 X82.8 Y156.424 E2352.81967
G1 F2700 E2347.81967
G0 F9000 X82.52 Y156.146
G0 X82.962 Y140.062
G0 X92.038 Y140.062
G0 X92.045 Y149.385
G0 X92.713 Y156.53
G0 X92.88 Y156.824
;TYPE:WALL-OUTER
G1 F2700 E2352.81967
G1 F1500 X98.151 Y147.701 E2353.1701
G1 X97.117 Y147.7 E2353.2045
G1 X93.418 Y154.168 E2353.45232
G1 X93.193 Y154.262 E2353.46043
G1 X92.949 Y154.198 E2353.46882
G1 X92.802 Y154.039 E2353.47602
G1 X92.8 Y138.172 E2354.00376
G1 X82.2 Y138.172 E2354.35632
G1 X82.198 Y154.039 E2354.88405
G1 X82.05 Y154.198 E2354.89128
G1 X81.802 Y154.262 E2354.8998
G1 X81.598 Y154.197 E2354.90692
G1 X77.88 Y147.7 E2355.15589
G1 X76.848 Y147.7 E2355.19022
G1 X82.116 Y156.824 E2355.54063
G1 X83.2 Y156.824 E2355.57669
G1 X83.2 Y140.5 E2356.11962
G1 X83.267 Y140.35 E2356.12509
G1 X83.379 Y140.301 E2356.12915
G1 X91.621 Y140.3 E2356.40329
G1 X91.733 Y140.35 E2356.40736
G1 X91.8 Y140.5 E2356.41283
G1 X91.8 Y156.824 E2356.95577
G1 X92.88 Y156.824 E2356.99169
G1 F2700 E2351.99169
;MESH:batclipholder.stl(3)
G0 F9000 X92.713 Y156.53
G0 X97.773 Y147.92
G0 X98.712 Y148.462
G0 X136.289 Y148.463
G0 X137.621 Y148.146
;TYPE:WALL-INNER
G1 F2700 E2356.99169
G1 F1239.7 X141.263 Y154.477 E2357.28563
G0 F9000 X141.785 Y155.013
G0 X142.441 Y154.839
G0 X142.695 Y154.125
G1 F991.7 X142.7 Y140.5 E2357.97105
G0 F9000 X143.034 Y139.585
G1 F1282.1 X143.291 Y139.471 E2357.98199
G1 X151.709 Y139.471 E2358.30957
G1 F1284.8 X151.967 Y139.585 E2358.32052
G1 X151.967 Y139.005 E2358.34304
G1 F1282.1 X143.034 Y139.006 E2358.69067
G1 X143.034 Y139.585 E2358.7132
G0 F9000 X142.7 Y140.5
G1 F1200 X143.002 Y140.05 E2358.73573
G1 F1500 X143.337 Y139.903 E2358.7479
G1 X151.663 Y139.902 E2359.02482
G1 X151.998 Y140.05 E2359.037
G1 F1200 X152.3 Y140.5 E2359.05953
G1 X152.4 Y139.869 E2359.08609
G1 F1500 X152.4 Y138.572 E2359.12923
G1 X142.6 Y138.572 E2359.45518
G1 X142.6 Y139.869 E2359.49832
G1 F1200 X142.7 Y140.5 E2359.52488
G0 F9000 X142.962 Y140.062
G0 X152.038 Y140.062
G0 X152.3 Y140.5
G1 F991.7 X152.305 Y154.125 E2360.2103
G0 F9000 X152.559 Y154.839
G0 X153.215 Y155.013
G0 X153.793 Y154.382
G1 F1271.2 X155.584 Y151.265 E2360.35139
G1 F1229.5 X157.376 Y148.148 E2360.49728
G0 F9000 X153.215 Y155.013
G0 X152.578 Y155.794
G1 F1694.9 X153.025 Y155.021 E2360.52357
G1 X152.752 Y154.95 E2360.53187
G1 X152.578 Y154.76 E2360.53945
G1 X152.578 Y155.794 E2360.56989
G0 F9000 X152.2 Y156.424
G1 F1500 X152.649 Y156.424 E2360.58482
G1 X153.336 Y155.235 E2360.63049
G1 F1388.9 X153.793 Y154.382 E2360.66526
G1 X153.091 Y154.649 E2360.69223
G1 F1500 X152.847 Y154.585 E2360.70062
G1 F1188.1 X152.305 Y154.125 E2360.73048
G1 F1075.3 X152.253 Y154.605 E2360.75288
G1 F1327.4 X152.201 Y155.085 E2360.77102
G1 F1500 X152.2 Y156.424 E2360.81556
G1 F2700 E2355.81556
G0 F9000 X152.48 Y156.146
G0 X152.038 Y140.062
G0 X142.962 Y140.062
G0 X142.422 Y155.799
G1 F2700 E2360.81556
G1 F1685.4 X142.422 Y154.76 E2360.84631
G1 X142.245 Y154.952 E2360.85404
G1 X141.973 Y155.021 E2360.86235
G1 X142.422 Y155.799 E2360.88894
G0 F9000 X142.346 Y156.424
G1 F1500 X142.8 Y156.424 E2360.90404
G1 X142.8 Y155.089 E2360.94844
G1 F1327.4 X142.748 Y154.607 E2360.96666
G1 F1075.3 X142.695 Y154.125 E2360.98916
G1 F1188.1 X142.15 Y154.586 E2361.01914
G1 F1500 X141.902 Y154.649 E2361.02765
G1 F1373 X141.263 Y154.477 E2361.05169
G1 X141.658 Y155.23 E2361.08259
G1 F1500 X142.346 Y156.424 E2361.12842
G0 F9000 X142.116 Y156.824
;TYPE:WALL-OUTER
G1 F1500 X143.2 Y156.824 E2361.16448
G1 X143.2 Y140.5 E2361.70742
G1 X143.267 Y140.35 E2361.71288
G1 X143.379 Y140.301 E2361.71695
G1 X151.621 Y140.3 E2361.99108
G1 X151.733 Y140.35 E2361.99516
G1 X151.8 Y140.5 E2362.00062
G1 X151.8 Y156.824 E2362.54356
G1 X152.88 Y156.824 E2362.57948
G1 X158.151 Y147.701 E2362.92992
G1 X157.117 Y147.7 E2362.96431
G1 X153.418 Y154.168 E2363.21213
G1 X153.193 Y154.262 E2363.22024
G1 X152.949 Y154.198 E2363.22863
G1 X152.802 Y154.039 E2363.23583
G1 X152.8 Y138.172 E2363.76357
G1 X142.2 Y138.172 E2364.11613
G1 X142.198 Y154.039 E2364.64387
G1 X142.05 Y154.198 E2364.65109
G1 X141.802 Y154.262 E2364.65961
G1 X141.598 Y154.197 E2364.66673
G1 X137.88 Y147.7 E2364.9157
G1 X136.848 Y147.7 E2364.95003
G1 X142.116 Y156.824 E2365.30044
G1 F2700 E2360.30044
;MESH:batclipholder.stl(2)
G0 F9000 X142.287 Y156.53
G0 X142.412 Y155.16
G0 X142.424 Y138.398
G0 X142.424 Y137.309
G0 X142.424 Y97.691
G0 X142.424 Y96.596
G0 X142.422 Y95.799
;TYPE:WALL-INNER
G1 F2700 E2365.30044
G1 F1685.4 X142.422 Y94.76 E2365.3312
G1 X142.245 Y94.952 E2365.33893
G1 X141.973 Y95.021 E2365.34724
G1 X142.422 Y95.799 E2365.37383
G0 F9000 X142.346 Y96.424
G1 F1500 X142.8 Y96.424 E2365.38893
G1 X142.8 Y95.089 E2365.43333
G1 F1327.4 X142.748 Y94.607 E2365.45155
G1 F1075.3 X142.695 Y94.125 E2365.47405
G1 F1188.1 X142.15 Y94.586 E2365.50402
G1 F1500 X141.902 Y94.649 E2365.51253
G1 F1373 X141.263 Y94.477 E2365.53658
G1 X141.658 Y95.23 E2365.56748
G1 F1500 X142.346 Y96.424 E2365.61331
G0 F9000 X142.517 Y96.13
G0 X141.263 Y94.477
G1 F1239.7 X137.621 Y88.146 E2365.90725
G0 F9000 X141.785 Y95.013
G0 X142.441 Y94.839
G0 X142.695 Y94.125
G1 F991.7 X142.7 Y80.5 E2366.59267
G0 F9000 X143.034 Y79.585
G1 F1282.1 X143.291 Y79.471 E2366.60361
G1 X151.709 Y79.471 E2366.93119
G1 F1284.8 X151.967 Y79.585 E2366.94214
G1 X151.967 Y79.005 E2366.96467
G1 F1282.1 X143.034 Y79.006 E2367.31229
G1 X143.034 Y79.585 E2367.33482
G0 F9000 X142.7 Y80.5
G1 F1200 X143.002 Y80.05 E2367.35735
G1 F1500 X143.337 Y79.903 E2367.36952
G1 X151.663 Y79.902 E2367.64644
G1 X151.998 Y80.05 E2367.65862
G1 F1200 X152.3 Y80.5 E2367.68115
G1 X152.4 Y79.869 E2367.70772
G1 F1500 X152.4 Y78.572 E2367.75085
G1 X142.6 Y78.572 E2368.0768
G1 X142.6 Y79.869 E2368.11994
G1 F1200 X142.7 Y80.5 E2368.1465
G0 F9000 X142.962 Y80.062
G0 X152.038 Y80.062
G0 X152.3 Y80.5
G1 F991.7 X152.305 Y94.125 E2368.83192
G0 F9000 X152.559 Y94.839
G0 X153.215 Y95.013
G0 X153.793 Y94.382
G1 F1271.2 X155.584 Y91.265 E2368.97301
G1 F1229.5 X157.376 Y88.148 E2369.1189
G0 F9000 X153.215 Y95.013
G0 X152.578 Y95.794
G1 F1694.9 X153.025 Y95.021 E2369.14519
G1 X152.752 Y94.95 E2369.15349
G1 X152.578 Y94.76 E2369.16107
G1 X152.578 Y95.794 E2369.19151
G0 F9000 X152.2 Y96.424
G1 F1500 X152.649 Y96.424 E2369.20644
G1 X153.336 Y95.235 E2369.25212
G1 F1388.9 X153.793 Y94.382 E2369.28688
G1 X153.091 Y94.649 E2369.31386
G1 F1500 X152.847 Y94.585 E2369.32225
G1 F1188.1 X152.305 Y94.125 E2369.3521
G1 F1075.3 X152.253 Y94.605 E2369.3745
G1 F1327.4 X152.201 Y95.085 E2369.39264
G1 F1500 X152.2 Y96.424 E2369.43718
G1 F2700 E2364.43718
G0 F9000 X152.48 Y96.146
G0 X152.038 Y80.062
G0 X142.962 Y80.062
G0 X142.955 Y89.385
G0 X142.287 Y96.53
G0 X142.116 Y96.824
;TYPE:WALL-OUTER
G1 F2700 E2369.43718
G1 F1500 X143.2 Y96.824 E2369.47323
G1 X143.2 Y80.5 E2370.01617
G1 X143.267 Y80.35 E2370.02164
G1 X143.379 Y80.301 E2370.0257
G1 X151.621 Y80.3 E2370.29983
G1 X151.733 Y80.35 E2370.30391
G1 X151.8 Y80.5 E2370.30938
G1 X151.8 Y96.824 E2370.85231
G1 X152.88 Y96.824 E2370.88824
G1 X158.151 Y87.701 E2371.23867
G1 X157.117 Y87.7 E2371.27306
G1 X153.418 Y94.168 E2371.52089
G1 X153.193 Y94.262 E2371.529
G1 X152.949 Y94.198 E2371.53739
G1 X152.802 Y94.039 E2371.54459
G1 X152.8 Y78.172 E2372.07233
G1 X142.2 Y78.172 E2372.42488
G1 X142.198 Y94.039 E2372.95262
G1 X142.05 Y94.198 E2372.95985
G1 X141.802 Y94.262 E2372.96837
G1 X141.598 Y94.197 E2372.97549
G1 X137.88 Y87.7 E2373.22446
G1 X136.848 Y87.7 E2373.25878
G1 X142.116 Y96.824 E2373.6092
G1 F2700 E2368.6092
;MESH:NONMESH
G0 F300 X142.116 Y96.824 Z10.4
G0 F9000 X142.287 Y96.53
G0 X137.227 Y87.92
G0 X136.289 Y88.463
G0 X98.88 Y86.841
G0 X96.617 Y86.841
G0 X93.665 Y87.92
G0 X82.7 Y80.5
;TIME_ELAPSED:4265.023232
;LAYER:51
;TYPE:WALL-INNER
;MESH:batclipholder.stl(1)
G1 F2700 E2373.6092
G1 F991.7 X82.695 Y94.125 E2374.29462
G0 F9000 X82.441 Y94.839
G0 X81.785 Y95.013
G0 X81.263 Y94.477
G1 F1239.7 X77.621 Y88.146 E2374.58856
G0 F9000 X81.785 Y95.013
G0 X82.422 Y95.799
G1 F1685.4 X82.422 Y94.76 E2374.61932
G1 X82.245 Y94.952 E2374.62705
G1 X81.973 Y95.021 E2374.63535
G1 X82.422 Y95.799 E2374.66194
G0 F9000 X82.8 Y96.424
G1 F1500 X82.8 Y95.089 E2374.70634
G1 F1327.4 X82.748 Y94.607 E2374.72457
G1 F1075.3 X82.695 Y94.125 E2374.74706
G1 F1188.1 X82.15 Y94.586 E2374.77704
G1 F1500 X81.902 Y94.649 E2374.78555
G1 F1373 X81.263 Y94.477 E2374.80959
G1 X81.658 Y95.23 E2374.84049
G1 F1500 X82.346 Y96.424 E2374.88633
G1 X82.8 Y96.424 E2374.90143
G1 F2700 E2369.90143
G0 F9000 X82.52 Y96.146
G0 X82.962 Y80.062
G0 X92.038 Y80.062
G0 X92.305 Y94.125
G1 F2700 E2374.90143
G1 F991.7 X92.3 Y80.5 E2375.58684
G0 F9000 X91.967 Y79.585
G1 F1284.8 X91.967 Y79.005 E2375.60937
G1 F1282.1 X83.034 Y79.006 E2375.95699
G1 X83.034 Y79.585 E2375.97952
G1 X83.291 Y79.471 E2375.99046
G1 X91.709 Y79.471 E2376.31804
G1 F1284.8 X91.967 Y79.585 E2376.32899
G0 F9000 X92.3 Y80.5
G1 F1200 X92.4 Y79.869 E2376.35556
G1 F1500 X92.4 Y78.572 E2376.39869
G1 X82.6 Y78.572 E2376.72464
G1 X82.6 Y79.869 E2376.76778
G1 F1200 X82.7 Y80.5 E2376.79434
G1 X83.002 Y80.05 E2376.81687
G1 F1500 X83.337 Y79.903 E2376.82904
G1 X91.663 Y79.902 E2377.10597
G1 X91.998 Y80.05 E2377.11815
G1 F1200 X92.3 Y80.5 E2377.14068
G0 F9000 X92.559 Y94.839
G0 X93.215 Y95.013
G0 X97.376 Y88.148
G1 F1229.5 X95.584 Y91.265 E2377.28657
G1 F1271.2 X93.793 Y94.382 E2377.42766
G0 F9000 X92.578 Y95.794
G1 F1694.9 X93.025 Y95.021 E2377.45394
G1 X92.752 Y94.95 E2377.46225
G1 X92.578 Y94.76 E2377.46983
G1 X92.578 Y95.794 E2377.50027
G0 F9000 X92.649 Y96.424
G1 F1500 X93.336 Y95.235 E2377.54594
G1 F1388.9 X93.793 Y94.382 E2377.5807
G1 X93.091 Y94.649 E2377.60768
G1 F1500 X92.847 Y94.585 E2377.61607
G1 F1188.1 X92.305 Y94.125 E2377.64592
G1 F1075.3 X92.253 Y94.605 E2377.66832
G1 F1327.4 X92.201 Y95.085 E2377.68647
G1 F1500 X92.2 Y96.424 E2377.731
G1 X92.649 Y96.424 E2377.74594
G0 F9000 X92.88 Y96.824
;TYPE:WALL-OUTER
G1 F1500 X98.151 Y87.701 E2378.09637
G1 X97.117 Y87.7 E2378.13076
G1 X93.418 Y94.168 E2378.37859
G1 X93.193 Y94.262 E2378.3867
G1 X92.949 Y94.198 E2378.39509
G1 X92.802 Y94.039 E2378.40229
G1 X92.8 Y78.172 E2378.93003
G1 X82.2 Y78.172 E2379.28258
G1 X82.198 Y94.039 E2379.81032
G1 X82.05 Y94.198 E2379.81755
G1 X81.802 Y94.262 E2379.82607
G1 X81.598 Y94.197 E2379.83319
G1 X77.88 Y87.7 E2380.08216
G1 X76.848 Y87.7 E2380.11649
G1 X82.116 Y96.824 E2380.4669
G1 X83.2 Y96.824 E2380.50296
G1 X83.2 Y80.5 E2381.04589
G1 X83.267 Y80.35 E2381.05136
G1 X83.379 Y80.301 E2381.05542
G1 X91.621 Y80.3 E2381.32955
G1 X91.733 Y80.35 E2381.33363
G1 X91.8 Y80.5 E2381.3391
G1 X91.8 Y96.824 E2381.88204
G1 X92.88 Y96.824 E2381.91796
G1 F2700 E2376.91796
;MESH:batclipholder.stl
G0 F9000 X92.713 Y96.53
G0 X92.024 Y96.602
G0 X92.024 Y97.691
G0 X92.024 Y137.309
G0 X92.024 Y138.404
G0 X91.967 Y139.585
;TYPE:WALL-INNER
G1 F2700 E2381.91796
G1 F1284.8 X91.967 Y139.005 E2381.94048
G1 F1282.1 X83.034 Y139.006 E2382.2881
G1 X83.034 Y139.585 E2382.31063
G1 X83.291 Y139.471 E2382.32157
G1 X91.709 Y139.471 E2382.64915
G1 F1284.8 X91.967 Y139.585 E2382.66011
G0 F9000 X92.3 Y140.5
G1 F1200 X92.4 Y139.869 E2382.68667
G1 F1500 X92.4 Y138.572 E2382.72981
G1 X82.6 Y138.572 E2383.05576
G1 X82.6 Y139.869 E2383.09889
G1 F1200 X82.7 Y140.5 E2383.12546
G1 X83.002 Y140.05 E2383.14799
G1 F1500 X83.337 Y139.903 E2383.16015
G1 X91.663 Y139.902 E2383.43708
G1 X91.998 Y140.05 E2383.44926
G1 F1200 X92.3 Y140.5 E2383.47179
G1 F991.7 X92.305 Y154.125 E2384.15721
G0 F9000 X92.559 Y154.839
G0 X93.215 Y155.013
G0 X93.793 Y154.382
G1 F1271.2 X95.584 Y151.265 E2384.2983
G1 F1229.5 X97.376 Y148.148 E2384.44419
G0 F9000 X93.215 Y155.013
G0 X92.578 Y155.794
G1 F1694.9 X93.025 Y155.021 E2384.47048
G1 X92.752 Y154.95 E2384.47878
G1 X92.578 Y154.76 E2384.48636
G1 X92.578 Y155.794 E2384.5168
G0 F9000 X92.649 Y156.424
G1 F1500 X93.336 Y155.235 E2384.56247
G1 F1388.9 X93.793 Y154.382 E2384.59723
G1 X93.091 Y154.649 E2384.62421
G1 F1500 X92.847 Y154.585 E2384.6326
G1 F1188.1 X92.305 Y154.125 E2384.66245
G1 F1075.3 X92.253 Y154.605 E2384.68485
G1 F1327.4 X92.201 Y155.085 E2384.703
G1 F1500 X92.2 Y156.424 E2384.74753
G1 X92.649 Y156.424 E2384.76247
G1 F2700 E2379.76247
G0 F9000 X92.483 Y156.13
G0 X92.038 Y140.062
G0 X82.962 Y140.062
G0 X82.695 Y154.125
G1 F2700 E2384.76247
G1 F991.7 X82.7 Y140.5 E2385.44789
G0 F9000 X82.441 Y154.839
G0 X81.785 Y155.013
G0 X77.621 Y148.146
G1 F1239.7 X81.263 Y154.477 E2385.74183
G0 F9000 X82.422 Y155.799
G1 F1685.4 X82.422 Y154.76 E2385.77258
G1 X82.245 Y154.952 E2385.78031
G1 X81.973 Y155.021 E2385.78862
G1 X82.422 Y155.799 E2385.81521
G0 F9000 X82.8 Y156.424
G1 F1500 X82.8 Y155.089 E2385.85961
G1 F1327.4 X82.748 Y154.607 E2385.87783
G1 F1075.3 X82.695 Y154.125 E2385.90033
G1 F1188.1 X82.15 Y154.586 E2385.93031
G1 F1500 X81.902 Y154.649 E2385.93882
G1 F1373 X81.263 Y154.477 E2385.96286
G1 X81.658 Y155.23 E2385.99376
G1 F1500 X82.346 Y156.424 E2386.03959
G1 X82.8 Y156.424 E2386.05469
G1 F2700 E2381.05469
G0 F9000 X82.52 Y156.146
G0 X82.962 Y140.062
G0 X92.038 Y140.062
G0 X92.045 Y149.385
G0 X92.713 Y156.53
G0 X92.88 Y156.824
;TYPE:WALL-OUTER
G1 F2700 E2386.05469
G1 F1500 X98.151 Y147.701 E2386.40513
G1 X97.117 Y147.7 E2386.43952
G1 X93.418 Y154.168 E2386.68734
G1 X93.193 Y154.262 E2386.69545
G1 X92.949 Y154.198 E2386.70384
G1 X92.802 Y154.039 E2386.71105
G1 X92.8 Y138.172 E2387.23878
G1 X82.2 Y138.172 E2387.59134
G1 X82.198 Y154.039 E2388.11908
G1 X82.05 Y154.198 E2388.1263
G1 X81.802 Y154.262 E2388.13482
G1 X81.598 Y154.197 E2388.14194
G1 X77.88 Y147.7 E2388.39092
G1 X76.848 Y147.7 E2388.42524
G1 X82.116 Y156.824 E2388.77566
G1 X83.2 Y156.824 E2388.81171
G1 X83.2 Y140.5 E2389.35465
G1 X83.267 Y140.35 E2389.36011
G1 X83.379 Y140.301 E2389.36418
G1 X91.621 Y140.3 E2389.63831
G1 X91.733 Y140.35 E2389.64239
G1 X91.8 Y140.5 E2389.64785
G1 X91.8 Y156.824 E2390.19079
G1 X92.88 Y156.824 E2390.22671
G1 F2700 E2385.22671
;MESH:batclipholder.stl(3)
G0 F9000 X92.713 Y156.53
G0 X97.773 Y147.92
G0 X98.712 Y148.462
G0 X136.289 Y148.463
G0 X137.621 Y148.146
;TYPE:WALL-INNER
G1 F2700 E2390.22671
G1 F1239.7 X141.263 Y154.477 E2390.52065
G0 F9000 X141.785 Y155.013
G0 X142.441 Y154.839
G0 X142.695 Y154.125
G1 F991.7 X142.7 Y140.5 E2391.20607
G0 F9000 X143.034 Y139.585
G1 F1282.1 X143.291 Y139.471 E2391.21701
G1 X151.709 Y139.471 E2391.54459
G1 F1284.8 X151.967 Y139.585 E2391.55555
G1 X151.967 Y139.005 E2391.57807
G1 F1282.1 X143.034 Y139.006 E2391.92569
G1 X143.034 Y139.585 E2391.94822
G0 F9000 X142.7 Y140.5
G1 F1200 X143.002 Y140.05 E2391.97075
G1 F1500 X143.337 Y139.903 E2391.98292
G1 X151.663 Y139.902 E2392.25985
G1 X151.998 Y140.05 E2392.27203
G1 F1200 X152.3 Y140.5 E2392.29456
G1 X152.4 Y139.869 E2392.32112
G1 F1500 X152.4 Y138.572 E2392.36426
G1 X142.6 Y138.572 E2392.69021
G1 X142.6 Y139.869 E2392.73335
G1 F1200 X142.7 Y140.5 E2392.75991
G0 F9000 X142.962 Y140.062
G0 X152.038 Y140.062
G0 X152.3 Y140.5
G1 F991.7 X152.305 Y154.125 E2393.44533
G0 F9000 X152.559 Y154.839
G0 X153.215 Y155.013
G0 X153.793 Y154.382
G1 F1271.2 X155.584 Y151.265 E2393.58641
G1 F1229.5 X157.376 Y148.148 E2393.73231
G0 F9000 X153.215 Y155.013
G0 X152.578 Y155.794
G1 F1694.9 X153.025 Y155.021 E2393.75859
G1 X152.752 Y154.95 E2393.76689
G1 X152.578 Y154.76 E2393.77448
G1 X152.578 Y155.794 E2393.80491
G0 F9000 X152.2 Y156.424
G1 F1500 X152.649 Y156.424 E2393.81985
G1 X153.336 Y155.235 E2393.86552
G1 F1388.9 X153.793 Y154.382 E2393.90028
G1 X153.091 Y154.649 E2393.92726
G1 F1500 X152.847 Y154.585 E2393.93565
G1 F1188.1 X152.305 Y154.125 E2393.9655
G1 F1075.3 X152.253 Y154.605 E2393.9879
G1 F1327.4 X152.201 Y155.085 E2394.00605
G1 F1500 X152.2 Y156.424 E2394.05058
G1 F2700 E2389.05058
G0 F9000 X152.48 Y156.146
G0 X152.038 Y140.062
G0 X142.962 Y140.062
G0 X142.422 Y155.799
G1 F2700 E2394.05058
G1 F1685.4 X142.422 Y154.76 E2394.08134
G1 X142.245 Y154.952 E2394.08907
G1 X141.973 Y155.021 E2394.09738
G1 X142.422 Y155.799 E2394.12397
G0 F9000 X142.346 Y156.424
G1 F1500 X142.8 Y156.424 E2394.13907
G1 X142.8 Y155.089 E2394.18347
G1 F1327.4 X142.748 Y154.607 E2394.20169
G1 F1075.3 X142.695 Y154.125 E2394.22419
G1 F1188.1 X142.15 Y154.586 E2394.25416
G1 F1500 X141.902 Y154.649 E2394.26267
G1 F1373 X141.263 Y154.477 E2394.28672
G1 X141.658 Y155.23 E2394.31762
G1 F1500 X142.346 Y156.424 E2394.36345
G0 F9000 X142.116 Y156.824
;TYPE:WALL-OUTER
G1 F1500 X143.2 Y156.824 E2394.3995
G1 X143.2 Y140.5 E2394.94244
G1 X143.267 Y140.35 E2394.94791
G1 X143.379 Y140.301 E2394.95197
G1 X151.621 Y140.3 E2395.2261
G1 X151.733 Y140.35 E2395.23018
G1 X151.8 Y140.5 E2395.23565
G1 X151.8 Y156.824 E2395.77858
G1 X152.88 Y156.824 E2395.8145
G1 X158.151 Y147.701 E2396.16494
G1 X157.117 Y147.7 E2396.19933
G1 X153.418 Y154.168 E2396.44715
G1 X153.193 Y154.262 E2396.45526
G1 X152.949 Y154.198 E2396.46365
G1 X152.802 Y154.039 E2396.47086
G1 X152.8 Y138.172 E2396.9986
G1 X142.2 Y138.172 E2397.35115
G1 X142.198 Y154.039 E2397.87889
G1 X142.05 Y154.198 E2397.88612
G1 X141.802 Y154.262 E2397.89464
G1 X141.598 Y154.197 E2397.90176
G1 X137.88 Y147.7 E2398.15073
G1 X136.848 Y147.7 E2398.18505
G1 X142.116 Y156.824 E2398.53547
G1 F2700 E2393.53547
;MESH:batclipholder.stl(2)
G0 F9000 X142.287 Y156.53
G0 X142.412 Y155.16
G0 X142.424 Y138.398
G0 X142.424 Y137.309
G0 X142.424 Y97.691
G0 X142.424 Y96.596
G0 X142.422 Y95.799
;TYPE:WALL-INNER
G1 F2700 E2398.53547
G1 F1685.4 X142.422 Y94.76 E2398.56623
G1 X142.245 Y94.952 E2398.57396
G1 X141.973 Y95.021 E2398.58226
G1 X142.422 Y95.799 E2398.60885
G0 F9000 X142.346 Y96.424
G1 F1500 X142.8 Y96.424 E2398.62395
G1 X142.8 Y95.089 E2398.66835
G1 F1327.4 X142.748 Y94.607 E2398.68658
G1 F1075.3 X142.695 Y94.125 E2398.70907
G1 F1188.1 X142.15 Y94.586 E2398.73905
G1 F1500 X141.902 Y94.649 E2398.74756
G1 F1373 X141.263 Y94.477 E2398.7716
G1 X141.658 Y95.23 E2398.8025
G1 F1500 X142.346 Y96.424 E2398.84834
G0 F9000 X142.517 Y96.13
G0 X141.263 Y94.477
G1 F1239.7 X137.621 Y88.146 E2399.14228
G0 F9000 X141.785 Y95.013
G0 X142.441 Y94.839
G0 X142.695 Y94.125
G1 F991.7 X142.7 Y80.5 E2399.82769
G0 F9000 X143.034 Y79.585
G1 F1282.1 X143.291 Y79.471 E2399.83864
G1 X151.709 Y79.471 E2400.16622
G1 F1284.8 X151.967 Y79.585 E2400.17717
G1 X151.967 Y79.005 E2400.19969
G1 F1282.1 X143.034 Y79.006 E2400.54731
G1 X143.034 Y79.585 E2400.56984
G0 F9000 X142.7 Y80.5
G1 F1200 X143.002 Y80.05 E2400.59238
G1 F1500 X143.337 Y79.903 E2400.60454
G1 X151.663 Y79.902 E2400.88147
G1 X151.998 Y80.05 E2400.89365
G1 F1200 X152.3 Y80.5 E2400.91618
G1 X152.4 Y79.869 E2400.94274
G1 F1500 X152.4 Y78.572 E2400.98588
G1 X142.6 Y78.572 E2401.31183
G1 X142.6 Y79.869 E2401.35497
G1 F1200 X142.7 Y80.5 E2401.38153
G0 F9000 X142.962 Y80.062
G0 X152.038 Y80.062
G0 X152.3 Y80.5
G1 F991.7 X152.305 Y94.125 E2402.06695
G0 F9000 X152.559 Y94.839
G0 X153.215 Y95.013
G0 X153.793 Y94.382
G1 F1271.2 X155.584 Y91.265 E2402.20804
G1 F1229.5 X157.376 Y88.148 E2402.35393
G0 F9000 X153.215 Y95.013
G0 X152.578 Y95.794
G1 F1694.9 X153.025 Y95.021 E2402.38021
G1 X152.752 Y94.95 E2402.38852
G1 X152.578 Y94.76 E2402.3961
G1 X152.578 Y95.794 E2402.42654
G0 F9000 X152.2 Y96.424
G1 F1500 X152.649 Y96.424 E2402.44147
G1 X153.336 Y95.235 E2402.48714
G1 F1388.9 X153.793 Y94.382 E2402.5219
G1 X153.091 Y94.649 E2402.54888
G1 F1500 X152.847 Y94.585 E2402.55727
G1 F1188.1 X152.305 Y94.125 E2402.58712
G1 F1075.3 X152.253 Y94.605 E2402.60952
G1 F1327.4 X152.201 Y95.085 E2402.62767
G1 F1500 X152.2 Y96.424 E2402.67221
G1 F2700 E2397.67221
G0 F9000 X152.48 Y96.146
G0 X152.038 Y80.062
G0 X142.962 Y80.062
G0 X142.955 Y89.385
G0 X142.287 Y96.53
G0 X142.116 Y96.824
;TYPE:WALL-OUTER
G1 F2700 E2402.67221
G1 F1500 X143.2 Y96.824 E2402.70826
G1 X143.2 Y80.5 E2403.2512
G1 X143.267 Y80.35 E2403.25666
G1 X143.379 Y80.301 E2403.26073
G1 X151.621 Y80.3 E2403.53486
G1 X151.733 Y80.35 E2403.53894
G1 X151.8 Y80.5 E2403.5444
G1 X151.8 Y96.824 E2404.08734
G1 X152.88 Y96.824 E2404.12326
G1 X158.151 Y87.701 E2404.4737
G1 X157.117 Y87.7 E2404.50809
G1 X153.418 Y94.168 E2404.75591
G1 X153.193 Y94.262 E2404.76402
G1 X152.949 Y94.198 E2404.77241
G1 X152.802 Y94.039 E2404.77961
G1 X152.8 Y78.172 E2405.30735
G1 X142.2 Y78.172 E2405.65991
G1 X142.198 Y94.039 E2406.18765
G1 X142.05 Y94.198 E2406.19487
G1 X141.802 Y94.262 E2406.20339
G1 X141.598 Y94.197 E2406.21051
G1 X137.88 Y87.7 E2406.45949
G1 X136.848 Y87.7 E2406.49381
G1 X142.116 Y96.824 E2406.84423
G1 F2700 E2401.84423
;MESH:NONMESH
G0 F300 X142.116 Y96.824 Z10.6
G0 F9000 X142.287 Y96.53
G0 X137.227 Y87.92
G0 X136.289 Y88.463
G0 X98.88 Y86.841
G0 X96.617 Y86.841
G0 X93.665 Y87.92
G0 X82.7 Y80.5
;TIME_ELAPSED:4325.433909
;LAYER:52
;TYPE:WALL-INNER
;MESH:batclipholder.stl(1)
G1 F2700 E2406.84423
G1 F991.7 X82.695 Y94.125 E2407.52964
G0 F9000 X82.441 Y94.839
G0 X81.785 Y95.013
G0 X81.263 Y94.477
G1 F1239.7 X77.621 Y88.146 E2407.82358
G0 F9000 X81.785 Y95.013
G0 X82.422 Y95.799
G1 F1685.4 X82.422 Y94.76 E2407.85434
G1 X82.245 Y94.952 E2407.86207
G1 X81.973 Y95.021 E2407.87038
G1 X82.422 Y95.799 E2407.89697
G0 F9000 X82.8 Y96.424
G1 F1500 X82.8 Y95.089 E2407.94137
G1 F1327.4 X82.748 Y94.607 E2407.95959
G1 F1075.3 X82.695 Y94.125 E2407.98209
G1 F1188.1 X82.15 Y94.586 E2408.01206
G1 F1500 X81.902 Y94.649 E2408.02057
G1 F1373 X81.263 Y94.477 E2408.04462
G1 X81.658 Y95.23 E2408.07552
G1 F1500 X82.346 Y96.424 E2408.12135
G1 X82.8 Y96.424 E2408.13645
G1 F2700 E2403.13645
G0 F9000 X82.52 Y96.146
G0 X82.962 Y80.062
G0 X92.038 Y80.062
G0 X92.305 Y94.125
G1 F2700 E2408.13645
G1 F991.7 X92.3 Y80.5 E2408.82187
G0 F9000 X91.967 Y79.585
G1 F1284.8 X91.967 Y79.005 E2408.84439
G1 F1282.1 X83.034 Y79.006 E2409.19201
G1 X83.034 Y79.585 E2409.21454
G1 X83.291 Y79.471 E2409.22549
G1 X91.709 Y79.471 E2409.55307
G1 F1284.8 X91.967 Y79.585 E2409.56402
G0 F9000 X92.3 Y80.5
G1 F1200 X92.4 Y79.869 E2409.59058
G1 F1500 X92.4 Y78.572 E2409.63372
G1 X82.6 Y78.572 E2409.95967
G1 X82.6 Y79.869 E2410.00281
G1 F1200 X82.7 Y80.5 E2410.02937
G1 X83.002 Y80.05 E2410.0519
G1 F1500 X83.337 Y79.903 E2410.06407
G1 X91.663 Y79.902 E2410.34099
G1 X91.998 Y80.05 E2410.35317
G1 F1200 X92.3 Y80.5 E2410.3757
G0 F9000 X92.559 Y94.839
G0 X93.215 Y95.013
G0 X97.376 Y88.148
G1 F1229.5 X95.584 Y91.265 E2410.5216
G1 F1271.2 X93.793 Y94.382 E2410.66269
G0 F9000 X92.578 Y95.794
G1 F1694.9 X93.025 Y95.021 E2410.68897
G1 X92.752 Y94.95 E2410.69727
G1 X92.578 Y94.76 E2410.70486
G1 X92.578 Y95.794 E2410.73529
G0 F9000 X92.649 Y96.424
G1 F1500 X93.336 Y95.235 E2410.78096
G1 F1388.9 X93.793 Y94.382 E2410.81573
G1 X93.091 Y94.649 E2410.8427
G1 F1500 X92.847 Y94.585 E2410.85109
G1 F1188.1 X92.305 Y94.125 E2410.88095
G1 F1075.3 X92.253 Y94.605 E2410.90335
G1 F1327.4 X92.201 Y95.085 E2410.92149
G1 F1500 X92.2 Y96.424 E2410.96603
G1 X92.649 Y96.424 E2410.98096
G0 F9000 X92.88 Y96.824
;TYPE:WALL-OUTER
G1 F1500 X98.151 Y87.701 E2411.3314
G1 X97.117 Y87.7 E2411.36579
G1 X93.418 Y94.168 E2411.61361
G1 X93.193 Y94.262 E2411.62172
G1 X92.949 Y94.198 E2411.63011
G1 X92.802 Y94.039 E2411.63731
G1 X92.8 Y78.172 E2412.16505
G1 X82.2 Y78.172 E2412.51761
G1 X82.198 Y94.039 E2413.04535
G1 X82.05 Y94.198 E2413.05257
G1 X81.802 Y94.262 E2413.06109
G1 X81.598 Y94.197 E2413.06821
G1 X77.88 Y87.7 E2413.31719
G1 X76.848 Y87.7 E2413.35151
G1 X82.116 Y96.824 E2413.70193
G1 X83.2 Y96.824 E2413.73798
G1 X83.2 Y80.5 E2414.28092
G1 X83.267 Y80.35 E2414.28638
G1 X83.379 Y80.301 E2414.29045
G1 X91.621 Y80.3 E2414.56458
G1 X91.733 Y80.35 E2414.56866
G1 X91.8 Y80.5 E2414.57412
G1 X91.8 Y96.824 E2415.11706
G1 X92.88 Y96.824 E2415.15298
G1 F2700 E2410.15298
;MESH:batclipholder.stl
G0 F9000 X92.713 Y96.53
G0 X92.024 Y96.602
G0 X92.024 Y97.691
G0 X92.024 Y137.309
G0 X92.024 Y138.404
G0 X91.967 Y139.585
;TYPE:WALL-INNER
G1 F2700 E2415.15298
G1 F1284.8 X91.967 Y139.005 E2415.1755
G1 F1282.1 X83.034 Y139.006 E2415.52313
G1 X83.034 Y139.585 E2415.54566
G1 X83.291 Y139.471 E2415.5566
G1 X91.709 Y139.471 E2415.88418
G1 F1284.8 X91.967 Y139.585 E2415.89513
G0 F9000 X92.3 Y140.5
G1 F1200 X92.4 Y139.869 E2415.92169
G1 F1500 X92.4 Y138.572 E2415.96483
G1 X82.6 Y138.572 E2416.29078
G1 X82.6 Y139.869 E2416.33392
G1 F1200 X82.7 Y140.5 E2416.36048
G1 X83.002 Y140.05 E2416.38301
G1 F1500 X83.337 Y139.903 E2416.39518
G1 X91.663 Y139.902 E2416.6721
G1 X91.998 Y140.05 E2416.68429
G1 F1200 X92.3 Y140.5 E2416.70682
G1 F991.7 X92.305 Y154.125 E2417.39224
G0 F9000 X92.559 Y154.839
G0 X93.215 Y155.013
G0 X93.793 Y154.382
G1 F1271.2 X95.584 Y151.265 E2417.53332
G1 F1229.5 X97.376 Y148.148 E2417.67922
G0 F9000 X93.215 Y155.013
G0 X92.578 Y155.794
G1 F1694.9 X93.025 Y155.021 E2417.7055
G1 X92.752 Y154.95 E2417.7138
G1 X92.578 Y154.76 E2417.72139
G1 X92.578 Y155.794 E2417.75182
G0 F9000 X92.649 Y156.424
G1 F1500 X93.336 Y155.235 E2417.7975
G1 F1388.9 X93.793 Y154.382 E2417.83226
G1 X93.091 Y154.649 E2417.85924
G1 F1500 X92.847 Y154.585 E2417.86763
G1 F1188.1 X92.305 Y154.125 E2417.89748
G1 F1075.3 X92.253 Y154.605 E2417.91988
G1 F1327.4 X92.201 Y155.085 E2417.93802
G1 F1500 X92.2 Y156.424 E2417.98256
G1 X92.649 Y156.424 E2417.99749
G1 F2700 E2412.99749
G0 F9000 X92.483 Y156.13
G0 X92.038 Y140.062
G0 X82.962 Y140.062
G0 X82.695 Y154.125
G1 F2700 E2417.99749
G1 F991.7 X82.7 Y140.5 E2418.68291
G0 F9000 X82.441 Y154.839
G0 X81.785 Y155.013
G0 X77.621 Y148.146
G1 F1239.7 X81.263 Y154.477 E2418.97685
G0 F9000 X82.422 Y155.799
G1 F1685.4 X82.422 Y154.76 E2419.00761
G1 X82.245 Y154.952 E2419.01534
G1 X81.973 Y155.021 E2419.02364
G1 X82.422 Y155.799 E2419.05023
G0 F9000 X82.8 Y156.424
G1 F1500 X82.8 Y155.089 E2419.09464
G1 F1327.4 X82.748 Y154.607 E2419.11286
G1 F1075.3 X82.695 Y154.125 E2419.13536
G1 F1188.1 X82.15 Y154.586 E2419.16533
G1 F1500 X81.902 Y154.649 E2419.17384
G1 F1373 X81.263 Y154.477 E2419.19789
G1 X81.658 Y155.23 E2419.22878
G1 F1500 X82.346 Y156.424 E2419.27462
G1 X82.8 Y156.424 E2419.28972
G1 F2700 E2414.28972
G0 F9000 X82.52 Y156.146
G0 X82.962 Y140.062
G0 X92.038 Y140.062
G0 X92.045 Y149.385
G0 X92.713 Y156.53
G1 F2700 E2419.28972
G0 F9000 X92.88 Y156.824
;TYPE:WALL-OUTER
G1 F1500 X98.151 Y147.701 E2419.64016
G1 X97.117 Y147.7 E2419.67455
G1 X93.418 Y154.168 E2419.92237
G1 X93.193 Y154.262 E2419.93048
G1 X92.949 Y154.198 E2419.93887
G1 X92.802 Y154.039 E2419.94607
G1 X92.8 Y138.172 E2420.47381
G1 X82.2 Y138.172 E2420.82637
G1 X82.198 Y154.039 E2421.3541
G1 X82.05 Y154.198 E2421.36133
G1 X81.802 Y154.262 E2421.36985
G1 X81.598 Y154.197 E2421.37697
G1 X77.88 Y147.7 E2421.62594
G1 X76.848 Y147.7 E2421.66027
G1 X82.116 Y156.824 E2422.01068
G1 X83.2 Y156.824 E2422.04674
G1 X83.2 Y140.5 E2422.58968
G1 X83.267 Y140.35 E2422.59514
G1 X83.379 Y140.301 E2422.59921
G1 X91.621 Y140.3 E2422.87334
G1 X91.733 Y140.35 E2422.87741
G1 X91.8 Y140.5 E2422.88288
G1 X91.8 Y156.824 E2423.42582
G1 X92.88 Y156.824 E2423.46174
G1 F2700 E2418.46174
;MESH:batclipholder.stl(3)
G0 F9000 X92.713 Y156.53
G0 X97.773 Y147.92
G0 X98.712 Y148.462
G0 X136.289 Y148.463
G0 X137.621 Y148.146
;TYPE:WALL-INNER
G1 F2700 E2423.46174
G1 F1239.7 X141.263 Y154.477 E2423.75568
G0 F9000 X141.785 Y155.013
G0 X142.441 Y154.839
G0 X142.695 Y154.125
G1 F991.7 X142.7 Y140.5 E2424.4411
G0 F9000 X143.034 Y139.585
G1 F1282.1 X143.291 Y139.471 E2424.45204
G1 X151.709 Y139.471 E2424.77962
G1 F1284.8 X151.967 Y139.585 E2424.79057
G1 X151.967 Y139.005 E2424.81309
G1 F1282.1 X143.034 Y139.006 E2425.16072
G1 X143.034 Y139.585 E2425.18325
G0 F9000 X142.7 Y140.5
G1 F1200 X143.002 Y140.05 E2425.20578
G1 F1500 X143.337 Y139.903 E2425.21795
G1 X151.663 Y139.902 E2425.49487
G1 X151.998 Y140.05 E2425.50705
G1 F1200 X152.3 Y140.5 E2425.52958
G1 X152.4 Y139.869 E2425.55614
G1 F1500 X152.4 Y138.572 E2425.59928
G1 X142.6 Y138.572 E2425.92523
G1 X142.6 Y139.869 E2425.96837
G1 F1200 X142.7 Y140.5 E2425.99493
G0 F9000 X142.962 Y140.062
G0 X152.038 Y140.062
G0 X152.3 Y140.5
G1 F991.7 X152.305 Y154.125 E2426.68035
G0 F9000 X152.559 Y154.839
G0 X153.215 Y155.013
G0 X153.793 Y154.382
G1 F1271.2 X155.584 Y151.265 E2426.82144
G1 F1229.5 X157.376 Y148.148 E2426.96733
G0 F9000 X153.215 Y155.013
G0 X152.578 Y155.794
G1 F1694.9 X153.025 Y155.021 E2426.99362
G1 X152.752 Y154.95 E2427.00192
G1 X152.578 Y154.76 E2427.0095
G1 X152.578 Y155.794 E2427.03994
G0 F9000 X152.2 Y156.424
G1 F1500 X152.649 Y156.424 E2427.05487
G1 X153.336 Y155.235 E2427.10055
G1 F1388.9 X153.793 Y154.382 E2427.13531
G1 X153.091 Y154.649 E2427.16229
G1 F1500 X152.847 Y154.585 E2427.17068
G1 F1188.1 X152.305 Y154.125 E2427.20053
G1 F1075.3 X152.253 Y154.605 E2427.22293
G1 F1327.4 X152.201 Y155.085 E2427.24107
G1 F1500 X152.2 Y156.424 E2427.28561
G1 F2700 E2422.28561
G0 F9000 X152.48 Y156.146
G0 X152.038 Y140.062
G0 X142.962 Y140.062
G0 X142.422 Y155.799
G1 F2700 E2427.28561
G1 F1685.4 X142.422 Y154.76 E2427.31636
G1 X142.245 Y154.952 E2427.32409
G1 X141.973 Y155.021 E2427.3324
G1 X142.422 Y155.799 E2427.35899
G0 F9000 X142.346 Y156.424
G1 F1500 X142.8 Y156.424 E2427.37409
G1 X142.8 Y155.089 E2427.41849
G1 F1327.4 X142.748 Y154.607 E2427.43671
G1 F1075.3 X142.695 Y154.125 E2427.45921
G1 F1188.1 X142.15 Y154.586 E2427.48919
G1 F1500 X141.902 Y154.649 E2427.4977
G1 F1373 X141.263 Y154.477 E2427.52174
G1 X141.658 Y155.23 E2427.55264
G1 F1500 X142.346 Y156.424 E2427.59847
G0 F9000 X142.116 Y156.824
;TYPE:WALL-OUTER
G1 F1500 X143.2 Y156.824 E2427.63453
G1 X143.2 Y140.5 E2428.17747
G1 X143.267 Y140.35 E2428.18293
G1 X143.379 Y140.301 E2428.187
G1 X151.621 Y140.3 E2428.46113
G1 X151.733 Y140.35 E2428.46521
G1 X151.8 Y140.5 E2428.47067
G1 X151.8 Y156.824 E2429.01361
G1 X152.88 Y156.824 E2429.04953
G1 X158.151 Y147.701 E2429.39997
G1 X157.117 Y147.7 E2429.43436
G1 X153.418 Y154.168 E2429.68218
G1 X153.193 Y154.262 E2429.69029
G1 X152.949 Y154.198 E2429.69868
G1 X152.802 Y154.039 E2429.70588
G1 X152.8 Y138.172 E2430.23362
G1 X142.2 Y138.172 E2430.58618
G1 X142.198 Y154.039 E2431.11392
G1 X142.05 Y154.198 E2431.12114
G1 X141.802 Y154.262 E2431.12966
G1 X141.598 Y154.197 E2431.13678
G1 X137.88 Y147.7 E2431.38575
G1 X136.848 Y147.7 E2431.42008
G1 X142.116 Y156.824 E2431.77049
G1 F2700 E2426.77049
;MESH:batclipholder.stl(2)
G0 F9000 X142.287 Y156.53
G0 X142.412 Y155.16
G0 X142.424 Y138.398
G0 X142.424 Y137.309
G0 X142.424 Y97.691
G0 X142.424 Y96.596
G0 X142.422 Y95.799
;TYPE:WALL-INNER
G1 F2700 E2431.77049
G1 F1685.4 X142.422 Y94.76 E2431.80125
G1 X142.245 Y94.952 E2431.80898
G1 X141.973 Y95.021 E2431.81729
G1 X142.422 Y95.799 E2431.84388
G0 F9000 X142.346 Y96.424
G1 F1500 X142.8 Y96.424 E2431.85898
G1 X142.8 Y95.089 E2431.90338
G1 F1327.4 X142.748 Y94.607 E2431.9216
G1 F1075.3 X142.695 Y94.125 E2431.9441
G1 F1188.1 X142.15 Y94.586 E2431.97407
G1 F1500 X141.902 Y94.649 E2431.98258
G1 F1373 X141.263 Y94.477 E2432.00663
G1 X141.658 Y95.23 E2432.03753
G1 F1500 X142.346 Y96.424 E2432.08336
G0 F9000 X142.517 Y96.13
G0 X141.263 Y94.477
G1 F1239.7 X137.621 Y88.146 E2432.3773
G0 F9000 X141.785 Y95.013
G0 X142.441 Y94.839
G0 X142.695 Y94.125
G1 F991.7 X142.7 Y80.5 E2433.06272
G0 F9000 X143.034 Y79.585
G1 F1282.1 X143.291 Y79.471 E2433.07366
G1 X151.709 Y79.471 E2433.40124
G1 F1284.8 X151.967 Y79.585 E2433.41219
G1 X151.967 Y79.005 E2433.43472
G1 F1282.1 X143.034 Y79.006 E2433.78234
G1 X143.034 Y79.585 E2433.80487
G0 F9000 X142.7 Y80.5
G1 F1200 X143.002 Y80.05 E2433.8274
G1 F1500 X143.337 Y79.903 E2433.83957
G1 X151.663 Y79.902 E2434.11649
G1 X151.998 Y80.05 E2434.12867
G1 F1200 X152.3 Y80.5 E2434.15121
G1 X152.4 Y79.869 E2434.17777
G1 F1500 X152.4 Y78.572 E2434.2209
G1 X142.6 Y78.572 E2434.54685
G1 X142.6 Y79.869 E2434.58999
G1 F1200 X142.7 Y80.5 E2434.61655
G0 F9000 X142.962 Y80.062
G0 X152.038 Y80.062
G0 X152.3 Y80.5
G1 F991.7 X152.305 Y94.125 E2435.30197
G0 F9000 X152.559 Y94.839
G0 X153.215 Y95.013
G0 X153.793 Y94.382
G1 F1271.2 X155.584 Y91.265 E2435.44306
G1 F1229.5 X157.376 Y88.148 E2435.58895
G0 F9000 X153.215 Y95.013
G0 X152.578 Y95.794
G1 F1694.9 X153.025 Y95.021 E2435.61524
G1 X152.752 Y94.95 E2435.62354
G1 X152.578 Y94.76 E2435.63112
G1 X152.578 Y95.794 E2435.66156
G0 F9000 X152.2 Y96.424
G1 F1500 X152.649 Y96.424 E2435.67649
G1 X153.336 Y95.235 E2435.72217
G1 F1388.9 X153.793 Y94.382 E2435.75693
G1 X153.091 Y94.649 E2435.78391
G1 F1500 X152.847 Y94.585 E2435.7923
G1 F1188.1 X152.305 Y94.125 E2435.82215
G1 F1075.3 X152.253 Y94.605 E2435.84455
G1 F1327.4 X152.201 Y95.085 E2435.8627
G1 F1500 X152.2 Y96.424 E2435.90723
G1 F2700 E2430.90723
G0 F9000 X152.48 Y96.146
G0 X152.038 Y80.062
G0 X142.962 Y80.062
G0 X142.955 Y89.385
G0 X142.287 Y96.53
G1 F2700 E2435.90723
G0 F9000 X142.116 Y96.824
;TYPE:WALL-OUTER
G1 F1500 X143.2 Y96.824 E2435.94328
G1 X143.2 Y80.5 E2436.48622
G1 X143.267 Y80.35 E2436.49169
G1 X143.379 Y80.301 E2436.49575
G1 X151.621 Y80.3 E2436.76988
G1 X151.733 Y80.35 E2436.77396
G1 X151.8 Y80.5 E2436.77943
G1 X151.8 Y96.824 E2437.32237
G1 X152.88 Y96.824 E2437.35829
G1 X158.151 Y87.701 E2437.70872
G1 X157.117 Y87.7 E2437.74311
G1 X153.418 Y94.168 E2437.99094
G1 X153.193 Y94.262 E2437.99905
G1 X152.949 Y94.198 E2438.00744
G1 X152.802 Y94.039 E2438.01464
G1 X152.8 Y78.172 E2438.54238
G1 X142.2 Y78.172 E2438.89493
G1 X142.198 Y94.039 E2439.42267
G1 X142.05 Y94.198 E2439.4299
G1 X141.802 Y94.262 E2439.43842
G1 X141.598 Y94.197 E2439.44554
G1 X137.88 Y87.7 E2439.69451
G1 X136.848 Y87.7 E2439.72883
G1 X142.116 Y96.824 E2440.07925
;TIME_ELAPSED:4384.421982
G1 F2700 E2435.07925
M140 S0
M107
G91 ;Relative positioning
G1 E-2 F2700 ;Retract a bit
G1 E-2 Z0.2 F2400 ;Retract and raise Z
G1 X5 Y5 F3000 ;Wipe out
G1 Z10 ;Raise Z more
G90 ;Absolute positioning

G1 X0 Y235 ;Present print
M106 S0 ;Turn-off fan
M104 S0 ;Turn-off hotend
M140 S0 ;Turn-off bed

M84 X Y E ;Disable all steppers but Z

M82 ;absolute extrusion mode
M104 S0
;End of Gcode
;SETTING_3 {"global_quality": "[general]\\nversion = 4\\nname = Standard Quality
;SETTING_3  #2\\ndefinition = creality_ender3\\n\\n[metadata]\\ntype = quality_c
;SETTING_3 hanges\\nquality_type = standard\\nsetting_version = 25\\n\\n[values]
;SETTING_3 \\nadhesion_type = brim\\nsupport_enable = True\\n\\n", "extruder_qua
;SETTING_3 lity": ["[general]\\nversion = 4\\nname = Standard Quality #2\\ndefin
;SETTING_3 ition = creality_ender3\\n\\n[metadata]\\ntype = quality_changes\\nqu
;SETTING_3 ality_type = standard\\nsetting_version = 25\\nposition = 0\\n\\n[val
;SETTING_3 ues]\\nsupport_infill_rate = 10.0\\nsupport_pattern = lines\\nwall_li
;SETTING_3 ne_count = 4\\n\\n"]}
