;FLAVOR:Marlin
;TIME:7962
;Filament used: 5.14226m
;Layer height: 0.2
;MINX:91.181
;MINY:40.5
;MINZ:0.2
;MAXX:143.818
;MAXY:194.5
;MAXZ:12.4
;TARGET_MACHINE.NAME:Creality Ender-3
;Generated with Cura_SteamEngine 5.10.0
M140 S50
M105
M190 S50
M104 S200
M105
M109 S200
; Ender 3 Custom Start G-code
G92 E0 ; Reset Extruder
G28 ; Home all axes
G1 Z2.0 F3000 ; Move Z Axis up little to prevent scratching of Heat Bed
G1 X0.1 Y20 Z0.3 F5000.0 ; Move to start position
G1 X0.1 Y200.0 Z0.3 F1500.0 E15 ; Draw the first line
G1 X0.4 Y200.0 Z0.3 F5000.0 ; Move to side a little
G1 X0.4 Y20 Z0.3 F1500.0 E30 ; Draw the second line
G92 E0 ; Reset Extruder
G1 Z2.0 F3000 ; Move Z Axis up little to prevent scratching of Heat Bed
G1 X5 Y20 Z0.3 F5000.0 ; Move over to prevent blob squish
M82 ;absolute extrusion mode
G92 E0
G92 E0
G1 F2700 E-5
;LAYER_COUNT:62
;LAYER:0
M107
G0 F6000 X92.332 Y46.63 Z0.2
;TYPE:SKIRT
G1 F2700 E0
G1 F1200 X92.802 Y45.777 E0.03239
G1 X93.345 Y44.969 E0.06477
G1 X93.912 Y44.265 E0.09484
G1 X94.637 Y43.513 E0.12958
G1 X95.373 Y42.876 E0.16195
G1 X96.105 Y42.346 E0.19201
G1 X97.002 Y41.811 E0.22675
G1 X97.88 Y41.39 E0.25914
G1 X98.793 Y41.048 E0.29156
G1 X99.73 Y40.789 E0.3239
G1 X100.697 Y40.611 E0.3566
G1 X101.836 Y40.515 E0.39462
G1 X102.511 Y40.5 E0.41707
G1 X108.885 Y40.501 E0.62907
G1 X109.63 Y40.512 E0.65385
G1 X110.215 Y40.538 E0.67333
G1 X111.163 Y40.605 E0.70494
G1 X113.749 Y40.751 E0.79109
G1 X116.283 Y40.823 E0.8754
G1 X118.772 Y40.823 E0.95819
G1 X121.306 Y40.751 E1.0425
G1 X123.865 Y40.606 E1.12775
G1 X124.783 Y40.539 E1.15837
G1 X125.28 Y40.513 E1.17492
G1 X125.904 Y40.5 E1.19568
G1 X132.269 Y40.501 E1.40738
G1 X133.002 Y40.513 E1.43176
G1 X133.974 Y40.572 E1.46415
G1 X134.937 Y40.718 E1.49655
G1 X135.884 Y40.949 E1.52897
G1 X136.772 Y41.249 E1.56014
G1 X137.664 Y41.639 E1.59252
G1 X138.547 Y42.126 E1.62606
G1 X139.298 Y42.628 E1.65611
G1 X140.113 Y43.286 E1.69094
G1 X140.811 Y43.964 E1.72331
G1 X141.447 Y44.701 E1.75569
G1 X142.017 Y45.491 E1.78809
G1 X142.479 Y46.267 E1.81813
G1 X142.933 Y47.209 E1.85291
G1 X143.262 Y48.087 E1.88409
G1 X143.531 Y49.059 E1.91763
G1 X143.708 Y50.025 E1.9503
G1 X143.803 Y51.149 E1.98782
G1 X143.818 Y51.823 E2.01024
G1 X143.817 Y182.9 E6.36988
G1 X143.806 Y183.663 E6.39526
G1 X143.749 Y184.636 E6.42768
G1 X143.604 Y185.599 E6.46007
G1 X143.375 Y186.545 E6.49244
G1 X143.064 Y187.469 E6.52487
G1 X142.672 Y188.36 E6.55724
G1 X142.204 Y189.212 E6.58957
G1 X141.682 Y189.993 E6.62082
G1 X141.049 Y190.778 E6.65436
G1 X140.424 Y191.429 E6.68437
G1 X139.635 Y192.117 E6.71919
G1 X138.875 Y192.667 E6.75039
G1 X138.008 Y193.184 E6.78397
G1 X137.13 Y193.606 E6.81637
G1 X136.219 Y193.948 E6.84873
G1 X135.28 Y194.209 E6.88115
G1 X134.314 Y194.387 E6.91382
G1 X133.163 Y194.485 E6.95224
G1 X132.488 Y194.5 E6.9747
G1 X126.114 Y194.499 E7.1867
G1 X125.369 Y194.488 E7.21148
G1 X124.784 Y194.462 E7.23095
G1 X123.836 Y194.395 E7.26256
G1 X121.25 Y194.249 E7.34871
G1 X118.716 Y194.177 E7.43303
G1 X116.227 Y194.177 E7.51581
G1 X113.693 Y194.249 E7.60013
G1 X111.12 Y194.395 E7.68584
G1 X110.211 Y194.461 E7.71615
G1 X109.72 Y194.487 E7.73251
G1 X109.097 Y194.5 E7.75323
G1 X102.73 Y194.499 E7.965
G1 X101.997 Y194.487 E7.98938
G1 X101.025 Y194.428 E8.02177
G1 X100.062 Y194.282 E8.05417
G1 X99.115 Y194.051 E8.08659
G1 X98.227 Y193.751 E8.11776
G1 X97.335 Y193.361 E8.15014
G1 X96.452 Y192.874 E8.18368
G1 X95.701 Y192.372 E8.21373
G1 X94.886 Y191.714 E8.24857
G1 X94.188 Y191.036 E8.28093
G1 X93.552 Y190.299 E8.31331
G1 X92.982 Y189.509 E8.34571
G1 X92.52 Y188.733 E8.37575
G1 X92.066 Y187.791 E8.41053
G1 X91.737 Y186.913 E8.44171
G1 X91.468 Y185.94 E8.47529
G1 X91.291 Y184.973 E8.50799
G1 X91.195 Y183.808 E8.54687
G1 X91.181 Y183.158 E8.56849
G1 X91.182 Y52.025 E12.92999
G1 X91.193 Y51.325 E12.95328
G1 X91.251 Y50.352 E12.9857
G1 X91.397 Y49.389 E13.01809
G1 X91.627 Y48.443 E13.05047
G1 X91.94 Y47.52 E13.08289
G1 X92.332 Y46.63 E13.11523
G0 F6000 X92.683 Y46.822
G1 F1200 X93.134 Y46 E13.14642
G1 X93.657 Y45.22 E13.17765
G1 X94.224 Y44.516 E13.20772
G1 X94.899 Y43.815 E13.24009
G1 X95.608 Y43.2 E13.2713
G1 X96.34 Y42.67 E13.30136
G1 X97.176 Y42.171 E13.33374
G1 X98.021 Y41.764 E13.36494
G1 X98.9 Y41.433 E13.39618
G1 X99.803 Y41.182 E13.42735
G1 X100.731 Y41.01 E13.45874
G1 X101.87 Y40.914 E13.49676
G1 X102.511 Y40.9 E13.51808
G1 X108.879 Y40.901 E13.72988
G1 X109.613 Y40.912 E13.7543
G1 X110.187 Y40.937 E13.77341
G1 X111.135 Y41.004 E13.80502
G1 X113.738 Y41.151 E13.89173
G1 X116.272 Y41.223 E13.97605
G1 X118.783 Y41.223 E14.05956
G1 X121.317 Y41.151 E14.14388
G1 X123.894 Y41.005 E14.22973
G1 X124.804 Y40.938 E14.26008
G1 X125.288 Y40.913 E14.2762
G1 X125.904 Y40.9 E14.29669
G1 X132.263 Y40.901 E14.50819
G1 X132.978 Y40.912 E14.53197
G1 X133.915 Y40.968 E14.56319
G1 X134.843 Y41.107 E14.5944
G1 X135.756 Y41.328 E14.62565
G1 X136.612 Y41.616 E14.65569
G1 X137.504 Y42.006 E14.68807
G1 X138.325 Y42.459 E14.71925
G1 X139.076 Y42.961 E14.7493
G1 X139.835 Y43.573 E14.78173
G1 X140.509 Y44.226 E14.81294
G1 X141.123 Y44.935 E14.84413
G1 X141.673 Y45.696 E14.87536
G1 X142.135 Y46.472 E14.9054
G1 X142.558 Y47.349 E14.93779
G1 X142.887 Y48.227 E14.96897
G1 X143.138 Y49.132 E15.00021
G1 X143.309 Y50.059 E15.03156
G1 X143.404 Y51.183 E15.06908
G1 X143.418 Y51.823 E15.09037
G1 X143.417 Y182.895 E19.44984
G1 X143.407 Y183.64 E19.47462
G1 X143.353 Y184.577 E19.50584
G1 X143.215 Y185.506 E19.53708
G1 X142.996 Y186.418 E19.56827
G1 X142.698 Y187.308 E19.59949
G1 X142.321 Y188.168 E19.63072
G1 X141.871 Y188.99 E19.66189
G1 X141.349 Y189.771 E19.69313
G1 X140.76 Y190.501 E19.72433
G1 X140.135 Y191.152 E19.75435
G1 X139.4 Y191.793 E19.78678
G1 X138.64 Y192.343 E19.81799
G1 X137.834 Y192.824 E19.84921
G1 X136.989 Y193.232 E19.88042
G1 X136.111 Y193.563 E19.91162
G1 X135.207 Y193.816 E19.94285
G1 X134.28 Y193.988 E19.9742
G1 X133.129 Y194.086 E20.01263
G1 X132.488 Y194.1 E20.03395
G1 X126.12 Y194.099 E20.24575
G1 X125.386 Y194.088 E20.27017
G1 X124.812 Y194.063 E20.28928
G1 X123.864 Y193.996 E20.32089
G1 X121.261 Y193.849 E20.4076
G1 X118.727 Y193.777 E20.49191
G1 X116.216 Y193.777 E20.57543
G1 X113.682 Y193.849 E20.65975
G1 X111.091 Y193.996 E20.74606
G1 X110.19 Y194.062 E20.77611
G1 X109.712 Y194.087 E20.79203
G1 X109.097 Y194.1 E20.81249
G1 X102.736 Y194.099 E21.02406
G1 X102.021 Y194.088 E21.04784
G1 X101.084 Y194.032 E21.07906
G1 X100.156 Y193.893 E21.11027
G1 X99.243 Y193.672 E21.14151
G1 X98.387 Y193.384 E21.17155
G1 X97.495 Y192.994 E21.20393
G1 X96.674 Y192.541 E21.23512
G1 X95.923 Y192.039 E21.26517
G1 X95.164 Y191.427 E21.29759
G1 X94.49 Y190.774 E21.32881
G1 X93.876 Y190.065 E21.36
G1 X93.326 Y189.304 E21.39123
G1 X92.864 Y188.528 E21.42127
G1 X92.441 Y187.651 E21.45365
G1 X92.112 Y186.773 E21.48484
G1 X91.861 Y185.868 E21.51608
G1 X91.69 Y184.94 E21.54746
G1 X91.594 Y183.775 E21.58634
G1 X91.581 Y183.158 E21.60687
G1 X91.582 Y52.031 E25.96817
G1 X91.592 Y51.348 E25.99089
G1 X91.647 Y50.411 E26.02211
G1 X91.786 Y49.483 E26.05332
G1 X92.006 Y48.571 E26.08452
G1 X92.306 Y47.681 E26.11576
G1 X92.683 Y46.822 E26.14696
G0 F6000 X93.034 Y47.014
G1 F1200 X93.467 Y46.222 E26.17698
G1 X93.969 Y45.471 E26.20702
G1 X94.536 Y44.767 E26.23709
G1 X95.162 Y44.117 E26.2671
G1 X95.843 Y43.524 E26.29714
G1 X96.575 Y42.994 E26.3272
G1 X97.35 Y42.531 E26.35722
G1 X98.163 Y42.138 E26.38726
G1 X99.008 Y41.818 E26.41731
G1 X99.877 Y41.575 E26.44732
G1 X100.765 Y41.409 E26.47737
G1 X101.904 Y41.313 E26.51539
G1 X102.511 Y41.3 E26.53558
G1 X108.873 Y41.301 E26.74718
G1 X109.596 Y41.312 E26.77123
G1 X110.159 Y41.336 E26.78997
G1 X111.107 Y41.403 E26.82158
G1 X113.727 Y41.551 E26.90886
G1 X116.261 Y41.623 E26.99318
G1 X118.794 Y41.623 E27.07742
G1 X121.328 Y41.551 E27.16174
G1 X123.924 Y41.404 E27.24822
G1 X124.824 Y41.337 E27.27824
G1 X125.297 Y41.313 E27.29399
G1 X125.904 Y41.3 E27.31418
G1 X132.257 Y41.301 E27.52549
G1 X132.955 Y41.311 E27.5487
G1 X133.857 Y41.364 E27.57876
G1 X134.75 Y41.496 E27.60878
G1 X135.628 Y41.707 E27.63881
G1 X136.484 Y41.995 E27.66885
G1 X137.311 Y42.357 E27.69888
G1 X138.103 Y42.792 E27.72893
G1 X138.854 Y43.294 E27.75898
G1 X139.557 Y43.861 E27.78902
G1 X140.207 Y44.488 E27.81905
G1 X140.799 Y45.17 E27.84909
G1 X141.329 Y45.901 E27.87912
G1 X141.791 Y46.677 E27.90916
G1 X142.184 Y47.49 E27.9392
G1 X142.502 Y48.335 E27.96922
G1 X142.745 Y49.205 E27.99927
G1 X142.91 Y50.093 E28.02931
G1 X143.005 Y51.217 E28.06683
G1 X143.018 Y51.823 E28.08699
G1 X143.017 Y182.89 E32.44629
G1 X143.008 Y183.617 E32.47047
G1 X142.957 Y184.519 E32.50052
G1 X142.826 Y185.413 E32.53058
G1 X142.617 Y186.291 E32.56059
G1 X142.331 Y187.148 E32.59064
G1 X141.97 Y187.976 E32.62069
G1 X141.538 Y188.768 E32.65069
G1 X141.037 Y189.52 E32.68075
G1 X140.471 Y190.224 E32.71079
G1 X139.846 Y190.875 E32.74081
G1 X139.165 Y191.469 E32.77086
G1 X138.434 Y192 E32.80091
G1 X137.66 Y192.464 E32.83093
G1 X136.847 Y192.858 E32.86098
G1 X136.003 Y193.178 E32.891
G1 X135.133 Y193.423 E32.92106
G1 X134.246 Y193.589 E32.95107
G1 X133.095 Y193.687 E32.98949
G1 X132.488 Y193.7 E33.00969
G1 X126.126 Y193.699 E33.22129
G1 X125.403 Y193.688 E33.24534
G1 X124.84 Y193.664 E33.26408
G1 X123.892 Y193.597 E33.29569
G1 X121.272 Y193.449 E33.38297
G1 X118.738 Y193.377 E33.46729
G1 X116.205 Y193.377 E33.55153
G1 X113.671 Y193.449 E33.63585
G1 X111.062 Y193.597 E33.72276
G1 X110.169 Y193.663 E33.75255
G1 X109.703 Y193.687 E33.76807
G1 X109.097 Y193.7 E33.78823
G1 X102.742 Y193.699 E33.99959
G1 X102.044 Y193.689 E34.02281
G1 X101.142 Y193.636 E34.05286
G1 X100.249 Y193.504 E34.08289
G1 X99.371 Y193.293 E34.11292
G1 X98.515 Y193.005 E34.14296
G1 X97.688 Y192.643 E34.17299
G1 X96.896 Y192.208 E34.20304
G1 X96.145 Y191.706 E34.23309
G1 X95.442 Y191.139 E34.26313
G1 X94.792 Y190.512 E34.29316
G1 X94.2 Y189.83 E34.3232
G1 X93.67 Y189.099 E34.35323
G1 X93.208 Y188.323 E34.38327
G1 X92.815 Y187.51 E34.4133
G1 X92.497 Y186.665 E34.44333
G1 X92.254 Y185.795 E34.47338
G1 X92.089 Y184.907 E34.50342
G1 X91.994 Y183.766 E34.5415
G1 X91.981 Y183.158 E34.56172
G1 X91.982 Y52.036 E38.92286
G1 X91.991 Y51.371 E38.94498
G1 X92.043 Y50.469 E38.97503
G1 X92.175 Y49.576 E39.00505
G1 X92.385 Y48.698 E39.03508
G1 X92.672 Y47.841 E39.06514
G1 X93.034 Y47.014 E39.09517
G1 F2700 E34.09517
G0 F6000 X102.381 Y51.7
G1 F2700 E39.09517
G1 F1200 X109.225 Y51.7 E39.3228
G1 X109.226 Y183.3 E43.69983
G1 X102.381 Y183.3 E43.9275
G1 X102.381 Y51.7 E48.30453
G0 F6000 X102.781 Y52.1
G1 F1200 X108.825 Y52.1 E48.50556
G1 X108.826 Y182.9 E52.85598
G1 X102.781 Y182.9 E53.05704
G1 X102.781 Y52.1 E57.40747
G0 F6000 X103.181 Y52.5
G1 F1200 X108.425 Y52.5 E57.58188
G1 X108.426 Y182.5 E61.9057
G1 X103.181 Y182.5 E62.08015
G1 X103.181 Y52.5 E66.40397
G0 F6000 X103.581 Y52.9
G1 F1200 X108.025 Y52.9 E66.55177
G1 X108.026 Y182.1 E70.84898
G1 X103.581 Y182.1 E70.99682
G1 X103.581 Y52.9 E75.29403
G0 F6000 X103.981 Y53.3
G1 F1200 X107.625 Y53.3 E75.41523
G1 X107.626 Y181.7 E79.68584
G1 X103.981 Y181.7 E79.80707
G1 X103.981 Y53.3 E84.07767
G0 F6000 X104.381 Y53.7
G1 F1200 X107.225 Y53.7 E84.17226
G1 X107.226 Y181.3 E88.41626
G1 X104.381 Y181.3 E88.51088
G1 X104.381 Y53.7 E92.75487
G0 F6000 X104.781 Y54.1
G1 F1200 X106.825 Y54.1 E92.82286
G1 X106.826 Y180.9 E97.04024
G1 X104.781 Y180.9 E97.10826
G1 X104.781 Y54.1 E101.32564
G0 F6000 X105.181 Y54.5
G1 F1200 X106.425 Y54.5 E101.36702
G1 X106.426 Y180.5 E105.5578
G1 X105.181 Y180.5 E105.59921
G1 X105.181 Y54.5 E109.78998
G0 F6000 X105.581 Y54.9
G1 F1200 X106.025 Y54.9 E109.80475
G1 X106.026 Y180.1 E113.96892
G1 X105.581 Y180.1 E113.98372
G1 X105.581 Y54.9 E118.14789
G1 F2700 E113.14789
G0 F6000 X109.572 Y51.847
G0 X125.774 Y51.7
G1 F2700 E118.14789
G1 F1200 X132.618 Y51.7 E118.37552
G1 X132.618 Y183.3 E122.75256
G1 X125.774 Y183.3 E122.98019
G1 X125.774 Y51.7 E127.35722
G0 F6000 X126.174 Y52.1
G1 F1200 X132.218 Y52.1 E127.55825
G1 X132.218 Y182.9 E131.90867
G1 X126.174 Y182.9 E132.1097
G1 X126.174 Y52.1 E136.46012
G0 F6000 X126.574 Y52.5
G1 F1200 X131.818 Y52.5 E136.63454
G1 X131.818 Y182.5 E140.95835
G1 X126.574 Y182.5 E141.13277
G1 X126.574 Y52.5 E145.45659
G0 F6000 X126.974 Y52.9
G1 F1200 X131.418 Y52.9 E145.6044
G1 X131.418 Y182.1 E149.90161
G1 X126.974 Y182.1 E150.04941
G1 X126.974 Y52.9 E154.34662
G0 F6000 X127.374 Y53.3
G1 F1200 X131.018 Y53.3 E154.46782
G1 X131.018 Y181.7 E158.73842
G1 X127.374 Y181.7 E158.85962
G1 X127.374 Y53.3 E163.13023
G0 F6000 X127.774 Y53.7
G1 F1200 X130.618 Y53.7 E163.22482
G1 X130.618 Y181.3 E167.46881
G1 X127.774 Y181.3 E167.5634
G1 X127.774 Y53.7 E171.8074
G0 F6000 X128.174 Y54.1
G1 F1200 X130.218 Y54.1 E171.87538
G1 X130.218 Y180.9 E176.09276
G1 X128.174 Y180.9 E176.16075
G1 X128.174 Y54.1 E180.37813
G0 F6000 X128.574 Y54.5
G1 F1200 X129.818 Y54.5 E180.41951
G1 X129.818 Y180.5 E184.61029
G1 X128.574 Y180.5 E184.65166
G1 X128.574 Y54.5 E188.84244
G0 F6000 X128.974 Y54.9
G1 F1200 X129.418 Y54.9 E188.85721
G1 X129.418 Y180.1 E193.02138
G1 X128.974 Y180.1 E193.03614
G1 X128.974 Y54.9 E197.20031
G1 F2700 E192.20031
;MESH:btncover.stl
G0 F6000 X120.28 Y59.845
G0 X117.562 Y62.603
;TYPE:WALL-INNER
G1 F2700 E197.20031
G1 F1200 X117.053 Y62.563 E197.21729
G1 X116.564 Y62.43 E197.23415
G1 X116.187 Y62.247 E197.24809
G1 X115.786 Y61.958 E197.26453
G1 X115.428 Y61.573 E197.28201
G1 X115.156 Y61.133 E197.29922
G1 X114.975 Y60.648 E197.31644
G1 X114.897 Y60.135 E197.33369
G1 X114.923 Y59.607 E197.35128
G1 X115.055 Y59.102 E197.36864
G1 X115.268 Y58.654 E197.38514
G1 X115.505 Y58.324 E197.39865
G1 X115.964 Y57.876 E197.41998
G1 X116.549 Y57.573 E197.44189
G1 X117.165 Y57.404 E197.46314
G1 X117.843 Y57.404 E197.48569
G1 X118.456 Y57.575 E197.50686
G1 X118.846 Y57.78 E197.52151
G1 X119.241 Y58.071 E197.53783
G1 X119.572 Y58.421 E197.55385
G1 X119.845 Y58.868 E197.57127
G1 X120.02 Y59.352 E197.58839
G1 X120.099 Y59.867 E197.60572
G1 X120.068 Y60.4 E197.62348
G1 X119.948 Y60.88 E197.63993
G1 X119.725 Y61.351 E197.65727
G1 X119.454 Y61.707 E197.67215
G1 X119.032 Y62.124 E197.69188
G1 X118.459 Y62.421 E197.71335
G1 X117.966 Y62.56 E197.73038
G1 X117.562 Y62.603 E197.74389
G1 F2700 E192.74389
G0 F6000 X117.019 Y62.741
G0 X111.024 Y62.741
G0 X110.824 Y103.576
G1 F2700 E197.74389
G1 F1200 X111 Y103.4 E197.75217
G1 X124 Y103.4 E198.18456
G1 X124.172 Y103.572 E198.19265
G1 X124.172 Y53.1 E199.87135
G1 X110.824 Y53.1 E200.31531
G1 X110.824 Y103.576 E201.99415
G1 F2700 E196.99415
G0 F6000 X110.824 Y103.49
G0 X117.5 Y103.57
G0 X117.5 Y104.665
G0 X117.5 Y116.335
G0 X117.5 Y118.4
G1 F2700 E201.99415
G1 F1200 X124 Y118.4 E202.21034
G1 X124.172 Y118.572 E202.21843
G1 X124.172 Y117.457 E202.25551
G1 X124 Y117.6 E202.26295
G1 X111 Y117.6 E202.69533
G1 X110.824 Y117.452 E202.70298
G1 X110.824 Y118.576 E202.74037
G1 X111 Y118.4 E202.74864
G1 X117.5 Y118.4 E202.96484
G1 F2700 E197.96484
G0 F6000 X117.494 Y139.62
G0 X117.5 Y148.8
G1 F2700 E202.96484
G1 F1200 X115.221 Y148.8 E203.04064
G1 X114.938 Y148.679 E203.05087
G1 X114.818 Y148.559 E203.05652
G1 X114.7 Y148.273 E203.06681
G1 X114.7 Y140.4 E203.32866
G1 X114.731 Y140.208 E203.33513
G1 X114.933 Y139.924 E203.34672
G1 X115.216 Y139.8 E203.357
G1 X120.339 Y139.801 E203.52739
G1 X120.612 Y139.886 E203.5369
G1 X120.752 Y140.005 E203.54301
G1 X120.86 Y140.182 E203.54991
G1 X120.9 Y140.4 E203.55728
G1 X120.9 Y148.274 E203.81917
G1 X120.781 Y148.56 E203.82948
G1 X120.66 Y148.68 E203.83514
G1 X120.379 Y148.8 E203.84531
G1 X117.5 Y148.8 E203.94106
G1 F2700 E198.94106
G0 F6000 X117.496 Y157.521
G0 X117.5 Y162.099
G1 F2700 E203.94106
G1 F1200 X113.315 Y162.097 E204.08026
G1 X112.864 Y162.038 E204.09538
G1 X112.436 Y161.882 E204.11054
G1 X111.973 Y161.581 E204.1289
G1 X111.557 Y161.108 E204.14985
G1 X111.308 Y160.611 E204.16834
G1 F1215.2 X111.189 Y160.043 E204.1874
G1 F1206 X111.243 Y159.423 E204.208
G1 F1194 X111.43 Y158.903 E204.22647
G1 F1200 X111.673 Y158.522 E204.2415
G1 X112.149 Y158.078 E204.26315
G1 X112.645 Y157.825 E204.28167
G1 X113.248 Y157.7 E204.30215
G1 X119.357 Y157.701 E204.50534
G1 X119.731 Y157.759 E204.51793
G1 X120.159 Y157.914 E204.53307
G1 X120.619 Y158.208 E204.55122
G1 X121.045 Y158.688 E204.57257
G1 X121.287 Y159.186 E204.59099
G1 X121.417 Y159.766 E204.61075
G1 X121.344 Y160.395 E204.63182
G1 X121.164 Y160.896 E204.64952
G1 X120.916 Y161.281 E204.66475
G1 X120.345 Y161.814 E204.69073
G1 X119.76 Y162.03 E204.71147
G1 X119.375 Y162.1 E204.72449
G1 X117.5 Y162.099 E204.78685
G1 F2700 E199.78685
G0 F6000 X117.509 Y172.224
G0 X117.5 Y177.598
G1 F2700 E204.78685
G1 F1203 X117.053 Y177.563 E204.80173
G1 F1200 X116.564 Y177.43 E204.81858
G1 X116.184 Y177.246 E204.83263
G1 X115.762 Y176.932 E204.85012
G1 X115.428 Y176.574 E204.8664
G1 X115.156 Y176.133 E204.88364
G1 X114.975 Y175.648 E204.90086
G1 X114.897 Y175.135 E204.91811
G1 X114.923 Y174.607 E204.9357
G1 X115.055 Y174.102 E204.95306
G1 X115.268 Y173.654 E204.96956
G1 X115.505 Y173.325 E204.98304
G1 X115.962 Y172.878 E205.00431
G1 X116.548 Y172.574 E205.02626
G1 X117.155 Y172.404 E205.04723
G1 X117.841 Y172.404 E205.07004
G1 X118.455 Y172.575 E205.09124
G1 X118.846 Y172.78 E205.10593
G1 X119.217 Y173.046 E205.12111
G1 X119.572 Y173.421 E205.13829
G1 X119.845 Y173.868 E205.15571
G1 X120.02 Y174.352 E205.17282
G1 X120.099 Y174.867 E205.19015
G1 X120.068 Y175.4 E205.20791
G1 X119.948 Y175.88 E205.22437
G1 X119.725 Y176.351 E205.2417
G1 X119.454 Y176.707 E205.25658
G1 X119.032 Y177.124 E205.27631
G1 X118.456 Y177.422 E205.29788
G1 X117.966 Y177.56 E205.31481
G1 X117.562 Y177.603 E205.32833
G1 F1203 X117.5 Y177.598 E205.33039
G1 F2700 E200.33039
G0 F6000 X117.57 Y181.7
G0 X117.5 Y181.9
G1 F2700 E205.33039
G1 F1200 X124.172 Y181.9 E205.5523
G1 X124.172 Y132.457 E207.19678
G1 X124 Y132.6 E207.20422
G1 X111 Y132.6 E207.6366
G1 X110.824 Y132.452 E207.64425
G1 F1191.1 X110.826 Y145.947 E208.09647
G1 F1176.5 X110.829 Y159.442 E208.55429
G1 F1212.1 X110.814 Y159.984 E208.57214
G1 F1230.8 X110.824 Y160.595 E208.59196
G1 F1200 X110.824 Y181.9 E209.30056
G1 X117.5 Y181.9 E209.52261
G0 F6000 X117.5 Y182.3
;TYPE:WALL-OUTER
G1 F1200 X124.572 Y182.3 E209.75783
G1 X124.572 Y132.772 E211.40513
G1 F1221.4 X124.579 Y132 E211.43036
G1 F1243.5 X124.579 Y119 E211.84761
G1 F1221.4 X124.572 Y117.772 E211.88774
G1 X124.579 Y117 E211.91297
G1 F1243.5 X124.579 Y104 E212.33022
G1 F1221.4 X124.572 Y103.228 E212.35544
G1 F1200 X124.572 Y52.7 E214.03601
G1 X110.424 Y52.7 E214.50658
G1 X110.424 Y103.224 E216.18701
G1 F1218.3 X110.418 Y104 E216.21244
G1 X110.424 Y118.224 E216.67843
G1 X110.418 Y119 E216.70386
G1 X110.424 Y132.776 E217.15517
G1 F1200 X110.424 Y182.3 E218.80235
G1 X117.5 Y182.3 E219.0377
G1 F2700 E214.0377
G0 F6000 X117.5 Y181.99
G0 X117.479 Y181.7
G0 X117.57 Y177.785
G0 X117.5 Y177.197
G1 F2700 E219.0377
G1 F1200 X117.103 Y177.162 E219.05095
G1 X116.719 Y177.058 E219.06419
G1 X116.382 Y176.895 E219.07664
G1 X116.037 Y176.641 E219.09089
G1 X115.737 Y176.314 E219.10565
G1 X115.512 Y175.942 E219.1201
G1 X115.362 Y175.531 E219.13466
G1 X115.302 Y175.139 E219.14785
G1 X115.32 Y174.69 E219.16279
G1 X115.439 Y174.225 E219.17876
G1 X115.607 Y173.873 E219.19173
G1 X115.82 Y173.576 E219.20389
G1 X116.2 Y173.204 E219.22157
G1 X116.713 Y172.943 E219.24072
G1 X117.201 Y172.807 E219.25757
G1 X117.802 Y172.808 E219.27756
G1 X118.322 Y172.957 E219.29555
G1 X118.613 Y173.105 E219.3064
G1 X118.966 Y173.362 E219.32093
G1 X119.238 Y173.65 E219.3341
G1 X119.489 Y174.059 E219.35006
G1 X119.625 Y174.436 E219.36339
G1 X119.694 Y174.861 E219.37771
G1 X119.674 Y175.331 E219.39336
G1 X119.561 Y175.762 E219.40818
G1 X119.37 Y176.159 E219.42283
G1 X119.173 Y176.423 E219.43379
G1 X118.795 Y176.797 E219.45148
G1 X118.291 Y177.053 E219.47028
G1 X117.874 Y177.167 E219.48466
G1 X117.54 Y177.2 E219.49582
G1 X117.5 Y177.197 E219.49715
G1 F2700 E214.49715
G0 F6000 X117.479 Y177.503
G0 X116.615 Y177.286
G0 X115.883 Y176.843
G0 X115.55 Y176.486
G0 X115.294 Y176.07
G0 X115.126 Y175.611
G0 X115.051 Y175.128
G0 X115.076 Y174.634
G0 X115.197 Y174.162
G0 X115.623 Y173.424
G0 X115.975 Y173.08
G0 X117.499 Y172.224
G0 X117.505 Y162.28
G0 X117.5 Y161.698
G1 F2700 E219.49715
G1 F1200 X113.287 Y161.695 E219.63728
G1 X112.938 Y161.64 E219.64903
G1 X112.594 Y161.508 E219.66128
G1 X112.241 Y161.278 E219.6753
G1 X111.892 Y160.885 E219.69278
G1 X111.684 Y160.456 E219.70864
G1 X111.581 Y159.991 E219.72448
G1 X111.641 Y159.518 E219.74033
G1 X111.783 Y159.105 E219.75486
G1 X112.003 Y158.761 E219.76844
G1 X112.38 Y158.409 E219.7856
G1 X112.756 Y158.217 E219.79964
G1 X113.271 Y158.104 E219.81717
G1 X119.325 Y158.1 E220.01853
G1 X119.616 Y158.146 E220.02833
G1 X120 Y158.287 E220.04194
G1 X120.355 Y158.514 E220.05595
G1 X120.709 Y158.912 E220.07367
G1 X120.912 Y159.34 E220.08942
G1 X121.016 Y159.802 E220.10517
G1 X120.954 Y160.291 E220.12157
G1 X120.793 Y160.733 E220.13721
G1 X120.589 Y161.039 E220.14945
G1 X120.128 Y161.464 E220.1703
G1 X119.637 Y161.645 E220.18771
G1 X119.315 Y161.7 E220.19857
G1 X117.5 Y161.698 E220.25894
G1 F2700 E215.25894
G0 F6000 X117.499 Y162.009
G0 X119.357 Y161.949
G0 X119.717 Y161.885
G0 X120.266 Y161.682
G0 X120.801 Y161.185
G0 X121.031 Y160.825
G0 X121.2 Y160.357
G0 X121.27 Y159.79
G0 X121.142 Y159.235
G0 X120.919 Y158.776
G0 X120.52 Y158.326
G0 X120.09 Y158.051
G0 X119.668 Y157.938
G0 X117.496 Y157.521
G0 X117.496 Y148.98
G0 X117.5 Y148.397
G1 F2700 E220.25894
G1 F1200 X115.262 Y148.397 E220.33337
G1 X115.139 Y148.32 E220.3382
G1 X115.102 Y148.235 E220.34128
G1 X115.1 Y140.35 E220.60354
G1 X115.177 Y140.241 E220.60798
G1 X115.26 Y140.203 E220.61101
G1 X120.313 Y140.2 E220.77908
G1 X120.404 Y140.228 E220.78224
G1 X120.5 Y140.343 E220.78723
G1 X120.498 Y148.235 E221.04972
G1 X120.461 Y148.32 E221.0528
G1 X120.337 Y148.397 E221.05765
G1 X117.5 Y148.397 E221.15201
G1 F2700 E216.15201
G0 F6000 X117.5 Y148.71
G0 X114.862 Y148.638
G0 X114.862 Y139.962
G0 X117.497 Y139.62
G0 X117.497 Y132.8
G0 X117.5 Y132.2
G1 F2700 E221.15201
G1 F1200 X111 Y132.2 E221.3682
G1 F1212.1 X110.807 Y132.034 E221.37659
G1 F1230.8 X110.806 Y119 E221.79926
G1 F1218.3 X111 Y118.8 E221.80839
G1 F1200 X124 Y118.8 E222.24077
G1 F1221.4 X124.193 Y119 E222.24985
G1 F1240.3 X124.192 Y132.034 E222.66928
G1 F1218.3 X124 Y132.2 E222.67759
G1 F1200 X117.5 Y132.2 E222.89378
G1 F2700 E217.89378
G0 F6000 X117.5 Y132.51
G0 X117.5 Y131.335
G0 X117.5 Y119.665
G0 X117.5 Y117.2
G1 F2700 E222.89378
G1 F1200 X111 Y117.2 E223.10997
G1 F1212.1 X110.807 Y117.034 E223.11836
G1 F1230.8 X110.806 Y104 E223.54103
G1 F1218.3 X111 Y103.8 E223.55016
G1 F1200 X124 Y103.8 E223.98254
G1 F1221.4 X124.193 Y104 E223.99162
G1 F1240.3 X124.192 Y117.034 E224.41105
G1 F1218.3 X124 Y117.2 E224.41936
G1 F1200 X117.5 Y117.2 E224.63555
G1 F2700 E219.63555
G0 F6000 X117.5 Y117.51
G0 X117.567 Y62.785
G0 X117.54 Y62.2
G1 F2700 E224.63555
G1 F1200 X117.103 Y62.162 E224.65014
G1 X116.719 Y62.058 E224.66337
G1 X116.382 Y61.895 E224.67583
G1 X116.037 Y61.641 E224.69007
G1 X115.737 Y61.314 E224.70483
G1 X115.512 Y60.942 E224.71929
G1 X115.362 Y60.531 E224.73385
G1 X115.302 Y60.139 E224.74704
G1 X115.32 Y59.69 E224.76198
G1 X115.439 Y59.225 E224.77795
G1 X115.607 Y58.873 E224.79092
G1 X115.82 Y58.576 E224.80307
G1 X116.203 Y58.203 E224.82086
G1 X116.713 Y57.943 E224.8399
G1 X117.201 Y57.807 E224.85675
G1 X117.789 Y57.804 E224.8763
G1 X118.322 Y57.957 E224.89475
G1 X118.613 Y58.105 E224.90561
G1 X118.966 Y58.362 E224.92013
G1 X119.238 Y58.65 E224.9333
G1 X119.489 Y59.059 E224.94926
G1 X119.625 Y59.436 E224.96259
G1 X119.694 Y59.861 E224.97692
G1 X119.674 Y60.331 E224.99256
G1 X119.561 Y60.762 E225.00738
G1 X119.37 Y61.159 E225.02203
G1 X119.173 Y61.423 E225.03299
G1 X118.795 Y61.797 E225.05068
G1 X118.291 Y62.053 E225.06948
G1 X117.874 Y62.167 E225.08386
G1 X117.54 Y62.2 E225.09502
G1 F2700 E220.09502
G0 F6000 X117.519 Y62.506
G0 X117.567 Y62.785
G0 X117.567 Y103.2
G0 X117.5 Y103.04
;TYPE:SKIN
G1 F2700 E225.09502
G1 F1200 X111.184 Y103.04 E225.30509
G1 X111.184 Y53.46 E226.95413
G1 X123.812 Y53.46 E227.37414
G1 X123.812 Y103.04 E229.02317
G1 X117.5 Y103.04 E229.23311
G1 F2700 E224.23311
G0 F6000 X117.5 Y103.3
G0 X117.567 Y62.785
G0 X117.547 Y62.964
G1 F2700 E229.23311
G1 F1200 X118.011 Y62.915 E229.24863
G1 X118.613 Y62.746 E229.26943
G1 X119.239 Y62.42 E229.2929
G1 X119.749 Y61.919 E229.31668
G1 X120.026 Y61.547 E229.33211
G1 X120.277 Y61.022 E229.35146
G1 X120.422 Y60.459 E229.3708
G1 X120.46 Y59.865 E229.39059
G1 X120.374 Y59.281 E229.41023
G1 X120.172 Y58.722 E229.43
G1 X119.867 Y58.215 E229.44968
G1 X119.441 Y57.761 E229.47038
G1 X118.983 Y57.437 E229.48904
G1 X118.595 Y57.241 E229.5035
G1 X117.893 Y57.044 E229.52775
G1 X117.109 Y57.046 E229.55383
G1 X116.436 Y57.226 E229.577
G1 X115.749 Y57.579 E229.60269
G1 X115.24 Y58.076 E229.62635
G1 X114.943 Y58.489 E229.64327
G1 X114.719 Y58.957 E229.66052
G1 X114.566 Y59.538 E229.68051
G1 X114.538 Y60.182 E229.70195
G1 X114.628 Y60.758 E229.72134
G1 X114.82 Y61.274 E229.73965
G1 X115.149 Y61.805 E229.76043
G1 X115.529 Y62.213 E229.77897
G1 X115.982 Y62.546 E229.79767
G1 X116.45 Y62.769 E229.81491
G1 X117.007 Y62.92 E229.83411
G1 X117.547 Y62.964 E229.85213
G1 F2700 E224.85213
G0 F6000 X117.567 Y62.705
G0 X118.945 Y61.999
G0 X119.377 Y61.576
G0 X119.806 Y60.832
G0 X119.924 Y60.359
G0 X119.949 Y59.872
G0 X119.907 Y59.602
G0 X119.336 Y57.909
G0 X119.336 Y53.3
G0 X123.24 Y53.66
G1 F2700 E229.85213
G1 F1200 X123.612 Y54.033 E229.86965
G0 F6000 X123.612 Y54.599
G1 F1200 X122.674 Y53.66 E229.91379
G0 F6000 X122.108 Y53.66
G1 F1200 X123.612 Y55.164 E229.98454
G0 F6000 X123.612 Y55.73
G1 F1200 X121.542 Y53.66 E230.0819
G0 F6000 X120.977 Y53.66
G1 F1200 X123.612 Y56.296 E230.20587
G0 F6000 X123.612 Y56.861
G1 F1200 X120.411 Y53.66 E230.35643
G0 F6000 X119.845 Y53.66
G1 F1200 X123.612 Y57.427 E230.53362
G0 F6000 X123.612 Y57.993
G1 F1200 X119.28 Y53.66 E230.73741
G0 F6000 X118.714 Y53.66
G1 F1200 X123.612 Y58.558 E230.9678
G0 F6000 X123.612 Y59.124
G1 F1200 X118.148 Y53.66 E231.22481
G0 F6000 X117.583 Y53.66
G1 F1200 X123.612 Y59.69 E231.50842
G0 F6000 X123.612 Y60.255
G1 F1200 X117.017 Y53.66 E231.81862
G0 F6000 X116.451 Y53.66
G1 F1200 X123.612 Y60.821 E232.15546
G0 F6000 X123.612 Y61.387
G1 F1200 X115.886 Y53.66 E232.51889
G0 F6000 X115.32 Y53.66
G1 F1200 X118.758 Y57.098 E232.6806
G0 F6000 X117.944 Y56.85
G1 F1200 X114.754 Y53.66 E232.83065
G0 F6000 X114.189 Y53.66
G1 F1200 X117.375 Y56.847 E232.98053
G0 F6000 X116.866 Y56.904
G1 F1200 X113.623 Y53.66 E233.13309
G0 F6000 X113.057 Y53.66
G1 F1200 X116.419 Y57.023 E233.29126
G0 F6000 X116.035 Y57.204
G1 F1200 X112.491 Y53.66 E233.45796
G0 F6000 X111.926 Y53.66
G1 F1200 X115.664 Y57.398 E233.63378
G0 F6000 X115.369 Y57.67
G1 F1200 X111.384 Y53.684 E233.82124
G0 F6000 X111.384 Y54.25
G1 F1200 X115.087 Y57.952 E233.9954
G0 F6000 X114.847 Y58.278
G1 F1200 X111.384 Y54.816 E234.15826
G0 F6000 X111.384 Y55.381
G1 F1200 X114.65 Y58.647 E234.31189
G0 F6000 X114.486 Y59.048
G1 F1200 X111.384 Y55.947 E234.45777
G0 F6000 X111.384 Y56.513
G1 F1200 X114.37 Y59.498 E234.5982
G0 F6000 X114.341 Y60.035
G1 F1200 X111.384 Y57.078 E234.73729
G0 F6000 X111.384 Y57.644
G1 F1200 X114.408 Y60.668 E234.87953
G0 F6000 X114.866 Y60.599
G0 X115.19 Y61.38
G0 X114.796 Y61.622
G1 F1200 X111.384 Y58.21 E235.04002
G0 F6000 X111.384 Y58.775
G1 F1200 X123.612 Y71.003 E235.61519
G0 F6000 X123.612 Y70.438
G1 F1200 X115.9 Y62.726 E235.97794
G0 F6000 X116.818 Y63.078
G1 F1200 X123.612 Y69.872 E236.2975
G0 F6000 X123.612 Y69.306
G1 F1200 X117.463 Y63.157 E236.58673
G0 F6000 X117.99 Y63.118
G1 F1200 X123.612 Y68.741 E236.8512
G0 F6000 X123.612 Y68.175
G1 F1200 X118.441 Y63.004 E237.09443
G0 F6000 X118.851 Y62.848
G1 F1200 X123.612 Y67.609 E237.31837
G0 F6000 X123.612 Y67.044
G1 F1200 X119.223 Y62.655 E237.52482
G0 F6000 X119.541 Y62.406
G1 F1200 X123.612 Y66.478 E237.71633
G0 F6000 X123.612 Y65.912
G1 F1200 X119.826 Y62.126 E237.89441
G0 F6000 X120.077 Y61.811
G1 F1200 X123.612 Y65.347 E238.06071
G0 F6000 X123.612 Y64.781
G1 F1200 X120.288 Y61.457 E238.21706
G0 F6000 X120.473 Y61.076
G1 F1200 X123.612 Y64.215 E238.36471
G0 F6000 X123.612 Y63.65
G1 F1200 X120.586 Y60.624 E238.50704
G0 F6000 X120.644 Y60.116
G1 F1200 X123.612 Y63.084 E238.64665
G0 F6000 X123.612 Y62.518
G1 F1200 X120.615 Y59.521 E238.78762
G0 F6000 X120.388 Y58.729
G1 F1200 X123.612 Y61.952 E238.93924
G0 F6000 X124.072 Y61.952
G0 X124.072 Y71.569
G0 X123.612 Y71.569
G1 F1200 X111.384 Y59.341 E239.51441
G0 F6000 X111.384 Y59.907
G1 F1200 X123.612 Y72.135 E240.08957
G0 F6000 X123.612 Y72.7
G1 F1200 X111.384 Y60.472 E240.66474
G0 F6000 X111.384 Y61.038
G1 F1200 X123.612 Y73.266 E241.23991
G0 F6000 X123.612 Y73.832
G1 F1200 X111.384 Y61.604 E241.81508
G0 F6000 X111.384 Y62.17
G1 F1200 X123.612 Y74.398 E242.39025
G0 F6000 X123.612 Y74.963
G1 F1200 X111.384 Y62.735 E242.96541
G0 F6000 X111.384 Y63.301
G1 F1200 X123.612 Y75.529 E243.54058
G0 F6000 X123.612 Y76.095
G1 F1200 X111.384 Y63.867 E244.11575
G0 F6000 X111.384 Y64.432
G1 F1200 X123.612 Y76.66 E244.69092
G0 F6000 X123.612 Y77.226
G1 F1200 X111.384 Y64.998 E245.26608
G0 F6000 X111.384 Y65.564
G1 F1200 X123.612 Y77.792 E245.84125
G0 F6000 X123.612 Y78.357
G1 F1200 X111.384 Y66.129 E246.41642
G0 F6000 X111.384 Y66.695
G1 F1200 X123.612 Y78.923 E246.99159
G0 F6000 X123.612 Y79.489
G1 F1200 X111.384 Y67.261 E247.56675
G0 F6000 X111.384 Y67.826
G1 F1200 X123.612 Y80.054 E248.14192
G0 F6000 X123.612 Y80.62
G1 F1200 X111.384 Y68.392 E248.71709
G0 F6000 X111.384 Y68.958
G1 F1200 X123.612 Y81.186 E249.29226
G0 F6000 X123.612 Y81.751
G1 F1200 X111.384 Y69.523 E249.86742
G0 F6000 X111.384 Y70.089
G1 F1200 X123.612 Y82.317 E250.44259
G0 F6000 X123.612 Y82.883
G1 F1200 X111.384 Y70.655 E251.01776
G0 F6000 X111.384 Y71.221
G1 F1200 X123.612 Y83.448 E251.5929
G0 F6000 X123.612 Y84.014
G1 F1200 X111.384 Y71.786 E252.16807
G0 F6000 X111.384 Y72.352
G1 F1200 X123.612 Y84.58 E252.74324
G0 F6000 X123.612 Y85.146
G1 F1200 X111.384 Y72.918 E253.31841
G0 F6000 X111.384 Y73.483
G1 F1200 X123.612 Y85.711 E253.89357
G0 F6000 X123.612 Y86.277
G1 F1200 X111.384 Y74.049 E254.46874
G0 F6000 X111.384 Y74.615
G1 F1200 X123.612 Y86.843 E255.04391
G0 F6000 X123.612 Y87.408
G1 F1200 X111.384 Y75.18 E255.61908
G0 F6000 X111.384 Y75.746
G1 F1200 X123.612 Y87.974 E256.19424
G0 F6000 X123.612 Y88.54
G1 F1200 X111.384 Y76.312 E256.76941
G0 F6000 X111.384 Y76.877
G1 F1200 X123.612 Y89.105 E257.34458
G0 F6000 X123.612 Y89.671
G1 F1200 X111.384 Y77.443 E257.91975
G0 F6000 X111.384 Y78.009
G1 F1200 X123.612 Y90.237 E258.49492
G0 F6000 X123.612 Y90.802
G1 F1200 X111.384 Y78.574 E259.07008
G0 F6000 X111.384 Y79.14
G1 F1200 X123.612 Y91.368 E259.64525
G0 F6000 X123.612 Y91.934
G1 F1200 X111.384 Y79.706 E260.22042
G0 F6000 X111.384 Y80.271
G1 F1200 X123.612 Y92.499 E260.79559
G0 F6000 X123.612 Y93.065
G1 F1200 X111.384 Y80.837 E261.37075
G0 F6000 X111.384 Y81.403
G1 F1200 X123.612 Y93.631 E261.94592
G0 F6000 X123.612 Y94.197
G1 F1200 X111.384 Y81.969 E262.52109
G0 F6000 X111.384 Y82.534
G1 F1200 X123.612 Y94.762 E263.09626
G0 F6000 X123.612 Y95.328
G1 F1200 X111.384 Y83.1 E263.67142
G0 F6000 X111.384 Y83.666
G1 F1200 X123.612 Y95.894 E264.24659
G0 F6000 X123.612 Y96.459
G1 F1200 X111.384 Y84.231 E264.82176
G0 F6000 X111.384 Y84.797
G1 F1200 X123.612 Y97.025 E265.39693
G0 F6000 X123.612 Y97.591
G1 F1200 X111.384 Y85.363 E265.97209
G0 F6000 X111.384 Y85.928
G1 F1200 X123.612 Y98.156 E266.54726
G0 F6000 X123.612 Y98.722
G1 F1200 X111.384 Y86.494 E267.12243
G0 F6000 X111.384 Y87.06
G1 F1200 X123.612 Y99.288 E267.6976
G0 F6000 X123.612 Y99.853
G1 F1200 X111.384 Y87.625 E268.27277
G0 F6000 X111.384 Y88.191
G1 F1200 X123.612 Y100.419 E268.84793
G0 F6000 X123.612 Y100.985
G1 F1200 X111.384 Y88.757 E269.4231
G0 F6000 X111.384 Y89.322
G1 F1200 X123.612 Y101.55 E269.99827
G0 F6000 X123.612 Y102.116
G1 F1200 X111.384 Y89.888 E270.57344
G0 F6000 X111.384 Y90.454
G1 F1200 X123.612 Y102.682 E271.1486
G0 F6000 X123.204 Y102.839
G1 F1200 X111.384 Y91.019 E271.70458
G0 F6000 X111.384 Y91.585
G1 F1200 X122.638 Y102.839 E272.23393
G0 F6000 X122.073 Y102.839
G1 F1200 X111.384 Y92.151 E272.73669
G0 F6000 X111.384 Y92.717
G1 F1200 X121.507 Y102.839 E273.21282
G0 F6000 X120.941 Y102.839
G1 F1200 X111.384 Y93.282 E273.66235
G0 F6000 X111.384 Y93.848
G1 F1200 X120.376 Y102.839 E274.08528
G0 F6000 X119.81 Y102.839
G1 F1200 X111.384 Y94.414 E274.48159
G0 F6000 X111.384 Y94.979
G1 F1200 X119.244 Y102.839 E274.8513
G0 F6000 X118.679 Y102.839
G1 F1200 X111.384 Y95.545 E275.19441
G0 F6000 X111.384 Y96.111
G1 F1200 X118.113 Y102.839 E275.5109
G0 F6000 X117.547 Y102.839
G1 F1200 X111.384 Y96.676 E275.80079
G0 F6000 X111.384 Y97.242
G1 F1200 X116.982 Y102.839 E276.06408
G0 F6000 X116.416 Y102.839
G1 F1200 X111.384 Y97.808 E276.30075
G0 F6000 X111.384 Y98.373
G1 F1200 X115.85 Y102.839 E276.51081
G0 F6000 X115.285 Y102.839
G1 F1200 X111.384 Y98.939 E276.69428
G0 F6000 X111.384 Y99.505
G1 F1200 X114.719 Y102.839 E276.85113
G0 F6000 X114.153 Y102.839
G1 F1200 X111.384 Y100.07 E276.98137
G0 F6000 X111.384 Y100.636
G1 F1200 X113.588 Y102.839 E277.08502
G0 F6000 X113.022 Y102.839
G1 F1200 X111.384 Y101.202 E277.16204
G0 F6000 X111.384 Y101.768
G1 F1200 X112.456 Y102.839 E277.21244
G0 F6000 X111.89 Y102.839
G1 F1200 X111.384 Y102.333 E277.23624
G1 F2700 E272.23624
G0 F6000 X110.924 Y102.333
G0 X110.996 Y103.228
G0 X123.772 Y103.57
G0 X123.347 Y104.653
G0 X123.347 Y116.347
G0 X123.772 Y118
G1 F2700 E277.23624
G1 F1000 X111.224 Y118 E277.73706
G1 F2700 E272.73706
G0 F6000 X111.224 Y117.7
G0 X110.996 Y118.228
G0 X117.5 Y118.57
G0 X117.5 Y119.665
G0 X117.5 Y131.335
G0 X117.5 Y181.54
G1 F2700 E277.73706
G1 F1200 X111.185 Y181.539 E277.9471
G1 X111.183 Y161.166 E278.62471
G1 X111.245 Y161.291 E278.62935
G1 X111.735 Y161.857 E278.65425
G1 X112.251 Y162.189 E278.67465
G1 X112.745 Y162.38 E278.69227
G1 X113.263 Y162.457 E278.70969
G1 X119.395 Y162.46 E278.91364
G1 X119.837 Y162.381 E278.92857
G1 X120.54 Y162.122 E278.95349
G1 X121.173 Y161.531 E278.98229
G1 X121.497 Y161.032 E279.00208
G1 X121.698 Y160.467 E279.02203
G1 X121.776 Y159.748 E279.04608
G1 X121.632 Y159.083 E279.06871
G1 X121.343 Y158.481 E279.09092
G1 X120.848 Y157.926 E279.11566
G1 X120.344 Y157.603 E279.13557
G1 X119.833 Y157.412 E279.15371
G1 X119.385 Y157.34 E279.1688
G1 X113.187 Y157.344 E279.37495
G1 X112.523 Y157.482 E279.39751
G1 X111.934 Y157.781 E279.41948
G1 X111.411 Y158.269 E279.44327
G1 X111.184 Y158.617 E279.45709
G1 X111.18 Y132.96 E280.31044
G1 X123.812 Y132.96 E280.73059
G1 X123.812 Y181.54 E282.34636
G1 X117.5 Y181.54 E282.5563
G1 F2700 E277.5563
G0 F6000 X117.5 Y181.8
G0 X117.57 Y177.785
G0 X117.5 Y177.96
G1 F2700 E282.5563
G1 F1200 X117.551 Y177.964 E282.558
G1 X118.015 Y177.91 E282.57354
G1 X118.563 Y177.766 E282.59238
G1 X119.244 Y177.42 E282.61779
G1 X119.745 Y176.923 E282.64126
G1 X120.025 Y176.547 E282.65685
G1 X120.277 Y176.022 E282.67622
G1 X120.422 Y175.459 E282.69556
G1 X120.46 Y174.865 E282.71536
G1 X120.374 Y174.281 E282.73499
G1 X120.172 Y173.722 E282.75476
G1 X119.867 Y173.215 E282.77444
G1 X119.441 Y172.761 E282.79515
G1 X118.983 Y172.437 E282.8138
G1 X118.557 Y172.226 E282.82962
G1 X117.9 Y172.048 E282.85226
G1 X117.113 Y172.046 E282.87843
G1 X116.44 Y172.226 E282.9016
G1 X115.75 Y172.579 E282.92738
G1 X115.236 Y173.076 E282.95116
G1 X114.964 Y173.456 E282.9667
G1 X114.719 Y173.957 E282.98525
G1 X114.566 Y174.538 E283.00524
G1 X114.538 Y175.182 E283.02668
G1 X114.628 Y175.758 E283.04607
G1 X114.82 Y176.274 E283.06438
G1 X115.125 Y176.777 E283.08394
G1 X115.566 Y177.243 E283.10528
G1 X116.016 Y177.565 E283.12369
G1 X116.446 Y177.769 E283.13952
G1 X117.007 Y177.92 E283.15884
G1 X117.5 Y177.96 E283.17529
G1 F2700 E278.17529
G0 F6000 X117.52 Y177.701
G0 X118.945 Y176.999
G0 X119.377 Y176.576
G0 X119.806 Y175.832
G0 X119.924 Y175.359
G0 X119.949 Y174.872
G0 X119.875 Y174.395
G0 X119.707 Y173.93
G0 X119.45 Y173.514
G0 X119.121 Y173.161
G0 X118.707 Y172.909
G0 X117.5 Y172.224
G0 X117.5 Y148.98
G0 X117.5 Y149.157
G1 F2700 E283.17529
G1 F1200 X120.429 Y149.157 E283.27271
G1 X120.835 Y148.988 E283.28734
G1 X121.076 Y148.775 E283.29803
G1 X121.258 Y148.323 E283.31424
G1 X121.257 Y140.363 E283.57899
G1 X121.198 Y140.044 E283.58978
G1 X121.043 Y139.794 E283.59957
G1 X120.792 Y139.568 E283.6108
G1 X120.358 Y139.44 E283.62585
G1 X115.161 Y139.442 E283.7987
G1 X114.751 Y139.616 E283.81352
G1 X114.542 Y139.806 E283.82291
G1 X114.398 Y140.063 E283.83271
G1 X114.342 Y140.37 E283.84309
G1 X114.343 Y148.323 E284.10761
G1 X114.507 Y148.733 E284.12229
G1 X114.715 Y148.971 E284.13281
G1 X115.163 Y149.157 E284.14894
G1 X117.5 Y149.157 E284.22667
G1 F2700 E279.22667
G0 F6000 X117.5 Y148.9
G0 X120.738 Y148.638
G0 X120.738 Y141.611
G0 X120.707 Y139.732
G0 X120.707 Y132.8
G0 X123.544 Y133.16
G1 F2700 E284.22667
G1 F1200 X123.612 Y133.229 E284.22989
G0 F6000 X123.612 Y133.795
G1 F1200 X122.978 Y133.16 E284.25973
G0 F6000 X122.412 Y133.16
G1 F1200 X123.612 Y134.36 E284.31618
G0 F6000 X123.612 Y134.926
G1 F1200 X121.847 Y133.16 E284.39922
G0 F6000 X121.281 Y133.16
G1 F1200 X123.612 Y135.492 E284.50889
G0 F6000 X123.612 Y136.057
G1 F1200 X120.715 Y133.16 E284.64516
G0 F6000 X120.149 Y133.16
G1 F1200 X123.612 Y136.623 E284.80804
G0 F6000 X123.612 Y137.189
G1 F1200 X119.584 Y133.16 E284.99753
G0 F6000 X119.018 Y133.16
G1 F1200 X123.612 Y137.754 E285.21362
G0 F6000 X123.612 Y138.32
G1 F1200 X118.452 Y133.16 E285.45633
G0 F6000 X117.887 Y133.16
G1 F1200 X123.612 Y138.886 E285.72564
G0 F6000 X123.612 Y139.451
G1 F1200 X117.321 Y133.16 E286.02155
G0 F6000 X116.755 Y133.16
G1 F1200 X123.612 Y140.017 E286.34408
G0 F6000 X123.612 Y140.583
G1 F1200 X116.19 Y133.16 E286.69321
G0 F6000 X115.624 Y133.16
G1 F1200 X123.612 Y141.148 E287.06895
G0 F6000 X123.612 Y141.714
G1 F1200 X115.058 Y133.16 E287.4713
G0 F6000 X114.493 Y133.16
G1 F1200 X120.646 Y139.313 E287.76072
G0 F6000 X120.007 Y139.24
G1 F1200 X113.927 Y133.16 E288.0467
G0 F6000 X113.361 Y133.16
G1 F1200 X119.442 Y139.241 E288.33273
G0 F6000 X118.877 Y139.241
G1 F1200 X112.796 Y133.16 E288.61877
G0 F6000 X112.23 Y133.16
G1 F1200 X118.311 Y139.241 E288.9048
G0 F6000 X117.746 Y139.242
G1 F1200 X111.664 Y133.16 E289.19088
G0 F6000 X111.38 Y133.442
G1 F1200 X117.181 Y139.243 E289.46374
G0 F6000 X116.615 Y139.243
G1 F1200 X111.38 Y134.007 E289.71
G0 F6000 X111.38 Y134.573
G1 F1200 X116.05 Y139.243 E289.92966
G0 F6000 X115.485 Y139.244
G1 F1200 X111.38 Y135.139 E290.12275
G0 F6000 X111.38 Y135.704
G1 F1200 X114.974 Y139.299 E290.29182
G0 F6000 X114.586 Y139.476
G1 F1200 X111.38 Y136.27 E290.44262
G0 F6000 X111.38 Y136.836
G1 F1200 X114.322 Y139.778 E290.58101
G0 F6000 X114.168 Y140.19
G1 F1200 X111.381 Y137.402 E290.71212
G0 F6000 X111.381 Y137.968
G1 F1200 X114.14 Y140.728 E290.84192
G0 F6000 X114.141 Y141.294
G1 F1200 X111.381 Y138.534 E290.97174
G0 F6000 X111.381 Y139.099
G1 F1200 X114.141 Y141.86 E291.10159
G0 F6000 X114.142 Y142.426
G1 F1200 X111.381 Y139.665 E291.23146
G0 F6000 X111.381 Y140.231
G1 F1200 X114.142 Y142.992 E291.36132
G0 F6000 X114.143 Y143.558
G1 F1200 X111.381 Y140.796 E291.49124
G0 F6000 X111.381 Y141.362
G1 F1200 X114.143 Y144.125 E291.62118
G0 F6000 X114.143 Y144.69
G1 F1200 X111.381 Y141.928 E291.7511
G0 F6000 X111.381 Y142.494
G1 F1200 X114.144 Y145.257 E291.88106
G0 F6000 X114.145 Y145.823
G1 F1200 X111.381 Y143.06 E292.01105
G0 F6000 X111.381 Y143.625
G1 F1200 X114.145 Y146.389 E292.14106
G0 F6000 X114.145 Y146.955
G1 F1200 X111.381 Y144.191 E292.27107
G0 F6000 X111.381 Y144.757
G1 F1200 X114.146 Y147.522 E292.40112
G0 F6000 X114.146 Y148.087
G1 F1200 X111.381 Y145.322 E292.53118
G0 F6000 X111.382 Y145.889
G1 F1200 X114.417 Y148.924 E292.67394
G0 F6000 X114.656 Y149.163
G1 F1200 X123.612 Y158.119 E293.0952
G0 F6000 X123.612 Y158.685
G1 F1200 X111.382 Y146.455 E293.67046
G0 F6000 X111.382 Y147.02
G1 F1200 X123.612 Y159.25 E294.24572
G0 F6000 X123.612 Y159.816
G1 F1200 X111.382 Y147.586 E294.82098
G0 F6000 X111.382 Y148.152
G1 F1200 X123.612 Y160.382 E295.39625
G0 F6000 X123.612 Y160.947
G1 F1200 X121.862 Y159.197 E295.47856
G0 F6000 X121.963 Y159.864
G1 F1200 X123.612 Y161.513 E295.55613
G0 F6000 X123.612 Y162.079
G1 F1200 X121.908 Y160.375 E295.63628
G0 F6000 X121.784 Y160.816
G1 F1200 X123.612 Y162.644 E295.72226
G0 F6000 X123.612 Y163.21
G1 F1200 X121.62 Y161.218 E295.81596
G0 F6000 X121.398 Y161.561
G1 F1200 X123.612 Y163.776 E295.92012
G0 F6000 X123.612 Y164.342
G1 F1200 X121.122 Y161.852 E296.03724
G0 F6000 X120.83 Y162.125
G1 F1200 X123.612 Y164.907 E296.1681
G0 F6000 X123.612 Y165.473
G1 F1200 X120.492 Y162.352 E296.31488
G0 F6000 X120.078 Y162.504
G1 F1200 X123.612 Y166.039 E296.48113
G0 F6000 X123.612 Y166.604
G1 F1200 X119.632 Y162.624 E296.66834
G0 F6000 X119.097 Y162.655
G1 F1200 X123.612 Y167.17 E296.88071
G0 F6000 X123.612 Y167.736
G1 F1200 X118.532 Y162.655 E297.11968
G0 F6000 X117.966 Y162.655
G1 F1200 X123.612 Y168.301 E297.38525
G0 F6000 X123.612 Y168.867
G1 F1200 X117.401 Y162.656 E297.6774
G0 F6000 X116.835 Y162.656
G1 F1200 X123.612 Y169.433 E297.99617
G0 F6000 X123.612 Y169.998
G1 F1200 X116.27 Y162.656 E298.34151
G0 F6000 X115.705 Y162.656
G1 F1200 X123.612 Y170.564 E298.71346
G0 F6000 X123.612 Y171.13
G1 F1200 X115.139 Y162.656 E299.11202
G0 F6000 X114.574 Y162.657
G1 F1200 X123.612 Y171.695 E299.53714
G0 F6000 X123.612 Y172.261
G1 F1200 X114.008 Y162.657 E299.98889
G0 F6000 X113.443 Y162.657
G1 F1200 X123.612 Y172.827 E300.46723
G0 F6000 X123.612 Y173.392
G1 F1200 X112.817 Y162.597 E300.97499
G0 F6000 X112.884 Y162.143
G0 X112.025 Y161.736
G0 X111.774 Y162.12
G1 F1200 X123.612 Y173.958 E301.53181
G0 F6000 X123.612 Y174.524
G1 F1200 X111.384 Y162.296 E302.10698
G0 F6000 X111.384 Y162.862
G1 F1200 X123.612 Y175.09 E302.68215
G0 F6000 X123.612 Y175.655
G1 F1200 X111.384 Y163.427 E303.25732
G0 F6000 X111.384 Y163.993
G1 F1200 X123.612 Y176.221 E303.83249
G0 F6000 X123.612 Y176.787
G1 F1200 X120.196 Y173.371 E303.99316
G0 F6000 X119.805 Y173.61
G0 X120.128 Y174.393
G0 X120.583 Y174.323
G1 F1200 X123.612 Y177.352 E304.13564
G0 F6000 X123.612 Y177.918
G1 F1200 X120.654 Y174.96 E304.27477
G0 F6000 X120.619 Y175.49
G1 F1200 X123.612 Y178.484 E304.41558
G0 F6000 X123.612 Y179.049
G1 F1200 X120.506 Y175.943 E304.56168
G0 F6000 X120.344 Y176.347
G1 F1200 X123.612 Y179.615 E304.71539
G0 F6000 X123.612 Y180.181
G1 F1200 X120.148 Y176.717 E304.87833
G0 F6000 X119.905 Y177.039
G1 F1200 X123.612 Y180.746 E305.05269
G0 F6000 X123.612 Y181.312
G1 F1200 X119.625 Y177.325 E305.24023
G0 F6000 X119.333 Y177.599
G1 F1200 X123.074 Y181.34 E305.4162
G0 F6000 X122.508 Y181.34
G1 F1200 X118.961 Y177.792 E305.58306
G0 F6000 X118.573 Y177.97
G1 F1200 X121.943 Y181.34 E305.74157
G0 F6000 X121.377 Y181.34
G1 F1200 X118.125 Y178.088 E305.89454
G0 F6000 X117.631 Y178.16
G1 F1200 X120.811 Y181.34 E306.04411
G0 F6000 X120.246 Y181.34
G1 F1200 X117.028 Y178.122 E306.19548
G0 F6000 X116.224 Y177.883
G1 F1200 X119.68 Y181.34 E306.35806
G0 F6000 X119.114 Y181.34
G1 F1200 X111.384 Y173.61 E306.72166
G0 F6000 X111.384 Y174.175
G1 F1200 X118.549 Y181.34 E307.05868
G0 F6000 X117.983 Y181.34
G1 F1200 X111.384 Y174.741 E307.36907
G0 F6000 X111.384 Y175.307
G1 F1200 X117.416 Y181.339 E307.6528
G0 F6000 X116.851 Y181.339
G1 F1200 X111.384 Y175.872 E307.90995
G0 F6000 X111.384 Y176.438
G1 F1200 X116.285 Y181.339 E308.14048
G0 F6000 X115.719 Y181.339
G1 F1200 X111.384 Y177.004 E308.34439
G0 F6000 X111.384 Y177.569
G1 F1200 X115.154 Y181.339 E308.52171
G0 F6000 X114.588 Y181.339
G1 F1200 X111.384 Y178.135 E308.67242
G0 F6000 X111.384 Y178.701
G1 F1200 X114.022 Y181.339 E308.7965
G0 F6000 X113.457 Y181.339
G1 F1200 X111.384 Y179.266 E308.89401
G0 F6000 X111.384 Y179.832
G1 F1200 X112.891 Y181.339 E308.9649
G0 F6000 X112.325 Y181.339
G1 F1200 X111.384 Y180.398 E309.00916
G0 F6000 X111.384 Y180.963
G1 F1200 X111.76 Y181.339 E309.02684
G1 F2700 E304.02684
G0 F6000 X111.76 Y181.8
G0 X115.037 Y181.7
G0 X115.282 Y176.684
G0 X114.603 Y176.263
G1 F2700 E309.02684
G1 F1200 X111.384 Y173.044 E309.17826
G0 F6000 X111.384 Y172.478
G1 F1200 X114.379 Y175.473 E309.31913
G0 F6000 X114.347 Y174.875
G1 F1200 X111.384 Y171.913 E309.45848
G0 F6000 X111.384 Y171.347
G1 F1200 X114.404 Y174.366 E309.60051
G0 F6000 X114.519 Y173.916
G1 F1200 X111.384 Y170.781 E309.74797
G0 F6000 X111.384 Y170.215
G1 F1200 X114.704 Y173.535 E309.90413
G0 F6000 X114.916 Y173.182
G1 F1200 X111.384 Y169.65 E310.07026
G0 F6000 X111.384 Y169.084
G1 F1200 X115.165 Y172.865 E310.24811
G0 F6000 X115.453 Y172.587
G1 F1200 X111.384 Y168.518 E310.4395
G0 F6000 X111.384 Y167.953
G1 F1200 X115.773 Y172.342 E310.64595
G0 F6000 X116.145 Y172.148
G1 F1200 X111.384 Y167.387 E310.86989
G0 F6000 X111.384 Y166.821
G1 F1200 X116.552 Y171.99 E311.113
G0 F6000 X116.999 Y171.87
G1 F1200 X111.384 Y166.256 E311.37709
G0 F6000 X111.384 Y165.69
G1 F1200 X117.54 Y171.846 E311.66665
G0 F6000 X118.175 Y171.915
G1 F1200 X111.384 Y165.124 E311.98608
G0 F6000 X111.384 Y164.559
G1 F1200 X119.106 Y172.281 E312.3493
G1 F2700 E307.3493
G0 F6000 X118.86 Y172.666
G0 X118.513 Y172.403
G0 X118.519 Y162.28
G0 X119.883 Y157.218
G1 F2700 E312.3493
G1 F1200 X111.382 Y148.717 E312.74916
G0 F6000 X111.382 Y149.283
G1 F1200 X119.239 Y157.14 E313.11873
G0 F6000 X118.674 Y157.14
G1 F1200 X111.383 Y149.849 E313.46167
G0 F6000 X111.383 Y150.415
G1 F1200 X118.108 Y157.14 E313.778
G0 F6000 X117.542 Y157.14
G1 F1200 X111.383 Y150.981 E314.0677
G0 F6000 X111.383 Y151.546
G1 F1200 X116.977 Y157.14 E314.33082
G0 F6000 X116.411 Y157.14
G1 F1200 X111.383 Y152.112 E314.56732
G0 F6000 X111.383 Y152.678
G1 F1200 X115.845 Y157.14 E314.7772
G0 F6000 X115.28 Y157.14
G1 F1200 X111.383 Y153.243 E314.96051
G0 F6000 X111.383 Y153.809
G1 F1200 X114.714 Y157.14 E315.11719
G0 F6000 X114.148 Y157.14
G1 F1200 X111.383 Y154.376 E315.24722
G0 F6000 X111.383 Y154.941
G1 F1200 X113.583 Y157.14 E315.35068
G0 F6000 X113.045 Y157.169
G1 F1200 X111.383 Y155.507 E315.42885
G0 F6000 X111.383 Y156.073
G1 F1200 X112.577 Y157.266 E315.48499
G0 F6000 X112.178 Y157.432
G1 F1200 X111.383 Y156.638 E315.52236
G0 F6000 X111.383 Y157.204
G1 F1200 X111.806 Y157.627 E315.54226
G0 F6000 X111.514 Y157.9
G1 F1200 X111.383 Y157.77 E315.5484
G1 F2700 E310.5484
G0 F6000 X110.924 Y157.77
G0 X111.024 Y148.9
G0 X114.674 Y148.667
G0 X115.418 Y149.359
G1 F2700 E315.5484
G1 F1200 X123.612 Y157.553 E315.93382
G0 F6000 X123.612 Y156.988
G1 F1200 X115.983 Y149.359 E316.29266
G0 F6000 X116.549 Y149.359
G1 F1200 X123.612 Y156.422 E316.62489
G0 F6000 X123.612 Y155.856
G1 F1200 X117.114 Y149.358 E316.93053
G0 F6000 X117.679 Y149.357
G1 F1200 X123.612 Y155.291 E317.20962
G0 F6000 X123.612 Y154.725
G1 F1200 X118.244 Y149.357 E317.46212
G0 F6000 X118.809 Y149.357
G1 F1200 X123.612 Y154.159 E317.68801
G0 F6000 X123.612 Y153.593
G1 F1200 X119.374 Y149.356 E317.88733
G0 F6000 X119.939 Y149.355
G1 F1200 X123.612 Y153.028 E318.0601
G0 F6000 X123.612 Y152.462
G1 F1200 X120.5 Y149.35 E318.20648
G0 F6000 X120.896 Y149.18
G1 F1200 X123.612 Y151.896 E318.33423
G0 F6000 X123.612 Y151.331
G1 F1200 X121.209 Y148.927 E318.44728
G0 F6000 X121.388 Y148.541
G1 F1200 X123.612 Y150.765 E318.55189
G0 F6000 X123.612 Y150.199
G1 F1200 X121.454 Y148.041 E318.6534
G0 F6000 X121.454 Y147.476
G1 F1200 X123.612 Y149.634 E318.75491
G0 F6000 X123.612 Y149.068
G1 F1200 X121.454 Y146.91 E318.85641
G0 F6000 X121.454 Y146.344
G1 F1200 X123.612 Y148.502 E318.95792
G0 F6000 X123.612 Y147.937
G1 F1200 X121.454 Y145.779 E319.05942
G0 F6000 X121.454 Y145.213
G1 F1200 X123.612 Y147.371 E319.16093
G0 F6000 X123.612 Y146.805
G1 F1200 X121.454 Y144.647 E319.26243
G0 F6000 X121.453 Y144.081
G1 F1200 X123.612 Y146.24 E319.36399
G0 F6000 X123.612 Y145.674
G1 F1200 X121.453 Y143.515 E319.46554
G0 F6000 X121.453 Y142.949
G1 F1200 X123.612 Y145.108 E319.56709
G0 F6000 X123.612 Y144.543
G1 F1200 X121.453 Y142.384 E319.66865
G0 F6000 X121.453 Y141.818
G1 F1200 X123.612 Y143.977 E319.7702
G0 F6000 X123.612 Y143.411
G1 F1200 X121.453 Y141.252 E319.87175
G0 F6000 X121.453 Y140.687
G1 F1200 X123.612 Y142.845 E319.97328
G0 F6000 X123.612 Y142.28
G1 F1200 X121.406 Y140.074 E320.07704
G1 F2700 E315.07704
;MESH:NONMESH
G0 F300 X121.406 Y140.074 Z0.4
G0 F6000 X120.954 Y140.155
G0 X120.738 Y139.962
G0 X114.85 Y139.989
G0 X93.034 Y47.014
;TIME_ELAPSED:533.851254
;LAYER:1
M106 S85
;TYPE:SKIRT
G1 F2700 E320.07704
G1 F1200 X93.467 Y46.222 E320.10707
G1 X93.969 Y45.471 E320.13711
G1 X94.536 Y44.767 E320.16718
G1 X95.162 Y44.117 E320.19719
G1 X95.843 Y43.524 E320.22722
G1 X96.575 Y42.994 E320.25728
G1 X97.35 Y42.531 E320.28731
G1 X98.163 Y42.138 E320.31734
G1 X99.008 Y41.818 E320.3474
G1 X99.877 Y41.575 E320.37741
G1 X100.765 Y41.409 E320.40745
G1 X101.904 Y41.313 E320.44547
G1 X102.511 Y41.3 E320.46566
G1 X108.873 Y41.301 E320.67727
G1 X109.596 Y41.312 E320.70132
G1 X110.159 Y41.336 E320.72006
G1 X111.107 Y41.403 E320.75167
G1 X113.727 Y41.551 E320.83895
G1 X116.261 Y41.623 E320.92326
G1 X118.794 Y41.623 E321.00751
G1 X121.328 Y41.551 E321.09183
G1 X123.924 Y41.404 E321.17831
G1 X124.824 Y41.337 E321.20832
G1 X125.297 Y41.313 E321.22408
G1 X125.904 Y41.3 E321.24427
G1 X132.257 Y41.301 E321.45557
G1 X132.955 Y41.311 E321.47879
G1 X133.857 Y41.364 E321.50884
G1 X134.75 Y41.496 E321.53887
G1 X135.628 Y41.707 E321.5689
G1 X136.484 Y41.995 E321.59894
G1 X137.311 Y42.357 E321.62896
G1 X138.103 Y42.792 E321.65902
G1 X138.854 Y43.294 E321.68906
G1 X139.557 Y43.861 E321.7191
G1 X140.207 Y44.488 E321.74914
G1 X140.799 Y45.17 E321.77918
G1 X141.329 Y45.901 E321.80921
G1 X141.791 Y46.677 E321.83925
G1 X142.184 Y47.49 E321.86928
G1 X142.502 Y48.335 E321.89931
G1 X142.745 Y49.205 E321.92935
G1 X142.91 Y50.093 E321.95939
G1 X143.005 Y51.217 E321.99691
G1 X143.018 Y51.823 E322.01707
G1 X143.017 Y182.89 E326.37638
G1 X143.008 Y183.617 E326.40056
G1 X142.957 Y184.519 E326.43061
G1 X142.826 Y185.413 E326.46066
G1 X142.617 Y186.291 E326.49068
G1 X142.331 Y187.148 E326.52073
G1 X141.97 Y187.976 E326.55077
G1 X141.538 Y188.768 E326.58078
G1 X141.037 Y189.52 E326.61083
G1 X140.471 Y190.224 E326.64088
G1 X139.846 Y190.875 E326.67089
G1 X139.165 Y191.469 E326.70095
G1 X138.434 Y192 E326.731
G1 X137.66 Y192.464 E326.76101
G1 X136.847 Y192.858 E326.79106
G1 X136.003 Y193.178 E326.82108
G1 X135.133 Y193.423 E326.85115
G1 X134.246 Y193.589 E326.88116
G1 X133.095 Y193.687 E326.91958
G1 X132.488 Y193.7 E326.93977
G1 X126.126 Y193.699 E327.15137
G1 X125.403 Y193.688 E327.17542
G1 X124.84 Y193.664 E327.19417
G1 X123.892 Y193.597 E327.22578
G1 X121.272 Y193.449 E327.31306
G1 X118.738 Y193.377 E327.39737
G1 X116.205 Y193.377 E327.48162
G1 X113.671 Y193.449 E327.56593
G1 X111.062 Y193.597 E327.65285
G1 X110.169 Y193.663 E327.68263
G1 X109.703 Y193.687 E327.69815
G1 X109.097 Y193.7 E327.71831
G1 X102.742 Y193.699 E327.92968
G1 X102.044 Y193.689 E327.9529
G1 X101.142 Y193.636 E327.98295
G1 X100.249 Y193.504 E328.01297
G1 X99.371 Y193.293 E328.04301
G1 X98.515 Y193.005 E328.07305
G1 X97.688 Y192.643 E328.10307
G1 X96.896 Y192.208 E328.13313
G1 X96.145 Y191.706 E328.16317
G1 X95.442 Y191.139 E328.19321
G1 X94.792 Y190.512 E328.22325
G1 X94.2 Y189.83 E328.25329
G1 X93.67 Y189.099 E328.28332
G1 X93.208 Y188.323 E328.31336
G1 X92.815 Y187.51 E328.34339
G1 X92.497 Y186.665 E328.37342
G1 X92.254 Y185.795 E328.40346
G1 X92.089 Y184.907 E328.4335
G1 X91.994 Y183.766 E328.47158
G1 X91.981 Y183.158 E328.49181
G1 X91.982 Y52.036 E332.85295
G1 X91.991 Y51.371 E332.87507
G1 X92.043 Y50.469 E332.90512
G1 X92.175 Y49.576 E332.93514
G1 X92.385 Y48.698 E332.96517
G1 X92.672 Y47.841 E332.99523
G1 X93.034 Y47.014 E333.02525
G1 F2700 E328.02525
G0 F7500 X104 Y50.835
G0 X104 Y51.7
;TYPE:SUPPORT
G1 F2700 E333.02525
G1 F1350 X102.381 Y51.7 E333.0791
G1 X102.381 Y183.3 E337.45613
G1 X104 Y183.3 E337.50998
G1 X104 Y51.7 E341.88702
G1 X106 Y51.7 E341.95354
G1 X106 Y183.3 E346.33057
G1 X108 Y183.3 E346.39709
G1 X108 Y51.7 E350.77412
G1 X109.109 Y51.7 E350.81101
G1 X109.11 Y183.3 E355.18804
G1 X108 Y183.3 E355.22496
G1 F2700 E350.22496
G0 F7500 X108 Y184.165
G0 X132 Y184.165
G0 X132 Y183.3
G1 F2700 E355.22496
G1 F1350 X132.618 Y183.3 E355.24552
G1 X132.618 Y51.7 E359.62255
G1 X132 Y51.7 E359.64311
G1 X132 Y183.3 E364.02014
G1 X130 Y183.3 E364.08666
G1 X130 Y51.7 E368.46369
G1 X128 Y51.7 E368.53021
G1 X128 Y183.3 E372.90725
G1 X126 Y183.3 E372.97377
G1 X126 Y51.7 E377.3508
G1 F2700 E372.3508
;MESH:btncover.stl
G0 F7500 X119.829 Y58.485
G0 X117.817 Y62.593
;TYPE:WALL-INNER
G1 F2700 E377.3508
G1 F1350 X117.069 Y62.574 E377.37569
G1 X116.564 Y62.43 E377.39315
G1 X115.952 Y62.113 E377.41608
G1 X115.414 Y61.585 E377.44115
G1 X115.112 Y61.04 E377.46187
G1 X114.972 Y60.608 E377.47698
G1 X114.876 Y60.005 E377.49729
G1 X114.975 Y59.357 E377.51909
G1 X115.193 Y58.758 E377.54029
G1 X115.507 Y58.323 E377.55813
G1 X115.968 Y57.871 E377.57961
G1 X116.545 Y57.577 E377.60115
G1 X117.179 Y57.403 E377.62301
G1 X117.711 Y57.409 E377.64071
G1 X118.027 Y57.453 E377.65132
G1 X118.456 Y57.576 E377.66616
G1 X119.02 Y57.866 E377.68726
G1 X119.478 Y58.307 E377.7084
G1 X119.683 Y58.592 E377.72008
G1 X119.946 Y59.081 E377.73855
G1 X120.103 Y59.73 E377.76076
G1 X120.068 Y60.384 E377.78254
G1 X119.968 Y60.8 E377.79677
G1 X119.792 Y61.26 E377.81315
G1 X119.412 Y61.77 E377.8343
G1 X119.039 Y62.096 E377.85078
G1 X118.663 Y62.323 E377.86539
G1 X118.311 Y62.468 E377.87805
G1 X117.817 Y62.593 E377.895
G1 F2700 E372.895
G0 F7500 X117.039 Y62.759
G0 X112.837 Y103.24
G0 X110.708 Y103.692
G1 F2700 E377.895
G1 F1350 X111 Y103.4 E377.90873
G1 X124 Y103.4 E378.34112
G1 X124.288 Y103.688 E378.35466
G1 X124.288 Y53.1 E380.03723
G1 X110.709 Y53.101 E380.48887
G1 X110.708 Y103.692 E382.17153
G0 F7500 X110.708 Y103.49
G0 X110.562 Y117.438
G0 X110.893 Y118.328
G0 X117.5 Y118.4
G1 F1350 X124 Y118.4 E382.38772
G1 X124.288 Y118.688 E382.40127
G1 X124.288 Y117.359 E382.44547
G1 X124 Y117.6 E382.45796
G1 X111 Y117.6 E382.89034
G1 X110.708 Y117.354 E382.90304
G1 X110.708 Y118.692 E382.94754
G1 X111 Y118.4 E382.96128
G1 X117.5 Y118.4 E383.17747
G1 F2700 E378.17747
G0 F7500 X124.438 Y118.562
G0 X124.438 Y132.438
G0 X117.5 Y132.45
G0 X117.5 Y132.8
G0 X117.494 Y139.621
G0 X117.5 Y148.8
G1 F2700 E383.17747
G1 F1350 X115.283 Y148.8 E383.25121
G1 X115.055 Y148.748 E383.25898
G1 X114.813 Y148.552 E383.26934
G1 X114.7 Y148.273 E383.27935
G1 X114.7 Y140.4 E383.54121
G1 X114.729 Y140.212 E383.54754
G1 X114.924 Y139.932 E383.55889
G1 X115.208 Y139.8 E383.5693
G1 X120.355 Y139.802 E383.74049
G1 X120.623 Y139.894 E383.74992
G1 X120.759 Y140.013 E383.75593
G1 X120.862 Y140.187 E383.76265
G1 X120.9 Y140.4 E383.76985
G1 X120.9 Y148.274 E384.03174
G1 X120.781 Y148.561 E384.04207
G1 X120.661 Y148.681 E384.04772
G1 X120.379 Y148.8 E384.0579
G1 X117.5 Y148.8 E384.15365
G1 F2700 E379.15365
G0 F7500 X117.493 Y157.522
G0 X117.5 Y162.099
G1 F2700 E384.15365
G1 F1350 X113.319 Y162.097 E384.29271
G1 X112.868 Y162.038 E384.30784
G1 X112.433 Y161.882 E384.32321
G1 X111.923 Y161.537 E384.34369
G1 F1285.7 X111.527 Y161.098 E384.36434
G1 F1176.5 X111.222 Y160.446 E384.39181
G1 F1146.5 X111.158 Y159.792 E384.41755
G1 F1219 X111.317 Y159.169 E384.44123
G1 F1310.7 X111.59 Y158.638 E384.46168
G1 F1350 X111.894 Y158.287 E384.47713
G1 X112.435 Y157.908 E384.4991
G1 X112.66 Y157.812 E384.50724
G1 X113.211 Y157.7 E384.52594
G1 X119.363 Y157.703 E384.73055
G1 X119.736 Y157.76 E384.7431
G1 X120.148 Y157.911 E384.7577
G1 X120.586 Y158.187 E384.77492
G1 X120.861 Y158.45 E384.78757
G1 X121.147 Y158.868 E384.80442
G1 X121.33 Y159.302 E384.82008
G1 X121.417 Y159.975 E384.84265
G1 X121.29 Y160.604 E384.864
G1 X121.01 Y161.163 E384.88479
G1 X120.698 Y161.517 E384.90049
G1 X120.058 Y161.959 E384.92636
G1 X119.393 Y162.1 E384.94896
G1 X117.5 Y162.099 E385.01193
G1 F2700 E380.01193
G0 F7500 X117.614 Y172.204
G0 X117.5 Y177.59
G1 F2700 E385.01193
G1 F1350 X117.061 Y177.578 E385.02653
G1 X116.558 Y177.427 E385.044
G1 X115.969 Y177.129 E385.06596
G1 X115.414 Y176.585 E385.0918
G1 X115.112 Y176.04 E385.11253
G1 X114.972 Y175.608 E385.12763
G1 X114.876 Y175.005 E385.14794
G1 X114.975 Y174.357 E385.16974
G1 X115.193 Y173.758 E385.19094
G1 X115.508 Y173.322 E385.20883
G1 X115.97 Y172.87 E385.23033
G1 X116.547 Y172.576 E385.25187
G1 X117.179 Y172.407 E385.27363
G1 X117.711 Y172.409 E385.29132
G1 X118.059 Y172.459 E385.30302
G1 X118.458 Y172.577 E385.31686
G1 X119.02 Y172.866 E385.33787
G1 X119.478 Y173.307 E385.35902
G1 X119.683 Y173.592 E385.3707
G1 X119.946 Y174.081 E385.38916
G1 X120.103 Y174.73 E385.41137
G1 X120.068 Y175.384 E385.43316
G1 X119.968 Y175.8 E385.44739
G1 X119.792 Y176.26 E385.46377
G1 X119.413 Y176.769 E385.48488
G1 X119.037 Y177.098 E385.50149
G1 X118.663 Y177.323 E385.51601
G1 X118.311 Y177.468 E385.52867
G1 X117.815 Y177.598 E385.54573
G1 X117.5 Y177.59 E385.55621
G1 F2700 E380.55621
G0 F7500 X117.609 Y181.7
G0 X117.5 Y181.9
G1 F2700 E385.55621
G1 F1350 X124.288 Y181.9 E385.78198
G1 X124.288 Y132.359 E387.42972
G1 X124 Y132.6 E387.44221
G1 X111 Y132.6 E387.87459
G1 X110.708 Y132.354 E387.88729
G1 X110.708 Y159.21 E388.78052
G1 F1273.6 X110.731 Y159.691 E388.7975
G1 F1221.7 X110.727 Y159.86 E388.80371
G1 F1179 X110.747 Y160.487 E388.8276
G1 X110.726 Y160.691 E388.83541
G1 F1288.8 X110.709 Y161.151 E388.85145
G1 F1350 X110.708 Y181.9 E389.54156
G1 X117.5 Y181.9 E389.76747
G0 F7500 X117.5 Y182.3
;TYPE:WALL-OUTER
G1 F1350 X124.688 Y182.3 E390.00654
G1 X124.688 Y132.888 E391.64999
G1 F1273.6 X124.665 Y132.077 E391.67859
G1 F1210.8 X124.666 Y119 E392.16356
G1 F1279.6 X124.688 Y117.888 E392.20258
G1 F1273.6 X124.665 Y117.077 E392.23119
G1 F1210.8 X124.666 Y104 E392.71615
G1 F1279.6 X124.688 Y103.112 E392.74732
G1 F1350 X124.688 Y52.7 E394.42403
G1 X110.309 Y52.701 E394.90227
G1 X110.308 Y103.108 E396.57882
G1 F1276.6 X110.331 Y104 E396.6102
G1 F1205.4 X110.333 Y117.077 E397.09734
G1 F1270.6 X110.308 Y117.892 E397.12615
G1 F1276.6 X110.331 Y119 E397.16513
G1 F1205.4 X110.333 Y132.077 E397.65227
G1 F1270.6 X110.308 Y132.892 E397.68108
G1 F1350 X110.308 Y182.3 E399.3244
G1 X117.5 Y182.3 E399.56361
G1 F2700 E394.56361
G0 F7500 X117.5 Y181.99
G0 X117.492 Y181.7
G0 X117.596 Y177.772
G0 X117.5 Y177.187
G1 F2700 E399.56361
G1 F1350 X117.126 Y177.179 E399.57605
G1 X116.693 Y177.047 E399.5911
G1 X116.206 Y176.801 E399.60925
G1 X115.734 Y176.338 E399.63124
G1 X115.474 Y175.861 E399.64931
G1 X115.366 Y175.536 E399.6607
G1 X115.281 Y175.005 E399.67859
G1 X115.372 Y174.435 E399.69779
G1 X115.55 Y173.948 E399.71503
G1 X115.801 Y173.599 E399.72933
G1 X116.208 Y173.198 E399.74833
G1 X116.709 Y172.947 E399.76697
G1 X117.225 Y172.805 E399.78477
G1 X117.656 Y172.805 E399.79911
G1 X117.983 Y172.851 E399.81009
G1 X118.291 Y172.944 E399.82079
G1 X118.785 Y173.195 E399.83922
G1 X119.183 Y173.582 E399.85768
G1 X119.359 Y173.826 E399.86769
G1 X119.575 Y174.248 E399.88346
G1 X119.702 Y174.771 E399.90136
G1 X119.674 Y175.315 E399.91948
G1 X119.604 Y175.628 E399.93014
G1 X119.436 Y176.068 E399.94581
G1 X119.1 Y176.511 E399.9643
G1 X118.787 Y176.782 E399.97807
G1 X118.504 Y176.956 E399.98912
G1 X118.208 Y177.082 E399.99982
G1 X117.787 Y177.193 E400.0143
G1 X117.5 Y177.187 E400.02385
G1 F2700 E395.02385
G0 F7500 X117.492 Y177.5
G0 X118.301 Y177.315
G0 X118.95 Y176.976
G0 X119.297 Y176.667
G0 X119.659 Y176.189
G0 X119.927 Y175.34
G0 X119.952 Y174.752
G0 X119.807 Y174.139
G0 X119.361 Y173.405
G0 X119.015 Y173.069
G0 X117.607 Y172.204
G0 X117.613 Y162.28
G0 X117.5 Y161.698
G1 F2700 E400.02385
G1 F1350 X113.291 Y161.695 E400.16384
G1 X112.943 Y161.64 E400.17556
G1 X112.591 Y161.506 E400.18809
G1 X112.207 Y161.246 E400.20351
G1 X111.859 Y160.868 E400.2206
G1 X111.654 Y160.371 E400.23848
G1 X111.584 Y159.86 E400.25564
G1 X111.69 Y159.32 E400.27394
G1 X111.94 Y158.845 E400.29179
G1 X112.148 Y158.604 E400.30238
G1 X112.699 Y158.212 E400.32487
G1 X113.272 Y158.1 E400.34429
G1 X119.331 Y158.102 E400.54581
G1 X119.653 Y158.156 E400.55667
G1 X119.987 Y158.282 E400.56855
G1 X120.355 Y158.519 E400.5831
G1 X120.566 Y158.727 E400.59296
G1 X120.801 Y159.078 E400.60701
G1 X120.943 Y159.431 E400.61966
G1 X121.016 Y159.942 E400.63683
G1 X120.913 Y160.448 E400.65401
G1 X120.687 Y160.914 E400.67123
G1 X120.41 Y161.229 E400.68518
G1 X119.897 Y161.584 E400.70593
G1 X119.327 Y161.7 E400.72528
G1 X117.5 Y161.698 E400.78605
G1 F2700 E395.78605
G0 F7500 X117.499 Y162.009
G0 X119.376 Y161.949
G0 X119.999 Y161.817
G0 X120.6 Y161.401
G0 X120.883 Y161.076
G0 X121.145 Y160.559
G0 X121.268 Y159.953
G0 X121.185 Y159.342
G0 X121.014 Y158.94
G0 X120.744 Y158.549
G0 X120.496 Y158.311
G0 X120.08 Y158.047
G0 X119.661 Y157.936
G0 X117.493 Y157.522
G0 X117.493 Y148.98
G0 X117.5 Y148.396
G1 F2700 E400.78605
G1 F1350 X115.258 Y148.396 E400.86062
G1 X115.137 Y148.318 E400.8654
G1 X115.102 Y148.235 E400.8684
G1 X115.1 Y140.35 E401.13066
G1 X115.174 Y140.244 E401.13496
G1 X115.255 Y140.204 E401.13796
G1 X120.319 Y140.2 E401.30639
G1 X120.408 Y140.231 E401.30952
G1 X120.5 Y140.344 E401.31437
G1 X120.498 Y148.235 E401.57683
G1 X120.421 Y148.361 E401.58174
G1 X120.337 Y148.397 E401.58478
G1 X117.5 Y148.396 E401.67914
G1 F2700 E396.67914
G0 F7500 X117.5 Y148.71
G0 X114.862 Y148.638
G0 X114.862 Y139.962
G0 X117.494 Y139.621
G0 X117.494 Y132.8
G0 X117.5 Y132.2
G1 F2700 E401.67914
G1 F1350 X111 Y132.2 E401.89533
G1 F1270.6 X110.778 Y132.039 E401.90502
G1 F1205.4 X110.777 Y119 E402.39074
G1 F1276.6 X111 Y118.8 E402.40127
G1 F1350 X124 Y118.8 E402.83366
G1 F1279.6 X124.222 Y119 E402.84414
G1 F1210.8 X124.221 Y132.039 E403.32769
G1 F1273.6 X124 Y132.2 E403.33733
G1 F1350 X117.5 Y132.2 E403.55352
G1 F2700 E398.55352
G0 F7500 X117.5 Y132.51
G0 X110.562 Y132.438
G0 X110.562 Y118.562
G0 X124.103 Y118.325
G0 X124.104 Y117.691
G0 X117.5 Y117.51
G0 X117.5 Y117.2
G1 F2700 E403.55352
G1 F1350 X111 Y117.2 E403.76972
G1 F1270.6 X110.778 Y117.039 E403.77941
G1 F1205.4 X110.777 Y104 E404.26513
G1 F1276.6 X111 Y103.8 E404.27566
G1 F1350 X124 Y103.8 E404.70804
G1 F1279.6 X124.222 Y104 E404.71853
G1 F1210.8 X124.221 Y117.039 E405.20208
G1 F1273.6 X124 Y117.2 E405.21172
G1 F1350 X117.5 Y117.2 E405.42791
G1 F2700 E400.42791
G0 F7500 X117.5 Y117.51
G0 X124.438 Y117.438
G0 X124.438 Y103.562
G0 X118.507 Y103.55
G0 X117.857 Y103.2
G0 X117.869 Y62.774
G0 X117.778 Y62.197
G1 F2700 E405.42791
G1 F1350 X117.129 Y62.178 E405.44951
G1 X116.693 Y62.047 E405.46465
G1 X116.208 Y61.8 E405.48275
G1 X115.734 Y61.338 E405.50477
G1 X115.474 Y60.861 E405.52284
G1 X115.366 Y60.536 E405.53423
G1 X115.281 Y60.005 E405.55211
G1 X115.372 Y59.435 E405.57131
G1 X115.55 Y58.948 E405.58856
G1 X115.801 Y58.599 E405.60285
G1 X116.205 Y58.199 E405.62176
G1 X116.709 Y57.947 E405.64051
G1 X117.213 Y57.807 E405.6579
G1 X117.656 Y57.805 E405.67264
G1 X118.003 Y57.856 E405.6843
G1 X118.291 Y57.944 E405.69432
G1 X118.785 Y58.195 E405.71275
G1 X119.183 Y58.582 E405.73121
G1 X119.359 Y58.826 E405.74122
G1 X119.575 Y59.248 E405.75699
G1 X119.702 Y59.771 E405.77489
G1 X119.674 Y60.315 E405.793
G1 X119.604 Y60.628 E405.80367
G1 X119.436 Y61.068 E405.81934
G1 X119.1 Y61.511 E405.83783
G1 X118.786 Y61.782 E405.85162
G1 X118.504 Y61.956 E405.86265
G1 X118.208 Y62.082 E405.87335
G1 X117.778 Y62.197 E405.88815
G1 F2700 E400.88815
G0 F7500 X117.857 Y62.496
G0 X117.869 Y62.774
G0 X117.869 Y103.2
G0 X117.5 Y103.04
;TYPE:SKIN
G1 F2700 E405.88815
G1 F1350 X111.068 Y103.04 E406.10208
G1 X111.069 Y53.461 E407.75108
G1 X123.928 Y53.46 E408.17878
G1 X123.928 Y103.04 E409.82781
G1 X117.5 Y103.04 E410.04161
G1 F2700 E405.04161
G0 F7500 X117.5 Y103.3
G0 X117.859 Y103.2
G0 X117.869 Y62.774
G0 X117.887 Y62.951
G1 F2700 E410.04161
G1 F1350 X118.487 Y62.789 E410.06228
G1 X118.855 Y62.633 E410.07557
G1 X119.247 Y62.39 E410.09091
G1 X119.66 Y62.031 E410.10911
G1 X120.109 Y61.434 E410.13396
G1 X120.332 Y60.852 E410.15469
G1 X120.422 Y60.447 E410.16849
G1 X120.465 Y59.694 E410.19357
G1 X120.287 Y58.968 E410.21844
G1 X119.984 Y58.396 E410.23997
G1 X119.759 Y58.079 E410.2529
G1 X119.231 Y57.568 E410.27733
G1 X118.575 Y57.232 E410.30185
G1 X118.171 Y57.108 E410.3159
G1 X117.76 Y57.049 E410.32971
G1 X117.129 Y57.046 E410.3507
G1 X116.436 Y57.23 E410.37455
G1 X115.753 Y57.576 E410.40001
G1 X115.24 Y58.076 E410.42384
G1 X114.874 Y58.58 E410.44456
G1 X114.628 Y59.242 E410.46805
G1 X114.509 Y60.005 E410.49373
G1 X114.622 Y60.72 E410.51781
G1 X114.789 Y61.202 E410.53477
G1 X115.122 Y61.802 E410.5576
G1 X115.759 Y62.426 E410.58726
G1 X116.446 Y62.768 E410.61278
G1 X117.006 Y62.934 E410.63221
G1 X117.887 Y62.951 E410.66151
G1 F2700 E405.66151
G0 F7500 X117.859 Y62.694
G0 X116.618 Y62.287
G0 X116.066 Y62.009
G0 X115.537 Y61.493
G0 X115.252 Y60.976
G0 X115.129 Y60.619
G0 X115.041 Y60.071
G0 X115.367 Y58.208
G0 X113.066 Y53.26
G0 X111.269 Y53.911
G1 F2700 E410.66151
G1 F1350 X111.52 Y53.66 E410.67332
G0 F7500 X112.086 Y53.66
G1 F1350 X111.269 Y54.477 E410.71175
G0 F7500 X111.269 Y55.043
G1 F1350 X112.651 Y53.66 E410.77678
G0 F7500 X113.217 Y53.66
G1 F1350 X111.269 Y55.608 E410.86841
G0 F7500 X111.269 Y56.174
G1 F1350 X113.783 Y53.66 E410.98666
G0 F7500 X114.348 Y53.66
G1 F1350 X111.269 Y56.74 E411.13151
G0 F7500 X111.269 Y57.305
G1 F1350 X114.914 Y53.66 E411.30296
G0 F7500 X115.48 Y53.66
G1 F1350 X111.269 Y57.871 E411.50103
G0 F7500 X111.269 Y58.437
G1 F1350 X116.045 Y53.66 E411.7257
G0 F7500 X116.611 Y53.66
G1 F1350 X111.269 Y59.002 E411.97697
G0 F7500 X111.269 Y59.568
G1 F1350 X117.177 Y53.66 E412.25487
G0 F7500 X117.743 Y53.66
G1 F1350 X111.269 Y60.134 E412.55938
G0 F7500 X111.269 Y60.699
G1 F1350 X118.309 Y53.66 E412.8905
G0 F7500 X118.875 Y53.66
G1 F1350 X111.269 Y61.265 E413.24824
G0 F7500 X111.269 Y61.831
G1 F1350 X114.917 Y58.183 E413.41983
G0 F7500 X115.29 Y58.452
G0 X115.951 Y57.768
G0 X115.743 Y57.356
G1 F1350 X119.44 Y53.66 E413.5937
G0 F7500 X120.006 Y53.66
G1 F1350 X116.716 Y56.95 E413.74845
G0 F7500 X117.38 Y56.851
G1 F1350 X120.572 Y53.66 E413.89857
G0 F7500 X121.137 Y53.66
G1 F1350 X117.925 Y56.872 E414.04966
G0 F7500 X118.392 Y56.97
G1 F1350 X121.703 Y53.66 E414.20537
G0 F7500 X122.269 Y53.66
G1 F1350 X118.805 Y57.123 E414.36828
G0 F7500 X119.178 Y57.316
G1 F1350 X122.834 Y53.66 E414.54025
G0 F7500 X123.4 Y53.66
G1 F1350 X119.504 Y57.556 E414.72351
G0 F7500 X119.79 Y57.835
G1 F1350 X123.728 Y53.897 E414.90874
G0 F7500 X123.728 Y54.463
G1 F1350 X120.049 Y58.142 E415.08179
G0 F7500 X120.264 Y58.493
G1 F1350 X123.728 Y55.028 E415.24475
G0 F7500 X123.728 Y55.594
G1 F1350 X120.463 Y58.86 E415.39835
G0 F7500 X120.578 Y59.31
G1 F1350 X123.728 Y56.16 E415.54651
G0 F7500 X123.728 Y56.726
G1 F1350 X120.659 Y59.794 E415.69084
G0 F7500 X120.625 Y60.395
G1 F1350 X123.728 Y57.291 E415.83682
G0 F7500 X123.728 Y57.857
G1 F1350 X120.434 Y61.151 E415.99176
G0 F7500 X120.005 Y60.986
G0 X118.465 Y62.519
G0 X118.646 Y62.939
G1 F1350 X111.269 Y70.316 E416.33875
G0 F7500 X111.269 Y70.882
G1 F1350 X123.728 Y58.423 E416.92479
G0 F7500 X123.728 Y58.988
G1 F1350 X111.269 Y71.447 E417.51082
G0 F7500 X111.269 Y72.013
G1 F1350 X123.728 Y59.554 E418.09685
G0 F7500 X123.728 Y60.12
G1 F1350 X111.269 Y72.579 E418.68289
G0 F7500 X111.269 Y73.145
G1 F1350 X123.728 Y60.685 E419.26894
G0 F7500 X123.728 Y61.251
G1 F1350 X111.269 Y73.71 E419.85498
G0 F7500 X111.269 Y74.276
G1 F1350 X123.728 Y61.817 E420.44101
G0 F7500 X123.728 Y62.382
G1 F1350 X111.269 Y74.842 E421.02707
G0 F7500 X111.269 Y75.407
G1 F1350 X123.728 Y62.948 E421.6131
G0 F7500 X123.728 Y63.514
G1 F1350 X111.269 Y75.973 E422.19913
G0 F7500 X111.269 Y76.539
G1 F1350 X123.728 Y64.079 E422.78519
G0 F7500 X123.728 Y64.645
G1 F1350 X111.269 Y77.104 E423.37122
G0 F7500 X111.269 Y77.67
G1 F1350 X123.728 Y65.211 E423.95726
G0 F7500 X123.728 Y65.776
G1 F1350 X111.269 Y78.236 E424.54331
G0 F7500 X111.268 Y78.802
G1 F1350 X123.728 Y66.342 E425.12939
G0 F7500 X123.728 Y66.908
G1 F1350 X111.268 Y79.368 E425.71547
G0 F7500 X111.268 Y79.933
G1 F1350 X123.728 Y67.474 E426.30153
G0 F7500 X123.728 Y68.039
G1 F1350 X111.268 Y80.499 E426.88761
G0 F7500 X111.268 Y81.065
G1 F1350 X123.728 Y68.605 E427.47369
G0 F7500 X123.728 Y69.171
G1 F1350 X111.268 Y81.631 E428.05977
G0 F7500 X111.268 Y82.196
G1 F1350 X123.728 Y69.736 E428.64585
G0 F7500 X123.728 Y70.302
G1 F1350 X111.268 Y82.762 E429.23193
G0 F7500 X111.268 Y83.328
G1 F1350 X123.728 Y70.868 E429.81801
G0 F7500 X123.728 Y71.433
G1 F1350 X111.268 Y83.893 E430.40409
G0 F7500 X111.268 Y84.459
G1 F1350 X123.728 Y71.999 E430.99017
G0 F7500 X123.728 Y72.565
G1 F1350 X111.268 Y85.025 E431.57625
G0 F7500 X111.268 Y85.59
G1 F1350 X123.728 Y73.13 E432.16233
G0 F7500 X123.728 Y73.696
G1 F1350 X111.268 Y86.156 E432.74841
G0 F7500 X111.268 Y86.722
G1 F1350 X123.728 Y74.262 E433.33449
G0 F7500 X123.728 Y74.827
G1 F1350 X111.268 Y87.287 E433.92057
G0 F7500 X111.268 Y87.853
G1 F1350 X123.728 Y75.393 E434.50665
G0 F7500 X123.728 Y75.959
G1 F1350 X111.268 Y88.419 E435.09273
G0 F7500 X111.268 Y88.984
G1 F1350 X123.728 Y76.525 E435.67879
G0 F7500 X123.728 Y77.09
G1 F1350 X111.268 Y89.55 E436.26487
G0 F7500 X111.268 Y90.116
G1 F1350 X123.728 Y77.656 E436.85095
G0 F7500 X123.728 Y78.222
G1 F1350 X111.268 Y90.681 E437.43701
G0 F7500 X111.268 Y91.247
G1 F1350 X123.728 Y78.787 E438.02309
G0 F7500 X123.728 Y79.353
G1 F1350 X111.268 Y91.813 E438.60917
G0 F7500 X111.268 Y92.379
G1 F1350 X123.728 Y79.919 E439.19525
G0 F7500 X123.728 Y80.484
G1 F1350 X111.268 Y92.944 E439.78133
G0 F7500 X111.268 Y93.51
G1 F1350 X123.728 Y81.05 E440.36741
G0 F7500 X123.728 Y81.616
G1 F1350 X111.268 Y94.076 E440.95349
G0 F7500 X111.268 Y94.641
G1 F1350 X123.728 Y82.181 E441.53957
G0 F7500 X123.728 Y82.747
G1 F1350 X111.268 Y95.207 E442.12565
G0 F7500 X111.268 Y95.773
G1 F1350 X123.728 Y83.313 E442.71173
G0 F7500 X123.728 Y83.878
G1 F1350 X111.268 Y96.338 E443.29781
G0 F7500 X111.268 Y96.904
G1 F1350 X123.728 Y84.444 E443.88389
G0 F7500 X123.728 Y85.01
G1 F1350 X111.268 Y97.47 E444.46997
G0 F7500 X111.268 Y98.035
G1 F1350 X123.728 Y85.575 E445.05605
G0 F7500 X123.728 Y86.141
G1 F1350 X111.268 Y98.601 E445.64213
G0 F7500 X111.268 Y99.167
G1 F1350 X123.728 Y86.707 E446.22821
G0 F7500 X123.728 Y87.273
G1 F1350 X111.268 Y99.732 E446.81427
G0 F7500 X111.268 Y100.298
G1 F1350 X123.728 Y87.838 E447.40035
G0 F7500 X123.728 Y88.404
G1 F1350 X111.268 Y100.864 E447.98643
G0 F7500 X111.268 Y101.43
G1 F1350 X123.728 Y88.97 E448.57251
G0 F7500 X123.728 Y89.535
G1 F1350 X111.268 Y101.995 E449.15859
G0 F7500 X111.268 Y102.561
G1 F1350 X123.728 Y90.101 E449.74467
G0 F7500 X123.728 Y90.667
G1 F1350 X111.555 Y102.84 E450.31725
G0 F7500 X112.12 Y102.84
G1 F1350 X123.728 Y91.232 E450.86325
G0 F7500 X123.728 Y91.798
G1 F1350 X112.686 Y102.84 E451.38263
G0 F7500 X113.252 Y102.84
G1 F1350 X123.728 Y92.364 E451.87539
G0 F7500 X123.728 Y92.929
G1 F1350 X113.817 Y102.84 E452.34158
G0 F7500 X114.383 Y102.84
G1 F1350 X123.728 Y93.495 E452.78114
G0 F7500 X123.728 Y94.061
G1 F1350 X114.949 Y102.84 E453.19407
G0 F7500 X115.514 Y102.84
G1 F1350 X123.728 Y94.626 E453.58044
G0 F7500 X123.728 Y95.192
G1 F1350 X116.08 Y102.84 E453.94017
G0 F7500 X116.646 Y102.84
G1 F1350 X123.728 Y95.758 E454.27329
G0 F7500 X123.728 Y96.323
G1 F1350 X117.211 Y102.84 E454.57983
G0 F7500 X117.777 Y102.84
G1 F1350 X123.728 Y96.889 E454.85975
G0 F7500 X123.728 Y97.455
G1 F1350 X118.343 Y102.84 E455.11304
G0 F7500 X118.908 Y102.84
G1 F1350 X123.728 Y98.021 E455.33973
G0 F7500 X123.728 Y98.586
G1 F1350 X119.474 Y102.84 E455.53983
G0 F7500 X120.04 Y102.84
G1 F1350 X123.728 Y99.152 E455.7133
G0 F7500 X123.728 Y99.718
G1 F1350 X120.606 Y102.84 E455.86015
G0 F7500 X121.171 Y102.84
G1 F1350 X123.728 Y100.283 E455.98042
G0 F7500 X123.728 Y100.849
G1 F1350 X121.737 Y102.84 E456.07408
G0 F7500 X122.303 Y102.84
G1 F1350 X123.728 Y101.415 E456.1411
G0 F7500 X123.728 Y101.98
G1 F1350 X122.868 Y102.84 E456.18155
G0 F7500 X123.434 Y102.84
G1 F1350 X123.728 Y102.546 E456.19538
G1 F2700 E451.19538
G0 F7500 X124.188 Y102.546
G0 X124.103 Y103.325
G0 X110.893 Y103.328
G0 X110.809 Y69.749
G0 X111.269 Y69.75
G1 F2700 E456.19538
G1 F1350 X117.87 Y63.149 E456.50587
G0 F7500 X117.315 Y63.138
G1 F1350 X111.269 Y69.185 E456.79028
G0 F7500 X111.269 Y68.619
G1 F1350 X116.806 Y63.082 E457.05073
G0 F7500 X116.371 Y62.952
G1 F1350 X111.269 Y68.053 E457.29069
G0 F7500 X111.269 Y67.488
G1 F1350 X115.992 Y62.764 E457.51286
G0 F7500 X115.621 Y62.57
G1 F1350 X111.269 Y66.922 E457.71757
G0 F7500 X111.269 Y66.356
G1 F1350 X115.335 Y62.29 E457.90882
G0 F7500 X115.05 Y62.01
G1 F1350 X111.269 Y65.791 E458.08667
G0 F7500 X111.269 Y65.225
G1 F1350 X114.821 Y61.673 E458.25374
G0 F7500 X114.618 Y61.31
G1 F1350 X111.269 Y64.659 E458.41127
G0 F7500 X111.269 Y64.094
G1 F1350 X114.472 Y60.89 E458.56195
G0 F7500 X114.372 Y60.424
G1 F1350 X111.269 Y63.528 E458.70793
G0 F7500 X111.269 Y62.962
G1 F1350 X114.321 Y59.91 E458.85149
G0 F7500 X114.421 Y59.244
G1 F1350 X111.269 Y62.397 E458.99977
G1 F2700 E453.99977
G0 F7500 X110.809 Y62.396
G0 X110.893 Y103.328
G0 X124.438 Y103.562
G0 X124.438 Y117.438
G0 X123.888 Y117.7
G0 X123.888 Y118
G1 F2700 E458.99977
G1 F1125 X111.108 Y118 E459.50985
G1 F2700 E454.50985
G0 F7500 X110.808 Y118
G0 X110.562 Y118.562
G0 X110.562 Y132.438
G0 X110.88 Y181.728
G0 X117.5 Y181.8
G0 X117.5 Y181.54
G1 F2700 E459.50985
G1 F1350 X111.068 Y181.54 E459.72378
G1 X111.069 Y160.992 E460.40721
G1 X111.231 Y161.299 E460.41875
G1 X111.671 Y161.794 E460.44078
G1 X112.244 Y162.187 E460.46389
G1 X112.791 Y162.391 E460.48331
G1 X113.239 Y162.455 E460.49836
G1 X119.407 Y162.46 E460.70351
G1 X120.201 Y162.296 E460.73047
G1 X120.918 Y161.801 E460.75945
G1 X121.307 Y161.366 E460.77886
G1 X121.637 Y160.692 E460.80382
G1 X121.784 Y159.965 E460.82849
G1 X121.665 Y159.175 E460.85506
G1 X121.473 Y158.714 E460.87167
G1 X121.12 Y158.2 E460.89241
G1 X120.795 Y157.89 E460.90735
G1 X120.289 Y157.576 E460.92716
G1 X119.801 Y157.401 E460.9444
G1 X119.405 Y157.345 E460.9577
G1 X113.152 Y157.343 E461.16568
G1 X112.596 Y157.455 E461.18454
G1 X112.221 Y157.615 E461.1981
G1 X111.665 Y158.003 E461.22065
G1 X111.307 Y158.414 E461.23878
G1 X111.068 Y158.86 E461.25561
G1 X111.068 Y132.96 E462.11705
G1 X123.928 Y132.96 E462.54477
G1 X123.928 Y181.54 E464.16055
G1 X117.5 Y181.54 E464.37435
G1 F2700 E459.37435
G0 F7500 X117.5 Y181.8
G0 X117.611 Y177.773
G0 X117.5 Y177.946
G1 F2700 E464.37435
G1 F1350 X117.867 Y177.954 E464.38656
G1 X118.455 Y177.802 E464.40676
G1 X118.856 Y177.632 E464.42124
G1 X119.247 Y177.39 E464.43654
G1 X119.66 Y177.031 E464.45474
G1 X120.109 Y176.434 E464.47958
G1 X120.332 Y175.852 E464.50031
G1 X120.422 Y175.447 E464.51411
G1 X120.465 Y174.694 E464.5392
G1 X120.287 Y173.968 E464.56406
G1 X119.984 Y173.396 E464.58559
G1 X119.759 Y173.079 E464.59852
G1 X119.232 Y172.568 E464.62293
G1 X118.608 Y172.246 E464.64629
G1 X118.135 Y172.103 E464.66272
G1 X117.705 Y172.041 E464.67717
G1 X117.093 Y172.05 E464.69753
G1 X116.393 Y172.245 E464.7217
G1 X115.761 Y172.567 E464.74529
G1 X115.24 Y173.076 E464.76952
G1 X114.874 Y173.58 E464.79023
G1 X114.628 Y174.242 E464.81372
G1 X114.509 Y175.005 E464.83941
G1 X114.622 Y175.72 E464.86348
G1 X114.779 Y176.175 E464.87949
G1 X115.118 Y176.801 E464.90317
G1 X115.756 Y177.426 E464.93288
G1 X116.413 Y177.759 E464.95737
G1 X117.004 Y177.935 E464.97788
G1 X117.5 Y177.946 E464.99438
G1 F2700 E459.99438
G0 F7500 X117.507 Y177.69
G0 X118.95 Y176.976
G0 X119.297 Y176.667
G0 X119.659 Y176.189
G0 X119.927 Y175.34
G0 X119.952 Y174.752
G0 X119.807 Y174.139
G0 X119.361 Y173.405
G0 X119.015 Y173.069
G0 X117.684 Y172.222
G0 X117.684 Y148.98
G0 X117.5 Y149.159
G1 F2700 E464.99438
G1 F1350 X120.429 Y149.157 E465.0918
G1 X120.876 Y148.974 E465.10787
G1 X121.081 Y148.755 E465.11785
G1 X121.258 Y148.424 E465.13033
G1 X121.257 Y140.362 E465.39847
G1 X121.199 Y140.058 E465.40877
G1 X121.037 Y139.779 E465.4195
G1 X120.809 Y139.578 E465.42961
G1 X120.383 Y139.44 E465.4445
G1 X115.269 Y139.442 E465.61459
G1 X114.876 Y139.53 E465.62799
G1 X114.551 Y139.802 E465.64208
G1 X114.397 Y140.069 E465.65234
G1 X114.342 Y140.374 E465.66264
G1 X114.34 Y148.192 E465.92267
G1 X114.378 Y148.475 E465.93217
G1 X114.518 Y148.771 E465.94306
G1 X114.899 Y149.074 E465.95925
G1 X115.274 Y149.16 E465.97205
G1 X117.5 Y149.159 E466.04608
G1 F2700 E461.04608
G0 F7500 X117.5 Y148.9
G0 X114.862 Y148.638
G0 X114.664 Y139.947
G0 X114.664 Y132.8
G0 X111.782 Y133.16
G1 F2700 E466.04608
G1 F1350 X111.268 Y133.674 E466.07026
G0 F7500 X111.268 Y134.239
G1 F1350 X112.348 Y133.16 E466.12104
G0 F7500 X112.914 Y133.16
G1 F1350 X111.268 Y134.805 E466.19844
G0 F7500 X111.268 Y135.371
G1 F1350 X113.479 Y133.16 E466.30243
G0 F7500 X114.045 Y133.16
G1 F1350 X111.268 Y135.936 E466.43303
G0 F7500 X111.268 Y136.502
G1 F1350 X114.611 Y133.16 E466.59025
G0 F7500 X115.176 Y133.16
G1 F1350 X111.268 Y137.068 E466.77407
G0 F7500 X111.268 Y137.633
G1 F1350 X115.742 Y133.16 E466.98449
G0 F7500 X116.308 Y133.16
G1 F1350 X111.268 Y138.199 E467.22154
G0 F7500 X111.268 Y138.765
G1 F1350 X116.873 Y133.16 E467.48518
G0 F7500 X117.439 Y133.16
G1 F1350 X111.268 Y139.33 E467.77542
G0 F7500 X111.268 Y139.896
G1 F1350 X118.005 Y133.16 E468.09228
G0 F7500 X118.57 Y133.16
G1 F1350 X111.268 Y140.462 E468.43575
G0 F7500 X111.268 Y141.027
G1 F1350 X119.136 Y133.16 E468.80581
G0 F7500 X119.702 Y133.16
G1 F1350 X111.268 Y141.593 E469.2025
G0 F7500 X111.268 Y142.159
G1 F1350 X120.268 Y133.16 E469.62581
G0 F7500 X120.833 Y133.16
G1 F1350 X111.268 Y142.725 E470.07571
G0 F7500 X111.268 Y143.29
G1 F1350 X114.14 Y140.418 E470.2108
G0 F7500 X114.14 Y140.984
G1 F1350 X111.268 Y143.856 E470.34589
G0 F7500 X111.268 Y144.422
G1 F1350 X114.14 Y141.549 E470.48101
G0 F7500 X114.14 Y142.115
G1 F1350 X111.268 Y144.987 E470.6161
G0 F7500 X111.268 Y145.553
G1 F1350 X114.14 Y142.681 E470.75119
G0 F7500 X114.14 Y143.246
G1 F1350 X111.268 Y146.119 E470.8863
G0 F7500 X111.268 Y146.684
G1 F1350 X114.14 Y143.812 E471.02139
G0 F7500 X114.14 Y144.378
G1 F1350 X111.268 Y147.25 E471.15648
G0 F7500 X111.268 Y147.816
G1 F1350 X114.14 Y144.943 E471.29159
G0 F7500 X114.14 Y145.509
G1 F1350 X111.268 Y148.381 E471.42668
G0 F7500 X111.268 Y148.947
G1 F1350 X114.14 Y146.075 E471.56177
G0 F7500 X114.14 Y146.641
G1 F1350 X111.268 Y149.513 E471.69687
G0 F7500 X111.268 Y150.078
G1 F1350 X114.14 Y147.206 E471.83196
G0 F7500 X114.14 Y147.772
G1 F1350 X111.268 Y150.644 E471.96705
G0 F7500 X111.268 Y151.21
G1 F1350 X114.157 Y148.321 E472.10293
G0 F7500 X114.29 Y148.754
G1 F1350 X111.268 Y151.776 E472.24508
G0 F7500 X111.268 Y152.341
G1 F1350 X114.553 Y149.056 E472.3996
G0 F7500 X114.894 Y149.281
G1 F1350 X111.268 Y152.907 E472.57015
G0 F7500 X111.268 Y153.473
G1 F1350 X115.381 Y149.359 E472.76364
G0 F7500 X115.948 Y149.359
G1 F1350 X111.268 Y154.038 E472.98375
G0 F7500 X111.268 Y154.604
G1 F1350 X116.514 Y149.359 E473.23048
G0 F7500 X117.08 Y149.358
G1 F1350 X111.268 Y155.17 E473.50386
G0 F7500 X111.268 Y155.735
G1 F1350 X117.646 Y149.357 E473.80386
G0 F7500 X118.213 Y149.357
G1 F1350 X111.268 Y156.301 E474.13051
G0 F7500 X111.268 Y156.867
G1 F1350 X118.779 Y149.356 E474.4838
G0 F7500 X119.345 Y149.355
G1 F1350 X111.268 Y157.432 E474.86372
G0 F7500 X111.268 Y157.998
G1 F1350 X119.912 Y149.354 E475.27031
G0 F7500 X120.478 Y149.354
G1 F1350 X112.577 Y157.255 E475.64195
G0 F7500 X113.257 Y157.14
G1 F1350 X123.728 Y146.67 E476.13445
G0 F7500 X123.728 Y147.235
G1 F1350 X113.822 Y157.141 E476.60039
G0 F7500 X114.387 Y157.142
G1 F1350 X123.728 Y147.801 E477.03977
G0 F7500 X123.728 Y148.367
G1 F1350 X114.952 Y157.142 E477.45254
G0 F7500 X115.517 Y157.143
G1 F1350 X123.728 Y148.932 E477.83876
G0 F7500 X123.728 Y149.498
G1 F1350 X116.082 Y157.144 E478.1984
G0 F7500 X116.647 Y157.145
G1 F1350 X123.728 Y150.064 E478.53147
G0 F7500 X123.728 Y150.629
G1 F1350 X117.212 Y157.145 E478.83797
G0 F7500 X117.777 Y157.146
G1 F1350 X123.728 Y151.195 E479.11788
G0 F7500 X123.728 Y151.761
G1 F1350 X118.342 Y157.147 E479.37122
G0 F7500 X118.907 Y157.147
G1 F1350 X123.728 Y152.326 E479.59799
G0 F7500 X123.728 Y152.892
G1 F1350 X119.468 Y157.152 E479.79837
G0 F7500 X119.949 Y157.237
G1 F1350 X123.728 Y153.458 E479.97612
G0 F7500 X123.728 Y154.023
G1 F1350 X120.362 Y157.39 E480.13447
G0 F7500 X120.714 Y157.603
G1 F1350 X123.728 Y154.589 E480.27624
G0 F7500 X123.728 Y155.155
G1 F1350 X121.039 Y157.844 E480.40272
G0 F7500 X121.319 Y158.13
G1 F1350 X123.728 Y155.72 E480.51606
G0 F7500 X123.728 Y156.286
G1 F1350 X121.55 Y158.465 E480.61853
G0 F7500 X121.742 Y158.838
G1 F1350 X123.728 Y156.852 E480.71194
G0 F7500 X123.728 Y157.418
G1 F1350 X121.885 Y159.26 E480.79861
G0 F7500 X121.956 Y159.755
G1 F1350 X123.728 Y157.983 E480.88196
G0 F7500 X123.728 Y158.549
G1 F1350 X121.907 Y160.37 E480.96761
G0 F7500 X121.586 Y161.257
G1 F1350 X123.728 Y159.115 E481.06836
G0 F7500 X123.728 Y159.68
G1 F1350 X111.268 Y172.14 E481.65444
G0 F7500 X111.268 Y171.575
G1 F1350 X120.531 Y162.312 E482.09015
G0 F7500 X119.662 Y162.615
G1 F1350 X111.268 Y171.009 E482.48497
G0 F7500 X111.268 Y170.443
G1 F1350 X119.052 Y162.659 E482.85111
G0 F7500 X118.487 Y162.659
G1 F1350 X111.268 Y169.877 E483.19065
G0 F7500 X111.268 Y169.312
G1 F1350 X117.922 Y162.658 E483.50363
G0 F7500 X117.357 Y162.657
G1 F1350 X111.268 Y168.746 E483.79004
G0 F7500 X111.268 Y168.18
G1 F1350 X116.792 Y162.656 E484.04987
G0 F7500 X116.227 Y162.656
G1 F1350 X111.268 Y167.615 E484.28313
G0 F7500 X111.268 Y167.049
G1 F1350 X115.662 Y162.655 E484.48981
G0 F7500 X115.096 Y162.655
G1 F1350 X111.268 Y166.483 E484.66986
G0 F7500 X111.268 Y165.918
G1 F1350 X114.531 Y162.654 E484.82337
G0 F7500 X113.967 Y162.654
G1 F1350 X111.268 Y165.352 E484.9503
G0 F7500 X111.268 Y164.786
G1 F1350 X113.402 Y162.653 E485.05065
G0 F7500 X112.883 Y162.606
G1 F1350 X111.268 Y164.221 E485.12662
G0 F7500 X111.268 Y163.655
G1 F1350 X112.444 Y162.479 E485.18193
G0 F7500 X112.057 Y162.301
G1 F1350 X111.268 Y163.089 E485.21902
G0 F7500 X111.268 Y162.524
G1 F1350 X111.718 Y162.074 E485.24019
G0 F7500 X111.415 Y161.811
G1 F1350 X111.268 Y161.958 E485.2471
G0 F7500 X110.809 Y161.957
G0 X110.809 Y172.705
G0 X111.268 Y172.706
G1 F1350 X123.728 Y160.246 E485.83318
G0 F7500 X123.728 Y160.812
G1 F1350 X111.268 Y173.272 E486.41926
G0 F7500 X111.268 Y173.837
G1 F1350 X123.728 Y161.377 E487.00534
G0 F7500 X123.728 Y161.943
G1 F1350 X111.268 Y174.403 E487.59142
G0 F7500 X111.268 Y174.969
G1 F1350 X123.728 Y162.509 E488.1775
G0 F7500 X123.728 Y163.074
G1 F1350 X111.268 Y175.534 E488.76358
G0 F7500 X111.268 Y176.1
G1 F1350 X123.728 Y163.64 E489.34966
G0 F7500 X123.728 Y164.206
G1 F1350 X111.268 Y176.666 E489.93574
G0 F7500 X111.268 Y177.231
G1 F1350 X114.507 Y173.993 E490.08807
G0 F7500 X114.351 Y174.714
G1 F1350 X111.268 Y177.797 E490.23309
G0 F7500 X111.268 Y178.363
G1 F1350 X114.35 Y175.281 E490.37805
G0 F7500 X114.429 Y175.768
G1 F1350 X111.268 Y178.928 E490.52671
G0 F7500 X111.268 Y179.494
G1 F1350 X114.573 Y176.19 E490.68215
G0 F7500 X114.763 Y176.565
G1 F1350 X111.268 Y180.06 E490.84654
G0 F7500 X111.268 Y180.625
G1 F1350 X114.964 Y176.929 E491.02039
G0 F7500 X115.25 Y177.209
G1 F1350 X111.268 Y181.191 E491.20769
G0 F7500 X111.685 Y181.34
G1 F1350 X115.536 Y177.489 E491.38883
G0 F7500 X115.879 Y177.711
G1 F1350 X112.25 Y181.34 E491.55953
G0 F7500 X112.816 Y181.34
G1 F1350 X116.255 Y177.902 E491.72126
G0 F7500 X116.678 Y178.045
G1 F1350 X113.382 Y181.34 E491.87627
G0 F7500 X113.947 Y181.34
G1 F1350 X117.149 Y178.139 E492.02686
G0 F7500 X117.701 Y178.152
G1 F1350 X114.513 Y181.34 E492.17682
G0 F7500 X115.079 Y181.34
G1 F1350 X118.396 Y178.023 E492.33284
G0 F7500 X118.281 Y177.579
G0 X119.104 Y176.84
G0 X120.081 Y175.79
G0 X120.523 Y175.896
G1 F1350 X123.728 Y172.691 E492.48359
G0 F7500 X123.728 Y173.257
G1 F1350 X115.644 Y181.34 E492.86381
G0 F7500 X116.21 Y181.34
G1 F1350 X123.728 Y173.822 E493.21744
G0 F7500 X123.728 Y174.388
G1 F1350 X116.776 Y181.34 E493.54444
G0 F7500 X117.342 Y181.34
G1 F1350 X123.728 Y174.954 E493.84482
G0 F7500 X123.728 Y175.519
G1 F1350 X117.907 Y181.34 E494.11862
G0 F7500 X118.473 Y181.34
G1 F1350 X123.728 Y176.085 E494.3658
G0 F7500 X123.728 Y176.651
G1 F1350 X119.039 Y181.34 E494.58635
G0 F7500 X119.604 Y181.34
G1 F1350 X123.728 Y177.217 E494.78031
G0 F7500 X123.728 Y177.782
G1 F1350 X120.17 Y181.34 E494.94767
G0 F7500 X120.736 Y181.34
G1 F1350 X123.728 Y178.348 E495.0884
G0 F7500 X123.728 Y178.914
G1 F1350 X121.301 Y181.34 E495.20254
G0 F7500 X121.867 Y181.34
G1 F1350 X123.728 Y179.479 E495.29007
G0 F7500 X123.728 Y180.045
G1 F1350 X122.433 Y181.34 E495.35099
G0 F7500 X122.998 Y181.34
G1 F1350 X123.728 Y180.611 E495.3853
G0 F7500 X123.728 Y181.176
G1 F1350 X123.564 Y181.34 E495.39301
G1 F2700 E490.39301
G0 F7500 X123.564 Y181.8
G0 X120.179 Y181.7
G0 X119.95 Y176.351
G0 X120.635 Y175.219
G1 F2700 E495.39301
G1 F1350 X123.728 Y172.125 E495.53852
G0 F7500 X123.728 Y171.56
G1 F1350 X120.656 Y174.631 E495.683
G0 F7500 X120.545 Y174.177
G1 F1350 X123.728 Y170.994 E495.83272
G0 F7500 X123.728 Y170.428
G1 F1350 X120.405 Y173.752 E495.98904
G0 F7500 X120.206 Y173.385
G1 F1350 X123.728 Y169.863 E496.15471
G0 F7500 X123.728 Y169.297
G1 F1350 X119.98 Y173.045 E496.331
G0 F7500 X119.706 Y172.753
G1 F1350 X123.728 Y168.731 E496.52018
G0 F7500 X123.728 Y168.166
G1 F1350 X119.42 Y172.474 E496.72282
G0 F7500 X119.068 Y172.26
G1 F1350 X123.728 Y167.6 E496.94201
G0 F7500 X123.728 Y167.034
G1 F1350 X118.696 Y172.067 E497.17872
G0 F7500 X118.263 Y171.934
G1 F1350 X123.728 Y166.468 E497.4358
G0 F7500 X123.728 Y165.903
G1 F1350 X117.781 Y171.85 E497.71553
G0 F7500 X117.214 Y171.851
G1 F1350 X123.728 Y165.337 E498.02193
G0 F7500 X123.728 Y164.771
G1 F1350 X116.492 Y172.007 E498.36229
G1 F2700 E493.36229
G0 F7500 X116.616 Y172.454
G0 X117.121 Y172.228
G0 X120.402 Y148.981
G0 X121.455 Y148.376
G1 F2700 E498.36229
G1 F1350 X123.728 Y146.104 E498.46918
G0 F7500 X123.728 Y145.538
G1 F1350 X121.455 Y147.811 E498.5761
G0 F7500 X121.456 Y147.244
G1 F1350 X123.728 Y144.972 E498.68297
G0 F7500 X123.728 Y144.407
G1 F1350 X121.456 Y146.679 E498.78983
G0 F7500 X121.457 Y146.112
G1 F1350 X123.728 Y143.841 E498.89665
G0 F7500 X123.728 Y143.275
G1 F1350 X121.457 Y145.547 E499.0035
G0 F7500 X121.458 Y144.98
G1 F1350 X123.728 Y142.71 E499.11027
G0 F7500 X123.728 Y142.144
G1 F1350 X121.458 Y144.415 E499.21707
G0 F7500 X121.458 Y143.848
G1 F1350 X123.728 Y141.578 E499.32384
G0 F7500 X123.728 Y141.013
G1 F1350 X121.458 Y143.282 E499.43059
G0 F7500 X121.458 Y142.717
G1 F1350 X123.728 Y140.447 E499.53737
G0 F7500 X123.728 Y139.881
G1 F1350 X121.459 Y142.15 E499.64409
G0 F7500 X121.459 Y141.585
G1 F1350 X123.728 Y139.316 E499.75082
G0 F7500 X123.728 Y138.75
G1 F1350 X121.46 Y141.018 E499.8575
G0 F7500 X121.46 Y140.453
G1 F1350 X123.728 Y138.184 E499.9642
G0 F7500 X123.728 Y137.619
G1 F1350 X121.378 Y139.968 E500.07472
G0 F7500 X121.15 Y139.631
G1 F1350 X123.728 Y137.053 E500.19598
G0 F7500 X123.728 Y136.487
G1 F1350 X120.838 Y139.377 E500.33192
G0 F7500 X120.408 Y139.242
G1 F1350 X123.728 Y135.921 E500.4881
G0 F7500 X123.728 Y135.356
G1 F1350 X119.842 Y139.242 E500.67089
G0 F7500 X119.275 Y139.243
G1 F1350 X123.728 Y134.79 E500.88034
G0 F7500 X123.728 Y134.224
G1 F1350 X118.71 Y139.243 E501.1164
G0 F7500 X118.143 Y139.243
G1 F1350 X123.728 Y133.659 E501.37908
G0 F7500 X123.662 Y133.16
G1 F1350 X117.577 Y139.244 E501.66527
G0 F7500 X117.011 Y139.244
G1 F1350 X123.096 Y133.16 E501.95147
G0 F7500 X122.53 Y133.16
G1 F1350 X116.445 Y139.245 E502.23769
G0 F7500 X115.879 Y139.246
G1 F1350 X121.965 Y133.16 E502.52395
G0 F7500 X121.399 Y133.16
G1 F1350 X115.313 Y139.246 E502.81022
G1 F2700 E497.81022
;MESH:NONMESH
G0 F300 X115.313 Y139.246 Z0.6
G0 F7500 X115.312 Y139.7
G0 X114.97 Y139.691
G0 X93.034 Y47.014
;TIME_ELAPSED:831.149942
;LAYER:2
M106 S170
;TYPE:SKIRT
G1 F2700 E502.81022
G1 F1200 X93.467 Y46.222 E502.84024
G1 X93.969 Y45.471 E502.87029
G1 X94.536 Y44.767 E502.90035
G1 X95.162 Y44.117 E502.93037
G1 X95.843 Y43.524 E502.9604
G1 X96.575 Y42.994 E502.99046
G1 X97.35 Y42.531 E503.02049
G1 X98.163 Y42.138 E503.05052
G1 X99.008 Y41.818 E503.08057
G1 X99.877 Y41.575 E503.11058
G1 X100.765 Y41.409 E503.14063
G1 X101.904 Y41.313 E503.17865
G1 X102.511 Y41.3 E503.19884
G1 X108.873 Y41.301 E503.41044
G1 X109.596 Y41.312 E503.43449
G1 X110.159 Y41.336 E503.45324
G1 X111.107 Y41.403 E503.48485
G1 X113.727 Y41.551 E503.57213
G1 X116.261 Y41.623 E503.65644
G1 X118.794 Y41.623 E503.74069
G1 X121.328 Y41.551 E503.825
G1 X123.924 Y41.404 E503.91149
G1 X124.824 Y41.337 E503.9415
G1 X125.297 Y41.313 E503.95725
G1 X125.904 Y41.3 E503.97745
G1 X132.257 Y41.301 E504.18875
G1 X132.955 Y41.311 E504.21197
G1 X133.857 Y41.364 E504.24202
G1 X134.75 Y41.496 E504.27204
G1 X135.628 Y41.707 E504.30208
G1 X136.484 Y41.995 E504.33212
G1 X137.311 Y42.357 E504.36214
G1 X138.103 Y42.792 E504.3922
G1 X138.854 Y43.294 E504.42224
G1 X139.557 Y43.861 E504.45228
G1 X140.207 Y44.488 E504.48232
G1 X140.799 Y45.17 E504.51236
G1 X141.329 Y45.901 E504.54239
G1 X141.791 Y46.677 E504.57242
G1 X142.184 Y47.49 E504.60246
G1 X142.502 Y48.335 E504.63249
G1 X142.745 Y49.205 E504.66253
G1 X142.91 Y50.093 E504.69257
G1 X143.005 Y51.217 E504.73009
G1 X143.018 Y51.823 E504.75025
G1 X143.017 Y182.89 E509.10956
G1 X143.008 Y183.617 E509.13374
G1 X142.957 Y184.519 E509.16379
G1 X142.826 Y185.413 E509.19384
G1 X142.617 Y186.291 E509.22386
G1 X142.331 Y187.148 E509.25391
G1 X141.97 Y187.976 E509.28395
G1 X141.538 Y188.768 E509.31396
G1 X141.037 Y189.52 E509.34401
G1 X140.471 Y190.224 E509.37405
G1 X139.846 Y190.875 E509.40407
G1 X139.165 Y191.469 E509.43413
G1 X138.434 Y192 E509.46418
G1 X137.66 Y192.464 E509.49419
G1 X136.847 Y192.858 E509.52424
G1 X136.003 Y193.178 E509.55426
G1 X135.133 Y193.423 E509.58432
G1 X134.246 Y193.589 E509.61434
G1 X133.095 Y193.687 E509.65276
G1 X132.488 Y193.7 E509.67295
G1 X126.126 Y193.699 E509.88455
G1 X125.403 Y193.688 E509.9086
G1 X124.84 Y193.664 E509.92734
G1 X123.892 Y193.597 E509.95895
G1 X121.272 Y193.449 E510.04623
G1 X118.738 Y193.377 E510.13055
G1 X116.205 Y193.377 E510.2148
G1 X113.671 Y193.449 E510.29911
G1 X111.062 Y193.597 E510.38603
G1 X110.169 Y193.663 E510.41581
G1 X109.703 Y193.687 E510.43133
G1 X109.097 Y193.7 E510.45149
G1 X102.742 Y193.699 E510.66286
G1 X102.044 Y193.689 E510.68608
G1 X101.142 Y193.636 E510.71613
G1 X100.249 Y193.504 E510.74615
G1 X99.371 Y193.293 E510.77619
G1 X98.515 Y193.005 E510.80623
G1 X97.688 Y192.643 E510.83625
G1 X96.896 Y192.208 E510.86631
G1 X96.145 Y191.706 E510.89635
G1 X95.442 Y191.139 E510.92639
G1 X94.792 Y190.512 E510.95643
G1 X94.2 Y189.83 E510.98646
G1 X93.67 Y189.099 E511.0165
G1 X93.208 Y188.323 E511.04653
G1 X92.815 Y187.51 E511.07657
G1 X92.497 Y186.665 E511.1066
G1 X92.254 Y185.795 E511.13664
G1 X92.089 Y184.907 E511.16668
G1 X91.994 Y183.766 E511.20476
G1 X91.981 Y183.158 E511.22499
G1 X91.982 Y52.036 E515.58612
G1 X91.991 Y51.371 E515.60824
G1 X92.043 Y50.469 E515.63829
G1 X92.175 Y49.576 E515.66832
G1 X92.385 Y48.698 E515.69834
G1 X92.672 Y47.841 E515.7284
G1 X93.034 Y47.014 E515.75843
G1 F2700 E510.75843
G0 F9000 X104 Y50.835
G0 X104 Y51.7
;TYPE:SUPPORT
G1 F2700 E515.75843
G1 F1500 X102.381 Y51.7 E515.81228
G1 X102.381 Y183.3 E520.18931
G1 X104 Y183.3 E520.24316
G1 X104 Y51.7 E524.62019
G1 X106 Y51.7 E524.68671
G1 X106 Y183.3 E529.06375
G1 X108 Y183.3 E529.13027
G1 X108 Y51.7 E533.5073
G1 X108.994 Y51.7 E533.54036
G1 X108.995 Y183.3 E537.9174
G1 X108 Y183.3 E537.95049
G1 F2700 E532.95049
G0 F9000 X108 Y184.165
G0 X132 Y184.165
G0 X132 Y183.3
G1 F2700 E537.95049
G1 F1500 X132.618 Y183.3 E537.97105
G1 X132.618 Y51.7 E542.34808
G1 X132 Y51.7 E542.36863
G1 X132 Y183.3 E546.74567
G1 X130 Y183.3 E546.81219
G1 X130 Y51.7 E551.18922
G1 X128 Y51.7 E551.25574
G1 X128 Y183.3 E555.63278
G1 X126.005 Y183.3 E555.69913
G1 X126.005 Y51.7 E560.07616
G1 X128 Y51.7 E560.14252
G1 F2700 E555.14252
;MESH:btncover.stl
G0 F9000 X120.17 Y59.212
G0 X117.588 Y62.598
;TYPE:WALL-INNER
G1 F2700 E560.14252
G1 F1500 X117.052 Y62.563 E560.16038
G1 X116.554 Y62.433 E560.1775
G1 X115.964 Y62.123 E560.19967
G1 X115.502 Y61.673 E560.22112
G1 X115.262 Y61.32 E560.23532
G1 X115.043 Y60.897 E560.25116
G1 X114.929 Y60.4 E560.26812
G1 X114.898 Y59.858 E560.28618
G1 X114.975 Y59.352 E560.3032
G1 X115.19 Y58.768 E560.3239
G1 X115.578 Y58.223 E560.34615
G1 X116.082 Y57.813 E560.36776
G1 X116.542 Y57.575 E560.38498
G1 X116.98 Y57.449 E560.40014
G1 X117.352 Y57.404 E560.41261
G1 X117.845 Y57.404 E560.429
G1 X118.446 Y57.574 E560.44978
G1 X119.02 Y57.86 E560.47111
G1 X119.491 Y58.321 E560.49303
G1 X119.799 Y58.757 E560.51078
G1 X120.006 Y59.311 E560.53045
G1 X120.074 Y59.615 E560.54081
G1 X120.098 Y60.14 E560.55829
G1 X120.028 Y60.596 E560.57364
G1 X119.899 Y61.007 E560.58796
G1 X119.695 Y61.39 E560.6024
G1 X119.432 Y61.763 E560.61758
G1 X118.916 Y62.2 E560.64007
G1 X118.333 Y62.463 E560.66134
G1 X117.904 Y62.565 E560.67601
G1 X117.588 Y62.598 E560.68657
G1 F2700 E555.68657
G0 F9000 X117.024 Y62.743
G0 X112.837 Y103.24
G0 X110.592 Y103.808
G1 F2700 E560.68657
G1 F1500 X111 Y103.4 E560.70576
G1 X124 Y103.4 E561.13815
G1 X124.404 Y103.804 E561.15715
G1 X124.404 Y53.1 E562.84357
G1 X110.592 Y53.1 E563.30296
G1 X110.592 Y103.808 E564.98952
G0 F9000 X110.49 Y103.808
G0 X110.562 Y117.438
G0 X110.777 Y118.439
G0 X117.5 Y118.4
G1 F1500 X124 Y118.4 E565.20571
G1 X124.403 Y118.803 E565.22466
G1 X124.403 Y117.263 E565.27588
G1 X124 Y117.6 E565.29336
G1 X110.995 Y117.6 E565.7259
G1 X110.592 Y117.258 E565.74348
G1 X110.592 Y118.806 E565.79497
G1 X110.995 Y118.4 E565.814
G1 X117.5 Y118.4 E566.03035
G1 F2700 E561.03035
G0 F9000 X124.438 Y118.562
G0 X124.438 Y132.438
G0 X117.5 Y132.45
G0 X117.5 Y132.8
G0 X117.492 Y139.622
G0 X117.5 Y148.8
G1 F2700 E566.03035
G1 F1500 X115.269 Y148.8 E566.10456
G1 X115.043 Y148.743 E566.11231
G1 X114.809 Y148.546 E566.12248
G1 X114.7 Y148.273 E566.13226
G1 X114.7 Y140.4 E566.39412
G1 X114.728 Y140.217 E566.40027
G1 X114.915 Y139.939 E566.41142
G1 X115.189 Y139.8 E566.42164
G1 X120.37 Y139.803 E566.59396
G1 X120.634 Y139.901 E566.60332
G1 X120.766 Y140.02 E566.60923
G1 X120.864 Y140.192 E566.61582
G1 X120.9 Y140.4 E566.62284
G1 X120.9 Y148.274 E566.88473
G1 X120.781 Y148.561 E566.89506
G1 X120.66 Y148.68 E566.90071
G1 X120.379 Y148.8 E566.91087
G1 X117.5 Y148.8 E567.00663
G1 F2700 E562.00663
G0 F9000 X117.49 Y157.524
G0 X117.5 Y162.094
G1 F2700 E567.00663
G1 F1500 X113.232 Y162.091 E567.14858
G1 X112.857 Y162.038 E567.16118
G1 X112.375 Y161.859 E567.17828
G1 X112.186 Y161.746 E567.1856
G1 X111.747 Y161.358 E567.20509
G1 X111.477 Y160.964 E567.22098
G1 X111.329 Y160.643 E567.23273
G1 F1312.9 X111.144 Y160.045 E567.25652
G1 F1162.8 X111.167 Y159.577 E567.27662
G1 F1229.5 X111.429 Y158.91 E567.3057
G1 F1398.6 X111.628 Y158.595 E567.31899
G1 F1500 X111.9 Y158.278 E567.33289
G1 X112.319 Y157.974 E567.3501
G1 X112.85 Y157.763 E567.36911
G1 X113.296 Y157.7 E567.38409
G1 X119.354 Y157.704 E567.58558
G1 X119.718 Y157.759 E567.59782
G1 X120.323 Y157.974 E567.61918
G1 X120.854 Y158.439 E567.64265
G1 X121.122 Y158.836 E567.65858
G1 X121.293 Y159.203 E567.67205
G1 X121.399 Y159.801 E567.69225
G1 X121.367 Y160.276 E567.70809
G1 X121.181 Y160.862 E567.72853
G1 X120.945 Y161.244 E567.74347
G1 X120.693 Y161.519 E567.75587
G1 X120.278 Y161.821 E567.77295
G1 X119.751 Y162.031 E567.79181
G1 X119.355 Y162.096 E567.80516
G1 X117.5 Y162.094 E567.86686
G1 F2700 E562.86686
G0 F9000 X117.406 Y172.224
G0 X117.5 Y177.593
G1 F2700 E567.86686
G1 F1500 X117.055 Y177.563 E567.88169
G1 X116.552 Y177.438 E567.89893
G1 X115.959 Y177.12 E567.92131
G1 X115.502 Y176.673 E567.94257
G1 X115.262 Y176.32 E567.95677
G1 X115.043 Y175.897 E567.97261
G1 X114.929 Y175.4 E567.98957
G1 X114.896 Y174.868 E568.0073
G1 X114.975 Y174.352 E568.02466
G1 X115.191 Y173.768 E568.04537
G1 X115.584 Y173.215 E568.06794
G1 X116.083 Y172.812 E568.08927
G1 X116.54 Y172.576 E568.10638
G1 X116.955 Y172.453 E568.12078
G1 X117.352 Y172.404 E568.13408
G1 X117.86 Y172.408 E568.15098
G1 X118.45 Y172.575 E568.17137
G1 X119.036 Y172.877 E568.1933
G1 X119.491 Y173.321 E568.21444
G1 X119.799 Y173.757 E568.2322
G1 X120.006 Y174.311 E568.25187
G1 X120.074 Y174.615 E568.26223
G1 X120.098 Y175.14 E568.27971
G1 X120.028 Y175.596 E568.29505
G1 X119.899 Y176.007 E568.30938
G1 X119.695 Y176.39 E568.32381
G1 X119.434 Y176.761 E568.3389
G1 X118.916 Y177.2 E568.36148
G1 X118.335 Y177.462 E568.38268
G1 X117.944 Y177.559 E568.39608
G1 X117.59 Y177.599 E568.40793
G1 X117.5 Y177.593 E568.41093
G1 F2700 E563.41093
G0 F9000 X117.591 Y181.7
G0 X117.5 Y181.9
G1 F2700 E568.41093
G1 F1500 X124.404 Y181.9 E568.64056
G1 X124.404 Y132.262 E570.29152
G1 X124 Y132.6 E570.30904
G1 X111 Y132.6 E570.74143
G1 X110.592 Y132.257 E570.75915
G1 X110.592 Y158.879 E571.64461
G1 F1408.5 X110.617 Y159.337 E571.66085
G1 F1239.7 X110.65 Y159.559 E571.66989
G1 F1167.3 X110.648 Y160.127 E571.69416
G1 F1315.8 X110.592 Y160.586 E571.71169
G1 F1500 X110.592 Y181.9 E572.4206
G1 X117.5 Y181.9 E572.65036
G0 F9000 X117.5 Y182.3
;TYPE:WALL-OUTER
G1 F1500 X124.804 Y182.3 E572.89329
G1 X124.804 Y133.004 E574.53289
G1 F1327.4 X124.752 Y132.087 E574.56741
G1 F1190.5 X124.753 Y119 E575.11585
G1 F1330.4 X124.803 Y118 E575.1534
G1 F1327.4 X124.752 Y117.087 E575.18777
G1 F1190.5 X124.753 Y104 E575.73621
G1 F1330.4 X124.804 Y102.996 E575.77391
G1 F1500 X124.804 Y52.7 E577.44677
G1 X110.192 Y52.7 E577.93276
G1 X110.192 Y102.992 E579.60548
G1 F1327.4 X110.244 Y104 E579.64342
G1 F1185.8 X110.246 Y117.087 E580.19404
G1 F1321.6 X110.192 Y118 E580.22857
G1 F1327.4 X110.244 Y119 E580.2662
G1 F1185.8 X110.246 Y132.087 E580.81682
G1 F1321.6 X110.192 Y133.008 E580.85165
G1 F1500 X110.192 Y182.3 E582.49111
G1 X117.5 Y182.3 E582.73418
G1 F2700 E577.73418
G0 F9000 X117.5 Y181.99
G0 X117.48 Y181.7
G0 X117.591 Y177.78
G0 X117.5 Y177.192
G1 F2700 E582.73418
G1 F1500 X117.103 Y177.163 E582.74742
G1 X116.673 Y177.049 E582.76221
G1 X116.2 Y176.796 E582.78005
G1 X115.824 Y176.428 E582.79755
G1 X115.618 Y176.136 E582.80944
G1 X115.417 Y175.734 E582.82439
G1 X115.323 Y175.331 E582.83815
G1 X115.3 Y174.907 E582.85227
G1 X115.362 Y174.473 E582.86685
G1 X115.54 Y173.978 E582.88435
G1 X115.877 Y173.492 E582.90402
G1 X116.324 Y173.138 E582.92298
G1 X116.706 Y172.944 E582.93723
G1 X117.049 Y172.842 E582.94914
G1 X117.325 Y172.805 E582.9584
G1 X117.785 Y172.805 E582.9737
G1 X118.318 Y172.957 E582.99213
G1 X118.784 Y173.192 E583.00949
G1 X119.196 Y173.596 E583.02868
G1 X119.451 Y173.967 E583.04366
G1 X119.616 Y174.397 E583.05897
G1 X119.676 Y174.686 E583.06879
G1 X119.696 Y175.1 E583.08258
G1 X119.634 Y175.527 E583.09693
G1 X119.522 Y175.864 E583.10874
G1 X119.368 Y176.16 E583.11984
G1 X119.114 Y176.509 E583.13419
G1 X118.7 Y176.86 E583.15225
G1 X118.223 Y177.075 E583.16965
G1 X117.875 Y177.165 E583.1816
G1 X117.562 Y177.196 E583.19207
G1 X117.5 Y177.192 E583.19413
G1 F2700 E578.19413
G0 F9000 X117.48 Y177.501
G0 X116.603 Y177.294
G0 X116.055 Y176.999
G0 X115.626 Y176.58
G0 X115.186 Y175.842
G0 X115.075 Y175.359
G0 X115.051 Y174.877
G0 X115.125 Y174.395
G0 X115.328 Y173.837
G0 X115.694 Y173.32
G0 X115.964 Y173.105
G0 X117.404 Y172.224
G0 X117.404 Y162.296
G0 X117.5 Y161.694
G1 F2700 E583.19413
G1 F1500 X113.288 Y161.695 E583.33422
G1 X112.976 Y161.651 E583.3447
G1 X112.479 Y161.471 E583.36228
G1 X112.035 Y161.07 E583.38218
G1 X111.807 Y160.738 E583.39558
G1 X111.687 Y160.449 E583.40599
G1 X111.6 Y159.945 E583.423
G1 X111.633 Y159.562 E583.43578
G1 X111.794 Y159.081 E583.45265
G1 X111.966 Y158.809 E583.46336
G1 X112.19 Y158.561 E583.47447
G1 X112.494 Y158.341 E583.48695
G1 X112.971 Y158.15 E583.50404
G1 X113.263 Y158.102 E583.51389
G1 X119.306 Y158.102 E583.71488
G1 X119.639 Y158.155 E583.72609
G1 X120.112 Y158.326 E583.74282
G1 X120.532 Y158.689 E583.76128
G1 X120.809 Y159.093 E583.77758
G1 X120.901 Y159.309 E583.78539
G1 X120.996 Y159.853 E583.80375
G1 X120.973 Y160.207 E583.81555
G1 X120.803 Y160.714 E583.83334
G1 X120.635 Y160.986 E583.84397
G1 X120.436 Y161.208 E583.85389
G1 X120.102 Y161.455 E583.8677
G1 X119.625 Y161.646 E583.88479
G1 X119.333 Y161.694 E583.89463
G1 X117.5 Y161.694 E583.9556
G1 F2700 E578.9556
G0 F9000 X117.5 Y162.008
G0 X119.715 Y161.887
G0 X120.204 Y161.689
G0 X120.589 Y161.409
G0 X121.044 Y160.8
G0 X121.221 Y160.264
G0 X121.251 Y159.811
G0 X121.15 Y159.261
G0 X121.021 Y158.954
G0 X120.739 Y158.541
G0 X120.243 Y158.106
G0 X119.788 Y157.944
G0 X117.49 Y157.524
G0 X117.49 Y148.98
G0 X117.5 Y148.399
G1 F2700 E583.9556
G1 F1500 X115.237 Y148.4 E584.03087
G1 X115.102 Y148.235 E584.03796
G1 X115.1 Y140.357 E584.29998
G1 X115.135 Y140.286 E584.30262
G1 X115.265 Y140.203 E584.30775
G1 X120.324 Y140.201 E584.47601
G1 X120.412 Y140.233 E584.47912
G1 X120.5 Y140.345 E584.48386
G1 X120.498 Y148.235 E584.74628
G1 X120.461 Y148.321 E584.7494
G1 X120.337 Y148.397 E584.75423
G1 X117.5 Y148.399 E584.84859
G1 F2700 E579.84859
G0 F9000 X117.5 Y148.71
G0 X114.862 Y148.638
G0 X114.862 Y139.962
G0 X117.492 Y139.622
G0 X117.492 Y132.8
G0 X117.5 Y132.2
G1 F2700 E584.84859
G1 F1500 X111 Y132.2 E585.06478
G1 F1321.6 X110.749 Y132.044 E585.07594
G1 F1185.8 X110.748 Y119 E585.62475
G1 F1327.4 X110.998 Y118.8 E585.63679
G1 F1500 X124 Y118.8 E586.06924
G1 F1330.4 X124.251 Y119 E586.08127
G1 F1190.5 X124.25 Y132.044 E586.62792
G1 F1327.4 X124 Y132.2 E586.63899
G1 F1500 X117.5 Y132.2 E586.85518
G1 F2700 E581.85518
G0 F9000 X117.5 Y132.51
G0 X110.562 Y132.438
G0 X110.562 Y118.562
G0 X124.216 Y118.437
G0 X124.217 Y117.596
G0 X117.5 Y117.51
G0 X117.5 Y117.2
G1 F2700 E586.85518
G1 F1500 X110.998 Y117.2 E587.07144
G1 F1321.6 X110.749 Y117.044 E587.08253
G1 F1185.8 X110.748 Y104 E587.63135
G1 F1327.4 X111 Y103.8 E587.64344
G1 F1500 X124 Y103.8 E588.07582
G1 F1330.4 X124.251 Y104 E588.08785
G1 F1190.5 X124.25 Y117.044 E588.6345
G1 F1327.4 X124 Y117.2 E588.64557
G1 F1500 X117.5 Y117.2 E588.86177
G1 F2700 E583.86177
G0 F9000 X117.5 Y117.51
G0 X124.438 Y117.438
G0 X124.438 Y103.562
G0 X118.852 Y103.551
G0 X117.542 Y103.2
G0 X117.591 Y62.78
G0 X117.562 Y62.196
G1 F2700 E588.86177
G1 F1500 X117.103 Y62.163 E588.87707
G1 X116.673 Y62.049 E588.89187
G1 X116.203 Y61.797 E588.9096
G1 X115.824 Y61.428 E588.9272
G1 X115.618 Y61.136 E588.93908
G1 X115.417 Y60.734 E588.95403
G1 X115.323 Y60.331 E588.9678
G1 X115.3 Y59.896 E588.98228
G1 X115.372 Y59.434 E588.99784
G1 X115.54 Y58.978 E589.014
G1 X115.885 Y58.487 E589.03396
G1 X116.324 Y58.138 E589.05261
G1 X116.706 Y57.944 E589.06686
G1 X117.057 Y57.841 E589.07903
G1 X117.325 Y57.805 E589.08802
G1 X117.79 Y57.804 E589.10349
G1 X118.283 Y57.943 E589.12052
G1 X118.785 Y58.19 E589.13913
G1 X119.196 Y58.596 E589.15835
G1 X119.451 Y58.967 E589.17332
G1 X119.616 Y59.397 E589.18864
G1 X119.676 Y59.686 E589.19846
G1 X119.696 Y60.1 E589.21224
G1 X119.634 Y60.527 E589.22659
G1 X119.522 Y60.864 E589.2384
G1 X119.368 Y61.16 E589.2495
G1 X119.114 Y61.509 E589.26386
G1 X118.7 Y61.86 E589.28191
G1 X118.223 Y62.075 E589.29931
G1 X117.862 Y62.167 E589.3117
G1 X117.562 Y62.196 E589.32173
G1 F2700 E584.32173
G0 F9000 X117.542 Y62.505
G0 X117.591 Y62.78
G0 X117.591 Y103.2
G0 X117.5 Y103.04
;TYPE:SKIN
G1 F2700 E589.32173
G1 F1500 X110.952 Y103.04 E589.53952
G1 X110.953 Y53.461 E591.18852
G1 X124.044 Y53.46 E591.62393
G1 X124.044 Y103.04 E593.27297
G1 X117.5 Y103.04 E593.49062
G1 F2700 E588.49062
G0 F9000 X117.5 Y103.3
G0 X117.591 Y62.78
G0 X117.573 Y62.96
G1 F2700 E593.49062
G1 F1500 X117.942 Y62.923 E593.50295
G1 X118.435 Y62.807 E593.5198
G1 X119.104 Y62.511 E593.54413
G1 X119.703 Y62.003 E593.57025
G1 X120.046 Y61.501 E593.59048
G1 X120.223 Y61.16 E593.60325
G1 X120.374 Y60.707 E593.61914
G1 X120.456 Y60.144 E593.63806
G1 X120.428 Y59.577 E593.65694
G1 X120.335 Y59.138 E593.67187
G1 X120.123 Y58.602 E593.69104
G1 X119.757 Y58.077 E593.71232
G1 X119.341 Y57.669 E593.7317
G1 X119.091 Y57.493 E593.74187
G1 X118.591 Y57.241 E593.7605
G1 X117.902 Y57.044 E593.78433
G1 X117.332 Y57.045 E593.80329
G1 X116.909 Y57.094 E593.81745
G1 X116.428 Y57.231 E593.83409
G1 X115.9 Y57.497 E593.85375
G1 X115.319 Y57.965 E593.87856
G1 X114.87 Y58.592 E593.90421
G1 X114.628 Y59.242 E593.92728
G1 X114.536 Y59.848 E593.94767
G1 X114.566 Y60.423 E593.96682
G1 X114.696 Y60.997 E593.98639
G1 X114.938 Y61.48 E594.00436
G1 X115.21 Y61.885 E594.02059
G1 X115.747 Y62.419 E594.04578
G1 X116.404 Y62.758 E594.07037
G1 X116.977 Y62.914 E594.09012
G1 X117.573 Y62.96 E594.11
G1 F2700 E589.11
G0 F9000 X117.59 Y62.7
G0 X118.835 Y62.074
G0 X119.318 Y61.663
G0 X119.758 Y60.951
G0 X119.949 Y60.123
G0 X119.894 Y59.661
G0 X119.632 Y58.206
G0 X119.632 Y53.3
G0 X123.24 Y53.66
G1 F2700 E594.11
G1 F1500 X123.844 Y54.265 E594.13843
G0 F9000 X123.844 Y54.83
G1 F1500 X122.674 Y53.66 E594.19347
G0 F9000 X122.108 Y53.66
G1 F1500 X123.844 Y55.396 E594.27512
G0 F9000 X123.844 Y55.962
G1 F1500 X121.542 Y53.66 E594.3834
G0 F9000 X120.977 Y53.66
G1 F1500 X123.844 Y56.528 E594.51828
G0 F9000 X123.844 Y57.093
G1 F1500 X120.411 Y53.66 E594.67976
G0 F9000 X119.845 Y53.66
G1 F1500 X123.844 Y57.659 E594.86786
G0 F9000 X123.844 Y58.225
G1 F1500 X119.28 Y53.66 E595.08256
G0 F9000 X118.714 Y53.66
G1 F1500 X123.844 Y58.79 E595.32386
G0 F9000 X123.844 Y59.356
G1 F1500 X118.148 Y53.66 E595.59178
G0 F9000 X117.583 Y53.66
G1 F1500 X123.844 Y59.922 E595.8863
G0 F9000 X123.844 Y60.487
G1 F1500 X117.018 Y53.661 E596.20738
G0 F9000 X116.452 Y53.661
G1 F1500 X123.844 Y61.053 E596.55507
G0 F9000 X123.844 Y61.619
G1 F1500 X115.886 Y53.661 E596.92939
G0 F9000 X115.321 Y53.661
G1 F1500 X118.763 Y57.103 E597.0913
G0 F9000 X117.941 Y56.847
G1 F1500 X114.755 Y53.661 E597.24115
G0 F9000 X114.189 Y53.661
G1 F1500 X117.373 Y56.845 E597.39092
G0 F9000 X116.862 Y56.899
G1 F1500 X113.624 Y53.661 E597.54323
G0 F9000 X113.058 Y53.661
G1 F1500 X116.422 Y57.025 E597.70146
G0 F9000 X116.035 Y57.204
G1 F1500 X112.492 Y53.661 E597.86811
G0 F9000 X111.927 Y53.661
G1 F1500 X115.679 Y57.414 E598.04462
G0 F9000 X115.367 Y57.667
G1 F1500 X111.361 Y53.661 E598.23305
G0 F9000 X111.152 Y54.018
G1 F1500 X115.082 Y57.947 E598.41788
G0 F9000 X114.847 Y58.278
G1 F1500 X111.152 Y54.584 E598.59166
G0 F9000 X111.152 Y55.149
G1 F1500 X114.64 Y58.638 E598.75574
G0 F9000 X114.487 Y59.05
G1 F1500 X111.152 Y55.715 E598.91261
G0 F9000 X111.152 Y56.281
G1 F1500 X114.384 Y59.512 E599.06461
G0 F9000 X114.347 Y60.041
G1 F1500 X111.152 Y56.846 E599.2149
G0 F9000 X111.152 Y57.412
G1 F1500 X114.419 Y60.679 E599.36856
G0 F9000 X114.782 Y61.607
G1 F1500 X111.152 Y57.978 E599.53929
G0 F9000 X111.152 Y58.543
G1 F1500 X123.844 Y71.235 E600.13628
G0 F9000 X123.844 Y70.67
G1 F1500 X115.896 Y62.721 E600.51015
G0 F9000 X116.818 Y63.078
G1 F1500 X123.844 Y70.104 E600.84063
G0 F9000 X123.844 Y69.538
G1 F1500 X117.458 Y63.152 E601.14101
G0 F9000 X117.989 Y63.117
G1 F1500 X123.844 Y68.973 E601.41644
G0 F9000 X123.844 Y68.407
G1 F1500 X118.448 Y63.011 E601.67025
G0 F9000 X118.849 Y62.846
G1 F1500 X123.844 Y67.841 E601.9052
G0 F9000 X123.844 Y67.276
G1 F1500 X119.233 Y62.665 E602.12208
G0 F9000 X119.539 Y62.405
G1 F1500 X123.844 Y66.71 E602.32458
G0 F9000 X123.844 Y66.144
G1 F1500 X119.845 Y62.145 E602.51268
G0 F9000 X120.076 Y61.81
G1 F1500 X123.844 Y65.578 E602.68991
G0 F9000 X123.844 Y65.013
G1 F1500 X120.291 Y61.46 E602.85704
G0 F9000 X120.463 Y61.066
G1 F1500 X123.844 Y64.447 E603.01607
G0 F9000 X123.844 Y63.881
G1 F1500 X120.587 Y60.625 E603.16924
G0 F9000 X120.654 Y60.126
G1 F1500 X123.844 Y63.316 E603.31929
G0 F9000 X123.844 Y62.75
G1 F1500 X120.621 Y59.527 E603.47089
G0 F9000 X120.388 Y58.728
G1 F1500 X123.844 Y62.184 E603.63345
G0 F9000 X124.304 Y62.184
G0 X124.304 Y71.801
G0 X123.844 Y71.801
G1 F1500 X111.152 Y59.109 E604.23044
G0 F9000 X111.152 Y59.675
G1 F1500 X123.844 Y72.367 E604.82744
G0 F9000 X123.844 Y72.932
G1 F1500 X111.152 Y60.241 E605.42441
G0 F9000 X111.152 Y60.806
G1 F1500 X123.844 Y73.498 E606.0214
G0 F9000 X123.844 Y74.064
G1 F1500 X111.152 Y61.372 E606.61839
G0 F9000 X111.152 Y61.938
G1 F1500 X123.844 Y74.629 E607.21536
G0 F9000 X123.844 Y75.195
G1 F1500 X111.152 Y62.503 E607.81235
G0 F9000 X111.152 Y63.069
G1 F1500 X123.844 Y75.761 E608.40935
G0 F9000 X123.844 Y76.327
G1 F1500 X111.152 Y63.635 E609.00634
G0 F9000 X111.152 Y64.2
G1 F1500 X123.844 Y76.892 E609.60333
G0 F9000 X123.844 Y77.458
G1 F1500 X111.152 Y64.766 E610.20032
G0 F9000 X111.152 Y65.332
G1 F1500 X123.844 Y78.024 E610.79732
G0 F9000 X123.844 Y78.589
G1 F1500 X111.152 Y65.897 E611.39431
G0 F9000 X111.152 Y66.463
G1 F1500 X123.844 Y79.155 E611.9913
G0 F9000 X123.844 Y79.721
G1 F1500 X111.152 Y67.029 E612.5883
G0 F9000 X111.152 Y67.594
G1 F1500 X123.844 Y80.286 E613.18529
G0 F9000 X123.844 Y80.852
G1 F1500 X111.152 Y68.16 E613.78228
G0 F9000 X111.152 Y68.726
G1 F1500 X123.844 Y81.418 E614.37927
G0 F9000 X123.844 Y81.983
G1 F1500 X111.152 Y69.292 E614.97624
G0 F9000 X111.152 Y69.857
G1 F1500 X123.844 Y82.549 E615.57324
G0 F9000 X123.844 Y83.115
G1 F1500 X111.152 Y70.423 E616.17023
G0 F9000 X111.152 Y70.989
G1 F1500 X123.844 Y83.68 E616.7672
G0 F9000 X123.844 Y84.246
G1 F1500 X111.152 Y71.554 E617.36419
G0 F9000 X111.152 Y72.12
G1 F1500 X123.844 Y84.812 E617.96118
G0 F9000 X123.844 Y85.377
G1 F1500 X111.152 Y72.686 E618.55815
G0 F9000 X111.152 Y73.251
G1 F1500 X123.844 Y85.943 E619.15514
G0 F9000 X123.844 Y86.509
G1 F1500 X111.152 Y73.817 E619.75214
G0 F9000 X111.152 Y74.383
G1 F1500 X123.844 Y87.075 E620.34913
G0 F9000 X123.844 Y87.64
G1 F1500 X111.152 Y74.948 E620.94612
G0 F9000 X111.152 Y75.514
G1 F1500 X123.844 Y88.206 E621.54312
G0 F9000 X123.844 Y88.772
G1 F1500 X111.152 Y76.08 E622.14011
G0 F9000 X111.152 Y76.645
G1 F1500 X123.844 Y89.337 E622.7371
G0 F9000 X123.844 Y89.903
G1 F1500 X111.152 Y77.211 E623.33409
G0 F9000 X111.152 Y77.777
G1 F1500 X123.844 Y90.469 E623.93109
G0 F9000 X123.844 Y91.034
G1 F1500 X111.152 Y78.342 E624.52808
G0 F9000 X111.152 Y78.907
G1 F1500 X123.844 Y91.6 E625.1251
G0 F9000 X123.844 Y92.166
G1 F1500 X111.152 Y79.473 E625.72211
G0 F9000 X111.152 Y80.039
G1 F1500 X123.844 Y92.731 E626.31911
G0 F9000 X123.844 Y93.297
G1 F1500 X111.152 Y80.605 E626.9161
G0 F9000 X111.152 Y81.17
G1 F1500 X123.844 Y93.863 E627.51311
G0 F9000 X123.844 Y94.428
G1 F1500 X111.152 Y81.736 E628.11011
G0 F9000 X111.152 Y82.302
G1 F1500 X123.844 Y94.994 E628.7071
G0 F9000 X123.844 Y95.56
G1 F1500 X111.152 Y82.867 E629.30412
G0 F9000 X111.152 Y83.433
G1 F1500 X123.844 Y96.126 E629.90113
G0 F9000 X123.844 Y96.691
G1 F1500 X111.152 Y83.999 E630.49813
G0 F9000 X111.152 Y84.564
G1 F1500 X123.844 Y97.257 E631.09514
G0 F9000 X123.844 Y97.823
G1 F1500 X111.152 Y85.13 E631.69216
G0 F9000 X111.152 Y85.696
G1 F1500 X123.844 Y98.388 E632.28915
G0 F9000 X123.844 Y98.954
G1 F1500 X111.152 Y86.261 E632.88617
G0 F9000 X111.152 Y86.827
G1 F1500 X123.844 Y99.52 E633.48318
G0 F9000 X123.844 Y100.085
G1 F1500 X111.152 Y87.393 E634.08018
G0 F9000 X111.152 Y87.958
G1 F1500 X123.844 Y100.651 E634.67719
G0 F9000 X123.844 Y101.217
G1 F1500 X111.152 Y88.524 E635.27421
G0 F9000 X111.152 Y89.09
G1 F1500 X123.844 Y101.782 E635.8712
G0 F9000 X123.844 Y102.348
G1 F1500 X111.152 Y89.655 E636.46822
G0 F9000 X111.152 Y90.221
G1 F1500 X123.771 Y102.84 E637.06178
G0 F9000 X123.205 Y102.84
G1 F1500 X111.152 Y90.787 E637.62871
G0 F9000 X111.152 Y91.353
G1 F1500 X122.639 Y102.84 E638.16903
G0 F9000 X122.074 Y102.84
G1 F1500 X111.152 Y91.918 E638.68276
G0 F9000 X111.152 Y92.484
G1 F1500 X121.508 Y102.84 E639.16988
G0 F9000 X120.942 Y102.84
G1 F1500 X111.152 Y93.05 E639.63037
G0 F9000 X111.152 Y93.615
G1 F1500 X120.376 Y102.84 E640.06426
G0 F9000 X119.811 Y102.84
G1 F1500 X111.152 Y94.181 E640.47155
G0 F9000 X111.152 Y94.747
G1 F1500 X119.245 Y102.84 E640.85222
G0 F9000 X118.679 Y102.84
G1 F1500 X111.152 Y95.312 E641.20629
G0 F9000 X111.152 Y95.878
G1 F1500 X118.114 Y102.84 E641.53377
G0 F9000 X117.548 Y102.84
G1 F1500 X111.152 Y96.444 E641.83461
G0 F9000 X111.152 Y97.009
G1 F1500 X116.982 Y102.84 E642.10886
G0 F9000 X116.417 Y102.84
G1 F1500 X111.152 Y97.575 E642.35651
G0 F9000 X111.152 Y98.141
G1 F1500 X115.851 Y102.84 E642.57754
G0 F9000 X115.285 Y102.84
G1 F1500 X111.152 Y98.706 E642.77197
G0 F9000 X111.152 Y99.272
G1 F1500 X114.72 Y102.84 E642.93979
G0 F9000 X114.154 Y102.84
G1 F1500 X111.152 Y99.838 E643.081
G0 F9000 X111.152 Y100.404
G1 F1500 X113.588 Y102.84 E643.19558
G0 F9000 X113.023 Y102.84
G1 F1500 X111.152 Y100.969 E643.28359
G0 F9000 X111.152 Y101.535
G1 F1500 X112.457 Y102.84 E643.34497
G0 F9000 X111.891 Y102.84
G1 F1500 X111.152 Y102.101 E643.37973
G0 F9000 X111.152 Y102.666
G1 F1500 X111.325 Y102.84 E643.38789
G0 F9000 X111.325 Y103.3
G0 X124.438 Y103.562
G0 X124.438 Y117.438
G0 X123.966 Y117.706
G0 X124 Y118
G1 F1247.4 X110.992 Y118 E643.90815
G1 F2700 E638.90815
G0 F9000 X110.692 Y118
G0 X110.562 Y118.562
G0 X110.562 Y132.438
G0 X110.764 Y181.728
G0 X117.5 Y181.8
G0 X117.5 Y181.54
G1 F2700 E643.90815
G1 F1500 X110.953 Y181.539 E644.1259
G1 X110.952 Y160.689 E644.81938
G1 X111.175 Y161.167 E644.83692
G1 X111.495 Y161.614 E644.85521
G1 X111.97 Y162.031 E644.87623
G1 X112.211 Y162.179 E644.88564
G1 X112.787 Y162.391 E644.90605
G1 X113.26 Y162.456 E644.92193
G1 X119.398 Y162.454 E645.12608
G1 X119.826 Y162.382 E645.14052
G1 X120.473 Y162.123 E645.16369
G1 X120.945 Y161.779 E645.18312
G1 X121.243 Y161.445 E645.19801
G1 X121.495 Y161.033 E645.21407
G1 X121.718 Y160.371 E645.23731
G1 X121.762 Y159.778 E645.25708
G1 X121.626 Y159.067 E645.28116
G1 X121.434 Y158.655 E645.29628
G1 X121.142 Y158.219 E645.31373
G1 X120.504 Y157.652 E645.34212
G1 X119.823 Y157.411 E645.36615
G1 X119.406 Y157.346 E645.38018
G1 X113.229 Y157.34 E645.58563
G1 X112.768 Y157.41 E645.60114
G1 X112.162 Y157.646 E645.62277
G1 X111.682 Y157.986 E645.64233
G1 X111.373 Y158.327 E645.65764
G1 X111.137 Y158.697 E645.67224
G1 X110.973 Y159.065 E645.68564
G1 X110.952 Y158.869 E645.69219
G1 X110.952 Y132.96 E646.55393
G1 X124.044 Y132.96 E646.98937
G1 X124.044 Y181.54 E648.60515
G1 X117.5 Y181.54 E648.8228
G1 F2700 E643.8228
G0 F9000 X117.5 Y181.8
G0 X117.591 Y177.78
G0 X117.5 Y177.955
G1 F2700 E648.8228
G1 F1500 X117.573 Y177.96 E648.82524
G1 X117.955 Y177.922 E648.838
G1 X118.435 Y177.807 E648.85442
G1 X119.106 Y177.512 E648.8788
G1 X119.702 Y177.004 E648.90485
G1 X120.049 Y176.498 E648.92525
G1 X120.223 Y176.159 E648.93793
G1 X120.374 Y175.707 E648.95378
G1 X120.456 Y175.144 E648.9727
G1 X120.428 Y174.577 E648.99158
G1 X120.335 Y174.138 E649.00651
G1 X120.123 Y173.602 E649.02568
G1 X119.757 Y173.077 E649.04697
G1 X119.23 Y172.558 E649.07157
G1 X118.593 Y172.244 E649.09519
G1 X117.911 Y172.049 E649.11878
G1 X117.358 Y172.044 E649.13717
G1 X116.904 Y172.096 E649.15237
G1 X116.429 Y172.231 E649.1688
G1 X115.904 Y172.498 E649.18839
G1 X115.317 Y172.965 E649.21333
G1 X114.869 Y173.593 E649.23899
G1 X114.628 Y174.242 E649.26202
G1 X114.536 Y174.859 E649.28277
G1 X114.566 Y175.423 E649.30155
G1 X114.696 Y175.997 E649.32113
G1 X114.938 Y176.48 E649.3391
G1 X115.21 Y176.885 E649.35532
G1 X115.744 Y177.412 E649.38028
G1 X116.443 Y177.779 E649.40653
G1 X117.017 Y177.92 E649.42619
G1 X117.5 Y177.955 E649.4423
G1 F2700 E644.4423
G0 F9000 X117.517 Y177.695
G0 X116.055 Y176.999
G0 X115.626 Y176.58
G0 X115.186 Y175.842
G0 X115.075 Y175.359
G0 X115.051 Y174.877
G0 X115.125 Y174.395
G0 X115.328 Y173.837
G0 X115.694 Y173.32
G0 X115.964 Y173.105
G0 X117.353 Y172.223
G0 X117.353 Y148.98
G0 X117.5 Y149.159
G1 F2700 E649.4423
G1 F1500 X120.429 Y149.157 E649.53972
G1 X120.835 Y148.988 E649.55435
G1 X121.076 Y148.775 E649.56504
G1 X121.258 Y148.323 E649.58125
G1 X121.257 Y140.363 E649.846
G1 X121.203 Y140.069 E649.85594
G1 X121.063 Y139.821 E649.86541
G1 X120.831 Y139.592 E649.87626
G1 X120.404 Y139.445 E649.89128
G1 X115.108 Y139.442 E650.06742
G1 X114.681 Y139.656 E650.08331
G1 X114.491 Y139.878 E650.09303
G1 X114.378 Y140.137 E650.10243
G1 X114.34 Y140.404 E650.1114
G1 X114.342 Y148.222 E650.37142
G1 X114.378 Y148.462 E650.37949
G1 X114.518 Y148.767 E650.39066
G1 X114.883 Y149.064 E650.40631
G1 X115.253 Y149.16 E650.41902
G1 X117.5 Y149.159 E650.49376
G1 F2700 E645.49376
G0 F9000 X117.5 Y148.9
G0 X120.738 Y148.638
G0 X120.736 Y139.752
G0 X120.736 Y132.8
G0 X123.544 Y133.16
G1 F2700 E650.49376
G1 F1500 X123.844 Y133.461 E650.50789
G0 F9000 X123.844 Y134.026
G1 F1500 X122.978 Y133.16 E650.54863
G0 F9000 X122.412 Y133.16
G1 F1500 X123.844 Y134.592 E650.61598
G0 F9000 X123.844 Y135.158
G1 F1500 X121.847 Y133.16 E650.70994
G0 F9000 X121.281 Y133.16
G1 F1500 X123.844 Y135.723 E650.83049
G0 F9000 X123.844 Y136.289
G1 F1500 X120.715 Y133.16 E650.97767
G0 F9000 X120.149 Y133.16
G1 F1500 X123.844 Y136.855 E651.15147
G0 F9000 X123.844 Y137.421
G1 F1500 X119.584 Y133.16 E651.35188
G0 F9000 X119.018 Y133.16
G1 F1500 X123.844 Y137.986 E651.57888
G0 F9000 X123.844 Y138.552
G1 F1500 X118.452 Y133.16 E651.8325
G0 F9000 X117.887 Y133.16
G1 F1500 X123.844 Y139.118 E652.11272
G0 F9000 X123.844 Y139.683
G1 F1500 X117.321 Y133.16 E652.41954
G0 F9000 X116.755 Y133.16
G1 F1500 X123.844 Y140.249 E652.75299
G0 F9000 X123.844 Y140.815
G1 F1500 X116.19 Y133.16 E653.11303
G0 F9000 X115.624 Y133.16
G1 F1500 X123.844 Y141.38 E653.49968
G0 F9000 X123.844 Y141.946
G1 F1500 X115.058 Y133.16 E653.91294
G0 F9000 X114.493 Y133.16
G1 F1500 X120.646 Y139.313 E654.20236
G0 F9000 X120.012 Y139.245
G1 F1500 X113.927 Y133.16 E654.48858
G0 F9000 X113.361 Y133.16
G1 F1500 X119.446 Y139.245 E654.7748
G0 F9000 X118.88 Y139.245
G1 F1500 X112.796 Y133.16 E655.061
G0 F9000 X112.23 Y133.16
G1 F1500 X118.315 Y139.245 E655.34722
G0 F9000 X117.749 Y139.245
G1 F1500 X111.664 Y133.16 E655.63344
G0 F9000 X111.152 Y133.214
G1 F1500 X117.183 Y139.245 E655.91712
G0 F9000 X116.617 Y139.245
G1 F1500 X111.152 Y133.78 E656.17417
G0 F9000 X111.152 Y134.345
G1 F1500 X116.052 Y139.245 E656.40465
G0 F9000 X115.486 Y139.245
G1 F1500 X111.152 Y134.911 E656.60851
G0 F9000 X111.152 Y135.477
G1 F1500 X114.965 Y139.289 E656.78784
G0 F9000 X114.588 Y139.478
G1 F1500 X111.152 Y136.042 E656.94946
G0 F9000 X111.152 Y136.608
G1 F1500 X114.323 Y139.779 E657.09861
G0 F9000 X114.168 Y140.19
G1 F1500 X111.152 Y137.174 E657.24048
G0 F9000 X111.152 Y137.739
G1 F1500 X114.144 Y140.731 E657.38121
G0 F9000 X114.144 Y141.297
G1 F1500 X111.152 Y138.305 E657.52195
G0 F9000 X111.152 Y138.871
G1 F1500 X114.143 Y141.862 E657.66263
G0 F9000 X114.143 Y142.428
G1 F1500 X111.152 Y139.437 E657.80332
G0 F9000 X111.152 Y140.002
G1 F1500 X114.143 Y142.993 E657.94401
G0 F9000 X114.143 Y143.558
G1 F1500 X111.152 Y140.568 E658.08467
G0 F9000 X111.152 Y141.134
G1 F1500 X114.143 Y144.124 E658.22534
G0 F9000 X114.142 Y144.689
G1 F1500 X111.152 Y141.699 E658.36598
G0 F9000 X111.152 Y142.265
G1 F1500 X114.142 Y145.255 E658.50662
G0 F9000 X114.141 Y145.82
G1 F1500 X111.152 Y142.831 E658.64721
G0 F9000 X111.152 Y143.396
G1 F1500 X114.141 Y146.385 E658.7878
G0 F9000 X114.14 Y146.95
G1 F1500 X111.152 Y143.962 E658.92835
G0 F9000 X111.152 Y144.528
G1 F1500 X114.14 Y147.516 E659.0689
G0 F9000 X114.14 Y148.082
G1 F1500 X111.152 Y145.093 E659.20947
G0 F9000 X111.152 Y145.659
G1 F1500 X114.331 Y148.838 E659.359
G0 F9000 X114.526 Y149.033
G1 F1500 X123.844 Y158.351 E659.79729
G0 F9000 X123.844 Y158.917
G1 F1500 X111.152 Y146.225 E660.39428
G0 F9000 X111.152 Y146.79
G1 F1500 X123.844 Y159.482 E660.99127
G0 F9000 X123.844 Y160.048
G1 F1500 X111.152 Y147.356 E661.58826
G0 F9000 X111.152 Y147.922
G1 F1500 X123.844 Y160.614 E662.18526
G0 F9000 X123.844 Y161.179
G1 F1500 X121.859 Y159.194 E662.27863
G0 F9000 X121.955 Y159.856
G1 F1500 X123.844 Y161.745 E662.36748
G0 F9000 X123.844 Y162.311
G1 F1500 X121.917 Y160.383 E662.45814
G0 F9000 X121.781 Y160.814
G1 F1500 X123.844 Y162.876 E662.55516
G0 F9000 X123.844 Y163.442
G1 F1500 X121.617 Y161.215 E662.65991
G0 F9000 X121.4 Y161.564
G1 F1500 X123.844 Y164.008 E662.77487
G0 F9000 X123.844 Y164.573
G1 F1500 X121.135 Y161.865 E662.90226
G0 F9000 X120.823 Y162.118
G1 F1500 X123.844 Y165.139 E663.04436
G0 F9000 X123.844 Y165.705
G1 F1500 X120.481 Y162.342 E663.20255
G0 F9000 X120.076 Y162.502
G1 F1500 X123.844 Y166.271 E663.37981
G0 F9000 X123.844 Y166.836
G1 F1500 X119.626 Y162.618 E663.57821
G0 F9000 X119.094 Y162.652
G1 F1500 X123.844 Y167.402 E663.80163
G0 F9000 X123.844 Y167.968
G1 F1500 X118.528 Y162.652 E664.05168
G0 F9000 X117.962 Y162.652
G1 F1500 X123.844 Y168.533 E664.32833
G0 F9000 X123.844 Y169.099
G1 F1500 X117.397 Y162.652 E664.63158
G0 F9000 X116.831 Y162.652
G1 F1500 X123.844 Y169.665 E664.96145
G0 F9000 X123.844 Y170.23
G1 F1500 X116.266 Y162.652 E665.31789
G0 F9000 X115.7 Y162.652
G1 F1500 X123.844 Y170.796 E665.70096
G0 F9000 X123.844 Y171.362
G1 F1500 X115.135 Y162.652 E666.11063
G0 F9000 X114.569 Y162.652
G1 F1500 X123.844 Y171.927 E666.5469
G0 F9000 X123.844 Y172.493
G1 F1500 X114.003 Y162.652 E667.00979
G0 F9000 X113.438 Y162.652
G1 F1500 X123.844 Y173.059 E667.49928
G0 F9000 X123.844 Y173.624
G1 F1500 X112.817 Y162.597 E668.01795
G0 F9000 X112.882 Y162.143
G0 X112.09 Y161.796
G0 X111.789 Y162.135
G1 F1500 X123.844 Y174.19 E668.58499
G0 F9000 X123.844 Y174.756
G1 F1500 X111.152 Y162.063 E669.182
G0 F9000 X111.152 Y162.629
G1 F1500 X123.844 Y175.321 E669.77899
G0 F9000 X123.844 Y175.887
G1 F1500 X111.152 Y163.195 E670.37599
G0 F9000 X111.152 Y163.76
G1 F1500 X123.844 Y176.453 E670.973
G0 F9000 X123.844 Y177.019
G1 F1500 X120.245 Y173.419 E671.14231
G0 F9000 X120.577 Y174.317
G1 F1500 X123.844 Y177.584 E671.29598
G0 F9000 X123.844 Y178.15
G1 F1500 X120.644 Y174.95 E671.4465
G0 F9000 X120.608 Y175.479
G1 F1500 X123.844 Y178.716 E671.59874
G0 F9000 X123.844 Y179.281
G1 F1500 X120.505 Y175.942 E671.75579
G0 F9000 X120.346 Y176.349
G1 F1500 X123.844 Y179.847 E671.92033
G0 F9000 X123.844 Y180.413
G1 F1500 X120.144 Y176.712 E672.09439
G0 F9000 X119.913 Y177.048
G1 F1500 X123.844 Y180.978 E672.27927
G0 F9000 X123.64 Y181.34
G1 F1500 X119.629 Y177.329 E672.46793
G0 F9000 X119.324 Y177.59
G1 F1500 X123.074 Y181.34 E672.64432
G0 F9000 X122.508 Y181.34
G1 F1500 X118.962 Y177.794 E672.81111
G0 F9000 X118.568 Y177.965
G1 F1500 X121.943 Y181.34 E672.96986
G0 F9000 X121.377 Y181.34
G1 F1500 X118.125 Y178.088 E673.12283
G0 F9000 X117.628 Y178.156
G1 F1500 X120.811 Y181.34 E673.27257
G0 F9000 X120.246 Y181.34
G1 F1500 X117.028 Y178.122 E673.42393
G0 F9000 X116.248 Y177.907
G1 F1500 X119.68 Y181.34 E673.58539
G0 F9000 X119.114 Y181.34
G1 F1500 X111.152 Y173.378 E673.9599
G0 F9000 X111.152 Y173.943
G1 F1500 X118.549 Y181.34 E674.30783
G0 F9000 X117.983 Y181.34
G1 F1500 X111.152 Y174.509 E674.62914
G0 F9000 X111.152 Y175.075
G1 F1500 X117.416 Y181.339 E674.92378
G0 F9000 X116.851 Y181.339
G1 F1500 X111.152 Y175.64 E675.19184
G0 F9000 X111.152 Y176.206
G1 F1500 X116.285 Y181.339 E675.43328
G0 F9000 X115.719 Y181.339
G1 F1500 X111.152 Y176.772 E675.6481
G0 F9000 X111.152 Y177.337
G1 F1500 X115.154 Y181.339 E675.83634
G0 F9000 X114.588 Y181.339
G1 F1500 X111.152 Y177.903 E675.99796
G0 F9000 X111.152 Y178.469
G1 F1500 X114.022 Y181.339 E676.13295
G0 F9000 X113.457 Y181.339
G1 F1500 X111.152 Y179.034 E676.24138
G0 F9000 X111.152 Y179.6
G1 F1500 X112.891 Y181.339 E676.32317
G0 F9000 X112.325 Y181.339
G1 F1500 X111.152 Y180.166 E676.37835
G0 F9000 X111.152 Y180.732
G1 F1500 X111.76 Y181.339 E676.40692
G1 F2700 E671.40692
G0 F9000 X111.76 Y181.8
G0 X115.01 Y181.7
G0 X115.363 Y176.79
G0 X114.602 Y176.261
G1 F2700 E676.40692
G1 F1500 X111.152 Y172.812 E676.56918
G0 F9000 X111.152 Y172.246
G1 F1500 X114.372 Y175.466 E676.72063
G0 F9000 X114.336 Y174.865
G1 F1500 X111.152 Y171.68 E676.87042
G0 F9000 X111.152 Y171.114
G1 F1500 X114.404 Y174.367 E677.02341
G0 F9000 X114.531 Y173.928
G1 F1500 X111.152 Y170.548 E677.18237
G0 F9000 X111.152 Y169.983
G1 F1500 X114.685 Y173.516 E677.34855
G0 F9000 X114.917 Y173.182
G1 F1500 X111.152 Y169.417 E677.52565
G0 F9000 X111.152 Y168.851
G1 F1500 X115.152 Y172.852 E677.71382
G0 F9000 X115.459 Y172.593
G1 F1500 X111.152 Y168.286 E677.91641
G0 F9000 X111.152 Y167.72
G1 F1500 X115.773 Y172.342 E678.13379
G0 F9000 X116.144 Y172.147
G1 F1500 X111.152 Y167.154 E678.36862
G0 F9000 X111.152 Y166.589
G1 F1500 X116.551 Y171.988 E678.62257
G0 F9000 X117.011 Y171.882
G1 F1500 X111.152 Y166.023 E678.89816
G0 F9000 X111.152 Y165.457
G1 F1500 X117.541 Y171.847 E679.1987
G0 F9000 X118.178 Y171.918
G1 F1500 X111.152 Y164.892 E679.52919
G0 F9000 X111.152 Y164.326
G1 F1500 X119.095 Y172.27 E679.90282
G1 F2700 E674.90282
G0 F9000 X118.889 Y172.682
G0 X118.512 Y172.405
G0 X118.512 Y162.296
G0 X119.886 Y157.222
G1 F2700 E679.90282
G1 F1500 X111.152 Y148.487 E680.31367
G0 F9000 X111.152 Y149.053
G1 F1500 X119.246 Y157.147 E680.69439
G0 F9000 X118.68 Y157.147
G1 F1500 X111.152 Y149.619 E681.04848
G0 F9000 X111.152 Y150.185
G1 F1500 X118.114 Y157.146 E681.37593
G0 F9000 X117.547 Y157.145
G1 F1500 X111.152 Y150.75 E681.67673
G0 F9000 X111.152 Y151.316
G1 F1500 X116.981 Y157.145 E681.95091
G0 F9000 X116.415 Y157.144
G1 F1500 X111.152 Y151.882 E682.19844
G0 F9000 X111.152 Y152.447
G1 F1500 X115.848 Y157.143 E682.41932
G0 F9000 X115.282 Y157.142
G1 F1500 X111.152 Y153.013 E682.61356
G0 F9000 X111.152 Y153.579
G1 F1500 X114.715 Y157.142 E682.78116
G0 F9000 X114.149 Y157.141
G1 F1500 X111.152 Y154.144 E682.92212
G0 F9000 X111.152 Y154.71
G1 F1500 X113.583 Y157.14 E683.03645
G0 F9000 X113.044 Y157.167
G1 F1500 X111.152 Y155.276 E683.12542
G0 F9000 X111.152 Y155.841
G1 F1500 X112.576 Y157.265 E683.1924
G0 F9000 X112.171 Y157.426
G1 F1500 X111.152 Y156.407 E683.24033
G0 F9000 X111.152 Y156.973
G1 F1500 X111.819 Y157.64 E683.2717
G0 F9000 X111.499 Y157.885
G1 F1500 X111.152 Y157.538 E683.28803
G0 F9000 X111.152 Y158.104
G1 F1500 X111.233 Y158.185 E683.29184
G1 F2700 E678.29184
G0 F9000 X111.575 Y158.492
G0 X112.221 Y157.798
G0 X114.965 Y148.906
G0 X115.419 Y149.36
G1 F2700 E683.29184
G1 F1500 X123.844 Y157.785 E683.68812
G0 F9000 X123.844 Y157.22
G1 F1500 X115.984 Y149.359 E684.05786
G0 F9000 X116.549 Y149.359
G1 F1500 X123.844 Y156.654 E684.40099
G0 F9000 X123.844 Y156.088
G1 F1500 X117.115 Y149.359 E684.7175
G0 F9000 X117.68 Y149.358
G1 F1500 X123.844 Y155.522 E685.00744
G0 F9000 X123.844 Y154.957
G1 F1500 X118.245 Y149.357 E685.27082
G0 F9000 X118.809 Y149.357
G1 F1500 X123.844 Y154.391 E685.50763
G0 F9000 X123.844 Y153.825
G1 F1500 X119.374 Y149.356 E685.71786
G0 F9000 X119.939 Y149.355
G1 F1500 X123.844 Y153.26 E685.90154
G0 F9000 X123.844 Y152.694
G1 F1500 X120.5 Y149.35 E686.05883
G0 F9000 X120.896 Y149.18
G1 F1500 X123.844 Y152.128 E686.19749
G0 F9000 X123.844 Y151.563
G1 F1500 X121.209 Y148.927 E686.32146
G0 F9000 X121.388 Y148.541
G1 F1500 X123.844 Y150.997 E686.43698
G0 F9000 X123.844 Y150.431
G1 F1500 X121.455 Y148.042 E686.54935
G0 F9000 X121.455 Y147.476
G1 F1500 X123.844 Y149.866 E686.66175
G0 F9000 X123.844 Y149.3
G1 F1500 X121.455 Y146.911 E686.77412
G0 F9000 X121.455 Y146.346
G1 F1500 X123.844 Y148.734 E686.88647
G0 F9000 X123.844 Y148.169
G1 F1500 X121.456 Y145.781 E686.99879
G0 F9000 X121.456 Y145.215
G1 F1500 X123.844 Y147.603 E687.11112
G0 F9000 X123.844 Y147.037
G1 F1500 X121.457 Y144.65 E687.22339
G0 F9000 X121.457 Y144.084
G1 F1500 X123.844 Y146.472 E687.33569
G0 F9000 X123.844 Y145.906
G1 F1500 X121.458 Y143.519 E687.44795
G0 F9000 X121.458 Y142.954
G1 F1500 X123.844 Y145.34 E687.56018
G0 F9000 X123.844 Y144.774
G1 F1500 X121.458 Y142.389 E687.67238
G0 F9000 X121.458 Y141.823
G1 F1500 X123.844 Y144.209 E687.78462
G0 F9000 X123.844 Y143.643
G1 F1500 X121.459 Y141.258 E687.8968
G0 F9000 X121.459 Y140.692
G1 F1500 X123.844 Y143.077 E688.00898
G0 F9000 X123.844 Y142.512
G1 F1500 X121.406 Y140.074 E688.12366
G1 F2700 E683.12366
;MESH:NONMESH
G0 F300 X121.406 Y140.074 Z0.8
G0 F9000 X120.956 Y140.151
G0 X120.738 Y139.962
G0 X114.85 Y139.988
G0 X104 Y51.7
;TIME_ELAPSED:1108.950001
;LAYER:3
M106 S255
;TYPE:SUPPORT
G1 F2700 E688.12366
G1 F1500 X102.381 Y51.7 E688.17751
G1 X102.381 Y183.3 E692.55454
G1 X104 Y183.3 E692.60839
G1 X104 Y51.7 E696.98542
G1 X106 Y51.7 E697.05194
G1 X106 Y183.3 E701.42898
G1 X108 Y183.3 E701.4955
G1 X108 Y51.7 E705.87253
G1 X108.878 Y51.7 E705.90173
G1 X108.879 Y183.3 E710.27877
G1 X108 Y183.3 E710.308
G1 F2700 E705.308
G0 F9000 X108 Y184.165
G0 X132 Y184.165
G0 X132 Y183.3
G1 F2700 E710.308
G1 F1500 X132.618 Y183.3 E710.32856
G1 X132.618 Y51.7 E714.70559
G1 X132 Y51.7 E714.72614
G1 X132 Y183.3 E719.10318
G1 X130 Y183.3 E719.1697
G1 X130 Y51.7 E723.54673
G1 X128 Y51.7 E723.61325
G1 X128 Y183.3 E727.99029
G1 X126.121 Y183.3 E728.05278
G1 X126.121 Y51.7 E732.42982
G1 X128 Y51.7 E732.49231
G1 F2700 E727.49231
;MESH:btncover.stl
G0 F9000 X119.864 Y58.53
G0 X117.452 Y62.6
;TYPE:WALL-INNER
G1 F2700 E732.49231
G1 F1500 X116.923 Y62.538 E732.51003
G1 X116.308 Y62.324 E732.53168
G1 X115.675 Y61.883 E732.55734
G1 X115.277 Y61.36 E732.5792
G1 X115.047 Y60.912 E732.59595
G1 X114.929 Y60.4 E732.61343
G1 X114.896 Y59.868 E732.63116
G1 X114.975 Y59.356 E732.64839
G1 X115.192 Y58.76 E732.66948
G1 X115.505 Y58.321 E732.68742
G1 X115.966 Y57.875 E732.70875
G1 X116.486 Y57.6 E732.72831
G1 X117.048 Y57.437 E732.74778
G1 X117.548 Y57.4 E732.76445
G1 X118.071 Y57.458 E732.78195
G1 X118.695 Y57.668 E732.80385
G1 X119.313 Y58.113 E732.82918
G1 X119.715 Y58.633 E732.85104
G1 X119.953 Y59.082 E732.86794
G1 X120.074 Y59.62 E732.88629
G1 X120.098 Y60.14 E732.9036
G1 X120.021 Y60.642 E732.92049
G1 X119.804 Y61.24 E732.94165
G1 X119.49 Y61.676 E732.95952
G1 X119.124 Y62.037 E732.97662
G1 X118.69 Y62.311 E732.99369
G1 X118.119 Y62.544 E733.0142
G1 X117.452 Y62.6 E733.03646
G1 F2700 E728.03646
G0 F9000 X116.883 Y62.714
G0 X110.661 Y103.56
G0 X110.476 Y103.924
G1 F2700 E733.03646
G1 F1500 X111 Y103.4 E733.06111
G1 X124 Y103.4 E733.49349
G1 X124.52 Y103.92 E733.51795
G1 X124.52 Y53.1 E735.20823
G1 X110.476 Y53.1 E735.67534
G1 X110.476 Y103.924 E737.36575
G0 F9000 X110.562 Y117.438
G0 X110.662 Y118.502
G0 X117.5 Y118.403
G1 F1500 X124.068 Y118.403 E737.5842
G1 X124.52 Y118.91 E737.60679
G1 X124.52 Y117.171 E737.66463
G1 X124.068 Y117.597 E737.68529
G1 X110.93 Y117.596 E738.12226
G1 X110.476 Y117.167 E738.14304
G1 X110.476 Y118.914 E738.20114
G1 X110.93 Y118.404 E738.22385
G1 X117.5 Y118.403 E738.44237
G1 F2700 E733.44237
G0 F9000 X124.438 Y118.562
G0 X124.438 Y132.438
G0 X117.5 Y132.45
G0 X117.5 Y132.8
G0 X117.5 Y139.62
G0 X117.5 Y148.799
G1 F2700 E738.44237
G1 F1500 X115.256 Y148.799 E738.51701
G1 X115.032 Y148.738 E738.52473
G1 X114.805 Y148.54 E738.53475
G1 X114.728 Y148.382 E738.5406
G1 X114.7 Y148.2 E738.54672
G1 X114.7 Y140.4 E738.80615
G1 X114.727 Y140.221 E738.81217
G1 X114.906 Y139.946 E738.82308
G1 X115.178 Y139.8 E738.83335
G1 X120.386 Y139.805 E739.00657
G1 X120.645 Y139.908 E739.01584
G1 X120.772 Y140.028 E739.02165
G1 X120.866 Y140.197 E739.02808
G1 X120.9 Y140.4 E739.03493
G1 X120.9 Y148.272 E739.29675
G1 X120.781 Y148.56 E739.30712
G1 X120.661 Y148.681 E739.31279
G1 X120.379 Y148.8 E739.32297
G1 X117.5 Y148.799 E739.41872
G1 F2700 E734.41872
G0 F9000 X117.507 Y157.5
G0 X117.5 Y162.091
G1 F2700 E739.41872
G1 F1500 X113.232 Y162.091 E739.56068
G1 X112.857 Y162.038 E739.57327
G1 X112.375 Y161.859 E739.59037
G1 X112.186 Y161.745 E739.59772
G1 X111.754 Y161.363 E739.6169
G1 X111.491 Y161.006 E739.63164
G1 X111.332 Y160.649 E739.64464
G1 X111.29 Y160.514 E739.64934
G1 F1234.6 X111.115 Y160.063 E739.66889
G1 F1045.3 X111.138 Y159.576 E739.69216
G1 F1153.8 X111.224 Y159.424 E739.69971
G1 F1339.3 X111.447 Y158.878 E739.72168
G1 F1415.1 X111.736 Y158.447 E739.73998
G1 F1470.6 X112.044 Y158.168 E739.75408
G1 F1500 X112.436 Y157.914 E739.76961
G1 X112.857 Y157.762 E739.7845
G1 X113.316 Y157.7 E739.79991
G1 X119.364 Y157.705 E740.00106
G1 X119.743 Y157.758 E740.01379
G1 X120.21 Y157.942 E740.03049
G1 X120.66 Y158.239 E740.04842
G1 X120.816 Y158.389 E740.05562
G1 X121.106 Y158.792 E740.07213
G1 X121.293 Y159.212 E740.08742
G1 X121.399 Y159.777 E740.10654
G1 X121.366 Y160.307 E740.1242
G1 X121.162 Y160.898 E740.145
G1 X120.899 Y161.291 E740.16073
G1 X120.61 Y161.594 E740.17465
G1 X120.159 Y161.882 E740.19245
G1 X119.741 Y162.038 E740.20729
G1 X119.364 Y162.091 E740.21995
G1 X117.5 Y162.091 E740.28195
G1 F2700 E735.28195
G0 F9000 X117.589 Y172.216
G0 X117.5 Y177.596
G1 F2700 E740.28195
G1 F1500 X117.448 Y177.6 E740.28369
G1 X116.921 Y177.541 E740.30132
G1 X116.302 Y177.328 E740.3231
G1 X115.684 Y176.888 E740.34833
G1 X115.278 Y176.362 E740.37043
G1 X115.047 Y175.912 E740.38725
G1 X114.929 Y175.4 E740.40473
G1 X114.896 Y174.868 E740.42246
G1 X114.975 Y174.356 E740.43969
G1 X115.192 Y173.76 E740.46078
G1 X115.505 Y173.321 E740.47872
G1 X115.963 Y172.878 E740.49991
G1 X116.483 Y172.602 E740.51949
G1 X117.045 Y172.433 E740.53901
G1 X117.548 Y172.4 E740.55577
G1 X118.077 Y172.463 E740.57349
G1 X118.712 Y172.681 E740.59582
G1 X119.323 Y173.119 E740.62083
G1 X119.716 Y173.635 E740.6424
G1 X119.953 Y174.082 E740.65923
G1 X120.074 Y174.62 E740.67757
G1 X120.098 Y175.14 E740.69488
G1 X120.021 Y175.642 E740.71177
G1 X119.804 Y176.24 E740.73293
G1 X119.49 Y176.676 E740.7508
G1 X119.124 Y177.037 E740.7679
G1 X118.69 Y177.311 E740.78497
G1 X118.11 Y177.547 E740.8058
G1 X117.5 Y177.596 E740.82615
G1 F2700 E735.82615
G0 F9000 X117.448 Y181.7
G0 X117.5 Y181.9
G1 F2700 E740.82615
G1 F1500 X124.52 Y181.9 E741.05964
G1 X124.52 Y132.164 E742.71387
G1 X124 Y132.6 E742.73644
G1 X111 Y132.6 E743.16882
G1 X110.476 Y132.16 E743.19158
G1 X110.477 Y158.827 E744.07852
G1 F1388.9 X110.509 Y159.308 E744.09584
G1 F1153.8 X110.563 Y159.557 E744.10686
G1 F1049 X110.56 Y160.139 E744.13454
G1 F1239.7 X110.476 Y160.588 E744.15292
G1 F1500 X110.476 Y181.9 E744.86176
G1 X117.5 Y181.9 E745.09538
G0 F9000 X117.5 Y182.3
;TYPE:WALL-OUTER
G1 F1500 X124.92 Y182.3 E745.34217
G1 X124.92 Y133.12 E746.9779
G1 F1244.8 X124.838 Y132.097 E747.01904
G1 F1067.6 X124.84 Y119 E747.63106
G1 F1250 X124.92 Y118 E747.6711
G1 F1244.8 X124.838 Y117.097 E747.70744
G1 F1067.6 X124.84 Y104 E748.31947
G1 F1250 X124.92 Y102.88 E748.36429
G1 F1500 X124.92 Y52.7 E750.03328
G1 X110.076 Y52.7 E750.527
G1 X110.076 Y102.876 E752.19586
G1 F1247.4 X110.157 Y104 E752.24093
G1 F1063.8 X110.159 Y117.097 E752.85514
G1 F1242.2 X110.076 Y118 E752.89155
G1 F1247.4 X110.157 Y119 E752.93168
G1 F1063.8 X110.159 Y132.097 E753.54589
G1 F1242.2 X110.076 Y133.124 E753.58727
G1 F1500 X110.076 Y182.3 E755.22287
G1 X117.5 Y182.3 E755.46979
G1 F2700 E750.46979
G0 F9000 X117.5 Y181.99
G0 X117.522 Y181.7
G0 X117.448 Y177.781
G0 X117.5 Y177.194
G1 F2700 E755.46979
G1 F1500 X117.423 Y177.199 E755.47236
G1 X116.99 Y177.142 E755.48688
G1 X116.488 Y176.969 E755.50454
G1 X115.953 Y176.589 E755.52637
G1 X115.609 Y176.132 E755.54539
G1 X115.437 Y175.796 E755.55795
G1 X115.323 Y175.331 E755.57387
G1 X115.3 Y174.907 E755.588
G1 X115.362 Y174.473 E755.60258
G1 X115.55 Y173.948 E755.62113
G1 X115.8 Y173.596 E755.63549
G1 X116.202 Y173.204 E755.65416
G1 X116.654 Y172.968 E755.67112
G1 X117.103 Y172.833 E755.68671
G1 X117.573 Y172.801 E755.70238
G1 X118.004 Y172.858 E755.71684
G1 X118.507 Y173.029 E755.73451
G1 X119.043 Y173.411 E755.7564
G1 X119.368 Y173.838 E755.77425
G1 X119.58 Y174.247 E755.78957
G1 X119.672 Y174.656 E755.80352
G1 X119.696 Y175.1 E755.81831
G1 X119.634 Y175.527 E755.83266
G1 X119.448 Y176.049 E755.85109
G1 X119.173 Y176.427 E755.86664
G1 X118.855 Y176.734 E755.88134
G1 X118.488 Y176.962 E755.89571
G1 X118.007 Y177.158 E755.91298
G1 X117.5 Y177.194 E755.92989
G1 F2700 E750.92989
G0 F9000 X117.522 Y177.505
G0 X118.065 Y177.404
G0 X118.62 Y177.181
G0 X119.028 Y176.917
G0 X119.374 Y176.58
G0 X119.671 Y176.166
G0 X119.875 Y175.605
G0 X119.949 Y175.123
G0 X119.925 Y174.64
G0 X119.81 Y174.141
G0 X119.587 Y173.715
G0 X119.22 Y173.233
G0 X117.589 Y172.216
G0 X117.589 Y162.296
G0 X117.5 Y161.695
G1 F2700 E755.92989
G1 F1500 X113.288 Y161.695 E756.06998
G1 X112.976 Y161.651 E756.08046
G1 X112.479 Y161.471 E756.09804
G1 X112.038 Y161.075 E756.11775
G1 X111.85 Y160.819 E756.12832
G1 X111.683 Y160.441 E756.14206
G1 X111.603 Y160.009 E756.15668
G1 X111.624 Y159.61 E756.16996
G1 X111.795 Y159.077 E756.18858
G1 X112.057 Y158.695 E756.20399
G1 X112.262 Y158.504 E756.21331
G1 X112.636 Y158.267 E756.22803
G1 X112.936 Y158.159 E756.23864
G1 X113.285 Y158.102 E756.2504
G1 X119.308 Y158.101 E756.45073
G1 X119.62 Y158.145 E756.46121
G1 X120.01 Y158.293 E756.47508
G1 X120.47 Y158.593 E756.49335
G1 X120.767 Y159.014 E756.51048
G1 X120.913 Y159.355 E756.52282
G1 X120.996 Y159.836 E756.53906
G1 X120.974 Y160.211 E756.55155
G1 X120.81 Y160.694 E756.56851
G1 X120.567 Y161.068 E756.58335
G1 X120.364 Y161.272 E756.59292
G1 X120 Y161.509 E756.60737
G1 X119.62 Y161.651 E756.62086
G1 X119.308 Y161.695 E756.63134
G1 X117.5 Y161.695 E756.69147
G1 F2700 E751.69147
G0 F9000 X117.5 Y162.008
G0 X119.705 Y161.888
G0 X120.095 Y161.746
G0 X120.509 Y161.479
G0 X120.745 Y161.249
G0 X121.03 Y160.831
G0 X121.221 Y160.265
G0 X121.251 Y159.801
G0 X121.149 Y159.254
G0 X120.977 Y158.875
G0 X120.645 Y158.413
G0 X120.144 Y158.079
G0 X119.71 Y157.912
G0 X119.312 Y157.853
G0 X117.5 Y157.5
G0 X117.505 Y148.979
G0 X117.5 Y148.399
G1 F2700 E756.69147
G1 F1500 X115.226 Y148.4 E756.76711
G1 X115.1 Y148.243 E756.7738
G1 X115.1 Y140.354 E757.03619
G1 X115.168 Y140.248 E757.04038
G1 X115.259 Y140.2 E757.0438
G1 X120.329 Y140.201 E757.21243
G1 X120.415 Y140.236 E757.21552
G1 X120.5 Y140.346 E757.22014
G1 X120.498 Y148.235 E757.48253
G1 X120.421 Y148.361 E757.48744
G1 X120.337 Y148.397 E757.49048
G1 X117.5 Y148.399 E757.58484
G1 F2700 E752.58484
G0 F9000 X117.5 Y148.71
G0 X114.862 Y148.638
G0 X114.862 Y139.962
G0 X117.5 Y139.62
G0 X117.5 Y132.8
G0 X117.5 Y132.2
G1 F2700 E757.58484
G1 F1500 X111 Y132.2 E757.80103
G1 F1242.2 X110.721 Y132.049 E757.81377
G1 F1063.8 X110.719 Y119 E758.42573
G1 F1247.4 X110.976 Y118.801 E758.43873
G1 F1500 X124.023 Y118.801 E758.87268
G1 F1250 X124.28 Y119 E758.88565
G1 F1067.6 X124.278 Y132.049 E759.49544
G1 F1244.8 X124 Y132.2 E759.50811
G1 F1500 X117.5 Y132.2 E759.72431
G1 F2700 E754.72431
G0 F9000 X117.5 Y132.51
G0 X110.562 Y132.438
G0 X110.562 Y118.562
G0 X124.334 Y118.498
G0 X124.335 Y117.544
G0 X117.5 Y117.51
G0 X117.5 Y117.199
G1 F2700 E759.72431
G1 F1500 X110.976 Y117.199 E759.94129
G1 F1242.2 X110.721 Y117.049 E759.95318
G1 F1063.8 X110.719 Y104 E760.56513
G1 F1247.4 X111 Y103.8 E760.57893
G1 F1500 X124 Y103.8 E761.01131
G1 F1250 X124.28 Y104 E761.02504
G1 F1067.6 X124.278 Y117.049 E761.63483
G1 F1244.8 X124.023 Y117.199 E761.64669
G1 F1500 X117.5 Y117.199 E761.86364
G1 F2700 E756.86364
G0 F9000 X117.5 Y117.51
G0 X110.562 Y117.438
G0 X110.562 Y103.562
G0 X117.486 Y103.55
G0 X117.486 Y103.2
G0 X117.412 Y62.784
G0 X117.464 Y62.2
G1 F2700 E761.86364
G1 F1500 X117.011 Y62.148 E761.87881
G1 X116.488 Y61.969 E761.89719
G1 X115.953 Y61.589 E761.91902
G1 X115.609 Y61.132 E761.93804
G1 X115.437 Y60.796 E761.9506
G1 X115.323 Y60.331 E761.96652
G1 X115.3 Y59.907 E761.98065
G1 X115.362 Y59.473 E761.99523
G1 X115.55 Y58.948 E762.01377
G1 X115.8 Y58.596 E762.02813
G1 X116.202 Y58.204 E762.04681
G1 X116.654 Y57.968 E762.06377
G1 X117.137 Y57.828 E762.08049
G1 X117.573 Y57.801 E762.09502
G1 X118.004 Y57.858 E762.10948
G1 X118.509 Y58.028 E762.12721
G1 X119.043 Y58.412 E762.14908
G1 X119.368 Y58.838 E762.1669
G1 X119.58 Y59.247 E762.18223
G1 X119.672 Y59.656 E762.19617
G1 X119.696 Y60.1 E762.21096
G1 X119.634 Y60.527 E762.22531
G1 X119.448 Y61.049 E762.24374
G1 X119.173 Y61.427 E762.25929
G1 X118.855 Y61.734 E762.27399
G1 X118.488 Y61.962 E762.28836
G1 X118.005 Y62.156 E762.30567
G1 X117.464 Y62.2 E762.32372
G1 F2700 E757.32372
G0 F9000 X117.486 Y62.508
G0 X116.883 Y62.714
G0 X112.837 Y103.24
G0 X110.837 Y103.135
;TYPE:SKIN
G1 F2700 E762.32372
G1 F1500 X110.837 Y53.461 E763.97589
G1 X124.16 Y53.46 E764.41901
G1 X124.16 Y103.132 E766.07111
G1 X123.984 Y103.04 E766.07772
G1 X111.016 Y103.04 E766.50903
G1 X110.837 Y103.135 E766.51577
G1 F2700 E761.51577
G0 F9000 X110.576 Y103.135
G0 X110.661 Y103.56
G0 X112.837 Y103.24
G0 X115.545 Y62.012
G0 X117.415 Y62.96
G1 F2700 E766.51577
G1 F1500 X118.176 Y62.904 E766.54115
G1 X118.863 Y62.626 E766.5658
G1 X119.331 Y62.33 E766.58422
G1 X119.779 Y61.893 E766.60504
G1 X120.125 Y61.408 E766.62485
G1 X120.374 Y60.711 E766.64947
G1 X120.456 Y60.144 E766.66852
G1 X120.428 Y59.581 E766.68727
G1 X120.294 Y58.954 E766.7086
G1 X120.025 Y58.449 E766.72763
G1 X119.561 Y57.846 E766.75293
G1 X118.867 Y57.344 E766.78142
G1 X118.168 Y57.11 E766.80594
G1 X117.527 Y57.036 E766.8274
G1 X116.981 Y57.082 E766.84562
G1 X116.373 Y57.255 E766.86665
G1 X115.749 Y57.58 E766.89005
G1 X115.241 Y58.067 E766.91346
G1 X114.868 Y58.591 E766.93485
G1 X114.631 Y59.243 E766.95792
G1 X114.536 Y59.868 E766.97895
G1 X114.57 Y60.463 E766.99877
G1 X114.717 Y61.055 E767.01906
G1 X114.965 Y61.543 E767.03727
G1 X115.415 Y62.142 E767.06218
G1 X116.135 Y62.652 E767.09153
G1 X116.82 Y62.882 E767.11556
G1 X117.415 Y62.96 E767.13552
G1 F2700 E762.13552
G0 F9000 X117.414 Y62.704
G0 X116.376 Y62.195
G0 X115.78 Y61.767
G0 X115.413 Y61.285
G0 X115.19 Y60.859
G0 X115.124 Y60.576
G0 X115.03 Y58.676
G0 X113.298 Y53.26
G0 X111.037 Y54.143
G1 F2700 E767.13552
G1 F1500 X111.52 Y53.66 E767.15824
G0 F9000 X112.086 Y53.66
G1 F1500 X111.037 Y54.709 E767.20758
G0 F9000 X111.037 Y55.275
G1 F1500 X112.651 Y53.66 E767.28352
G0 F9000 X113.217 Y53.66
G1 F1500 X111.037 Y55.84 E767.38607
G0 F9000 X111.037 Y56.406
G1 F1500 X113.783 Y53.66 E767.51523
G0 F9000 X114.348 Y53.66
G1 F1500 X111.037 Y56.972 E767.67099
G0 F9000 X111.037 Y57.537
G1 F1500 X114.914 Y53.66 E767.85335
G0 F9000 X115.48 Y53.66
G1 F1500 X111.037 Y58.103 E768.06234
G0 F9000 X111.037 Y58.669
G1 F1500 X116.045 Y53.66 E768.29792
G0 F9000 X116.611 Y53.66
G1 F1500 X111.037 Y59.234 E768.56011
G0 F9000 X111.037 Y59.8
G1 F1500 X117.177 Y53.66 E768.84891
G0 F9000 X117.743 Y53.66
G1 F1500 X111.037 Y60.366 E769.16434
G0 F9000 X111.037 Y60.931
G1 F1500 X118.309 Y53.66 E769.50637
G0 F9000 X118.875 Y53.66
G1 F1500 X111.037 Y61.497 E769.87502
G0 F9000 X111.037 Y62.063
G1 F1500 X114.894 Y58.206 E770.05645
G0 F9000 X115.271 Y58.474
G0 X114.878 Y59.325
G0 X114.425 Y59.24
G1 F1500 X111.037 Y62.628 E770.21581
G0 F9000 X111.037 Y63.194
G1 F1500 X114.336 Y59.895 E770.37098
G0 F9000 X114.369 Y60.428
G1 F1500 X111.037 Y63.76 E770.52771
G0 F9000 X111.037 Y64.326
G1 F1500 X114.467 Y60.895 E770.68907
G0 F9000 X114.621 Y61.308
G1 F1500 X111.037 Y64.891 E770.85763
G0 F9000 X111.037 Y65.457
G1 F1500 X114.818 Y61.676 E771.03547
G0 F9000 X115.059 Y62.001
G1 F1500 X111.037 Y66.023 E771.22466
G0 F9000 X111.037 Y66.588
G1 F1500 X115.311 Y62.314 E771.42569
G0 F9000 X115.643 Y62.548
G1 F1500 X111.037 Y67.154 E771.64234
G0 F9000 X111.037 Y67.72
G1 F1500 X115.975 Y62.782 E771.87461
G0 F9000 X116.378 Y62.945
G1 F1500 X111.037 Y68.285 E772.12581
G0 F9000 X111.037 Y68.851
G1 F1500 X116.803 Y63.085 E772.39703
G0 F9000 X117.307 Y63.147
G1 F1500 X111.037 Y69.417 E772.69195
G0 F9000 X111.037 Y69.982
G1 F1500 X117.896 Y63.123 E773.01458
G0 F9000 X118.669 Y62.916
G1 F1500 X111.037 Y70.548 E773.37356
G0 F9000 X111.037 Y71.114
G1 F1500 X123.96 Y58.191 E773.98142
G0 F9000 X123.96 Y58.756
G1 F1500 X111.037 Y71.679 E774.58928
G0 F9000 X111.037 Y72.245
G1 F1500 X123.96 Y59.322 E775.19714
G0 F9000 X123.96 Y59.888
G1 F1500 X111.037 Y72.811 E775.80499
G0 F9000 X111.037 Y73.376
G1 F1500 X123.96 Y60.453 E776.41285
G0 F9000 X123.96 Y61.019
G1 F1500 X111.037 Y73.942 E777.02071
G0 F9000 X111.037 Y74.508
G1 F1500 X123.96 Y61.585 E777.62857
G0 F9000 X123.96 Y62.15
G1 F1500 X111.037 Y75.074 E778.23645
G0 F9000 X111.037 Y75.639
G1 F1500 X123.96 Y62.716 E778.84431
G0 F9000 X123.96 Y63.282
G1 F1500 X111.037 Y76.205 E779.45217
G0 F9000 X111.037 Y76.771
G1 F1500 X123.96 Y63.847 E780.06005
G0 F9000 X123.96 Y64.413
G1 F1500 X111.037 Y77.336 E780.66791
G0 F9000 X111.037 Y77.902
G1 F1500 X123.96 Y64.979 E781.27577
G0 F9000 X123.96 Y65.545
G1 F1500 X111.036 Y78.468 E781.88365
G0 F9000 X111.036 Y79.034
G1 F1500 X123.96 Y66.11 E782.49155
G0 F9000 X123.96 Y66.676
G1 F1500 X111.036 Y79.6 E783.09946
G0 F9000 X111.036 Y80.165
G1 F1500 X123.96 Y67.242 E783.70734
G0 F9000 X123.96 Y67.807
G1 F1500 X111.036 Y80.731 E784.31525
G0 F9000 X111.036 Y81.297
G1 F1500 X123.96 Y68.373 E784.92315
G0 F9000 X123.96 Y68.939
G1 F1500 X111.036 Y81.862 E785.53103
G0 F9000 X111.036 Y82.428
G1 F1500 X123.96 Y69.504 E786.13894
G0 F9000 X123.96 Y70.07
G1 F1500 X111.036 Y82.994 E786.74684
G0 F9000 X111.036 Y83.56
G1 F1500 X123.96 Y70.636 E787.35475
G0 F9000 X123.96 Y71.201
G1 F1500 X111.036 Y84.125 E787.96265
G0 F9000 X111.036 Y84.691
G1 F1500 X123.96 Y71.767 E788.57056
G0 F9000 X123.96 Y72.333
G1 F1500 X111.036 Y85.257 E789.17846
G0 F9000 X111.036 Y85.822
G1 F1500 X123.96 Y72.898 E789.78637
G0 F9000 X123.96 Y73.464
G1 F1500 X111.036 Y86.388 E790.39428
G0 F9000 X111.036 Y86.954
G1 F1500 X123.96 Y74.03 E791.00218
G0 F9000 X123.96 Y74.596
G1 F1500 X111.036 Y87.519 E791.61006
G0 F9000 X111.036 Y88.085
G1 F1500 X123.96 Y75.161 E792.21797
G0 F9000 X123.96 Y75.727
G1 F1500 X111.036 Y88.651 E792.82587
G0 F9000 X111.036 Y89.216
G1 F1500 X123.96 Y76.293 E793.43376
G0 F9000 X123.96 Y76.858
G1 F1500 X111.036 Y89.782 E794.04166
G0 F9000 X111.036 Y90.348
G1 F1500 X123.96 Y77.424 E794.64957
G0 F9000 X123.96 Y77.99
G1 F1500 X111.036 Y90.913 E795.25745
G0 F9000 X111.036 Y91.479
G1 F1500 X123.96 Y78.555 E795.86535
G0 F9000 X123.96 Y79.121
G1 F1500 X111.036 Y92.045 E796.47326
G0 F9000 X111.036 Y92.61
G1 F1500 X123.96 Y79.687 E797.08114
G0 F9000 X123.96 Y80.252
G1 F1500 X111.036 Y93.176 E797.68905
G0 F9000 X111.036 Y93.742
G1 F1500 X123.96 Y80.818 E798.29695
G0 F9000 X123.96 Y81.384
G1 F1500 X111.036 Y94.308 E798.90486
G0 F9000 X111.036 Y94.873
G1 F1500 X123.96 Y81.949 E799.51276
G0 F9000 X123.96 Y82.515
G1 F1500 X111.036 Y95.439 E800.12067
G0 F9000 X111.036 Y96.005
G1 F1500 X123.96 Y83.081 E800.72857
G0 F9000 X123.96 Y83.646
G1 F1500 X111.036 Y96.57 E801.33648
G0 F9000 X111.036 Y97.136
G1 F1500 X123.96 Y84.212 E801.94438
G0 F9000 X123.96 Y84.778
G1 F1500 X111.036 Y97.702 E802.55229
G0 F9000 X111.036 Y98.267
G1 F1500 X123.96 Y85.344 E803.16017
G0 F9000 X123.96 Y85.909
G1 F1500 X111.036 Y98.833 E803.76808
G0 F9000 X111.036 Y99.399
G1 F1500 X123.96 Y86.475 E804.37598
G0 F9000 X123.96 Y87.041
G1 F1500 X111.036 Y99.964 E804.98386
G0 F9000 X111.036 Y100.53
G1 F1500 X123.96 Y87.606 E805.59177
G0 F9000 X123.96 Y88.172
G1 F1500 X111.036 Y101.096 E806.19967
G0 F9000 X111.036 Y101.661
G1 F1500 X123.96 Y88.738 E806.80756
G0 F9000 X123.96 Y89.303
G1 F1500 X111.036 Y102.227 E807.41546
G0 F9000 X111.036 Y102.793
G1 F1500 X123.96 Y89.869 E808.02337
G0 F9000 X123.96 Y90.435
G1 F1500 X111.555 Y102.84 E808.60686
G0 F9000 X112.12 Y102.84
G1 F1500 X123.96 Y91 E809.16378
G0 F9000 X123.96 Y91.566
G1 F1500 X112.686 Y102.84 E809.69407
G0 F9000 X113.252 Y102.84
G1 F1500 X123.96 Y92.132 E810.19774
G0 F9000 X123.96 Y92.697
G1 F1500 X113.817 Y102.84 E810.67484
G0 F9000 X114.383 Y102.84
G1 F1500 X123.96 Y93.263 E811.12531
G0 F9000 X123.96 Y93.829
G1 F1500 X114.949 Y102.84 E811.54916
G0 F9000 X115.514 Y102.84
G1 F1500 X123.96 Y94.395 E811.94641
G0 F9000 X123.96 Y94.96
G1 F1500 X116.08 Y102.84 E812.31706
G0 F9000 X116.646 Y102.84
G1 F1500 X123.96 Y95.526 E812.66109
G0 F9000 X123.96 Y96.092
G1 F1500 X117.211 Y102.84 E812.97852
G0 F9000 X117.777 Y102.84
G1 F1500 X123.96 Y96.657 E813.26935
G0 F9000 X123.96 Y97.223
G1 F1500 X118.343 Y102.84 E813.53355
G0 F9000 X118.908 Y102.84
G1 F1500 X123.96 Y97.789 E813.77116
G0 F9000 X123.96 Y98.354
G1 F1500 X119.474 Y102.84 E813.98217
G0 F9000 X120.04 Y102.84
G1 F1500 X123.96 Y98.92 E814.16655
G0 F9000 X123.96 Y99.486
G1 F1500 X120.606 Y102.84 E814.32432
G0 F9000 X121.171 Y102.84
G1 F1500 X123.96 Y100.051 E814.4555
G0 F9000 X123.96 Y100.617
G1 F1500 X121.737 Y102.84 E814.56006
G0 F9000 X122.303 Y102.84
G1 F1500 X123.96 Y101.183 E814.63801
G0 F9000 X123.96 Y101.748
G1 F1500 X122.868 Y102.84 E814.68937
G0 F9000 X123.434 Y102.84
G1 F1500 X123.96 Y102.314 E814.71411
G1 F2700 E809.71411
G0 F9000 X124.42 Y102.314
G0 X124.335 Y103.556
G0 X122.022 Y103.24
G0 X120.243 Y60.386
G0 X120.425 Y61.16
G1 F2700 E814.71411
G1 F1500 X123.96 Y57.625 E814.88039
G0 F9000 X123.96 Y57.059
G1 F1500 X120.62 Y60.399 E815.03749
G0 F9000 X120.64 Y59.813
G1 F1500 X123.96 Y56.494 E815.19363
G0 F9000 X123.96 Y55.928
G1 F1500 X120.574 Y59.314 E815.3529
G0 F9000 X120.468 Y58.854
G1 F1500 X123.96 Y55.362 E815.51715
G0 F9000 X123.96 Y54.797
G1 F1500 X120.269 Y58.488 E815.69076
G0 F9000 X120.046 Y58.145
G1 F1500 X123.96 Y54.231 E815.87486
G0 F9000 X123.96 Y53.665
G1 F1500 X119.799 Y57.826 E816.07059
G0 F9000 X119.502 Y57.557
G1 F1500 X123.4 Y53.66 E816.25391
G0 F9000 X122.834 Y53.66
G1 F1500 X119.174 Y57.32 E816.42607
G0 F9000 X118.813 Y57.115
G1 F1500 X122.269 Y53.66 E816.5886
G0 F9000 X121.703 Y53.66
G1 F1500 X118.389 Y56.974 E816.74448
G0 F9000 X117.919 Y56.878
G1 F1500 X121.137 Y53.66 E816.89585
G0 F9000 X120.572 Y53.66
G1 F1500 X117.381 Y56.85 E817.04592
G0 F9000 X116.714 Y56.951
G1 F1500 X120.006 Y53.66 E817.20074
G0 F9000 X119.44 Y53.66
G1 F1500 X115.741 Y57.358 E817.37471
G1 F2700 E812.37471
G0 F9000 X115.957 Y57.768
G0 X115.329 Y58.834
G0 X115.125 Y59.395
G0 X115.051 Y59.877
G0 X115.075 Y60.36
G0 X115.19 Y60.859
G0 X115.413 Y61.285
G0 X115.78 Y61.767
G0 X117.412 Y62.784
G0 X117.412 Y103.2
G0 X124.113 Y118
G1 F2700 E817.37471
G1 F1209.7 X110.885 Y117.998 E817.92026
G1 F2700 E812.92026
G0 F9000 X110.943 Y117.703
G0 X110.661 Y117.541
G0 X110.562 Y118.562
G0 X110.648 Y181.728
G0 X117.5 Y181.8
G0 X117.5 Y181.54
G1 F2700 E817.92026
G1 F1500 X110.836 Y181.54 E818.14191
G1 X110.836 Y160.613 E818.83795
G1 X110.879 Y160.501 E818.84194
G1 X111.169 Y161.167 E818.8661
G1 X111.47 Y161.586 E818.88325
G1 X111.947 Y162.014 E818.90457
G1 X112.211 Y162.179 E818.91492
G1 X112.787 Y162.391 E818.93534
G1 X113.231 Y162.454 E818.95025
G1 X119.361 Y162.455 E819.15414
G1 X119.813 Y162.391 E819.16932
G1 X120.299 Y162.212 E819.18655
G1 X120.859 Y161.853 E819.20867
G1 X121.179 Y161.509 E819.2243
G1 X121.494 Y161.034 E819.24326
G1 X121.718 Y160.379 E819.26628
G1 X121.76 Y159.778 E819.28632
G1 X121.645 Y159.131 E819.30817
G1 X121.427 Y158.626 E819.32647
G1 X121.087 Y158.155 E819.34579
G1 X120.879 Y157.955 E819.35539
G1 X120.395 Y157.629 E819.3748
G1 X119.816 Y157.405 E819.39545
G1 X119.36 Y157.341 E819.41076
G1 X113.225 Y157.342 E819.61481
G1 X112.785 Y157.41 E819.62962
G1 X112.293 Y157.579 E819.64692
G1 X111.845 Y157.869 E819.66467
G1 X111.482 Y158.191 E819.68081
G1 X111.178 Y158.627 E819.69849
G1 X110.891 Y159.211 E819.72013
G1 X110.838 Y158.813 E819.73349
G1 X110.836 Y132.874 E820.59622
G1 X111.012 Y132.96 E820.60274
G1 X123.984 Y132.96 E821.03419
G1 X124.16 Y132.874 E821.0407
G1 X124.16 Y181.54 E822.65934
G1 X117.5 Y181.54 E822.88085
G1 F2700 E817.88085
G0 F9000 X117.5 Y181.8
G0 X117.448 Y177.781
G0 X117.5 Y177.957
G1 F2700 E822.88085
G1 F1500 X118.187 Y177.898 E822.90379
G1 X118.832 Y177.638 E822.92692
G1 X119.33 Y177.33 E822.94639
G1 X119.779 Y176.893 E822.96723
G1 X120.125 Y176.408 E822.98705
G1 X120.374 Y175.711 E823.01166
G1 X120.456 Y175.144 E823.03072
G1 X120.428 Y174.581 E823.04947
G1 X120.294 Y173.954 E823.07079
G1 X120.025 Y173.449 E823.08982
G1 X119.579 Y172.86 E823.1144
G1 X118.855 Y172.338 E823.14408
G1 X118.14 Y172.109 E823.16905
G1 X117.612 Y172.037 E823.18678
G1 X116.965 Y172.078 E823.20834
G1 X116.362 Y172.26 E823.22929
G1 X115.748 Y172.58 E823.25232
G1 X115.241 Y173.067 E823.2757
G1 X114.868 Y173.591 E823.29709
G1 X114.631 Y174.243 E823.32017
G1 X114.536 Y174.868 E823.34119
G1 X114.57 Y175.463 E823.36101
G1 X114.717 Y176.055 E823.3813
G1 X114.965 Y176.543 E823.39951
G1 X115.423 Y177.139 E823.42451
G1 X116.133 Y177.647 E823.45355
G1 X116.87 Y177.899 E823.47945
G1 X117.465 Y177.96 E823.49935
G1 X117.5 Y177.957 E823.50051
G1 F2700 E818.50051
G0 F9000 X117.481 Y177.697
G0 X118.62 Y177.181
G0 X119.028 Y176.917
G0 X119.374 Y176.58
G0 X119.671 Y176.166
G0 X119.875 Y175.605
G0 X119.949 Y175.123
G0 X119.925 Y174.64
G0 X119.81 Y174.141
G0 X119.587 Y173.715
G0 X119.22 Y173.233
G0 X117.589 Y172.216
G0 X117.6 Y148.979
G0 X117.5 Y149.156
G1 F2700 E823.50051
G1 F1500 X120.425 Y149.157 E823.5978
G1 X120.873 Y148.973 E823.61391
G1 X121.089 Y148.735 E823.6246
G1 X121.258 Y148.323 E823.63941
G1 X121.258 Y140.361 E823.90423
G1 X121.213 Y140.109 E823.91274
G1 X121.071 Y139.83 E823.92315
G1 X120.848 Y139.604 E823.93371
G1 X120.411 Y139.442 E823.94921
G1 X115.088 Y139.442 E824.12626
G1 X114.704 Y139.652 E824.14082
G1 X114.52 Y139.836 E824.14947
G1 X114.391 Y140.085 E824.1588
G1 X114.341 Y140.372 E824.16849
G1 X114.342 Y148.223 E824.42961
G1 X114.395 Y148.515 E824.43948
G1 X114.54 Y148.779 E824.4495
G1 X114.868 Y149.058 E824.46382
G1 X115.229 Y149.156 E824.47626
G1 X117.5 Y149.156 E824.5518
G1 F2700 E819.5518
G0 F9000 X117.501 Y148.899
G0 X114.862 Y148.638
G0 X114.651 Y139.965
G0 X114.651 Y132.8
G0 X111.217 Y133.16
G1 F2700 E824.5518
G1 F1500 X111.037 Y133.339 E824.56024
G0 F9000 X111.037 Y133.905
G1 F1500 X111.782 Y133.16 E824.59528
G0 F9000 X112.348 Y133.16
G1 F1500 X111.037 Y134.47 E824.65693
G0 F9000 X111.037 Y135.036
G1 F1500 X112.914 Y133.16 E824.74519
G0 F9000 X113.479 Y133.16
G1 F1500 X111.037 Y135.602 E824.86005
G0 F9000 X111.037 Y136.168
G1 F1500 X114.045 Y133.16 E825.00154
G0 F9000 X114.611 Y133.16
G1 F1500 X111.037 Y136.733 E825.16963
G0 F9000 X111.037 Y137.299
G1 F1500 X115.176 Y133.16 E825.36431
G0 F9000 X115.742 Y133.16
G1 F1500 X111.037 Y137.865 E825.58562
G0 F9000 X111.037 Y138.43
G1 F1500 X116.308 Y133.16 E825.83353
G0 F9000 X116.873 Y133.16
G1 F1500 X111.037 Y138.996 E826.10804
G0 F9000 X111.037 Y139.562
G1 F1500 X117.439 Y133.16 E826.40917
G0 F9000 X118.005 Y133.16
G1 F1500 X111.037 Y140.127 E826.7369
G0 F9000 X111.037 Y140.693
G1 F1500 X118.57 Y133.16 E827.09123
G0 F9000 X119.136 Y133.16
G1 F1500 X111.037 Y141.259 E827.47218
G0 F9000 X111.037 Y141.824
G1 F1500 X119.702 Y133.16 E827.87973
G0 F9000 X120.268 Y133.16
G1 F1500 X111.037 Y142.39 E828.31391
G0 F9000 X111.037 Y142.956
G1 F1500 X120.833 Y133.16 E828.77468
G0 F9000 X121.399 Y133.16
G1 F1500 X115.313 Y139.246 E829.06095
G0 F9000 X115.879 Y139.246
G1 F1500 X121.965 Y133.16 E829.34721
G0 F9000 X122.53 Y133.16
G1 F1500 X116.444 Y139.246 E829.63348
G0 F9000 X117.011 Y139.245
G1 F1500 X123.096 Y133.16 E829.9197
G0 F9000 X123.662 Y133.16
G1 F1500 X117.576 Y139.245 E830.20594
G0 F9000 X118.142 Y139.245
G1 F1500 X123.96 Y133.427 E830.4796
G0 F9000 X123.96 Y133.992
G1 F1500 X118.708 Y139.244 E830.72664
G0 F9000 X119.274 Y139.244
G1 F1500 X123.96 Y134.558 E830.94706
G0 F9000 X123.96 Y135.124
G1 F1500 X119.84 Y139.244 E831.14085
G0 F9000 X120.405 Y139.244
G1 F1500 X123.96 Y135.69 E831.30804
G0 F9000 X123.96 Y136.255
G1 F1500 X120.831 Y139.384 E831.45522
G0 F9000 X121.15 Y139.631
G1 F1500 X123.96 Y136.821 E831.58739
G0 F9000 X123.96 Y137.387
G1 F1500 X121.378 Y139.969 E831.70884
G0 F9000 X121.455 Y140.457
G1 F1500 X123.96 Y137.952 E831.82667
G0 F9000 X123.96 Y138.518
G1 F1500 X121.455 Y141.023 E831.9445
G0 F9000 X121.455 Y141.588
G1 F1500 X123.96 Y139.084 E832.0623
G0 F9000 X123.96 Y139.649
G1 F1500 X121.455 Y142.154 E832.18013
G0 F9000 X121.455 Y142.72
G1 F1500 X123.96 Y140.215 E832.29796
G0 F9000 X123.96 Y140.781
G1 F1500 X121.455 Y143.285 E832.41576
G0 F9000 X121.455 Y143.851
G1 F1500 X123.96 Y141.346 E832.53359
G0 F9000 X123.96 Y141.912
G1 F1500 X121.455 Y144.417 E832.65142
G0 F9000 X121.455 Y144.982
G1 F1500 X123.96 Y142.478 E832.76922
G0 F9000 X123.96 Y143.043
G1 F1500 X121.455 Y145.548 E832.88705
G0 F9000 X121.455 Y146.114
G1 F1500 X123.96 Y143.609 E833.00488
G0 F9000 X123.96 Y144.175
G1 F1500 X121.455 Y146.679 E833.12268
G0 F9000 X121.455 Y147.245
G1 F1500 X123.96 Y144.741 E833.24048
G0 F9000 X123.96 Y145.306
G1 F1500 X121.455 Y147.811 E833.35831
G0 F9000 X121.455 Y148.376
G1 F1500 X123.96 Y145.872 E833.47612
G0 F9000 X123.96 Y146.438
G1 F1500 X113.254 Y157.144 E833.97969
G0 F9000 X113.819 Y157.144
G1 F1500 X123.96 Y147.003 E834.45669
G0 F9000 X123.96 Y147.569
G1 F1500 X114.385 Y157.144 E834.90707
G0 F9000 X114.951 Y157.144
G1 F1500 X123.96 Y148.135 E835.33083
G0 F9000 X123.96 Y148.7
G1 F1500 X115.516 Y157.144 E835.72801
G0 F9000 X116.082 Y157.144
G1 F1500 X123.96 Y149.266 E836.09857
G0 F9000 X123.96 Y149.832
G1 F1500 X116.648 Y157.144 E836.4425
G0 F9000 X117.214 Y157.144
G1 F1500 X123.96 Y150.397 E836.75983
G0 F9000 X123.96 Y150.963
G1 F1500 X117.779 Y157.144 E837.05057
G0 F9000 X118.345 Y157.144
G1 F1500 X123.96 Y151.529 E837.31468
G0 F9000 X123.96 Y152.094
G1 F1500 X118.911 Y157.144 E837.55219
G0 F9000 X119.466 Y157.154
G1 F1500 X123.96 Y152.66 E837.76358
G0 F9000 X123.96 Y153.226
G1 F1500 X119.949 Y157.237 E837.95224
G0 F9000 X120.357 Y157.395
G1 F1500 X123.96 Y153.791 E838.12174
G0 F9000 X123.96 Y154.357
G1 F1500 X120.713 Y157.604 E838.27447
G0 F9000 X121.045 Y157.838
G1 F1500 X123.96 Y154.923 E838.41158
G0 F9000 X123.96 Y155.489
G1 F1500 X121.316 Y158.132 E838.53593
G0 F9000 X121.557 Y158.457
G1 F1500 X123.96 Y156.054 E838.64896
G0 F9000 X123.96 Y156.62
G1 F1500 X121.741 Y158.839 E838.75333
G0 F9000 X121.875 Y159.271
G1 F1500 X123.96 Y157.186 E838.8514
G0 F9000 X123.96 Y157.751
G1 F1500 X121.961 Y159.75 E838.94543
G0 F9000 X121.919 Y160.358
G1 F1500 X123.96 Y158.317 E839.04143
G0 F9000 X123.96 Y158.883
G1 F1500 X121.605 Y161.238 E839.1522
G0 F9000 X121.227 Y160.984
G0 X120.302 Y161.911
G0 X120.547 Y162.296
G1 F1500 X111.036 Y171.806 E839.59955
G0 F9000 X111.036 Y171.241
G1 F1500 X119.663 Y162.614 E840.00534
G0 F9000 X119.059 Y162.652
G1 F1500 X111.036 Y170.675 E840.38271
G0 F9000 X111.036 Y170.109
G1 F1500 X118.493 Y162.652 E840.73347
G0 F9000 X117.928 Y162.652
G1 F1500 X111.036 Y169.544 E841.05765
G0 F9000 X111.036 Y168.978
G1 F1500 X117.362 Y162.652 E841.3552
G0 F9000 X116.796 Y162.652
G1 F1500 X111.036 Y168.412 E841.62613
G0 F9000 X111.036 Y167.847
G1 F1500 X116.231 Y162.652 E841.87049
G0 F9000 X115.666 Y162.652
G1 F1500 X111.036 Y167.281 E842.08825
G0 F9000 X111.036 Y166.715
G1 F1500 X115.1 Y162.652 E842.27938
G0 F9000 X114.534 Y162.652
G1 F1500 X111.036 Y166.15 E842.44392
G0 F9000 X111.036 Y165.584
G1 F1500 X113.969 Y162.652 E842.58185
G0 F9000 X113.403 Y162.652
G1 F1500 X111.036 Y165.018 E842.69317
G0 F9000 X111.036 Y164.453
G1 F1500 X112.883 Y162.606 E842.78004
G0 F9000 X112.442 Y162.481
G1 F1500 X111.036 Y163.887 E842.84618
G0 F9000 X111.036 Y163.321
G1 F1500 X112.049 Y162.309 E842.8938
G0 F9000 X111.719 Y162.073
G1 F1500 X111.036 Y162.755 E842.92591
G0 F9000 X111.036 Y162.19
G1 F1500 X111.416 Y161.81 E842.94378
G0 F9000 X111.16 Y161.5
G1 F1500 X111.036 Y161.624 E842.94961
G0 F9000 X110.576 Y161.624
G0 X110.576 Y158.229
G0 X111.037 Y158.229
G1 F1500 X119.913 Y149.354 E843.36709
G0 F9000 X120.478 Y149.354
G1 F1500 X112.551 Y157.281 E843.73995
G0 F9000 X112.704 Y157.712
G0 X110.807 Y159.954
G0 X110.704 Y159.318
G0 X110.576 Y157.098
G0 X111.037 Y157.098
G1 F1500 X118.781 Y149.354 E844.1042
G0 F9000 X118.216 Y149.354
G1 F1500 X111.037 Y156.532 E844.44186
G0 F9000 X111.037 Y155.967
G1 F1500 X117.649 Y149.354 E844.75289
G0 F9000 X117.083 Y149.354
G1 F1500 X111.037 Y155.401 E845.0373
G0 F9000 X111.037 Y154.835
G1 F1500 X116.518 Y149.354 E845.29511
G0 F9000 X115.952 Y149.354
G1 F1500 X111.037 Y154.269 E845.5263
G0 F9000 X111.037 Y153.704
G1 F1500 X115.386 Y149.354 E845.73088
G0 F9000 X114.898 Y149.277
G1 F1500 X111.037 Y153.138 E845.91249
G0 F9000 X111.037 Y152.572
G1 F1500 X114.553 Y149.057 E846.07785
G0 F9000 X114.29 Y148.753
G1 F1500 X111.037 Y152.007 E846.23089
G0 F9000 X111.037 Y151.441
G1 F1500 X114.155 Y148.323 E846.37755
G0 F9000 X114.143 Y147.769
G1 F1500 X111.037 Y150.875 E846.52364
G0 F9000 X111.037 Y150.31
G1 F1500 X114.143 Y147.203 E846.66976
G0 F9000 X114.143 Y146.638
G1 F1500 X111.037 Y149.744 E846.81586
G0 F9000 X111.037 Y149.178
G1 F1500 X114.143 Y146.072 E846.96196
G0 F9000 X114.143 Y145.506
G1 F1500 X111.037 Y148.613 E847.10808
G0 F9000 X111.037 Y148.047
G1 F1500 X114.143 Y144.941 E847.25417
G0 F9000 X114.143 Y144.375
G1 F1500 X111.037 Y147.481 E847.40027
G0 F9000 X111.037 Y146.916
G1 F1500 X114.143 Y143.809 E847.54639
G0 F9000 X114.143 Y143.244
G1 F1500 X111.037 Y146.35 E847.69249
G0 F9000 X111.037 Y145.784
G1 F1500 X114.143 Y142.678 E847.83858
G0 F9000 X114.143 Y142.112
G1 F1500 X111.037 Y145.219 E847.9847
G0 F9000 X111.037 Y144.653
G1 F1500 X114.143 Y141.547 E848.1308
G0 F9000 X114.143 Y140.981
G1 F1500 X111.037 Y144.087 E848.2769
G0 F9000 X111.037 Y143.521
G1 F1500 X114.143 Y140.415 E848.42299
G0 F9000 X114.6 Y140.415
G0 X114.862 Y148.638
G0 X119.348 Y148.9
G0 X119.347 Y149.354
G1 F1500 X111.037 Y157.664 E848.81387
G1 F2700 E843.81387
G0 F9000 X110.576 Y157.664
G0 X110.648 Y181.728
G0 X124.348 Y181.728
G0 X124.42 Y159.448
G0 X123.96 Y159.448
G1 F2700 E848.81387
G1 F1500 X111.036 Y172.372 E849.42178
G0 F9000 X111.036 Y172.938
G1 F1500 X123.96 Y160.014 E850.02968
G0 F9000 X123.96 Y160.58
G1 F1500 X111.036 Y173.503 E850.63756
G0 F9000 X111.036 Y174.069
G1 F1500 X123.96 Y161.145 E851.24547
G0 F9000 X123.96 Y161.711
G1 F1500 X111.036 Y174.635 E851.85337
G0 F9000 X111.036 Y175.201
G1 F1500 X123.96 Y162.277 E852.46128
G0 F9000 X123.96 Y162.842
G1 F1500 X111.036 Y175.766 E853.06919
G0 F9000 X111.036 Y176.332
G1 F1500 X123.96 Y163.408 E853.67709
G0 F9000 X123.96 Y163.974
G1 F1500 X111.036 Y176.898 E854.285
G0 F9000 X111.036 Y177.463
G1 F1500 X114.51 Y173.99 E854.44838
G0 F9000 X114.351 Y174.714
G1 F1500 X111.036 Y178.029 E854.60431
G0 F9000 X111.036 Y178.595
G1 F1500 X114.359 Y175.272 E854.76061
G0 F9000 X114.435 Y175.761
G1 F1500 X111.036 Y179.16 E854.92049
G0 F9000 X111.036 Y179.726
G1 F1500 X114.565 Y176.197 E855.08648
G0 F9000 X114.759 Y176.569
G1 F1500 X111.036 Y180.292 E855.2616
G0 F9000 X111.036 Y180.857
G1 F1500 X114.988 Y176.905 E855.44749
G0 F9000 X115.236 Y177.224
G1 F1500 X111.119 Y181.34 E855.64112
G0 F9000 X111.685 Y181.34
G1 F1500 X115.548 Y177.477 E855.82282
G0 F9000 X115.88 Y177.711
G1 F1500 X112.25 Y181.34 E855.99354
G0 F9000 X112.816 Y181.34
G1 F1500 X116.255 Y177.901 E856.1553
G0 F9000 X116.675 Y178.047
G1 F1500 X113.382 Y181.34 E856.3102
G0 F9000 X113.947 Y181.34
G1 F1500 X117.158 Y178.129 E856.46123
G0 F9000 X117.716 Y178.137
G1 F1500 X114.513 Y181.34 E856.61189
G0 F9000 X115.079 Y181.34
G1 F1500 X118.38 Y178.039 E856.76716
G0 F9000 X118.209 Y177.616
G0 X119.152 Y176.777
G0 X120.089 Y175.748
G0 X120.516 Y175.903
G1 F1500 X123.96 Y172.459 E856.92915
G0 F9000 X123.96 Y173.025
G1 F1500 X115.644 Y181.34 E857.32029
G0 F9000 X116.21 Y181.34
G1 F1500 X123.96 Y173.59 E857.68483
G0 F9000 X123.96 Y174.156
G1 F1500 X116.776 Y181.34 E858.02274
G0 F9000 X117.342 Y181.34
G1 F1500 X123.96 Y174.722 E858.33403
G0 F9000 X123.96 Y175.288
G1 F1500 X117.907 Y181.34 E858.61872
G0 F9000 X118.473 Y181.34
G1 F1500 X123.96 Y175.853 E858.87681
G0 F9000 X123.96 Y176.419
G1 F1500 X119.039 Y181.34 E859.10828
G0 F9000 X119.604 Y181.34
G1 F1500 X123.96 Y176.985 E859.31315
G0 F9000 X123.96 Y177.55
G1 F1500 X120.17 Y181.34 E859.49142
G0 F9000 X120.736 Y181.34
G1 F1500 X123.96 Y178.116 E859.64307
G0 F9000 X123.96 Y178.682
G1 F1500 X121.301 Y181.34 E859.76812
G0 F9000 X121.867 Y181.34
G1 F1500 X123.96 Y179.247 E859.86656
G0 F9000 X123.96 Y179.813
G1 F1500 X122.433 Y181.34 E859.93839
G0 F9000 X122.998 Y181.34
G1 F1500 X123.96 Y180.379 E859.98361
G0 F9000 X123.96 Y180.944
G1 F1500 X123.564 Y181.34 E860.00224
G1 F2700 E855.00224
G0 F9000 X123.564 Y181.8
G0 X120.2 Y181.7
G0 X119.966 Y176.325
G0 X120.647 Y175.206
G1 F2700 E860.00224
G1 F1500 X123.96 Y171.893 E860.15807
G0 F9000 X123.96 Y171.328
G1 F1500 X120.632 Y174.656 E860.31461
G0 F9000 X120.545 Y174.177
G1 F1500 X123.96 Y170.762 E860.47525
G0 F9000 X123.96 Y170.196
G1 F1500 X120.41 Y173.747 E860.64225
G0 F9000 X120.213 Y173.378
G1 F1500 X123.96 Y169.631 E860.8185
G0 F9000 X123.96 Y169.065
G1 F1500 X119.973 Y173.052 E861.00603
G0 F9000 X119.731 Y172.729
G1 F1500 X123.96 Y168.499 E861.20498
G0 F9000 X123.96 Y167.934
G1 F1500 X119.405 Y172.489 E861.41923
G0 F9000 X119.075 Y172.253
G1 F1500 X123.96 Y167.368 E861.649
G0 F9000 X123.96 Y166.802
G1 F1500 X118.687 Y172.075 E861.89703
G0 F9000 X118.26 Y171.937
G1 F1500 X123.96 Y166.237 E862.16514
G0 F9000 X123.96 Y165.671
G1 F1500 X117.773 Y171.858 E862.45616
G0 F9000 X117.206 Y171.859
G1 F1500 X123.96 Y165.105 E862.77385
G0 F9000 X123.96 Y164.54
G1 F1500 X116.485 Y172.015 E863.12545
G1 F2700 E858.12545
;MESH:NONMESH
G0 F300 X116.485 Y172.015 Z1
G0 F9000 X116.616 Y172.457
G0 X117.016 Y172.253
G0 X104 Y51.7
;TIME_ELAPSED:1372.892630
;LAYER:4
;TYPE:SUPPORT
G1 F2700 E863.12545
G1 F1500 X102.381 Y51.7 E863.1793
G1 X102.381 Y183.3 E867.55633
G1 X104 Y183.3 E867.61018
G1 X104 Y51.7 E871.98721
G1 X106 Y51.7 E872.05373
G1 X106 Y183.3 E876.43076
G1 X108 Y183.3 E876.49729
G1 X108 Y51.7 E880.87432
G1 X108.763 Y51.7 E880.8997
G1 X108.764 Y183.3 E885.27673
G1 X108 Y183.3 E885.30214
G1 F2700 E880.30214
G0 F9000 X108 Y184.165
G0 X132 Y184.165
G0 X132 Y183.3
G1 F2700 E885.30214
G1 F1500 X132.618 Y183.3 E885.3227
G1 X132.618 Y51.7 E889.69973
G1 X132 Y51.7 E889.72028
G1 X132 Y183.3 E894.09732
G1 X130 Y183.3 E894.16384
G1 X130 Y51.7 E898.54087
G1 X128 Y51.7 E898.60739
G1 X128 Y183.3 E902.98443
G1 X126.236 Y183.3 E903.0431
G1 X126.236 Y51.7 E907.42013
G1 X128 Y51.7 E907.4788
G1 F2700 E902.4788
;MESH:btncover.stl
G0 F9000 X128 Y50.835
G0 X125.383 Y50.847
G0 X124.812 Y51.835
G0 X124.812 Y52.924
G0 X119.374 Y61.581
G0 X119.023 Y61.921
G0 X117.474 Y62.91
G0 X117.452 Y62.6
;TYPE:WALL-INNER
G1 F2700 E907.4788
G1 F1500 X116.923 Y62.538 E907.49652
G1 X116.308 Y62.324 E907.51817
G1 X115.675 Y61.883 E907.54383
G1 X115.275 Y61.352 E907.56595
G1 X115.052 Y60.888 E907.58307
G1 X114.929 Y60.4 E907.59981
G1 X114.896 Y59.868 E907.61753
G1 X114.975 Y59.356 E907.63477
G1 X115.193 Y58.758 E907.65594
G1 X115.506 Y58.323 E907.67376
G1 X115.969 Y57.871 E907.69528
G1 X116.543 Y57.579 E907.7167
G1 X117.047 Y57.433 E907.73415
G1 X117.548 Y57.4 E907.75085
G1 X118.071 Y57.458 E907.76835
G1 X118.695 Y57.668 E907.79025
G1 X119.316 Y58.115 E907.8157
G1 X119.719 Y58.64 E907.83771
G1 X119.942 Y59.108 E907.85496
G1 X120.073 Y59.61 E907.87221
G1 X120.096 Y60.1 E907.88853
G1 X120.022 Y60.639 E907.90662
G1 X119.804 Y61.242 E907.92795
G1 X119.483 Y61.68 E907.94601
G1 X119.022 Y62.121 E907.96723
G1 X118.453 Y62.423 E907.98865
G1 X117.947 Y62.56 E908.00609
G1 X117.452 Y62.6 E908.02261
G1 F2700 E903.02261
G0 F9000 X117.474 Y62.91
G0 X110.381 Y104
G1 F2700 E908.02261
G1 F1354.4 X110.385 Y117.107 E908.50541
G0 F9000 X110.381 Y119
G1 F1354.4 X110.385 Y132.107 E908.98822
G0 F9000 X110.562 Y132.438
G0 X124.438 Y132.438
G0 X124.614 Y132.107
G1 F1363.6 X124.618 Y119 E909.46775
G0 F9000 X124.614 Y117.107
G1 F1363.6 X124.618 Y104 E909.94729
G1 F1435.4 X124.636 Y103.382 E909.96877
G1 F1500 X124.636 Y53.1 E911.64116
G1 X110.361 Y53.101 E912.11595
G1 X110.36 Y103.381 E913.78827
G1 F1432 X110.381 Y104 E913.80985
G1 X110.639 Y103.52 E913.82883
G1 F1500 X111 Y103.4 E913.84149
G1 X124 Y103.4 E914.27387
G1 X124.361 Y103.519 E914.28651
G1 F1435.4 X124.618 Y104 E914.30546
G0 F9000 X124.438 Y117.438
G0 X117.5 Y118.09
G0 X117.5 Y118.401
G1 F1500 X124.114 Y118.4 E914.52545
G1 F1435.4 X124.618 Y119 E914.55268
G1 X124.636 Y118 E914.58744
G1 F1421.8 X124.614 Y117.107 E914.61879
G1 X124.112 Y117.6 E914.64348
G1 F1500 X110.884 Y117.598 E915.08344
G1 F1415.1 X110.385 Y117.107 E915.10812
G1 X110.362 Y118 E915.13962
G1 F1432 X110.381 Y119 E915.17446
G1 X110.882 Y118.402 E915.20164
G1 F1500 X117.5 Y118.401 E915.42176
G1 F2700 E910.42176
G0 F9000 X117.5 Y118.09
G0 X124.438 Y118.562
G0 X124.438 Y132.438
G0 X114.862 Y139.962
G0 X114.862 Y148.638
G0 X117.5 Y149.11
G0 X117.5 Y148.799
G1 F2700 E915.42176
G1 F1500 X115.243 Y148.798 E915.49683
G1 X115.022 Y148.733 E915.50449
G1 X114.8 Y148.534 E915.51441
G1 X114.7 Y148.323 E915.52217
G1 X114.7 Y140.278 E915.78975
G1 X114.797 Y140.072 E915.79732
G1 X115.012 Y139.873 E915.80707
G1 X115.211 Y139.806 E915.81405
G1 X120.373 Y139.8 E915.98574
G1 X120.655 Y139.916 E915.99588
G1 X120.778 Y140.035 E916.00157
G1 X120.867 Y140.202 E916.00787
G1 X120.9 Y140.4 E916.01454
G1 X120.9 Y148.274 E916.27643
G1 X120.781 Y148.56 E916.28674
G1 X120.66 Y148.68 E916.29241
G1 X120.379 Y148.8 E916.30257
G1 X117.5 Y148.799 E916.39832
G0 F9000 X117.5 Y149.11
G0 X121.531 Y159.128
G0 X121.645 Y159.696
G0 X121.645 Y160.104
G0 X121.533 Y160.661
G0 X121.374 Y161.038
G0 X121.053 Y161.508
G0 X120.767 Y161.786
G0 X120.223 Y162.157
G0 X119.639 Y162.311
G0 X117.5 Y162.408
G0 X117.5 Y162.092
G1 F1500 X113.232 Y162.091 E916.54028
G1 X112.857 Y162.038 E916.55287
G1 X112.375 Y161.859 E916.56998
G1 X112.186 Y161.746 E916.5773
G1 X111.752 Y161.361 E916.5966
G1 X111.49 Y161 E916.61143
G1 X111.305 Y160.594 E916.62627
G1 X111.212 Y160.124 E916.64221
G1 X111.203 Y159.722 E916.65558
G1 X111.305 Y159.198 E916.67334
G1 X111.475 Y158.835 E916.68667
G1 X111.763 Y158.41 E916.70374
G1 X111.92 Y158.253 E916.71113
G1 X112.392 Y157.929 E916.73017
G1 X112.58 Y157.843 E916.73705
G1 X113.129 Y157.7 E916.75591
G1 X119.372 Y157.706 E916.96356
G1 X119.741 Y157.763 E916.97598
G1 X120.322 Y157.973 E916.99652
G1 X120.847 Y158.433 E917.01974
G1 X121.111 Y158.798 E917.03472
G1 X121.291 Y159.202 E917.04943
G1 X121.397 Y159.719 E917.06699
G1 X121.388 Y160.124 E917.08046
G1 X121.29 Y160.6 E917.09662
G1 X121.121 Y160.962 E917.10991
G1 X120.833 Y161.386 E917.12696
G1 X120.676 Y161.543 E917.13434
G1 X120.115 Y161.928 E917.15697
G1 X119.465 Y162.092 E917.17927
G1 X117.5 Y162.092 E917.24463
G0 F9000 X117.5 Y162.408
G0 X120.322 Y174.575
G0 X120.35 Y175.143
G0 X120.265 Y175.705
G0 X120.028 Y176.355
G0 X119.678 Y176.842
G0 X119.178 Y177.33
G0 X118.663 Y177.595
G0 X117.522 Y177.906
G0 X117.5 Y177.596
G1 F1500 X117.448 Y177.6 E917.24636
G1 X116.921 Y177.541 E917.264
G1 X116.302 Y177.328 E917.28577
G1 X115.68 Y176.885 E917.31117
G1 X115.276 Y176.353 E917.33339
G1 X115.052 Y175.891 E917.35047
G1 X114.929 Y175.4 E917.3673
G1 X114.896 Y174.868 E917.38503
G1 X114.975 Y174.356 E917.40226
G1 X115.192 Y173.762 E917.42329
G1 X115.503 Y173.327 E917.44108
G1 X115.953 Y172.886 E917.46204
G1 X116.541 Y172.579 E917.4841
G1 X117.048 Y172.436 E917.50162
G1 X117.548 Y172.4 E917.51829
G1 X118.087 Y172.466 E917.53635
G1 X118.712 Y172.681 E917.55834
G1 X119.321 Y173.118 E917.58327
G1 X119.719 Y173.641 E917.60513
G1 X119.942 Y174.108 E917.62234
G1 X120.073 Y174.61 E917.63959
G1 X120.096 Y175.1 E917.65591
G1 X120.022 Y175.639 E917.674
G1 X119.804 Y176.242 E917.69533
G1 X119.488 Y176.674 E917.71313
G1 X119.026 Y177.125 E917.73461
G1 X118.447 Y177.424 E917.75628
G1 X117.948 Y177.559 E917.77347
G1 X117.5 Y177.596 E917.78843
G0 F9000 X117.522 Y177.906
G0 X117.5 Y181.59
G0 X117.5 Y181.9
G1 F1500 X124.636 Y181.9 E918.02577
G1 X124.636 Y132.618 E919.6649
G1 F1421.8 X124.614 Y132.107 E919.68284
G1 X124.361 Y132.481 E919.69869
G1 F1500 X124 Y132.6 E919.71133
G1 X111 Y132.6 E920.14371
G1 X110.64 Y132.48 E920.15633
G1 F1415.1 X110.385 Y132.107 E920.17226
G1 X110.362 Y132.619 E920.19033
G1 F1500 X110.364 Y181.9 E921.82942
G1 X117.5 Y181.9 E922.06677
G0 F9000 X117.5 Y182.3
;TYPE:WALL-OUTER
G1 F1500 X125.036 Y182.3 E922.31742
G1 X125.036 Y52.7 E926.62793
G1 X109.961 Y52.701 E927.12933
G1 X109.964 Y182.3 E931.43981
G1 X117.5 Y182.3 E931.69046
G1 F2700 E926.69046
G0 F9000 X117.5 Y181.99
G0 X117.522 Y177.505
G0 X117.5 Y177.194
G1 F2700 E931.69046
G1 F1500 X117.423 Y177.199 E931.69302
G1 X116.99 Y177.142 E931.70755
G1 X116.487 Y176.969 E931.72524
G1 X115.947 Y176.578 E931.74741
G1 X115.611 Y176.128 E931.76609
G1 X115.439 Y175.772 E931.77924
G1 X115.323 Y175.331 E931.79441
G1 X115.3 Y174.906 E931.80857
G1 X115.362 Y174.473 E931.82311
G1 X115.549 Y173.949 E931.84162
G1 X115.801 Y173.599 E931.85596
G1 X116.208 Y173.2 E931.87492
G1 X116.708 Y172.947 E931.89356
G1 X117.117 Y172.83 E931.90771
G1 X117.573 Y172.801 E931.9229
G1 X118.004 Y172.858 E931.93736
G1 X118.507 Y173.029 E931.95503
G1 X119.041 Y173.41 E931.97685
G1 X119.364 Y173.834 E931.99458
G1 X119.57 Y174.265 E932.01047
G1 X119.67 Y174.649 E932.02367
G1 X119.696 Y175.1 E932.03869
G1 X119.634 Y175.527 E932.05304
G1 X119.448 Y176.049 E932.07147
G1 X119.172 Y176.423 E932.08693
G1 X118.788 Y176.798 E932.10479
G1 X118.286 Y177.053 E932.12351
G1 X117.861 Y177.168 E932.13816
G1 X117.5 Y177.194 E932.1502
G1 F2700 E927.1502
G0 F9000 X117.522 Y177.505
G0 X118.396 Y177.282
G0 X118.941 Y177.001
G0 X119.374 Y176.581
G0 X119.671 Y176.166
G0 X119.875 Y175.605
G0 X119.949 Y175.123
G0 X119.935 Y174.846
G0 X117.5 Y162.008
G0 X117.5 Y161.695
G1 F2700 E932.1502
G1 F1500 X113.288 Y161.695 E932.29029
G1 X112.976 Y161.651 E932.30077
G1 X112.479 Y161.471 E932.31835
G1 X112.037 Y161.074 E932.33811
G1 X111.849 Y160.814 E932.34878
G1 X111.683 Y160.447 E932.36218
G1 X111.606 Y160.055 E932.37546
G1 X111.607 Y159.737 E932.38604
G1 X111.695 Y159.309 E932.40057
G1 X111.806 Y159.059 E932.40967
G1 X112.115 Y158.604 E932.42796
G1 X112.648 Y158.239 E932.44945
G1 X113.157 Y158.106 E932.46695
G1 X119.311 Y158.102 E932.67163
G1 X119.661 Y158.159 E932.68343
G1 X120.112 Y158.326 E932.69942
G1 X120.563 Y158.722 E932.71938
G1 X120.751 Y158.982 E932.73006
G1 X120.912 Y159.347 E932.74332
G1 X120.996 Y159.776 E932.75786
G1 X120.994 Y160.055 E932.76714
G1 X120.901 Y160.487 E932.78184
G1 X120.79 Y160.737 E932.79094
G1 X120.481 Y161.192 E932.80923
G1 X119.948 Y161.557 E932.83072
G1 X119.417 Y161.695 E932.84897
G1 X117.5 Y161.695 E932.91273
G1 F2700 E927.91273
G0 F9000 X117.5 Y162.008
G0 X119.45 Y161.947
G0 X120.055 Y161.787
G0 X120.745 Y161.249
G0 X121.149 Y160.543
G0 X121.245 Y160.064
G0 X121.245 Y159.736
G0 X121.19 Y159.462
G0 X117.5 Y148.71
G0 X117.5 Y148.399
G1 F2700 E932.91273
G1 F1500 X115.224 Y148.4 E932.98843
G1 X115.1 Y148.243 E932.99508
G1 X115.1 Y140.358 E933.25734
G1 X115.221 Y140.202 E933.2639
G1 X120.334 Y140.202 E933.43396
G1 X120.419 Y140.238 E933.43703
G1 X120.5 Y140.349 E933.4416
G1 X120.498 Y148.235 E933.70389
G1 X120.461 Y148.32 E933.70697
G1 X120.337 Y148.397 E933.71183
G1 X117.5 Y148.399 E933.80619
G1 F2700 E928.80619
G0 F9000 X117.5 Y148.71
G0 X114.862 Y148.638
G0 X114.862 Y139.962
G0 X117.5 Y132.51
G0 X117.5 Y132.2
G1 F2700 E933.80619
G1 F1500 X111 Y132.2 E934.02238
G1 X110.88 Y132.16 E934.02659
G1 X110.802 Y132.035 E934.03149
G1 X110.8 Y119 E934.46503
G1 X110.957 Y118.804 E934.47338
G1 X124.042 Y118.804 E934.90859
G1 X124.2 Y119 E934.91697
G1 X124.198 Y132.035 E935.35051
G1 X124.121 Y132.161 E935.35542
G1 X124 Y132.2 E935.35965
G1 X117.5 Y132.2 E935.57584
G1 F2700 E930.57584
G0 F9000 X117.5 Y132.51
G0 X110.562 Y132.438
G0 X110.562 Y118.562
G0 X117.5 Y117.51
G0 X117.5 Y117.196
G1 F2700 E935.57584
G1 F1500 X110.957 Y117.196 E935.79346
G1 X110.802 Y117.035 E935.8009
G1 X110.8 Y104 E936.23444
G1 X110.879 Y103.84 E936.24038
G1 X111 Y103.8 E936.24462
G1 X124 Y103.8 E936.677
G1 X124.121 Y103.839 E936.68123
G1 X124.2 Y104 E936.68719
G1 X124.198 Y117.035 E937.12074
G1 X124.042 Y117.196 E937.12819
G1 X117.5 Y117.196 E937.34578
G1 F2700 E932.34578
G0 F9000 X117.5 Y117.51
G0 X110.562 Y117.438
G0 X110.562 Y103.562
G0 X117.487 Y62.508
G0 X117.465 Y62.2
G1 F2700 E937.34578
G1 F1500 X117.011 Y62.148 E937.36098
G1 X116.488 Y61.969 E937.37937
G1 X115.955 Y61.59 E937.40112
G1 X115.611 Y61.128 E937.42028
G1 X115.426 Y60.734 E937.43475
G1 X115.323 Y60.331 E937.44859
G1 X115.3 Y59.906 E937.46275
G1 X115.362 Y59.473 E937.47729
G1 X115.55 Y58.948 E937.49584
G1 X115.824 Y58.572 E937.51132
G1 X116.206 Y58.199 E937.52907
G1 X116.708 Y57.947 E937.54776
G1 X117.096 Y57.835 E937.56119
G1 X117.573 Y57.801 E937.57709
G1 X118.004 Y57.858 E937.59155
G1 X118.51 Y58.028 E937.60931
G1 X119.049 Y58.422 E937.63151
G1 X119.364 Y58.834 E937.64876
G1 X119.57 Y59.265 E937.66465
G1 X119.67 Y59.649 E937.67785
G1 X119.696 Y60.1 E937.69287
G1 X119.634 Y60.527 E937.70722
G1 X119.449 Y61.049 E937.72564
G1 X119.172 Y61.424 E937.74115
G1 X118.789 Y61.795 E937.75889
G1 X118.325 Y62.038 E937.77631
G1 X117.879 Y62.166 E937.79174
G1 X117.465 Y62.2 E937.80556
G0 F9000 X116.692 Y62.543
;TYPE:FILL
G1 F3000 X115.594 Y62.836 E937.84335
G0 F9000 X115.203 Y62.941
G1 F3000 X115.594 Y62.836 E937.85682
G1 X113.836 Y58.892 E938.00044
G1 X113.672 Y59.505 E938.02154
G0 F9000 X113.836 Y58.892
G1 F3000 X115.148 Y54 E938.19
G1 X114.398 Y54 E938.21495
G1 X113.578 Y53.181 E938.25349
G1 X113.606 Y53.302
G1 X113.744 Y57.121 E938.3806
G0 F9000 X113.348 Y57.228
G1 F3000 X113.206 Y53.302 E938.51126
G0 F9000 X112.405 Y53.302
G1 F3000 X112.555 Y57.44 E938.64898
G0 F9000 X112.159 Y57.546
G1 F3000 X112.005 Y53.302 E938.79023
G0 F9000 X111.204 Y53.302
G1 F3000 X111.366 Y57.759 E938.93857
G0 F9000 X110.969 Y57.865
G1 F3000 X110.804 Y53.301 E939.09047
G0 F9000 X110.804 Y53.41
G0 X114.398 Y54
G1 F3000 X117.738 Y57.341 E939.2476
G0 F9000 X117.767 Y57.111
G0 X117.197 Y56.196
G1 F3000 X110.8 Y57.909 E939.46786
G1 X110.8 Y58.888 E939.50042
G1 X115.112 Y63.2 E939.70324
G1 X118.894 Y63.2 E939.82903
G1 X119.197 Y62.07 E939.86794
G0 F9000 X119.478 Y61.796
G1 F3000 X124 Y60.584 E940.02365
G1 X124 Y55.119 E940.20542
G1 X124.556 Y55.674 E940.23155
G0 F9000 X124 Y55.119
G0 X124 Y54.372
G1 F3000 X124.555 Y54.224 E940.25065
G0 F9000 X124.435 Y53.414
G1 F3000 X122.889 Y54.007 E940.30573
G1 X122.881 Y54
G1 X122.063 Y53.181 E940.34423
G0 F9000 X121.579 Y53.179
G1 F3000 X121.36 Y54 E940.37249
G1 X121.358 Y54
G1 X122.881 Y54 E940.42314
G1 X124 Y55.117 E940.47573
G1 X124 Y54.372 E940.50051
G1 X117.694 Y56.063 E940.71766
G1 X120.298 Y57.96 E940.82481
G1 X120.187 Y58.374 E940.83907
G1 X117.197 Y56.196 E940.9621
G1 X117.694 Y56.063 E940.97922
G0 F9000 X115.86 Y56.554
G1 F3000 X116.277 Y57.49 E941.0133
G0 F9000 X116.228 Y57.393
G0 X114.165 Y57.664
G1 F3000 X114.832 Y59.161 E941.06781
G0 F9000 X114.734 Y59.124
G0 X110.8 Y58.909
G1 F3000 X110.8 Y64.122 E941.24119
G1 X110.8 Y64.121
G1 X110.441 Y64.218 E941.25356
G0 F9000 X110.673 Y64.218
G0 X110.673 Y67.014
G0 X110.44 Y67.014
G1 F3000 X110.8 Y67.373 E941.27047
G0 F9000 X110.673 Y68.4
G0 X110.561 Y68.4
G1 F3000 X111.289 Y68.4 E941.29468
G0 F9000 X110.8 Y70.333
G1 F3000 X110.442 Y70.429 E941.30701
G0 F9000 X110.673 Y70.429
G0 X110.673 Y71.566
G0 X110.441 Y71.566
G1 F3000 X113.672 Y59.505 E941.72231
G1 X115.203 Y62.941 E941.84742
G1 X110.8 Y64.121 E941.99903
G1 X110.8 Y67.373 E942.10719
G1 X124 Y80.573 E942.72808
G1 X124 Y80.575
G1 X124 Y79.219 E942.77318
G1 X124.555 Y79.071 E942.79229
G0 F9000 X124 Y79.219
G0 X124.326 Y81.13
G0 X124.556 Y81.13
G1 F3000 X124 Y80.575 E942.81841
G1 X124 Y85.431 E942.97993
G1 X110.441 Y89.065 E943.44682
G0 F9000 X110.8 Y88.969
G1 F3000 X110.8 Y92.772 E943.5733
G0 F9000 X110.439 Y92.469
G1 F3000 X121.29 Y103.32 E944.0837
G1 X121.37 Y103.199
G1 X121.226 Y100.859 E944.16168
G0 F9000 X121.552 Y99.643
G1 F3000 X121.771 Y103.199 E944.28018
G0 F9000 X122.573 Y103.199
G1 F3000 X122.272 Y98.318 E944.44283
G0 F9000 X122.666 Y98.211
G1 F3000 X122.973 Y103.199 E944.60904
G0 F9000 X123.775 Y103.2
G1 F3000 X123.455 Y97.999 E944.78236
G0 F9000 X123.849 Y97.894
G1 F3000 X124.179 Y103.258 E944.9611
G0 F9000 X124.179 Y103.09
G0 X120.706 Y102.8
G1 F3000 X120.567 Y103.321 E944.97903
G0 F9000 X120.567 Y103.09
G0 X114.495 Y102.8
G0 X114.355 Y103.32
G1 F3000 X114.495 Y102.8 E944.99695
G1 X120.706 Y102.8 E945.20352
G1 X124.556 Y88.434 E945.6982
G0 F9000 X124 Y89.058
G1 F3000 X110.8 Y75.858 E946.31909
G1 X110.8 Y70.333 E946.50285
G1 X124 Y66.797 E946.95736
G0 F9000 X124 Y67.324
G1 F3000 X124.556 Y65.251 E947.02875
G0 F9000 X124.326 Y65.251
G0 X124.326 Y64.159
G0 X124.556 Y64.159
G1 F3000 X124 Y63.604 E947.05488
G1 X124 Y66.797 E947.16108
G1 X124.556 Y66.648 E947.18022
G0 F9000 X124.326 Y66.648
G0 X124 Y63.604
G1 F3000 X124 Y60.584 E947.28067
G1 X124.555 Y60.436 E947.29977
G0 F9000 X124.326 Y60.436
G0 X124 Y63.602
G1 F3000 X120.8 Y60.402 E947.45029
G0 F9000 X121.196 Y60.8
G1 F3000 X120.177 Y60.8 E947.48418
G0 F9000 X120.4 Y60.002
G1 F3000 X120.8 Y60.402 E947.503
G1 X120.8 Y56.084 E947.64661
G1 X121.358 Y54 E947.71837
G1 X115.148 Y54 E947.92492
G1 X115.367 Y53.18 E947.95315
G0 F9000 X115.367 Y53.41
G0 X120.8 Y56.084
G1 F3000 X120.4 Y57.576 E948.00452
G1 X120.4 Y60.002 E948.08521
G1 X120.159 Y59.762 E948.09652
G0 F9000 X120.005 Y59.052
G1 F3000 X120.187 Y58.374 E948.11987
G0 F9000 X120.298 Y57.96
G1 F3000 X120.4 Y57.576 E948.13309
G0 F9000 X120.35 Y60.143
G0 X120.265 Y60.705
G0 X120.073 Y61.231
G0 X118.894 Y63.2
G1 F3000 X110.8 Y93.404 E949.17312
G0 F9000 X110.673 Y94.75
G0 X110.44 Y94.75
G1 F3000 X110.8 Y93.404 E949.21946
G1 X110.8 Y95.18 E949.27853
G1 X110.441 Y95.276 E949.29089
G0 F9000 X110.8 Y95.18
G0 X110.673 Y100.954
G0 X110.439 Y100.954
G1 F3000 X110.8 Y101.314 E949.30785
G0 F9000 X110.44 Y101.488
G1 F3000 X124.555 Y97.706 E949.79388
G0 F9000 X124.556 Y98.1
G1 F3000 X124 Y97.543 E949.82005
G1 X124 Y91.642 E950.01632
G1 X124.555 Y91.494 E950.03543
G0 F9000 X124 Y91.642
G1 F3000 X110.8 Y95.18 E950.48996
G1 X110.8 Y101.314 E950.69397
G1 X112.286 Y102.8 E950.76387
G1 X114.494 Y102.8 E950.83731
G1 X124 Y67.324 E952.05887
G1 X124 Y72.088 E952.21732
G1 X124.556 Y72.645 E952.2435
G0 F9000 X124.555 Y72.859
G1 F3000 X124 Y73.007 E952.2626
G1 X124 Y79.22 E952.46925
G1 X110.8 Y82.757 E952.92377
G1 X110.8 Y84.343 E952.97652
G1 X124 Y97.543 E953.59741
G0 F9000 X124.326 Y89.615
G0 X124.556 Y89.615
G1 F3000 X124 Y89.058 E953.62358
G1 X124 Y85.431 E953.74422
G1 X124.555 Y85.283 E953.76332
G0 F9000 X124.326 Y85.283
G0 X124 Y73.007
G1 F3000 X110.8 Y76.545 E954.21785
G1 X110.8 Y82.757 E954.42447
G1 X110.441 Y82.853 E954.43683
G0 F9000 X110.8 Y82.757
G0 X110.673 Y83.984
G0 X110.439 Y83.984
G1 F3000 X110.8 Y84.343 E954.45376
G1 X110.8 Y84.364
G1 X110.8 Y88.969 E954.60692
G0 F9000 X110.673 Y76.641
G0 X110.441 Y76.641
G1 F3000 X110.8 Y76.545 E954.61928
G0 F9000 X110.8 Y75.858
G1 F3000 X110.44 Y75.499 E954.63619
G0 F9000 X110.673 Y75.499
G0 X115.112 Y63.2
G1 F3000 X124 Y72.088 E955.05426
G0 F9000 X110.8 Y58.888
G1 F3000 X110.44 Y58.529 E955.07117
G0 F9000 X110.441 Y58.006
G1 F3000 X110.8 Y57.909 E955.08353
G1 F2700 E950.08353
G0 F9000 X110.673 Y102.4
G0 X110.56 Y102.4
G1 F2700 E955.08353
G1 F3000 X111.884 Y102.4 E955.12757
G0 F9000 X112.284 Y102.8
G1 F3000 X110.56 Y102.8 E955.18491
G0 F9000 X110.673 Y102.8
G0 X112.286 Y102.8
G1 F3000 X112.805 Y103.32 E955.20935
G0 F9000 X112.805 Y103.09
G0 X110.562 Y103.562
G0 X110.562 Y114.801
G0 X110.593 Y117.91
G0 X110.593 Y117.361
G1 F3000 X110.442 Y117.926 E955.2288
G1 X110.442 Y117.928
G1 X110.872 Y118.357 E955.249
G0 F9000 X110.872 Y118.09
G0 X116.547 Y118.09
G0 X116.547 Y118.322
G1 F3000 X116.72 Y117.677 E955.27121
G0 F9000 X117.162 Y118.322
G1 F3000 X119.562 Y117.679 E955.35385
G0 F9000 X119.321 Y118.321
G1 F3000 X118.679 Y117.68 E955.38402
G0 F9000 X118.679 Y117.91
G0 X122.759 Y118.09
G0 X122.759 Y118.321
G1 F3000 X122.931 Y117.679 E955.40613
G0 F9000 X122.931 Y117.91
G0 X124.438 Y118.562
G0 X124.438 Y132.438
G0 X118.912 Y132.91
G0 X118.912 Y132.68
G1 F3000 X118.772 Y133.2 E955.42404
G1 X118.773 Y133.2
G1 X124.436 Y133.2 E955.61239
G0 F9000 X124.436 Y134
G1 F3000 X118.558 Y134 E955.8079
G0 F9000 X118.451 Y134.4
G1 F3000 X124.436 Y134.4 E956.00696
G0 F9000 X124.556 Y134.798
G1 F3000 X124 Y136.874 E956.07844
G1 X124 Y135.124 E956.13665
G1 X110.442 Y138.757 E956.6035
G0 F9000 X110.8 Y138.662
G1 F3000 X110.8 Y135.278 E956.71605
G1 X110.745 Y135.2
G1 X114 Y138.457 E956.8692
G1 X114 Y144.016 E957.05409
G1 X110.8 Y144.874 E957.16429
G0 F9000 X110.443 Y144.969
G1 F3000 X110.8 Y144.874 E957.17657
G1 X110.8 Y151.086 E957.38318
G1 X110.443 Y151.181 E957.39547
G0 F9000 X110.442 Y151.869
G1 F3000 X110.8 Y152.226 E957.41229
G1 X110.935 Y152.364
G1 X115.572 Y156.999 E957.63035
G1 X112.355 Y157.154 E957.73747
G1 X114.374 Y149.615 E957.99706
G0 F9000 X114 Y150.228
G1 F3000 X110.8 Y151.085 E958.10724
G1 X110.8 Y152.226 E958.14519
G1 X110.935 Y152.364 E958.15161
G1 X110.939 Y157.26 E958.31445
G1 X110.443 Y157.392 E958.33152
G0 F9000 X110.563 Y157.6
G1 F3000 X112.235 Y157.6 E958.38713
G0 F9000 X112.123 Y158.017
G1 F3000 X112.355 Y157.154 E958.41686
G0 F9000 X110.939 Y157.26
G1 F3000 X119.89 Y154.862 E958.72507
G0 F9000 X119.501 Y154.966
G1 F3000 X120.752 Y158.083 E958.83678
G0 F9000 X120.169 Y157.705
G1 F3000 X119.119 Y155.088 E958.93056
G0 F9000 X118.947 Y155.733
G1 F3000 X119.676 Y157.55 E958.99568
G0 F9000 X119.224 Y157.499
G1 F3000 X118.774 Y156.376 E959.03592
G0 F9000 X118.604 Y157.01
G1 F3000 X118.441 Y157.62 E959.05692
G0 F9000 X118.441 Y157.392
G0 X116.193 Y157.392
G0 X116.193 Y157.62
G1 F3000 X115.579 Y157.005 E959.08582
G1 X115.572 Y156.999
G1 X115.579 Y157.005 E959.08613
G1 X118.604 Y157.01 E959.18674
G1 X120.639 Y149.414 E959.44829
G0 F9000 X120.883 Y148.505
G1 F3000 X120.639 Y149.414 E959.4796
G1 X117.059 Y149.407 E959.59867
G1 X119.033 Y148.879 E959.66663
G0 F9000 X119.033 Y149.11
G0 X121.138 Y149.038
G0 X121.21 Y148.368
G0 X120.941 Y148.368
G1 F3000 X121.6 Y148.192 E959.68932
G1 X121.6 Y146.057 E959.76033
G1 X120.98 Y145.436 E959.78952
G0 F9000 X121.6 Y145.783
G1 F3000 X121.6 Y141.979 E959.91604
G0 F9000 X121.1 Y141.6
G1 F3000 X122.732 Y141.6 E959.97032
G0 F9000 X122.947 Y140.8
G1 F3000 X121.1 Y140.8 E960.03175
G0 F9000 X121.1 Y140.4
G1 F3000 X123.054 Y140.4 E960.09674
G0 F9000 X123.161 Y140
G1 F3000 X120.983 Y140 E960.16918
G0 F9000 X120.394 Y139.6
G1 F3000 X123.269 Y139.6 E960.2648
G0 F9000 X123.228 Y139.2
G1 F3000 X117.23 Y133.2 E960.54698
G1 X118.772 Y133.2 E960.59827
G1 X117.164 Y139.2 E960.80487
G1 X117.165 Y139.2
G1 X114.745 Y139.2 E960.88536
G1 X115.264 Y139.72 E960.90979
G0 F9000 X114.745 Y139.2
G1 F3000 X114 Y138.457 E960.94479
G0 F9000 X117.025 Y139.49
G0 X117.025 Y139.72
G1 F3000 X117.165 Y139.2 E960.9627
G1 X123.228 Y139.2 E961.16436
G1 X124 Y139.97 E961.20062
G1 X124 Y139.972
G1 X124 Y136.874 E961.30366
G1 X120.98 Y148.144 E961.69173
G0 F9000 X121.6 Y148.192
G1 F3000 X124 Y147.549 E961.77437
G1 X124 Y141.336 E961.98101
G1 X124.555 Y141.188 E962.00012
G0 F9000 X124 Y141.336
G1 F3000 X124 Y139.972 E962.04549
G1 X124.556 Y140.527 E962.07161
G0 F9000 X124 Y141.337
G1 F3000 X120.98 Y142.145 E962.17559
G0 F9000 X121.21 Y142.145
G0 X121.6 Y146.057
G1 F3000 X124 Y148.457 E962.28848
G1 X124 Y153.76 E962.46486
G1 X120.279 Y154.757 E962.59299
G1 X122.53 Y160.366 E962.79401
G1 X122.14 Y160.469 E962.80742
G0 F9000 X122.53 Y160.366
G1 F3000 X124.555 Y159.823 E962.87715
G0 F9000 X124 Y160.056
G1 F3000 X124.224 Y159.219 E962.90597
G0 F9000 X124.397 Y158.576
G1 F3000 X124.224 Y159.219 E962.92812
G1 X122.849 Y155.791 E963.05096
G1 X115.937 Y148.878 E963.37611
G0 F9000 X115.833 Y149.737
G1 F3000 X114 Y150.228 E963.43922
G1 X114 Y146.942 E963.54851
G1 X114.62 Y147.561 E963.57765
G0 F9000 X114 Y146.942
G1 F3000 X114 Y144.015 E963.67501
G1 X114.62 Y143.85 E963.69634
G0 F9000 X114 Y144.015
G0 X114 Y146.94
G1 F3000 X110.8 Y143.74 E963.84686
G1 X110.8 Y139.768 E963.97897
G1 X110.442 Y141.106 E964.02504
G0 F9000 X110.674 Y141.106
G0 X110.8 Y139.768
G1 F3000 X112.025 Y135.2 E964.18234
G0 F9000 X112.239 Y134.4
G1 F3000 X110.562 Y134.4 E964.23812
G0 F9000 X110.562 Y134
G1 F3000 X112.346 Y134 E964.29745
G0 F9000 X112.56 Y133.2
G1 F3000 X110.562 Y133.2 E964.36391
G0 F9000 X110.442 Y132.546
G1 F3000 X110.539 Y132.52 E964.36725
G0 F9000 X110.644 Y132.88
G0 X112.561 Y133.2
G1 F3000 X112.025 Y135.2 E964.43612
G1 X110.745 Y135.2 E964.47869
G1 X110.442 Y134.898 E964.49292
G0 F9000 X110.674 Y134.898
G0 X112.7 Y132.91
G0 X112.7 Y132.68
G1 F3000 X112.561 Y133.2 E964.51082
G1 X117.228 Y133.2 E964.66604
G1 X116.709 Y132.68 E964.69048
G0 F9000 X117.228 Y133.2
G0 X124 Y135.124
G1 F3000 X124.555 Y134.976 E964.70958
G0 F9000 X124.326 Y134.976
G0 X124.326 Y147.399
G0 X124.556 Y147.399
G1 F3000 X124 Y147.549 E964.72874
G0 F9000 X124.436 Y148
G1 F3000 X123.545 Y148 E964.75837
G0 F9000 X124 Y148.457
G1 F3000 X124.556 Y149.012 E964.7845
G0 F9000 X124.326 Y149.012
G0 X124.326 Y153.611
G0 X124.556 Y153.611
G1 F3000 X124 Y153.759 E964.80364
G1 X124 Y156.94 E964.90944
G1 X124.556 Y157.497 E964.93562
G0 F9000 X124.556 Y157.98
G1 F3000 X124.397 Y158.576 E964.95613
G1 X123.569 Y156.511 E965.03013
G1 X122.849 Y155.791 E965.064
G0 F9000 X123.569 Y156.511
G1 F3000 X124 Y156.94 E965.08422
G0 F9000 X124 Y153.76
G0 X120.279 Y154.757
G1 F3000 X119.89 Y154.862 E965.09762
G1 X122.14 Y160.469 E965.29857
G1 X121.328 Y160.687 E965.32653
G1 X121.414 Y160.8
G1 X123.801 Y160.8 E965.40592
G0 F9000 X121.373 Y162.8
G1 F3000 X120.973 Y162.4 E965.42474
G1 X117.161 Y162.4 E965.55153
G1 X117.08 Y162.697 E965.56176
G1 X113.819 Y162.7 E965.67023
G1 X115.78 Y162.174 E965.73775
G0 F9000 X115.78 Y162.408
G0 X117.161 Y162.408
G0 X117.161 Y162.4
G1 F3000 X117.221 Y162.172 E965.7456
G0 F9000 X117.08 Y162.697
G1 F3000 X117.054 Y162.8 E965.74913
G0 F9000 X113.819 Y162.7
G1 F3000 X110.8 Y163.508 E965.85308
G1 X110.8 Y169.196 E966.04226
G1 X115.206 Y173.603 E966.24953
G0 F9000 X114.891 Y174
G1 F3000 X114.052 Y174 E966.27743
G0 F9000 X114.595 Y174.822
G0 X114.818 Y174.855
G1 F3000 X110.8 Y175.931 E966.41578
G1 X110.8 Y177.681 E966.47399
G1 X114.937 Y181.82 E966.66863
G0 F9000 X115.052 Y181.004
G1 F3000 X112.004 Y181.821 E966.77358
G1 X111.956 Y181.821
G1 X113.471 Y176.164 E966.96836
G1 X118.435 Y180.097 E967.17901
G1 X115.052 Y181.004 E967.2955
G1 X118.384 Y181.01 E967.40632
G1 X118.708 Y179.803 E967.44789
G0 F9000 X118.435 Y180.097
G1 F3000 X123.2 Y178.821 E967.61196
G1 X123.2 Y181.596 E967.70426
G1 X122.802 Y181.2 E967.72293
G0 F9000 X123.2 Y181.596
G1 F3000 X123.423 Y181.82 E967.73344
G0 F9000 X123.6 Y181.7
G1 F3000 X123.6 Y178.713 E967.83279
G0 F9000 X124 Y178.606
G1 F3000 X124.555 Y178.458 E967.85189
G0 F9000 X124 Y178.606
G1 F3000 X124 Y181.7 E967.9548
G0 F9000 X124.38 Y181.82
G1 F3000 X124.556 Y181.163 E967.97742
G0 F9000 X124.326 Y181.163
G0 X123.2 Y178.821
G1 F3000 X124 Y178.606 E968.00498
G1 X124 Y173.913 E968.16107
G1 X110.443 Y160.355 E968.79877
G0 F9000 X110.563 Y161.2
G1 F3000 X111.27 Y161.2 E968.82228
G0 F9000 X111.352 Y160.892
G1 F3000 X110.443 Y164.285 E968.93912
G0 F9000 X110.443 Y163.604
G1 F3000 X110.8 Y163.508 E968.95141
G0 F9000 X111.006 Y162.183
G1 F3000 X112.779 Y162.97 E969.01593
G0 F9000 X111.275 Y161.127
G0 X111.069 Y160.672
G0 X110.955 Y160.104
G0 X110.955 Y159.696
G0 X111.046 Y159.245
G0 X111.441 Y158.34
G0 X111.528 Y158.4
G1 F3000 X110.563 Y158.4 E969.04803
G0 F9000 X110.674 Y158.4
G0 X111.069 Y160.672
G0 X111.275 Y161.127
G0 X111.567 Y161.532
G0 X112.144 Y162.041
G0 X112.796 Y162.278
G0 X113.258 Y162.347
G0 X119.502 Y162.347
G0 X120.532 Y162.02
G0 X120.402 Y161.828
G1 F3000 X120.973 Y162.4 E969.07491
G0 F9000 X124 Y165.425
G1 F3000 X121.373 Y162.8 E969.19843
G1 X117.054 Y162.8 E969.34208
G1 X114.773 Y171.309 E969.63508
G0 F9000 X114.668 Y171.697
G1 F3000 X114.773 Y171.309 E969.64845
G1 X120.739 Y172.221 E969.84918
G1 X124 Y160.056 E970.26808
G1 X124 Y165.425 E970.44665
G1 X124.556 Y165.983 E970.47285
G1 X124.555 Y166.034
G1 X124 Y166.182 E970.49196
G0 F9000 X124.326 Y172.246
G0 X124.556 Y172.246
G1 F3000 X124 Y172.394 E970.51109
G1 X124 Y173.911 E970.56155
G1 X124.556 Y174.468 E970.58772
G0 F9000 X124 Y173.913
G0 X124 Y172.395
G1 F3000 X120.8 Y173.252 E970.69791
G1 X120.8 Y179.197 E970.89564
G1 X122.802 Y181.2 E970.98983
G1 X118.334 Y181.2 E971.13844
G1 X118.384 Y181.01 E971.14497
G1 X118.334 Y181.2
G1 X118.168 Y181.82 E971.16632
G0 F9000 X118.168 Y181.59
G0 X118.821 Y179.382
G1 F3000 X116.644 Y177.658 E971.25868
G0 F9000 X117.467 Y177.799
G1 F3000 X118.934 Y178.961 E971.32093
G0 F9000 X120 Y178.397
G1 F3000 X120 Y176.286 E971.39114
G0 F9000 X119.527 Y176.746
G1 F3000 X118.708 Y179.803 E971.4964
G1 X113.584 Y175.743 E971.71384
G1 X113.471 Y176.164 E971.72834
G0 F9000 X113.584 Y175.743
G1 F3000 X114.668 Y171.697 E971.86765
G1 X120.635 Y172.61 E972.06843
G1 X120.739 Y172.221 E972.08182
G0 F9000 X120.635 Y172.61
G1 F3000 X120.128 Y174.504 E972.14703
G0 F9000 X120.352 Y174.448
G0 X119.924 Y173.397
G0 X119.74 Y173.536
G1 F3000 X120.8 Y173.252 E972.18353
G0 F9000 X120.53 Y172.998
G1 F3000 X119.218 Y172.798 E972.22767
G0 F9000 X119.282 Y172.71
G0 X119.936 Y173.513
G0 X120.181 Y174.025
G0 X120.322 Y174.575
G0 X120.35 Y175.143
G0 X120.265 Y175.705
G0 X120.028 Y176.355
G0 X119.829 Y176.631
G0 X118.994 Y177.492
G0 X118.889 Y177.287
G1 F3000 X120.8 Y179.197 E972.31754
G0 F9000 X116.192 Y177.555
G0 X115.63 Y177.152
G0 X114.989 Y176.471
G0 X115.088 Y176.424
G1 F3000 X113.697 Y175.322 E972.37656
G0 F9000 X110.8 Y175.931
G0 X110.444 Y176.027
G1 F3000 X110.8 Y175.932 E972.38881
G1 X110.8 Y169.72 E972.59543
G1 X124 Y166.182 E973.04996
G1 X124 Y172.395 E973.2566
G0 F9000 X119.178 Y177.33
G0 X114.106 Y181.2
G1 F3000 X112.123 Y181.2 E973.32256
G0 F9000 X112.021 Y181.577
G1 F3000 X110.566 Y177.803 E973.45709
G0 F9000 X110.8 Y177.681
G1 F3000 X110.444 Y177.326 E973.47381
G0 F9000 X110.674 Y177.326
G0 X110.674 Y178.91
G0 X110.564 Y178.91
G1 F3000 X111.639 Y181.699 E973.57322
G0 F9000 X111.211 Y181.699
G1 F3000 X110.564 Y180.022 E973.63301
G0 F9000 X110.674 Y180.022
G0 X110.674 Y169.815
G0 X110.444 Y169.815
G1 F3000 X110.8 Y169.72 E973.64526
G0 F9000 X110.8 Y169.196
G1 F3000 X110.443 Y168.84 E973.66203
G0 F9000 X110.674 Y168.84
G0 X110.955 Y159.696
G0 X111.067 Y159.139
G0 X117.059 Y149.407
G1 F3000 X115.833 Y149.737 E973.70426
G1 X114.374 Y149.615 E973.75296
G1 X114.682 Y148.467 E973.79249
G0 F9000 X114.39 Y148.467
G0 X110.8 Y143.74
G1 F3000 X110.442 Y143.383 E973.8093
G0 F9000 X110.974 Y143.383
G1 F2700 E968.8093
;MESH:NONMESH
G0 F300 X110.974 Y143.383 Z1.2
G0 F9000 X110.562 Y132.438
G0 X110.187 Y52.924
G0 X110.187 Y51.835
G0 X109.616 Y50.847
G0 X104 Y50.835
G0 X104 Y51.7
;TIME_ELAPSED:1535.665509
;LAYER:5
;TYPE:SUPPORT
G1 F2700 E973.8093
G1 F1500 X102.381 Y51.7 E973.86315
G1 X102.381 Y183.3 E978.24019
G1 X104 Y183.3 E978.29403
G1 X104 Y51.7 E982.67107
G1 X106 Y51.7 E982.73759
G1 X106 Y183.3 E987.11462
G1 X108 Y183.3 E987.18114
G1 X108 Y51.7 E991.55818
G1 X108.647 Y51.7 E991.5797
G1 X108.648 Y183.3 E995.95673
G1 X108 Y183.3 E995.97828
G1 F2700 E990.97828
G0 F9000 X108 Y184.165
G0 X132 Y184.165
G0 X132 Y183.3
G1 F2700 E995.97828
G1 F1500 X132.618 Y183.3 E995.99884
G1 X132.618 Y51.7 E1000.37587
G1 X132 Y51.7 E1000.39642
G1 X132 Y183.3 E1004.77346
G1 X130 Y183.3 E1004.83998
G1 X130 Y51.7 E1009.21701
G1 X128 Y51.7 E1009.28353
G1 X128 Y183.3 E1013.66057
G1 X126.352 Y183.3 E1013.71538
G1 X126.352 Y51.7 E1018.09241
G1 X128 Y51.7 E1018.14723
G1 F2700 E1013.14723
;MESH:btncover.stl
G0 F9000 X119.957 Y58.651
G0 X117.569 Y62.618
;TYPE:WALL-INNER
G1 F2700 E1018.14723
G1 F1500 X116.92 Y62.534 E1018.16899
G1 X116.31 Y62.325 E1018.19044
G1 X115.675 Y61.883 E1018.21617
G1 X115.277 Y61.354 E1018.23819
G1 X115.053 Y60.892 E1018.25527
G1 X114.928 Y60.4 E1018.27215
G1 X114.897 Y59.867 E1018.28991
G1 X114.975 Y59.357 E1018.30707
G1 X115.193 Y58.758 E1018.32827
G1 X115.506 Y58.323 E1018.34609
G1 X115.962 Y57.878 E1018.36729
G1 X116.5 Y57.595 E1018.3875
G1 X117.037 Y57.424 E1018.40625
G1 X117.552 Y57.4 E1018.4234
G1 X118.071 Y57.458 E1018.44077
G1 X118.697 Y57.667 E1018.46272
G1 X119.321 Y58.119 E1018.48834
G1 X119.796 Y58.738 E1018.51429
G1 X120.064 Y59.464 E1018.54003
G1 X120.098 Y60.139 E1018.56251
G1 X120.021 Y60.642 E1018.57944
G1 X119.804 Y61.242 E1018.60066
G1 X119.483 Y61.68 E1018.61872
G1 X119.022 Y62.121 E1018.63994
G1 X118.364 Y62.469 E1018.6647
G1 X117.569 Y62.618 E1018.6916
G1 F2700 E1013.6916
G0 F9000 X122.022 Y103.24
G0 X124.676 Y104
G1 F2700 E1018.6916
G1 F1077.2 X124.671 Y117.117 E1019.29911
G0 F9000 X124.676 Y119
G1 F1077.2 X124.671 Y132.117 E1019.90662
G0 F9000 X124.438 Y132.438
G0 X110.562 Y132.438
G0 X110.328 Y132.117
G1 F1073.3 X110.323 Y119 E1020.51631
G0 F9000 X110.328 Y117.117
G1 F1073.3 X110.323 Y104 E1021.126
G0 F9000 X110.562 Y103.562
G0 X124.438 Y103.562
G0 X124.676 Y104
G1 F1260.5 X124.752 Y103.324 E1021.15293
G1 F1500 X124.752 Y53.1 E1022.82338
G1 X110.244 Y53.1 E1023.30592
G1 X110.245 Y103.323 E1024.97635
G1 F1257.9 X110.323 Y104 E1025.00338
G1 X110.639 Y103.52 E1025.02617
G1 F1500 X111 Y103.4 E1025.03882
G1 X124 Y103.4 E1025.4712
G1 X124.36 Y103.52 E1025.48382
G1 F1260.5 X124.676 Y104 E1025.50657
G0 F9000 X124.564 Y118.702
G0 X117.5 Y118.401
G1 F1500 X124.153 Y118.4 E1025.72785
G1 F1260.5 X124.676 Y119 E1025.75935
G1 X124.752 Y118 E1025.79905
G1 F1247.4 X124.671 Y117.117 E1025.83451
G1 X124.148 Y117.6 E1025.86298
G1 F1500 X110.849 Y117.598 E1026.30531
G1 F1244.8 X110.328 Y117.117 E1026.33373
G1 X110.246 Y118 E1026.36927
G1 F1257.9 X110.323 Y119 E1026.40905
G1 X110.844 Y118.402 E1026.44051
G1 F1500 X117.5 Y118.401 E1026.66189
G1 F2700 E1021.66189
G0 F9000 X124.438 Y118.562
G0 X124.438 Y132.438
G0 X117.5 Y132.45
G0 X117.5 Y132.8
G0 X117.5 Y139.62
G0 X117.5 Y148.798
G1 F2700 E1026.66189
G1 F1500 X115.23 Y148.796 E1026.73739
G1 X115.012 Y148.727 E1026.74499
G1 X114.796 Y148.528 E1026.75476
G1 X114.7 Y148.321 E1026.76235
G1 X114.7 Y140.282 E1027.02973
G1 X114.792 Y140.079 E1027.03714
G1 X115.001 Y139.879 E1027.04676
G1 X115.232 Y139.8 E1027.05488
G1 X120.38 Y139.8 E1027.22611
G1 X120.665 Y139.923 E1027.23643
G1 X120.869 Y140.207 E1027.24806
G1 X120.9 Y140.4 E1027.25456
G1 X120.9 Y148.274 E1027.51645
G1 X120.781 Y148.561 E1027.52679
G1 X120.661 Y148.681 E1027.53243
G1 X120.379 Y148.8 E1027.54261
G1 X117.5 Y148.798 E1027.63837
G1 F2700 E1022.63837
G0 F9000 X117.514 Y157.52
G0 X117.5 Y162.092
G1 F2700 E1027.63837
G1 F1500 X113.232 Y162.091 E1027.78032
G1 X112.857 Y162.038 E1027.79292
G1 X112.375 Y161.859 E1027.81002
G1 X112.186 Y161.746 E1027.81734
G1 X111.751 Y161.361 E1027.83666
G1 X111.492 Y161.002 E1027.85139
G1 X111.305 Y160.595 E1027.86629
G1 X111.212 Y160.124 E1027.88225
G1 X111.203 Y159.722 E1027.89563
G1 X111.305 Y159.198 E1027.91338
G1 X111.477 Y158.832 E1027.92683
G1 X111.74 Y158.449 E1027.94229
G1 X111.992 Y158.203 E1027.954
G1 X112.524 Y157.859 E1027.97507
G1 X113.127 Y157.7 E1027.99581
G1 X119.372 Y157.706 E1028.20352
G1 X119.741 Y157.763 E1028.21594
G1 X120.322 Y157.973 E1028.23649
G1 X120.847 Y158.433 E1028.2597
G1 X121.111 Y158.798 E1028.27469
G1 X121.291 Y159.202 E1028.2894
G1 X121.397 Y159.719 E1028.30695
G1 X121.388 Y160.124 E1028.32042
G1 X121.304 Y160.53 E1028.33421
G1 X121.161 Y160.901 E1028.34744
G1 X120.857 Y161.357 E1028.36567
G1 X120.549 Y161.633 E1028.37942
G1 X120.074 Y161.938 E1028.3982
G1 X119.466 Y162.092 E1028.41906
G1 X117.5 Y162.092 E1028.48445
G1 F2700 E1023.48445
G0 F9000 X117.552 Y172.219
G0 X117.5 Y177.604
G1 F2700 E1028.48445
G1 F1500 X116.919 Y177.537 E1028.5039
G1 X116.303 Y177.329 E1028.52552
G1 X115.676 Y176.883 E1028.55111
G1 X115.277 Y176.354 E1028.57315
G1 X115.052 Y175.889 E1028.59033
G1 X114.928 Y175.4 E1028.60711
G1 X114.897 Y174.867 E1028.62487
G1 X114.975 Y174.357 E1028.64203
G1 X115.193 Y173.758 E1028.66323
G1 X115.508 Y173.32 E1028.68118
G1 X115.969 Y172.88 E1028.70237
G1 X116.5 Y172.595 E1028.72242
G1 X117.04 Y172.428 E1028.74122
G1 X117.552 Y172.4 E1028.75827
G1 X118.097 Y172.468 E1028.77654
G1 X118.716 Y172.681 E1028.79831
G1 X119.324 Y173.121 E1028.82327
G1 X119.796 Y173.739 E1028.84914
G1 X120.064 Y174.464 E1028.87485
G1 X120.098 Y175.139 E1028.89732
G1 X120.021 Y175.642 E1028.91425
G1 X119.803 Y176.245 E1028.93558
G1 X119.465 Y176.697 E1028.95435
G1 X119.027 Y177.125 E1028.97472
G1 X118.343 Y177.479 E1029.00033
G1 X117.601 Y177.616 E1029.02543
G1 X117.5 Y177.604 E1029.02881
G1 F2700 E1024.02881
G0 F9000 X117.611 Y181.719
G0 X117.5 Y181.9
G1 F2700 E1029.02881
G1 F1500 X124.752 Y181.9 E1029.27001
G1 X124.752 Y132.676 E1030.90721
G1 F1247.4 X124.671 Y132.117 E1030.9298
G1 X124.36 Y132.48 E1030.94892
G1 F1500 X124 Y132.6 E1030.96154
G1 X111 Y132.6 E1031.39392
G1 X110.64 Y132.481 E1031.40653
G1 F1244.8 X110.328 Y132.117 E1031.42575
G1 X110.247 Y132.677 E1031.44843
G1 F1500 X110.249 Y181.899 E1033.08556
G1 X117.5 Y181.9 E1033.32672
G0 F9000 X117.5 Y182.3
;TYPE:WALL-OUTER
G1 F1500 X125.152 Y182.3 E1033.58123
G1 X125.152 Y52.7 E1037.89174
G1 X109.844 Y52.7 E1038.40089
G1 X109.849 Y182.299 E1042.71137
G1 X117.5 Y182.3 E1042.96584
G1 F2700 E1037.96584
G0 F9000 X117.5 Y181.99
G0 X117.46 Y181.719
G0 X117.613 Y177.799
G0 X117.5 Y177.206
G1 F2700 E1042.96584
G1 F1500 X116.987 Y177.138 E1042.98306
G1 X116.487 Y176.968 E1043.00062
G1 X115.944 Y176.575 E1043.02292
G1 X115.611 Y176.127 E1043.04148
G1 X115.439 Y175.771 E1043.05463
G1 X115.322 Y175.331 E1043.06977
G1 X115.3 Y174.906 E1043.08393
G1 X115.362 Y174.473 E1043.09848
G1 X115.55 Y173.948 E1043.11702
G1 X115.824 Y173.572 E1043.1325
G1 X116.201 Y173.203 E1043.15004
G1 X116.67 Y172.961 E1043.1676
G1 X117.111 Y172.822 E1043.18298
G1 X117.552 Y172.8 E1043.19766
G1 X117.993 Y172.854 E1043.21244
G1 X118.511 Y173.029 E1043.23063
G1 X119.041 Y173.411 E1043.25236
G1 X119.442 Y173.935 E1043.2743
G1 X119.666 Y174.542 E1043.29582
G1 X119.696 Y175.1 E1043.31441
G1 X119.634 Y175.527 E1043.32876
G1 X119.449 Y176.049 E1043.34718
G1 X119.177 Y176.419 E1043.36245
G1 X118.789 Y176.798 E1043.38049
G1 X118.215 Y177.095 E1043.40199
G1 X117.571 Y177.215 E1043.42378
G1 X117.5 Y177.206 E1043.42616
G1 F2700 E1038.42616
G0 F9000 X117.462 Y177.514
G0 X118.292 Y177.335
G0 X118.941 Y177.001
G0 X119.374 Y176.581
G0 X119.671 Y176.166
G0 X119.875 Y175.605
G0 X119.949 Y175.123
G0 X119.917 Y174.495
G0 X119.663 Y173.815
G0 X119.22 Y173.233
G0 X118.883 Y172.991
G0 X117.552 Y172.219
G0 X117.543 Y162.291
G0 X117.5 Y161.695
G1 F2700 E1043.42616
G1 F1500 X113.288 Y161.695 E1043.56625
G1 X112.976 Y161.651 E1043.57673
G1 X112.479 Y161.471 E1043.59431
G1 X112.037 Y161.074 E1043.61407
G1 X111.849 Y160.814 E1043.62474
G1 X111.683 Y160.447 E1043.63814
G1 X111.606 Y160.055 E1043.65142
G1 X111.607 Y159.737 E1043.662
G1 X111.695 Y159.309 E1043.67653
G1 X111.807 Y159.058 E1043.68568
G1 X112.06 Y158.696 E1043.70036
G1 X112.263 Y158.504 E1043.70966
G1 X112.687 Y158.23 E1043.72645
G1 X113.157 Y158.106 E1043.74262
G1 X119.311 Y158.102 E1043.9473
G1 X119.661 Y158.159 E1043.95909
G1 X120.112 Y158.326 E1043.97509
G1 X120.563 Y158.722 E1043.99505
G1 X120.751 Y158.982 E1044.00572
G1 X120.912 Y159.347 E1044.01899
G1 X120.996 Y159.776 E1044.03353
G1 X120.994 Y160.055 E1044.04281
G1 X120.9 Y160.487 E1044.05752
G1 X120.809 Y160.703 E1044.06531
G1 X120.539 Y161.105 E1044.08142
G1 X120.333 Y161.297 E1044.09078
G1 X119.915 Y161.566 E1044.10732
G1 X119.414 Y161.695 E1044.12452
G1 X117.5 Y161.695 E1044.18818
G1 F2700 E1039.18818
G0 F9000 X117.5 Y162.008
G0 X119.448 Y161.947
G0 X120.017 Y161.797
G0 X120.508 Y161.479
G0 X120.745 Y161.249
G0 X121.149 Y160.543
G0 X121.245 Y160.064
G0 X121.245 Y159.736
G0 X121.148 Y159.251
G0 X120.977 Y158.874
G0 X120.735 Y158.538
G0 X120.248 Y158.109
G0 X119.808 Y157.95
G0 X117.5 Y157.52
G0 X117.51 Y148.978
G0 X117.5 Y148.398
G1 F2700 E1044.18818
G1 F1500 X115.222 Y148.399 E1044.26395
G1 X115.1 Y148.242 E1044.27056
G1 X115.1 Y140.4 E1044.53139
G1 X115.13 Y140.293 E1044.53508
G1 X115.268 Y140.202 E1044.54058
G1 X120.339 Y140.203 E1044.70924
G1 X120.422 Y140.241 E1044.71228
G1 X120.5 Y140.349 E1044.71671
G1 X120.498 Y148.235 E1044.979
G1 X120.421 Y148.361 E1044.98391
G1 X120.337 Y148.397 E1044.98695
G1 X117.5 Y148.398 E1045.08131
G1 F2700 E1040.08131
G0 F9000 X117.5 Y148.71
G0 X114.862 Y148.638
G0 X114.862 Y139.962
G0 X117.5 Y139.62
G0 X117.5 Y132.8
G0 X117.5 Y132.2
G1 F2700 E1045.08131
G1 F1500 X111 Y132.2 E1045.2975
G1 X110.88 Y132.161 E1045.3017
G1 X110.802 Y132.035 E1045.30663
G1 X110.8 Y119 E1045.74017
G1 X110.947 Y118.8 E1045.74843
G1 X124.053 Y118.8 E1046.18434
G1 X124.2 Y119 E1046.19259
G1 X124.198 Y132.035 E1046.62614
G1 X124.12 Y132.16 E1046.63104
G1 X124 Y132.2 E1046.63525
G1 X117.5 Y132.2 E1046.85144
G1 F2700 E1041.85144
G0 F9000 X117.5 Y132.51
G0 X110.562 Y132.438
G0 X110.562 Y118.562
G0 X124.215 Y118.269
G0 X124.564 Y118.702
G0 X124.566 Y117.368
G0 X117.5 Y117.51
G0 X117.5 Y117.2
G1 F2700 E1046.85144
G1 F1500 X110.948 Y117.2 E1047.06936
G1 X110.802 Y117.035 E1047.07668
G1 X110.8 Y104 E1047.51023
G1 X110.879 Y103.84 E1047.51617
G1 X111 Y103.8 E1047.5204
G1 X124 Y103.8 E1047.95279
G1 X124.12 Y103.84 E1047.95699
G1 X124.2 Y104 E1047.96294
G1 X124.198 Y117.035 E1048.39649
G1 X124.052 Y117.2 E1048.40382
G1 X117.5 Y117.2 E1048.62174
G1 F2700 E1043.62174
G0 F9000 X117.5 Y117.51
G0 X124.438 Y117.438
G0 X124.438 Y103.562
G0 X117.634 Y103.55
G0 X117.637 Y103.2
G0 X117.573 Y62.801
G0 X117.581 Y62.212
G1 F2700 E1048.62174
G1 F1500 X117.008 Y62.144 E1048.64093
G1 X116.488 Y61.969 E1048.65918
G1 X115.954 Y61.59 E1048.68096
G1 X115.611 Y61.127 E1048.70012
G1 X115.439 Y60.772 E1048.71324
G1 X115.322 Y60.331 E1048.72842
G1 X115.3 Y59.906 E1048.74257
G1 X115.362 Y59.473 E1048.75712
G1 X115.55 Y58.948 E1048.77567
G1 X115.824 Y58.572 E1048.79114
G1 X116.201 Y58.203 E1048.80869
G1 X116.67 Y57.961 E1048.82624
G1 X117.082 Y57.829 E1048.84063
G1 X117.552 Y57.8 E1048.85629
G1 X118.004 Y57.858 E1048.87145
G1 X118.513 Y58.028 E1048.8893
G1 X119.052 Y58.425 E1048.91156
G1 X119.442 Y58.935 E1048.93292
G1 X119.666 Y59.542 E1048.95444
G1 X119.696 Y60.1 E1048.97302
G1 X119.634 Y60.527 E1048.98737
G1 X119.449 Y61.049 E1049.00579
G1 X119.172 Y61.424 E1049.0213
G1 X118.791 Y61.797 E1049.03903
G1 X118.212 Y62.094 E1049.06068
G1 X117.581 Y62.212 E1049.08203
G1 F2700 E1044.08203
G0 F9000 X117.637 Y62.519
G0 X117.573 Y62.801
G0 X110.974 Y159.789
G0 X110.556 Y160.03
G0 X110.328 Y160.04
;TYPE:FILL
G1 F2700 E1049.08203
G1 F3000 X110.544 Y160.257 E1049.09221
G0 F9000 X110.348 Y160.042
G0 X110.421 Y181.727
G0 X117.499 Y181.799
G0 X117.5 Y181.538
;TYPE:SKIN
G1 F1500 X110.608 Y181.536 E1049.32144
G1 X110.608 Y160.282 E1050.02835
G1 X110.865 Y160.226 E1050.0371
G1 X110.965 Y160.714 E1050.05367
G1 X111.185 Y161.198 E1050.07135
G1 X111.465 Y161.586 E1050.08726
G1 X111.97 Y162.031 E1050.10965
G1 X112.21 Y162.179 E1050.11903
G1 X112.787 Y162.391 E1050.13948
G1 X113.231 Y162.454 E1050.15439
G1 X119.533 Y162.443 E1050.364
G1 X120.207 Y162.276 E1050.38709
G1 X120.766 Y161.918 E1050.40917
G1 X121.11 Y161.61 E1050.42453
G1 X121.492 Y161.043 E1050.44727
G1 X121.648 Y160.627 E1050.46204
G1 X121.742 Y160.191 E1050.47688
G1 X121.752 Y159.659 E1050.49458
G1 X121.627 Y159.07 E1050.5146
G1 X121.411 Y158.594 E1050.53199
G1 X121.131 Y158.206 E1050.5479
G1 X120.512 Y157.661 E1050.57533
G1 X119.85 Y157.416 E1050.59881
G1 X119.365 Y157.342 E1050.61513
G1 X113.057 Y157.346 E1050.82493
G1 X112.521 Y157.486 E1050.84336
G1 X112.271 Y157.592 E1050.85239
G1 X111.767 Y157.916 E1050.87232
G1 X111.407 Y158.294 E1050.88968
G1 X111.163 Y158.653 E1050.90412
G1 X110.951 Y159.11 E1050.92087
G1 X110.862 Y159.566 E1050.93633
G1 X110.608 Y159.511 E1050.94497
G1 X110.605 Y132.838 E1051.83212
G1 X110.97 Y132.96 E1051.84492
G1 X124.026 Y132.96 E1052.27916
G1 X124.392 Y132.838 E1052.29199
G1 X124.392 Y181.54 E1053.91183
G1 X117.5 Y181.538 E1054.14106
G1 F2700 E1049.14106
G0 F9000 X117.499 Y181.799
G0 X117.613 Y177.799
G0 X117.5 Y177.963
G1 F2700 E1054.14106
G1 F1500 X117.622 Y177.978 E1054.14515
G1 X118.463 Y177.823 E1054.17359
G1 X119.242 Y177.417 E1054.20281
G1 X119.749 Y176.915 E1054.22654
G1 X120.121 Y176.414 E1054.24729
G1 X120.374 Y175.715 E1054.27202
G1 X120.456 Y175.144 E1054.2912
G1 X120.418 Y174.387 E1054.31641
G1 X120.114 Y173.559 E1054.34575
G1 X119.572 Y172.854 E1054.37533
G1 X118.862 Y172.345 E1054.40438
G1 X118.164 Y172.11 E1054.42888
G1 X117.547 Y172.036 E1054.44955
G1 X116.961 Y172.076 E1054.46908
G1 X116.377 Y172.256 E1054.48941
G1 X115.749 Y172.579 E1054.5129
G1 X115.24 Y173.076 E1054.53656
G1 X114.874 Y173.58 E1054.55727
G1 X114.628 Y174.242 E1054.58076
G1 X114.536 Y174.868 E1054.60181
G1 X114.571 Y175.459 E1054.6215
G1 X114.72 Y176.036 E1054.64132
G1 X114.96 Y176.528 E1054.65953
G1 X115.422 Y177.145 E1054.68516
G1 X116.135 Y177.652 E1054.71426
G1 X116.816 Y177.882 E1054.73817
G1 X117.5 Y177.963 E1054.76108
G1 F2700 E1049.76108
G0 F9000 X117.529 Y177.709
G0 X118.941 Y177.001
G0 X119.374 Y176.581
G0 X119.671 Y176.166
G0 X119.875 Y175.605
G0 X119.949 Y175.123
G0 X119.917 Y174.495
G0 X119.663 Y173.815
G0 X119.22 Y173.233
G0 X118.883 Y172.991
G0 X117.552 Y172.219
G0 X117.576 Y148.978
G0 X117.5 Y149.154
G1 F2700 E1054.76108
G1 F1500 X120.429 Y149.157 E1054.8585
G1 X120.878 Y148.973 E1054.87464
G1 X121.089 Y148.735 E1054.88522
G1 X121.258 Y148.323 E1054.90003
G1 X121.258 Y140.372 E1055.16448
G1 X121.218 Y140.12 E1055.17297
G1 X121.085 Y139.849 E1055.18301
G1 X120.881 Y139.627 E1055.19303
G1 X120.438 Y139.444 E1055.20898
G1 X115.181 Y139.442 E1055.38382
G1 X114.822 Y139.567 E1055.39647
G1 X114.489 Y139.878 E1055.41162
G1 X114.373 Y140.152 E1055.42152
G1 X114.341 Y140.38 E1055.42918
G1 X114.341 Y148.22 E1055.68994
G1 X114.374 Y148.455 E1055.69783
G1 X114.493 Y148.731 E1055.70783
G1 X114.834 Y149.039 E1055.72311
G1 X115.188 Y149.151 E1055.73546
G1 X117.5 Y149.154 E1055.81236
G1 F2700 E1050.81236
G0 F9000 X117.501 Y148.898
G0 X114.862 Y148.638
G0 X114.639 Y139.983
G0 X114.639 Y132.8
G0 X111.216 Y133.16
G1 F2700 E1055.81236
G1 F1500 X110.806 Y133.57 E1055.83164
G0 F9000 X110.806 Y134.136
G1 F1500 X111.782 Y133.16 E1055.87755
G0 F9000 X112.347 Y133.16
G1 F1500 X110.806 Y134.702 E1055.95006
G0 F9000 X110.806 Y135.267
G1 F1500 X112.913 Y133.16 E1056.04916
G0 F9000 X113.479 Y133.16
G1 F1500 X110.806 Y135.833 E1056.17489
G0 F9000 X110.806 Y136.399
G1 F1500 X114.044 Y133.16 E1056.32722
G0 F9000 X114.61 Y133.16
G1 F1500 X110.806 Y136.964 E1056.50615
G0 F9000 X110.806 Y137.53
G1 F1500 X115.176 Y133.16 E1056.7117
G0 F9000 X115.741 Y133.16
G1 F1500 X110.806 Y138.096 E1056.94385
G0 F9000 X110.806 Y138.662
G1 F1500 X116.307 Y133.16 E1057.20263
G0 F9000 X116.873 Y133.16
G1 F1500 X110.806 Y139.227 E1057.488
G0 F9000 X110.806 Y139.792
G1 F1500 X117.438 Y133.16 E1057.79995
G0 F9000 X118.004 Y133.16
G1 F1500 X110.806 Y140.358 E1058.13852
G0 F9000 X110.806 Y140.924
G1 F1500 X118.57 Y133.16 E1058.50371
G0 F9000 X119.135 Y133.16
G1 F1500 X110.806 Y141.489 E1058.89549
G0 F9000 X110.806 Y142.055
G1 F1500 X119.701 Y133.16 E1059.31388
G0 F9000 X120.267 Y133.16
G1 F1500 X110.806 Y142.621 E1059.7589
G0 F9000 X110.806 Y143.186
G1 F1500 X120.833 Y133.16 E1060.23051
G0 F9000 X121.398 Y133.16
G1 F1500 X115.314 Y139.245 E1060.51671
G0 F9000 X115.879 Y139.245
G1 F1500 X121.964 Y133.16 E1060.80293
G0 F9000 X122.53 Y133.16
G1 F1500 X116.446 Y139.244 E1061.0891
G0 F9000 X117.012 Y139.243
G1 F1500 X123.095 Y133.16 E1061.37523
G0 F9000 X123.661 Y133.16
G1 F1500 X117.578 Y139.243 E1061.66135
G0 F9000 X118.144 Y139.243
G1 F1500 X124.192 Y133.195 E1061.94583
G0 F9000 X124.192 Y133.761
G1 F1500 X118.711 Y139.242 E1062.20364
G0 F9000 X119.277 Y139.241
G1 F1500 X124.192 Y134.326 E1062.43483
G0 F9000 X124.192 Y134.892
G1 F1500 X119.843 Y139.241 E1062.63939
G0 F9000 X120.409 Y139.241
G1 F1500 X124.192 Y135.458 E1062.81733
G0 F9000 X124.192 Y136.023
G1 F1500 X120.828 Y139.387 E1062.97556
G0 F9000 X121.151 Y139.63
G1 F1500 X124.192 Y136.589 E1063.1186
G0 F9000 X124.192 Y137.155
G1 F1500 X121.366 Y139.981 E1063.25153
G0 F9000 X121.455 Y140.457
G1 F1500 X124.192 Y137.72 E1063.38027
G0 F9000 X124.192 Y138.286
G1 F1500 X121.455 Y141.023 E1063.50901
G0 F9000 X121.455 Y141.588
G1 F1500 X124.192 Y138.852 E1063.63773
G0 F9000 X124.192 Y139.417
G1 F1500 X121.455 Y142.154 E1063.76647
G0 F9000 X121.455 Y142.72
G1 F1500 X124.192 Y139.983 E1063.89521
G0 F9000 X124.192 Y140.549
G1 F1500 X121.455 Y143.285 E1064.02392
G0 F9000 X121.455 Y143.851
G1 F1500 X124.192 Y141.114 E1064.15266
G0 F9000 X124.192 Y141.68
G1 F1500 X121.455 Y144.417 E1064.2814
G0 F9000 X121.455 Y144.982
G1 F1500 X124.192 Y142.246 E1064.41012
G0 F9000 X124.192 Y142.812
G1 F1500 X121.455 Y145.548 E1064.53884
G0 F9000 X121.455 Y146.114
G1 F1500 X124.192 Y143.377 E1064.66758
G0 F9000 X124.192 Y143.943
G1 F1500 X121.455 Y146.679 E1064.79629
G0 F9000 X121.455 Y147.245
G1 F1500 X124.192 Y144.509 E1064.92501
G0 F9000 X124.192 Y145.074
G1 F1500 X121.455 Y147.811 E1065.05375
G0 F9000 X121.455 Y148.376
G1 F1500 X124.192 Y145.64 E1065.18247
G0 F9000 X124.192 Y146.206
G1 F1500 X113.257 Y157.141 E1065.69681
G0 F9000 X113.822 Y157.141
G1 F1500 X124.192 Y146.771 E1066.18459
G0 F9000 X124.192 Y147.337
G1 F1500 X114.387 Y157.142 E1066.64578
G0 F9000 X114.953 Y157.142
G1 F1500 X124.192 Y147.903 E1067.08036
G0 F9000 X124.192 Y148.468
G1 F1500 X115.519 Y157.142 E1067.48833
G0 F9000 X116.084 Y157.142
G1 F1500 X124.192 Y149.034 E1067.86971
G0 F9000 X124.192 Y149.6
G1 F1500 X116.649 Y157.142 E1068.22448
G0 F9000 X117.214 Y157.143
G1 F1500 X124.192 Y150.165 E1068.55271
G0 F9000 X124.192 Y150.731
G1 F1500 X117.78 Y157.143 E1068.85431
G0 F9000 X118.345 Y157.144
G1 F1500 X124.192 Y151.297 E1069.12933
G0 F9000 X124.192 Y151.862
G1 F1500 X118.911 Y157.144 E1069.37776
G0 F9000 X119.466 Y157.154
G1 F1500 X124.192 Y152.428 E1069.60006
G0 F9000 X124.192 Y152.994
G1 F1500 X119.947 Y157.239 E1069.79973
G0 F9000 X120.361 Y157.391
G1 F1500 X124.192 Y153.56 E1069.97993
G0 F9000 X124.192 Y154.125
G1 F1500 X120.73 Y157.587 E1070.14277
G0 F9000 X121.033 Y157.85
G1 F1500 X124.192 Y154.691 E1070.29136
G0 F9000 X124.192 Y155.257
G1 F1500 X121.321 Y158.127 E1070.42638
G0 F9000 X121.559 Y158.456
G1 F1500 X124.192 Y155.822 E1070.55025
G0 F9000 X124.192 Y156.388
G1 F1500 X121.743 Y158.837 E1070.66544
G0 F9000 X121.877 Y159.269
G1 F1500 X124.192 Y156.954 E1070.77433
G0 F9000 X124.192 Y157.519
G1 F1500 X121.955 Y159.757 E1070.87958
G0 F9000 X121.909 Y160.368
G1 F1500 X124.192 Y158.085 E1070.98696
G0 F9000 X124.192 Y158.651
G1 F1500 X121.615 Y161.228 E1071.10818
G0 F9000 X121.234 Y160.973
G0 X120.299 Y161.914
G0 X120.544 Y162.299
G1 F1500 X110.808 Y172.035 E1071.56613
G0 F9000 X110.808 Y172.601
G1 F1500 X124.192 Y159.216 E1072.1957
G0 F9000 X124.192 Y159.782
G1 F1500 X110.808 Y173.166 E1072.82524
G0 F9000 X110.808 Y173.732
G1 F1500 X124.192 Y160.348 E1073.45478
G0 F9000 X124.192 Y160.913
G1 F1500 X110.808 Y174.298 E1074.08435
G0 F9000 X110.808 Y174.863
G1 F1500 X124.192 Y161.479 E1074.71389
G0 F9000 X124.192 Y162.045
G1 F1500 X110.808 Y175.429 E1075.34343
G0 F9000 X110.808 Y175.995
G1 F1500 X124.192 Y162.611 E1075.97297
G0 F9000 X124.192 Y163.176
G1 F1500 X110.808 Y176.56 E1076.60252
G0 F9000 X110.808 Y177.126
G1 F1500 X124.192 Y163.742 E1077.23206
G0 F9000 X124.192 Y164.308
G1 F1500 X116.486 Y172.014 E1077.59452
G0 F9000 X117.207 Y171.858
G1 F1500 X124.192 Y164.873 E1077.92308
G0 F9000 X124.192 Y165.439
G1 F1500 X117.771 Y171.86 E1078.2251
G0 F9000 X118.264 Y171.933
G1 F1500 X124.192 Y166.005 E1078.50394
G0 F9000 X124.192 Y166.57
G1 F1500 X118.686 Y172.077 E1078.76295
G0 F9000 X119.074 Y172.254
G1 F1500 X124.192 Y167.136 E1079.00368
G0 F9000 X124.192 Y167.702
G1 F1500 X119.405 Y172.489 E1079.22885
G0 F9000 X119.73 Y172.729
G1 F1500 X124.192 Y168.267 E1079.43872
G0 F9000 X124.192 Y168.833
G1 F1500 X119.976 Y173.049 E1079.63703
G0 F9000 X120.222 Y173.369
G1 F1500 X124.192 Y169.399 E1079.82377
G0 F9000 X124.192 Y169.964
G1 F1500 X120.4 Y173.756 E1080.00213
G0 F9000 X120.553 Y174.17
G1 F1500 X124.192 Y170.53 E1080.17332
G0 F9000 X124.192 Y171.096
G1 F1500 X120.632 Y174.655 E1080.34075
G0 F9000 X120.647 Y175.206
G1 F1500 X124.192 Y171.661 E1080.5075
G0 F9000 X124.192 Y172.227
G1 F1500 X120.518 Y175.901 E1080.68031
G0 F9000 X120.09 Y175.745
G0 X119.159 Y176.762
G0 X118.292 Y177.59
G0 X118.376 Y178.043
G1 F1500 X115.082 Y181.338 E1080.83528
G0 F9000 X115.647 Y181.338
G1 F1500 X124.192 Y172.793 E1081.23721
G0 F9000 X124.192 Y173.359
G1 F1500 X116.212 Y181.338 E1081.61254
G0 F9000 X116.778 Y181.338
G1 F1500 X124.192 Y173.924 E1081.96127
G0 F9000 X124.192 Y174.49
G1 F1500 X117.344 Y181.338 E1082.28338
G0 F9000 X117.909 Y181.339
G1 F1500 X124.192 Y175.056 E1082.57891
G0 F9000 X124.192 Y175.621
G1 F1500 X118.474 Y181.339 E1082.84787
G0 F9000 X119.04 Y181.339
G1 F1500 X124.192 Y176.187 E1083.0902
G0 F9000 X124.192 Y176.753
G1 F1500 X119.606 Y181.339 E1083.30591
G0 F9000 X120.171 Y181.34
G1 F1500 X124.192 Y177.318 E1083.49507
G0 F9000 X124.192 Y177.884
G1 F1500 X120.736 Y181.34 E1083.65763
G0 F9000 X121.302 Y181.34
G1 F1500 X124.192 Y178.45 E1083.79357
G0 F9000 X124.192 Y179.015
G1 F1500 X121.868 Y181.34 E1083.90291
G0 F9000 X122.433 Y181.34
G1 F1500 X124.192 Y179.581 E1083.98564
G0 F9000 X124.192 Y180.147
G1 F1500 X122.998 Y181.34 E1084.04178
G0 F9000 X123.564 Y181.34
G1 F1500 X124.192 Y180.712 E1084.07132
G0 F9000 X124.192 Y181.278
G1 F1500 X124.13 Y181.34 E1084.07424
G1 F2700 E1079.07424
G0 F9000 X124.129 Y181.799
G0 X117.608 Y181.719
G0 X117.613 Y177.799
G0 X117.683 Y178.17
G1 F2700 E1084.07424
G1 F1500 X114.516 Y181.338 E1084.22323
G0 F9000 X113.95 Y181.338
G1 F1500 X117.162 Y178.126 E1084.37431
G0 F9000 X116.677 Y178.045
G1 F1500 X113.385 Y181.338 E1084.52918
G0 F9000 X112.82 Y181.337
G1 F1500 X116.254 Y177.902 E1084.69073
G0 F9000 X115.877 Y177.714
G1 F1500 X112.254 Y181.337 E1084.86114
G0 F9000 X111.688 Y181.337
G1 F1500 X115.546 Y177.479 E1085.04261
G0 F9000 X115.232 Y177.227
G1 F1500 X111.123 Y181.337 E1085.23591
G0 F9000 X110.808 Y181.086
G1 F1500 X114.988 Y176.905 E1085.43255
G0 F9000 X114.757 Y176.571
G1 F1500 X110.808 Y180.52 E1085.6183
G0 F9000 X110.808 Y179.954
G1 F1500 X114.573 Y176.19 E1085.79537
G0 F9000 X114.44 Y175.757
G1 F1500 X110.808 Y179.389 E1085.9662
G0 F9000 X110.808 Y178.823
G1 F1500 X114.36 Y175.271 E1086.13328
G0 F9000 X114.353 Y174.713
G1 F1500 X110.808 Y178.257 E1086.3
G0 F9000 X110.808 Y177.692
G1 F1500 X114.507 Y173.993 E1086.47399
G1 F2700 E1081.47399
G0 F9000 X114.941 Y174.152
G0 X115.031 Y173.674
G0 X114.123 Y181.739
G0 X110.808 Y171.469
G1 F2700 E1086.47399
G1 F1500 X119.659 Y162.618 E1086.89032
G0 F9000 X119.063 Y162.648
G1 F1500 X110.808 Y170.903 E1087.27861
G0 F9000 X110.808 Y170.338
G1 F1500 X118.497 Y162.649 E1087.64027
G0 F9000 X117.931 Y162.649
G1 F1500 X110.808 Y169.772 E1087.97532
G0 F9000 X110.808 Y169.206
G1 F1500 X117.364 Y162.65 E1088.28369
G0 F9000 X116.798 Y162.651
G1 F1500 X110.808 Y168.641 E1088.56544
G0 F9000 X110.808 Y168.075
G1 F1500 X116.231 Y162.652 E1088.82052
G0 F9000 X115.665 Y162.652
G1 F1500 X110.808 Y167.509 E1089.04898
G0 F9000 X110.808 Y166.944
G1 F1500 X115.099 Y162.653 E1089.25082
G0 F9000 X114.532 Y162.654
G1 F1500 X110.808 Y166.378 E1089.42598
G0 F9000 X110.808 Y165.812
G1 F1500 X113.966 Y162.654 E1089.57453
G0 F9000 X113.399 Y162.655
G1 F1500 X110.808 Y165.247 E1089.69642
G0 F9000 X110.808 Y164.681
G1 F1500 X112.883 Y162.606 E1089.79402
G0 F9000 X112.442 Y162.481
G1 F1500 X110.808 Y164.115 E1089.87088
G0 F9000 X110.808 Y163.55
G1 F1500 X112.045 Y162.312 E1089.92909
G0 F9000 X111.718 Y162.074
G1 F1500 X110.808 Y162.984 E1089.97189
G0 F9000 X110.808 Y162.418
G1 F1500 X111.414 Y161.812 E1090.0004
G0 F9000 X111.158 Y161.502
G1 F1500 X110.808 Y161.852 E1090.01686
G0 F9000 X110.808 Y161.287
G1 F1500 X110.942 Y161.153 E1090.02316
G1 F2700 E1085.02316
G0 F9000 X111.363 Y160.963
G0 X111.131 Y159.144
G0 X110.448 Y159.144
G0 X110.808 Y158.458
G1 F2700 E1090.02316
G1 F1500 X119.908 Y149.359 E1090.45118
G0 F9000 X120.473 Y149.359
G1 F1500 X112.564 Y157.268 E1090.82319
G1 F2700 E1085.82319
G0 F9000 X112.681 Y157.714
G0 X111.868 Y158.067
G0 X110.448 Y158.067
G0 X110.808 Y157.327
G1 F2700 E1090.82319
G1 F1500 X118.778 Y149.357 E1091.19808
G0 F9000 X118.214 Y149.355
G1 F1500 X110.808 Y156.761 E1091.54643
G0 F9000 X110.808 Y156.196
G1 F1500 X117.649 Y149.354 E1091.86823
G0 F9000 X117.085 Y149.353
G1 F1500 X110.808 Y155.63 E1092.16349
G0 F9000 X110.808 Y155.064
G1 F1500 X116.521 Y149.352 E1092.43218
G0 F9000 X115.956 Y149.351
G1 F1500 X110.808 Y154.499 E1092.67433
G0 F9000 X110.808 Y153.933
G1 F1500 X115.391 Y149.349 E1092.88992
G0 F9000 X114.903 Y149.272
G1 F1500 X110.808 Y153.367 E1093.08254
G0 F9000 X110.808 Y152.802
G1 F1500 X114.552 Y149.057 E1093.25867
G0 F9000 X114.287 Y148.757
G1 F1500 X110.807 Y152.237 E1093.42236
G0 F9000 X110.807 Y151.671
G1 F1500 X114.153 Y148.325 E1093.57974
G0 F9000 X114.142 Y147.77
G1 F1500 X110.807 Y151.105 E1093.73661
G0 F9000 X110.807 Y150.539
G1 F1500 X114.142 Y147.205 E1093.89346
G0 F9000 X114.142 Y146.639
G1 F1500 X110.807 Y149.974 E1094.05033
G0 F9000 X110.807 Y149.408
G1 F1500 X114.142 Y146.073 E1094.20719
G0 F9000 X114.141 Y145.508
G1 F1500 X110.807 Y148.842 E1094.36401
G0 F9000 X110.807 Y148.277
G1 F1500 X114.141 Y144.943 E1094.52084
G0 F9000 X114.141 Y144.377
G1 F1500 X110.807 Y147.711 E1094.67766
G0 F9000 X110.807 Y147.145
G1 F1500 X114.141 Y143.811 E1094.83448
G0 F9000 X114.141 Y143.246
G1 F1500 X110.807 Y146.58 E1094.9913
G0 F9000 X110.806 Y146.015
G1 F1500 X114.14 Y142.681 E1095.14812
G0 F9000 X114.14 Y142.115
G1 F1500 X110.806 Y145.449 E1095.30494
G0 F9000 X110.806 Y144.883
G1 F1500 X114.14 Y141.549 E1095.46176
G0 F9000 X114.14 Y140.984
G1 F1500 X110.806 Y144.318 E1095.61858
G0 F9000 X110.806 Y143.752
G1 F1500 X114.14 Y140.418 E1095.7754
G0 F9000 X114.6 Y140.418
G0 X114.862 Y148.638
G0 X119.344 Y148.899
G0 X119.343 Y149.357
G1 F1500 X110.808 Y157.893 E1096.17689
G1 F2700 E1091.17689
G0 F9000 X110.348 Y157.893
G0 X110.437 Y132.482
G0 X124.438 Y132.438
G0 X124.566 Y117.368
G0 X124.188 Y117.678
G0 X124.304 Y117.999
G1 F2700 E1096.17689
G1 F1043.5 X110.691 Y117.996 E1096.82775
G1 F2700 E1091.82775
G0 F9000 X110.813 Y117.679
G0 X110.562 Y117.438
G0 X110.562 Y103.562
G0 X117.571 Y103.2
G0 X117.573 Y62.801
G0 X117.588 Y62.98
G1 F2700 E1096.82775
G1 F1500 X118.455 Y62.822 E1096.85706
G1 X119.24 Y62.42 E1096.88639
G1 X119.749 Y61.919 E1096.91015
G1 X120.122 Y61.414 E1096.93103
G1 X120.374 Y60.715 E1096.95574
G1 X120.456 Y60.144 E1096.97493
G1 X120.418 Y59.387 E1097.00014
G1 X120.114 Y58.559 E1097.02947
G1 X119.569 Y57.851 E1097.05919
G1 X118.994 Y57.434 E1097.08281
G1 X118.715 Y57.289 E1097.09327
G1 X118.126 Y57.101 E1097.11384
G1 X117.574 Y57.041 E1097.1323
G1 X116.973 Y57.066 E1097.15231
G1 X116.375 Y57.253 E1097.17315
G1 X115.744 Y57.585 E1097.19686
G1 X115.236 Y58.08 E1097.22046
G1 X114.874 Y58.58 E1097.24099
G1 X114.628 Y59.242 E1097.26448
G1 X114.536 Y59.868 E1097.28552
G1 X114.568 Y60.436 E1097.30444
G1 X114.723 Y61.036 E1097.32505
G1 X114.959 Y61.524 E1097.34308
G1 X115.42 Y62.143 E1097.36875
G1 X116.139 Y62.652 E1097.39805
G1 X116.857 Y62.887 E1097.42318
G1 X117.588 Y62.98 E1097.44769
G1 F2700 E1092.44769
G0 F9000 X117.571 Y62.721
G0 X122.022 Y103.24
G0 X124.392 Y103.162
G1 F2700 E1097.44769
G1 F1500 X124.026 Y103.04 E1097.46052
G1 X110.97 Y103.04 E1097.89477
G1 X110.605 Y103.162 E1097.90757
G1 X110.604 Y53.46 E1099.56066
G1 X124.392 Y53.46 E1100.01925
G1 X124.392 Y103.162 E1101.67235
G0 F9000 X123.998 Y102.842
G1 F1500 X124.192 Y102.648 E1101.68147
G0 F9000 X124.192 Y102.082
G1 F1500 X123.434 Y102.84 E1101.71713
G0 F9000 X122.868 Y102.84
G1 F1500 X124.192 Y101.516 E1101.7794
G0 F9000 X124.192 Y100.951
G1 F1500 X122.303 Y102.84 E1101.86826
G0 F9000 X121.737 Y102.84
G1 F1500 X124.192 Y100.385 E1101.98373
G0 F9000 X124.192 Y99.819
G1 F1500 X121.171 Y102.84 E1102.12583
G0 F9000 X120.606 Y102.84
G1 F1500 X124.192 Y99.254 E1102.2945
G0 F9000 X124.192 Y98.688
G1 F1500 X120.04 Y102.84 E1102.4898
G0 F9000 X119.474 Y102.84
G1 F1500 X124.192 Y98.122 E1102.71172
G0 F9000 X124.192 Y97.557
G1 F1500 X118.908 Y102.84 E1102.96024
G0 F9000 X118.343 Y102.84
G1 F1500 X124.192 Y96.991 E1103.23536
G0 F9000 X124.192 Y96.425
G1 F1500 X117.777 Y102.84 E1103.5371
G0 F9000 X117.211 Y102.84
G1 F1500 X124.192 Y95.86 E1103.86544
G0 F9000 X124.192 Y95.294
G1 F1500 X116.646 Y102.84 E1104.22038
G0 F9000 X116.08 Y102.84
G1 F1500 X124.192 Y94.728 E1104.60195
G0 F9000 X124.192 Y94.163
G1 F1500 X115.514 Y102.84 E1105.01011
G0 F9000 X114.949 Y102.84
G1 F1500 X124.192 Y93.597 E1105.44487
G0 F9000 X124.192 Y93.031
G1 F1500 X114.383 Y102.84 E1105.90626
G0 F9000 X113.817 Y102.84
G1 F1500 X124.192 Y92.466 E1106.39424
G0 F9000 X124.192 Y91.9
G1 F1500 X113.252 Y102.84 E1106.90883
G0 F9000 X112.686 Y102.84
G1 F1500 X124.192 Y91.334 E1107.45003
G0 F9000 X124.192 Y90.768
G1 F1500 X112.12 Y102.84 E1108.01786
G0 F9000 X111.555 Y102.84
G1 F1500 X124.192 Y90.203 E1108.61227
G0 F9000 X124.192 Y89.637
G1 F1500 X110.984 Y102.845 E1109.23353
G0 F9000 X110.805 Y102.458
G1 F1500 X124.192 Y89.071 E1109.86322
G0 F9000 X124.192 Y88.506
G1 F1500 X110.805 Y101.893 E1110.4929
G0 F9000 X110.805 Y101.327
G1 F1500 X124.192 Y87.94 E1111.12258
G0 F9000 X124.192 Y87.374
G1 F1500 X110.805 Y100.761 E1111.75227
G0 F9000 X110.805 Y100.196
G1 F1500 X124.192 Y86.809 E1112.38195
G0 F9000 X124.192 Y86.243
G1 F1500 X110.805 Y99.63 E1113.01163
G0 F9000 X110.805 Y99.064
G1 F1500 X124.192 Y85.677 E1113.64132
G0 F9000 X124.192 Y85.112
G1 F1500 X110.805 Y98.499 E1114.271
G0 F9000 X110.805 Y97.933
G1 F1500 X124.192 Y84.546 E1114.90069
G0 F9000 X124.192 Y83.98
G1 F1500 X110.805 Y97.367 E1115.53037
G0 F9000 X110.805 Y96.802
G1 F1500 X124.192 Y83.415 E1116.16005
G0 F9000 X124.192 Y82.849
G1 F1500 X110.805 Y96.236 E1116.78974
G0 F9000 X110.805 Y95.67
G1 F1500 X124.192 Y82.283 E1117.41942
G0 F9000 X124.192 Y81.718
G1 F1500 X110.805 Y95.104 E1118.04908
G0 F9000 X110.805 Y94.539
G1 F1500 X124.192 Y81.152 E1118.67876
G0 F9000 X124.192 Y80.586
G1 F1500 X110.805 Y93.973 E1119.30845
G0 F9000 X110.805 Y93.407
G1 F1500 X124.192 Y80.02 E1119.93813
G0 F9000 X124.192 Y79.455
G1 F1500 X110.805 Y92.842 E1120.56781
G0 F9000 X110.805 Y92.276
G1 F1500 X124.192 Y78.889 E1121.1975
G0 F9000 X124.192 Y78.323
G1 F1500 X110.805 Y91.71 E1121.82718
G0 F9000 X110.805 Y91.145
G1 F1500 X124.192 Y77.758 E1122.45686
G0 F9000 X124.192 Y77.192
G1 F1500 X110.805 Y90.579 E1123.08655
G0 F9000 X110.805 Y90.013
G1 F1500 X124.192 Y76.626 E1123.71623
G0 F9000 X124.192 Y76.061
G1 F1500 X110.805 Y89.448 E1124.34591
G0 F9000 X110.805 Y88.882
G1 F1500 X124.192 Y75.495 E1124.9756
G0 F9000 X124.192 Y74.929
G1 F1500 X110.805 Y88.316 E1125.60528
G0 F9000 X110.805 Y87.751
G1 F1500 X124.192 Y74.364 E1126.23496
G0 F9000 X124.192 Y73.798
G1 F1500 X110.805 Y87.185 E1126.86465
G0 F9000 X110.805 Y86.619
G1 F1500 X124.192 Y73.232 E1127.49433
G0 F9000 X124.192 Y72.667
G1 F1500 X110.805 Y86.053 E1128.12399
G0 F9000 X110.805 Y85.488
G1 F1500 X124.192 Y72.101 E1128.75367
G0 F9000 X124.192 Y71.535
G1 F1500 X110.805 Y84.922 E1129.38336
G0 F9000 X110.805 Y84.356
G1 F1500 X124.192 Y70.969 E1130.01304
G0 F9000 X124.192 Y70.404
G1 F1500 X110.805 Y83.791 E1130.64272
G0 F9000 X110.805 Y83.225
G1 F1500 X124.192 Y69.838 E1131.27241
G0 F9000 X124.192 Y69.272
G1 F1500 X110.805 Y82.659 E1131.90209
G0 F9000 X110.805 Y82.094
G1 F1500 X124.192 Y68.707 E1132.53177
G0 F9000 X124.192 Y68.141
G1 F1500 X110.805 Y81.528 E1133.16146
G0 F9000 X110.805 Y80.962
G1 F1500 X124.192 Y67.575 E1133.79114
G0 F9000 X124.192 Y67.01
G1 F1500 X110.805 Y80.397 E1134.42082
G0 F9000 X110.805 Y79.831
G1 F1500 X124.192 Y66.444 E1135.05051
G0 F9000 X124.192 Y65.878
G1 F1500 X110.805 Y79.265 E1135.68019
G0 F9000 X110.805 Y78.7
G1 F1500 X124.192 Y65.313 E1136.30987
G0 F9000 X124.192 Y64.747
G1 F1500 X110.805 Y78.134 E1136.93956
G0 F9000 X110.805 Y77.568
G1 F1500 X124.192 Y64.181 E1137.56924
G0 F9000 X124.192 Y63.616
G1 F1500 X110.805 Y77.003 E1138.19893
G0 F9000 X110.805 Y76.437
G1 F1500 X124.192 Y63.05 E1138.82861
G0 F9000 X124.192 Y62.484
G1 F1500 X110.805 Y75.871 E1139.45829
G0 F9000 X110.805 Y75.305
G1 F1500 X124.192 Y61.919 E1140.08795
G0 F9000 X124.192 Y61.353
G1 F1500 X110.805 Y74.74 E1140.71764
G0 F9000 X110.805 Y74.174
G1 F1500 X124.192 Y60.787 E1141.34732
G0 F9000 X124.192 Y60.221
G1 F1500 X110.805 Y73.608 E1141.977
G0 F9000 X110.805 Y73.043
G1 F1500 X124.192 Y59.656 E1142.60669
G0 F9000 X124.192 Y59.09
G1 F1500 X110.805 Y72.477 E1143.23637
G0 F9000 X110.805 Y71.911
G1 F1500 X124.192 Y58.524 E1143.86605
G0 F9000 X124.192 Y57.959
G1 F1500 X110.805 Y71.346 E1144.49574
G0 F9000 X110.805 Y70.78
G1 F1500 X118.631 Y62.954 E1144.86385
G0 F9000 X117.892 Y63.128
G1 F1500 X110.805 Y70.214 E1145.19717
G0 F9000 X110.805 Y69.649
G1 F1500 X117.308 Y63.146 E1145.50306
G0 F9000 X116.806 Y63.082
G1 F1500 X110.805 Y69.083 E1145.78532
G0 F9000 X110.805 Y68.517
G1 F1500 X116.38 Y62.942 E1146.04755
G0 F9000 X115.975 Y62.781
G1 F1500 X110.805 Y67.952 E1146.29076
G0 F9000 X110.805 Y67.386
G1 F1500 X115.644 Y62.546 E1146.51839
G0 F9000 X115.314 Y62.312
G1 F1500 X110.805 Y66.82 E1146.73046
G0 F9000 X110.805 Y66.254
G1 F1500 X115.063 Y61.997 E1146.93072
G0 F9000 X114.823 Y61.671
G1 F1500 X110.805 Y65.689 E1147.11971
G0 F9000 X110.805 Y65.123
G1 F1500 X114.628 Y61.301 E1147.29951
G0 F9000 X114.474 Y60.888
G1 F1500 X110.805 Y64.557 E1147.47209
G0 F9000 X110.805 Y63.992
G1 F1500 X114.367 Y60.43 E1147.63964
G0 F9000 X114.337 Y59.894
G1 F1500 X110.805 Y63.426 E1147.80577
G0 F9000 X110.805 Y62.86
G1 F1500 X114.421 Y59.244 E1147.97586
G0 F9000 X114.877 Y59.326
G0 X115.285 Y58.458
G0 X114.912 Y58.188
G1 F1500 X110.805 Y62.295 E1148.16904
G0 F9000 X110.805 Y61.729
G1 F1500 X118.875 Y53.66 E1148.5486
G0 F9000 X119.44 Y53.66
G1 F1500 X115.739 Y57.361 E1148.72269
G0 F9000 X115.952 Y57.769
G0 X116.871 Y57.371
G0 X116.732 Y56.933
G1 F1500 X120.006 Y53.66 E1148.87666
G0 F9000 X120.572 Y53.66
G1 F1500 X117.383 Y56.849 E1149.02666
G0 F9000 X117.919 Y56.878
G1 F1500 X121.137 Y53.66 E1149.17803
G0 F9000 X121.703 Y53.66
G1 F1500 X118.389 Y56.973 E1149.33388
G0 F9000 X118.812 Y57.117
G1 F1500 X122.269 Y53.66 E1149.49649
G0 F9000 X122.834 Y53.66
G1 F1500 X119.172 Y57.322 E1149.66874
G0 F9000 X119.502 Y57.558
G1 F1500 X123.4 Y53.66 E1149.85209
G0 F9000 X123.966 Y53.66
G1 F1500 X119.801 Y57.824 E1150.04798
G0 F9000 X120.047 Y58.144
G1 F1500 X124.192 Y53.999 E1150.24294
G0 F9000 X124.192 Y54.565
G1 F1500 X120.293 Y58.464 E1150.42634
G0 F9000 X120.445 Y58.877
G1 F1500 X124.192 Y55.13 E1150.60259
G0 F9000 X124.192 Y55.696
G1 F1500 X120.597 Y59.291 E1150.77169
G0 F9000 X120.64 Y59.813
G1 F1500 X124.192 Y56.262 E1150.93874
G0 F9000 X124.192 Y56.827
G1 F1500 X120.62 Y60.399 E1151.10675
G0 F9000 X120.425 Y61.16
G1 F1500 X124.192 Y57.393 E1151.28394
G0 F9000 X124.652 Y57.393
G0 X124.58 Y53.272
G0 X118.309 Y53.2
G0 X118.309 Y53.66
G1 F1500 X110.805 Y61.163 E1151.63688
G0 F9000 X110.805 Y60.598
G1 F1500 X117.743 Y53.66 E1151.96323
G0 F9000 X117.177 Y53.66
G1 F1500 X110.805 Y60.032 E1152.26294
G0 F9000 X110.805 Y59.466
G1 F1500 X116.612 Y53.66 E1152.53606
G0 F9000 X116.046 Y53.66
G1 F1500 X110.805 Y58.901 E1152.78259
G0 F9000 X110.805 Y58.335
G1 F1500 X115.48 Y53.66 E1153.00248
G0 F9000 X114.915 Y53.66
G1 F1500 X110.805 Y57.769 E1153.19578
G0 F9000 X110.805 Y57.204
G1 F1500 X114.349 Y53.66 E1153.36248
G0 F9000 X113.783 Y53.66
G1 F1500 X110.805 Y56.638 E1153.50256
G0 F9000 X110.805 Y56.072
G1 F1500 X113.218 Y53.66 E1153.61603
G0 F9000 X112.652 Y53.66
G1 F1500 X110.805 Y55.506 E1153.70289
G0 F9000 X110.805 Y54.941
G1 F1500 X112.086 Y53.66 E1153.76314
G0 F9000 X111.521 Y53.66
G1 F1500 X110.805 Y54.375 E1153.7968
G0 F9000 X110.805 Y53.809
G1 F1500 X110.955 Y53.66 E1153.80383
G1 F2700 E1148.80383
;MESH:NONMESH
G0 F300 X110.955 Y53.66 Z1.4
G0 F9000 X110.955 Y53.2
G0 X110.071 Y52.924
G0 X110.071 Y51.835
G0 X109.5 Y50.847
G0 X104 Y50.835
G0 X104 Y51.7
;TIME_ELAPSED:1805.935186
;LAYER:6
;TYPE:SUPPORT
G1 F2700 E1153.80383
G1 F1500 X102.381 Y51.7 E1153.85768
G1 X102.381 Y183.3 E1158.23471
G1 X104 Y183.3 E1158.28856
G1 X104 Y51.7 E1162.66559
G1 X106 Y51.7 E1162.73211
G1 X106 Y183.3 E1167.10915
G1 X108 Y183.3 E1167.17567
G1 X108 Y51.7 E1171.5527
G1 X108.532 Y51.7 E1171.57039
G1 X108.533 Y183.3 E1175.94743
G1 X108 Y183.3 E1175.96516
G1 F2700 E1170.96516
G0 F9000 X108 Y184.165
G0 X132 Y184.165
G0 X132 Y183.3
G1 F2700 E1175.96516
G1 F1500 X132.618 Y183.3 E1175.98571
G1 X132.618 Y51.7 E1180.36274
G1 X132 Y51.7 E1180.3833
G1 X132 Y183.3 E1184.76033
G1 X130 Y183.3 E1184.82685
G1 X130 Y51.7 E1189.20389
G1 X128 Y51.7 E1189.27041
G1 X128 Y183.3 E1193.64744
G1 X126.467 Y183.3 E1193.69843
G1 X126.467 Y51.7 E1198.07546
G1 X128 Y51.7 E1198.12645
G1 F2700 E1193.12645
;MESH:btncover.stl
G0 F9000 X119.998 Y58.766
G0 X117.452 Y62.6
;TYPE:WALL-INNER
G1 F2700 E1198.12645
G1 F1500 X116.923 Y62.538 E1198.14417
G1 X116.308 Y62.324 E1198.16582
G1 X115.675 Y61.883 E1198.19148
G1 X115.275 Y61.352 E1198.21359
G1 X115.055 Y60.896 E1198.23043
G1 X114.928 Y60.4 E1198.24746
G1 X114.897 Y59.867 E1198.26522
G1 X114.975 Y59.357 E1198.28238
G1 X115.193 Y58.759 E1198.30355
G1 X115.598 Y58.203 E1198.32643
G1 X116.058 Y57.833 E1198.34606
G1 X116.536 Y57.565 E1198.36429
G1 X117.063 Y57.435 E1198.38234
G1 X117.452 Y57.4 E1198.39533
G1 X117.968 Y57.424 E1198.41251
G1 X118.697 Y57.667 E1198.43807
G1 X119.322 Y58.12 E1198.46375
G1 X119.796 Y58.739 E1198.48968
G1 X120.064 Y59.473 E1198.51567
G1 X120.098 Y60.139 E1198.53785
G1 X120.021 Y60.642 E1198.55477
G1 X119.846 Y61.126 E1198.57189
G1 X119.583 Y61.559 E1198.58874
G1 X119.223 Y61.972 E1198.60696
G1 X118.594 Y62.375 E1198.63181
G1 X117.948 Y62.56 E1198.65416
G1 X117.452 Y62.6 E1198.67071
G1 F2700 E1193.67071
G0 F9000 X116.883 Y62.714
G0 X112.837 Y103.24
G0 X110.266 Y104
G1 F2700 E1198.67071
G1 F890.2 X110.271 Y117.127 E1199.40639
G0 F9000 X110.266 Y119
G1 F890.2 X110.271 Y132.127 E1200.14207
G0 F9000 X110.562 Y132.438
G0 X124.438 Y132.438
G0 X124.727 Y132.127
G1 F896.9 X124.732 Y119 E1200.87229
G0 F9000 X124.727 Y117.127
G1 F896.9 X124.732 Y104 E1201.60252
G1 F1127.8 X124.864 Y103.268 E1201.63542
G1 F1500 X124.864 Y53.1 E1203.30401
G1 X110.132 Y53.1 E1203.794
G1 X110.132 Y103.266 E1205.46253
G1 F1123.6 X110.266 Y104 E1205.49566
G1 X110.639 Y103.52 E1205.52265
G1 F1500 X111 Y103.4 E1205.5353
G1 X124 Y103.4 E1205.96769
G1 X124.36 Y103.52 E1205.98031
G1 F1127.8 X124.732 Y104 E1206.00717
G0 F9000 X124.675 Y118.839
G0 X124.445 Y118.527
G0 X117.5 Y118.401
G1 F1500 X124 Y118.4 E1206.22336
G1 X124.218 Y118.441 E1206.23074
G1 F1287.6 X124.475 Y118.721 E1206.24547
G1 F1003.3 X124.733 Y119.001 E1206.2644
G1 X124.798 Y118.5 E1206.28952
G1 F1287.6 X124.864 Y117.999 E1206.3091
G1 F1282.1 X124.796 Y117.564 E1206.32623
G1 F990.1 X124.727 Y117.127 E1206.34853
G1 F1117.3 X124.218 Y117.559 E1206.37834
G1 F1500 X124 Y117.6 E1206.38571
G1 X110.948 Y117.598 E1206.81983
G1 X110.78 Y117.559 E1206.82556
G1 F1111.1 X110.271 Y117.127 E1206.85554
G1 F983.6 X110.202 Y117.564 E1206.87798
G1 F1276.6 X110.133 Y118 E1206.89523
G1 F1284.8 X110.2 Y118.5 E1206.91482
G1 F998.3 X110.266 Y119.001 E1206.94007
G1 X110.523 Y118.72 E1206.9591
G1 F1284.8 X110.781 Y118.44 E1206.97389
G1 F1500 X110.948 Y118.402 E1206.97958
G1 X117.5 Y118.401 E1207.1975
G1 F2700 E1202.1975
G0 F9000 X124.438 Y118.562
G0 X124.438 Y132.438
G0 X117.5 Y132.45
G0 X117.5 Y132.8
G0 X117.5 Y139.62
G0 X117.5 Y148.797
G1 F2700 E1207.1975
G1 F1500 X115.217 Y148.795 E1207.27344
G1 X115.002 Y148.722 E1207.28099
G1 X114.793 Y148.522 E1207.29061
G1 X114.7 Y148.318 E1207.29807
G1 X114.7 Y140.4 E1207.56142
G1 X114.788 Y140.085 E1207.5723
G1 X114.99 Y139.885 E1207.58175
G1 X115.227 Y139.8 E1207.59013
G1 X120.388 Y139.8 E1207.76178
G1 X120.674 Y139.93 E1207.77223
G1 X120.871 Y140.211 E1207.78364
G1 X120.9 Y140.4 E1207.79
G1 X120.9 Y148.273 E1208.05186
G1 X120.783 Y148.557 E1208.06208
G1 X120.665 Y148.677 E1208.06768
G1 X120.38 Y148.8 E1208.078
G1 X117.5 Y148.797 E1208.17379
G1 F2700 E1203.17379
G0 F9000 X117.5 Y157.52
G0 X117.5 Y162.094
G1 F2700 E1208.17379
G1 F1500 X113.232 Y162.091 E1208.31574
G1 X112.859 Y162.038 E1208.32827
G1 X112.382 Y161.864 E1208.34516
G1 X112.193 Y161.753 E1208.35245
G1 X111.767 Y161.382 E1208.37124
G1 X111.489 Y161.002 E1208.3869
G1 X111.305 Y160.591 E1208.40188
G1 X111.212 Y160.124 E1208.41772
G1 X111.203 Y159.717 E1208.43126
G1 X111.308 Y159.186 E1208.44926
G1 X111.601 Y158.621 E1208.47043
G1 X111.912 Y158.27 E1208.48602
G1 X112.433 Y157.914 E1208.50701
G1 X112.954 Y157.738 E1208.5253
G1 X113.316 Y157.7 E1208.53741
G1 X119.372 Y157.706 E1208.73883
G1 X119.739 Y157.762 E1208.75118
G1 X120.321 Y157.975 E1208.77179
G1 X120.828 Y158.418 E1208.79419
G1 X121.105 Y158.794 E1208.80972
G1 X121.291 Y159.206 E1208.82475
G1 X121.397 Y159.717 E1208.84211
G1 X121.388 Y160.124 E1208.85565
G1 X121.288 Y160.609 E1208.87212
G1 X121 Y161.173 E1208.89319
G1 X120.689 Y161.526 E1208.90883
G1 X120.165 Y161.88 E1208.92987
G1 X119.746 Y162.031 E1208.94468
G1 X119.346 Y162.096 E1208.95816
G1 X117.5 Y162.094 E1209.01956
G1 F2700 E1204.01956
G0 F9000 X117.399 Y172.216
G0 X117.5 Y177.596
G1 F2700 E1209.01956
G1 F1500 X117.448 Y177.6 E1209.02129
G1 X116.921 Y177.541 E1209.03893
G1 X116.302 Y177.328 E1209.0607
G1 X115.673 Y176.881 E1209.08637
G1 X115.275 Y176.352 E1209.10838
G1 X115.055 Y175.896 E1209.12522
G1 X114.928 Y175.4 E1209.14225
G1 X114.897 Y174.867 E1209.16001
G1 X114.975 Y174.357 E1209.17717
G1 X115.192 Y173.761 E1209.19827
G1 X115.59 Y173.209 E1209.2209
G1 X116.06 Y172.831 E1209.24096
G1 X116.538 Y172.57 E1209.25908
G1 X117.024 Y172.44 E1209.27581
G1 X117.452 Y172.4 E1209.29011
G1 X117.96 Y172.424 E1209.30702
G1 X118.696 Y172.666 E1209.33279
G1 X119.324 Y173.121 E1209.35858
G1 X119.797 Y173.74 E1209.38449
G1 X120.064 Y174.473 E1209.41044
G1 X120.098 Y175.139 E1209.43262
G1 X120.021 Y175.642 E1209.44955
G1 X119.846 Y176.126 E1209.46666
G1 X119.583 Y176.559 E1209.48351
G1 X119.223 Y176.972 E1209.50174
G1 X118.578 Y177.386 E1209.52723
G1 X117.946 Y177.563 E1209.54906
G1 X117.5 Y177.596 E1209.56393
G1 F2700 E1204.56393
G0 F9000 X117.446 Y181.719
G0 X117.5 Y181.9
G1 F2700 E1209.56393
G1 F1500 X124.864 Y181.9 E1209.80886
G1 X124.864 Y132.732 E1211.44419
G1 F1117.3 X124.727 Y132.127 E1211.47189
G1 X124.36 Y132.48 E1211.49463
G1 F1500 X124 Y132.6 E1211.50725
G1 X111 Y132.6 E1211.93963
G1 X110.639 Y132.48 E1211.95228
G1 F1111.1 X110.271 Y132.127 E1211.97518
G1 X110.132 Y132.734 E1212.00314
G1 F1500 X110.133 Y181.899 E1213.63838
G1 X117.5 Y181.9 E1213.8834
G0 F9000 X117.5 Y182.299
;TYPE:WALL-OUTER
G1 F1500 X125.264 Y182.3 E1214.14164
G1 X125.264 Y52.7 E1218.45215
G1 X109.732 Y52.7 E1218.96875
G1 X109.733 Y182.299 E1223.27923
G1 X117.5 Y182.299 E1223.53756
G1 F2700 E1218.53756
G0 F9000 X117.5 Y181.99
G0 X117.52 Y181.719
G0 X117.448 Y177.781
G0 X117.5 Y177.194
G1 F2700 E1223.53756
G1 F1500 X117.423 Y177.199 E1223.54012
G1 X116.99 Y177.142 E1223.55465
G1 X116.488 Y176.969 E1223.57231
G1 X115.954 Y176.59 E1223.59409
G1 X115.611 Y176.128 E1223.61323
G1 X115.439 Y175.772 E1223.62638
G1 X115.322 Y175.331 E1223.64155
G1 X115.3 Y174.906 E1223.65571
G1 X115.362 Y174.473 E1223.67026
G1 X115.549 Y173.949 E1223.68876
G1 X115.881 Y173.489 E1223.70763
G1 X116.298 Y173.157 E1223.72536
G1 X116.709 Y172.934 E1223.74091
G1 X117.093 Y172.834 E1223.75411
G1 X117.434 Y172.8 E1223.76551
G1 X117.915 Y172.828 E1223.78153
G1 X118.511 Y173.029 E1223.80245
G1 X119.041 Y173.411 E1223.82418
G1 X119.442 Y173.934 E1223.8461
G1 X119.666 Y174.552 E1223.86796
G1 X119.696 Y175.1 E1223.88622
G1 X119.634 Y175.527 E1223.90057
G1 X119.489 Y175.937 E1223.91503
G1 X119.247 Y176.336 E1223.93055
G1 X118.96 Y176.665 E1223.94507
G1 X118.41 Y177.018 E1223.96681
G1 X117.861 Y177.168 E1223.98574
G1 X117.5 Y177.194 E1223.99778
G1 F2700 E1218.99778
G0 F9000 X117.522 Y177.505
G0 X116.376 Y177.195
G0 X115.78 Y176.767
G0 X115.407 Y176.278
G0 X115.197 Y175.838
G0 X115.076 Y175.366
G0 X115.051 Y174.877
G0 X115.125 Y174.395
G0 X115.329 Y173.833
G0 X115.7 Y173.317
G0 X115.951 Y173.114
G0 X117.399 Y172.216
G0 X117.399 Y162.276
G0 X117.5 Y161.694
G1 F2700 E1223.99778
G1 F1500 X113.288 Y161.695 E1224.13787
G1 X112.976 Y161.651 E1224.14835
G1 X112.483 Y161.475 E1224.16576
G1 X112.05 Y161.091 E1224.18501
G1 X111.85 Y160.819 E1224.19624
G1 X111.683 Y160.443 E1224.20992
G1 X111.606 Y160.055 E1224.22308
G1 X111.607 Y159.737 E1224.23366
G1 X111.688 Y159.321 E1224.24775
G1 X111.922 Y158.871 E1224.26462
G1 X112.199 Y158.558 E1224.27852
G1 X112.613 Y158.275 E1224.2952
G1 X113.06 Y158.129 E1224.31084
G1 X113.292 Y158.101 E1224.31862
G1 X119.311 Y158.102 E1224.51881
G1 X119.661 Y158.16 E1224.53061
G1 X120.109 Y158.326 E1224.5465
G1 X120.546 Y158.709 E1224.56583
G1 X120.767 Y159.017 E1224.57843
G1 X120.899 Y159.309 E1224.58909
G1 X120.992 Y159.735 E1224.60359
G1 X120.994 Y160.055 E1224.61424
G1 X120.895 Y160.499 E1224.62937
G1 X120.679 Y160.923 E1224.64519
G1 X120.401 Y161.238 E1224.65917
G1 X119.96 Y161.529 E1224.67674
G1 X119.66 Y161.637 E1224.68735
G1 X119.355 Y161.693 E1224.69766
G1 X117.5 Y161.694 E1224.75936
G1 F2700 E1219.75936
G0 F9000 X117.499 Y162.008
G0 X119.357 Y161.948
G0 X120.101 Y161.745
G0 X120.587 Y161.412
G0 X120.873 Y161.089
G0 X121.145 Y160.56
G0 X121.245 Y160.064
G0 X121.245 Y159.736
G0 X121.148 Y159.251
G0 X120.976 Y158.873
G0 X120.72 Y158.521
G0 X120.245 Y158.108
G0 X119.808 Y157.95
G0 X117.5 Y157.52
G0 X117.5 Y148.98
G0 X117.5 Y148.398
G1 F2700 E1224.75936
G1 F1500 X115.219 Y148.399 E1224.83522
G1 X115.1 Y148.239 E1224.84186
G1 X115.1 Y140.36 E1225.10391
G1 X115.215 Y140.202 E1225.11041
G1 X120.344 Y140.204 E1225.281
G1 X120.425 Y140.243 E1225.28399
G1 X120.5 Y140.35 E1225.28834
G1 X120.498 Y148.235 E1225.5506
G1 X120.422 Y148.359 E1225.55543
G1 X120.339 Y148.397 E1225.55847
G1 X117.5 Y148.398 E1225.6529
G1 F2700 E1220.6529
G0 F9000 X117.5 Y148.71
G0 X114.862 Y148.638
G0 X114.862 Y139.962
G0 X117.5 Y139.62
G0 X117.5 Y132.8
G0 X117.5 Y132.2
G1 F2700 E1225.6529
G1 F1500 X111 Y132.2 E1225.86909
G1 X110.879 Y132.16 E1225.87332
G1 X110.802 Y132.035 E1225.87821
G1 X110.8 Y119 E1226.31175
G1 X110.935 Y118.8 E1226.31978
G1 X124.064 Y118.8 E1226.75645
G1 X124.2 Y119 E1226.7645
G1 X124.198 Y132.035 E1227.19804
G1 X124.12 Y132.16 E1227.20294
G1 X124 Y132.2 E1227.20715
G1 X117.5 Y132.2 E1227.42334
G1 F2700 E1222.42334
G0 F9000 X117.5 Y132.51
G0 X110.562 Y132.438
G0 X110.562 Y118.562
G0 X124.27 Y118.288
G0 X124.675 Y118.839
G0 X124.677 Y117.254
G0 X124.291 Y117.541
G0 X117.5 Y117.51
G0 X117.5 Y117.2
G1 F2700 E1227.42334
G1 F1500 X110.937 Y117.2 E1227.64163
G1 X110.802 Y117.035 E1227.64872
G1 X110.8 Y104 E1228.08226
G1 X110.879 Y103.84 E1228.0882
G1 X111 Y103.8 E1228.09244
G1 X124 Y103.8 E1228.52482
G1 X124.12 Y103.84 E1228.52903
G1 X124.2 Y104 E1228.53498
G1 X124.198 Y117.035 E1228.96852
G1 X124.062 Y117.2 E1228.97563
G1 X117.5 Y117.2 E1229.19389
G1 F2700 E1224.19389
G0 F9000 X117.5 Y117.51
G0 X110.562 Y117.438
G0 X110.562 Y103.562
G0 X117.487 Y103.55
G0 X117.487 Y103.2
G0 X117.413 Y62.784
G0 X117.465 Y62.2
G1 F2700 E1229.19389
G1 F1500 X117.011 Y62.148 E1229.20909
G1 X116.488 Y61.969 E1229.22747
G1 X115.955 Y61.59 E1229.24922
G1 X115.611 Y61.128 E1229.26838
G1 X115.439 Y60.772 E1229.28153
G1 X115.322 Y60.331 E1229.29671
G1 X115.3 Y59.906 E1229.31086
G1 X115.362 Y59.473 E1229.32541
G1 X115.55 Y58.948 E1229.34396
G1 X115.877 Y58.496 E1229.36251
G1 X116.298 Y58.157 E1229.38049
G1 X116.709 Y57.934 E1229.39604
G1 X117.077 Y57.838 E1229.40869
G1 X117.434 Y57.8 E1229.42063
G1 X117.894 Y57.821 E1229.43595
G1 X118.513 Y58.028 E1229.45766
G1 X119.041 Y58.411 E1229.47935
G1 X119.442 Y58.934 E1229.50127
G1 X119.666 Y59.552 E1229.52313
G1 X119.696 Y60.1 E1229.54139
G1 X119.634 Y60.527 E1229.55574
G1 X119.489 Y60.937 E1229.5702
G1 X119.247 Y61.336 E1229.58573
G1 X118.96 Y61.666 E1229.60027
G1 X118.409 Y62.016 E1229.62198
G1 X117.879 Y62.166 E1229.6403
G1 X117.465 Y62.2 E1229.65412
G1 F2700 E1224.65412
G0 F9000 X117.487 Y62.508
G0 X117.98 Y62.738
G0 X122.022 Y103.24
G0 X124.504 Y103.199
;TYPE:SKIN
G1 F2700 E1229.65412
G1 F1500 X124.025 Y103.04 E1229.6709
G1 X110.968 Y103.04 E1230.10518
G1 X110.493 Y103.198 E1230.12183
G1 X110.492 Y53.46 E1231.77612
G1 X124.504 Y53.46 E1232.24217
G1 X124.504 Y103.199 E1233.89649
G1 F2700 E1228.89649
G0 F9000 X124.764 Y103.199
G0 X124.673 Y103.766
G0 X124.286 Y103.451
G0 X122.022 Y103.24
G0 X119.344 Y62.109
G0 X117.415 Y62.96
G1 F2700 E1233.89649
G1 F1500 X117.992 Y62.916 E1233.91574
G1 X118.717 Y62.72 E1233.94072
G1 X119.462 Y62.243 E1233.97014
G1 X119.881 Y61.767 E1233.99123
G1 X120.161 Y61.295 E1234.00949
G1 X120.374 Y60.711 E1234.03016
G1 X120.456 Y60.144 E1234.04922
G1 X120.419 Y59.396 E1234.07412
G1 X120.113 Y58.566 E1234.10355
G1 X119.569 Y57.85 E1234.13345
G1 X118.993 Y57.437 E1234.15703
G1 X118.716 Y57.294 E1234.1674
G1 X118.038 Y57.065 E1234.1912
G1 X117.366 Y57.037 E1234.21357
G1 X116.906 Y57.097 E1234.229
G1 X116.369 Y57.241 E1234.24749
G1 X115.865 Y57.525 E1234.26673
G1 X115.33 Y57.955 E1234.28956
G1 X114.87 Y58.582 E1234.31542
G1 X114.618 Y59.282 E1234.34017
G1 X114.536 Y59.868 E1234.35985
G1 X114.571 Y60.459 E1234.37954
G1 X114.723 Y61.04 E1234.39952
G1 X114.955 Y61.52 E1234.41725
G1 X115.418 Y62.141 E1234.44301
G1 X116.138 Y62.651 E1234.47236
G1 X116.82 Y62.882 E1234.49631
G1 X117.415 Y62.96 E1234.51627
G1 F2700 E1229.51627
G0 F9000 X117.415 Y62.704
G0 X118.513 Y62.249
G0 X119.126 Y61.854
G0 X119.458 Y61.475
G0 X119.709 Y61.064
G0 X119.875 Y60.605
G0 X119.917 Y60.331
G0 X119.884 Y58.555
G0 X119.884 Y53.3
G0 X123.805 Y53.66
G1 F2700 E1234.51627
G1 F1500 X124.304 Y54.159 E1234.53974
G0 F9000 X124.304 Y54.725
G1 F1500 X123.24 Y53.66 E1234.58981
G0 F9000 X122.674 Y53.66
G1 F1500 X124.304 Y55.291 E1234.6665
G0 F9000 X124.304 Y55.856
G1 F1500 X122.108 Y53.66 E1234.76979
G0 F9000 X121.542 Y53.66
G1 F1500 X124.304 Y56.422 E1234.89971
G0 F9000 X124.304 Y56.988
G1 F1500 X120.977 Y53.66 E1235.05623
G0 F9000 X120.411 Y53.66
G1 F1500 X124.304 Y57.554 E1235.23936
G0 F9000 X124.304 Y58.119
G1 F1500 X119.845 Y53.66 E1235.4491
G0 F9000 X119.28 Y53.66
G1 F1500 X124.304 Y58.685 E1235.68544
G0 F9000 X124.304 Y59.251
G1 F1500 X118.714 Y53.66 E1235.9484
G0 F9000 X118.148 Y53.66
G1 F1500 X124.304 Y59.816 E1236.23796
G0 F9000 X124.304 Y60.382
G1 F1500 X117.583 Y53.66 E1236.55412
G0 F9000 X117.017 Y53.66
G1 F1500 X124.304 Y60.948 E1236.8969
G0 F9000 X124.304 Y61.513
G1 F1500 X116.451 Y53.66 E1237.26628
G0 F9000 X115.886 Y53.66
G1 F1500 X124.304 Y62.079 E1237.66226
G0 F9000 X124.304 Y62.645
G1 F1500 X120.382 Y58.722 E1237.84676
G0 F9000 X120.625 Y59.531
G1 F1500 X124.304 Y63.21 E1238.01981
G0 F9000 X124.304 Y63.776
G1 F1500 X120.654 Y60.126 E1238.1915
G0 F9000 X120.588 Y60.625
G1 F1500 X124.304 Y64.342 E1238.36631
G0 F9000 X124.304 Y64.907
G1 F1500 X120.456 Y61.059 E1238.54731
G0 F9000 X120.294 Y61.462
G1 F1500 X124.304 Y65.473 E1238.73595
G0 F9000 X124.304 Y66.039
G1 F1500 X120.083 Y61.817 E1238.93452
G0 F9000 X119.83 Y62.13
G1 F1500 X124.304 Y66.605 E1239.14498
G0 F9000 X124.304 Y67.17
G1 F1500 X119.555 Y62.421 E1239.36836
G0 F9000 X119.21 Y62.641
G1 F1500 X124.304 Y67.736 E1239.60799
G0 F9000 X124.304 Y68.302
G1 F1500 X118.864 Y62.861 E1239.86389
G0 F9000 X118.44 Y63.003
G1 F1500 X124.304 Y68.867 E1240.13972
G0 F9000 X124.304 Y69.433
G1 F1500 X117.989 Y63.117 E1240.43678
G0 F9000 X117.463 Y63.157
G1 F1500 X124.304 Y69.999 E1240.75858
G0 F9000 X124.304 Y70.564
G1 F1500 X116.829 Y63.089 E1241.11019
G0 F9000 X115.9 Y62.726
G1 F1500 X124.304 Y71.13 E1241.50548
G0 F9000 X124.304 Y71.696
G1 F1500 X110.692 Y58.083 E1242.14577
G0 F9000 X110.692 Y58.649
G1 F1500 X124.304 Y72.261 E1242.78604
G0 F9000 X124.304 Y72.827
G1 F1500 X110.692 Y59.215 E1243.42631
G0 F9000 X110.692 Y59.78
G1 F1500 X124.304 Y73.393 E1244.0666
G0 F9000 X124.304 Y73.958
G1 F1500 X110.692 Y60.346 E1244.70686
G0 F9000 X110.692 Y60.912
G1 F1500 X124.304 Y74.524 E1245.34713
G0 F9000 X124.304 Y75.09
G1 F1500 X110.692 Y61.477 E1245.98742
G0 F9000 X110.692 Y62.043
G1 F1500 X124.304 Y75.655 E1246.62769
G0 F9000 X124.304 Y76.221
G1 F1500 X110.692 Y62.609 E1247.26795
G0 F9000 X110.692 Y63.174
G1 F1500 X124.304 Y76.787 E1247.90825
G0 F9000 X124.304 Y77.353
G1 F1500 X110.692 Y63.74 E1248.54854
G0 F9000 X110.692 Y64.306
G1 F1500 X124.304 Y77.918 E1249.1888
G0 F9000 X124.304 Y78.484
G1 F1500 X110.692 Y64.871 E1249.82909
G0 F9000 X110.692 Y65.437
G1 F1500 X124.304 Y79.05 E1250.46938
G0 F9000 X124.304 Y79.615
G1 F1500 X110.692 Y66.003 E1251.10965
G0 F9000 X110.692 Y66.568
G1 F1500 X124.304 Y80.181 E1251.74994
G0 F9000 X124.304 Y80.747
G1 F1500 X110.692 Y67.134 E1252.39023
G0 F9000 X110.692 Y67.7
G1 F1500 X124.304 Y81.312 E1253.0305
G0 F9000 X124.304 Y81.878
G1 F1500 X110.692 Y68.266 E1253.67076
G0 F9000 X110.692 Y68.831
G1 F1500 X124.304 Y82.444 E1254.31105
G0 F9000 X124.304 Y83.009
G1 F1500 X110.692 Y69.397 E1254.95132
G0 F9000 X110.692 Y69.963
G1 F1500 X124.304 Y83.575 E1255.59159
G0 F9000 X124.304 Y84.141
G1 F1500 X110.692 Y70.528 E1256.23188
G0 F9000 X110.692 Y71.094
G1 F1500 X124.304 Y84.706 E1256.87214
G0 F9000 X124.304 Y85.272
G1 F1500 X110.692 Y71.66 E1257.51241
G0 F9000 X110.692 Y72.225
G1 F1500 X124.304 Y85.838 E1258.1527
G0 F9000 X124.304 Y86.403
G1 F1500 X110.692 Y72.791 E1258.79297
G0 F9000 X110.692 Y73.357
G1 F1500 X124.304 Y86.969 E1259.43323
G0 F9000 X124.304 Y87.535
G1 F1500 X110.692 Y73.922 E1260.07353
G0 F9000 X110.692 Y74.488
G1 F1500 X124.304 Y88.101 E1260.71382
G0 F9000 X124.304 Y88.666
G1 F1500 X110.692 Y75.054 E1261.35408
G0 F9000 X110.692 Y75.619
G1 F1500 X124.304 Y89.232 E1261.99437
G0 F9000 X124.304 Y89.798
G1 F1500 X110.692 Y76.185 E1262.63466
G0 F9000 X110.692 Y76.751
G1 F1500 X124.304 Y90.363 E1263.27493
G0 F9000 X124.304 Y90.929
G1 F1500 X110.692 Y77.316 E1263.91522
G0 F9000 X110.692 Y77.882
G1 F1500 X124.304 Y91.495 E1264.55551
G0 F9000 X124.304 Y92.06
G1 F1500 X110.693 Y78.449 E1265.19573
G0 F9000 X110.693 Y79.014
G1 F1500 X124.304 Y92.626 E1265.83597
G0 F9000 X124.304 Y93.192
G1 F1500 X110.693 Y79.58 E1266.47622
G0 F9000 X110.693 Y80.146
G1 F1500 X124.304 Y93.757 E1267.11644
G0 F9000 X124.304 Y94.323
G1 F1500 X110.693 Y80.711 E1267.75668
G0 F9000 X110.693 Y81.277
G1 F1500 X124.304 Y94.889 E1268.39692
G0 F9000 X124.304 Y95.454
G1 F1500 X110.693 Y81.843 E1269.03714
G0 F9000 X110.693 Y82.408
G1 F1500 X124.304 Y96.02 E1269.67739
G0 F9000 X124.304 Y96.586
G1 F1500 X110.693 Y82.974 E1270.31763
G0 F9000 X110.693 Y83.54
G1 F1500 X124.304 Y97.152 E1270.95787
G0 F9000 X124.304 Y97.717
G1 F1500 X110.693 Y84.105 E1271.59811
G0 F9000 X110.693 Y84.671
G1 F1500 X124.304 Y98.283 E1272.23836
G0 F9000 X124.304 Y98.849
G1 F1500 X110.693 Y85.237 E1272.8786
G0 F9000 X110.693 Y85.802
G1 F1500 X124.304 Y99.414 E1273.51884
G0 F9000 X124.304 Y99.98
G1 F1500 X110.693 Y86.368 E1274.15909
G0 F9000 X110.693 Y86.934
G1 F1500 X124.304 Y100.546 E1274.79933
G0 F9000 X124.304 Y101.111
G1 F1500 X110.693 Y87.5 E1275.43955
G0 F9000 X110.693 Y88.065
G1 F1500 X124.304 Y101.677 E1276.07979
G0 F9000 X124.304 Y102.243
G1 F1500 X110.693 Y88.631 E1276.72004
G0 F9000 X110.693 Y89.197
G1 F1500 X124.304 Y102.808 E1277.36026
G0 F9000 X123.77 Y102.839
G1 F1500 X110.693 Y89.762 E1277.97536
G0 F9000 X110.693 Y90.328
G1 F1500 X123.204 Y102.839 E1278.56384
G0 F9000 X122.638 Y102.839
G1 F1500 X110.693 Y90.894 E1279.12569
G0 F9000 X110.693 Y91.459
G1 F1500 X122.073 Y102.839 E1279.66097
G0 F9000 X121.507 Y102.839
G1 F1500 X110.693 Y92.025 E1280.16963
G0 F9000 X110.693 Y92.591
G1 F1500 X120.941 Y102.839 E1280.65167
G0 F9000 X120.376 Y102.839
G1 F1500 X110.693 Y93.156 E1281.10712
G0 F9000 X110.693 Y93.722
G1 F1500 X119.81 Y102.839 E1281.53596
G0 F9000 X119.244 Y102.839
G1 F1500 X110.693 Y94.288 E1281.93817
G0 F9000 X110.693 Y94.853
G1 F1500 X118.679 Y102.839 E1282.31381
G0 F9000 X118.113 Y102.839
G1 F1500 X110.693 Y95.419 E1282.66282
G0 F9000 X110.693 Y95.985
G1 F1500 X117.547 Y102.839 E1282.98522
G0 F9000 X116.982 Y102.839
G1 F1500 X110.693 Y96.55 E1283.28103
G0 F9000 X110.693 Y97.116
G1 F1500 X116.416 Y102.839 E1283.55022
G0 F9000 X115.85 Y102.839
G1 F1500 X110.693 Y97.682 E1283.79279
G0 F9000 X110.693 Y98.248
G1 F1500 X115.285 Y102.839 E1284.00876
G0 F9000 X114.719 Y102.839
G1 F1500 X110.693 Y98.813 E1284.19813
G0 F9000 X110.693 Y99.379
G1 F1500 X114.153 Y102.839 E1284.36088
G0 F9000 X113.588 Y102.839
G1 F1500 X110.693 Y99.945 E1284.49703
G0 F9000 X110.693 Y100.51
G1 F1500 X113.022 Y102.839 E1284.60658
G0 F9000 X112.456 Y102.839
G1 F1500 X110.693 Y101.076 E1284.6895
G0 F9000 X110.693 Y101.642
G1 F1500 X111.89 Y102.839 E1284.74581
G0 F9000 X111.325 Y102.839
G1 F1500 X110.693 Y102.207 E1284.77554
G0 F9000 X110.693 Y102.773
G1 F1500 X110.81 Y102.89 E1284.78104
G1 F2700 E1279.78104
G0 F9000 X110.952 Y103.321
G0 X115.471 Y61.913
G0 X114.771 Y61.596
G1 F2700 E1284.78104
G1 F1500 X110.692 Y57.517 E1284.9729
G0 F9000 X110.692 Y56.952
G1 F1500 X114.423 Y60.683 E1285.1484
G0 F9000 X114.347 Y60.041
G1 F1500 X110.692 Y56.386 E1285.32032
G0 F9000 X110.692 Y55.82
G1 F1500 X114.383 Y59.512 E1285.49395
G0 F9000 X114.486 Y59.049
G1 F1500 X110.692 Y55.255 E1285.67241
G0 F9000 X110.692 Y54.689
G1 F1500 X114.638 Y58.635 E1285.85802
G0 F9000 X114.847 Y58.278
G1 F1500 X110.692 Y54.123 E1286.05346
G0 F9000 X110.794 Y53.66
G1 F1500 X115.086 Y57.952 E1286.25534
G0 F9000 X115.366 Y57.666
G1 F1500 X111.36 Y53.66 E1286.44377
G0 F9000 X111.926 Y53.66
G1 F1500 X115.683 Y57.417 E1286.62049
G0 F9000 X116.033 Y57.201
G1 F1500 X112.491 Y53.66 E1286.78707
G0 F9000 X113.057 Y53.66
G1 F1500 X116.413 Y57.016 E1286.94493
G0 F9000 X116.866 Y56.903
G1 F1500 X113.623 Y53.66 E1287.09747
G0 F9000 X114.189 Y53.66
G1 F1500 X117.37 Y56.841 E1287.24709
G0 F9000 X117.955 Y56.861
G1 F1500 X114.754 Y53.66 E1287.39766
G0 F9000 X115.32 Y53.66
G1 F1500 X118.762 Y57.102 E1287.55956
G1 F2700 E1282.55956
G0 F9000 X118.618 Y57.533
G0 X119.664 Y58.815
G0 X119.917 Y59.502
G0 X119.949 Y60.123
G0 X119.875 Y60.605
G0 X119.709 Y61.064
G0 X119.458 Y61.475
G0 X119.126 Y61.854
G0 X118.778 Y62.078
G0 X117.413 Y62.784
G0 X117.413 Y103.2
G0 X110.607 Y117.999
G1 F2700 E1287.55956
G1 F952.4 X124.389 Y117.999 E1288.28152
G1 F2700 E1283.28152
G0 F9000 X124.241 Y117.659
G0 X124.677 Y117.254
G0 X124.692 Y181.728
G0 X117.499 Y181.799
G0 X117.5 Y181.538
G1 F2700 E1288.28152
G1 F1500 X110.492 Y181.536 E1288.51461
G1 X110.49 Y160.717 E1289.20705
G1 F1546.4 X110.477 Y159.714 E1289.23942
G1 X110.491 Y158.931 E1289.26468
G1 F1500 X110.488 Y132.799 E1290.13383
G1 X110.97 Y132.96 E1290.15074
G1 X124.026 Y132.96 E1290.58498
G1 X124.504 Y132.799 E1290.60176
G1 X124.504 Y181.539 E1292.22286
G1 X117.5 Y181.538 E1292.45581
G1 F2700 E1287.45581
G0 F9000 X117.499 Y181.799
G0 X117.448 Y177.781
G0 X117.5 Y177.957
G1 F2700 E1292.45581
G1 F1500 X118.011 Y177.914 E1292.47287
G1 X118.721 Y177.72 E1292.49735
G1 X119.463 Y177.243 E1292.52668
G1 X119.881 Y176.767 E1292.54775
G1 X120.161 Y176.295 E1292.56601
G1 X120.374 Y175.711 E1292.58668
G1 X120.456 Y175.144 E1292.60574
G1 X120.419 Y174.396 E1292.63065
G1 X120.113 Y173.562 E1292.66019
G1 X119.574 Y172.854 E1292.68979
G1 X118.862 Y172.345 E1292.7189
G1 X118.025 Y172.065 E1292.74826
G1 X117.41 Y172.036 E1292.76873
G1 X116.961 Y172.083 E1292.78375
G1 X116.376 Y172.248 E1292.80396
G1 X115.847 Y172.539 E1292.82405
G1 X115.326 Y172.956 E1292.84624
G1 X114.869 Y173.585 E1292.8721
G1 X114.618 Y174.282 E1292.89674
G1 X114.536 Y174.868 E1292.91642
G1 X114.568 Y175.436 E1292.93534
G1 X114.71 Y175.999 E1292.95465
G1 X114.979 Y176.552 E1292.97511
G1 X115.422 Y177.146 E1292.99975
G1 X116.134 Y177.647 E1293.02871
G1 X116.87 Y177.899 E1293.05458
G1 X117.465 Y177.96 E1293.07448
G1 X117.5 Y177.957 E1293.07565
G1 F2700 E1288.07565
G0 F9000 X117.479 Y177.697
G0 X116.376 Y177.195
G0 X115.78 Y176.767
G0 X115.407 Y176.278
G0 X115.197 Y175.838
G0 X115.076 Y175.366
G0 X115.051 Y174.877
G0 X115.125 Y174.395
G0 X115.329 Y173.833
G0 X115.7 Y173.317
G0 X115.951 Y173.114
G0 X117.399 Y172.216
G0 X117.399 Y162.276
G0 X117.5 Y162.454
G1 F2700 E1293.07565
G1 F1500 X119.379 Y162.454 E1293.13814
G1 X119.815 Y162.386 E1293.15282
G1 X120.31 Y162.208 E1293.17031
G1 X120.926 Y161.799 E1293.19491
G1 X121.311 Y161.355 E1293.21445
G1 X121.619 Y160.751 E1293.237
G1 X121.742 Y160.191 E1293.25607
G1 X121.752 Y159.66 E1293.27374
G1 X121.626 Y159.068 E1293.29387
G1 X121.406 Y158.597 E1293.31116
G1 X121.11 Y158.193 E1293.32782
G1 X120.504 Y157.66 E1293.35466
G1 X119.851 Y157.416 E1293.37784
G1 X119.369 Y157.342 E1293.39406
G1 X113.295 Y157.341 E1293.59609
G1 X112.899 Y157.381 E1293.60932
G1 X112.269 Y157.587 E1293.63137
G1 X111.691 Y157.982 E1293.65465
G1 X111.318 Y158.395 E1293.67316
G1 X110.959 Y159.076 E1293.69877
G1 F1542.4 X110.854 Y159.667 E1293.71818
G1 F1570.7 X110.862 Y160.185 E1293.73464
G1 F1530.6 X110.951 Y160.672 E1293.75078
G1 F1500 X111.165 Y161.166 E1293.76868
G1 X111.519 Y161.643 E1293.78844
G1 X111.951 Y162.023 E1293.80758
G1 X112.223 Y162.185 E1293.8181
G1 X112.787 Y162.391 E1293.83808
G1 X113.231 Y162.454 E1293.85299
G1 X117.5 Y162.454 E1293.99498
G1 F2700 E1288.99498
G0 F9000 X117.5 Y162.196
G0 X119.711 Y161.887
G0 X120.101 Y161.745
G0 X120.587 Y161.412
G0 X120.873 Y161.089
G0 X121.145 Y160.56
G0 X121.245 Y160.064
G0 X121.245 Y159.736
G0 X121.148 Y159.251
G0 X120.976 Y158.873
G0 X120.72 Y158.521
G0 X120.245 Y158.108
G0 X119.808 Y157.95
G0 X117.5 Y157.52
G0 X117.5 Y148.98
G0 X117.5 Y149.158
G1 F2700 E1293.99498
G1 F1500 X120.434 Y149.157 E1294.09256
G1 X120.884 Y148.967 E1294.10881
G1 X121.093 Y148.73 E1294.11932
G1 X121.258 Y148.323 E1294.13393
G1 X121.258 Y140.371 E1294.39841
G1 X121.218 Y140.127 E1294.40664
G1 X121.095 Y139.865 E1294.41626
G1 X120.893 Y139.638 E1294.42637
G1 X120.459 Y139.445 E1294.44217
G1 X115.177 Y139.442 E1294.61785
G1 X114.799 Y139.574 E1294.63116
G1 X114.511 Y139.857 E1294.64459
G1 X114.385 Y140.106 E1294.65387
G1 X114.341 Y140.378 E1294.66304
G1 X114.341 Y148.22 E1294.92387
G1 X114.374 Y148.455 E1294.93176
G1 X114.513 Y148.745 E1294.94245
G1 X114.823 Y149.033 E1294.95653
G1 X115.195 Y149.158 E1294.96958
G1 X117.5 Y149.158 E1295.04625
G1 F2700 E1290.04625
G0 F9000 X117.5 Y148.9
G0 X120.738 Y148.638
G0 X120.754 Y139.774
G0 X120.754 Y132.8
G0 X124.085 Y133.136
G1 F2700 E1295.04625
G1 F1500 X124.304 Y133.355 E1295.05655
G0 F9000 X124.304 Y133.921
G1 F1500 X123.544 Y133.16 E1295.09232
G0 F9000 X122.978 Y133.16
G1 F1500 X124.304 Y134.487 E1295.15471
G0 F9000 X124.304 Y135.052
G1 F1500 X122.412 Y133.16 E1295.24371
G0 F9000 X121.847 Y133.16
G1 F1500 X124.304 Y135.618 E1295.3593
G0 F9000 X124.304 Y136.184
G1 F1500 X121.281 Y133.16 E1295.50152
G0 F9000 X120.715 Y133.16
G1 F1500 X124.304 Y136.75 E1295.67035
G0 F9000 X124.304 Y137.315
G1 F1500 X120.149 Y133.16 E1295.86579
G0 F9000 X119.584 Y133.16
G1 F1500 X124.304 Y137.881 E1296.08783
G0 F9000 X124.304 Y138.447
G1 F1500 X119.018 Y133.16 E1296.33649
G0 F9000 X118.452 Y133.16
G1 F1500 X124.304 Y139.012 E1296.61175
G0 F9000 X124.304 Y139.578
G1 F1500 X117.887 Y133.16 E1296.91361
G0 F9000 X117.321 Y133.16
G1 F1500 X124.304 Y140.144 E1297.24209
G0 F9000 X124.304 Y140.709
G1 F1500 X116.755 Y133.16 E1297.59718
G0 F9000 X116.19 Y133.16
G1 F1500 X124.304 Y141.275 E1297.97886
G0 F9000 X124.304 Y141.841
G1 F1500 X115.624 Y133.16 E1298.38716
G0 F9000 X115.058 Y133.16
G1 F1500 X124.304 Y142.406 E1298.82206
G0 F9000 X124.304 Y142.972
G1 F1500 X121.404 Y140.071 E1298.9585
G0 F9000 X121.46 Y140.693
G1 F1500 X124.304 Y143.538 E1299.09229
G0 F9000 X124.304 Y144.103
G1 F1500 X121.46 Y141.259 E1299.22606
G0 F9000 X121.459 Y141.824
G1 F1500 X124.304 Y144.669 E1299.35988
G0 F9000 X124.304 Y145.235
G1 F1500 X121.459 Y142.389 E1299.49373
G0 F9000 X121.458 Y142.954
G1 F1500 X124.304 Y145.8 E1299.6276
G0 F9000 X124.304 Y146.366
G1 F1500 X121.458 Y143.519 E1299.76149
G0 F9000 X121.458 Y144.085
G1 F1500 X124.304 Y146.932 E1299.89538
G0 F9000 X124.304 Y147.498
G1 F1500 X121.457 Y144.65 E1300.02931
G0 F9000 X121.457 Y145.216
G1 F1500 X124.304 Y148.063 E1300.16323
G0 F9000 X124.304 Y148.629
G1 F1500 X121.456 Y145.781 E1300.29719
G0 F9000 X121.456 Y146.346
G1 F1500 X124.304 Y149.195 E1300.43117
G0 F9000 X124.304 Y149.76
G1 F1500 X121.455 Y146.911 E1300.56518
G0 F9000 X121.455 Y147.476
G1 F1500 X124.304 Y150.326 E1300.69921
G0 F9000 X124.304 Y150.892
G1 F1500 X121.455 Y148.042 E1300.83325
G0 F9000 X121.388 Y148.541
G1 F1500 X124.304 Y151.457 E1300.97041
G0 F9000 X124.304 Y152.023
G1 F1500 X121.191 Y148.91 E1301.11683
G0 F9000 X120.895 Y149.179
G1 F1500 X124.304 Y152.589 E1301.2772
G0 F9000 X124.304 Y153.154
G1 F1500 X120.501 Y149.351 E1301.45609
G0 F9000 X119.939 Y149.354
G1 F1500 X124.304 Y153.72 E1301.66143
G0 F9000 X124.304 Y154.286
G1 F1500 X119.373 Y149.354 E1301.89339
G0 F9000 X118.807 Y149.354
G1 F1500 X124.304 Y154.851 E1302.15195
G0 F9000 X124.304 Y155.417
G1 F1500 X118.242 Y149.355 E1302.43709
G0 F9000 X117.677 Y149.355
G1 F1500 X124.304 Y155.983 E1302.74883
G0 F9000 X124.304 Y156.548
G1 F1500 X117.111 Y149.355 E1303.08716
G0 F9000 X116.546 Y149.356
G1 F1500 X124.304 Y157.114 E1303.45207
G0 F9000 X124.304 Y157.68
G1 F1500 X115.98 Y149.356 E1303.84361
G0 F9000 X115.415 Y149.356
G1 F1500 X124.304 Y158.246 E1304.26174
G0 F9000 X124.304 Y158.811
G1 F1500 X114.56 Y149.067 E1304.72007
G0 F9000 X114.306 Y148.813
G1 F1500 X110.689 Y145.196 E1304.89021
G0 F9000 X110.689 Y145.762
G1 F1500 X124.304 Y159.377 E1305.53061
G0 F9000 X124.304 Y159.943
G1 F1500 X110.689 Y146.327 E1306.17104
G0 F9000 X110.689 Y146.893
G1 F1500 X124.304 Y160.508 E1306.81145
G0 F9000 X124.304 Y161.074
G1 F1500 X110.689 Y147.459 E1307.45186
G0 F9000 X110.689 Y148.024
G1 F1500 X119.878 Y157.213 E1307.88408
G0 F9000 X119.242 Y157.143
G1 F1500 X110.689 Y148.59 E1308.28639
G0 F9000 X110.689 Y149.156
G1 F1500 X118.677 Y157.143 E1308.6621
G0 F9000 X118.11 Y157.142
G1 F1500 X110.689 Y149.721 E1309.01116
G0 F9000 X110.689 Y150.287
G1 F1500 X117.544 Y157.142 E1309.3336
G0 F9000 X116.978 Y157.142
G1 F1500 X110.69 Y150.853 E1309.62939
G0 F9000 X110.69 Y151.419
G1 F1500 X116.412 Y157.142 E1309.89856
G0 F9000 X115.846 Y157.141
G1 F1500 X110.69 Y151.985 E1310.14108
G0 F9000 X110.69 Y152.551
G1 F1500 X115.28 Y157.14 E1310.35696
G0 F9000 X114.714 Y157.14
G1 F1500 X110.69 Y153.116 E1310.54623
G0 F9000 X110.69 Y153.682
G1 F1500 X114.148 Y157.14 E1310.70889
G0 F9000 X113.582 Y157.14
G1 F1500 X110.69 Y154.248 E1310.84492
G0 F9000 X110.69 Y154.813
G1 F1500 X113.042 Y157.166 E1310.95557
G0 F9000 X112.581 Y157.27
G1 F1500 X110.69 Y155.379 E1311.04452
G0 F9000 X110.69 Y155.945
G1 F1500 X112.162 Y157.417 E1311.11376
G0 F9000 X111.826 Y157.647
G1 F1500 X110.69 Y156.51 E1311.16721
G0 F9000 X110.69 Y157.076
G1 F1500 X111.502 Y157.888 E1311.20541
G0 F9000 X111.235 Y158.187
G1 F1500 X110.69 Y157.642 E1311.23104
G0 F9000 X110.69 Y158.207
G1 F1500 X111.015 Y158.533 E1311.24635
G0 F9000 X110.69 Y158.773
G1 F1500 X110.823 Y158.906 E1311.25261
G1 F2700 E1306.25261
G0 F9000 X111.23 Y159.117
G0 X111.021 Y159.705
G0 X110.332 Y159.705
G0 X110.69 Y161.036
G1 F2700 E1311.25261
G1 F1500 X111.171 Y161.517 E1311.27523
G0 F9000 X110.69 Y161.602
G1 F1500 X124.304 Y175.216 E1311.91559
G0 F9000 X124.304 Y175.782
G1 F1500 X110.69 Y162.168 E1312.55596
G0 F9000 X110.69 Y162.734
G1 F1500 X124.304 Y176.347 E1313.19629
G0 F9000 X124.304 Y176.913
G1 F1500 X110.69 Y163.299 E1313.83665
G0 F9000 X110.69 Y163.865
G1 F1500 X119.089 Y172.263 E1314.23169
G0 F9000 X118.16 Y171.9
G1 F1500 X110.69 Y164.431 E1314.58304
G0 F9000 X110.69 Y164.996
G1 F1500 X117.535 Y171.841 E1314.905
G0 F9000 X117.006 Y171.878
G1 F1500 X110.69 Y165.562 E1315.20209
G0 F9000 X110.69 Y166.128
G1 F1500 X116.55 Y171.987 E1315.4777
G0 F9000 X116.143 Y172.146
G1 F1500 X110.69 Y166.693 E1315.73419
G0 F9000 X110.69 Y167.259
G1 F1500 X115.777 Y172.345 E1315.97345
G0 F9000 X115.46 Y172.594
G1 F1500 X110.69 Y167.825 E1316.19779
G0 F9000 X110.69 Y168.39
G1 F1500 X115.154 Y172.854 E1316.40776
G0 F9000 X114.916 Y173.182
G1 F1500 X110.69 Y168.956 E1316.60654
G0 F9000 X110.69 Y169.522
G1 F1500 X114.683 Y173.514 E1316.79434
G0 F9000 X114.531 Y173.928
G1 F1500 X110.69 Y170.087 E1316.975
G0 F9000 X110.69 Y170.653
G1 F1500 X114.404 Y174.367 E1317.1497
G0 F9000 X114.336 Y174.864
G1 F1500 X110.69 Y171.219 E1317.32117
G0 F9000 X110.691 Y171.785
G1 F1500 X114.37 Y175.464 E1317.49422
G0 F9000 X114.62 Y176.28
G1 F1500 X110.691 Y172.351 E1317.67903
G0 F9000 X110.691 Y172.917
G1 F1500 X119.112 Y181.338 E1318.07513
G0 F9000 X118.546 Y181.338
G1 F1500 X110.691 Y173.482 E1318.44463
G0 F9000 X110.691 Y174.048
G1 F1500 X117.981 Y181.338 E1318.78753
G0 F9000 X117.414 Y181.337
G1 F1500 X110.691 Y174.614 E1319.10376
G0 F9000 X110.691 Y175.179
G1 F1500 X116.849 Y181.337 E1319.39341
G0 F9000 X116.283 Y181.337
G1 F1500 X110.691 Y175.745 E1319.65644
G0 F9000 X110.691 Y176.311
G1 F1500 X115.717 Y181.337 E1319.89285
G0 F9000 X115.152 Y181.337
G1 F1500 X110.691 Y176.876 E1320.10268
G0 F9000 X110.691 Y177.442
G1 F1500 X114.586 Y181.337 E1320.28589
G0 F9000 X114.02 Y181.336
G1 F1500 X110.691 Y178.008 E1320.44245
G0 F9000 X110.691 Y178.573
G1 F1500 X113.454 Y181.336 E1320.57241
G0 F9000 X112.888 Y181.336
G1 F1500 X110.691 Y179.139 E1320.67575
G0 F9000 X110.691 Y179.705
G1 F1500 X112.322 Y181.336 E1320.75247
G0 F9000 X111.757 Y181.336
G1 F1500 X110.691 Y180.271 E1320.80259
G0 F9000 X110.691 Y180.836
G1 F1500 X111.191 Y181.336 E1320.82611
G1 F2700 E1315.82611
G0 F9000 X111.19 Y181.799
G0 X116.384 Y181.719
G0 X116.885 Y177.72
G0 X116.236 Y177.896
G1 F2700 E1320.82611
G1 F1500 X119.678 Y181.338 E1320.98801
G0 F9000 X120.244 Y181.338
G1 F1500 X117.023 Y178.117 E1321.13951
G0 F9000 X117.619 Y178.147
G1 F1500 X120.809 Y181.338 E1321.28959
G0 F9000 X121.376 Y181.338
G1 F1500 X118.127 Y178.09 E1321.44238
G0 F9000 X118.572 Y177.969
G1 F1500 X121.941 Y181.338 E1321.60085
G0 F9000 X122.507 Y181.338
G1 F1500 X118.968 Y177.799 E1321.76732
G0 F9000 X119.312 Y177.578
G1 F1500 X123.073 Y181.338 E1321.9442
G0 F9000 X123.638 Y181.338
G1 F1500 X119.642 Y177.342 E1322.13216
G0 F9000 X119.908 Y177.043
G1 F1500 X124.204 Y181.338 E1322.33421
G0 F9000 X124.304 Y180.873
G1 F1500 X120.145 Y176.714 E1322.52983
G0 F9000 X120.35 Y176.352
G1 F1500 X124.304 Y180.307 E1322.71584
G0 F9000 X124.304 Y179.742
G1 F1500 X120.501 Y175.938 E1322.89474
G0 F9000 X120.608 Y175.48
G1 F1500 X124.304 Y179.176 E1323.06859
G0 F9000 X124.304 Y178.61
G1 F1500 X120.646 Y174.952 E1323.24065
G0 F9000 X120.617 Y174.357
G1 F1500 X124.304 Y178.045 E1323.4141
G0 F9000 X124.304 Y177.479
G1 F1500 X120.292 Y173.466 E1323.60284
G1 F2700 E1318.60284
G0 F9000 X119.869 Y173.695
G0 X120.242 Y174.433
G0 X121.355 Y181.739
G0 X124.304 Y173.519
G1 F2700 E1323.60284
G1 F1500 X113.438 Y162.652 E1324.11397
G0 F9000 X114.003 Y162.652
G1 F1500 X124.304 Y172.953 E1324.59849
G0 F9000 X124.304 Y172.388
G1 F1500 X114.57 Y162.653 E1325.05637
G0 F9000 X115.136 Y162.654
G1 F1500 X124.304 Y171.822 E1325.48761
G0 F9000 X124.304 Y171.256
G1 F1500 X115.702 Y162.654 E1325.89222
G0 F9000 X116.268 Y162.654
G1 F1500 X124.304 Y170.691 E1326.27023
G0 F9000 X124.304 Y170.125
G1 F1500 X116.835 Y162.655 E1326.62157
G0 F9000 X117.4 Y162.655
G1 F1500 X124.304 Y169.559 E1326.94632
G0 F9000 X124.304 Y168.994
G1 F1500 X117.967 Y162.656 E1327.24441
G0 F9000 X118.533 Y162.656
G1 F1500 X124.304 Y168.428 E1327.51589
G0 F9000 X124.304 Y167.862
G1 F1500 X119.099 Y162.656 E1327.76074
G0 F9000 X119.625 Y162.618
G1 F1500 X124.304 Y167.297 E1327.98082
G0 F9000 X124.304 Y166.731
G1 F1500 X120.08 Y162.507 E1328.17951
G0 F9000 X120.48 Y162.341
G1 F1500 X124.304 Y166.165 E1328.35938
G0 F9000 X124.304 Y165.599
G1 F1500 X120.819 Y162.114 E1328.5233
G0 F9000 X121.135 Y161.865
G1 F1500 X124.304 Y165.034 E1328.67236
G0 F9000 X124.304 Y164.468
G1 F1500 X121.401 Y161.565 E1328.80891
G0 F9000 X121.61 Y161.208
G1 F1500 X124.304 Y163.902 E1328.93563
G0 F9000 X124.304 Y163.337
G1 F1500 X121.801 Y160.834 E1329.05336
G0 F9000 X121.908 Y160.375
G1 F1500 X124.304 Y162.771 E1329.16606
G0 F9000 X124.304 Y162.205
G1 F1500 X121.951 Y159.852 E1329.27674
G0 F9000 X121.861 Y159.197
G1 F1500 X124.304 Y161.64 E1329.39165
G1 F2700 E1324.39165
G0 F9000 X124.764 Y161.64
G0 X124.692 Y181.728
G0 X121.355 Y181.739
G0 X120.807 Y161.664
G0 X112.817 Y162.597
G1 F2700 E1329.39165
G1 F1500 X124.304 Y174.085 E1329.93199
G0 F9000 X124.304 Y174.65
G1 F1500 X111.841 Y162.187 E1330.51821
G1 F2700 E1325.51821
G0 F9000 X112.119 Y161.822
G0 X111.452 Y160.549
G0 X111.355 Y160.064
G0 X111.355 Y159.736
G0 X111.455 Y159.24
G0 X111.727 Y158.711
G0 X112.013 Y158.388
G0 X112.505 Y158.052
G0 X114.6 Y157.52
G0 X115.223 Y148.981
G0 X114.143 Y148.084
G1 F2700 E1330.51821
G1 F1500 X110.689 Y144.63 E1330.68067
G0 F9000 X110.689 Y144.065
G1 F1500 X114.143 Y147.518 E1330.84312
G0 F9000 X114.143 Y146.952
G1 F1500 X110.689 Y143.499 E1331.00556
G0 F9000 X110.689 Y142.933
G1 F1500 X114.143 Y146.387 E1331.16802
G0 F9000 X114.143 Y145.821
G1 F1500 X110.689 Y142.367 E1331.33049
G0 F9000 X110.689 Y141.802
G1 F1500 X114.142 Y145.255 E1331.49291
G0 F9000 X114.142 Y144.689
G1 F1500 X110.688 Y141.235 E1331.65537
G0 F9000 X110.688 Y140.67
G1 F1500 X114.142 Y144.123 E1331.81782
G0 F9000 X114.142 Y143.558
G1 F1500 X110.688 Y140.104 E1331.98028
G0 F9000 X110.688 Y139.538
G1 F1500 X114.141 Y142.991 E1332.1427
G0 F9000 X114.141 Y142.425
G1 F1500 X110.688 Y138.973 E1332.30509
G0 F9000 X110.688 Y138.407
G1 F1500 X114.141 Y141.86 E1332.46751
G0 F9000 X114.141 Y141.294
G1 F1500 X110.688 Y137.841 E1332.62993
G0 F9000 X110.688 Y137.276
G1 F1500 X114.141 Y140.728 E1332.79233
G0 F9000 X114.165 Y140.187
G1 F1500 X110.688 Y136.71 E1332.95587
G0 F9000 X110.688 Y136.144
G1 F1500 X114.314 Y139.77 E1333.12643
G0 F9000 X114.599 Y139.49
G1 F1500 X110.688 Y135.579 E1333.31039
G0 F9000 X110.688 Y135.013
G1 F1500 X114.976 Y139.301 E1333.51209
G0 F9000 X115.485 Y139.244
G1 F1500 X110.688 Y134.447 E1333.73772
G0 F9000 X110.688 Y133.881
G1 F1500 X116.05 Y139.243 E1333.98993
G0 F9000 X116.616 Y139.243
G1 F1500 X110.688 Y133.316 E1334.26875
G0 F9000 X111.098 Y133.16
G1 F1500 X117.181 Y139.243 E1334.55487
G0 F9000 X117.746 Y139.242
G1 F1500 X111.664 Y133.16 E1334.84095
G0 F9000 X112.23 Y133.16
G1 F1500 X118.311 Y139.241 E1335.12698
G0 F9000 X118.877 Y139.241
G1 F1500 X112.796 Y133.16 E1335.41301
G0 F9000 X113.361 Y133.16
G1 F1500 X119.442 Y139.241 E1335.69904
G0 F9000 X120.007 Y139.24
G1 F1500 X113.927 Y133.16 E1335.98503
G0 F9000 X114.493 Y133.16
G1 F1500 X120.632 Y139.299 E1336.27379
G1 F2700 E1331.27379
;MESH:NONMESH
G0 F300 X120.632 Y139.299 Z1.6
G0 F9000 X120.44 Y139.718
G0 X115.208 Y139.619
G0 X104 Y51.7
;TIME_ELAPSED:2081.689059
;LAYER:7
;TYPE:SUPPORT
G1 F2700 E1336.27379
G1 F1500 X102.381 Y51.7 E1336.32764
G1 X102.381 Y183.3 E1340.70467
G1 X104 Y183.3 E1340.75852
G1 X104 Y51.7 E1345.13555
G1 X106 Y51.7 E1345.20207
G1 X106 Y183.3 E1349.57911
G1 X108 Y183.3 E1349.64563
G1 X108 Y51.7 E1354.02266
G1 X108.416 Y51.7 E1354.0365
G1 X108.417 Y183.3 E1358.41353
G1 X108 Y183.3 E1358.4274
G1 F2700 E1353.4274
G0 F9000 X108 Y184.165
G0 X132 Y184.165
G0 X132 Y183.3
G1 F2700 E1358.4274
G1 F1500 X132.618 Y183.3 E1358.44795
G1 X132.618 Y51.7 E1362.82499
G1 X132 Y51.7 E1362.84554
G1 X132 Y183.3 E1367.22258
G1 X130 Y183.3 E1367.2891
G1 X130 Y51.7 E1371.66613
G1 X128 Y51.7 E1371.73265
G1 X128 Y183.3 E1376.10969
G1 X126.583 Y183.3 E1376.15681
G1 X126.583 Y51.7 E1380.53385
G1 X128 Y51.7 E1380.58098
G1 F2700 E1375.58098
;MESH:btncover.stl
G0 F9000 X119.956 Y58.656
G0 X117.452 Y62.6
;TYPE:WALL-INNER
G1 F2700 E1380.58098
G1 F1500 X116.923 Y62.538 E1380.59869
G1 X116.308 Y62.324 E1380.62035
G1 X115.694 Y61.896 E1380.64524
G1 X115.277 Y61.355 E1380.66796
G1 X115.055 Y60.896 E1380.68492
G1 X114.928 Y60.4 E1380.70195
G1 X114.893 Y59.749 E1380.72363
G1 X115.044 Y59.103 E1380.7457
G1 X115.261 Y58.678 E1380.76157
G1 X115.59 Y58.205 E1380.78073
G1 X116.074 Y57.819 E1380.80133
G1 X116.536 Y57.578 E1380.81866
G1 X117.034 Y57.434 E1380.8359
G1 X117.463 Y57.4 E1380.85021
G1 X117.831 Y57.419 E1380.86247
G1 X118.325 Y57.531 E1380.87932
G1 X118.785 Y57.734 E1380.89604
G1 X119.323 Y58.116 E1380.91798
G1 X119.796 Y58.743 E1380.94411
G1 X120.021 Y59.34 E1380.96533
G1 X120.099 Y59.87 E1380.98314
G1 X120.068 Y60.404 E1381.00094
G1 X119.986 Y60.774 E1381.01354
G1 X119.786 Y61.245 E1381.03056
G1 X119.489 Y61.678 E1381.04802
G1 X119.125 Y62.037 E1381.06503
G1 X118.57 Y62.382 E1381.08676
G1 X117.948 Y62.56 E1381.10828
G1 X117.452 Y62.6 E1381.12483
G1 F2700 E1376.12483
G0 F9000 X117.413 Y103.22
G0 X117.5 Y117.599
G1 F2700 E1381.12483
G1 F1500 X110.948 Y117.598 E1381.34275
G1 X110.742 Y117.542 E1381.34985
G1 X110.409 Y117.103 E1381.36818
G1 F1515.2 X110.404 Y104 E1381.79963
G1 X110.64 Y103.52 E1381.81724
G1 F1500 X111 Y103.4 E1381.82986
G1 X124 Y103.4 E1382.26224
G1 X124.361 Y103.519 E1382.27489
G1 F1519 X124.595 Y104 E1382.29245
G1 F1530.6 X124.59 Y117.103 E1382.71955
G1 F1507.5 X124.258 Y117.543 E1382.73779
G1 F1500 X124 Y117.6 E1382.74658
G1 X117.5 Y117.599 E1382.96277
G1 F2700 E1377.96277
G0 F9000 X117.505 Y118.59
G0 X117.5 Y132.6
G1 F2700 E1382.96277
G1 F1500 X111 Y132.6 E1383.17896
G1 X110.64 Y132.48 E1383.19158
G1 X110.409 Y132.103 E1383.20628
G1 F1515.2 X110.404 Y119 E1383.63773
G1 X110.742 Y118.458 E1383.65877
G1 F1500 X110.948 Y118.402 E1383.66587
G1 X124 Y118.4 E1384.09998
G1 X124.258 Y118.457 E1384.10877
G1 F1519 X124.595 Y119 E1384.12976
G1 F1530.6 X124.59 Y132.103 E1384.55685
G1 F1507.5 X124.361 Y132.481 E1384.57147
G1 F1500 X124 Y132.6 E1384.58412
G1 X117.5 Y132.6 E1384.80031
G1 F2700 E1379.80031
G0 F9000 X117.5 Y139.62
G0 X117.5 Y148.8
G1 F2700 E1384.80031
G1 F1500 X115.233 Y148.8 E1384.87571
G1 X114.992 Y148.716 E1384.8842
G1 X114.789 Y148.516 E1384.89367
G1 X114.7 Y148.316 E1384.90096
G1 X114.7 Y140.4 E1385.16424
G1 X114.784 Y140.092 E1385.17486
G1 X114.979 Y139.892 E1385.18415
G1 X115.229 Y139.8 E1385.19301
G1 X120.3 Y139.8 E1385.36167
G1 X120.562 Y139.859 E1385.37061
G1 X120.793 Y140.057 E1385.38073
G1 X120.872 Y140.216 E1385.38663
G1 X120.9 Y140.4 E1385.39282
G1 X120.9 Y148.273 E1385.65468
G1 X120.788 Y148.551 E1385.66465
G1 X120.673 Y148.671 E1385.67017
G1 X120.389 Y148.8 E1385.68055
G1 X117.5 Y148.8 E1385.77664
G1 F2700 E1380.77664
G0 F9000 X117.5 Y157.52
G0 X117.5 Y162.097
G1 F2700 E1385.77664
G1 F1500 X113.226 Y162.1 E1385.91879
G1 X112.891 Y162.039 E1385.93012
G1 X112.346 Y161.853 E1385.94927
G1 X111.897 Y161.514 E1385.96798
G1 X111.536 Y161.099 E1385.98628
G1 X111.305 Y160.589 E1386.0049
G1 X111.212 Y160.124 E1386.02067
G1 X111.203 Y159.722 E1386.03404
G1 X111.308 Y159.187 E1386.05218
G1 X111.601 Y158.621 E1386.07338
G1 X111.912 Y158.27 E1386.08897
G1 X112.428 Y157.917 E1386.10977
G1 X112.857 Y157.762 E1386.12494
G1 X113.224 Y157.706 E1386.13729
G1 X119.333 Y157.7 E1386.34047
G1 X119.741 Y157.763 E1386.3542
G1 X120.159 Y157.914 E1386.36899
G1 X120.612 Y158.205 E1386.38689
G1 X121.035 Y158.645 E1386.40719
G1 X121.291 Y159.207 E1386.42773
G1 X121.397 Y159.717 E1386.44506
G1 X121.388 Y160.124 E1386.4586
G1 X121.288 Y160.609 E1386.47507
G1 X121 Y161.174 E1386.49616
G1 X120.574 Y161.651 E1386.51743
G1 X119.963 Y161.964 E1386.54027
G1 X119.452 Y162.096 E1386.55782
G1 X117.5 Y162.097 E1386.62274
G1 F2700 E1381.62274
G0 F9000 X117.473 Y172.219
G0 X117.5 Y177.596
G1 F2700 E1386.62274
G1 F1500 X117.448 Y177.6 E1386.62448
G1 X116.921 Y177.541 E1386.64212
G1 X116.302 Y177.328 E1386.66389
G1 X115.672 Y176.88 E1386.6896
G1 X115.275 Y176.352 E1386.71157
G1 X115.055 Y175.896 E1386.72841
G1 X114.928 Y175.4 E1386.74544
G1 X114.893 Y174.749 E1386.76713
G1 X115.044 Y174.103 E1386.78919
G1 X115.261 Y173.678 E1386.80506
G1 X115.586 Y173.207 E1386.8241
G1 X116.074 Y172.819 E1386.84483
G1 X116.535 Y172.578 E1386.86213
G1 X117.029 Y172.434 E1386.87925
G1 X117.463 Y172.4 E1386.89373
G1 X117.831 Y172.419 E1386.90598
G1 X118.292 Y172.524 E1386.92171
G1 X118.784 Y172.733 E1386.93949
G1 X119.336 Y173.133 E1386.96216
G1 X119.796 Y173.744 E1386.9876
G1 X120.021 Y174.34 E1387.00879
G1 X120.099 Y174.87 E1387.0266
G1 X120.068 Y175.404 E1387.0444
G1 X119.986 Y175.774 E1387.057
G1 X119.785 Y176.247 E1387.07409
G1 X119.479 Y176.685 E1387.09186
G1 X119.128 Y177.033 E1387.1083
G1 X118.575 Y177.386 E1387.13012
G1 X117.946 Y177.563 E1387.15186
G1 X117.5 Y177.596 E1387.16673
G1 F2700 E1382.16673
G0 F9000 X117.448 Y181.7
G0 X117.5 Y181.9
G1 F2700 E1387.16673
G1 F1500 X124.98 Y181.9 E1387.41552
G1 X124.98 Y53.1 E1391.69942
G1 X110.016 Y53.1 E1392.19713
G1 X110.016 Y181.9 E1396.48103
G1 X117.5 Y181.9 E1396.72995
G0 F9000 X117.5 Y182.3
;TYPE:WALL-OUTER
G1 F1500 X125.38 Y182.3 E1396.99204
G1 X125.38 Y52.7 E1401.30256
G1 X109.616 Y52.7 E1401.82687
G1 X109.616 Y182.3 E1406.13738
G1 X117.5 Y182.3 E1406.39961
G1 F2700 E1401.39961
G0 F9000 X117.5 Y181.99
G0 X117.522 Y181.7
G0 X117.448 Y177.781
G0 X117.5 Y177.194
G1 F2700 E1406.39961
G1 F1500 X117.423 Y177.199 E1406.40217
G1 X116.99 Y177.142 E1406.4167
G1 X116.488 Y176.969 E1406.43436
G1 X115.955 Y176.59 E1406.45611
G1 X115.611 Y176.128 E1406.47527
G1 X115.439 Y175.772 E1406.48842
G1 X115.322 Y175.331 E1406.50359
G1 X115.295 Y174.789 E1406.52164
G1 X115.433 Y174.22 E1406.54112
G1 X115.617 Y173.86 E1406.55456
G1 X115.88 Y173.485 E1406.5698
G1 X116.311 Y173.146 E1406.58804
G1 X116.699 Y172.947 E1406.60254
G1 X117.12 Y172.828 E1406.61709
G1 X117.412 Y172.8 E1406.62685
G1 X117.793 Y172.82 E1406.63954
G1 X118.188 Y172.91 E1406.65301
G1 X118.604 Y173.096 E1406.66817
G1 X119.039 Y173.407 E1406.68595
G1 X119.442 Y173.939 E1406.70815
G1 X119.624 Y174.421 E1406.72529
G1 X119.696 Y174.906 E1406.74159
G1 X119.674 Y175.335 E1406.75588
G1 X119.597 Y175.667 E1406.76722
G1 X119.441 Y176.035 E1406.78051
G1 X119.179 Y176.421 E1406.79603
G1 X118.889 Y176.707 E1406.80957
G1 X118.411 Y177.017 E1406.82852
G1 X117.861 Y177.168 E1406.84749
G1 X117.5 Y177.194 E1406.85953
G1 F2700 E1401.85953
G0 F9000 X117.522 Y177.505
G0 X118.512 Y177.249
G0 X119.028 Y176.917
G0 X119.378 Y176.576
G0 X119.653 Y176.173
G0 X119.925 Y175.36
G0 X119.949 Y174.877
G0 X119.872 Y174.381
G0 X119.665 Y173.817
G0 X119.215 Y173.227
G0 X118.929 Y173.025
G0 X117.473 Y172.219
G0 X117.467 Y162.297
G0 X117.5 Y161.696
G1 F2700 E1406.85953
G1 F1500 X113.248 Y161.697 E1407.00095
G1 X112.932 Y161.637 E1407.01165
G1 X112.536 Y161.495 E1407.02564
G1 X112.187 Y161.232 E1407.04018
G1 X111.876 Y160.882 E1407.05575
G1 X111.683 Y160.443 E1407.0717
G1 X111.606 Y160.055 E1407.08486
G1 X111.607 Y159.737 E1407.09544
G1 X111.688 Y159.321 E1407.10953
G1 X111.922 Y158.871 E1407.1264
G1 X112.199 Y158.558 E1407.1403
G1 X112.636 Y158.267 E1407.15776
G1 X112.936 Y158.159 E1407.16837
G1 X113.285 Y158.102 E1407.18013
G1 X119.311 Y158.102 E1407.38056
G1 X119.627 Y158.15 E1407.39119
G1 X120.001 Y158.287 E1407.40444
G1 X120.337 Y158.503 E1407.41772
G1 X120.699 Y158.872 E1407.43491
G1 X120.912 Y159.351 E1407.45235
G1 X120.992 Y159.735 E1407.4654
G1 X120.994 Y160.055 E1407.47604
G1 X120.895 Y160.499 E1407.49117
G1 X120.65 Y160.966 E1407.50871
G1 X120.322 Y161.328 E1407.52496
G1 X119.798 Y161.594 E1407.5445
G1 X119.377 Y161.696 E1407.55891
G1 X117.5 Y161.696 E1407.62134
G1 F2700 E1402.62134
G0 F9000 X117.5 Y162.01
G0 X119.435 Y161.948
G0 X119.908 Y161.827
G0 X120.483 Y161.53
G0 X120.873 Y161.089
G0 X121.145 Y160.56
G0 X121.245 Y160.064
G0 X121.245 Y159.736
G0 X121.148 Y159.251
G0 X120.913 Y158.732
G0 X120.514 Y158.325
G0 X120.095 Y158.054
G0 X117.5 Y157.52
G0 X117.5 Y148.98
G0 X117.5 Y148.397
G1 F2700 E1407.62134
G1 F1500 X115.216 Y148.398 E1407.69731
G1 X115.1 Y148.24 E1407.70382
G1 X115.1 Y140.361 E1407.96588
G1 X115.193 Y140.23 E1407.97122
G1 X115.265 Y140.203 E1407.97378
G1 X120.348 Y140.205 E1408.14284
G1 X120.428 Y140.245 E1408.14582
G1 X120.5 Y140.351 E1408.15008
G1 X120.498 Y148.235 E1408.4123
G1 X120.425 Y148.357 E1408.41703
G1 X120.343 Y148.396 E1408.42005
G1 X117.5 Y148.397 E1408.51461
G1 F2700 E1403.51461
G0 F9000 X117.5 Y148.71
G0 X114.862 Y148.638
G0 X114.862 Y139.962
G0 X117.5 Y139.62
G0 X117.5 Y132.78
G0 X117.5 Y132.2
G1 F2700 E1408.51461
G1 F1500 X111 Y132.2 E1408.7308
G1 X110.88 Y132.16 E1408.73501
G1 X110.803 Y132.035 E1408.73989
G1 X110.8 Y119 E1409.17344
G1 X110.926 Y118.8 E1409.1813
G1 X124.077 Y118.805 E1409.6187
G1 X124.2 Y119 E1409.62637
G1 X124.198 Y132.035 E1410.05992
G1 X124.121 Y132.161 E1410.06483
G1 X124 Y132.2 E1410.06906
G1 X117.5 Y132.2 E1410.28525
G1 F2700 E1405.28525
G0 F9000 X117.5 Y132.51
G0 X110.562 Y132.438
G0 X110.562 Y118.562
G0 X117.052 Y118.55
G0 X117.056 Y117.779
G0 X117.054 Y117.197
G1 F2700 E1410.28525
G1 F1500 X110.928 Y117.2 E1410.489
G1 X110.803 Y117.035 E1410.49588
G1 X110.8 Y104 E1410.92943
G1 X110.88 Y103.84 E1410.93538
G1 X111 Y103.8 E1410.93959
G1 X124 Y103.8 E1411.37197
G1 X124.121 Y103.839 E1411.3762
G1 X124.2 Y104 E1411.38216
G1 X124.198 Y117.035 E1411.81571
G1 X124.075 Y117.195 E1411.82242
G1 X117.054 Y117.197 E1412.05594
G1 F2700 E1407.05594
G0 F9000 X117.054 Y117.51
G0 X110.562 Y117.438
G0 X110.562 Y103.562
G0 X117.487 Y103.22
G0 X117.413 Y62.784
G0 X117.465 Y62.2
G1 F2700 E1412.05594
G1 F1500 X117.011 Y62.148 E1412.07114
G1 X116.488 Y61.969 E1412.08952
G1 X115.957 Y61.589 E1412.11124
G1 X115.611 Y61.128 E1412.13041
G1 X115.439 Y60.772 E1412.14356
G1 X115.322 Y60.331 E1412.15874
G1 X115.295 Y59.789 E1412.17679
G1 X115.433 Y59.22 E1412.19626
G1 X115.617 Y58.86 E1412.20971
G1 X115.874 Y58.496 E1412.22453
G1 X116.311 Y58.146 E1412.24315
G1 X116.699 Y57.947 E1412.25765
G1 X117.12 Y57.828 E1412.2722
G1 X117.412 Y57.8 E1412.28196
G1 X117.793 Y57.82 E1412.29465
G1 X118.181 Y57.908 E1412.30788
G1 X118.604 Y58.096 E1412.32328
G1 X119.041 Y58.406 E1412.3411
G1 X119.442 Y58.939 E1412.36328
G1 X119.624 Y59.421 E1412.38042
G1 X119.696 Y59.906 E1412.39673
G1 X119.674 Y60.335 E1412.41102
G1 X119.597 Y60.667 E1412.42235
G1 X119.441 Y61.035 E1412.43565
G1 X119.169 Y61.431 E1412.45162
G1 X118.889 Y61.707 E1412.4647
G1 X118.409 Y62.016 E1412.48369
G1 X117.879 Y62.166 E1412.50201
G1 X117.465 Y62.2 E1412.51582
G1 F2700 E1407.51582
G0 F9000 X117.487 Y62.508
G0 X116.883 Y62.714
G0 X110.168 Y105.837
G0 X110.372 Y103.3
;TYPE:SKIN
G1 F2700 E1412.51582
G1 F1500 X110.376 Y53.46 E1414.17351
G1 X124.62 Y53.46 E1414.64727
G1 X124.624 Y103.293 E1416.30472
G1 X124.514 Y103.197 E1416.30957
G1 X124.026 Y103.04 E1416.32662
G1 X110.97 Y103.04 E1416.76087
G1 X110.485 Y103.202 E1416.77788
G1 X110.372 Y103.3 E1416.78285
G1 F2700 E1411.78285
G0 F9000 X110.116 Y103.297
G0 X110.168 Y105.837
G0 X115.544 Y62.012
G0 X117.415 Y62.96
G1 F2700 E1416.78285
G1 F1500 X117.992 Y62.916 E1416.8021
G1 X118.716 Y62.72 E1416.82705
G1 X119.332 Y62.329 E1416.85131
G1 X119.778 Y61.893 E1416.87206
G1 X120.09 Y61.437 E1416.89043
G1 X120.336 Y60.852 E1416.91154
G1 X120.42 Y60.476 E1416.92436
G1 X120.46 Y59.869 E1416.94459
G1 X120.364 Y59.225 E1416.96624
G1 X120.118 Y58.571 E1416.98948
G1 X119.574 Y57.851 E1417.0195
G1 X118.945 Y57.409 E1417.04507
G1 X118.42 Y57.18 E1417.06412
G1 X117.9 Y57.064 E1417.08184
G1 X117.413 Y57.04 E1417.09806
G1 X116.973 Y57.082 E1417.11276
G1 X116.415 Y57.235 E1417.132
G1 X115.867 Y57.523 E1417.15259
G1 X115.319 Y57.963 E1417.17597
G1 X114.977 Y58.439 E1417.19546
G1 X114.713 Y58.957 E1417.2148
G1 X114.532 Y59.736 E1417.2414
G1 X114.571 Y60.459 E1417.26548
G1 X114.71 Y61.002 E1417.28412
G1 X114.955 Y61.52 E1417.30318
G1 X115.418 Y62.141 E1417.32894
G1 X116.138 Y62.651 E1417.35829
G1 X116.82 Y62.882 E1417.38224
G1 X117.415 Y62.96 E1417.4022
G1 F2700 E1412.4022
G0 F9000 X117.415 Y62.704
G0 X116.376 Y62.195
G0 X115.78 Y61.767
G0 X115.407 Y61.278
G0 X115.197 Y60.838
G0 X115.076 Y60.366
G0 X115.126 Y58.546
G0 X110.188 Y53.272
G0 X110.576 Y54.039
G1 F2700 E1417.4022
G1 F1500 X110.955 Y53.66 E1417.42003
G0 F9000 X111.521 Y53.66
G1 F1500 X110.576 Y54.604 E1417.46445
G0 F9000 X110.576 Y55.17
G1 F1500 X112.086 Y53.66 E1417.53548
G0 F9000 X112.652 Y53.66
G1 F1500 X110.576 Y55.736 E1417.63313
G0 F9000 X110.576 Y56.301
G1 F1500 X113.218 Y53.66 E1417.75738
G0 F9000 X113.783 Y53.66
G1 F1500 X110.576 Y56.867 E1417.90822
G0 F9000 X110.576 Y57.433
G1 F1500 X114.349 Y53.66 E1418.08569
G0 F9000 X114.915 Y53.66
G1 F1500 X110.576 Y57.998 E1418.28976
G0 F9000 X110.576 Y58.564
G1 F1500 X115.48 Y53.66 E1418.52043
G0 F9000 X116.046 Y53.66
G1 F1500 X110.576 Y59.13 E1418.77772
G0 F9000 X110.576 Y59.695
G1 F1500 X116.612 Y53.66 E1419.06162
G0 F9000 X117.177 Y53.66
G1 F1500 X110.576 Y60.261 E1419.37211
G0 F9000 X110.576 Y60.827
G1 F1500 X117.743 Y53.66 E1419.70922
G0 F9000 X118.309 Y53.66
G1 F1500 X110.576 Y61.392 E1420.07293
G0 F9000 X110.575 Y61.959
G1 F1500 X118.875 Y53.66 E1420.46332
G0 F9000 X119.44 Y53.66
G1 F1500 X115.668 Y57.432 E1420.64074
G0 F9000 X115.951 Y57.788
G0 X115.295 Y58.448
G0 X114.921 Y58.179
G1 F1500 X110.575 Y62.525 E1420.84516
G0 F9000 X110.575 Y63.09
G1 F1500 X114.439 Y59.227 E1421.02689
G0 F9000 X114.341 Y59.891
G1 F1500 X110.575 Y63.656 E1421.20401
G0 F9000 X110.575 Y64.222
G1 F1500 X114.37 Y60.427 E1421.38251
G0 F9000 X114.474 Y60.888
G1 F1500 X110.575 Y64.787 E1421.56591
G0 F9000 X110.575 Y65.353
G1 F1500 X114.627 Y61.301 E1421.7565
G0 F9000 X114.817 Y61.677
G1 F1500 X110.575 Y65.919 E1421.95603
G0 F9000 X110.575 Y66.484
G1 F1500 X115.06 Y61.999 E1422.16699
G0 F9000 X115.314 Y62.312
G1 F1500 X110.575 Y67.05 E1422.38988
G0 F9000 X110.575 Y67.616
G1 F1500 X115.645 Y62.546 E1422.62836
G0 F9000 X115.978 Y62.779
G1 F1500 X110.575 Y68.181 E1422.88247
G0 F9000 X110.575 Y68.747
G1 F1500 X116.38 Y62.942 E1423.15552
G0 F9000 X116.803 Y63.085
G1 F1500 X110.575 Y69.313 E1423.44847
G0 F9000 X110.575 Y69.878
G1 F1500 X117.307 Y63.147 E1423.7651
G0 F9000 X117.896 Y63.123
G1 F1500 X110.575 Y70.445 E1424.10948
G0 F9000 X110.575 Y71.01
G1 F1500 X118.638 Y62.947 E1424.48874
G0 F9000 X118.518 Y62.507
G0 X120.005 Y60.985
G0 X120.422 Y61.163
G1 F1500 X124.42 Y57.165 E1424.67679
G0 F9000 X124.42 Y57.73
G1 F1500 X110.575 Y71.576 E1425.32804
G0 F9000 X110.575 Y72.142
G1 F1500 X124.42 Y58.296 E1425.97929
G0 F9000 X124.42 Y58.862
G1 F1500 X110.575 Y72.708 E1426.63054
G0 F9000 X110.575 Y73.273
G1 F1500 X124.42 Y59.427 E1427.28179
G0 F9000 X124.42 Y59.993
G1 F1500 X110.575 Y73.839 E1427.93304
G0 F9000 X110.575 Y74.405
G1 F1500 X124.42 Y60.559 E1428.58429
G0 F9000 X124.42 Y61.124
G1 F1500 X110.575 Y74.97 E1429.23554
G0 F9000 X110.575 Y75.536
G1 F1500 X124.42 Y61.69 E1429.88679
G0 F9000 X124.42 Y62.256
G1 F1500 X110.575 Y76.102 E1430.53804
G0 F9000 X110.575 Y76.667
G1 F1500 X124.42 Y62.821 E1431.18929
G0 F9000 X124.42 Y63.387
G1 F1500 X110.575 Y77.233 E1431.84054
G0 F9000 X110.575 Y77.799
G1 F1500 X124.421 Y63.952 E1432.49184
G0 F9000 X124.421 Y64.518
G1 F1500 X110.574 Y78.365 E1433.14316
G0 F9000 X110.574 Y78.931
G1 F1500 X124.421 Y65.084 E1433.79448
G0 F9000 X124.421 Y65.649
G1 F1500 X110.574 Y79.496 E1434.4458
G0 F9000 X110.574 Y80.062
G1 F1500 X124.421 Y66.215 E1435.09712
G0 F9000 X124.421 Y66.781
G1 F1500 X110.574 Y80.628 E1435.74844
G0 F9000 X110.574 Y81.194
G1 F1500 X124.421 Y67.346 E1436.39978
G0 F9000 X124.421 Y67.912
G1 F1500 X110.574 Y81.759 E1437.0511
G0 F9000 X110.574 Y82.325
G1 F1500 X124.421 Y68.478 E1437.70242
G0 F9000 X124.421 Y69.043
G1 F1500 X110.574 Y82.891 E1438.35377
G0 F9000 X110.574 Y83.456
G1 F1500 X124.421 Y69.609 E1439.00509
G0 F9000 X124.421 Y70.175
G1 F1500 X110.574 Y84.022 E1439.65641
G0 F9000 X110.574 Y84.588
G1 F1500 X124.421 Y70.74 E1440.30775
G0 F9000 X124.421 Y71.306
G1 F1500 X110.574 Y85.153 E1440.95907
G0 F9000 X110.574 Y85.719
G1 F1500 X124.421 Y71.872 E1441.61039
G0 F9000 X124.421 Y72.437
G1 F1500 X110.574 Y86.285 E1442.26174
G0 F9000 X110.573 Y86.851
G1 F1500 X124.421 Y73.003 E1442.9131
G0 F9000 X124.422 Y73.568
G1 F1500 X110.573 Y87.417 E1443.56452
G0 F9000 X110.573 Y87.982
G1 F1500 X124.422 Y74.134 E1444.21591
G0 F9000 X124.422 Y74.699
G1 F1500 X110.573 Y88.548 E1444.86732
G0 F9000 X110.573 Y89.114
G1 F1500 X124.422 Y75.265 E1445.51874
G0 F9000 X124.422 Y75.831
G1 F1500 X110.573 Y89.68 E1446.17015
G0 F9000 X110.573 Y90.245
G1 F1500 X124.422 Y76.397 E1446.82154
G0 F9000 X124.422 Y76.962
G1 F1500 X110.573 Y90.811 E1447.47296
G0 F9000 X110.573 Y91.377
G1 F1500 X124.422 Y77.528 E1448.12437
G0 F9000 X124.422 Y78.094
G1 F1500 X110.573 Y91.942 E1448.77576
G0 F9000 X110.573 Y92.508
G1 F1500 X124.422 Y78.659 E1449.42718
G0 F9000 X124.422 Y79.225
G1 F1500 X110.573 Y93.074 E1450.07859
G0 F9000 X110.573 Y93.639
G1 F1500 X124.422 Y79.791 E1450.72998
G0 F9000 X124.422 Y80.356
G1 F1500 X110.573 Y94.205 E1451.3814
G0 F9000 X110.572 Y94.771
G1 F1500 X124.422 Y80.922 E1452.03284
G0 F9000 X124.422 Y81.488
G1 F1500 X110.572 Y95.337 E1452.68427
G0 F9000 X110.572 Y95.903
G1 F1500 X124.422 Y82.053 E1453.33574
G0 F9000 X124.422 Y82.619
G1 F1500 X110.572 Y96.468 E1453.98717
G0 F9000 X110.572 Y97.034
G1 F1500 X124.422 Y83.185 E1454.63861
G0 F9000 X124.423 Y83.75
G1 F1500 X110.572 Y97.6 E1455.2901
G0 F9000 X110.572 Y98.166
G1 F1500 X124.423 Y84.315 E1455.94161
G0 F9000 X124.423 Y84.881
G1 F1500 X110.572 Y98.731 E1456.59309
G0 F9000 X110.572 Y99.297
G1 F1500 X124.423 Y85.447 E1457.24458
G0 F9000 X124.423 Y86.012
G1 F1500 X110.572 Y99.863 E1457.89608
G0 F9000 X110.572 Y100.428
G1 F1500 X124.423 Y86.578 E1458.54757
G0 F9000 X124.423 Y87.144
G1 F1500 X110.572 Y100.994 E1459.19905
G0 F9000 X110.572 Y101.56
G1 F1500 X124.423 Y87.71 E1459.85054
G0 F9000 X124.423 Y88.275
G1 F1500 X110.572 Y102.125 E1460.50202
G0 F9000 X110.572 Y102.691
G1 F1500 X124.423 Y88.841 E1461.15351
G0 F9000 X124.423 Y89.407
G1 F1500 X110.989 Y102.84 E1461.78538
G0 F9000 X111.555 Y102.84
G1 F1500 X124.423 Y89.972 E1462.39065
G0 F9000 X124.423 Y90.538
G1 F1500 X112.12 Y102.84 E1462.96932
G0 F9000 X112.686 Y102.84
G1 F1500 X124.423 Y91.104 E1463.52137
G0 F9000 X124.423 Y91.669
G1 F1500 X113.252 Y102.84 E1464.04682
G0 F9000 X113.817 Y102.84
G1 F1500 X124.423 Y92.235 E1464.54567
G0 F9000 X124.423 Y92.801
G1 F1500 X114.383 Y102.84 E1465.0179
G0 F9000 X114.949 Y102.84
G1 F1500 X124.423 Y93.366 E1465.46353
G0 F9000 X124.423 Y93.931
G1 F1500 X115.514 Y102.84 E1465.88258
G0 F9000 X116.08 Y102.84
G1 F1500 X124.423 Y94.497 E1466.27501
G0 F9000 X124.423 Y95.063
G1 F1500 X116.646 Y102.84 E1466.64081
G0 F9000 X117.211 Y102.84
G1 F1500 X124.423 Y95.628 E1466.98005
G0 F9000 X124.423 Y96.194
G1 F1500 X117.777 Y102.84 E1467.29265
G0 F9000 X118.343 Y102.84
G1 F1500 X124.423 Y96.76 E1467.57864
G0 F9000 X124.423 Y97.325
G1 F1500 X118.908 Y102.84 E1467.83805
G0 F9000 X119.474 Y102.84
G1 F1500 X124.423 Y97.891 E1468.07083
G0 F9000 X124.423 Y98.457
G1 F1500 X120.04 Y102.84 E1468.27699
G0 F9000 X120.606 Y102.84
G1 F1500 X124.423 Y99.023 E1468.45653
G0 F9000 X124.423 Y99.588
G1 F1500 X121.171 Y102.84 E1468.6095
G0 F9000 X121.737 Y102.84
G1 F1500 X124.423 Y100.154 E1468.73584
G0 F9000 X124.423 Y100.72
G1 F1500 X122.303 Y102.84 E1468.83556
G0 F9000 X122.868 Y102.84
G1 F1500 X124.423 Y101.285 E1468.9087
G0 F9000 X124.423 Y101.851
G1 F1500 X123.434 Y102.84 E1468.95522
G0 F9000 X124 Y102.84
G1 F1500 X124.423 Y102.417 E1468.97512
G1 F2700 E1463.97512
G0 F9000 X124.88 Y102.417
G0 X124.83 Y105.978
G0 X120.266 Y60.107
G0 X120.625 Y60.395
G1 F2700 E1468.97512
G1 F1500 X124.42 Y56.599 E1469.15365
G0 F9000 X124.42 Y56.033
G1 F1500 X120.656 Y59.797 E1469.33069
G0 F9000 X120.584 Y59.304
G1 F1500 X124.42 Y55.468 E1469.51113
G0 F9000 X124.42 Y54.902
G1 F1500 X120.447 Y58.875 E1469.698
G0 F9000 X120.29 Y58.466
G1 F1500 X124.42 Y54.336 E1469.89227
G0 F9000 X124.42 Y53.771
G1 F1500 X120.047 Y58.144 E1470.09796
G0 F9000 X119.804 Y57.822
G1 F1500 X123.966 Y53.66 E1470.29373
G0 F9000 X123.4 Y53.66
G1 F1500 X119.503 Y57.556 E1470.47701
G0 F9000 X119.172 Y57.322
G1 F1500 X122.834 Y53.66 E1470.64926
G0 F9000 X122.269 Y53.66
G1 F1500 X118.801 Y57.127 E1470.81236
G0 F9000 X118.393 Y56.969
G1 F1500 X121.703 Y53.66 E1470.96802
G0 F9000 X121.137 Y53.66
G1 F1500 X117.929 Y56.868 E1471.11892
G0 F9000 X117.385 Y56.846
G1 F1500 X120.572 Y53.66 E1471.2688
G0 F9000 X120.006 Y53.66
G1 F1500 X116.721 Y56.945 E1471.42332
G1 F2700 E1466.42332
G0 F9000 X116.843 Y57.388
G0 X115.703 Y58.314
G0 X115.186 Y59.158
G0 X115.046 Y59.771
G0 X115.076 Y60.366
G0 X115.197 Y60.838
G0 X115.407 Y61.278
G0 X115.709 Y61.674
G0 X116.883 Y62.714
G0 X117.174 Y52.95
G0 X110.344 Y118.522
G1 F2700 E1471.42332
G1 F1714.3 X110.343 Y117.532 E1471.45213
G1 F1694.9 X110.576 Y117.842 E1471.46355
G1 F1530.6 X110.927 Y117.994 E1471.47601
G1 F1477.8 X110.563 Y118.161 E1471.48953
G1 F1630.4 X110.344 Y118.522 E1471.50245
G1 F2700 E1466.50245
G0 F9000 X110.112 Y118.52
G0 X110.188 Y181.728
G0 X124.808 Y181.728
G0 X124.827 Y118.643
G0 X124.651 Y118.526
G1 F2700 E1471.50245
G1 F1739.1 X124.434 Y118.17 E1471.51441
G1 F1456.3 X123.996 Y118 E1471.53051
G1 X124.424 Y117.834 E1471.54623
G1 F1739.1 X124.65 Y117.534 E1471.55701
G1 X124.651 Y118.526 E1471.58547
G0 F9000 X123.996 Y118
G1 F1247.4 X110.936 Y117.998 E1472.10781
G1 F2700 E1467.10781
G0 F9000 X110.937 Y117.698
G0 X112.978 Y117.758
G0 X117.516 Y181.7
G0 X117.5 Y181.54
G1 F2700 E1472.10781
G1 F1500 X110.376 Y181.539 E1472.34475
G1 X110.372 Y160.743 E1473.03643
G1 F1421.8 X110.395 Y160.24 E1473.0541
G1 F1360.5 X110.391 Y159.624 E1473.07669
G1 F1432 X110.373 Y159.041 E1473.09701
G1 F1500 X110.371 Y132.711 E1473.97275
G1 X110.479 Y132.795 E1473.9773
G1 X110.969 Y132.96 E1473.99449
G1 X124.023 Y132.961 E1474.42867
G1 X124.521 Y132.794 E1474.44614
G1 X124.623 Y132.712 E1474.45049
G1 X124.62 Y181.54 E1476.07452
G1 X117.5 Y181.54 E1476.31133
G1 F2700 E1471.31133
G0 F9000 X117.5 Y181.8
G0 X117.448 Y177.781
G0 X117.5 Y177.953
G1 F2700 E1476.31133
G1 F1500 X118.007 Y177.914 E1476.32825
G1 X118.721 Y177.722 E1476.35284
G1 X119.336 Y177.329 E1476.37711
G1 X119.738 Y176.934 E1476.39586
G1 X120.105 Y176.403 E1476.41733
G1 X120.325 Y175.887 E1476.43598
G1 X120.422 Y175.467 E1476.45032
G1 X120.461 Y174.856 E1476.47068
G1 X120.364 Y174.225 E1476.49192
G1 X120.117 Y173.569 E1476.51523
G1 X119.575 Y172.855 E1476.54505
G1 X118.945 Y172.408 E1476.57074
G1 X118.461 Y172.196 E1476.58831
G1 X117.897 Y172.064 E1476.60758
G1 X117.479 Y172.04 E1476.6215
G1 X116.94 Y172.083 E1476.63949
G1 X116.416 Y172.235 E1476.65763
G1 X115.899 Y172.502 E1476.67699
G1 X115.326 Y172.952 E1476.70122
G1 X114.973 Y173.443 E1476.72133
G1 X114.713 Y173.953 E1476.74037
G1 X114.53 Y174.718 E1476.76654
G1 X114.571 Y175.459 E1476.79122
G1 X114.71 Y176.002 E1476.80986
G1 X114.955 Y176.523 E1476.82901
G1 X115.419 Y177.142 E1476.85474
G1 X116.133 Y177.647 E1476.88383
G1 X116.826 Y177.889 E1476.90824
G1 X117.422 Y177.959 E1476.9282
G1 X117.5 Y177.953 E1476.9308
G1 F2700 E1471.9308
G0 F9000 X117.48 Y177.697
G0 X116.376 Y177.195
G0 X115.78 Y176.767
G0 X115.407 Y176.278
G0 X115.197 Y175.838
G0 X115.076 Y175.366
G0 X115.046 Y174.771
G0 X115.186 Y174.158
G0 X115.703 Y173.314
G0 X115.961 Y173.108
G0 X117.473 Y172.219
G0 X117.467 Y162.297
G0 X117.5 Y162.452
G1 F2700 E1476.9308
G1 F1500 X119.523 Y162.45 E1476.99809
G1 X120.071 Y162.306 E1477.01693
G1 X120.797 Y161.937 E1477.04402
G1 X121.315 Y161.351 E1477.07003
G1 X121.619 Y160.751 E1477.09241
G1 X121.741 Y160.197 E1477.11127
G1 X121.757 Y159.706 E1477.12761
G1 X121.626 Y159.071 E1477.14918
G1 X121.402 Y158.587 E1477.16692
G1 X121.247 Y158.352 E1477.17628
G1 X120.857 Y157.941 E1477.19512
G1 X120.337 Y157.599 E1477.21582
G1 X119.808 Y157.406 E1477.23455
G1 X119.365 Y157.342 E1477.24944
G1 X113.227 Y157.342 E1477.45359
G1 X112.783 Y157.406 E1477.46851
G1 X112.239 Y157.606 E1477.48779
G1 X111.666 Y157.997 E1477.51086
G1 X111.29 Y158.435 E1477.53006
G1 X110.974 Y159.043 E1477.55285
G1 F1432 X110.825 Y159.666 E1477.57517
G1 F1360.5 X110.833 Y160.19 E1477.59439
G1 F1421.8 X110.97 Y160.728 E1477.61387
G1 F1500 X111.23 Y161.294 E1477.63458
G1 X111.632 Y161.763 E1477.65513
G1 X112.168 Y162.167 E1477.67745
G1 X112.74 Y162.373 E1477.69767
G1 X113.175 Y162.457 E1477.71241
G1 X117.5 Y162.452 E1477.85626
G1 F2700 E1472.85626
G0 F9000 X117.5 Y162.197
G0 X119.435 Y161.948
G0 X119.908 Y161.827
G0 X120.483 Y161.53
G0 X120.873 Y161.089
G0 X121.145 Y160.56
G0 X121.245 Y160.064
G0 X121.245 Y159.736
G0 X121.148 Y159.251
G0 X120.913 Y158.732
G0 X120.514 Y158.325
G0 X120.095 Y158.054
G0 X117.5 Y157.52
G0 X117.5 Y148.98
G0 X117.5 Y149.157
G1 F2700 E1477.85626
G1 F1500 X120.37 Y149.155 E1477.95172
G1 X120.698 Y149.073 E1477.96296
G1 X121.083 Y148.769 E1477.97928
G1 X121.258 Y148.319 E1477.99534
G1 X121.261 Y140.404 E1478.25859
G1 X121.222 Y140.134 E1478.26766
G1 X121.084 Y139.841 E1478.27843
G1 X120.734 Y139.535 E1478.2939
G1 X120.334 Y139.444 E1478.30754
G1 X115.173 Y139.442 E1478.4792
G1 X114.96 Y139.501 E1478.48655
G1 X114.611 Y139.716 E1478.50018
G1 X114.394 Y140.096 E1478.51474
G1 X114.341 Y140.377 E1478.52425
G1 X114.341 Y148.218 E1478.78504
G1 X114.37 Y148.447 E1478.79272
G1 X114.484 Y148.717 E1478.80247
G1 X114.804 Y149.024 E1478.81721
G1 X115.186 Y149.158 E1478.83068
G1 X117.5 Y149.157 E1478.90764
G1 F2700 E1473.90764
G0 F9000 X117.5 Y148.9
G0 X114.862 Y148.638
G0 X114.747 Y139.847
G0 X114.747 Y132.78
G0 X110.723 Y133.087
G1 F2700 E1478.90764
G1 F1500 X110.65 Y133.16 E1478.91108
G1 X110.57 Y133.24 E1478.91484
G0 F9000 X110.57 Y133.806
G1 F1500 X111.216 Y133.16 E1478.94523
G0 F9000 X111.782 Y133.16
G1 F1500 X110.57 Y134.372 E1479.00223
G0 F9000 X110.57 Y134.937
G1 F1500 X112.347 Y133.16 E1479.08582
G0 F9000 X112.913 Y133.16
G1 F1500 X110.57 Y135.503 E1479.19603
G0 F9000 X110.57 Y136.069
G1 F1500 X113.479 Y133.16 E1479.33286
G0 F9000 X114.044 Y133.16
G1 F1500 X110.57 Y136.634 E1479.49626
G0 F9000 X110.57 Y137.2
G1 F1500 X114.61 Y133.16 E1479.68629
G0 F9000 X115.176 Y133.16
G1 F1500 X110.57 Y137.766 E1479.90294
G0 F9000 X110.571 Y138.331
G1 F1500 X115.741 Y133.16 E1480.14615
G0 F9000 X116.307 Y133.16
G1 F1500 X110.571 Y138.896 E1480.41595
G0 F9000 X110.571 Y139.462
G1 F1500 X116.873 Y133.16 E1480.71238
G0 F9000 X117.438 Y133.16
G1 F1500 X110.571 Y140.028 E1481.03541
G0 F9000 X110.571 Y140.593
G1 F1500 X118.004 Y133.16 E1481.38503
G0 F9000 X118.57 Y133.16
G1 F1500 X110.571 Y141.159 E1481.76128
G0 F9000 X110.571 Y141.725
G1 F1500 X119.135 Y133.16 E1482.16413
G0 F9000 X119.701 Y133.16
G1 F1500 X110.571 Y142.29 E1482.59357
G0 F9000 X110.571 Y142.856
G1 F1500 X120.267 Y133.16 E1483.04964
G0 F9000 X120.833 Y133.16
G1 F1500 X110.571 Y143.422 E1483.53234
G0 F9000 X110.572 Y143.987
G1 F1500 X114.143 Y140.416 E1483.70031
G0 F9000 X114.143 Y140.982
G1 F1500 X110.572 Y144.552 E1483.86825
G0 F9000 X110.572 Y145.118
G1 F1500 X114.143 Y141.547 E1484.03622
G0 F9000 X114.143 Y142.113
G1 F1500 X110.572 Y145.684 E1484.20419
G0 F9000 X110.572 Y146.249
G1 F1500 X114.142 Y142.679 E1484.37211
G0 F9000 X114.142 Y143.245
G1 F1500 X110.572 Y146.815 E1484.54003
G0 F9000 X110.572 Y147.381
G1 F1500 X114.142 Y143.811 E1484.70796
G0 F9000 X114.141 Y144.377
G1 F1500 X110.572 Y147.947 E1484.87585
G0 F9000 X110.572 Y148.512
G1 F1500 X114.141 Y144.943 E1485.04373
G0 F9000 X114.141 Y145.508
G1 F1500 X110.572 Y149.077 E1485.2116
G0 F9000 X110.572 Y149.643
G1 F1500 X114.141 Y146.074 E1485.37948
G0 F9000 X114.14 Y146.641
G1 F1500 X110.572 Y150.209 E1485.54731
G0 F9000 X110.572 Y150.774
G1 F1500 X114.14 Y147.206 E1485.71513
G0 F9000 X114.14 Y147.772
G1 F1500 X110.572 Y151.34 E1485.88296
G0 F9000 X110.572 Y151.906
G1 F1500 X114.155 Y148.323 E1486.05149
G0 F9000 X114.284 Y148.76
G1 F1500 X110.572 Y152.471 E1486.22607
G0 F9000 X110.572 Y153.037
G1 F1500 X114.549 Y149.06 E1486.41314
G0 F9000 X114.903 Y149.272
G1 F1500 X110.572 Y153.603 E1486.61686
G0 F9000 X110.573 Y154.168
G1 F1500 X115.385 Y149.356 E1486.8432
G0 F9000 X115.951 Y149.356
G1 F1500 X110.573 Y154.733 E1487.09614
G0 F9000 X110.573 Y155.299
G1 F1500 X116.516 Y149.357 E1487.37565
G0 F9000 X117.081 Y149.357
G1 F1500 X110.573 Y155.865 E1487.68177
G0 F9000 X110.573 Y156.43
G1 F1500 X117.646 Y149.357 E1488.01446
G0 F9000 X118.211 Y149.358
G1 F1500 X110.573 Y156.996 E1488.37373
G0 F9000 X110.573 Y157.562
G1 F1500 X118.777 Y149.358 E1488.75962
G0 F9000 X119.342 Y149.359
G1 F1500 X110.573 Y158.127 E1489.17207
G0 F9000 X110.573 Y158.693
G1 F1500 X119.907 Y149.359 E1489.61111
G0 F9000 X120.503 Y149.329
G1 F1500 X112.564 Y157.268 E1489.98453
G0 F9000 X113.257 Y157.141
G1 F1500 X124.421 Y145.977 E1490.50966
G0 F9000 X124.421 Y146.542
G1 F1500 X113.822 Y157.141 E1491.0082
G0 F9000 X114.388 Y157.141
G1 F1500 X124.421 Y147.108 E1491.48012
G0 F9000 X124.421 Y147.674
G1 F1500 X114.953 Y157.142 E1491.92547
G0 F9000 X115.519 Y157.142
G1 F1500 X124.421 Y148.239 E1492.34421
G0 F9000 X124.421 Y148.805
G1 F1500 X116.084 Y157.142 E1492.73636
G0 F9000 X116.649 Y157.142
G1 F1500 X124.421 Y149.371 E1493.10191
G0 F9000 X124.421 Y149.936
G1 F1500 X117.214 Y157.143 E1493.4409
G0 F9000 X117.78 Y157.143
G1 F1500 X124.421 Y150.502 E1493.75328
G0 F9000 X124.421 Y151.068
G1 F1500 X118.345 Y157.144 E1494.03907
G0 F9000 X118.911 Y157.144
G1 F1500 X124.421 Y151.633 E1494.29827
G0 F9000 X124.421 Y152.199
G1 F1500 X119.466 Y157.154 E1494.53134
G0 F9000 X119.946 Y157.24
G1 F1500 X124.421 Y152.765 E1494.74183
G0 F9000 X124.421 Y153.33
G1 F1500 X120.361 Y157.391 E1494.93282
G0 F9000 X120.713 Y157.604
G1 F1500 X124.421 Y153.896 E1495.10723
G0 F9000 X124.421 Y154.462
G1 F1500 X121.039 Y157.844 E1495.26631
G0 F9000 X121.314 Y158.135
G1 F1500 X124.421 Y155.028 E1495.41246
G0 F9000 X124.421 Y155.593
G1 F1500 X121.555 Y158.459 E1495.54726
G0 F9000 X121.74 Y158.84
G1 F1500 X124.421 Y156.159 E1495.67337
G0 F9000 X124.421 Y156.725
G1 F1500 X121.876 Y159.269 E1495.79306
G0 F9000 X121.955 Y159.756
G1 F1500 X124.42 Y157.291 E1495.909
G0 F9000 X124.42 Y157.857
G1 F1500 X121.91 Y160.367 E1496.02706
G0 F9000 X121.589 Y161.254
G1 F1500 X124.42 Y158.422 E1496.16025
G0 F9000 X124.42 Y158.988
G1 F1500 X110.575 Y172.834 E1496.8115
G0 F9000 X110.575 Y173.4
G1 F1500 X124.42 Y159.554 E1497.46275
G0 F9000 X124.42 Y160.119
G1 F1500 X110.575 Y173.965 E1498.114
G0 F9000 X110.575 Y174.53
G1 F1500 X124.42 Y160.685 E1498.76523
G0 F9000 X124.42 Y161.251
G1 F1500 X110.575 Y175.096 E1499.41645
G0 F9000 X110.575 Y175.662
G1 F1500 X124.42 Y161.816 E1500.0677
G0 F9000 X124.42 Y162.382
G1 F1500 X110.575 Y176.227 E1500.71893
G0 F9000 X110.575 Y176.793
G1 F1500 X124.42 Y162.948 E1501.37015
G0 F9000 X124.42 Y163.513
G1 F1500 X110.575 Y177.359 E1502.0214
G0 F9000 X110.576 Y177.924
G1 F1500 X114.488 Y174.011 E1502.20544
G0 F9000 X114.331 Y174.735
G1 F1500 X110.576 Y178.489 E1502.38204
G0 F9000 X110.576 Y179.055
G1 F1500 X114.361 Y175.27 E1502.56007
G0 F9000 X114.44 Y175.756
G1 F1500 X110.576 Y179.621 E1502.74185
G0 F9000 X110.576 Y180.186
G1 F1500 X114.573 Y176.189 E1502.92985
G0 F9000 X114.757 Y176.571
G1 F1500 X110.576 Y180.752 E1503.12651
G0 F9000 X110.576 Y181.318
G1 F1500 X114.988 Y176.905 E1503.33406
G0 F9000 X115.232 Y177.227
G1 F1500 X111.12 Y181.34 E1503.5275
G0 F9000 X111.685 Y181.34
G1 F1500 X115.548 Y177.477 E1503.70921
G0 F9000 X115.879 Y177.712
G1 F1500 X112.251 Y181.34 E1503.87986
G0 F9000 X112.817 Y181.34
G1 F1500 X116.255 Y177.902 E1504.04157
G0 F9000 X116.675 Y178.047
G1 F1500 X113.382 Y181.34 E1504.19646
G0 F9000 X113.948 Y181.34
G1 F1500 X117.158 Y178.13 E1504.34745
G0 F9000 X117.716 Y178.138
G1 F1500 X114.514 Y181.34 E1504.49806
G0 F9000 X115.08 Y181.34
G1 F1500 X118.406 Y178.013 E1504.65453
G0 F9000 X118.286 Y177.57
G0 X118.906 Y177.006
G0 X120.086 Y175.795
G0 X120.527 Y175.892
G1 F1500 X124.42 Y171.999 E1504.83765
G0 F9000 X124.42 Y171.434
G1 F1500 X120.638 Y175.215 E1505.01552
G0 F9000 X120.633 Y174.655
G1 F1500 X124.42 Y170.868 E1505.19365
G0 F9000 X124.42 Y170.302
G1 F1500 X120.556 Y174.166 E1505.3754
G0 F9000 X120.401 Y173.755
G1 F1500 X124.42 Y169.737 E1505.56441
G0 F9000 X124.42 Y169.17
G1 F1500 X120.219 Y173.372 E1505.76204
G0 F9000 X119.975 Y173.05
G1 F1500 X124.42 Y168.605 E1505.97112
G0 F9000 X124.42 Y168.039
G1 F1500 X119.73 Y172.729 E1506.19172
G0 F9000 X119.406 Y172.488
G1 F1500 X124.42 Y167.473 E1506.42759
G0 F9000 X124.42 Y166.908
G1 F1500 X119.077 Y172.251 E1506.67891
G0 F9000 X118.683 Y172.079
G1 F1500 X124.42 Y166.342 E1506.94876
G0 F9000 X124.42 Y165.776
G1 F1500 X118.255 Y171.941 E1507.23874
G0 F9000 X117.772 Y171.859
G1 F1500 X124.42 Y165.211 E1507.55144
G0 F9000 X124.42 Y164.645
G1 F1500 X117.205 Y171.86 E1507.89081
G0 F9000 X116.496 Y172.004
G1 F1500 X124.42 Y164.079 E1508.26356
G1 F2700 E1503.26356
G0 F9000 X124.88 Y164.079
G0 X124.808 Y181.728
G0 X121.154 Y161.273
G0 X120.556 Y162.287
G1 F2700 E1508.26356
G1 F1500 X110.575 Y172.268 E1508.73303
G0 F9000 X110.575 Y171.702
G1 F1500 X119.656 Y162.621 E1509.16018
G0 F9000 X119.056 Y162.655
G1 F1500 X110.575 Y171.137 E1509.55912
G0 F9000 X110.575 Y170.571
G1 F1500 X118.491 Y162.655 E1509.93146
G0 F9000 X117.925 Y162.655
G1 F1500 X110.575 Y170.005 E1510.27719
G0 F9000 X110.574 Y169.44
G1 F1500 X117.36 Y162.654 E1510.59638
G0 F9000 X116.794 Y162.654
G1 F1500 X110.574 Y168.875 E1510.88897
G0 F9000 X110.574 Y168.309
G1 F1500 X116.229 Y162.654 E1511.15497
G0 F9000 X115.663 Y162.654
G1 F1500 X110.574 Y167.743 E1511.39434
G0 F9000 X110.574 Y167.178
G1 F1500 X115.098 Y162.654 E1511.60713
G0 F9000 X114.532 Y162.654
G1 F1500 X110.574 Y166.612 E1511.7933
G0 F9000 X110.574 Y166.046
G1 F1500 X113.967 Y162.654 E1511.95288
G0 F9000 X113.401 Y162.654
G1 F1500 X110.573 Y165.481 E1512.08587
G0 F9000 X110.573 Y164.916
G1 F1500 X112.885 Y162.603 E1512.19465
G0 F9000 X112.445 Y162.478
G1 F1500 X110.573 Y164.35 E1512.2827
G0 F9000 X110.573 Y163.784
G1 F1500 X112.038 Y162.319 E1512.35161
G0 F9000 X111.714 Y162.078
G1 F1500 X110.573 Y163.219 E1512.40528
G0 F9000 X110.573 Y162.653
G1 F1500 X111.412 Y161.814 E1512.44474
G0 F9000 X111.151 Y161.51
G1 F1500 X110.573 Y162.087 E1512.47191
G0 F9000 X110.572 Y161.522
G1 F1500 X110.944 Y161.151 E1512.48938
G0 F9000 X110.572 Y160.957
G1 F1500 X110.771 Y160.758 E1512.49874
G1 F2700 E1507.49874
G0 F9000 X111.209 Y160.622
G0 X111.034 Y160.156
G0 X110.213 Y160.156
G0 X110.587 Y159.245
G1 F2700 E1512.49874
G1 F1500 X110.753 Y159.079 E1512.50655
G1 F2700 E1507.50655
G0 F9000 X111.208 Y159.167
G0 X112.013 Y158.388
G0 X112.499 Y158.055
G0 X112.895 Y157.912
G0 X119.342 Y157.519
G0 X120.325 Y148.981
G0 X121.454 Y148.378
G1 F2700 E1512.50655
G1 F1500 X124.421 Y145.411 E1512.64611
G0 F9000 X124.422 Y144.844
G1 F1500 X121.455 Y147.811 E1512.78567
G0 F9000 X121.456 Y147.244
G1 F1500 X124.422 Y144.279 E1512.92515
G0 F9000 X124.422 Y143.713
G1 F1500 X121.456 Y146.679 E1513.06466
G0 F9000 X121.457 Y146.112
G1 F1500 X124.422 Y143.147 E1513.20413
G0 F9000 X124.422 Y142.582
G1 F1500 X121.458 Y145.546 E1513.34355
G0 F9000 X121.458 Y144.98
G1 F1500 X124.422 Y142.016 E1513.48296
G0 F9000 X124.422 Y141.45
G1 F1500 X121.458 Y144.414 E1513.62238
G0 F9000 X121.459 Y143.847
G1 F1500 X124.422 Y140.885 E1513.76173
G0 F9000 X124.422 Y140.319
G1 F1500 X121.459 Y143.282 E1513.9011
G0 F9000 X121.46 Y142.715
G1 F1500 X124.422 Y139.753 E1514.04042
G0 F9000 X124.422 Y139.188
G1 F1500 X121.46 Y142.149 E1514.17972
G0 F9000 X121.46 Y141.583
G1 F1500 X124.422 Y138.622 E1514.31902
G0 F9000 X124.422 Y138.056
G1 F1500 X121.461 Y141.017 E1514.4583
G0 F9000 X121.461 Y140.451
G1 F1500 X124.422 Y137.491 E1514.59755
G0 F9000 X124.422 Y136.925
G1 F1500 X121.366 Y139.981 E1514.7413
G0 F9000 X121.149 Y139.632
G1 F1500 X124.422 Y136.359 E1514.89525
G0 F9000 X124.422 Y135.793
G1 F1500 X120.847 Y139.368 E1515.06341
G0 F9000 X120.397 Y139.253
G1 F1500 X124.422 Y135.228 E1515.25273
G0 F9000 X124.422 Y134.662
G1 F1500 X119.843 Y139.241 E1515.46811
G0 F9000 X119.277 Y139.241
G1 F1500 X124.422 Y134.096 E1515.71012
G0 F9000 X124.422 Y133.531
G1 F1500 X118.711 Y139.242 E1515.97874
G0 F9000 X118.144 Y139.243
G1 F1500 X124.312 Y133.075 E1516.26887
G0 F9000 X123.661 Y133.16
G1 F1500 X117.578 Y139.243 E1516.55499
G0 F9000 X117.011 Y139.244
G1 F1500 X123.095 Y133.16 E1516.84117
G0 F9000 X122.53 Y133.16
G1 F1500 X116.446 Y139.244 E1517.12734
G0 F9000 X115.879 Y139.245
G1 F1500 X121.964 Y133.16 E1517.41356
G0 F9000 X121.398 Y133.16
G1 F1500 X115.313 Y139.246 E1517.6998
G1 F2700 E1512.6998
G0 F9000 X115.313 Y139.7
G0 X114.862 Y139.962
G0 X114.862 Y148.638
G0 X120.325 Y148.981
G0 X124.808 Y181.728
G0 X124.42 Y172.565
G1 F2700 E1517.6998
G1 F1500 X115.645 Y181.34 E1518.11255
G0 F9000 X116.211 Y181.34
G1 F1500 X124.42 Y173.131 E1518.49868
G0 F9000 X124.42 Y173.697
G1 F1500 X116.777 Y181.34 E1518.85818
G0 F9000 X117.342 Y181.34
G1 F1500 X124.42 Y174.262 E1519.19111
G0 F9000 X124.42 Y174.828
G1 F1500 X117.907 Y181.34 E1519.49744
G0 F9000 X118.473 Y181.34
G1 F1500 X124.42 Y175.394 E1519.77714
G0 F9000 X124.42 Y175.959
G1 F1500 X119.039 Y181.34 E1520.03025
G0 F9000 X119.604 Y181.34
G1 F1500 X124.42 Y176.525 E1520.25675
G0 F9000 X124.42 Y177.091
G1 F1500 X120.17 Y181.34 E1520.45664
G0 F9000 X120.736 Y181.34
G1 F1500 X124.42 Y177.656 E1520.62992
G0 F9000 X124.42 Y178.222
G1 F1500 X121.301 Y181.34 E1520.77661
G0 F9000 X121.867 Y181.34
G1 F1500 X124.42 Y178.788 E1520.89667
G0 F9000 X124.42 Y179.353
G1 F1500 X122.433 Y181.34 E1520.99013
G0 F9000 X122.998 Y181.34
G1 F1500 X124.42 Y179.919 E1521.05699
G0 F9000 X124.42 Y180.485
G1 F1500 X123.564 Y181.34 E1521.09723
G0 F9000 X124.13 Y181.34
G1 F1500 X124.42 Y181.05 E1521.11087
G1 F2700 E1516.11087
;MESH:NONMESH
G0 F300 X124.42 Y181.05 Z1.8
G0 F9000 X124.88 Y181.05
G0 X124.808 Y53.272
G0 X110.212 Y53.26
G0 X110.216 Y51.835
G0 X109.269 Y50.847
G0 X104 Y50.835
G0 X104 Y51.7
;TIME_ELAPSED:2361.956632
;LAYER:8
;TYPE:SUPPORT
G1 F2700 E1521.11087
G1 F1500 X102.381 Y51.7 E1521.16472
G1 X102.381 Y183.3 E1525.54176
G1 X104 Y183.3 E1525.5956
G1 X104 Y51.7 E1529.97264
G1 X106 Y51.7 E1530.03916
G1 X106 Y183.3 E1534.41619
G1 X108 Y183.3 E1534.48271
G1 X108 Y51.7 E1538.85975
G1 X108.301 Y51.7 E1538.86976
G1 X108.302 Y183.3 E1543.24679
G1 X108 Y183.3 E1543.25683
G1 F2700 E1538.25683
G0 F9000 X108 Y184.165
G0 X132 Y184.165
G0 X132 Y183.3
G1 F2700 E1543.25683
G1 F1500 X132.618 Y183.3 E1543.27739
G1 X132.618 Y51.7 E1547.65442
G1 X132 Y51.7 E1547.67498
G1 X132 Y183.3 E1552.05201
G1 X130 Y183.3 E1552.11853
G1 X130 Y51.7 E1556.49557
G1 X128 Y51.7 E1556.56209
G1 X128 Y183.3 E1560.93912
G1 X126.698 Y183.3 E1560.98242
G1 X126.698 Y51.7 E1565.35946
G1 X128 Y51.7 E1565.40276
G1 F2700 E1560.40276
;MESH:btncover.stl
G0 F9000 X120.196 Y59.306
G0 X117.562 Y62.604
;TYPE:WALL-INNER
G1 F2700 E1565.40276
G1 F1500 X117.043 Y62.562 E1565.42008
G1 X116.429 Y62.382 E1565.44136
G1 X115.876 Y62.037 E1565.46304
G1 X115.509 Y61.68 E1565.48007
G1 X115.272 Y61.35 E1565.49358
G1 X115.054 Y60.893 E1565.51042
G1 X114.928 Y60.4 E1565.52735
G1 X114.897 Y59.878 E1565.54474
G1 X114.947 Y59.474 E1565.55828
G1 X115.083 Y59.043 E1565.57331
G1 X115.274 Y58.643 E1565.58806
G1 X115.505 Y58.328 E1565.60105
G1 X115.961 Y57.878 E1565.62236
G1 X116.55 Y57.573 E1565.64442
G1 X117.045 Y57.435 E1565.66151
G1 X117.435 Y57.397 E1565.67454
G1 X118.074 Y57.443 E1565.69585
G1 X118.683 Y57.676 E1565.71754
G1 X119.131 Y57.969 E1565.73534
G1 X119.491 Y58.325 E1565.75218
G1 X119.803 Y58.759 E1565.76996
G1 X120.021 Y59.357 E1565.79113
G1 X120.12 Y60.003 E1565.81287
G1 X120.021 Y60.639 E1565.83427
G1 X119.805 Y61.229 E1565.85517
G1 X119.487 Y61.676 E1565.87342
G1 X119.034 Y62.114 E1565.89437
G1 X118.561 Y62.373 E1565.91231
G1 X118.074 Y62.533 E1565.92936
G1 X117.562 Y62.604 E1565.94655
G1 F2700 E1560.94655
G0 F9000 X117.586 Y103.2
G0 X117.5 Y117.599
G1 F2700 E1565.94655
G1 F1500 X110.948 Y117.598 E1566.16447
G1 X110.708 Y117.525 E1566.17282
G1 F1401.9 X110.381 Y117.108 E1566.19168
G1 F1321.6 X110.375 Y104 E1566.68651
G1 F1411.8 X110.639 Y103.52 E1566.70586
G1 F1500 X111 Y103.4 E1566.71852
G1 X124 Y103.4 E1567.1509
G1 X124.36 Y103.52 E1567.16352
G1 F1415.1 X124.624 Y104 E1567.18283
G1 F1330.4 X124.619 Y117.108 E1567.67439
G1 F1405.2 X124.291 Y117.525 E1567.69323
G1 F1500 X124 Y117.6 E1567.70323
G1 X117.5 Y117.599 E1567.91942
G0 F9000 X124.367 Y117.667
G0 X124.854 Y117.109
G0 X124.935 Y118
G0 X124.438 Y132.438
G0 X117.5 Y132.6
G1 F1500 X111 Y132.6 E1568.13561
G1 X110.639 Y132.48 E1568.14826
G1 F1401.9 X110.381 Y132.108 E1568.16437
G1 F1321.6 X110.375 Y119 E1568.6592
G1 F1411.8 X110.708 Y118.475 E1568.68117
G1 F1500 X110.948 Y118.402 E1568.68952
G1 X124 Y118.4 E1569.12363
G1 X124.291 Y118.475 E1569.13362
G1 F1415.1 X124.624 Y119 E1569.15554
G1 F1330.4 X124.619 Y132.108 E1569.6471
G1 F1405.2 X124.36 Y132.48 E1569.6632
G1 F1500 X124 Y132.6 E1569.67582
G1 X117.5 Y132.6 E1569.89201
G1 F2700 E1564.89201
G0 F9000 X117.5 Y139.62
G0 X117.5 Y148.8
G1 F2700 E1569.89201
G1 F1500 X115.224 Y148.8 E1569.96771
G1 X114.983 Y148.71 E1569.97626
G1 X114.786 Y148.51 E1569.9856
G1 X114.7 Y148.314 E1569.99272
G1 X114.7 Y140.4 E1570.25594
G1 X114.781 Y140.098 E1570.26634
G1 X114.969 Y139.899 E1570.27545
G1 X115.21 Y139.8 E1570.28411
G1 X120.418 Y139.8 E1570.45733
G1 X120.692 Y139.945 E1570.46764
G1 X120.873 Y140.22 E1570.47859
G1 X120.9 Y140.4 E1570.48464
G1 X120.9 Y148.273 E1570.7465
G1 X120.792 Y148.545 E1570.75624
G1 X120.558 Y148.743 E1570.76643
G1 X120.332 Y148.8 E1570.77418
G1 X117.5 Y148.8 E1570.86838
G1 F2700 E1565.86838
G0 F9000 X117.498 Y157.52
G0 X117.5 Y162.097
G1 F2700 E1570.86838
G1 F1500 X113.231 Y162.091 E1571.01036
G1 X112.86 Y162.038 E1571.02283
G1 X112.376 Y161.86 E1571.03998
G1 X112.186 Y161.746 E1571.04735
G1 X111.752 Y161.361 E1571.06665
G1 X111.488 Y160.997 E1571.0816
G1 X111.311 Y160.601 E1571.09603
G1 X111.188 Y160.065 E1571.11432
G1 X111.23 Y159.502 E1571.1331
G1 X111.433 Y158.898 E1571.15429
G1 X111.737 Y158.446 E1571.17241
G1 X112.044 Y158.169 E1571.18616
G1 X112.436 Y157.914 E1571.20171
G1 X112.862 Y157.761 E1571.21677
G1 X113.316 Y157.7 E1571.23201
G1 X119.372 Y157.706 E1571.43343
G1 X119.749 Y157.766 E1571.44613
G1 X120.322 Y157.973 E1571.46639
G1 X120.847 Y158.433 E1571.48961
G1 X121.111 Y158.798 E1571.50459
G1 X121.289 Y159.198 E1571.51915
G1 X121.408 Y159.727 E1571.53718
G1 X121.366 Y160.308 E1571.55656
G1 X121.162 Y160.898 E1571.57732
G1 X120.899 Y161.291 E1571.59305
G1 X120.608 Y161.596 E1571.60707
G1 X120.156 Y161.883 E1571.62488
G1 X119.736 Y162.035 E1571.63973
G1 X119.229 Y162.1 E1571.65674
G1 X117.5 Y162.097 E1571.71424
G1 F2700 E1566.71424
G0 F9000 X117.445 Y172.219
G0 X117.5 Y177.599
G1 F2700 E1571.71424
G1 F1500 X117.046 Y177.562 E1571.72939
G1 X116.425 Y177.387 E1571.75085
G1 X115.873 Y177.034 E1571.77264
G1 X115.505 Y176.672 E1571.78981
G1 X115.273 Y176.351 E1571.80299
G1 X115.054 Y175.893 E1571.81987
G1 X114.928 Y175.4 E1571.8368
G1 X114.897 Y174.878 E1571.85419
G1 X114.947 Y174.474 E1571.86773
G1 X115.083 Y174.043 E1571.88276
G1 X115.276 Y173.638 E1571.89768
G1 X115.544 Y173.286 E1571.9124
G1 X115.948 Y172.891 E1571.93119
G1 X116.545 Y172.575 E1571.95365
G1 X117.052 Y172.436 E1571.97114
G1 X117.436 Y172.397 E1571.98398
G1 X118.073 Y172.449 E1572.00523
G1 X118.68 Y172.674 E1572.02677
G1 X119.125 Y172.964 E1572.04443
G1 X119.486 Y173.315 E1572.06118
G1 X119.803 Y173.76 E1572.07935
G1 X120.021 Y174.357 E1572.10049
G1 X120.12 Y175.003 E1572.12223
G1 X120.021 Y175.639 E1572.14364
G1 X119.805 Y176.231 E1572.16459
G1 X119.487 Y176.671 E1572.18265
G1 X119.04 Y177.117 E1572.20365
G1 X118.557 Y177.375 E1572.22187
G1 X118.044 Y177.539 E1572.23978
G1 X117.56 Y177.604 E1572.25602
G1 X117.5 Y177.599 E1572.25802
G1 F2700 E1567.25802
G0 F9000 X117.587 Y181.7
G0 X117.5 Y181.9
G1 F2700 E1572.25802
G1 F1500 X125.096 Y181.9 E1572.51067
G1 X125.096 Y132.848 E1574.14214
G1 F1405.2 X125.069 Y132.147 E1574.16705
G1 F1330.4 X125.072 Y119 E1574.66008
G1 F1415.1 X125.096 Y118 E1574.69534
G1 F1405.2 X125.069 Y117.147 E1574.72564
G1 F1330.4 X125.072 Y104 E1575.21867
G1 F1415.1 X125.096 Y103.152 E1575.24857
G1 F1500 X125.096 Y53.1 E1576.91331
G1 X109.9 Y53.1 E1577.41873
G1 X109.9 Y103.15 E1579.0834
G1 F1411.8 X109.925 Y104 E1579.11345
G1 F1321.6 X109.928 Y117.147 E1579.60975
G1 F1401.9 X109.9 Y118 E1579.64013
G1 F1411.8 X109.925 Y119 E1579.67548
G1 F1321.6 X109.928 Y132.147 E1580.17178
G1 F1401.9 X109.9 Y132.85 E1580.19682
G1 F1500 X109.9 Y181.9 E1581.82823
G1 X117.5 Y181.9 E1582.08101
G0 F9000 X117.5 Y182.3
;TYPE:WALL-OUTER
G1 F1500 X125.496 Y182.3 E1582.34695
G1 X125.496 Y52.7 E1586.65747
G1 X109.5 Y52.7 E1587.1895
G1 X109.5 Y182.3 E1591.50001
G1 X117.5 Y182.3 E1591.76609
G1 F2700 E1586.76609
G0 F9000 X117.5 Y181.99
G0 X117.477 Y181.7
G0 X117.587 Y177.784
G0 X117.5 Y177.197
G1 F2700 E1591.76609
G1 F1500 X117.097 Y177.161 E1591.77955
G1 X116.589 Y177.017 E1591.79711
G1 X116.112 Y176.708 E1591.81601
G1 X115.811 Y176.414 E1591.83001
G1 X115.611 Y176.131 E1591.84153
G1 X115.426 Y175.734 E1591.8561
G1 X115.322 Y175.331 E1591.86994
G1 X115.3 Y174.906 E1591.8841
G1 X115.337 Y174.579 E1591.89504
G1 X115.477 Y174.134 E1591.91056
G1 X115.63 Y173.834 E1591.92176
G1 X115.824 Y173.572 E1591.9326
G1 X116.203 Y173.205 E1591.95015
G1 X116.714 Y172.943 E1591.96925
G1 X117.121 Y172.83 E1591.9833
G1 X117.424 Y172.8 E1591.99343
G1 X117.997 Y172.842 E1592.01254
G1 X118.522 Y173.048 E1592.03129
G1 X118.888 Y173.292 E1592.04592
G1 X119.172 Y173.568 E1592.0591
G1 X119.446 Y173.948 E1592.07468
G1 X119.634 Y174.473 E1592.09322
G1 X119.712 Y175 E1592.11094
G1 X119.634 Y175.527 E1592.12866
G1 X119.447 Y176.043 E1592.14692
G1 X119.169 Y176.427 E1592.16268
G1 X118.8 Y176.792 E1592.17995
G1 X118.384 Y177.01 E1592.19557
G1 X117.967 Y177.147 E1592.21017
G1 X117.531 Y177.2 E1592.22478
G1 X117.5 Y177.197 E1592.22581
G1 F2700 E1587.22581
G0 F9000 X117.477 Y177.504
G0 X116.488 Y177.249
G0 X115.973 Y176.918
G0 X115.405 Y176.273
G0 X115.197 Y175.838
G0 X115.076 Y175.365
G0 X115.099 Y174.509
G0 X115.408 Y173.723
G0 X115.626 Y173.42
G0 X115.974 Y173.079
G0 X117.445 Y172.219
G0 X117.453 Y162.279
G0 X117.5 Y161.699
G1 F2700 E1592.22581
G1 F1500 X113.287 Y161.695 E1592.36594
G1 X112.979 Y161.651 E1592.37628
G1 X112.48 Y161.472 E1592.39392
G1 X112.037 Y161.074 E1592.41372
G1 X111.829 Y160.779 E1592.42573
G1 X111.689 Y160.458 E1592.43738
G1 X111.59 Y160.03 E1592.45199
G1 X111.624 Y159.603 E1592.46624
G1 X111.795 Y159.076 E1592.48466
G1 X112.057 Y158.695 E1592.50004
G1 X112.262 Y158.504 E1592.50936
G1 X112.636 Y158.267 E1592.52409
G1 X112.936 Y158.159 E1592.53469
G1 X113.285 Y158.102 E1592.54645
G1 X119.311 Y158.102 E1592.74688
G1 X119.631 Y158.151 E1592.75765
G1 X120.112 Y158.326 E1592.77467
G1 X120.563 Y158.722 E1592.79463
G1 X120.751 Y158.982 E1592.8053
G1 X120.912 Y159.344 E1592.81848
G1 X121.006 Y159.764 E1592.8328
G1 X120.974 Y160.211 E1592.8477
G1 X120.81 Y160.694 E1592.86467
G1 X120.567 Y161.068 E1592.8795
G1 X120.364 Y161.272 E1592.88907
G1 X119.96 Y161.529 E1592.905
G1 X119.619 Y161.647 E1592.917
G1 X119.22 Y161.7 E1592.93039
G1 X117.5 Y161.699 E1592.9876
G1 F2700 E1587.9876
G0 F9000 X117.499 Y162.009
G0 X119.701 Y161.89
G0 X120.095 Y161.746
G0 X120.509 Y161.479
G0 X120.745 Y161.249
G0 X121.03 Y160.831
G0 X121.22 Y160.267
G0 X121.258 Y159.747
G0 X121.145 Y159.247
G0 X120.977 Y158.874
G0 X120.735 Y158.538
G0 X120.248 Y158.109
G0 X119.808 Y157.95
G0 X117.5 Y157.52
G0 X117.499 Y148.999
G0 X117.5 Y148.396
G1 F2700 E1592.9876
G1 F1500 X115.264 Y148.397 E1593.06197
G1 X115.102 Y148.286 E1593.0685
G1 X115.1 Y140.4 E1593.33079
G1 X115.127 Y140.299 E1593.33426
G1 X115.261 Y140.203 E1593.33975
G1 X120.369 Y140.2 E1593.50964
G1 X120.466 Y140.288 E1593.514
G1 X120.5 Y140.4 E1593.51789
G1 X120.498 Y148.235 E1593.77848
G1 X120.427 Y148.355 E1593.78312
G1 X120.347 Y148.395 E1593.78609
G1 X117.5 Y148.396 E1593.88079
G1 F2700 E1588.88079
G0 F9000 X117.5 Y148.71
G0 X114.862 Y148.638
G0 X114.862 Y139.962
G0 X117.5 Y139.62
G0 X117.5 Y132.8
G0 X117.5 Y132.2
G1 F2700 E1593.88079
G1 F1500 X111 Y132.2 E1594.09698
G1 X110.879 Y132.16 E1594.10122
G1 X110.803 Y132.035 E1594.10608
G1 X110.8 Y119 E1594.53963
G1 X110.917 Y118.8 E1594.54733
G1 X124.082 Y118.8 E1594.9852
G1 X124.2 Y119 E1594.99293
G1 X124.198 Y132.035 E1595.42647
G1 X124.12 Y132.16 E1595.43137
G1 X124 Y132.2 E1595.43558
G1 X117.5 Y132.2 E1595.65177
G1 F2700 E1590.65177
G0 F9000 X117.5 Y132.51
G0 X110.562 Y132.438
G0 X110.562 Y118.562
G0 X124.365 Y118.332
G0 X124.858 Y119.038
G0 X124.935 Y118
G0 X124.854 Y117.109
G0 X124.367 Y117.479
G0 X117.5 Y117.51
G0 X117.5 Y117.2
G1 F2700 E1595.65177
G1 F1500 X110.92 Y117.2 E1595.87062
G1 X110.803 Y117.035 E1595.87735
G1 X110.8 Y104 E1596.3109
G1 X110.879 Y103.84 E1596.31683
G1 X111 Y103.8 E1596.32107
G1 X124 Y103.8 E1596.75345
G1 X124.12 Y103.84 E1596.75766
G1 X124.2 Y104 E1596.76361
G1 X124.198 Y117.035 E1597.19715
G1 X124.079 Y117.2 E1597.20392
G1 X117.5 Y117.2 E1597.42274
G1 F2700 E1592.42274
G0 F9000 X117.5 Y117.51
G0 X124.438 Y117.438
G0 X124.438 Y103.562
G0 X117.508 Y103.2
G0 X117.586 Y62.785
G0 X117.531 Y62.2
G1 F2700 E1597.42274
G1 F1500 X117.097 Y62.161 E1597.43723
G1 X116.591 Y62.016 E1597.45474
G1 X116.112 Y61.708 E1597.47368
G1 X115.824 Y61.428 E1597.48704
G1 X115.611 Y61.131 E1597.4992
G1 X115.426 Y60.734 E1597.51376
G1 X115.322 Y60.331 E1597.52761
G1 X115.3 Y59.906 E1597.54176
G1 X115.337 Y59.579 E1597.55271
G1 X115.477 Y59.134 E1597.56822
G1 X115.63 Y58.834 E1597.57942
G1 X115.811 Y58.586 E1597.58963
G1 X116.2 Y58.204 E1597.60777
G1 X116.714 Y57.943 E1597.62694
G1 X117.136 Y57.828 E1597.64149
G1 X117.424 Y57.8 E1597.65111
G1 X117.988 Y57.838 E1597.66991
G1 X118.522 Y58.048 E1597.689
G1 X118.888 Y58.292 E1597.70363
G1 X119.172 Y58.568 E1597.7168
G1 X119.446 Y58.948 E1597.73238
G1 X119.634 Y59.473 E1597.75093
G1 X119.712 Y60 E1597.76865
G1 X119.634 Y60.527 E1597.78637
G1 X119.447 Y61.043 E1597.80462
G1 X119.169 Y61.427 E1597.82039
G1 X118.8 Y61.792 E1597.83765
G1 X118.384 Y62.01 E1597.85327
G1 X117.967 Y62.147 E1597.86787
G1 X117.531 Y62.2 E1597.88248
G1 F2700 E1592.88248
G0 F9000 X117.508 Y62.506
G0 X118.115 Y62.709
G0 X122.022 Y103.24
G0 X124.717 Y103.452
;TYPE:SKIN
G1 F2700 E1597.88248
G1 F1500 X124.553 Y103.213 E1597.89212
G1 X124.024 Y103.04 E1597.91063
G1 X110.971 Y103.04 E1598.34478
G1 X110.444 Y103.214 E1598.36324
G1 X110.279 Y103.452 E1598.37287
G1 X110.26 Y103.136 E1598.3834
G1 X110.261 Y53.461 E1600.0356
G1 X124.736 Y53.46 E1600.51704
G1 X124.736 Y103.135 E1602.16923
G1 X124.717 Y103.452 E1602.1798
G1 F2700 E1597.1798
G0 F9000 X124.977 Y103.475
G0 X124.857 Y104.038
G0 X124.556 Y103.55
G0 X122.022 Y103.24
G0 X119.168 Y62.244
G0 X117.562 Y62.964
G1 F2700 E1602.1798
G1 F1500 X118.142 Y62.882 E1602.19928
G1 X118.682 Y62.711 E1602.21812
G1 X119.278 Y62.39 E1602.24063
G1 X119.749 Y61.923 E1602.26269
G1 X120.122 Y61.408 E1602.28384
G1 X120.364 Y60.745 E1602.30732
G1 X120.48 Y60 E1602.3324
G1 X120.374 Y59.282 E1602.35653
G1 X120.123 Y58.585 E1602.38117
G1 X119.769 Y58.09 E1602.40142
G1 X119.334 Y57.668 E1602.42157
G1 X118.87 Y57.364 E1602.44002
G1 X118.155 Y57.086 E1602.46554
G1 X117.428 Y57.04 E1602.48977
G1 X116.989 Y57.074 E1602.50441
G1 X116.429 Y57.231 E1602.52376
G1 X115.741 Y57.583 E1602.54946
G1 X115.243 Y58.077 E1602.57279
G1 X114.96 Y58.459 E1602.5886
G1 X114.768 Y58.847 E1602.603
G1 X114.597 Y59.383 E1602.62171
G1 X114.536 Y59.913 E1602.63946
G1 X114.571 Y60.459 E1602.65765
G1 X114.706 Y60.994 E1602.67601
G1 X114.955 Y61.526 E1602.69554
G1 X115.218 Y61.894 E1602.71059
G1 X115.668 Y62.333 E1602.7315
G1 X116.276 Y62.716 E1602.7554
G1 X117.002 Y62.916 E1602.78044
G1 X117.562 Y62.964 E1602.79914
G1 F2700 E1597.79914
G0 F9000 X117.584 Y62.705
G0 X118.951 Y61.993
G0 X119.374 Y61.58
G0 X119.672 Y61.163
G0 X119.875 Y60.605
G0 X119.928 Y60.262
G0 X119.965 Y58.673
G0 X119.965 Y53.3
G0 X124.372 Y53.661
G1 F2700 E1602.79914
G1 F1500 X124.536 Y53.826 E1602.80688
G0 F9000 X124.536 Y54.391
G1 F1500 X123.806 Y53.661 E1602.84121
G0 F9000 X123.24 Y53.661
G1 F1500 X124.536 Y54.957 E1602.90217
G0 F9000 X124.536 Y55.523
G1 F1500 X122.675 Y53.661 E1602.98973
G0 F9000 X122.109 Y53.661
G1 F1500 X124.536 Y56.088 E1603.10389
G0 F9000 X124.536 Y56.654
G1 F1500 X121.543 Y53.661 E1603.24467
G0 F9000 X120.977 Y53.661
G1 F1500 X124.536 Y57.22 E1603.41208
G0 F9000 X124.536 Y57.785
G1 F1500 X120.412 Y53.661 E1603.60606
G0 F9000 X119.846 Y53.661
G1 F1500 X124.536 Y58.351 E1603.82666
G0 F9000 X124.536 Y58.917
G1 F1500 X119.28 Y53.661 E1604.07389
G0 F9000 X118.715 Y53.661
G1 F1500 X124.536 Y59.483 E1604.34771
G0 F9000 X124.536 Y60.048
G1 F1500 X118.149 Y53.661 E1604.64814
G0 F9000 X117.583 Y53.661
G1 F1500 X124.536 Y60.614 E1604.97518
G0 F9000 X124.536 Y61.18
G1 F1500 X117.018 Y53.661 E1605.32883
G0 F9000 X116.452 Y53.661
G1 F1500 X124.536 Y61.745 E1605.70908
G0 F9000 X124.536 Y62.311
G1 F1500 X115.886 Y53.661 E1606.11595
G0 F9000 X115.321 Y53.661
G1 F1500 X118.764 Y57.104 E1606.2779
G0 F9000 X117.966 Y56.872
G1 F1500 X114.755 Y53.661 E1606.42893
G0 F9000 X114.189 Y53.661
G1 F1500 X117.374 Y56.846 E1606.57874
G0 F9000 X116.864 Y56.902
G1 F1500 X113.624 Y53.661 E1606.73117
G0 F9000 X113.058 Y53.661
G1 F1500 X116.422 Y57.025 E1606.8894
G0 F9000 X116.036 Y57.205
G1 F1500 X112.492 Y53.661 E1607.0561
G0 F9000 X111.927 Y53.661
G1 F1500 X115.664 Y57.398 E1607.23187
G0 F9000 X115.369 Y57.67
G1 F1500 X111.361 Y53.661 E1607.42042
G0 F9000 X110.795 Y53.661
G1 F1500 X115.089 Y57.954 E1607.62238
G0 F9000 X114.848 Y58.28
G1 F1500 X110.461 Y53.892 E1607.82875
G0 F9000 X110.461 Y54.458
G1 F1500 X114.646 Y58.643 E1608.0256
G0 F9000 X114.493 Y59.055
G1 F1500 X110.461 Y55.024 E1608.21523
G0 F9000 X110.461 Y55.589
G1 F1500 X114.379 Y59.507 E1608.39952
G0 F9000 X114.343 Y60.038
G1 F1500 X110.461 Y56.155 E1608.58214
G0 F9000 X110.461 Y56.721
G1 F1500 X114.422 Y60.682 E1608.76845
G0 F9000 X114.763 Y61.588
G1 F1500 X110.461 Y57.286 E1608.97081
G0 F9000 X110.461 Y57.852
G1 F1500 X124.536 Y71.928 E1609.63288
G0 F9000 X124.536 Y72.493
G1 F1500 X110.461 Y58.418 E1610.29492
G0 F9000 X110.461 Y58.983
G1 F1500 X124.536 Y73.059 E1610.95699
G0 F9000 X124.536 Y73.625
G1 F1500 X110.461 Y59.549 E1611.61906
G0 F9000 X110.461 Y60.115
G1 F1500 X124.536 Y74.19 E1612.2811
G0 F9000 X124.536 Y74.756
G1 F1500 X110.461 Y60.68 E1612.94317
G0 F9000 X110.461 Y61.246
G1 F1500 X124.536 Y75.322 E1613.60524
G0 F9000 X124.536 Y75.887
G1 F1500 X110.461 Y61.812 E1614.26728
G0 F9000 X110.461 Y62.377
G1 F1500 X124.536 Y76.453 E1614.92935
G0 F9000 X124.536 Y77.019
G1 F1500 X110.461 Y62.943 E1615.59142
G0 F9000 X110.461 Y63.509
G1 F1500 X124.536 Y77.584 E1616.25346
G0 F9000 X124.536 Y78.15
G1 F1500 X110.461 Y64.074 E1616.91553
G0 F9000 X110.461 Y64.64
G1 F1500 X124.536 Y78.716 E1617.5776
G0 F9000 X124.536 Y79.282
G1 F1500 X110.461 Y65.206 E1618.23967
G0 F9000 X110.461 Y65.772
G1 F1500 X124.536 Y79.847 E1618.90171
G0 F9000 X124.536 Y80.413
G1 F1500 X110.461 Y66.337 E1619.56378
G0 F9000 X110.461 Y66.903
G1 F1500 X124.536 Y80.979 E1620.22585
G0 F9000 X124.536 Y81.544
G1 F1500 X110.461 Y67.469 E1620.8879
G0 F9000 X110.461 Y68.034
G1 F1500 X124.536 Y82.11 E1621.54996
G0 F9000 X124.536 Y82.676
G1 F1500 X110.461 Y68.6 E1622.21203
G0 F9000 X110.461 Y69.166
G1 F1500 X124.536 Y83.241 E1622.87408
G0 F9000 X124.536 Y83.807
G1 F1500 X110.461 Y69.731 E1623.53615
G0 F9000 X110.461 Y70.297
G1 F1500 X124.536 Y84.373 E1624.19821
G0 F9000 X124.536 Y84.938
G1 F1500 X110.461 Y70.863 E1624.86026
G0 F9000 X110.461 Y71.428
G1 F1500 X124.536 Y85.504 E1625.52233
G0 F9000 X124.536 Y86.07
G1 F1500 X110.461 Y71.994 E1626.1844
G0 F9000 X110.461 Y72.56
G1 F1500 X124.536 Y86.635 E1626.84644
G0 F9000 X124.536 Y87.201
G1 F1500 X110.461 Y73.125 E1627.50851
G0 F9000 X110.461 Y73.691
G1 F1500 X124.536 Y87.767 E1628.17058
G0 F9000 X124.536 Y88.332
G1 F1500 X110.461 Y74.257 E1628.83262
G0 F9000 X110.461 Y74.823
G1 F1500 X124.536 Y88.898 E1629.49467
G0 F9000 X124.536 Y89.464
G1 F1500 X110.461 Y75.388 E1630.15674
G0 F9000 X110.461 Y75.954
G1 F1500 X124.536 Y90.03 E1630.8188
G0 F9000 X124.536 Y90.595
G1 F1500 X110.461 Y76.52 E1631.48085
G0 F9000 X110.461 Y77.085
G1 F1500 X124.536 Y91.161 E1632.14292
G0 F9000 X124.536 Y91.727
G1 F1500 X110.461 Y77.651 E1632.80499
G0 F9000 X110.461 Y78.217
G1 F1500 X124.536 Y92.292 E1633.46703
G0 F9000 X124.536 Y92.858
G1 F1500 X110.46 Y78.782 E1634.12912
G0 F9000 X110.46 Y79.347
G1 F1500 X124.536 Y93.424 E1634.79124
G0 F9000 X124.536 Y93.989
G1 F1500 X110.46 Y79.913 E1635.45333
G0 F9000 X110.46 Y80.479
G1 F1500 X124.536 Y94.555 E1636.11542
G0 F9000 X124.536 Y95.121
G1 F1500 X110.46 Y81.044 E1636.77754
G0 F9000 X110.46 Y81.61
G1 F1500 X124.536 Y95.686 E1637.43963
G0 F9000 X124.536 Y96.252
G1 F1500 X110.46 Y82.176 E1638.10172
G0 F9000 X110.46 Y82.741
G1 F1500 X124.536 Y96.818 E1638.76384
G0 F9000 X124.536 Y97.383
G1 F1500 X110.46 Y83.307 E1639.42593
G0 F9000 X110.46 Y83.873
G1 F1500 X124.536 Y97.949 E1640.08802
G0 F9000 X124.536 Y98.515
G1 F1500 X110.46 Y84.438 E1640.75014
G0 F9000 X110.46 Y85.004
G1 F1500 X124.536 Y99.081 E1641.41225
G0 F9000 X124.536 Y99.646
G1 F1500 X110.46 Y85.57 E1642.07434
G0 F9000 X110.46 Y86.136
G1 F1500 X124.536 Y100.212 E1642.73643
G0 F9000 X124.536 Y100.778
G1 F1500 X110.46 Y86.701 E1643.39855
G0 F9000 X110.46 Y87.267
G1 F1500 X124.536 Y101.343 E1644.06064
G0 F9000 X124.536 Y101.909
G1 F1500 X110.46 Y87.833 E1644.72273
G0 F9000 X110.46 Y88.398
G1 F1500 X124.536 Y102.475 E1645.38485
G0 F9000 X124.472 Y102.976
G1 F1500 X110.46 Y88.964 E1646.04393
G0 F9000 X110.46 Y89.53
G1 F1500 X123.77 Y102.839 E1646.66997
G0 F9000 X123.204 Y102.839
G1 F1500 X110.46 Y90.095 E1647.26941
G0 F9000 X110.46 Y90.661
G1 F1500 X122.638 Y102.839 E1647.84222
G0 F9000 X122.073 Y102.839
G1 F1500 X110.46 Y91.227 E1648.38844
G0 F9000 X110.46 Y91.792
G1 F1500 X121.507 Y102.839 E1648.90806
G0 F9000 X120.941 Y102.839
G1 F1500 X110.46 Y92.358 E1649.40105
G0 F9000 X110.46 Y92.924
G1 F1500 X120.376 Y102.839 E1649.86745
G0 F9000 X119.81 Y102.839
G1 F1500 X110.46 Y93.489 E1650.30724
G0 F9000 X110.46 Y94.055
G1 F1500 X119.244 Y102.839 E1650.72041
G0 F9000 X118.679 Y102.839
G1 F1500 X110.46 Y94.621 E1651.10699
G0 F9000 X110.46 Y95.186
G1 F1500 X118.113 Y102.839 E1651.46696
G0 F9000 X117.547 Y102.839
G1 F1500 X110.46 Y95.752 E1651.80031
G0 F9000 X110.46 Y96.318
G1 F1500 X116.982 Y102.839 E1652.10706
G0 F9000 X116.416 Y102.839
G1 F1500 X110.46 Y96.884 E1652.38719
G0 F9000 X110.46 Y97.449
G1 F1500 X115.85 Y102.839 E1652.64072
G0 F9000 X115.285 Y102.839
G1 F1500 X110.46 Y98.015 E1652.86765
G0 F9000 X110.46 Y98.581
G1 F1500 X114.719 Y102.839 E1653.06796
G0 F9000 X114.153 Y102.839
G1 F1500 X110.46 Y99.146 E1653.24166
G0 F9000 X110.46 Y99.712
G1 F1500 X113.588 Y102.839 E1653.38877
G0 F9000 X113.022 Y102.839
G1 F1500 X110.46 Y100.278 E1653.50926
G0 F9000 X110.46 Y100.843
G1 F1500 X112.456 Y102.839 E1653.60314
G0 F9000 X111.89 Y102.839
G1 F1500 X110.46 Y101.409 E1653.6704
G0 F9000 X110.46 Y101.975
G1 F1500 X111.325 Y102.839 E1653.71107
G0 F9000 X110.804 Y102.884
G1 F1500 X110.46 Y102.54 E1653.72725
G1 F2700 E1648.72725
G0 F9000 X110 Y102.54
G0 X110.141 Y104.038
G0 X110.544 Y103.39
G0 X124.455 Y103.39
G0 X124.857 Y104.038
G0 X124.901 Y103.537
G0 X124.996 Y71.362
G0 X124.536 Y71.362
G1 F2700 E1653.72725
G1 F1500 X115.869 Y62.695 E1654.13492
G0 F9000 X116.116 Y62.309
G0 X116.937 Y62.632
G0 X116.815 Y63.075
G1 F1500 X124.536 Y70.796 E1654.49809
G0 F9000 X124.536 Y70.231
G1 F1500 X117.462 Y63.157 E1654.83083
G0 F9000 X117.981 Y63.109
G1 F1500 X124.536 Y69.665 E1655.13918
G0 F9000 X124.536 Y69.099
G1 F1500 X118.435 Y62.998 E1655.42615
G0 F9000 X118.853 Y62.85
G1 F1500 X124.536 Y68.533 E1655.69346
G0 F9000 X124.536 Y67.968
G1 F1500 X119.22 Y62.651 E1655.94354
G0 F9000 X119.543 Y62.409
G1 F1500 X124.536 Y67.402 E1656.17839
G0 F9000 X124.536 Y66.836
G1 F1500 X119.828 Y62.128 E1656.39984
G0 F9000 X120.076 Y61.81
G1 F1500 X124.536 Y66.271 E1656.60965
G0 F9000 X124.536 Y65.705
G1 F1500 X120.31 Y61.479 E1656.80843
G0 F9000 X120.458 Y61.061
G1 F1500 X124.536 Y65.139 E1657.00024
G0 F9000 X124.536 Y64.574
G1 F1500 X120.588 Y60.625 E1657.18597
G0 F9000 X120.66 Y60.132
G1 F1500 X124.536 Y64.008 E1657.36828
G0 F9000 X124.536 Y63.442
G1 F1500 X120.609 Y59.515 E1657.553
G0 F9000 X120.388 Y58.728
G1 F1500 X124.536 Y62.877 E1657.74813
G1 F2700 E1652.74813
G0 F9000 X124.996 Y62.877
G0 X124.969 Y118.538
G0 X124.717 Y118.52
G1 F2700 E1657.74813
G1 F1562.5 X124.493 Y118.177 E1657.76121
G1 F1385.7 X124.014 Y118 E1657.7796
G1 X124.483 Y117.822 E1657.79766
G1 F1562.5 X124.712 Y117.542 E1657.80921
G1 X124.743 Y117.986 E1657.82342
G1 X124.717 Y118.52 E1657.84049
G0 F9000 X124.969 Y118.538
G0 X124.858 Y119.038
G0 X124.504 Y118.538
G0 X110.492 Y118.541
G0 X110.14 Y119.038
G0 X110.027 Y118.542
G0 X110.279 Y118.526
G1 F1562.5 X110.253 Y118.012 E1657.85692
G1 X110.285 Y117.541 E1657.872
G1 X110.51 Y117.82 E1657.88344
G1 F1379.3 X110.915 Y117.998 E1657.89944
G1 X110.505 Y118.181 E1657.91568
G1 F1562.5 X110.279 Y118.526 E1657.92885
G0 F9000 X110.915 Y117.998
G1 F1239.7 X124.014 Y118 E1658.45602
G1 F2700 E1653.45602
G0 F9000 X123.988 Y117.701
G0 X124.854 Y117.109
G0 X124.935 Y118
G0 X124.924 Y181.728
G0 X117.5 Y181.8
G0 X117.5 Y181.54
G1 F2700 E1658.45602
G1 F1500 X110.261 Y181.539 E1658.69679
G1 X110.26 Y160.766 E1659.3877
G1 F1348.3 X110.305 Y160.184 E1659.4093
G1 F1204.8 X110.314 Y159.431 E1659.44048
G1 F1229.5 X110.296 Y159.302 E1659.44577
G1 F1376.1 X110.261 Y158.626 E1659.47031
G1 F1500 X110.261 Y132.84 E1660.32795
G1 X110.28 Y132.588 E1660.33636
G1 X110.432 Y132.78 E1660.3445
G1 X110.97 Y132.96 E1660.36337
G1 X124.029 Y132.96 E1660.79772
G1 X124.561 Y132.773 E1660.81647
G1 X124.713 Y132.587 E1660.82446
G1 X124.736 Y132.861 E1660.83361
G1 X124.736 Y181.54 E1662.45268
G1 X117.5 Y181.54 E1662.69335
G1 F2700 E1657.69335
G0 F9000 X117.5 Y181.8
G0 X117.587 Y177.784
G0 X117.5 Y177.955
G1 F2700 E1662.69335
G1 F1500 X117.569 Y177.96 E1662.69565
G1 X118.134 Y177.891 E1662.71458
G1 X118.681 Y177.71 E1662.73374
G1 X119.257 Y177.407 E1662.75539
G1 X119.765 Y176.902 E1662.77921
G1 X120.119 Y176.407 E1662.79946
G1 X120.364 Y175.746 E1662.8229
G1 X120.48 Y175 E1662.84801
G1 X120.374 Y174.282 E1662.87215
G1 X120.122 Y173.585 E1662.8968
G1 X119.771 Y173.095 E1662.91685
G1 X119.329 Y172.664 E1662.93738
G1 X118.828 Y172.345 E1662.95714
G1 X118.153 Y172.088 E1662.98116
G1 X117.429 Y172.036 E1663.0053
G1 X116.989 Y172.078 E1663.02
G1 X116.434 Y172.231 E1663.03915
G1 X115.748 Y172.58 E1663.06475
G1 X115.243 Y173.077 E1663.08832
G1 X114.978 Y173.433 E1663.10308
G1 X114.769 Y173.846 E1663.11847
G1 X114.597 Y174.383 E1663.13723
G1 X114.536 Y174.913 E1663.15497
G1 X114.571 Y175.459 E1663.17317
G1 X114.706 Y175.994 E1663.19152
G1 X114.955 Y176.526 E1663.21106
G1 X115.231 Y176.906 E1663.22668
G1 X115.635 Y177.307 E1663.24561
G1 X116.269 Y177.717 E1663.27072
G1 X116.961 Y177.913 E1663.29465
G1 X117.5 Y177.955 E1663.31263
G1 F2700 E1658.31263
G0 F9000 X117.519 Y177.699
G0 X116.488 Y177.249
G0 X115.973 Y176.918
G0 X115.405 Y176.273
G0 X115.197 Y175.838
G0 X115.076 Y175.365
G0 X115.099 Y174.509
G0 X115.408 Y173.723
G0 X115.626 Y173.42
G0 X115.974 Y173.079
G0 X117.445 Y172.219
G0 X117.453 Y162.279
G0 X117.5 Y162.459
G1 F2700 E1663.31263
G1 F1500 X119.247 Y162.46 E1663.37073
G1 X119.79 Y162.391 E1663.38894
G1 X120.297 Y162.213 E1663.40681
G1 X120.824 Y161.881 E1663.42753
G1 X121.203 Y161.487 E1663.44571
G1 X121.494 Y161.038 E1663.46351
G1 X121.718 Y160.379 E1663.48666
G1 X121.77 Y159.696 E1663.50944
G1 X121.636 Y159.103 E1663.52966
G1 X121.411 Y158.594 E1663.54817
G1 X121.131 Y158.206 E1663.56408
G1 X120.507 Y157.656 E1663.59175
G1 X119.821 Y157.411 E1663.61598
G1 X119.371 Y157.342 E1663.63112
G1 X113.227 Y157.342 E1663.83547
G1 X112.743 Y157.416 E1663.85175
G1 X112.295 Y157.58 E1663.86762
G1 X111.847 Y157.864 E1663.88526
G1 X111.478 Y158.19 E1663.90164
G1 X111.121 Y158.717 E1663.92281
G1 F1324.5 X110.819 Y159.449 E1663.95264
G1 F1195.2 X110.783 Y160.111 E1663.98031
G1 F1336.3 X110.973 Y160.725 E1664.00431
G1 F1500 X111.164 Y161.161 E1664.02014
G1 X111.494 Y161.614 E1664.03878
G1 X111.942 Y162.014 E1664.05876
G1 X112.218 Y162.181 E1664.06948
G1 X112.755 Y162.38 E1664.08853
G1 X113.255 Y162.457 E1664.10536
G1 X117.5 Y162.459 E1664.24655
G1 F2700 E1659.24655
G0 F9000 X117.501 Y162.199
G0 X119.701 Y161.89
G0 X120.095 Y161.746
G0 X120.509 Y161.479
G0 X120.745 Y161.249
G0 X121.03 Y160.831
G0 X121.22 Y160.267
G0 X121.258 Y159.747
G0 X121.145 Y159.247
G0 X120.977 Y158.874
G0 X120.735 Y158.538
G0 X120.248 Y158.109
G0 X119.808 Y157.95
G0 X117.5 Y157.52
G0 X117.499 Y148.999
G0 X117.5 Y149.154
G1 F2700 E1664.24655
G1 F1500 X120.387 Y149.15 E1664.34257
G1 X120.717 Y149.06 E1664.35395
G1 X121.087 Y148.759 E1664.36981
G1 X121.258 Y148.323 E1664.38539
G1 X121.258 Y140.378 E1664.64964
G1 X121.205 Y140.081 E1664.65967
G1 X121.113 Y139.889 E1664.66675
G1 X120.925 Y139.665 E1664.67648
G1 X120.49 Y139.44 E1664.69277
G1 X115.169 Y139.442 E1664.86975
G1 X114.94 Y139.506 E1664.87766
G1 X114.605 Y139.727 E1664.891
G1 X114.39 Y140.099 E1664.90529
G1 X114.34 Y140.404 E1664.91557
G1 X114.341 Y148.219 E1665.1755
G1 X114.37 Y148.439 E1665.18288
G1 X114.477 Y148.706 E1665.19245
G1 X114.793 Y149.014 E1665.20713
G1 X115.166 Y149.157 E1665.22041
G1 X117.5 Y149.154 E1665.29804
G1 F2700 E1660.29804
G0 F9000 X117.5 Y148.899
G0 X120.738 Y148.638
G0 X120.738 Y139.962
G0 X120.504 Y139.647
G0 X120.504 Y132.8
G0 X124.097 Y133.147
G1 F2700 E1665.29804
G1 F1500 X124.536 Y133.587 E1665.31872
G0 F9000 X124.536 Y134.153
G1 F1500 X123.544 Y133.16 E1665.3654
G0 F9000 X122.978 Y133.16
G1 F1500 X124.536 Y134.719 E1665.43871
G0 F9000 X124.536 Y135.284
G1 F1500 X122.412 Y133.16 E1665.53861
G0 F9000 X121.847 Y133.16
G1 F1500 X124.536 Y135.85 E1665.66512
G0 F9000 X124.536 Y136.416
G1 F1500 X121.281 Y133.16 E1665.81825
G0 F9000 X120.715 Y133.16
G1 F1500 X124.536 Y136.981 E1665.99798
G0 F9000 X124.536 Y137.547
G1 F1500 X120.149 Y133.16 E1666.20433
G0 F9000 X119.584 Y133.16
G1 F1500 X124.536 Y138.113 E1666.43728
G0 F9000 X124.536 Y138.678
G1 F1500 X119.018 Y133.16 E1666.69683
G0 F9000 X118.452 Y133.16
G1 F1500 X124.536 Y139.244 E1666.983
G0 F9000 X124.536 Y139.81
G1 F1500 X117.887 Y133.16 E1667.29577
G0 F9000 X117.321 Y133.16
G1 F1500 X124.536 Y140.376 E1667.63517
G0 F9000 X124.536 Y140.941
G1 F1500 X116.755 Y133.16 E1668.00116
G0 F9000 X116.19 Y133.16
G1 F1500 X124.536 Y141.507 E1668.39375
G0 F9000 X124.536 Y142.073
G1 F1500 X115.624 Y133.16 E1668.81297
G0 F9000 X115.058 Y133.16
G1 F1500 X124.536 Y142.638 E1669.25879
G0 F9000 X124.536 Y143.204
G1 F1500 X121.405 Y140.073 E1669.40606
G0 F9000 X121.46 Y140.693
G1 F1500 X124.536 Y143.77 E1669.55077
G0 F9000 X124.536 Y144.335
G1 F1500 X121.46 Y141.259 E1669.69545
G0 F9000 X121.459 Y141.824
G1 F1500 X124.536 Y144.901 E1669.84019
G0 F9000 X124.536 Y145.467
G1 F1500 X121.459 Y142.389 E1669.98494
G0 F9000 X121.458 Y142.954
G1 F1500 X124.536 Y146.032 E1670.12972
G0 F9000 X124.536 Y146.598
G1 F1500 X121.458 Y143.52 E1670.2745
G0 F9000 X121.458 Y144.085
G1 F1500 X124.536 Y147.164 E1670.41931
G0 F9000 X124.536 Y147.729
G1 F1500 X121.458 Y144.651 E1670.56409
G0 F9000 X121.457 Y145.216
G1 F1500 X124.536 Y148.295 E1670.70891
G0 F9000 X124.536 Y148.861
G1 F1500 X121.457 Y145.781 E1670.85376
G0 F9000 X121.456 Y146.346
G1 F1500 X124.536 Y149.427 E1670.99866
G0 F9000 X124.536 Y149.992
G1 F1500 X121.456 Y146.912 E1671.14353
G0 F9000 X121.455 Y147.477
G1 F1500 X124.536 Y150.558 E1671.28845
G0 F9000 X124.536 Y151.124
G1 F1500 X121.455 Y148.043 E1671.43338
G0 F9000 X121.389 Y148.542
G1 F1500 X124.536 Y151.689 E1671.5814
G0 F9000 X124.536 Y152.255
G1 F1500 X121.197 Y148.915 E1671.73848
G0 F9000 X120.895 Y149.18
G1 F1500 X124.536 Y152.821 E1671.90974
G0 F9000 X124.536 Y153.386
G1 F1500 X120.483 Y149.332 E1672.10041
G0 F9000 X119.941 Y149.357
G1 F1500 X124.536 Y153.952 E1672.31654
G0 F9000 X124.536 Y154.518
G1 F1500 X119.376 Y149.357 E1672.55927
G0 F9000 X118.81 Y149.357
G1 F1500 X124.536 Y155.083 E1672.82861
G0 F9000 X124.536 Y155.649
G1 F1500 X118.245 Y149.358 E1673.12452
G0 F9000 X117.68 Y149.359
G1 F1500 X124.536 Y156.215 E1673.447
G0 F9000 X124.536 Y156.78
G1 F1500 X117.115 Y149.359 E1673.79606
G0 F9000 X116.55 Y149.359
G1 F1500 X124.536 Y157.346 E1674.17172
G0 F9000 X124.536 Y157.912
G1 F1500 X115.985 Y149.36 E1674.57396
G0 F9000 X115.419 Y149.36
G1 F1500 X124.536 Y158.477 E1675.0028
G0 F9000 X124.536 Y159.043
G1 F1500 X114.686 Y149.193 E1675.46611
G0 F9000 X114.303 Y148.81
G1 F1500 X110.461 Y144.967 E1675.64685
G0 F9000 X110.461 Y144.402
G1 F1500 X114.143 Y148.084 E1675.82004
G0 F9000 X114.143 Y147.518
G1 F1500 X110.461 Y143.836 E1675.99323
G0 F9000 X110.461 Y143.27
G1 F1500 X114.143 Y146.952 E1676.16642
G0 F9000 X114.143 Y146.387
G1 F1500 X110.461 Y142.705 E1676.33961
G0 F9000 X110.461 Y142.139
G1 F1500 X114.143 Y145.821 E1676.5128
G0 F9000 X114.143 Y145.255
G1 F1500 X110.461 Y141.573 E1676.68599
G0 F9000 X110.461 Y141.008
G1 F1500 X114.143 Y144.69 E1676.85918
G0 F9000 X114.143 Y144.124
G1 F1500 X110.461 Y140.442 E1677.03237
G0 F9000 X110.461 Y139.876
G1 F1500 X114.143 Y143.558 E1677.20556
G0 F9000 X114.143 Y142.993
G1 F1500 X110.461 Y139.311 E1677.37875
G0 F9000 X110.461 Y138.745
G1 F1500 X114.143 Y142.427 E1677.55194
G0 F9000 X114.143 Y141.861
G1 F1500 X110.461 Y138.179 E1677.72513
G0 F9000 X110.461 Y137.614
G1 F1500 X114.143 Y141.295 E1677.8983
G0 F9000 X114.143 Y140.73
G1 F1500 X110.461 Y137.048 E1678.07149
G0 F9000 X110.461 Y136.482
G1 F1500 X114.176 Y140.197 E1678.24623
G0 F9000 X114.337 Y139.793
G1 F1500 X110.461 Y135.917 E1678.42854
G0 F9000 X110.461 Y135.351
G1 F1500 X114.599 Y139.49 E1678.62321
G0 F9000 X114.967 Y139.292
G1 F1500 X110.461 Y134.785 E1678.83518
G0 F9000 X110.461 Y134.219
G1 F1500 X115.485 Y139.244 E1679.07152
G0 F9000 X116.05 Y139.243
G1 F1500 X110.461 Y133.654 E1679.3344
G0 F9000 X110.461 Y133.088
G1 F1500 X116.616 Y139.243 E1679.62392
G0 F9000 X117.181 Y139.243
G1 F1500 X111.098 Y133.16 E1679.91004
G0 F9000 X111.664 Y133.16
G1 F1500 X117.747 Y139.243 E1680.19617
G0 F9000 X118.312 Y139.242
G1 F1500 X112.23 Y133.16 E1680.48225
G0 F9000 X112.796 Y133.16
G1 F1500 X118.877 Y139.241 E1680.76828
G0 F9000 X119.442 Y139.241
G1 F1500 X113.361 Y133.16 E1681.05431
G0 F9000 X113.927 Y133.16
G1 F1500 X120.007 Y139.241 E1681.34032
G0 F9000 X120.6 Y139.268
G1 F1500 X114.493 Y133.16 E1681.6276
G0 F9000 X114.493 Y132.7
G0 X110.542 Y132.608
G0 X110.146 Y132.109
G0 X110.098 Y132.528
G0 X110 Y145.533
G0 X110.461 Y145.533
G1 F1500 X124.536 Y159.609 E1682.28966
G0 F9000 X124.536 Y160.175
G1 F1500 X110.461 Y146.099 E1682.95173
G0 F9000 X110.461 Y146.665
G1 F1500 X124.536 Y160.74 E1683.61378
G0 F9000 X124.536 Y161.306
G1 F1500 X110.461 Y147.23 E1684.27585
G0 F9000 X110.461 Y147.796
G1 F1500 X119.89 Y157.225 E1684.71936
G0 F9000 X119.242 Y157.143
G1 F1500 X110.461 Y148.362 E1685.13239
G0 F9000 X110.461 Y148.927
G1 F1500 X118.677 Y157.143 E1685.51884
G0 F9000 X118.11 Y157.142
G1 F1500 X110.461 Y149.493 E1685.87863
G0 F9000 X110.461 Y150.059
G1 F1500 X117.544 Y157.142 E1686.21179
G0 F9000 X116.979 Y157.142
G1 F1500 X110.461 Y150.624 E1686.51838
G0 F9000 X110.461 Y151.19
G1 F1500 X116.412 Y157.142 E1686.79832
G0 F9000 X115.847 Y157.142
G1 F1500 X110.461 Y151.756 E1687.05166
G0 F9000 X110.461 Y152.321
G1 F1500 X115.28 Y157.141 E1687.27835
G0 F9000 X114.715 Y157.141
G1 F1500 X110.461 Y152.887 E1687.47845
G0 F9000 X110.461 Y153.453
G1 F1500 X114.148 Y157.14 E1687.65187
G0 F9000 X113.583 Y157.14
G1 F1500 X110.461 Y154.018 E1687.79872
G0 F9000 X110.461 Y154.584
G1 F1500 X113.045 Y157.169 E1687.92029
G0 F9000 X112.574 Y157.263
G1 F1500 X110.461 Y155.15 E1688.01968
G0 F9000 X110.461 Y155.716
G1 F1500 X112.165 Y157.42 E1688.09983
G0 F9000 X111.821 Y157.642
G1 F1500 X110.461 Y156.281 E1688.16382
G0 F9000 X110.461 Y156.847
G1 F1500 X111.509 Y157.896 E1688.21314
G0 F9000 X111.234 Y158.185
G1 F1500 X110.461 Y157.413 E1688.24948
G0 F9000 X110.461 Y157.978
G1 F1500 X111.008 Y158.526 E1688.27523
G0 F9000 X110.816 Y158.9
G1 F1500 X110.461 Y158.544 E1688.29195
G0 F9000 X110.517 Y159.165
G1 F1500 X110.636 Y159.285 E1688.29757
G0 F9000 X111.139 Y159.454
G0 X111.006 Y160.08
G0 X110.1 Y160.08
G0 X110.53 Y160.31
G1 F1500 X110.642 Y160.422 E1688.30284
G0 F9000 X110.46 Y160.806
G1 F1500 X111.169 Y161.515 E1688.33619
G0 F9000 X110.46 Y161.372
G1 F1500 X124.536 Y175.448 E1688.99828
G0 F9000 X124.536 Y176.014
G1 F1500 X110.46 Y161.937 E1689.6604
G0 F9000 X110.46 Y162.503
G1 F1500 X124.536 Y176.579 E1690.32249
G0 F9000 X124.536 Y177.145
G1 F1500 X110.46 Y163.069 E1690.98458
G0 F9000 X110.46 Y163.634
G1 F1500 X119.109 Y172.284 E1691.39143
G0 F9000 X118.857 Y172.669
G0 X118.097 Y172.343
G0 X118.149 Y171.889
G1 F1500 X110.46 Y164.2 E1691.7531
G0 F9000 X110.46 Y164.766
G1 F1500 X117.536 Y171.842 E1692.08593
G0 F9000 X117.005 Y171.876
G1 F1500 X110.46 Y165.331 E1692.39379
G0 F9000 X110.46 Y165.897
G1 F1500 X116.554 Y171.991 E1692.68043
G0 F9000 X116.147 Y172.149
G1 F1500 X110.46 Y166.463 E1692.9479
G0 F9000 X110.46 Y167.029
G1 F1500 X115.773 Y172.342 E1693.19781
G0 F9000 X115.454 Y172.589
G1 F1500 X110.46 Y167.594 E1693.43274
G0 F9000 X110.46 Y168.16
G1 F1500 X115.169 Y172.869 E1693.65423
G0 F9000 X114.917 Y173.182
G1 F1500 X110.46 Y168.726 E1693.86385
G0 F9000 X110.46 Y169.291
G1 F1500 X114.706 Y173.537 E1694.06357
G0 F9000 X114.531 Y173.928
G1 F1500 X110.46 Y169.857 E1694.25506
G0 F9000 X110.46 Y170.423
G1 F1500 X114.395 Y174.358 E1694.44015
G0 F9000 X114.342 Y174.87
G1 F1500 X110.46 Y170.988 E1694.62275
G0 F9000 X110.461 Y171.555
G1 F1500 X114.372 Y175.466 E1694.80671
G0 F9000 X114.614 Y176.273
G1 F1500 X110.461 Y172.12 E1695.00205
G0 F9000 X110.461 Y172.686
G1 F1500 X119.114 Y181.339 E1695.40907
G0 F9000 X119.679 Y181.339
G1 F1500 X116.264 Y177.924 E1695.5697
G0 F9000 X117.03 Y178.124
G1 F1500 X120.245 Y181.339 E1695.72092
G0 F9000 X120.811 Y181.339
G1 F1500 X117.627 Y178.156 E1695.87066
G0 F9000 X118.129 Y178.092
G1 F1500 X121.376 Y181.339 E1696.02339
G0 F9000 X121.942 Y181.339
G1 F1500 X118.56 Y177.957 E1696.18247
G0 F9000 X118.96 Y177.791
G1 F1500 X122.508 Y181.339 E1696.34936
G0 F9000 X123.073 Y181.339
G1 F1500 X119.33 Y177.596 E1696.52542
G0 F9000 X119.624 Y177.324
G1 F1500 X123.639 Y181.339 E1696.71427
G0 F9000 X124.205 Y181.339
G1 F1500 X119.908 Y177.042 E1696.91639
G0 F9000 X120.145 Y176.714
G1 F1500 X124.536 Y181.105 E1697.12293
G0 F9000 X124.536 Y180.539
G1 F1500 X120.35 Y176.353 E1697.31982
G0 F9000 X120.5 Y175.937
G1 F1500 X124.536 Y179.974 E1697.50969
G0 F9000 X124.536 Y179.408
G1 F1500 X120.609 Y175.481 E1697.6944
G0 F9000 X120.677 Y174.983
G1 F1500 X124.536 Y178.842 E1697.87592
G0 F9000 X124.536 Y178.276
G1 F1500 X120.582 Y174.322 E1698.0619
G0 F9000 X120.263 Y173.438
G1 F1500 X124.536 Y177.711 E1698.26289
G0 F9000 X124.996 Y177.711
G0 X124.996 Y174.882
G0 X124.536 Y174.882
G1 F1500 X111.831 Y162.177 E1698.86049
G0 F9000 X112.111 Y161.816
G0 X112.88 Y162.143
G0 X112.815 Y162.595
G1 F1500 X124.536 Y174.317 E1699.41184
G0 F9000 X124.536 Y173.751
G1 F1500 X113.443 Y162.657 E1699.93364
G0 F9000 X114.008 Y162.657
G1 F1500 X124.536 Y173.185 E1700.42885
G0 F9000 X124.536 Y172.62
G1 F1500 X114.575 Y162.658 E1700.89741
G0 F9000 X115.14 Y162.658
G1 F1500 X124.536 Y172.054 E1701.33936
G0 F9000 X124.536 Y171.488
G1 F1500 X115.707 Y162.659 E1701.75465
G0 F9000 X116.272 Y162.659
G1 F1500 X124.536 Y170.923 E1702.14337
G0 F9000 X124.536 Y170.357
G1 F1500 X116.838 Y162.659 E1702.50546
G0 F9000 X117.404 Y162.659
G1 F1500 X124.536 Y169.791 E1702.84092
G0 F9000 X124.536 Y169.226
G1 F1500 X117.97 Y162.659 E1703.14979
G0 F9000 X118.537 Y162.66
G1 F1500 X124.536 Y168.66 E1703.43199
G0 F9000 X124.536 Y168.094
G1 F1500 X119.102 Y162.66 E1703.68759
G0 F9000 X119.622 Y162.614
G1 F1500 X124.536 Y167.528 E1703.91873
G0 F9000 X124.536 Y166.963
G1 F1500 X120.079 Y162.505 E1704.1284
G0 F9000 X120.479 Y162.34
G1 F1500 X124.536 Y166.397 E1704.31922
G0 F9000 X124.536 Y165.831
G1 F1500 X120.825 Y162.12 E1704.49378
G0 F9000 X121.128 Y161.857
G1 F1500 X124.536 Y165.266 E1704.6541
G0 F9000 X124.536 Y164.7
G1 F1500 X121.395 Y161.559 E1704.80185
G0 F9000 X121.621 Y161.219
G1 F1500 X124.536 Y164.134 E1704.93896
G0 F9000 X124.536 Y163.569
G1 F1500 X121.78 Y160.812 E1705.06862
G0 F9000 X121.917 Y160.384
G1 F1500 X124.536 Y163.003 E1705.19181
G0 F9000 X124.536 Y162.437
G1 F1500 X121.959 Y159.86 E1705.31302
G0 F9000 X121.862 Y159.197
G1 F1500 X124.536 Y161.872 E1705.43882
G1 F2700 E1700.43882
G0 F9000 X124.996 Y161.872
G0 X124.924 Y181.728
G0 X110.072 Y181.728
G0 X110 Y173.252
G0 X110.461 Y173.252
G1 F2700 E1705.43882
G1 F1500 X118.548 Y181.339 E1705.81921
G0 F9000 X117.982 Y181.339
G1 F1500 X110.461 Y173.817 E1706.173
G0 F9000 X110.461 Y174.383
G1 F1500 X117.416 Y181.339 E1706.50016
G0 F9000 X116.851 Y181.339
G1 F1500 X110.461 Y174.949 E1706.80073
G0 F9000 X110.461 Y175.515
G1 F1500 X116.285 Y181.339 E1707.07467
G0 F9000 X115.719 Y181.339
G1 F1500 X110.461 Y176.08 E1707.32202
G0 F9000 X110.461 Y176.646
G1 F1500 X115.154 Y181.339 E1707.54276
G0 F9000 X114.588 Y181.339
G1 F1500 X110.461 Y177.212 E1707.73688
G0 F9000 X110.461 Y177.777
G1 F1500 X114.022 Y181.339 E1707.9044
G0 F9000 X113.457 Y181.339
G1 F1500 X110.461 Y178.343 E1708.04533
G0 F9000 X110.461 Y178.909
G1 F1500 X112.891 Y181.339 E1708.15963
G0 F9000 X112.325 Y181.339
G1 F1500 X110.461 Y179.474 E1708.24733
G0 F9000 X110.461 Y180.04
G1 F1500 X111.76 Y181.339 E1708.30843
G0 F9000 X111.194 Y181.339
G1 F1500 X110.461 Y180.606 E1708.3429
G0 F9000 X110.461 Y181.171
G1 F1500 X110.628 Y181.339 E1708.35078
G1 F2700 E1703.35078
;MESH:NONMESH
G0 F300 X110.628 Y181.339 Z2
G0 F9000 X110.628 Y181.8
G0 X110.072 Y181.728
G0 X109.731 Y52.93
G0 X109.731 Y51.835
G0 X109.154 Y50.847
G0 X104 Y50.835
G0 X104 Y51.7
;TIME_ELAPSED:2641.948147
;LAYER:9
;TYPE:SUPPORT
G1 F2700 E1708.35078
G1 F1500 X102.381 Y51.7 E1708.40463
G1 X102.381 Y183.3 E1712.78167
G1 X104 Y183.3 E1712.83551
G1 X104 Y51.7 E1717.21255
G1 X106 Y51.7 E1717.27907
G1 X106 Y183.3 E1721.6561
G1 X108 Y183.3 E1721.72262
G1 X108 Y51.7 E1726.09966
G1 X108.185 Y51.7 E1726.10581
G1 X108.185 Y183.3 E1730.48284
G1 X108 Y183.3 E1730.489
G1 F2700 E1725.489
G0 F9000 X109.05 Y183.3
G0 X125.961 Y184.153
G0 X132 Y184.165
G0 X132 Y183.3
G1 F2700 E1730.489
G1 F1500 X132.618 Y183.3 E1730.50955
G1 X132.618 Y51.7 E1734.88658
G1 X132 Y51.7 E1734.90714
G1 X132 Y183.3 E1739.28417
G1 X130 Y183.3 E1739.35069
G1 X130 Y51.7 E1743.72773
G1 X128 Y51.7 E1743.79425
G1 X128 Y183.3 E1748.17128
G1 X126.814 Y183.3 E1748.21073
G1 X126.814 Y51.7 E1752.58776
G1 X128 Y51.7 E1752.62721
G1 F2700 E1747.62721
;MESH:btncover.stl
G0 F9000 X128 Y50.835
G0 X125.961 Y50.847
G0 X123.161 Y51.847
G0 X111.85 Y132.423
G0 X110.761 Y132.424
G0 X110.306 Y181.62
G0 X110.584 Y181.9
;TYPE:WALL-INNER
G1 F2700 E1752.62721
G1 F1500 X110.584 Y132.385 E1754.27408
G1 X110.51 Y132.347 E1754.27685
G1 F1310 X110.352 Y132.114 E1754.28757
G1 F1171.9 X110.346 Y119 E1754.84587
G1 F1321.6 X110.51 Y118.653 E1754.86036
G1 F1500 X110.584 Y118.615 E1754.86313
G1 X110.584 Y117.385 E1754.90404
G1 X110.51 Y117.347 E1754.90681
G1 F1310 X110.352 Y117.114 E1754.91753
G1 F1171.9 X110.346 Y104 E1755.47583
G1 F1321.6 X110.51 Y103.653 E1755.49032
G1 F1500 X110.584 Y103.615 E1755.49308
G1 X110.584 Y53.1 E1757.17322
G1 X109.784 Y53.1 E1757.19983
G1 X109.784 Y103.422 E1758.87354
G1 F1321.6 X109.838 Y104 E1758.89546
G1 F1171.9 X109.841 Y117.158 E1759.45563
G1 F1310 X109.784 Y117.578 E1759.47178
G1 F1500 X109.784 Y118.422 E1759.49985
G1 F1321.6 X109.838 Y119 E1759.52176
G1 F1171.9 X109.841 Y132.158 E1760.08194
G1 F1310 X109.784 Y132.578 E1760.09808
G1 F1500 X109.784 Y181.9 E1761.73853
G1 X110.584 Y181.9 E1761.76514
G0 F9000 X110.984 Y182.3
;TYPE:WALL-OUTER
G1 F1500 X110.984 Y132.192 E1763.43174
G1 X110.836 Y132.116 E1763.43728
G1 X110.803 Y132.035 E1763.44018
G1 X110.8 Y119 E1763.87373
G1 X110.836 Y118.884 E1763.87777
G1 X110.984 Y118.808 E1763.8833
G1 X110.984 Y117.192 E1763.93705
G1 X110.836 Y117.116 E1763.94259
G1 X110.803 Y117.035 E1763.94549
G1 X110.8 Y104 E1764.37904
G1 X110.836 Y103.884 E1764.38308
G1 X110.984 Y103.808 E1764.38861
G1 X110.984 Y52.7 E1766.08847
G1 X109.384 Y52.7 E1766.14169
G1 X109.384 Y182.3 E1770.4522
G1 X110.984 Y182.3 E1770.50542
G0 F9000 X110.706 Y182.02
G0 X110.095 Y176.914
G0 X109.864 Y176.914
;TYPE:FILL
G1 F3000 X110.504 Y176.743 E1770.52745
G0 F9000 X110.504 Y176.386
G1 F3000 X109.864 Y175.746 E1770.55756
G0 F9000 X110.095 Y175.746
G0 X110.095 Y170.702
G0 X109.865 Y170.702
G1 F3000 X110.503 Y170.531 E1770.57952
G0 F9000 X110.275 Y170.531
G0 X110.275 Y167.901
G0 X110.504 Y167.901
G1 F3000 X109.864 Y167.261 E1770.60963
G0 F9000 X110.095 Y167.261
G0 X110.095 Y164.491
G0 X109.865 Y164.491
G1 F3000 X110.503 Y164.32 E1770.6316
G0 F9000 X109.864 Y163.714
G1 F3000 X110.504 Y161.327 E1770.71379
G0 F9000 X110.275 Y161.327
G0 X110.275 Y159.416
G0 X110.504 Y159.416
G1 F3000 X109.864 Y158.776 E1770.7439
G0 F9000 X109.864 Y158.279
G1 F3000 X110.504 Y158.108 E1770.76593
G0 F9000 X110.275 Y158.108
G0 X110.095 Y152.068
G0 X109.865 Y152.068
G1 F3000 X110.504 Y151.896 E1770.78794
G0 F9000 X110.504 Y150.931
G1 F3000 X109.864 Y150.291 E1770.81804
G0 F9000 X110.095 Y150.291
G0 X110.095 Y145.856
G0 X109.865 Y145.856
G1 F3000 X110.503 Y145.685 E1770.84001
G0 F9000 X110.275 Y145.685
G0 X110.275 Y142.445
G0 X110.504 Y142.445
G1 F3000 X109.864 Y141.805 E1770.87012
G0 F9000 X110.095 Y141.805
G0 X110.095 Y140.532
G0 X109.864 Y140.532
G1 F3000 X110.504 Y138.144 E1770.95234
G0 F9000 X110.275 Y138.144
G0 X110.275 Y139.473
G0 X110.504 Y139.473
G1 F3000 X109.864 Y139.644 E1770.97438
G0 F9000 X110.095 Y139.644
G0 X110.275 Y133.96
G0 X110.504 Y133.96
G1 F3000 X109.864 Y133.32 E1771.00448
G1 X109.864 Y133.433
G1 X110.504 Y133.261 E1771.02652
G1 F2700 E1766.02652
G0 F9000 X110.275 Y133.261
G0 X110.183 Y132.918
G0 X110.095 Y102.374
G0 X109.865 Y102.374
G1 F2700 E1771.02652
G1 F3000 X110.503 Y102.203 E1771.04849
G0 F9000 X110.276 Y102.202
G0 X110.276 Y100.018
G0 X110.504 Y100.019
G1 F3000 X109.864 Y99.379 E1771.0786
G0 F9000 X110.095 Y99.379
G0 X110.095 Y96.163
G0 X109.864 Y96.163
G1 F3000 X110.504 Y95.991 E1771.10064
G0 F9000 X110.276 Y95.99
G0 X110.095 Y94.168
G0 X109.864 Y94.168
G1 F3000 X110.504 Y91.78 E1771.18287
G0 F9000 X110.504 Y91.534
G1 F3000 X109.864 Y90.894 E1771.21297
G0 F9000 X109.865 Y89.951
G1 F3000 X110.503 Y89.78 E1771.23494
G0 F9000 X110.276 Y89.779
G0 X110.095 Y83.739
G0 X109.864 Y83.739
G1 F3000 X110.503 Y83.568 E1771.25694
G0 F9000 X110.504 Y83.048
G1 F3000 X109.864 Y82.408 E1771.28704
G0 F9000 X110.095 Y82.408
G0 X110.095 Y77.528
G0 X109.864 Y77.528
G1 F3000 X110.504 Y77.356 E1771.30908
G0 F9000 X110.276 Y77.355
G0 X110.276 Y74.562
G0 X110.504 Y74.563
G1 F3000 X109.864 Y73.923 E1771.33919
G0 F9000 X110.095 Y73.923
G0 X110.095 Y71.316
G0 X109.864 Y71.316
G1 F3000 X110.504 Y71.145 E1771.36122
G0 F9000 X109.864 Y70.987
G1 F3000 X110.504 Y68.597 E1771.44351
G0 F9000 X110.276 Y68.596
G0 X110.276 Y66.077
G0 X110.504 Y66.078
G1 F3000 X109.864 Y65.438 E1771.47362
G0 F9000 X109.864 Y65.105
G1 F3000 X110.503 Y64.933 E1771.49563
G0 F9000 X110.276 Y64.932
G0 X110.095 Y58.893
G0 X109.864 Y58.893
G1 F3000 X110.504 Y58.721 E1771.51767
G0 F9000 X110.276 Y58.72
G0 X110.276 Y57.591
G0 X110.504 Y57.592
G1 F3000 X109.864 Y56.953 E1771.54775
G1 F2700 E1766.54775
G0 F9000 X110.095 Y56.953
G0 X110.761 Y103.576
G0 X111.851 Y103.576
G0 X123.15 Y132.424
G0 X124.239 Y132.424
G0 X124.695 Y181.62
G0 X124.412 Y181.9
;TYPE:WALL-INNER
G1 F2700 E1771.54775
G1 F1500 X125.212 Y181.9 E1771.57436
G1 X125.212 Y132.584 E1773.21461
G1 F1315.8 X125.156 Y132.157 E1773.23094
G1 F1178.8 X125.159 Y119 E1773.78779
G1 F1324.5 X125.212 Y118.416 E1773.80988
G1 F1500 X125.212 Y117.584 E1773.83755
G1 F1315.8 X125.156 Y117.157 E1773.85388
G1 F1178.8 X125.159 Y104 E1774.41073
G1 F1324.5 X125.212 Y103.416 E1774.43282
G1 F1500 X125.212 Y53.1 E1776.10634
G1 X124.412 Y53.1 E1776.13295
G1 X124.412 Y103.611 E1777.81295
G1 X124.488 Y103.649 E1777.81578
G1 F1324.5 X124.653 Y104 E1777.83038
G1 F1178.8 X124.648 Y117.113 E1778.38537
G1 F1315.8 X124.488 Y117.351 E1778.39625
G1 F1500 X124.412 Y117.389 E1778.39907
G1 X124.412 Y118.611 E1778.43972
G1 X124.488 Y118.649 E1778.44254
G1 F1324.5 X124.653 Y119 E1778.45715
G1 F1178.8 X124.648 Y132.113 E1779.01214
G1 F1315.8 X124.488 Y132.351 E1779.02301
G1 F1500 X124.412 Y132.389 E1779.02584
G1 X124.412 Y181.9 E1780.67258
G0 F9000 X124.012 Y182.3
;TYPE:WALL-OUTER
G1 F1500 X125.612 Y182.3 E1780.7258
G1 X125.612 Y52.7 E1785.03631
G1 X124.012 Y52.7 E1785.08953
G1 X124.012 Y103.806 E1786.78932
G1 X124.163 Y103.883 E1786.79496
G1 X124.2 Y104 E1786.79904
G1 X124.198 Y117.035 E1787.23259
G1 X124.163 Y117.117 E1787.23555
G1 X124.012 Y117.194 E1787.24119
G1 X124.012 Y118.806 E1787.2948
G1 X124.163 Y118.883 E1787.30044
G1 X124.2 Y119 E1787.30452
G1 X124.198 Y132.035 E1787.73807
G1 X124.163 Y132.117 E1787.74103
G1 X124.012 Y132.194 E1787.74667
G1 X124.012 Y182.3 E1789.4132
G0 F9000 X124.295 Y182.02
G0 X124.725 Y179.206
G0 X124.493 Y179.206
;TYPE:FILL
G1 F3000 X125.131 Y179.035 E1789.43517
G0 F9000 X124.493 Y178.667
G1 F3000 X125.132 Y176.28 E1789.51736
G0 F9000 X124.904 Y176.28
G0 X124.904 Y174.044
G0 X125.132 Y174.044
G1 F3000 X124.492 Y173.404 E1789.54746
G0 F9000 X124.493 Y172.994
G1 F3000 X125.132 Y172.823 E1789.56947
G0 F9000 X124.904 Y172.823
G0 X124.725 Y166.783
G0 X124.493 Y166.783
G1 F3000 X125.132 Y166.612 E1789.59147
G0 F9000 X124.904 Y166.612
G0 X124.904 Y165.559
G0 X125.132 Y165.559
G1 F3000 X124.492 Y164.919 E1789.62157
G0 F9000 X124.725 Y164.919
G0 X124.725 Y160.571
G0 X124.493 Y160.571
G1 F3000 X125.131 Y160.4 E1789.64354
G0 F9000 X124.904 Y160.4
G0 X124.904 Y157.074
G0 X125.132 Y157.074
G1 F3000 X124.492 Y156.433 E1789.67367
G0 F9000 X124.492 Y155.486
G1 F3000 X125.132 Y153.097 E1789.75593
G0 F9000 X124.904 Y153.097
G0 X124.904 Y154.188
G0 X125.132 Y154.188
G1 F3000 X124.493 Y154.359 E1789.77793
G0 F9000 X124.725 Y154.359
G0 X124.904 Y148.589
G0 X125.132 Y148.589
G1 F3000 X124.492 Y147.948 E1789.80805
G0 F9000 X124.493 Y148.148
G1 F3000 X125.132 Y147.977 E1789.83006
G0 F9000 X124.904 Y147.977
G0 X124.725 Y141.936
G0 X124.493 Y141.936
G1 F3000 X125.131 Y141.765 E1789.85202
G0 F9000 X124.904 Y141.765
G0 X124.904 Y140.103
G0 X125.132 Y140.103
G1 F3000 X124.492 Y139.463 E1789.88213
G0 F9000 X124.725 Y139.463
G0 X124.725 Y135.725
G0 X124.492 Y135.725
G1 F3000 X125.132 Y135.553 E1789.90417
G1 F2700 E1784.90417
G0 F9000 X124.904 Y135.553
G0 X124.838 Y103.162
G0 X124.725 Y98.455
G0 X124.493 Y98.455
G1 F2700 E1789.90417
G1 F3000 X125.131 Y98.284 E1789.92614
G0 F9000 X125.132 Y97.677
G1 F3000 X124.492 Y97.036 E1789.95627
G0 F9000 X124.725 Y97.036
G0 X124.725 Y92.243
G0 X124.492 Y92.243
G1 F3000 X125.131 Y92.072 E1789.97827
G0 F9000 X124.904 Y92.072
G0 X124.904 Y89.192
G0 X125.132 Y89.192
G1 F3000 X124.492 Y88.551 E1790.00839
G0 F9000 X124.725 Y88.551
G0 X124.725 Y86.031
G0 X124.493 Y86.031
G1 F3000 X125.131 Y85.86 E1790.03036
G0 F9000 X124.492 Y85.94
G1 F3000 X125.132 Y83.552 E1790.11259
G0 F9000 X124.904 Y83.552
G0 X124.904 Y80.706
G0 X125.132 Y80.706
G1 F3000 X124.492 Y80.066 E1790.1427
G0 F9000 X124.493 Y79.82
G1 F3000 X125.131 Y79.649 E1790.16466
G0 F9000 X124.904 Y79.649
G0 X124.725 Y73.608
G0 X124.492 Y73.608
G1 F3000 X125.132 Y73.437 E1790.1867
G0 F9000 X124.904 Y73.437
G0 X124.904 Y72.221
G0 X125.132 Y72.221
G1 F3000 X124.492 Y71.58 E1790.21682
G0 F9000 X124.725 Y71.58
G0 X124.725 Y67.396
G0 X124.492 Y67.396
G1 F3000 X125.131 Y67.225 E1790.23883
G0 F9000 X124.904 Y67.225
G0 X124.904 Y63.736
G0 X125.132 Y63.736
G1 F3000 X124.492 Y63.095 E1790.26895
G0 F9000 X124.492 Y62.757
G1 F3000 X125.132 Y60.371 E1790.35112
G0 F9000 X125.131 Y61.014
G1 F3000 X124.493 Y61.185 E1790.37309
G0 F9000 X124.725 Y61.185
G0 X124.904 Y55.25
G0 X125.132 Y55.25
G1 F3000 X124.492 Y54.61 E1790.40319
G0 F9000 X124.492 Y54.973
G1 F3000 X125.132 Y54.802 E1790.42522
G1 F2700 E1785.42522
;MESH:NONMESH
G0 F300 X125.132 Y54.802 Z2.2
G0 F9000 X124.904 Y54.802
G0 X124.238 Y52.924
G0 X123.15 Y52.925
G0 X109.038 Y50.847
G0 X104 Y50.835
G0 X104 Y51.7
;TIME_ELAPSED:2760.267308
;LAYER:10
;TYPE:SUPPORT
G1 F2700 E1790.42522
G1 F1500 X102.381 Y51.7 E1790.47907
G1 X102.381 Y183.3 E1794.8561
G1 X104 Y183.3 E1794.90995
G1 X104 Y51.7 E1799.28699
G1 X106 Y51.7 E1799.35351
G1 X106 Y183.3 E1803.73054
G1 X108 Y183.3 E1803.79706
G1 X108 Y51.7 E1808.17409
G1 X108.07 Y51.7 E1808.17642
G1 X108.07 Y183.3 E1812.55346
G1 X108 Y183.3 E1812.55578
G1 F2700 E1807.55578
G0 F9000 X108.935 Y183.3
G0 X126.076 Y184.153
G0 X132 Y184.165
G0 X132 Y183.3
G1 F2700 E1812.55578
G1 F1500 X132.618 Y183.3 E1812.57634
G1 X132.618 Y51.7 E1816.95337
G1 X132 Y51.7 E1816.97393
G1 X132 Y183.3 E1821.35096
G1 X130 Y183.3 E1821.41748
G1 X130 Y51.7 E1825.79452
G1 X128 Y51.7 E1825.86104
G1 X128 Y183.3 E1830.23807
G1 X126.929 Y183.3 E1830.27369
G1 X126.929 Y51.7 E1834.65073
G1 X128 Y51.7 E1834.68635
G1 F2700 E1829.68635
;MESH:btncover.stl
G0 F9000 X128 Y50.835
G0 X126.076 Y50.847
G0 X123.276 Y51.847
G0 X111.735 Y132.423
G0 X110.646 Y132.424
G0 X110.191 Y181.62
G0 X110.468 Y181.9
;TYPE:WALL-INNER
G1 F2700 E1834.68635
G1 F1500 X110.468 Y132.236 E1836.33818
G1 X110.4 Y132.071 E1836.34411
G1 X110.4 Y119 E1836.77886
G1 X110.468 Y118.764 E1836.78703
G1 X110.468 Y117.236 E1836.83785
G1 X110.4 Y117.071 E1836.84378
G1 X110.4 Y104 E1837.27853
G1 X110.468 Y103.764 E1837.2867
G1 X110.468 Y53.1 E1838.97179
G1 X109.668 Y53.1 E1838.99839
G1 X109.668 Y181.9 E1843.2823
G1 X110.468 Y181.9 E1843.30891
G0 F9000 X110.868 Y182.3
;TYPE:WALL-OUTER
G1 F1500 X110.868 Y132.11 E1844.97823
G1 X110.803 Y132.066 E1844.98085
G1 X110.8 Y118.936 E1845.41755
G1 X110.868 Y118.89 E1845.42028
G1 X110.868 Y117.11 E1845.47948
G1 X110.803 Y117.066 E1845.48209
G1 X110.8 Y103.936 E1845.9188
G1 X110.868 Y103.89 E1845.92153
G1 X110.868 Y52.7 E1847.62412
G1 X109.268 Y52.7 E1847.67733
G1 X109.268 Y182.3 E1851.98785
G1 X110.868 Y182.3 E1852.04106
G0 F9000 X110.591 Y182.02
G0 X109.98 Y177.091
G0 X109.748 Y177.091
;TYPE:FILL
G1 F3000 X110.388 Y176.92 E1852.0631
G0 F9000 X110.388 Y176.071
G1 F3000 X109.748 Y175.431 E1852.0932
G0 F9000 X109.98 Y175.431
G0 X109.98 Y170.88
G0 X109.748 Y170.88
G1 F3000 X110.387 Y170.709 E1852.1152
G0 F9000 X110.16 Y170.709
G0 X110.16 Y167.586
G0 X110.388 Y167.586
G1 F3000 X109.748 Y166.946 E1852.1453
G0 F9000 X109.98 Y166.946
G0 X109.98 Y164.668
G0 X109.749 Y164.668
G1 F3000 X110.387 Y164.497 E1852.16727
G0 F9000 X110.16 Y164.497
G0 X109.98 Y163.603
G0 X109.748 Y163.603
G1 F3000 X110.388 Y161.215 E1852.2495
G0 F9000 X110.16 Y161.215
G0 X110.16 Y159.1
G0 X110.388 Y159.1
G1 F3000 X109.748 Y158.461 E1852.27958
G1 X109.748 Y158.456
G1 X110.388 Y158.285 E1852.30162
G0 F9000 X110.16 Y158.285
G0 X109.98 Y152.245
G0 X109.748 Y152.245
G1 F3000 X110.387 Y152.074 E1852.32362
G0 F9000 X110.16 Y152.074
G0 X110.16 Y150.615
G0 X110.388 Y150.615
G1 F3000 X109.748 Y149.975 E1852.35372
G0 F9000 X109.98 Y149.975
G0 X109.98 Y146.033
G0 X109.749 Y146.033
G1 F3000 X110.387 Y145.862 E1852.37569
G0 F9000 X110.16 Y145.862
G0 X110.16 Y142.13
G0 X110.388 Y142.13
G1 F3000 X109.748 Y141.49 E1852.40579
G0 F9000 X109.98 Y141.49
G0 X109.98 Y140.421
G0 X109.748 Y140.421
G1 F3000 X110.388 Y138.033 E1852.48802
G0 F9000 X110.16 Y138.033
G0 X110.16 Y139.65
G0 X110.387 Y139.65
G1 F3000 X109.748 Y139.821 E1852.51002
G0 F9000 X109.98 Y139.821
G0 X110.16 Y133.645
G0 X110.388 Y133.645
G1 F3000 X109.748 Y133.005 E1852.54013
G0 F9000 X109.748 Y133.61
G1 F3000 X110.387 Y133.439 E1852.56213
G0 F9000 X110.16 Y133.439
G0 X109.98 Y127.398
G0 X109.749 Y127.398
G1 F3000 X110.319 Y127.245 E1852.58176
G0 F9000 X110.09 Y127.245
G0 X110.09 Y125.092
G0 X110.321 Y125.092
G1 F3000 X109.748 Y124.519 E1852.60871
G0 F9000 X109.98 Y124.519
G0 X109.98 Y121.186
G0 X109.748 Y121.186
G1 F3000 X110.32 Y121.033 E1852.6284
G0 F9000 X110.09 Y121.033
G0 X109.98 Y117.239
G0 X109.748 Y117.239
G1 F3000 X110.32 Y115.103 E1852.70195
G0 F9000 X110.319 Y114.822
G1 F3000 X109.748 Y114.975 E1852.72161
G0 F9000 X109.98 Y114.975
G0 X109.98 Y116.034
G0 X109.748 Y116.034
G1 F3000 X110.32 Y116.606 E1852.74852
G0 F9000 X110.09 Y116.606
G0 X109.98 Y108.763
G0 X109.749 Y108.763
G1 F3000 X110.319 Y108.61 E1852.76814
G0 F9000 X110.32 Y108.121
G1 F3000 X109.748 Y107.549 E1852.79505
G0 F9000 X109.98 Y107.549
G0 X109.98 Y102.552
G0 X109.748 Y102.552
G1 F3000 X110.388 Y102.38 E1852.81709
G0 F9000 X110.161 Y102.379
G0 X110.161 Y99.702
G0 X110.388 Y99.703
G1 F3000 X109.748 Y99.064 E1852.84717
G0 F9000 X109.98 Y99.064
G0 X109.98 Y96.34
G0 X109.748 Y96.34
G1 F3000 X110.388 Y96.168 E1852.86921
G0 F9000 X110.161 Y96.167
G0 X109.98 Y94.057
G0 X109.748 Y94.057
G1 F3000 X110.388 Y91.669 E1852.95144
G0 F9000 X110.388 Y91.218
G1 F3000 X109.748 Y90.578 E1852.98155
G0 F9000 X109.748 Y90.128
G1 F3000 X110.388 Y89.957 E1853.00358
G0 F9000 X110.161 Y89.956
G0 X109.98 Y83.917
G0 X109.748 Y83.917
G1 F3000 X110.388 Y83.745 E1853.02562
G0 F9000 X110.161 Y83.744
G0 X110.161 Y82.732
G0 X110.388 Y82.733
G1 F3000 X109.748 Y82.093 E1853.05572
G0 F9000 X109.98 Y82.093
G0 X109.98 Y77.705
G0 X109.748 Y77.705
G1 F3000 X110.388 Y77.534 E1853.07776
G0 F9000 X110.161 Y77.533
G0 X110.161 Y74.247
G0 X110.388 Y74.248
G1 F3000 X109.748 Y73.608 E1853.10786
G0 F9000 X109.98 Y73.608
G0 X109.98 Y71.493
G0 X109.748 Y71.493
G1 F3000 X110.388 Y71.322 E1853.12989
G0 F9000 X109.748 Y70.875
G1 F3000 X110.388 Y68.485 E1853.21219
G0 F9000 X110.161 Y68.484
G0 X110.161 Y65.761
G0 X110.388 Y65.762
G1 F3000 X109.748 Y65.122 E1853.24229
G1 X109.748 Y65.282
G1 X110.388 Y65.11 E1853.26433
G0 F9000 X110.161 Y65.109
G0 X109.98 Y59.07
G0 X109.748 Y59.07
G1 F3000 X110.387 Y58.899 E1853.28633
G0 F9000 X110.161 Y58.898
G0 X110.161 Y57.276
G0 X110.388 Y57.277
G1 F3000 X109.748 Y56.637 E1853.31644
G1 F2700 E1848.31644
G0 F9000 X109.98 Y56.637
G0 X110.646 Y103.576
G0 X111.736 Y103.576
G0 X123.265 Y132.424
G0 X124.354 Y132.424
G0 X124.81 Y181.62
G0 X124.528 Y181.9
;TYPE:WALL-INNER
G1 F2700 E1853.31644
G1 F1500 X125.328 Y181.9 E1853.34304
G1 X125.328 Y53.1 E1857.62695
G1 X124.528 Y53.1 E1857.65356
G1 X124.528 Y103.756 E1859.33838
G1 X124.6 Y104 E1859.34685
G1 X124.6 Y117.077 E1859.78179
G1 X124.528 Y117.244 E1859.78784
G1 X124.528 Y118.756 E1859.83813
G1 X124.6 Y119 E1859.84659
G1 X124.6 Y132.077 E1860.28153
G1 X124.528 Y132.244 E1860.28758
G1 X124.528 Y181.9 E1861.93914
G0 F9000 X124.128 Y182.3
;TYPE:WALL-OUTER
G1 F1500 X125.728 Y182.3 E1861.99236
G1 X125.728 Y52.7 E1866.30287
G1 X124.128 Y52.7 E1866.35609
G1 X124.128 Y103.886 E1868.05854
G1 X124.2 Y103.934 E1868.06142
G1 X124.198 Y117.067 E1868.49823
G1 X124.128 Y117.114 E1868.50103
G1 X124.128 Y118.886 E1868.55997
G1 X124.2 Y118.934 E1868.56285
G1 X124.198 Y132.067 E1868.99965
G1 X124.128 Y132.114 E1869.00246
G1 X124.128 Y182.3 E1870.67165
G0 F9000 X124.41 Y182.02
G0 X124.84 Y179.321
G0 X124.609 Y179.321
;TYPE:FILL
G1 F3000 X125.248 Y179.15 E1870.69365
G0 F9000 X125.019 Y179.15
G0 X124.84 Y177.69
G0 X124.608 Y177.69
G1 F3000 X125.248 Y175.303 E1870.77585
G0 F9000 X125.019 Y175.303
G0 X125.019 Y173.961
G0 X125.248 Y173.961
G1 F3000 X124.608 Y173.32 E1870.80597
G0 F9000 X124.609 Y173.109
G1 F3000 X125.247 Y172.938 E1870.82794
G0 F9000 X125.019 Y172.938
G0 X124.84 Y166.898
G0 X124.608 Y166.898
G1 F3000 X125.248 Y166.727 E1870.84998
G0 F9000 X125.019 Y166.727
G0 X125.019 Y165.476
G0 X125.248 Y165.476
G1 F3000 X124.608 Y164.835 E1870.8801
G0 F9000 X124.84 Y164.835
G0 X124.84 Y160.686
G0 X124.609 Y160.686
G1 F3000 X125.248 Y160.515 E1870.9021
G0 F9000 X125.019 Y160.515
G0 X125.019 Y156.99
G0 X125.248 Y156.99
G1 F3000 X124.608 Y156.35 E1870.93221
G0 F9000 X124.84 Y156.35
G0 X124.84 Y154.508
G0 X124.608 Y154.508
G1 F3000 X125.248 Y152.121 E1871.0144
G0 F9000 X125.019 Y152.121
G0 X125.019 Y154.303
G0 X125.247 Y154.303
G1 F3000 X124.609 Y154.474 E1871.03637
G0 F9000 X124.84 Y154.474
G0 X125.019 Y148.505
G0 X125.248 Y148.505
G1 F3000 X124.608 Y147.865 E1871.06648
G0 F9000 X124.608 Y148.263
G1 F3000 X125.248 Y148.092 E1871.08851
G0 F9000 X125.019 Y148.092
G0 X124.84 Y142.051
G0 X124.608 Y142.051
G1 F3000 X125.248 Y141.88 E1871.11054
G0 F9000 X125.019 Y141.88
G0 X125.019 Y140.02
G0 X125.248 Y140.02
G1 F3000 X124.608 Y139.379 E1871.14067
G0 F9000 X124.84 Y139.379
G0 X124.84 Y135.84
G0 X124.608 Y135.84
G1 F3000 X125.247 Y135.668 E1871.16268
G0 F9000 X125.019 Y135.668
G0 X125.019 Y131.535
G0 X125.248 Y131.535
G1 F3000 X124.68 Y130.966 E1871.18942
G1 X124.68 Y131.057
G1 X125.248 Y128.939 E1871.26235
G0 F9000 X125.248 Y129.457
G1 F3000 X124.681 Y129.609 E1871.28188
G0 F9000 X124.91 Y129.609
G0 X124.91 Y123.397
G0 X124.681 Y123.397
G1 F3000 X125.248 Y123.245 E1871.3014
G1 X125.248 Y123.049
G1 X124.68 Y122.481 E1871.32812
G0 F9000 X124.91 Y122.481
G0 X124.91 Y117.196
G0 X124.641 Y117.196
G1 F3000 X125.247 Y117.033 E1871.34899
G0 F9000 X125.019 Y117.033
G0 X125.019 Y114.564
G0 X125.248 Y114.564
G1 F3000 X124.68 Y113.996 E1871.37571
G0 F9000 X124.91 Y113.996
G0 X124.91 Y110.974
G0 X124.68 Y110.974
G1 F3000 X125.247 Y110.822 E1871.39523
G0 F9000 X125.019 Y110.822
G0 X124.91 Y107.875
G0 X124.68 Y107.875
G1 F3000 X125.248 Y105.757 E1871.46817
G0 F9000 X125.248 Y106.079
G1 F3000 X124.68 Y105.51 E1871.49491
G0 F9000 X124.68 Y104.762
G1 F3000 X125.248 Y104.61 E1871.51446
G0 F9000 X125.019 Y104.61
G0 X124.84 Y98.57
G0 X124.609 Y98.57
G1 F3000 X125.247 Y98.399 E1871.53643
G0 F9000 X125.248 Y97.593
G1 F3000 X124.608 Y96.953 E1871.56654
G0 F9000 X124.84 Y96.953
G0 X124.84 Y92.358
G0 X124.608 Y92.358
G1 F3000 X125.247 Y92.187 E1871.58854
G0 F9000 X125.019 Y92.187
G0 X125.019 Y89.108
G0 X125.248 Y89.108
G1 F3000 X124.608 Y88.468 E1871.61864
G0 F9000 X124.84 Y88.468
G0 X124.84 Y86.146
G0 X124.608 Y86.146
G1 F3000 X125.248 Y85.975 E1871.64067
G0 F9000 X125.019 Y85.975
G0 X124.84 Y84.962
G0 X124.608 Y84.962
G1 F3000 X125.248 Y82.575 E1871.72287
G0 F9000 X125.019 Y82.575
G0 X125.019 Y80.623
G0 X125.248 Y80.623
G1 F3000 X124.608 Y79.982 E1871.753
G1 X124.609 Y79.935
G1 X125.247 Y79.764 E1871.77497
G0 F9000 X125.019 Y79.764
G0 X124.84 Y73.723
G0 X124.609 Y73.723
G1 F3000 X125.247 Y73.552 E1871.79694
G0 F9000 X125.019 Y73.552
G0 X125.019 Y72.138
G0 X125.248 Y72.138
G1 F3000 X124.608 Y71.497 E1871.82706
G0 F9000 X124.84 Y71.497
G0 X124.84 Y67.511
G0 X124.608 Y67.511
G1 F3000 X125.248 Y67.34 E1871.8491
G0 F9000 X125.019 Y67.34
G0 X125.019 Y63.652
G0 X125.248 Y63.652
G1 F3000 X124.608 Y63.012 E1871.8792
G0 F9000 X124.84 Y63.012
G0 X124.84 Y61.78
G0 X124.608 Y61.78
G1 F3000 X125.248 Y59.393 E1871.9614
G0 F9000 X125.019 Y59.393
G0 X125.019 Y61.129
G0 X125.247 Y61.129
G1 F3000 X124.608 Y61.3 E1871.9834
G0 F9000 X124.84 Y61.3
G0 X125.019 Y55.167
G0 X125.248 Y55.167
G1 F3000 X124.608 Y54.526 E1872.01352
G0 F9000 X124.609 Y55.088
G1 F3000 X125.247 Y54.917 E1872.03549
G1 F2700 E1867.03549
;MESH:NONMESH
G0 F300 X125.247 Y54.917 Z2.4
G0 F9000 X125.019 Y54.917
G0 X124.354 Y103.576
G0 X123.265 Y103.577
G0 X111.724 Y183.153
G0 X108.923 Y184.153
G0 X104 Y184.165
G0 X104 Y183.3
;TIME_ELAPSED:2881.571254
;LAYER:11
;TYPE:SUPPORT
G1 F2700 E1872.03549
G1 F1500 X102.381 Y183.3 E1872.08934
G1 X102.381 Y51.7 E1876.46637
G1 X104 Y51.7 E1876.52022
G1 X104 Y183.3 E1880.89726
G1 F2700 E1875.89726
G0 F9000 X104 Y184.165
G0 X101.528 Y184.153
G0 X101.528 Y50.847
G0 X104 Y50.835
G0 X104 Y51.7
G1 F2700 E1880.89726
G1 F1500 X106 Y51.7 E1880.96378
G1 X106 Y183.3 E1885.34081
G1 X107.954 Y183.3 E1885.4058
G1 X107.954 Y51.7 E1889.78283
G1 X106 Y51.7 E1889.84783
G1 F2700 E1884.84783
G0 F9000 X106 Y50.835
G0 X128 Y50.835
G0 X128 Y51.7
G1 F2700 E1889.84783
G1 F1500 X127.045 Y51.7 E1889.87959
G1 X127.045 Y183.3 E1894.25662
G1 X128 Y183.3 E1894.28839
G1 X128 Y51.7 E1898.66542
G1 X130 Y51.7 E1898.73194
G1 X130 Y183.3 E1903.10897
G1 X132 Y183.3 E1903.17549
G1 X132 Y51.7 E1907.55253
G1 X132.618 Y51.7 E1907.57308
G1 X132.618 Y183.3 E1911.95012
G1 X132 Y183.3 E1911.97067
G1 F2700 E1906.97067
;MESH:btncover.stl
G0 F9000 X132 Y184.165
G0 X126.192 Y184.153
G0 X125.621 Y183.165
G0 X125.621 Y182.076
G0 X124.926 Y181.62
G0 X124.644 Y181.9
;TYPE:WALL-INNER
G1 F2700 E1911.97067
G1 F1500 X125.444 Y181.9 E1911.99728
G1 X125.444 Y53.1 E1916.28118
G1 X124.644 Y53.1 E1916.30779
G1 X124.644 Y181.9 E1920.5917
G0 F9000 X124.244 Y182.3
;TYPE:WALL-OUTER
G1 F1500 X125.844 Y182.3 E1920.64491
G1 X125.844 Y52.7 E1924.95543
G1 X124.244 Y52.7 E1925.00864
G1 X124.244 Y182.3 E1929.31916
G0 F9000 X124.724 Y181.721
;TYPE:FILL
G1 F3000 X124.823 Y181.82 E1929.32381
G0 F9000 X124.926 Y181.62
G0 X124.956 Y179.437
G0 X124.725 Y179.437
G1 F3000 X125.364 Y179.266 E1929.34582
G0 F9000 X125.135 Y179.266
G0 X124.956 Y176.708
G0 X124.724 Y176.708
G1 F3000 X125.364 Y174.321 E1929.42801
G0 F9000 X125.364 Y173.876
G1 F3000 X124.724 Y173.236 E1929.45811
G1 X124.725 Y173.225
G1 X125.363 Y173.054 E1929.48008
G0 F9000 X125.135 Y173.054
G0 X124.956 Y167.014
G0 X124.725 Y167.014
G1 F3000 X125.364 Y166.843 E1929.50208
G0 F9000 X125.135 Y166.843
G0 X125.135 Y165.391
G0 X125.364 Y165.391
G1 F3000 X124.724 Y164.75 E1929.53221
G0 F9000 X124.956 Y164.75
G0 X124.956 Y160.802
G0 X124.725 Y160.802
G1 F3000 X125.364 Y160.631 E1929.55421
G0 F9000 X125.135 Y160.631
G0 X125.135 Y156.906
G0 X125.364 Y156.906
G1 F3000 X124.724 Y156.265 E1929.58434
G0 F9000 X124.956 Y156.265
G0 X124.956 Y154.59
G0 X124.725 Y154.59
G1 F3000 X125.363 Y154.419 E1929.60631
G0 F9000 X125.135 Y154.419
G0 X124.956 Y153.526
G0 X124.724 Y153.526
G1 F3000 X125.364 Y151.14 E1929.68847
G0 F9000 X125.135 Y151.14
G0 X125.135 Y148.42
G0 X125.364 Y148.42
G1 F3000 X124.724 Y147.78 E1929.71858
G0 F9000 X124.725 Y148.379
G1 F3000 X125.364 Y148.208 E1929.74058
G0 F9000 X125.135 Y148.208
G0 X124.956 Y142.167
G0 X124.724 Y142.167
G1 F3000 X125.364 Y141.996 E1929.76261
G0 F9000 X125.135 Y141.996
G0 X125.135 Y139.935
G0 X125.364 Y139.935
G1 F3000 X124.724 Y139.294 E1929.79274
G0 F9000 X124.956 Y139.294
G0 X124.956 Y135.955
G0 X124.725 Y135.955
G1 F3000 X125.363 Y135.784 E1929.81471
G0 F9000 X125.135 Y135.784
G0 X125.135 Y131.45
G0 X125.364 Y131.45
G1 F3000 X124.724 Y130.809 E1929.84483
G0 F9000 X124.724 Y130.344
G1 F3000 X125.364 Y127.958 E1929.927
G0 F9000 X125.135 Y127.958
G0 X125.135 Y129.573
G0 X125.364 Y129.573
G1 F3000 X124.725 Y129.744 E1929.949
G0 F9000 X124.956 Y129.744
G0 X124.956 Y123.532
G0 X124.724 Y123.532
G1 F3000 X125.364 Y123.361 E1929.97103
G0 F9000 X125.364 Y122.964
G1 F3000 X124.724 Y122.324 E1930.00114
G0 F9000 X124.956 Y122.324
G0 X124.956 Y117.32
G0 X124.725 Y117.32
G1 F3000 X125.363 Y117.149 E1930.02311
G0 F9000 X125.135 Y117.149
G0 X125.135 Y114.479
G0 X125.364 Y114.479
G1 F3000 X124.724 Y113.839 E1930.05321
G0 F9000 X124.956 Y113.839
G0 X124.956 Y111.109
G0 X124.725 Y111.109
G1 F3000 X125.363 Y110.938 E1930.07518
G0 F9000 X125.135 Y110.938
G0 X124.956 Y107.162
G0 X124.724 Y107.162
G1 F3000 X125.364 Y104.776 E1930.15734
G1 X125.364 Y104.726
G1 X124.724 Y104.897 E1930.17937
G0 F9000 X124.724 Y105.353
G1 F3000 X125.364 Y105.994 E1930.2095
G0 F9000 X125.135 Y105.994
G0 X124.956 Y98.686
G0 X124.725 Y98.686
G1 F3000 X125.363 Y98.514 E1930.23148
G0 F9000 X125.135 Y98.514
G0 X125.135 Y97.509
G0 X125.364 Y97.509
G1 F3000 X124.724 Y96.868 E1930.26161
G0 F9000 X124.956 Y96.868
G0 X124.956 Y92.474
G0 X124.725 Y92.474
G1 F3000 X125.363 Y92.303 E1930.28358
G0 F9000 X125.135 Y92.303
G0 X125.135 Y89.023
G0 X125.364 Y89.023
G1 F3000 X124.724 Y88.383 E1930.31368
G0 F9000 X124.956 Y88.383
G0 X124.956 Y86.262
G0 X124.724 Y86.262
G1 F3000 X125.364 Y86.091 E1930.33571
G0 F9000 X125.135 Y86.091
G0 X124.956 Y83.981
G0 X124.724 Y83.981
G1 F3000 X125.364 Y81.594 E1930.41791
G0 F9000 X125.135 Y81.594
G0 X125.135 Y80.538
G0 X125.364 Y80.538
G1 F3000 X124.724 Y79.897 E1930.44804
G1 X124.724 Y80.051
G1 X125.363 Y79.88 E1930.47004
G0 F9000 X125.135 Y79.88
G0 X124.956 Y73.839
G0 X124.725 Y73.839
G1 F3000 X125.363 Y73.668 E1930.49201
G0 F9000 X125.135 Y73.668
G0 X125.135 Y72.053
G0 X125.364 Y72.053
G1 F3000 X124.724 Y71.412 E1930.52213
G0 F9000 X124.956 Y71.412
G0 X124.956 Y67.627
G0 X124.724 Y67.627
G1 F3000 X125.364 Y67.456 E1930.54417
G0 F9000 X125.135 Y67.456
G0 X125.135 Y63.567
G0 X125.364 Y63.567
G1 F3000 X124.724 Y62.927 E1930.57427
G0 F9000 X124.956 Y62.927
G0 X124.956 Y61.416
G0 X124.724 Y61.416
G1 F3000 X125.363 Y61.245 E1930.59627
G0 F9000 X124.724 Y60.799
G1 F3000 X125.364 Y58.412 E1930.67847
G0 F9000 X125.135 Y58.412
G0 X124.956 Y55.204
G0 X124.725 Y55.204
G1 F3000 X125.363 Y55.033 E1930.70044
G1 X125.364 Y55.082
G1 X124.724 Y54.442 E1930.73054
G1 F2700 E1925.73054
G0 F9000 X124.956 Y54.442
G0 X124.476 Y181.62
G0 X123.381 Y181.62
G0 X111.619 Y181.62
G0 X110.524 Y181.62
G0 X110.074 Y181.62
G0 X110.352 Y181.9
;TYPE:WALL-INNER
G1 F2700 E1930.73054
G1 F1500 X110.352 Y53.1 E1935.01444
G1 X109.552 Y53.1 E1935.04105
G1 X109.552 Y181.9 E1939.32496
G1 X110.352 Y181.9 E1939.35157
G0 F9000 X110.752 Y182.3
;TYPE:WALL-OUTER
G1 F1500 X110.752 Y52.7 E1943.66208
G1 X109.152 Y52.7 E1943.7153
G1 X109.152 Y182.3 E1948.02581
G1 X110.752 Y182.3 E1948.07903
G0 F9000 X110.474 Y182.02
G0 X109.864 Y177.269
G0 X109.632 Y177.269
;TYPE:FILL
G1 F3000 X110.272 Y177.098 E1948.10106
G0 F9000 X110.044 Y177.098
G0 X110.044 Y175.754
G0 X110.272 Y175.754
G1 F3000 X109.632 Y175.114 E1948.13116
G0 F9000 X109.864 Y175.114
G0 X109.864 Y171.058
G0 X109.633 Y171.058
G1 F3000 X110.271 Y170.887 E1948.15313
G0 F9000 X110.044 Y170.887
G0 X110.044 Y167.269
G0 X110.272 Y167.269
G1 F3000 X109.632 Y166.629 E1948.18324
G0 F9000 X109.864 Y166.629
G0 X109.864 Y164.846
G0 X109.632 Y164.846
G1 F3000 X110.271 Y164.675 E1948.20524
G0 F9000 X110.044 Y164.675
G0 X109.864 Y163.487
G0 X109.632 Y163.487
G1 F3000 X110.272 Y161.099 E1948.28746
G0 F9000 X110.044 Y161.099
G0 X110.044 Y158.784
G0 X110.272 Y158.784
G1 F3000 X109.632 Y158.144 E1948.31757
G0 F9000 X109.632 Y158.634
G1 F3000 X110.272 Y158.463 E1948.3396
G0 F9000 X110.044 Y158.463
G0 X109.864 Y152.423
G0 X109.633 Y152.423
G1 F3000 X110.271 Y152.252 E1948.36157
G0 F9000 X110.044 Y152.252
G0 X110.044 Y150.298
G0 X110.272 Y150.298
G1 F3000 X109.632 Y149.658 E1948.39167
G0 F9000 X109.864 Y149.658
G0 X109.864 Y146.211
G0 X109.633 Y146.211
G1 F3000 X110.271 Y146.04 E1948.41364
G0 F9000 X110.044 Y146.04
G0 X110.044 Y141.813
G0 X110.272 Y141.813
G1 F3000 X109.632 Y141.173 E1948.44375
G0 F9000 X109.632 Y140.305
G1 F3000 X110.272 Y137.916 E1948.52601
G0 F9000 X110.044 Y137.916
G0 X110.044 Y139.828
G0 X110.272 Y139.828
G1 F3000 X109.632 Y139.999 E1948.54804
G0 F9000 X109.864 Y139.999
G0 X109.864 Y133.788
G0 X109.632 Y133.788
G1 F3000 X110.272 Y133.616 E1948.57008
G0 F9000 X110.272 Y133.328
G1 F3000 X109.632 Y132.688 E1948.60019
G0 F9000 X109.864 Y132.688
G0 X109.864 Y127.576
G0 X109.633 Y127.576
G1 F3000 X110.271 Y127.405 E1948.62215
G0 F9000 X110.044 Y127.405
G0 X110.044 Y124.843
G0 X110.272 Y124.843
G1 F3000 X109.632 Y124.203 E1948.65226
G0 F9000 X109.864 Y124.203
G0 X109.864 Y121.365
G0 X109.632 Y121.365
G1 F3000 X110.272 Y121.193 E1948.6743
G0 F9000 X110.044 Y121.193
G0 X109.864 Y117.123
G0 X109.632 Y117.123
G1 F3000 X110.272 Y114.734 E1948.75656
G0 F9000 X110.272 Y114.981
G1 F3000 X109.632 Y115.153 E1948.7786
G0 F9000 X109.632 Y115.717
G1 F3000 X110.272 Y116.357 E1948.80871
G0 F9000 X110.044 Y116.357
G0 X109.864 Y108.941
G0 X109.633 Y108.941
G1 F3000 X110.272 Y108.77 E1948.83071
G0 F9000 X110.272 Y107.872
G1 F3000 X109.632 Y107.232 E1948.86081
G0 F9000 X109.864 Y107.232
G0 X109.864 Y102.73
G0 X109.632 Y102.73
G1 F3000 X110.271 Y102.558 E1948.88282
G0 F9000 X110.044 Y102.558
G0 X110.044 Y99.387
G0 X110.272 Y99.387
G1 F3000 X109.632 Y98.747 E1948.91292
G0 F9000 X109.864 Y98.747
G0 X109.864 Y96.518
G0 X109.632 Y96.518
G1 F3000 X110.272 Y96.347 E1948.93496
G0 F9000 X110.044 Y96.347
G0 X109.864 Y93.941
G0 X109.632 Y93.941
G1 F3000 X110.272 Y91.551 E1949.01725
G0 F9000 X110.272 Y90.901
G1 F3000 X109.632 Y90.261 E1949.04735
G1 X109.633 Y90.306
G1 X110.272 Y90.135 E1949.06935
G0 F9000 X110.044 Y90.135
G0 X109.864 Y84.095
G0 X109.632 Y84.095
G1 F3000 X110.271 Y83.923 E1949.09136
G0 F9000 X110.044 Y83.923
G0 X110.044 Y82.416
G0 X110.272 Y82.416
G1 F3000 X109.632 Y81.776 E1949.12147
G0 F9000 X109.864 Y81.776
G0 X109.864 Y77.883
G0 X109.632 Y77.883
G1 F3000 X110.272 Y77.712 E1949.1435
G0 F9000 X110.044 Y77.712
G0 X110.044 Y73.931
G0 X110.272 Y73.931
G1 F3000 X109.632 Y73.291 E1949.1736
G0 F9000 X109.864 Y73.291
G0 X109.864 Y71.671
G0 X109.632 Y71.671
G1 F3000 X110.272 Y71.5 E1949.19564
G0 F9000 X109.632 Y70.759
G1 F3000 X110.272 Y68.368 E1949.27796
G0 F9000 X110.044 Y68.368
G0 X110.044 Y65.446
G0 X110.272 Y65.446
G1 F3000 X109.632 Y64.806 E1949.30807
G0 F9000 X109.632 Y65.46
G1 F3000 X110.272 Y65.288 E1949.33011
G0 F9000 X110.044 Y65.288
G0 X109.864 Y59.248
G0 X109.632 Y59.248
G1 F3000 X110.272 Y59.077 E1949.35214
G0 F9000 X110.044 Y59.077
G0 X110.044 Y56.96
G0 X110.272 Y56.96
G1 F3000 X109.632 Y56.32 E1949.38224
G1 F2700 E1944.38224
;MESH:NONMESH
G0 F300 X109.632 Y56.32 Z2.6
G0 F9000 X109.864 Y56.32
G0 X109.378 Y182.076
G0 X109.378 Y183.165
G0 X108.807 Y184.153
G0 X104 Y184.165
G0 X104 Y183.3
;TIME_ELAPSED:2997.413568
;LAYER:12
;TYPE:SUPPORT
G1 F2700 E1949.38224
G1 F1500 X102.381 Y183.3 E1949.43609
G1 X102.381 Y51.7 E1953.81313
G1 X104 Y51.7 E1953.86697
G1 X104 Y183.3 E1958.24401
G1 F2700 E1953.24401
G0 F9000 X104 Y184.165
G0 X101.528 Y184.153
G0 X101.528 Y50.847
G0 X104 Y50.835
G0 X104 Y51.7
G1 F2700 E1958.24401
G1 F1500 X106 Y51.7 E1958.31053
G1 X106 Y183.3 E1962.68756
G1 X107.839 Y183.3 E1962.74873
G1 X107.839 Y51.7 E1967.12576
G1 X106 Y51.7 E1967.18693
G1 F2700 E1962.18693
G0 F9000 X106 Y50.835
G0 X128 Y50.835
G0 X128 Y51.7
G1 F2700 E1967.18693
G1 F1500 X127.16 Y51.7 E1967.21487
G1 X127.16 Y183.3 E1971.5919
G1 X128 Y183.3 E1971.61984
G1 X128 Y51.7 E1975.99687
G1 X130 Y51.7 E1976.06339
G1 X130 Y183.3 E1980.44043
G1 X132 Y183.3 E1980.50695
G1 X132 Y51.7 E1984.88398
G1 X132.618 Y51.7 E1984.90453
G1 X132.618 Y183.3 E1989.28157
G1 X132 Y183.3 E1989.30212
G1 F2700 E1984.30212
;MESH:btncover.stl
G0 F9000 X132 Y184.165
G0 X126.307 Y184.153
G0 X125.736 Y183.165
G0 X125.736 Y182.076
G0 X125.041 Y181.62
G0 X124.76 Y181.9
;TYPE:WALL-INNER
G1 F2700 E1989.30212
G1 F1500 X125.56 Y181.9 E1989.32873
G1 X125.56 Y53.1 E1993.61264
G1 X124.76 Y53.1 E1993.63924
G1 X124.76 Y181.9 E1997.92315
G0 F9000 X124.36 Y182.3
;TYPE:WALL-OUTER
G1 F1500 X125.96 Y182.3 E1997.97637
G1 X125.96 Y52.7 E2002.28688
G1 X124.36 Y52.7 E2002.3401
G1 X124.36 Y182.3 E2006.65061
G0 F9000 X125.022 Y181.82
;TYPE:FILL
G1 F3000 X124.84 Y181.637 E2006.65919
G0 F9000 X125.071 Y181.637
G0 X125.071 Y179.552
G0 X124.841 Y179.552
G1 F3000 X125.48 Y179.381 E2006.68119
G0 F9000 X125.25 Y179.381
G0 X125.071 Y175.731
G0 X124.84 Y175.731
G1 F3000 X125.48 Y173.343 E2006.76342
G1 X125.479 Y173.169
G1 X124.841 Y173.34 E2006.78539
G1 X124.84 Y173.152
G1 X125.48 Y173.793 E2006.81552
G0 F9000 X125.25 Y173.793
G0 X125.071 Y167.129
G0 X124.841 Y167.129
G1 F3000 X125.479 Y166.957 E2006.8375
G0 F9000 X125.25 Y166.957
G0 X125.25 Y165.307
G0 X125.48 Y165.307
G1 F3000 X124.84 Y164.667 E2006.8676
G0 F9000 X125.071 Y164.667
G0 X125.071 Y160.917
G0 X124.841 Y160.917
G1 F3000 X125.48 Y160.746 E2006.8896
G0 F9000 X125.25 Y160.746
G0 X125.25 Y156.822
G0 X125.48 Y156.822
G1 F3000 X124.84 Y156.182 E2006.9197
G0 F9000 X125.071 Y156.182
G0 X125.071 Y154.705
G0 X124.841 Y154.705
G1 F3000 X125.48 Y154.534 E2006.94171
G0 F9000 X125.25 Y154.534
G0 X125.071 Y152.549
G0 X124.84 Y152.549
G1 F3000 X125.48 Y150.161 E2007.02393
G0 F9000 X125.25 Y150.161
G0 X125.071 Y148.494
G0 X124.841 Y148.494
G1 F3000 X125.479 Y148.323 E2007.0459
G1 X125.48 Y148.337
G1 X124.84 Y147.696 E2007.07603
G0 F9000 X125.071 Y147.696
G0 X125.071 Y142.282
G0 X124.841 Y142.282
G1 F3000 X125.48 Y142.111 E2007.09803
G0 F9000 X125.25 Y142.111
G0 X125.25 Y139.852
G0 X125.48 Y139.852
G1 F3000 X124.84 Y139.211 E2007.12816
G0 F9000 X125.071 Y139.211
G0 X125.071 Y136.07
G0 X124.84 Y136.07
G1 F3000 X125.48 Y135.899 E2007.15019
G0 F9000 X125.25 Y135.899
G0 X125.25 Y131.366
G0 X125.48 Y131.366
G1 F3000 X124.84 Y130.726 E2007.1803
G0 F9000 X124.841 Y129.859
G1 F3000 X125.479 Y129.688 E2007.20226
G0 F9000 X124.84 Y129.367
G1 F3000 X125.48 Y126.979 E2007.28449
G0 F9000 X125.25 Y126.979
G0 X125.071 Y123.647
G0 X124.841 Y123.647
G1 F3000 X125.48 Y123.476 E2007.30649
G0 F9000 X125.48 Y122.881
G1 F3000 X124.84 Y122.24 E2007.33662
G0 F9000 X125.071 Y122.24
G0 X125.071 Y117.435
G0 X124.84 Y117.435
G1 F3000 X125.48 Y117.264 E2007.35865
G0 F9000 X125.25 Y117.264
G0 X125.25 Y114.396
G0 X125.48 Y114.396
G1 F3000 X124.84 Y113.755 E2007.38878
G0 F9000 X125.071 Y113.755
G0 X125.071 Y111.224
G0 X124.841 Y111.224
G1 F3000 X125.479 Y111.053 E2007.41075
G0 F9000 X125.25 Y111.053
G0 X125.071 Y106.185
G0 X124.84 Y106.185
G1 F3000 X125.48 Y103.797 E2007.49298
G0 F9000 X125.25 Y103.797
G0 X125.25 Y104.841
G0 X125.479 Y104.841
G1 F3000 X124.841 Y105.012 E2007.51495
G0 F9000 X124.84 Y105.27
G1 F3000 X125.48 Y105.91 E2007.54505
G0 F9000 X125.25 Y105.91
G0 X125.071 Y98.801
G0 X124.84 Y98.801
G1 F3000 X125.48 Y98.629 E2007.56709
G0 F9000 X125.25 Y98.629
G0 X125.25 Y97.425
G0 X125.48 Y97.425
G1 F3000 X124.84 Y96.785 E2007.5972
G0 F9000 X125.071 Y96.785
G0 X125.071 Y92.589
G0 X124.841 Y92.589
G1 F3000 X125.479 Y92.418 E2007.61917
G0 F9000 X125.25 Y92.418
G0 X125.25 Y88.94
G0 X125.48 Y88.94
G1 F3000 X124.84 Y88.299 E2007.64929
G0 F9000 X125.071 Y88.299
G0 X125.071 Y86.377
G0 X124.841 Y86.377
G1 F3000 X125.479 Y86.206 E2007.67126
G0 F9000 X125.25 Y86.206
G0 X125.071 Y83.003
G0 X124.84 Y83.003
G1 F3000 X125.48 Y80.615 E2007.75349
G1 X125.48 Y80.455
G1 X124.84 Y79.814 E2007.78362
G0 F9000 X124.84 Y80.166
G1 F3000 X125.48 Y79.994 E2007.80566
G0 F9000 X125.25 Y79.994
G0 X125.071 Y73.954
G0 X124.84 Y73.954
G1 F3000 X125.479 Y73.783 E2007.82766
G0 F9000 X125.25 Y73.783
G0 X125.25 Y71.969
G0 X125.48 Y71.969
G1 F3000 X124.84 Y71.329 E2007.85776
G0 F9000 X125.071 Y71.329
G0 X125.071 Y67.742
G0 X124.841 Y67.742
G1 F3000 X125.479 Y67.571 E2007.87973
G0 F9000 X125.25 Y67.571
G0 X125.25 Y63.484
G0 X125.48 Y63.484
G1 F3000 X124.84 Y62.843 E2007.90986
G0 F9000 X125.071 Y62.843
G0 X125.071 Y61.531
G0 X124.84 Y61.531
G1 F3000 X125.48 Y61.359 E2007.9319
G0 F9000 X125.25 Y61.359
G0 X125.071 Y59.821
G0 X124.84 Y59.821
G1 F3000 X125.48 Y57.434 E2008.0141
G0 F9000 X125.25 Y57.434
G0 X125.071 Y55.319
G0 X124.84 Y55.319
G1 F3000 X125.479 Y55.148 E2008.0361
G1 X125.48 Y54.999
G1 X124.84 Y54.358 E2008.06623
G1 F2700 E2003.06623
G0 F9000 X125.071 Y54.358
G0 X124.591 Y181.62
G0 X123.496 Y181.62
G0 X111.504 Y181.62
G0 X110.409 Y181.62
G0 X109.959 Y181.62
G0 X110.236 Y181.9
;TYPE:WALL-INNER
G1 F2700 E2008.06623
G1 F1500 X110.236 Y53.1 E2012.35013
G1 X109.436 Y53.1 E2012.37674
G1 X109.436 Y181.9 E2016.66064
G1 X110.236 Y181.9 E2016.68725
G0 F9000 X110.636 Y182.3
;TYPE:WALL-OUTER
G1 F1500 X110.636 Y52.7 E2020.99777
G1 X109.036 Y52.7 E2021.05098
G1 X109.036 Y182.3 E2025.3615
G1 X110.636 Y182.3 E2025.41471
G0 F9000 X110.359 Y182.02
G0 X109.749 Y177.446
G0 X109.516 Y177.446
;TYPE:FILL
G1 F3000 X110.156 Y177.275 E2025.43675
G0 F9000 X109.929 Y177.275
G0 X109.929 Y175.439
G0 X110.156 Y175.439
G1 F3000 X109.516 Y174.799 E2025.46685
G0 F9000 X109.749 Y174.799
G0 X109.749 Y171.235
G0 X109.516 Y171.235
G1 F3000 X110.156 Y171.063 E2025.48889
G0 F9000 X109.929 Y171.063
G0 X109.929 Y166.954
G0 X110.156 Y166.954
G1 F3000 X109.516 Y166.314 E2025.51899
G0 F9000 X109.749 Y166.314
G0 X109.749 Y165.023
G0 X109.517 Y165.023
G1 F3000 X110.155 Y164.852 E2025.54096
G0 F9000 X109.929 Y164.852
G0 X109.749 Y163.375
G0 X109.516 Y163.375
G1 F3000 X110.156 Y160.987 E2025.62319
G0 F9000 X109.929 Y160.987
G0 X109.749 Y158.812
G0 X109.516 Y158.812
G1 F3000 X110.156 Y158.64 E2025.64523
G1 X110.156 Y158.468
G1 X109.516 Y157.828 E2025.67534
G0 F9000 X109.749 Y157.828
G0 X109.749 Y152.6
G0 X109.516 Y152.6
G1 F3000 X110.156 Y152.428 E2025.69738
G0 F9000 X109.929 Y152.428
G0 X109.929 Y149.983
G0 X110.156 Y149.983
G1 F3000 X109.516 Y149.343 E2025.72748
G0 F9000 X109.749 Y149.343
G0 X109.749 Y146.388
G0 X109.517 Y146.388
G1 F3000 X110.155 Y146.217 E2025.74945
G0 F9000 X109.929 Y146.217
G0 X109.929 Y141.498
G0 X110.156 Y141.498
G1 F3000 X109.516 Y140.858 E2025.77955
G0 F9000 X109.516 Y140.193
G1 F3000 X110.156 Y137.804 E2025.86182
G0 F9000 X109.929 Y137.804
G0 X109.929 Y140.005
G0 X110.155 Y140.005
G1 F3000 X109.516 Y140.177 E2025.88382
G0 F9000 X109.749 Y140.177
G0 X109.749 Y133.965
G0 X109.516 Y133.965
G1 F3000 X110.156 Y133.793 E2025.90587
G0 F9000 X110.156 Y133.012
G1 F3000 X109.516 Y132.373 E2025.93595
G0 F9000 X109.749 Y132.373
G0 X109.749 Y127.753
G0 X109.517 Y127.753
G1 F3000 X110.156 Y127.582 E2025.95795
G0 F9000 X109.929 Y127.582
G0 X109.929 Y124.527
G0 X110.156 Y124.527
G1 F3000 X109.516 Y123.887 E2025.98805
G0 F9000 X109.749 Y123.887
G0 X109.749 Y121.542
G0 X109.516 Y121.542
G1 F3000 X110.155 Y121.37 E2026.01006
G0 F9000 X109.929 Y121.37
G0 X109.749 Y117.011
G0 X109.516 Y117.011
G1 F3000 X110.156 Y114.622 E2026.09232
G0 F9000 X110.156 Y115.159
G1 F3000 X109.516 Y115.33 E2026.11435
G1 X109.516 Y115.402
G1 X110.156 Y116.042 E2026.14446
G0 F9000 X109.929 Y116.042
G0 X109.749 Y109.118
G0 X109.517 Y109.118
G1 F3000 X110.156 Y108.947 E2026.16646
G0 F9000 X109.929 Y108.947
G0 X109.929 Y107.557
G0 X110.156 Y107.557
G1 F3000 X109.516 Y106.917 E2026.19656
G0 F9000 X109.749 Y106.917
G0 X109.749 Y102.907
G0 X109.516 Y102.907
G1 F3000 X110.155 Y102.735 E2026.21857
G0 F9000 X109.929 Y102.735
G0 X109.929 Y99.071
G0 X110.156 Y99.071
G1 F3000 X109.516 Y98.431 E2026.24868
G0 F9000 X109.749 Y98.431
G0 X109.749 Y96.695
G0 X109.516 Y96.695
G1 F3000 X110.156 Y96.524 E2026.27071
G0 F9000 X109.929 Y96.524
G0 X109.749 Y93.829
G0 X109.516 Y93.829
G1 F3000 X110.156 Y91.439 E2026.353
G0 F9000 X110.156 Y90.586
G1 F3000 X109.516 Y89.946 E2026.38311
G0 F9000 X109.516 Y90.483
G1 F3000 X110.156 Y90.312 E2026.40514
G0 F9000 X109.929 Y90.312
G0 X109.749 Y84.271
G0 X109.517 Y84.271
G1 F3000 X110.156 Y84.1 E2026.42714
G0 F9000 X109.929 Y84.1
G0 X109.929 Y82.101
G0 X110.156 Y82.101
G1 F3000 X109.516 Y81.461 E2026.45724
G0 F9000 X109.749 Y81.461
G0 X109.749 Y78.06
G0 X109.516 Y78.06
G1 F3000 X110.156 Y77.889 E2026.47928
G0 F9000 X109.929 Y77.889
G0 X109.929 Y73.615
G0 X110.156 Y73.615
G1 F3000 X109.516 Y72.976 E2026.50936
G0 F9000 X109.749 Y72.976
G0 X109.749 Y71.848
G0 X109.516 Y71.848
G1 F3000 X110.156 Y71.677 E2026.53139
G0 F9000 X109.929 Y71.677
G0 X109.749 Y70.647
G0 X109.516 Y70.647
G1 F3000 X110.156 Y68.256 E2026.61371
G0 F9000 X109.929 Y68.256
G0 X109.749 Y65.637
G0 X109.517 Y65.637
G1 F3000 X110.156 Y65.465 E2026.63572
G0 F9000 X110.156 Y65.13
G1 F3000 X109.516 Y64.49 E2026.66583
G0 F9000 X109.749 Y64.49
G0 X109.749 Y59.425
G0 X109.516 Y59.425
G1 F3000 X110.155 Y59.254 E2026.68783
G0 F9000 X109.929 Y59.254
G0 X109.929 Y56.645
G0 X110.156 Y56.645
G1 F3000 X109.516 Y56.005 E2026.71793
G0 F9000 X109.749 Y56.005
G0 X109.719 Y53.38
G0 X109.516 Y53.213
G1 F3000 X109.641 Y53.18 E2026.72223
G1 F2700 E2021.72223
;MESH:NONMESH
G0 F300 X109.641 Y53.18 Z2.8
G0 F9000 X109.719 Y53.38
G0 X109.263 Y182.076
G0 X109.263 Y183.165
G0 X108.692 Y184.153
G0 X104 Y184.165
G0 X104 Y183.3
;TIME_ELAPSED:3113.484194
;LAYER:13
;TYPE:SUPPORT
G1 F2700 E2026.72223
G1 F1500 X102.381 Y183.3 E2026.77608
G1 X102.381 Y51.7 E2031.15311
G1 X104 Y51.7 E2031.20696
G1 X104 Y183.3 E2035.584
G1 F2700 E2030.584
G0 F9000 X104 Y184.165
G0 X101.528 Y184.153
G0 X101.528 Y50.847
G0 X104 Y50.835
G0 X104 Y51.7
G1 F2700 E2035.584
G1 F1500 X106 Y51.7 E2035.65052
G1 X106 Y183.3 E2040.02755
G1 X107.723 Y183.3 E2040.08486
G1 X107.723 Y51.7 E2044.46189
G1 X106 Y51.7 E2044.5192
G1 F2700 E2039.5192
G0 F9000 X106 Y50.835
G0 X128 Y50.835
G0 X128 Y51.7
G1 F2700 E2044.5192
G1 F1500 X127.276 Y51.7 E2044.54328
G1 X127.276 Y183.3 E2048.92031
G1 X128 Y183.3 E2048.94439
G1 X128 Y51.7 E2053.32143
G1 X130 Y51.7 E2053.38795
G1 X130 Y183.3 E2057.76498
G1 X132 Y183.3 E2057.8315
G1 X132 Y51.7 E2062.20854
G1 X132.618 Y51.7 E2062.22909
G1 X132.618 Y183.3 E2066.60612
G1 X132 Y183.3 E2066.62668
G1 F2700 E2061.62668
;MESH:btncover.stl
G0 F9000 X132 Y184.165
G0 X126.423 Y184.153
G0 X125.852 Y183.165
G0 X125.852 Y182.076
G0 X125.157 Y181.62
G0 X124.876 Y181.9
;TYPE:WALL-INNER
G1 F2700 E2066.62668
G1 F1500 X125.676 Y181.9 E2066.65329
G1 X125.676 Y53.1 E2070.93719
G1 X124.876 Y53.1 E2070.9638
G1 X124.876 Y181.9 E2075.24771
G0 F9000 X124.476 Y182.3
;TYPE:WALL-OUTER
G1 F1500 X126.076 Y182.3 E2075.30092
G1 X126.076 Y52.7 E2079.61144
G1 X124.476 Y52.7 E2079.66465
G1 X124.476 Y182.3 E2083.97516
G0 F9000 X124.956 Y181.554
;TYPE:FILL
G1 F3000 X125.222 Y181.82 E2083.98768
G0 F9000 X125.222 Y181.59
G0 X125.187 Y179.667
G0 X124.957 Y179.667
G1 F3000 X125.595 Y179.496 E2084.00965
G0 F9000 X125.366 Y179.496
G0 X125.187 Y174.754
G0 X124.956 Y174.754
G1 F3000 X125.596 Y172.366 E2084.09187
G0 F9000 X125.596 Y173.284
G1 F3000 X124.956 Y173.455 E2084.11391
G0 F9000 X124.956 Y173.069
G1 F3000 X125.596 Y173.709 E2084.14401
G0 F9000 X125.366 Y173.709
G0 X125.187 Y167.244
G0 X124.957 Y167.244
G1 F3000 X125.595 Y167.072 E2084.16599
G0 F9000 X125.366 Y167.072
G0 X125.366 Y165.224
G0 X125.596 Y165.224
G1 F3000 X124.956 Y164.583 E2084.19612
G0 F9000 X125.187 Y164.583
G0 X125.187 Y161.032
G0 X124.957 Y161.032
G1 F3000 X125.595 Y160.861 E2084.21808
G0 F9000 X125.366 Y160.861
G0 X125.366 Y156.739
G0 X125.596 Y156.739
G1 F3000 X124.956 Y156.098 E2084.24821
G0 F9000 X125.187 Y156.098
G0 X125.187 Y154.82
G0 X124.956 Y154.82
G1 F3000 X125.596 Y154.649 E2084.27024
G0 F9000 X125.366 Y154.649
G0 X125.187 Y151.572
G0 X124.956 Y151.572
G1 F3000 X125.596 Y149.184 E2084.35247
G0 F9000 X125.595 Y148.438
G1 F3000 X124.957 Y148.609 E2084.37444
G0 F9000 X125.596 Y148.253
G1 F3000 X124.956 Y147.613 E2084.40455
G0 F9000 X125.187 Y147.613
G0 X125.187 Y142.397
G0 X124.957 Y142.397
G1 F3000 X125.595 Y142.226 E2084.42651
G0 F9000 X125.366 Y142.226
G0 X125.366 Y139.768
G0 X125.596 Y139.768
G1 F3000 X124.956 Y139.128 E2084.45662
G0 F9000 X125.187 Y139.128
G0 X125.187 Y136.185
G0 X124.957 Y136.185
G1 F3000 X125.596 Y136.014 E2084.47862
G0 F9000 X125.366 Y136.014
G0 X125.366 Y131.283
G0 X125.596 Y131.283
G1 F3000 X124.956 Y130.642 E2084.50875
G0 F9000 X124.956 Y129.974
G1 F3000 X125.595 Y129.803 E2084.53075
G0 F9000 X125.366 Y129.803
G0 X125.187 Y128.39
G0 X124.956 Y128.39
G1 F3000 X125.596 Y126.002 E2084.61298
G0 F9000 X125.366 Y126.002
G0 X125.187 Y123.762
G0 X124.957 Y123.762
G1 F3000 X125.595 Y123.591 E2084.63494
G0 F9000 X125.596 Y122.798
G1 F3000 X124.956 Y122.157 E2084.66507
G0 F9000 X125.187 Y122.157
G0 X125.187 Y117.55
G0 X124.957 Y117.55
G1 F3000 X125.596 Y117.379 E2084.68707
G0 F9000 X125.366 Y117.379
G0 X125.366 Y114.312
G0 X125.596 Y114.312
G1 F3000 X124.956 Y113.672 E2084.71718
G0 F9000 X125.187 Y113.672
G0 X125.187 Y111.339
G0 X124.956 Y111.339
G1 F3000 X125.596 Y111.167 E2084.73922
G0 F9000 X125.366 Y111.167
G0 X125.366 Y105.827
G0 X125.596 Y105.827
G1 F3000 X124.956 Y105.186 E2084.76935
G1 X124.956 Y105.208
G1 X125.596 Y102.82 E2084.85157
G0 F9000 X125.366 Y102.82
G0 X125.366 Y104.956
G0 X125.595 Y104.956
G1 F3000 X124.957 Y105.127 E2084.87354
G0 F9000 X125.187 Y105.127
G0 X125.187 Y98.915
G0 X124.957 Y98.915
G1 F3000 X125.595 Y98.744 E2084.89551
G0 F9000 X125.366 Y98.744
G0 X125.366 Y97.342
G0 X125.596 Y97.342
G1 F3000 X124.956 Y96.701 E2084.92564
G0 F9000 X125.187 Y96.701
G0 X125.187 Y92.704
G0 X124.956 Y92.704
G1 F3000 X125.596 Y92.532 E2084.94768
G0 F9000 X125.366 Y92.532
G0 X125.366 Y88.856
G0 X125.596 Y88.856
G1 F3000 X124.956 Y88.216 E2084.97778
G0 F9000 X125.187 Y88.216
G0 X125.187 Y86.492
G0 X124.957 Y86.492
G1 F3000 X125.595 Y86.321 E2084.99975
G0 F9000 X125.366 Y86.321
G0 X125.187 Y82.026
G0 X124.956 Y82.026
G1 F3000 X125.596 Y79.638 E2085.08198
G0 F9000 X125.595 Y80.109
G1 F3000 X124.957 Y80.28 E2085.10395
G0 F9000 X124.956 Y79.731
G1 F3000 X125.596 Y80.371 E2085.13405
G0 F9000 X125.366 Y80.371
G0 X125.187 Y74.069
G0 X124.956 Y74.069
G1 F3000 X125.596 Y73.897 E2085.1561
G0 F9000 X125.366 Y73.897
G0 X125.366 Y71.886
G0 X125.596 Y71.886
G1 F3000 X124.956 Y71.245 E2085.18622
G0 F9000 X125.187 Y71.245
G0 X125.187 Y67.857
G0 X124.956 Y67.857
G1 F3000 X125.595 Y67.686 E2085.20822
G0 F9000 X125.366 Y67.686
G0 X125.366 Y63.401
G0 X125.596 Y63.401
G1 F3000 X124.956 Y62.76 E2085.23835
G0 F9000 X125.187 Y62.76
G0 X125.187 Y61.645
G0 X124.957 Y61.645
G1 F3000 X125.595 Y61.474 E2085.26032
G0 F9000 X125.366 Y61.474
G0 X125.187 Y58.844
G0 X124.956 Y58.844
G1 F3000 X125.596 Y56.456 E2085.34255
G0 F9000 X125.366 Y56.456
G0 X125.366 Y55.263
G0 X125.596 Y55.263
G1 F3000 X124.956 Y55.434 E2085.36458
G0 F9000 X125.596 Y54.915
G1 F3000 X124.956 Y54.275 E2085.39469
G1 F2700 E2080.39469
G0 F9000 X125.187 Y54.275
G0 X124.707 Y181.62
G0 X123.612 Y181.62
G0 X111.388 Y181.62
G0 X110.293 Y181.62
G0 X109.843 Y181.62
G0 X110.12 Y181.9
;TYPE:WALL-INNER
G1 F2700 E2085.39469
G1 F1500 X110.12 Y53.1 E2089.67859
G1 X109.32 Y53.1 E2089.7052
G1 X109.32 Y181.9 E2093.9891
G1 X110.12 Y181.9 E2094.01571
G0 F9000 X110.52 Y182.3
;TYPE:WALL-OUTER
G1 F1500 X110.52 Y52.7 E2098.32623
G1 X108.92 Y52.7 E2098.37944
G1 X108.92 Y182.3 E2102.68996
G1 X110.52 Y182.3 E2102.74317
G0 F9000 X110.243 Y182.02
G0 X109.633 Y177.624
G0 X109.4 Y177.624
;TYPE:FILL
G1 F3000 X110.04 Y177.452 E2102.76521
G0 F9000 X109.813 Y177.452
G0 X109.813 Y175.123
G0 X110.04 Y175.123
G1 F3000 X109.4 Y174.484 E2102.79529
G0 F9000 X109.633 Y174.484
G0 X109.633 Y171.412
G0 X109.4 Y171.412
G1 F3000 X110.04 Y171.24 E2102.81734
G0 F9000 X109.813 Y171.24
G0 X109.813 Y166.638
G0 X110.04 Y166.638
G1 F3000 X109.4 Y165.998 E2102.84744
G0 F9000 X109.401 Y165.2
G1 F3000 X110.039 Y165.029 E2102.86941
G0 F9000 X109.813 Y165.029
G0 X109.633 Y163.263
G0 X109.4 Y163.263
G1 F3000 X110.04 Y160.875 E2102.95164
G0 F9000 X109.813 Y160.875
G0 X109.633 Y158.988
G0 X109.401 Y158.988
G1 F3000 X110.039 Y158.817 E2102.9736
G0 F9000 X110.04 Y158.153
G1 F3000 X109.4 Y157.513 E2103.00371
G0 F9000 X109.633 Y157.513
G0 X109.633 Y152.777
G0 X109.4 Y152.777
G1 F3000 X110.04 Y152.606 E2103.02574
G0 F9000 X109.813 Y152.606
G0 X109.813 Y149.668
G0 X110.04 Y149.668
G1 F3000 X109.4 Y149.028 E2103.05585
G0 F9000 X109.633 Y149.028
G0 X109.633 Y146.565
G0 X109.401 Y146.565
G1 F3000 X110.039 Y146.394 E2103.07781
G0 F9000 X109.813 Y146.394
G0 X109.813 Y141.182
G0 X110.04 Y141.182
G1 F3000 X109.4 Y140.542 E2103.10792
G1 X109.401 Y140.353
G1 X110.039 Y140.182 E2103.12989
G0 F9000 X109.4 Y140.081
G1 F3000 X110.04 Y137.693 E2103.21212
G0 F9000 X109.813 Y137.693
G0 X109.633 Y134.142
G0 X109.4 Y134.142
G1 F3000 X110.04 Y133.971 E2103.23415
G0 F9000 X109.813 Y133.971
G0 X109.813 Y132.697
G0 X110.04 Y132.697
G1 F3000 X109.4 Y132.057 E2103.26425
G0 F9000 X109.633 Y132.057
G0 X109.633 Y127.93
G0 X109.4 Y127.93
G1 F3000 X110.039 Y127.759 E2103.28625
G0 F9000 X109.813 Y127.759
G0 X109.813 Y124.212
G0 X110.04 Y124.212
G1 F3000 X109.4 Y123.572 E2103.31636
G0 F9000 X109.633 Y123.572
G0 X109.633 Y121.718
G0 X109.401 Y121.718
G1 F3000 X110.039 Y121.547 E2103.33833
G0 F9000 X109.813 Y121.547
G0 X109.633 Y116.899
G0 X109.4 Y116.899
G1 F3000 X110.04 Y114.511 E2103.42055
G0 F9000 X110.04 Y115.336
G1 F3000 X109.4 Y115.507 E2103.44259
G0 F9000 X109.4 Y115.087
G1 F3000 X110.04 Y115.727 E2103.47269
G0 F9000 X109.813 Y115.727
G0 X109.633 Y109.295
G0 X109.4 Y109.295
G1 F3000 X110.039 Y109.124 E2103.49469
G0 F9000 X109.813 Y109.124
G0 X109.813 Y107.241
G0 X110.04 Y107.241
G1 F3000 X109.4 Y106.601 E2103.5248
G0 F9000 X109.633 Y106.601
G0 X109.633 Y103.083
G0 X109.401 Y103.083
G1 F3000 X110.039 Y102.912 E2103.54676
G0 F9000 X109.813 Y102.912
G0 X109.813 Y98.756
G0 X110.04 Y98.756
G1 F3000 X109.4 Y98.116 E2103.57687
G0 F9000 X109.633 Y98.116
G0 X109.633 Y96.872
G0 X109.4 Y96.872
G1 F3000 X110.039 Y96.701 E2103.59887
G0 F9000 X109.813 Y96.701
G0 X109.633 Y93.717
G0 X109.4 Y93.717
G1 F3000 X110.04 Y91.329 E2103.6811
G0 F9000 X110.039 Y90.489
G1 F3000 X109.4 Y90.66 E2103.7031
G0 F9000 X110.04 Y90.271
G1 F3000 X109.4 Y89.631 E2103.7332
G0 F9000 X109.633 Y89.631
G0 X109.633 Y84.449
G0 X109.401 Y84.449
G1 F3000 X110.039 Y84.277 E2103.75518
G0 F9000 X109.813 Y84.277
G0 X109.813 Y81.785
G0 X110.04 Y81.785
G1 F3000 X109.4 Y81.145 E2103.78528
G0 F9000 X109.633 Y81.145
G0 X109.633 Y78.237
G0 X109.4 Y78.237
G1 F3000 X110.039 Y78.066 E2103.80728
G0 F9000 X109.813 Y78.066
G0 X109.813 Y73.3
G0 X110.04 Y73.3
G1 F3000 X109.4 Y72.66 E2103.83739
G0 F9000 X109.4 Y72.025
G1 F3000 X110.039 Y71.854 E2103.85939
G0 F9000 X109.813 Y71.854
G0 X109.633 Y70.535
G0 X109.4 Y70.535
G1 F3000 X110.04 Y68.147 E2103.94162
G0 F9000 X109.813 Y68.147
G0 X109.633 Y65.814
G0 X109.401 Y65.814
G1 F3000 X110.039 Y65.643 E2103.96359
G0 F9000 X110.04 Y64.815
G1 F3000 X109.4 Y64.175 E2103.99369
G0 F9000 X109.633 Y64.175
G0 X109.633 Y59.602
G0 X109.4 Y59.602
G1 F3000 X110.039 Y59.431 E2104.01569
G0 F9000 X109.813 Y59.431
G0 X109.813 Y56.33
G0 X110.04 Y56.33
G1 F3000 X109.4 Y55.69 E2104.04579
G0 F9000 X109.633 Y55.69
G0 X109.633 Y53.39
G0 X109.4 Y53.39
G1 F3000 X110.039 Y53.219 E2104.0678
G1 F2700 E2099.0678
;MESH:NONMESH
G0 F300 X110.039 Y53.219 Z3
G0 F9000 X109.843 Y53.38
G0 X109.147 Y182.076
G0 X109.147 Y183.165
G0 X108.576 Y184.153
G0 X104 Y184.165
G0 X104 Y183.3
;TIME_ELAPSED:3229.765154
;LAYER:14
;TYPE:SUPPORT
G1 F2700 E2104.0678
G1 F1500 X102.381 Y183.3 E2104.12164
G1 X102.381 Y51.7 E2108.49868
G1 X104 Y51.7 E2108.55253
G1 X104 Y183.3 E2112.92956
G1 F2700 E2107.92956
G0 F9000 X104 Y184.165
G0 X101.528 Y184.153
G0 X101.528 Y50.847
G0 X104 Y50.835
G0 X104 Y51.7
G1 F2700 E2112.92956
G1 F1500 X106 Y51.7 E2112.99608
G1 X106 Y183.3 E2117.37311
G1 X107.608 Y183.3 E2117.4266
G1 X107.608 Y51.7 E2121.80363
G1 X106 Y51.7 E2121.85711
G1 F2700 E2116.85711
G0 F9000 X106 Y50.835
G0 X128 Y50.835
G0 X128 Y51.7
G1 F2700 E2121.85711
G1 F1500 X127.391 Y51.7 E2121.87737
G1 X127.391 Y183.3 E2126.2544
G1 X128 Y183.3 E2126.27466
G1 X128 Y51.7 E2130.65169
G1 X130 Y51.7 E2130.71821
G1 X130 Y183.3 E2135.09524
G1 X132 Y183.3 E2135.16176
G1 X132 Y51.7 E2139.5388
G1 X132.618 Y51.7 E2139.55935
G1 X132.618 Y183.3 E2143.93639
G1 X132 Y183.3 E2143.95694
G1 F2700 E2138.95694
;MESH:btncover.stl
G0 F9000 X132 Y184.165
G0 X126.538 Y184.153
G0 X125.967 Y183.165
G0 X125.967 Y182.076
G0 X125.272 Y181.62
G0 X124.992 Y181.9
;TYPE:WALL-INNER
G1 F2700 E2143.95694
G1 F1500 X125.788 Y181.9 E2143.98342
G1 X125.788 Y53.1 E2148.26732
G1 X124.992 Y53.1 E2148.2938
G1 X124.992 Y181.9 E2152.5777
G0 F9000 X124.592 Y182.3
;TYPE:WALL-OUTER
G1 F1500 X126.188 Y182.3 E2152.63079
G1 X126.188 Y52.7 E2156.9413
G1 X124.592 Y52.7 E2156.99438
G1 X124.592 Y182.3 E2161.3049
G0 F9000 X125.422 Y181.82
;TYPE:FILL
G1 F3000 X125.072 Y181.469 E2161.32138
G0 F9000 X125.302 Y181.469
G0 X125.302 Y179.783
G0 X125.073 Y179.783
G1 F3000 X125.708 Y179.613 E2161.34325
G0 F9000 X125.481 Y179.613
G0 X125.302 Y173.772
G0 X125.072 Y173.772
G1 F3000 X125.708 Y171.4 E2161.42493
G0 F9000 X125.481 Y171.4
G0 X125.302 Y172.984
G0 X125.072 Y172.984
G1 F3000 X125.708 Y173.62 E2161.45484
G0 F9000 X125.708 Y173.401
G1 F3000 X125.072 Y173.571 E2161.47674
G0 F9000 X125.302 Y173.571
G0 X125.302 Y167.359
G0 X125.073 Y167.359
G1 F3000 X125.707 Y167.189 E2161.49857
G0 F9000 X125.481 Y167.189
G0 X125.481 Y165.135
G0 X125.708 Y165.135
G1 F3000 X125.072 Y164.498 E2161.52851
G0 F9000 X125.302 Y164.498
G0 X125.302 Y161.148
G0 X125.073 Y161.148
G1 F3000 X125.707 Y160.978 E2161.55034
G0 F9000 X125.481 Y160.978
G0 X125.481 Y156.65
G0 X125.708 Y156.65
G1 F3000 X125.072 Y156.013 E2161.58028
G0 F9000 X125.302 Y156.013
G0 X125.302 Y154.936
G0 X125.072 Y154.936
G1 F3000 X125.708 Y154.766 E2161.60218
G0 F9000 X125.481 Y154.766
G0 X125.302 Y150.59
G0 X125.072 Y150.59
G1 F3000 X125.708 Y148.217 E2161.68389
G1 X125.708 Y148.164
G1 X125.072 Y147.528 E2161.7138
G0 F9000 X125.302 Y147.528
G0 X125.302 Y148.725
G0 X125.072 Y148.725
G1 F3000 X125.707 Y148.554 E2161.73568
G0 F9000 X125.481 Y148.554
G0 X125.302 Y142.513
G0 X125.073 Y142.513
G1 F3000 X125.707 Y142.343 E2161.75751
G0 F9000 X125.481 Y142.343
G0 X125.481 Y139.679
G0 X125.708 Y139.679
G1 F3000 X125.072 Y139.043 E2161.78742
G0 F9000 X125.302 Y139.043
G0 X125.302 Y136.301
G0 X125.072 Y136.301
G1 F3000 X125.708 Y136.131 E2161.80932
G0 F9000 X125.481 Y136.131
G0 X125.481 Y131.194
G0 X125.708 Y131.194
G1 F3000 X125.072 Y130.557 E2161.83926
G0 F9000 X125.072 Y130.09
G1 F3000 X125.708 Y129.919 E2161.86116
G0 F9000 X125.481 Y129.919
G0 X125.302 Y127.408
G0 X125.072 Y127.408
G1 F3000 X125.708 Y125.035 E2161.94287
G0 F9000 X125.481 Y125.035
G0 X125.302 Y123.878
G0 X125.073 Y123.878
G1 F3000 X125.707 Y123.708 E2161.96471
G0 F9000 X125.481 Y123.708
G0 X125.481 Y122.708
G0 X125.708 Y122.708
G1 F3000 X125.072 Y122.072 E2161.99462
G0 F9000 X125.302 Y122.072
G0 X125.302 Y117.666
G0 X125.072 Y117.666
G1 F3000 X125.708 Y117.496 E2162.01652
G0 F9000 X125.481 Y117.496
G0 X125.481 Y114.223
G0 X125.708 Y114.223
G1 F3000 X125.072 Y113.587 E2162.04643
G0 F9000 X125.302 Y113.587
G0 X125.302 Y111.455
G0 X125.072 Y111.455
G1 F3000 X125.708 Y111.284 E2162.06834
G0 F9000 X125.481 Y111.284
G0 X125.481 Y105.738
G0 X125.708 Y105.738
G1 F3000 X125.072 Y105.102 E2162.09825
G1 X125.073 Y105.243
G1 X125.708 Y105.073 E2162.12012
G0 F9000 X125.481 Y105.073
G0 X125.302 Y104.226
G0 X125.072 Y104.226
G1 F3000 X125.708 Y101.852 E2162.20186
G0 F9000 X125.481 Y101.852
G0 X125.302 Y99.031
G0 X125.072 Y99.031
G1 F3000 X125.708 Y98.861 E2162.22376
G0 F9000 X125.481 Y98.861
G0 X125.481 Y97.253
G0 X125.708 Y97.253
G1 F3000 X125.072 Y96.616 E2162.2537
G0 F9000 X125.302 Y96.616
G0 X125.302 Y92.82
G0 X125.072 Y92.82
G1 F3000 X125.708 Y92.649 E2162.2756
G0 F9000 X125.481 Y92.649
G0 X125.481 Y88.767
G0 X125.708 Y88.767
G1 F3000 X125.072 Y88.131 E2162.30552
G0 F9000 X125.302 Y88.131
G0 X125.302 Y86.608
G0 X125.073 Y86.608
G1 F3000 X125.708 Y86.438 E2162.32738
G0 F9000 X125.481 Y86.438
G0 X125.302 Y81.045
G0 X125.072 Y81.045
G1 F3000 X125.708 Y78.669 E2162.40919
G0 F9000 X125.481 Y78.669
G0 X125.302 Y79.646
G0 X125.072 Y79.646
G1 F3000 X125.708 Y80.282 E2162.4391
G1 X125.707 Y80.226
G1 X125.073 Y80.396 E2162.46094
G0 F9000 X125.302 Y80.396
G0 X125.302 Y74.185
G0 X125.072 Y74.185
G1 F3000 X125.708 Y74.014 E2162.48284
G0 F9000 X125.481 Y74.014
G0 X125.481 Y71.797
G0 X125.708 Y71.797
G1 F3000 X125.072 Y71.16 E2162.51278
G0 F9000 X125.302 Y71.16
G0 X125.302 Y67.973
G0 X125.072 Y67.973
G1 F3000 X125.708 Y67.803 E2162.53468
G0 F9000 X125.481 Y67.803
G0 X125.481 Y63.312
G0 X125.708 Y63.312
G1 F3000 X125.072 Y62.675 E2162.56461
G0 F9000 X125.073 Y61.761
G1 F3000 X125.708 Y61.591 E2162.58648
G0 F9000 X125.481 Y61.591
G0 X125.302 Y57.863
G0 X125.072 Y57.863
G1 F3000 X125.708 Y55.487 E2162.66829
G1 X125.708 Y55.379
G1 X125.072 Y55.55 E2162.69019
G0 F9000 X125.708 Y54.826
G1 F3000 X125.072 Y54.19 E2162.72011
G1 F2700 E2157.72011
G0 F9000 X125.302 Y54.19
G0 X124.822 Y181.62
G0 X123.727 Y181.62
G0 X111.273 Y181.62
G0 X110.178 Y181.62
G0 X109.728 Y181.62
G0 X110.008 Y181.9
;TYPE:WALL-INNER
G1 F2700 E2162.72011
G1 F1500 X110.008 Y53.1 E2167.00401
G1 X109.208 Y53.1 E2167.03062
G1 X109.208 Y181.9 E2171.31453
G1 X110.008 Y181.9 E2171.34113
G0 F9000 X110.408 Y182.3
;TYPE:WALL-OUTER
G1 F1500 X110.408 Y52.7 E2175.65165
G1 X108.808 Y52.7 E2175.70486
G1 X108.808 Y182.3 E2180.01538
G1 X110.408 Y182.3 E2180.06859
G0 F9000 X110.128 Y182.02
G0 X109.518 Y177.8
G0 X109.289 Y177.8
;TYPE:FILL
G1 F3000 X109.928 Y177.629 E2180.09059
G0 F9000 X109.698 Y177.629
G0 X109.698 Y174.811
G0 X109.928 Y174.811
G1 F3000 X109.288 Y174.17 E2180.12072
G0 F9000 X109.518 Y174.17
G0 X109.518 Y171.589
G0 X109.288 Y171.589
G1 F3000 X109.928 Y171.417 E2180.14276
G0 F9000 X109.698 Y171.417
G0 X109.698 Y166.326
G0 X109.928 Y166.326
G1 F3000 X109.288 Y165.685 E2180.17289
G0 F9000 X109.289 Y165.377
G1 F3000 X109.927 Y165.206 E2180.19486
G0 F9000 X109.698 Y165.206
G0 X109.518 Y163.131
G0 X109.288 Y163.131
G1 F3000 X109.928 Y160.744 E2180.27706
G0 F9000 X109.698 Y160.744
G0 X109.518 Y159.165
G0 X109.289 Y159.165
G1 F3000 X109.927 Y158.994 E2180.29902
G0 F9000 X109.698 Y158.994
G0 X109.698 Y157.84
G0 X109.928 Y157.84
G1 F3000 X109.288 Y157.2 E2180.32913
G0 F9000 X109.518 Y157.2
G0 X109.518 Y152.954
G0 X109.288 Y152.954
G1 F3000 X109.928 Y152.783 E2180.35116
G0 F9000 X109.698 Y152.783
G0 X109.698 Y149.355
G0 X109.928 Y149.355
G1 F3000 X109.288 Y148.714 E2180.38129
G0 F9000 X109.518 Y148.714
G0 X109.518 Y146.742
G0 X109.289 Y146.742
G1 F3000 X109.927 Y146.571 E2180.40326
G0 F9000 X109.698 Y146.571
G0 X109.698 Y140.87
G0 X109.928 Y140.87
G1 F3000 X109.288 Y140.229 E2180.43338
G0 F9000 X109.288 Y139.95
G1 F3000 X109.928 Y137.562 E2180.51561
G0 F9000 X109.698 Y137.562
G0 X109.698 Y140.359
G0 X109.927 Y140.359
G1 F3000 X109.289 Y140.53 E2180.53758
G0 F9000 X109.518 Y140.53
G0 X109.518 Y134.319
G0 X109.288 Y134.319
G1 F3000 X109.928 Y134.148 E2180.55962
G0 F9000 X109.698 Y134.148
G0 X109.698 Y132.385
G0 X109.928 Y132.385
G1 F3000 X109.288 Y131.744 E2180.58974
G0 F9000 X109.518 Y131.744
G0 X109.518 Y128.107
G0 X109.288 Y128.107
G1 F3000 X109.927 Y127.936 E2180.61174
G0 F9000 X109.698 Y127.936
G0 X109.698 Y123.899
G0 X109.928 Y123.899
G1 F3000 X109.288 Y123.259 E2180.64185
G0 F9000 X109.518 Y123.259
G0 X109.518 Y121.895
G0 X109.289 Y121.895
G1 F3000 X109.927 Y121.724 E2180.66382
G0 F9000 X109.698 Y121.724
G0 X109.518 Y116.768
G0 X109.288 Y116.768
G1 F3000 X109.928 Y114.38 E2180.74604
G0 F9000 X109.288 Y114.773
G1 F3000 X109.928 Y115.414 E2180.77617
G1 X109.928 Y115.513
G1 X109.288 Y115.684 E2180.7982
G0 F9000 X109.518 Y115.684
G0 X109.518 Y109.472
G0 X109.288 Y109.472
G1 F3000 X109.927 Y109.301 E2180.82021
G0 F9000 X109.698 Y109.301
G0 X109.698 Y106.929
G0 X109.928 Y106.929
G1 F3000 X109.288 Y106.288 E2180.85033
G0 F9000 X109.518 Y106.288
G0 X109.518 Y103.261
G0 X109.289 Y103.261
G1 F3000 X109.927 Y103.089 E2180.87231
G0 F9000 X109.698 Y103.089
G0 X109.698 Y98.443
G0 X109.928 Y98.443
G1 F3000 X109.288 Y97.803 E2180.90241
G0 F9000 X109.289 Y97.049
G1 F3000 X109.927 Y96.878 E2180.92438
G0 F9000 X109.698 Y96.878
G0 X109.518 Y93.586
G0 X109.288 Y93.586
G1 F3000 X109.928 Y91.198 E2181.00661
G0 F9000 X109.927 Y90.666
G1 F3000 X109.288 Y90.837 E2181.02861
G0 F9000 X109.518 Y90.837
G0 X109.698 Y89.958
G0 X109.928 Y89.958
G1 F3000 X109.288 Y89.317 E2181.05874
G0 F9000 X109.518 Y89.317
G0 X109.518 Y84.626
G0 X109.289 Y84.626
G1 F3000 X109.927 Y84.454 E2181.08072
G0 F9000 X109.698 Y84.454
G0 X109.698 Y81.473
G0 X109.928 Y81.473
G1 F3000 X109.288 Y80.832 E2181.11084
G0 F9000 X109.518 Y80.832
G0 X109.518 Y78.414
G0 X109.289 Y78.414
G1 F3000 X109.927 Y78.243 E2181.13281
G0 F9000 X109.698 Y78.243
G0 X109.698 Y72.988
G0 X109.928 Y72.988
G1 F3000 X109.288 Y72.347 E2181.16294
G1 X109.288 Y72.202
G1 X109.927 Y72.031 E2181.18494
G0 F9000 X109.698 Y72.031
G0 X109.518 Y70.404
G0 X109.288 Y70.404
G1 F3000 X109.928 Y68.016 E2181.26717
G0 F9000 X109.698 Y68.016
G0 X109.518 Y65.991
G0 X109.289 Y65.991
G1 F3000 X109.927 Y65.82 E2181.28914
G0 F9000 X109.698 Y65.82
G0 X109.698 Y64.502
G0 X109.928 Y64.502
G1 F3000 X109.288 Y63.862 E2181.31924
G0 F9000 X109.518 Y63.862
G0 X109.518 Y59.779
G0 X109.289 Y59.779
G1 F3000 X109.927 Y59.608 E2181.34121
G0 F9000 X109.698 Y59.608
G0 X109.698 Y56.017
G0 X109.928 Y56.017
G1 F3000 X109.288 Y55.376 E2181.37134
G0 F9000 X109.518 Y55.376
G0 X109.518 Y53.567
G0 X109.288 Y53.567
G1 F3000 X109.927 Y53.396 E2181.39334
G1 F2700 E2176.39334
;MESH:NONMESH
G0 F300 X109.927 Y53.396 Z3.2
G0 F9000 X109.698 Y53.396
G0 X109.032 Y182.076
G0 X109.032 Y183.165
G0 X108.461 Y184.153
G0 X104 Y184.165
G0 X104 Y183.3
;TIME_ELAPSED:3346.195133
;LAYER:15
;TYPE:SUPPORT
G1 F2700 E2181.39334
G1 F1500 X102.381 Y183.3 E2181.44719
G1 X102.381 Y51.7 E2185.82422
G1 X104 Y51.7 E2185.87807
G1 X104 Y183.3 E2190.2551
G1 F2700 E2185.2551
G0 F9000 X104 Y184.165
G0 X101.528 Y184.153
G0 X101.528 Y50.847
G0 X104 Y50.835
G0 X104 Y51.7
G1 F2700 E2190.2551
G1 F1500 X106 Y51.7 E2190.32162
G1 X106 Y183.3 E2194.69866
G1 X107.492 Y183.3 E2194.74828
G1 X107.492 Y51.7 E2199.12532
G1 X106 Y51.7 E2199.17494
G1 F2700 E2194.17494
G0 F9000 X106 Y50.835
G0 X108.345 Y50.847
G0 X111.145 Y51.847
G0 X123.855 Y183.153
G0 X126.654 Y184.153
G0 X128 Y184.165
G0 X128 Y183.3
G1 F2700 E2199.17494
G1 F1500 X128 Y51.7 E2203.55197
G1 X130 Y51.7 E2203.61849
G1 X130 Y183.3 E2207.99553
G1 X132 Y183.3 E2208.06205
G1 X132 Y51.7 E2212.43908
G1 X132.618 Y51.7 E2212.45964
G1 X132.618 Y183.3 E2216.83667
G1 X132 Y183.3 E2216.85722
G1 F2700 E2211.85722
;MESH:btncover.stl
G0 F9000 X132 Y184.165
G0 X126.654 Y184.153
G0 X126.083 Y183.165
G0 X126.083 Y182.076
G0 X125.388 Y181.62
G0 X125.108 Y181.9
;TYPE:WALL-INNER
G1 F2700 E2216.85722
G1 F1500 X125.904 Y181.9 E2216.8837
G1 X125.904 Y53.1 E2221.1676
G1 X125.108 Y53.1 E2221.19408
G1 X125.108 Y181.9 E2225.47799
G0 F9000 X124.708 Y182.3
;TYPE:WALL-OUTER
G1 F1500 X126.304 Y182.3 E2225.53107
G1 X126.304 Y52.7 E2229.84158
G1 X124.708 Y52.7 E2229.89467
G1 X124.708 Y182.3 E2234.20518
G0 F9000 X124.988 Y182.02
G0 X125.418 Y181.386
G0 X125.188 Y181.386
;TYPE:FILL
G1 F3000 X125.622 Y181.82 E2234.22559
G0 F9000 X125.622 Y181.59
G0 X125.418 Y179.898
G0 X125.189 Y179.898
G1 F3000 X125.823 Y179.728 E2234.24742
G0 F9000 X125.597 Y179.728
G0 X125.418 Y173.686
G0 X125.189 Y173.686
G1 F3000 X125.824 Y173.516 E2234.26929
G1 X125.824 Y173.537
G1 X125.188 Y172.9 E2234.29923
G1 X125.188 Y172.795
G1 X125.824 Y170.423 E2234.38091
G0 F9000 X125.597 Y170.423
G0 X125.418 Y167.474
G0 X125.188 Y167.474
G1 F3000 X125.823 Y167.304 E2234.40277
G0 F9000 X125.597 Y167.304
G0 X125.597 Y165.051
G0 X125.824 Y165.051
G1 F3000 X125.188 Y164.415 E2234.43269
G0 F9000 X125.418 Y164.415
G0 X125.418 Y161.263
G0 X125.189 Y161.263
G1 F3000 X125.823 Y161.093 E2234.45452
G0 F9000 X125.597 Y161.093
G0 X125.597 Y156.566
G0 X125.824 Y156.566
G1 F3000 X125.188 Y155.93 E2234.48443
G0 F9000 X125.189 Y155.051
G1 F3000 X125.823 Y154.881 E2234.50627
G0 F9000 X125.597 Y154.881
G0 X125.418 Y149.613
G0 X125.188 Y149.613
G1 F3000 X125.824 Y147.24 E2234.58798
G0 F9000 X125.188 Y147.444
G1 F3000 X125.824 Y148.081 E2234.61792
G0 F9000 X125.824 Y148.669
G1 F3000 X125.188 Y148.839 E2234.63981
G0 F9000 X125.418 Y148.839
G0 X125.418 Y142.628
G0 X125.188 Y142.628
G1 F3000 X125.823 Y142.458 E2234.66168
G0 F9000 X125.597 Y142.458
G0 X125.597 Y139.596
G0 X125.824 Y139.596
G1 F3000 X125.188 Y138.959 E2234.69162
G0 F9000 X125.418 Y138.959
G0 X125.418 Y136.416
G0 X125.189 Y136.416
G1 F3000 X125.823 Y136.246 E2234.71345
G0 F9000 X125.597 Y136.246
G0 X125.597 Y131.11
G0 X125.824 Y131.11
G1 F3000 X125.188 Y130.474 E2234.74336
G0 F9000 X125.188 Y130.205
G1 F3000 X125.824 Y130.034 E2234.76527
G0 F9000 X125.597 Y130.034
G0 X125.418 Y126.431
G0 X125.188 Y126.431
G1 F3000 X125.824 Y124.057 E2234.84701
G0 F9000 X125.824 Y123.823
G1 F3000 X125.188 Y123.993 E2234.86891
G0 F9000 X125.418 Y123.993
G0 X125.597 Y122.625
G0 X125.824 Y122.625
G1 F3000 X125.188 Y121.989 E2234.89882
G0 F9000 X125.418 Y121.989
G0 X125.418 Y117.781
G0 X125.189 Y117.781
G1 F3000 X125.823 Y117.611 E2234.92066
G0 F9000 X125.597 Y117.611
G0 X125.597 Y114.14
G0 X125.824 Y114.14
G1 F3000 X125.188 Y113.503 E2234.95059
G0 F9000 X125.418 Y113.503
G0 X125.418 Y111.57
G0 X125.188 Y111.57
G1 F3000 X125.824 Y111.399 E2234.9725
G0 F9000 X125.597 Y111.399
G0 X125.597 Y105.654
G0 X125.824 Y105.654
G1 F3000 X125.188 Y105.018 E2235.00241
G0 F9000 X125.188 Y105.358
G1 F3000 X125.824 Y105.188 E2235.02431
G0 F9000 X125.597 Y105.188
G0 X125.418 Y103.249
G0 X125.188 Y103.249
G1 F3000 X125.824 Y100.875 E2235.10605
G0 F9000 X125.597 Y100.875
G0 X125.418 Y99.146
G0 X125.189 Y99.146
G1 F3000 X125.824 Y98.976 E2235.12792
G0 F9000 X125.597 Y98.976
G0 X125.597 Y97.169
G0 X125.824 Y97.169
G1 F3000 X125.188 Y96.533 E2235.15783
G0 F9000 X125.418 Y96.533
G0 X125.418 Y92.935
G0 X125.188 Y92.935
G1 F3000 X125.824 Y92.764 E2235.17974
G0 F9000 X125.597 Y92.764
G0 X125.597 Y88.684
G0 X125.824 Y88.684
G1 F3000 X125.188 Y88.048 E2235.20965
G0 F9000 X125.418 Y88.048
G0 X125.418 Y86.723
G0 X125.188 Y86.723
G1 F3000 X125.824 Y86.553 E2235.23155
G0 F9000 X125.597 Y86.553
G0 X125.418 Y80.511
G0 X125.189 Y80.511
G1 F3000 X125.824 Y80.341 E2235.25341
G1 X125.824 Y80.199
G1 X125.188 Y79.562 E2235.28335
G0 F9000 X125.188 Y80.067
G1 F3000 X125.824 Y77.692 E2235.36513
G0 F9000 X125.597 Y77.692
G0 X125.418 Y74.3
G0 X125.188 Y74.3
G1 F3000 X125.823 Y74.129 E2235.387
G0 F9000 X125.597 Y74.129
G0 X125.597 Y71.713
G0 X125.824 Y71.713
G1 F3000 X125.188 Y71.077 E2235.41692
G0 F9000 X125.418 Y71.077
G0 X125.418 Y68.088
G0 X125.188 Y68.088
G1 F3000 X125.824 Y67.918 E2235.43881
G0 F9000 X125.597 Y67.918
G0 X125.597 Y63.228
G0 X125.824 Y63.228
G1 F3000 X125.188 Y62.592 E2235.46873
G0 F9000 X125.188 Y61.876
G1 F3000 X125.824 Y61.706 E2235.49063
G0 F9000 X125.597 Y61.706
G0 X125.418 Y56.884
G0 X125.188 Y56.884
G1 F3000 X125.824 Y54.509 E2235.5724
G0 F9000 X125.824 Y54.743
G1 F3000 X125.188 Y54.106 E2235.60234
G0 F9000 X125.418 Y54.106
G0 X125.597 Y55.494
G0 X125.824 Y55.494
G1 F3000 X125.188 Y55.665 E2235.62424
G1 F2700 E2230.62424
G0 F9000 X125.418 Y55.665
G0 X124.938 Y181.62
G0 X123.843 Y181.62
G0 X111.157 Y181.62
G0 X110.062 Y181.62
G0 X109.612 Y181.62
G0 X109.892 Y181.9
;TYPE:WALL-INNER
G1 F2700 E2235.62424
G1 F1500 X109.892 Y53.1 E2239.90815
G1 X109.092 Y53.1 E2239.93476
G1 X109.092 Y181.9 E2244.21866
G1 X109.892 Y181.9 E2244.24527
G0 F9000 X110.292 Y182.3
;TYPE:WALL-OUTER
G1 F1500 X110.292 Y52.7 E2248.55579
G1 X108.692 Y52.7 E2248.609
G1 X108.692 Y182.3 E2252.91952
G1 X110.292 Y182.3 E2252.97273
G0 F9000 X110.012 Y182.02
G0 X109.402 Y177.977
G0 X109.173 Y177.977
;TYPE:FILL
G1 F3000 X109.811 Y177.806 E2252.9947
G0 F9000 X109.582 Y177.806
G0 X109.582 Y174.496
G0 X109.812 Y174.496
G1 F3000 X109.172 Y173.855 E2253.02483
G0 F9000 X109.402 Y173.855
G0 X109.402 Y171.766
G0 X109.173 Y171.766
G1 F3000 X109.812 Y171.595 E2253.04683
G0 F9000 X109.582 Y171.595
G0 X109.582 Y166.01
G0 X109.812 Y166.01
G1 F3000 X109.172 Y165.37 E2253.07693
G1 X109.173 Y165.554
G1 X109.812 Y165.383 E2253.09893
G0 F9000 X109.582 Y165.383
G0 X109.402 Y163.02
G0 X109.172 Y163.02
G1 F3000 X109.812 Y160.632 E2253.18116
G0 F9000 X109.582 Y160.632
G0 X109.402 Y159.342
G0 X109.173 Y159.342
G1 F3000 X109.811 Y159.171 E2253.20313
G0 F9000 X109.582 Y159.171
G0 X109.582 Y157.525
G0 X109.812 Y157.525
G1 F3000 X109.172 Y156.884 E2253.23326
G0 F9000 X109.402 Y156.884
G0 X109.402 Y153.131
G0 X109.173 Y153.131
G1 F3000 X109.812 Y152.96 E2253.25526
G0 F9000 X109.582 Y152.96
G0 X109.582 Y149.04
G0 X109.812 Y149.04
G1 F3000 X109.172 Y148.399 E2253.28539
G0 F9000 X109.402 Y148.399
G0 X109.402 Y146.919
G0 X109.172 Y146.919
G1 F3000 X109.812 Y146.748 E2253.30742
G0 F9000 X109.582 Y146.748
G0 X109.402 Y140.708
G0 X109.173 Y140.708
G1 F3000 X109.811 Y140.536 E2253.3294
G1 X109.812 Y140.554
G1 X109.172 Y139.914 E2253.3595
G1 X109.172 Y139.838
G1 X109.812 Y137.45 E2253.44173
G0 F9000 X109.582 Y137.45
G0 X109.402 Y134.496
G0 X109.173 Y134.496
G1 F3000 X109.812 Y134.325 E2253.46373
G0 F9000 X109.582 Y134.325
G0 X109.582 Y132.069
G0 X109.812 Y132.069
G1 F3000 X109.172 Y131.429 E2253.49383
G0 F9000 X109.402 Y131.429
G0 X109.402 Y128.284
G0 X109.172 Y128.284
G1 F3000 X109.812 Y128.113 E2253.51587
G0 F9000 X109.582 Y128.113
G0 X109.582 Y123.584
G0 X109.812 Y123.584
G1 F3000 X109.172 Y122.943 E2253.54599
G0 F9000 X109.173 Y122.073
G1 F3000 X109.811 Y121.901 E2253.56797
G0 F9000 X109.582 Y121.901
G0 X109.402 Y116.656
G0 X109.172 Y116.656
G1 F3000 X109.812 Y114.268 E2253.6502
G0 F9000 X109.172 Y114.458
G1 F3000 X109.812 Y115.099 E2253.68033
G0 F9000 X109.811 Y115.69
G1 F3000 X109.173 Y115.861 E2253.7023
G0 F9000 X109.402 Y115.861
G0 X109.402 Y109.649
G0 X109.172 Y109.649
G1 F3000 X109.812 Y109.478 E2253.72433
G0 F9000 X109.582 Y109.478
G0 X109.582 Y106.613
G0 X109.812 Y106.613
G1 F3000 X109.172 Y105.973 E2253.75443
G0 F9000 X109.402 Y105.973
G0 X109.402 Y103.438
G0 X109.173 Y103.438
G1 F3000 X109.811 Y103.267 E2253.7764
G0 F9000 X109.582 Y103.267
G0 X109.582 Y98.128
G0 X109.812 Y98.128
G1 F3000 X109.172 Y97.487 E2253.80653
G0 F9000 X109.173 Y97.226
G1 F3000 X109.811 Y97.055 E2253.8285
G0 F9000 X109.582 Y97.055
G0 X109.402 Y93.474
G0 X109.172 Y93.474
G1 F3000 X109.812 Y91.086 E2253.91073
G0 F9000 X109.812 Y90.843
G1 F3000 X109.172 Y91.014 E2253.93276
G0 F9000 X109.402 Y91.014
G0 X109.582 Y89.643
G0 X109.812 Y89.643
G1 F3000 X109.172 Y89.002 E2253.96289
G0 F9000 X109.402 Y89.002
G0 X109.402 Y84.803
G0 X109.173 Y84.803
G1 F3000 X109.811 Y84.632 E2253.98485
G0 F9000 X109.582 Y84.632
G0 X109.582 Y81.157
G0 X109.812 Y81.157
G1 F3000 X109.172 Y80.517 E2254.01496
G0 F9000 X109.402 Y80.517
G0 X109.402 Y78.591
G0 X109.173 Y78.591
G1 F3000 X109.811 Y78.42 E2254.03693
G0 F9000 X109.582 Y78.42
G0 X109.582 Y72.672
G0 X109.812 Y72.672
G1 F3000 X109.172 Y72.032 E2254.06703
G0 F9000 X109.172 Y72.379
G1 F3000 X109.812 Y72.208 E2254.08906
G0 F9000 X109.582 Y72.208
G0 X109.402 Y70.292
G0 X109.172 Y70.292
G1 F3000 X109.812 Y67.904 E2254.17129
G0 F9000 X109.582 Y67.904
G0 X109.402 Y66.168
G0 X109.172 Y66.168
G1 F3000 X109.811 Y65.997 E2254.19329
G0 F9000 X109.582 Y65.997
G0 X109.582 Y64.187
G0 X109.812 Y64.187
G1 F3000 X109.172 Y63.546 E2254.22342
G0 F9000 X109.402 Y63.546
G0 X109.402 Y59.956
G0 X109.173 Y59.956
G1 F3000 X109.811 Y59.785 E2254.24539
G0 F9000 X109.582 Y59.785
G0 X109.582 Y55.702
G0 X109.812 Y55.702
G1 F3000 X109.172 Y55.061 E2254.27552
G0 F9000 X109.402 Y55.061
G0 X109.402 Y53.744
G0 X109.172 Y53.744
G1 F3000 X109.811 Y53.573 E2254.29752
G1 F2700 E2249.29752
;MESH:NONMESH
G0 F300 X109.811 Y53.573 Z3.4
G0 F9000 X109.582 Y53.573
G0 X108.916 Y182.076
G0 X108.916 Y183.165
G0 X108.345 Y184.153
G0 X104 Y184.165
G0 X104 Y183.3
;TIME_ELAPSED:3457.730174
;LAYER:16
;TYPE:SUPPORT
G1 F2700 E2254.29752
G1 F1500 X102.381 Y183.3 E2254.35137
G1 X102.381 Y51.7 E2258.7284
G1 X104 Y51.7 E2258.78225
G1 X104 Y183.3 E2263.15928
G1 F2700 E2258.15928
G0 F9000 X104 Y184.165
G0 X101.528 Y184.153
G0 X101.528 Y50.847
G0 X104 Y50.835
G0 X104 Y51.7
G1 F2700 E2263.15928
G1 F1500 X106 Y51.7 E2263.2258
G1 X106 Y183.3 E2267.60284
G1 X107.377 Y183.3 E2267.64863
G1 X107.377 Y51.7 E2272.02567
G1 X106 Y51.7 E2272.07147
G1 F2700 E2267.07147
G0 F9000 X106 Y50.835
G0 X108.23 Y50.847
G0 X111.03 Y51.847
G0 X123.97 Y183.153
G0 X126.769 Y184.153
G0 X128 Y184.165
G0 X128 Y183.3
G1 F2700 E2272.07147
G1 F1500 X128 Y51.7 E2276.4485
G1 X130 Y51.7 E2276.51502
G1 X130 Y183.3 E2280.89206
G1 X132 Y183.3 E2280.95858
G1 X132 Y51.7 E2285.33561
G1 X132.618 Y51.7 E2285.35616
G1 X132.618 Y183.3 E2289.7332
G1 X132 Y183.3 E2289.75375
G1 F2700 E2284.75375
;MESH:btncover.stl
G0 F9000 X132 Y184.165
G0 X126.769 Y184.153
G0 X126.198 Y183.165
G0 X126.198 Y182.076
G0 X125.503 Y181.62
G0 X125.22 Y181.9
;TYPE:WALL-INNER
G1 F2700 E2289.75375
G1 F1500 X126.02 Y181.9 E2289.78036
G1 X126.02 Y53.1 E2294.06427
G1 X125.22 Y53.1 E2294.09087
G1 X125.22 Y181.9 E2298.37478
G0 F9000 X124.82 Y182.3
;TYPE:WALL-OUTER
G1 F1500 X126.42 Y182.3 E2298.428
G1 X126.42 Y52.7 E2302.73851
G1 X124.82 Y52.7 E2302.79173
G1 X124.82 Y182.3 E2307.10224
G0 F9000 X125.103 Y182.02
G0 X125.533 Y181.297
G0 X125.3 Y181.297
;TYPE:FILL
G1 F3000 X125.823 Y181.82 E2307.12684
G0 F9000 X125.742 Y181.62
G0 X125.533 Y180.015
G0 X125.301 Y180.015
G1 F3000 X125.939 Y179.844 E2307.14881
G0 F9000 X125.712 Y179.844
G0 X125.533 Y173.803
G0 X125.301 Y173.803
G1 F3000 X125.94 Y173.632 E2307.17081
G1 X125.94 Y173.452
G1 X125.3 Y172.812 E2307.20091
G0 F9000 X125.3 Y171.828
G1 F3000 X125.94 Y169.441 E2307.28311
G0 F9000 X125.712 Y169.441
G0 X125.533 Y167.591
G0 X125.3 Y167.591
G1 F3000 X125.939 Y167.42 E2307.30511
G0 F9000 X125.712 Y167.42
G0 X125.712 Y164.967
G0 X125.94 Y164.967
G1 F3000 X125.3 Y164.327 E2307.33521
G0 F9000 X125.533 Y164.327
G0 X125.533 Y161.38
G0 X125.301 Y161.38
G1 F3000 X125.939 Y161.209 E2307.35718
G0 F9000 X125.712 Y161.209
G0 X125.712 Y156.481
G0 X125.94 Y156.481
G1 F3000 X125.3 Y155.841 E2307.38729
G0 F9000 X125.301 Y155.168
G1 F3000 X125.939 Y154.997 E2307.40926
G0 F9000 X125.712 Y154.997
G0 X125.533 Y148.956
G0 X125.3 Y148.956
G1 F3000 X125.94 Y148.785 E2307.43129
G0 F9000 X125.3 Y148.646
G1 F3000 X125.94 Y146.258 E2307.51352
G0 F9000 X125.712 Y146.258
G0 X125.533 Y147.356
G0 X125.3 Y147.356
G1 F3000 X125.94 Y147.996 E2307.54362
G0 F9000 X125.712 Y147.996
G0 X125.533 Y142.745
G0 X125.301 Y142.745
G1 F3000 X125.939 Y142.574 E2307.56559
G0 F9000 X125.712 Y142.574
G0 X125.712 Y139.511
G0 X125.94 Y139.511
G1 F3000 X125.3 Y138.871 E2307.59569
G0 F9000 X125.533 Y138.871
G0 X125.533 Y136.533
G0 X125.301 Y136.533
G1 F3000 X125.939 Y136.362 E2307.61766
G0 F9000 X125.712 Y136.362
G0 X125.712 Y131.025
G0 X125.94 Y131.025
G1 F3000 X125.3 Y130.386 E2307.64774
G1 X125.301 Y130.321
G1 X125.94 Y130.15 E2307.66974
G0 F9000 X125.712 Y130.15
G0 X125.533 Y125.463
G0 X125.3 Y125.463
G1 F3000 X125.94 Y123.075 E2307.75197
G0 F9000 X125.94 Y122.54
G1 F3000 X125.3 Y121.9 E2307.78208
G0 F9000 X125.533 Y121.9
G0 X125.712 Y123.938
G0 X125.94 Y123.938
G1 F3000 X125.3 Y124.11 E2307.80412
G0 F9000 X125.533 Y124.11
G0 X125.533 Y117.898
G0 X125.301 Y117.898
G1 F3000 X125.939 Y117.727 E2307.82609
G0 F9000 X125.712 Y117.727
G0 X125.712 Y114.055
G0 X125.94 Y114.055
G1 F3000 X125.3 Y113.415 E2307.85619
G0 F9000 X125.533 Y113.415
G0 X125.533 Y111.686
G0 X125.301 Y111.686
G1 F3000 X125.94 Y111.515 E2307.87819
G0 F9000 X125.712 Y111.515
G0 X125.712 Y105.57
G0 X125.94 Y105.57
G1 F3000 X125.3 Y104.93 E2307.90829
G0 F9000 X125.3 Y105.475
G1 F3000 X125.94 Y105.303 E2307.93034
G0 F9000 X125.712 Y105.303
G0 X125.533 Y102.28
G0 X125.3 Y102.28
G1 F3000 X125.94 Y99.893 E2308.01253
G0 F9000 X125.94 Y99.092
G1 F3000 X125.301 Y99.263 E2308.03453
G0 F9000 X125.533 Y99.263
G0 X125.712 Y97.084
G0 X125.94 Y97.084
G1 F3000 X125.3 Y96.444 E2308.06464
G0 F9000 X125.533 Y96.444
G0 X125.533 Y93.051
G0 X125.301 Y93.051
G1 F3000 X125.939 Y92.88 E2308.08661
G0 F9000 X125.712 Y92.88
G0 X125.712 Y88.599
G0 X125.94 Y88.599
G1 F3000 X125.3 Y87.959 E2308.11671
G0 F9000 X125.533 Y87.959
G0 X125.533 Y86.84
G0 X125.301 Y86.84
G1 F3000 X125.94 Y86.669 E2308.13871
G0 F9000 X125.712 Y86.669
G0 X125.533 Y80.628
G0 X125.301 Y80.628
G1 F3000 X125.94 Y80.457 E2308.16071
G0 F9000 X125.94 Y80.114
G1 F3000 X125.3 Y79.474 E2308.19082
G0 F9000 X125.3 Y79.098
G1 F3000 X125.94 Y76.711 E2308.27301
G0 F9000 X125.712 Y76.711
G0 X125.533 Y74.416
G0 X125.301 Y74.416
G1 F3000 X125.939 Y74.245 E2308.29498
G0 F9000 X125.712 Y74.245
G0 X125.712 Y71.629
G0 X125.94 Y71.629
G1 F3000 X125.3 Y70.989 E2308.32508
G0 F9000 X125.533 Y70.989
G0 X125.533 Y68.205
G0 X125.301 Y68.205
G1 F3000 X125.94 Y68.034 E2308.34709
G0 F9000 X125.712 Y68.034
G0 X125.712 Y63.143
G0 X125.94 Y63.143
G1 F3000 X125.3 Y62.503 E2308.37719
G0 F9000 X125.301 Y61.993
G1 F3000 X125.94 Y61.822 E2308.39919
G0 F9000 X125.712 Y61.822
G0 X125.533 Y55.915
G0 X125.301 Y55.915
G1 F3000 X125.94 Y53.528 E2308.48138
G0 F9000 X125.3 Y54.018
G1 F3000 X125.94 Y54.658 E2308.51148
G0 F9000 X125.94 Y55.61
G1 F3000 X125.301 Y55.781 E2308.53348
G1 F2700 E2303.53348
G0 F9000 X125.533 Y55.781
G0 X125.053 Y181.62
G0 X123.958 Y181.62
G0 X111.042 Y181.62
G0 X109.947 Y181.62
G0 X109.497 Y181.62
G0 X109.776 Y181.9
;TYPE:WALL-INNER
G1 F2700 E2308.53348
G1 F1500 X109.776 Y53.1 E2312.81739
G1 X108.976 Y53.1 E2312.844
G1 X108.976 Y181.9 E2317.1279
G1 X109.776 Y181.9 E2317.15451
G0 F9000 X110.176 Y182.3
;TYPE:WALL-OUTER
G1 F1500 X110.176 Y52.7 E2321.46502
G1 X108.576 Y52.7 E2321.51824
G1 X108.576 Y182.3 E2325.82875
G1 X110.176 Y182.3 E2325.88197
G0 F9000 X109.897 Y182.02
G0 X109.287 Y178.155
G0 X109.057 Y178.155
;TYPE:FILL
G1 F3000 X109.696 Y177.984 E2325.90397
G0 F9000 X109.467 Y177.984
G0 X109.467 Y174.179
G0 X109.696 Y174.179
G1 F3000 X109.056 Y173.538 E2325.9341
G0 F9000 X109.287 Y173.538
G0 X109.287 Y171.944
G0 X109.056 Y171.944
G1 F3000 X109.696 Y171.773 E2325.95613
G0 F9000 X109.467 Y171.773
G0 X109.287 Y165.732
G0 X109.057 Y165.732
G1 F3000 X109.696 Y165.561 E2325.97813
G1 X109.696 Y165.694
G1 X109.056 Y165.053 E2326.00826
G0 F9000 X109.287 Y165.053
G0 X109.287 Y162.907
G0 X109.056 Y162.907
G1 F3000 X109.696 Y160.516 E2326.09058
G0 F9000 X109.467 Y160.516
G0 X109.467 Y159.349
G0 X109.695 Y159.349
G1 F3000 X109.057 Y159.521 E2326.11256
G0 F9000 X109.287 Y159.521
G0 X109.467 Y157.208
G0 X109.696 Y157.208
G1 F3000 X109.056 Y156.568 E2326.14266
G0 F9000 X109.287 Y156.568
G0 X109.287 Y153.309
G0 X109.056 Y153.309
G1 F3000 X109.696 Y153.138 E2326.1647
G0 F9000 X109.467 Y153.138
G0 X109.467 Y148.723
G0 X109.696 Y148.723
G1 F3000 X109.056 Y148.082 E2326.19482
G0 F9000 X109.057 Y147.097
G1 F3000 X109.696 Y146.926 E2326.21683
G0 F9000 X109.467 Y146.926
G0 X109.287 Y140.886
G0 X109.057 Y140.886
G1 F3000 X109.695 Y140.714 E2326.2388
G0 F9000 X109.696 Y140.238
G1 F3000 X109.056 Y139.597 E2326.26893
G1 X109.056 Y139.724
G1 X109.696 Y137.335 E2326.35119
G0 F9000 X109.467 Y137.335
G0 X109.287 Y134.674
G0 X109.057 Y134.674
G1 F3000 X109.696 Y134.503 E2326.37319
G0 F9000 X109.467 Y134.503
G0 X109.467 Y131.752
G0 X109.696 Y131.752
G1 F3000 X109.056 Y131.112 E2326.4033
G0 F9000 X109.287 Y131.112
G0 X109.287 Y128.462
G0 X109.057 Y128.462
G1 F3000 X109.696 Y128.291 E2326.4253
G0 F9000 X109.467 Y128.291
G0 X109.467 Y123.267
G0 X109.696 Y123.267
G1 F3000 X109.056 Y122.626 E2326.45542
G0 F9000 X109.057 Y122.251
G1 F3000 X109.695 Y122.08 E2326.47739
G0 F9000 X109.467 Y122.08
G0 X109.287 Y116.541
G0 X109.056 Y116.541
G1 F3000 X109.696 Y114.153 E2326.55962
G0 F9000 X109.696 Y114.782
G1 F3000 X109.056 Y114.141 E2326.58975
G0 F9000 X109.287 Y114.141
G0 X109.467 Y115.868
G0 X109.696 Y115.868
G1 F3000 X109.057 Y116.039 E2326.61175
G0 F9000 X109.287 Y116.039
G0 X109.287 Y109.827
G0 X109.056 Y109.827
G1 F3000 X109.696 Y109.656 E2326.63378
G0 F9000 X109.467 Y109.656
G0 X109.467 Y106.297
G0 X109.696 Y106.297
G1 F3000 X109.056 Y105.656 E2326.66391
G0 F9000 X109.287 Y105.656
G0 X109.287 Y103.616
G0 X109.057 Y103.616
G1 F3000 X109.695 Y103.445 E2326.68588
G0 F9000 X109.467 Y103.445
G0 X109.467 Y97.811
G0 X109.696 Y97.811
G1 F3000 X109.056 Y97.171 E2326.71598
G0 F9000 X109.057 Y97.404
G1 F3000 X109.695 Y97.233 E2326.73795
G0 F9000 X109.467 Y97.233
G0 X109.287 Y93.359
G0 X109.056 Y93.359
G1 F3000 X109.696 Y90.971 E2326.82018
G1 X109.696 Y91.021
G1 X109.056 Y91.192 E2326.84221
G0 F9000 X109.287 Y91.192
G0 X109.467 Y89.326
G0 X109.696 Y89.326
G1 F3000 X109.056 Y88.685 E2326.87234
G0 F9000 X109.287 Y88.685
G0 X109.287 Y84.981
G0 X109.057 Y84.981
G1 F3000 X109.695 Y84.81 E2326.89431
G0 F9000 X109.467 Y84.81
G0 X109.467 Y80.841
G0 X109.696 Y80.841
G1 F3000 X109.056 Y80.2 E2326.92444
G0 F9000 X109.287 Y80.2
G0 X109.287 Y78.769
G0 X109.057 Y78.769
G1 F3000 X109.695 Y78.598 E2326.9464
G0 F9000 X109.467 Y78.598
G0 X109.287 Y72.557
G0 X109.056 Y72.557
G1 F3000 X109.696 Y72.386 E2326.96844
G1 X109.696 Y72.355
G1 X109.056 Y71.715 E2326.99854
G0 F9000 X109.287 Y71.715
G0 X109.287 Y70.176
G0 X109.056 Y70.176
G1 F3000 X109.696 Y67.789 E2327.08074
G0 F9000 X109.467 Y67.789
G0 X109.287 Y66.346
G0 X109.057 Y66.346
G1 F3000 X109.695 Y66.175 E2327.10271
G0 F9000 X109.467 Y66.175
G0 X109.467 Y63.87
G0 X109.696 Y63.87
G1 F3000 X109.056 Y63.229 E2327.13283
G0 F9000 X109.287 Y63.229
G0 X109.287 Y60.134
G0 X109.057 Y60.134
G1 F3000 X109.695 Y59.963 E2327.1548
G0 F9000 X109.467 Y59.963
G0 X109.467 Y55.385
G0 X109.696 Y55.385
G1 F3000 X109.056 Y54.744 E2327.18493
G0 F9000 X109.056 Y53.923
G1 F3000 X109.696 Y53.751 E2327.20697
G1 F2700 E2322.20697
;MESH:NONMESH
G0 F300 X109.696 Y53.751 Z3.6
G0 F9000 X109.467 Y53.751
G0 X108.801 Y182.076
G0 X108.801 Y183.165
G0 X108.23 Y184.153
G0 X104 Y184.165
G0 X104 Y183.3
;TIME_ELAPSED:3569.327699
;LAYER:17
;TYPE:SUPPORT
G1 F2700 E2327.20697
G1 F1500 X102.381 Y183.3 E2327.26082
G1 X102.381 Y51.7 E2331.63785
G1 X104 Y51.7 E2331.6917
G1 X104 Y183.3 E2336.06874
G1 F2700 E2331.06874
G0 F9000 X104 Y184.165
G0 X101.528 Y184.153
G0 X101.528 Y50.847
G0 X104 Y50.835
G0 X104 Y51.7
G1 F2700 E2336.06874
G1 F1500 X106 Y51.7 E2336.13526
G1 X106 Y183.3 E2340.51229
G1 X107.261 Y183.3 E2340.55423
G1 X107.261 Y51.7 E2344.93126
G1 X106 Y51.7 E2344.97321
G1 F2700 E2339.97321
G0 F9000 X106 Y50.835
G0 X108.114 Y50.847
G0 X110.914 Y51.847
G0 X124.086 Y183.153
G0 X126.885 Y183.153
G0 X128 Y183.3
G1 F2700 E2344.97321
G1 F1500 X128 Y51.7 E2349.35024
G1 X130 Y51.7 E2349.41676
G1 X130 Y183.3 E2353.79379
G1 X132 Y183.3 E2353.86031
G1 X132 Y51.7 E2358.23735
G1 X132.618 Y51.7 E2358.2579
G1 X132.618 Y183.3 E2362.63494
G1 X132 Y183.3 E2362.65549
G1 F2700 E2357.65549
;MESH:btncover.stl
G0 F9000 X132 Y184.165
G0 X126.885 Y184.153
G0 X126.314 Y183.165
G0 X126.314 Y182.076
G0 X125.619 Y181.62
G0 X125.336 Y181.9
;TYPE:WALL-INNER
G1 F2700 E2362.65549
G1 F1500 X126.136 Y181.9 E2362.6821
G1 X126.136 Y53.1 E2366.966
G1 X125.336 Y53.1 E2366.99261
G1 X125.336 Y181.9 E2371.27652
G0 F9000 X124.936 Y182.3
;TYPE:WALL-OUTER
G1 F1500 X126.536 Y182.3 E2371.32973
G1 X126.536 Y52.7 E2375.64025
G1 X124.936 Y52.7 E2375.69346
G1 X124.936 Y182.3 E2380.00398
G0 F9000 X125.219 Y182.02
G0 X125.649 Y181.214
G0 X125.416 Y181.214
;TYPE:FILL
G1 F3000 X126.022 Y181.82 E2380.03248
G0 F9000 X125.858 Y181.62
G0 X125.649 Y180.13
G0 X125.416 Y180.13
G1 F3000 X126.055 Y179.959 E2380.05448
G0 F9000 X125.828 Y179.959
G0 X125.649 Y173.918
G0 X125.417 Y173.918
G1 F3000 X126.055 Y173.747 E2380.07645
G0 F9000 X126.056 Y173.368
G1 F3000 X125.416 Y172.729 E2380.10653
G0 F9000 X125.649 Y172.729
G0 X125.649 Y170.851
G0 X125.416 Y170.851
G1 F3000 X126.056 Y168.464 E2380.18873
G0 F9000 X126.055 Y167.535
G1 F3000 X125.416 Y167.706 E2380.21073
G0 F9000 X125.649 Y167.706
G0 X125.828 Y164.883
G0 X126.056 Y164.883
G1 F3000 X125.416 Y164.243 E2380.24083
G0 F9000 X125.649 Y164.243
G0 X125.649 Y161.495
G0 X125.416 Y161.495
G1 F3000 X126.055 Y161.324 E2380.26283
G0 F9000 X125.828 Y161.324
G0 X125.828 Y156.398
G0 X126.056 Y156.398
G1 F3000 X125.416 Y155.758 E2380.29294
G0 F9000 X125.417 Y155.283
G1 F3000 X126.055 Y155.112 E2380.31491
G0 F9000 X125.828 Y155.112
G0 X125.649 Y149.071
G0 X125.417 Y149.071
G1 F3000 X126.055 Y148.9 E2380.33687
G0 F9000 X126.056 Y147.913
G1 F3000 X125.416 Y147.273 E2380.36698
G0 F9000 X125.416 Y147.668
G1 F3000 X126.056 Y145.281 E2380.44917
G0 F9000 X125.828 Y145.281
G0 X125.649 Y142.86
G0 X125.416 Y142.86
G1 F3000 X126.056 Y142.688 E2380.47122
G0 F9000 X125.828 Y142.688
G0 X125.828 Y139.427
G0 X126.056 Y139.427
G1 F3000 X125.416 Y138.787 E2380.50132
G0 F9000 X125.649 Y138.787
G0 X125.649 Y136.648
G0 X125.417 Y136.648
G1 F3000 X126.055 Y136.477 E2380.52329
G0 F9000 X125.828 Y136.477
G0 X125.828 Y130.942
G0 X126.056 Y130.942
G1 F3000 X125.416 Y130.302 E2380.55339
G1 X125.417 Y130.436
G1 X126.055 Y130.265 E2380.57536
G0 F9000 X125.828 Y130.265
G0 X125.649 Y124.486
G0 X125.416 Y124.486
G1 F3000 X126.056 Y122.098 E2380.65759
G0 F9000 X126.056 Y122.457
G1 F3000 X125.416 Y121.817 E2380.68769
G0 F9000 X125.649 Y121.817
G0 X125.828 Y124.053
G0 X126.056 Y124.053
G1 F3000 X125.417 Y124.224 E2380.70969
G0 F9000 X125.649 Y124.224
G0 X125.649 Y118.013
G0 X125.416 Y118.013
G1 F3000 X126.056 Y117.842 E2380.73173
G0 F9000 X125.828 Y117.842
G0 X125.828 Y113.971
G0 X126.056 Y113.971
G1 F3000 X125.416 Y113.332 E2380.76181
G0 F9000 X125.649 Y113.332
G0 X125.649 Y111.801
G0 X125.417 Y111.801
G1 F3000 X126.055 Y111.63 E2380.78378
G0 F9000 X125.828 Y111.63
G0 X125.649 Y105.59
G0 X125.417 Y105.59
G1 F3000 X126.056 Y105.418 E2380.80579
G1 X126.056 Y105.486
G1 X125.416 Y104.846 E2380.83589
G0 F9000 X125.649 Y104.846
G0 X125.649 Y101.303
G0 X125.416 Y101.303
G1 F3000 X126.056 Y98.916 E2380.91809
G0 F9000 X126.056 Y99.207
G1 F3000 X125.416 Y99.378 E2380.94012
G0 F9000 X125.649 Y99.378
G0 X125.828 Y97.001
G0 X126.056 Y97.001
G1 F3000 X125.416 Y96.361 E2380.97022
G0 F9000 X125.649 Y96.361
G0 X125.649 Y93.166
G0 X125.417 Y93.166
G1 F3000 X126.055 Y92.995 E2380.99219
G0 F9000 X125.828 Y92.995
G0 X125.828 Y88.516
G0 X126.056 Y88.516
G1 F3000 X125.416 Y87.876 E2381.0223
G0 F9000 X125.417 Y86.955
G1 F3000 X126.055 Y86.784 E2381.04426
G0 F9000 X125.828 Y86.784
G0 X125.649 Y80.743
G0 X125.417 Y80.743
G1 F3000 X126.056 Y80.572 E2381.06627
G0 F9000 X126.056 Y80.03
G1 F3000 X125.416 Y79.39 E2381.09637
G0 F9000 X125.649 Y79.39
G0 X125.649 Y78.12
G0 X125.417 Y78.12
G1 F3000 X126.056 Y75.733 E2381.17856
G0 F9000 X125.828 Y75.733
G0 X125.649 Y74.531
G0 X125.417 Y74.531
G1 F3000 X126.056 Y74.36 E2381.20056
G0 F9000 X125.828 Y74.36
G0 X125.828 Y71.545
G0 X126.056 Y71.545
G1 F3000 X125.416 Y70.905 E2381.23066
G0 F9000 X125.649 Y70.905
G0 X125.649 Y68.32
G0 X125.417 Y68.32
G1 F3000 X126.055 Y68.149 E2381.25263
G0 F9000 X125.828 Y68.149
G0 X125.828 Y63.06
G0 X126.056 Y63.06
G1 F3000 X125.416 Y62.42 E2381.28273
G0 F9000 X125.417 Y62.108
G1 F3000 X126.056 Y61.937 E2381.30473
G0 F9000 X125.828 Y61.937
G0 X125.649 Y55.896
G0 X125.417 Y55.896
G1 F3000 X126.056 Y55.725 E2381.32674
G0 F9000 X125.828 Y55.725
G0 X125.649 Y54.938
G0 X125.416 Y54.938
G1 F3000 X125.888 Y53.179 E2381.38731
G0 F9000 X125.416 Y53.935
G1 F3000 X126.056 Y54.575 E2381.41741
G1 F2700 E2376.41741
G0 F9000 X125.828 Y54.575
G0 X125.169 Y181.62
G0 X124.074 Y181.62
G0 X110.926 Y181.62
G0 X109.831 Y181.62
G0 X109.381 Y181.62
G0 X109.66 Y181.9
;TYPE:WALL-INNER
G1 F2700 E2381.41741
G1 F1500 X109.66 Y53.1 E2385.70132
G1 X108.86 Y53.1 E2385.72793
G1 X108.86 Y181.9 E2390.01183
G1 X109.66 Y181.9 E2390.03844
G0 F9000 X110.06 Y182.3
;TYPE:WALL-OUTER
G1 F1500 X110.06 Y52.7 E2394.34895
G1 X108.46 Y52.7 E2394.40217
G1 X108.46 Y182.3 E2398.71268
G1 X110.06 Y182.3 E2398.7659
G0 F9000 X109.781 Y182.02
G0 X109.141 Y181.62
G0 X109.051 Y181.82
;TYPE:FILL
G1 F3000 X108.94 Y181.708 E2398.77114
G0 F9000 X109.141 Y181.62
G0 X109.171 Y178.333
G0 X108.94 Y178.333
G1 F3000 X109.579 Y178.161 E2398.79315
G0 F9000 X109.351 Y178.161
G0 X109.351 Y173.863
G0 X109.58 Y173.863
G1 F3000 X108.94 Y173.223 E2398.82326
G0 F9000 X109.171 Y173.223
G0 X109.171 Y172.121
G0 X108.94 Y172.121
G1 F3000 X109.58 Y171.95 E2398.84529
G0 F9000 X109.351 Y171.95
G0 X109.171 Y165.91
G0 X108.94 Y165.91
G1 F3000 X109.58 Y165.738 E2398.86733
G0 F9000 X109.58 Y165.378
G1 F3000 X108.94 Y164.737 E2398.89746
G0 F9000 X109.171 Y164.737
G0 X109.171 Y162.795
G0 X108.94 Y162.795
G1 F3000 X109.58 Y160.404 E2398.97978
G0 F9000 X109.579 Y159.527
G1 F3000 X108.94 Y159.698 E2399.00179
G0 F9000 X109.171 Y159.698
G0 X109.351 Y156.893
G0 X109.58 Y156.893
G1 F3000 X108.94 Y156.252 E2399.03191
G0 F9000 X109.171 Y156.252
G0 X109.171 Y153.486
G0 X108.94 Y153.486
G1 F3000 X109.58 Y153.315 E2399.05395
G0 F9000 X109.351 Y153.315
G0 X109.351 Y148.408
G0 X109.58 Y148.408
G1 F3000 X108.94 Y147.767 E2399.08407
G0 F9000 X108.94 Y147.274
G1 F3000 X109.58 Y147.103 E2399.10611
G0 F9000 X109.351 Y147.103
G0 X109.171 Y141.063
G0 X108.94 Y141.063
G1 F3000 X109.579 Y140.892 E2399.12811
G0 F9000 X109.58 Y139.922
G1 F3000 X108.94 Y139.282 E2399.15821
G0 F9000 X108.94 Y139.612
G1 F3000 X109.58 Y137.222 E2399.2405
G0 F9000 X109.351 Y137.222
G0 X109.171 Y134.851
G0 X108.94 Y134.851
G1 F3000 X109.58 Y134.68 E2399.26254
G0 F9000 X109.351 Y134.68
G0 X109.351 Y131.437
G0 X109.58 Y131.437
G1 F3000 X108.94 Y130.796 E2399.29266
G0 F9000 X109.171 Y130.796
G0 X109.171 Y128.639
G0 X108.94 Y128.639
G1 F3000 X109.58 Y128.468 E2399.3147
G0 F9000 X109.351 Y128.468
G0 X109.351 Y122.952
G0 X109.58 Y122.952
G1 F3000 X108.94 Y122.311 E2399.34482
G1 X108.941 Y122.428
G1 X109.579 Y122.257 E2399.36679
G0 F9000 X109.351 Y122.257
G0 X109.171 Y116.429
G0 X108.94 Y116.429
G1 F3000 X109.58 Y114.041 E2399.44902
G0 F9000 X109.58 Y114.466
G1 F3000 X108.94 Y113.826 E2399.47913
G0 F9000 X109.171 Y113.826
G0 X109.351 Y116.045
G0 X109.579 Y116.045
G1 F3000 X108.94 Y116.216 E2399.50113
G0 F9000 X109.171 Y116.216
G0 X109.171 Y110.004
G0 X108.94 Y110.004
G1 F3000 X109.58 Y109.833 E2399.52316
G0 F9000 X109.351 Y109.833
G0 X109.351 Y105.981
G0 X109.58 Y105.981
G1 F3000 X108.94 Y105.341 E2399.55326
G0 F9000 X109.171 Y105.341
G0 X109.171 Y103.793
G0 X108.941 Y103.793
G1 F3000 X109.579 Y103.622 E2399.57523
G0 F9000 X109.351 Y103.622
G0 X109.171 Y97.581
G0 X108.94 Y97.581
G1 F3000 X109.579 Y97.41 E2399.59723
G1 X109.58 Y97.496
G1 X108.94 Y96.855 E2399.62736
G0 F9000 X109.171 Y96.855
G0 X109.171 Y93.247
G0 X108.94 Y93.247
G1 F3000 X109.58 Y90.859 E2399.70959
G0 F9000 X109.58 Y91.198
G1 F3000 X108.94 Y91.37 E2399.73163
G0 F9000 X109.171 Y91.37
G0 X109.351 Y89.011
G0 X109.58 Y89.011
G1 F3000 X108.94 Y88.37 E2399.76176
G0 F9000 X109.171 Y88.37
G0 X109.171 Y85.158
G0 X108.941 Y85.158
G1 F3000 X109.579 Y84.987 E2399.78373
G0 F9000 X109.351 Y84.987
G0 X109.351 Y80.525
G0 X109.58 Y80.525
G1 F3000 X108.94 Y79.885 E2399.81383
G0 F9000 X108.941 Y78.946
G1 F3000 X109.579 Y78.775 E2399.8358
G0 F9000 X109.351 Y78.775
G0 X109.171 Y72.735
G0 X108.94 Y72.735
G1 F3000 X109.58 Y72.563 E2399.85784
G0 F9000 X109.58 Y72.04
G1 F3000 X108.94 Y71.399 E2399.88797
G0 F9000 X109.171 Y71.399
G0 X109.171 Y70.064
G0 X108.94 Y70.064
G1 F3000 X109.58 Y67.677 E2399.97016
G0 F9000 X109.351 Y67.677
G0 X109.171 Y66.523
G0 X108.94 Y66.523
G1 F3000 X109.579 Y66.352 E2399.99217
G0 F9000 X109.351 Y66.352
G0 X109.351 Y63.555
G0 X109.58 Y63.555
G1 F3000 X108.94 Y62.914 E2400.02229
G0 F9000 X109.171 Y62.914
G0 X109.171 Y60.311
G0 X108.941 Y60.311
G1 F3000 X109.579 Y60.14 E2400.04426
G0 F9000 X109.351 Y60.14
G0 X109.351 Y55.069
G0 X109.58 Y55.069
G1 F3000 X108.94 Y54.429 E2400.07436
G0 F9000 X108.941 Y54.099
G1 F3000 X109.58 Y53.928 E2400.09637
G1 F2700 E2395.09637
;MESH:NONMESH
G0 F300 X109.58 Y53.928 Z3.8
G0 F9000 X109.351 Y53.928
G0 X108.685 Y182.076
G0 X108.685 Y183.165
G0 X108.114 Y184.153
G0 X104 Y184.165
G0 X104 Y183.3
;TIME_ELAPSED:3680.834263
;LAYER:18
;TYPE:SUPPORT
G1 F2700 E2400.09637
G1 F1500 X102.381 Y183.3 E2400.15021
G1 X102.381 Y51.7 E2404.52725
G1 X104 Y51.7 E2404.5811
G1 X104 Y183.3 E2408.95813
G1 F2700 E2403.95813
G0 F9000 X104 Y184.165
G0 X101.528 Y184.153
G0 X101.528 Y50.847
G0 X104 Y50.835
G0 X104 Y51.7
G1 F2700 E2408.95813
G1 F1500 X106 Y51.7 E2409.02465
G1 X106 Y183.3 E2413.40168
G1 X107.146 Y183.3 E2413.4398
G1 X107.146 Y51.7 E2417.81683
G1 X106 Y51.7 E2417.85495
G1 F2700 E2412.85495
G0 F9000 X106 Y50.835
G0 X107.999 Y50.847
G0 X110.799 Y51.847
G0 X124.201 Y183.153
G0 X127 Y183.153
G0 X128 Y183.3
G1 F2700 E2417.85495
G1 F1500 X128 Y51.7 E2422.23198
G1 X130 Y51.7 E2422.2985
G1 X130 Y183.3 E2426.67554
G1 X132 Y183.3 E2426.74206
G1 X132 Y51.7 E2431.11909
G1 X132.618 Y51.7 E2431.13965
G1 X132.618 Y183.3 E2435.51668
G1 X132 Y183.3 E2435.53724
G1 F2700 E2430.53724
;MESH:btncover.stl
G0 F9000 X132 Y184.165
G0 X127 Y184.153
G0 X126.429 Y183.165
G0 X126.429 Y182.076
G0 X125.734 Y181.62
G0 X125.452 Y181.9
;TYPE:WALL-INNER
G1 F2700 E2435.53724
G1 F1500 X126.252 Y181.9 E2435.56384
G1 X126.252 Y53.1 E2439.84775
G1 X125.452 Y53.1 E2439.87436
G1 X125.452 Y181.9 E2444.15826
G0 F9000 X125.052 Y182.3
;TYPE:WALL-OUTER
G1 F1500 X126.652 Y182.3 E2444.21148
G1 X126.652 Y52.7 E2448.52199
G1 X125.052 Y52.7 E2448.57521
G1 X125.052 Y182.3 E2452.88572
G0 F9000 X125.334 Y182.02
G0 X125.973 Y181.62
G0 X126.172 Y181.769
;TYPE:FILL
G1 F3000 X125.532 Y181.129 E2452.91583
G0 F9000 X125.532 Y180.246
G1 F3000 X126.171 Y180.074 E2452.93783
G0 F9000 X125.943 Y180.074
G0 X125.764 Y174.034
G0 X125.533 Y174.034
G1 F3000 X126.171 Y173.863 E2452.9598
G0 F9000 X126.172 Y173.284
G1 F3000 X125.532 Y172.644 E2452.98991
G0 F9000 X125.764 Y172.644
G0 X125.764 Y169.869
G0 X125.532 Y169.869
G1 F3000 X126.172 Y167.482 E2453.0721
G1 X126.171 Y167.651
G1 X125.532 Y167.822 E2453.0941
G0 F9000 X125.764 Y167.822
G0 X125.943 Y164.798
G0 X126.172 Y164.798
G1 F3000 X125.532 Y164.158 E2453.12421
G0 F9000 X125.764 Y164.158
G0 X125.764 Y161.611
G0 X125.532 Y161.611
G1 F3000 X126.171 Y161.44 E2453.14621
G0 F9000 X125.943 Y161.44
G0 X125.943 Y156.313
G0 X126.172 Y156.313
G1 F3000 X125.532 Y155.673 E2453.17631
G0 F9000 X125.533 Y155.399
G1 F3000 X126.171 Y155.228 E2453.19828
G0 F9000 X125.943 Y155.228
G0 X125.764 Y149.187
G0 X125.533 Y149.187
G1 F3000 X126.171 Y149.016 E2453.22025
G0 F9000 X125.943 Y149.016
G0 X125.943 Y147.828
G0 X126.172 Y147.828
G1 F3000 X125.532 Y147.188 E2453.25035
G0 F9000 X125.532 Y146.686
G1 F3000 X126.172 Y144.3 E2453.33252
G0 F9000 X125.943 Y144.3
G0 X125.764 Y142.976
G0 X125.532 Y142.976
G1 F3000 X126.172 Y142.804 E2453.35456
G0 F9000 X125.943 Y142.804
G0 X125.943 Y139.342
G0 X126.172 Y139.342
G1 F3000 X125.532 Y138.703 E2453.38464
G0 F9000 X125.764 Y138.703
G0 X125.764 Y136.764
G0 X125.533 Y136.764
G1 F3000 X126.171 Y136.593 E2453.40661
G0 F9000 X125.943 Y136.593
G0 X125.943 Y130.857
G0 X126.172 Y130.857
G1 F3000 X125.532 Y130.217 E2453.43671
G0 F9000 X125.533 Y130.552
G1 F3000 X126.171 Y130.381 E2453.45868
G0 F9000 X125.943 Y130.381
G0 X125.764 Y124.34
G0 X125.533 Y124.34
G1 F3000 X126.172 Y124.169 E2453.48068
G0 F9000 X125.532 Y123.504
G1 F3000 X126.172 Y121.117 E2453.56288
G0 F9000 X125.532 Y121.732
G1 F3000 X126.172 Y122.372 E2453.59298
G0 F9000 X125.943 Y122.372
G0 X125.764 Y118.129
G0 X125.532 Y118.129
G1 F3000 X126.172 Y117.958 E2453.61502
G0 F9000 X125.943 Y117.958
G0 X125.943 Y113.887
G0 X126.172 Y113.887
G1 F3000 X125.532 Y113.247 E2453.64512
G0 F9000 X125.764 Y113.247
G0 X125.764 Y111.917
G0 X125.533 Y111.917
G1 F3000 X126.171 Y111.746 E2453.66709
G0 F9000 X125.943 Y111.746
G0 X125.764 Y105.705
G0 X125.533 Y105.705
G1 F3000 X126.172 Y105.534 E2453.68909
G1 X126.172 Y105.401
G1 X125.532 Y104.761 E2453.71919
G0 F9000 X125.764 Y104.761
G0 X125.764 Y100.322
G0 X125.532 Y100.322
G1 F3000 X126.172 Y97.935 E2453.80139
G0 F9000 X125.943 Y97.935
G0 X125.943 Y96.916
G0 X126.172 Y96.916
G1 F3000 X125.532 Y96.276 E2453.83149
G0 F9000 X125.764 Y96.276
G0 X125.764 Y93.282
G0 X125.533 Y93.282
G1 F3000 X126.171 Y93.111 E2453.85346
G0 F9000 X125.943 Y93.111
G0 X125.943 Y88.431
G0 X126.172 Y88.431
G1 F3000 X125.532 Y87.791 E2453.88357
G0 F9000 X125.533 Y87.071
G1 F3000 X126.171 Y86.899 E2453.90554
G0 F9000 X125.943 Y86.899
G0 X125.764 Y80.859
G0 X125.533 Y80.859
G1 F3000 X126.172 Y80.688 E2453.92754
G0 F9000 X126.172 Y79.945
G1 F3000 X125.532 Y79.306 E2453.95762
G0 F9000 X125.764 Y79.306
G0 X125.764 Y77.139
G0 X125.532 Y77.139
G1 F3000 X126.172 Y74.752 E2454.03982
G0 F9000 X126.172 Y74.476
G1 F3000 X125.533 Y74.647 E2454.06182
G0 F9000 X125.764 Y74.647
G0 X125.943 Y71.46
G0 X126.172 Y71.46
G1 F3000 X125.532 Y70.82 E2454.09192
G0 F9000 X125.764 Y70.82
G0 X125.764 Y68.436
G0 X125.533 Y68.436
G1 F3000 X126.171 Y68.265 E2454.11389
G0 F9000 X125.943 Y68.265
G0 X125.943 Y62.975
G0 X126.172 Y62.975
G1 F3000 X125.532 Y62.335 E2454.144
G1 X125.533 Y62.224
G1 X126.172 Y62.053 E2454.166
G0 F9000 X125.943 Y62.053
G0 X125.764 Y56.012
G0 X125.532 Y56.012
G1 F3000 X126.172 Y55.841 E2454.18803
G0 F9000 X125.943 Y55.841
G0 X125.943 Y54.49
G0 X126.172 Y54.49
G1 F3000 X125.532 Y53.85 E2454.21814
G1 X125.532 Y53.957
G1 X125.74 Y53.18 E2454.24489
G1 F2700 E2449.24489
G0 F9000 X125.74 Y53.41
G0 X125.943 Y99.323
G0 X126.172 Y99.323
G1 F2700 E2454.24489
G1 F3000 X125.532 Y99.494 E2454.26692
G1 F2700 E2449.26692
G0 F9000 X125.764 Y99.494
G0 X125.284 Y181.62
G0 X124.189 Y181.62
G0 X110.811 Y181.62
G0 X109.716 Y181.62
G0 X109.266 Y181.62
G0 X109.544 Y181.9
;TYPE:WALL-INNER
G1 F2700 E2454.26692
G1 F1500 X109.544 Y53.1 E2458.55083
G1 X108.744 Y53.1 E2458.57744
G1 X108.744 Y181.9 E2462.86134
G1 X109.544 Y181.9 E2462.88795
G0 F9000 X109.944 Y182.3
;TYPE:WALL-OUTER
G1 F1500 X109.944 Y52.7 E2467.19846
G1 X108.344 Y52.7 E2467.25168
G1 X108.344 Y182.3 E2471.56219
G1 X109.944 Y182.3 E2471.61541
G0 F9000 X109.252 Y181.82
;TYPE:FILL
G1 F3000 X108.824 Y181.391 E2471.63556
G0 F9000 X109.056 Y181.391
G0 X109.056 Y178.511
G0 X108.824 Y178.511
G1 F3000 X109.464 Y178.34 E2471.6576
G0 F9000 X109.236 Y178.34
G0 X109.236 Y173.547
G0 X109.464 Y173.547
G1 F3000 X108.824 Y172.906 E2471.68772
G0 F9000 X108.824 Y172.299
G1 F3000 X109.464 Y172.128 E2471.70976
G0 F9000 X109.236 Y172.128
G0 X109.056 Y166.088
G0 X108.824 Y166.088
G1 F3000 X109.464 Y165.916 E2471.7318
G0 F9000 X109.464 Y165.061
G1 F3000 X108.824 Y164.421 E2471.7619
G0 F9000 X109.056 Y164.421
G0 X109.056 Y162.679
G0 X108.824 Y162.679
G1 F3000 X109.464 Y160.288 E2471.84423
G0 F9000 X109.463 Y159.705
G1 F3000 X108.824 Y159.876 E2471.86623
G0 F9000 X109.056 Y159.876
G0 X109.236 Y156.576
G0 X109.464 Y156.576
G1 F3000 X108.824 Y155.935 E2471.89636
G0 F9000 X109.056 Y155.935
G0 X109.056 Y153.664
G0 X108.824 Y153.664
G1 F3000 X109.464 Y153.493 E2471.91839
G0 F9000 X109.236 Y153.493
G0 X109.236 Y148.091
G0 X109.464 Y148.091
G1 F3000 X108.824 Y147.45 E2471.94852
G1 X108.825 Y147.452
G1 X109.464 Y147.281 E2471.97052
G0 F9000 X109.236 Y147.281
G0 X109.056 Y141.241
G0 X108.824 Y141.241
G1 F3000 X109.463 Y141.07 E2471.99252
G0 F9000 X109.236 Y141.07
G0 X109.236 Y139.606
G0 X109.464 Y139.606
G1 F3000 X108.824 Y138.965 E2472.02265
G0 F9000 X108.824 Y139.496
G1 F3000 X109.464 Y137.106 E2472.10494
G0 F9000 X109.236 Y137.106
G0 X109.056 Y135.029
G0 X108.824 Y135.029
G1 F3000 X109.464 Y134.858 E2472.12697
G0 F9000 X109.236 Y134.858
G0 X109.236 Y131.12
G0 X109.464 Y131.12
G1 F3000 X108.824 Y130.48 E2472.15707
G0 F9000 X109.056 Y130.48
G0 X109.056 Y128.817
G0 X108.825 Y128.817
G1 F3000 X109.464 Y128.646 E2472.17908
G0 F9000 X109.236 Y128.646
G0 X109.236 Y122.635
G0 X109.464 Y122.635
G1 F3000 X108.824 Y121.994 E2472.2092
G0 F9000 X108.824 Y122.606
G1 F3000 X109.463 Y122.435 E2472.2312
G0 F9000 X109.236 Y122.435
G0 X109.056 Y116.394
G0 X108.824 Y116.394
G1 F3000 X109.464 Y116.223 E2472.25324
G0 F9000 X108.824 Y116.313
G1 F3000 X109.464 Y113.925 E2472.33547
G0 F9000 X109.464 Y114.15
G1 F3000 X108.824 Y113.509 E2472.36559
G0 F9000 X109.056 Y113.509
G0 X109.056 Y110.183
G0 X108.824 Y110.183
G1 F3000 X109.464 Y110.011 E2472.38763
G0 F9000 X109.236 Y110.011
G0 X109.236 Y105.664
G0 X109.464 Y105.664
G1 F3000 X108.824 Y105.024 E2472.41774
G0 F9000 X109.056 Y105.024
G0 X109.056 Y103.971
G0 X108.825 Y103.971
G1 F3000 X109.463 Y103.8 E2472.43971
G0 F9000 X109.236 Y103.8
G0 X109.056 Y97.759
G0 X108.824 Y97.759
G1 F3000 X109.464 Y97.588 E2472.46174
G0 F9000 X109.464 Y97.179
G1 F3000 X108.824 Y96.538 E2472.49187
G0 F9000 X109.056 Y96.538
G0 X109.056 Y93.131
G0 X108.824 Y93.131
G1 F3000 X109.464 Y90.743 E2472.5741
G0 F9000 X109.464 Y91.376
G1 F3000 X108.824 Y91.548 E2472.59614
G0 F9000 X109.056 Y91.548
G0 X109.236 Y88.694
G0 X109.464 Y88.694
G1 F3000 X108.824 Y88.053 E2472.62626
G0 F9000 X109.056 Y88.053
G0 X109.056 Y85.336
G0 X108.825 Y85.336
G1 F3000 X109.463 Y85.165 E2472.64823
G0 F9000 X109.236 Y85.165
G0 X109.236 Y80.209
G0 X109.464 Y80.209
G1 F3000 X108.824 Y79.568 E2472.67836
G0 F9000 X108.825 Y79.124
G1 F3000 X109.463 Y78.953 E2472.70033
G0 F9000 X109.236 Y78.953
G0 X109.056 Y72.913
G0 X108.824 Y72.913
G1 F3000 X109.464 Y72.741 E2472.72237
G0 F9000 X109.236 Y72.741
G0 X109.236 Y71.723
G0 X109.464 Y71.723
G1 F3000 X108.824 Y71.083 E2472.75247
G0 F9000 X109.056 Y71.083
G0 X109.056 Y69.948
G0 X108.824 Y69.948
G1 F3000 X109.464 Y67.561 E2472.83467
G0 F9000 X109.236 Y67.561
G0 X109.236 Y66.53
G0 X109.463 Y66.53
G1 F3000 X108.825 Y66.701 E2472.85664
G0 F9000 X109.056 Y66.701
G0 X109.236 Y63.238
G0 X109.464 Y63.238
G1 F3000 X108.824 Y62.597 E2472.88677
G0 F9000 X109.056 Y62.597
G0 X109.056 Y60.489
G0 X108.825 Y60.489
G1 F3000 X109.463 Y60.318 E2472.90874
G0 F9000 X109.236 Y60.318
G0 X109.236 Y54.753
G0 X109.464 Y54.753
G1 F3000 X108.824 Y54.112 E2472.93886
G1 X108.824 Y54.278
G1 X109.464 Y54.106 E2472.9609
G1 F2700 E2467.9609
;MESH:NONMESH
G0 F300 X109.464 Y54.106 Z4
G0 F9000 X109.236 Y54.106
G0 X108.57 Y182.076
G0 X108.57 Y183.165
G0 X107.999 Y184.153
G0 X104 Y184.165
G0 X104 Y183.3
;TIME_ELAPSED:3792.547686
;LAYER:19
;TYPE:SUPPORT
G1 F2700 E2472.9609
G1 F1500 X102.381 Y183.3 E2473.01475
G1 X102.381 Y51.7 E2477.39179
G1 X104 Y51.7 E2477.44563
G1 X104 Y183.3 E2481.82267
G1 F2700 E2476.82267
G0 F9000 X104 Y184.165
G0 X101.528 Y184.153
G0 X101.528 Y50.847
G0 X104 Y50.835
G0 X104 Y51.7
G1 F2700 E2481.82267
G1 F1500 X106 Y51.7 E2481.88919
G1 X106 Y183.3 E2486.26622
G1 X107.031 Y183.3 E2486.30051
G1 X107.031 Y51.7 E2490.67755
G1 X106 Y51.7 E2490.71184
G1 F2700 E2485.71184
G0 F9000 X106 Y50.835
G0 X107.884 Y50.847
G0 X110.684 Y51.847
G0 X124.316 Y183.153
G0 X127.115 Y183.153
G0 X128 Y183.3
G1 F2700 E2490.71184
G1 F1500 X128 Y51.7 E2495.08887
G1 X130 Y51.7 E2495.15539
G1 X130 Y183.3 E2499.53243
G1 X132 Y183.3 E2499.59895
G1 X132 Y51.7 E2503.97598
G1 X132.618 Y51.7 E2503.99654
G1 X132.618 Y183.3 E2508.37357
G1 X132 Y183.3 E2508.39412
G1 F2700 E2503.39412
;MESH:btncover.stl
G0 F9000 X132 Y184.165
G0 X127.115 Y184.153
G0 X126.544 Y183.165
G0 X126.544 Y182.076
G0 X125.849 Y181.62
G0 X125.568 Y181.9
;TYPE:WALL-INNER
G1 F2700 E2508.39412
G1 F1500 X126.368 Y181.9 E2508.42073
G1 X126.368 Y53.1 E2512.70464
G1 X125.568 Y53.1 E2512.73125
G1 X125.568 Y181.9 E2517.01515
G0 F9000 X125.168 Y182.3
;TYPE:WALL-OUTER
G1 F1500 X126.768 Y182.3 E2517.06837
G1 X126.768 Y52.7 E2521.37888
G1 X125.168 Y52.7 E2521.4321
G1 X125.168 Y182.3 E2525.74261
G0 F9000 X125.449 Y182.02
G0 X126.058 Y181.685
G0 X126.288 Y181.685
;TYPE:FILL
G1 F3000 X125.648 Y181.045 E2525.77271
G0 F9000 X125.648 Y180.361
G1 F3000 X126.288 Y180.189 E2525.79476
G0 F9000 X126.058 Y180.189
G0 X125.879 Y174.149
G0 X125.648 Y174.149
G1 F3000 X126.287 Y173.978 E2525.81676
G0 F9000 X126.288 Y173.2
G1 F3000 X125.648 Y172.56 E2525.84686
G0 F9000 X125.879 Y172.56
G0 X125.879 Y168.892
G0 X125.648 Y168.892
G1 F3000 X126.288 Y166.504 E2525.92909
G0 F9000 X126.058 Y166.504
G0 X126.058 Y167.766
G0 X126.287 Y167.766
G1 F3000 X125.649 Y167.937 E2525.95106
G0 F9000 X125.879 Y167.937
G0 X126.058 Y164.715
G0 X126.288 Y164.715
G1 F3000 X125.648 Y164.075 E2525.98116
G0 F9000 X125.879 Y164.075
G0 X125.879 Y161.726
G0 X125.648 Y161.726
G1 F3000 X126.287 Y161.554 E2526.00317
G0 F9000 X126.058 Y161.554
G0 X126.058 Y156.23
G0 X126.288 Y156.23
G1 F3000 X125.648 Y155.59 E2526.03327
G1 X125.648 Y155.514
G1 X126.287 Y155.343 E2526.05528
G0 F9000 X126.058 Y155.343
G0 X125.879 Y149.302
G0 X125.649 Y149.302
G1 F3000 X126.287 Y149.131 E2526.07724
G0 F9000 X126.058 Y149.131
G0 X126.058 Y147.744
G0 X126.288 Y147.744
G1 F3000 X125.648 Y147.104 E2526.10735
G0 F9000 X125.879 Y147.104
G0 X125.879 Y145.709
G0 X125.648 Y145.709
G1 F3000 X126.288 Y143.322 E2526.18954
G0 F9000 X126.287 Y142.919
G1 F3000 X125.649 Y143.09 E2526.21151
G0 F9000 X125.879 Y143.09
G0 X126.058 Y139.259
G0 X126.288 Y139.259
G1 F3000 X125.648 Y138.619 E2526.24162
G0 F9000 X125.879 Y138.619
G0 X125.879 Y136.879
G0 X125.648 Y136.879
G1 F3000 X126.288 Y136.708 E2526.26365
G0 F9000 X126.058 Y136.708
G0 X126.058 Y130.774
G0 X126.288 Y130.774
G1 F3000 X125.648 Y130.134 E2526.29375
G0 F9000 X125.649 Y130.667
G1 F3000 X126.287 Y130.496 E2526.31572
G0 F9000 X126.058 Y130.496
G0 X125.879 Y124.455
G0 X125.649 Y124.455
G1 F3000 X126.287 Y124.284 E2526.33769
G0 F9000 X126.058 Y124.284
G0 X125.879 Y122.526
G0 X125.648 Y122.526
G1 F3000 X126.288 Y120.139 E2526.41989
G0 F9000 X126.058 Y120.139
G0 X125.879 Y121.649
G0 X125.648 Y121.649
G1 F3000 X126.288 Y122.288 E2526.44997
G0 F9000 X126.058 Y122.288
G0 X125.879 Y118.244
G0 X125.648 Y118.244
G1 F3000 X126.288 Y118.073 E2526.472
G0 F9000 X126.058 Y118.073
G0 X126.058 Y113.803
G0 X126.288 Y113.803
G1 F3000 X125.648 Y113.163 E2526.5021
G0 F9000 X125.879 Y113.163
G0 X125.879 Y112.032
G0 X125.648 Y112.032
G1 F3000 X126.288 Y111.861 E2526.52414
G0 F9000 X126.058 Y111.861
G0 X125.879 Y105.82
G0 X125.649 Y105.82
G1 F3000 X126.287 Y105.649 E2526.54611
G0 F9000 X126.288 Y105.318
G1 F3000 X125.648 Y104.678 E2526.57621
G0 F9000 X125.879 Y104.678
G0 X125.879 Y99.609
G0 X125.649 Y99.609
G1 F3000 X126.287 Y99.438 E2526.59818
G0 F9000 X125.648 Y99.344
G1 F3000 X126.288 Y96.956 E2526.68041
G1 X126.288 Y96.833
G1 X125.648 Y96.193 E2526.71051
G0 F9000 X125.879 Y96.193
G0 X125.879 Y93.397
G0 X125.648 Y93.397
G1 F3000 X126.288 Y93.226 E2526.73254
G0 F9000 X126.058 Y93.226
G0 X126.058 Y88.347
G0 X126.288 Y88.347
G1 F3000 X125.648 Y87.707 E2526.76265
G0 F9000 X125.649 Y87.186
G1 F3000 X126.287 Y87.014 E2526.78463
G0 F9000 X126.058 Y87.014
G0 X125.879 Y80.974
G0 X125.649 Y80.974
G1 F3000 X126.287 Y80.803 E2526.80659
G0 F9000 X126.288 Y79.862
G1 F3000 X125.648 Y79.222 E2526.8367
G0 F9000 X125.879 Y79.222
G0 X125.879 Y76.161
G0 X125.648 Y76.161
G1 F3000 X126.288 Y73.775 E2526.91886
G0 F9000 X126.288 Y74.591
G1 F3000 X125.648 Y74.762 E2526.9409
G0 F9000 X125.879 Y74.762
G0 X126.058 Y71.377
G0 X126.288 Y71.377
G1 F3000 X125.648 Y70.737 E2526.971
G0 F9000 X125.879 Y70.737
G0 X125.879 Y68.551
G0 X125.649 Y68.551
G1 F3000 X126.288 Y68.379 E2526.99301
G0 F9000 X126.058 Y68.379
G0 X126.058 Y62.891
G0 X126.288 Y62.891
G1 F3000 X125.648 Y62.252 E2527.02309
G1 X125.649 Y62.339
G1 X126.287 Y62.168 E2527.04506
G0 F9000 X126.058 Y62.168
G0 X125.879 Y56.127
G0 X125.649 Y56.127
G1 F3000 X126.288 Y55.956 E2527.06706
G0 F9000 X126.058 Y55.956
G0 X126.058 Y54.406
G0 X126.288 Y54.406
G1 F3000 X125.648 Y53.766 E2527.09716
G1 F2700 E2522.09716
G0 F9000 X125.879 Y53.766
G0 X125.399 Y181.62
G0 X124.304 Y181.62
G0 X110.696 Y181.62
G0 X109.601 Y181.62
G0 X109.151 Y181.62
G0 X109.428 Y181.9
;TYPE:WALL-INNER
G1 F2700 E2527.09716
G1 F1500 X109.428 Y53.1 E2531.38107
G1 X108.628 Y53.1 E2531.40768
G1 X108.628 Y181.9 E2535.69158
G1 X109.428 Y181.9 E2535.71819
G0 F9000 X109.828 Y182.3
;TYPE:WALL-OUTER
G1 F1500 X109.828 Y52.7 E2540.0287
G1 X108.228 Y52.7 E2540.08192
G1 X108.228 Y182.3 E2544.39243
G1 X109.828 Y182.3 E2544.44565
G0 F9000 X109.348 Y181.717
;TYPE:FILL
G1 F3000 X108.708 Y181.076 E2544.47578
G0 F9000 X108.941 Y181.076
G0 X108.941 Y178.688
G0 X108.708 Y178.688
G1 F3000 X109.348 Y178.516 E2544.49782
G0 F9000 X109.121 Y178.516
G0 X109.121 Y173.231
G0 X109.348 Y173.231
G1 F3000 X108.708 Y172.591 E2544.52792
G1 X108.708 Y172.476
G1 X109.348 Y172.305 E2544.54995
G0 F9000 X109.121 Y172.305
G0 X108.941 Y166.264
G0 X108.709 Y166.264
G1 F3000 X109.348 Y166.093 E2544.57196
G0 F9000 X109.121 Y166.093
G0 X109.121 Y164.746
G0 X109.348 Y164.746
G1 F3000 X108.708 Y164.105 E2544.60208
G0 F9000 X108.941 Y164.105
G0 X108.941 Y162.566
G0 X108.708 Y162.566
G1 F3000 X109.348 Y160.176 E2544.68438
G0 F9000 X109.348 Y159.881
G1 F3000 X108.708 Y160.053 E2544.70642
G0 F9000 X108.941 Y160.053
G0 X109.121 Y156.261
G0 X109.348 Y156.261
G1 F3000 X108.708 Y155.62 E2544.73654
G0 F9000 X108.941 Y155.62
G0 X108.941 Y153.841
G0 X108.708 Y153.841
G1 F3000 X109.348 Y153.67 E2544.75858
G0 F9000 X109.121 Y153.67
G0 X109.121 Y147.775
G0 X109.348 Y147.775
G1 F3000 X108.708 Y147.135 E2544.78868
G0 F9000 X108.708 Y147.63
G1 F3000 X109.348 Y147.458 E2544.81072
G0 F9000 X109.121 Y147.458
G0 X108.941 Y141.418
G0 X108.708 Y141.418
G1 F3000 X109.348 Y141.246 E2544.83276
G0 F9000 X109.121 Y141.246
G0 X109.121 Y139.29
G0 X109.348 Y139.29
G1 F3000 X108.708 Y138.649 E2544.86289
G0 F9000 X108.708 Y139.384
G1 F3000 X109.348 Y136.994 E2544.94518
G0 F9000 X109.121 Y136.994
G0 X108.941 Y135.206
G0 X108.708 Y135.206
G1 F3000 X109.348 Y135.035 E2544.96722
G0 F9000 X109.121 Y135.035
G0 X109.121 Y130.805
G0 X109.348 Y130.805
G1 F3000 X108.708 Y130.164 E2544.99734
G0 F9000 X108.941 Y130.164
G0 X108.941 Y128.995
G0 X108.708 Y128.995
G1 F3000 X109.348 Y128.823 E2545.01939
G0 F9000 X109.121 Y128.823
G0 X108.941 Y122.783
G0 X108.709 Y122.783
G1 F3000 X109.348 Y122.612 E2545.04139
G0 F9000 X109.348 Y122.32
G1 F3000 X108.708 Y121.679 E2545.07152
G0 F9000 X108.941 Y121.679
G0 X108.941 Y116.571
G0 X108.708 Y116.571
G1 F3000 X109.347 Y116.4 E2545.09352
G0 F9000 X108.708 Y116.201
G1 F3000 X109.348 Y113.812 E2545.17578
G1 X109.348 Y113.834
G1 X108.708 Y113.194 E2545.20588
G0 F9000 X108.941 Y113.194
G0 X108.941 Y110.36
G0 X108.708 Y110.36
G1 F3000 X109.348 Y110.188 E2545.22792
G0 F9000 X109.121 Y110.188
G0 X109.121 Y105.349
G0 X109.348 Y105.349
G1 F3000 X108.708 Y104.708 E2545.25805
G0 F9000 X108.709 Y104.148
G1 F3000 X109.348 Y103.977 E2545.28005
G0 F9000 X109.121 Y103.977
G0 X108.941 Y97.936
G0 X108.709 Y97.936
G1 F3000 X109.347 Y97.765 E2545.30202
G0 F9000 X109.348 Y96.864
G1 F3000 X108.708 Y96.223 E2545.33215
G0 F9000 X108.941 Y96.223
G0 X108.941 Y93.018
G0 X108.708 Y93.018
G1 F3000 X109.348 Y90.631 E2545.41434
G0 F9000 X109.348 Y91.553
G1 F3000 X108.708 Y91.725 E2545.43638
G0 F9000 X108.941 Y91.725
G0 X109.121 Y88.378
G0 X109.348 Y88.378
G1 F3000 X108.708 Y87.738 E2545.46649
G0 F9000 X108.941 Y87.738
G0 X108.941 Y85.513
G0 X108.709 Y85.513
G1 F3000 X109.348 Y85.342 E2545.48849
G0 F9000 X109.121 Y85.342
G0 X109.121 Y79.893
G0 X109.348 Y79.893
G1 F3000 X108.708 Y79.253 E2545.51859
G1 X108.709 Y79.301
G1 X109.347 Y79.13 E2545.54056
G0 F9000 X109.121 Y79.13
G0 X108.941 Y73.09
G0 X108.708 Y73.09
G1 F3000 X109.348 Y72.918 E2545.5626
G0 F9000 X109.121 Y72.918
G0 X109.121 Y71.408
G0 X109.348 Y71.408
G1 F3000 X108.708 Y70.767 E2545.59273
G0 F9000 X108.708 Y69.836
G1 F3000 X109.348 Y67.45 E2545.67489
G0 F9000 X109.348 Y66.707
G1 F3000 X108.708 Y66.878 E2545.69693
G0 F9000 X108.941 Y66.878
G0 X109.121 Y62.923
G0 X109.348 Y62.923
G1 F3000 X108.708 Y62.282 E2545.72705
G0 F9000 X108.941 Y62.282
G0 X108.941 Y60.666
G0 X108.709 Y60.666
G1 F3000 X109.347 Y60.495 E2545.74902
G0 F9000 X109.121 Y60.495
G0 X109.121 Y54.437
G0 X109.348 Y54.437
G1 F3000 X108.708 Y53.797 E2545.77913
G0 F9000 X108.709 Y54.455
G1 F3000 X109.348 Y54.283 E2545.80114
G1 F2700 E2540.80114
;MESH:NONMESH
G0 F300 X109.348 Y54.283 Z4.2
G0 F9000 X109.121 Y54.283
G0 X108.455 Y182.076
G0 X108.455 Y183.165
G0 X107.884 Y184.153
G0 X104 Y184.165
G0 X104 Y183.3
;TIME_ELAPSED:3903.681511
;LAYER:20
;TYPE:SUPPORT
G1 F2700 E2545.80114
G1 F1500 X102.381 Y183.3 E2545.85499
G1 X102.381 Y51.7 E2550.23202
G1 X104 Y51.7 E2550.28587
G1 X104 Y183.3 E2554.6629
G1 F2700 E2549.6629
G0 F9000 X104 Y184.165
G0 X101.528 Y184.153
G0 X101.528 Y50.847
G0 X104 Y50.835
G0 X104 Y51.7
G1 F2700 E2554.6629
G1 F1500 X106 Y51.7 E2554.72942
G1 X106 Y183.3 E2559.10645
G1 X106.915 Y183.3 E2559.13689
G1 X106.915 Y51.7 E2563.51392
G1 X106 Y51.7 E2563.54435
G1 F2700 E2558.54435
G0 F9000 X106 Y50.835
G0 X107.768 Y50.847
G0 X110.568 Y51.847
G0 X124.432 Y183.153
G0 X127.231 Y184.153
G0 X130 Y184.165
G0 X130 Y183.3
G1 F2700 E2563.54435
G1 F1500 X128.084 Y183.3 E2563.60808
G1 X128.084 Y51.7 E2567.98511
G1 X130 Y51.7 E2568.04884
G1 X130 Y183.3 E2572.42588
G1 X132 Y183.3 E2572.4924
G1 X132 Y51.7 E2576.86943
G1 X132.618 Y51.7 E2576.88998
G1 X132.618 Y183.3 E2581.26702
G1 X132 Y183.3 E2581.28757
G1 F2700 E2576.28757
;MESH:btncover.stl
G0 F9000 X132 Y184.165
G0 X127.231 Y184.153
G0 X126.66 Y183.165
G0 X126.66 Y182.076
G0 X125.965 Y181.62
G0 X125.684 Y181.9
;TYPE:WALL-INNER
G1 F2700 E2581.28757
G1 F1500 X126.484 Y181.9 E2581.31418
G1 X126.484 Y53.1 E2585.59809
G1 X125.684 Y53.1 E2585.62469
G1 X125.684 Y181.9 E2589.9086
G0 F9000 X125.284 Y182.3
;TYPE:WALL-OUTER
G1 F1500 X126.884 Y182.3 E2589.96182
G1 X126.884 Y52.7 E2594.27233
G1 X125.284 Y52.7 E2594.32555
G1 X125.284 Y182.3 E2598.63606
G0 F9000 X125.565 Y182.02
G0 X126.174 Y181.602
G0 X126.404 Y181.602
;TYPE:FILL
G1 F3000 X125.764 Y180.962 E2598.66616
G0 F9000 X125.765 Y180.475
G1 F3000 X126.403 Y180.304 E2598.68813
G0 F9000 X126.174 Y180.304
G0 X125.995 Y174.264
G0 X125.764 Y174.264
G1 F3000 X126.404 Y174.092 E2598.71017
G0 F9000 X126.404 Y173.117
G1 F3000 X125.764 Y172.477 E2598.74028
G0 F9000 X125.995 Y172.477
G0 X125.995 Y168.052
G0 X125.764 Y168.052
G1 F3000 X126.403 Y167.881 E2598.76228
G0 F9000 X125.764 Y167.915
G1 F3000 X126.404 Y165.527 E2598.84451
G0 F9000 X126.404 Y164.631
G1 F3000 X125.764 Y163.991 E2598.87461
G0 F9000 X125.995 Y163.991
G0 X125.995 Y161.84
G0 X125.765 Y161.84
G1 F3000 X126.403 Y161.669 E2598.89658
G0 F9000 X126.174 Y161.669
G0 X126.174 Y156.146
G0 X126.404 Y156.146
G1 F3000 X125.764 Y155.506 E2598.92668
G1 X125.764 Y155.629
G1 X126.403 Y155.457 E2598.94869
G0 F9000 X126.174 Y155.457
G0 X125.995 Y149.417
G0 X125.764 Y149.417
G1 F3000 X126.403 Y149.246 E2598.97069
G0 F9000 X126.174 Y149.246
G0 X126.174 Y147.661
G0 X126.404 Y147.661
G1 F3000 X125.764 Y147.021 E2599.0008
G0 F9000 X125.995 Y147.021
G0 X125.995 Y144.732
G0 X125.764 Y144.732
G1 F3000 X126.404 Y142.344 E2599.08302
G0 F9000 X126.403 Y143.034
G1 F3000 X125.765 Y143.205 E2599.10499
G0 F9000 X125.995 Y143.205
G0 X126.174 Y139.176
G0 X126.404 Y139.176
G1 F3000 X125.764 Y138.536 E2599.1351
G0 F9000 X125.995 Y138.536
G0 X125.995 Y136.994
G0 X125.765 Y136.994
G1 F3000 X126.403 Y136.823 E2599.15707
G0 F9000 X126.174 Y136.823
G0 X125.995 Y130.782
G0 X125.764 Y130.782
G1 F3000 X126.404 Y130.611 E2599.1791
G1 X126.404 Y130.69
G1 X125.764 Y130.05 E2599.2092
G0 F9000 X125.995 Y130.05
G0 X125.995 Y124.57
G0 X125.765 Y124.57
G1 F3000 X126.403 Y124.399 E2599.23117
G0 F9000 X126.174 Y124.399
G0 X126.174 Y122.205
G0 X126.404 Y122.205
G1 F3000 X125.764 Y121.565 E2599.26128
G1 X125.764 Y121.549
G1 X126.404 Y119.162 E2599.34347
G0 F9000 X126.403 Y118.188
G1 F3000 X125.765 Y118.359 E2599.36544
G0 F9000 X125.995 Y118.359
G0 X126.174 Y113.72
G0 X126.404 Y113.72
G1 F3000 X125.764 Y113.08 E2599.39554
G0 F9000 X125.764 Y112.147
G1 F3000 X126.404 Y111.976 E2599.41758
G0 F9000 X126.174 Y111.976
G0 X125.995 Y105.935
G0 X125.764 Y105.935
G1 F3000 X126.404 Y105.764 E2599.43961
G0 F9000 X126.404 Y105.234
G1 F3000 X125.764 Y104.595 E2599.46969
G0 F9000 X125.995 Y104.595
G0 X125.995 Y99.724
G0 X125.765 Y99.724
G1 F3000 X126.403 Y99.553 E2599.49166
G0 F9000 X126.174 Y99.553
G0 X125.995 Y98.367
G0 X125.764 Y98.367
G1 F3000 X126.404 Y95.979 E2599.57389
G0 F9000 X125.764 Y96.109
G1 F3000 X126.404 Y96.749 E2599.60399
G0 F9000 X126.174 Y96.749
G0 X125.995 Y93.512
G0 X125.765 Y93.512
G1 F3000 X126.403 Y93.341 E2599.62596
G0 F9000 X126.174 Y93.341
G0 X126.174 Y88.264
G0 X126.404 Y88.264
G1 F3000 X125.764 Y87.624 E2599.65606
G0 F9000 X125.764 Y87.3
G1 F3000 X126.404 Y87.129 E2599.6781
G0 F9000 X126.174 Y87.129
G0 X125.995 Y81.089
G0 X125.765 Y81.089
G1 F3000 X126.403 Y80.918 E2599.70007
G0 F9000 X126.174 Y80.918
G0 X126.174 Y79.779
G0 X126.404 Y79.779
G1 F3000 X125.764 Y79.139 E2599.73017
G0 F9000 X125.995 Y79.139
G0 X125.995 Y75.184
G0 X125.764 Y75.184
G1 F3000 X126.404 Y72.796 E2599.8124
G0 F9000 X126.174 Y72.796
G0 X126.174 Y71.293
G0 X126.404 Y71.293
G1 F3000 X125.764 Y70.653 E2599.8425
G0 F9000 X125.995 Y70.653
G0 X125.995 Y68.666
G0 X125.764 Y68.666
G1 F3000 X126.404 Y68.494 E2599.86454
G0 F9000 X126.174 Y68.494
G0 X126.174 Y62.808
G0 X126.404 Y62.808
G1 F3000 X125.764 Y62.168 E2599.89465
G0 F9000 X125.765 Y62.454
G1 F3000 X126.404 Y62.282 E2599.91666
G0 F9000 X126.174 Y62.282
G0 X125.995 Y56.242
G0 X125.765 Y56.242
G1 F3000 X126.403 Y56.071 E2599.93863
G0 F9000 X126.174 Y56.071
G0 X126.174 Y54.323
G0 X126.404 Y54.323
G1 F3000 X125.764 Y53.683 E2599.96873
G0 F9000 X125.995 Y53.683
G0 X126.174 Y74.706
G0 X126.403 Y74.706
G1 F3000 X125.765 Y74.877 E2599.9907
G1 F2700 E2594.9907
G0 F9000 X125.995 Y74.877
G0 X125.515 Y181.62
G0 X124.42 Y181.62
G0 X110.58 Y181.62
G0 X109.485 Y181.62
G0 X109.035 Y181.62
G0 X109.312 Y181.9
;TYPE:WALL-INNER
G1 F2700 E2599.9907
G1 F1500 X109.312 Y53.1 E2604.2746
G1 X108.512 Y53.1 E2604.30121
G1 X108.512 Y181.9 E2608.58512
G1 X109.312 Y181.9 E2608.61173
G0 F9000 X109.712 Y182.3
;TYPE:WALL-OUTER
G1 F1500 X109.712 Y52.7 E2612.92224
G1 X108.112 Y52.7 E2612.97546
G1 X108.112 Y182.3 E2617.28597
G1 X109.712 Y182.3 E2617.33919
G0 F9000 X109.435 Y182.02
G0 X109.005 Y181.401
G0 X109.232 Y181.401
;TYPE:FILL
G1 F3000 X108.592 Y180.761 E2617.36929
G0 F9000 X108.825 Y180.761
G0 X108.825 Y178.865
G0 X108.592 Y178.865
G1 F3000 X109.232 Y178.693 E2617.39133
G0 F9000 X109.005 Y178.693
G0 X109.005 Y172.916
G0 X109.232 Y172.916
G1 F3000 X108.592 Y172.275 E2617.42146
G0 F9000 X108.592 Y172.653
G1 F3000 X109.232 Y172.482 E2617.44349
G0 F9000 X109.005 Y172.482
G0 X108.825 Y166.442
G0 X108.592 Y166.442
G1 F3000 X109.232 Y166.27 E2617.46553
G0 F9000 X109.005 Y166.27
G0 X109.005 Y164.431
G0 X109.232 Y164.431
G1 F3000 X108.592 Y163.79 E2617.49566
G0 F9000 X108.825 Y163.79
G0 X108.825 Y162.454
G0 X108.592 Y162.454
G1 F3000 X109.231 Y160.067 E2617.57785
G1 X109.232 Y160.058
G1 X108.592 Y160.23 E2617.59989
G0 F9000 X108.825 Y160.23
G0 X109.005 Y155.945
G0 X109.232 Y155.945
G1 F3000 X108.592 Y155.305 E2617.62999
G0 F9000 X108.825 Y155.305
G0 X108.825 Y154.018
G0 X108.592 Y154.018
G1 F3000 X109.232 Y153.847 E2617.65203
G0 F9000 X109.005 Y153.847
G0 X108.825 Y147.807
G0 X108.592 Y147.807
G1 F3000 X109.232 Y147.635 E2617.67407
G1 X109.232 Y147.46
G1 X108.592 Y146.819 E2617.7042
G0 F9000 X108.825 Y146.819
G0 X108.825 Y141.595
G0 X108.593 Y141.595
G1 F3000 X109.232 Y141.424 E2617.7262
G0 F9000 X109.005 Y141.424
G0 X108.825 Y139.271
G0 X108.592 Y139.271
G1 F3000 X109.232 Y136.884 E2617.80839
G0 F9000 X109.005 Y136.884
G0 X108.825 Y138.334
G0 X108.592 Y138.334
G1 F3000 X109.232 Y138.975 E2617.83852
G0 F9000 X109.005 Y138.975
G0 X108.825 Y135.383
G0 X108.592 Y135.383
G1 F3000 X109.231 Y135.212 E2617.86052
G0 F9000 X109.005 Y135.212
G0 X109.005 Y130.489
G0 X109.232 Y130.489
G1 F3000 X108.592 Y129.849 E2617.89062
G0 F9000 X108.592 Y129.172
G1 F3000 X109.232 Y129 E2617.91267
G0 F9000 X109.005 Y129
G0 X108.825 Y122.96
G0 X108.593 Y122.96
G1 F3000 X109.232 Y122.789 E2617.93467
G0 F9000 X109.232 Y122.004
G1 F3000 X108.592 Y121.364 E2617.96477
G0 F9000 X108.825 Y121.364
G0 X108.825 Y116.748
G0 X108.593 Y116.748
G1 F3000 X109.231 Y116.577 E2617.98674
G0 F9000 X108.592 Y116.089
G1 F3000 X109.232 Y113.703 E2618.0689
G1 X109.232 Y113.519
G1 X108.592 Y112.878 E2618.09903
G0 F9000 X108.825 Y112.878
G0 X108.825 Y110.537
G0 X108.592 Y110.537
G1 F3000 X109.232 Y110.365 E2618.12107
G0 F9000 X109.005 Y110.365
G0 X109.005 Y105.034
G0 X109.232 Y105.034
G1 F3000 X108.592 Y104.393 E2618.1512
G1 X108.592 Y104.325
G1 X109.232 Y104.154 E2618.17323
G0 F9000 X109.005 Y104.154
G0 X108.825 Y98.113
G0 X108.593 Y98.113
G1 F3000 X109.231 Y97.942 E2618.1952
G0 F9000 X109.005 Y97.942
G0 X109.005 Y96.548
G0 X109.232 Y96.548
G1 F3000 X108.592 Y95.908 E2618.22531
G0 F9000 X108.825 Y95.908
G0 X108.825 Y92.906
G0 X108.592 Y92.906
G1 F3000 X109.232 Y90.52 E2618.30747
G0 F9000 X109.005 Y90.52
G0 X109.005 Y91.73
G0 X109.232 Y91.73
G1 F3000 X108.592 Y91.902 E2618.32951
G0 F9000 X108.825 Y91.902
G0 X109.005 Y88.063
G0 X109.232 Y88.063
G1 F3000 X108.592 Y87.422 E2618.35964
G0 F9000 X108.825 Y87.422
G0 X108.825 Y85.69
G0 X108.592 Y85.69
G1 F3000 X109.232 Y85.519 E2618.38167
G0 F9000 X109.005 Y85.519
G0 X109.005 Y79.578
G0 X109.232 Y79.578
G1 F3000 X108.592 Y78.937 E2618.4118
G0 F9000 X108.593 Y79.478
G1 F3000 X109.231 Y79.307 E2618.43377
G0 F9000 X109.005 Y79.307
G0 X108.825 Y73.267
G0 X108.593 Y73.267
G1 F3000 X109.231 Y73.095 E2618.45575
G0 F9000 X109.005 Y73.095
G0 X109.005 Y71.093
G0 X109.232 Y71.093
G1 F3000 X108.592 Y70.452 E2618.48587
G0 F9000 X108.592 Y69.724
G1 F3000 X109.232 Y67.338 E2618.56804
G0 F9000 X109.232 Y66.884
G1 F3000 X108.592 Y67.055 E2618.59007
G0 F9000 X108.825 Y67.055
G0 X109.005 Y62.607
G0 X109.232 Y62.607
G1 F3000 X108.592 Y61.967 E2618.62017
G0 F9000 X108.825 Y61.967
G0 X108.825 Y60.843
G0 X108.593 Y60.843
G1 F3000 X109.231 Y60.672 E2618.64214
G0 F9000 X109.005 Y60.672
G0 X108.825 Y54.632
G0 X108.593 Y54.632
G1 F3000 X109.231 Y54.461 E2618.66411
G0 F9000 X109.232 Y54.122
G1 F3000 X108.592 Y53.481 E2618.69424
G1 F2700 E2613.69424
;MESH:NONMESH
G0 F300 X108.592 Y53.481 Z4.4
G0 F9000 X108.825 Y53.481
G0 X108.339 Y182.076
G0 X108.339 Y183.165
G0 X107.768 Y184.153
G0 X104 Y184.165
G0 X104 Y183.3
;TIME_ELAPSED:4015.094291
;LAYER:21
;TYPE:SUPPORT
G1 F2700 E2618.69424
G1 F1500 X102.381 Y183.3 E2618.74809
G1 X102.381 Y51.7 E2623.12512
G1 X104 Y51.7 E2623.17897
G1 X104 Y183.3 E2627.556
G1 F2700 E2622.556
G0 F9000 X104 Y184.165
G0 X101.528 Y184.153
G0 X101.528 Y50.847
G0 X104 Y50.835
G0 X104 Y51.7
G1 F2700 E2627.556
G1 F1500 X106 Y51.7 E2627.62252
G1 X106 Y183.3 E2631.99956
G1 X106.8 Y183.3 E2632.02616
G1 X106.8 Y51.7 E2636.4032
G1 X106 Y51.7 E2636.42981
G1 F2700 E2631.42981
G0 F9000 X106 Y50.835
G0 X107.653 Y50.847
G0 X110.453 Y51.847
G0 X124.547 Y183.153
G0 X127.346 Y184.153
G0 X130 Y184.165
G0 X130 Y183.3
G1 F2700 E2636.42981
G1 F1500 X128.199 Y183.3 E2636.48971
G1 X128.199 Y51.7 E2640.86674
G1 X130 Y51.7 E2640.92664
G1 X130 Y183.3 E2645.30368
G1 X132 Y183.3 E2645.3702
G1 X132 Y51.7 E2649.74723
G1 X132.618 Y51.7 E2649.76779
G1 X132.618 Y183.3 E2654.14482
G1 X132 Y183.3 E2654.16537
G1 F2700 E2649.16537
;MESH:btncover.stl
G0 F9000 X132 Y184.165
G0 X127.346 Y184.153
G0 X126.775 Y183.165
G0 X126.775 Y182.076
G0 X126.08 Y181.62
G0 X125.8 Y181.9
;TYPE:WALL-INNER
G1 F2700 E2654.16537
G1 F1500 X126.596 Y181.9 E2654.19185
G1 X126.596 Y53.1 E2658.47575
G1 X125.8 Y53.1 E2658.50223
G1 X125.8 Y181.9 E2662.78613
G0 F9000 X125.4 Y182.3
;TYPE:WALL-OUTER
G1 F1500 X126.996 Y182.3 E2662.83922
G1 X126.996 Y52.7 E2667.14973
G1 X125.4 Y52.7 E2667.20281
G1 X125.4 Y182.3 E2671.51333
G0 F9000 X125.68 Y182.02
G0 X126.289 Y181.513
G0 X126.516 Y181.513
;TYPE:FILL
G1 F3000 X125.88 Y180.877 E2671.54324
G0 F9000 X125.881 Y180.591
G1 F3000 X126.515 Y180.421 E2671.56508
G0 F9000 X126.289 Y180.421
G0 X126.11 Y174.38
G0 X125.88 Y174.38
G1 F3000 X126.516 Y174.209 E2671.58698
G0 F9000 X126.289 Y174.209
G0 X126.289 Y173.028
G0 X126.516 Y173.028
G1 F3000 X125.88 Y172.392 E2671.6169
G0 F9000 X126.11 Y172.392
G0 X126.11 Y168.168
G0 X125.88 Y168.168
G1 F3000 X126.516 Y167.998 E2671.63879
G0 F9000 X126.289 Y167.998
G0 X126.11 Y166.932
G0 X125.88 Y166.932
G1 F3000 X126.516 Y164.558 E2671.72054
G1 X126.516 Y164.542
G1 X125.88 Y163.907 E2671.75043
G0 F9000 X126.11 Y163.907
G0 X126.11 Y161.956
G0 X125.881 Y161.956
G1 F3000 X126.516 Y161.786 E2671.77229
G0 F9000 X126.289 Y161.786
G0 X126.289 Y156.057
G0 X126.516 Y156.057
G1 F3000 X125.88 Y155.421 E2671.80221
G0 F9000 X125.88 Y155.745
G1 F3000 X126.516 Y155.574 E2671.82411
G0 F9000 X126.289 Y155.574
G0 X126.11 Y149.533
G0 X125.88 Y149.533
G1 F3000 X126.516 Y149.363 E2671.84601
G0 F9000 X126.289 Y149.363
G0 X126.289 Y147.572
G0 X126.516 Y147.572
G1 F3000 X125.88 Y146.936 E2671.87592
G0 F9000 X126.11 Y146.936
G0 X126.11 Y143.749
G0 X125.88 Y143.749
G1 F3000 X126.516 Y141.376 E2671.95764
G0 F9000 X126.289 Y141.376
G0 X126.289 Y143.151
G0 X126.516 Y143.151
G1 F3000 X125.881 Y143.321 E2671.9795
G0 F9000 X126.11 Y143.321
G0 X126.289 Y139.086
G0 X126.516 Y139.086
G1 F3000 X125.88 Y138.451 E2672.00939
G0 F9000 X126.11 Y138.451
G0 X126.11 Y137.11
G0 X125.881 Y137.11
G1 F3000 X126.515 Y136.939 E2672.03123
G0 F9000 X126.289 Y136.939
G0 X126.11 Y130.898
G0 X125.88 Y130.898
G1 F3000 X126.516 Y130.728 E2672.05313
G1 X126.516 Y130.601
G1 X125.88 Y129.966 E2672.08302
G0 F9000 X126.11 Y129.966
G0 X126.11 Y124.686
G0 X125.88 Y124.686
G1 F3000 X126.516 Y124.516 E2672.10492
G0 F9000 X126.289 Y124.516
G0 X126.289 Y122.116
G0 X126.516 Y122.116
G1 F3000 X125.88 Y121.48 E2672.13483
G0 F9000 X125.88 Y120.567
G1 F3000 X126.516 Y118.194 E2672.21654
G1 X126.515 Y118.305
G1 X125.881 Y118.475 E2672.23838
G0 F9000 X126.11 Y118.475
G0 X126.289 Y113.631
G0 X126.516 Y113.631
G1 F3000 X125.88 Y112.995 E2672.26829
G0 F9000 X125.88 Y112.263
G1 F3000 X126.516 Y112.093 E2672.29019
G0 F9000 X126.289 Y112.093
G0 X126.11 Y106.051
G0 X125.88 Y106.051
G1 F3000 X126.516 Y105.881 E2672.31208
G0 F9000 X126.516 Y105.145
G1 F3000 X125.88 Y104.51 E2672.34197
G0 F9000 X126.11 Y104.51
G0 X126.11 Y99.84
G0 X125.881 Y99.84
G1 F3000 X126.515 Y99.67 E2672.36381
G0 F9000 X126.289 Y99.67
G0 X126.11 Y97.385
G0 X125.88 Y97.385
G1 F3000 X126.516 Y95.012 E2672.44552
G0 F9000 X126.289 Y95.012
G0 X126.11 Y96.024
G0 X125.88 Y96.024
G1 F3000 X126.516 Y96.66 E2672.47543
G0 F9000 X126.289 Y96.66
G0 X126.11 Y93.628
G0 X125.881 Y93.628
G1 F3000 X126.516 Y93.458 E2672.4973
G0 F9000 X126.289 Y93.458
G0 X126.289 Y88.175
G0 X126.516 Y88.175
G1 F3000 X125.88 Y87.539 E2672.52721
G1 X125.88 Y87.416
G1 X126.516 Y87.246 E2672.54911
G0 F9000 X126.289 Y87.246
G0 X126.11 Y81.205
G0 X125.881 Y81.205
G1 F3000 X126.515 Y81.035 E2672.57094
G0 F9000 X126.289 Y81.035
G0 X126.289 Y79.69
G0 X126.516 Y79.69
G1 F3000 X125.88 Y79.054 E2672.60086
G0 F9000 X126.11 Y79.054
G0 X126.11 Y74.993
G0 X125.881 Y74.993
G1 F3000 X126.516 Y74.823 E2672.62272
G0 F9000 X125.88 Y74.203
G1 F3000 X126.516 Y71.83 E2672.70443
G0 F9000 X126.516 Y71.204
G1 F3000 X125.88 Y70.569 E2672.73432
G0 F9000 X126.11 Y70.569
G0 X126.11 Y68.781
G0 X125.88 Y68.781
G1 F3000 X126.516 Y68.611 E2672.75622
G0 F9000 X126.289 Y68.611
G0 X126.289 Y62.719
G0 X126.516 Y62.719
G1 F3000 X125.88 Y62.083 E2672.78614
G0 F9000 X125.881 Y62.57
G1 F3000 X126.515 Y62.4 E2672.80797
G0 F9000 X126.289 Y62.4
G0 X126.11 Y56.358
G0 X125.881 Y56.358
G1 F3000 X126.515 Y56.188 E2672.8298
G0 F9000 X126.289 Y56.188
G0 X126.289 Y54.234
G0 X126.516 Y54.234
G1 F3000 X125.88 Y53.598 E2672.85972
G1 F2700 E2667.85972
G0 F9000 X126.11 Y53.598
G0 X125.63 Y181.62
G0 X124.535 Y181.62
G0 X110.465 Y181.62
G0 X109.37 Y181.62
G0 X108.92 Y181.62
G0 X109.2 Y181.9
;TYPE:WALL-INNER
G1 F2700 E2672.85972
G1 F1500 X109.2 Y53.1 E2677.14362
G1 X108.4 Y53.1 E2677.17023
G1 X108.4 Y181.9 E2681.45413
G1 X109.2 Y181.9 E2681.48074
G0 F9000 X109.6 Y182.3
;TYPE:WALL-OUTER
G1 F1500 X109.6 Y52.7 E2685.79126
G1 X108 Y52.7 E2685.84447
G1 X108 Y182.3 E2690.15499
G1 X109.6 Y182.3 E2690.2082
G0 F9000 X109.32 Y182.02
G0 X108.89 Y181.088
G0 X109.12 Y181.088
;TYPE:FILL
G1 F3000 X108.48 Y180.448 E2690.23831
G0 F9000 X108.71 Y180.448
G0 X108.71 Y179.042
G0 X108.48 Y179.042
G1 F3000 X109.119 Y178.871 E2690.26031
G0 F9000 X108.89 Y178.871
G0 X108.71 Y172.83
G0 X108.48 Y172.83
G1 F3000 X109.12 Y172.659 E2690.28234
G1 X109.12 Y172.603
G1 X108.48 Y171.963 E2690.31244
G0 F9000 X108.71 Y171.963
G0 X108.71 Y166.619
G0 X108.48 Y166.619
G1 F3000 X109.119 Y166.448 E2690.33444
G0 F9000 X108.89 Y166.448
G0 X108.89 Y164.117
G0 X109.12 Y164.117
G1 F3000 X108.48 Y163.477 E2690.36455
G0 F9000 X108.71 Y163.477
G0 X108.71 Y162.323
G0 X108.48 Y162.323
G1 F3000 X109.12 Y159.936 E2690.44674
G0 F9000 X109.119 Y160.236
G1 F3000 X108.481 Y160.407 E2690.46871
G0 F9000 X108.71 Y160.407
G0 X108.89 Y155.632
G0 X109.12 Y155.632
G1 F3000 X108.48 Y154.992 E2690.49882
G0 F9000 X108.48 Y154.195
G1 F3000 X109.12 Y154.024 E2690.52085
G0 F9000 X108.89 Y154.024
G0 X108.71 Y147.984
G0 X108.48 Y147.984
G1 F3000 X109.119 Y147.813 E2690.54285
G0 F9000 X109.12 Y147.147
G1 F3000 X108.48 Y146.507 E2690.57295
G0 F9000 X108.71 Y146.507
G0 X108.71 Y141.772
G0 X108.481 Y141.772
G1 F3000 X109.119 Y141.601 E2690.59492
G0 F9000 X108.89 Y141.601
G0 X108.71 Y139.141
G0 X108.48 Y139.141
G1 F3000 X109.12 Y136.753 E2690.67715
G0 F9000 X108.89 Y136.753
G0 X108.71 Y135.56
G0 X108.481 Y135.56
G1 F3000 X109.119 Y135.389 E2690.69912
G0 F9000 X108.89 Y135.389
G0 X108.71 Y138.022
G0 X108.48 Y138.022
G1 F3000 X109.12 Y138.662 E2690.72922
G0 F9000 X108.89 Y138.662
G0 X108.89 Y130.176
G0 X109.12 Y130.176
G1 F3000 X108.48 Y129.536 E2690.75933
G1 X108.48 Y129.349
G1 X109.12 Y129.177 E2690.78137
G0 F9000 X108.89 Y129.177
G0 X108.71 Y123.137
G0 X108.481 Y123.137
G1 F3000 X109.119 Y122.966 E2690.80334
G0 F9000 X108.89 Y122.966
G0 X108.89 Y121.691
G0 X109.12 Y121.691
G1 F3000 X108.48 Y121.051 E2690.83344
G0 F9000 X108.71 Y121.051
G0 X108.71 Y116.925
G0 X108.481 Y116.925
G1 F3000 X109.119 Y116.754 E2690.85541
G0 F9000 X108.89 Y116.754
G0 X108.71 Y115.958
G0 X108.48 Y115.958
G1 F3000 X109.12 Y113.571 E2690.93761
G0 F9000 X109.12 Y113.206
G1 F3000 X108.48 Y112.566 E2690.96771
G0 F9000 X108.71 Y112.566
G0 X108.71 Y110.714
G0 X108.48 Y110.714
G1 F3000 X109.12 Y110.542 E2690.98975
G0 F9000 X108.89 Y110.542
G0 X108.89 Y104.72
G0 X109.12 Y104.72
G1 F3000 X108.48 Y104.08 E2691.01986
G0 F9000 X108.48 Y104.502
G1 F3000 X109.119 Y104.331 E2691.04186
G0 F9000 X108.89 Y104.331
G0 X108.71 Y98.29
G0 X108.481 Y98.29
G1 F3000 X109.119 Y98.119 E2691.06383
G0 F9000 X108.89 Y98.119
G0 X108.89 Y96.235
G0 X109.12 Y96.235
G1 F3000 X108.48 Y95.595 E2691.09393
G0 F9000 X108.71 Y95.595
G0 X108.71 Y92.775
G0 X108.48 Y92.775
G1 F3000 X109.12 Y90.388 E2691.17613
G0 F9000 X108.89 Y90.388
G0 X108.89 Y91.907
G0 X109.12 Y91.907
G1 F3000 X108.481 Y92.079 E2691.19814
G0 F9000 X108.71 Y92.079
G0 X108.89 Y87.75
G0 X109.12 Y87.75
G1 F3000 X108.48 Y87.11 E2691.22824
G0 F9000 X108.71 Y87.11
G0 X108.71 Y85.867
G0 X108.48 Y85.867
G1 F3000 X109.12 Y85.696 E2691.25027
G0 F9000 X108.89 Y85.696
G0 X108.71 Y79.655
G0 X108.481 Y79.655
G1 F3000 X109.119 Y79.484 E2691.27224
G0 F9000 X109.12 Y79.265
G1 F3000 X108.48 Y78.625 E2691.30235
G0 F9000 X108.71 Y78.625
G0 X108.71 Y73.444
G0 X108.481 Y73.444
G1 F3000 X109.119 Y73.273 E2691.32431
G0 F9000 X108.89 Y73.273
G0 X108.89 Y70.779
G0 X109.12 Y70.779
G1 F3000 X108.48 Y70.139 E2691.35442
G0 F9000 X108.48 Y69.593
G1 F3000 X109.12 Y67.206 E2691.43661
G1 X109.12 Y67.061
G1 X108.481 Y67.232 E2691.45862
G0 F9000 X108.71 Y67.232
G0 X108.89 Y62.294
G0 X109.12 Y62.294
G1 F3000 X108.48 Y61.654 E2691.48872
G0 F9000 X108.481 Y61.02
G1 F3000 X109.12 Y60.849 E2691.51072
G0 F9000 X108.89 Y60.849
G0 X108.71 Y54.809
G0 X108.481 Y54.809
G1 F3000 X109.119 Y54.638 E2691.53269
G0 F9000 X109.12 Y53.809
G1 F3000 X108.491 Y53.18 E2691.56227
G1 F2700 E2686.56227
;MESH:NONMESH
G0 F300 X108.491 Y53.18 Z4.6
G0 F9000 X108.68 Y53.38
G0 X108.224 Y182.076
G0 X108.224 Y183.165
G0 X107.653 Y184.153
G0 X104 Y184.165
G0 X104 Y183.3
;TIME_ELAPSED:4126.457918
;LAYER:22
;TYPE:SUPPORT
G1 F2700 E2691.56227
G1 F1500 X102.381 Y183.3 E2691.61612
G1 X102.381 Y51.7 E2695.99316
G1 X104 Y51.7 E2696.04701
G1 X104 Y183.3 E2700.42404
G1 F2700 E2695.42404
G0 F9000 X104 Y184.165
G0 X101.528 Y184.153
G0 X101.528 Y50.847
G0 X104 Y50.835
G0 X104 Y51.7
G1 F2700 E2700.42404
G1 F1500 X106 Y51.7 E2700.49056
G1 X106 Y183.3 E2704.86759
G1 X106.684 Y183.3 E2704.89034
G1 X106.684 Y51.7 E2709.26738
G1 X106 Y51.7 E2709.29013
G1 F2700 E2704.29013
G0 F9000 X106 Y50.835
G0 X107.537 Y50.847
G0 X110.337 Y51.847
G0 X124.663 Y183.153
G0 X127.462 Y184.153
G0 X130 Y184.165
G0 X130 Y183.3
G1 F2700 E2709.29013
G1 F1500 X128.315 Y183.3 E2709.34617
G1 X128.315 Y51.7 E2713.7232
G1 X130 Y51.7 E2713.77925
G1 X130 Y183.3 E2718.15628
G1 X132 Y183.3 E2718.2228
G1 X132 Y51.7 E2722.59983
G1 X132.618 Y51.7 E2722.62039
G1 X132.618 Y183.3 E2726.99742
G1 X132 Y183.3 E2727.01798
G1 F2700 E2722.01798
;MESH:btncover.stl
G0 F9000 X132 Y184.165
G0 X127.462 Y184.153
G0 X126.891 Y183.165
G0 X126.891 Y182.076
G0 X126.196 Y181.62
G0 X125.916 Y181.9
;TYPE:WALL-INNER
G1 F2700 E2727.01798
G1 F1500 X126.712 Y181.9 E2727.04445
G1 X126.712 Y53.1 E2731.32836
G1 X125.916 Y53.1 E2731.35483
G1 X125.916 Y181.9 E2735.63874
G0 F9000 X125.516 Y182.3
;TYPE:WALL-OUTER
G1 F1500 X127.112 Y182.3 E2735.69182
G1 X127.112 Y52.7 E2740.00234
G1 X125.516 Y52.7 E2740.05542
G1 X125.516 Y182.3 E2744.36593
G0 F9000 X125.796 Y182.02
G0 X126.405 Y181.43
G0 X126.632 Y181.43
;TYPE:FILL
G1 F3000 X125.996 Y180.794 E2744.39585
G1 X125.996 Y180.706
G1 X126.632 Y180.536 E2744.41774
G0 F9000 X126.405 Y180.536
G0 X126.226 Y174.494
G0 X125.997 Y174.494
G1 F3000 X126.631 Y174.324 E2744.43958
G0 F9000 X126.405 Y174.324
G0 X126.405 Y172.945
G0 X126.632 Y172.945
G1 F3000 X125.996 Y172.308 E2744.46951
G0 F9000 X126.226 Y172.308
G0 X126.226 Y168.283
G0 X125.996 Y168.283
G1 F3000 X126.632 Y168.113 E2744.49141
G0 F9000 X126.405 Y168.113
G0 X126.226 Y165.955
G0 X125.996 Y165.955
G1 F3000 X126.632 Y163.581 E2744.57315
G0 F9000 X125.996 Y163.823
G1 F3000 X126.632 Y164.46 E2744.60309
G0 F9000 X126.405 Y164.46
G0 X126.226 Y162.071
G0 X125.996 Y162.071
G1 F3000 X126.632 Y161.901 E2744.62499
G0 F9000 X126.405 Y161.901
G0 X126.405 Y155.974
G0 X126.632 Y155.974
G1 F3000 X125.996 Y155.338 E2744.65491
G0 F9000 X125.997 Y155.859
G1 F3000 X126.631 Y155.689 E2744.67674
G0 F9000 X126.405 Y155.689
G0 X126.226 Y149.648
G0 X125.996 Y149.648
G1 F3000 X126.632 Y149.478 E2744.69863
G0 F9000 X126.405 Y149.478
G0 X126.405 Y147.489
G0 X126.632 Y147.489
G1 F3000 X125.996 Y146.853 E2744.72855
G0 F9000 X126.226 Y146.853
G0 X126.226 Y143.436
G0 X125.996 Y143.436
G1 F3000 X126.632 Y143.266 E2744.75044
G0 F9000 X125.996 Y142.772
G1 F3000 X126.632 Y140.399 E2744.83216
G0 F9000 X126.405 Y140.399
G0 X126.405 Y139.004
G0 X126.632 Y139.004
G1 F3000 X125.996 Y138.367 E2744.8621
G0 F9000 X126.226 Y138.367
G0 X126.226 Y137.225
G0 X125.997 Y137.225
G1 F3000 X126.632 Y137.054 E2744.88397
G0 F9000 X126.405 Y137.054
G0 X126.226 Y131.013
G0 X125.997 Y131.013
G1 F3000 X126.631 Y130.843 E2744.9058
G0 F9000 X126.632 Y130.518
G1 F3000 X125.996 Y129.882 E2744.93572
G0 F9000 X126.226 Y129.882
G0 X126.226 Y124.801
G0 X125.996 Y124.801
G1 F3000 X126.632 Y124.631 E2744.95761
G0 F9000 X126.405 Y124.631
G0 X126.405 Y122.033
G0 X126.632 Y122.033
G1 F3000 X125.996 Y121.397 E2744.98753
G0 F9000 X126.226 Y121.397
G0 X126.226 Y119.59
G0 X125.996 Y119.59
G1 F3000 X126.632 Y117.217 E2745.06924
G0 F9000 X126.405 Y117.217
G0 X126.405 Y118.419
G0 X126.632 Y118.419
G1 F3000 X125.996 Y118.59 E2745.09114
G0 F9000 X126.226 Y118.59
G0 X126.405 Y113.548
G0 X126.632 Y113.548
G1 F3000 X125.996 Y112.912 E2745.12106
G0 F9000 X125.997 Y112.378
G1 F3000 X126.631 Y112.208 E2745.14289
G0 F9000 X126.405 Y112.208
G0 X126.226 Y106.166
G0 X125.996 Y106.166
G1 F3000 X126.632 Y105.996 E2745.16479
G0 F9000 X126.632 Y105.063
G1 F3000 X125.996 Y104.426 E2745.19473
G0 F9000 X126.226 Y104.426
G0 X126.226 Y99.955
G0 X125.996 Y99.955
G1 F3000 X126.632 Y99.784 E2745.21663
G0 F9000 X126.405 Y99.784
G0 X126.405 Y96.577
G0 X126.632 Y96.577
G1 F3000 X125.996 Y95.941 E2745.24655
G0 F9000 X125.996 Y96.407
G1 F3000 X126.632 Y94.035 E2745.32823
G0 F9000 X126.631 Y93.573
G1 F3000 X125.997 Y93.743 E2745.35006
G0 F9000 X126.226 Y93.743
G0 X126.405 Y88.092
G0 X126.632 Y88.092
G1 F3000 X125.996 Y87.456 E2745.37997
G1 X125.997 Y87.531
G1 X126.632 Y87.361 E2745.40184
G0 F9000 X126.405 Y87.361
G0 X126.226 Y81.32
G0 X125.996 Y81.32
G1 F3000 X126.632 Y81.149 E2745.42374
G0 F9000 X126.405 Y81.149
G0 X126.405 Y79.607
G0 X126.632 Y79.607
G1 F3000 X125.996 Y78.97 E2745.45368
G0 F9000 X126.226 Y78.97
G0 X126.226 Y75.108
G0 X125.997 Y75.108
G1 F3000 X126.631 Y74.938 E2745.47551
G0 F9000 X126.405 Y74.938
G0 X126.226 Y73.225
G0 X125.996 Y73.225
G1 F3000 X126.632 Y70.853 E2745.55719
G0 F9000 X126.632 Y71.122
G1 F3000 X125.996 Y70.485 E2745.58713
G0 F9000 X126.226 Y70.485
G0 X126.226 Y68.896
G0 X125.997 Y68.896
G1 F3000 X126.631 Y68.726 E2745.60896
G0 F9000 X126.405 Y68.726
G0 X126.226 Y62.685
G0 X125.996 Y62.685
G1 F3000 X126.632 Y62.514 E2745.63087
G1 X126.632 Y62.636
G1 X125.996 Y62 E2745.66078
G0 F9000 X126.226 Y62
G0 X126.226 Y56.473
G0 X125.997 Y56.473
G1 F3000 X126.631 Y56.303 E2745.68262
G0 F9000 X126.405 Y56.303
G0 X126.405 Y54.151
G0 X126.632 Y54.151
G1 F3000 X125.996 Y53.515 E2745.71253
G1 F2700 E2740.71253
G0 F9000 X126.226 Y53.515
G0 X125.746 Y181.62
G0 X124.651 Y181.62
G0 X110.349 Y181.62
G0 X109.254 Y181.62
G0 X108.804 Y181.62
G0 X109.084 Y181.9
;TYPE:WALL-INNER
G1 F2700 E2745.71253
G1 F1500 X109.084 Y53.1 E2749.99644
G1 X108.284 Y53.1 E2750.02304
G1 X108.284 Y181.9 E2754.30695
G1 X109.084 Y181.9 E2754.33356
G0 F9000 X109.484 Y182.3
;TYPE:WALL-OUTER
G1 F1500 X109.484 Y52.7 E2758.64407
G1 X107.884 Y52.7 E2758.69729
G1 X107.884 Y182.3 E2763.0078
G1 X109.484 Y182.3 E2763.06102
G0 F9000 X109.204 Y182.02
G0 X108.774 Y180.773
G0 X109.004 Y180.773
;TYPE:FILL
G1 F3000 X108.364 Y180.133 E2763.09112
G0 F9000 X108.365 Y179.219
G1 F3000 X109.003 Y179.048 E2763.11309
G0 F9000 X108.774 Y179.048
G0 X108.594 Y173.007
G0 X108.364 Y173.007
G1 F3000 X109.003 Y172.836 E2763.13509
G0 F9000 X109.004 Y172.287
G1 F3000 X108.364 Y171.647 E2763.16519
G0 F9000 X108.594 Y171.647
G0 X108.594 Y166.796
G0 X108.364 Y166.796
G1 F3000 X109.004 Y166.624 E2763.18724
G0 F9000 X108.774 Y166.624
G0 X108.774 Y163.802
G0 X109.004 Y163.802
G1 F3000 X108.364 Y163.162 E2763.21734
G0 F9000 X108.364 Y162.211
G1 F3000 X109.004 Y159.824 E2763.29954
G0 F9000 X109.003 Y160.413
G1 F3000 X108.365 Y160.584 E2763.32151
G0 F9000 X108.594 Y160.584
G0 X108.774 Y155.317
G0 X109.004 Y155.317
G1 F3000 X108.364 Y154.677 E2763.35161
G0 F9000 X108.365 Y154.372
G1 F3000 X109.003 Y154.201 E2763.37358
G0 F9000 X108.774 Y154.201
G0 X108.594 Y148.161
G0 X108.364 Y148.161
G1 F3000 X109.004 Y147.989 E2763.39562
G0 F9000 X108.774 Y147.989
G0 X108.774 Y146.831
G0 X109.004 Y146.831
G1 F3000 X108.364 Y146.191 E2763.42572
G0 F9000 X108.594 Y146.191
G0 X108.594 Y141.949
G0 X108.365 Y141.949
G1 F3000 X109.003 Y141.778 E2763.44769
G0 F9000 X108.774 Y141.778
G0 X108.594 Y139.028
G0 X108.364 Y139.028
G1 F3000 X109.004 Y136.641 E2763.52989
G0 F9000 X108.774 Y136.641
G0 X108.774 Y135.566
G0 X109.003 Y135.566
G1 F3000 X108.365 Y135.737 E2763.55186
G0 F9000 X108.594 Y135.737
G0 X108.594 Y137.706
G0 X108.364 Y137.706
G1 F3000 X109.004 Y138.346 E2763.58196
G0 F9000 X108.774 Y138.346
G0 X108.774 Y129.861
G0 X109.004 Y129.861
G1 F3000 X108.364 Y129.221 E2763.61206
G0 F9000 X108.364 Y129.526
G1 F3000 X109.004 Y129.354 E2763.63411
G0 F9000 X108.774 Y129.354
G0 X108.594 Y123.314
G0 X108.364 Y123.314
G1 F3000 X109.004 Y123.143 E2763.65614
G0 F9000 X108.774 Y123.143
G0 X108.774 Y121.376
G0 X109.004 Y121.376
G1 F3000 X108.364 Y120.736 E2763.68624
G0 F9000 X108.594 Y120.736
G0 X108.594 Y117.102
G0 X108.365 Y117.102
G1 F3000 X109.003 Y116.931 E2763.70821
G0 F9000 X108.774 Y116.931
G0 X108.594 Y115.846
G0 X108.364 Y115.846
G1 F3000 X109.004 Y113.459 E2763.79041
G0 F9000 X109.004 Y112.89
G1 F3000 X108.364 Y112.25 E2763.82051
G0 F9000 X108.594 Y112.25
G0 X108.594 Y110.891
G0 X108.365 Y110.891
G1 F3000 X109.004 Y110.719 E2763.84252
G0 F9000 X108.774 Y110.719
G0 X108.594 Y104.679
G0 X108.364 Y104.679
G1 F3000 X109.004 Y104.508 E2763.86455
G1 X109.004 Y104.405
G1 X108.364 Y103.765 E2763.89466
G0 F9000 X108.594 Y103.765
G0 X108.594 Y98.467
G0 X108.365 Y98.467
G1 F3000 X109.003 Y98.296 E2763.91663
G0 F9000 X108.774 Y98.296
G0 X108.774 Y95.92
G0 X109.004 Y95.92
G1 F3000 X108.364 Y95.28 E2763.94673
G0 F9000 X108.594 Y95.28
G0 X108.594 Y92.663
G0 X108.364 Y92.663
G1 F3000 X109.004 Y90.276 E2764.02893
G0 F9000 X108.774 Y90.276
G0 X108.774 Y92.085
G0 X109.003 Y92.085
G1 F3000 X108.365 Y92.256 E2764.0509
G0 F9000 X108.594 Y92.256
G0 X108.774 Y87.434
G0 X109.004 Y87.434
G1 F3000 X108.364 Y86.795 E2764.08098
G0 F9000 X108.365 Y86.044
G1 F3000 X109.004 Y85.873 E2764.10298
G0 F9000 X108.774 Y85.873
G0 X108.594 Y79.832
G0 X108.365 Y79.832
G1 F3000 X109.004 Y79.661 E2764.12498
G0 F9000 X109.004 Y78.949
G1 F3000 X108.364 Y78.309 E2764.15508
G0 F9000 X108.594 Y78.309
G0 X108.594 Y73.621
G0 X108.365 Y73.621
G1 F3000 X109.003 Y73.45 E2764.17705
G0 F9000 X108.774 Y73.45
G0 X108.774 Y70.464
G0 X109.004 Y70.464
G1 F3000 X108.364 Y69.824 E2764.20715
G0 F9000 X108.365 Y69.48
G1 F3000 X109.004 Y67.094 E2764.28931
G1 X109.004 Y67.238
G1 X108.365 Y67.409 E2764.31131
G0 F9000 X108.594 Y67.409
G0 X108.774 Y61.979
G0 X109.004 Y61.979
G1 F3000 X108.364 Y61.339 E2764.34141
G1 X108.364 Y61.197
G1 X109.004 Y61.026 E2764.36345
G0 F9000 X108.774 Y61.026
G0 X108.594 Y54.986
G0 X108.365 Y54.986
G1 F3000 X109.003 Y54.815 E2764.38542
G0 F9000 X108.774 Y54.815
G0 X108.774 Y53.493
G0 X109.004 Y53.493
G1 F3000 X108.691 Y53.18 E2764.40014
G1 F2700 E2759.40014
;MESH:NONMESH
G0 F300 X108.691 Y53.18 Z4.8
G0 F9000 X108.691 Y53.41
G0 X108.108 Y182.076
G0 X108.108 Y183.165
G0 X107.537 Y184.153
G0 X104 Y184.165
G0 X104 Y183.3
;TIME_ELAPSED:4237.813474
;LAYER:23
;TYPE:SUPPORT
G1 F2700 E2764.40014
G1 F1500 X102.381 Y183.3 E2764.45399
G1 X102.381 Y51.7 E2768.83102
G1 X104 Y51.7 E2768.88487
G1 X104 Y183.3 E2773.2619
G1 F2700 E2768.2619
G0 F9000 X104 Y184.165
G0 X101.528 Y184.153
G0 X101.528 Y50.847
G0 X104 Y50.835
G0 X104 Y51.7
G1 F2700 E2773.2619
G1 F1500 X106 Y51.7 E2773.32842
G1 X106 Y183.3 E2777.70546
G1 X106.569 Y183.3 E2777.72438
G1 X106.569 Y51.7 E2782.10142
G1 X106 Y51.7 E2782.12034
G1 F2700 E2777.12034
G0 F9000 X106 Y50.835
G0 X107.422 Y50.847
G0 X110.222 Y51.847
G0 X124.778 Y183.153
G0 X127.577 Y184.153
G0 X130 Y184.165
G0 X130 Y183.3
G1 F2700 E2782.12034
G1 F1500 X128.43 Y183.3 E2782.17256
G1 X128.43 Y51.7 E2786.54959
G1 X130 Y51.7 E2786.60181
G1 X130 Y183.3 E2790.97885
G1 X132 Y183.3 E2791.04537
G1 X132 Y51.7 E2795.4224
G1 X132.618 Y51.7 E2795.44295
G1 X132.618 Y183.3 E2799.81999
G1 X132 Y183.3 E2799.84054
G1 F2700 E2794.84054
;MESH:btncover.stl
G0 F9000 X132 Y184.165
G0 X127.577 Y184.153
G0 X127.006 Y183.165
G0 X127.006 Y182.076
G0 X126.311 Y181.62
G0 X126.028 Y181.9
;TYPE:WALL-INNER
G1 F2700 E2799.84054
G1 F1500 X126.828 Y181.9 E2799.86715
G1 X126.828 Y53.1 E2804.15106
G1 X126.028 Y53.1 E2804.17766
G1 X126.028 Y181.9 E2808.46157
G0 F9000 X125.628 Y182.3
;TYPE:WALL-OUTER
G1 F1500 X127.228 Y182.3 E2808.51479
G1 X127.228 Y52.7 E2812.8253
G1 X125.628 Y52.7 E2812.87852
G1 X125.628 Y182.3 E2817.18903
G0 F9000 X125.911 Y182.02
G0 X126.52 Y181.345
G0 X126.748 Y181.345
;TYPE:FILL
G1 F3000 X126.108 Y180.705 E2817.21913
G1 X126.109 Y180.823
G1 X126.748 Y180.652 E2817.24113
G0 F9000 X126.52 Y180.652
G0 X126.341 Y174.612
G0 X126.108 Y174.612
G1 F3000 X126.747 Y174.44 E2817.26314
G0 F9000 X126.52 Y174.44
G0 X126.52 Y172.86
G0 X126.748 Y172.86
G1 F3000 X126.108 Y172.22 E2817.29325
G0 F9000 X126.341 Y172.22
G0 X126.341 Y168.4
G0 X126.108 Y168.4
G1 F3000 X126.748 Y168.229 E2817.31528
G0 F9000 X126.52 Y168.229
G0 X126.341 Y164.989
G0 X126.108 Y164.989
G1 F3000 X126.748 Y162.599 E2817.39757
G0 F9000 X126.748 Y162.017
G1 F3000 X126.108 Y162.188 E2817.41961
G0 F9000 X126.341 Y162.188
G0 X126.341 Y163.735
G0 X126.108 Y163.735
G1 F3000 X126.748 Y164.375 E2817.44971
G0 F9000 X126.52 Y164.375
G0 X126.341 Y155.977
G0 X126.108 Y155.977
G1 F3000 X126.747 Y155.805 E2817.47172
G1 X126.748 Y155.889
G1 X126.108 Y155.25 E2817.5018
G0 F9000 X126.341 Y155.25
G0 X126.341 Y149.765
G0 X126.108 Y149.765
G1 F3000 X126.747 Y149.594 E2817.5238
G0 F9000 X126.52 Y149.594
G0 X126.52 Y147.404
G0 X126.748 Y147.404
G1 F3000 X126.108 Y146.764 E2817.5539
G0 F9000 X126.341 Y146.764
G0 X126.341 Y143.553
G0 X126.108 Y143.553
G1 F3000 X126.748 Y143.382 E2817.57594
G0 F9000 X126.52 Y143.382
G0 X126.341 Y141.806
G0 X126.108 Y141.806
G1 F3000 X126.748 Y139.417 E2817.6582
G0 F9000 X126.748 Y138.919
G1 F3000 X126.108 Y138.279 E2817.6883
G0 F9000 X126.109 Y137.341
G1 F3000 X126.748 Y137.17 E2817.7103
G0 F9000 X126.52 Y137.17
G0 X126.341 Y131.13
G0 X126.108 Y131.13
G1 F3000 X126.747 Y130.959 E2817.7323
G0 F9000 X126.748 Y130.434
G1 F3000 X126.108 Y129.794 E2817.76241
G0 F9000 X126.341 Y129.794
G0 X126.341 Y124.918
G0 X126.108 Y124.918
G1 F3000 X126.748 Y124.747 E2817.78444
G0 F9000 X126.52 Y124.747
G0 X126.52 Y121.948
G0 X126.748 Y121.948
G1 F3000 X126.108 Y121.308 E2817.81454
G0 F9000 X126.341 Y121.308
G0 X126.341 Y118.707
G0 X126.109 Y118.707
G1 F3000 X126.748 Y118.535 E2817.83655
G0 F9000 X126.108 Y118.624
G1 F3000 X126.748 Y116.235 E2817.91881
G0 F9000 X126.52 Y116.235
G0 X126.52 Y113.463
G0 X126.748 Y113.463
G1 F3000 X126.108 Y112.823 E2817.94892
G0 F9000 X126.108 Y112.495
G1 F3000 X126.747 Y112.324 E2817.97092
G0 F9000 X126.52 Y112.324
G0 X126.341 Y106.283
G0 X126.108 Y106.283
G1 F3000 X126.748 Y106.112 E2817.99295
G0 F9000 X126.52 Y106.112
G0 X126.52 Y104.978
G0 X126.748 Y104.978
G1 F3000 X126.108 Y104.338 E2818.02306
G0 F9000 X126.341 Y104.338
G0 X126.341 Y100.072
G0 X126.108 Y100.072
G1 F3000 X126.748 Y99.9 E2818.0451
G0 F9000 X126.52 Y99.9
G0 X126.52 Y96.492
G0 X126.748 Y96.492
G1 F3000 X126.108 Y95.853 E2818.07518
G0 F9000 X126.108 Y95.441
G1 F3000 X126.748 Y93.053 E2818.15741
G0 F9000 X126.747 Y93.689
G1 F3000 X126.109 Y93.86 E2818.17937
G0 F9000 X126.341 Y93.86
G0 X126.52 Y88.007
G0 X126.748 Y88.007
G1 F3000 X126.108 Y87.367 E2818.20948
G0 F9000 X126.108 Y87.648
G1 F3000 X126.748 Y87.477 E2818.23151
G0 F9000 X126.52 Y87.477
G0 X126.341 Y81.437
G0 X126.108 Y81.437
G1 F3000 X126.748 Y81.265 E2818.25355
G0 F9000 X126.52 Y81.265
G0 X126.52 Y79.522
G0 X126.748 Y79.522
G1 F3000 X126.108 Y78.882 E2818.28366
G0 F9000 X126.341 Y78.882
G0 X126.341 Y75.225
G0 X126.109 Y75.225
G1 F3000 X126.747 Y75.054 E2818.30563
G0 F9000 X126.52 Y75.054
G0 X126.341 Y72.259
G0 X126.108 Y72.259
G1 F3000 X126.748 Y69.872 E2818.38782
G0 F9000 X126.108 Y70.397
G1 F3000 X126.748 Y71.037 E2818.41793
G0 F9000 X126.52 Y71.037
G0 X126.341 Y69.013
G0 X126.108 Y69.013
G1 F3000 X126.747 Y68.842 E2818.43993
G0 F9000 X126.52 Y68.842
G0 X126.341 Y62.802
G0 X126.108 Y62.802
G1 F3000 X126.748 Y62.63 E2818.46197
G1 X126.748 Y62.551
G1 X126.108 Y61.911 E2818.49207
G0 F9000 X126.341 Y61.911
G0 X126.341 Y56.59
G0 X126.109 Y56.59
G1 F3000 X126.747 Y56.419 E2818.51404
G0 F9000 X126.52 Y56.419
G0 X126.52 Y54.066
G0 X126.748 Y54.066
G1 F3000 X126.108 Y53.426 E2818.54414
G1 F2700 E2813.54414
G0 F9000 X126.341 Y53.426
G0 X125.861 Y181.62
G0 X124.766 Y181.62
G0 X110.234 Y181.62
G0 X109.139 Y181.62
G0 X108.689 Y181.62
G0 X108.968 Y181.9
;TYPE:WALL-INNER
G1 F2700 E2818.54414
G1 F1500 X108.968 Y53.1 E2822.82805
G1 X108.168 Y53.1 E2822.85466
G1 X108.168 Y181.9 E2827.13856
G1 X108.968 Y181.9 E2827.16517
G0 F9000 X109.368 Y182.3
;TYPE:WALL-OUTER
G1 F1500 X109.368 Y52.7 E2831.47569
G1 X107.768 Y52.7 E2831.5289
G1 X107.768 Y182.3 E2835.83941
G1 X109.368 Y182.3 E2835.89263
G0 F9000 X109.089 Y182.02
G0 X108.659 Y180.456
G0 X108.888 Y180.456
;TYPE:FILL
G1 F3000 X108.248 Y179.816 E2835.92273
G0 F9000 X108.249 Y179.397
G1 F3000 X108.887 Y179.226 E2835.9447
G0 F9000 X108.659 Y179.226
G0 X108.479 Y173.185
G0 X108.248 Y173.185
G1 F3000 X108.888 Y173.014 E2835.96674
G0 F9000 X108.659 Y173.014
G0 X108.659 Y171.97
G0 X108.888 Y171.97
G1 F3000 X108.248 Y171.331 E2835.99682
G0 F9000 X108.479 Y171.331
G0 X108.479 Y166.974
G0 X108.248 Y166.974
G1 F3000 X108.887 Y166.803 E2836.01882
G0 F9000 X108.659 Y166.803
G0 X108.659 Y163.485
G0 X108.888 Y163.485
G1 F3000 X108.248 Y162.845 E2836.04892
G0 F9000 X108.248 Y162.095
G1 F3000 X108.888 Y159.708 E2836.13112
G0 F9000 X108.887 Y160.591
G1 F3000 X108.249 Y160.762 E2836.15309
G0 F9000 X108.479 Y160.762
G0 X108.659 Y155
G0 X108.888 Y155
G1 F3000 X108.248 Y154.36 E2836.18319
G1 X108.248 Y154.551
G1 X108.888 Y154.379 E2836.20523
G0 F9000 X108.659 Y154.379
G0 X108.479 Y148.339
G0 X108.248 Y148.339
G1 F3000 X108.888 Y148.167 E2836.22727
G0 F9000 X108.659 Y148.167
G0 X108.659 Y146.515
G0 X108.888 Y146.515
G1 F3000 X108.248 Y145.875 E2836.25738
G0 F9000 X108.479 Y145.875
G0 X108.479 Y142.127
G0 X108.249 Y142.127
G1 F3000 X108.887 Y141.956 E2836.27935
G0 F9000 X108.659 Y141.956
G0 X108.479 Y138.912
G0 X108.248 Y138.912
G1 F3000 X108.888 Y136.525 E2836.36154
G0 F9000 X108.887 Y135.744
G1 F3000 X108.249 Y135.915 E2836.38351
G0 F9000 X108.479 Y135.915
G0 X108.479 Y137.389
G0 X108.248 Y137.389
G1 F3000 X108.888 Y138.029 E2836.41362
G0 F9000 X108.659 Y138.029
G0 X108.479 Y129.704
G0 X108.248 Y129.704
G1 F3000 X108.888 Y129.532 E2836.43566
G1 X108.888 Y129.544
G1 X108.248 Y128.904 E2836.46576
G0 F9000 X108.479 Y128.904
G0 X108.479 Y123.492
G0 X108.249 Y123.492
G1 F3000 X108.887 Y123.321 E2836.48773
G0 F9000 X108.659 Y123.321
G0 X108.659 Y121.059
G0 X108.888 Y121.059
G1 F3000 X108.248 Y120.419 E2836.51783
G0 F9000 X108.479 Y120.419
G0 X108.479 Y117.28
G0 X108.249 Y117.28
G1 F3000 X108.887 Y117.109 E2836.5398
G0 F9000 X108.659 Y117.109
G0 X108.479 Y115.73
G0 X108.248 Y115.73
G1 F3000 X108.888 Y113.343 E2836.622
G0 F9000 X108.888 Y112.574
G1 F3000 X108.248 Y111.934 E2836.6521
G0 F9000 X108.249 Y111.069
G1 F3000 X108.888 Y110.898 E2836.6741
G0 F9000 X108.659 Y110.898
G0 X108.479 Y104.857
G0 X108.249 Y104.857
G1 F3000 X108.888 Y104.686 E2836.6961
G0 F9000 X108.888 Y104.088
G1 F3000 X108.248 Y103.448 E2836.72621
G0 F9000 X108.479 Y103.448
G0 X108.479 Y98.645
G0 X108.249 Y98.645
G1 F3000 X108.887 Y98.474 E2836.74818
G0 F9000 X108.659 Y98.474
G0 X108.659 Y95.603
G0 X108.888 Y95.603
G1 F3000 X108.248 Y94.963 E2836.77828
G0 F9000 X108.479 Y94.963
G0 X108.479 Y92.547
G0 X108.248 Y92.547
G1 F3000 X108.888 Y90.16 E2836.86048
G0 F9000 X108.659 Y90.16
G0 X108.659 Y92.263
G0 X108.888 Y92.263
G1 F3000 X108.249 Y92.434 E2836.88248
G0 F9000 X108.479 Y92.434
G0 X108.659 Y87.118
G0 X108.888 Y87.118
G1 F3000 X108.248 Y86.478 E2836.91258
G0 F9000 X108.248 Y86.222
G1 F3000 X108.888 Y86.051 E2836.93461
G0 F9000 X108.659 Y86.051
G0 X108.479 Y80.01
G0 X108.249 Y80.01
G1 F3000 X108.887 Y79.839 E2836.95658
G0 F9000 X108.659 Y79.839
G0 X108.659 Y78.632
G0 X108.888 Y78.632
G1 F3000 X108.248 Y77.992 E2836.98669
G0 F9000 X108.479 Y77.992
G0 X108.479 Y73.799
G0 X108.249 Y73.799
G1 F3000 X108.887 Y73.628 E2837.00866
G0 F9000 X108.659 Y73.628
G0 X108.659 Y70.147
G0 X108.888 Y70.147
G1 F3000 X108.248 Y69.507 E2837.03876
G1 X108.249 Y69.364
G1 X108.888 Y66.979 E2837.12088
G0 F9000 X108.888 Y67.416
G1 F3000 X108.249 Y67.587 E2837.14288
G0 F9000 X108.479 Y67.587
G0 X108.659 Y61.662
G0 X108.888 Y61.662
G1 F3000 X108.248 Y61.022 E2837.17299
G0 F9000 X108.249 Y61.376
G1 F3000 X108.888 Y61.204 E2837.195
G0 F9000 X108.659 Y61.204
G0 X108.479 Y55.164
G0 X108.249 Y55.164
G1 F3000 X108.887 Y54.993 E2837.21697
G1 F2700 E2832.21697
;MESH:NONMESH
G0 F300 X108.887 Y54.993 Z5
G0 F9000 X108.659 Y54.993
G0 X107.993 Y182.076
G0 X107.993 Y183.165
G0 X107.422 Y184.153
G0 X104 Y184.165
G0 X104 Y183.3
;TIME_ELAPSED:4349.023672
;LAYER:24
;TYPE:SUPPORT
G1 F2700 E2837.21697
G1 F1500 X102.381 Y183.3 E2837.27081
G1 X102.381 Y51.7 E2841.64785
G1 X104 Y51.7 E2841.7017
G1 X104 Y183.3 E2846.07873
G1 F2700 E2841.07873
G0 F9000 X104 Y184.165
G0 X101.528 Y184.153
G0 X101.528 Y50.847
G0 X104 Y50.835
G0 X104 Y51.7
G1 F2700 E2846.07873
G1 F1500 X106 Y51.7 E2846.14525
G1 X106 Y183.3 E2850.52228
G1 X106.453 Y183.3 E2850.53735
G1 X106.453 Y51.7 E2854.91438
G1 X106 Y51.7 E2854.92945
G1 F2700 E2849.92945
G0 F9000 X106 Y50.835
G0 X107.306 Y50.847
G0 X110.106 Y51.847
G0 X124.894 Y183.153
G0 X127.693 Y184.153
G0 X130 Y184.165
G0 X130 Y183.3
G1 F2700 E2854.92945
G1 F1500 X128.546 Y183.3 E2854.97781
G1 X128.546 Y51.7 E2859.35485
G1 X130 Y51.7 E2859.40321
G1 X130 Y183.3 E2863.78024
G1 X132 Y183.3 E2863.84676
G1 X132 Y51.7 E2868.22379
G1 X132.618 Y51.7 E2868.24435
G1 X132.618 Y183.3 E2872.62138
G1 X132 Y183.3 E2872.64194
G1 F2700 E2867.64194
;MESH:btncover.stl
G0 F9000 X132 Y184.165
G0 X127.693 Y184.153
G0 X127.122 Y183.165
G0 X127.122 Y182.076
G0 X126.427 Y181.62
G0 X126.144 Y181.9
;TYPE:WALL-INNER
G1 F2700 E2872.64194
G1 F1500 X126.944 Y181.9 E2872.66854
G1 X126.944 Y53.1 E2876.95245
G1 X126.144 Y53.1 E2876.97906
G1 X126.144 Y181.9 E2881.26296
G0 F9000 X125.744 Y182.3
;TYPE:WALL-OUTER
G1 F1500 X127.344 Y182.3 E2881.31618
G1 X127.344 Y52.7 E2885.62669
G1 X125.744 Y52.7 E2885.67991
G1 X125.744 Y182.3 E2889.99042
G0 F9000 X126.027 Y182.02
G0 X126.457 Y180.938
G0 X126.225 Y180.938
;TYPE:FILL
G1 F3000 X126.864 Y180.767 E2890.01242
G0 F9000 X126.864 Y181.262
G1 F3000 X126.224 Y180.622 E2890.04253
G0 F9000 X126.457 Y180.622
G0 X126.457 Y174.726
G0 X126.225 Y174.726
G1 F3000 X126.864 Y174.555 E2890.06453
G0 F9000 X126.636 Y174.555
G0 X126.636 Y172.777
G0 X126.864 Y172.777
G1 F3000 X126.224 Y172.137 E2890.09463
G0 F9000 X126.457 Y172.137
G0 X126.457 Y168.515
G0 X126.225 Y168.515
G1 F3000 X126.863 Y168.344 E2890.1166
G0 F9000 X126.636 Y168.344
G0 X126.636 Y164.291
G0 X126.864 Y164.291
G1 F3000 X126.224 Y163.651 E2890.14671
G0 F9000 X126.225 Y164.008
G1 F3000 X126.864 Y161.622 E2890.22886
G0 F9000 X126.864 Y162.132
G1 F3000 X126.225 Y162.303 E2890.25086
G0 F9000 X126.457 Y162.303
G0 X126.457 Y156.091
G0 X126.224 Y156.091
G1 F3000 X126.864 Y155.92 E2890.27289
G1 X126.864 Y155.806
G1 X126.224 Y155.166 E2890.303
G0 F9000 X126.457 Y155.166
G0 X126.457 Y149.88
G0 X126.225 Y149.88
G1 F3000 X126.863 Y149.709 E2890.32497
G0 F9000 X126.636 Y149.709
G0 X126.636 Y147.321
G0 X126.864 Y147.321
G1 F3000 X126.224 Y146.681 E2890.35507
G0 F9000 X126.457 Y146.681
G0 X126.457 Y143.668
G0 X126.225 Y143.668
G1 F3000 X126.863 Y143.497 E2890.37704
G0 F9000 X126.636 Y143.497
G0 X126.457 Y140.826
G0 X126.225 Y140.826
G1 F3000 X126.864 Y138.44 E2890.4592
G0 F9000 X126.864 Y138.835
G1 F3000 X126.224 Y138.196 E2890.48928
G0 F9000 X126.224 Y137.456
G1 F3000 X126.864 Y137.285 E2890.51131
G0 F9000 X126.636 Y137.285
G0 X126.457 Y131.245
G0 X126.225 Y131.245
G1 F3000 X126.863 Y131.074 E2890.53328
G0 F9000 X126.864 Y130.35
G1 F3000 X126.224 Y129.71 E2890.56338
G0 F9000 X126.457 Y129.71
G0 X126.457 Y125.033
G0 X126.225 Y125.033
G1 F3000 X126.863 Y124.862 E2890.58535
G0 F9000 X126.636 Y124.862
G0 X126.636 Y121.865
G0 X126.864 Y121.865
G1 F3000 X126.224 Y121.225 E2890.61545
G0 F9000 X126.457 Y121.225
G0 X126.457 Y118.822
G0 X126.224 Y118.822
G1 F3000 X126.864 Y118.65 E2890.6375
G0 F9000 X126.636 Y118.65
G0 X126.457 Y117.644
G0 X126.225 Y117.644
G1 F3000 X126.864 Y115.258 E2890.71965
G0 F9000 X126.636 Y115.258
G0 X126.636 Y113.38
G0 X126.864 Y113.38
G1 F3000 X126.224 Y112.74 E2890.74975
G1 X126.225 Y112.61
G1 X126.863 Y112.439 E2890.77172
G0 F9000 X126.636 Y112.439
G0 X126.457 Y106.398
G0 X126.225 Y106.398
G1 F3000 X126.863 Y106.227 E2890.79369
G0 F9000 X126.636 Y106.227
G0 X126.636 Y104.894
G0 X126.864 Y104.894
G1 F3000 X126.224 Y104.254 E2890.8238
G0 F9000 X126.457 Y104.254
G0 X126.457 Y100.187
G0 X126.224 Y100.187
G1 F3000 X126.864 Y100.015 E2890.84584
G0 F9000 X126.636 Y100.015
G0 X126.636 Y96.409
G0 X126.864 Y96.409
G1 F3000 X126.224 Y95.769 E2890.87594
G0 F9000 X126.457 Y95.769
G0 X126.457 Y94.463
G0 X126.224 Y94.463
G1 F3000 X126.864 Y92.076 E2890.95814
G0 F9000 X126.636 Y92.076
G0 X126.636 Y93.803
G0 X126.864 Y93.803
G1 F3000 X126.224 Y93.975 E2890.98018
G0 F9000 X126.457 Y93.975
G0 X126.636 Y87.924
G0 X126.864 Y87.924
G1 F3000 X126.224 Y87.284 E2891.01028
G0 F9000 X126.225 Y87.763
G1 F3000 X126.863 Y87.592 E2891.03225
G0 F9000 X126.636 Y87.592
G0 X126.457 Y81.552
G0 X126.224 Y81.552
G1 F3000 X126.864 Y81.38 E2891.05429
G0 F9000 X126.636 Y81.38
G0 X126.636 Y79.438
G0 X126.864 Y79.438
G1 F3000 X126.224 Y78.799 E2891.08437
G0 F9000 X126.457 Y78.799
G0 X126.457 Y75.34
G0 X126.224 Y75.34
G1 F3000 X126.864 Y75.169 E2891.10641
G0 F9000 X126.636 Y75.169
G0 X126.457 Y71.281
G0 X126.224 Y71.281
G1 F3000 X126.864 Y68.894 E2891.1886
G1 X126.863 Y68.957
G1 X126.225 Y69.128 E2891.21057
G0 F9000 X126.457 Y69.128
G0 X126.457 Y70.313
G0 X126.224 Y70.313
G1 F3000 X126.864 Y70.953 E2891.24068
G0 F9000 X126.636 Y70.953
G0 X126.457 Y62.917
G0 X126.224 Y62.917
G1 F3000 X126.863 Y62.745 E2891.26269
G0 F9000 X126.864 Y62.468
G1 F3000 X126.224 Y61.828 E2891.29279
G0 F9000 X126.457 Y61.828
G0 X126.457 Y56.705
G0 X126.224 Y56.705
G1 F3000 X126.864 Y56.534 E2891.31482
G0 F9000 X126.636 Y56.534
G0 X126.636 Y53.983
G0 X126.864 Y53.983
G1 F3000 X126.224 Y53.343 E2891.34493
G1 F2700 E2886.34493
G0 F9000 X126.457 Y53.343
G0 X125.977 Y181.62
G0 X124.882 Y181.62
G0 X110.118 Y181.62
G0 X109.023 Y181.62
G0 X108.573 Y181.62
G0 X108.852 Y181.9
;TYPE:WALL-INNER
G1 F2700 E2891.34493
G1 F1500 X108.852 Y53.1 E2895.62883
G1 X108.052 Y53.1 E2895.65544
G1 X108.052 Y181.9 E2899.93934
G1 X108.852 Y181.9 E2899.96595
G0 F9000 X109.252 Y182.3
;TYPE:WALL-OUTER
G1 F1500 X109.252 Y52.7 E2904.27647
G1 X107.652 Y52.7 E2904.32968
G1 X107.652 Y182.3 E2908.6402
G1 X109.252 Y182.3 E2908.69341
G0 F9000 X108.973 Y182.02
G0 X108.543 Y180.14
G0 X108.772 Y180.14
;TYPE:FILL
G1 F3000 X108.132 Y179.5 E2908.72352
G1 X108.133 Y179.574
G1 X108.771 Y179.403 E2908.74548
G0 F9000 X108.543 Y179.403
G0 X108.363 Y173.363
G0 X108.132 Y173.363
G1 F3000 X108.771 Y173.191 E2908.76749
G0 F9000 X108.543 Y173.191
G0 X108.543 Y171.655
G0 X108.772 Y171.655
G1 F3000 X108.132 Y171.015 E2908.7976
G0 F9000 X108.363 Y171.015
G0 X108.363 Y167.151
G0 X108.132 Y167.151
G1 F3000 X108.772 Y166.979 E2908.81964
G0 F9000 X108.543 Y166.979
G0 X108.543 Y163.17
G0 X108.772 Y163.17
G1 F3000 X108.132 Y162.53 E2908.84974
G0 F9000 X108.132 Y161.983
G1 F3000 X108.772 Y159.596 E2908.93194
G0 F9000 X108.543 Y159.596
G0 X108.543 Y160.768
G0 X108.771 Y160.768
G1 F3000 X108.133 Y160.939 E2908.95391
G0 F9000 X108.363 Y160.939
G0 X108.363 Y154.728
G0 X108.132 Y154.728
G1 F3000 X108.771 Y154.556 E2908.97592
G1 X108.772 Y154.685
G1 X108.132 Y154.045 E2909.00602
G0 F9000 X108.363 Y154.045
G0 X108.363 Y148.516
G0 X108.132 Y148.516
G1 F3000 X108.772 Y148.345 E2909.02806
G0 F9000 X108.543 Y148.345
G0 X108.543 Y146.199
G0 X108.772 Y146.199
G1 F3000 X108.132 Y145.559 E2909.05816
G0 F9000 X108.363 Y145.559
G0 X108.363 Y142.304
G0 X108.133 Y142.304
G1 F3000 X108.771 Y142.133 E2909.08013
G0 F9000 X108.543 Y142.133
G0 X108.363 Y138.801
G0 X108.132 Y138.801
G1 F3000 X108.772 Y136.413 E2909.16236
G0 F9000 X108.771 Y135.921
G1 F3000 X108.132 Y136.093 E2909.18437
G0 F9000 X108.132 Y137.074
G1 F3000 X108.772 Y137.714 E2909.21447
G0 F9000 X108.543 Y137.714
G0 X108.363 Y129.881
G0 X108.132 Y129.881
G1 F3000 X108.772 Y129.71 E2909.2365
G0 F9000 X108.772 Y129.229
G1 F3000 X108.132 Y128.589 E2909.26661
G0 F9000 X108.363 Y128.589
G0 X108.363 Y123.669
G0 X108.132 Y123.669
G1 F3000 X108.772 Y123.498 E2909.28864
G0 F9000 X108.543 Y123.498
G0 X108.543 Y120.743
G0 X108.772 Y120.743
G1 F3000 X108.132 Y120.104 E2909.31872
G0 F9000 X108.363 Y120.104
G0 X108.363 Y117.458
G0 X108.132 Y117.458
G1 F3000 X108.771 Y117.286 E2909.34073
G0 F9000 X108.543 Y117.286
G0 X108.363 Y115.619
G0 X108.132 Y115.619
G1 F3000 X108.772 Y113.231 E2909.42296
G0 F9000 X108.772 Y112.258
G1 F3000 X108.132 Y111.618 E2909.45306
G0 F9000 X108.132 Y111.246
G1 F3000 X108.772 Y111.075 E2909.47509
G0 F9000 X108.543 Y111.075
G0 X108.363 Y105.034
G0 X108.132 Y105.034
G1 F3000 X108.772 Y104.863 E2909.49713
G0 F9000 X108.543 Y104.863
G0 X108.543 Y103.773
G0 X108.772 Y103.773
G1 F3000 X108.132 Y103.133 E2909.52723
G0 F9000 X108.363 Y103.133
G0 X108.363 Y98.822
G0 X108.133 Y98.822
G1 F3000 X108.771 Y98.651 E2909.5492
G0 F9000 X108.543 Y98.651
G0 X108.543 Y95.288
G0 X108.772 Y95.288
G1 F3000 X108.132 Y94.648 E2909.5793
G0 F9000 X108.363 Y94.648
G0 X108.363 Y92.611
G0 X108.132 Y92.611
G1 F3000 X108.771 Y92.44 E2909.6013
G0 F9000 X108.132 Y92.437
G1 F3000 X108.772 Y90.049 E2909.68353
G0 F9000 X108.543 Y90.049
G0 X108.543 Y86.802
G0 X108.772 Y86.802
G1 F3000 X108.132 Y86.162 E2909.71364
G0 F9000 X108.132 Y86.399
G1 F3000 X108.772 Y86.228 E2909.73567
G0 F9000 X108.543 Y86.228
G0 X108.363 Y80.188
G0 X108.133 Y80.188
G1 F3000 X108.772 Y80.016 E2909.75768
G0 F9000 X108.543 Y80.016
G0 X108.543 Y78.317
G0 X108.772 Y78.317
G1 F3000 X108.132 Y77.677 E2909.78778
G0 F9000 X108.363 Y77.677
G0 X108.363 Y73.976
G0 X108.132 Y73.976
G1 F3000 X108.771 Y73.805 E2909.80978
G0 F9000 X108.543 Y73.805
G0 X108.543 Y69.832
G0 X108.772 Y69.832
G1 F3000 X108.132 Y69.192 E2909.83989
G1 X108.132 Y69.255
G1 X108.772 Y66.867 E2909.92212
G0 F9000 X108.772 Y67.593
G1 F3000 X108.132 Y67.764 E2909.94415
G0 F9000 X108.363 Y67.764
G0 X108.363 Y61.553
G0 X108.133 Y61.553
G1 F3000 X108.772 Y61.381 E2909.96616
G1 X108.772 Y61.346
G1 X108.132 Y60.707 E2909.99624
G0 F9000 X108.363 Y60.707
G0 X108.363 Y55.341
G0 X108.132 Y55.341
G1 F3000 X108.771 Y55.17 E2910.01824
G1 F2700 E2905.01824
;MESH:NONMESH
G0 F300 X108.771 Y55.17 Z5.2
G0 F9000 X108.543 Y55.17
G0 X107.877 Y182.076
G0 X107.877 Y183.165
G0 X107.306 Y184.153
G0 X104 Y184.165
G0 X104 Y183.3
;TIME_ELAPSED:4460.335495
;LAYER:25
;TYPE:SUPPORT
G1 F2700 E2910.01824
G1 F1500 X102.381 Y183.3 E2910.07209
G1 X102.381 Y51.7 E2914.44912
G1 X104 Y51.7 E2914.50297
G1 X104 Y183.3 E2918.88
G1 F2700 E2913.88
G0 F9000 X104 Y184.165
G0 X101.528 Y184.153
G0 X101.528 Y50.847
G0 X104 Y50.835
G0 X104 Y51.7
G1 F2700 E2918.88
G1 F1500 X106 Y51.7 E2918.94652
G1 X106 Y183.3 E2923.32356
G1 X106.338 Y183.3 E2923.3348
G1 X106.338 Y51.7 E2927.71183
G1 X106 Y51.7 E2927.72308
G1 F2700 E2922.72308
G0 F9000 X106 Y50.835
G0 X107.191 Y50.847
G0 X109.991 Y51.847
G0 X125.009 Y183.153
G0 X127.808 Y184.153
G0 X130 Y184.165
G0 X130 Y183.3
G1 F2700 E2927.72308
G1 F1500 X128.661 Y183.3 E2927.76761
G1 X128.661 Y51.7 E2932.14464
G1 X130 Y51.7 E2932.18918
G1 X130 Y183.3 E2936.56621
G1 X132 Y183.3 E2936.63273
G1 X132 Y51.7 E2941.00977
G1 X132.618 Y51.7 E2941.03032
G1 X132.618 Y183.3 E2945.40736
G1 X132 Y183.3 E2945.42791
G1 F2700 E2940.42791
;MESH:btncover.stl
G0 F9000 X132 Y184.165
G0 X127.808 Y184.153
G0 X127.237 Y183.165
G0 X127.237 Y182.076
G0 X126.542 Y181.62
G0 X126.26 Y181.9
;TYPE:WALL-INNER
G1 F2700 E2945.42791
G1 F1500 X127.06 Y181.9 E2945.45452
G1 X127.06 Y53.1 E2949.73842
G1 X126.26 Y53.1 E2949.76503
G1 X126.26 Y181.9 E2954.04894
G0 F9000 X125.86 Y182.3
;TYPE:WALL-OUTER
G1 F1500 X127.46 Y182.3 E2954.10215
G1 X127.46 Y52.7 E2958.41267
G1 X125.86 Y52.7 E2958.46588
G1 X125.86 Y182.3 E2962.7764
G0 F9000 X126.142 Y182.02
G0 X126.572 Y181.053
G0 X126.341 Y181.053
;TYPE:FILL
G1 F3000 X126.979 Y180.882 E2962.79837
G0 F9000 X126.98 Y181.178
G1 F3000 X126.34 Y180.539 E2962.82845
G0 F9000 X126.572 Y180.539
G0 X126.572 Y174.841
G0 X126.341 Y174.841
G1 F3000 X126.98 Y174.67 E2962.85045
G0 F9000 X126.751 Y174.67
G0 X126.751 Y172.693
G0 X126.98 Y172.693
G1 F3000 X126.34 Y172.053 E2962.88055
G0 F9000 X126.572 Y172.053
G0 X126.572 Y168.63
G0 X126.34 Y168.63
G1 F3000 X126.98 Y168.458 E2962.90259
G0 F9000 X126.751 Y168.458
G0 X126.751 Y164.208
G0 X126.98 Y164.208
G1 F3000 X126.34 Y163.568 E2962.9327
G0 F9000 X126.341 Y163.03
G1 F3000 X126.98 Y160.644 E2963.01485
G0 F9000 X126.751 Y160.644
G0 X126.751 Y162.247
G0 X126.979 Y162.247
G1 F3000 X126.341 Y162.418 E2963.03682
G0 F9000 X126.572 Y162.418
G0 X126.572 Y156.206
G0 X126.341 Y156.206
G1 F3000 X126.98 Y156.035 E2963.05882
G0 F9000 X126.98 Y155.723
G1 F3000 X126.34 Y155.083 E2963.08893
G0 F9000 X126.572 Y155.083
G0 X126.572 Y149.995
G0 X126.34 Y149.995
G1 F3000 X126.98 Y149.823 E2963.11097
G0 F9000 X126.751 Y149.823
G0 X126.751 Y147.237
G0 X126.98 Y147.237
G1 F3000 X126.34 Y146.597 E2963.14107
G0 F9000 X126.572 Y146.597
G0 X126.572 Y143.783
G0 X126.341 Y143.783
G1 F3000 X126.979 Y143.612 E2963.16304
G0 F9000 X126.751 Y143.612
G0 X126.572 Y139.849
G0 X126.34 Y139.849
G1 F3000 X126.98 Y137.462 E2963.24524
G1 X126.979 Y137.4
G1 X126.341 Y137.571 E2963.26721
G0 F9000 X126.34 Y138.112
G1 F3000 X126.98 Y138.752 E2963.29731
G0 F9000 X126.751 Y138.752
G0 X126.572 Y131.36
G0 X126.34 Y131.36
G1 F3000 X126.98 Y131.188 E2963.31935
G0 F9000 X126.98 Y130.267
G1 F3000 X126.34 Y129.627 E2963.34945
G0 F9000 X126.572 Y129.627
G0 X126.572 Y125.148
G0 X126.341 Y125.148
G1 F3000 X126.979 Y124.977 E2963.37142
G0 F9000 X126.751 Y124.977
G0 X126.751 Y121.781
G0 X126.98 Y121.781
G1 F3000 X126.34 Y121.142 E2963.4015
G0 F9000 X126.572 Y121.142
G0 X126.572 Y118.936
G0 X126.341 Y118.936
G1 F3000 X126.979 Y118.765 E2963.42347
G0 F9000 X126.751 Y118.765
G0 X126.572 Y116.667
G0 X126.34 Y116.667
G1 F3000 X126.98 Y114.28 E2963.50567
G0 F9000 X126.98 Y113.296
G1 F3000 X126.34 Y112.656 E2963.53577
G1 X126.34 Y112.725
G1 X126.98 Y112.553 E2963.55781
G0 F9000 X126.751 Y112.553
G0 X126.572 Y106.513
G0 X126.341 Y106.513
G1 F3000 X126.979 Y106.342 E2963.57978
G0 F9000 X126.751 Y106.342
G0 X126.751 Y104.811
G0 X126.98 Y104.811
G1 F3000 X126.34 Y104.171 E2963.60989
G0 F9000 X126.572 Y104.171
G0 X126.572 Y100.301
G0 X126.341 Y100.301
G1 F3000 X126.979 Y100.13 E2963.63186
G0 F9000 X126.751 Y100.13
G0 X126.751 Y96.326
G0 X126.98 Y96.326
G1 F3000 X126.34 Y95.686 E2963.66196
G0 F9000 X126.572 Y95.686
G0 X126.572 Y94.09
G0 X126.34 Y94.09
G1 F3000 X126.98 Y93.918 E2963.684
G0 F9000 X126.34 Y93.485
G1 F3000 X126.98 Y91.098 E2963.7662
G0 F9000 X126.751 Y91.098
G0 X126.751 Y87.84
G0 X126.98 Y87.84
G1 F3000 X126.34 Y87.2 E2963.7963
G0 F9000 X126.34 Y87.878
G1 F3000 X126.979 Y87.707 E2963.8183
G0 F9000 X126.751 Y87.707
G0 X126.572 Y81.666
G0 X126.341 Y81.666
G1 F3000 X126.979 Y81.495 E2963.84027
G0 F9000 X126.751 Y81.495
G0 X126.751 Y79.355
G0 X126.98 Y79.355
G1 F3000 X126.34 Y78.715 E2963.87037
G0 F9000 X126.572 Y78.715
G0 X126.572 Y75.455
G0 X126.34 Y75.455
G1 F3000 X126.98 Y75.284 E2963.89241
G0 F9000 X126.751 Y75.284
G0 X126.751 Y70.87
G0 X126.98 Y70.87
G1 F3000 X126.34 Y70.23 E2963.92251
G1 X126.34 Y70.304
G1 X126.98 Y67.916 E2964.00474
G0 F9000 X126.751 Y67.916
G0 X126.751 Y69.072
G0 X126.98 Y69.072
G1 F3000 X126.34 Y69.243 E2964.02677
G0 F9000 X126.572 Y69.243
G0 X126.572 Y63.031
G0 X126.341 Y63.031
G1 F3000 X126.979 Y62.86 E2964.04874
G0 F9000 X126.98 Y62.384
G1 F3000 X126.34 Y61.745 E2964.07882
G0 F9000 X126.572 Y61.745
G0 X126.572 Y56.82
G0 X126.34 Y56.82
G1 F3000 X126.979 Y56.649 E2964.10082
G0 F9000 X126.751 Y56.649
G0 X126.751 Y53.899
G0 X126.98 Y53.899
G1 F3000 X126.34 Y53.259 E2964.13093
G1 F2700 E2959.13093
G0 F9000 X126.542 Y53.38
G0 X126.092 Y181.62
G0 X124.997 Y181.62
G0 X110.003 Y181.62
G0 X108.908 Y181.62
G0 X108.458 Y181.62
G0 X108.736 Y181.9
;TYPE:WALL-INNER
G1 F2700 E2964.13093
G1 F1500 X108.736 Y53.1 E2968.41483
G1 X107.936 Y53.1 E2968.44144
G1 X107.936 Y181.9 E2972.72535
G1 X108.736 Y181.9 E2972.75195
G0 F9000 X109.136 Y182.3
;TYPE:WALL-OUTER
G1 F1500 X109.136 Y52.7 E2977.06247
G1 X107.536 Y52.7 E2977.11568
G1 X107.536 Y182.3 E2981.4262
G1 X109.136 Y182.3 E2981.47941
G0 F9000 X108.858 Y182.02
G0 X108.428 Y179.825
G0 X108.656 Y179.825
;TYPE:FILL
G1 F3000 X108.016 Y179.185 E2981.50952
G0 F9000 X108.017 Y179.751
G1 F3000 X108.655 Y179.58 E2981.53149
G0 F9000 X108.428 Y179.58
G0 X108.248 Y173.539
G0 X108.017 Y173.539
G1 F3000 X108.655 Y173.368 E2981.55345
G0 F9000 X108.428 Y173.368
G0 X108.428 Y171.34
G0 X108.656 Y171.34
G1 F3000 X108.016 Y170.7 E2981.58356
G0 F9000 X108.248 Y170.7
G0 X108.248 Y167.328
G0 X108.016 Y167.328
G1 F3000 X108.656 Y167.157 E2981.60559
G0 F9000 X108.428 Y167.157
G0 X108.428 Y162.854
G0 X108.656 Y162.854
G1 F3000 X108.016 Y162.215 E2981.63567
G0 F9000 X108.016 Y161.871
G1 F3000 X108.656 Y159.484 E2981.71787
G0 F9000 X108.428 Y159.484
G0 X108.428 Y160.945
G0 X108.655 Y160.945
G1 F3000 X108.017 Y161.116 E2981.73984
G0 F9000 X108.248 Y161.116
G0 X108.248 Y154.904
G0 X108.017 Y154.904
G1 F3000 X108.655 Y154.733 E2981.76181
G0 F9000 X108.656 Y154.369
G1 F3000 X108.016 Y153.729 E2981.79191
G0 F9000 X108.248 Y153.729
G0 X108.248 Y148.693
G0 X108.016 Y148.693
G1 F3000 X108.656 Y148.522 E2981.81394
G0 F9000 X108.428 Y148.522
G0 X108.428 Y145.884
G0 X108.656 Y145.884
G1 F3000 X108.016 Y145.244 E2981.84405
G0 F9000 X108.248 Y145.244
G0 X108.248 Y142.481
G0 X108.016 Y142.481
G1 F3000 X108.656 Y142.31 E2981.86608
G0 F9000 X108.428 Y142.31
G0 X108.248 Y138.689
G0 X108.016 Y138.689
G1 F3000 X108.656 Y136.302 E2981.94827
G0 F9000 X108.655 Y136.098
G1 F3000 X108.017 Y136.269 E2981.97024
G0 F9000 X108.016 Y136.759
G1 F3000 X108.656 Y137.399 E2982.00035
G0 F9000 X108.428 Y137.399
G0 X108.248 Y130.058
G0 X108.016 Y130.058
G1 F3000 X108.655 Y129.887 E2982.02235
G0 F9000 X108.656 Y128.913
G1 F3000 X108.016 Y128.273 E2982.05245
G0 F9000 X108.248 Y128.273
G0 X108.248 Y123.846
G0 X108.016 Y123.846
G1 F3000 X108.656 Y123.675 E2982.07449
G0 F9000 X108.428 Y123.675
G0 X108.428 Y120.428
G0 X108.656 Y120.428
G1 F3000 X108.016 Y119.788 E2982.10459
G0 F9000 X108.248 Y119.788
G0 X108.248 Y117.635
G0 X108.017 Y117.635
G1 F3000 X108.656 Y117.463 E2982.1266
G0 F9000 X108.428 Y117.463
G0 X108.248 Y115.507
G0 X108.016 Y115.507
G1 F3000 X108.656 Y113.119 E2982.20883
G0 F9000 X108.428 Y113.119
G0 X108.428 Y111.943
G0 X108.656 Y111.943
G1 F3000 X108.016 Y111.303 E2982.23893
G1 X108.016 Y111.423
G1 X108.655 Y111.252 E2982.26093
G0 F9000 X108.428 Y111.252
G0 X108.248 Y105.211
G0 X108.016 Y105.211
G1 F3000 X108.656 Y105.04 E2982.28296
G0 F9000 X108.428 Y105.04
G0 X108.428 Y103.458
G0 X108.656 Y103.458
G1 F3000 X108.016 Y102.818 E2982.31307
G0 F9000 X108.248 Y102.818
G0 X108.248 Y99
G0 X108.017 Y99
G1 F3000 X108.656 Y98.828 E2982.33508
G0 F9000 X108.428 Y98.828
G0 X108.428 Y94.972
G0 X108.656 Y94.972
G1 F3000 X108.016 Y94.332 E2982.36518
G0 F9000 X108.248 Y94.332
G0 X108.248 Y92.788
G0 X108.016 Y92.788
G1 F3000 X108.655 Y92.617 E2982.38718
G0 F9000 X108.016 Y92.326
G1 F3000 X108.656 Y89.937 E2982.46944
G0 F9000 X108.428 Y89.937
G0 X108.248 Y86.576
G0 X108.016 Y86.576
G1 F3000 X108.656 Y86.405 E2982.49148
G1 X108.656 Y86.487
G1 X108.016 Y85.847 E2982.52158
G0 F9000 X108.248 Y85.847
G0 X108.248 Y80.365
G0 X108.016 Y80.365
G1 F3000 X108.656 Y80.193 E2982.54362
G0 F9000 X108.428 Y80.193
G0 X108.428 Y78.002
G0 X108.656 Y78.002
G1 F3000 X108.016 Y77.362 E2982.57373
G0 F9000 X108.248 Y77.362
G0 X108.248 Y74.153
G0 X108.016 Y74.153
G1 F3000 X108.656 Y73.982 E2982.59576
G0 F9000 X108.428 Y73.982
G0 X108.428 Y69.516
G0 X108.656 Y69.516
G1 F3000 X108.016 Y68.876 E2982.62586
G0 F9000 X108.016 Y69.144
G1 F3000 X108.656 Y66.754 E2982.70815
G0 F9000 X108.428 Y66.754
G0 X108.428 Y67.77
G0 X108.656 Y67.77
G1 F3000 X108.016 Y67.941 E2982.73019
G0 F9000 X108.248 Y67.941
G0 X108.248 Y61.73
G0 X108.016 Y61.73
G1 F3000 X108.656 Y61.558 E2982.75223
G0 F9000 X108.656 Y61.031
G1 F3000 X108.016 Y60.391 E2982.78233
G0 F9000 X108.248 Y60.391
G0 X108.248 Y55.518
G0 X108.016 Y55.518
G1 F3000 X108.656 Y55.347 E2982.80437
G1 F2700 E2977.80437
;MESH:NONMESH
G0 F300 X108.656 Y55.347 Z5.4
G0 F9000 X108.428 Y55.347
G0 X107.762 Y182.076
G0 X107.762 Y183.165
G0 X107.191 Y184.153
G0 X104 Y184.165
G0 X104 Y183.3
;TIME_ELAPSED:4571.762351
;LAYER:26
;TYPE:SUPPORT
G1 F2700 E2982.80437
G1 F1500 X102.381 Y183.3 E2982.85821
G1 X102.381 Y51.7 E2987.23525
G1 X104 Y51.7 E2987.2891
G1 X104 Y183.3 E2991.66613
G1 F2700 E2986.66613
G0 F9000 X104 Y184.165
G0 X101.528 Y184.153
G0 X101.528 Y50.847
G0 X104 Y50.835
G0 X104 Y51.7
G1 F2700 E2991.66613
G1 F1500 X106 Y51.7 E2991.73265
G1 X106 Y183.3 E2996.10968
G1 X106.222 Y183.3 E2996.11707
G1 X106.222 Y51.7 E3000.4941
G1 X106 Y51.7 E3000.50149
G1 F2700 E2995.50149
G0 F9000 X107.075 Y51.847
G0 X109.875 Y51.847
G0 X125.125 Y183.153
G0 X127.924 Y184.153
G0 X130 Y184.165
G0 X130 Y183.3
G1 F2700 E3000.50149
G1 F1500 X128.777 Y183.3 E3000.54216
G1 X128.777 Y51.7 E3004.9192
G1 X130 Y51.7 E3004.95987
G1 X130 Y183.3 E3009.33691
G1 X132 Y183.3 E3009.40343
G1 X132 Y51.7 E3013.78046
G1 X132.618 Y51.7 E3013.80102
G1 X132.618 Y183.3 E3018.17805
G1 X132 Y183.3 E3018.1986
G1 F2700 E3013.1986
;MESH:btncover.stl
G0 F9000 X132 Y184.165
G0 X127.924 Y184.153
G0 X127.353 Y183.165
G0 X127.353 Y182.076
G0 X126.658 Y181.62
G0 X126.376 Y181.9
;TYPE:WALL-INNER
G1 F2700 E3018.1986
G1 F1500 X127.176 Y181.9 E3018.22521
G1 X127.176 Y53.1 E3022.50912
G1 X126.376 Y53.1 E3022.53573
G1 X126.376 Y181.9 E3026.81963
G0 F9000 X125.976 Y182.3
;TYPE:WALL-OUTER
G1 F1500 X127.576 Y182.3 E3026.87285
G1 X127.576 Y52.7 E3031.18336
G1 X125.976 Y52.7 E3031.23658
G1 X125.976 Y182.3 E3035.54709
G0 F9000 X126.258 Y182.02
G0 X126.688 Y181.169
G0 X126.457 Y181.169
;TYPE:FILL
G1 F3000 X127.095 Y180.998 E3035.56906
G1 X127.096 Y181.094
G1 X126.456 Y180.454 E3035.59916
G0 F9000 X126.688 Y180.454
G0 X126.688 Y174.957
G0 X126.457 Y174.957
G1 F3000 X127.096 Y174.786 E3035.62117
G0 F9000 X126.867 Y174.786
G0 X126.867 Y172.608
G0 X127.096 Y172.608
G1 F3000 X126.456 Y171.968 E3035.65127
G0 F9000 X126.688 Y171.968
G0 X126.688 Y168.746
G0 X126.456 Y168.746
G1 F3000 X127.096 Y168.574 E3035.67331
G0 F9000 X126.867 Y168.574
G0 X126.867 Y164.123
G0 X127.096 Y164.123
G1 F3000 X126.456 Y163.483 E3035.70341
G0 F9000 X126.457 Y162.534
G1 F3000 X127.095 Y162.363 E3035.72538
G0 F9000 X126.457 Y162.049
G1 F3000 X127.096 Y159.662 E3035.80757
G0 F9000 X126.867 Y159.662
G0 X126.688 Y156.322
G0 X126.457 Y156.322
G1 F3000 X127.096 Y156.151 E3035.82957
G0 F9000 X127.096 Y155.638
G1 F3000 X126.456 Y154.998 E3035.85968
G0 F9000 X126.688 Y154.998
G0 X126.688 Y150.111
G0 X126.456 Y150.111
G1 F3000 X127.096 Y149.939 E3035.88172
G0 F9000 X126.867 Y149.939
G0 X126.867 Y147.152
G0 X127.096 Y147.152
G1 F3000 X126.456 Y146.513 E3035.9118
G0 F9000 X126.688 Y146.513
G0 X126.688 Y143.899
G0 X126.457 Y143.899
G1 F3000 X127.095 Y143.728 E3035.93377
G0 F9000 X126.867 Y143.728
G0 X126.688 Y138.867
G0 X126.456 Y138.867
G1 F3000 X127.096 Y136.48 E3036.01596
G0 F9000 X126.867 Y136.48
G0 X126.867 Y137.516
G0 X127.095 Y137.516
G1 F3000 X126.457 Y137.687 E3036.03793
G0 F9000 X126.456 Y138.027
G1 F3000 X127.096 Y138.667 E3036.06803
G0 F9000 X126.867 Y138.667
G0 X126.688 Y131.476
G0 X126.456 Y131.476
G1 F3000 X127.096 Y131.304 E3036.09008
G0 F9000 X126.867 Y131.304
G0 X126.867 Y130.182
G0 X127.096 Y130.182
G1 F3000 X126.456 Y129.542 E3036.12018
G0 F9000 X126.688 Y129.542
G0 X126.688 Y125.264
G0 X126.457 Y125.264
G1 F3000 X127.095 Y125.093 E3036.14215
G0 F9000 X126.867 Y125.093
G0 X126.867 Y121.697
G0 X127.096 Y121.697
G1 F3000 X126.456 Y121.057 E3036.17225
G0 F9000 X126.688 Y121.057
G0 X126.688 Y119.052
G0 X126.457 Y119.052
G1 F3000 X127.095 Y118.881 E3036.19422
G0 F9000 X126.867 Y118.881
G0 X126.688 Y115.685
G0 X126.456 Y115.685
G1 F3000 X127.096 Y113.298 E3036.27642
G1 X127.096 Y113.211
G1 X126.456 Y112.571 E3036.30652
G0 F9000 X126.456 Y112.841
G1 F3000 X127.096 Y112.669 E3036.32856
G0 F9000 X126.867 Y112.669
G0 X126.688 Y106.629
G0 X126.457 Y106.629
G1 F3000 X127.095 Y106.458 E3036.35053
G0 F9000 X126.867 Y106.458
G0 X126.867 Y104.726
G0 X127.096 Y104.726
G1 F3000 X126.456 Y104.086 E3036.38064
G0 F9000 X126.688 Y104.086
G0 X126.688 Y100.417
G0 X126.457 Y100.417
G1 F3000 X127.095 Y100.246 E3036.4026
G0 F9000 X126.867 Y100.246
G0 X126.867 Y96.241
G0 X127.096 Y96.241
G1 F3000 X126.456 Y95.601 E3036.43271
G0 F9000 X126.688 Y95.601
G0 X126.688 Y94.206
G0 X126.456 Y94.206
G1 F3000 X127.096 Y94.034 E3036.45475
G0 F9000 X126.867 Y94.034
G0 X126.688 Y92.504
G0 X126.456 Y92.504
G1 F3000 X127.096 Y90.116 E3036.53698
G0 F9000 X126.867 Y90.116
G0 X126.688 Y87.994
G0 X126.456 Y87.994
G1 F3000 X127.095 Y87.823 E3036.55898
G1 X127.096 Y87.755
G1 X126.456 Y87.116 E3036.58906
G0 F9000 X126.688 Y87.116
G0 X126.688 Y81.782
G0 X126.457 Y81.782
G1 F3000 X127.095 Y81.611 E3036.61103
G0 F9000 X126.867 Y81.611
G0 X126.867 Y79.27
G0 X127.096 Y79.27
G1 F3000 X126.456 Y78.63 E3036.64113
G0 F9000 X126.688 Y78.63
G0 X126.688 Y75.571
G0 X126.456 Y75.571
G1 F3000 X127.095 Y75.399 E3036.66314
G0 F9000 X126.867 Y75.399
G0 X126.867 Y70.785
G0 X127.096 Y70.785
G1 F3000 X126.456 Y70.145 E3036.69325
G0 F9000 X126.456 Y69.359
G1 F3000 X127.096 Y69.188 E3036.71528
G0 F9000 X126.456 Y69.322
G1 F3000 X127.096 Y66.935 E3036.79747
G0 F9000 X126.867 Y66.935
G0 X126.688 Y63.147
G0 X126.457 Y63.147
G1 F3000 X127.095 Y62.976 E3036.81944
G0 F9000 X127.096 Y62.3
G1 F3000 X126.456 Y61.66 E3036.84955
G0 F9000 X126.688 Y61.66
G0 X126.688 Y56.936
G0 X126.456 Y56.936
G1 F3000 X127.095 Y56.764 E3036.87156
G0 F9000 X126.867 Y56.764
G0 X126.867 Y53.814
G0 X127.096 Y53.814
G1 F3000 X126.462 Y53.18 E3036.90138
G1 F2700 E3031.90138
G0 F9000 X126.658 Y53.38
G0 X126.208 Y181.62
G0 X125.113 Y181.62
G0 X109.887 Y181.62
G0 X108.792 Y181.62
G0 X108.342 Y181.62
G0 X108.62 Y181.9
;TYPE:WALL-INNER
G1 F2700 E3036.90138
G1 F1500 X108.62 Y53.1 E3041.18528
G1 X107.82 Y53.1 E3041.21189
G1 X107.82 Y181.9 E3045.4958
G1 X108.62 Y181.9 E3045.52241
G0 F9000 X109.02 Y182.3
;TYPE:WALL-OUTER
G1 F1500 X109.02 Y52.7 E3049.83292
G1 X107.42 Y52.7 E3049.88614
G1 X107.42 Y182.3 E3054.19665
G1 X109.02 Y182.3 E3054.24986
G0 F9000 X108.742 Y182.02
G0 X108.312 Y179.758
G0 X108.539 Y179.758
;TYPE:FILL
G1 F3000 X107.901 Y179.929 E3054.27183
G0 F9000 X108.54 Y179.508
G1 F3000 X107.9 Y178.868 E3054.30194
G0 F9000 X108.132 Y178.868
G0 X108.132 Y173.718
G0 X107.9 Y173.718
G1 F3000 X108.539 Y173.546 E3054.32395
G0 F9000 X108.312 Y173.546
G0 X108.312 Y171.023
G0 X108.54 Y171.023
G1 F3000 X107.9 Y170.383 E3054.35405
G0 F9000 X108.132 Y170.383
G0 X108.132 Y167.506
G0 X107.9 Y167.506
G1 F3000 X108.54 Y167.335 E3054.37608
G0 F9000 X108.312 Y167.335
G0 X108.312 Y162.538
G0 X108.54 Y162.538
G1 F3000 X107.9 Y161.898 E3054.40619
G1 X107.9 Y161.755
G1 X108.54 Y159.368 E3054.48838
G0 F9000 X108.312 Y159.368
G0 X108.312 Y161.123
G0 X108.539 Y161.123
G1 F3000 X107.901 Y161.294 E3054.51035
G0 F9000 X108.132 Y161.294
G0 X108.132 Y155.083
G0 X107.9 Y155.083
G1 F3000 X108.539 Y154.911 E3054.53236
G0 F9000 X108.54 Y154.052
G1 F3000 X107.9 Y153.412 E3054.56247
G0 F9000 X108.132 Y153.412
G0 X108.132 Y148.871
G0 X107.9 Y148.871
G1 F3000 X108.54 Y148.7 E3054.5845
G0 F9000 X108.312 Y148.7
G0 X108.312 Y145.567
G0 X108.54 Y145.567
G1 F3000 X107.9 Y144.927 E3054.6146
G0 F9000 X108.132 Y144.927
G0 X108.132 Y142.659
G0 X107.901 Y142.659
G1 F3000 X108.54 Y142.488 E3054.6366
G0 F9000 X108.312 Y142.488
G0 X108.132 Y138.573
G0 X107.9 Y138.573
G1 F3000 X108.54 Y136.186 E3054.7188
G1 X108.539 Y136.276
G1 X107.901 Y136.448 E3054.74078
G1 X107.9 Y136.442
G1 X108.54 Y137.082 E3054.77088
G0 F9000 X108.312 Y137.082
G0 X108.132 Y130.236
G0 X107.9 Y130.236
G1 F3000 X108.54 Y130.065 E3054.79291
G0 F9000 X108.312 Y130.065
G0 X108.312 Y128.597
G0 X108.54 Y128.597
G1 F3000 X107.9 Y127.957 E3054.82302
G0 F9000 X108.132 Y127.957
G0 X108.132 Y124.024
G0 X107.9 Y124.024
G1 F3000 X108.54 Y123.853 E3054.84505
G0 F9000 X108.312 Y123.853
G0 X108.312 Y120.111
G0 X108.54 Y120.111
G1 F3000 X107.9 Y119.471 E3054.87515
G0 F9000 X108.132 Y119.471
G0 X108.132 Y117.813
G0 X107.901 Y117.813
G1 F3000 X108.539 Y117.642 E3054.89712
G0 F9000 X108.312 Y117.642
G0 X108.132 Y115.391
G0 X107.9 Y115.391
G1 F3000 X108.54 Y113.003 E3054.97935
G0 F9000 X108.312 Y113.003
G0 X108.312 Y111.626
G0 X108.54 Y111.626
G1 F3000 X107.9 Y110.986 E3055.00946
G0 F9000 X107.9 Y111.601
G1 F3000 X108.54 Y111.43 E3055.03149
G0 F9000 X108.312 Y111.43
G0 X108.132 Y105.389
G0 X107.9 Y105.389
G1 F3000 X108.54 Y105.218 E3055.05352
G0 F9000 X108.312 Y105.218
G0 X108.312 Y103.141
G0 X108.54 Y103.141
G1 F3000 X107.9 Y102.501 E3055.08363
G0 F9000 X108.132 Y102.501
G0 X108.132 Y99.178
G0 X107.901 Y99.178
G1 F3000 X108.54 Y99.006 E3055.10564
G0 F9000 X108.312 Y99.006
G0 X108.312 Y94.655
G0 X108.54 Y94.655
G1 F3000 X107.9 Y94.016 E3055.13572
G0 F9000 X108.132 Y94.016
G0 X108.132 Y92.966
G0 X107.9 Y92.966
G1 F3000 X108.539 Y92.795 E3055.15772
G0 F9000 X107.9 Y92.21
G1 F3000 X108.54 Y89.821 E3055.23998
G0 F9000 X108.312 Y89.821
G0 X108.132 Y86.754
G0 X107.9 Y86.754
G1 F3000 X108.54 Y86.583 E3055.26201
G0 F9000 X108.54 Y86.17
G1 F3000 X107.9 Y85.53 E3055.29211
G0 F9000 X108.132 Y85.53
G0 X108.132 Y80.543
G0 X107.901 Y80.543
G1 F3000 X108.54 Y80.371 E3055.31412
G0 F9000 X108.312 Y80.371
G0 X108.312 Y77.685
G0 X108.54 Y77.685
G1 F3000 X107.9 Y77.045 E3055.34423
G0 F9000 X108.132 Y77.045
G0 X108.132 Y74.331
G0 X107.9 Y74.331
G1 F3000 X108.539 Y74.16 E3055.36623
G0 F9000 X108.312 Y74.16
G0 X108.312 Y69.2
G0 X108.54 Y69.2
G1 F3000 X107.9 Y68.56 E3055.39633
G0 F9000 X107.9 Y68.119
G1 F3000 X108.54 Y67.948 E3055.41837
G0 F9000 X108.312 Y67.948
G0 X108.132 Y69.028
G0 X107.9 Y69.028
G1 F3000 X108.54 Y66.638 E3055.50066
G0 F9000 X108.312 Y66.638
G0 X108.132 Y61.908
G0 X107.901 Y61.908
G1 F3000 X108.54 Y61.736 E3055.52267
G0 F9000 X108.312 Y61.736
G0 X108.312 Y60.714
G0 X108.54 Y60.714
G1 F3000 X107.9 Y60.074 E3055.55277
G0 F9000 X108.132 Y60.074
G0 X108.132 Y55.696
G0 X107.9 Y55.696
G1 F3000 X108.54 Y55.525 E3055.5748
G1 F2700 E3050.5748
;MESH:NONMESH
G0 F300 X108.54 Y55.525 Z5.6
G0 F9000 X108.312 Y55.525
G0 X107.646 Y182.076
G0 X107.646 Y183.165
G0 X107.075 Y184.153
G0 X104 Y184.165
G0 X104 Y183.3
;TIME_ELAPSED:4683.159021
;LAYER:27
;TYPE:SUPPORT
G1 F2700 E3055.5748
G1 F1500 X102.381 Y183.3 E3055.62865
G1 X102.381 Y51.7 E3060.00569
G1 X104 Y51.7 E3060.05953
G1 X104 Y183.3 E3064.43657
G1 F2700 E3059.43657
G0 F9000 X104 Y184.165
G0 X101.528 Y184.153
G0 X101.528 Y50.847
G0 X104 Y50.835
G0 X104 Y51.7
G1 F2700 E3064.43657
G1 F1500 X106 Y51.7 E3064.50309
G1 X106 Y183.3 E3068.88012
G1 X106.107 Y183.3 E3068.88368
G1 X106.107 Y51.7 E3073.26071
G1 X106 Y51.7 E3073.26427
G1 F2700 E3068.26427
G0 F9000 X106.96 Y51.847
G0 X109.76 Y51.847
G0 X125.24 Y183.153
G0 X128.039 Y184.153
G0 X130 Y184.165
G0 X130 Y183.3
G1 F2700 E3073.26427
G1 F1500 X128.892 Y183.3 E3073.30113
G1 X128.892 Y51.7 E3077.67816
G1 X130 Y51.7 E3077.71501
G1 X130 Y183.3 E3082.09205
G1 X132 Y183.3 E3082.15857
G1 X132 Y51.7 E3086.5356
G1 X132.618 Y51.7 E3086.55615
G1 X132.618 Y183.3 E3090.93319
G1 X132 Y183.3 E3090.95374
G1 F2700 E3085.95374
;MESH:btncover.stl
G0 F9000 X132 Y184.165
G0 X128.039 Y184.153
G0 X127.468 Y183.165
G0 X127.468 Y182.076
G0 X126.773 Y181.62
G0 X126.492 Y181.9
;TYPE:WALL-INNER
G1 F2700 E3090.95374
G1 F1500 X127.292 Y181.9 E3090.98035
G1 X127.292 Y53.1 E3095.26426
G1 X126.492 Y53.1 E3095.29086
G1 X126.492 Y181.9 E3099.57477
G0 F9000 X126.092 Y182.3
;TYPE:WALL-OUTER
G1 F1500 X127.692 Y182.3 E3099.62799
G1 X127.692 Y52.7 E3103.9385
G1 X126.092 Y52.7 E3103.99172
G1 X126.092 Y182.3 E3108.30223
G0 F9000 X126.373 Y182.02
G0 X126.803 Y181.284
G0 X126.573 Y181.284
;TYPE:FILL
G1 F3000 X127.212 Y181.112 E3108.32424
G1 X127.212 Y181.01
G1 X126.572 Y180.37 E3108.35434
G0 F9000 X126.803 Y180.37
G0 X126.803 Y175.072
G0 X126.573 Y175.072
G1 F3000 X127.211 Y174.901 E3108.37631
G0 F9000 X126.982 Y174.901
G0 X126.982 Y172.525
G0 X127.212 Y172.525
G1 F3000 X126.572 Y171.885 E3108.40642
G0 F9000 X126.803 Y171.885
G0 X126.803 Y168.86
G0 X126.573 Y168.86
G1 F3000 X127.212 Y168.689 E3108.42842
G0 F9000 X126.982 Y168.689
G0 X126.982 Y164.04
G0 X127.212 Y164.04
G1 F3000 X126.572 Y163.4 E3108.45852
G0 F9000 X126.572 Y162.649
G1 F3000 X127.212 Y162.477 E3108.48056
G0 F9000 X126.982 Y162.477
G0 X126.803 Y161.072
G0 X126.572 Y161.072
G1 F3000 X127.212 Y158.685 E3108.56276
G0 F9000 X126.982 Y158.685
G0 X126.803 Y156.437
G0 X126.573 Y156.437
G1 F3000 X127.211 Y156.266 E3108.58473
G0 F9000 X127.212 Y155.554
G1 F3000 X126.572 Y154.914 E3108.61483
G0 F9000 X126.803 Y154.914
G0 X126.803 Y150.225
G0 X126.573 Y150.225
G1 F3000 X127.212 Y150.054 E3108.63683
G0 F9000 X126.982 Y150.054
G0 X126.982 Y147.069
G0 X127.212 Y147.069
G1 F3000 X126.572 Y146.429 E3108.66693
G0 F9000 X126.803 Y146.429
G0 X126.803 Y144.014
G0 X126.572 Y144.014
G1 F3000 X127.212 Y143.842 E3108.68898
G0 F9000 X126.982 Y143.842
G0 X126.982 Y138.584
G0 X127.212 Y138.584
G1 F3000 X126.572 Y137.944 E3108.71908
G1 X126.572 Y137.89
G1 X127.212 Y135.503 E3108.80128
G0 F9000 X126.982 Y135.503
G0 X126.982 Y137.631
G0 X127.211 Y137.631
G1 F3000 X126.573 Y137.802 E3108.82325
G0 F9000 X126.803 Y137.802
G0 X126.803 Y131.59
G0 X126.573 Y131.59
G1 F3000 X127.211 Y131.419 E3108.84521
G0 F9000 X126.982 Y131.419
G0 X126.982 Y130.098
G0 X127.212 Y130.098
G1 F3000 X126.572 Y129.459 E3108.87529
G0 F9000 X126.803 Y129.459
G0 X126.803 Y125.379
G0 X126.572 Y125.379
G1 F3000 X127.212 Y125.208 E3108.89733
G0 F9000 X126.982 Y125.208
G0 X126.982 Y121.613
G0 X127.212 Y121.613
G1 F3000 X126.572 Y120.973 E3108.92743
G0 F9000 X126.803 Y120.973
G0 X126.803 Y119.167
G0 X126.573 Y119.167
G1 F3000 X127.211 Y118.996 E3108.9494
G0 F9000 X126.982 Y118.996
G0 X126.803 Y114.708
G0 X126.572 Y114.708
G1 F3000 X127.212 Y112.321 E3109.0316
G0 F9000 X127.211 Y112.784
G1 F3000 X126.573 Y112.955 E3109.05357
G0 F9000 X126.572 Y112.488
G1 F3000 X127.212 Y113.128 E3109.08367
G0 F9000 X126.982 Y113.128
G0 X126.803 Y106.744
G0 X126.572 Y106.744
G1 F3000 X127.212 Y106.573 E3109.1057
G0 F9000 X126.982 Y106.573
G0 X126.982 Y104.643
G0 X127.212 Y104.643
G1 F3000 X126.572 Y104.003 E3109.13581
G0 F9000 X126.803 Y104.003
G0 X126.803 Y100.532
G0 X126.572 Y100.532
G1 F3000 X127.211 Y100.361 E3109.15781
G0 F9000 X126.982 Y100.361
G0 X126.982 Y96.157
G0 X127.212 Y96.157
G1 F3000 X126.572 Y95.517 E3109.18791
G0 F9000 X126.803 Y95.517
G0 X126.803 Y94.32
G0 X126.573 Y94.32
G1 F3000 X127.211 Y94.149 E3109.20988
G0 F9000 X126.982 Y94.149
G0 X126.803 Y91.526
G0 X126.572 Y91.526
G1 F3000 X127.212 Y89.139 E3109.29208
G0 F9000 X126.982 Y89.139
G0 X126.982 Y87.938
G0 X127.212 Y87.938
G1 F3000 X126.572 Y88.109 E3109.31411
G0 F9000 X127.212 Y87.672
G1 F3000 X126.572 Y87.032 E3109.34421
G0 F9000 X126.803 Y87.032
G0 X126.803 Y81.897
G0 X126.572 Y81.897
G1 F3000 X127.211 Y81.726 E3109.36621
G0 F9000 X126.982 Y81.726
G0 X126.982 Y79.187
G0 X127.212 Y79.187
G1 F3000 X126.572 Y78.547 E3109.39632
G0 F9000 X126.803 Y78.547
G0 X126.803 Y75.685
G0 X126.573 Y75.685
G1 F3000 X127.211 Y75.514 E3109.41829
G0 F9000 X126.982 Y75.514
G0 X126.982 Y70.701
G0 X127.212 Y70.701
G1 F3000 X126.572 Y70.062 E3109.44837
G0 F9000 X126.572 Y69.474
G1 F3000 X127.211 Y69.303 E3109.47037
G0 F9000 X126.982 Y69.303
G0 X126.803 Y68.344
G0 X126.572 Y68.344
G1 F3000 X127.212 Y65.957 E3109.55256
G0 F9000 X126.982 Y65.957
G0 X126.803 Y63.262
G0 X126.572 Y63.262
G1 F3000 X127.211 Y63.091 E3109.57456
G0 F9000 X127.212 Y62.216
G1 F3000 X126.572 Y61.576 E3109.60467
G0 F9000 X126.803 Y61.576
G0 X126.803 Y57.051
G0 X126.573 Y57.051
G1 F3000 X127.211 Y56.879 E3109.62665
G0 F9000 X126.982 Y56.879
G0 X126.982 Y53.731
G0 X127.212 Y53.731
G1 F3000 X126.661 Y53.18 E3109.65256
G1 F2700 E3104.65256
G0 F9000 X126.773 Y53.38
G0 X126.323 Y181.62
G0 X125.228 Y181.62
G0 X109.772 Y181.62
G0 X108.677 Y181.62
G0 X108.227 Y181.62
G0 X108.504 Y181.9
;TYPE:WALL-INNER
G1 F2700 E3109.65256
G1 F1500 X108.504 Y53.1 E3113.93647
G1 X107.704 Y53.1 E3113.96308
G1 X107.704 Y181.9 E3118.24698
G1 X108.504 Y181.9 E3118.27359
G0 F9000 X108.904 Y182.3
;TYPE:WALL-OUTER
G1 F1500 X108.904 Y52.7 E3122.5841
G1 X107.304 Y52.7 E3122.63732
G1 X107.304 Y182.3 E3126.94783
G1 X108.904 Y182.3 E3127.00105
G0 F9000 X108.627 Y182.02
G0 X108.197 Y179.935
G0 X108.423 Y179.935
;TYPE:FILL
G1 F3000 X107.785 Y180.106 E3127.02302
G0 F9000 X108.017 Y180.106
G0 X108.197 Y179.193
G0 X108.424 Y179.193
G1 F3000 X107.784 Y178.553 E3127.05312
G0 F9000 X108.017 Y178.553
G0 X108.017 Y173.895
G0 X107.785 Y173.895
G1 F3000 X108.423 Y173.723 E3127.0751
G0 F9000 X108.197 Y173.723
G0 X108.197 Y170.708
G0 X108.424 Y170.708
G1 F3000 X107.784 Y170.068 E3127.1052
G0 F9000 X108.017 Y170.068
G0 X108.017 Y167.683
G0 X107.784 Y167.683
G1 F3000 X108.424 Y167.512 E3127.12724
G0 F9000 X108.197 Y167.512
G0 X108.197 Y162.222
G0 X108.424 Y162.222
G1 F3000 X107.784 Y161.582 E3127.15734
G1 X107.784 Y161.643
G1 X108.424 Y159.256 E3127.23954
G0 F9000 X108.197 Y159.256
G0 X108.197 Y161.3
G0 X108.424 Y161.3
G1 F3000 X107.785 Y161.471 E3127.26154
G0 F9000 X108.017 Y161.471
G0 X108.017 Y155.26
G0 X107.785 Y155.26
G1 F3000 X108.423 Y155.088 E3127.28351
G0 F9000 X108.197 Y155.088
G0 X108.197 Y153.737
G0 X108.424 Y153.737
G1 F3000 X107.784 Y153.097 E3127.31362
G0 F9000 X108.017 Y153.097
G0 X108.017 Y149.048
G0 X107.784 Y149.048
G1 F3000 X108.424 Y148.877 E3127.33565
G0 F9000 X108.197 Y148.877
G0 X108.197 Y145.252
G0 X108.424 Y145.252
G1 F3000 X107.784 Y144.612 E3127.36576
G0 F9000 X108.017 Y144.612
G0 X108.017 Y142.836
G0 X107.784 Y142.836
G1 F3000 X108.424 Y142.665 E3127.38779
G0 F9000 X108.197 Y142.665
G0 X108.017 Y138.462
G0 X107.784 Y138.462
G1 F3000 X108.424 Y136.074 E3127.47002
G0 F9000 X108.423 Y136.454
G1 F3000 X107.785 Y136.625 E3127.49199
G0 F9000 X107.784 Y136.127
G1 F3000 X108.424 Y136.766 E3127.52207
G0 F9000 X108.197 Y136.766
G0 X108.017 Y130.413
G0 X107.784 Y130.413
G1 F3000 X108.424 Y130.242 E3127.5441
G0 F9000 X108.197 Y130.242
G0 X108.197 Y128.281
G0 X108.424 Y128.281
G1 F3000 X107.784 Y127.641 E3127.5742
G0 F9000 X108.017 Y127.641
G0 X108.017 Y124.201
G0 X107.784 Y124.201
G1 F3000 X108.424 Y124.03 E3127.59624
G0 F9000 X108.197 Y124.03
G0 X108.197 Y119.796
G0 X108.424 Y119.796
G1 F3000 X107.784 Y119.156 E3127.62634
G0 F9000 X108.017 Y119.156
G0 X108.017 Y117.99
G0 X107.785 Y117.99
G1 F3000 X108.424 Y117.818 E3127.64835
G0 F9000 X108.197 Y117.818
G0 X108.017 Y115.28
G0 X107.784 Y115.28
G1 F3000 X108.424 Y112.891 E3127.73061
G0 F9000 X108.197 Y112.891
G0 X108.017 Y111.778
G0 X107.784 Y111.778
G1 F3000 X108.423 Y111.607 E3127.75261
G0 F9000 X108.424 Y111.311
G1 F3000 X107.784 Y110.671 E3127.78271
G0 F9000 X108.017 Y110.671
G0 X108.017 Y105.566
G0 X107.784 Y105.566
G1 F3000 X108.424 Y105.395 E3127.80475
G0 F9000 X108.197 Y105.395
G0 X108.197 Y102.825
G0 X108.424 Y102.825
G1 F3000 X107.784 Y102.185 E3127.83485
G0 F9000 X108.017 Y102.185
G0 X108.017 Y99.355
G0 X107.785 Y99.355
G1 F3000 X108.424 Y99.183 E3127.85686
G0 F9000 X108.197 Y99.183
G0 X108.197 Y94.34
G0 X108.424 Y94.34
G1 F3000 X107.784 Y93.7 E3127.88696
G0 F9000 X107.784 Y93.143
G1 F3000 X108.423 Y92.972 E3127.90897
G0 F9000 X108.197 Y92.972
G0 X108.017 Y92.098
G0 X107.784 Y92.098
G1 F3000 X108.424 Y89.709 E3127.99123
G0 F9000 X108.197 Y89.709
G0 X108.017 Y86.932
G0 X107.784 Y86.932
G1 F3000 X108.424 Y86.76 E3128.01327
G0 F9000 X108.424 Y85.855
G1 F3000 X107.784 Y85.215 E3128.04337
G0 F9000 X108.017 Y85.215
G0 X108.017 Y80.72
G0 X107.784 Y80.72
G1 F3000 X108.424 Y80.548 E3128.06541
G0 F9000 X108.197 Y80.548
G0 X108.197 Y77.37
G0 X108.424 Y77.37
G1 F3000 X107.784 Y76.73 E3128.09552
G0 F9000 X108.017 Y76.73
G0 X108.017 Y74.508
G0 X107.784 Y74.508
G1 F3000 X108.424 Y74.337 E3128.11755
G0 F9000 X108.197 Y74.337
G0 X108.197 Y68.884
G0 X108.424 Y68.884
G1 F3000 X107.784 Y68.244 E3128.14765
G1 X107.784 Y68.297
G1 X108.424 Y68.125 E3128.1697
G0 F9000 X108.197 Y68.125
G0 X108.017 Y68.916
G0 X107.784 Y68.916
G1 F3000 X108.424 Y66.526 E3128.25199
G0 F9000 X108.197 Y66.526
G0 X108.017 Y62.085
G0 X107.784 Y62.085
G1 F3000 X108.424 Y61.913 E3128.27403
G0 F9000 X108.197 Y61.913
G0 X108.197 Y60.399
G0 X108.424 Y60.399
G1 F3000 X107.784 Y59.759 E3128.30413
G0 F9000 X108.017 Y59.759
G0 X108.017 Y55.873
G0 X107.784 Y55.873
G1 F3000 X108.424 Y55.702 E3128.32617
G1 F2700 E3123.32617
;MESH:NONMESH
G0 F300 X108.424 Y55.702 Z5.8
G0 F9000 X108.197 Y55.702
G0 X107.531 Y182.076
G0 X107.531 Y183.165
G0 X106.96 Y184.153
G0 X104 Y184.165
G0 X104 Y183.3
;TIME_ELAPSED:4794.833782
;LAYER:28
;TYPE:SUPPORT
G1 F2700 E3128.32617
G1 F1500 X102.381 Y183.3 E3128.38001
G1 X102.381 Y51.7 E3132.75705
G1 X104 Y51.7 E3132.8109
G1 X104 Y183.3 E3137.18793
G1 X105.991 Y183.3 E3137.25415
G1 X105.991 Y51.7 E3141.63118
G1 X104 Y51.7 E3141.69741
G1 F2700 E3136.69741
G0 F9000 X104 Y50.835
G0 X106.844 Y50.847
G0 X109.644 Y51.847
G0 X125.356 Y183.153
G0 X128.155 Y184.153
G0 X130 Y184.165
G0 X130 Y183.3
G1 F2700 E3141.69741
G1 F1500 X129.008 Y183.3 E3141.7304
G1 X129.008 Y51.7 E3146.10743
G1 X130 Y51.7 E3146.14043
G1 X130 Y183.3 E3150.51746
G1 X132 Y183.3 E3150.58398
G1 X132 Y51.7 E3154.96102
G1 X132.618 Y51.7 E3154.98157
G1 X132.618 Y183.3 E3159.3586
G1 X132 Y183.3 E3159.37916
G1 F2700 E3154.37916
;MESH:btncover.stl
G0 F9000 X132 Y184.165
G0 X128.155 Y184.153
G0 X127.584 Y183.165
G0 X127.584 Y182.076
G0 X126.889 Y181.62
G0 X126.608 Y181.9
;TYPE:WALL-INNER
G1 F2700 E3159.37916
G1 F1500 X127.408 Y181.9 E3159.40577
G1 X127.408 Y53.1 E3163.68967
G1 X126.608 Y53.1 E3163.71628
G1 X126.608 Y181.9 E3168.00019
G0 F9000 X126.208 Y182.3
;TYPE:WALL-OUTER
G1 F1500 X127.808 Y182.3 E3168.0534
G1 X127.808 Y52.7 E3172.36392
G1 X126.208 Y52.7 E3172.41713
G1 X126.208 Y182.3 E3176.72765
G0 F9000 X127.077 Y181.82
;TYPE:FILL
G1 F3000 X127.328 Y180.885 E3176.75984
G1 X127.328 Y180.925
G1 X126.688 Y180.285 E3176.78995
G0 F9000 X126.919 Y180.285
G0 X126.919 Y181.4
G0 X126.688 Y181.4
G1 F3000 X127.328 Y181.228 E3176.81199
G0 F9000 X127.098 Y181.228
G0 X126.919 Y175.188
G0 X126.689 Y175.188
G1 F3000 X127.327 Y175.017 E3176.83396
G0 F9000 X127.098 Y175.017
G0 X127.098 Y172.44
G0 X127.328 Y172.44
G1 F3000 X126.688 Y171.8 E3176.86406
G0 F9000 X126.919 Y171.8
G0 X126.919 Y168.976
G0 X126.689 Y168.976
G1 F3000 X127.328 Y168.805 E3176.88606
G0 F9000 X127.098 Y168.805
G0 X127.098 Y163.955
G0 X127.328 Y163.955
G1 F3000 X126.688 Y163.315 E3176.91617
G0 F9000 X126.688 Y162.765
G1 F3000 X127.328 Y162.593 E3176.93821
G0 F9000 X127.098 Y162.593
G0 X126.919 Y160.09
G0 X126.688 Y160.09
G1 F3000 X127.328 Y157.704 E3177.02037
G0 F9000 X127.098 Y157.704
G0 X126.919 Y156.553
G0 X126.689 Y156.553
G1 F3000 X127.327 Y156.382 E3177.04234
G0 F9000 X127.328 Y155.469
G1 F3000 X126.688 Y154.83 E3177.07242
G0 F9000 X126.919 Y154.83
G0 X126.919 Y150.341
G0 X126.689 Y150.341
G1 F3000 X127.327 Y150.17 E3177.09439
G0 F9000 X127.098 Y150.17
G0 X127.098 Y146.984
G0 X127.328 Y146.984
G1 F3000 X126.688 Y146.344 E3177.12449
G0 F9000 X126.919 Y146.344
G0 X126.919 Y144.13
G0 X126.688 Y144.13
G1 F3000 X127.328 Y143.958 E3177.14654
G0 F9000 X127.098 Y143.958
G0 X127.098 Y138.499
G0 X127.328 Y138.499
G1 F3000 X126.688 Y137.859 E3177.17664
G1 X126.689 Y137.918
G1 X127.327 Y137.747 E3177.19861
G0 F9000 X127.098 Y137.747
G0 X126.919 Y136.908
G0 X126.688 Y136.908
G1 F3000 X127.328 Y134.522 E3177.28077
G0 F9000 X127.098 Y134.522
G0 X126.919 Y131.706
G0 X126.689 Y131.706
G1 F3000 X127.327 Y131.535 E3177.30274
G0 F9000 X127.098 Y131.535
G0 X127.098 Y130.014
G0 X127.328 Y130.014
G1 F3000 X126.688 Y129.374 E3177.33285
G0 F9000 X126.919 Y129.374
G0 X126.919 Y125.495
G0 X126.688 Y125.495
G1 F3000 X127.328 Y125.323 E3177.35489
G0 F9000 X127.098 Y125.323
G0 X127.098 Y121.528
G0 X127.328 Y121.528
G1 F3000 X126.688 Y120.888 E3177.38499
G0 F9000 X126.919 Y120.888
G0 X126.919 Y119.283
G0 X126.689 Y119.283
G1 F3000 X127.327 Y119.112 E3177.40696
G0 F9000 X127.098 Y119.112
G0 X126.919 Y113.726
G0 X126.688 Y113.726
G1 F3000 X127.328 Y111.34 E3177.48912
G0 F9000 X127.098 Y111.34
G0 X126.919 Y112.403
G0 X126.688 Y112.403
G1 F3000 X127.328 Y113.043 E3177.51923
G1 X127.327 Y112.9
G1 X126.689 Y113.071 E3177.5412
G0 F9000 X126.919 Y113.071
G0 X126.919 Y106.86
G0 X126.688 Y106.86
G1 F3000 X127.328 Y106.689 E3177.56323
G0 F9000 X127.098 Y106.689
G0 X127.098 Y104.558
G0 X127.328 Y104.558
G1 F3000 X126.688 Y103.918 E3177.59333
G0 F9000 X126.919 Y103.918
G0 X126.919 Y100.648
G0 X126.688 Y100.648
G1 F3000 X127.327 Y100.477 E3177.61533
G0 F9000 X127.098 Y100.477
G0 X127.098 Y96.072
G0 X127.328 Y96.072
G1 F3000 X126.688 Y95.433 E3177.64541
G0 F9000 X126.689 Y94.436
G1 F3000 X127.327 Y94.265 E3177.66738
G0 F9000 X127.098 Y94.265
G0 X126.919 Y90.545
G0 X126.688 Y90.545
G1 F3000 X127.328 Y88.158 E3177.74958
G1 X127.328 Y88.054
G1 X126.688 Y88.225 E3177.77161
G0 F9000 X127.328 Y87.587
G1 F3000 X126.688 Y86.947 E3177.80172
G0 F9000 X126.919 Y86.947
G0 X126.919 Y82.013
G0 X126.688 Y82.013
G1 F3000 X127.327 Y81.842 E3177.82372
G0 F9000 X127.098 Y81.842
G0 X127.098 Y79.102
G0 X127.328 Y79.102
G1 F3000 X126.688 Y78.462 E3177.85382
G0 F9000 X126.919 Y78.462
G0 X126.919 Y75.801
G0 X126.689 Y75.801
G1 F3000 X127.327 Y75.63 E3177.87579
G0 F9000 X127.098 Y75.63
G0 X127.098 Y70.617
G0 X127.328 Y70.617
G1 F3000 X126.688 Y69.977 E3177.90589
G0 F9000 X126.688 Y69.59
G1 F3000 X127.327 Y69.419 E3177.92789
G0 F9000 X127.098 Y69.419
G0 X126.919 Y67.364
G0 X126.688 Y67.364
G1 F3000 X127.328 Y64.976 E3178.01012
G0 F9000 X127.098 Y64.976
G0 X126.919 Y63.378
G0 X126.688 Y63.378
G1 F3000 X127.327 Y63.207 E3178.03212
G0 F9000 X127.098 Y63.207
G0 X127.098 Y62.131
G0 X127.328 Y62.131
G1 F3000 X126.688 Y61.491 E3178.06223
G0 F9000 X126.919 Y61.491
G0 X126.919 Y57.166
G0 X126.689 Y57.166
G1 F3000 X127.327 Y56.995 E3178.0842
G0 F9000 X127.098 Y56.995
G0 X127.098 Y53.646
G0 X127.328 Y53.646
G1 F3000 X126.862 Y53.18 E3178.10612
G1 F2700 E3173.10612
G0 F9000 X126.862 Y53.41
G0 X126.439 Y181.62
G0 X125.344 Y181.62
G0 X109.656 Y181.62
G0 X108.561 Y181.62
G0 X108.111 Y181.62
G0 X108.388 Y181.9
;TYPE:WALL-INNER
G1 F2700 E3178.10612
G1 F1500 X108.388 Y53.1 E3182.39002
G1 X107.588 Y53.1 E3182.41663
G1 X107.588 Y181.9 E3186.70053
G1 X108.388 Y181.9 E3186.72714
G0 F9000 X108.788 Y182.3
;TYPE:WALL-OUTER
G1 F1500 X108.788 Y52.7 E3191.03766
G1 X107.188 Y52.7 E3191.09087
G1 X107.188 Y182.3 E3195.40139
G1 X108.788 Y182.3 E3195.4546
G0 F9000 X108.511 Y182.02
G0 X108.081 Y180.113
G0 X108.307 Y180.113
;TYPE:FILL
G1 F3000 X107.669 Y180.284 E3195.47657
G0 F9000 X107.901 Y180.284
G0 X108.081 Y178.875
G0 X108.308 Y178.875
G1 F3000 X107.668 Y178.236 E3195.50665
G0 F9000 X107.901 Y178.236
G0 X107.901 Y174.073
G0 X107.669 Y174.073
G1 F3000 X108.308 Y173.902 E3195.52865
G0 F9000 X108.081 Y173.902
G0 X108.081 Y170.39
G0 X108.308 Y170.39
G1 F3000 X107.668 Y169.751 E3195.55873
G0 F9000 X107.901 Y169.751
G0 X107.901 Y167.861
G0 X107.668 Y167.861
G1 F3000 X108.308 Y167.69 E3195.58077
G0 F9000 X108.081 Y167.69
G0 X108.081 Y161.905
G0 X108.308 Y161.905
G1 F3000 X107.668 Y161.266 E3195.61085
G0 F9000 X107.668 Y161.528
G1 F3000 X108.308 Y159.141 E3195.69304
G0 F9000 X108.081 Y159.141
G0 X108.081 Y161.478
G0 X108.307 Y161.478
G1 F3000 X107.669 Y161.649 E3195.71501
G0 F9000 X107.901 Y161.649
G0 X107.901 Y155.438
G0 X107.669 Y155.438
G1 F3000 X108.307 Y155.267 E3195.73698
G0 F9000 X108.081 Y155.267
G0 X108.081 Y153.42
G0 X108.308 Y153.42
G1 F3000 X107.668 Y152.78 E3195.76708
G0 F9000 X107.901 Y152.78
G0 X107.901 Y149.226
G0 X107.668 Y149.226
G1 F3000 X108.308 Y149.055 E3195.78912
G0 F9000 X108.081 Y149.055
G0 X108.081 Y144.934
G0 X108.308 Y144.934
G1 F3000 X107.668 Y144.295 E3195.8192
G0 F9000 X107.901 Y144.295
G0 X107.901 Y143.014
G0 X107.669 Y143.014
G1 F3000 X108.307 Y142.843 E3195.84117
G0 F9000 X108.081 Y142.843
G0 X107.901 Y138.346
G0 X107.668 Y138.346
G1 F3000 X108.308 Y135.959 E3195.92336
G0 F9000 X108.308 Y136.449
G1 F3000 X107.668 Y135.81 E3195.95344
G0 F9000 X107.669 Y136.803
G1 F3000 X108.307 Y136.632 E3195.97541
G0 F9000 X108.081 Y136.632
G0 X107.901 Y130.591
G0 X107.668 Y130.591
G1 F3000 X108.308 Y130.42 E3195.99744
G0 F9000 X108.081 Y130.42
G0 X108.081 Y127.964
G0 X108.308 Y127.964
G1 F3000 X107.668 Y127.324 E3196.02755
G0 F9000 X107.901 Y127.324
G0 X107.901 Y124.379
G0 X107.668 Y124.379
G1 F3000 X108.307 Y124.208 E3196.04955
G0 F9000 X108.081 Y124.208
G0 X108.081 Y119.478
G0 X108.308 Y119.478
G1 F3000 X107.668 Y118.839 E3196.07963
G0 F9000 X107.669 Y118.168
G1 F3000 X108.307 Y117.997 E3196.1016
G0 F9000 X108.081 Y117.997
G0 X107.901 Y115.164
G0 X107.668 Y115.164
G1 F3000 X108.308 Y112.777 E3196.18379
G0 F9000 X108.308 Y111.785
G1 F3000 X107.668 Y111.956 E3196.20583
G0 F9000 X107.901 Y111.956
G0 X108.081 Y110.993
G0 X108.308 Y110.993
G1 F3000 X107.668 Y110.354 E3196.23591
G0 F9000 X107.901 Y110.354
G0 X107.901 Y105.745
G0 X107.668 Y105.745
G1 F3000 X108.307 Y105.573 E3196.25792
G0 F9000 X108.081 Y105.573
G0 X108.081 Y102.508
G0 X108.308 Y102.508
G1 F3000 X107.668 Y101.869 E3196.288
G0 F9000 X107.901 Y101.869
G0 X107.901 Y99.533
G0 X107.669 Y99.533
G1 F3000 X108.307 Y99.362 E3196.30997
G0 F9000 X108.081 Y99.362
G0 X108.081 Y94.023
G0 X108.308 Y94.023
G1 F3000 X107.668 Y93.383 E3196.34007
G1 X107.668 Y93.321
G1 X108.307 Y93.15 E3196.36207
G0 F9000 X108.081 Y93.15
G0 X107.901 Y91.982
G0 X107.668 Y91.982
G1 F3000 X108.308 Y89.595 E3196.44427
G0 F9000 X108.081 Y89.595
G0 X107.901 Y87.11
G0 X107.668 Y87.11
G1 F3000 X108.307 Y86.938 E3196.46628
G0 F9000 X108.081 Y86.938
G0 X108.081 Y85.537
G0 X108.308 Y85.537
G1 F3000 X107.668 Y84.898 E3196.49636
G0 F9000 X107.901 Y84.898
G0 X107.901 Y80.898
G0 X107.669 Y80.898
G1 F3000 X108.307 Y80.727 E3196.51833
G0 F9000 X108.081 Y80.727
G0 X108.081 Y77.052
G0 X108.308 Y77.052
G1 F3000 X107.668 Y76.413 E3196.54841
G0 F9000 X107.901 Y76.413
G0 X107.901 Y74.686
G0 X107.668 Y74.686
G1 F3000 X108.307 Y74.515 E3196.57041
G0 F9000 X108.081 Y74.515
G0 X107.901 Y68.8
G0 X107.668 Y68.8
G1 F3000 X108.307 Y66.414 E3196.65256
G0 F9000 X108.081 Y66.414
G0 X107.901 Y67.928
G0 X107.668 Y67.928
G1 F3000 X108.308 Y68.567 E3196.68264
G0 F9000 X108.307 Y68.304
G1 F3000 X107.668 Y68.475 E3196.70464
G0 F9000 X107.901 Y68.475
G0 X107.901 Y62.263
G0 X107.669 Y62.263
G1 F3000 X108.307 Y62.092 E3196.72661
G0 F9000 X108.081 Y62.092
G0 X108.081 Y60.081
G0 X108.308 Y60.081
G1 F3000 X107.668 Y59.442 E3196.75669
G0 F9000 X107.901 Y59.442
G0 X107.901 Y56.051
G0 X107.668 Y56.051
G1 F3000 X108.307 Y55.88 E3196.77869
G1 F2700 E3191.77869
;MESH:NONMESH
G0 F300 X108.307 Y55.88 Z6
G0 F9000 X108.081 Y55.88
G0 X107.415 Y182.076
G0 X107.415 Y183.165
G0 X106.844 Y184.153
G0 X104 Y184.165
G0 X104 Y183.3
;TIME_ELAPSED:4899.717849
;LAYER:29
;TYPE:SUPPORT
G1 F2700 E3196.77869
G1 F1500 X102.381 Y183.3 E3196.83254
G1 X102.381 Y51.7 E3201.20958
G1 X104 Y51.7 E3201.26342
G1 X104 Y183.3 E3205.64046
G1 X105.876 Y183.3 E3205.70285
G1 X105.876 Y51.7 E3210.07989
G1 X104 Y51.7 E3210.14228
G1 F2700 E3205.14228
G0 F9000 X104 Y50.835
G0 X106.729 Y50.847
G0 X109.529 Y51.847
G0 X125.471 Y183.153
G0 X128.27 Y184.153
G0 X130 Y184.165
G0 X130 Y183.3
G1 F2700 E3210.14228
G1 F1500 X129.123 Y183.3 E3210.17145
G1 X129.123 Y51.7 E3214.54849
G1 X130 Y51.7 E3214.57766
G1 X130 Y183.3 E3218.95469
G1 X132 Y183.3 E3219.02121
G1 X132 Y51.7 E3223.39824
G1 X132.618 Y51.7 E3223.4188
G1 X132.618 Y183.3 E3227.79583
G1 X132 Y183.3 E3227.81639
G1 F2700 E3222.81639
;MESH:btncover.stl
G0 F9000 X132 Y184.165
G0 X128.27 Y184.153
G0 X127.699 Y183.165
G0 X127.699 Y182.076
G0 X127.004 Y181.62
G0 X126.724 Y181.9
;TYPE:WALL-INNER
G1 F2700 E3227.81639
G1 F1500 X127.52 Y181.9 E3227.84286
G1 X127.52 Y53.1 E3232.12677
G1 X126.724 Y53.1 E3232.15324
G1 X126.724 Y181.9 E3236.43715
G0 F9000 X126.324 Y182.3
;TYPE:WALL-OUTER
G1 F1500 X127.92 Y182.3 E3236.49023
G1 X127.92 Y52.7 E3240.80074
G1 X126.324 Y52.7 E3240.85383
G1 X126.324 Y182.3 E3245.16434
G0 F9000 X126.931 Y181.821
;TYPE:FILL
G1 F3000 X127.44 Y179.924 E3245.22967
G0 F9000 X126.804 Y180.202
G1 F3000 X127.44 Y180.838 E3245.25958
G0 F9000 X127.44 Y181.344
G1 F3000 X126.805 Y181.514 E3245.28145
G0 F9000 X127.034 Y181.514
G0 X127.034 Y175.303
G0 X126.804 Y175.303
G1 F3000 X127.439 Y175.133 E3245.30331
G0 F9000 X127.213 Y175.133
G0 X127.213 Y172.353
G0 X127.44 Y172.353
G1 F3000 X126.804 Y171.717 E3245.33323
G0 F9000 X127.034 Y171.717
G0 X127.034 Y169.091
G0 X126.805 Y169.091
G1 F3000 X127.439 Y168.921 E3245.35506
G0 F9000 X127.213 Y168.921
G0 X127.213 Y163.868
G0 X127.44 Y163.868
G1 F3000 X126.804 Y163.231 E3245.385
G0 F9000 X126.805 Y162.879
G1 F3000 X127.44 Y162.709 E3245.40686
G0 F9000 X127.213 Y162.709
G0 X127.034 Y159.113
G0 X126.804 Y159.113
G1 F3000 X127.44 Y156.741 E3245.48854
G0 F9000 X127.44 Y156.498
G1 F3000 X126.804 Y156.668 E3245.51044
G0 F9000 X127.034 Y156.668
G0 X127.213 Y155.382
G0 X127.44 Y155.382
G1 F3000 X126.804 Y154.746 E3245.54035
G0 F9000 X127.034 Y154.746
G0 X127.034 Y150.456
G0 X126.805 Y150.456
G1 F3000 X127.439 Y150.286 E3245.56218
G0 F9000 X127.213 Y150.286
G0 X127.213 Y146.897
G0 X127.44 Y146.897
G1 F3000 X126.804 Y146.261 E3245.5921
G0 F9000 X127.034 Y146.261
G0 X127.034 Y144.244
G0 X126.805 Y144.244
G1 F3000 X127.44 Y144.074 E3245.61396
G0 F9000 X127.213 Y144.074
G0 X127.213 Y138.412
G0 X127.44 Y138.412
G1 F3000 X126.804 Y137.776 E3245.64388
G0 F9000 X126.804 Y138.033
G1 F3000 X127.44 Y137.863 E3245.66577
G0 F9000 X127.213 Y137.863
G0 X127.034 Y135.931
G0 X126.804 Y135.931
G1 F3000 X127.44 Y133.559 E3245.74745
G0 F9000 X127.213 Y133.559
G0 X127.034 Y131.821
G0 X126.805 Y131.821
G1 F3000 X127.439 Y131.651 E3245.76929
G0 F9000 X127.213 Y131.651
G0 X127.213 Y129.927
G0 X127.44 Y129.927
G1 F3000 X126.804 Y129.29 E3245.79923
G0 F9000 X127.034 Y129.29
G0 X127.034 Y125.61
G0 X126.805 Y125.61
G1 F3000 X127.44 Y125.439 E3245.8211
G0 F9000 X127.213 Y125.439
G0 X127.213 Y121.441
G0 X127.44 Y121.441
G1 F3000 X126.804 Y120.805 E3245.85101
G0 F9000 X127.034 Y120.805
G0 X127.034 Y119.398
G0 X126.804 Y119.398
G1 F3000 X127.44 Y119.228 E3245.87291
G0 F9000 X127.213 Y119.228
G0 X127.034 Y113.186
G0 X126.805 Y113.186
G1 F3000 X127.44 Y113.016 E3245.89477
G1 X127.44 Y112.956
G1 X126.804 Y112.32 E3245.92469
G0 F9000 X126.804 Y112.749
G1 F3000 X127.44 Y110.376 E3246.0064
G0 F9000 X127.213 Y110.376
G0 X127.034 Y106.975
G0 X126.805 Y106.975
G1 F3000 X127.439 Y106.805 E3246.02823
G0 F9000 X127.213 Y106.805
G0 X127.213 Y104.471
G0 X127.44 Y104.471
G1 F3000 X126.804 Y103.834 E3246.05817
G0 F9000 X127.034 Y103.834
G0 X127.034 Y100.763
G0 X126.804 Y100.763
G1 F3000 X127.44 Y100.593 E3246.08007
G0 F9000 X127.213 Y100.593
G0 X127.213 Y95.986
G0 X127.44 Y95.986
G1 F3000 X126.804 Y95.349 E3246.11001
G0 F9000 X126.804 Y94.551
G1 F3000 X127.44 Y94.381 E3246.1319
G0 F9000 X127.213 Y94.381
G0 X127.034 Y89.567
G0 X126.804 Y89.567
G1 F3000 X127.44 Y87.193 E3246.21365
G0 F9000 X127.44 Y87.5
G1 F3000 X126.804 Y86.864 E3246.24356
G0 F9000 X127.034 Y86.864
G0 X127.213 Y88.169
G0 X127.44 Y88.169
G1 F3000 X126.805 Y88.34 E3246.26543
G0 F9000 X127.034 Y88.34
G0 X127.034 Y82.128
G0 X126.804 Y82.128
G1 F3000 X127.44 Y81.958 E3246.28733
G0 F9000 X127.213 Y81.958
G0 X127.213 Y79.015
G0 X127.44 Y79.015
G1 F3000 X126.804 Y78.379 E3246.31725
G0 F9000 X127.034 Y78.379
G0 X127.034 Y75.916
G0 X126.804 Y75.916
G1 F3000 X127.44 Y75.746 E3246.33914
G0 F9000 X127.213 Y75.746
G0 X127.213 Y70.53
G0 X127.44 Y70.53
G1 F3000 X126.804 Y69.893 E3246.36908
G1 X126.805 Y69.705
G1 X127.44 Y69.534 E3246.39095
G0 F9000 X127.213 Y69.534
G0 X127.034 Y66.385
G0 X126.804 Y66.385
G1 F3000 X127.44 Y64.011 E3246.4727
G0 F9000 X127.44 Y63.323
G1 F3000 X126.804 Y63.493 E3246.49459
G0 F9000 X127.034 Y63.493
G0 X127.213 Y62.044
G0 X127.44 Y62.044
G1 F3000 X126.804 Y61.408 E3246.52451
G0 F9000 X127.034 Y61.408
G0 X127.034 Y57.281
G0 X126.804 Y57.281
G1 F3000 X127.44 Y57.111 E3246.54641
G0 F9000 X127.213 Y57.111
G0 X127.213 Y53.559
G0 X127.44 Y53.559
G1 F3000 X127.061 Y53.18 E3246.56423
G1 F2700 E3241.56423
G0 F9000 X127.061 Y53.41
G0 X126.554 Y181.62
G0 X125.459 Y181.62
G0 X109.541 Y181.62
G0 X108.446 Y181.62
G0 X107.996 Y181.62
G0 X108.276 Y181.9
;TYPE:WALL-INNER
G1 F2700 E3246.56423
G1 F1500 X108.276 Y53.1 E3250.84814
G1 X107.476 Y53.1 E3250.87475
G1 X107.476 Y181.9 E3255.15865
G1 X108.276 Y181.9 E3255.18526
G0 F9000 X108.676 Y182.3
;TYPE:WALL-OUTER
G1 F1500 X108.676 Y52.7 E3259.49577
G1 X107.076 Y52.7 E3259.54899
G1 X107.076 Y182.3 E3263.8595
G1 X108.676 Y182.3 E3263.91272
G0 F9000 X108.396 Y182.02
G0 X107.966 Y180.289
G0 X108.196 Y180.289
;TYPE:FILL
G1 F3000 X107.556 Y180.46 E3263.93475
G0 F9000 X107.786 Y180.46
G0 X107.966 Y178.564
G0 X108.196 Y178.564
G1 F3000 X107.556 Y177.924 E3263.96486
G0 F9000 X107.786 Y177.924
G0 X107.786 Y174.249
G0 X107.557 Y174.249
G1 F3000 X108.195 Y174.078 E3263.98682
G0 F9000 X107.966 Y174.078
G0 X107.966 Y170.079
G0 X108.196 Y170.079
G1 F3000 X107.556 Y169.439 E3264.01693
G0 F9000 X107.786 Y169.439
G0 X107.786 Y168.037
G0 X107.557 Y168.037
G1 F3000 X108.196 Y167.866 E3264.03893
G0 F9000 X107.966 Y167.866
G0 X107.786 Y161.825
G0 X107.556 Y161.825
G1 F3000 X108.196 Y161.654 E3264.06096
G1 X108.196 Y161.594
G1 X107.556 Y160.954 E3264.09107
G0 F9000 X107.556 Y161.4
G1 F3000 X108.196 Y159.013 E3264.17326
G0 F9000 X107.966 Y159.013
G0 X107.786 Y155.614
G0 X107.557 Y155.614
G1 F3000 X108.195 Y155.443 E3264.19523
G0 F9000 X107.966 Y155.443
G0 X107.966 Y153.108
G0 X108.196 Y153.108
G1 F3000 X107.556 Y152.468 E3264.22534
G0 F9000 X107.786 Y152.468
G0 X107.786 Y149.402
G0 X107.557 Y149.402
G1 F3000 X108.195 Y149.231 E3264.2473
G0 F9000 X107.966 Y149.231
G0 X107.966 Y144.623
G0 X108.196 Y144.623
G1 F3000 X107.556 Y143.983 E3264.27741
G0 F9000 X107.556 Y143.19
G1 F3000 X108.196 Y143.019 E3264.29944
G0 F9000 X107.966 Y143.019
G0 X107.786 Y138.218
G0 X107.556 Y138.218
G1 F3000 X108.196 Y135.832 E3264.3816
G0 F9000 X108.196 Y136.138
G1 F3000 X107.556 Y135.498 E3264.41171
G0 F9000 X107.786 Y135.498
G0 X107.966 Y136.808
G0 X108.195 Y136.808
G1 F3000 X107.557 Y136.979 E3264.43368
G0 F9000 X107.786 Y136.979
G0 X107.786 Y130.767
G0 X107.557 Y130.767
G1 F3000 X108.195 Y130.596 E3264.45565
G0 F9000 X107.966 Y130.596
G0 X107.966 Y127.653
G0 X108.196 Y127.653
G1 F3000 X107.556 Y127.013 E3264.48575
G0 F9000 X107.786 Y127.013
G0 X107.786 Y124.556
G0 X107.556 Y124.556
G1 F3000 X108.196 Y124.384 E3264.50779
G0 F9000 X107.966 Y124.384
G0 X107.966 Y119.167
G0 X108.196 Y119.167
G1 F3000 X107.556 Y118.527 E3264.5379
G1 X107.557 Y118.344
G1 X108.195 Y118.173 E3264.55986
G0 F9000 X107.966 Y118.173
G0 X107.786 Y115.036
G0 X107.556 Y115.036
G1 F3000 X108.196 Y112.65 E3264.64203
G0 F9000 X108.195 Y111.961
G1 F3000 X107.557 Y112.132 E3264.664
G0 F9000 X107.786 Y112.132
G0 X107.966 Y110.682
G0 X108.196 Y110.682
G1 F3000 X107.556 Y110.042 E3264.6941
G0 F9000 X107.786 Y110.042
G0 X107.786 Y105.921
G0 X107.556 Y105.921
G1 F3000 X108.196 Y105.749 E3264.71614
G0 F9000 X107.966 Y105.749
G0 X107.966 Y102.197
G0 X108.196 Y102.197
G1 F3000 X107.556 Y101.557 E3264.74625
G0 F9000 X107.786 Y101.557
G0 X107.786 Y99.709
G0 X107.556 Y99.709
G1 F3000 X108.195 Y99.538 E3264.76825
G0 F9000 X107.966 Y99.538
G0 X107.966 Y93.711
G0 X108.196 Y93.711
G1 F3000 X107.556 Y93.072 E3264.79833
G0 F9000 X107.557 Y93.497
G1 F3000 X108.195 Y93.326 E3264.8203
G0 F9000 X107.966 Y93.326
G0 X107.786 Y91.854
G0 X107.556 Y91.854
G1 F3000 X108.196 Y89.468 E3264.90246
G0 F9000 X107.966 Y89.468
G0 X107.786 Y87.286
G0 X107.556 Y87.286
G1 F3000 X108.196 Y87.114 E3264.9245
G0 F9000 X107.966 Y87.114
G0 X107.966 Y85.226
G0 X108.196 Y85.226
G1 F3000 X107.556 Y84.586 E3264.95461
G0 F9000 X107.786 Y84.586
G0 X107.786 Y81.074
G0 X107.556 Y81.074
G1 F3000 X108.195 Y80.903 E3264.97661
G0 F9000 X107.966 Y80.903
G0 X107.966 Y76.741
G0 X108.196 Y76.741
G1 F3000 X107.556 Y76.101 E3265.00671
G0 F9000 X107.786 Y76.101
G0 X107.786 Y74.862
G0 X107.557 Y74.862
G1 F3000 X108.195 Y74.691 E3265.02868
G0 F9000 X107.966 Y74.691
G0 X107.786 Y68.673
G0 X107.556 Y68.673
G1 F3000 X108.196 Y66.286 E3265.11088
G0 F9000 X107.966 Y66.286
G0 X107.786 Y67.616
G0 X107.556 Y67.616
G1 F3000 X108.196 Y68.256 E3265.14098
G0 F9000 X108.195 Y68.479
G1 F3000 X107.556 Y68.651 E3265.16299
G0 F9000 X107.786 Y68.651
G0 X107.786 Y62.439
G0 X107.556 Y62.439
G1 F3000 X108.195 Y62.268 E3265.18499
G0 F9000 X107.966 Y62.268
G0 X107.966 Y59.77
G0 X108.196 Y59.77
G1 F3000 X107.556 Y59.13 E3265.21509
G0 F9000 X107.786 Y59.13
G0 X107.786 Y56.227
G0 X107.557 Y56.227
G1 F3000 X108.195 Y56.056 E3265.23706
G1 F2700 E3260.23706
;MESH:NONMESH
G0 F300 X108.195 Y56.056 Z6.2
G0 F9000 X107.966 Y56.056
G0 X107.3 Y182.076
G0 X107.3 Y183.165
G0 X106.729 Y184.153
G0 X104 Y184.165
G0 X104 Y183.3
;TIME_ELAPSED:5004.273845
;LAYER:30
;TYPE:SUPPORT
G1 F2700 E3265.23706
G1 F1500 X102.381 Y183.3 E3265.29091
G1 X102.381 Y51.7 E3269.66794
G1 X104 Y51.7 E3269.72179
G1 X104 Y183.3 E3274.09883
G1 X105.76 Y183.3 E3274.15736
G1 X105.76 Y51.7 E3278.5344
G1 X104 Y51.7 E3278.59294
G1 F2700 E3273.59294
G0 F9000 X104 Y50.835
G0 X106.613 Y50.847
G0 X109.413 Y51.847
G0 X125.587 Y183.153
G0 X128.386 Y184.153
G0 X130 Y184.165
G0 X130 Y183.3
G1 F2700 E3278.59294
G1 F1500 X129.239 Y183.3 E3278.61825
G1 X129.239 Y51.7 E3282.99528
G1 X130 Y51.7 E3283.02059
G1 X130 Y183.3 E3287.39763
G1 X132 Y183.3 E3287.46415
G1 X132 Y51.7 E3291.84118
G1 X132.618 Y51.7 E3291.86173
G1 X132.618 Y183.3 E3296.23877
G1 X132 Y183.3 E3296.25932
G1 F2700 E3291.25932
;MESH:btncover.stl
G0 F9000 X132 Y184.165
G0 X128.386 Y184.153
G0 X127.815 Y183.165
G0 X127.815 Y182.076
G0 X127.12 Y181.62
G0 X126.84 Y181.9
;TYPE:WALL-INNER
G1 F2700 E3296.25932
G1 F1500 X127.636 Y181.9 E3296.2858
G1 X127.636 Y53.1 E3300.5697
G1 X126.84 Y53.1 E3300.59618
G1 X126.84 Y181.9 E3304.88008
G0 F9000 X126.44 Y182.3
;TYPE:WALL-OUTER
G1 F1500 X128.036 Y182.3 E3304.93317
G1 X128.036 Y52.7 E3309.24368
G1 X126.44 Y52.7 E3309.29676
G1 X126.44 Y182.3 E3313.60728
G0 F9000 X126.921 Y181.63
;TYPE:FILL
G1 F3000 X127.556 Y181.46 E3313.62914
G0 F9000 X126.92 Y181.314
G1 F3000 X127.556 Y178.942 E3313.71082
G0 F9000 X127.329 Y178.942
G0 X127.15 Y180.117
G0 X126.92 Y180.117
G1 F3000 X127.556 Y180.753 E3313.74074
G0 F9000 X127.329 Y180.753
G0 X127.15 Y175.419
G0 X126.92 Y175.419
G1 F3000 X127.555 Y175.249 E3313.7626
G0 F9000 X127.329 Y175.249
G0 X127.329 Y172.268
G0 X127.556 Y172.268
G1 F3000 X126.92 Y171.632 E3313.79252
G0 F9000 X127.15 Y171.632
G0 X127.15 Y169.207
G0 X126.921 Y169.207
G1 F3000 X127.555 Y169.037 E3313.81435
G0 F9000 X127.329 Y169.037
G0 X127.329 Y163.783
G0 X127.556 Y163.783
G1 F3000 X126.92 Y163.147 E3313.84426
G1 X126.921 Y162.995
G1 X127.556 Y162.825 E3313.86613
G0 F9000 X127.329 Y162.825
G0 X127.15 Y158.132
G0 X126.92 Y158.132
G1 F3000 X127.556 Y155.759 E3313.94784
G0 F9000 X127.556 Y155.298
G1 F3000 X126.92 Y154.661 E3313.97778
G0 F9000 X127.15 Y154.661
G0 X127.329 Y156.614
G0 X127.556 Y156.614
G1 F3000 X126.92 Y156.784 E3313.99967
G0 F9000 X127.15 Y156.784
G0 X127.15 Y150.572
G0 X126.921 Y150.572
G1 F3000 X127.555 Y150.402 E3314.02151
G0 F9000 X127.329 Y150.402
G0 X127.329 Y146.812
G0 X127.556 Y146.812
G1 F3000 X126.92 Y146.176 E3314.05142
G0 F9000 X127.15 Y146.176
G0 X127.15 Y144.36
G0 X126.921 Y144.36
G1 F3000 X127.556 Y144.19 E3314.07329
G0 F9000 X127.329 Y144.19
G0 X127.329 Y138.327
G0 X127.556 Y138.327
G1 F3000 X126.92 Y137.691 E3314.1032
G0 F9000 X126.92 Y138.149
G1 F3000 X127.556 Y137.979 E3314.1251
G0 F9000 X127.329 Y137.979
G0 X127.15 Y134.95
G0 X126.92 Y134.95
G1 F3000 X127.556 Y132.577 E3314.20681
G0 F9000 X127.555 Y131.767
G1 F3000 X126.921 Y131.937 E3314.22864
G0 F9000 X127.15 Y131.937
G0 X127.329 Y129.842
G0 X127.556 Y129.842
G1 F3000 X126.92 Y129.205 E3314.25858
G0 F9000 X127.15 Y129.205
G0 X127.15 Y125.725
G0 X126.921 Y125.725
G1 F3000 X127.555 Y125.555 E3314.28041
G0 F9000 X127.329 Y125.555
G0 X127.329 Y121.356
G0 X127.556 Y121.356
G1 F3000 X126.92 Y120.72 E3314.31033
G0 F9000 X127.15 Y120.72
G0 X127.15 Y119.514
G0 X126.92 Y119.514
G1 F3000 X127.556 Y119.344 E3314.33222
G0 F9000 X127.329 Y119.344
G0 X127.15 Y113.302
G0 X126.92 Y113.302
G1 F3000 X127.556 Y113.132 E3314.35412
G0 F9000 X127.556 Y112.871
G1 F3000 X126.92 Y112.235 E3314.38403
G0 F9000 X126.92 Y111.768
G1 F3000 X127.556 Y109.394 E3314.46578
G0 F9000 X127.329 Y109.394
G0 X127.15 Y107.091
G0 X126.921 Y107.091
G1 F3000 X127.555 Y106.92 E3314.48762
G0 F9000 X127.329 Y106.92
G0 X127.329 Y104.386
G0 X127.556 Y104.386
G1 F3000 X126.92 Y103.75 E3314.51753
G0 F9000 X127.15 Y103.75
G0 X127.15 Y100.879
G0 X126.92 Y100.879
G1 F3000 X127.556 Y100.709 E3314.53943
G0 F9000 X127.329 Y100.709
G0 X127.329 Y95.901
G0 X127.556 Y95.901
G1 F3000 X126.92 Y95.264 E3314.56937
G0 F9000 X126.92 Y94.667
G1 F3000 X127.556 Y94.497 E3314.59127
G0 F9000 X127.329 Y94.497
G0 X127.15 Y88.586
G0 X126.92 Y88.586
G1 F3000 X127.556 Y86.212 E3314.67301
G0 F9000 X126.92 Y86.779
G1 F3000 X127.556 Y87.415 E3314.70293
G0 F9000 X127.555 Y88.286
G1 F3000 X126.921 Y88.456 E3314.72476
G0 F9000 X127.15 Y88.456
G0 X127.15 Y82.244
G0 X126.92 Y82.244
G1 F3000 X127.556 Y82.074 E3314.74665
G0 F9000 X127.329 Y82.074
G0 X127.329 Y78.93
G0 X127.556 Y78.93
G1 F3000 X126.92 Y78.294 E3314.77657
G0 F9000 X127.15 Y78.294
G0 X127.15 Y76.032
G0 X126.92 Y76.032
G1 F3000 X127.556 Y75.862 E3314.79846
G0 F9000 X127.329 Y75.862
G0 X127.329 Y70.445
G0 X127.556 Y70.445
G1 F3000 X126.92 Y69.808 E3314.8284
G1 X126.921 Y69.821
G1 X127.556 Y69.65 E3314.85028
G0 F9000 X127.329 Y69.65
G0 X127.15 Y65.404
G0 X126.92 Y65.404
G1 F3000 X127.556 Y63.03 E3314.93202
G0 F9000 X127.556 Y63.439
G1 F3000 X126.92 Y63.609 E3314.95392
G0 F9000 X127.15 Y63.609
G0 X127.329 Y61.96
G0 X127.556 Y61.96
G1 F3000 X126.92 Y61.323 E3314.98386
G0 F9000 X127.15 Y61.323
G0 X127.15 Y57.397
G0 X126.92 Y57.397
G1 F3000 X127.556 Y57.227 E3315.00575
G0 F9000 X127.329 Y57.227
G0 X127.329 Y53.474
G0 X127.556 Y53.474
G1 F3000 X127.262 Y53.18 E3315.01958
G1 F2700 E3310.01958
G0 F9000 X127.262 Y53.41
G0 X126.67 Y181.62
G0 X125.575 Y181.62
G0 X109.425 Y181.62
G0 X108.33 Y181.62
G0 X107.88 Y181.62
G0 X108.16 Y181.9
;TYPE:WALL-INNER
G1 F2700 E3315.01958
G1 F1500 X108.16 Y53.1 E3319.30349
G1 X107.36 Y53.1 E3319.33009
G1 X107.36 Y181.9 E3323.614
G1 X108.16 Y181.9 E3323.64061
G0 F9000 X108.56 Y182.3
;TYPE:WALL-OUTER
G1 F1500 X108.56 Y52.7 E3327.95112
G1 X106.96 Y52.7 E3328.00434
G1 X106.96 Y182.3 E3332.31485
G1 X108.56 Y182.3 E3332.36807
G0 F9000 X108.28 Y182.02
G0 X107.85 Y180.467
G0 X108.08 Y180.467
;TYPE:FILL
G1 F3000 X107.441 Y180.638 E3332.39007
G0 F9000 X107.67 Y180.638
G0 X107.85 Y178.247
G0 X108.08 Y178.247
G1 F3000 X107.44 Y177.608 E3332.42015
G0 F9000 X107.67 Y177.608
G0 X107.67 Y174.427
G0 X107.441 Y174.427
G1 F3000 X108.079 Y174.256 E3332.44212
G0 F9000 X107.85 Y174.256
G0 X107.85 Y169.762
G0 X108.08 Y169.762
G1 F3000 X107.44 Y169.122 E3332.47222
G0 F9000 X107.441 Y168.215
G1 F3000 X108.08 Y168.044 E3332.49422
G0 F9000 X107.85 Y168.044
G0 X107.67 Y162.003
G0 X107.441 Y162.003
G1 F3000 X108.08 Y161.832 E3332.51622
G0 F9000 X108.08 Y161.277
G1 F3000 X107.44 Y160.637 E3332.54633
G0 F9000 X107.441 Y161.284
G1 F3000 X108.08 Y158.897 E3332.62851
G0 F9000 X107.85 Y158.897
G0 X107.67 Y155.792
G0 X107.441 Y155.792
G1 F3000 X108.079 Y155.621 E3332.65048
G0 F9000 X107.85 Y155.621
G0 X107.85 Y152.792
G0 X108.08 Y152.792
G1 F3000 X107.44 Y152.152 E3332.68059
G0 F9000 X107.67 Y152.152
G0 X107.67 Y149.58
G0 X107.441 Y149.58
G1 F3000 X108.08 Y149.409 E3332.70259
G0 F9000 X107.85 Y149.409
G0 X107.85 Y144.306
G0 X108.08 Y144.306
G1 F3000 X107.44 Y143.666 E3332.73269
G0 F9000 X107.44 Y143.369
G1 F3000 X108.08 Y143.197 E3332.75473
G0 F9000 X107.85 Y143.197
G0 X107.67 Y138.102
G0 X107.44 Y138.102
G1 F3000 X108.08 Y135.716 E3332.8369
G1 X108.08 Y135.821
G1 X107.44 Y135.181 E3332.867
G0 F9000 X107.67 Y135.181
G0 X107.85 Y136.986
G0 X108.079 Y136.986
G1 F3000 X107.441 Y137.157 E3332.88897
G0 F9000 X107.67 Y137.157
G0 X107.67 Y130.945
G0 X107.441 Y130.945
G1 F3000 X108.08 Y130.774 E3332.91097
G0 F9000 X107.85 Y130.774
G0 X107.85 Y127.336
G0 X108.08 Y127.336
G1 F3000 X107.44 Y126.696 E3332.94107
G0 F9000 X107.67 Y126.696
G0 X107.67 Y124.734
G0 X107.44 Y124.734
G1 F3000 X108.08 Y124.562 E3332.96312
G0 F9000 X107.85 Y124.562
G0 X107.85 Y118.851
G0 X108.08 Y118.851
G1 F3000 X107.44 Y118.211 E3332.99322
G0 F9000 X107.441 Y118.522
G1 F3000 X108.079 Y118.351 E3333.01519
G0 F9000 X107.85 Y118.351
G0 X107.67 Y114.92
G0 X107.44 Y114.92
G1 F3000 X108.08 Y112.534 E3333.09735
G0 F9000 X108.079 Y112.139
G1 F3000 X107.441 Y112.31 E3333.11932
G0 F9000 X107.67 Y112.31
G0 X107.85 Y110.365
G0 X108.08 Y110.365
G1 F3000 X107.44 Y109.725 E3333.14942
G0 F9000 X107.67 Y109.725
G0 X107.67 Y106.099
G0 X107.44 Y106.099
G1 F3000 X108.08 Y105.927 E3333.17147
G0 F9000 X107.85 Y105.927
G0 X107.85 Y101.88
G0 X108.08 Y101.88
G1 F3000 X107.44 Y101.24 E3333.20157
G0 F9000 X107.67 Y101.24
G0 X107.67 Y99.887
G0 X107.441 Y99.887
G1 F3000 X108.079 Y99.716 E3333.22354
G0 F9000 X107.85 Y99.716
G0 X107.67 Y93.675
G0 X107.441 Y93.675
G1 F3000 X108.079 Y93.504 E3333.24551
G1 X108.08 Y93.395
G1 X107.44 Y92.755 E3333.27561
G0 F9000 X107.67 Y92.755
G0 X107.67 Y91.739
G0 X107.44 Y91.739
G1 F3000 X108.08 Y89.352 E3333.35781
G0 F9000 X107.85 Y89.352
G0 X107.67 Y87.464
G0 X107.44 Y87.464
G1 F3000 X108.08 Y87.292 E3333.37985
G0 F9000 X107.85 Y87.292
G0 X107.85 Y84.909
G0 X108.08 Y84.909
G1 F3000 X107.44 Y84.269 E3333.40995
G0 F9000 X107.67 Y84.269
G0 X107.67 Y81.252
G0 X107.44 Y81.252
G1 F3000 X108.079 Y81.081 E3333.43195
G0 F9000 X107.85 Y81.081
G0 X107.85 Y76.424
G0 X108.08 Y76.424
G1 F3000 X107.44 Y75.784 E3333.46206
G0 F9000 X107.441 Y75.04
G1 F3000 X108.079 Y74.869 E3333.48403
G0 F9000 X107.85 Y74.869
G0 X107.67 Y68.829
G0 X107.44 Y68.829
G1 F3000 X108.08 Y68.657 E3333.50607
G0 F9000 X107.44 Y68.557
G1 F3000 X108.08 Y66.17 E3333.58826
G0 F9000 X107.85 Y66.17
G0 X107.67 Y67.299
G0 X107.44 Y67.299
G1 F3000 X108.08 Y67.939 E3333.61837
G0 F9000 X107.85 Y67.939
G0 X107.67 Y62.617
G0 X107.44 Y62.617
G1 F3000 X108.079 Y62.446 E3333.64037
G0 F9000 X107.85 Y62.446
G0 X107.85 Y59.454
G0 X108.08 Y59.454
G1 F3000 X107.44 Y58.814 E3333.67047
G0 F9000 X107.67 Y58.814
G0 X107.67 Y56.405
G0 X107.441 Y56.405
G1 F3000 X108.079 Y56.234 E3333.69244
G1 F2700 E3328.69244
;MESH:NONMESH
G0 F300 X108.079 Y56.234 Z6.4
G0 F9000 X107.85 Y56.234
G0 X107.184 Y182.076
G0 X107.184 Y183.165
G0 X106.613 Y184.153
G0 X104 Y184.165
G0 X104 Y183.3
;TIME_ELAPSED:5108.765600
;LAYER:31
;TYPE:SUPPORT
G1 F2700 E3333.69244
G1 F1500 X102.381 Y183.3 E3333.74629
G1 X102.381 Y51.7 E3338.12332
G1 X104 Y51.7 E3338.17717
G1 X104 Y183.3 E3342.55421
G1 X105.645 Y183.3 E3342.60892
G1 X105.645 Y51.7 E3346.98595
G1 X104 Y51.7 E3347.04067
G1 F2700 E3342.04067
G0 F9000 X104 Y50.835
G0 X106.498 Y50.847
G0 X109.298 Y51.847
G0 X125.702 Y183.153
G0 X128.501 Y184.153
G0 X130 Y184.165
G0 X130 Y183.3
G1 F2700 E3347.04067
G1 F1500 X129.354 Y183.3 E3347.06215
G1 X129.354 Y51.7 E3351.43919
G1 X130 Y51.7 E3351.46067
G1 X130 Y183.3 E3355.83771
G1 X132 Y183.3 E3355.90423
G1 X132 Y51.7 E3360.28126
G1 X132.618 Y51.7 E3360.30181
G1 X132.618 Y183.3 E3364.67885
G1 X132 Y183.3 E3364.6994
G1 F2700 E3359.6994
;MESH:btncover.stl
G0 F9000 X132 Y184.165
G0 X128.501 Y184.153
G0 X127.93 Y183.165
G0 X127.93 Y182.076
G0 X127.235 Y181.62
G0 X126.952 Y181.9
;TYPE:WALL-INNER
G1 F2700 E3364.6994
G1 F1500 X127.752 Y181.9 E3364.72601
G1 X127.752 Y53.1 E3369.00992
G1 X126.952 Y53.1 E3369.03652
G1 X126.952 Y181.9 E3373.32043
G0 F9000 X126.552 Y182.3
;TYPE:WALL-OUTER
G1 F1500 X128.152 Y182.3 E3373.37365
G1 X128.152 Y52.7 E3377.68416
G1 X126.552 Y52.7 E3377.73738
G1 X126.552 Y182.3 E3382.04789
G0 F9000 X127.033 Y181.746
;TYPE:FILL
G1 F3000 X127.671 Y181.575 E3382.06986
G0 F9000 X127.672 Y180.67
G1 F3000 X127.032 Y180.029 E3382.09999
G0 F9000 X127.032 Y180.351
G1 F3000 X127.672 Y177.965 E3382.18215
G0 F9000 X127.444 Y177.965
G0 X127.265 Y175.535
G0 X127.032 Y175.535
G1 F3000 X127.672 Y175.363 E3382.20419
G0 F9000 X127.444 Y175.363
G0 X127.444 Y172.185
G0 X127.672 Y172.185
G1 F3000 X127.032 Y171.544 E3382.23432
G0 F9000 X127.265 Y171.544
G0 X127.265 Y169.323
G0 X127.033 Y169.323
G1 F3000 X127.671 Y169.152 E3382.25629
G0 F9000 X127.444 Y169.152
G0 X127.444 Y163.699
G0 X127.672 Y163.699
G1 F3000 X127.032 Y163.059 E3382.28639
G1 X127.033 Y163.111
G1 X127.671 Y162.94 E3382.30836
G0 F9000 X127.444 Y162.94
G0 X127.265 Y157.17
G0 X127.032 Y157.17
G1 F3000 X127.672 Y154.782 E3382.39059
G0 F9000 X127.672 Y155.214
G1 F3000 X127.032 Y154.574 E3382.42069
G0 F9000 X127.265 Y154.574
G0 X127.444 Y156.729
G0 X127.672 Y156.729
G1 F3000 X127.032 Y156.9 E3382.44272
G0 F9000 X127.265 Y156.9
G0 X127.265 Y150.688
G0 X127.032 Y150.688
G1 F3000 X127.672 Y150.517 E3382.46476
G0 F9000 X127.444 Y150.517
G0 X127.444 Y146.729
G0 X127.672 Y146.729
G1 F3000 X127.032 Y146.088 E3382.49489
G0 F9000 X127.265 Y146.088
G0 X127.265 Y144.476
G0 X127.033 Y144.476
G1 F3000 X127.671 Y144.305 E3382.51685
G0 F9000 X127.444 Y144.305
G0 X127.444 Y138.244
G0 X127.672 Y138.244
G1 F3000 X127.032 Y137.603 E3382.54698
G0 F9000 X127.032 Y138.265
G1 F3000 X127.672 Y138.094 E3382.56901
G0 F9000 X127.444 Y138.094
G0 X127.265 Y133.988
G0 X127.032 Y133.988
G1 F3000 X127.672 Y131.599 E3382.65127
G0 F9000 X127.672 Y131.882
G1 F3000 X127.032 Y132.053 E3382.67331
G0 F9000 X127.265 Y132.053
G0 X127.444 Y129.758
G0 X127.672 Y129.758
G1 F3000 X127.032 Y129.118 E3382.70341
G0 F9000 X127.265 Y129.118
G0 X127.265 Y125.841
G0 X127.033 Y125.841
G1 F3000 X127.671 Y125.67 E3382.72538
G0 F9000 X127.444 Y125.67
G0 X127.444 Y121.273
G0 X127.672 Y121.273
G1 F3000 X127.032 Y120.632 E3382.75551
G0 F9000 X127.265 Y120.632
G0 X127.265 Y119.63
G0 X127.032 Y119.63
G1 F3000 X127.671 Y119.459 E3382.77751
G0 F9000 X127.444 Y119.459
G0 X127.265 Y113.418
G0 X127.032 Y113.418
G1 F3000 X127.672 Y113.247 E3382.79954
G0 F9000 X127.672 Y112.788
G1 F3000 X127.032 Y112.147 E3382.82967
G0 F9000 X127.265 Y112.147
G0 X127.265 Y110.806
G0 X127.032 Y110.806
G1 F3000 X127.672 Y108.417 E3382.91193
G0 F9000 X127.444 Y108.417
G0 X127.265 Y107.207
G0 X127.033 Y107.207
G1 F3000 X127.672 Y107.035 E3382.93394
G0 F9000 X127.444 Y107.035
G0 X127.444 Y104.302
G0 X127.672 Y104.302
G1 F3000 X127.032 Y103.662 E3382.96404
G0 F9000 X127.265 Y103.662
G0 X127.265 Y100.995
G0 X127.032 Y100.995
G1 F3000 X127.671 Y100.824 E3382.98604
G0 F9000 X127.444 Y100.824
G0 X127.444 Y95.817
G0 X127.672 Y95.817
G1 F3000 X127.032 Y95.177 E3383.01615
G0 F9000 X127.032 Y94.783
G1 F3000 X127.672 Y94.612 E3383.03818
G0 F9000 X127.444 Y94.612
G0 X127.265 Y88.572
G0 X127.033 Y88.572
G1 F3000 X127.672 Y88.4 E3383.06019
G0 F9000 X127.444 Y88.4
G0 X127.265 Y87.624
G0 X127.032 Y87.624
G1 F3000 X127.672 Y85.234 E3383.14248
G0 F9000 X127.444 Y85.234
G0 X127.265 Y86.691
G0 X127.032 Y86.691
G1 F3000 X127.672 Y87.332 E3383.17261
G0 F9000 X127.444 Y87.332
G0 X127.265 Y82.36
G0 X127.032 Y82.36
G1 F3000 X127.671 Y82.189 E3383.19461
G0 F9000 X127.444 Y82.189
G0 X127.444 Y78.847
G0 X127.672 Y78.847
G1 F3000 X127.032 Y78.206 E3383.22474
G0 F9000 X127.265 Y78.206
G0 X127.265 Y76.148
G0 X127.032 Y76.148
G1 F3000 X127.672 Y75.977 E3383.24677
G0 F9000 X127.444 Y75.977
G0 X127.444 Y70.361
G0 X127.672 Y70.361
G1 F3000 X127.032 Y69.721 E3383.27688
G0 F9000 X127.032 Y69.937
G1 F3000 X127.672 Y69.765 E3383.29892
G0 F9000 X127.444 Y69.765
G0 X127.265 Y64.442
G0 X127.032 Y64.442
G1 F3000 X127.672 Y62.051 E3383.38124
G1 X127.672 Y61.876
G1 X127.032 Y61.235 E3383.41137
G0 F9000 X127.265 Y61.235
G0 X127.444 Y63.554
G0 X127.672 Y63.554
G1 F3000 X127.032 Y63.725 E3383.4334
G0 F9000 X127.265 Y63.725
G0 X127.265 Y57.513
G0 X127.032 Y57.513
G1 F3000 X127.672 Y57.342 E3383.45543
G0 F9000 X127.444 Y57.342
G0 X127.444 Y53.391
G0 X127.672 Y53.391
G1 F3000 X127.462 Y53.18 E3383.46534
G1 F2700 E3378.46534
G0 F9000 X127.462 Y53.41
G0 X126.785 Y181.62
G0 X125.69 Y181.62
G0 X109.31 Y181.62
G0 X108.215 Y181.62
G0 X107.765 Y181.62
G0 X108.044 Y181.9
;TYPE:WALL-INNER
G1 F2700 E3383.46534
G1 F1500 X108.044 Y53.1 E3387.74924
G1 X107.244 Y53.1 E3387.77585
G1 X107.244 Y181.9 E3392.05976
G1 X108.044 Y181.9 E3392.08636
G0 F9000 X108.444 Y182.3
;TYPE:WALL-OUTER
G1 F1500 X108.444 Y52.7 E3396.39688
G1 X106.844 Y52.7 E3396.45009
G1 X106.844 Y182.3 E3400.76061
G1 X108.444 Y182.3 E3400.81382
G0 F9000 X108.165 Y182.02
G0 X107.735 Y180.644
G0 X107.964 Y180.644
;TYPE:FILL
G1 F3000 X107.324 Y180.816 E3400.83586
G0 F9000 X107.555 Y180.816
G0 X107.735 Y177.932
G0 X107.964 Y177.932
G1 F3000 X107.324 Y177.292 E3400.86597
G0 F9000 X107.555 Y177.292
G0 X107.555 Y174.604
G0 X107.325 Y174.604
G1 F3000 X107.964 Y174.432 E3400.88798
G0 F9000 X107.735 Y174.432
G0 X107.735 Y169.447
G0 X107.964 Y169.447
G1 F3000 X107.324 Y168.807 E3400.91808
G0 F9000 X107.325 Y168.392
G1 F3000 X107.964 Y168.221 E3400.94008
G0 F9000 X107.735 Y168.221
G0 X107.555 Y162.181
G0 X107.324 Y162.181
G1 F3000 X107.964 Y162.009 E3400.96212
G0 F9000 X107.735 Y162.009
G0 X107.735 Y160.962
G0 X107.964 Y160.962
G1 F3000 X107.324 Y160.322 E3400.99223
G0 F9000 X107.324 Y161.172
G1 F3000 X107.964 Y158.785 E3401.07442
G0 F9000 X107.735 Y158.785
G0 X107.555 Y155.969
G0 X107.325 Y155.969
G1 F3000 X107.964 Y155.797 E3401.09643
G0 F9000 X107.735 Y155.797
G0 X107.735 Y152.476
G0 X107.964 Y152.476
G1 F3000 X107.324 Y151.836 E3401.12654
G0 F9000 X107.555 Y151.836
G0 X107.555 Y149.757
G0 X107.325 Y149.757
G1 F3000 X107.963 Y149.586 E3401.14851
G0 F9000 X107.735 Y149.586
G0 X107.735 Y143.991
G0 X107.964 Y143.991
G1 F3000 X107.324 Y143.351 E3401.17861
G1 X107.324 Y143.546
G1 X107.964 Y143.374 E3401.20065
G0 F9000 X107.735 Y143.374
G0 X107.555 Y137.991
G0 X107.324 Y137.991
G1 F3000 X107.964 Y135.604 E3401.28285
G1 X107.964 Y135.506
G1 X107.324 Y134.866 E3401.31295
G0 F9000 X107.555 Y134.866
G0 X107.735 Y137.163
G0 X107.964 Y137.163
G1 F3000 X107.325 Y137.334 E3401.33495
G0 F9000 X107.555 Y137.334
G0 X107.555 Y131.122
G0 X107.325 Y131.122
G1 F3000 X107.963 Y130.951 E3401.35692
G0 F9000 X107.735 Y130.951
G0 X107.735 Y127.02
G0 X107.964 Y127.02
G1 F3000 X107.324 Y126.38 E3401.38703
G0 F9000 X107.555 Y126.38
G0 X107.555 Y124.911
G0 X107.324 Y124.911
G1 F3000 X107.964 Y124.739 E3401.40907
G0 F9000 X107.735 Y124.739
G0 X107.555 Y118.699
G0 X107.325 Y118.699
G1 F3000 X107.964 Y118.528 E3401.43107
G1 X107.964 Y118.535
G1 X107.324 Y117.895 E3401.46117
G0 F9000 X107.555 Y117.895
G0 X107.555 Y114.809
G0 X107.324 Y114.809
G1 F3000 X107.964 Y112.422 E3401.54337
G1 X107.963 Y112.316
G1 X107.325 Y112.487 E3401.56534
G0 F9000 X107.555 Y112.487
G0 X107.735 Y110.05
G0 X107.964 Y110.05
G1 F3000 X107.324 Y109.41 E3401.59544
G0 F9000 X107.555 Y109.41
G0 X107.555 Y106.276
G0 X107.324 Y106.276
G1 F3000 X107.964 Y106.104 E3401.61748
G0 F9000 X107.735 Y106.104
G0 X107.735 Y101.565
G0 X107.964 Y101.565
G1 F3000 X107.324 Y100.925 E3401.64759
G0 F9000 X107.324 Y100.064
G1 F3000 X107.964 Y99.893 E3401.66962
G0 F9000 X107.735 Y99.893
G0 X107.555 Y93.852
G0 X107.325 Y93.852
G1 F3000 X107.963 Y93.681 E3401.69159
G0 F9000 X107.964 Y93.079
G1 F3000 X107.324 Y92.439 E3401.72169
G0 F9000 X107.324 Y91.627
G1 F3000 X107.964 Y89.24 E3401.80389
G0 F9000 X107.735 Y89.24
G0 X107.555 Y87.641
G0 X107.324 Y87.641
G1 F3000 X107.964 Y87.469 E3401.82593
G0 F9000 X107.735 Y87.469
G0 X107.735 Y84.594
G0 X107.964 Y84.594
G1 F3000 X107.324 Y83.954 E3401.85603
G0 F9000 X107.555 Y83.954
G0 X107.555 Y81.429
G0 X107.324 Y81.429
G1 F3000 X107.964 Y81.258 E3401.87807
G0 F9000 X107.735 Y81.258
G0 X107.735 Y76.109
G0 X107.964 Y76.109
G1 F3000 X107.324 Y75.469 E3401.90817
G0 F9000 X107.325 Y75.217
G1 F3000 X107.963 Y75.046 E3401.93014
G0 F9000 X107.735 Y75.046
G0 X107.555 Y69.006
G0 X107.324 Y69.006
G1 F3000 X107.963 Y68.834 E3401.95215
G0 F9000 X107.324 Y68.445
G1 F3000 X107.964 Y66.058 E3402.03434
G0 F9000 X107.735 Y66.058
G0 X107.555 Y66.984
G0 X107.324 Y66.984
G1 F3000 X107.964 Y67.623 E3402.06442
G0 F9000 X107.735 Y67.623
G0 X107.555 Y62.794
G0 X107.324 Y62.794
G1 F3000 X107.964 Y62.623 E3402.08646
G0 F9000 X107.735 Y62.623
G0 X107.735 Y59.138
G0 X107.964 Y59.138
G1 F3000 X107.324 Y58.498 E3402.11656
G0 F9000 X107.555 Y58.498
G0 X107.555 Y56.582
G0 X107.325 Y56.582
G1 F3000 X107.963 Y56.411 E3402.13853
G1 F2700 E3397.13853
;MESH:NONMESH
G0 F300 X107.963 Y56.411 Z6.6
G0 F9000 X107.735 Y56.411
G0 X107.069 Y182.076
G0 X107.069 Y183.165
G0 X106.498 Y184.153
G0 X104 Y184.165
G0 X104 Y183.3
;TIME_ELAPSED:5213.242522
;LAYER:32
;TYPE:SUPPORT
G1 F2700 E3402.13853
G1 F1500 X102.381 Y183.3 E3402.19238
G1 X102.381 Y51.7 E3406.56941
G1 X104 Y51.7 E3406.62326
G1 X104 Y183.3 E3411.00029
G1 X105.529 Y183.3 E3411.05115
G1 X105.529 Y51.7 E3415.42818
G1 X104 Y51.7 E3415.47904
G1 F2700 E3410.47904
G0 F9000 X104 Y50.835
G0 X106.382 Y50.847
G0 X109.182 Y51.847
G0 X125.818 Y183.153
G0 X128.617 Y184.153
G0 X130 Y184.165
G0 X130 Y183.3
G1 F2700 E3415.47904
G1 F1500 X129.47 Y183.3 E3415.49667
G1 X129.47 Y51.7 E3419.8737
G1 X130 Y51.7 E3419.89133
G1 X130 Y183.3 E3424.26836
G1 X132 Y183.3 E3424.33488
G1 X132 Y51.7 E3428.71192
G1 X132.618 Y51.7 E3428.73247
G1 X132.618 Y183.3 E3433.1095
G1 X132 Y183.3 E3433.13006
G1 F2700 E3428.13006
;MESH:btncover.stl
G0 F9000 X132 Y184.165
G0 X128.617 Y184.153
G0 X128.046 Y183.165
G0 X128.046 Y182.076
G0 X127.351 Y181.62
G0 X127.068 Y181.9
;TYPE:WALL-INNER
G1 F2700 E3433.13006
G1 F1500 X127.868 Y181.9 E3433.15667
G1 X127.868 Y53.1 E3437.44057
G1 X127.068 Y53.1 E3437.46718
G1 X127.068 Y181.9 E3441.75109
G0 F9000 X126.668 Y182.3
;TYPE:WALL-OUTER
G1 F1500 X128.268 Y182.3 E3441.8043
G1 X128.268 Y52.7 E3446.11482
G1 X126.668 Y52.7 E3446.16803
G1 X126.668 Y182.3 E3450.47854
G0 F9000 X127.301 Y181.82
;TYPE:FILL
G1 F3000 X127.787 Y181.69 E3450.49528
G0 F9000 X127.59 Y181.62
G0 X127.56 Y180.587
G0 X127.788 Y180.587
G1 F3000 X127.148 Y179.946 E3450.5254
G0 F9000 X127.148 Y179.373
G1 F3000 X127.788 Y176.988 E3450.60754
G0 F9000 X127.56 Y176.988
G0 X127.381 Y175.65
G0 X127.148 Y175.65
G1 F3000 X127.787 Y175.478 E3450.62955
G0 F9000 X127.56 Y175.478
G0 X127.56 Y172.101
G0 X127.788 Y172.101
G1 F3000 X127.148 Y171.461 E3450.65965
G0 F9000 X127.381 Y171.461
G0 X127.381 Y169.438
G0 X127.148 Y169.438
G1 F3000 X127.788 Y169.267 E3450.68168
G0 F9000 X127.56 Y169.267
G0 X127.56 Y163.616
G0 X127.788 Y163.616
G1 F3000 X127.148 Y162.975 E3450.71181
G0 F9000 X127.149 Y163.226
G1 F3000 X127.787 Y163.055 E3450.73378
G0 F9000 X127.56 Y163.055
G0 X127.381 Y157.015
G0 X127.149 Y157.015
G1 F3000 X127.787 Y156.844 E3450.75575
G0 F9000 X127.148 Y156.191
G1 F3000 X127.788 Y153.805 E3450.83791
G0 F9000 X127.148 Y154.49
G1 F3000 X127.788 Y155.131 E3450.86804
G0 F9000 X127.56 Y155.131
G0 X127.381 Y150.803
G0 X127.148 Y150.803
G1 F3000 X127.788 Y150.632 E3450.89007
G0 F9000 X127.56 Y150.632
G0 X127.56 Y146.645
G0 X127.788 Y146.645
G1 F3000 X127.148 Y146.005 E3450.92018
G0 F9000 X127.381 Y146.005
G0 X127.381 Y144.591
G0 X127.148 Y144.591
G1 F3000 X127.788 Y144.42 E3450.94221
G0 F9000 X127.56 Y144.42
G0 X127.381 Y138.38
G0 X127.149 Y138.38
G1 F3000 X127.787 Y138.209 E3450.96418
G1 X127.788 Y138.16
G1 X127.148 Y137.52 E3450.99428
G0 F9000 X127.381 Y137.52
G0 X127.381 Y133.009
G0 X127.148 Y133.009
G1 F3000 X127.788 Y130.622 E3451.07648
G0 F9000 X127.788 Y129.675
G1 F3000 X127.148 Y129.034 E3451.10661
G0 F9000 X127.381 Y129.034
G0 X127.56 Y131.997
G0 X127.788 Y131.997
G1 F3000 X127.149 Y132.168 E3451.12861
G0 F9000 X127.381 Y132.168
G0 X127.381 Y125.956
G0 X127.148 Y125.956
G1 F3000 X127.788 Y125.785 E3451.15064
G0 F9000 X127.56 Y125.785
G0 X127.56 Y121.19
G0 X127.788 Y121.19
G1 F3000 X127.148 Y120.549 E3451.18077
G0 F9000 X127.149 Y119.745
G1 F3000 X127.787 Y119.574 E3451.20274
G0 F9000 X127.56 Y119.574
G0 X127.381 Y113.533
G0 X127.149 Y113.533
G1 F3000 X127.787 Y113.362 E3451.2247
G0 F9000 X127.788 Y112.704
G1 F3000 X127.148 Y112.064 E3451.25481
G0 F9000 X127.381 Y112.064
G0 X127.381 Y109.827
G0 X127.148 Y109.827
G1 F3000 X127.788 Y107.44 E3451.337
G0 F9000 X127.788 Y107.15
G1 F3000 X127.148 Y107.321 E3451.35904
G0 F9000 X127.381 Y107.321
G0 X127.56 Y104.219
G0 X127.788 Y104.219
G1 F3000 X127.148 Y103.578 E3451.38916
G0 F9000 X127.381 Y103.578
G0 X127.381 Y101.11
G0 X127.149 Y101.11
G1 F3000 X127.788 Y100.938 E3451.41117
G0 F9000 X127.56 Y100.938
G0 X127.56 Y95.734
G0 X127.788 Y95.734
G1 F3000 X127.148 Y95.093 E3451.4413
G1 X127.149 Y94.898
G1 X127.787 Y94.727 E3451.46327
G0 F9000 X127.56 Y94.727
G0 X127.381 Y88.686
G0 X127.149 Y88.686
G1 F3000 X127.788 Y88.515 E3451.48527
G0 F9000 X127.56 Y88.515
G0 X127.56 Y87.248
G0 X127.788 Y87.248
G1 F3000 X127.148 Y86.608 E3451.51537
G1 X127.148 Y86.644
G1 X127.788 Y84.257 E3451.59757
G0 F9000 X127.56 Y84.257
G0 X127.381 Y82.475
G0 X127.149 Y82.475
G1 F3000 X127.788 Y82.303 E3451.61958
G0 F9000 X127.56 Y82.303
G0 X127.56 Y78.763
G0 X127.788 Y78.763
G1 F3000 X127.148 Y78.123 E3451.64968
G0 F9000 X127.381 Y78.123
G0 X127.381 Y76.263
G0 X127.149 Y76.263
G1 F3000 X127.787 Y76.092 E3451.67165
G0 F9000 X127.56 Y76.092
G0 X127.56 Y70.278
G0 X127.788 Y70.278
G1 F3000 X127.148 Y69.637 E3451.70178
G0 F9000 X127.149 Y70.051
G1 F3000 X127.788 Y69.88 E3451.72378
G0 F9000 X127.56 Y69.88
G0 X127.381 Y63.84
G0 X127.148 Y63.84
G1 F3000 X127.788 Y63.669 E3451.74581
G0 F9000 X127.148 Y63.462
G1 F3000 X127.788 Y61.074 E3451.82804
G0 F9000 X127.148 Y61.152
G1 F3000 X127.788 Y61.793 E3451.85817
G0 F9000 X127.56 Y61.793
G0 X127.381 Y57.628
G0 X127.149 Y57.628
G1 F3000 X127.788 Y57.457 E3451.88017
G0 F9000 X127.56 Y57.457
G0 X127.59 Y53.38
G0 X127.788 Y53.307
G1 F3000 X127.661 Y53.18 E3451.88614
G1 F2700 E3446.88614
G0 F9000 X127.59 Y53.38
G0 X126.901 Y181.62
G0 X125.806 Y181.62
G0 X109.194 Y181.62
G0 X108.099 Y181.62
G0 X107.649 Y181.62
G0 X107.928 Y181.9
;TYPE:WALL-INNER
G1 F2700 E3451.88614
G1 F1500 X107.928 Y53.1 E3456.17005
G1 X107.128 Y53.1 E3456.19666
G1 X107.128 Y181.9 E3460.48056
G1 X107.928 Y181.9 E3460.50717
G0 F9000 X108.328 Y182.3
;TYPE:WALL-OUTER
G1 F1500 X108.328 Y52.7 E3464.81769
G1 X106.728 Y52.7 E3464.8709
G1 X106.728 Y182.3 E3469.18142
G1 X108.328 Y182.3 E3469.23463
G0 F9000 X108.049 Y182.02
G0 X107.619 Y180.821
G0 X107.848 Y180.821
;TYPE:FILL
G1 F3000 X107.208 Y180.993 E3469.25667
G0 F9000 X107.439 Y180.993
G0 X107.619 Y177.617
G0 X107.848 Y177.617
G1 F3000 X107.208 Y176.977 E3469.28678
G0 F9000 X107.439 Y176.977
G0 X107.439 Y174.781
G0 X107.208 Y174.781
G1 F3000 X107.848 Y174.61 E3469.30881
G0 F9000 X107.619 Y174.61
G0 X107.619 Y169.131
G0 X107.848 Y169.131
G1 F3000 X107.208 Y168.492 E3469.33889
G1 X107.208 Y168.569
G1 X107.847 Y168.398 E3469.36089
G0 F9000 X107.619 Y168.398
G0 X107.439 Y162.358
G0 X107.208 Y162.358
G1 F3000 X107.848 Y162.186 E3469.38293
G0 F9000 X107.619 Y162.186
G0 X107.439 Y161.064
G0 X107.208 Y161.064
G1 F3000 X107.848 Y158.674 E3469.46523
G0 F9000 X107.619 Y158.674
G0 X107.439 Y160.006
G0 X107.208 Y160.006
G1 F3000 X107.848 Y160.646 E3469.49533
G0 F9000 X107.619 Y160.646
G0 X107.439 Y156.146
G0 X107.208 Y156.146
G1 F3000 X107.848 Y155.975 E3469.51736
G0 F9000 X107.619 Y155.975
G0 X107.619 Y152.161
G0 X107.848 Y152.161
G1 F3000 X107.208 Y151.521 E3469.54747
G0 F9000 X107.439 Y151.521
G0 X107.439 Y149.934
G0 X107.208 Y149.934
G1 F3000 X107.847 Y149.763 E3469.56947
G0 F9000 X107.619 Y149.763
G0 X107.439 Y143.723
G0 X107.208 Y143.723
G1 F3000 X107.848 Y143.551 E3469.59151
G1 X107.848 Y143.676
G1 X107.208 Y143.036 E3469.62161
G0 F9000 X107.439 Y143.036
G0 X107.439 Y137.881
G0 X107.208 Y137.881
G1 F3000 X107.848 Y135.492 E3469.70387
G0 F9000 X107.848 Y135.19
G1 F3000 X107.208 Y134.55 E3469.73398
G0 F9000 X107.439 Y134.55
G0 X107.619 Y137.34
G0 X107.848 Y137.34
G1 F3000 X107.208 Y137.511 E3469.75601
G0 F9000 X107.439 Y137.511
G0 X107.439 Y131.299
G0 X107.208 Y131.299
G1 F3000 X107.847 Y131.128 E3469.77801
G0 F9000 X107.619 Y131.128
G0 X107.619 Y126.705
G0 X107.848 Y126.705
G1 F3000 X107.208 Y126.065 E3469.80811
G0 F9000 X107.208 Y125.088
G1 F3000 X107.848 Y124.916 E3469.83016
G0 F9000 X107.619 Y124.916
G0 X107.439 Y118.876
G0 X107.208 Y118.876
G1 F3000 X107.848 Y118.705 E3469.85219
G0 F9000 X107.848 Y118.22
G1 F3000 X107.208 Y117.58 E3469.88229
G0 F9000 X107.439 Y117.58
G0 X107.439 Y114.698
G0 X107.208 Y114.698
G1 F3000 X107.848 Y112.31 E3469.96452
G1 X107.847 Y112.493
G1 X107.208 Y112.665 E3469.98653
G0 F9000 X107.439 Y112.665
G0 X107.619 Y109.734
G0 X107.848 Y109.734
G1 F3000 X107.208 Y109.095 E3470.01661
G0 F9000 X107.439 Y109.095
G0 X107.439 Y106.453
G0 X107.208 Y106.453
G1 F3000 X107.847 Y106.281 E3470.03862
G0 F9000 X107.619 Y106.281
G0 X107.619 Y101.249
G0 X107.848 Y101.249
G1 F3000 X107.208 Y100.609 E3470.06872
G0 F9000 X107.208 Y100.241
G1 F3000 X107.848 Y100.07 E3470.09076
G0 F9000 X107.619 Y100.07
G0 X107.439 Y94.029
G0 X107.209 Y94.029
G1 F3000 X107.847 Y93.858 E3470.11273
G0 F9000 X107.619 Y93.858
G0 X107.619 Y92.764
G0 X107.848 Y92.764
G1 F3000 X107.208 Y92.124 E3470.14283
G0 F9000 X107.208 Y91.516
G1 F3000 X107.848 Y89.128 E3470.22506
G0 F9000 X107.619 Y89.128
G0 X107.439 Y87.818
G0 X107.208 Y87.818
G1 F3000 X107.847 Y87.647 E3470.24706
G0 F9000 X107.619 Y87.647
G0 X107.619 Y84.279
G0 X107.848 Y84.279
G1 F3000 X107.208 Y83.639 E3470.27716
G0 F9000 X107.439 Y83.639
G0 X107.439 Y81.606
G0 X107.208 Y81.606
G1 F3000 X107.848 Y81.435 E3470.2992
G0 F9000 X107.619 Y81.435
G0 X107.619 Y75.793
G0 X107.848 Y75.793
G1 F3000 X107.208 Y75.153 E3470.3293
G0 F9000 X107.209 Y75.394
G1 F3000 X107.847 Y75.223 E3470.35127
G0 F9000 X107.619 Y75.223
G0 X107.439 Y69.183
G0 X107.208 Y69.183
G1 F3000 X107.847 Y69.012 E3470.37327
G0 F9000 X107.208 Y68.333
G1 F3000 X107.848 Y65.946 E3470.45547
G0 F9000 X107.208 Y66.668
G1 F3000 X107.848 Y67.308 E3470.48557
G0 F9000 X107.619 Y67.308
G0 X107.439 Y62.971
G0 X107.208 Y62.971
G1 F3000 X107.848 Y62.8 E3470.5076
G0 F9000 X107.619 Y62.8
G0 X107.619 Y58.823
G0 X107.848 Y58.823
G1 F3000 X107.208 Y58.183 E3470.53771
G0 F9000 X107.439 Y58.183
G0 X107.439 Y56.759
G0 X107.208 Y56.759
G1 F3000 X107.847 Y56.588 E3470.55971
G1 F2700 E3465.55971
;MESH:NONMESH
G0 F300 X107.847 Y56.588 Z6.8
G0 F9000 X107.619 Y56.588
G0 X106.953 Y182.076
G0 X106.953 Y183.165
G0 X106.382 Y184.153
G0 X104 Y184.165
G0 X104 Y183.3
;TIME_ELAPSED:5317.391970
;LAYER:33
;TYPE:SUPPORT
G1 F2700 E3470.55971
G1 F1500 X102.381 Y183.3 E3470.61356
G1 X102.381 Y51.7 E3474.99059
G1 X104 Y51.7 E3475.04444
G1 X104 Y183.3 E3479.42147
G1 X105.414 Y183.3 E3479.4685
G1 X105.414 Y51.7 E3483.84553
G1 X104 Y51.7 E3483.89256
G1 F2700 E3478.89256
G0 F9000 X104 Y50.835
G0 X130 Y50.835
G0 X130 Y51.7
G1 F2700 E3483.89256
G1 F1500 X130 Y183.3 E3488.2696
G1 X132 Y183.3 E3488.33612
G1 X132 Y51.7 E3492.71315
G1 X132.618 Y51.7 E3492.73371
G1 X132.618 Y183.3 E3497.11074
G1 X132 Y183.3 E3497.1313
G1 F2700 E3492.1313
;MESH:btncover.stl
G0 F9000 X132 Y184.165
G0 X128.732 Y184.153
G0 X128.161 Y183.165
G0 X128.161 Y182.076
G0 X127.466 Y181.62
G0 X127.184 Y181.9
;TYPE:WALL-INNER
G1 F2700 E3497.1313
G1 F1500 X127.984 Y181.9 E3497.1579
G1 X127.984 Y53.1 E3501.44181
G1 X127.184 Y53.1 E3501.46842
G1 X127.184 Y181.9 E3505.75232
G0 F9000 X126.784 Y182.3
;TYPE:WALL-OUTER
G1 F1500 X128.384 Y182.3 E3505.80554
G1 X128.384 Y52.7 E3510.11605
G1 X126.784 Y52.7 E3510.16927
G1 X126.784 Y182.3 E3514.47978
G0 F9000 X127.066 Y182.02
G0 X127.675 Y180.502
G0 X127.904 Y180.502
;TYPE:FILL
G1 F3000 X127.264 Y179.861 E3514.50991
G0 F9000 X127.496 Y179.861
G0 X127.496 Y178.392
G0 X127.264 Y178.392
G1 F3000 X127.903 Y176.006 E3514.59206
G0 F9000 X127.903 Y175.594
G1 F3000 X127.264 Y175.766 E3514.61407
G0 F9000 X127.496 Y175.766
G0 X127.675 Y172.016
G0 X127.904 Y172.016
G1 F3000 X127.264 Y171.376 E3514.64418
G0 F9000 X127.496 Y171.376
G0 X127.496 Y169.554
G0 X127.264 Y169.554
G1 F3000 X127.904 Y169.383 E3514.66621
G0 F9000 X127.675 Y169.383
G0 X127.675 Y163.531
G0 X127.904 Y163.531
G1 F3000 X127.264 Y162.891 E3514.69631
G0 F9000 X127.265 Y163.342
G1 F3000 X127.903 Y163.171 E3514.71828
G0 F9000 X127.675 Y163.171
G0 X127.496 Y157.131
G0 X127.265 Y157.131
G1 F3000 X127.903 Y156.959 E3514.74026
G0 F9000 X127.675 Y156.959
G0 X127.496 Y155.21
G0 X127.264 Y155.21
G1 F3000 X127.904 Y152.823 E3514.82246
G0 F9000 X127.675 Y152.823
G0 X127.496 Y154.405
G0 X127.264 Y154.405
G1 F3000 X127.904 Y155.046 E3514.85258
G0 F9000 X127.675 Y155.046
G0 X127.496 Y150.919
G0 X127.264 Y150.919
G1 F3000 X127.904 Y150.748 E3514.87462
G0 F9000 X127.675 Y150.748
G0 X127.675 Y146.561
G0 X127.904 Y146.561
G1 F3000 X127.264 Y145.92 E3514.90475
G0 F9000 X127.496 Y145.92
G0 X127.496 Y144.707
G0 X127.264 Y144.707
G1 F3000 X127.904 Y144.536 E3514.92678
G0 F9000 X127.675 Y144.536
G0 X127.496 Y138.496
G0 X127.265 Y138.496
G1 F3000 X127.903 Y138.325 E3514.94875
G0 F9000 X127.904 Y138.075
G1 F3000 X127.264 Y137.435 E3514.97885
G0 F9000 X127.496 Y137.435
G0 X127.496 Y132.284
G0 X127.265 Y132.284
G1 F3000 X127.904 Y132.113 E3515.00085
G0 F9000 X127.264 Y132.027
G1 F3000 X127.904 Y129.64 E3515.08305
G1 X127.904 Y129.59
G1 X127.264 Y128.949 E3515.11318
G0 F9000 X127.496 Y128.949
G0 X127.496 Y126.072
G0 X127.264 Y126.072
G1 F3000 X127.904 Y125.901 E3515.13521
G0 F9000 X127.675 Y125.901
G0 X127.675 Y121.105
G0 X127.904 Y121.105
G1 F3000 X127.264 Y120.464 E3515.16534
G0 F9000 X127.265 Y119.861
G1 F3000 X127.903 Y119.69 E3515.1873
G0 F9000 X127.675 Y119.69
G0 X127.496 Y113.649
G0 X127.265 Y113.649
G1 F3000 X127.903 Y113.478 E3515.20927
G0 F9000 X127.904 Y112.619
G1 F3000 X127.264 Y111.979 E3515.23938
G0 F9000 X127.496 Y111.979
G0 X127.496 Y108.845
G0 X127.264 Y108.845
G1 F3000 X127.904 Y106.458 E3515.32157
G0 F9000 X127.904 Y107.266
G1 F3000 X127.264 Y107.437 E3515.34361
G0 F9000 X127.496 Y107.437
G0 X127.675 Y104.134
G0 X127.904 Y104.134
G1 F3000 X127.264 Y103.494 E3515.37371
G0 F9000 X127.496 Y103.494
G0 X127.496 Y101.226
G0 X127.265 Y101.226
G1 F3000 X127.904 Y101.054 E3515.39572
G0 F9000 X127.675 Y101.054
G0 X127.675 Y95.649
G0 X127.904 Y95.649
G1 F3000 X127.264 Y95.008 E3515.42585
G1 X127.265 Y95.014
G1 X127.903 Y94.843 E3515.44782
G0 F9000 X127.675 Y94.843
G0 X127.496 Y88.802
G0 X127.265 Y88.802
G1 F3000 X127.904 Y88.631 E3515.46982
G0 F9000 X127.675 Y88.631
G0 X127.675 Y87.164
G0 X127.904 Y87.164
G1 F3000 X127.264 Y86.523 E3515.49994
G0 F9000 X127.264 Y85.662
G1 F3000 X127.904 Y83.276 E3515.58211
G0 F9000 X127.904 Y82.419
G1 F3000 X127.264 Y82.591 E3515.60415
G0 F9000 X127.496 Y82.591
G0 X127.675 Y78.678
G0 X127.904 Y78.678
G1 F3000 X127.264 Y78.038 E3515.63425
G0 F9000 X127.496 Y78.038
G0 X127.496 Y76.379
G0 X127.265 Y76.379
G1 F3000 X127.903 Y76.208 E3515.65622
G0 F9000 X127.675 Y76.208
G0 X127.675 Y70.193
G0 X127.904 Y70.193
G1 F3000 X127.264 Y69.552 E3515.68635
G0 F9000 X127.265 Y70.167
G1 F3000 X127.904 Y69.996 E3515.70835
G0 F9000 X127.675 Y69.996
G0 X127.496 Y63.956
G0 X127.264 Y63.956
G1 F3000 X127.904 Y63.784 E3515.73039
G0 F9000 X127.675 Y63.784
G0 X127.496 Y62.48
G0 X127.264 Y62.48
G1 F3000 X127.904 Y60.093 E3515.81259
G0 F9000 X127.675 Y60.093
G0 X127.496 Y61.067
G0 X127.264 Y61.067
G1 F3000 X127.904 Y61.708 E3515.84272
G0 F9000 X127.675 Y61.708
G0 X127.496 Y57.744
G0 X127.265 Y57.744
G1 F3000 X127.904 Y57.573 E3515.86472
G1 F2700 E3510.86472
G0 F9000 X127.675 Y57.573
G0 X127.016 Y181.62
G0 X125.921 Y181.62
G0 X109.079 Y181.62
G0 X107.984 Y181.62
G0 X107.534 Y181.62
G0 X107.812 Y181.9
;TYPE:WALL-INNER
G1 F2700 E3515.86472
G1 F1500 X107.812 Y53.1 E3520.14862
G1 X107.012 Y53.1 E3520.17523
G1 X107.012 Y181.9 E3524.45914
G1 X107.812 Y181.9 E3524.48574
G0 F9000 X108.212 Y182.3
;TYPE:WALL-OUTER
G1 F1500 X108.212 Y52.7 E3528.79626
G1 X106.612 Y52.7 E3528.84947
G1 X106.612 Y182.3 E3533.15999
G1 X108.212 Y182.3 E3533.2132
G0 F9000 X107.71 Y181.821
;TYPE:FILL
G1 F3000 X107.732 Y181.74 E3533.21599
G0 F9000 X107.732 Y180.999
G1 F3000 X107.093 Y181.171 E3533.238
G0 F9000 X107.324 Y181.171
G0 X107.504 Y177.3
G0 X107.732 Y177.3
G1 F3000 X107.092 Y176.66 E3533.26811
G0 F9000 X107.324 Y176.66
G0 X107.324 Y174.959
G0 X107.092 Y174.959
G1 F3000 X107.732 Y174.788 E3533.29014
G0 F9000 X107.504 Y174.788
G0 X107.504 Y168.815
G0 X107.732 Y168.815
G1 F3000 X107.092 Y168.175 E3533.32025
G0 F9000 X107.092 Y168.747
G1 F3000 X107.732 Y168.576 E3533.34228
G0 F9000 X107.504 Y168.576
G0 X107.324 Y162.536
G0 X107.092 Y162.536
G1 F3000 X107.732 Y162.364 E3533.36432
G0 F9000 X107.504 Y162.364
G0 X107.324 Y160.948
G0 X107.092 Y160.948
G1 F3000 X107.732 Y158.558 E3533.44661
G0 F9000 X107.504 Y158.558
G0 X107.324 Y159.689
G0 X107.092 Y159.689
G1 F3000 X107.732 Y160.329 E3533.47672
G0 F9000 X107.504 Y160.329
G0 X107.324 Y156.324
G0 X107.092 Y156.324
G1 F3000 X107.732 Y156.153 E3533.49875
G0 F9000 X107.504 Y156.153
G0 X107.504 Y151.844
G0 X107.732 Y151.844
G1 F3000 X107.092 Y151.204 E3533.52885
G0 F9000 X107.324 Y151.204
G0 X107.324 Y150.112
G0 X107.092 Y150.112
G1 F3000 X107.731 Y149.941 E3533.55085
G0 F9000 X107.504 Y149.941
G0 X107.324 Y143.901
G0 X107.092 Y143.901
G1 F3000 X107.732 Y143.729 E3533.5729
G0 F9000 X107.732 Y143.359
G1 F3000 X107.092 Y142.719 E3533.603
G0 F9000 X107.324 Y142.719
G0 X107.324 Y137.765
G0 X107.092 Y137.765
G1 F3000 X107.732 Y135.376 E3533.68526
G0 F9000 X107.732 Y134.874
G1 F3000 X107.092 Y134.234 E3533.71536
G0 F9000 X107.324 Y134.234
G0 X107.324 Y131.478
G0 X107.092 Y131.478
G1 F3000 X107.731 Y131.306 E3533.73737
G0 F9000 X107.504 Y131.306
G0 X107.504 Y126.388
G0 X107.732 Y126.388
G1 F3000 X107.092 Y125.748 E3533.76748
G0 F9000 X107.092 Y125.266
G1 F3000 X107.732 Y125.094 E3533.78952
G0 F9000 X107.504 Y125.094
G0 X107.324 Y119.054
G0 X107.093 Y119.054
G1 F3000 X107.732 Y118.883 E3533.81152
G0 F9000 X107.732 Y117.903
G1 F3000 X107.092 Y117.263 E3533.84162
G0 F9000 X107.324 Y117.263
G0 X107.324 Y114.582
G0 X107.092 Y114.582
G1 F3000 X107.732 Y112.194 E3533.92385
G0 F9000 X107.731 Y112.671
G1 F3000 X107.092 Y112.843 E3533.94586
G0 F9000 X107.324 Y112.843
G0 X107.504 Y109.418
G0 X107.732 Y109.418
G1 F3000 X107.092 Y108.778 E3533.97596
G0 F9000 X107.324 Y108.778
G0 X107.324 Y106.631
G0 X107.092 Y106.631
G1 F3000 X107.732 Y106.46 E3533.998
G0 F9000 X107.504 Y106.46
G0 X107.504 Y100.932
G0 X107.732 Y100.932
G1 F3000 X107.092 Y100.292 E3534.0281
G1 X107.092 Y100.419
G1 X107.732 Y100.248 E3534.05013
G0 F9000 X107.504 Y100.248
G0 X107.324 Y94.207
G0 X107.093 Y94.207
G1 F3000 X107.731 Y94.036 E3534.0721
G0 F9000 X107.504 Y94.036
G0 X107.504 Y92.447
G0 X107.732 Y92.447
G1 F3000 X107.092 Y91.807 E3534.10221
G0 F9000 X107.092 Y91.4
G1 F3000 X107.732 Y89.012 E3534.18444
G0 F9000 X107.504 Y89.012
G0 X107.504 Y87.825
G0 X107.732 Y87.825
G1 F3000 X107.092 Y87.996 E3534.20647
G0 F9000 X107.324 Y87.996
G0 X107.504 Y83.962
G0 X107.732 Y83.962
G1 F3000 X107.092 Y83.322 E3534.23657
G0 F9000 X107.324 Y83.322
G0 X107.324 Y81.784
G0 X107.092 Y81.784
G1 F3000 X107.732 Y81.613 E3534.25861
G0 F9000 X107.504 Y81.613
G0 X107.324 Y75.572
G0 X107.093 Y75.572
G1 F3000 X107.731 Y75.401 E3534.28057
G1 X107.732 Y75.477
G1 X107.092 Y74.837 E3534.31068
G0 F9000 X107.324 Y74.837
G0 X107.324 Y69.361
G0 X107.092 Y69.361
G1 F3000 X107.731 Y69.19 E3534.33268
G0 F9000 X107.504 Y69.19
G0 X107.324 Y68.217
G0 X107.092 Y68.217
G1 F3000 X107.732 Y65.83 E3534.41488
G0 F9000 X107.092 Y66.351
G1 F3000 X107.732 Y66.991 E3534.44498
G0 F9000 X107.504 Y66.991
G0 X107.324 Y63.149
G0 X107.092 Y63.149
G1 F3000 X107.732 Y62.978 E3534.46701
G0 F9000 X107.504 Y62.978
G0 X107.504 Y58.506
G0 X107.732 Y58.506
G1 F3000 X107.092 Y57.866 E3534.49712
G0 F9000 X107.093 Y56.937
G1 F3000 X107.731 Y56.766 E3534.51908
G1 F2700 E3529.51908
G0 F9000 X107.504 Y56.766
G0 X107.504 Y137.518
G0 X107.732 Y137.518
G1 F2700 E3534.51908
G1 F3000 X107.093 Y137.689 E3534.54109
G1 F2700 E3529.54109
;MESH:NONMESH
G0 F300 X107.093 Y137.689 Z7
G0 F9000 X107.324 Y137.689
G0 X106.838 Y182.076
G0 X106.838 Y183.165
G0 X106.267 Y184.153
G0 X104 Y184.165
G0 X104 Y183.3
;TIME_ELAPSED:5415.337688
;LAYER:34
;TYPE:SUPPORT
G1 F2700 E3534.54109
G1 F1500 X102.381 Y183.3 E3534.59493
G1 X102.381 Y51.7 E3538.97197
G1 X104 Y51.7 E3539.02582
G1 X104 Y183.3 E3543.40285
G1 X105.298 Y183.3 E3543.44602
G1 X105.298 Y51.7 E3547.82306
G1 X104 Y51.7 E3547.86623
G1 F2700 E3542.86623
G0 F9000 X104 Y50.835
G0 X130 Y50.835
G0 X130 Y51.7
G1 F2700 E3547.86623
G1 F1500 X130 Y183.3 E3552.24326
G1 X132 Y183.3 E3552.30978
G1 X132 Y51.7 E3556.68681
G1 X132.618 Y51.7 E3556.70737
G1 X132.618 Y183.3 E3561.0844
G1 X132 Y183.3 E3561.10496
G1 F2700 E3556.10496
;MESH:btncover.stl
G0 F9000 X132 Y184.165
G0 X128.848 Y184.153
G0 X128.277 Y183.165
G0 X128.277 Y182.076
G0 X127.582 Y181.62
G0 X127.3 Y181.9
;TYPE:WALL-INNER
G1 F2700 E3561.10496
G1 F1500 X128.1 Y181.9 E3561.13157
G1 X128.1 Y53.1 E3565.41547
G1 X127.3 Y53.1 E3565.44208
G1 X127.3 Y181.9 E3569.72598
G0 F9000 X126.9 Y182.3
;TYPE:WALL-OUTER
G1 F1500 X128.5 Y182.3 E3569.7792
G1 X128.5 Y52.7 E3574.08971
G1 X126.9 Y52.7 E3574.14293
G1 X126.9 Y182.3 E3578.45344
G0 F9000 X127.182 Y182.02
G0 X127.791 Y180.418
G0 X128.02 Y180.418
;TYPE:FILL
G1 F3000 X127.38 Y179.778 E3578.48355
G0 F9000 X127.612 Y179.778
G0 X127.612 Y177.415
G0 X127.38 Y177.415
G1 F3000 X128.02 Y175.028 E3578.56574
G0 F9000 X128.019 Y175.709
G1 F3000 X127.381 Y175.88 E3578.58771
G0 F9000 X127.612 Y175.88
G0 X127.791 Y171.933
G0 X128.02 Y171.933
G1 F3000 X127.38 Y171.292 E3578.61784
G0 F9000 X127.612 Y171.292
G0 X127.612 Y169.669
G0 X127.38 Y169.669
G1 F3000 X128.019 Y169.498 E3578.63984
G0 F9000 X127.791 Y169.498
G0 X127.791 Y163.448
G0 X128.02 Y163.448
G1 F3000 X127.38 Y162.807 E3578.66997
G0 F9000 X127.38 Y163.457
G1 F3000 X128.02 Y163.286 E3578.692
G0 F9000 X127.791 Y163.286
G0 X127.612 Y157.246
G0 X127.381 Y157.246
G1 F3000 X128.019 Y157.074 E3578.71398
G0 F9000 X127.791 Y157.074
G0 X127.791 Y154.962
G0 X128.02 Y154.962
G1 F3000 X127.38 Y154.322 E3578.74408
G1 X127.38 Y154.232
G1 X128.02 Y151.846 E3578.82625
G0 F9000 X128.019 Y150.863
G1 F3000 X127.381 Y151.034 E3578.84822
G0 F9000 X127.612 Y151.034
G0 X127.791 Y146.477
G0 X128.02 Y146.477
G1 F3000 X127.38 Y145.837 E3578.87832
G0 F9000 X127.612 Y145.837
G0 X127.612 Y144.822
G0 X127.38 Y144.822
G1 F3000 X128.02 Y144.651 E3578.90035
G0 F9000 X127.791 Y144.651
G0 X127.612 Y138.611
G0 X127.38 Y138.611
G1 F3000 X128.02 Y138.439 E3578.92239
G0 F9000 X128.02 Y137.992
G1 F3000 X127.38 Y137.351 E3578.95252
G0 F9000 X127.612 Y137.351
G0 X127.612 Y132.399
G0 X127.381 Y132.399
G1 F3000 X128.019 Y132.228 E3578.97449
G0 F9000 X127.791 Y132.228
G0 X127.612 Y131.05
G0 X127.38 Y131.05
G1 F3000 X128.02 Y128.663 E3579.05669
G0 F9000 X127.38 Y128.866
G1 F3000 X128.02 Y129.507 E3579.08681
G0 F9000 X127.791 Y129.507
G0 X127.612 Y126.187
G0 X127.38 Y126.187
G1 F3000 X128.02 Y126.016 E3579.10885
G0 F9000 X127.791 Y126.016
G0 X127.791 Y121.021
G0 X128.02 Y121.021
G1 F3000 X127.38 Y120.381 E3579.13895
G0 F9000 X127.38 Y119.976
G1 F3000 X128.02 Y119.804 E3579.16099
G0 F9000 X127.791 Y119.804
G0 X127.612 Y113.764
G0 X127.381 Y113.764
G1 F3000 X128.019 Y113.593 E3579.18296
G0 F9000 X127.791 Y113.593
G0 X127.791 Y112.536
G0 X128.02 Y112.536
G1 F3000 X127.38 Y111.895 E3579.21309
G0 F9000 X127.612 Y111.895
G0 X127.612 Y107.867
G0 X127.38 Y107.867
G1 F3000 X128.02 Y105.48 E3579.29528
G0 F9000 X127.791 Y105.48
G0 X127.791 Y104.051
G0 X128.02 Y104.051
G1 F3000 X127.38 Y103.41 E3579.32541
G0 F9000 X127.612 Y103.41
G0 X127.612 Y101.341
G0 X127.38 Y101.341
G1 F3000 X128.02 Y101.169 E3579.34745
G0 F9000 X127.791 Y101.169
G0 X127.791 Y95.565
G0 X128.02 Y95.565
G1 F3000 X127.38 Y94.925 E3579.37756
G0 F9000 X127.381 Y95.129
G1 F3000 X128.02 Y94.958 E3579.39956
G0 F9000 X127.791 Y94.958
G0 X127.612 Y88.917
G0 X127.381 Y88.917
G1 F3000 X128.019 Y88.746 E3579.42153
G0 F9000 X127.791 Y88.746
G0 X127.791 Y87.08
G0 X128.02 Y87.08
G1 F3000 X127.38 Y86.44 E3579.45163
G0 F9000 X127.612 Y86.44
G0 X127.612 Y84.685
G0 X127.38 Y84.685
G1 F3000 X128.02 Y82.298 E3579.53383
G0 F9000 X128.02 Y82.534
G1 F3000 X127.38 Y82.706 E3579.55587
G0 F9000 X127.612 Y82.706
G0 X127.791 Y78.595
G0 X128.02 Y78.595
G1 F3000 X127.38 Y77.954 E3579.586
G0 F9000 X127.612 Y77.954
G0 X127.612 Y76.494
G0 X127.38 Y76.494
G1 F3000 X128.02 Y76.323 E3579.60803
G0 F9000 X127.791 Y76.323
G0 X127.612 Y70.282
G0 X127.381 Y70.282
G1 F3000 X128.019 Y70.111 E3579.63
G1 X128.02 Y70.11
G1 X127.38 Y69.469 E3579.66013
G0 F9000 X127.612 Y69.469
G0 X127.612 Y64.071
G0 X127.381 Y64.071
G1 F3000 X128.02 Y63.899 E3579.68213
G0 F9000 X127.791 Y63.899
G0 X127.791 Y61.624
G0 X128.02 Y61.624
G1 F3000 X127.38 Y60.984 E3579.71224
G0 F9000 X127.38 Y61.502
G1 F3000 X128.02 Y59.115 E3579.79443
G0 F9000 X127.791 Y59.115
G0 X127.612 Y57.859
G0 X127.38 Y57.859
G1 F3000 X128.02 Y57.688 E3579.81647
G1 F2700 E3574.81647
G0 F9000 X127.791 Y57.688
G0 X127.791 Y107.381
G0 X128.019 Y107.381
G1 F2700 E3579.81647
G1 F3000 X127.381 Y107.552 E3579.83844
G1 F2700 E3574.83844
G0 F9000 X127.612 Y107.552
G0 X127.132 Y181.62
G0 X126.037 Y181.62
G0 X108.963 Y181.62
G0 X107.868 Y181.62
G0 X107.418 Y181.62
G0 X107.696 Y181.9
;TYPE:WALL-INNER
G1 F2700 E3579.83844
G1 F1500 X107.696 Y53.1 E3584.12234
G1 X106.896 Y53.1 E3584.14895
G1 X106.896 Y181.9 E3588.43286
G1 X107.696 Y181.9 E3588.45946
G0 F9000 X108.096 Y182.3
;TYPE:WALL-OUTER
G1 F1500 X108.096 Y52.7 E3592.76998
G1 X106.496 Y52.7 E3592.82319
G1 X106.496 Y182.3 E3597.13371
G1 X108.096 Y182.3 E3597.18692
G0 F9000 X107.564 Y181.821
;TYPE:FILL
G1 F3000 X107.616 Y181.628 E3597.19357
G0 F9000 X107.616 Y181.176
G1 F3000 X106.976 Y181.348 E3597.21561
G0 F9000 X107.208 Y181.348
G0 X107.388 Y176.985
G0 X107.616 Y176.985
G1 F3000 X106.976 Y176.345 E3597.24572
G0 F9000 X107.208 Y176.345
G0 X107.208 Y175.136
G0 X106.976 Y175.136
G1 F3000 X107.616 Y174.965 E3597.26775
G0 F9000 X107.388 Y174.965
G0 X107.208 Y168.925
G0 X106.976 Y168.925
G1 F3000 X107.615 Y168.753 E3597.28976
G0 F9000 X107.616 Y168.499
G1 F3000 X106.976 Y167.859 E3597.31986
G0 F9000 X107.208 Y167.859
G0 X107.208 Y162.713
G0 X106.976 Y162.713
G1 F3000 X107.616 Y162.541 E3597.34191
G0 F9000 X107.388 Y162.541
G0 X107.208 Y160.836
G0 X106.976 Y160.836
G1 F3000 X107.616 Y158.446 E3597.4242
G0 F9000 X107.388 Y158.446
G0 X107.208 Y159.374
G0 X106.976 Y159.374
G1 F3000 X107.616 Y160.014 E3597.4543
G0 F9000 X107.388 Y160.014
G0 X107.208 Y156.501
G0 X106.977 Y156.501
G1 F3000 X107.616 Y156.33 E3597.4763
G0 F9000 X107.388 Y156.33
G0 X107.388 Y151.529
G0 X107.616 Y151.529
G1 F3000 X106.976 Y150.889 E3597.50641
G0 F9000 X106.976 Y150.29
G1 F3000 X107.616 Y150.118 E3597.52845
G0 F9000 X107.388 Y150.118
G0 X107.208 Y144.078
G0 X106.976 Y144.078
G1 F3000 X107.616 Y143.907 E3597.55048
G0 F9000 X107.616 Y143.043
G1 F3000 X106.976 Y142.404 E3597.58056
G0 F9000 X107.208 Y142.404
G0 X107.208 Y137.866
G0 X106.977 Y137.866
G1 F3000 X107.616 Y137.695 E3597.60256
G0 F9000 X106.976 Y137.653
G1 F3000 X107.616 Y135.264 E3597.68482
G0 F9000 X107.616 Y134.558
G1 F3000 X106.976 Y133.918 E3597.71493
G0 F9000 X107.208 Y133.918
G0 X107.208 Y131.655
G0 X106.976 Y131.655
G1 F3000 X107.616 Y131.483 E3597.73697
G0 F9000 X107.388 Y131.483
G0 X107.388 Y126.073
G0 X107.616 Y126.073
G1 F3000 X106.976 Y125.433 E3597.76707
G1 X106.976 Y125.443
G1 X107.616 Y125.272 E3597.7891
G0 F9000 X107.388 Y125.272
G0 X107.208 Y119.231
G0 X106.976 Y119.231
G1 F3000 X107.616 Y119.06 E3597.81114
G0 F9000 X107.388 Y119.06
G0 X107.388 Y117.588
G0 X107.616 Y117.588
G1 F3000 X106.976 Y116.948 E3597.84124
G0 F9000 X107.208 Y116.948
G0 X107.208 Y114.471
G0 X106.976 Y114.471
G1 F3000 X107.616 Y112.082 E3597.9235
G0 F9000 X107.616 Y112.848
G1 F3000 X106.977 Y113.019 E3597.9455
G0 F9000 X107.208 Y113.019
G0 X107.388 Y109.102
G0 X107.616 Y109.102
G1 F3000 X106.976 Y108.462 E3597.97561
G0 F9000 X107.208 Y108.462
G0 X107.208 Y106.808
G0 X106.976 Y106.808
G1 F3000 X107.615 Y106.637 E3597.99761
G0 F9000 X107.388 Y106.637
G0 X107.388 Y100.617
G0 X107.616 Y100.617
G1 F3000 X106.976 Y99.977 E3598.02771
G0 F9000 X106.976 Y100.596
G1 F3000 X107.616 Y100.425 E3598.04974
G0 F9000 X107.388 Y100.425
G0 X107.208 Y94.384
G0 X106.977 Y94.384
G1 F3000 X107.616 Y94.213 E3598.07175
G0 F9000 X107.388 Y94.213
G0 X107.388 Y92.132
G0 X107.616 Y92.132
G1 F3000 X106.976 Y91.492 E3598.10185
G0 F9000 X106.976 Y91.288
G1 F3000 X107.616 Y88.9 E3598.18408
G0 F9000 X107.615 Y88.002
G1 F3000 X106.976 Y88.173 E3598.20608
G0 F9000 X107.208 Y88.173
G0 X107.388 Y83.646
G0 X107.616 Y83.646
G1 F3000 X106.976 Y83.007 E3598.23616
G0 F9000 X107.208 Y83.007
G0 X107.208 Y81.961
G0 X106.976 Y81.961
G1 F3000 X107.616 Y81.79 E3598.25819
G0 F9000 X107.388 Y81.79
G0 X107.208 Y75.75
G0 X106.977 Y75.75
G1 F3000 X107.616 Y75.578 E3598.2802
G0 F9000 X107.616 Y75.161
G1 F3000 X106.976 Y74.521 E3598.31031
G0 F9000 X107.208 Y74.521
G0 X107.208 Y69.538
G0 X106.977 Y69.538
G1 F3000 X107.615 Y69.367 E3598.33227
G0 F9000 X107.388 Y69.367
G0 X107.208 Y68.106
G0 X106.976 Y68.106
G1 F3000 X107.616 Y65.718 E3598.4145
G0 F9000 X106.976 Y66.036
G1 F3000 X107.616 Y66.676 E3598.44461
G0 F9000 X107.388 Y66.676
G0 X107.208 Y63.326
G0 X106.976 Y63.326
G1 F3000 X107.616 Y63.155 E3598.46664
G0 F9000 X107.388 Y63.155
G0 X107.388 Y58.191
G0 X107.616 Y58.191
G1 F3000 X106.976 Y57.551 E3598.49674
G0 F9000 X106.976 Y57.115
G1 F3000 X107.616 Y56.943 E3598.51878
G1 F2700 E3593.51878
;MESH:NONMESH
G0 F300 X107.616 Y56.943 Z7.2
G0 F9000 X107.388 Y56.943
G0 X106.722 Y182.076
G0 X106.722 Y183.165
G0 X106.151 Y184.153
G0 X104 Y184.165
G0 X104 Y183.3
;TIME_ELAPSED:5513.044279
;LAYER:35
;TYPE:SUPPORT
G1 F2700 E3598.51878
G1 F1500 X102.381 Y183.3 E3598.57263
G1 X102.381 Y51.7 E3602.94967
G1 X104 Y51.7 E3603.00351
G1 X104 Y183.3 E3607.38055
G1 X105.183 Y183.3 E3607.4199
G1 X105.183 Y51.7 E3611.79693
G1 X104 Y51.7 E3611.83628
G1 F2700 E3606.83628
G0 F9000 X104 Y50.835
G0 X105.154 Y50.842
G0 X128.951 Y51.7
G0 X130 Y51.7
G1 F2700 E3611.83628
G1 F1500 X130 Y183.3 E3616.21331
G1 X132 Y183.3 E3616.27983
G1 X132 Y51.7 E3620.65686
G1 X132.618 Y51.7 E3620.67742
G1 X132.618 Y183.3 E3625.05445
G1 X132 Y183.3 E3625.07501
G1 F2700 E3620.07501
;MESH:btncover.stl
G0 F9000 X132 Y184.165
G0 X128.963 Y184.153
G0 X128.392 Y183.165
G0 X128.392 Y182.076
G0 X127.697 Y181.62
G0 X127.416 Y181.9
;TYPE:WALL-INNER
G1 F2700 E3625.07501
G1 F1500 X128.216 Y181.9 E3625.10161
G1 X128.216 Y53.1 E3629.38552
G1 X127.416 Y53.1 E3629.41213
G1 X127.416 Y181.9 E3633.69603
G0 F9000 X127.016 Y182.3
;TYPE:WALL-OUTER
G1 F1500 X128.616 Y182.3 E3633.74925
G1 X128.616 Y52.7 E3638.05976
G1 X127.016 Y52.7 E3638.11298
G1 X127.016 Y182.3 E3642.42349
G0 F9000 X127.297 Y182.02
G0 X127.906 Y180.333
G0 X128.136 Y180.333
;TYPE:FILL
G1 F3000 X127.496 Y179.693 E3642.4536
G0 F9000 X127.727 Y179.693
G0 X127.727 Y176.433
G0 X127.496 Y176.433
G1 F3000 X128.136 Y174.046 E3642.53579
G0 F9000 X127.906 Y174.046
G0 X127.906 Y175.825
G0 X128.135 Y175.825
G1 F3000 X127.497 Y175.996 E3642.55776
G0 F9000 X127.727 Y175.996
G0 X127.906 Y171.848
G0 X128.136 Y171.848
G1 F3000 X127.496 Y171.208 E3642.58787
G0 F9000 X127.727 Y171.208
G0 X127.727 Y169.785
G0 X127.496 Y169.785
G1 F3000 X128.135 Y169.614 E3642.60987
G0 F9000 X127.906 Y169.614
G0 X127.727 Y163.573
G0 X127.496 Y163.573
G1 F3000 X128.136 Y163.402 E3642.6319
G1 X128.136 Y163.363
G1 X127.496 Y162.722 E3642.66203
G0 F9000 X127.727 Y162.722
G0 X127.727 Y157.361
G0 X127.496 Y157.361
G1 F3000 X128.135 Y157.19 E3642.68403
G0 F9000 X127.906 Y157.19
G0 X127.906 Y154.878
G0 X128.136 Y154.878
G1 F3000 X127.496 Y154.237 E3642.71416
G0 F9000 X127.496 Y153.25
G1 F3000 X128.136 Y150.864 E3642.79632
G1 X128.135 Y150.979
G1 X127.497 Y151.15 E3642.81829
G0 F9000 X127.727 Y151.15
G0 X127.906 Y146.392
G0 X128.136 Y146.392
G1 F3000 X127.496 Y145.752 E3642.84839
G0 F9000 X127.496 Y144.938
G1 F3000 X128.136 Y144.767 E3642.87043
G0 F9000 X127.906 Y144.767
G0 X127.727 Y138.726
G0 X127.496 Y138.726
G1 F3000 X128.136 Y138.555 E3642.89246
G0 F9000 X128.136 Y137.907
G1 F3000 X127.496 Y137.266 E3642.92259
G0 F9000 X127.727 Y137.266
G0 X127.727 Y132.515
G0 X127.497 Y132.515
G1 F3000 X128.135 Y132.344 E3642.94455
G0 F9000 X127.906 Y132.344
G0 X127.727 Y130.068
G0 X127.496 Y130.068
G1 F3000 X128.136 Y127.682 E3643.02672
G0 F9000 X127.906 Y127.682
G0 X127.727 Y128.781
G0 X127.496 Y128.781
G1 F3000 X128.136 Y129.422 E3643.05685
G0 F9000 X127.906 Y129.422
G0 X127.727 Y126.303
G0 X127.496 Y126.303
G1 F3000 X128.135 Y126.132 E3643.07885
G0 F9000 X127.906 Y126.132
G0 X127.906 Y120.936
G0 X128.136 Y120.936
G1 F3000 X127.496 Y120.296 E3643.10895
G0 F9000 X127.496 Y120.092
G1 F3000 X128.136 Y119.92 E3643.13099
G0 F9000 X127.906 Y119.92
G0 X127.727 Y113.88
G0 X127.497 Y113.88
G1 F3000 X128.135 Y113.709 E3643.15296
G0 F9000 X127.906 Y113.709
G0 X127.906 Y112.451
G0 X128.136 Y112.451
G1 F3000 X127.496 Y111.811 E3643.18306
G0 F9000 X127.727 Y111.811
G0 X127.727 Y107.668
G0 X127.497 Y107.668
G1 F3000 X128.135 Y107.497 E3643.20503
G0 F9000 X127.496 Y106.886
G1 F3000 X128.136 Y104.499 E3643.28723
G0 F9000 X128.136 Y103.966
G1 F3000 X127.496 Y103.325 E3643.31736
G0 F9000 X127.727 Y103.325
G0 X127.727 Y101.457
G0 X127.496 Y101.457
G1 F3000 X128.136 Y101.285 E3643.3394
G0 F9000 X127.906 Y101.285
G0 X127.906 Y95.481
G0 X128.136 Y95.481
G1 F3000 X127.496 Y94.84 E3643.36953
G0 F9000 X127.497 Y95.245
G1 F3000 X128.136 Y95.074 E3643.39153
G0 F9000 X127.906 Y95.074
G0 X127.727 Y89.033
G0 X127.497 Y89.033
G1 F3000 X128.135 Y88.862 E3643.4135
G0 F9000 X127.906 Y88.862
G0 X127.906 Y86.995
G0 X128.136 Y86.995
G1 F3000 X127.496 Y86.355 E3643.4436
G0 F9000 X127.727 Y86.355
G0 X127.727 Y83.704
G0 X127.496 Y83.704
G1 F3000 X128.136 Y81.317 E3643.5258
G0 F9000 X127.906 Y81.317
G0 X127.906 Y82.65
G0 X128.136 Y82.65
G1 F3000 X127.496 Y82.822 E3643.54784
G0 F9000 X127.727 Y82.822
G0 X127.906 Y78.51
G0 X128.136 Y78.51
G1 F3000 X127.496 Y77.869 E3643.57796
G0 F9000 X127.727 Y77.869
G0 X127.727 Y76.61
G0 X127.496 Y76.61
G1 F3000 X128.136 Y76.439 E3643.6
G0 F9000 X127.906 Y76.439
G0 X127.727 Y70.398
G0 X127.497 Y70.398
G1 F3000 X128.135 Y70.227 E3643.62197
G0 F9000 X128.136 Y70.025
G1 F3000 X127.496 Y69.384 E3643.65209
G0 F9000 X127.727 Y69.384
G0 X127.727 Y64.186
G0 X127.497 Y64.186
G1 F3000 X128.136 Y64.015 E3643.67409
G0 F9000 X127.906 Y64.015
G0 X127.906 Y61.54
G0 X128.136 Y61.54
G1 F3000 X127.496 Y60.899 E3643.70422
G0 F9000 X127.496 Y60.521
G1 F3000 X128.136 Y58.134 E3643.78642
G0 F9000 X128.136 Y57.804
G1 F3000 X127.496 Y57.975 E3643.80845
G1 F2700 E3638.80845
G0 F9000 X127.727 Y57.975
G0 X127.247 Y181.62
G0 X126.152 Y181.62
G0 X108.848 Y181.62
G0 X107.753 Y181.62
G0 X107.303 Y181.62
G0 X107.58 Y181.9
;TYPE:WALL-INNER
G1 F2700 E3643.80845
G1 F1500 X107.58 Y53.1 E3648.09236
G1 X106.78 Y53.1 E3648.11896
G1 X106.78 Y181.9 E3652.40287
G1 X107.58 Y181.9 E3652.42948
G0 F9000 X107.98 Y182.3
;TYPE:WALL-OUTER
G1 F1500 X107.98 Y52.7 E3656.73999
G1 X106.38 Y52.7 E3656.79321
G1 X106.38 Y182.3 E3661.10372
G1 X107.98 Y182.3 E3661.15694
G0 F9000 X107.417 Y181.821
;TYPE:FILL
G1 F3000 X107.5 Y181.512 E3661.16758
G1 X107.5 Y181.354
G1 X106.861 Y181.526 E3661.18959
G0 F9000 X107.093 Y181.526
G0 X107.273 Y176.668
G0 X107.5 Y176.668
G1 F3000 X106.859 Y176.027 E3661.21974
G0 F9000 X106.86 Y175.314
G1 F3000 X107.5 Y175.143 E3661.24177
G0 F9000 X107.273 Y175.143
G0 X107.093 Y169.103
G0 X106.86 Y169.103
G1 F3000 X107.5 Y168.931 E3661.26381
G0 F9000 X107.5 Y168.183
G1 F3000 X106.859 Y167.542 E3661.29397
G0 F9000 X107.093 Y167.542
G0 X107.093 Y162.891
G0 X106.86 Y162.891
G1 F3000 X107.5 Y162.72 E3661.316
G0 F9000 X107.273 Y162.72
G0 X107.093 Y160.72
G0 X106.86 Y160.72
G1 F3000 X107.5 Y158.33 E3661.39829
G0 F9000 X106.859 Y159.057
G1 F3000 X107.5 Y159.697 E3661.42842
G0 F9000 X107.273 Y159.697
G0 X107.093 Y156.679
G0 X106.86 Y156.679
G1 F3000 X107.5 Y156.508 E3661.45045
G0 F9000 X107.273 Y156.508
G0 X107.273 Y151.212
G0 X107.5 Y151.212
G1 F3000 X106.859 Y150.571 E3661.4806
G1 X106.86 Y150.468
G1 X107.5 Y150.296 E3661.50264
G0 F9000 X107.273 Y150.296
G0 X107.093 Y144.256
G0 X106.86 Y144.256
G1 F3000 X107.5 Y144.085 E3661.52468
G0 F9000 X107.273 Y144.085
G0 X107.273 Y142.727
G0 X107.5 Y142.727
G1 F3000 X106.859 Y142.086 E3661.55483
G0 F9000 X107.093 Y142.086
G0 X107.093 Y138.044
G0 X106.861 Y138.044
G1 F3000 X107.5 Y137.873 E3661.57683
G0 F9000 X106.86 Y137.537
G1 F3000 X107.5 Y135.148 E3661.65909
G0 F9000 X107.5 Y134.241
G1 F3000 X106.859 Y133.601 E3661.68922
G0 F9000 X107.093 Y133.601
G0 X107.093 Y131.833
G0 X106.86 Y131.833
G1 F3000 X107.499 Y131.661 E3661.71123
G0 F9000 X107.273 Y131.661
G0 X107.273 Y125.756
G0 X107.5 Y125.756
G1 F3000 X106.859 Y125.115 E3661.74138
G0 F9000 X106.86 Y125.621
G1 F3000 X107.5 Y125.45 E3661.76341
G0 F9000 X107.273 Y125.45
G0 X107.093 Y119.409
G0 X106.861 Y119.409
G1 F3000 X107.5 Y119.238 E3661.78541
G0 F9000 X107.273 Y119.238
G0 X107.273 Y117.271
G0 X107.5 Y117.271
G1 F3000 X106.859 Y116.63 E3661.81556
G0 F9000 X107.093 Y116.63
G0 X107.093 Y114.355
G0 X106.86 Y114.355
G1 F3000 X107.5 Y111.966 E3661.89782
G0 F9000 X107.273 Y111.966
G0 X107.273 Y113.026
G0 X107.499 Y113.026
G1 F3000 X106.86 Y113.198 E3661.91983
G0 F9000 X107.093 Y113.198
G0 X107.273 Y108.786
G0 X107.5 Y108.786
G1 F3000 X106.859 Y108.145 E3661.94998
G0 F9000 X107.093 Y108.145
G0 X107.093 Y106.986
G0 X106.86 Y106.986
G1 F3000 X107.5 Y106.815 E3661.97202
G0 F9000 X107.273 Y106.815
G0 X107.093 Y100.774
G0 X106.86 Y100.774
G1 F3000 X107.5 Y100.603 E3661.99405
G0 F9000 X107.5 Y100.3
G1 F3000 X106.859 Y99.66 E3662.02418
G0 F9000 X107.093 Y99.66
G0 X107.093 Y94.563
G0 X106.861 Y94.563
G1 F3000 X107.499 Y94.391 E3662.04615
G0 F9000 X107.273 Y94.391
G0 X107.273 Y91.815
G0 X107.5 Y91.815
G1 F3000 X106.859 Y91.174 E3662.0763
G1 X106.86 Y91.172
G1 X107.5 Y88.784 E3662.15853
G0 F9000 X107.5 Y88.18
G1 F3000 X106.86 Y88.351 E3662.18057
G0 F9000 X107.093 Y88.351
G0 X107.273 Y83.33
G0 X107.5 Y83.33
G1 F3000 X106.859 Y82.689 E3662.21072
G0 F9000 X106.86 Y82.139
G1 F3000 X107.5 Y81.968 E3662.23275
G0 F9000 X107.273 Y81.968
G0 X107.093 Y75.928
G0 X106.861 Y75.928
G1 F3000 X107.499 Y75.757 E3662.25472
G0 F9000 X107.5 Y74.844
G1 F3000 X106.859 Y74.204 E3662.28485
G0 F9000 X107.093 Y74.204
G0 X107.093 Y69.716
G0 X106.86 Y69.716
G1 F3000 X107.499 Y69.545 E3662.30685
G0 F9000 X107.273 Y69.545
G0 X107.093 Y67.99
G0 X106.86 Y67.99
G1 F3000 X107.5 Y65.602 E3662.38907
G0 F9000 X106.859 Y65.719
G1 F3000 X107.5 Y66.359 E3662.4192
G0 F9000 X107.273 Y66.359
G0 X107.093 Y63.504
G0 X106.86 Y63.504
G1 F3000 X107.5 Y63.333 E3662.44124
G0 F9000 X107.273 Y63.333
G0 X107.273 Y57.874
G0 X107.5 Y57.874
G1 F3000 X106.859 Y57.233 E3662.47139
G1 X106.861 Y57.293
G1 X107.499 Y57.122 E3662.49335
G1 F2700 E3657.49335
;MESH:NONMESH
G0 F300 X107.499 Y57.122 Z7.4
G0 F9000 X107.273 Y57.122
G0 X106.607 Y182.076
G0 X106.607 Y183.165
G0 X106.036 Y184.153
G0 X104 Y184.165
G0 X104 Y183.3
;TIME_ELAPSED:5610.005183
;LAYER:36
;TYPE:SUPPORT
G1 F2700 E3662.49335
G1 F1500 X102.381 Y183.3 E3662.5472
G1 X102.381 Y51.7 E3666.92424
G1 X104 Y51.7 E3666.97808
G1 X104 Y183.3 E3671.35512
G1 X105.068 Y183.3 E3671.39064
G1 X105.068 Y51.7 E3675.76767
G1 X104 Y51.7 E3675.8032
G1 F2700 E3670.8032
G0 F9000 X104 Y50.835
G0 X105.089 Y50.842
G0 X129.066 Y51.7
G0 X130 Y51.7
G1 F2700 E3675.8032
G1 F1500 X130 Y183.3 E3680.18023
G1 X132 Y183.3 E3680.24675
G1 X132 Y51.7 E3684.62378
G1 X132.618 Y51.7 E3684.64434
G1 X132.618 Y183.3 E3689.02137
G1 X132 Y183.3 E3689.04193
G1 F2700 E3684.04193
;MESH:btncover.stl
G0 F9000 X132 Y184.165
G0 X129.078 Y184.153
G0 X128.507 Y183.165
G0 X128.507 Y182.076
G0 X127.812 Y181.62
G0 X127.532 Y181.9
;TYPE:WALL-INNER
G1 F2700 E3689.04193
G1 F1500 X128.328 Y181.9 E3689.0684
G1 X128.328 Y53.1 E3693.35231
G1 X127.532 Y53.1 E3693.37878
G1 X127.532 Y181.9 E3697.66269
G0 F9000 X127.132 Y182.3
;TYPE:WALL-OUTER
G1 F1500 X128.728 Y182.3 E3697.71577
G1 X128.728 Y52.7 E3702.02628
G1 X127.132 Y52.7 E3702.07937
G1 X127.132 Y182.3 E3706.38988
G0 F9000 X127.412 Y182.02
G0 X128.021 Y180.246
G0 X128.248 Y180.246
;TYPE:FILL
G1 F3000 X127.612 Y179.609 E3706.41982
G0 F9000 X127.842 Y179.609
G0 X127.842 Y176.111
G0 X127.612 Y176.111
G1 F3000 X128.248 Y175.941 E3706.44172
G0 F9000 X127.612 Y175.456
G1 F3000 X128.248 Y173.082 E3706.52346
G0 F9000 X128.021 Y173.082
G0 X128.021 Y171.76
G0 X128.248 Y171.76
G1 F3000 X127.612 Y171.124 E3706.55338
G0 F9000 X127.842 Y171.124
G0 X127.842 Y169.9
G0 X127.613 Y169.9
G1 F3000 X128.248 Y169.729 E3706.57525
G0 F9000 X128.021 Y169.729
G0 X127.842 Y163.688
G0 X127.612 Y163.688
G1 F3000 X128.247 Y163.518 E3706.59711
G0 F9000 X128.248 Y163.275
G1 F3000 X127.612 Y162.639 E3706.62703
G0 F9000 X127.842 Y162.639
G0 X127.842 Y157.476
G0 X127.612 Y157.476
G1 F3000 X128.248 Y157.306 E3706.64892
G0 F9000 X128.021 Y157.306
G0 X128.021 Y154.79
G0 X128.248 Y154.79
G1 F3000 X127.612 Y154.154 E3706.67884
G0 F9000 X127.842 Y154.154
G0 X127.842 Y152.273
G0 X127.612 Y152.273
G1 F3000 X128.248 Y149.9 E3706.76055
G0 F9000 X128.021 Y149.9
G0 X128.021 Y151.094
G0 X128.248 Y151.094
G1 F3000 X127.612 Y151.265 E3706.78246
G0 F9000 X127.842 Y151.265
G0 X128.021 Y146.305
G0 X128.248 Y146.305
G1 F3000 X127.612 Y145.668 E3706.8124
G0 F9000 X127.613 Y145.053
G1 F3000 X128.247 Y144.883 E3706.83423
G0 F9000 X128.021 Y144.883
G0 X127.842 Y138.841
G0 X127.612 Y138.841
G1 F3000 X128.248 Y138.671 E3706.85612
G0 F9000 X128.248 Y137.819
G1 F3000 X127.612 Y137.183 E3706.88604
G0 F9000 X127.842 Y137.183
G0 X127.842 Y132.63
G0 X127.612 Y132.63
G1 F3000 X128.248 Y132.459 E3706.90794
G0 F9000 X128.021 Y132.459
G0 X128.021 Y129.334
G0 X128.248 Y129.334
G1 F3000 X127.612 Y128.698 E3706.93786
G0 F9000 X127.612 Y129.091
G1 F3000 X128.248 Y126.718 E3707.01957
G0 F9000 X128.248 Y126.248
G1 F3000 X127.613 Y126.418 E3707.04143
G0 F9000 X127.842 Y126.418
G0 X128.021 Y120.849
G0 X128.248 Y120.849
G1 F3000 X127.612 Y120.212 E3707.07137
G1 X127.612 Y120.207
G1 X128.248 Y120.036 E3707.09328
G0 F9000 X128.021 Y120.036
G0 X127.842 Y113.995
G0 X127.612 Y113.995
G1 F3000 X128.248 Y113.824 E3707.11518
G0 F9000 X128.021 Y113.824
G0 X128.021 Y112.364
G0 X128.248 Y112.364
G1 F3000 X127.612 Y111.727 E3707.14512
G0 F9000 X127.842 Y111.727
G0 X127.842 Y107.783
G0 X127.613 Y107.783
G1 F3000 X128.248 Y107.613 E3707.16699
G0 F9000 X128.021 Y107.613
G0 X127.842 Y105.908
G0 X127.612 Y105.908
G1 F3000 X128.248 Y103.536 E3707.24867
G0 F9000 X128.248 Y103.878
G1 F3000 X127.612 Y103.242 E3707.27858
G0 F9000 X127.842 Y103.242
G0 X127.842 Y101.571
G0 X127.613 Y101.571
G1 F3000 X128.248 Y101.401 E3707.30045
G0 F9000 X128.021 Y101.401
G0 X128.021 Y95.393
G0 X128.248 Y95.393
G1 F3000 X127.612 Y94.757 E3707.33036
G0 F9000 X127.612 Y95.36
G1 F3000 X128.248 Y95.19 E3707.35226
G0 F9000 X128.021 Y95.19
G0 X127.842 Y89.148
G0 X127.613 Y89.148
G1 F3000 X128.248 Y88.978 E3707.37412
G0 F9000 X128.021 Y88.978
G0 X128.021 Y86.908
G0 X128.248 Y86.908
G1 F3000 X127.612 Y86.271 E3707.40406
G0 F9000 X127.842 Y86.271
G0 X127.842 Y82.936
G0 X127.613 Y82.936
G1 F3000 X128.247 Y82.766 E3707.42589
G0 F9000 X127.612 Y82.726
G1 F3000 X128.248 Y80.354 E3707.50757
G0 F9000 X128.021 Y80.354
G0 X128.021 Y78.422
G0 X128.248 Y78.422
G1 F3000 X127.612 Y77.786 E3707.53749
G0 F9000 X127.842 Y77.786
G0 X127.842 Y76.725
G0 X127.612 Y76.725
G1 F3000 X128.248 Y76.555 E3707.55938
G0 F9000 X128.021 Y76.555
G0 X127.842 Y70.513
G0 X127.612 Y70.513
G1 F3000 X128.248 Y70.343 E3707.58128
G0 F9000 X128.248 Y69.937
G1 F3000 X127.612 Y69.301 E3707.61119
G0 F9000 X127.842 Y69.301
G0 X127.842 Y64.301
G0 X127.613 Y64.301
G1 F3000 X128.247 Y64.131 E3707.63303
G0 F9000 X128.021 Y64.131
G0 X128.021 Y61.452
G0 X128.248 Y61.452
G1 F3000 X127.612 Y60.815 E3707.66297
G0 F9000 X127.842 Y60.815
G0 X127.842 Y59.543
G0 X127.612 Y59.543
G1 F3000 X128.248 Y57.172 E3707.74461
G0 F9000 X128.248 Y57.92
G1 F3000 X127.613 Y58.09 E3707.76648
G1 F2700 E3702.76648
G0 F9000 X127.842 Y58.09
G0 X127.362 Y181.62
G0 X126.267 Y181.62
G0 X108.733 Y181.62
G0 X107.638 Y181.62
G0 X107.188 Y181.62
G0 X107.468 Y181.9
;TYPE:WALL-INNER
G1 F2700 E3707.76648
G1 F1500 X107.468 Y53.1 E3712.05038
G1 X106.668 Y53.1 E3712.07699
G1 X106.668 Y181.9 E3716.3609
G1 X107.468 Y181.9 E3716.3875
G0 F9000 X107.868 Y182.3
;TYPE:WALL-OUTER
G1 F1500 X107.868 Y52.7 E3720.69802
G1 X106.268 Y52.7 E3720.75123
G1 X106.268 Y182.3 E3725.06175
G1 X107.868 Y182.3 E3725.11496
G0 F9000 X107.272 Y181.82
;TYPE:FILL
G1 F3000 X107.387 Y181.389 E3725.1298
G1 X107.388 Y181.531
G1 X106.748 Y181.702 E3725.15183
G0 F9000 X106.948 Y181.62
G0 X107.158 Y176.357
G0 X107.388 Y176.357
G1 F3000 X106.748 Y175.716 E3725.18196
G0 F9000 X106.749 Y175.49
G1 F3000 X107.387 Y175.319 E3725.20393
G0 F9000 X107.158 Y175.319
G0 X106.978 Y169.279
G0 X106.748 Y169.279
G1 F3000 X107.387 Y169.107 E3725.22594
G0 F9000 X107.158 Y169.107
G0 X107.158 Y167.871
G0 X107.388 Y167.871
G1 F3000 X106.748 Y167.231 E3725.25604
G0 F9000 X106.978 Y167.231
G0 X106.978 Y163.067
G0 X106.748 Y163.067
G1 F3000 X107.388 Y162.896 E3725.27808
G0 F9000 X107.158 Y162.896
G0 X106.978 Y160.591
G0 X106.748 Y160.591
G1 F3000 X107.388 Y158.206 E3725.36021
G0 F9000 X106.748 Y158.745
G1 F3000 X107.388 Y159.386 E3725.39033
G0 F9000 X107.158 Y159.386
G0 X106.978 Y156.855
G0 X106.748 Y156.855
G1 F3000 X107.387 Y156.684 E3725.41234
G0 F9000 X107.158 Y156.684
G0 X107.158 Y150.901
G0 X107.388 Y150.901
G1 F3000 X106.748 Y150.26 E3725.44246
G0 F9000 X106.749 Y150.643
G1 F3000 X107.387 Y150.472 E3725.46443
G0 F9000 X107.158 Y150.472
G0 X106.978 Y144.432
G0 X106.748 Y144.432
G1 F3000 X107.388 Y144.261 E3725.48647
G0 F9000 X107.158 Y144.261
G0 X107.158 Y142.416
G0 X107.388 Y142.416
G1 F3000 X106.748 Y141.775 E3725.51659
G0 F9000 X106.978 Y141.775
G0 X106.978 Y138.22
G0 X106.748 Y138.22
G1 F3000 X107.388 Y138.049 E3725.53863
G0 F9000 X106.748 Y137.41
G1 F3000 X107.388 Y135.023 E3725.62082
G0 F9000 X107.158 Y135.023
G0 X107.158 Y133.93
G0 X107.388 Y133.93
G1 F3000 X106.748 Y133.29 E3725.65093
G0 F9000 X106.978 Y133.29
G0 X106.978 Y132.008
G0 X106.749 Y132.008
G1 F3000 X107.387 Y131.837 E3725.67289
G0 F9000 X107.158 Y131.837
G0 X106.978 Y125.797
G0 X106.748 Y125.797
G1 F3000 X107.387 Y125.626 E3725.6949
G1 X107.388 Y125.445
G1 X106.748 Y124.804 E3725.72502
G0 F9000 X106.978 Y124.804
G0 X106.978 Y119.585
G0 X106.748 Y119.585
G1 F3000 X107.388 Y119.414 E3725.74706
G0 F9000 X107.158 Y119.414
G0 X107.158 Y116.96
G0 X107.388 Y116.96
G1 F3000 X106.748 Y116.319 E3725.77718
G0 F9000 X106.978 Y116.319
G0 X106.978 Y114.227
G0 X106.748 Y114.227
G1 F3000 X107.388 Y111.84 E3725.85938
G0 F9000 X107.158 Y111.84
G0 X107.158 Y113.202
G0 X107.387 Y113.202
G1 F3000 X106.749 Y113.374 E3725.88136
G0 F9000 X106.978 Y113.374
G0 X107.158 Y108.474
G0 X107.388 Y108.474
G1 F3000 X106.748 Y107.834 E3725.91146
G0 F9000 X106.749 Y107.162
G1 F3000 X107.387 Y106.991 E3725.93343
G0 F9000 X107.158 Y106.991
G0 X106.978 Y100.95
G0 X106.748 Y100.95
G1 F3000 X107.388 Y100.779 E3725.95546
G0 F9000 X107.388 Y99.989
G1 F3000 X106.748 Y99.349 E3725.98557
G0 F9000 X106.978 Y99.349
G0 X106.978 Y94.739
G0 X106.749 Y94.739
G1 F3000 X107.388 Y94.567 E3726.00758
G0 F9000 X107.158 Y94.567
G0 X107.158 Y91.504
G0 X107.388 Y91.504
G1 F3000 X106.748 Y90.863 E3726.0377
G1 X106.748 Y91.045
G1 X107.388 Y88.658 E3726.1199
G0 F9000 X107.387 Y88.356
G1 F3000 X106.749 Y88.527 E3726.14187
G0 F9000 X106.978 Y88.527
G0 X107.158 Y83.019
G0 X107.388 Y83.019
G1 F3000 X106.748 Y82.378 E3726.17199
G1 X106.749 Y82.315
G1 X107.388 Y82.144 E3726.194
G0 F9000 X107.158 Y82.144
G0 X106.978 Y76.104
G0 X106.748 Y76.104
G1 F3000 X107.388 Y75.932 E3726.21604
G0 F9000 X107.158 Y75.932
G0 X107.158 Y74.533
G0 X107.388 Y74.533
G1 F3000 X106.748 Y73.893 E3726.24614
G0 F9000 X106.978 Y73.893
G0 X106.978 Y69.892
G0 X106.749 Y69.892
G1 F3000 X107.387 Y69.721 E3726.26811
G0 F9000 X107.158 Y69.721
G0 X106.978 Y67.862
G0 X106.748 Y67.862
G1 F3000 X107.388 Y65.475 E3726.35031
G0 F9000 X107.388 Y66.048
G1 F3000 X106.748 Y65.407 E3726.38043
G0 F9000 X106.978 Y65.407
G0 X106.978 Y63.68
G0 X106.749 Y63.68
G1 F3000 X107.388 Y63.509 E3726.40243
G0 F9000 X107.158 Y63.509
G0 X107.158 Y57.563
G0 X107.388 Y57.563
G1 F3000 X106.748 Y56.922 E3726.43256
G0 F9000 X106.748 Y57.469
G1 F3000 X107.388 Y57.297 E3726.4546
G1 F2700 E3721.4546
;MESH:NONMESH
G0 F300 X107.388 Y57.297 Z7.6
G0 F9000 X107.158 Y57.297
G0 X106.492 Y182.076
G0 X106.492 Y183.165
G0 X105.921 Y184.153
G0 X104 Y184.165
G0 X104 Y183.3
;TIME_ELAPSED:5707.080364
;LAYER:37
;TYPE:SUPPORT
G1 F2700 E3726.4546
G1 F1500 X102.381 Y183.3 E3726.50845
G1 X102.381 Y51.7 E3730.88549
G1 X104 Y51.7 E3730.93933
G1 X104 Y183.3 E3735.31637
G1 X104.952 Y183.3 E3735.34803
G1 X104.952 Y51.7 E3739.72506
G1 X104 Y51.7 E3739.75673
G1 F2700 E3734.75673
G0 F9000 X104 Y50.835
G0 X105.805 Y50.847
G0 X108.605 Y51.847
G0 X126.395 Y183.153
G0 X129.194 Y184.153
G0 X132 Y184.165
G0 X132 Y183.3
G1 F2700 E3739.75673
G1 F1500 X130.047 Y183.3 E3739.82169
G1 X130.047 Y51.7 E3744.19872
G1 X132 Y51.7 E3744.26368
G1 X132 Y183.3 E3748.64071
G1 X132.618 Y183.3 E3748.66127
G1 X132.618 Y51.7 E3753.0383
G1 X132 Y51.7 E3753.05885
G1 F2700 E3748.05885
;MESH:btncover.stl
G0 F9000 X132 Y50.835
G0 X129.194 Y50.847
G0 X128.623 Y51.835
G0 X128.623 Y52.924
G0 X127.928 Y181.62
G0 X127.648 Y181.9
;TYPE:WALL-INNER
G1 F2700 E3753.05885
G1 F1500 X128.444 Y181.9 E3753.08533
G1 X128.444 Y53.1 E3757.36923
G1 X127.648 Y53.1 E3757.39571
G1 X127.648 Y181.9 E3761.67961
G0 F9000 X127.248 Y182.3
;TYPE:WALL-OUTER
G1 F1500 X128.844 Y182.3 E3761.7327
G1 X128.844 Y52.7 E3766.04321
G1 X127.248 Y52.7 E3766.09629
G1 X127.248 Y182.3 E3770.40681
G0 F9000 X127.528 Y182.02
G0 X128.137 Y180.161
G0 X128.364 Y180.161
;TYPE:FILL
G1 F3000 X127.728 Y179.525 E3770.43672
G0 F9000 X127.958 Y179.525
G0 X127.958 Y176.227
G0 X127.728 Y176.227
G1 F3000 X128.364 Y176.057 E3770.45862
G0 F9000 X128.137 Y176.057
G0 X127.958 Y174.474
G0 X127.728 Y174.474
G1 F3000 X128.364 Y172.1 E3770.54036
G0 F9000 X128.364 Y171.676
G1 F3000 X127.728 Y171.039 E3770.5703
G0 F9000 X127.958 Y171.039
G0 X127.958 Y170.016
G0 X127.729 Y170.016
G1 F3000 X128.364 Y169.845 E3770.59217
G0 F9000 X128.137 Y169.845
G0 X127.958 Y163.804
G0 X127.728 Y163.804
G1 F3000 X128.363 Y163.634 E3770.61404
G0 F9000 X128.364 Y163.19
G1 F3000 X127.728 Y162.554 E3770.64395
G0 F9000 X127.958 Y162.554
G0 X127.958 Y157.592
G0 X127.728 Y157.592
G1 F3000 X128.364 Y157.422 E3770.66585
G0 F9000 X128.137 Y157.422
G0 X128.137 Y154.705
G0 X128.364 Y154.705
G1 F3000 X127.728 Y154.069 E3770.69577
G0 F9000 X127.958 Y154.069
G0 X127.958 Y151.381
G0 X127.728 Y151.381
G1 F3000 X128.364 Y151.21 E3770.71767
G0 F9000 X127.728 Y151.292
G1 F3000 X128.364 Y148.918 E3770.79941
G0 F9000 X128.137 Y148.918
G0 X128.137 Y146.22
G0 X128.364 Y146.22
G1 F3000 X127.728 Y145.583 E3770.82935
G0 F9000 X127.729 Y145.169
G1 F3000 X128.363 Y144.999 E3770.85119
G0 F9000 X128.137 Y144.999
G0 X127.958 Y138.957
G0 X127.728 Y138.957
G1 F3000 X128.364 Y138.787 E3770.87308
G0 F9000 X128.137 Y138.787
G0 X128.137 Y137.735
G0 X128.364 Y137.735
G1 F3000 X127.728 Y137.098 E3770.90302
G0 F9000 X127.958 Y137.098
G0 X127.958 Y132.746
G0 X127.728 Y132.746
G1 F3000 X128.364 Y132.575 E3770.92493
G0 F9000 X128.137 Y132.575
G0 X128.137 Y129.249
G0 X128.364 Y129.249
G1 F3000 X127.728 Y128.613 E3770.95484
G0 F9000 X127.728 Y128.109
G1 F3000 X128.364 Y125.736 E3771.03655
G0 F9000 X128.363 Y126.364
G1 F3000 X127.729 Y126.534 E3771.05838
G0 F9000 X127.958 Y126.534
G0 X128.137 Y120.764
G0 X128.364 Y120.764
G1 F3000 X127.728 Y120.128 E3771.0883
G1 X127.728 Y120.322
G1 X128.364 Y120.152 E3771.1102
G0 F9000 X128.137 Y120.152
G0 X127.958 Y114.111
G0 X127.728 Y114.111
G1 F3000 X128.364 Y113.94 E3771.1321
G0 F9000 X128.137 Y113.94
G0 X128.137 Y112.279
G0 X128.364 Y112.279
G1 F3000 X127.728 Y111.642 E3771.16204
G0 F9000 X127.958 Y111.642
G0 X127.958 Y107.899
G0 X127.729 Y107.899
G1 F3000 X128.363 Y107.729 E3771.18387
G0 F9000 X128.137 Y107.729
G0 X127.958 Y104.927
G0 X127.728 Y104.927
G1 F3000 X128.364 Y102.554 E3771.26558
G0 F9000 X127.728 Y103.157
G1 F3000 X128.364 Y103.793 E3771.2955
G0 F9000 X128.137 Y103.793
G0 X127.958 Y101.687
G0 X127.729 Y101.687
G1 F3000 X128.363 Y101.517 E3771.31733
G0 F9000 X128.137 Y101.517
G0 X127.958 Y95.476
G0 X127.728 Y95.476
G1 F3000 X128.364 Y95.305 E3771.33924
G1 X128.364 Y95.308
G1 X127.728 Y94.672 E3771.36915
G0 F9000 X127.958 Y94.672
G0 X127.958 Y89.264
G0 X127.728 Y89.264
G1 F3000 X128.363 Y89.094 E3771.39101
G0 F9000 X128.137 Y89.094
G0 X128.137 Y86.823
G0 X128.364 Y86.823
G1 F3000 X127.728 Y86.186 E3771.42095
G0 F9000 X127.958 Y86.186
G0 X127.958 Y83.052
G0 X127.729 Y83.052
G1 F3000 X128.363 Y82.882 E3771.44279
G0 F9000 X128.137 Y82.882
G0 X127.958 Y81.744
G0 X127.728 Y81.744
G1 F3000 X128.364 Y79.373 E3771.52443
G0 F9000 X128.137 Y79.373
G0 X128.137 Y78.338
G0 X128.364 Y78.338
G1 F3000 X127.728 Y77.701 E3771.55437
G0 F9000 X127.728 Y76.841
G1 F3000 X128.364 Y76.671 E3771.57627
G0 F9000 X128.137 Y76.671
G0 X127.958 Y70.629
G0 X127.728 Y70.629
G1 F3000 X128.364 Y70.459 E3771.59816
G0 F9000 X128.364 Y69.852
G1 F3000 X127.728 Y69.216 E3771.62808
G0 F9000 X127.958 Y69.216
G0 X127.958 Y64.417
G0 X127.729 Y64.417
G1 F3000 X128.363 Y64.247 E3771.64991
G0 F9000 X128.137 Y64.247
G0 X128.137 Y61.367
G0 X128.364 Y61.367
G1 F3000 X127.728 Y60.731 E3771.67983
G0 F9000 X127.958 Y60.731
G0 X127.958 Y58.561
G0 X127.729 Y58.561
G1 F3000 X128.364 Y56.191 E3771.76143
G0 F9000 X128.137 Y56.191
G0 X128.137 Y58.036
G0 X128.364 Y58.036
G1 F3000 X127.729 Y58.206 E3771.7833
G1 F2700 E3766.7833
G0 F9000 X127.958 Y58.206
G0 X127.478 Y181.62
G0 X126.383 Y181.62
G0 X108.617 Y181.62
G0 X107.522 Y181.62
G0 X107.072 Y181.62
G0 X107.352 Y181.9
;TYPE:WALL-INNER
G1 F2700 E3771.7833
G1 F1500 X107.352 Y53.1 E3776.0672
G1 X106.552 Y53.1 E3776.09381
G1 X106.552 Y181.9 E3780.37772
G1 X107.352 Y181.9 E3780.40433
G0 F9000 X107.752 Y182.3
;TYPE:WALL-OUTER
G1 F1500 X107.752 Y52.7 E3784.71484
G1 X106.152 Y52.7 E3784.76805
G1 X106.152 Y182.3 E3789.07857
G1 X107.752 Y182.3 E3789.13178
G0 F9000 X107.271 Y181.709
;TYPE:FILL
G1 F3000 X106.855 Y181.82 E3789.1461
G0 F9000 X107.125 Y181.82
G1 F3000 X107.271 Y181.273 E3789.16494
G0 F9000 X107.042 Y181.273
G0 X107.042 Y176.04
G0 X107.272 Y176.04
G1 F3000 X106.632 Y175.399 E3789.19506
G0 F9000 X106.633 Y175.668
G1 F3000 X107.271 Y175.497 E3789.21703
G0 F9000 X107.042 Y175.497
G0 X106.862 Y169.457
G0 X106.632 Y169.457
G1 F3000 X107.271 Y169.285 E3789.23904
G0 F9000 X107.042 Y169.285
G0 X107.042 Y167.555
G0 X107.272 Y167.555
G1 F3000 X106.632 Y166.914 E3789.26917
G0 F9000 X106.862 Y166.914
G0 X106.862 Y163.245
G0 X106.632 Y163.245
G1 F3000 X107.272 Y163.074 E3789.2912
G0 F9000 X107.042 Y163.074
G0 X106.862 Y160.476
G0 X106.632 Y160.476
G1 F3000 X107.272 Y158.09 E3789.37337
G0 F9000 X106.632 Y158.429
G1 F3000 X107.272 Y159.069 E3789.40347
G0 F9000 X107.042 Y159.069
G0 X106.862 Y157.033
G0 X106.633 Y157.033
G1 F3000 X107.271 Y156.862 E3789.42544
G0 F9000 X107.042 Y156.862
G0 X106.862 Y150.821
G0 X106.633 Y150.821
G1 F3000 X107.271 Y150.65 E3789.44741
G1 X107.272 Y150.584
G1 X106.632 Y149.943 E3789.47753
G0 F9000 X106.862 Y149.943
G0 X106.862 Y144.61
G0 X106.632 Y144.61
G1 F3000 X107.272 Y144.439 E3789.49957
G0 F9000 X107.042 Y144.439
G0 X107.042 Y142.099
G0 X107.272 Y142.099
G1 F3000 X106.632 Y141.458 E3789.52969
G0 F9000 X106.862 Y141.458
G0 X106.862 Y138.398
G0 X106.633 Y138.398
G1 F3000 X107.271 Y138.227 E3789.55166
G0 F9000 X107.042 Y138.227
G0 X106.862 Y137.294
G0 X106.632 Y137.294
G1 F3000 X107.272 Y134.907 E3789.63386
G0 F9000 X107.042 Y134.907
G0 X107.042 Y133.613
G0 X107.272 Y133.613
G1 F3000 X106.632 Y132.973 E3789.66396
G0 F9000 X106.633 Y132.187
G1 F3000 X107.271 Y132.015 E3789.68594
G0 F9000 X107.042 Y132.015
G0 X106.862 Y125.975
G0 X106.632 Y125.975
G1 F3000 X107.272 Y125.804 E3789.70797
G0 F9000 X107.272 Y125.128
G1 F3000 X106.632 Y124.488 E3789.73808
G0 F9000 X106.862 Y124.488
G0 X106.862 Y119.763
G0 X106.632 Y119.763
G1 F3000 X107.272 Y119.592 E3789.76011
G0 F9000 X107.042 Y119.592
G0 X107.042 Y116.643
G0 X107.272 Y116.643
G1 F3000 X106.632 Y116.002 E3789.79024
G0 F9000 X106.862 Y116.002
G0 X106.862 Y114.111
G0 X106.632 Y114.111
G1 F3000 X107.272 Y111.724 E3789.87243
G0 F9000 X107.042 Y111.724
G0 X107.042 Y113.381
G0 X107.271 Y113.381
G1 F3000 X106.633 Y113.552 E3789.8944
G0 F9000 X106.862 Y113.552
G0 X107.042 Y108.158
G0 X107.272 Y108.158
G1 F3000 X106.632 Y107.517 E3789.92453
G1 X106.633 Y107.34
G1 X107.272 Y107.169 E3789.94653
G0 F9000 X107.042 Y107.169
G0 X106.862 Y101.128
G0 X106.632 Y101.128
G1 F3000 X107.272 Y100.957 E3789.96856
G0 F9000 X107.042 Y100.957
G0 X107.042 Y99.672
G0 X107.272 Y99.672
G1 F3000 X106.632 Y99.032 E3789.99867
G0 F9000 X106.862 Y99.032
G0 X106.862 Y94.917
G0 X106.633 Y94.917
G1 F3000 X107.271 Y94.746 E3790.02064
G0 F9000 X107.042 Y94.746
G0 X107.042 Y91.187
G0 X107.272 Y91.187
G1 F3000 X106.632 Y90.546 E3790.05076
G0 F9000 X106.632 Y90.929
G1 F3000 X107.272 Y88.542 E3790.13296
G1 X107.271 Y88.534
G1 X106.633 Y88.705 E3790.15493
G0 F9000 X106.862 Y88.705
G0 X107.042 Y82.702
G0 X107.272 Y82.702
G1 F3000 X106.632 Y82.061 E3790.18506
G0 F9000 X106.632 Y82.493
G1 F3000 X107.272 Y82.322 E3790.20709
G0 F9000 X107.042 Y82.322
G0 X106.862 Y76.282
G0 X106.633 Y76.282
G1 F3000 X107.272 Y76.11 E3790.2291
G0 F9000 X107.042 Y76.11
G0 X107.042 Y74.217
G0 X107.272 Y74.217
G1 F3000 X106.632 Y73.576 E3790.25923
G0 F9000 X106.862 Y73.576
G0 X106.862 Y70.07
G0 X106.633 Y70.07
G1 F3000 X107.271 Y69.899 E3790.2812
G0 F9000 X107.042 Y69.899
G0 X106.862 Y67.746
G0 X106.632 Y67.746
G1 F3000 X107.272 Y65.359 E3790.36339
G0 F9000 X107.272 Y65.731
G1 F3000 X106.632 Y65.091 E3790.39349
G0 F9000 X106.862 Y65.091
G0 X106.862 Y63.858
G0 X106.633 Y63.858
G1 F3000 X107.272 Y63.687 E3790.4155
G0 F9000 X107.042 Y63.687
G0 X106.862 Y57.647
G0 X106.632 Y57.647
G1 F3000 X107.272 Y57.475 E3790.43754
G0 F9000 X107.272 Y57.246
G1 F3000 X106.632 Y56.605 E3790.46766
G1 F2700 E3785.46766
;MESH:NONMESH
G0 F300 X106.632 Y56.605 Z7.8
G0 F9000 X106.862 Y56.605
G0 X106.376 Y182.076
G0 X106.376 Y183.165
G0 X105.805 Y184.153
G0 X104 Y184.165
G0 X104 Y183.3
;TIME_ELAPSED:5806.532972
;LAYER:38
;TYPE:SUPPORT
G1 F2700 E3790.46766
G1 F1500 X102.381 Y183.3 E3790.52151
G1 X102.381 Y51.7 E3794.89855
G1 X104 Y51.7 E3794.9524
G1 X104 Y183.3 E3799.32943
G1 X104.837 Y183.3 E3799.35727
G1 X104.837 Y51.7 E3803.7343
G1 X104 Y51.7 E3803.76214
G1 F2700 E3798.76214
G0 F9000 X104 Y50.835
G0 X105.69 Y50.847
G0 X108.49 Y51.847
G0 X126.51 Y183.153
G0 X129.309 Y184.153
G0 X132 Y184.165
G0 X132 Y183.3
G1 F2700 E3803.76214
G1 F1500 X130.162 Y183.3 E3803.82327
G1 X130.162 Y51.7 E3808.20031
G1 X132 Y51.7 E3808.26144
G1 X132 Y183.3 E3812.63847
G1 X132.618 Y183.3 E3812.65903
G1 X132.618 Y51.7 E3817.03606
G1 X132 Y51.7 E3817.05662
G1 F2700 E3812.05662
;MESH:btncover.stl
G0 F9000 X132 Y50.835
G0 X129.309 Y50.847
G0 X128.738 Y51.835
G0 X128.738 Y52.924
G0 X128.043 Y181.62
G0 X127.76 Y181.9
;TYPE:WALL-INNER
G1 F2700 E3817.05662
G1 F1500 X128.56 Y181.9 E3817.08322
G1 X128.56 Y53.1 E3821.36713
G1 X127.76 Y53.1 E3821.39374
G1 X127.76 Y181.9 E3825.67764
G0 F9000 X127.36 Y182.3
;TYPE:WALL-OUTER
G1 F1500 X128.96 Y182.3 E3825.73086
G1 X128.96 Y52.7 E3830.04137
G1 X127.36 Y52.7 E3830.09459
G1 X127.36 Y182.3 E3834.4051
G0 F9000 X127.643 Y182.02
G0 X128.252 Y180.077
G0 X128.48 Y180.077
;TYPE:FILL
G1 F3000 X127.84 Y179.438 E3834.43518
G0 F9000 X128.073 Y179.438
G0 X128.073 Y176.343
G0 X127.84 Y176.343
G1 F3000 X128.479 Y176.172 E3834.45718
G0 F9000 X128.252 Y176.172
G0 X128.073 Y173.513
G0 X127.84 Y173.513
G1 F3000 X128.48 Y171.123 E3834.53948
G0 F9000 X128.48 Y171.592
G1 F3000 X127.84 Y170.952 E3834.56958
G0 F9000 X127.84 Y170.132
G1 F3000 X128.48 Y169.96 E3834.59162
G0 F9000 X128.252 Y169.96
G0 X128.073 Y163.92
G0 X127.84 Y163.92
G1 F3000 X128.48 Y163.749 E3834.61365
G0 F9000 X128.48 Y163.107
G1 F3000 X127.84 Y162.467 E3834.64376
G0 F9000 X128.073 Y162.467
G0 X128.073 Y157.708
G0 X127.84 Y157.708
G1 F3000 X128.479 Y157.537 E3834.66576
G0 F9000 X128.252 Y157.537
G0 X128.252 Y154.622
G0 X128.48 Y154.622
G1 F3000 X127.84 Y153.982 E3834.69586
G0 F9000 X128.073 Y153.982
G0 X128.073 Y151.497
G0 X127.84 Y151.497
G1 F3000 X128.48 Y151.325 E3834.7179
G0 F9000 X128.252 Y151.325
G0 X128.073 Y150.33
G0 X127.84 Y150.33
G1 F3000 X128.48 Y147.941 E3834.80016
G0 F9000 X128.252 Y147.941
G0 X128.252 Y146.136
G0 X128.48 Y146.136
G1 F3000 X127.84 Y145.496 E3834.83027
G0 F9000 X127.841 Y145.285
G1 F3000 X128.48 Y145.114 E3834.85227
G0 F9000 X128.252 Y145.114
G0 X128.073 Y139.073
G0 X127.84 Y139.073
G1 F3000 X128.479 Y138.902 E3834.87427
G0 F9000 X128.252 Y138.902
G0 X128.252 Y137.651
G0 X128.48 Y137.651
G1 F3000 X127.84 Y137.011 E3834.90437
G0 F9000 X128.073 Y137.011
G0 X128.073 Y132.862
G0 X127.84 Y132.862
G1 F3000 X128.48 Y132.69 E3834.92642
G0 F9000 X128.252 Y132.69
G0 X128.252 Y129.166
G0 X128.48 Y129.166
G1 F3000 X127.84 Y128.526 E3834.95652
G0 F9000 X128.073 Y128.526
G0 X128.073 Y127.148
G0 X127.84 Y127.148
G1 F3000 X128.48 Y124.759 E3835.03878
G0 F9000 X128.252 Y124.759
G0 X128.252 Y126.479
G0 X128.48 Y126.479
G1 F3000 X127.84 Y126.65 E3835.06081
G0 F9000 X128.073 Y126.65
G0 X128.252 Y120.681
G0 X128.48 Y120.681
G1 F3000 X127.84 Y120.041 E3835.09092
G0 F9000 X127.84 Y120.438
G1 F3000 X128.479 Y120.267 E3835.11292
G0 F9000 X128.252 Y120.267
G0 X128.073 Y114.227
G0 X127.84 Y114.227
G1 F3000 X128.48 Y114.055 E3835.13496
G0 F9000 X128.252 Y114.055
G0 X128.252 Y112.195
G0 X128.48 Y112.195
G1 F3000 X127.84 Y111.555 E3835.16506
G0 F9000 X128.073 Y111.555
G0 X128.073 Y108.015
G0 X127.84 Y108.015
G1 F3000 X128.48 Y107.844 E3835.1871
G0 F9000 X128.252 Y107.844
G0 X128.073 Y103.965
G0 X127.84 Y103.965
G1 F3000 X128.48 Y101.577 E3835.26932
G1 X128.479 Y101.632
G1 X127.841 Y101.803 E3835.29129
G0 F9000 X128.073 Y101.803
G0 X128.073 Y103.07
G0 X127.84 Y103.07
G1 F3000 X128.48 Y103.71 E3835.3214
G0 F9000 X128.252 Y103.71
G0 X128.073 Y95.592
G0 X127.84 Y95.592
G1 F3000 X128.479 Y95.42 E3835.34341
G1 X128.48 Y95.225
G1 X127.84 Y94.585 E3835.37351
G0 F9000 X128.073 Y94.585
G0 X128.073 Y89.38
G0 X127.84 Y89.38
G1 F3000 X128.48 Y89.209 E3835.39554
G0 F9000 X128.252 Y89.209
G0 X128.252 Y86.739
G0 X128.48 Y86.739
G1 F3000 X127.84 Y86.099 E3835.42565
G0 F9000 X128.073 Y86.099
G0 X128.073 Y83.168
G0 X127.841 Y83.168
G1 F3000 X128.479 Y82.997 E3835.44762
G0 F9000 X128.252 Y82.997
G0 X128.073 Y80.783
G0 X127.84 Y80.783
G1 F3000 X128.48 Y78.395 E3835.52984
G1 X128.48 Y78.254
G1 X127.84 Y77.614 E3835.55995
G0 F9000 X127.84 Y76.957
G1 F3000 X128.479 Y76.785 E3835.58196
G0 F9000 X128.252 Y76.785
G0 X128.073 Y70.745
G0 X127.84 Y70.745
G1 F3000 X128.48 Y70.574 E3835.60399
G0 F9000 X128.48 Y69.769
G1 F3000 X127.84 Y69.129 E3835.63409
G0 F9000 X128.073 Y69.129
G0 X128.073 Y64.533
G0 X127.841 Y64.533
G1 F3000 X128.479 Y64.362 E3835.65606
G0 F9000 X128.252 Y64.362
G0 X128.252 Y61.284
G0 X128.48 Y61.284
G1 F3000 X127.84 Y60.644 E3835.68617
G0 F9000 X128.073 Y60.644
G0 X128.073 Y58.322
G0 X127.841 Y58.322
G1 F3000 X128.479 Y58.151 E3835.70814
G0 F9000 X127.84 Y57.6
G1 F3000 X128.48 Y55.213 E3835.79033
G1 F2700 E3830.79033
G0 F9000 X128.252 Y55.213
G0 X127.593 Y181.62
G0 X126.498 Y181.62
G0 X108.502 Y181.62
G0 X107.407 Y181.62
G0 X106.957 Y181.62
G0 X107.236 Y181.9
;TYPE:WALL-INNER
G1 F2700 E3835.79033
G1 F1500 X107.236 Y53.1 E3840.07424
G1 X106.436 Y53.1 E3840.10085
G1 X106.436 Y181.9 E3844.38475
G1 X107.236 Y181.9 E3844.41136
G0 F9000 X107.636 Y182.3
;TYPE:WALL-OUTER
G1 F1500 X107.636 Y52.7 E3848.72187
G1 X106.036 Y52.7 E3848.77509
G1 X106.036 Y182.3 E3853.0856
G1 X107.636 Y182.3 E3853.13882
G0 F9000 X106.979 Y181.82
;TYPE:FILL
G1 F3000 X107.156 Y181.16 E3853.16155
G0 F9000 X106.927 Y181.16
G0 X106.747 Y175.845
G0 X106.517 Y175.845
G1 F3000 X107.155 Y175.674 E3853.18351
G1 X107.156 Y175.725
G1 X106.516 Y175.084 E3853.21364
G0 F9000 X106.747 Y175.084
G0 X106.747 Y169.634
G0 X106.517 Y169.634
G1 F3000 X107.155 Y169.462 E3853.23562
G0 F9000 X106.927 Y169.462
G0 X106.927 Y167.239
G0 X107.156 Y167.239
G1 F3000 X106.516 Y166.599 E3853.26572
G0 F9000 X106.747 Y166.599
G0 X106.747 Y163.422
G0 X106.516 Y163.422
G1 F3000 X107.156 Y163.251 E3853.28776
G0 F9000 X106.927 Y163.251
G0 X106.747 Y160.364
G0 X106.516 Y160.364
G1 F3000 X107.156 Y157.978 E3853.36992
G0 F9000 X106.516 Y158.113
G1 F3000 X107.156 Y158.754 E3853.40005
G0 F9000 X106.927 Y158.754
G0 X106.747 Y157.21
G0 X106.516 Y157.21
G1 F3000 X107.155 Y157.039 E3853.42205
G0 F9000 X106.927 Y157.039
G0 X106.747 Y150.999
G0 X106.517 Y150.999
G1 F3000 X107.155 Y150.828 E3853.44402
G0 F9000 X107.156 Y150.269
G1 F3000 X106.516 Y149.628 E3853.47414
G0 F9000 X106.747 Y149.628
G0 X106.747 Y144.787
G0 X106.516 Y144.787
G1 F3000 X107.156 Y144.616 E3853.49618
G0 F9000 X106.927 Y144.616
G0 X106.927 Y141.783
G0 X107.156 Y141.783
G1 F3000 X106.516 Y141.143 E3853.52628
G0 F9000 X106.747 Y141.143
G0 X106.747 Y138.575
G0 X106.516 Y138.575
G1 F3000 X107.156 Y138.404 E3853.54831
G0 F9000 X106.927 Y138.404
G0 X106.747 Y137.182
G0 X106.516 Y137.182
G1 F3000 X107.156 Y134.795 E3853.63051
G0 F9000 X106.927 Y134.795
G0 X106.927 Y133.298
G0 X107.156 Y133.298
G1 F3000 X106.516 Y132.657 E3853.66064
G0 F9000 X106.517 Y132.364
G1 F3000 X107.155 Y132.193 E3853.68261
G0 F9000 X106.927 Y132.193
G0 X106.747 Y126.152
G0 X106.517 Y126.152
G1 F3000 X107.155 Y125.981 E3853.70458
G0 F9000 X106.927 Y125.981
G0 X106.927 Y124.813
G0 X107.156 Y124.813
G1 F3000 X106.516 Y124.172 E3853.7347
G0 F9000 X106.747 Y124.172
G0 X106.747 Y119.94
G0 X106.516 Y119.94
G1 F3000 X107.156 Y119.769 E3853.75674
G0 F9000 X106.927 Y119.769
G0 X106.927 Y116.328
G0 X107.156 Y116.328
G1 F3000 X106.516 Y115.687 E3853.78686
G0 F9000 X106.747 Y115.687
G0 X106.747 Y113.999
G0 X106.516 Y113.999
G1 F3000 X107.156 Y111.612 E3853.86906
G0 F9000 X106.927 Y111.612
G0 X106.927 Y113.558
G0 X107.155 Y113.558
G1 F3000 X106.517 Y113.729 E3853.89103
G0 F9000 X106.747 Y113.729
G0 X106.927 Y107.842
G0 X107.156 Y107.842
G1 F3000 X106.516 Y107.202 E3853.92113
G0 F9000 X106.517 Y107.517
G1 F3000 X107.155 Y107.346 E3853.9431
G0 F9000 X106.927 Y107.346
G0 X106.747 Y101.305
G0 X106.516 Y101.305
G1 F3000 X107.156 Y101.134 E3853.96513
G0 F9000 X106.927 Y101.134
G0 X106.927 Y99.357
G0 X107.156 Y99.357
G1 F3000 X106.516 Y98.716 E3853.99526
G0 F9000 X106.747 Y98.716
G0 X106.747 Y95.094
G0 X106.517 Y95.094
G1 F3000 X107.156 Y94.922 E3854.01727
G0 F9000 X106.927 Y94.922
G0 X106.927 Y90.872
G0 X107.156 Y90.872
G1 F3000 X106.516 Y90.231 E3854.0474
G0 F9000 X106.516 Y90.817
G1 F3000 X107.156 Y88.43 E3854.12959
G0 F9000 X107.155 Y88.711
G1 F3000 X106.517 Y88.882 E3854.15156
G0 F9000 X106.747 Y88.882
G0 X106.747 Y82.67
G0 X106.517 Y82.67
G1 F3000 X107.156 Y82.499 E3854.17356
G1 X107.156 Y82.386
G1 X106.516 Y81.746 E3854.20367
G0 F9000 X106.747 Y81.746
G0 X106.747 Y76.459
G0 X106.516 Y76.459
G1 F3000 X107.156 Y76.287 E3854.22571
G0 F9000 X106.927 Y76.287
G0 X106.927 Y73.901
G0 X107.156 Y73.901
G1 F3000 X106.516 Y73.261 E3854.25581
G0 F9000 X106.747 Y73.261
G0 X106.747 Y70.247
G0 X106.517 Y70.247
G1 F3000 X107.156 Y70.076 E3854.27781
G0 F9000 X106.927 Y70.076
G0 X106.747 Y67.634
G0 X106.516 Y67.634
G1 F3000 X107.156 Y65.247 E3854.36001
G1 X107.156 Y65.416
G1 X106.516 Y64.775 E3854.39014
G0 F9000 X106.517 Y64.035
G1 F3000 X107.156 Y63.864 E3854.41214
G0 F9000 X106.927 Y63.864
G0 X106.747 Y57.824
G0 X106.516 Y57.824
G1 F3000 X107.156 Y57.652 E3854.43418
G0 F9000 X107.156 Y56.931
G1 F3000 X106.516 Y56.29 E3854.46431
G1 F2700 E3849.46431
;MESH:NONMESH
G0 F300 X106.516 Y56.29 Z8
G0 F9000 X106.747 Y56.29
G0 X106.261 Y182.076
G0 X106.261 Y183.165
G0 X105.69 Y184.153
G0 X104 Y184.165
G0 X104 Y183.3
;TIME_ELAPSED:5906.035991
;LAYER:39
;TYPE:SUPPORT
G1 F2700 E3854.46431
G1 F1500 X102.381 Y183.3 E3854.51816
G1 X102.381 Y51.7 E3858.89519
G1 X104 Y51.7 E3858.94904
G1 X104 Y183.3 E3863.32607
G1 X104.721 Y183.3 E3863.35005
G1 X104.721 Y51.7 E3867.72709
G1 X104 Y51.7 E3867.75107
G1 F2700 E3862.75107
G0 F9000 X104 Y50.835
G0 X105.574 Y50.847
G0 X108.374 Y51.847
G0 X126.626 Y183.153
G0 X129.425 Y184.153
G0 X132 Y184.165
G0 X132 Y183.3
G1 F2700 E3867.75107
G1 F1500 X130.278 Y183.3 E3867.80834
G1 X130.278 Y51.7 E3872.18537
G1 X132 Y51.7 E3872.24265
G1 X132 Y183.3 E3876.61968
G1 X132.618 Y183.3 E3876.64024
G1 X132.618 Y51.7 E3881.01727
G1 X132 Y51.7 E3881.03783
G1 F2700 E3876.03783
;MESH:btncover.stl
G0 F9000 X132 Y50.835
G0 X129.425 Y50.847
G0 X128.854 Y51.835
G0 X128.854 Y52.924
G0 X128.159 Y181.62
G0 X127.876 Y181.9
;TYPE:WALL-INNER
G1 F2700 E3881.03783
G1 F1500 X128.676 Y181.9 E3881.06443
G1 X128.676 Y53.1 E3885.34834
G1 X127.876 Y53.1 E3885.37495
G1 X127.876 Y181.9 E3889.65885
G0 F9000 X127.476 Y182.3
;TYPE:WALL-OUTER
G1 F1500 X129.076 Y182.3 E3889.71207
G1 X129.076 Y52.7 E3894.02258
G1 X127.476 Y52.7 E3894.0758
G1 X127.476 Y182.3 E3898.38631
G0 F9000 X127.759 Y182.02
G0 X128.368 Y179.994
G0 X128.596 Y179.994
;TYPE:FILL
G1 F3000 X127.956 Y179.354 E3898.41642
G0 F9000 X128.189 Y179.354
G0 X128.189 Y176.458
G0 X127.957 Y176.458
G1 F3000 X128.596 Y176.287 E3898.43842
G0 F9000 X128.368 Y176.287
G0 X128.189 Y172.534
G0 X127.956 Y172.534
G1 F3000 X128.596 Y170.145 E3898.52068
G1 X128.595 Y170.075
G1 X127.957 Y170.246 E3898.54265
G0 F9000 X127.956 Y170.869
G1 F3000 X128.596 Y171.509 E3898.57275
G0 F9000 X128.368 Y171.509
G0 X128.189 Y164.035
G0 X127.957 Y164.035
G1 F3000 X128.596 Y163.863 E3898.59476
G0 F9000 X128.596 Y163.023
G1 F3000 X127.956 Y162.384 E3898.62484
G0 F9000 X128.189 Y162.384
G0 X128.189 Y157.823
G0 X127.957 Y157.823
G1 F3000 X128.596 Y157.652 E3898.64684
G0 F9000 X128.368 Y157.652
G0 X128.368 Y154.538
G0 X128.596 Y154.538
G1 F3000 X127.956 Y153.898 E3898.67694
G0 F9000 X128.189 Y153.898
G0 X128.189 Y151.611
G0 X127.957 Y151.611
G1 F3000 X128.595 Y151.44 E3898.69891
G0 F9000 X128.368 Y151.44
G0 X128.189 Y149.352
G0 X127.956 Y149.352
G1 F3000 X128.596 Y146.963 E3898.78117
G0 F9000 X128.596 Y146.053
G1 F3000 X127.956 Y145.413 E3898.81128
G1 X127.957 Y145.4
G1 X128.596 Y145.229 E3898.83328
G0 F9000 X128.368 Y145.229
G0 X128.189 Y139.188
G0 X127.957 Y139.188
G1 F3000 X128.596 Y139.017 E3898.85528
G0 F9000 X128.368 Y139.017
G0 X128.368 Y137.568
G0 X128.596 Y137.568
G1 F3000 X127.956 Y136.928 E3898.88538
G0 F9000 X128.189 Y136.928
G0 X128.189 Y132.976
G0 X127.957 Y132.976
G1 F3000 X128.595 Y132.805 E3898.90735
G0 F9000 X128.368 Y132.805
G0 X128.368 Y129.082
G0 X128.596 Y129.082
G1 F3000 X127.956 Y128.442 E3898.93746
G0 F9000 X128.189 Y128.442
G0 X128.189 Y126.765
G0 X127.957 Y126.765
G1 F3000 X128.596 Y126.594 E3898.95946
G0 F9000 X127.956 Y126.17
G1 F3000 X128.596 Y123.781 E3899.04172
G0 F9000 X128.368 Y123.781
G0 X128.368 Y120.597
G0 X128.596 Y120.597
G1 F3000 X127.956 Y119.957 E3899.07182
G0 F9000 X127.956 Y120.553
G1 F3000 X128.596 Y120.382 E3899.09385
G0 F9000 X128.368 Y120.382
G0 X128.189 Y114.341
G0 X127.957 Y114.341
G1 F3000 X128.595 Y114.17 E3899.11582
G0 F9000 X128.368 Y114.17
G0 X128.368 Y112.112
G0 X128.596 Y112.112
G1 F3000 X127.956 Y111.472 E3899.14593
G0 F9000 X128.189 Y111.472
G0 X128.189 Y108.13
G0 X127.957 Y108.13
G1 F3000 X128.596 Y107.959 E3899.16793
G0 F9000 X128.368 Y107.959
G0 X128.368 Y103.626
G0 X128.596 Y103.626
G1 F3000 X127.956 Y102.987 E3899.19801
G1 X128.596 Y100.599 E3899.28024
G0 F9000 X128.368 Y100.599
G0 X128.368 Y101.747
G0 X128.596 Y101.747
G1 F3000 X127.956 Y101.918 E3899.30227
G0 F9000 X128.189 Y101.918
G0 X128.189 Y95.706
G0 X127.957 Y95.706
G1 F3000 X128.595 Y95.535 E3899.32424
G0 F9000 X128.596 Y95.141
G1 F3000 X127.956 Y94.501 E3899.35434
G0 F9000 X128.189 Y94.501
G0 X128.189 Y89.495
G0 X127.957 Y89.495
G1 F3000 X128.595 Y89.324 E3899.37631
G0 F9000 X128.368 Y89.324
G0 X128.368 Y86.656
G0 X128.596 Y86.656
G1 F3000 X127.956 Y86.016 E3899.40641
G0 F9000 X128.189 Y86.016
G0 X128.189 Y83.283
G0 X127.956 Y83.283
G1 F3000 X128.596 Y83.112 E3899.42845
G0 F9000 X128.368 Y83.112
G0 X128.189 Y79.804
G0 X127.956 Y79.804
G1 F3000 X128.596 Y77.417 E3899.51064
G0 F9000 X128.595 Y76.9
G1 F3000 X127.957 Y77.072 E3899.53262
G0 F9000 X127.956 Y77.531
G1 F3000 X128.596 Y78.171 E3899.56272
G0 F9000 X128.368 Y78.171
G0 X128.189 Y70.86
G0 X127.957 Y70.86
G1 F3000 X128.595 Y70.689 E3899.58469
G0 F9000 X128.368 Y70.689
G0 X128.368 Y69.685
G0 X128.596 Y69.685
G1 F3000 X127.956 Y69.045 E3899.6148
G0 F9000 X128.189 Y69.045
G0 X128.189 Y64.648
G0 X127.956 Y64.648
G1 F3000 X128.596 Y64.477 E3899.63683
G0 F9000 X128.368 Y64.477
G0 X128.368 Y61.2
G0 X128.596 Y61.2
G1 F3000 X127.956 Y60.56 E3899.66693
G0 F9000 X128.189 Y60.56
G0 X128.189 Y58.437
G0 X127.957 Y58.437
G1 F3000 X128.595 Y58.266 E3899.6889
G0 F9000 X128.368 Y58.266
G0 X128.189 Y56.622
G0 X127.956 Y56.622
G1 F3000 X128.596 Y54.235 E3899.7711
G1 F2700 E3894.7711
G0 F9000 X128.368 Y54.235
G0 X127.709 Y181.62
G0 X126.614 Y181.62
G0 X108.386 Y181.62
G0 X107.291 Y181.62
G0 X106.841 Y181.62
G0 X107.12 Y181.9
;TYPE:WALL-INNER
G1 F2700 E3899.7711
G1 F1500 X107.12 Y53.1 E3904.055
G1 X106.32 Y53.1 E3904.08161
G1 X106.32 Y181.9 E3908.36552
G1 X107.12 Y181.9 E3908.39213
G0 F9000 X107.52 Y182.3
;TYPE:WALL-OUTER
G1 F1500 X107.52 Y52.7 E3912.70264
G1 X105.92 Y52.7 E3912.75586
G1 X105.92 Y182.3 E3917.06637
G1 X107.52 Y182.3 E3917.11959
G0 F9000 X106.833 Y181.821
;TYPE:FILL
G1 F3000 X107.04 Y181.048 E3917.1462
G0 F9000 X106.811 Y181.048
G0 X106.631 Y176.022
G0 X106.4 Y176.022
G1 F3000 X107.04 Y175.851 E3917.16823
G0 F9000 X107.04 Y175.409
G1 F3000 X106.4 Y174.769 E3917.19834
G0 F9000 X106.631 Y174.769
G0 X106.631 Y169.811
G0 X106.401 Y169.811
G1 F3000 X107.039 Y169.64 E3917.22031
G0 F9000 X106.811 Y169.64
G0 X106.811 Y166.924
G0 X107.04 Y166.924
G1 F3000 X106.4 Y166.283 E3917.25043
G0 F9000 X106.631 Y166.283
G0 X106.631 Y163.599
G0 X106.4 Y163.599
G1 F3000 X107.04 Y163.428 E3917.27247
G0 F9000 X106.811 Y163.428
G0 X106.631 Y160.252
G0 X106.4 Y160.252
G1 F3000 X107.04 Y157.865 E3917.35466
G0 F9000 X107.04 Y158.439
G1 F3000 X106.4 Y157.798 E3917.38479
G0 F9000 X106.4 Y157.387
G1 F3000 X107.04 Y157.216 E3917.40682
G0 F9000 X106.811 Y157.216
G0 X106.631 Y151.176
G0 X106.401 Y151.176
G1 F3000 X107.039 Y151.005 E3917.42879
G0 F9000 X106.811 Y151.005
G0 X106.811 Y149.953
G0 X107.04 Y149.953
G1 F3000 X106.4 Y149.313 E3917.4589
G0 F9000 X106.631 Y149.313
G0 X106.631 Y144.964
G0 X106.401 Y144.964
G1 F3000 X107.039 Y144.793 E3917.48087
G0 F9000 X106.811 Y144.793
G0 X106.811 Y141.468
G0 X107.04 Y141.468
G1 F3000 X106.4 Y140.827 E3917.51099
G0 F9000 X106.631 Y140.827
G0 X106.631 Y138.752
G0 X106.4 Y138.752
G1 F3000 X107.04 Y138.581 E3917.53303
G0 F9000 X106.811 Y138.581
G0 X106.631 Y137.07
G0 X106.4 Y137.07
G1 F3000 X107.04 Y134.683 E3917.61522
G0 F9000 X106.811 Y134.683
G0 X106.811 Y132.983
G0 X107.04 Y132.983
G1 F3000 X106.4 Y132.342 E3917.64535
G1 X106.401 Y132.541
G1 X107.04 Y132.369 E3917.66736
G0 F9000 X106.811 Y132.369
G0 X106.631 Y126.329
G0 X106.401 Y126.329
G1 F3000 X107.039 Y126.158 E3917.68933
G0 F9000 X106.811 Y126.158
G0 X106.811 Y124.497
G0 X107.04 Y124.497
G1 F3000 X106.4 Y123.857 E3917.71943
G0 F9000 X106.631 Y123.857
G0 X106.631 Y120.118
G0 X106.4 Y120.118
G1 F3000 X107.04 Y119.946 E3917.74147
G0 F9000 X106.811 Y119.946
G0 X106.811 Y116.012
G0 X107.04 Y116.012
G1 F3000 X106.4 Y115.372 E3917.77158
G0 F9000 X106.631 Y115.372
G0 X106.631 Y113.906
G0 X106.4 Y113.906
G1 F3000 X107.04 Y113.734 E3917.79362
G0 F9000 X106.4 Y113.887
G1 F3000 X107.04 Y111.5 E3917.87581
G0 F9000 X106.811 Y111.5
G0 X106.631 Y107.694
G0 X106.401 Y107.694
G1 F3000 X107.039 Y107.523 E3917.89778
G1 X107.04 Y107.527
G1 X106.4 Y106.886 E3917.92791
G0 F9000 X106.631 Y106.886
G0 X106.631 Y101.482
G0 X106.401 Y101.482
G1 F3000 X107.04 Y101.311 E3917.94991
G0 F9000 X106.811 Y101.311
G0 X106.811 Y99.042
G0 X107.04 Y99.042
G1 F3000 X106.4 Y98.401 E3917.98004
G0 F9000 X106.631 Y98.401
G0 X106.631 Y95.271
G0 X106.4 Y95.271
G1 F3000 X107.04 Y95.099 E3918.00208
G0 F9000 X106.811 Y95.099
G0 X106.631 Y90.704
G0 X106.401 Y90.704
G1 F3000 X107.04 Y88.317 E3918.08427
G0 F9000 X107.04 Y88.888
G1 F3000 X106.401 Y89.059 E3918.10627
G0 F9000 X106.4 Y89.916
G1 F3000 X107.04 Y90.556 E3918.13637
G0 F9000 X106.811 Y90.556
G0 X106.631 Y82.847
G0 X106.401 Y82.847
G1 F3000 X107.039 Y82.676 E3918.15834
G0 F9000 X107.04 Y82.071
G1 F3000 X106.4 Y81.43 E3918.18847
G0 F9000 X106.631 Y81.43
G0 X106.631 Y76.636
G0 X106.4 Y76.636
G1 F3000 X107.04 Y76.465 E3918.2105
G0 F9000 X106.811 Y76.465
G0 X106.811 Y73.586
G0 X107.04 Y73.586
G1 F3000 X106.4 Y72.945 E3918.24063
G0 F9000 X106.631 Y72.945
G0 X106.631 Y70.424
G0 X106.401 Y70.424
G1 F3000 X107.04 Y70.253 E3918.26263
G0 F9000 X106.811 Y70.253
G0 X106.631 Y67.522
G0 X106.4 Y67.522
G1 F3000 X107.04 Y65.135 E3918.34483
G1 X107.04 Y65.1
G1 X106.4 Y64.46 E3918.37493
G0 F9000 X106.401 Y64.212
G1 F3000 X107.039 Y64.041 E3918.3969
G0 F9000 X106.811 Y64.041
G0 X106.631 Y58.001
G0 X106.401 Y58.001
G1 F3000 X107.04 Y57.83 E3918.4189
G0 F9000 X106.811 Y57.83
G0 X106.811 Y56.615
G0 X107.04 Y56.615
G1 F3000 X106.4 Y55.975 E3918.449
G1 F2700 E3913.449
;MESH:NONMESH
G0 F300 X106.4 Y55.975 Z8.2
G0 F9000 X106.631 Y55.975
G0 X106.145 Y182.076
G0 X106.145 Y183.165
G0 X105.574 Y184.153
G0 X104 Y184.165
G0 X104 Y183.3
;TIME_ELAPSED:6005.468283
;LAYER:40
;TYPE:SUPPORT
G1 F2700 E3918.449
G1 F1500 X102.381 Y183.3 E3918.50285
G1 X102.381 Y51.7 E3922.87989
G1 X104 Y51.7 E3922.93373
G1 X104 Y183.3 E3927.31077
G1 X104.606 Y183.3 E3927.33092
G1 X104.606 Y51.7 E3931.70796
G1 X104 Y51.7 E3931.72811
G1 F2700 E3926.72811
G0 F9000 X104 Y50.835
G0 X105.459 Y50.847
G0 X108.259 Y51.847
G0 X126.741 Y183.153
G0 X129.54 Y184.153
G0 X132 Y184.165
G0 X132 Y183.3
G1 F2700 E3931.72811
G1 F1500 X130.393 Y183.3 E3931.78156
G1 X130.393 Y51.7 E3936.1586
G1 X132 Y51.7 E3936.21204
G1 X132 Y183.3 E3940.58908
G1 X132.618 Y183.3 E3940.60963
G1 X132.618 Y51.7 E3944.98667
G1 X132 Y51.7 E3945.00722
G1 F2700 E3940.00722
;MESH:btncover.stl
G0 F9000 X132 Y50.835
G0 X129.54 Y50.847
G0 X128.969 Y51.835
G0 X128.969 Y52.924
G0 X128.274 Y181.62
G0 X127.992 Y181.9
;TYPE:WALL-INNER
G1 F2700 E3945.00722
G1 F1500 X128.792 Y181.9 E3945.03383
G1 X128.792 Y53.1 E3949.31773
G1 X127.992 Y53.1 E3949.34434
G1 X127.992 Y181.9 E3953.62825
G0 F9000 X127.592 Y182.3
;TYPE:WALL-OUTER
G1 F1500 X129.192 Y182.3 E3953.68146
G1 X129.192 Y52.7 E3957.99198
G1 X127.592 Y52.7 E3958.04519
G1 X127.592 Y182.3 E3962.35571
G0 F9000 X127.874 Y182.02
G0 X128.483 Y179.909
G0 X128.712 Y179.909
;TYPE:FILL
G1 F3000 X128.072 Y179.269 E3962.38581
G0 F9000 X128.304 Y179.269
G0 X128.304 Y176.574
G0 X128.073 Y176.574
G1 F3000 X128.712 Y176.403 E3962.40781
G0 F9000 X128.483 Y176.403
G0 X128.304 Y171.55
G0 X128.073 Y171.55
G1 F3000 X128.712 Y169.163 E3962.49
G0 F9000 X128.483 Y169.163
G0 X128.483 Y170.191
G0 X128.711 Y170.191
G1 F3000 X128.073 Y170.362 E3962.51197
G0 F9000 X128.072 Y170.784
G1 F3000 X128.712 Y171.424 E3962.54207
G0 F9000 X128.483 Y171.424
G0 X128.304 Y164.15
G0 X128.073 Y164.15
G1 F3000 X128.712 Y163.979 E3962.56407
G0 F9000 X128.483 Y163.979
G0 X128.483 Y162.939
G0 X128.712 Y162.939
G1 F3000 X128.072 Y162.299 E3962.59418
G0 F9000 X128.304 Y162.299
G0 X128.304 Y157.939
G0 X128.073 Y157.939
G1 F3000 X128.712 Y157.768 E3962.61618
G0 F9000 X128.483 Y157.768
G0 X128.483 Y154.453
G0 X128.712 Y154.453
G1 F3000 X128.072 Y153.813 E3962.64628
G0 F9000 X128.304 Y153.813
G0 X128.304 Y151.727
G0 X128.073 Y151.727
G1 F3000 X128.711 Y151.556 E3962.66825
G0 F9000 X128.483 Y151.556
G0 X128.304 Y148.368
G0 X128.072 Y148.368
G1 F3000 X128.712 Y145.981 E3962.75045
G1 X128.712 Y145.968
G1 X128.072 Y145.328 E3962.78055
G1 X128.073 Y145.516
G1 X128.712 Y145.344 E3962.80256
G0 F9000 X128.483 Y145.344
G0 X128.304 Y139.304
G0 X128.073 Y139.304
G1 F3000 X128.712 Y139.133 E3962.82456
G0 F9000 X128.483 Y139.133
G0 X128.483 Y137.483
G0 X128.712 Y137.483
G1 F3000 X128.072 Y136.843 E3962.85467
G0 F9000 X128.304 Y136.843
G0 X128.304 Y133.092
G0 X128.073 Y133.092
G1 F3000 X128.711 Y132.921 E3962.87663
G0 F9000 X128.483 Y132.921
G0 X128.483 Y128.997
G0 X128.712 Y128.997
G1 F3000 X128.072 Y128.358 E3962.90671
G0 F9000 X128.304 Y128.358
G0 X128.304 Y126.881
G0 X128.073 Y126.881
G1 F3000 X128.712 Y126.71 E3962.92872
G0 F9000 X128.483 Y126.71
G0 X128.304 Y125.186
G0 X128.072 Y125.186
G1 F3000 X128.712 Y122.799 E3963.01091
G0 F9000 X128.483 Y122.799
G0 X128.304 Y120.669
G0 X128.072 Y120.669
G1 F3000 X128.712 Y120.498 E3963.03294
G1 X128.712 Y120.512
G1 X128.072 Y119.872 E3963.06305
G0 F9000 X128.304 Y119.872
G0 X128.304 Y114.457
G0 X128.073 Y114.457
G1 F3000 X128.711 Y114.286 E3963.08502
G0 F9000 X128.483 Y114.286
G0 X128.483 Y112.027
G0 X128.712 Y112.027
G1 F3000 X128.072 Y111.387 E3963.11512
G0 F9000 X128.304 Y111.387
G0 X128.304 Y108.246
G0 X128.073 Y108.246
G1 F3000 X128.711 Y108.075 E3963.13709
G0 F9000 X128.483 Y108.075
G0 X128.483 Y103.542
G0 X128.712 Y103.542
G1 F3000 X128.072 Y102.902 E3963.16719
G0 F9000 X128.072 Y102.034
G1 F3000 X128.712 Y101.863 E3963.18923
G0 F9000 X128.072 Y102.004
G1 F3000 X128.712 Y99.617 E3963.27142
G0 F9000 X128.483 Y99.617
G0 X128.304 Y95.822
G0 X128.073 Y95.822
G1 F3000 X128.711 Y95.651 E3963.29339
G0 F9000 X128.712 Y95.056
G1 F3000 X128.072 Y94.416 E3963.3235
G0 F9000 X128.304 Y94.416
G0 X128.304 Y89.611
G0 X128.073 Y89.611
G1 F3000 X128.711 Y89.44 E3963.34546
G0 F9000 X128.483 Y89.44
G0 X128.483 Y86.571
G0 X128.712 Y86.571
G1 F3000 X128.072 Y85.931 E3963.37557
G0 F9000 X128.304 Y85.931
G0 X128.304 Y83.399
G0 X128.072 Y83.399
G1 F3000 X128.712 Y83.228 E3963.3976
G0 F9000 X128.483 Y83.228
G0 X128.304 Y78.822
G0 X128.072 Y78.822
G1 F3000 X128.712 Y76.436 E3963.47976
G0 F9000 X128.711 Y77.016
G1 F3000 X128.073 Y77.187 E3963.50173
G0 F9000 X128.072 Y77.446
G1 F3000 X128.712 Y78.086 E3963.53184
G0 F9000 X128.483 Y78.086
G0 X128.304 Y70.976
G0 X128.073 Y70.976
G1 F3000 X128.711 Y70.805 E3963.55381
G0 F9000 X128.483 Y70.805
G0 X128.483 Y69.601
G0 X128.712 Y69.601
G1 F3000 X128.072 Y68.961 E3963.58391
G0 F9000 X128.304 Y68.961
G0 X128.304 Y64.764
G0 X128.072 Y64.764
G1 F3000 X128.712 Y64.593 E3963.60594
G0 F9000 X128.483 Y64.593
G0 X128.483 Y61.115
G0 X128.712 Y61.115
G1 F3000 X128.072 Y60.475 E3963.63605
G0 F9000 X128.304 Y60.475
G0 X128.304 Y58.553
G0 X128.072 Y58.553
G1 F3000 X128.711 Y58.381 E3963.65806
G0 F9000 X128.483 Y58.381
G0 X128.304 Y55.64
G0 X128.072 Y55.64
G1 F3000 X128.712 Y53.254 E3963.74022
G1 F2700 E3958.74022
G0 F9000 X128.513 Y53.38
G0 X127.824 Y181.62
G0 X126.729 Y181.62
G0 X108.271 Y181.62
G0 X107.176 Y181.62
G0 X106.726 Y181.62
G0 X107.004 Y181.9
;TYPE:WALL-INNER
G1 F2700 E3963.74022
G1 F1500 X107.004 Y53.1 E3968.02413
G1 X106.204 Y53.1 E3968.05073
G1 X106.204 Y181.9 E3972.33464
G1 X107.004 Y181.9 E3972.36125
G0 F9000 X107.404 Y182.3
;TYPE:WALL-OUTER
G1 F1500 X107.404 Y52.7 E3976.67176
G1 X105.804 Y52.7 E3976.72498
G1 X105.804 Y182.3 E3981.03549
G1 X107.404 Y182.3 E3981.08871
G0 F9000 X106.686 Y181.821
;TYPE:FILL
G1 F3000 X106.924 Y180.932 E3981.11932
G0 F9000 X106.696 Y180.932
G0 X106.516 Y176.2
G0 X106.285 Y176.2
G1 F3000 X106.923 Y176.029 E3981.14129
G0 F9000 X106.924 Y175.092
G1 F3000 X106.284 Y174.452 E3981.17139
G0 F9000 X106.516 Y174.452
G0 X106.516 Y169.989
G0 X106.285 Y169.989
G1 F3000 X106.923 Y169.818 E3981.19336
G0 F9000 X106.696 Y169.818
G0 X106.696 Y166.607
G0 X106.924 Y166.607
G1 F3000 X106.284 Y165.966 E3981.22349
G0 F9000 X106.516 Y165.966
G0 X106.516 Y163.777
G0 X106.284 Y163.777
G1 F3000 X106.924 Y163.606 E3981.24552
G0 F9000 X106.696 Y163.606
G0 X106.516 Y160.137
G0 X106.284 Y160.137
G1 F3000 X106.924 Y157.749 E3981.32775
G0 F9000 X106.924 Y157.394
G1 F3000 X106.284 Y157.565 E3981.34978
G1 X106.284 Y157.481
G1 X106.924 Y158.122 E3981.37991
G0 F9000 X106.696 Y158.122
G0 X106.516 Y151.354
G0 X106.285 Y151.354
G1 F3000 X106.923 Y151.183 E3981.40188
G0 F9000 X106.696 Y151.183
G0 X106.696 Y149.637
G0 X106.924 Y149.637
G1 F3000 X106.284 Y148.996 E3981.432
G0 F9000 X106.516 Y148.996
G0 X106.516 Y145.142
G0 X106.284 Y145.142
G1 F3000 X106.924 Y144.971 E3981.45404
G0 F9000 X106.696 Y144.971
G0 X106.696 Y141.151
G0 X106.924 Y141.151
G1 F3000 X106.284 Y140.511 E3981.48414
G0 F9000 X106.516 Y140.511
G0 X106.516 Y138.931
G0 X106.284 Y138.931
G1 F3000 X106.924 Y138.759 E3981.50618
G0 F9000 X106.696 Y138.759
G0 X106.516 Y136.955
G0 X106.284 Y136.955
G1 F3000 X106.924 Y134.567 E3981.58841
G0 F9000 X106.696 Y134.567
G0 X106.696 Y132.666
G0 X106.924 Y132.666
G1 F3000 X106.284 Y132.025 E3981.61854
G0 F9000 X106.285 Y132.719
G1 F3000 X106.923 Y132.548 E3981.64051
G0 F9000 X106.696 Y132.548
G0 X106.516 Y126.507
G0 X106.284 Y126.507
G1 F3000 X106.923 Y126.336 E3981.66251
G0 F9000 X106.696 Y126.336
G0 X106.696 Y124.181
G0 X106.924 Y124.181
G1 F3000 X106.284 Y123.54 E3981.69263
G0 F9000 X106.516 Y123.54
G0 X106.516 Y120.296
G0 X106.284 Y120.296
G1 F3000 X106.924 Y120.124 E3981.71468
G0 F9000 X106.696 Y120.124
G0 X106.696 Y115.695
G0 X106.924 Y115.695
G1 F3000 X106.284 Y115.055 E3981.74478
G0 F9000 X106.285 Y114.084
G1 F3000 X106.924 Y113.912 E3981.76679
G0 F9000 X106.284 Y113.773
G1 F3000 X106.924 Y111.384 E3981.84905
G0 F9000 X106.696 Y111.384
G0 X106.516 Y107.872
G0 X106.284 Y107.872
G1 F3000 X106.923 Y107.701 E3981.87105
G0 F9000 X106.924 Y107.21
G1 F3000 X106.284 Y106.569 E3981.90118
G0 F9000 X106.516 Y106.569
G0 X106.516 Y101.661
G0 X106.284 Y101.661
G1 F3000 X106.924 Y101.489 E3981.92322
G0 F9000 X106.696 Y101.489
G0 X106.696 Y98.725
G0 X106.924 Y98.725
G1 F3000 X106.284 Y98.084 E3981.95335
G0 F9000 X106.516 Y98.084
G0 X106.516 Y95.449
G0 X106.285 Y95.449
G1 F3000 X106.924 Y95.278 E3981.97535
G0 F9000 X106.696 Y95.278
G0 X106.516 Y90.591
G0 X106.284 Y90.591
G1 F3000 X106.924 Y88.201 E3982.05764
G0 F9000 X106.923 Y89.066
G1 F3000 X106.284 Y89.237 E3982.07964
G0 F9000 X106.284 Y89.599
G1 F3000 X106.924 Y90.24 E3982.10977
G0 F9000 X106.696 Y90.24
G0 X106.516 Y83.026
G0 X106.284 Y83.026
G1 F3000 X106.924 Y82.854 E3982.13181
G0 F9000 X106.696 Y82.854
G0 X106.696 Y81.754
G0 X106.924 Y81.754
G1 F3000 X106.284 Y81.114 E3982.16191
G0 F9000 X106.516 Y81.114
G0 X106.516 Y76.814
G0 X106.284 Y76.814
G1 F3000 X106.924 Y76.643 E3982.18395
G0 F9000 X106.696 Y76.643
G0 X106.696 Y73.269
G0 X106.924 Y73.269
G1 F3000 X106.284 Y72.628 E3982.21407
G0 F9000 X106.516 Y72.628
G0 X106.516 Y70.602
G0 X106.284 Y70.602
G1 F3000 X106.924 Y70.431 E3982.23611
G0 F9000 X106.696 Y70.431
G0 X106.516 Y67.409
G0 X106.284 Y67.409
G1 F3000 X106.924 Y65.019 E3982.3184
G0 F9000 X106.924 Y64.784
G1 F3000 X106.284 Y64.143 E3982.34853
G0 F9000 X106.284 Y64.391
G1 F3000 X106.924 Y64.219 E3982.37057
G0 F9000 X106.696 Y64.219
G0 X106.516 Y58.179
G0 X106.284 Y58.179
G1 F3000 X106.924 Y58.008 E3982.3926
G0 F9000 X106.696 Y58.008
G0 X106.696 Y56.298
G0 X106.924 Y56.298
G1 F3000 X106.284 Y55.658 E3982.42271
G1 F2700 E3977.42271
;MESH:NONMESH
G0 F300 X106.284 Y55.658 Z8.4
G0 F9000 X106.516 Y55.658
G0 X106.03 Y182.076
G0 X104 Y183.3
;TIME_ELAPSED:6105.093084
;LAYER:41
;TYPE:SUPPORT
G1 F2700 E3982.42271
G1 F1500 X102.381 Y183.3 E3982.47655
G1 X102.381 Y51.7 E3986.85359
G1 X104 Y51.7 E3986.90744
G1 X104 Y183.3 E3991.28447
G1 X104.49 Y183.3 E3991.30077
G1 X104.49 Y51.7 E3995.6778
G1 X104 Y51.7 E3995.6941
G1 F2700 E3990.6941
G0 F9000 X104 Y50.835
G0 X105.343 Y50.847
G0 X108.143 Y51.847
G0 X126.857 Y183.153
G0 X129.656 Y184.153
G0 X132 Y184.165
G0 X132 Y183.3
G1 F2700 E3995.6941
G1 F1500 X130.509 Y183.3 E3995.74369
G1 X130.509 Y51.7 E4000.12072
G1 X132 Y51.7 E4000.17031
G1 X132 Y183.3 E4004.54735
G1 X132.618 Y183.3 E4004.5679
G1 X132.618 Y51.7 E4008.94494
G1 X132 Y51.7 E4008.96549
G1 F2700 E4003.96549
;MESH:btncover.stl
G0 F9000 X132 Y50.835
G0 X129.656 Y50.847
G0 X129.085 Y51.835
G0 X129.085 Y52.924
G0 X128.39 Y181.62
G0 X128.108 Y181.9
;TYPE:WALL-INNER
G1 F2700 E4008.96549
G1 F1500 X128.908 Y181.9 E4008.9921
G1 X128.908 Y53.1 E4013.276
G1 X128.108 Y53.1 E4013.30261
G1 X128.108 Y181.9 E4017.58652
G0 F9000 X127.708 Y182.3
;TYPE:WALL-OUTER
G1 F1500 X129.308 Y182.3 E4017.63973
G1 X129.308 Y52.7 E4021.95025
G1 X127.708 Y52.7 E4022.00346
G1 X127.708 Y182.3 E4026.31398
G0 F9000 X127.99 Y182.02
G0 X128.599 Y179.826
G0 X128.828 Y179.826
;TYPE:FILL
G1 F3000 X128.188 Y179.186 E4026.34408
G0 F9000 X128.42 Y179.186
G0 X128.42 Y176.689
G0 X128.188 Y176.689
G1 F3000 X128.828 Y176.518 E4026.36611
G0 F9000 X128.599 Y176.518
G0 X128.599 Y171.34
G0 X128.828 Y171.34
G1 F3000 X128.188 Y170.701 E4026.39619
G1 X128.188 Y170.573
G1 X128.828 Y168.185 E4026.47842
G0 F9000 X128.599 Y168.185
G0 X128.599 Y170.306
G0 X128.828 Y170.306
G1 F3000 X128.189 Y170.477 E4026.50042
G0 F9000 X128.42 Y170.477
G0 X128.42 Y164.265
G0 X128.189 Y164.265
G1 F3000 X128.827 Y164.094 E4026.52239
G0 F9000 X128.599 Y164.094
G0 X128.599 Y162.855
G0 X128.828 Y162.855
G1 F3000 X128.188 Y162.215 E4026.5525
G0 F9000 X128.42 Y162.215
G0 X128.42 Y158.054
G0 X128.188 Y158.054
G1 F3000 X128.828 Y157.883 E4026.57453
G0 F9000 X128.599 Y157.883
G0 X128.599 Y154.37
G0 X128.828 Y154.37
G1 F3000 X128.188 Y153.73 E4026.60463
G0 F9000 X128.42 Y153.73
G0 X128.42 Y151.842
G0 X128.189 Y151.842
G1 F3000 X128.828 Y151.671 E4026.62663
G0 F9000 X128.599 Y151.671
G0 X128.42 Y147.391
G0 X128.188 Y147.391
G1 F3000 X128.828 Y145.004 E4026.70883
G0 F9000 X128.827 Y145.459
G1 F3000 X128.189 Y145.631 E4026.73081
G0 F9000 X128.188 Y145.245
G1 F3000 X128.828 Y145.885 E4026.76091
G0 F9000 X128.599 Y145.885
G0 X128.42 Y139.419
G0 X128.188 Y139.419
G1 F3000 X128.828 Y139.248 E4026.78294
G0 F9000 X128.599 Y139.248
G0 X128.599 Y137.399
G0 X128.828 Y137.399
G1 F3000 X128.188 Y136.759 E4026.81305
G0 F9000 X128.42 Y136.759
G0 X128.42 Y133.207
G0 X128.189 Y133.207
G1 F3000 X128.828 Y133.036 E4026.83505
G0 F9000 X128.599 Y133.036
G0 X128.599 Y128.914
G0 X128.828 Y128.914
G1 F3000 X128.188 Y128.274 E4026.86515
G0 F9000 X128.42 Y128.274
G0 X128.42 Y126.996
G0 X128.189 Y126.996
G1 F3000 X128.827 Y126.824 E4026.88713
G0 F9000 X128.599 Y126.824
G0 X128.42 Y124.209
G0 X128.188 Y124.209
G1 F3000 X128.828 Y121.822 E4026.96933
G0 F9000 X128.599 Y121.822
G0 X128.599 Y120.613
G0 X128.828 Y120.613
G1 F3000 X128.188 Y120.784 E4026.99136
G0 F9000 X128.828 Y120.429
G1 F3000 X128.188 Y119.789 E4027.02146
G0 F9000 X128.42 Y119.789
G0 X128.42 Y114.572
G0 X128.188 Y114.572
G1 F3000 X128.828 Y114.401 E4027.0435
G0 F9000 X128.599 Y114.401
G0 X128.599 Y111.943
G0 X128.828 Y111.943
G1 F3000 X128.188 Y111.304 E4027.07358
G0 F9000 X128.42 Y111.304
G0 X128.42 Y108.361
G0 X128.189 Y108.361
G1 F3000 X128.827 Y108.19 E4027.09555
G0 F9000 X128.599 Y108.19
G0 X128.599 Y103.458
G0 X128.828 Y103.458
G1 F3000 X128.188 Y102.818 E4027.12565
G0 F9000 X128.188 Y102.149
G1 F3000 X128.827 Y101.978 E4027.14765
G0 F9000 X128.599 Y101.978
G0 X128.42 Y101.027
G0 X128.188 Y101.027
G1 F3000 X128.828 Y98.64 E4027.22985
G0 F9000 X128.599 Y98.64
G0 X128.42 Y95.937
G0 X128.188 Y95.937
G1 F3000 X128.828 Y95.766 E4027.25188
G0 F9000 X128.828 Y94.973
G1 F3000 X128.188 Y94.333 E4027.28198
G0 F9000 X128.42 Y94.333
G0 X128.42 Y89.726
G0 X128.189 Y89.726
G1 F3000 X128.827 Y89.555 E4027.30395
G0 F9000 X128.599 Y89.555
G0 X128.599 Y86.488
G0 X128.828 Y86.488
G1 F3000 X128.188 Y85.848 E4027.33406
G0 F9000 X128.42 Y85.848
G0 X128.42 Y83.514
G0 X128.188 Y83.514
G1 F3000 X128.827 Y83.343 E4027.35606
G0 F9000 X128.599 Y83.343
G0 X128.599 Y78.002
G0 X128.828 Y78.002
G1 F3000 X128.188 Y77.362 E4027.38616
G1 X128.188 Y77.302
G1 X128.828 Y77.131 E4027.40819
G0 F9000 X128.188 Y77.845
G1 F3000 X128.828 Y75.458 E4027.49039
G0 F9000 X128.599 Y75.458
G0 X128.42 Y71.091
G0 X128.189 Y71.091
G1 F3000 X128.827 Y70.92 E4027.51236
G0 F9000 X128.599 Y70.92
G0 X128.599 Y69.517
G0 X128.828 Y69.517
G1 F3000 X128.188 Y68.877 E4027.54246
G0 F9000 X128.42 Y68.877
G0 X128.42 Y64.879
G0 X128.188 Y64.879
G1 F3000 X128.827 Y64.708 E4027.56446
G0 F9000 X128.599 Y64.708
G0 X128.599 Y61.032
G0 X128.828 Y61.032
G1 F3000 X128.188 Y60.392 E4027.59457
G0 F9000 X128.42 Y60.392
G0 X128.42 Y58.668
G0 X128.188 Y58.668
G1 F3000 X128.828 Y58.496 E4027.61661
G0 F9000 X128.599 Y58.496
G0 X128.42 Y54.663
G0 X128.188 Y54.663
G1 F3000 X128.586 Y53.179 E4027.66771
G1 F2700 E4022.66771
G0 F9000 X128.586 Y53.41
G0 X127.94 Y181.62
G0 X126.845 Y181.62
G0 X108.155 Y181.62
G0 X107.06 Y181.62
G0 X106.61 Y181.62
G0 X106.888 Y181.9
;TYPE:WALL-INNER
G1 F2700 E4027.66771
G1 F1500 X106.888 Y53.1 E4031.95162
G1 X106.088 Y53.1 E4031.97823
G1 X106.088 Y181.9 E4036.26213
G1 X106.888 Y181.9 E4036.28874
G0 F9000 X107.288 Y182.3
;TYPE:WALL-OUTER
G1 F1500 X107.288 Y52.7 E4040.59925
G1 X105.688 Y52.7 E4040.65247
G1 X105.688 Y182.3 E4044.96298
G1 X107.288 Y182.3 E4045.0162
G0 F9000 X106.54 Y181.821
;TYPE:FILL
G1 F3000 X106.808 Y180.82 E4045.05066
G0 F9000 X106.58 Y180.82
G0 X106.4 Y176.377
G0 X106.168 Y176.377
G1 F3000 X106.808 Y176.206 E4045.0727
G0 F9000 X106.58 Y176.206
G0 X106.58 Y174.777
G0 X106.808 Y174.777
G1 F3000 X106.168 Y174.136 E4045.10282
G0 F9000 X106.4 Y174.136
G0 X106.4 Y170.166
G0 X106.169 Y170.166
G1 F3000 X106.807 Y169.995 E4045.12479
G0 F9000 X106.58 Y169.995
G0 X106.58 Y166.292
G0 X106.808 Y166.292
G1 F3000 X106.168 Y165.651 E4045.15492
G0 F9000 X106.4 Y165.651
G0 X106.4 Y163.954
G0 X106.168 Y163.954
G1 F3000 X106.808 Y163.783 E4045.17695
G0 F9000 X106.58 Y163.783
G0 X106.4 Y160.024
G0 X106.168 Y160.024
G1 F3000 X106.808 Y157.637 E4045.25915
G1 X106.808 Y157.571
G1 X106.168 Y157.743 E4045.28119
G0 F9000 X106.168 Y157.166
G1 F3000 X106.808 Y157.806 E4045.3113
G0 F9000 X106.58 Y157.806
G0 X106.4 Y151.531
G0 X106.169 Y151.531
G1 F3000 X106.807 Y151.36 E4045.33326
G0 F9000 X106.58 Y151.36
G0 X106.58 Y149.321
G0 X106.808 Y149.321
G1 F3000 X106.168 Y148.681 E4045.36337
G0 F9000 X106.4 Y148.681
G0 X106.4 Y145.319
G0 X106.168 Y145.319
G1 F3000 X106.807 Y145.148 E4045.38537
G0 F9000 X106.58 Y145.148
G0 X106.58 Y140.836
G0 X106.808 Y140.836
G1 F3000 X106.168 Y140.195 E4045.4155
G0 F9000 X106.4 Y140.195
G0 X106.4 Y139.108
G0 X106.168 Y139.108
G1 F3000 X106.808 Y138.936 E4045.43754
G0 F9000 X106.58 Y138.936
G0 X106.4 Y136.843
G0 X106.168 Y136.843
G1 F3000 X106.808 Y134.455 E4045.51977
G0 F9000 X106.58 Y134.455
G0 X106.4 Y132.896
G0 X106.169 Y132.896
G1 F3000 X106.808 Y132.725 E4045.54177
G0 F9000 X106.808 Y132.351
G1 F3000 X106.168 Y131.71 E4045.57189
G0 F9000 X106.4 Y131.71
G0 X106.4 Y126.684
G0 X106.168 Y126.684
G1 F3000 X106.807 Y126.513 E4045.5939
G0 F9000 X106.58 Y126.513
G0 X106.58 Y123.865
G0 X106.808 Y123.865
G1 F3000 X106.168 Y123.225 E4045.624
G0 F9000 X106.4 Y123.225
G0 X106.4 Y120.473
G0 X106.168 Y120.473
G1 F3000 X106.808 Y120.301 E4045.64604
G0 F9000 X106.58 Y120.301
G0 X106.58 Y115.38
G0 X106.808 Y115.38
G1 F3000 X106.168 Y114.739 E4045.67617
G0 F9000 X106.169 Y114.261
G1 F3000 X106.808 Y114.09 E4045.69817
G0 F9000 X106.168 Y113.661
G1 F3000 X106.808 Y111.272 E4045.78043
G0 F9000 X106.58 Y111.272
G0 X106.4 Y108.049
G0 X106.168 Y108.049
G1 F3000 X106.807 Y107.878 E4045.80243
G0 F9000 X106.808 Y106.895
G1 F3000 X106.168 Y106.254 E4045.83256
G0 F9000 X106.4 Y106.254
G0 X106.4 Y101.838
G0 X106.168 Y101.838
G1 F3000 X106.808 Y101.666 E4045.8546
G0 F9000 X106.58 Y101.666
G0 X106.58 Y98.409
G0 X106.808 Y98.409
G1 F3000 X106.168 Y97.769 E4045.8847
G0 F9000 X106.4 Y97.769
G0 X106.4 Y95.626
G0 X106.168 Y95.626
G1 F3000 X106.808 Y95.455 E4045.90674
G0 F9000 X106.58 Y95.455
G0 X106.4 Y90.479
G0 X106.168 Y90.479
G1 F3000 X106.808 Y88.09 E4045.989
G0 F9000 X106.58 Y88.09
G0 X106.58 Y89.243
G0 X106.808 Y89.243
G1 F3000 X106.168 Y89.414 E4046.01103
G1 X106.168 Y89.284
G1 X106.808 Y89.924 E4046.04113
G0 F9000 X106.58 Y89.924
G0 X106.4 Y83.203
G0 X106.168 Y83.203
G1 F3000 X106.807 Y83.031 E4046.06314
G0 F9000 X106.58 Y83.031
G0 X106.58 Y81.439
G0 X106.808 Y81.439
G1 F3000 X106.168 Y80.798 E4046.09327
G0 F9000 X106.4 Y80.798
G0 X106.4 Y76.991
G0 X106.168 Y76.991
G1 F3000 X106.808 Y76.82 E4046.1153
G0 F9000 X106.58 Y76.82
G0 X106.58 Y72.954
G0 X106.808 Y72.954
G1 F3000 X106.168 Y72.313 E4046.14543
G0 F9000 X106.4 Y72.313
G0 X106.4 Y70.78
G0 X106.168 Y70.78
G1 F3000 X106.808 Y70.608 E4046.16747
G0 F9000 X106.58 Y70.608
G0 X106.4 Y67.297
G0 X106.168 Y67.297
G1 F3000 X106.808 Y64.907 E4046.24976
G0 F9000 X106.808 Y64.468
G1 F3000 X106.168 Y63.828 E4046.27987
G0 F9000 X106.168 Y64.568
G1 F3000 X106.808 Y64.396 E4046.30191
G0 F9000 X106.58 Y64.396
G0 X106.4 Y58.356
G0 X106.168 Y58.356
G1 F3000 X106.808 Y58.185 E4046.32394
G0 F9000 X106.58 Y58.185
G0 X106.58 Y55.983
G0 X106.808 Y55.983
G1 F3000 X106.168 Y55.342 E4046.35407
G1 F2700 E4041.35407
;MESH:NONMESH
G0 F300 X106.168 Y55.342 Z8.6
G0 F9000 X106.4 Y55.342
G0 X105.914 Y182.076
G0 X104 Y183.3
;TIME_ELAPSED:6204.937293
;LAYER:42
;TYPE:SUPPORT
G1 F2700 E4046.35407
G1 F1500 X102.381 Y183.3 E4046.40792
G1 X102.381 Y51.7 E4050.78495
G1 X104 Y51.7 E4050.8388
G1 X104 Y183.3 E4055.21583
G1 X104.375 Y183.3 E4055.22831
G1 X104.375 Y51.7 E4059.60534
G1 X104 Y51.7 E4059.61781
G1 F2700 E4054.61781
G0 F9000 X104 Y50.835
G0 X105.228 Y50.847
G0 X108.028 Y51.847
G0 X126.972 Y183.153
G0 X129.771 Y184.153
G0 X132 Y184.165
G0 X132 Y183.3
G1 F2700 E4059.61781
G1 F1500 X130.624 Y183.3 E4059.66358
G1 X130.624 Y51.7 E4064.04061
G1 X132 Y51.7 E4064.08638
G1 X132 Y183.3 E4068.46341
G1 X132.618 Y183.3 E4068.48397
G1 X132.618 Y51.7 E4072.861
G1 X132 Y51.7 E4072.88156
G1 F2700 E4067.88156
;MESH:btncover.stl
G0 F9000 X132 Y50.835
G0 X129.771 Y50.847
G0 X129.2 Y51.835
G0 X129.2 Y52.924
G0 X128.505 Y181.62
G0 X128.224 Y181.9
;TYPE:WALL-INNER
G1 F2700 E4072.88156
G1 F1500 X129.024 Y181.9 E4072.90816
G1 X129.024 Y53.1 E4077.19207
G1 X128.224 Y53.1 E4077.21868
G1 X128.224 Y181.9 E4081.50258
G0 F9000 X127.824 Y182.3
;TYPE:WALL-OUTER
G1 F1500 X129.424 Y182.3 E4081.5558
G1 X129.424 Y52.7 E4085.86631
G1 X127.824 Y52.7 E4085.91953
G1 X127.824 Y182.3 E4090.23004
G0 F9000 X128.105 Y182.02
G0 X128.714 Y179.741
G0 X128.944 Y179.741
;TYPE:FILL
G1 F3000 X128.304 Y179.101 E4090.26015
G0 F9000 X128.535 Y179.101
G0 X128.535 Y176.805
G0 X128.304 Y176.805
G1 F3000 X128.944 Y176.634 E4090.28218
G0 F9000 X128.714 Y176.634
G0 X128.714 Y171.256
G0 X128.944 Y171.256
G1 F3000 X128.304 Y170.616 E4090.31228
G1 X128.305 Y170.593
G1 X128.944 Y170.422 E4090.33428
G0 F9000 X128.714 Y170.422
G0 X128.535 Y169.591
G0 X128.304 Y169.591
G1 F3000 X128.944 Y167.204 E4090.41648
G0 F9000 X128.714 Y167.204
G0 X128.535 Y164.381
G0 X128.305 Y164.381
G1 F3000 X128.943 Y164.21 E4090.43845
G0 F9000 X128.714 Y164.21
G0 X128.714 Y162.77
G0 X128.944 Y162.77
G1 F3000 X128.304 Y162.13 E4090.46855
G0 F9000 X128.535 Y162.13
G0 X128.535 Y158.17
G0 X128.304 Y158.17
G1 F3000 X128.944 Y157.999 E4090.49059
G0 F9000 X128.714 Y157.999
G0 X128.714 Y154.285
G0 X128.944 Y154.285
G1 F3000 X128.304 Y153.645 E4090.52069
G0 F9000 X128.535 Y153.645
G0 X128.535 Y151.958
G0 X128.305 Y151.958
G1 F3000 X128.944 Y151.787 E4090.54269
G0 F9000 X128.714 Y151.787
G0 X128.535 Y146.409
G0 X128.304 Y146.409
G1 F3000 X128.944 Y144.023 E4090.62485
G0 F9000 X128.714 Y144.023
G0 X128.535 Y145.16
G0 X128.304 Y145.16
G1 F3000 X128.944 Y145.8 E4090.65496
G0 F9000 X128.943 Y145.575
G1 F3000 X128.305 Y145.746 E4090.67693
G0 F9000 X128.535 Y145.746
G0 X128.535 Y139.535
G0 X128.304 Y139.535
G1 F3000 X128.944 Y139.364 E4090.69896
G0 F9000 X128.714 Y139.364
G0 X128.714 Y137.314
G0 X128.944 Y137.314
G1 F3000 X128.304 Y136.675 E4090.72904
G0 F9000 X128.535 Y136.675
G0 X128.535 Y133.323
G0 X128.304 Y133.323
G1 F3000 X128.944 Y133.152 E4090.75107
G0 F9000 X128.714 Y133.152
G0 X128.714 Y128.829
G0 X128.944 Y128.829
G1 F3000 X128.304 Y128.189 E4090.78118
G0 F9000 X128.535 Y128.189
G0 X128.535 Y127.112
G0 X128.305 Y127.112
G1 F3000 X128.943 Y126.94 E4090.80315
G0 F9000 X128.714 Y126.94
G0 X128.535 Y123.227
G0 X128.304 Y123.227
G1 F3000 X128.944 Y120.841 E4090.88532
G1 X128.944 Y120.729
G1 X128.304 Y120.9 E4090.90735
G0 F9000 X128.944 Y120.344
G1 F3000 X128.304 Y119.704 E4090.93746
G0 F9000 X128.535 Y119.704
G0 X128.535 Y114.688
G0 X128.304 Y114.688
G1 F3000 X128.944 Y114.517 E4090.95949
G0 F9000 X128.714 Y114.517
G0 X128.714 Y111.859
G0 X128.944 Y111.859
G1 F3000 X128.304 Y111.219 E4090.98959
G0 F9000 X128.535 Y111.219
G0 X128.535 Y108.477
G0 X128.305 Y108.477
G1 F3000 X128.943 Y108.305 E4091.01157
G0 F9000 X128.714 Y108.305
G0 X128.714 Y103.373
G0 X128.944 Y103.373
G1 F3000 X128.304 Y102.733 E4091.04167
G0 F9000 X128.304 Y102.265
G1 F3000 X128.943 Y102.094 E4091.06367
G0 F9000 X128.714 Y102.094
G0 X128.535 Y100.046
G0 X128.304 Y100.046
G1 F3000 X128.944 Y97.659 E4091.14587
G0 F9000 X128.714 Y97.659
G0 X128.535 Y96.053
G0 X128.304 Y96.053
G1 F3000 X128.944 Y95.882 E4091.1679
G0 F9000 X128.944 Y94.888
G1 F3000 X128.304 Y94.248 E4091.19801
G0 F9000 X128.535 Y94.248
G0 X128.535 Y89.842
G0 X128.305 Y89.842
G1 F3000 X128.943 Y89.671 E4091.21998
G0 F9000 X128.714 Y89.671
G0 X128.714 Y86.403
G0 X128.944 Y86.403
G1 F3000 X128.304 Y85.763 E4091.25008
G0 F9000 X128.535 Y85.763
G0 X128.535 Y83.63
G0 X128.304 Y83.63
G1 F3000 X128.943 Y83.459 E4091.27208
G0 F9000 X128.714 Y83.459
G0 X128.714 Y77.918
G0 X128.944 Y77.918
G1 F3000 X128.304 Y77.278 E4091.30219
G1 X128.304 Y77.418
G1 X128.944 Y77.247 E4091.32422
G0 F9000 X128.304 Y76.864
G1 F3000 X128.944 Y74.477 E4091.40641
G0 F9000 X128.714 Y74.477
G0 X128.535 Y71.207
G0 X128.305 Y71.207
G1 F3000 X128.943 Y71.036 E4091.42838
G0 F9000 X128.714 Y71.036
G0 X128.714 Y69.432
G0 X128.944 Y69.432
G1 F3000 X128.304 Y68.792 E4091.45849
G0 F9000 X128.535 Y68.792
G0 X128.535 Y64.995
G0 X128.304 Y64.995
G1 F3000 X128.943 Y64.824 E4091.48049
G0 F9000 X128.714 Y64.824
G0 X128.714 Y60.947
G0 X128.944 Y60.947
G1 F3000 X128.304 Y60.307 E4091.51059
G0 F9000 X128.535 Y60.307
G0 X128.535 Y58.783
G0 X128.304 Y58.783
G1 F3000 X128.944 Y58.612 E4091.53262
G0 F9000 X128.714 Y58.612
G0 X128.535 Y53.682
G0 X128.304 Y53.682
G1 F3000 X128.439 Y53.179 E4091.54995
G1 F2700 E4086.54995
G0 F9000 X128.439 Y53.41
G0 X128.055 Y181.62
G0 X126.96 Y181.62
G0 X108.04 Y181.62
G0 X106.945 Y181.62
G0 X106.495 Y181.62
G0 X106.772 Y181.9
;TYPE:WALL-INNER
G1 F2700 E4091.54995
G1 F1500 X106.772 Y53.1 E4095.83385
G1 X105.972 Y53.1 E4095.86046
G1 X105.972 Y181.9 E4100.14437
G1 X106.772 Y181.9 E4100.17097
G0 F9000 X107.172 Y182.3
;TYPE:WALL-OUTER
G1 F1500 X107.172 Y52.7 E4104.48149
G1 X105.572 Y52.7 E4104.5347
G1 X105.572 Y182.3 E4108.84522
G1 X107.172 Y182.3 E4108.89843
G0 F9000 X106.393 Y181.821
;TYPE:FILL
G1 F3000 X106.692 Y180.704 E4108.93689
G0 F9000 X106.465 Y180.704
G0 X106.285 Y176.556
G0 X106.053 Y176.556
G1 F3000 X106.692 Y176.384 E4108.9589
G0 F9000 X106.465 Y176.384
G0 X106.465 Y174.46
G0 X106.693 Y174.46
G1 F3000 X106.052 Y173.82 E4108.98903
G0 F9000 X106.285 Y173.82
G0 X106.285 Y170.344
G0 X106.053 Y170.344
G1 F3000 X106.691 Y170.173 E4109.011
G0 F9000 X106.465 Y170.173
G0 X106.465 Y165.975
G0 X106.693 Y165.975
G1 F3000 X106.052 Y165.334 E4109.04115
G0 F9000 X106.285 Y165.334
G0 X106.285 Y164.132
G0 X106.052 Y164.132
G1 F3000 X106.692 Y163.961 E4109.06318
G0 F9000 X106.465 Y163.961
G0 X106.285 Y159.908
G0 X106.052 Y159.908
G1 F3000 X106.692 Y157.521 E4109.14538
G1 X106.693 Y157.49
G1 X106.052 Y156.849 E4109.17553
G0 F9000 X106.285 Y156.849
G0 X106.285 Y157.921
G0 X106.053 Y157.921
G1 F3000 X106.692 Y157.749 E4109.19754
G0 F9000 X106.465 Y157.749
G0 X106.285 Y151.709
G0 X106.053 Y151.709
G1 F3000 X106.691 Y151.538 E4109.21951
G0 F9000 X106.465 Y151.538
G0 X106.465 Y149.004
G0 X106.693 Y149.004
G1 F3000 X106.052 Y148.364 E4109.24963
G0 F9000 X106.285 Y148.364
G0 X106.285 Y145.497
G0 X106.052 Y145.497
G1 F3000 X106.692 Y145.326 E4109.27167
G0 F9000 X106.465 Y145.326
G0 X106.465 Y140.519
G0 X106.693 Y140.519
G1 F3000 X106.052 Y139.878 E4109.30182
G0 F9000 X106.052 Y139.286
G1 F3000 X106.692 Y139.114 E4109.32386
G0 F9000 X106.465 Y139.114
G0 X106.285 Y136.727
G0 X106.052 Y136.727
G1 F3000 X106.692 Y134.339 E4109.40609
G0 F9000 X106.465 Y134.339
G0 X106.285 Y133.074
G0 X106.053 Y133.074
G1 F3000 X106.692 Y132.903 E4109.42809
G0 F9000 X106.693 Y132.034
G1 F3000 X106.052 Y131.393 E4109.45824
G0 F9000 X106.285 Y131.393
G0 X106.285 Y126.862
G0 X106.052 Y126.862
G1 F3000 X106.691 Y126.691 E4109.48024
G0 F9000 X106.465 Y126.691
G0 X106.465 Y123.549
G0 X106.693 Y123.549
G1 F3000 X106.052 Y122.908 E4109.51039
G0 F9000 X106.285 Y122.908
G0 X106.285 Y120.651
G0 X106.052 Y120.651
G1 F3000 X106.692 Y120.479 E4109.53243
G0 F9000 X106.465 Y120.479
G0 X106.465 Y115.063
G0 X106.693 Y115.063
G1 F3000 X106.052 Y114.423 E4109.56256
G1 X106.053 Y114.439
G1 X106.692 Y114.268 E4109.58456
G0 F9000 X106.052 Y113.545
G1 F3000 X106.692 Y111.156 E4109.66682
G0 F9000 X106.465 Y111.156
G0 X106.285 Y108.227
G0 X106.052 Y108.227
G1 F3000 X106.691 Y108.056 E4109.68882
G0 F9000 X106.465 Y108.056
G0 X106.465 Y106.578
G0 X106.693 Y106.578
G1 F3000 X106.052 Y105.937 E4109.71897
G0 F9000 X106.285 Y105.937
G0 X106.285 Y102.016
G0 X106.052 Y102.016
G1 F3000 X106.692 Y101.844 E4109.74102
G0 F9000 X106.465 Y101.844
G0 X106.465 Y98.093
G0 X106.693 Y98.093
G1 F3000 X106.052 Y97.452 E4109.77117
G0 F9000 X106.285 Y97.452
G0 X106.285 Y95.804
G0 X106.053 Y95.804
G1 F3000 X106.692 Y95.633 E4109.79317
G0 F9000 X106.465 Y95.633
G0 X106.285 Y90.363
G0 X106.052 Y90.363
G1 F3000 X106.692 Y87.974 E4109.87543
G0 F9000 X106.465 Y87.974
G0 X106.285 Y88.967
G0 X106.052 Y88.967
G1 F3000 X106.693 Y89.607 E4109.90556
G1 X106.692 Y89.421
G1 X106.052 Y89.593 E4109.9276
G0 F9000 X106.285 Y89.593
G0 X106.285 Y83.381
G0 X106.052 Y83.381
G1 F3000 X106.692 Y83.209 E4109.94964
G0 F9000 X106.465 Y83.209
G0 X106.465 Y81.122
G0 X106.693 Y81.122
G1 F3000 X106.052 Y80.481 E4109.97979
G0 F9000 X106.285 Y80.481
G0 X106.285 Y77.169
G0 X106.052 Y77.169
G1 F3000 X106.692 Y76.998 E4110.00182
G0 F9000 X106.465 Y76.998
G0 X106.465 Y72.637
G0 X106.693 Y72.637
G1 F3000 X106.052 Y71.996 E4110.03197
G0 F9000 X106.285 Y71.996
G0 X106.285 Y70.958
G0 X106.052 Y70.958
G1 F3000 X106.692 Y70.786 E4110.05402
G0 F9000 X106.465 Y70.786
G0 X106.285 Y67.181
G0 X106.052 Y67.181
G1 F3000 X106.692 Y64.792 E4110.13628
G0 F9000 X106.692 Y64.575
G1 F3000 X106.052 Y64.746 E4110.15831
G0 F9000 X106.693 Y64.152
G1 F3000 X106.052 Y63.511 E4110.18846
G0 F9000 X106.285 Y63.511
G0 X106.285 Y58.534
G0 X106.052 Y58.534
G1 F3000 X106.692 Y58.363 E4110.21049
G0 F9000 X106.465 Y58.363
G0 X106.465 Y55.666
G0 X106.693 Y55.666
G1 F3000 X106.052 Y55.026 E4110.24062
G1 F2700 E4105.24062
;MESH:NONMESH
G0 F300 X106.052 Y55.026 Z8.8
G0 F9000 X106.285 Y55.026
G0 X105.799 Y182.076
G0 X104 Y183.3
;TIME_ELAPSED:6304.619479
;LAYER:43
;TYPE:SUPPORT
G1 F2700 E4110.24062
G1 F1500 X102.381 Y183.3 E4110.29447
G1 X102.381 Y51.7 E4114.6715
G1 X104 Y51.7 E4114.72535
G1 X104 Y183.3 E4119.10238
G1 X104.259 Y183.3 E4119.111
G1 X104.259 Y51.7 E4123.48803
G1 X104 Y51.7 E4123.49665
G1 F2700 E4118.49665
G0 F9000 X105.112 Y51.847
G0 X107.912 Y51.847
G0 X127.088 Y183.153
G0 X129.887 Y184.153
G0 X132 Y184.165
G0 X132 Y183.3
G1 F2700 E4123.49665
G1 F1500 X130.74 Y183.3 E4123.53855
G1 X130.74 Y51.7 E4127.91559
G1 X132 Y51.7 E4127.9575
G1 X132 Y183.3 E4132.33453
G1 X132.618 Y183.3 E4132.35508
G1 X132.618 Y51.7 E4136.73212
G1 X132 Y51.7 E4136.75267
G1 F2700 E4131.75267
;MESH:btncover.stl
G0 F9000 X132 Y50.835
G0 X129.887 Y50.847
G0 X129.316 Y51.835
G0 X129.316 Y52.924
G0 X128.621 Y181.62
G0 X128.34 Y181.9
;TYPE:WALL-INNER
G1 F2700 E4136.75267
G1 F1500 X129.14 Y181.9 E4136.77928
G1 X129.14 Y53.1 E4141.06319
G1 X128.34 Y53.1 E4141.08979
G1 X128.34 Y181.9 E4145.3737
G0 F9000 X127.94 Y182.3
;TYPE:WALL-OUTER
G1 F1500 X129.54 Y182.3 E4145.42692
G1 X129.54 Y52.7 E4149.73743
G1 X127.94 Y52.7 E4149.79065
G1 X127.94 Y182.3 E4154.10116
G0 F9000 X128.221 Y182.02
G0 X128.83 Y179.657
G0 X129.06 Y179.657
;TYPE:FILL
G1 F3000 X128.42 Y179.018 E4154.13124
G0 F9000 X128.651 Y179.018
G0 X128.651 Y176.92
G0 X128.421 Y176.92
G1 F3000 X129.059 Y176.749 E4154.15321
G0 F9000 X128.83 Y176.749
G0 X128.83 Y171.172
G0 X129.06 Y171.172
G1 F3000 X128.42 Y170.532 E4154.18331
G1 X128.42 Y170.708
G1 X129.06 Y170.537 E4154.20535
G0 F9000 X128.83 Y170.537
G0 X128.651 Y168.614
G0 X128.42 Y168.614
G1 F3000 X129.06 Y166.226 E4154.28757
G0 F9000 X128.83 Y166.226
G0 X128.651 Y164.496
G0 X128.421 Y164.496
G1 F3000 X129.059 Y164.325 E4154.30954
G0 F9000 X128.83 Y164.325
G0 X128.83 Y162.687
G0 X129.06 Y162.687
G1 F3000 X128.42 Y162.047 E4154.33965
G0 F9000 X128.651 Y162.047
G0 X128.651 Y158.285
G0 X128.421 Y158.285
G1 F3000 X129.059 Y158.114 E4154.36161
G0 F9000 X128.83 Y158.114
G0 X128.83 Y154.202
G0 X129.06 Y154.202
G1 F3000 X128.42 Y153.562 E4154.39172
G0 F9000 X128.651 Y153.562
G0 X128.651 Y152.073
G0 X128.42 Y152.073
G1 F3000 X129.06 Y151.902 E4154.41375
G0 F9000 X128.83 Y151.902
G0 X128.651 Y145.861
G0 X128.421 Y145.861
G1 F3000 X129.06 Y145.69 E4154.43575
G1 X129.06 Y145.716
G1 X128.42 Y145.076 E4154.46586
G0 F9000 X128.42 Y145.432
G1 F3000 X129.06 Y143.044 E4154.54808
G0 F9000 X128.83 Y143.044
G0 X128.651 Y139.65
G0 X128.421 Y139.65
G1 F3000 X129.059 Y139.479 E4154.57005
G0 F9000 X128.83 Y139.479
G0 X128.83 Y137.231
G0 X129.06 Y137.231
G1 F3000 X128.42 Y136.591 E4154.60016
G0 F9000 X128.651 Y136.591
G0 X128.651 Y133.438
G0 X128.42 Y133.438
G1 F3000 X129.06 Y133.267 E4154.62219
G0 F9000 X128.83 Y133.267
G0 X128.83 Y128.746
G0 X129.06 Y128.746
G1 F3000 X128.42 Y128.106 E4154.65229
G0 F9000 X128.42 Y127.226
G1 F3000 X129.06 Y127.055 E4154.67433
G0 F9000 X128.83 Y127.055
G0 X128.651 Y122.249
G0 X128.42 Y122.249
G1 F3000 X129.06 Y119.863 E4154.75649
G0 F9000 X129.06 Y120.26
G1 F3000 X128.42 Y119.621 E4154.78657
G0 F9000 X128.651 Y119.621
G0 X128.83 Y120.844
G0 X129.059 Y120.844
G1 F3000 X128.421 Y121.015 E4154.80854
G0 F9000 X128.651 Y121.015
G0 X128.651 Y114.803
G0 X128.42 Y114.803
G1 F3000 X129.06 Y114.632 E4154.83057
G0 F9000 X128.83 Y114.632
G0 X128.83 Y111.775
G0 X129.06 Y111.775
G1 F3000 X128.42 Y111.135 E4154.86068
G0 F9000 X128.651 Y111.135
G0 X128.651 Y108.592
G0 X128.42 Y108.592
G1 F3000 X129.06 Y108.42 E4154.88272
G0 F9000 X128.83 Y108.42
G0 X128.83 Y103.29
G0 X129.06 Y103.29
G1 F3000 X128.42 Y102.65 E4154.91282
G0 F9000 X128.421 Y102.38
G1 F3000 X129.059 Y102.209 E4154.93479
G0 F9000 X128.83 Y102.209
G0 X128.651 Y99.067
G0 X128.42 Y99.067
G1 F3000 X129.06 Y96.681 E4155.01696
G0 F9000 X129.059 Y95.997
G1 F3000 X128.42 Y96.168 E4155.03896
G0 F9000 X128.651 Y96.168
G0 X128.83 Y94.805
G0 X129.06 Y94.805
G1 F3000 X128.42 Y94.165 E4155.06906
G0 F9000 X128.651 Y94.165
G0 X128.651 Y89.957
G0 X128.42 Y89.957
G1 F3000 X129.06 Y89.785 E4155.0911
G0 F9000 X128.83 Y89.785
G0 X128.83 Y86.319
G0 X129.06 Y86.319
G1 F3000 X128.42 Y85.679 E4155.12121
G0 F9000 X128.651 Y85.679
G0 X128.651 Y83.745
G0 X128.421 Y83.745
G1 F3000 X129.059 Y83.574 E4155.14317
G0 F9000 X128.83 Y83.574
G0 X128.83 Y77.834
G0 X129.06 Y77.834
G1 F3000 X128.42 Y77.194 E4155.17328
G0 F9000 X128.42 Y77.533
G1 F3000 X129.059 Y77.362 E4155.19528
G0 F9000 X128.83 Y77.362
G0 X128.651 Y75.885
G0 X128.42 Y75.885
G1 F3000 X129.06 Y73.499 E4155.27744
G0 F9000 X128.83 Y73.499
G0 X128.651 Y71.322
G0 X128.42 Y71.322
G1 F3000 X129.06 Y71.15 E4155.29949
G0 F9000 X128.83 Y71.15
G0 X128.83 Y69.349
G0 X129.06 Y69.349
G1 F3000 X128.42 Y68.709 E4155.32959
G0 F9000 X128.651 Y68.709
G0 X128.651 Y65.11
G0 X128.421 Y65.11
G1 F3000 X129.059 Y64.939 E4155.35156
G0 F9000 X128.83 Y64.939
G0 X128.83 Y60.864
G0 X129.06 Y60.864
G1 F3000 X128.42 Y60.224 E4155.38166
G0 F9000 X128.651 Y60.224
G0 X128.651 Y58.898
G0 X128.42 Y58.898
G1 F3000 X129.059 Y58.727 E4155.40366
G1 F2700 E4150.40366
G0 F9000 X128.83 Y58.727
G0 X128.171 Y181.62
G0 X127.076 Y181.62
G0 X107.924 Y181.62
G0 X106.829 Y181.62
G0 X106.379 Y181.62
G0 X106.656 Y181.9
;TYPE:WALL-INNER
G1 F2700 E4155.40366
G92 E0
G1 F1500 X106.656 Y53.1 E4.28391
G1 X105.856 Y53.1 E4.31051
G1 X105.856 Y181.9 E8.59442
G1 X106.656 Y181.9 E8.62103
G0 F9000 X107.056 Y182.3
;TYPE:WALL-OUTER
G1 F1500 X107.056 Y52.7 E12.93154
G1 X105.456 Y52.7 E12.98476
G1 X105.456 Y182.3 E17.29527
G1 X107.056 Y182.3 E17.34849
G0 F9000 X106.247 Y181.82
;TYPE:FILL
G1 F3000 X106.576 Y180.592 E17.39077
G0 F9000 X106.349 Y180.592
G0 X106.169 Y176.733
G0 X105.936 Y176.733
G1 F3000 X106.576 Y176.561 E17.41281
G0 F9000 X106.349 Y176.561
G0 X106.349 Y174.145
G0 X106.577 Y174.145
G1 F3000 X105.936 Y173.504 E17.44296
G0 F9000 X106.169 Y173.504
G0 X106.169 Y170.521
G0 X105.937 Y170.521
G1 F3000 X106.575 Y170.35 E17.46493
G0 F9000 X106.349 Y170.35
G0 X106.349 Y165.66
G0 X106.577 Y165.66
G1 F3000 X105.936 Y165.019 E17.49508
G0 F9000 X105.937 Y164.309
G1 F3000 X106.576 Y164.138 E17.51708
G0 F9000 X106.349 Y164.138
G0 X106.169 Y159.796
G0 X105.936 Y159.796
G1 F3000 X106.576 Y157.409 E17.59928
G0 F9000 X106.577 Y157.174
G1 F3000 X105.936 Y156.534 E17.62941
G0 F9000 X106.169 Y156.534
G0 X106.349 Y157.926
G0 X106.576 Y157.926
G1 F3000 X105.936 Y158.098 E17.65145
G0 F9000 X106.169 Y158.098
G0 X106.169 Y151.886
G0 X105.937 Y151.886
G1 F3000 X106.576 Y151.715 E17.67345
G0 F9000 X106.349 Y151.715
G0 X106.349 Y148.689
G0 X106.577 Y148.689
G1 F3000 X105.936 Y148.048 E17.7036
G0 F9000 X106.169 Y148.048
G0 X106.169 Y145.674
G0 X105.937 Y145.674
G1 F3000 X106.575 Y145.503 E17.72557
G0 F9000 X106.349 Y145.503
G0 X106.349 Y140.204
G0 X106.577 Y140.204
G1 F3000 X105.936 Y139.563 E17.75572
G1 X105.936 Y139.463
G1 X106.576 Y139.291 E17.77776
G0 F9000 X106.349 Y139.291
G0 X106.169 Y136.614
G0 X105.936 Y136.614
G1 F3000 X106.576 Y134.227 E17.85996
G0 F9000 X106.349 Y134.227
G0 X106.349 Y133.08
G0 X106.576 Y133.08
G1 F3000 X105.937 Y133.251 E17.88196
G0 F9000 X106.169 Y133.251
G0 X106.349 Y131.718
G0 X106.577 Y131.718
G1 F3000 X105.936 Y131.078 E17.91209
G0 F9000 X106.169 Y131.078
G0 X106.169 Y127.039
G0 X105.937 Y127.039
G1 F3000 X106.575 Y126.868 E17.93405
G0 F9000 X106.349 Y126.868
G0 X106.349 Y123.233
G0 X106.577 Y123.233
G1 F3000 X105.936 Y122.593 E17.96418
G0 F9000 X106.169 Y122.593
G0 X106.169 Y120.828
G0 X105.936 Y120.828
G1 F3000 X106.576 Y120.656 E17.98622
G0 F9000 X106.349 Y120.656
G0 X106.349 Y114.748
G0 X106.577 Y114.748
G1 F3000 X105.936 Y114.107 E18.01637
G0 F9000 X105.937 Y114.616
G1 F3000 X106.576 Y114.445 E18.03838
G0 F9000 X106.349 Y114.445
G0 X106.169 Y113.433
G0 X105.936 Y113.433
G1 F3000 X106.576 Y111.045 E18.1206
G0 F9000 X106.349 Y111.045
G0 X106.169 Y108.404
G0 X105.937 Y108.404
G1 F3000 X106.576 Y108.233 E18.1426
G0 F9000 X106.349 Y108.233
G0 X106.349 Y106.263
G0 X106.577 Y106.263
G1 F3000 X105.936 Y105.622 E18.17276
G0 F9000 X106.169 Y105.622
G0 X106.169 Y102.193
G0 X105.936 Y102.193
G1 F3000 X106.576 Y102.022 E18.19479
G0 F9000 X106.349 Y102.022
G0 X106.349 Y97.777
G0 X106.577 Y97.777
G1 F3000 X105.936 Y97.137 E18.22492
G0 F9000 X106.169 Y97.137
G0 X106.169 Y95.981
G0 X105.936 Y95.981
G1 F3000 X106.576 Y95.81 E18.24695
G0 F9000 X106.349 Y95.81
G0 X106.169 Y90.251
G0 X105.936 Y90.251
G1 F3000 X106.576 Y87.862 E18.32921
G0 F9000 X106.349 Y87.862
G0 X106.169 Y88.651
G0 X105.936 Y88.651
G1 F3000 X106.577 Y89.292 E18.35936
G0 F9000 X106.576 Y89.598
G1 F3000 X105.937 Y89.769 E18.38136
G0 F9000 X106.169 Y89.769
G0 X106.169 Y83.558
G0 X105.936 Y83.558
G1 F3000 X106.576 Y83.387 E18.40339
G0 F9000 X106.349 Y83.387
G0 X106.349 Y80.807
G0 X106.577 Y80.807
G1 F3000 X105.936 Y80.166 E18.43355
G0 F9000 X106.169 Y80.166
G0 X106.169 Y77.346
G0 X105.936 Y77.346
G1 F3000 X106.576 Y77.175 E18.45558
G0 F9000 X106.349 Y77.175
G0 X106.349 Y72.321
G0 X106.577 Y72.321
G1 F3000 X105.936 Y71.681 E18.48571
G0 F9000 X105.937 Y71.134
G1 F3000 X106.576 Y70.963 E18.50771
G0 F9000 X106.349 Y70.963
G0 X106.169 Y67.07
G0 X105.936 Y67.07
G1 F3000 X106.576 Y64.679 E18.59003
G1 X106.576 Y64.751
G1 X105.936 Y64.923 E18.61207
G0 F9000 X106.169 Y64.923
G0 X106.349 Y63.836
G0 X106.577 Y63.836
G1 F3000 X105.936 Y63.196 E18.6422
G0 F9000 X106.169 Y63.196
G0 X106.169 Y58.711
G0 X105.936 Y58.711
G1 F3000 X106.576 Y58.54 E18.66423
G0 F9000 X106.349 Y58.54
G0 X106.349 Y55.351
G0 X106.577 Y55.351
G1 F3000 X105.936 Y54.71 E18.69438
G1 F2700 E13.69438
;MESH:NONMESH
G0 F300 X105.936 Y54.71 Z9
G0 F9000 X106.169 Y54.71
G0 X105.683 Y182.076
G0 X104 Y183.3
;TIME_ELAPSED:6481.909069
;LAYER:44
;TYPE:SUPPORT
G1 F2700 E18.69438
G1 F1500 X102.381 Y183.3 E18.74823
G1 X102.381 Y51.7 E23.12527
G1 X104 Y51.7 E23.17911
G1 X104 Y183.3 E27.55615
G1 X104.144 Y183.3 E27.56094
G1 X104.144 Y51.7 E31.93797
G1 X104 Y51.7 E31.94276
G1 F2700 E26.94276
G0 F9000 X104.997 Y51.847
G0 X107.797 Y51.847
G0 X127.203 Y183.153
G0 X130.002 Y184.153
G0 X132 Y184.165
G0 X132 Y183.3
G1 F2700 E31.94276
G1 F1500 X130.855 Y183.3 E31.98084
G1 X130.855 Y51.7 E36.35788
G1 X132 Y51.7 E36.39596
G1 X132 Y183.3 E40.77299
G1 X132.618 Y183.3 E40.79355
G1 X132.618 Y51.7 E45.17058
G1 X132 Y51.7 E45.19114
G1 F2700 E40.19114
;MESH:btncover.stl
G0 F9000 X132 Y50.835
G0 X130.002 Y50.847
G0 X129.431 Y51.835
G0 X129.431 Y52.924
G0 X128.736 Y181.62
G0 X128.456 Y181.9
;TYPE:WALL-INNER
G1 F2700 E45.19114
G1 F1500 X129.252 Y181.9 E45.21761
G1 X129.252 Y53.1 E49.50152
G1 X128.456 Y53.1 E49.52799
G1 X128.456 Y181.9 E53.8119
G0 F9000 X128.056 Y182.3
;TYPE:WALL-OUTER
G1 F1500 X129.652 Y182.3 E53.86498
G1 X129.652 Y52.7 E58.17549
G1 X128.056 Y52.7 E58.22858
G1 X128.056 Y182.3 E62.53909
G0 F9000 X128.336 Y182.02
G0 X128.945 Y179.57
G0 X129.172 Y179.57
;TYPE:FILL
G1 F3000 X128.536 Y178.935 E62.56898
G0 F9000 X128.766 Y178.935
G0 X128.766 Y177.035
G0 X128.537 Y177.035
G1 F3000 X129.171 Y176.865 E62.59082
G0 F9000 X128.945 Y176.865
G0 X128.945 Y171.085
G0 X129.172 Y171.085
G1 F3000 X128.536 Y170.45 E62.62071
G0 F9000 X128.537 Y170.823
G1 F3000 X129.172 Y170.653 E62.64257
G0 F9000 X128.945 Y170.653
G0 X128.766 Y167.636
G0 X128.536 Y167.636
G1 F3000 X129.172 Y165.264 E62.72425
G0 F9000 X129.172 Y164.441
G1 F3000 X128.536 Y164.611 E62.74615
G0 F9000 X128.766 Y164.611
G0 X128.945 Y162.6
G0 X129.172 Y162.6
G1 F3000 X128.536 Y161.964 E62.77606
G0 F9000 X128.766 Y161.964
G0 X128.766 Y158.4
G0 X128.537 Y158.4
G1 F3000 X129.171 Y158.23 E62.79789
G0 F9000 X128.945 Y158.23
G0 X128.945 Y154.115
G0 X129.172 Y154.115
G1 F3000 X128.536 Y153.479 E62.82781
G0 F9000 X128.766 Y153.479
G0 X128.766 Y152.188
G0 X128.537 Y152.188
G1 F3000 X129.172 Y152.018 E62.84967
G0 F9000 X128.945 Y152.018
G0 X128.766 Y145.976
G0 X128.536 Y145.976
G1 F3000 X129.172 Y145.806 E62.87157
G1 X129.172 Y145.629
G1 X128.536 Y144.994 E62.90146
G0 F9000 X128.536 Y144.454
G1 F3000 X129.172 Y142.081 E62.98317
G0 F9000 X128.945 Y142.081
G0 X128.766 Y139.765
G0 X128.537 Y139.765
G1 F3000 X129.171 Y139.595 E63.00501
G0 F9000 X128.945 Y139.595
G0 X128.945 Y137.144
G0 X129.172 Y137.144
G1 F3000 X128.536 Y136.508 E63.03492
G0 F9000 X128.766 Y136.508
G0 X128.766 Y133.553
G0 X128.537 Y133.553
G1 F3000 X129.171 Y133.383 E63.05675
G0 F9000 X128.945 Y133.383
G0 X128.945 Y128.659
G0 X129.172 Y128.659
G1 F3000 X128.536 Y128.023 E63.08667
G0 F9000 X128.536 Y127.341
G1 F3000 X129.172 Y127.171 E63.10856
G0 F9000 X128.945 Y127.171
G0 X128.766 Y121.272
G0 X128.536 Y121.272
G1 F3000 X129.172 Y118.9 E63.19024
G0 F9000 X128.536 Y119.538
G1 F3000 X129.172 Y120.174 E63.22016
G0 F9000 X129.172 Y120.959
G1 F3000 X128.536 Y121.13 E63.24206
G0 F9000 X128.766 Y121.13
G0 X128.766 Y114.918
G0 X128.537 Y114.918
G1 F3000 X129.171 Y114.748 E63.2639
G0 F9000 X128.945 Y114.748
G0 X128.945 Y111.688
G0 X129.172 Y111.688
G1 F3000 X128.536 Y111.053 E63.29379
G0 F9000 X128.766 Y111.053
G0 X128.766 Y108.707
G0 X128.536 Y108.707
G1 F3000 X129.172 Y108.536 E63.31569
G0 F9000 X128.945 Y108.536
G0 X128.945 Y103.203
G0 X129.172 Y103.203
G1 F3000 X128.536 Y102.567 E63.34561
G1 X128.536 Y102.495
G1 X129.172 Y102.324 E63.36751
G0 F9000 X128.945 Y102.324
G0 X128.766 Y98.09
G0 X128.536 Y98.09
G1 F3000 X129.172 Y95.717 E63.44922
G0 F9000 X129.172 Y96.113
G1 F3000 X128.537 Y96.283 E63.47109
G0 F9000 X128.766 Y96.283
G0 X128.945 Y94.718
G0 X129.172 Y94.718
G1 F3000 X128.536 Y94.082 E63.501
G0 F9000 X128.766 Y94.082
G0 X128.766 Y90.072
G0 X128.536 Y90.072
G1 F3000 X129.172 Y89.901 E63.52291
G0 F9000 X128.945 Y89.901
G0 X128.945 Y86.232
G0 X129.172 Y86.232
G1 F3000 X128.536 Y85.597 E63.5528
G0 F9000 X128.766 Y85.597
G0 X128.766 Y83.86
G0 X128.536 Y83.86
G1 F3000 X129.172 Y83.69 E63.5747
G0 F9000 X128.945 Y83.69
G0 X128.945 Y77.747
G0 X129.172 Y77.747
G1 F3000 X128.536 Y77.111 E63.60461
G0 F9000 X128.537 Y77.648
G1 F3000 X129.172 Y77.478 E63.62648
G0 F9000 X128.945 Y77.478
G0 X128.766 Y74.908
G0 X128.536 Y74.908
G1 F3000 X129.172 Y72.535 E63.70819
G0 F9000 X128.945 Y72.535
G0 X128.945 Y71.266
G0 X129.171 Y71.266
G1 F3000 X128.537 Y71.436 E63.73002
G0 F9000 X128.766 Y71.436
G0 X128.945 Y69.262
G0 X129.172 Y69.262
G1 F3000 X128.536 Y68.626 E63.75994
G0 F9000 X128.766 Y68.626
G0 X128.766 Y65.225
G0 X128.536 Y65.225
G1 F3000 X129.172 Y65.055 E63.78183
G0 F9000 X128.945 Y65.055
G0 X128.945 Y60.777
G0 X129.172 Y60.777
G1 F3000 X128.536 Y60.141 E63.81175
G0 F9000 X128.766 Y60.141
G0 X128.766 Y59.013
G0 X128.536 Y59.013
G1 F3000 X129.172 Y58.843 E63.83364
G1 F2700 E58.83364
G0 F9000 X128.945 Y58.843
G0 X128.286 Y181.62
G0 X127.191 Y181.62
G0 X107.809 Y181.62
G0 X106.714 Y181.62
G0 X106.264 Y181.62
G0 X106.544 Y181.9
;TYPE:WALL-INNER
G1 F2700 E63.83364
G1 F1500 X106.544 Y53.1 E68.11755
G1 X105.744 Y53.1 E68.14416
G1 X105.744 Y181.9 E72.42806
G1 X106.544 Y181.9 E72.45467
G0 F9000 X106.944 Y182.3
;TYPE:WALL-OUTER
G1 F1500 X106.944 Y52.7 E76.76518
G1 X105.344 Y52.7 E76.8184
G1 X105.344 Y182.3 E81.12891
G1 X106.944 Y182.3 E81.18213
G0 F9000 X106.101 Y181.82
;TYPE:FILL
G1 F3000 X106.464 Y180.465 E81.22879
G0 F9000 X106.234 Y180.465
G0 X106.054 Y181.678
G0 X105.824 Y181.678
G1 F3000 X105.966 Y181.82 E81.23547
G0 F9000 X105.966 Y181.59
G0 X106.054 Y176.908
G0 X105.825 Y176.908
G1 F3000 X106.464 Y176.737 E81.25747
G0 F9000 X106.234 Y176.737
G0 X106.234 Y173.833
G0 X106.464 Y173.833
G1 F3000 X105.824 Y173.193 E81.28757
G0 F9000 X106.054 Y173.193
G0 X106.054 Y170.697
G0 X105.825 Y170.697
G1 F3000 X106.464 Y170.526 E81.30957
G0 F9000 X106.234 Y170.526
G0 X106.234 Y165.348
G0 X106.464 Y165.348
G1 F3000 X105.824 Y164.708 E81.33968
G0 F9000 X105.825 Y164.485
G1 F3000 X106.463 Y164.314 E81.36164
G0 F9000 X106.234 Y164.314
G0 X106.054 Y159.669
G0 X105.825 Y159.669
G1 F3000 X106.464 Y157.283 E81.4438
G0 F9000 X106.464 Y156.862
G1 F3000 X105.824 Y156.223 E81.47388
G0 F9000 X106.054 Y156.223
G0 X106.234 Y158.102
G0 X106.464 Y158.102
G1 F3000 X105.825 Y158.273 E81.49588
G0 F9000 X106.054 Y158.273
G0 X106.054 Y152.062
G0 X105.824 Y152.062
G1 F3000 X106.464 Y151.891 E81.51791
G0 F9000 X106.234 Y151.891
G0 X106.234 Y148.377
G0 X106.464 Y148.377
G1 F3000 X105.824 Y147.737 E81.54802
G0 F9000 X106.054 Y147.737
G0 X106.054 Y145.85
G0 X105.825 Y145.85
G1 F3000 X106.463 Y145.679 E81.56999
G0 F9000 X106.234 Y145.679
G0 X106.234 Y139.892
G0 X106.464 Y139.892
G1 F3000 X105.824 Y139.252 E81.60009
G0 F9000 X105.825 Y139.639
G1 F3000 X106.463 Y139.467 E81.62207
G0 F9000 X106.234 Y139.467
G0 X106.054 Y136.487
G0 X105.824 Y136.487
G1 F3000 X106.464 Y134.101 E81.70423
G0 F9000 X106.464 Y133.256
G1 F3000 X105.824 Y133.427 E81.72626
G0 F9000 X106.054 Y133.427
G0 X106.234 Y131.407
G0 X106.464 Y131.407
G1 F3000 X105.824 Y130.767 E81.75637
G0 F9000 X106.054 Y130.767
G0 X106.054 Y127.215
G0 X105.825 Y127.215
G1 F3000 X106.463 Y127.044 E81.77834
G0 F9000 X106.234 Y127.044
G0 X106.234 Y122.921
G0 X106.464 Y122.921
G1 F3000 X105.824 Y122.281 E81.80844
G0 F9000 X106.054 Y122.281
G0 X106.054 Y121.004
G0 X105.825 Y121.004
G1 F3000 X106.463 Y120.833 E81.83041
G0 F9000 X106.234 Y120.833
G0 X106.054 Y114.792
G0 X105.824 Y114.792
G1 F3000 X106.464 Y114.621 E81.85244
G1 X106.464 Y114.436
G1 X105.824 Y113.796 E81.88255
G0 F9000 X105.824 Y113.305
G1 F3000 X106.464 Y110.919 E81.96471
G0 F9000 X106.234 Y110.919
G0 X106.054 Y108.58
G0 X105.825 Y108.58
G1 F3000 X106.463 Y108.409 E81.98668
G0 F9000 X106.234 Y108.409
G0 X106.234 Y105.951
G0 X106.464 Y105.951
G1 F3000 X105.824 Y105.311 E82.01678
G0 F9000 X106.054 Y105.311
G0 X106.054 Y102.369
G0 X105.825 Y102.369
G1 F3000 X106.463 Y102.198 E82.03875
G0 F9000 X106.234 Y102.198
G0 X106.234 Y97.465
G0 X106.464 Y97.465
G1 F3000 X105.824 Y96.826 E82.06883
G0 F9000 X105.824 Y96.157
G1 F3000 X106.464 Y95.986 E82.09087
G0 F9000 X106.234 Y95.986
G0 X106.054 Y90.124
G0 X105.824 Y90.124
G1 F3000 X106.464 Y87.737 E82.17306
G0 F9000 X105.824 Y88.34
G1 F3000 X106.464 Y88.98 E82.20317
G0 F9000 X106.463 Y89.774
G1 F3000 X105.824 Y89.945 E82.22517
G0 F9000 X106.054 Y89.945
G0 X106.054 Y83.734
G0 X105.825 Y83.734
G1 F3000 X106.463 Y83.563 E82.24714
G0 F9000 X106.234 Y83.563
G0 X106.234 Y80.495
G0 X106.464 Y80.495
G1 F3000 X105.824 Y79.855 E82.27724
G0 F9000 X106.054 Y79.855
G0 X106.054 Y77.522
G0 X105.824 Y77.522
G1 F3000 X106.464 Y77.351 E82.29927
G0 F9000 X106.234 Y77.351
G0 X106.234 Y72.01
G0 X106.464 Y72.01
G1 F3000 X105.824 Y71.37 E82.32938
G1 X105.824 Y71.31
G1 X106.463 Y71.139 E82.35138
G0 F9000 X106.234 Y71.139
G0 X106.054 Y66.942
G0 X105.824 Y66.942
G1 F3000 X106.463 Y64.555 E82.43356
G0 F9000 X106.463 Y64.928
G1 F3000 X105.825 Y65.099 E82.45553
G0 F9000 X106.054 Y65.099
G0 X106.234 Y63.524
G0 X106.464 Y63.524
G1 F3000 X105.824 Y62.884 E82.48564
G0 F9000 X106.054 Y62.884
G0 X106.054 Y58.887
G0 X105.824 Y58.887
G1 F3000 X106.463 Y58.716 E82.50764
G0 F9000 X106.234 Y58.716
G0 X106.234 Y55.039
G0 X106.464 Y55.039
G1 F3000 X105.824 Y54.399 E82.53774
G1 F2700 E77.53774
;MESH:NONMESH
G0 F300 X105.824 Y54.399 Z9.2
G0 F9000 X106.054 Y54.399
G0 X105.568 Y182.076
G0 X104 Y183.3
;TIME_ELAPSED:6581.171932
;LAYER:45
;TYPE:SUPPORT
G1 F2700 E82.53774
G1 F1500 X102.381 Y183.3 E82.59159
G1 X102.381 Y51.7 E86.96862
G1 X104 Y51.7 E87.02247
G1 X104 Y183.3 E91.39951
G1 X104.028 Y183.3 E91.40044
G1 X104.028 Y51.7 E95.77747
G1 X104 Y51.7 E95.7784
G1 F2700 E90.7784
G0 F9000 X104.881 Y51.847
G0 X107.681 Y51.847
G0 X127.319 Y183.153
G0 X130.118 Y184.153
G0 X132 Y184.165
G0 X132 Y183.3
G1 F2700 E95.7784
G1 F1500 X130.971 Y183.3 E95.81263
G1 X130.971 Y51.7 E100.18966
G1 X132 Y51.7 E100.22388
G1 X132 Y183.3 E104.60092
G1 X132.618 Y183.3 E104.62147
G1 X132.618 Y51.7 E108.99851
G1 X132 Y51.7 E109.01906
G1 F2700 E104.01906
;MESH:btncover.stl
G0 F9000 X132 Y50.835
G0 X130.118 Y50.847
G0 X129.547 Y51.835
G0 X129.547 Y52.924
G0 X128.852 Y181.62
G0 X128.572 Y181.9
;TYPE:WALL-INNER
G1 F2700 E109.01906
G1 F1500 X129.368 Y181.9 E109.04554
G1 X129.368 Y53.1 E113.32944
G1 X128.572 Y53.1 E113.35592
G1 X128.572 Y181.9 E117.63982
G0 F9000 X128.172 Y182.3
;TYPE:WALL-OUTER
G1 F1500 X129.768 Y182.3 E117.69291
G1 X129.768 Y52.7 E122.00342
G1 X128.172 Y52.7 E122.0565
G1 X128.172 Y182.3 E126.36702
G0 F9000 X128.452 Y182.02
G0 X129.061 Y179.486
G0 X129.288 Y179.486
;TYPE:FILL
G1 F3000 X128.652 Y178.85 E126.39693
G0 F9000 X128.882 Y178.85
G0 X128.882 Y177.15
G0 X128.653 Y177.15
G1 F3000 X129.287 Y176.98 E126.41876
G0 F9000 X129.061 Y176.98
G0 X129.061 Y171
G0 X129.288 Y171
G1 F3000 X128.652 Y170.365 E126.44866
G0 F9000 X128.653 Y170.939
G1 F3000 X129.288 Y170.769 E126.47052
G0 F9000 X129.061 Y170.769
G0 X128.882 Y166.654
G0 X128.652 Y166.654
G1 F3000 X129.288 Y164.283 E126.55217
G0 F9000 X129.288 Y164.557
G1 F3000 X128.652 Y164.727 E126.57406
G0 F9000 X128.882 Y164.727
G0 X129.061 Y162.515
G0 X129.288 Y162.515
G1 F3000 X128.652 Y161.879 E126.60398
G0 F9000 X128.882 Y161.879
G0 X128.882 Y158.516
G0 X128.653 Y158.516
G1 F3000 X129.287 Y158.346 E126.62581
G0 F9000 X129.061 Y158.346
G0 X129.061 Y154.03
G0 X129.288 Y154.03
G1 F3000 X128.652 Y153.394 E126.65573
G0 F9000 X128.882 Y153.394
G0 X128.882 Y152.304
G0 X128.653 Y152.304
G1 F3000 X129.287 Y152.134 E126.67756
G0 F9000 X129.061 Y152.134
G0 X128.882 Y146.092
G0 X128.652 Y146.092
G1 F3000 X129.288 Y145.922 E126.69945
G0 F9000 X129.288 Y145.544
G1 F3000 X128.652 Y144.909 E126.72935
G0 F9000 X128.882 Y144.909
G0 X128.882 Y143.472
G0 X128.652 Y143.472
G1 F3000 X129.288 Y141.1 E126.81103
G0 F9000 X129.061 Y141.1
G0 X128.882 Y139.881
G0 X128.652 Y139.881
G1 F3000 X129.287 Y139.711 E126.83289
G0 F9000 X129.061 Y139.711
G0 X129.061 Y137.059
G0 X129.288 Y137.059
G1 F3000 X128.652 Y136.424 E126.86278
G0 F9000 X128.882 Y136.424
G0 X128.882 Y133.669
G0 X128.653 Y133.669
G1 F3000 X129.287 Y133.499 E126.88461
G0 F9000 X129.061 Y133.499
G0 X129.061 Y128.574
G0 X129.288 Y128.574
G1 F3000 X128.652 Y127.938 E126.91453
G0 F9000 X128.652 Y127.457
G1 F3000 X129.288 Y127.287 E126.93643
G0 F9000 X129.061 Y127.287
G0 X128.882 Y121.246
G0 X128.652 Y121.246
G1 F3000 X129.288 Y121.075 E126.95833
G0 F9000 X129.288 Y120.089
G1 F3000 X128.652 Y119.453 E126.98825
G0 F9000 X128.652 Y120.29
G1 F3000 X129.288 Y117.918 E127.06992
G0 F9000 X129.061 Y117.918
G0 X128.882 Y115.034
G0 X128.653 Y115.034
G1 F3000 X129.287 Y114.864 E127.09176
G0 F9000 X129.061 Y114.864
G0 X129.061 Y111.603
G0 X129.288 Y111.603
G1 F3000 X128.652 Y110.968 E127.12165
G0 F9000 X128.882 Y110.968
G0 X128.882 Y108.822
G0 X128.652 Y108.822
G1 F3000 X129.288 Y108.652 E127.14354
G0 F9000 X129.061 Y108.652
G0 X129.061 Y103.118
G0 X129.288 Y103.118
G1 F3000 X128.652 Y102.482 E127.17346
G1 X128.652 Y102.611
G1 X129.288 Y102.44 E127.19537
G0 F9000 X129.061 Y102.44
G0 X128.882 Y97.109
G0 X128.652 Y97.109
G1 F3000 X129.288 Y94.735 E127.27711
G1 X129.288 Y94.633
G1 X128.652 Y93.997 E127.30702
G0 F9000 X128.882 Y93.997
G0 X129.061 Y96.229
G0 X129.287 Y96.229
G1 F3000 X128.653 Y96.399 E127.32886
G0 F9000 X128.882 Y96.399
G0 X128.882 Y90.187
G0 X128.652 Y90.187
G1 F3000 X129.288 Y90.017 E127.35075
G0 F9000 X129.061 Y90.017
G0 X129.061 Y86.148
G0 X129.288 Y86.148
G1 F3000 X128.652 Y85.512 E127.38067
G0 F9000 X128.882 Y85.512
G0 X128.882 Y83.976
G0 X128.652 Y83.976
G1 F3000 X129.288 Y83.805 E127.40257
G0 F9000 X129.061 Y83.805
G0 X128.882 Y77.764
G0 X128.653 Y77.764
G1 F3000 X129.288 Y77.594 E127.42444
G1 X129.288 Y77.662
G1 X128.652 Y77.027 E127.45433
G0 F9000 X128.882 Y77.027
G0 X128.882 Y73.927
G0 X128.652 Y73.927
G1 F3000 X129.288 Y71.553 E127.53607
G1 X129.287 Y71.382
G1 X128.653 Y71.552 E127.5579
G0 F9000 X128.882 Y71.552
G0 X129.061 Y69.177
G0 X129.288 Y69.177
G1 F3000 X128.652 Y68.541 E127.58782
G0 F9000 X128.882 Y68.541
G0 X128.882 Y65.341
G0 X128.652 Y65.341
G1 F3000 X129.288 Y65.171 E127.60972
G0 F9000 X129.061 Y65.171
G0 X129.061 Y60.692
G0 X129.288 Y60.692
G1 F3000 X128.652 Y60.056 E127.63963
G0 F9000 X128.652 Y59.129
G1 F3000 X129.288 Y58.959 E127.66153
G1 F2700 E122.66153
G0 F9000 X129.061 Y58.959
G0 X128.402 Y181.62
G0 X127.307 Y181.62
G0 X107.693 Y181.62
G0 X106.598 Y181.62
G0 X106.148 Y181.62
G0 X106.428 Y181.9
;TYPE:WALL-INNER
G1 F2700 E127.66153
G1 F1500 X106.428 Y53.1 E131.94543
G1 X105.628 Y53.1 E131.97204
G1 X105.628 Y181.9 E136.25595
G1 X106.428 Y181.9 E136.28255
G0 F9000 X106.828 Y182.3
;TYPE:WALL-OUTER
G1 F1500 X106.828 Y52.7 E140.59307
G1 X105.228 Y52.7 E140.64628
G1 X105.228 Y182.3 E144.9568
G1 X106.828 Y182.3 E145.01001
G0 F9000 X106.166 Y181.82
;TYPE:FILL
G1 F3000 X105.708 Y181.362 E145.03156
G0 F9000 X105.954 Y181.82
G1 F3000 X106.348 Y180.349 E145.08221
G0 F9000 X106.118 Y180.349
G0 X105.938 Y177.086
G0 X105.709 Y177.086
G1 F3000 X106.348 Y176.915 E145.10421
G0 F9000 X106.118 Y176.915
G0 X106.118 Y173.516
G0 X106.348 Y173.516
G1 F3000 X105.708 Y172.876 E145.13431
G0 F9000 X105.938 Y172.876
G0 X105.938 Y170.875
G0 X105.709 Y170.875
G1 F3000 X106.348 Y170.704 E145.15631
G0 F9000 X106.118 Y170.704
G0 X106.118 Y165.031
G0 X106.348 Y165.031
G1 F3000 X105.708 Y164.391 E145.18642
G0 F9000 X105.709 Y164.663
G1 F3000 X106.347 Y164.492 E145.20839
G0 F9000 X106.118 Y164.492
G0 X105.938 Y159.553
G0 X105.709 Y159.553
G1 F3000 X106.348 Y157.167 E145.29054
G0 F9000 X106.348 Y156.546
G1 F3000 X105.708 Y155.906 E145.32064
G0 F9000 X105.938 Y155.906
G0 X106.118 Y158.28
G0 X106.348 Y158.28
G1 F3000 X105.709 Y158.452 E145.34265
G0 F9000 X105.938 Y158.452
G0 X105.938 Y152.24
G0 X105.709 Y152.24
G1 F3000 X106.348 Y152.069 E145.36466
G0 F9000 X106.118 Y152.069
G0 X106.118 Y148.06
G0 X106.348 Y148.06
G1 F3000 X105.708 Y147.42 E145.39476
G0 F9000 X105.938 Y147.42
G0 X105.938 Y146.028
G0 X105.709 Y146.028
G1 F3000 X106.347 Y145.857 E145.41673
G0 F9000 X106.118 Y145.857
G0 X105.938 Y139.817
G0 X105.709 Y139.817
G1 F3000 X106.348 Y139.646 E145.43873
G1 X106.348 Y139.575
G1 X105.708 Y138.935 E145.46883
G0 F9000 X105.938 Y138.935
G0 X105.938 Y136.371
G0 X105.708 Y136.371
G1 F3000 X106.348 Y133.985 E145.551
G0 F9000 X106.348 Y133.434
G1 F3000 X105.708 Y133.605 E145.57303
G0 F9000 X105.938 Y133.605
G0 X106.118 Y131.09
G0 X106.348 Y131.09
G1 F3000 X105.708 Y130.45 E145.60313
G0 F9000 X105.938 Y130.45
G0 X105.938 Y127.393
G0 X105.709 Y127.393
G1 F3000 X106.347 Y127.222 E145.6251
G0 F9000 X106.118 Y127.222
G0 X106.118 Y122.605
G0 X106.348 Y122.605
G1 F3000 X105.708 Y121.965 E145.65521
G0 F9000 X105.709 Y121.182
G1 F3000 X106.348 Y121.011 E145.67721
G0 F9000 X106.118 Y121.011
G0 X105.938 Y114.97
G0 X105.708 Y114.97
G1 F3000 X106.348 Y114.799 E145.69924
G0 F9000 X106.348 Y114.119
G1 F3000 X105.708 Y113.479 E145.72934
G0 F9000 X105.708 Y113.189
G1 F3000 X106.348 Y110.803 E145.81151
G0 F9000 X106.118 Y110.803
G0 X105.938 Y108.758
G0 X105.709 Y108.758
G1 F3000 X106.347 Y108.587 E145.83348
G0 F9000 X106.118 Y108.587
G0 X106.118 Y105.634
G0 X106.348 Y105.634
G1 F3000 X105.708 Y104.994 E145.86358
G0 F9000 X105.938 Y104.994
G0 X105.938 Y102.547
G0 X105.709 Y102.547
G1 F3000 X106.347 Y102.376 E145.88555
G0 F9000 X106.118 Y102.376
G0 X106.118 Y97.149
G0 X106.348 Y97.149
G1 F3000 X105.708 Y96.509 E145.91565
G1 X105.708 Y96.335
G1 X106.348 Y96.164 E145.93769
G0 F9000 X106.118 Y96.164
G0 X105.938 Y90.123
G0 X105.709 Y90.123
G1 F3000 X106.347 Y89.952 E145.95966
G0 F9000 X105.708 Y90.008
G1 F3000 X106.348 Y87.621 E146.04185
G0 F9000 X105.708 Y88.023
G1 F3000 X106.348 Y88.663 E146.07195
G0 F9000 X106.118 Y88.663
G0 X105.938 Y83.912
G0 X105.709 Y83.912
G1 F3000 X106.347 Y83.741 E146.09392
G0 F9000 X106.118 Y83.741
G0 X106.118 Y80.178
G0 X106.348 Y80.178
G1 F3000 X105.708 Y79.538 E146.12403
G0 F9000 X105.938 Y79.538
G0 X105.938 Y77.7
G0 X105.708 Y77.7
G1 F3000 X106.348 Y77.529 E146.14606
G0 F9000 X106.118 Y77.529
G0 X106.118 Y71.693
G0 X106.348 Y71.693
G1 F3000 X105.708 Y71.053 E146.17616
G0 F9000 X105.709 Y71.489
G1 F3000 X106.347 Y71.317 E146.19814
G0 F9000 X106.118 Y71.317
G0 X105.938 Y66.826
G0 X105.708 Y66.826
G1 F3000 X106.348 Y64.439 E146.28034
G0 F9000 X106.347 Y65.106
G1 F3000 X105.709 Y65.277 E146.30231
G0 F9000 X105.938 Y65.277
G0 X106.118 Y63.208
G0 X106.348 Y63.208
G1 F3000 X105.708 Y62.568 E146.33241
G0 F9000 X105.938 Y62.568
G0 X105.938 Y59.065
G0 X105.708 Y59.065
G1 F3000 X106.348 Y58.894 E146.35444
G0 F9000 X106.118 Y58.894
G0 X106.118 Y54.722
G0 X106.348 Y54.722
G1 F3000 X105.708 Y54.082 E146.38455
G1 F2700 E141.38455
;MESH:NONMESH
G0 F300 X105.708 Y54.082 Z9.4
G0 F9000 X105.938 Y54.082
G0 X105.452 Y52.924
G0 X103.913 Y51.7
;TIME_ELAPSED:6679.127287
;LAYER:46
;TYPE:SUPPORT
G1 F2700 E146.38455
G1 F1500 X103.913 Y183.3 E150.76158
G1 X102.381 Y183.3 E150.81254
G1 X102.381 Y51.7 E155.18957
G1 X103.913 Y51.7 E155.24052
G1 F2700 E150.24052
G0 F9000 X104.766 Y51.847
G0 X107.566 Y51.847
G0 X127.434 Y183.153
G0 X130.233 Y184.153
G0 X132 Y184.165
G0 X132 Y183.3
G1 F2700 E155.24052
G1 F1500 X131.086 Y183.3 E155.27092
G1 X131.086 Y51.7 E159.64796
G1 X132 Y51.7 E159.67836
G1 X132 Y183.3 E164.05539
G1 X132.618 Y183.3 E164.07595
G1 X132.618 Y51.7 E168.45298
G1 X132 Y51.7 E168.47353
G1 F2700 E163.47353
;MESH:btncover.stl
G0 F9000 X132 Y50.835
G0 X130.233 Y50.847
G0 X129.662 Y51.835
G0 X129.662 Y52.924
G0 X128.967 Y181.62
G0 X128.684 Y181.9
;TYPE:WALL-INNER
G1 F2700 E168.47353
G1 F1500 X129.484 Y181.9 E168.50014
G1 X129.484 Y53.1 E172.78405
G1 X128.684 Y53.1 E172.81066
G1 X128.684 Y181.9 E177.09456
G0 F9000 X128.284 Y182.3
;TYPE:WALL-OUTER
G1 F1500 X129.884 Y182.3 E177.14778
G1 X129.884 Y52.7 E181.45829
G1 X128.284 Y52.7 E181.51151
G1 X128.284 Y182.3 E185.82202
G0 F9000 X128.567 Y182.02
G0 X129.176 Y179.402
G0 X129.404 Y179.402
;TYPE:FILL
G1 F3000 X128.764 Y178.762 E185.85212
G0 F9000 X128.997 Y178.762
G0 X128.997 Y177.267
G0 X128.764 Y177.267
G1 F3000 X129.403 Y177.095 E185.87413
G0 F9000 X129.176 Y177.095
G0 X128.997 Y171.055
G0 X128.765 Y171.055
G1 F3000 X129.403 Y170.884 E185.8961
G1 X129.404 Y170.917
G1 X128.764 Y170.277 E185.92621
G0 F9000 X128.997 Y170.277
G0 X128.997 Y165.692
G0 X128.764 Y165.692
G1 F3000 X129.404 Y163.305 E186.0084
G0 F9000 X129.404 Y162.432
G1 F3000 X128.764 Y161.792 E186.03851
G0 F9000 X128.997 Y161.792
G0 X129.176 Y164.672
G0 X129.404 Y164.672
G1 F3000 X128.764 Y164.843 E186.06054
G0 F9000 X128.997 Y164.843
G0 X128.997 Y158.632
G0 X128.764 Y158.632
G1 F3000 X129.404 Y158.46 E186.08258
G0 F9000 X129.176 Y158.46
G0 X129.176 Y153.946
G0 X129.404 Y153.946
G1 F3000 X128.764 Y153.306 E186.11268
G0 F9000 X128.765 Y152.42
G1 F3000 X129.403 Y152.249 E186.13465
G0 F9000 X129.176 Y152.249
G0 X128.997 Y146.208
G0 X128.764 Y146.208
G1 F3000 X129.403 Y146.037 E186.15665
G0 F9000 X129.404 Y145.461
G1 F3000 X128.764 Y144.821 E186.18676
G0 F9000 X128.997 Y144.821
G0 X128.997 Y142.511
G0 X128.764 Y142.511
G1 F3000 X129.404 Y140.123 E186.26899
G0 F9000 X129.404 Y139.825
G1 F3000 X128.764 Y139.997 E186.29103
G0 F9000 X128.997 Y139.997
G0 X129.176 Y136.976
G0 X129.404 Y136.976
G1 F3000 X128.764 Y136.336 E186.32113
G0 F9000 X128.997 Y136.336
G0 X128.997 Y133.785
G0 X128.765 Y133.785
G1 F3000 X129.403 Y133.614 E186.3431
G0 F9000 X129.176 Y133.614
G0 X129.176 Y128.49
G0 X129.404 Y128.49
G1 F3000 X128.764 Y127.851 E186.37318
G0 F9000 X128.764 Y127.573
G1 F3000 X129.403 Y127.402 E186.39518
G0 F9000 X129.176 Y127.402
G0 X128.997 Y121.362
G0 X128.764 Y121.362
G1 F3000 X129.404 Y121.19 E186.41722
G0 F9000 X129.176 Y121.19
G0 X129.176 Y120.005
G0 X129.404 Y120.005
G1 F3000 X128.764 Y119.365 E186.44733
G1 X128.764 Y119.329
G1 X129.404 Y116.94 E186.52959
G0 F9000 X129.176 Y116.94
G0 X128.997 Y115.15
G0 X128.765 Y115.15
G1 F3000 X129.404 Y114.979 E186.55159
G0 F9000 X129.176 Y114.979
G0 X129.176 Y111.52
G0 X129.404 Y111.52
G1 F3000 X128.764 Y110.88 E186.58169
G0 F9000 X128.997 Y110.88
G0 X128.997 Y108.938
G0 X128.764 Y108.938
G1 F3000 X129.403 Y108.767 E186.60369
G0 F9000 X129.176 Y108.767
G0 X129.176 Y103.035
G0 X129.404 Y103.035
G1 F3000 X128.764 Y102.395 E186.6338
G0 F9000 X128.764 Y102.727
G1 F3000 X129.404 Y102.555 E186.65584
G0 F9000 X129.176 Y102.555
G0 X128.997 Y96.515
G0 X128.764 Y96.515
G1 F3000 X129.404 Y96.344 E186.67787
G0 F9000 X128.764 Y96.147
G1 F3000 X129.404 Y93.758 E186.76013
G0 F9000 X128.764 Y93.909
G1 F3000 X129.404 Y94.549 E186.79024
G0 F9000 X129.176 Y94.549
G0 X128.997 Y90.303
G0 X128.764 Y90.303
G1 F3000 X129.403 Y90.132 E186.81224
G0 F9000 X129.176 Y90.132
G0 X129.176 Y86.064
G0 X129.404 Y86.064
G1 F3000 X128.764 Y85.424 E186.84234
G0 F9000 X128.997 Y85.424
G0 X128.997 Y84.092
G0 X128.764 Y84.092
G1 F3000 X129.404 Y83.92 E186.86438
G0 F9000 X129.176 Y83.92
G0 X128.997 Y77.88
G0 X128.764 Y77.88
G1 F3000 X129.404 Y77.709 E186.88642
G1 X129.404 Y77.579
G1 X128.764 Y76.939 E186.91652
G0 F9000 X128.997 Y76.939
G0 X128.997 Y72.965
G0 X128.764 Y72.965
G1 F3000 X129.404 Y70.575 E186.99881
G0 F9000 X129.404 Y71.497
G1 F3000 X128.765 Y71.668 E187.02081
G0 F9000 X128.997 Y71.668
G0 X129.176 Y69.094
G0 X129.404 Y69.094
G1 F3000 X128.764 Y68.454 E187.05092
G0 F9000 X128.997 Y68.454
G0 X128.997 Y65.457
G0 X128.764 Y65.457
G1 F3000 X129.403 Y65.285 E187.07293
G0 F9000 X129.176 Y65.285
G0 X129.176 Y60.608
G0 X129.404 Y60.608
G1 F3000 X128.764 Y59.968 E187.10303
G0 F9000 X128.764 Y59.245
G1 F3000 X129.404 Y59.074 E187.12506
G1 F2700 E182.12506
G0 F9000 X129.176 Y59.074
G0 X128.517 Y181.62
G0 X127.422 Y181.62
G0 X107.578 Y181.62
G0 X106.483 Y181.62
G0 X106.033 Y181.62
G0 X106.312 Y181.9
;TYPE:WALL-INNER
G1 F2700 E187.12506
G1 F1500 X106.312 Y53.1 E191.40897
G1 X105.512 Y53.1 E191.43558
G1 X105.512 Y181.9 E195.71948
G1 X106.312 Y181.9 E195.74609
G0 F9000 X106.712 Y182.3
;TYPE:WALL-OUTER
G1 F1500 X106.712 Y52.7 E200.0566
G1 X105.112 Y52.7 E200.10982
G1 X105.112 Y182.3 E204.42033
G1 X106.712 Y182.3 E204.47355
G0 F9000 X106.232 Y181.686
;TYPE:FILL
G1 F3000 X105.592 Y181.046 E204.50365
G0 F9000 X105.808 Y181.82
G1 F3000 X106.232 Y180.236 E204.55819
G0 F9000 X106.003 Y180.236
G0 X105.823 Y177.264
G0 X105.593 Y177.264
G1 F3000 X106.232 Y177.093 E204.58019
G0 F9000 X106.003 Y177.093
G0 X106.003 Y173.201
G0 X106.232 Y173.201
G1 F3000 X105.592 Y172.561 E204.6103
G0 F9000 X105.823 Y172.561
G0 X105.823 Y171.052
G0 X105.593 Y171.052
G1 F3000 X106.232 Y170.881 E204.6323
G0 F9000 X106.003 Y170.881
G0 X105.823 Y164.84
G0 X105.593 Y164.84
G1 F3000 X106.231 Y164.669 E204.65427
G1 X106.232 Y164.716
G1 X105.592 Y164.076 E204.68437
G0 F9000 X105.823 Y164.076
G0 X105.823 Y159.441
G0 X105.593 Y159.441
G1 F3000 X106.232 Y157.054 E204.76656
G0 F9000 X106.232 Y156.23
G1 F3000 X105.592 Y155.59 E204.79666
G0 F9000 X105.823 Y155.59
G0 X106.003 Y158.458
G0 X106.232 Y158.458
G1 F3000 X105.593 Y158.629 E204.81866
G0 F9000 X105.823 Y158.629
G0 X105.823 Y152.417
G0 X105.592 Y152.417
G1 F3000 X106.232 Y152.246 E204.8407
G0 F9000 X106.003 Y152.246
G0 X106.003 Y147.745
G0 X106.232 Y147.745
G1 F3000 X105.592 Y147.105 E204.8708
G0 F9000 X105.593 Y146.205
G1 F3000 X106.231 Y146.034 E204.89277
G0 F9000 X106.003 Y146.034
G0 X105.823 Y139.994
G0 X105.593 Y139.994
G1 F3000 X106.232 Y139.823 E204.91477
G0 F9000 X106.232 Y139.26
G1 F3000 X105.592 Y138.62 E204.94487
G0 F9000 X105.823 Y138.62
G0 X105.823 Y136.259
G0 X105.592 Y136.259
G1 F3000 X106.232 Y133.872 E205.02707
G0 F9000 X106.232 Y133.611
G1 F3000 X105.592 Y133.782 E205.0491
G0 F9000 X105.823 Y133.782
G0 X106.003 Y130.774
G0 X106.232 Y130.774
G1 F3000 X105.592 Y130.135 E205.07918
G0 F9000 X105.823 Y130.135
G0 X105.823 Y127.57
G0 X105.593 Y127.57
G1 F3000 X106.231 Y127.399 E205.10115
G0 F9000 X106.003 Y127.399
G0 X106.003 Y122.289
G0 X106.232 Y122.289
G1 F3000 X105.592 Y121.649 E205.13126
G0 F9000 X105.593 Y121.359
G1 F3000 X106.231 Y121.188 E205.15322
G0 F9000 X106.003 Y121.188
G0 X105.823 Y115.147
G0 X105.592 Y115.147
G1 F3000 X106.232 Y114.976 E205.17526
G0 F9000 X106.003 Y114.976
G0 X106.003 Y113.804
G0 X106.232 Y113.804
G1 F3000 X105.592 Y113.164 E205.20536
G1 X105.592 Y113.077
G1 X106.232 Y110.691 E205.28753
G0 F9000 X106.003 Y110.691
G0 X105.823 Y108.936
G0 X105.593 Y108.936
G1 F3000 X106.231 Y108.764 E205.3095
G0 F9000 X106.003 Y108.764
G0 X106.003 Y105.319
G0 X106.232 Y105.319
G1 F3000 X105.592 Y104.679 E205.33961
G0 F9000 X105.823 Y104.679
G0 X105.823 Y102.724
G0 X105.593 Y102.724
G1 F3000 X106.231 Y102.553 E205.36158
G0 F9000 X106.003 Y102.553
G0 X106.003 Y96.833
G0 X106.232 Y96.833
G1 F3000 X105.592 Y96.193 E205.39168
G0 F9000 X105.592 Y96.512
G1 F3000 X106.232 Y96.341 E205.41371
G0 F9000 X106.003 Y96.341
G0 X105.823 Y90.301
G0 X105.592 Y90.301
G1 F3000 X106.231 Y90.129 E205.43572
G0 F9000 X105.592 Y89.895
G1 F3000 X106.232 Y87.509 E205.51789
G0 F9000 X105.592 Y87.708
G1 F3000 X106.232 Y88.348 E205.54799
G0 F9000 X106.003 Y88.348
G0 X105.823 Y84.089
G0 X105.593 Y84.089
G1 F3000 X106.231 Y83.918 E205.56996
G0 F9000 X106.003 Y83.918
G0 X106.003 Y79.863
G0 X106.232 Y79.863
G1 F3000 X105.592 Y79.223 E205.60006
G0 F9000 X105.823 Y79.223
G0 X105.823 Y77.877
G0 X105.592 Y77.877
G1 F3000 X106.232 Y77.706 E205.6221
G0 F9000 X106.003 Y77.706
G0 X105.823 Y71.666
G0 X105.592 Y71.666
G1 F3000 X106.232 Y71.494 E205.64414
G1 X106.232 Y71.377
G1 X105.592 Y70.738 E205.67422
G0 F9000 X105.823 Y70.738
G0 X105.823 Y66.714
G0 X105.592 Y66.714
G1 F3000 X106.232 Y64.327 E205.75641
G0 F9000 X106.231 Y65.283
G1 F3000 X105.593 Y65.454 E205.77838
G0 F9000 X105.823 Y65.454
G0 X106.003 Y62.892
G0 X106.232 Y62.892
G1 F3000 X105.592 Y62.252 E205.80849
G0 F9000 X105.823 Y62.252
G0 X105.823 Y59.242
G0 X105.592 Y59.242
G1 F3000 X106.231 Y59.071 E205.83049
G0 F9000 X106.003 Y59.071
G0 X106.003 Y54.407
G0 X106.232 Y54.407
G1 F3000 X105.592 Y53.767 E205.86059
G1 F2700 E200.86059
;MESH:NONMESH
G0 F300 X105.592 Y53.767 Z9.6
G0 F9000 X105.823 Y53.767
G0 X105.337 Y52.924
G0 X103.797 Y51.7
;TIME_ELAPSED:6771.652408
;LAYER:47
;TYPE:SUPPORT
G1 F2700 E205.86059
G1 F1500 X103.797 Y183.3 E210.23762
G1 X102.381 Y183.3 E210.28472
G1 X102.381 Y51.7 E214.66175
G1 X103.797 Y51.7 E214.70885
G1 F2700 E209.70885
G0 F9000 X104.65 Y51.847
G0 X107.45 Y51.847
G0 X127.55 Y183.153
G0 X130.349 Y184.153
G0 X132 Y184.165
G0 X132 Y183.3
G1 F2700 E214.70885
G1 F1500 X131.202 Y183.3 E214.73539
G1 X131.202 Y51.7 E219.11243
G1 X132 Y51.7 E219.13897
G1 X132 Y183.3 E223.516
G1 X132.618 Y183.3 E223.53656
G1 X132.618 Y51.7 E227.91359
G1 X132 Y51.7 E227.93414
G1 F2700 E222.93414
;MESH:btncover.stl
G0 F9000 X132 Y50.835
G0 X130.349 Y50.847
G0 X129.778 Y51.835
G0 X129.778 Y52.924
G0 X129.083 Y181.62
G0 X128.8 Y181.9
;TYPE:WALL-INNER
G1 F2700 E227.93414
G1 F1500 X129.6 Y181.9 E227.96075
G1 X129.6 Y53.1 E232.24466
G1 X128.8 Y53.1 E232.27127
G1 X128.8 Y181.9 E236.55517
G0 F9000 X128.4 Y182.3
;TYPE:WALL-OUTER
G1 F1500 X130 Y182.3 E236.60839
G1 X130 Y52.7 E240.9189
G1 X128.4 Y52.7 E240.97212
G1 X128.4 Y182.3 E245.28263
G0 F9000 X128.683 Y182.02
G0 X129.292 Y179.317
G0 X129.52 Y179.317
;TYPE:FILL
G1 F3000 X128.88 Y178.677 E245.31273
G0 F9000 X129.113 Y178.677
G0 X129.113 Y177.382
G0 X128.88 Y177.382
G1 F3000 X129.519 Y177.211 E245.33474
G0 F9000 X129.292 Y177.211
G0 X129.113 Y171.171
G0 X128.881 Y171.171
G1 F3000 X129.519 Y171 E245.3567
G1 X129.52 Y170.832
G1 X128.88 Y170.192 E245.38681
G0 F9000 X129.113 Y170.192
G0 X129.113 Y164.959
G0 X128.88 Y164.959
G1 F3000 X129.52 Y164.788 E245.40884
G0 F9000 X128.88 Y164.711
G1 F3000 X129.52 Y162.323 E245.49107
G1 X129.52 Y162.347
G1 X128.88 Y161.707 E245.52117
G0 F9000 X129.113 Y161.707
G0 X129.113 Y158.747
G0 X128.88 Y158.747
G1 F3000 X129.52 Y158.576 E245.54321
G0 F9000 X129.292 Y158.576
G0 X129.292 Y153.861
G0 X129.52 Y153.861
G1 F3000 X128.88 Y153.222 E245.57329
G0 F9000 X128.881 Y152.536
G1 F3000 X129.519 Y152.365 E245.59526
G0 F9000 X129.292 Y152.365
G0 X129.113 Y146.324
G0 X128.881 Y146.324
G1 F3000 X129.519 Y146.153 E245.61722
G0 F9000 X129.52 Y145.376
G1 F3000 X128.88 Y144.736 E245.64733
G0 F9000 X129.113 Y144.736
G0 X129.113 Y141.528
G0 X128.88 Y141.528
G1 F3000 X129.52 Y139.141 E245.72952
G0 F9000 X129.52 Y139.941
G1 F3000 X128.88 Y140.113 E245.75157
G0 F9000 X129.113 Y140.113
G0 X129.292 Y136.891
G0 X129.52 Y136.891
G1 F3000 X128.88 Y136.251 E245.78167
G0 F9000 X129.113 Y136.251
G0 X129.113 Y133.901
G0 X128.881 Y133.901
G1 F3000 X129.519 Y133.73 E245.80364
G0 F9000 X129.292 Y133.73
G0 X129.292 Y128.406
G0 X129.52 Y128.406
G1 F3000 X128.88 Y127.766 E245.83374
G1 X128.881 Y127.689
G1 X129.519 Y127.518 E245.85571
G0 F9000 X129.292 Y127.518
G0 X129.113 Y121.477
G0 X128.881 Y121.477
G1 F3000 X129.52 Y121.306 E245.87771
G0 F9000 X129.292 Y121.306
G0 X129.292 Y119.92
G0 X129.52 Y119.92
G1 F3000 X128.88 Y119.28 E245.90782
G0 F9000 X128.88 Y118.345
G1 F3000 X129.52 Y115.958 E245.99001
G0 F9000 X129.52 Y115.095
G1 F3000 X128.88 Y115.266 E246.01205
G0 F9000 X129.113 Y115.266
G0 X129.292 Y111.435
G0 X129.52 Y111.435
G1 F3000 X128.88 Y110.795 E246.04215
G0 F9000 X129.113 Y110.795
G0 X129.113 Y109.054
G0 X128.881 Y109.054
G1 F3000 X129.519 Y108.883 E246.06412
G0 F9000 X129.292 Y108.883
G0 X129.292 Y102.95
G0 X129.52 Y102.95
G1 F3000 X128.88 Y102.31 E246.09422
G0 F9000 X128.881 Y102.842
G1 F3000 X129.52 Y102.671 E246.11622
G0 F9000 X129.292 Y102.671
G0 X129.113 Y96.631
G0 X128.88 Y96.631
G1 F3000 X129.52 Y96.46 E246.13826
G0 F9000 X129.292 Y96.46
G0 X129.113 Y95.163
G0 X128.88 Y95.163
G1 F3000 X129.52 Y92.777 E246.22042
G0 F9000 X129.292 Y92.777
G0 X129.113 Y93.825
G0 X128.88 Y93.825
G1 F3000 X129.52 Y94.465 E246.25052
G0 F9000 X129.292 Y94.465
G0 X129.113 Y90.419
G0 X128.881 Y90.419
G1 F3000 X129.519 Y90.248 E246.27249
G0 F9000 X129.292 Y90.248
G0 X129.292 Y85.979
G0 X129.52 Y85.979
G1 F3000 X128.88 Y85.339 E246.3026
G0 F9000 X129.113 Y85.339
G0 X129.113 Y84.207
G0 X128.881 Y84.207
G1 F3000 X129.519 Y84.036 E246.32457
G0 F9000 X129.292 Y84.036
G0 X129.113 Y77.996
G0 X128.881 Y77.996
G1 F3000 X129.52 Y77.825 E246.34657
G0 F9000 X129.52 Y77.494
G1 F3000 X128.88 Y76.854 E246.37667
G0 F9000 X129.113 Y76.854
G0 X129.113 Y71.98
G0 X128.881 Y71.98
G1 F3000 X129.52 Y69.594 E246.45883
G0 F9000 X129.52 Y69.009
G1 F3000 X128.88 Y68.369 E246.48893
G0 F9000 X129.113 Y68.369
G0 X129.113 Y65.572
G0 X128.881 Y65.572
G1 F3000 X129.519 Y65.401 E246.5109
G0 F9000 X129.292 Y65.401
G0 X129.292 Y60.523
G0 X129.52 Y60.523
G1 F3000 X128.88 Y59.883 E246.541
G0 F9000 X128.881 Y59.361
G1 F3000 X129.52 Y59.19 E246.563
G0 F9000 X129.292 Y59.19
G0 X129.292 Y71.613
G0 X129.52 Y71.613
G1 F3000 X128.881 Y71.784 E246.585
G1 F2700 E241.585
G0 F9000 X129.113 Y71.784
G0 X128.633 Y181.62
G0 X127.538 Y181.62
G0 X107.462 Y181.62
G0 X106.367 Y181.62
G0 X105.917 Y181.62
G0 X106.196 Y181.9
;TYPE:WALL-INNER
G1 F2700 E246.585
G1 F1500 X106.196 Y53.1 E250.86891
G1 X105.396 Y53.1 E250.89552
G1 X105.396 Y181.9 E255.17942
G1 X106.196 Y181.9 E255.20603
G0 F9000 X106.596 Y182.3
;TYPE:WALL-OUTER
G1 F1500 X106.596 Y52.7 E259.51654
G1 X104.996 Y52.7 E259.56976
G1 X104.996 Y182.3 E263.88027
G1 X106.596 Y182.3 E263.93349
G0 F9000 X106.317 Y182.02
G0 X105.887 Y181.369
G0 X106.116 Y181.369
;TYPE:FILL
G1 F3000 X105.476 Y180.729 E263.96359
G0 F9000 X106.116 Y180.12
G1 F3000 X105.661 Y181.82 E264.02213
G0 F9000 X105.661 Y181.59
G0 X105.707 Y177.442
G0 X105.477 Y177.442
G1 F3000 X106.116 Y177.271 E264.04413
G0 F9000 X105.887 Y177.271
G0 X105.887 Y172.883
G0 X106.116 Y172.883
G1 F3000 X105.476 Y172.244 E264.07421
G0 F9000 X105.707 Y172.244
G0 X105.707 Y171.23
G0 X105.477 Y171.23
G1 F3000 X106.116 Y171.059 E264.09621
G0 F9000 X105.887 Y171.059
G0 X105.707 Y165.018
G0 X105.477 Y165.018
G1 F3000 X106.115 Y164.847 E264.11818
G0 F9000 X106.116 Y164.398
G1 F3000 X105.476 Y163.759 E264.14826
G0 F9000 X105.707 Y163.759
G0 X105.707 Y159.328
G0 X105.476 Y159.328
G1 F3000 X106.116 Y156.938 E264.23055
G0 F9000 X105.887 Y156.938
G0 X105.887 Y155.913
G0 X106.116 Y155.913
G1 F3000 X105.476 Y155.274 E264.26063
G0 F9000 X105.707 Y155.274
G0 X105.707 Y152.595
G0 X105.477 Y152.595
G1 F3000 X106.116 Y152.424 E264.28263
G0 F9000 X105.887 Y152.424
G0 X105.887 Y147.428
G0 X106.116 Y147.428
G1 F3000 X105.476 Y146.788 E264.31273
G0 F9000 X105.477 Y146.383
G1 F3000 X106.115 Y146.212 E264.3347
G0 F9000 X105.887 Y146.212
G0 X105.707 Y140.172
G0 X105.477 Y140.172
G1 F3000 X106.116 Y140.001 E264.3567
G0 F9000 X105.887 Y140.001
G0 X105.887 Y138.942
G0 X106.116 Y138.942
G1 F3000 X105.476 Y138.303 E264.38678
G0 F9000 X105.707 Y138.303
G0 X105.707 Y136.146
G0 X105.476 Y136.146
G1 F3000 X106.116 Y133.757 E264.46905
G1 X106.116 Y133.789
G1 X105.476 Y133.96 E264.49108
G0 F9000 X105.707 Y133.96
G0 X105.887 Y130.457
G0 X106.116 Y130.457
G1 F3000 X105.476 Y129.818 E264.52116
G0 F9000 X105.707 Y129.818
G0 X105.707 Y127.749
G0 X105.477 Y127.749
G1 F3000 X106.115 Y127.577 E264.54314
G0 F9000 X105.887 Y127.577
G0 X105.887 Y121.972
G0 X106.116 Y121.972
G1 F3000 X105.476 Y121.332 E264.57324
G0 F9000 X105.477 Y121.537
G1 F3000 X106.116 Y121.366 E264.59524
G0 F9000 X105.887 Y121.366
G0 X105.707 Y115.325
G0 X105.476 Y115.325
G1 F3000 X106.116 Y115.154 E264.61727
G0 F9000 X105.887 Y115.154
G0 X105.887 Y113.486
G0 X106.116 Y113.486
G1 F3000 X105.476 Y112.847 E264.64735
G1 X105.476 Y112.963
G1 X106.116 Y110.575 E264.72958
G0 F9000 X105.887 Y110.575
G0 X105.707 Y109.114
G0 X105.477 Y109.114
G1 F3000 X106.115 Y108.942 E264.75156
G0 F9000 X105.887 Y108.942
G0 X105.887 Y105.001
G0 X106.116 Y105.001
G1 F3000 X105.476 Y104.362 E264.78164
G0 F9000 X105.707 Y104.362
G0 X105.707 Y102.902
G0 X105.477 Y102.902
G1 F3000 X106.115 Y102.731 E264.80361
G0 F9000 X105.887 Y102.731
G0 X105.707 Y96.69
G0 X105.476 Y96.69
G1 F3000 X106.116 Y96.519 E264.82564
G1 X106.116 Y96.516
G1 X105.476 Y95.877 E264.85572
G0 F9000 X105.707 Y95.877
G0 X105.707 Y90.479
G0 X105.477 Y90.479
G1 F3000 X106.115 Y90.308 E264.87769
G0 F9000 X105.476 Y89.781
G1 F3000 X106.116 Y87.393 E264.95992
G0 F9000 X106.116 Y88.031
G1 F3000 X105.476 Y87.391 E264.99002
G0 F9000 X105.707 Y87.391
G0 X105.707 Y84.267
G0 X105.477 Y84.267
G1 F3000 X106.115 Y84.096 E265.01199
G0 F9000 X105.887 Y84.096
G0 X105.887 Y79.545
G0 X106.116 Y79.545
G1 F3000 X105.476 Y78.906 E265.04207
G0 F9000 X105.476 Y78.055
G1 F3000 X106.116 Y77.884 E265.06411
G0 F9000 X105.887 Y77.884
G0 X105.707 Y71.844
G0 X105.477 Y71.844
G1 F3000 X106.115 Y71.673 E265.08607
G0 F9000 X106.116 Y71.06
G1 F3000 X105.476 Y70.421 E265.11615
G0 F9000 X105.707 Y70.421
G0 X105.707 Y66.598
G0 X105.476 Y66.598
G1 F3000 X106.116 Y64.211 E265.19835
G0 F9000 X105.887 Y64.211
G0 X105.887 Y65.461
G0 X106.115 Y65.461
G1 F3000 X105.477 Y65.632 E265.22032
G0 F9000 X105.707 Y65.632
G0 X105.887 Y62.575
G0 X106.116 Y62.575
G1 F3000 X105.476 Y61.935 E265.25042
G0 F9000 X105.707 Y61.935
G0 X105.707 Y59.42
G0 X105.476 Y59.42
G1 F3000 X106.116 Y59.249 E265.27246
G0 F9000 X105.887 Y59.249
G0 X105.887 Y54.089
G0 X106.116 Y54.089
G1 F3000 X105.476 Y53.45 E265.30254
G0 F9000 X105.476 Y53.209
G1 F3000 X105.585 Y53.18 E265.30629
G1 F2700 E260.30629
G0 F9000 X105.677 Y53.38
G0 X105.887 Y158.636
G0 X106.116 Y158.636
G1 F2700 E265.30629
G1 F3000 X105.477 Y158.807 E265.32829
G1 F2700 E260.32829
;MESH:NONMESH
G0 F300 X105.477 Y158.807 Z9.8
G0 F9000 X105.707 Y158.807
G0 X105.221 Y52.924
G0 X103.682 Y51.7
;TIME_ELAPSED:6866.475675
;LAYER:48
;TYPE:SUPPORT
G1 F2700 E265.32829
G1 F1500 X103.682 Y183.3 E269.70532
G1 X102.381 Y183.3 E269.74859
G1 X102.381 Y51.7 E274.12563
G1 X103.682 Y51.7 E274.1689
G1 F2700 E269.1689
G0 F9000 X104.535 Y51.847
G0 X107.335 Y51.847
G0 X127.665 Y183.153
G0 X130.464 Y184.153
G0 X132 Y184.165
G0 X132 Y183.3
G1 F2700 E274.1689
G1 F1500 X131.317 Y183.3 E274.19162
G1 X131.317 Y51.7 E278.56865
G1 X132 Y51.7 E278.59137
G1 X132 Y183.3 E282.9684
G1 X132.618 Y183.3 E282.98896
G1 X132.618 Y51.7 E287.36599
G1 X132 Y51.7 E287.38654
G1 F2700 E282.38654
;MESH:btncover.stl
G0 F9000 X129.893 Y52.924
G0 X129.198 Y181.62
G0 X128.916 Y181.9
;TYPE:WALL-INNER
G1 F2700 E287.38654
G1 F1500 X129.716 Y181.9 E287.41315
G1 X129.716 Y53.1 E291.69706
G1 X128.916 Y53.1 E291.72367
G1 X128.916 Y181.9 E296.00757
G0 F9000 X128.516 Y182.3
;TYPE:WALL-OUTER
G1 F1500 X130.116 Y182.3 E296.06079
G1 X130.116 Y52.7 E300.3713
G1 X128.516 Y52.7 E300.42452
G1 X128.516 Y182.3 E304.73503
G0 F9000 X128.798 Y182.02
G0 X129.407 Y179.234
G0 X129.636 Y179.234
;TYPE:FILL
G1 F3000 X128.996 Y178.594 E304.76513
G0 F9000 X129.228 Y178.594
G0 X129.228 Y177.497
G0 X128.996 Y177.497
G1 F3000 X129.636 Y177.326 E304.78717
G0 F9000 X129.407 Y177.326
G0 X129.228 Y171.286
G0 X128.996 Y171.286
G1 F3000 X129.635 Y171.115 E304.80917
G0 F9000 X129.636 Y170.749
G1 F3000 X128.996 Y170.109 E304.83927
G0 F9000 X129.228 Y170.109
G0 X129.228 Y165.074
G0 X128.997 Y165.074
G1 F3000 X129.635 Y164.903 E304.86124
G0 F9000 X129.407 Y164.903
G0 X129.228 Y163.733
G0 X128.996 Y163.733
G1 F3000 X129.636 Y161.346 E304.94344
G0 F9000 X128.996 Y161.623
G1 F3000 X129.636 Y162.263 E304.97354
G0 F9000 X129.407 Y162.263
G0 X129.228 Y158.862
G0 X128.996 Y158.862
G1 F3000 X129.636 Y158.691 E304.99557
G0 F9000 X129.407 Y158.691
G0 X129.407 Y153.778
G0 X129.636 Y153.778
G1 F3000 X128.996 Y153.138 E305.02568
G0 F9000 X128.996 Y152.651
G1 F3000 X129.636 Y152.479 E305.04772
G0 F9000 X129.407 Y152.479
G0 X129.228 Y146.439
G0 X128.997 Y146.439
G1 F3000 X129.635 Y146.268 E305.06969
G0 F9000 X129.636 Y145.293
G1 F3000 X128.996 Y144.653 E305.09979
G0 F9000 X129.228 Y144.653
G0 X129.228 Y140.551
G0 X128.996 Y140.551
G1 F3000 X129.636 Y138.164 E305.18199
G0 F9000 X129.407 Y138.164
G0 X129.407 Y136.807
G0 X129.636 Y136.807
G1 F3000 X128.996 Y136.168 E305.21207
G0 F9000 X129.228 Y136.168
G0 X129.228 Y134.016
G0 X128.996 Y134.016
G1 F3000 X129.636 Y133.844 E305.23411
G0 F9000 X129.407 Y133.844
G0 X129.407 Y128.322
G0 X129.636 Y128.322
G1 F3000 X128.996 Y127.682 E305.26421
G1 X128.997 Y127.804
G1 X129.635 Y127.633 E305.28618
G0 F9000 X129.407 Y127.633
G0 X129.228 Y121.592
G0 X128.997 Y121.592
G1 F3000 X129.635 Y121.421 E305.30815
G0 F9000 X129.407 Y121.421
G0 X129.407 Y119.837
G0 X129.636 Y119.837
G1 F3000 X128.996 Y119.197 E305.33825
G0 F9000 X129.228 Y119.197
G0 X129.228 Y117.368
G0 X128.996 Y117.368
G1 F3000 X129.636 Y114.981 E305.42045
G0 F9000 X129.636 Y115.209
G1 F3000 X128.997 Y115.381 E305.44246
G0 F9000 X129.228 Y115.381
G0 X129.407 Y111.352
G0 X129.636 Y111.352
G1 F3000 X128.996 Y110.712 E305.47256
G0 F9000 X129.228 Y110.712
G0 X129.228 Y109.169
G0 X128.996 Y109.169
G1 F3000 X129.636 Y108.998 E305.4946
G0 F9000 X129.407 Y108.998
G0 X129.228 Y102.957
G0 X128.997 Y102.957
G1 F3000 X129.635 Y102.786 E305.51657
G1 X129.636 Y102.866
G1 X128.996 Y102.226 E305.54667
G0 F9000 X129.228 Y102.226
G0 X129.228 Y96.746
G0 X128.997 Y96.746
G1 F3000 X129.636 Y96.575 E305.56867
G0 F9000 X129.407 Y96.575
G0 X129.407 Y94.381
G0 X129.636 Y94.381
G1 F3000 X128.996 Y93.741 E305.59877
G0 F9000 X128.997 Y94.185
G1 F3000 X129.636 Y91.799 E305.68093
G0 F9000 X129.407 Y91.799
G0 X129.228 Y90.534
G0 X128.996 Y90.534
G1 F3000 X129.636 Y90.363 E305.70296
G0 F9000 X129.407 Y90.363
G0 X129.407 Y85.896
G0 X129.636 Y85.896
G1 F3000 X128.996 Y85.256 E305.73307
G0 F9000 X128.997 Y84.322
G1 F3000 X129.635 Y84.151 E305.75504
G0 F9000 X129.407 Y84.151
G0 X129.228 Y78.111
G0 X128.997 Y78.111
G1 F3000 X129.635 Y77.94 E305.777
G0 F9000 X129.636 Y77.411
G1 F3000 X128.996 Y76.771 E305.80711
G0 F9000 X129.228 Y76.771
G0 X129.228 Y71.899
G0 X128.997 Y71.899
G1 F3000 X129.636 Y71.728 E305.82911
G0 F9000 X128.996 Y71.003
G1 F3000 X129.636 Y68.616 E305.91131
G0 F9000 X129.636 Y68.925
G1 F3000 X128.996 Y68.285 E305.94141
G0 F9000 X129.228 Y68.285
G0 X129.228 Y65.687
G0 X128.997 Y65.687
G1 F3000 X129.636 Y65.516 E305.96341
G0 F9000 X129.407 Y65.516
G0 X129.407 Y60.44
G0 X129.636 Y60.44
G1 F3000 X128.996 Y59.8 E305.99351
G0 F9000 X128.997 Y59.476
G1 F3000 X129.635 Y59.305 E306.01548
G0 F9000 X129.407 Y59.305
G0 X129.198 Y53.38
G0 X128.997 Y53.264
G1 F3000 X129.311 Y53.18 E306.02629
G1 F2700 E301.02629
G0 F9000 X129.311 Y53.41
G0 X129.407 Y140.056
G0 X129.635 Y140.056
G1 F2700 E306.02629
G1 F3000 X128.997 Y140.227 E306.04826
G1 F2700 E301.04826
G0 F9000 X129.228 Y140.227
G0 X128.748 Y181.62
G0 X127.653 Y181.62
G0 X107.347 Y181.62
G0 X106.252 Y181.62
G0 X105.802 Y181.62
G0 X106.08 Y181.9
;TYPE:WALL-INNER
G1 F2700 E306.04826
G1 F1500 X106.08 Y53.1 E310.33217
G1 X105.28 Y53.1 E310.35878
G1 X105.28 Y181.9 E314.64268
G1 X106.08 Y181.9 E314.66929
G0 F9000 X106.48 Y182.3
;TYPE:WALL-OUTER
G1 F1500 X106.48 Y52.7 E318.9798
G1 X104.88 Y52.7 E319.03302
G1 X104.88 Y182.3 E323.34353
G1 X106.48 Y182.3 E323.39675
G0 F9000 X106.202 Y182.02
G0 X105.515 Y181.59
G0 X105.515 Y181.821
;TYPE:FILL
G1 F3000 X106 Y180.009 E323.45914
G0 F9000 X105.36 Y180.414
G1 F3000 X106 Y181.053 E323.48922
G0 F9000 X105.772 Y181.053
G0 X105.592 Y177.619
G0 X105.36 Y177.619
G1 F3000 X106 Y177.448 E323.51125
G0 F9000 X105.772 Y177.448
G0 X105.772 Y172.568
G0 X106 Y172.568
G1 F3000 X105.36 Y171.929 E323.54133
G0 F9000 X105.361 Y171.407
G1 F3000 X106 Y171.236 E323.56333
G0 F9000 X105.772 Y171.236
G0 X105.592 Y165.196
G0 X105.36 Y165.196
G1 F3000 X105.999 Y165.024 E323.58534
G0 F9000 X106 Y164.083
G1 F3000 X105.36 Y163.443 E323.61545
G0 F9000 X105.592 Y163.443
G0 X105.592 Y159.216
G0 X105.36 Y159.216
G1 F3000 X106 Y156.827 E323.69771
G0 F9000 X105.772 Y156.827
G0 X105.772 Y155.597
G0 X106 Y155.597
G1 F3000 X105.36 Y154.958 E323.72779
G0 F9000 X105.592 Y154.958
G0 X105.592 Y152.772
G0 X105.36 Y152.772
G1 F3000 X106 Y152.601 E323.74982
G0 F9000 X105.772 Y152.601
G0 X105.772 Y147.112
G0 X106 Y147.112
G1 F3000 X105.36 Y146.473 E323.7799
G1 X105.36 Y146.561
G1 X105.999 Y146.389 E323.80191
G0 F9000 X105.772 Y146.389
G0 X105.592 Y140.349
G0 X105.36 Y140.349
G1 F3000 X106 Y140.178 E323.82394
G0 F9000 X105.772 Y140.178
G0 X105.772 Y138.627
G0 X106 Y138.627
G1 F3000 X105.36 Y137.988 E323.85402
G0 F9000 X105.592 Y137.988
G0 X105.592 Y136.033
G0 X105.36 Y136.033
G1 F3000 X106 Y133.645 E323.93625
G0 F9000 X106 Y133.966
G1 F3000 X105.36 Y134.137 E323.95828
G0 F9000 X105.592 Y134.137
G0 X105.772 Y130.142
G0 X106 Y130.142
G1 F3000 X105.36 Y129.502 E323.98839
G0 F9000 X105.592 Y129.502
G0 X105.592 Y127.926
G0 X105.361 Y127.926
G1 F3000 X105.999 Y127.755 E324.01036
G0 F9000 X105.772 Y127.755
G0 X105.592 Y121.714
G0 X105.36 Y121.714
G1 F3000 X105.999 Y121.543 E324.03236
G1 X106 Y121.656
G1 X105.36 Y121.017 E324.06244
G0 F9000 X105.592 Y121.017
G0 X105.592 Y115.502
G0 X105.36 Y115.502
G1 F3000 X106 Y115.331 E324.08447
G0 F9000 X105.772 Y115.331
G0 X105.772 Y113.171
G0 X106 Y113.171
G1 F3000 X105.36 Y112.532 E324.11455
G0 F9000 X105.36 Y112.851
G1 F3000 X106 Y110.463 E324.19678
G0 F9000 X105.772 Y110.463
G0 X105.592 Y109.291
G0 X105.361 Y109.291
G1 F3000 X106 Y109.119 E324.21879
G0 F9000 X105.772 Y109.119
G0 X105.772 Y104.686
G0 X106 Y104.686
G1 F3000 X105.36 Y104.047 E324.24887
G0 F9000 X105.36 Y103.079
G1 F3000 X105.999 Y102.908 E324.27087
G0 F9000 X105.772 Y102.908
G0 X105.592 Y96.867
G0 X105.36 Y96.867
G1 F3000 X106 Y96.696 E324.2929
G0 F9000 X106 Y96.2
G1 F3000 X105.36 Y95.561 E324.32298
G0 F9000 X105.592 Y95.561
G0 X105.592 Y90.656
G0 X105.36 Y90.656
G1 F3000 X106 Y90.484 E324.34503
G0 F9000 X105.772 Y90.484
G0 X105.592 Y89.669
G0 X105.36 Y89.669
G1 F3000 X106 Y87.281 E324.42725
G0 F9000 X106 Y87.715
G1 F3000 X105.36 Y87.076 E324.45733
G0 F9000 X105.592 Y87.076
G0 X105.592 Y84.444
G0 X105.361 Y84.444
G1 F3000 X105.999 Y84.273 E324.4793
G0 F9000 X105.772 Y84.273
G0 X105.772 Y79.23
G0 X106 Y79.23
G1 F3000 X105.36 Y78.591 E324.50938
G0 F9000 X105.36 Y78.233
G1 F3000 X106 Y78.061 E324.53142
G0 F9000 X105.772 Y78.061
G0 X105.592 Y72.021
G0 X105.36 Y72.021
G1 F3000 X106 Y71.849 E324.55347
G0 F9000 X105.772 Y71.849
G0 X105.772 Y70.745
G0 X106 Y70.745
G1 F3000 X105.36 Y70.105 E324.58357
G0 F9000 X105.592 Y70.105
G0 X105.592 Y66.487
G0 X105.36 Y66.487
G1 F3000 X106 Y64.099 E324.6658
G0 F9000 X105.772 Y64.099
G0 X105.772 Y65.638
G0 X105.999 Y65.638
G1 F3000 X105.361 Y65.809 E324.68777
G0 F9000 X105.592 Y65.809
G0 X105.772 Y62.259
G0 X106 Y62.259
G1 F3000 X105.36 Y61.62 E324.71785
G0 F9000 X105.592 Y61.62
G0 X105.592 Y59.598
G0 X105.36 Y59.598
G1 F3000 X105.999 Y59.426 E324.73986
G0 F9000 X105.772 Y59.426
G0 X105.772 Y53.774
G0 X106 Y53.774
G1 F3000 X105.406 Y53.18 E324.7678
G0 F9000 X105.36 Y53.386
G1 F3000 X106 Y53.214 E324.78984
G1 F2700 E319.78984
G0 F9000 X105.802 Y53.38
G0 X105.772 Y158.813
G0 X106 Y158.813
G1 F2700 E324.78984
G1 F3000 X105.36 Y158.984 E324.81187
G1 F2700 E319.81187
;MESH:NONMESH
G0 F300 X105.36 Y158.984 Z10
G0 F9000 X105.592 Y158.984
G0 X105.106 Y52.924
G0 X103.566 Y51.7
;TIME_ELAPSED:6961.996814
;LAYER:49
;TYPE:SUPPORT
G1 F2700 E324.81187
G1 F1500 X103.566 Y183.3 E329.18891
G1 X102.381 Y183.3 E329.22832
G1 X102.381 Y51.7 E333.60535
G1 X103.566 Y51.7 E333.64477
G1 F2700 E328.64477
G0 F9000 X104.419 Y51.847
G0 X107.219 Y51.847
G0 X127.781 Y183.153
G0 X130.58 Y184.153
G0 X132 Y184.165
G0 X132 Y183.3
G1 F2700 E333.64477
G1 F1500 X131.433 Y183.3 E333.66362
G1 X131.433 Y51.7 E338.04066
G1 X132 Y51.7 E338.05952
G1 X132 Y183.3 E342.43655
G1 X132.618 Y183.3 E342.45711
G1 X132.618 Y51.7 E346.83414
G1 X132 Y51.7 E346.85469
G1 F2700 E341.85469
;MESH:btncover.stl
G0 F9000 X130.009 Y52.924
G0 X129.314 Y181.62
G0 X129.032 Y181.9
;TYPE:WALL-INNER
G1 F2700 E346.85469
G1 F1500 X129.832 Y181.9 E346.8813
G1 X129.832 Y53.1 E351.16521
G1 X129.032 Y53.1 E351.19182
G1 X129.032 Y181.9 E355.47572
G0 F9000 X128.632 Y182.3
;TYPE:WALL-OUTER
G1 F1500 X130.232 Y182.3 E355.52894
G1 X130.232 Y52.7 E359.83945
G1 X128.632 Y52.7 E359.89267
G1 X128.632 Y182.3 E364.20318
G0 F9000 X128.914 Y182.02
G0 X129.523 Y179.149
G0 X129.752 Y179.149
;TYPE:FILL
G1 F3000 X129.112 Y178.509 E364.23328
G0 F9000 X129.112 Y177.613
G1 F3000 X129.752 Y177.442 E364.25532
G0 F9000 X129.523 Y177.442
G0 X129.344 Y171.402
G0 X129.112 Y171.402
G1 F3000 X129.751 Y171.231 E364.27732
G0 F9000 X129.752 Y170.664
G1 F3000 X129.112 Y170.024 E364.30742
G0 F9000 X129.344 Y170.024
G0 X129.344 Y165.19
G0 X129.113 Y165.19
G1 F3000 X129.751 Y165.019 E364.32939
G0 F9000 X129.523 Y165.019
G0 X129.344 Y162.752
G0 X129.112 Y162.752
G1 F3000 X129.752 Y160.365 E364.41159
G0 F9000 X129.523 Y160.365
G0 X129.344 Y161.539
G0 X129.112 Y161.539
G1 F3000 X129.752 Y162.178 E364.44167
G0 F9000 X129.523 Y162.178
G0 X129.344 Y158.978
G0 X129.112 Y158.978
G1 F3000 X129.751 Y158.807 E364.46367
G0 F9000 X129.523 Y158.807
G0 X129.523 Y153.693
G0 X129.752 Y153.693
G1 F3000 X129.112 Y153.053 E364.49377
G0 F9000 X129.112 Y152.767
G1 F3000 X129.752 Y152.595 E364.51581
G0 F9000 X129.523 Y152.595
G0 X129.344 Y146.555
G0 X129.113 Y146.555
G1 F3000 X129.751 Y146.384 E364.53778
G0 F9000 X129.523 Y146.384
G0 X129.523 Y145.208
G0 X129.752 Y145.208
G1 F3000 X129.112 Y144.568 E364.56789
G0 F9000 X129.344 Y144.568
G0 X129.344 Y140.343
G0 X129.113 Y140.343
G1 F3000 X129.751 Y140.172 E364.58985
G0 F9000 X129.112 Y139.569
G1 F3000 X129.752 Y137.183 E364.67202
G0 F9000 X129.752 Y136.723
G1 F3000 X129.112 Y136.083 E364.70212
G0 F9000 X129.344 Y136.083
G0 X129.344 Y134.132
G0 X129.112 Y134.132
G1 F3000 X129.752 Y133.96 E364.72416
G0 F9000 X129.523 Y133.96
G0 X129.523 Y128.237
G0 X129.752 Y128.237
G1 F3000 X129.112 Y127.597 E364.75427
G0 F9000 X129.113 Y127.92
G1 F3000 X129.751 Y127.749 E364.77624
G0 F9000 X129.523 Y127.749
G0 X129.344 Y121.708
G0 X129.113 Y121.708
G1 F3000 X129.751 Y121.537 E364.79821
G0 F9000 X129.523 Y121.537
G0 X129.523 Y119.752
G0 X129.752 Y119.752
G1 F3000 X129.112 Y119.112 E364.82831
G0 F9000 X129.344 Y119.112
G0 X129.344 Y116.387
G0 X129.112 Y116.387
G1 F3000 X129.752 Y114 E364.91051
G0 F9000 X129.523 Y114
G0 X129.523 Y115.325
G0 X129.752 Y115.325
G1 F3000 X129.112 Y115.497 E364.93255
G0 F9000 X129.344 Y115.497
G0 X129.523 Y111.267
G0 X129.752 Y111.267
G1 F3000 X129.112 Y110.627 E364.96265
G0 F9000 X129.344 Y110.627
G0 X129.344 Y109.285
G0 X129.112 Y109.285
G1 F3000 X129.752 Y109.114 E364.98468
G0 F9000 X129.523 Y109.114
G0 X129.344 Y103.073
G0 X129.113 Y103.073
G1 F3000 X129.751 Y102.902 E365.00665
G1 X129.752 Y102.782
G1 X129.112 Y102.142 E365.03676
G0 F9000 X129.344 Y102.142
G0 X129.344 Y96.862
G0 X129.113 Y96.862
G1 F3000 X129.752 Y96.69 E365.05877
G0 F9000 X129.523 Y96.69
G0 X129.523 Y94.296
G0 X129.752 Y94.296
G1 F3000 X129.112 Y93.656 E365.08887
G0 F9000 X129.113 Y93.204
G1 F3000 X129.752 Y90.818 E365.17103
G0 F9000 X129.752 Y90.479
G1 F3000 X129.112 Y90.65 E365.19306
G0 F9000 X129.344 Y90.65
G0 X129.523 Y85.811
G0 X129.752 Y85.811
G1 F3000 X129.112 Y85.171 E365.22316
G0 F9000 X129.113 Y84.438
G1 F3000 X129.751 Y84.267 E365.24513
G0 F9000 X129.523 Y84.267
G0 X129.344 Y78.227
G0 X129.113 Y78.227
G1 F3000 X129.751 Y78.056 E365.2671
G0 F9000 X129.752 Y77.326
G1 F3000 X129.112 Y76.686 E365.2972
G0 F9000 X129.344 Y76.686
G0 X129.344 Y72.015
G0 X129.113 Y72.015
G1 F3000 X129.752 Y71.844 E365.3192
G0 F9000 X129.523 Y71.844
G0 X129.344 Y70.022
G0 X129.112 Y70.022
G1 F3000 X129.752 Y67.635 E365.4014
G0 F9000 X129.112 Y68.2
G1 F3000 X129.752 Y68.84 E365.4315
G0 F9000 X129.523 Y68.84
G0 X129.344 Y65.803
G0 X129.113 Y65.803
G1 F3000 X129.752 Y65.632 E365.45351
G0 F9000 X129.523 Y65.632
G0 X129.523 Y60.355
G0 X129.752 Y60.355
G1 F3000 X129.112 Y59.715 E365.48361
G1 X129.113 Y59.592
G1 X129.751 Y59.421 E365.50558
G0 F9000 X129.523 Y59.421
G0 X129.344 Y53.38
G0 X129.113 Y53.38
G1 F3000 X129.752 Y53.209 E365.52758
G1 F2700 E360.52758
G0 F9000 X129.553 Y53.38
G0 X128.864 Y181.62
G0 X127.769 Y181.62
G0 X107.231 Y181.62
G0 X106.136 Y181.62
G0 X105.686 Y181.62
G0 X105.964 Y181.9
;TYPE:WALL-INNER
G1 F2700 E365.52758
G1 F1500 X105.964 Y53.1 E369.81148
G1 X105.164 Y53.1 E369.83809
G1 X105.164 Y181.9 E374.122
G1 X105.964 Y181.9 E374.14861
G0 F9000 X106.364 Y182.3
;TYPE:WALL-OUTER
G1 F1500 X106.364 Y52.7 E378.45912
G1 X104.764 Y52.7 E378.51234
G1 X104.764 Y182.3 E382.82285
G1 X106.364 Y182.3 E382.87607
G0 F9000 X106.086 Y182.02
G0 X105.446 Y181.62
G0 X105.368 Y181.821
;TYPE:FILL
G1 F3000 X105.884 Y179.893 E382.94245
G0 F9000 X105.244 Y180.097
G1 F3000 X105.884 Y180.736 E382.97253
G0 F9000 X105.656 Y180.736
G0 X105.476 Y177.797
G0 X105.244 Y177.797
G1 F3000 X105.884 Y177.626 E382.99456
G0 F9000 X105.656 Y177.626
G0 X105.656 Y172.251
G0 X105.884 Y172.251
G1 F3000 X105.244 Y171.612 E383.02464
G1 X105.244 Y171.586
G1 X105.884 Y171.414 E383.04668
G0 F9000 X105.656 Y171.414
G0 X105.476 Y165.374
G0 X105.244 Y165.374
G1 F3000 X105.883 Y165.202 E383.06869
G0 F9000 X105.656 Y165.202
G0 X105.656 Y163.766
G0 X105.884 Y163.766
G1 F3000 X105.244 Y163.127 E383.09877
G0 F9000 X105.476 Y163.127
G0 X105.476 Y159.162
G0 X105.244 Y159.162
G1 F3000 X105.884 Y158.991 E383.12081
G0 F9000 X105.244 Y159.1
G1 F3000 X105.884 Y156.711 E383.20307
G0 F9000 X105.656 Y156.711
G0 X105.656 Y155.281
G0 X105.884 Y155.281
G1 F3000 X105.244 Y154.641 E383.23317
G0 F9000 X105.476 Y154.641
G0 X105.476 Y152.95
G0 X105.245 Y152.95
G1 F3000 X105.884 Y152.779 E383.25517
G0 F9000 X105.656 Y152.779
G0 X105.656 Y146.795
G0 X105.884 Y146.795
G1 F3000 X105.244 Y146.156 E383.28525
G0 F9000 X105.244 Y146.739
G1 F3000 X105.883 Y146.568 E383.30725
G0 F9000 X105.656 Y146.568
G0 X105.476 Y140.527
G0 X105.244 Y140.527
G1 F3000 X105.884 Y140.356 E383.32929
G0 F9000 X105.656 Y140.356
G0 X105.656 Y138.31
G0 X105.884 Y138.31
G1 F3000 X105.244 Y137.671 E383.35937
G0 F9000 X105.476 Y137.671
G0 X105.476 Y135.917
G0 X105.244 Y135.917
G1 F3000 X105.884 Y133.529 E383.44159
G0 F9000 X105.884 Y134.144
G1 F3000 X105.245 Y134.315 E383.4636
G0 F9000 X105.476 Y134.315
G0 X105.656 Y129.825
G0 X105.884 Y129.825
G1 F3000 X105.244 Y129.186 E383.49368
G0 F9000 X105.476 Y129.186
G0 X105.476 Y128.104
G0 X105.244 Y128.104
G1 F3000 X105.883 Y127.933 E383.51568
G0 F9000 X105.656 Y127.933
G0 X105.476 Y121.892
G0 X105.244 Y121.892
G1 F3000 X105.884 Y121.721 E383.53771
G0 F9000 X105.884 Y121.34
G1 F3000 X105.244 Y120.7 E383.56781
G0 F9000 X105.476 Y120.7
G0 X105.476 Y115.68
G0 X105.244 Y115.68
G1 F3000 X105.884 Y115.509 E383.58985
G0 F9000 X105.656 Y115.509
G0 X105.656 Y112.854
G0 X105.884 Y112.854
G1 F3000 X105.244 Y112.215 E383.61993
G0 F9000 X105.244 Y112.736
G1 F3000 X105.884 Y110.347 E383.70219
G0 F9000 X105.656 Y110.347
G0 X105.656 Y109.298
G0 X105.883 Y109.298
G1 F3000 X105.245 Y109.469 E383.72416
G0 F9000 X105.476 Y109.469
G0 X105.656 Y104.369
G0 X105.884 Y104.369
G1 F3000 X105.244 Y103.73 E383.75424
G0 F9000 X105.244 Y103.257
G1 F3000 X105.883 Y103.086 E383.77624
G0 F9000 X105.656 Y103.086
G0 X105.476 Y97.046
G0 X105.244 Y97.046
G1 F3000 X105.884 Y96.874 E383.79828
G0 F9000 X105.884 Y95.884
G1 F3000 X105.244 Y95.244 E383.82838
G0 F9000 X105.476 Y95.244
G0 X105.476 Y90.834
G0 X105.245 Y90.834
G1 F3000 X105.883 Y90.663 E383.85035
G0 F9000 X105.656 Y90.663
G0 X105.476 Y89.553
G0 X105.244 Y89.553
G1 F3000 X105.884 Y87.165 E383.93258
G0 F9000 X105.884 Y87.398
G1 F3000 X105.244 Y86.759 E383.96266
G0 F9000 X105.476 Y86.759
G0 X105.476 Y84.622
G0 X105.245 Y84.622
G1 F3000 X105.883 Y84.451 E383.98463
G0 F9000 X105.656 Y84.451
G0 X105.656 Y78.913
G0 X105.884 Y78.913
G1 F3000 X105.244 Y78.274 E384.01471
G1 X105.244 Y78.411
G1 X105.884 Y78.239 E384.03675
G0 F9000 X105.656 Y78.239
G0 X105.476 Y72.199
G0 X105.245 Y72.199
G1 F3000 X105.884 Y72.027 E384.05876
G0 F9000 X105.656 Y72.027
G0 X105.656 Y70.428
G0 X105.884 Y70.428
G1 F3000 X105.244 Y69.789 E384.08884
G0 F9000 X105.476 Y69.789
G0 X105.476 Y66.371
G0 X105.244 Y66.371
G1 F3000 X105.884 Y63.983 E384.17107
G0 F9000 X105.656 Y63.983
G0 X105.656 Y65.816
G0 X105.883 Y65.816
G1 F3000 X105.245 Y65.987 E384.19304
G0 F9000 X105.476 Y65.987
G0 X105.656 Y61.943
G0 X105.884 Y61.943
G1 F3000 X105.244 Y61.303 E384.22314
G0 F9000 X105.476 Y61.303
G0 X105.476 Y59.776
G0 X105.244 Y59.776
G1 F3000 X105.884 Y59.604 E384.24518
G0 F9000 X105.656 Y59.604
G0 X105.476 Y53.564
G0 X105.244 Y53.564
G1 F3000 X105.884 Y53.393 E384.26722
G1 X105.884 Y53.457
G1 X105.606 Y53.18 E384.28027
G1 F2700 E379.28027
;MESH:NONMESH
G0 F300 X105.606 Y53.18 Z10.2
G0 F9000 X105.606 Y53.41
G0 X104.99 Y52.924
G0 X103.451 Y51.7
;TIME_ELAPSED:7054.866731
;LAYER:50
;TYPE:SUPPORT
G1 F2700 E384.28027
G1 F1500 X103.451 Y183.3 E388.6573
G1 X102.381 Y183.3 E388.69289
G1 X102.381 Y51.7 E393.06992
G1 X103.451 Y51.7 E393.10551
G1 F2700 E388.10551
G0 F9000 X104.316 Y51.7
G0 X132 Y50.835
G0 X132 Y51.7
G1 F2700 E393.10551
G1 F1500 X132.618 Y51.7 E393.12607
G1 X132.618 Y183.3 E397.5031
G1 X132 Y183.3 E397.52366
G1 X132 Y51.7 E401.90069
G1 F2700 E396.90069
;MESH:btncover.stl
G0 F9000 X130.124 Y52.924
G0 X129.429 Y181.62
G0 X129.148 Y181.9
;TYPE:WALL-INNER
G1 F2700 E401.90069
G1 F1500 X129.948 Y181.9 E401.9273
G1 X129.948 Y53.1 E406.2112
G1 X129.148 Y53.1 E406.23781
G1 X129.148 Y181.9 E410.52172
G0 F9000 X128.748 Y182.3
;TYPE:WALL-OUTER
G1 F1500 X130.348 Y182.3 E410.57493
G1 X130.348 Y52.7 E414.88545
G1 X128.748 Y52.7 E414.93866
G1 X128.748 Y182.3 E419.24918
G0 F9000 X129.029 Y182.02
G0 X129.638 Y179.066
G0 X129.868 Y179.066
;TYPE:FILL
G1 F3000 X129.228 Y178.426 E419.27928
G0 F9000 X129.228 Y177.728
G1 F3000 X129.867 Y177.557 E419.30128
G0 F9000 X129.638 Y177.557
G0 X129.459 Y171.517
G0 X129.228 Y171.517
G1 F3000 X129.868 Y171.345 E419.32332
G0 F9000 X129.868 Y170.58
G1 F3000 X129.228 Y169.94 E419.35343
G0 F9000 X129.459 Y169.94
G0 X129.459 Y165.305
G0 X129.228 Y165.305
G1 F3000 X129.867 Y165.134 E419.37543
G0 F9000 X129.638 Y165.134
G0 X129.638 Y162.095
G0 X129.868 Y162.095
G1 F3000 X129.228 Y161.455 E419.40553
G0 F9000 X129.228 Y161.774
G1 F3000 X129.868 Y159.387 E419.48773
G0 F9000 X129.867 Y158.922
G1 F3000 X129.229 Y159.093 E419.5097
G0 F9000 X129.459 Y159.093
G0 X129.638 Y153.61
G0 X129.868 Y153.61
G1 F3000 X129.228 Y152.97 E419.5398
G1 X129.228 Y152.882
G1 X129.867 Y152.71 E419.56181
G0 F9000 X129.638 Y152.71
G0 X129.459 Y146.67
G0 X129.228 Y146.67
G1 F3000 X129.868 Y146.499 E419.58384
G0 F9000 X129.638 Y146.499
G0 X129.638 Y145.124
G0 X129.868 Y145.124
G1 F3000 X129.228 Y144.485 E419.61392
G0 F9000 X129.459 Y144.485
G0 X129.459 Y140.458
G0 X129.229 Y140.458
G1 F3000 X129.867 Y140.287 E419.63589
G0 F9000 X129.638 Y140.287
G0 X129.459 Y138.592
G0 X129.228 Y138.592
G1 F3000 X129.868 Y136.205 E419.71809
G0 F9000 X129.868 Y136.639
G1 F3000 X129.228 Y135.999 E419.74819
G0 F9000 X129.459 Y135.999
G0 X129.459 Y134.246
G0 X129.229 Y134.246
G1 F3000 X129.867 Y134.075 E419.77016
G0 F9000 X129.638 Y134.075
G0 X129.638 Y128.154
G0 X129.868 Y128.154
G1 F3000 X129.228 Y127.514 E419.80026
G0 F9000 X129.228 Y128.035
G1 F3000 X129.868 Y127.864 E419.8223
G0 F9000 X129.638 Y127.864
G0 X129.459 Y121.823
G0 X129.229 Y121.823
G1 F3000 X129.867 Y121.652 E419.84427
G0 F9000 X129.638 Y121.652
G0 X129.638 Y119.669
G0 X129.868 Y119.669
G1 F3000 X129.228 Y119.029 E419.87437
G0 F9000 X129.459 Y119.029
G0 X129.459 Y115.611
G0 X129.229 Y115.611
G1 F3000 X129.867 Y115.44 E419.89634
G0 F9000 X129.228 Y115.409
G1 F3000 X129.868 Y113.022 E419.97854
G0 F9000 X129.638 Y113.022
G0 X129.638 Y111.183
G0 X129.868 Y111.183
G1 F3000 X129.228 Y110.543 E420.00864
G0 F9000 X129.459 Y110.543
G0 X129.459 Y109.4
G0 X129.228 Y109.4
G1 F3000 X129.868 Y109.229 E420.03067
G0 F9000 X129.638 Y109.229
G0 X129.459 Y103.188
G0 X129.228 Y103.188
G1 F3000 X129.868 Y103.017 E420.05271
G0 F9000 X129.868 Y102.698
G1 F3000 X129.228 Y102.058 E420.08281
G0 F9000 X129.459 Y102.058
G0 X129.459 Y96.977
G0 X129.229 Y96.977
G1 F3000 X129.867 Y96.805 E420.10479
G0 F9000 X129.638 Y96.805
G0 X129.638 Y94.213
G0 X129.868 Y94.213
G1 F3000 X129.228 Y93.573 E420.13489
G0 F9000 X129.459 Y93.573
G0 X129.459 Y92.226
G0 X129.228 Y92.226
G1 F3000 X129.868 Y89.84 E420.21705
G0 F9000 X129.868 Y90.594
G1 F3000 X129.229 Y90.765 E420.23906
G0 F9000 X129.459 Y90.765
G0 X129.638 Y85.728
G0 X129.868 Y85.728
G1 F3000 X129.228 Y85.088 E420.26916
G0 F9000 X129.228 Y84.553
G1 F3000 X129.868 Y84.382 E420.29119
G0 F9000 X129.638 Y84.382
G0 X129.459 Y78.342
G0 X129.229 Y78.342
G1 F3000 X129.867 Y78.171 E420.31316
G0 F9000 X129.868 Y77.242
G1 F3000 X129.228 Y76.602 E420.34326
G0 F9000 X129.459 Y76.602
G0 X129.459 Y72.13
G0 X129.229 Y72.13
G1 F3000 X129.867 Y71.959 E420.36523
G0 F9000 X129.638 Y71.959
G0 X129.459 Y69.044
G0 X129.228 Y69.044
G1 F3000 X129.868 Y66.658 E420.4474
G0 F9000 X129.868 Y65.747
G1 F3000 X129.229 Y65.918 E420.4694
G0 F9000 X129.459 Y65.918
G0 X129.459 Y68.117
G0 X129.228 Y68.117
G1 F3000 X129.868 Y68.757 E420.4995
G0 F9000 X129.638 Y68.757
G0 X129.638 Y60.272
G0 X129.868 Y60.272
G1 F3000 X129.228 Y59.632 E420.52961
G1 X129.229 Y59.707
G1 X129.868 Y59.535 E420.55162
G0 F9000 X129.638 Y59.535
G0 X129.459 Y53.495
G0 X129.229 Y53.495
G1 F3000 X129.867 Y53.324 E420.57358
G1 F2700 E415.57358
G0 F9000 X129.638 Y53.324
G0 X128.979 Y181.62
G0 X127.884 Y181.62
G0 X107.116 Y181.62
G0 X106.021 Y181.62
G0 X105.571 Y181.62
G0 X105.848 Y181.9
;TYPE:WALL-INNER
G1 F2700 E420.57358
G1 F1500 X105.848 Y53.1 E424.85749
G1 X105.048 Y53.1 E424.8841
G1 X105.048 Y181.9 E429.168
G1 X105.848 Y181.9 E429.19461
G0 F9000 X106.248 Y182.3
;TYPE:WALL-OUTER
G1 F1500 X106.248 Y52.7 E433.50513
G1 X104.648 Y52.7 E433.55834
G1 X104.648 Y182.3 E437.86885
G1 X106.248 Y182.3 E437.92207
G0 F9000 X105.971 Y182.02
G0 X105.331 Y181.62
G0 X105.222 Y181.821
;TYPE:FILL
G1 F3000 X105.768 Y179.781 E437.99231
G0 F9000 X105.768 Y180.421
G1 F3000 X105.128 Y179.782 E438.02239
G0 F9000 X105.361 Y179.782
G0 X105.361 Y177.974
G0 X105.128 Y177.974
G1 F3000 X105.768 Y177.803 E438.04442
G0 F9000 X105.541 Y177.803
G0 X105.541 Y171.936
G0 X105.768 Y171.936
G1 F3000 X105.128 Y171.297 E438.0745
G0 F9000 X105.129 Y171.762
G1 F3000 X105.768 Y171.591 E438.0965
G0 F9000 X105.541 Y171.591
G0 X105.361 Y165.551
G0 X105.128 Y165.551
G1 F3000 X105.767 Y165.38 E438.11851
G0 F9000 X105.541 Y165.38
G0 X105.541 Y163.451
G0 X105.768 Y163.451
G1 F3000 X105.128 Y162.811 E438.14861
G0 F9000 X105.361 Y162.811
G0 X105.361 Y159.339
G0 X105.128 Y159.339
G1 F3000 X105.768 Y159.168 E438.17064
G0 F9000 X105.128 Y158.989
G1 F3000 X105.768 Y156.599 E438.25293
G0 F9000 X105.541 Y156.599
G0 X105.541 Y154.965
G0 X105.768 Y154.965
G1 F3000 X105.128 Y154.326 E438.28301
G0 F9000 X105.361 Y154.326
G0 X105.361 Y153.127
G0 X105.128 Y153.127
G1 F3000 X105.768 Y152.956 E438.30505
G0 F9000 X105.541 Y152.956
G0 X105.361 Y146.916
G0 X105.129 Y146.916
G1 F3000 X105.768 Y146.744 E438.32706
G0 F9000 X105.768 Y146.48
G1 F3000 X105.128 Y145.841 E438.35714
G0 F9000 X105.361 Y145.841
G0 X105.361 Y140.704
G0 X105.128 Y140.704
G1 F3000 X105.768 Y140.533 E438.37917
G0 F9000 X105.541 Y140.533
G0 X105.541 Y137.995
G0 X105.768 Y137.995
G1 F3000 X105.128 Y137.355 E438.40927
G0 F9000 X105.361 Y137.355
G0 X105.361 Y135.807
G0 X105.128 Y135.807
G1 F3000 X105.768 Y133.417 E438.49157
G0 F9000 X105.768 Y134.321
G1 F3000 X105.128 Y134.492 E438.5136
G0 F9000 X105.361 Y134.492
G0 X105.541 Y129.509
G0 X105.768 Y129.509
G1 F3000 X105.128 Y128.87 E438.54368
G0 F9000 X105.129 Y128.281
G1 F3000 X105.768 Y128.109 E438.56569
G0 F9000 X105.541 Y128.109
G0 X105.361 Y122.069
G0 X105.128 Y122.069
G1 F3000 X105.767 Y121.898 E438.58769
G0 F9000 X105.768 Y121.024
G1 F3000 X105.128 Y120.385 E438.61777
G0 F9000 X105.361 Y120.385
G0 X105.361 Y115.858
G0 X105.128 Y115.858
G1 F3000 X105.768 Y115.686 E438.63981
G0 F9000 X105.541 Y115.686
G0 X105.361 Y112.624
G0 X105.128 Y112.624
G1 F3000 X105.768 Y110.235 E438.72207
G0 F9000 X105.768 Y109.474
G1 F3000 X105.129 Y109.646 E438.74408
G0 F9000 X105.361 Y109.646
G0 X105.361 Y111.9
G0 X105.128 Y111.9
G1 F3000 X105.768 Y112.539 E438.77416
G0 F9000 X105.541 Y112.539
G0 X105.541 Y104.054
G0 X105.768 Y104.054
G1 F3000 X105.128 Y103.414 E438.80427
G1 X105.129 Y103.434
G1 X105.767 Y103.263 E438.82624
G0 F9000 X105.541 Y103.263
G0 X105.361 Y97.223
G0 X105.128 Y97.223
G1 F3000 X105.768 Y97.051 E438.84828
G0 F9000 X105.541 Y97.051
G0 X105.541 Y95.568
G0 X105.768 Y95.568
G1 F3000 X105.128 Y94.929 E438.87836
G0 F9000 X105.361 Y94.929
G0 X105.361 Y91.011
G0 X105.129 Y91.011
G1 F3000 X105.768 Y90.84 E438.90036
G0 F9000 X105.541 Y90.84
G0 X105.361 Y89.441
G0 X105.128 Y89.441
G1 F3000 X105.768 Y87.053 E438.98259
G1 X105.768 Y87.083
G1 X105.128 Y86.444 E439.01267
G0 F9000 X105.361 Y86.444
G0 X105.361 Y84.799
G0 X105.129 Y84.799
G1 F3000 X105.767 Y84.628 E439.03464
G0 F9000 X105.541 Y84.628
G0 X105.541 Y78.598
G0 X105.768 Y78.598
G1 F3000 X105.128 Y77.959 E439.06472
G0 F9000 X105.128 Y78.588
G1 F3000 X105.768 Y78.416 E439.08676
G0 F9000 X105.541 Y78.416
G0 X105.361 Y72.376
G0 X105.128 Y72.376
G1 F3000 X105.768 Y72.205 E439.10879
G0 F9000 X105.541 Y72.205
G0 X105.541 Y70.112
G0 X105.768 Y70.112
G1 F3000 X105.128 Y69.473 E439.13887
G0 F9000 X105.361 Y69.473
G0 X105.361 Y66.259
G0 X105.128 Y66.259
G1 F3000 X105.768 Y63.871 E439.2211
G0 F9000 X105.541 Y63.871
G0 X105.541 Y65.993
G0 X105.767 Y65.993
G1 F3000 X105.129 Y66.164 E439.24307
G0 F9000 X105.361 Y66.164
G0 X105.541 Y61.627
G0 X105.768 Y61.627
G1 F3000 X105.128 Y60.988 E439.27315
G0 F9000 X105.361 Y60.988
G0 X105.361 Y59.952
G0 X105.129 Y59.952
G1 F3000 X105.767 Y59.781 E439.29512
G0 F9000 X105.541 Y59.781
G0 X105.361 Y53.741
G0 X105.128 Y53.741
G1 F3000 X105.768 Y53.57 E439.31715
G1 F2700 E434.31715
;MESH:NONMESH
G0 F300 X105.768 Y53.57 Z10.4
G0 F9000 X105.541 Y53.57
G0 X104.875 Y52.924
G0 X103.335 Y51.7
;TIME_ELAPSED:7141.392105
;LAYER:51
;TYPE:SUPPORT
G1 F2700 E439.31715
G1 F1500 X103.335 Y183.3 E443.69418
G1 X102.381 Y183.3 E443.72591
G1 X102.381 Y51.7 E448.10295
G1 X103.335 Y51.7 E448.13468
G1 F2700 E443.13468
G0 F9000 X104.2 Y51.7
G0 X132 Y50.835
G0 X132 Y51.7
G1 F2700 E448.13468
G1 F1500 X132.618 Y51.7 E448.15523
G1 X132.618 Y183.3 E452.53227
G1 X132 Y183.3 E452.55282
G1 X132 Y51.7 E456.92986
G1 F2700 E451.92986
;MESH:btncover.stl
G0 F9000 X130.24 Y52.924
G0 X129.545 Y181.62
G0 X129.264 Y181.9
;TYPE:WALL-INNER
G1 F2700 E456.92986
G1 F1500 X130.064 Y181.9 E456.95646
G1 X130.064 Y53.1 E461.24037
G1 X129.264 Y53.1 E461.26698
G1 X129.264 Y181.9 E465.55088
G0 F9000 X128.864 Y182.3
;TYPE:WALL-OUTER
G1 F1500 X130.464 Y182.3 E465.6041
G1 X130.464 Y52.7 E469.91461
G1 X128.864 Y52.7 E469.96783
G1 X128.864 Y182.3 E474.27834
G0 F9000 X129.145 Y182.02
G0 X129.784 Y181.62
G0 X129.923 Y181.82
;TYPE:FILL
G1 F3000 X129.984 Y181.592 E474.28619
G0 F9000 X129.754 Y181.592
G0 X129.754 Y178.983
G0 X129.985 Y178.983
G1 F3000 X129.344 Y178.342 E474.31634
G0 F9000 X129.344 Y177.843
G1 F3000 X129.983 Y177.672 E474.33834
G0 F9000 X129.754 Y177.672
G0 X129.575 Y171.632
G0 X129.344 Y171.632
G1 F3000 X129.983 Y171.46 E474.36035
G0 F9000 X129.985 Y170.498
G1 F3000 X129.344 Y169.857 E474.3905
G0 F9000 X129.575 Y169.857
G0 X129.575 Y165.42
G0 X129.344 Y165.42
G1 F3000 X129.984 Y165.248 E474.41255
G0 F9000 X129.754 Y165.248
G0 X129.754 Y162.012
G0 X129.985 Y162.012
G1 F3000 X129.344 Y161.372 E474.44267
G0 F9000 X129.344 Y160.797
G1 F3000 X129.984 Y158.41 E474.52487
G0 F9000 X129.983 Y159.037
G1 F3000 X129.344 Y159.208 E474.54687
G0 F9000 X129.575 Y159.208
G0 X129.754 Y153.527
G0 X129.985 Y153.527
G1 F3000 X129.344 Y152.886 E474.57702
G1 X129.345 Y152.996
G1 X129.983 Y152.825 E474.59899
G0 F9000 X129.754 Y152.825
G0 X129.575 Y146.785
G0 X129.344 Y146.785
G1 F3000 X129.983 Y146.614 E474.62099
G0 F9000 X129.754 Y146.614
G0 X129.754 Y145.042
G0 X129.985 Y145.042
G1 F3000 X129.344 Y144.401 E474.65114
G0 F9000 X129.575 Y144.401
G0 X129.575 Y140.573
G0 X129.344 Y140.573
G1 F3000 X129.983 Y140.402 E474.67314
G0 F9000 X129.754 Y140.402
G0 X129.575 Y137.614
G0 X129.344 Y137.614
G1 F3000 X129.984 Y135.227 E474.75534
G0 F9000 X129.344 Y135.916
G1 F3000 X129.985 Y136.556 E474.78547
G0 F9000 X129.754 Y136.556
G0 X129.575 Y134.361
G0 X129.345 Y134.361
G1 F3000 X129.983 Y134.19 E474.80744
G0 F9000 X129.754 Y134.19
G0 X129.575 Y128.15
G0 X129.345 Y128.15
G1 F3000 X129.983 Y127.979 E474.8294
G1 X129.985 Y128.071
G1 X129.344 Y127.431 E474.85953
G0 F9000 X129.575 Y127.431
G0 X129.575 Y121.938
G0 X129.344 Y121.938
G1 F3000 X129.984 Y121.767 E474.88156
G0 F9000 X129.754 Y121.767
G0 X129.754 Y119.586
G0 X129.985 Y119.586
G1 F3000 X129.344 Y118.945 E474.91172
G0 F9000 X129.575 Y118.945
G0 X129.575 Y115.726
G0 X129.345 Y115.726
G1 F3000 X129.983 Y115.555 E474.93368
G0 F9000 X129.754 Y115.555
G0 X129.575 Y114.432
G0 X129.344 Y114.432
G1 F3000 X129.984 Y112.045 E475.01588
G0 F9000 X129.985 Y111.101
G1 F3000 X129.344 Y110.46 E475.04603
G0 F9000 X129.345 Y109.515
G1 F3000 X129.983 Y109.344 E475.068
G0 F9000 X129.754 Y109.344
G0 X129.575 Y103.303
G0 X129.344 Y103.303
G1 F3000 X129.984 Y103.132 E475.09003
G0 F9000 X129.985 Y102.615
G1 F3000 X129.344 Y101.975 E475.12016
G0 F9000 X129.575 Y101.975
G0 X129.575 Y97.092
G0 X129.344 Y97.092
G1 F3000 X129.983 Y96.92 E475.14217
G0 F9000 X129.754 Y96.92
G0 X129.754 Y94.13
G0 X129.985 Y94.13
G1 F3000 X129.344 Y93.489 E475.17232
G0 F9000 X129.575 Y93.489
G0 X129.575 Y91.249
G0 X129.344 Y91.249
G1 F3000 X129.984 Y88.862 E475.25452
G0 F9000 X129.754 Y88.862
G0 X129.754 Y90.709
G0 X129.983 Y90.709
G1 F3000 X129.345 Y90.88 E475.27649
G0 F9000 X129.575 Y90.88
G0 X129.754 Y85.645
G0 X129.985 Y85.645
G1 F3000 X129.344 Y85.004 E475.30664
G0 F9000 X129.345 Y84.668
G1 F3000 X129.984 Y84.497 E475.32864
G0 F9000 X129.754 Y84.497
G0 X129.575 Y78.457
G0 X129.344 Y78.457
G1 F3000 X129.984 Y78.285 E475.35068
G0 F9000 X129.754 Y78.285
G0 X129.754 Y77.159
G0 X129.985 Y77.159
G1 F3000 X129.344 Y76.519 E475.38081
G0 F9000 X129.575 Y76.519
G0 X129.575 Y72.245
G0 X129.345 Y72.245
G1 F3000 X129.983 Y72.074 E475.40278
G0 F9000 X129.754 Y72.074
G0 X129.754 Y68.674
G0 X129.985 Y68.674
G1 F3000 X129.344 Y68.034 E475.4329
G1 X129.344 Y68.066
G1 X129.984 Y65.68 E475.51507
G1 X129.983 Y65.862
G1 X129.345 Y66.033 E475.53704
G0 F9000 X129.575 Y66.033
G0 X129.754 Y60.189
G0 X129.985 Y60.189
G1 F3000 X129.344 Y59.548 E475.56719
G0 F9000 X129.345 Y59.821
G1 F3000 X129.984 Y59.65 E475.58919
G0 F9000 X129.754 Y59.65
G0 X129.575 Y53.61
G0 X129.345 Y53.61
G1 F3000 X129.984 Y53.439 E475.61119
G1 F2700 E470.61119
G0 F9000 X129.754 Y53.439
G0 X129.095 Y181.62
G0 X128 Y181.62
G0 X107 Y181.62
G0 X105.905 Y181.62
G0 X105.455 Y181.62
G0 X105.732 Y181.9
;TYPE:WALL-INNER
G1 F2700 E475.61119
G1 F1500 X105.732 Y53.1 E479.89509
G1 X104.932 Y53.1 E479.9217
G1 X104.932 Y181.9 E484.20561
G1 X105.732 Y181.9 E484.23222
G0 F9000 X106.132 Y182.3
;TYPE:WALL-OUTER
G1 F1500 X106.132 Y52.7 E488.54273
G1 X104.532 Y52.7 E488.59594
G1 X104.532 Y182.3 E492.90646
G1 X106.132 Y182.3 E492.95967
G0 F9000 X105.855 Y182.02
G0 X105.215 Y181.62
G0 X105.076 Y181.821
;TYPE:FILL
G1 F3000 X105.652 Y179.672 E493.03367
G0 F9000 X105.652 Y180.106
G1 F3000 X105.012 Y179.467 E493.06375
G0 F9000 X105.245 Y179.467
G0 X105.245 Y178.151
G0 X105.012 Y178.151
G1 F3000 X105.652 Y177.98 E493.08579
G0 F9000 X105.425 Y177.98
G0 X105.245 Y171.939
G0 X105.012 Y171.939
G1 F3000 X105.652 Y171.768 E493.10782
G1 X105.652 Y171.62
G1 X105.012 Y170.981 E493.1379
G0 F9000 X105.245 Y170.981
G0 X105.245 Y165.728
G0 X105.013 Y165.728
G1 F3000 X105.652 Y165.556 E493.15991
G0 F9000 X105.425 Y165.556
G0 X105.425 Y163.135
G0 X105.652 Y163.135
G1 F3000 X105.012 Y162.496 E493.18999
G0 F9000 X105.245 Y162.496
G0 X105.245 Y159.516
G0 X105.012 Y159.516
G1 F3000 X105.651 Y159.345 E493.21199
G0 F9000 X105.012 Y158.877
G1 F3000 X105.651 Y156.49 E493.29418
G0 F9000 X105.425 Y156.49
G0 X105.425 Y154.65
G0 X105.652 Y154.65
G1 F3000 X105.012 Y154.011 E493.32426
G0 F9000 X105.012 Y153.305
G1 F3000 X105.652 Y153.133 E493.3463
G0 F9000 X105.425 Y153.133
G0 X105.245 Y147.093
G0 X105.013 Y147.093
G1 F3000 X105.652 Y146.921 E493.36831
G0 F9000 X105.652 Y146.165
G1 F3000 X105.012 Y145.525 E493.39841
G0 F9000 X105.245 Y145.525
G0 X105.245 Y140.881
G0 X105.012 Y140.881
G1 F3000 X105.651 Y140.71 E493.42041
G0 F9000 X105.425 Y140.71
G0 X105.425 Y137.679
G0 X105.652 Y137.679
G1 F3000 X105.012 Y137.04 E493.4505
G0 F9000 X105.245 Y137.04
G0 X105.245 Y135.695
G0 X105.012 Y135.695
G1 F3000 X105.652 Y133.307 E493.53272
G0 F9000 X105.425 Y133.307
G0 X105.425 Y134.498
G0 X105.652 Y134.498
G1 F3000 X105.012 Y134.67 E493.55477
G0 F9000 X105.245 Y134.67
G0 X105.425 Y129.194
G0 X105.652 Y129.194
G1 F3000 X105.012 Y128.555 E493.58485
G1 X105.013 Y128.458
G1 X105.652 Y128.287 E493.60685
G0 F9000 X105.425 Y128.287
G0 X105.245 Y122.246
G0 X105.013 Y122.246
G1 F3000 X105.651 Y122.075 E493.62882
G0 F9000 X105.425 Y122.075
G0 X105.425 Y120.709
G0 X105.652 Y120.709
G1 F3000 X105.012 Y120.07 E493.6589
G0 F9000 X105.245 Y120.07
G0 X105.245 Y116.035
G0 X105.012 Y116.035
G1 F3000 X105.652 Y115.863 E493.68094
G0 F9000 X105.425 Y115.863
G0 X105.245 Y112.512
G0 X105.012 Y112.512
G1 F3000 X105.652 Y110.124 E493.76317
G0 F9000 X105.652 Y109.652
G1 F3000 X105.012 Y109.823 E493.7852
G0 F9000 X105.245 Y109.823
G0 X105.245 Y111.584
G0 X105.012 Y111.584
G1 F3000 X105.652 Y112.224 E493.8153
G0 F9000 X105.425 Y112.224
G0 X105.425 Y103.738
G0 X105.652 Y103.738
G1 F3000 X105.012 Y103.099 E493.84538
G0 F9000 X105.013 Y103.611
G1 F3000 X105.651 Y103.44 E493.86735
G0 F9000 X105.425 Y103.44
G0 X105.245 Y97.4
G0 X105.012 Y97.4
G1 F3000 X105.652 Y97.228 E493.88939
G0 F9000 X105.425 Y97.228
G0 X105.425 Y95.253
G0 X105.652 Y95.253
G1 F3000 X105.012 Y94.614 E493.91947
G0 F9000 X105.245 Y94.614
G0 X105.245 Y91.188
G0 X105.012 Y91.188
G1 F3000 X105.652 Y91.017 E493.94151
G0 F9000 X105.425 Y91.017
G0 X105.245 Y89.329
G0 X105.012 Y89.329
G1 F3000 X105.652 Y86.942 E494.0237
G1 X105.652 Y86.768
G1 X105.012 Y86.128 E494.05381
G0 F9000 X105.245 Y86.128
G0 X105.245 Y84.976
G0 X105.013 Y84.976
G1 F3000 X105.652 Y84.805 E494.07581
G0 F9000 X105.425 Y84.805
G0 X105.245 Y78.764
G0 X105.013 Y78.764
G1 F3000 X105.651 Y78.593 E494.09778
G0 F9000 X105.652 Y78.282
G1 F3000 X105.012 Y77.643 E494.12786
G0 F9000 X105.245 Y77.643
G0 X105.245 Y72.553
G0 X105.012 Y72.553
G1 F3000 X105.652 Y72.382 E494.14989
G0 F9000 X105.425 Y72.382
G0 X105.425 Y69.797
G0 X105.652 Y69.797
G1 F3000 X105.012 Y69.158 E494.17997
G0 F9000 X105.245 Y69.158
G0 X105.245 Y66.341
G0 X105.013 Y66.341
G1 F3000 X105.652 Y66.17 E494.20197
G0 F9000 X105.012 Y66.146
G1 F3000 X105.652 Y63.759 E494.28417
G0 F9000 X105.425 Y63.759
G0 X105.425 Y61.312
G0 X105.652 Y61.312
G1 F3000 X105.012 Y60.673 E494.31425
G0 F9000 X105.013 Y60.13
G1 F3000 X105.651 Y59.958 E494.33622
G0 F9000 X105.425 Y59.958
G0 X105.245 Y53.918
G0 X105.012 Y53.918
G1 F3000 X105.652 Y53.747 E494.35826
G1 F2700 E489.35826
;MESH:NONMESH
G0 F300 X105.652 Y53.747 Z10.6
G0 F9000 X105.425 Y53.747
G0 X104.759 Y52.924
G0 X103.22 Y51.7
;TIME_ELAPSED:7227.689235
;LAYER:52
;TYPE:SUPPORT
G1 F2700 E494.35826
G1 F1500 X103.22 Y183.3 E498.73529
G1 X102.381 Y183.3 E498.7632
G1 X102.381 Y51.7 E503.14023
G1 X103.22 Y51.7 E503.16814
G1 F2700 E498.16814
G0 F9000 X104.085 Y51.7
G0 X130.914 Y51.7
G0 X132 Y51.7
G1 F2700 E503.16814
G1 F1500 X132.618 Y51.7 E503.18869
G1 X132.618 Y183.3 E507.56572
G1 X132 Y183.3 E507.58628
G1 X132 Y51.7 E511.96331
G1 F2700 E506.96331
;MESH:btncover.stl
G0 F9000 X130.355 Y52.924
G0 X129.66 Y181.62
G0 X129.38 Y181.9
;TYPE:WALL-INNER
G1 F2700 E511.96331
G1 F1500 X130.176 Y181.9 E511.98979
G1 X130.176 Y53.1 E516.27369
G1 X129.38 Y53.1 E516.30017
G1 X129.38 Y181.9 E520.58407
G0 F9000 X128.98 Y182.3
;TYPE:WALL-OUTER
G1 F1500 X130.576 Y182.3 E520.63716
G1 X130.576 Y52.7 E524.94767
G1 X128.98 Y52.7 E525.00075
G1 X128.98 Y182.3 E529.31127
G0 F9000 X129.775 Y181.821
;TYPE:FILL
G1 F3000 X130.096 Y180.623 E529.35252
G0 F9000 X129.869 Y180.623
G0 X129.869 Y178.894
G0 X130.096 Y178.894
G1 F3000 X129.46 Y178.257 E529.38246
G0 F9000 X129.46 Y177.959
G1 F3000 X130.096 Y177.789 E529.40435
G0 F9000 X129.869 Y177.789
G0 X129.69 Y171.748
G0 X129.46 Y171.748
G1 F3000 X130.096 Y171.577 E529.42626
G0 F9000 X129.869 Y171.577
G0 X129.869 Y170.408
G0 X130.096 Y170.408
G1 F3000 X129.46 Y169.772 E529.45617
G0 F9000 X129.69 Y169.772
G0 X129.69 Y165.536
G0 X129.46 Y165.536
G1 F3000 X130.096 Y165.365 E529.47808
G0 F9000 X129.869 Y165.365
G0 X129.869 Y161.923
G0 X130.096 Y161.923
G1 F3000 X129.46 Y161.287 E529.50799
G0 F9000 X129.69 Y161.287
G0 X129.69 Y159.815
G0 X129.46 Y159.815
G1 F3000 X130.096 Y157.441 E529.58974
G0 F9000 X129.869 Y157.441
G0 X129.869 Y159.154
G0 X130.096 Y159.154
G1 F3000 X129.46 Y159.324 E529.61163
G0 F9000 X129.69 Y159.324
G0 X129.869 Y153.438
G0 X130.096 Y153.438
G1 F3000 X129.46 Y152.802 E529.64155
G0 F9000 X129.461 Y153.112
G1 F3000 X130.096 Y152.942 E529.66341
G0 F9000 X129.869 Y152.942
G0 X129.69 Y146.901
G0 X129.46 Y146.901
G1 F3000 X130.096 Y146.731 E529.68531
G0 F9000 X129.869 Y146.731
G0 X129.869 Y144.953
G0 X130.096 Y144.953
G1 F3000 X129.46 Y144.316 E529.71525
G0 F9000 X129.69 Y144.316
G0 X129.69 Y140.689
G0 X129.46 Y140.689
G1 F3000 X130.096 Y140.519 E529.73714
G0 F9000 X129.869 Y140.519
G0 X129.69 Y136.632
G0 X129.46 Y136.632
G1 F3000 X130.096 Y134.259 E529.81886
G1 X130.096 Y134.307
G1 X129.461 Y134.477 E529.84072
G0 F9000 X129.69 Y134.477
G0 X129.69 Y135.831
G0 X129.46 Y135.831
G1 F3000 X130.096 Y136.467 E529.87064
G0 F9000 X129.869 Y136.467
G0 X129.69 Y128.266
G0 X129.461 Y128.266
G1 F3000 X130.095 Y128.096 E529.89247
G1 X130.096 Y127.982
G1 X129.46 Y127.346 E529.92238
G0 F9000 X129.69 Y127.346
G0 X129.69 Y122.054
G0 X129.46 Y122.054
G1 F3000 X130.096 Y121.884 E529.94428
G0 F9000 X129.869 Y121.884
G0 X129.869 Y119.497
G0 X130.096 Y119.497
G1 F3000 X129.46 Y118.86 E529.97422
G0 F9000 X129.69 Y118.86
G0 X129.69 Y115.842
G0 X129.46 Y115.842
G1 F3000 X130.096 Y115.672 E529.99611
G0 F9000 X129.869 Y115.672
G0 X129.69 Y113.45
G0 X129.46 Y113.45
G1 F3000 X130.096 Y111.077 E530.07783
G1 X130.096 Y111.012
G1 X129.46 Y110.375 E530.10777
G0 F9000 X129.461 Y109.631
G1 F3000 X130.095 Y109.461 E530.1296
G0 F9000 X129.869 Y109.461
G0 X129.69 Y103.419
G0 X129.46 Y103.419
G1 F3000 X130.096 Y103.249 E530.15149
G0 F9000 X130.096 Y102.526
G1 F3000 X129.46 Y101.89 E530.18141
G0 F9000 X129.69 Y101.89
G0 X129.69 Y97.207
G0 X129.46 Y97.207
G1 F3000 X130.096 Y97.037 E530.2033
G0 F9000 X129.869 Y97.037
G0 X129.869 Y94.041
G0 X130.096 Y94.041
G1 F3000 X129.46 Y93.405 E530.23322
G0 F9000 X129.69 Y93.405
G0 X129.69 Y90.996
G0 X129.461 Y90.996
G1 F3000 X130.095 Y90.826 E530.25505
G0 F9000 X129.46 Y90.268
G1 F3000 X130.096 Y87.895 E530.33676
G0 F9000 X129.869 Y87.895
G0 X129.869 Y85.556
G0 X130.096 Y85.556
G1 F3000 X129.46 Y84.919 E530.3667
G1 X129.461 Y84.784
G1 X130.096 Y84.614 E530.38857
G0 F9000 X129.869 Y84.614
G0 X129.69 Y78.572
G0 X129.46 Y78.572
G1 F3000 X130.096 Y78.402 E530.41046
G0 F9000 X129.869 Y78.402
G0 X129.869 Y77.07
G0 X130.096 Y77.07
G1 F3000 X129.46 Y76.434 E530.44038
G0 F9000 X129.69 Y76.434
G0 X129.69 Y72.361
G0 X129.461 Y72.361
G1 F3000 X130.095 Y72.191 E530.46221
G0 F9000 X129.869 Y72.191
G0 X129.869 Y68.585
G0 X130.096 Y68.585
G1 F3000 X129.46 Y67.949 E530.49213
G0 F9000 X129.46 Y67.085
G1 F3000 X130.096 Y64.713 E530.57381
G0 F9000 X129.869 Y64.713
G0 X129.869 Y65.979
G0 X130.096 Y65.979
G1 F3000 X129.461 Y66.149 E530.59567
G0 F9000 X129.69 Y66.149
G0 X129.869 Y60.1
G0 X130.096 Y60.1
G1 F3000 X129.46 Y59.463 E530.62561
G0 F9000 X129.461 Y59.937
G1 F3000 X130.096 Y59.767 E530.64747
G0 F9000 X129.869 Y59.767
G0 X129.69 Y53.726
G0 X129.461 Y53.726
G1 F3000 X130.095 Y53.556 E530.6693
G1 F2700 E525.6693
G0 F9000 X129.869 Y53.556
G0 X129.21 Y181.62
G0 X128.115 Y181.62
G0 X106.885 Y181.62
G0 X105.79 Y181.62
G0 X105.34 Y181.62
G0 X105.62 Y181.9
;TYPE:WALL-INNER
G1 F2700 E530.6693
G1 F1500 X105.62 Y53.1 E534.95321
G1 X104.82 Y53.1 E534.97982
G1 X104.82 Y181.9 E539.26372
G1 X105.62 Y181.9 E539.29033
G0 F9000 X106.02 Y182.3
;TYPE:WALL-OUTER
G1 F1500 X106.02 Y52.7 E543.60084
G1 X104.42 Y52.7 E543.65406
G1 X104.42 Y182.3 E547.96457
G1 X106.02 Y182.3 E548.01779
G0 F9000 X105.74 Y182.02
G0 X105.1 Y181.62
G0 X104.929 Y181.821
;TYPE:FILL
G1 F3000 X105.539 Y179.541 E548.09629
G0 F9000 X105.54 Y179.793
G1 F3000 X104.9 Y179.153 E548.12639
G0 F9000 X104.9 Y178.328
G1 F3000 X105.54 Y178.157 E548.14843
G0 F9000 X105.31 Y178.157
G0 X105.13 Y172.117
G0 X104.9 Y172.117
G1 F3000 X105.539 Y171.945 E548.17044
G0 F9000 X105.54 Y171.308
G1 F3000 X104.9 Y170.668 E548.20054
G0 F9000 X105.13 Y170.668
G0 X105.13 Y165.905
G0 X104.901 Y165.905
G1 F3000 X105.539 Y165.734 E548.22251
G0 F9000 X105.31 Y165.734
G0 X105.31 Y162.823
G0 X105.54 Y162.823
G1 F3000 X104.9 Y162.183 E548.25261
G0 F9000 X105.13 Y162.183
G0 X105.13 Y159.693
G0 X104.9 Y159.693
G1 F3000 X105.539 Y159.522 E548.27461
G0 F9000 X105.31 Y159.522
G0 X105.13 Y158.745
G0 X104.9 Y158.745
G1 F3000 X105.54 Y156.358 E548.35681
G0 F9000 X105.31 Y156.358
G0 X105.31 Y154.337
G0 X105.54 Y154.337
G1 F3000 X104.9 Y153.697 E548.38691
G0 F9000 X104.9 Y153.482
G1 F3000 X105.539 Y153.31 E548.40892
G0 F9000 X105.31 Y153.31
G0 X105.13 Y147.27
G0 X104.901 Y147.27
G1 F3000 X105.539 Y147.099 E548.43089
G0 F9000 X105.31 Y147.099
G0 X105.31 Y145.852
G0 X105.54 Y145.852
G1 F3000 X104.9 Y145.212 E548.461
G0 F9000 X105.13 Y145.212
G0 X105.13 Y141.058
G0 X104.901 Y141.058
G1 F3000 X105.539 Y140.887 E548.48297
G0 F9000 X105.31 Y140.887
G0 X105.31 Y137.367
G0 X105.54 Y137.367
G1 F3000 X104.9 Y136.727 E548.51307
G0 F9000 X105.13 Y136.727
G0 X105.13 Y135.563
G0 X104.9 Y135.563
G1 F3000 X105.54 Y133.176 E548.59527
G0 F9000 X105.31 Y133.176
G0 X105.31 Y134.675
G0 X105.54 Y134.675
G1 F3000 X104.9 Y134.847 E548.61731
G0 F9000 X105.13 Y134.847
G0 X105.31 Y128.882
G0 X105.54 Y128.882
G1 F3000 X104.9 Y128.242 E548.64741
G0 F9000 X104.901 Y128.635
G1 F3000 X105.539 Y128.464 E548.66938
G0 F9000 X105.31 Y128.464
G0 X105.13 Y122.423
G0 X104.901 Y122.423
G1 F3000 X105.539 Y122.252 E548.69135
G0 F9000 X105.31 Y122.252
G0 X105.31 Y120.396
G0 X105.54 Y120.396
G1 F3000 X104.9 Y119.756 E548.72145
G0 F9000 X105.13 Y119.756
G0 X105.13 Y116.212
G0 X104.9 Y116.212
G1 F3000 X105.54 Y116.04 E548.74349
G0 F9000 X105.31 Y116.04
G0 X105.13 Y112.38
G0 X104.9 Y112.38
G1 F3000 X105.54 Y109.994 E548.82566
G1 X105.54 Y109.829
G1 X104.9 Y110 E548.84769
G0 F9000 X105.13 Y110
G0 X105.13 Y111.271
G0 X104.9 Y111.271
G1 F3000 X105.54 Y111.911 E548.87779
G0 F9000 X105.31 Y111.911
G0 X105.13 Y103.788
G0 X104.901 Y103.788
G1 F3000 X105.539 Y103.617 E548.89976
G1 X105.54 Y103.426
G1 X104.9 Y102.786 E548.92987
G0 F9000 X105.13 Y102.786
G0 X105.13 Y97.576
G0 X104.901 Y97.576
G1 F3000 X105.54 Y97.405 E548.95187
G0 F9000 X105.31 Y97.405
G0 X105.31 Y94.94
G0 X105.54 Y94.94
G1 F3000 X104.9 Y94.3 E548.98197
G0 F9000 X105.13 Y94.3
G0 X105.13 Y91.365
G0 X104.9 Y91.365
G1 F3000 X105.54 Y91.194 E549.00401
G0 F9000 X105.31 Y91.194
G0 X105.13 Y89.198
G0 X104.9 Y89.198
G1 F3000 X105.54 Y86.811 E549.0862
G0 F9000 X105.54 Y86.455
G1 F3000 X104.9 Y85.815 E549.11631
G0 F9000 X104.901 Y85.153
G1 F3000 X105.539 Y84.982 E549.13827
G0 F9000 X105.31 Y84.982
G0 X105.13 Y78.941
G0 X104.901 Y78.941
G1 F3000 X105.539 Y78.77 E549.16024
G0 F9000 X105.54 Y77.97
G1 F3000 X104.9 Y77.33 E549.19035
G0 F9000 X105.13 Y77.33
G0 X105.13 Y72.73
G0 X104.9 Y72.73
G1 F3000 X105.54 Y72.559 E549.21238
G0 F9000 X105.31 Y72.559
G0 X105.31 Y69.485
G0 X105.54 Y69.485
G1 F3000 X104.9 Y68.845 E549.24248
G0 F9000 X105.13 Y68.845
G0 X105.13 Y66.518
G0 X104.901 Y66.518
G1 F3000 X105.54 Y66.347 E549.26448
G0 F9000 X104.9 Y66.016
G1 F3000 X105.54 Y63.628 E549.34671
G0 F9000 X105.31 Y63.628
G0 X105.31 Y60.999
G0 X105.54 Y60.999
G1 F3000 X104.9 Y60.359 E549.37682
G1 X104.901 Y60.307
G1 X105.539 Y60.135 E549.39879
G0 F9000 X105.31 Y60.135
G0 X105.13 Y54.095
G0 X104.901 Y54.095
G1 F3000 X105.54 Y53.924 E549.4208
G1 F2700 E544.4208
;MESH:NONMESH
G0 F300 X105.54 Y53.924 Z10.8
G0 F9000 X105.31 Y53.924
G0 X104.644 Y52.924
G0 X103.104 Y51.7
;TIME_ELAPSED:7314.047302
;LAYER:53
;TYPE:SUPPORT
G1 F2700 E549.4208
G1 F1500 X103.104 Y183.3 E553.79783
G1 X102.381 Y183.3 E553.82188
G1 X102.381 Y51.7 E558.19891
G1 X103.104 Y51.7 E558.22296
G1 F2700 E553.22296
G0 F9000 X103.969 Y51.7
G0 X131.03 Y51.7
G0 X132 Y51.7
G1 F2700 E558.22296
G1 F1500 X132.618 Y51.7 E558.24351
G1 X132.618 Y183.3 E562.62055
G1 X132 Y183.3 E562.6411
G1 X132 Y51.7 E567.01813
G1 F2700 E562.01813
;MESH:btncover.stl
G0 F9000 X130.471 Y52.924
G0 X129.776 Y181.62
G0 X129.496 Y181.9
;TYPE:WALL-INNER
G1 F2700 E567.01813
G1 F1500 X130.292 Y181.9 E567.04461
G1 X130.292 Y53.1 E571.32851
G1 X129.496 Y53.1 E571.35499
G1 X129.496 Y181.9 E575.63889
G0 F9000 X129.096 Y182.3
;TYPE:WALL-OUTER
G1 F1500 X130.692 Y182.3 E575.69198
G1 X130.692 Y52.7 E580.00249
G1 X129.096 Y52.7 E580.05557
G1 X129.096 Y182.3 E584.36609
G0 F9000 X129.629 Y181.821
;TYPE:FILL
G1 F3000 X130.212 Y179.645 E584.44101
G0 F9000 X130.212 Y178.81
G1 F3000 X129.576 Y178.174 E584.47093
G1 X129.576 Y178.074
G1 X130.212 Y177.904 E584.49283
G0 F9000 X129.985 Y177.904
G0 X129.806 Y171.862
G0 X129.576 Y171.862
G1 F3000 X130.212 Y171.692 E584.51472
G0 F9000 X129.985 Y171.692
G0 X129.985 Y170.325
G0 X130.212 Y170.325
G1 F3000 X129.576 Y169.689 E584.54464
G0 F9000 X129.806 Y169.689
G0 X129.806 Y165.651
G0 X129.576 Y165.651
G1 F3000 X130.211 Y165.48 E584.56651
G0 F9000 X129.985 Y165.48
G0 X129.985 Y161.84
G0 X130.212 Y161.84
G1 F3000 X129.576 Y161.203 E584.59645
G0 F9000 X129.806 Y161.203
G0 X129.806 Y159.439
G0 X129.576 Y159.439
G1 F3000 X130.212 Y159.269 E584.61835
G0 F9000 X129.576 Y158.838
G1 F3000 X130.212 Y156.464 E584.70009
G0 F9000 X129.985 Y156.464
G0 X129.985 Y153.354
G0 X130.212 Y153.354
G1 F3000 X129.576 Y152.718 E584.73001
G0 F9000 X129.576 Y153.227
G1 F3000 X130.212 Y153.057 E584.7519
G0 F9000 X129.985 Y153.057
G0 X129.806 Y147.016
G0 X129.577 Y147.016
G1 F3000 X130.211 Y146.845 E584.77374
G0 F9000 X129.985 Y146.845
G0 X129.985 Y144.869
G0 X130.212 Y144.869
G1 F3000 X129.576 Y144.233 E584.80366
G0 F9000 X129.806 Y144.233
G0 X129.806 Y140.804
G0 X129.576 Y140.804
G1 F3000 X130.212 Y140.634 E584.82555
G0 F9000 X129.985 Y140.634
G0 X129.985 Y136.384
G0 X130.212 Y136.384
G1 F3000 X129.576 Y135.748 E584.85547
G1 X129.576 Y135.655
G1 X130.212 Y133.282 E584.93718
G0 F9000 X129.985 Y133.282
G0 X129.985 Y134.422
G0 X130.212 Y134.422
G1 F3000 X129.576 Y134.592 E584.95908
G0 F9000 X129.806 Y134.592
G0 X129.806 Y128.381
G0 X129.577 Y128.381
G1 F3000 X130.211 Y128.211 E584.98091
G0 F9000 X130.212 Y127.899
G1 F3000 X129.576 Y127.262 E585.01085
G0 F9000 X129.806 Y127.262
G0 X129.806 Y122.169
G0 X129.577 Y122.169
G1 F3000 X130.211 Y121.999 E585.03268
G0 F9000 X129.985 Y121.999
G0 X129.985 Y119.413
G0 X130.212 Y119.413
G1 F3000 X129.576 Y118.777 E585.06259
G0 F9000 X129.806 Y118.777
G0 X129.806 Y115.957
G0 X129.576 Y115.957
G1 F3000 X130.212 Y115.787 E585.08449
G0 F9000 X129.985 Y115.787
G0 X129.806 Y112.473
G0 X129.576 Y112.473
G1 F3000 X130.212 Y110.1 E585.1662
G0 F9000 X130.211 Y109.576
G1 F3000 X129.576 Y109.746 E585.18807
G0 F9000 X129.576 Y110.292
G1 F3000 X130.212 Y110.928 E585.21798
G0 F9000 X129.985 Y110.928
G0 X129.806 Y103.534
G0 X129.577 Y103.534
G1 F3000 X130.211 Y103.364 E585.23981
G0 F9000 X130.212 Y102.443
G1 F3000 X129.576 Y101.806 E585.26975
G0 F9000 X129.806 Y101.806
G0 X129.806 Y97.322
G0 X129.576 Y97.322
G1 F3000 X130.212 Y97.152 E585.29165
G0 F9000 X129.985 Y97.152
G0 X129.985 Y93.958
G0 X130.212 Y93.958
G1 F3000 X129.576 Y93.321 E585.32159
G0 F9000 X129.806 Y93.321
G0 X129.806 Y91.111
G0 X129.576 Y91.111
G1 F3000 X130.211 Y90.941 E585.34345
G0 F9000 X129.985 Y90.941
G0 X129.806 Y89.29
G0 X129.576 Y89.29
G1 F3000 X130.212 Y86.918 E585.42513
G0 F9000 X129.985 Y86.918
G0 X129.985 Y85.472
G0 X130.212 Y85.472
G1 F3000 X129.576 Y84.836 E585.45505
G1 X129.577 Y84.899
G1 X130.211 Y84.729 E585.47688
G0 F9000 X129.985 Y84.729
G0 X129.806 Y78.687
G0 X129.577 Y78.687
G1 F3000 X130.212 Y78.517 E585.49874
G0 F9000 X129.985 Y78.517
G0 X129.985 Y76.987
G0 X130.212 Y76.987
G1 F3000 X129.576 Y76.351 E585.52866
G0 F9000 X129.806 Y76.351
G0 X129.806 Y72.476
G0 X129.576 Y72.476
G1 F3000 X130.211 Y72.306 E585.55052
G0 F9000 X129.985 Y72.306
G0 X129.985 Y68.502
G0 X130.212 Y68.502
G1 F3000 X129.576 Y67.865 E585.58046
G0 F9000 X129.806 Y67.865
G0 X129.806 Y66.264
G0 X129.577 Y66.264
G1 F3000 X130.211 Y66.094 E585.60229
G0 F9000 X129.576 Y66.107
G1 F3000 X130.212 Y63.736 E585.68394
G0 F9000 X129.985 Y63.736
G0 X129.985 Y60.016
G0 X130.212 Y60.016
G1 F3000 X129.576 Y59.38 E585.71386
G0 F9000 X129.577 Y60.052
G1 F3000 X130.212 Y59.882 E585.73572
G0 F9000 X129.985 Y59.882
G0 X129.806 Y53.841
G0 X129.577 Y53.841
G1 F3000 X130.211 Y53.671 E585.75755
G1 F2700 E580.75755
G0 F9000 X129.985 Y53.671
G0 X129.326 Y181.62
G0 X128.231 Y181.62
G0 X106.769 Y181.62
G0 X105.674 Y181.62
G0 X105.224 Y181.62
G0 X105.504 Y181.9
;TYPE:WALL-INNER
G1 F2700 E585.75755
G1 F1500 X105.504 Y53.1 E590.04146
G1 X104.704 Y53.1 E590.06807
G1 X104.704 Y181.9 E594.35197
G1 X105.504 Y181.9 E594.37858
G0 F9000 X105.904 Y182.3
;TYPE:WALL-OUTER
G1 F1500 X105.904 Y52.7 E598.68909
G1 X104.304 Y52.7 E598.74231
G1 X104.304 Y182.3 E603.05282
G1 X105.904 Y182.3 E603.10604
G0 F9000 X105.624 Y182.02
G0 X104.984 Y181.62
G0 X104.784 Y181.816
;TYPE:FILL
G1 F3000 X105.424 Y179.429 E603.18823
G1 X105.424 Y179.478
G1 X104.784 Y178.838 E603.21834
G0 F9000 X104.784 Y178.505
G1 F3000 X105.423 Y178.334 E603.24034
G0 F9000 X105.194 Y178.334
G0 X105.014 Y172.294
G0 X104.784 Y172.294
G1 F3000 X105.423 Y172.123 E603.26234
G0 F9000 X105.194 Y172.123
G0 X105.194 Y170.993
G0 X105.424 Y170.993
G1 F3000 X104.784 Y170.353 E603.29244
G0 F9000 X105.014 Y170.353
G0 X105.014 Y166.082
G0 X104.785 Y166.082
G1 F3000 X105.423 Y165.911 E603.31441
G0 F9000 X105.194 Y165.911
G0 X105.194 Y162.507
G0 X105.424 Y162.507
G1 F3000 X104.784 Y161.867 E603.34452
G0 F9000 X105.014 Y161.867
G0 X105.014 Y159.87
G0 X104.785 Y159.87
G1 F3000 X105.423 Y159.699 E603.36649
G0 F9000 X105.194 Y159.699
G0 X105.014 Y158.633
G0 X104.784 Y158.633
G1 F3000 X105.424 Y156.247 E603.44865
G0 F9000 X105.194 Y156.247
G0 X105.194 Y154.022
G0 X105.424 Y154.022
G1 F3000 X104.784 Y153.382 E603.47875
G0 F9000 X104.784 Y153.659
G1 F3000 X105.424 Y153.487 E603.5008
G0 F9000 X105.194 Y153.487
G0 X105.014 Y147.447
G0 X104.785 Y147.447
G1 F3000 X105.423 Y147.276 E603.52276
G0 F9000 X105.194 Y147.276
G0 X105.194 Y145.537
G0 X105.424 Y145.537
G1 F3000 X104.784 Y144.897 E603.55287
G0 F9000 X105.014 Y144.897
G0 X105.014 Y141.235
G0 X104.785 Y141.235
G1 F3000 X105.423 Y141.064 E603.57484
G0 F9000 X105.194 Y141.064
G0 X105.194 Y137.051
G0 X105.424 Y137.051
G1 F3000 X104.784 Y136.412 E603.60492
G0 F9000 X104.784 Y135.451
G1 F3000 X105.424 Y133.064 E603.68711
G0 F9000 X105.194 Y133.064
G0 X105.194 Y134.852
G0 X105.424 Y134.852
G1 F3000 X104.784 Y135.024 E603.70915
G0 F9000 X105.014 Y135.024
G0 X105.014 Y128.812
G0 X104.784 Y128.812
G1 F3000 X105.424 Y128.641 E603.73119
G1 X105.424 Y128.566
G1 X104.784 Y127.926 E603.76129
G0 F9000 X105.014 Y127.926
G0 X105.014 Y122.6
G0 X104.785 Y122.6
G1 F3000 X105.423 Y122.429 E603.78326
G0 F9000 X105.194 Y122.429
G0 X105.194 Y120.081
G0 X105.424 Y120.081
G1 F3000 X104.784 Y119.441 E603.81336
G0 F9000 X105.014 Y119.441
G0 X105.014 Y116.388
G0 X104.785 Y116.388
G1 F3000 X105.423 Y116.217 E603.83533
G0 F9000 X105.194 Y116.217
G0 X105.014 Y112.269
G0 X104.784 Y112.269
G1 F3000 X105.424 Y109.881 E603.91756
G1 X105.424 Y110.006
G1 X104.784 Y110.177 E603.93959
G0 F9000 X104.784 Y110.956
G1 F3000 X105.424 Y111.596 E603.9697
G0 F9000 X105.194 Y111.596
G0 X105.014 Y103.965
G0 X104.785 Y103.965
G1 F3000 X105.423 Y103.794 E603.99167
G0 F9000 X105.424 Y103.11
G1 F3000 X104.784 Y102.47 E604.02177
G0 F9000 X105.014 Y102.47
G0 X105.014 Y97.754
G0 X104.785 Y97.754
G1 F3000 X105.423 Y97.582 E604.04375
G0 F9000 X105.194 Y97.582
G0 X105.194 Y94.625
G0 X105.424 Y94.625
G1 F3000 X104.784 Y93.985 E604.07385
G0 F9000 X105.014 Y93.985
G0 X105.014 Y91.542
G0 X104.785 Y91.542
G1 F3000 X105.424 Y91.371 E604.09585
G0 F9000 X105.194 Y91.371
G0 X105.014 Y89.086
G0 X104.784 Y89.086
G1 F3000 X105.424 Y86.699 E604.17805
G0 F9000 X105.424 Y86.14
G1 F3000 X104.784 Y85.5 E604.20815
G1 X104.785 Y85.33
G1 X105.424 Y85.159 E604.23015
G0 F9000 X105.194 Y85.159
G0 X105.014 Y79.119
G0 X104.785 Y79.119
G1 F3000 X105.423 Y78.948 E604.25212
G0 F9000 X105.194 Y78.948
G0 X105.194 Y77.654
G0 X105.424 Y77.654
G1 F3000 X104.784 Y77.015 E604.2822
G0 F9000 X105.014 Y77.015
G0 X105.014 Y72.907
G0 X104.785 Y72.907
G1 F3000 X105.424 Y72.736 E604.3042
G0 F9000 X105.194 Y72.736
G0 X105.194 Y69.169
G0 X105.424 Y69.169
G1 F3000 X104.784 Y68.529 E604.33431
G0 F9000 X105.014 Y68.529
G0 X105.014 Y66.695
G0 X104.784 Y66.695
G1 F3000 X105.424 Y66.524 E604.35634
G0 F9000 X104.785 Y65.903
G1 F3000 X105.424 Y63.516 E604.43853
G0 F9000 X105.194 Y63.516
G0 X105.194 Y60.684
G0 X105.424 Y60.684
G1 F3000 X104.784 Y60.044 E604.46863
G0 F9000 X104.785 Y60.484
G1 F3000 X105.424 Y60.312 E604.49064
G0 F9000 X105.194 Y60.312
G0 X105.014 Y54.272
G0 X104.785 Y54.272
G1 F3000 X105.424 Y54.101 E604.51264
G1 F2700 E599.51264
;MESH:NONMESH
G0 F300 X105.424 Y54.101 Z11
G0 F9000 X105.194 Y54.101
G0 X104.528 Y52.924
G0 X102.989 Y51.7
;TIME_ELAPSED:7400.334825
;LAYER:54
;TYPE:SUPPORT
G1 F2700 E604.51264
G1 F1500 X102.989 Y183.3 E608.88968
G1 X102.381 Y183.3 E608.9099
G1 X102.381 Y51.7 E613.28693
G1 X102.989 Y51.7 E613.30715
G1 F2700 E608.30715
G0 F9000 X103.854 Y51.7
G0 X125.97 Y51.009
G0 X132.618 Y50.835
G0 X132.618 Y51.7
G1 F2700 E613.30715
G1 F1500 X132.618 Y183.3 E617.68419
G1 X132.01 Y183.3 E617.70441
G1 X132.01 Y51.7 E622.08144
G1 X132.618 Y51.7 E622.10167
G1 F2700 E617.10167
;MESH:btncover.stl
G0 F9000 X130.586 Y52.924
G0 X129.891 Y181.62
G0 X129.608 Y181.9
;TYPE:WALL-INNER
G1 F2700 E622.10167
G1 F1500 X130.408 Y181.9 E622.12827
G1 X130.408 Y53.1 E626.41218
G1 X129.608 Y53.1 E626.43879
G1 X129.608 Y181.9 E630.72269
G0 F9000 X129.208 Y182.3
;TYPE:WALL-OUTER
G1 F1500 X130.808 Y182.3 E630.77591
G1 X130.808 Y52.7 E635.08642
G1 X129.208 Y52.7 E635.13964
G1 X129.208 Y182.3 E639.45015
G0 F9000 X129.491 Y182.02
G0 X129.921 Y181.055
G0 X129.688 Y181.055
;TYPE:FILL
G1 F3000 X130.328 Y178.663 E639.53251
G1 X130.328 Y178.725
G1 X129.688 Y178.085 E639.56261
G1 X129.689 Y178.191
G1 X130.328 Y178.02 E639.58461
G0 F9000 X130.1 Y178.02
G0 X129.921 Y171.979
G0 X129.689 Y171.979
G1 F3000 X130.328 Y171.808 E639.60662
G0 F9000 X130.1 Y171.808
G0 X130.1 Y170.24
G0 X130.328 Y170.24
G1 F3000 X129.688 Y169.6 E639.63672
G0 F9000 X129.921 Y169.6
G0 X129.921 Y165.767
G0 X129.689 Y165.767
G1 F3000 X130.327 Y165.596 E639.65869
G0 F9000 X130.1 Y165.596
G0 X130.1 Y161.755
G0 X130.328 Y161.755
G1 F3000 X129.688 Y161.114 E639.68881
G0 F9000 X129.921 Y161.114
G0 X129.921 Y159.556
G0 X129.689 Y159.556
G1 F3000 X130.328 Y159.385 E639.71082
G0 F9000 X130.1 Y159.385
G0 X129.921 Y157.872
G0 X129.688 Y157.872
G1 F3000 X130.328 Y155.482 E639.79311
G0 F9000 X130.1 Y155.482
G0 X130.1 Y153.27
G0 X130.328 Y153.27
G1 F3000 X129.688 Y152.629 E639.82324
G0 F9000 X129.688 Y153.344
G1 F3000 X130.328 Y153.173 E639.84527
G0 F9000 X130.1 Y153.173
G0 X129.921 Y147.133
G0 X129.689 Y147.133
G1 F3000 X130.327 Y146.961 E639.86725
G0 F9000 X130.1 Y146.961
G0 X130.1 Y144.784
G0 X130.328 Y144.784
G1 F3000 X129.688 Y144.144 E639.89735
G0 F9000 X129.921 Y144.144
G0 X129.921 Y140.921
G0 X129.689 Y140.921
G1 F3000 X130.328 Y140.75 E639.91935
G0 F9000 X130.1 Y140.75
G0 X130.1 Y136.299
G0 X130.328 Y136.299
G1 F3000 X129.688 Y135.658 E639.94948
G0 F9000 X129.688 Y134.709
G1 F3000 X130.328 Y134.538 E639.97151
G0 F9000 X129.688 Y134.689
G1 F3000 X130.328 Y132.3 E640.05377
G0 F9000 X130.1 Y132.3
G0 X129.921 Y128.498
G0 X129.689 Y128.498
G1 F3000 X130.327 Y128.326 E640.07575
G0 F9000 X130.328 Y127.814
G1 F3000 X129.688 Y127.173 E640.10588
G0 F9000 X129.921 Y127.173
G0 X129.921 Y122.286
G0 X129.689 Y122.286
G1 F3000 X130.327 Y122.115 E640.12785
G0 F9000 X130.1 Y122.115
G0 X130.1 Y119.329
G0 X130.328 Y119.329
G1 F3000 X129.688 Y118.688 E640.15797
G0 F9000 X129.921 Y118.688
G0 X129.921 Y116.074
G0 X129.688 Y116.074
G1 F3000 X130.328 Y115.903 E640.18001
G0 F9000 X130.1 Y115.903
G0 X129.921 Y111.506
G0 X129.688 Y111.506
G1 F3000 X130.328 Y109.118 E640.26223
G0 F9000 X130.327 Y109.692
G1 F3000 X129.689 Y109.863 E640.2842
G0 F9000 X129.688 Y110.203
G1 F3000 X130.328 Y110.843 E640.31431
G0 F9000 X130.1 Y110.843
G0 X129.921 Y103.651
G0 X129.689 Y103.651
G1 F3000 X130.327 Y103.48 E640.33628
G0 F9000 X130.1 Y103.48
G0 X130.1 Y102.358
G0 X130.328 Y102.358
G1 F3000 X129.688 Y101.717 E640.3664
G0 F9000 X129.921 Y101.717
G0 X129.921 Y97.439
G0 X129.689 Y97.439
G1 F3000 X130.328 Y97.268 E640.3884
G0 F9000 X130.1 Y97.268
G0 X130.1 Y93.873
G0 X130.328 Y93.873
G1 F3000 X129.688 Y93.232 E640.41853
G0 F9000 X129.921 Y93.232
G0 X129.921 Y91.228
G0 X129.688 Y91.228
G1 F3000 X130.327 Y91.057 E640.44053
G0 F9000 X130.1 Y91.057
G0 X129.921 Y88.324
G0 X129.688 Y88.324
G1 F3000 X130.328 Y85.937 E640.52273
G0 F9000 X130.328 Y85.387
G1 F3000 X129.688 Y84.747 E640.55283
G0 F9000 X129.689 Y85.016
G1 F3000 X130.327 Y84.845 E640.5748
G0 F9000 X130.1 Y84.845
G0 X129.921 Y78.804
G0 X129.689 Y78.804
G1 F3000 X130.328 Y78.633 E640.5968
G0 F9000 X130.1 Y78.633
G0 X130.1 Y76.902
G0 X130.328 Y76.902
G1 F3000 X129.688 Y76.261 E640.62693
G0 F9000 X129.921 Y76.261
G0 X129.921 Y72.593
G0 X129.688 Y72.593
G1 F3000 X130.327 Y72.422 E640.64893
G0 F9000 X130.1 Y72.422
G0 X130.1 Y68.417
G0 X130.328 Y68.417
G1 F3000 X129.688 Y67.776 E640.67906
G0 F9000 X129.921 Y67.776
G0 X129.921 Y66.381
G0 X129.689 Y66.381
G1 F3000 X130.327 Y66.21 E640.70103
G0 F9000 X130.1 Y66.21
G0 X129.921 Y65.141
G0 X129.688 Y65.141
G1 F3000 X130.328 Y62.755 E640.78319
G0 F9000 X130.1 Y62.755
G0 X129.921 Y60.169
G0 X129.689 Y60.169
G1 F3000 X130.327 Y59.998 E640.80516
G1 X130.328 Y59.932
G1 X129.688 Y59.291 E640.83529
G0 F9000 X129.921 Y59.291
G0 X129.921 Y53.958
G0 X129.688 Y53.958
G1 F3000 X130.327 Y53.787 E640.85729
G1 F2700 E635.85729
G0 F9000 X130.1 Y53.787
G0 X129.441 Y181.62
G0 X128.346 Y181.62
G0 X106.654 Y181.62
G0 X105.559 Y181.62
G0 X105.109 Y181.62
G0 X105.388 Y181.9
;TYPE:WALL-INNER
G1 F2700 E640.85729
G1 F1500 X105.388 Y53.1 E645.14119
G1 X104.588 Y53.1 E645.1678
G1 X104.588 Y181.9 E649.45171
G1 X105.388 Y181.9 E649.47831
G0 F9000 X105.788 Y182.3
;TYPE:WALL-OUTER
G1 F1500 X105.788 Y52.7 E653.78883
G1 X104.188 Y52.7 E653.84204
G1 X104.188 Y182.3 E658.15256
G1 X105.788 Y182.3 E658.20577
G0 F9000 X105.509 Y182.02
G0 X104.869 Y181.62
G0 X104.668 Y181.7
;TYPE:FILL
G1 F3000 X105.308 Y179.313 E658.28797
G1 X105.308 Y179.161
G1 X104.668 Y178.521 E658.31807
G1 X104.668 Y178.683
G1 X105.308 Y178.512 E658.34011
G0 F9000 X105.079 Y178.512
G0 X104.899 Y172.472
G0 X104.668 Y172.472
G1 F3000 X105.307 Y172.301 E658.36211
G0 F9000 X105.079 Y172.301
G0 X105.079 Y170.676
G0 X105.308 Y170.676
G1 F3000 X104.668 Y170.036 E658.39221
G0 F9000 X104.899 Y170.036
G0 X104.899 Y166.26
G0 X104.669 Y166.26
G1 F3000 X105.307 Y166.089 E658.41418
G0 F9000 X105.079 Y166.089
G0 X105.079 Y162.19
G0 X105.308 Y162.19
G1 F3000 X104.668 Y161.551 E658.44426
G0 F9000 X104.899 Y161.551
G0 X104.899 Y160.048
G0 X104.669 Y160.048
G1 F3000 X105.308 Y159.877 E658.46626
G0 F9000 X105.079 Y159.877
G0 X104.899 Y158.517
G0 X104.668 Y158.517
G1 F3000 X105.308 Y156.131 E658.54843
G0 F9000 X105.079 Y156.131
G0 X104.899 Y153.837
G0 X104.668 Y153.837
G1 F3000 X105.308 Y153.665 E658.57047
G1 X105.308 Y153.705
G1 X104.668 Y153.065 E658.60057
G0 F9000 X104.899 Y153.065
G0 X104.899 Y147.625
G0 X104.669 Y147.625
G1 F3000 X105.307 Y147.454 E658.62254
G0 F9000 X105.079 Y147.454
G0 X105.079 Y145.22
G0 X105.308 Y145.22
G1 F3000 X104.668 Y144.58 E658.65264
G0 F9000 X104.899 Y144.58
G0 X104.899 Y141.413
G0 X104.669 Y141.413
G1 F3000 X105.307 Y141.242 E658.67461
G0 F9000 X105.079 Y141.242
G0 X105.079 Y136.735
G0 X105.308 Y136.735
G1 F3000 X104.668 Y136.095 E658.70472
G0 F9000 X104.668 Y135.335
G1 F3000 X105.308 Y132.948 E658.78691
G0 F9000 X105.079 Y132.948
G0 X105.079 Y135.03
G0 X105.308 Y135.03
G1 F3000 X104.668 Y135.202 E658.80895
G0 F9000 X104.899 Y135.202
G0 X104.899 Y128.99
G0 X104.669 Y128.99
G1 F3000 X105.307 Y128.819 E658.83092
G0 F9000 X105.308 Y128.249
G1 F3000 X104.668 Y127.609 E658.86103
G0 F9000 X104.899 Y127.609
G0 X104.899 Y122.778
G0 X104.669 Y122.778
G1 F3000 X105.307 Y122.607 E658.883
G0 F9000 X105.079 Y122.607
G0 X105.079 Y119.764
G0 X105.308 Y119.764
G1 F3000 X104.668 Y119.124 E658.9131
G0 F9000 X104.899 Y119.124
G0 X104.899 Y116.567
G0 X104.669 Y116.567
G1 F3000 X105.308 Y116.395 E658.93511
G0 F9000 X105.079 Y116.395
G0 X104.899 Y112.153
G0 X104.668 Y112.153
G1 F3000 X105.308 Y109.765 E659.01734
G0 F9000 X105.308 Y110.184
G1 F3000 X104.668 Y110.355 E659.03937
G0 F9000 X104.668 Y110.639
G1 F3000 X105.308 Y111.279 E659.06947
G0 F9000 X105.079 Y111.279
G0 X104.899 Y104.143
G0 X104.669 Y104.143
G1 F3000 X105.307 Y103.972 E659.09144
G0 F9000 X105.079 Y103.972
G0 X105.079 Y102.794
G0 X105.308 Y102.794
G1 F3000 X104.668 Y102.154 E659.12155
G0 F9000 X104.899 Y102.154
G0 X104.899 Y97.932
G0 X104.669 Y97.932
G1 F3000 X105.308 Y97.761 E659.14355
G0 F9000 X105.079 Y97.761
G0 X105.079 Y94.308
G0 X105.308 Y94.308
G1 F3000 X104.668 Y93.668 E659.17365
G0 F9000 X104.899 Y93.668
G0 X104.899 Y91.72
G0 X104.668 Y91.72
G1 F3000 X105.308 Y91.549 E659.19568
G0 F9000 X105.079 Y91.549
G0 X104.899 Y88.97
G0 X104.668 Y88.97
G1 F3000 X105.308 Y86.583 E659.27788
G0 F9000 X105.308 Y85.823
G1 F3000 X104.668 Y85.183 E659.30798
G0 F9000 X104.669 Y85.508
G1 F3000 X105.308 Y85.337 E659.32999
G0 F9000 X105.079 Y85.337
G0 X104.899 Y79.297
G0 X104.669 Y79.297
G1 F3000 X105.307 Y79.126 E659.35195
G0 F9000 X105.079 Y79.126
G0 X105.079 Y77.338
G0 X105.308 Y77.338
G1 F3000 X104.668 Y76.698 E659.38206
G0 F9000 X104.899 Y76.698
G0 X104.899 Y73.085
G0 X104.669 Y73.085
G1 F3000 X105.308 Y72.914 E659.40406
G0 F9000 X105.079 Y72.914
G0 X105.079 Y68.852
G0 X105.308 Y68.852
G1 F3000 X104.668 Y68.212 E659.43416
G0 F9000 X104.899 Y68.212
G0 X104.899 Y66.873
G0 X104.669 Y66.873
G1 F3000 X105.308 Y66.702 E659.45616
G0 F9000 X105.079 Y66.702
G0 X104.899 Y65.787
G0 X104.669 Y65.787
G1 F3000 X105.308 Y63.4 E659.53835
G0 F9000 X105.079 Y63.4
G0 X104.899 Y60.662
G0 X104.669 Y60.662
G1 F3000 X105.307 Y60.491 E659.56032
G1 X105.308 Y60.367
G1 X104.668 Y59.727 E659.59042
G0 F9000 X104.899 Y59.727
G0 X104.899 Y54.45
G0 X104.669 Y54.45
G1 F3000 X105.308 Y54.279 E659.61242
G1 F2700 E654.61242
;MESH:NONMESH
G0 F300 X105.308 Y54.279 Z11.2
G0 F9000 X105.079 Y54.279
G0 X104.413 Y52.924
G0 X102.874 Y51.7
;TIME_ELAPSED:7486.892067
;LAYER:55
;TYPE:SUPPORT
G1 F2700 E659.61242
G1 F1500 X102.874 Y183.3 E663.98946
G1 X102.381 Y183.3 E664.00586
G1 X102.381 Y51.7 E668.38289
G1 X102.874 Y51.7 E668.39929
G1 F2700 E663.39929
G0 F9000 X103.739 Y51.7
G0 X132.618 Y50.835
G0 X132.618 Y51.7
G1 F2700 E668.39929
G1 F1500 X132.618 Y183.3 E672.77632
G1 X132.125 Y183.3 E672.79272
G1 X132.125 Y51.7 E677.16975
G1 X132.618 Y51.7 E677.18615
G1 F2700 E672.18615
;MESH:btncover.stl
G0 F9000 X130.701 Y52.924
G0 X130.006 Y181.62
G0 X129.724 Y181.9
;TYPE:WALL-INNER
G1 F2700 E677.18615
G1 F1500 X130.524 Y181.9 E677.21276
G1 X130.524 Y53.1 E681.49666
G1 X129.724 Y53.1 E681.52327
G1 X129.724 Y181.9 E685.80718
G0 F9000 X129.324 Y182.3
;TYPE:WALL-OUTER
G1 F1500 X130.924 Y182.3 E685.86039
G1 X130.924 Y52.7 E690.17091
G1 X129.324 Y52.7 E690.22412
G1 X129.324 Y182.3 E694.53464
G0 F9000 X129.606 Y182.02
G0 X130.036 Y180.074
G0 X129.804 Y180.074
;TYPE:FILL
G1 F3000 X130.444 Y177.686 E694.61686
G0 F9000 X130.443 Y178.135
G1 F3000 X129.805 Y178.306 E694.63883
G0 F9000 X129.804 Y178.001
G1 F3000 X130.444 Y178.642 E694.66896
G0 F9000 X130.215 Y178.642
G0 X130.036 Y172.094
G0 X129.805 Y172.094
G1 F3000 X130.444 Y171.923 E694.69096
G0 F9000 X130.215 Y171.923
G0 X130.215 Y170.157
G0 X130.444 Y170.157
G1 F3000 X129.804 Y169.516 E694.72109
G0 F9000 X130.036 Y169.516
G0 X130.036 Y165.882
G0 X129.805 Y165.882
G1 F3000 X130.444 Y165.711 E694.74309
G0 F9000 X130.215 Y165.711
G0 X130.215 Y161.671
G0 X130.444 Y161.671
G1 F3000 X129.804 Y161.031 E694.77319
G0 F9000 X130.036 Y161.031
G0 X130.036 Y159.671
G0 X129.805 Y159.671
G1 F3000 X130.443 Y159.5 E694.79516
G0 F9000 X130.215 Y159.5
G0 X130.036 Y156.892
G0 X129.804 Y156.892
G1 F3000 X130.444 Y154.504 E694.87739
G0 F9000 X130.215 Y154.504
G0 X130.215 Y153.288
G0 X130.444 Y153.288
G1 F3000 X129.805 Y153.459 E694.89939
G0 F9000 X130.444 Y153.186
G1 F3000 X129.804 Y152.546 E694.92949
G0 F9000 X130.036 Y152.546
G0 X130.036 Y147.247
G0 X129.804 Y147.247
G1 F3000 X130.444 Y147.076 E694.95153
G0 F9000 X130.215 Y147.076
G0 X130.215 Y144.701
G0 X130.444 Y144.701
G1 F3000 X129.804 Y144.06 E694.98165
G0 F9000 X130.036 Y144.06
G0 X130.036 Y141.036
G0 X129.805 Y141.036
G1 F3000 X130.443 Y140.865 E695.00362
G0 F9000 X130.215 Y140.865
G0 X130.215 Y136.216
G0 X130.444 Y136.216
G1 F3000 X129.804 Y135.575 E695.03375
G0 F9000 X129.805 Y134.824
G1 F3000 X130.443 Y134.653 E695.05572
G0 F9000 X130.215 Y134.653
G0 X130.036 Y133.71
G0 X129.804 Y133.71
G1 F3000 X130.444 Y131.323 E695.13792
G0 F9000 X130.215 Y131.323
G0 X130.036 Y128.613
G0 X129.804 Y128.613
G1 F3000 X130.444 Y128.441 E695.15996
G0 F9000 X130.444 Y127.73
G1 F3000 X129.804 Y127.09 E695.19006
G0 F9000 X130.036 Y127.09
G0 X130.036 Y122.401
G0 X129.805 Y122.401
G1 F3000 X130.443 Y122.23 E695.21203
G0 F9000 X130.215 Y122.23
G0 X130.215 Y119.245
G0 X130.444 Y119.245
G1 F3000 X129.804 Y118.604 E695.24216
G0 F9000 X130.036 Y118.604
G0 X130.036 Y116.189
G0 X129.805 Y116.189
G1 F3000 X130.443 Y116.018 E695.26413
G0 F9000 X130.215 Y116.018
G0 X130.215 Y110.76
G0 X130.444 Y110.76
G1 F3000 X129.804 Y110.119 E695.29425
G1 X129.804 Y109.978
G1 X130.444 Y109.806 E695.3163
G0 F9000 X129.804 Y110.528
G1 F3000 X130.444 Y108.141 E695.39849
G0 F9000 X130.215 Y108.141
G0 X130.036 Y103.766
G0 X129.805 Y103.766
G1 F3000 X130.443 Y103.595 E695.42046
G0 F9000 X130.215 Y103.595
G0 X130.215 Y102.275
G0 X130.444 Y102.275
G1 F3000 X129.804 Y101.634 E695.45059
G0 F9000 X130.036 Y101.634
G0 X130.036 Y97.554
G0 X129.805 Y97.554
G1 F3000 X130.443 Y97.383 E695.47256
G0 F9000 X130.215 Y97.383
G0 X130.215 Y93.789
G0 X130.444 Y93.789
G1 F3000 X129.804 Y93.149 E695.50266
G0 F9000 X130.036 Y93.149
G0 X130.036 Y91.343
G0 X129.804 Y91.343
G1 F3000 X130.444 Y91.171 E695.5247
G0 F9000 X130.215 Y91.171
G0 X130.036 Y87.346
G0 X129.804 Y87.346
G1 F3000 X130.444 Y84.959 E695.6069
G1 X130.443 Y84.96
G1 X129.804 Y85.131 E695.6289
G0 F9000 X129.804 Y84.663
G1 F3000 X130.444 Y85.304 E695.65903
G0 F9000 X130.215 Y85.304
G0 X130.036 Y78.919
G0 X129.805 Y78.919
G1 F3000 X130.443 Y78.748 E695.681
G0 F9000 X130.215 Y78.748
G0 X130.215 Y76.819
G0 X130.444 Y76.819
G1 F3000 X129.804 Y76.178 E695.71112
G0 F9000 X130.036 Y76.178
G0 X130.036 Y72.708
G0 X129.804 Y72.708
G1 F3000 X130.444 Y72.536 E695.73316
G0 F9000 X130.215 Y72.536
G0 X130.215 Y68.333
G0 X130.444 Y68.333
G1 F3000 X129.804 Y67.693 E695.76327
G0 F9000 X130.036 Y67.693
G0 X130.036 Y66.496
G0 X129.804 Y66.496
G1 F3000 X130.443 Y66.325 E695.78527
G0 F9000 X130.215 Y66.325
G0 X130.036 Y64.164
G0 X129.804 Y64.164
G1 F3000 X130.444 Y61.777 E695.86746
G0 F9000 X130.215 Y61.777
G0 X130.036 Y60.284
G0 X129.805 Y60.284
G1 F3000 X130.443 Y60.113 E695.88943
G0 F9000 X130.444 Y59.848
G1 F3000 X129.804 Y59.207 E695.91956
G0 F9000 X130.036 Y59.207
G0 X130.036 Y54.072
G0 X129.805 Y54.072
G1 F3000 X130.443 Y53.901 E695.94153
G1 F2700 E690.94153
G0 F9000 X130.215 Y53.901
G0 X129.556 Y181.62
G0 X128.461 Y181.62
G0 X106.539 Y181.62
G0 X105.444 Y181.62
G0 X104.994 Y181.62
G0 X105.272 Y181.9
;TYPE:WALL-INNER
G1 F2700 E695.94153
G1 F1500 X105.272 Y53.1 E700.22544
G1 X104.472 Y53.1 E700.25204
G1 X104.472 Y181.9 E704.53595
G1 X105.272 Y181.9 E704.56256
G0 F9000 X105.672 Y182.3
;TYPE:WALL-OUTER
G1 F1500 X105.672 Y52.7 E708.87307
G1 X104.072 Y52.7 E708.92629
G1 X104.072 Y182.3 E713.2368
G1 X105.672 Y182.3 E713.29002
G0 F9000 X105.394 Y182.02
G0 X104.784 Y181.589
G0 X104.552 Y181.589
;TYPE:FILL
G1 F3000 X105.192 Y179.201 E713.37224
G0 F9000 X105.192 Y178.846
G1 F3000 X104.551 Y178.205 E713.4024
G0 F9000 X104.553 Y178.86
G1 F3000 X105.191 Y178.689 E713.42436
G0 F9000 X104.964 Y178.689
G0 X104.784 Y172.649
G0 X104.552 Y172.649
G1 F3000 X105.192 Y172.477 E713.44641
G0 F9000 X104.964 Y172.477
G0 X104.964 Y170.36
G0 X105.192 Y170.36
G1 F3000 X104.551 Y169.72 E713.47653
G0 F9000 X104.784 Y169.72
G0 X104.784 Y166.437
G0 X104.553 Y166.437
G1 F3000 X105.191 Y166.266 E713.4985
G0 F9000 X104.964 Y166.266
G0 X104.964 Y161.875
G0 X105.192 Y161.875
G1 F3000 X104.551 Y161.234 E713.52865
G0 F9000 X104.784 Y161.234
G0 X104.784 Y160.225
G0 X104.553 Y160.225
G1 F3000 X105.191 Y160.054 E713.55062
G0 F9000 X104.964 Y160.054
G0 X104.784 Y158.407
G0 X104.552 Y158.407
G1 F3000 X105.192 Y156.018 E713.63288
G0 F9000 X104.964 Y156.018
G0 X104.784 Y154.014
G0 X104.552 Y154.014
G1 F3000 X105.192 Y153.842 E713.65492
G0 F9000 X105.192 Y153.39
G1 F3000 X104.551 Y152.749 E713.68507
G0 F9000 X104.784 Y152.749
G0 X104.784 Y147.802
G0 X104.553 Y147.802
G1 F3000 X105.191 Y147.631 E713.70704
G0 F9000 X104.964 Y147.631
G0 X104.964 Y144.905
G0 X105.192 Y144.905
G1 F3000 X104.551 Y144.264 E713.73719
G0 F9000 X104.784 Y144.264
G0 X104.784 Y141.59
G0 X104.553 Y141.59
G1 F3000 X105.191 Y141.419 E713.75916
G0 F9000 X104.964 Y141.419
G0 X104.964 Y136.419
G0 X105.192 Y136.419
G1 F3000 X104.551 Y135.779 E713.78929
G0 F9000 X104.552 Y135.379
G1 F3000 X105.192 Y135.207 E713.81133
G0 F9000 X104.552 Y135.225
G1 F3000 X105.192 Y132.836 E713.89359
G0 F9000 X104.964 Y132.836
G0 X104.784 Y129.167
G0 X104.552 Y129.167
G1 F3000 X105.192 Y128.996 E713.91563
G0 F9000 X104.964 Y128.996
G0 X104.964 Y127.934
G0 X105.192 Y127.934
G1 F3000 X104.551 Y127.293 E713.94578
G0 F9000 X104.784 Y127.293
G0 X104.784 Y122.955
G0 X104.553 Y122.955
G1 F3000 X105.191 Y122.784 E713.96775
G0 F9000 X104.964 Y122.784
G0 X104.964 Y119.449
G0 X105.192 Y119.449
G1 F3000 X104.551 Y118.808 E713.9979
G0 F9000 X104.784 Y118.808
G0 X104.784 Y116.744
G0 X104.552 Y116.744
G1 F3000 X105.192 Y116.573 E714.01993
G0 F9000 X104.964 Y116.573
G0 X104.784 Y112.043
G0 X104.552 Y112.043
G1 F3000 X105.192 Y109.653 E714.10222
G0 F9000 X105.192 Y110.361
G1 F3000 X104.552 Y110.532 E714.12425
G0 F9000 X104.551 Y110.323
G1 F3000 X105.192 Y110.963 E714.15438
G0 F9000 X104.964 Y110.963
G0 X104.784 Y104.32
G0 X104.553 Y104.32
G1 F3000 X105.192 Y104.149 E714.17638
G0 F9000 X104.964 Y104.149
G0 X104.964 Y102.478
G0 X105.192 Y102.478
G1 F3000 X104.551 Y101.838 E714.20651
G0 F9000 X104.784 Y101.838
G0 X104.784 Y98.109
G0 X104.552 Y98.109
G1 F3000 X105.191 Y97.938 E714.22851
G0 F9000 X104.964 Y97.938
G0 X104.964 Y93.993
G0 X105.192 Y93.993
G1 F3000 X104.551 Y93.352 E714.25866
G0 F9000 X104.784 Y93.352
G0 X104.784 Y91.897
G0 X104.552 Y91.897
G1 F3000 X105.192 Y91.726 E714.2807
G0 F9000 X104.964 Y91.726
G0 X104.784 Y88.861
G0 X104.552 Y88.861
G1 F3000 X105.192 Y86.47 E714.36302
G0 F9000 X105.192 Y85.514
G1 F3000 X104.553 Y85.685 E714.38502
G0 F9000 X105.192 Y85.508
G1 F3000 X104.551 Y84.867 E714.41517
G0 F9000 X104.784 Y84.867
G0 X104.784 Y79.474
G0 X104.552 Y79.474
G1 F3000 X105.191 Y79.303 E714.43717
G0 F9000 X104.964 Y79.303
G0 X104.964 Y77.022
G0 X105.192 Y77.022
G1 F3000 X104.551 Y76.382 E714.4673
G0 F9000 X104.784 Y76.382
G0 X104.784 Y73.262
G0 X104.552 Y73.262
G1 F3000 X105.192 Y73.091 E714.48933
G0 F9000 X104.964 Y73.091
G0 X104.964 Y68.537
G0 X105.192 Y68.537
G1 F3000 X104.551 Y67.896 E714.51948
G0 F9000 X104.552 Y67.051
G1 F3000 X105.192 Y66.879 E714.54153
G0 F9000 X104.964 Y66.879
G0 X104.784 Y65.679
G0 X104.552 Y65.679
G1 F3000 X105.192 Y63.288 E714.62385
G0 F9000 X104.964 Y63.288
G0 X104.784 Y60.839
G0 X104.552 Y60.839
G1 F3000 X105.192 Y60.667 E714.64589
G0 F9000 X105.192 Y60.052
G1 F3000 X104.551 Y59.411 E714.67604
G0 F9000 X104.784 Y59.411
G0 X104.784 Y54.627
G0 X104.552 Y54.627
G1 F3000 X105.192 Y54.456 E714.69808
G1 F2700 E709.69808
;MESH:NONMESH
G0 F300 X105.192 Y54.456 Z11.4
G0 F9000 X104.964 Y54.456
G0 X104.298 Y52.924
G0 X102.758 Y51.7
;TIME_ELAPSED:7573.565487
;LAYER:56
;TYPE:SUPPORT
G1 F2700 E714.69808
G1 F1500 X102.758 Y183.3 E719.07511
G1 X102.381 Y183.3 E719.08765
G1 X102.381 Y51.7 E723.46468
G1 X102.758 Y51.7 E723.47722
G1 F2700 E718.47722
G0 F9000 X103.623 Y51.7
G0 X132.618 Y50.835
G0 X132.618 Y51.7
G1 F2700 E723.47722
G1 F1500 X132.618 Y183.3 E727.85425
G1 X132.241 Y183.3 E727.86679
G1 X132.241 Y51.7 E732.24383
G1 X132.618 Y51.7 E732.25637
G1 F2700 E727.25637
;MESH:btncover.stl
G0 F9000 X130.817 Y52.924
G0 X130.122 Y181.62
G0 X129.84 Y181.9
;TYPE:WALL-INNER
G1 F2700 E732.25637
G1 F1500 X130.64 Y181.9 E732.28298
G1 X130.64 Y53.1 E736.56688
G1 X129.84 Y53.1 E736.59349
G1 X129.84 Y181.9 E740.87739
G0 F9000 X129.44 Y182.3
;TYPE:WALL-OUTER
G1 F1500 X131.04 Y182.3 E740.93061
G1 X131.04 Y52.7 E745.24112
G1 X129.44 Y52.7 E745.29434
G1 X129.44 Y182.3 E749.60485
G0 F9000 X129.722 Y182.02
G0 X130.152 Y179.092
G0 X129.92 Y179.092
;TYPE:FILL
G1 F3000 X130.56 Y176.705 E749.68705
G0 F9000 X130.331 Y176.705
G0 X130.152 Y177.917
G0 X129.92 Y177.917
G1 F3000 X130.56 Y178.557 E749.71715
G0 F9000 X130.559 Y178.25
G1 F3000 X129.921 Y178.422 E749.73913
G0 F9000 X130.152 Y178.422
G0 X130.152 Y172.21
G0 X129.921 Y172.21
G1 F3000 X130.56 Y172.039 E749.76113
G0 F9000 X130.331 Y172.039
G0 X130.331 Y170.072
G0 X130.56 Y170.072
G1 F3000 X129.92 Y169.431 E749.79126
G0 F9000 X130.152 Y169.431
G0 X130.152 Y165.998
G0 X129.92 Y165.998
G1 F3000 X130.56 Y165.827 E749.81329
G0 F9000 X130.331 Y165.827
G0 X130.331 Y161.587
G0 X130.56 Y161.587
G1 F3000 X129.92 Y160.946 E749.84342
G0 F9000 X130.152 Y160.946
G0 X130.152 Y159.787
G0 X129.921 Y159.787
G1 F3000 X130.559 Y159.616 E749.86539
G0 F9000 X130.331 Y159.616
G0 X130.152 Y155.91
G0 X129.92 Y155.91
G1 F3000 X130.56 Y153.524 E749.94755
G1 X130.56 Y153.404
G1 X129.921 Y153.575 E749.96955
G0 F9000 X130.56 Y153.101
G1 F3000 X129.92 Y152.461 E749.99966
G0 F9000 X130.152 Y152.461
G0 X130.152 Y147.363
G0 X129.92 Y147.363
G1 F3000 X130.56 Y147.192 E750.02169
G0 F9000 X130.331 Y147.192
G0 X130.331 Y144.616
G0 X130.56 Y144.616
G1 F3000 X129.92 Y143.975 E750.05182
G0 F9000 X130.152 Y143.975
G0 X130.152 Y141.152
G0 X129.921 Y141.152
G1 F3000 X130.559 Y140.981 E750.07379
G0 F9000 X130.331 Y140.981
G0 X130.331 Y136.131
G0 X130.56 Y136.131
G1 F3000 X129.92 Y135.49 E750.10391
G0 F9000 X129.921 Y134.94
G1 F3000 X130.559 Y134.769 E750.12588
G0 F9000 X130.331 Y134.769
G0 X130.152 Y132.728
G0 X129.92 Y132.728
G1 F3000 X130.56 Y130.342 E750.20805
G0 F9000 X130.331 Y130.342
G0 X130.152 Y128.728
G0 X129.92 Y128.728
G1 F3000 X130.56 Y128.557 E750.23008
G0 F9000 X130.56 Y127.646
G1 F3000 X129.92 Y127.005 E750.26021
G0 F9000 X130.152 Y127.005
G0 X130.152 Y122.517
G0 X129.921 Y122.517
G1 F3000 X130.559 Y122.346 E750.28218
G0 F9000 X130.331 Y122.346
G0 X130.331 Y119.16
G0 X130.56 Y119.16
G1 F3000 X129.92 Y118.52 E750.31228
G0 F9000 X130.152 Y118.52
G0 X130.152 Y116.305
G0 X129.921 Y116.305
G1 F3000 X130.559 Y116.134 E750.33425
G0 F9000 X130.331 Y116.134
G0 X130.331 Y110.675
G0 X130.56 Y110.675
G1 F3000 X129.92 Y110.034 E750.36438
G1 X129.92 Y110.094
G1 X130.56 Y109.922 E750.38642
G0 F9000 X129.92 Y109.547
G1 F3000 X130.56 Y107.16 E750.46861
G0 F9000 X130.331 Y107.16
G0 X130.152 Y103.882
G0 X129.921 Y103.882
G1 F3000 X130.559 Y103.711 E750.49058
G0 F9000 X130.331 Y103.711
G0 X130.331 Y102.19
G0 X130.56 Y102.19
G1 F3000 X129.92 Y101.549 E750.52071
G0 F9000 X130.152 Y101.549
G0 X130.152 Y97.67
G0 X129.921 Y97.67
G1 F3000 X130.559 Y97.499 E750.54268
G0 F9000 X130.331 Y97.499
G0 X130.331 Y93.704
G0 X130.56 Y93.704
G1 F3000 X129.92 Y93.064 E750.57278
G0 F9000 X130.152 Y93.064
G0 X130.152 Y91.459
G0 X129.92 Y91.459
G1 F3000 X130.56 Y91.287 E750.59482
G0 F9000 X130.331 Y91.287
G0 X130.152 Y86.365
G0 X129.92 Y86.365
G1 F3000 X130.56 Y83.978 E750.67702
G0 F9000 X129.92 Y84.578
G1 F3000 X130.56 Y85.219 E750.70715
G1 X130.559 Y85.076
G1 X129.92 Y85.247 E750.72915
G0 F9000 X130.152 Y85.247
G0 X130.152 Y79.035
G0 X129.921 Y79.035
G1 F3000 X130.559 Y78.864 E750.75112
G0 F9000 X130.331 Y78.864
G0 X130.331 Y76.734
G0 X130.56 Y76.734
G1 F3000 X129.92 Y76.093 E750.78124
G0 F9000 X130.152 Y76.093
G0 X130.152 Y72.824
G0 X129.92 Y72.824
G1 F3000 X130.56 Y72.652 E750.80329
G0 F9000 X130.331 Y72.652
G0 X130.331 Y68.249
G0 X130.56 Y68.249
G1 F3000 X129.92 Y67.608 E750.83341
G0 F9000 X129.92 Y66.612
G1 F3000 X130.559 Y66.441 E750.85541
G0 F9000 X130.331 Y66.441
G0 X130.152 Y63.183
G0 X129.92 Y63.183
G1 F3000 X130.56 Y60.796 E750.93761
G0 F9000 X130.559 Y60.229
G1 F3000 X129.921 Y60.4 E750.95958
G0 F9000 X130.56 Y59.763
G1 F3000 X129.92 Y59.123 E750.98968
G0 F9000 X130.152 Y59.123
G0 X130.152 Y54.188
G0 X129.921 Y54.188
G1 F3000 X130.559 Y54.017 E751.01165
G1 F2700 E746.01165
G0 F9000 X130.331 Y54.017
G0 X129.672 Y181.62
G0 X128.577 Y181.62
G0 X106.423 Y181.62
G0 X105.328 Y181.62
G0 X104.878 Y181.62
G0 X105.156 Y181.9
;TYPE:WALL-INNER
G1 F2700 E751.01165
G1 F1500 X105.156 Y53.1 E755.29556
G1 X104.356 Y53.1 E755.32217
G1 X104.356 Y181.9 E759.60607
G1 X105.156 Y181.9 E759.63268
G0 F9000 X105.556 Y182.3
;TYPE:WALL-OUTER
G1 F1500 X105.556 Y52.7 E763.94319
G1 X103.956 Y52.7 E763.99641
G1 X103.956 Y182.3 E768.30692
G1 X105.556 Y182.3 E768.36014
G0 F9000 X105.278 Y182.02
G0 X104.668 Y181.473
G0 X104.436 Y181.473
;TYPE:FILL
G1 F3000 X105.076 Y179.085 E768.44237
G0 F9000 X105.076 Y178.867
G1 F3000 X104.436 Y179.039 E768.46441
G0 F9000 X105.076 Y178.529
G1 F3000 X104.435 Y177.888 E768.49456
G0 F9000 X104.668 Y177.888
G0 X104.668 Y172.827
G0 X104.436 Y172.827
G1 F3000 X105.075 Y172.656 E768.51656
G0 F9000 X104.848 Y172.656
G0 X104.848 Y170.044
G0 X105.076 Y170.044
G1 F3000 X104.435 Y169.403 E768.54671
G0 F9000 X104.668 Y169.403
G0 X104.668 Y166.615
G0 X104.437 Y166.615
G1 F3000 X105.075 Y166.444 E768.56868
G0 F9000 X104.848 Y166.444
G0 X104.848 Y161.558
G0 X105.076 Y161.558
G1 F3000 X104.435 Y160.918 E768.59881
G0 F9000 X104.436 Y160.404
G1 F3000 X105.076 Y160.232 E768.62085
G0 F9000 X104.848 Y160.232
G0 X104.668 Y158.291
G0 X104.436 Y158.291
G1 F3000 X105.076 Y155.902 E768.70311
G0 F9000 X104.848 Y155.902
G0 X104.668 Y154.192
G0 X104.436 Y154.192
G1 F3000 X105.076 Y154.021 E768.72514
G0 F9000 X105.076 Y153.073
G1 F3000 X104.435 Y152.432 E768.75529
G0 F9000 X104.668 Y152.432
G0 X104.668 Y147.98
G0 X104.437 Y147.98
G1 F3000 X105.075 Y147.809 E768.77726
G0 F9000 X104.848 Y147.809
G0 X104.848 Y144.588
G0 X105.076 Y144.588
G1 F3000 X104.435 Y143.947 E768.80741
G0 F9000 X104.668 Y143.947
G0 X104.668 Y141.769
G0 X104.436 Y141.769
G1 F3000 X105.075 Y141.597 E768.82942
G0 F9000 X104.848 Y141.597
G0 X104.848 Y136.102
G0 X105.076 Y136.102
G1 F3000 X104.435 Y135.462 E768.85955
G1 X104.436 Y135.557
G1 X105.076 Y135.386 E768.88158
G0 F9000 X104.436 Y135.109
G1 F3000 X105.076 Y132.72 E768.96384
G0 F9000 X104.848 Y132.72
G0 X104.668 Y129.345
G0 X104.437 Y129.345
G1 F3000 X105.076 Y129.174 E768.98584
G0 F9000 X104.848 Y129.174
G0 X104.848 Y127.617
G0 X105.076 Y127.617
G1 F3000 X104.435 Y126.977 E769.01597
G0 F9000 X104.668 Y126.977
G0 X104.668 Y123.134
G0 X104.436 Y123.134
G1 F3000 X105.075 Y122.962 E769.03798
G0 F9000 X104.848 Y122.962
G0 X104.848 Y119.132
G0 X105.076 Y119.132
G1 F3000 X104.435 Y118.491 E769.06813
G0 F9000 X104.668 Y118.491
G0 X104.668 Y116.922
G0 X104.436 Y116.922
G1 F3000 X105.076 Y116.751 E769.09016
G0 F9000 X104.848 Y116.751
G0 X104.668 Y111.927
G0 X104.436 Y111.927
G1 F3000 X105.076 Y109.537 E769.17246
G0 F9000 X104.435 Y110.006
G1 F3000 X105.076 Y110.647 E769.20261
G1 X105.076 Y110.539
G1 X104.436 Y110.71 E769.22464
G0 F9000 X104.668 Y110.71
G0 X104.668 Y104.499
G0 X104.436 Y104.499
G1 F3000 X105.075 Y104.327 E769.24665
G0 F9000 X104.848 Y104.327
G0 X104.848 Y102.161
G0 X105.076 Y102.161
G1 F3000 X104.435 Y101.521 E769.27678
G0 F9000 X104.668 Y101.521
G0 X104.668 Y98.287
G0 X104.436 Y98.287
G1 F3000 X105.076 Y98.116 E769.29881
G0 F9000 X104.848 Y98.116
G0 X104.848 Y93.676
G0 X105.076 Y93.676
G1 F3000 X104.435 Y93.035 E769.32896
G0 F9000 X104.436 Y92.075
G1 F3000 X105.076 Y91.904 E769.35099
G0 F9000 X104.848 Y91.904
G0 X104.668 Y88.745
G0 X104.436 Y88.745
G1 F3000 X105.076 Y86.354 E769.43332
G0 F9000 X105.076 Y85.692
G1 F3000 X104.436 Y85.864 E769.45536
G0 F9000 X105.076 Y85.191
G1 F3000 X104.435 Y84.55 E769.48551
G0 F9000 X104.668 Y84.55
G0 X104.668 Y79.652
G0 X104.436 Y79.652
G1 F3000 X105.075 Y79.481 E769.50751
G0 F9000 X104.848 Y79.481
G0 X104.848 Y76.706
G0 X105.076 Y76.706
G1 F3000 X104.435 Y76.065 E769.53766
G0 F9000 X104.668 Y76.065
G0 X104.668 Y73.44
G0 X104.436 Y73.44
G1 F3000 X105.076 Y73.269 E769.5597
G0 F9000 X104.848 Y73.269
G0 X104.848 Y68.22
G0 X105.076 Y68.22
G1 F3000 X104.435 Y67.58 E769.58982
G0 F9000 X104.436 Y67.229
G1 F3000 X105.076 Y67.057 E769.61187
G0 F9000 X104.848 Y67.057
G0 X104.668 Y65.563
G0 X104.436 Y65.563
G1 F3000 X105.076 Y63.172 E769.69419
G0 F9000 X104.848 Y63.172
G0 X104.668 Y61.017
G0 X104.436 Y61.017
G1 F3000 X105.076 Y60.845 E769.71623
G0 F9000 X104.848 Y60.845
G0 X104.848 Y59.735
G0 X105.076 Y59.735
G1 F3000 X104.435 Y59.094 E769.74638
G0 F9000 X104.668 Y59.094
G0 X104.668 Y54.805
G0 X104.436 Y54.805
G1 F3000 X105.076 Y54.634 E769.76842
G1 F2700 E764.76842
;MESH:NONMESH
G0 F300 X105.076 Y54.634 Z11.6
G0 F9000 X104.848 Y54.634
G0 X104.878 Y181.62
G0 X105.04 Y181.9
;TIME_ELAPSED:7661.035400
;LAYER:57
;TYPE:WALL-INNER
;MESH:btncover.stl
G1 F2700 E769.76842
G1 F1500 X105.04 Y53.1 E774.05232
G1 X104.24 Y53.1 E774.07893
G1 X104.24 Y181.9 E778.36283
G1 X105.04 Y181.9 E778.38944
G0 F9000 X105.44 Y182.3
;TYPE:WALL-OUTER
G1 F1500 X105.44 Y52.7 E782.69996
G1 X103.84 Y52.7 E782.75317
G1 X103.84 Y182.3 E787.06369
G1 X105.44 Y182.3 E787.1169
G0 F9000 X105.163 Y182.02
G0 X104.553 Y181.36
G0 X104.32 Y181.36
;TYPE:FILL
G1 F3000 X104.96 Y178.973 E787.1991
G1 X104.959 Y179.044
G1 X104.321 Y179.215 E787.22107
G0 F9000 X104.553 Y179.215
G0 X104.733 Y178.214
G0 X104.96 Y178.214
G1 F3000 X104.319 Y177.573 E787.25122
G0 F9000 X104.553 Y177.573
G0 X104.553 Y173.004
G0 X104.32 Y173.004
G1 F3000 X104.96 Y172.833 E787.27325
G0 F9000 X104.733 Y172.833
G0 X104.733 Y169.728
G0 X104.96 Y169.728
G1 F3000 X104.319 Y169.088 E787.30338
G0 F9000 X104.553 Y169.088
G0 X104.553 Y166.792
G0 X104.321 Y166.792
G1 F3000 X104.959 Y166.621 E787.32535
G0 F9000 X104.733 Y166.621
G0 X104.733 Y161.243
G0 X104.96 Y161.243
G1 F3000 X104.319 Y160.602 E787.3555
G1 X104.321 Y160.58
G1 X104.959 Y160.409 E787.37747
G0 F9000 X104.733 Y160.409
G0 X104.553 Y158.178
G0 X104.32 Y158.178
G1 F3000 X104.96 Y155.79 E787.4597
G0 F9000 X104.733 Y155.79
G0 X104.553 Y154.369
G0 X104.32 Y154.369
G1 F3000 X104.96 Y154.198 E787.48173
G0 F9000 X104.733 Y154.198
G0 X104.733 Y152.758
G0 X104.96 Y152.758
G1 F3000 X104.319 Y152.117 E787.51188
G0 F9000 X104.553 Y152.117
G0 X104.553 Y148.157
G0 X104.321 Y148.157
G1 F3000 X104.96 Y147.986 E787.53388
G0 F9000 X104.733 Y147.986
G0 X104.733 Y144.272
G0 X104.96 Y144.272
G1 F3000 X104.319 Y143.632 E787.56401
G0 F9000 X104.553 Y143.632
G0 X104.553 Y141.945
G0 X104.321 Y141.945
G1 F3000 X104.959 Y141.774 E787.58598
G0 F9000 X104.733 Y141.774
G0 X104.733 Y135.787
G0 X104.96 Y135.787
G1 F3000 X104.319 Y135.146 E787.61613
G1 X104.32 Y134.996
G1 X104.96 Y132.608 E787.69836
G0 F9000 X104.733 Y132.608
G0 X104.733 Y135.563
G0 X104.96 Y135.563
G1 F3000 X104.32 Y135.734 E787.72039
G0 F9000 X104.553 Y135.734
G0 X104.553 Y129.522
G0 X104.32 Y129.522
G1 F3000 X104.96 Y129.351 E787.74242
G0 F9000 X104.733 Y129.351
G0 X104.733 Y127.302
G0 X104.96 Y127.302
G1 F3000 X104.319 Y126.661 E787.77257
G0 F9000 X104.553 Y126.661
G0 X104.553 Y123.311
G0 X104.321 Y123.311
G1 F3000 X104.959 Y123.139 E787.79455
G0 F9000 X104.733 Y123.139
G0 X104.733 Y118.817
G0 X104.96 Y118.817
G1 F3000 X104.319 Y118.176 E787.8247
G0 F9000 X104.553 Y118.176
G0 X104.553 Y117.099
G0 X104.32 Y117.099
G1 F3000 X104.96 Y116.928 E787.84673
G0 F9000 X104.733 Y116.928
G0 X104.553 Y111.814
G0 X104.32 Y111.814
G1 F3000 X104.96 Y109.425 E787.92899
G0 F9000 X104.319 Y109.691
G1 F3000 X104.96 Y110.331 E787.95912
G0 F9000 X104.96 Y110.716
G1 F3000 X104.32 Y110.887 E787.98115
G0 F9000 X104.553 Y110.887
G0 X104.553 Y104.676
G0 X104.321 Y104.676
G1 F3000 X104.96 Y104.504 E788.00316
G0 F9000 X104.733 Y104.504
G0 X104.733 Y101.846
G0 X104.96 Y101.846
G1 F3000 X104.319 Y101.205 E788.03331
G0 F9000 X104.553 Y101.205
G0 X104.553 Y98.464
G0 X104.32 Y98.464
G1 F3000 X104.959 Y98.293 E788.05532
G0 F9000 X104.733 Y98.293
G0 X104.733 Y93.361
G0 X104.96 Y93.361
G1 F3000 X104.319 Y92.72 E788.08547
G0 F9000 X104.32 Y92.252
G1 F3000 X104.96 Y92.081 E788.1075
G0 F9000 X104.733 Y92.081
G0 X104.553 Y88.632
G0 X104.32 Y88.632
G1 F3000 X104.96 Y86.242 E788.18979
G0 F9000 X104.96 Y85.869
G1 F3000 X104.321 Y86.041 E788.2118
G0 F9000 X104.553 Y86.041
G0 X104.733 Y84.875
G0 X104.96 Y84.875
G1 F3000 X104.319 Y84.235 E788.24193
G0 F9000 X104.553 Y84.235
G0 X104.553 Y79.829
G0 X104.32 Y79.829
G1 F3000 X104.96 Y79.658 E788.26396
G0 F9000 X104.733 Y79.658
G0 X104.733 Y76.39
G0 X104.96 Y76.39
G1 F3000 X104.319 Y75.75 E788.29409
G0 F9000 X104.553 Y75.75
G0 X104.553 Y73.617
G0 X104.32 Y73.617
G1 F3000 X104.96 Y73.446 E788.31612
G0 F9000 X104.733 Y73.446
G0 X104.733 Y67.905
G0 X104.96 Y67.905
G1 F3000 X104.319 Y67.264 E788.34627
G1 X104.321 Y67.406
G1 X104.96 Y67.234 E788.36828
G0 F9000 X104.733 Y67.234
G0 X104.553 Y65.45
G0 X104.32 Y65.45
G1 F3000 X104.96 Y63.06 E788.45058
G0 F9000 X104.733 Y63.06
G0 X104.553 Y61.194
G0 X104.32 Y61.194
G1 F3000 X104.96 Y61.023 E788.47261
G0 F9000 X104.733 Y61.023
G0 X104.733 Y59.42
G0 X104.96 Y59.42
G1 F3000 X104.319 Y58.779 E788.50276
G0 F9000 X104.553 Y58.779
G0 X104.553 Y54.982
G0 X104.32 Y54.982
G1 F3000 X104.96 Y54.811 E788.52479
G1 F2700 E783.52479
G0 F9000 X104.733 Y54.811
G0 X105.213 Y181.62
G0 X106.308 Y181.62
G0 X128.692 Y181.62
G0 X129.787 Y181.62
G0 X130.237 Y181.62
G0 X129.956 Y181.9
;TYPE:WALL-INNER
G1 F2700 E788.52479
G1 F1500 X130.756 Y181.9 E788.5514
G1 X130.756 Y53.1 E792.83531
G1 X129.956 Y53.1 E792.86191
G1 X129.956 Y181.9 E797.14582
G0 F9000 X129.556 Y182.3
;TYPE:WALL-OUTER
G1 F1500 X131.156 Y182.3 E797.19904
G1 X131.156 Y52.7 E801.50955
G1 X129.556 Y52.7 E801.56277
G1 X129.556 Y182.3 E805.87328
G0 F9000 X129.837 Y182.02
G0 X130.267 Y178.537
G0 X130.037 Y178.537
;TYPE:FILL
G1 F3000 X130.676 Y178.365 E805.89529
G1 X130.676 Y178.474
G1 X130.036 Y177.833 E805.92542
G0 F9000 X130.036 Y178.115
G1 F3000 X130.676 Y175.727 E806.00764
G0 F9000 X130.446 Y175.727
G0 X130.267 Y172.325
G0 X130.037 Y172.325
G1 F3000 X130.675 Y172.154 E806.02961
G0 F9000 X130.446 Y172.154
G0 X130.446 Y169.988
G0 X130.676 Y169.988
G1 F3000 X130.036 Y169.348 E806.05972
G0 F9000 X130.267 Y169.348
G0 X130.267 Y166.113
G0 X130.037 Y166.113
G1 F3000 X130.676 Y165.942 E806.08172
G0 F9000 X130.446 Y165.942
G0 X130.446 Y161.503
G0 X130.676 Y161.503
G1 F3000 X130.036 Y160.863 E806.11182
G0 F9000 X130.036 Y159.902
G1 F3000 X130.676 Y159.73 E806.13386
G0 F9000 X130.446 Y159.73
G0 X130.267 Y154.932
G0 X130.037 Y154.932
G1 F3000 X130.676 Y152.545 E806.21605
G0 F9000 X130.676 Y153.018
G1 F3000 X130.036 Y152.377 E806.24618
G0 F9000 X130.267 Y152.377
G0 X130.446 Y153.519
G0 X130.675 Y153.519
G1 F3000 X130.037 Y153.69 E806.26815
G0 F9000 X130.267 Y153.69
G0 X130.267 Y147.478
G0 X130.037 Y147.478
G1 F3000 X130.676 Y147.307 E806.29015
G0 F9000 X130.446 Y147.307
G0 X130.446 Y144.533
G0 X130.676 Y144.533
G1 F3000 X130.036 Y143.892 E806.32027
G0 F9000 X130.267 Y143.892
G0 X130.267 Y141.267
G0 X130.036 Y141.267
G1 F3000 X130.676 Y141.095 E806.34232
G0 F9000 X130.446 Y141.095
G0 X130.446 Y136.047
G0 X130.676 Y136.047
G1 F3000 X130.036 Y135.407 E806.37242
G0 F9000 X130.037 Y135.055
G1 F3000 X130.675 Y134.884 E806.39439
G0 F9000 X130.446 Y134.884
G0 X130.267 Y131.75
G0 X130.036 Y131.75
G1 F3000 X130.676 Y129.363 E806.47659
G0 F9000 X130.675 Y128.672
G1 F3000 X130.037 Y128.843 E806.49855
G0 F9000 X130.267 Y128.843
G0 X130.446 Y127.562
G0 X130.676 Y127.562
G1 F3000 X130.036 Y126.921 E806.52868
G0 F9000 X130.267 Y126.921
G0 X130.267 Y122.632
G0 X130.036 Y122.632
G1 F3000 X130.676 Y122.46 E806.55072
G0 F9000 X130.446 Y122.46
G0 X130.446 Y119.077
G0 X130.676 Y119.077
G1 F3000 X130.036 Y118.436 E806.58085
G0 F9000 X130.267 Y118.436
G0 X130.267 Y116.42
G0 X130.037 Y116.42
G1 F3000 X130.675 Y116.249 E806.60282
G0 F9000 X130.446 Y116.249
G0 X130.446 Y110.592
G0 X130.676 Y110.592
G1 F3000 X130.036 Y109.951 E806.63295
G0 F9000 X130.037 Y110.208
G1 F3000 X130.675 Y110.037 E806.65492
G0 F9000 X130.446 Y110.037
G0 X130.267 Y108.568
G0 X130.036 Y108.568
G1 F3000 X130.676 Y106.181 E806.73711
G0 F9000 X130.446 Y106.181
G0 X130.267 Y103.997
G0 X130.036 Y103.997
G1 F3000 X130.676 Y103.825 E806.75915
G0 F9000 X130.446 Y103.825
G0 X130.446 Y102.106
G0 X130.676 Y102.106
G1 F3000 X130.036 Y101.466 E806.78926
G0 F9000 X130.267 Y101.466
G0 X130.267 Y97.785
G0 X130.037 Y97.785
G1 F3000 X130.675 Y97.614 E806.81123
G0 F9000 X130.446 Y97.614
G0 X130.446 Y93.621
G0 X130.676 Y93.621
G1 F3000 X130.036 Y92.98 E806.84135
G0 F9000 X130.267 Y92.98
G0 X130.267 Y91.573
G0 X130.037 Y91.573
G1 F3000 X130.675 Y91.402 E806.86332
G0 F9000 X130.446 Y91.402
G0 X130.267 Y85.386
G0 X130.036 Y85.386
G1 F3000 X130.676 Y83 E806.94549
G0 F9000 X130.446 Y83
G0 X130.267 Y84.495
G0 X130.036 Y84.495
G1 F3000 X130.676 Y85.136 E806.97561
G1 X130.676 Y85.19
G1 X130.036 Y85.362 E806.99766
G0 F9000 X130.267 Y85.362
G0 X130.267 Y79.15
G0 X130.036 Y79.15
G1 F3000 X130.675 Y78.979 E807.01966
G0 F9000 X130.446 Y78.979
G0 X130.446 Y76.65
G0 X130.676 Y76.65
G1 F3000 X130.036 Y76.01 E807.04976
G0 F9000 X130.267 Y76.01
G0 X130.267 Y72.938
G0 X130.037 Y72.938
G1 F3000 X130.675 Y72.767 E807.07173
G0 F9000 X130.446 Y72.767
G0 X130.446 Y68.165
G0 X130.676 Y68.165
G1 F3000 X130.036 Y67.524 E807.10186
G0 F9000 X130.036 Y66.727
G1 F3000 X130.675 Y66.556 E807.12386
G0 F9000 X130.446 Y66.556
G0 X130.267 Y62.204
G0 X130.036 Y62.204
G1 F3000 X130.676 Y59.818 E807.20602
G1 X130.676 Y59.68
G1 X130.036 Y59.039 E807.23615
G0 F9000 X130.267 Y59.039
G0 X130.446 Y60.344
G0 X130.675 Y60.344
G1 F3000 X130.036 Y60.515 E807.25815
G0 F9000 X130.267 Y60.515
G0 X130.267 Y54.303
G0 X130.037 Y54.303
G1 F3000 X130.675 Y54.132 E807.28012
G1 F2700 E802.28012
;MESH:NONMESH
G0 F300 X130.675 Y54.132 Z11.8
G0 F9000 X130.446 Y54.132
G0 X129.787 Y181.62
G0 X128.692 Y181.62
G0 X106.308 Y181.62
G0 X105.213 Y181.62
G0 X104.763 Y181.62
G0 X104.924 Y181.9
;TIME_ELAPSED:7725.536438
;LAYER:58
;TYPE:WALL-INNER
;MESH:btncover.stl
G1 F2700 E807.28012
G1 F1500 X104.924 Y53.1 E811.56402
G1 X104.124 Y53.1 E811.59063
G1 X104.124 Y181.9 E815.87454
G1 X104.924 Y181.9 E815.90115
G0 F9000 X105.324 Y182.3
;TYPE:WALL-OUTER
G1 F1500 X105.324 Y52.7 E820.21166
G1 X103.724 Y52.7 E820.26487
G1 X103.724 Y182.3 E824.57539
G1 X105.324 Y182.3 E824.6286
G1 F2700 E819.6286
G0 F9000 X105.047 Y182.02
G0 X104.752 Y53.272
G0 X104.524 Y53.5
;TYPE:SKIN
G1 F2700 E824.6286
G1 F1250 X104.524 Y181.5 E829.73736
G1 F2700 E824.73736
G0 F9000 X104.224 Y181.5
G0 X105.097 Y181.9
G0 X106.192 Y181.9
G0 X128.808 Y181.9
G0 X130.072 Y181.9
;TYPE:WALL-INNER
G1 F2700 E829.73736
G1 F1500 X130.872 Y181.9 E829.76397
G1 X130.872 Y53.1 E834.04787
G1 X130.072 Y53.1 E834.07448
G1 X130.072 Y181.9 E838.35839
G0 F9000 X129.672 Y182.3
;TYPE:WALL-OUTER
G1 F1500 X131.272 Y182.3 E838.4116
G1 X131.272 Y52.7 E842.72212
G1 X129.672 Y52.7 E842.77533
G1 X129.672 Y182.3 E847.08585
G1 F2700 E842.08585
G0 F9000 X129.953 Y182.02
G0 X130.244 Y53.272
G0 X130.472 Y53.5
;TYPE:SKIN
G1 F2700 E847.08585
G1 F1250 X130.472 Y181.5 E852.1946
G1 F2700 E847.1946
;MESH:NONMESH
G0 F300 X130.472 Y181.5 Z12
G0 F9000 X130.772 Y181.5
G0 X129.903 Y181.9
G0 X128.808 Y181.9
G0 X106.192 Y181.9
G0 X104.812 Y181.9
;TIME_ELAPSED:7785.025217
;LAYER:59
;TYPE:WALL-INNER
;MESH:btncover.stl
G1 F2700 E852.1946
G1 F1500 X104.812 Y53.1 E856.47851
G1 X104.012 Y53.1 E856.50512
G1 X104.012 Y181.9 E860.78902
G1 X104.812 Y181.9 E860.81563
G0 F9000 X105.212 Y182.3
;TYPE:WALL-OUTER
G1 F1500 X105.212 Y52.7 E865.12614
G1 X103.612 Y52.7 E865.17936
G1 X103.612 Y182.3 E869.48987
G1 X105.212 Y182.3 E869.54309
G1 F2700 E864.54309
G0 F9000 X104.932 Y182.02
G0 X104.64 Y53.272
G0 X104.412 Y53.5
;TYPE:SKIN
G1 F2700 E869.54309
G1 F1250 X104.412 Y181.5 E874.65185
G1 F2700 E869.65185
G0 F9000 X104.112 Y181.5
G0 X104.982 Y181.9
G0 X106.077 Y181.9
G0 X128.923 Y181.9
G0 X130.188 Y181.9
;TYPE:WALL-INNER
G1 F2700 E874.65185
G1 F1500 X130.984 Y181.9 E874.67832
G1 X130.984 Y53.1 E878.96223
G1 X130.188 Y53.1 E878.9887
G1 X130.188 Y181.9 E883.27261
G0 F9000 X129.788 Y182.3
;TYPE:WALL-OUTER
G1 F1500 X131.384 Y182.3 E883.32569
G1 X131.384 Y52.7 E887.63621
G1 X129.788 Y52.7 E887.68929
G1 X129.788 Y182.3 E891.9998
G1 F2700 E886.9998
G0 F9000 X130.068 Y182.02
G0 X130.36 Y53.272
G0 X130.586 Y53.498
;TYPE:SKIN
G1 F2700 E891.9998
G1 F1260.5 X130.586 Y181.502 E897.06614
G1 F2700 E892.06614
;MESH:NONMESH
G0 F300 X130.586 Y181.502 Z12.2
G0 F9000 X130.884 Y181.502
G0 X130.018 Y181.9
G0 X128.923 Y181.9
G0 X106.077 Y181.9
G0 X104.696 Y181.9
;TIME_ELAPSED:7844.466323
;LAYER:60
;TYPE:WALL-INNER
;MESH:btncover.stl
G1 F2700 E897.06614
G1 F1500 X104.696 Y53.1 E901.35005
G1 X103.896 Y53.1 E901.37666
G1 X103.896 Y181.9 E905.66056
G1 X104.696 Y181.9 E905.68717
G0 F9000 X105.096 Y182.3
;TYPE:WALL-OUTER
G1 F1500 X105.096 Y52.7 E909.99768
G1 X103.496 Y52.7 E910.0509
G1 X103.496 Y182.3 E914.36141
G1 X105.096 Y182.3 E914.41463
G1 F2700 E909.41463
G0 F9000 X104.816 Y182.02
G0 X104.524 Y53.272
G0 X104.296 Y53.5
;TYPE:SKIN
G1 F2700 E914.41463
G1 F1250 X104.296 Y181.5 E919.52339
G1 F2700 E914.52339
G0 F9000 X103.996 Y181.5
G0 X104.866 Y181.9
G0 X105.961 Y181.9
G0 X129.039 Y181.9
G0 X130.304 Y181.9
;TYPE:WALL-INNER
G1 F2700 E919.52339
G1 F1500 X131.1 Y181.9 E919.54986
G1 X131.1 Y53.1 E923.83377
G1 X130.304 Y53.1 E923.86024
G1 X130.304 Y181.9 E928.14415
G0 F9000 X129.904 Y182.3
;TYPE:WALL-OUTER
G1 F1500 X131.5 Y182.3 E928.19723
G1 X131.5 Y52.7 E932.50774
G1 X129.904 Y52.7 E932.56083
G1 X129.904 Y182.3 E936.87134
G1 F2700 E931.87134
G0 F9000 X130.184 Y182.02
G0 X130.476 Y53.272
G0 X130.702 Y53.498
;TYPE:SKIN
G1 F2700 E936.87134
G1 F1260.5 X130.702 Y181.502 E941.93768
G1 F2700 E936.93768
;MESH:NONMESH
G0 F300 X130.702 Y181.502 Z12.4
G0 F9000 X130.404 Y181.502
G0 X130.134 Y181.9
G0 X129.039 Y181.9
G0 X105.961 Y181.9
G0 X104.58 Y181.9
;TIME_ELAPSED:7903.907400
;LAYER:61
;TYPE:WALL-INNER
;MESH:btncover.stl
G1 F2700 E941.93768
G1 F1500 X104.58 Y53.1 E946.22159
G1 X103.78 Y53.1 E946.2482
G1 X103.78 Y181.9 E950.5321
G1 X104.58 Y181.9 E950.55871
G0 F9000 X104.98 Y182.3
;TYPE:WALL-OUTER
G1 F1500 X104.98 Y52.7 E954.86922
G1 X103.38 Y52.7 E954.92244
G1 X103.38 Y182.3 E959.23295
G1 X104.98 Y182.3 E959.28617
G1 F2700 E954.28617
G0 F9000 X104.701 Y182.02
G0 X104.408 Y53.272
G1 F2700 E959.28617
G0 F9000 X104.18 Y53.5
;TYPE:SKIN
G1 F1250 X104.18 Y181.5 E964.39493
G1 F2700 E959.39493
G0 F9000 X104.48 Y181.5
G0 X104.751 Y181.9
G0 X105.846 Y181.9
G0 X129.154 Y181.9
G0 X130.416 Y181.9
;TYPE:WALL-INNER
G1 F2700 E964.39493
G1 F1500 X131.216 Y181.9 E964.42153
G1 X131.216 Y53.1 E968.70544
G1 X130.416 Y53.1 E968.73205
G1 X130.416 Y181.9 E973.01595
G0 F9000 X130.016 Y182.3
;TYPE:WALL-OUTER
G1 F1500 X131.616 Y182.3 E973.06917
G1 X131.616 Y52.7 E977.37968
G1 X130.016 Y52.7 E977.4329
G1 X130.016 Y182.3 E981.74341
G1 F2700 E976.74341
G0 F9000 X130.299 Y182.02
G0 X130.588 Y53.272
G1 F2700 E981.74341
G0 F9000 X130.816 Y53.5
;TYPE:SKIN
G1 F1250 X130.816 Y181.5 E986.85217
;TIME_ELAPSED:7962.644662
G1 F2700 E981.85217
M140 S0
M107
G91 ;Relative positioning
G1 E-2 F2700 ;Retract a bit
G1 E-2 Z0.2 F2400 ;Retract and raise Z
G1 X5 Y5 F3000 ;Wipe out
G1 Z10 ;Raise Z more
G90 ;Absolute positioning

G1 X0 Y235 ;Present print
M106 S0 ;Turn-off fan
M104 S0 ;Turn-off hotend
M140 S0 ;Turn-off bed

M84 X Y E ;Disable all steppers but Z

M82 ;absolute extrusion mode
M104 S0
;End of Gcode
;SETTING_3 {"global_quality": "[general]\\nversion = 4\\nname = Standard Quality
;SETTING_3  #2\\ndefinition = creality_ender3\\n\\n[metadata]\\ntype = quality_c
;SETTING_3 hanges\\nquality_type = standard\\nsetting_version = 25\\n\\n[values]
;SETTING_3 \\nsupport_enable = True\\n\\n", "extruder_quality": ["[general]\\nve
;SETTING_3 rsion = 4\\nname = Standard Quality #2\\ndefinition = creality_ender3
;SETTING_3 \\n\\n[metadata]\\ntype = quality_changes\\nquality_type = standard\\
;SETTING_3 nsetting_version = 25\\nposition = 0\\n\\n[values]\\nsupport_angle = 
;SETTING_3 25\\n\\n"]}
