;FLAVOR:Marlin
;TIME:1373
;Filament used: 0.468634m
;Layer height: 0.2
;MINX:95.762
;MINY:97.224
;MINZ:0.2
;MAXX:139.231
;MAXY:137.776
;MAXZ:10.6
;Generated with Cura_SteamEngine 4.13.1
M140 S50
M105
M190 S50
M104 S200
M105
M109 S200
M82 ;absolute extrusion mode
; Ender 3 Custom Start G-code
G92 E0 ; Reset Extruder
G28 ; Home all axes
G1 Z2.0 F3000 ; Move Z Axis up little to prevent scratching of Heat Bed
G1 X0.1 Y20 Z0.3 F5000.0 ; Move to start position
G1 X0.1 Y200.0 Z0.3 F1500.0 E15 ; Draw the first line
G1 X0.4 Y200.0 Z0.3 F5000.0 ; Move to side a little
G1 X0.4 Y20 Z0.3 F1500.0 E30 ; Draw the second line
G92 E0 ; Reset Extruder
G1 Z2.0 F3000 ; Move Z Axis up little to prevent scratching of Heat Bed
G1 X5 Y20 Z0.3 F5000.0 ; Move over to prevent blob squish
G92 E0
G92 E0
G1 F2700 E-5
;LAYER_COUNT:53
;LAYER:0
M107
G0 F6000 X103.976 Y100.839 Z0.2
;TYPE:SKIRT
G1 F2700 E0
G1 F1200 X104.621 Y100.174 E0.02311
G1 X105.322 Y99.566 E0.04626
G1 X106.072 Y99.021 E0.06938
G1 X106.866 Y98.543 E0.0925
G1 X107.699 Y98.135 E0.11564
G1 X108.563 Y97.8 E0.13876
G1 X109.453 Y97.541 E0.16188
G1 X110.363 Y97.36 E0.18502
G1 X111.708 Y97.237 E0.21871
G1 X112.029 Y97.228 E0.22672
G1 X112.33 Y97.224 E0.23423
G1 X122.446 Y97.225 E0.48658
G1 X123.147 Y97.235 E0.50407
G1 X124.073 Y97.288 E0.5272
G1 X124.991 Y97.421 E0.55034
G1 X125.893 Y97.632 E0.57345
G1 X126.774 Y97.921 E0.59658
G1 X127.628 Y98.284 E0.61973
G1 X128.446 Y98.719 E0.64284
G1 X129.224 Y99.223 E0.66596
G1 X129.956 Y99.793 E0.6891
G1 X130.636 Y100.423 E0.71223
G1 X131.259 Y101.11 E0.73536
G1 X131.82 Y101.847 E0.75847
G1 X132.52 Y103.002 E0.79216
G1 X133.097 Y104.105 E0.82321
G1 X134.362 Y106.441 E0.88948
G1 X135.605 Y108.591 E0.95143
G1 X136.98 Y110.82 E1.01676
G1 X137.558 Y111.729 E1.04363
G1 X138.022 Y112.532 E1.06676
G1 X138.414 Y113.372 E1.08989
G1 X138.733 Y114.242 E1.113
G1 X138.975 Y115.137 E1.13613
G1 X139.14 Y116.05 E1.15927
G1 X139.225 Y116.973 E1.18239
G1 X139.231 Y117.9 E1.20552
G1 X139.156 Y118.824 E1.22864
G1 X139.002 Y119.738 E1.25177
G1 X138.77 Y120.636 E1.2749
G1 X138.462 Y121.51 E1.29802
G1 X137.882 Y122.725 E1.3316
G1 X137.452 Y123.496 E1.35362
G1 X132.605 Y131.888 E1.59537
G1 X132.22 Y132.532 E1.61409
G1 X131.71 Y133.307 E1.63723
G1 X131.136 Y134.034 E1.66034
G1 X130.501 Y134.71 E1.68347
G1 X129.81 Y135.328 E1.7066
G1 X129.068 Y135.885 E1.72974
G1 X128.282 Y136.375 E1.75285
G1 X127.455 Y136.796 E1.776
G1 X126.596 Y137.144 E1.79912
G1 X125.71 Y137.417 E1.82224
G1 X124.804 Y137.612 E1.84536
G1 X123.884 Y137.729 E1.86849
G1 X123.15 Y137.765 E1.88683
G1 X122.464 Y137.775 E1.90394
G1 X122.15 Y137.775 E1.91177
G1 X121.045 Y137.758 E1.93934
G1 X118.865 Y137.696 E1.99374
G1 X116.338 Y137.696 E2.05678
G1 X114.887 Y137.727 E2.09298
G1 X113.376 Y137.771 E2.13069
G1 X113.06 Y137.776 E2.13857
G1 X112.554 Y137.775 E2.1512
G1 X111.853 Y137.765 E2.16868
G1 X110.927 Y137.712 E2.19182
G1 X110.009 Y137.579 E2.21496
G1 X109.107 Y137.368 E2.23807
G1 X108.226 Y137.079 E2.2612
G1 X107.372 Y136.716 E2.28434
G1 X106.554 Y136.281 E2.30746
G1 X105.776 Y135.777 E2.33058
G1 X105.044 Y135.207 E2.35372
G1 X104.364 Y134.577 E2.37685
G1 X103.741 Y133.89 E2.39998
G1 X103.18 Y133.153 E2.42309
G1 X102.773 Y132.522 E2.44182
G1 X102.312 Y131.747 E2.46431
G1 X97.522 Y123.451 E2.70327
G1 X97.123 Y122.737 E2.72368
G1 X96.706 Y121.908 E2.74682
G1 X96.363 Y121.047 E2.76994
G1 X96.096 Y120.159 E2.79307
G1 X95.905 Y119.252 E2.8162
G1 X95.794 Y118.331 E2.83934
G1 X95.762 Y117.405 E2.86245
G1 X95.811 Y116.479 E2.88558
G1 X95.939 Y115.56 E2.90873
G1 X96.145 Y114.657 E2.93183
G1 X96.429 Y113.774 E2.95497
G1 X96.788 Y112.919 E2.9781
G1 X97.444 Y111.728 E3.01202
G1 X98.055 Y110.768 E3.0404
G1 X99.401 Y108.588 E3.10432
G1 X100.669 Y106.399 E3.16742
G1 X101.877 Y104.172 E3.23062
G1 X102.42 Y103.114 E3.26028
G1 X102.843 Y102.367 E3.2817
G1 X102.869 Y102.325 E3.28293
G1 X103.39 Y101.558 E3.30606
G1 X103.976 Y100.839 E3.3292
G0 F6000 X104.217 Y101.02
G1 F1200 X104.855 Y100.365 E3.35201
G1 X105.549 Y99.769 E3.37483
G1 X106.291 Y99.236 E3.39762
G1 X107.077 Y98.77 E3.42041
G1 X107.901 Y98.374 E3.44322
G1 X108.757 Y98.052 E3.46603
G1 X109.637 Y97.806 E3.48882
G1 X110.536 Y97.637 E3.51164
G1 X111.716 Y97.537 E3.54118
G1 X112.037 Y97.528 E3.54919
G1 X112.33 Y97.524 E3.5565
G1 X122.293 Y97.524 E3.80503
G1 X123.143 Y97.535 E3.82623
G1 X124.056 Y97.588 E3.84905
G1 X124.96 Y97.721 E3.87184
G1 X125.849 Y97.932 E3.89463
G1 X126.717 Y98.22 E3.91745
G1 X127.556 Y98.582 E3.94024
G1 X128.36 Y99.017 E3.96304
G1 X129.123 Y99.52 E3.98584
G1 X129.84 Y100.088 E4.00866
G1 X130.503 Y100.717 E4.03146
G1 X131.11 Y101.401 E4.05427
G1 X131.654 Y102.135 E4.07706
G1 X132.254 Y103.141 E4.10628
G1 X132.836 Y104.253 E4.13759
G1 X134.084 Y106.558 E4.20297
G1 X135.36 Y108.766 E4.26659
G1 X136.722 Y110.974 E4.3313
G1 X137.305 Y111.89 E4.35839
G1 X137.761 Y112.682 E4.38118
G1 X138.147 Y113.511 E4.40399
G1 X138.459 Y114.37 E4.42679
G1 X138.694 Y115.253 E4.44958
G1 X138.851 Y116.154 E4.4724
G1 X138.929 Y117.065 E4.49521
G1 X138.927 Y117.979 E4.51801
G1 X138.845 Y118.889 E4.5408
G1 X138.684 Y119.789 E4.56361
G1 X138.445 Y120.671 E4.5864
G1 X138.13 Y121.529 E4.6092
G1 X137.62 Y122.579 E4.63832
G1 X137.192 Y123.346 E4.66023
G1 X132.428 Y131.597 E4.8979
G1 X131.962 Y132.378 E4.92058
G1 X131.459 Y133.141 E4.94338
G1 X130.892 Y133.858 E4.96618
G1 X130.264 Y134.522 E4.98898
G1 X129.58 Y135.129 E5.01179
G1 X128.846 Y135.673 E5.03458
G1 X128.067 Y136.152 E5.05739
G1 X127.249 Y136.56 E5.0802
G1 X126.399 Y136.896 E5.103
G1 X125.522 Y137.155 E5.12581
G1 X124.626 Y137.338 E5.14862
G1 X123.718 Y137.441 E5.17141
G1 X123.145 Y137.465 E5.18572
G1 X122.459 Y137.475 E5.20283
G1 X122.154 Y137.475 E5.21044
G1 X121.054 Y137.458 E5.23789
G1 X118.874 Y137.396 E5.29229
G1 X116.331 Y137.396 E5.35572
G1 X114.88 Y137.426 E5.39193
G1 X113.367 Y137.471 E5.42969
G1 X113.06 Y137.476 E5.43734
G1 X112.558 Y137.475 E5.44987
G1 X111.857 Y137.465 E5.46736
G1 X110.944 Y137.412 E5.49017
G1 X110.04 Y137.279 E5.51296
G1 X109.151 Y137.068 E5.53575
G1 X108.283 Y136.78 E5.55857
G1 X107.444 Y136.418 E5.58136
G1 X106.64 Y135.983 E5.60416
G1 X105.877 Y135.48 E5.62696
G1 X105.16 Y134.912 E5.64978
G1 X104.497 Y134.283 E5.67258
G1 X103.89 Y133.599 E5.69539
G1 X103.346 Y132.865 E5.71818
G1 X103.03 Y132.368 E5.73287
G1 X102.572 Y131.597 E5.75524
G1 X97.782 Y123.301 E5.9942
G1 X97.385 Y122.59 E6.01452
G1 X96.975 Y121.773 E6.03732
G1 X96.638 Y120.924 E6.0601
G1 X96.377 Y120.048 E6.08291
G1 X96.193 Y119.152 E6.10572
G1 X96.088 Y118.244 E6.12852
G1 X96.063 Y117.33 E6.15133
G1 X96.118 Y116.418 E6.17412
G1 X96.253 Y115.514 E6.19692
G1 X96.466 Y114.625 E6.21973
G1 X96.756 Y113.758 E6.24253
G1 X97.12 Y112.919 E6.26535
G1 X97.697 Y111.889 E6.2948
G1 X98.293 Y110.953 E6.32248
G1 X99.656 Y108.746 E6.38718
G1 X100.947 Y106.516 E6.45146
G1 X102.139 Y104.318 E6.51383
G1 X102.687 Y103.251 E6.54376
G1 X103.098 Y102.525 E6.56457
G1 X103.124 Y102.483 E6.5658
G1 X103.638 Y101.727 E6.5886
G1 X104.217 Y101.02 E6.6114
G0 F6000 X104.458 Y101.2
G1 F1200 X105.089 Y100.557 E6.63387
G1 X105.775 Y99.973 E6.65635
G1 X106.51 Y99.452 E6.67882
G1 X107.288 Y98.998 E6.70129
G1 X108.103 Y98.615 E6.72375
G1 X108.949 Y98.305 E6.74623
G1 X109.82 Y98.072 E6.76872
G1 X110.707 Y97.917 E6.79118
G1 X111.725 Y97.837 E6.81665
G1 X112.046 Y97.828 E6.82466
G1 X112.33 Y97.824 E6.83175
G1 X122.293 Y97.824 E7.08028
G1 X123.139 Y97.835 E7.10138
G1 X124.038 Y97.888 E7.12385
G1 X124.929 Y98.02 E7.14632
G1 X125.805 Y98.231 E7.16879
G1 X126.659 Y98.519 E7.19127
G1 X127.484 Y98.881 E7.21375
G1 X128.273 Y99.315 E7.23621
G1 X129.021 Y99.817 E7.25868
G1 X129.721 Y100.384 E7.28115
G1 X130.369 Y101.01 E7.30363
G1 X130.958 Y101.692 E7.32611
G1 X131.485 Y102.423 E7.34859
G1 X131.988 Y103.28 E7.37337
G1 X132.574 Y104.401 E7.40493
G1 X133.821 Y106.702 E7.47021
G1 X135.105 Y108.924 E7.53423
G1 X136.452 Y111.107 E7.59822
G1 X137.052 Y112.051 E7.62612
G1 X137.501 Y112.832 E7.64859
G1 X137.88 Y113.649 E7.67106
G1 X138.184 Y114.497 E7.69353
G1 X138.412 Y115.369 E7.71601
G1 X138.562 Y116.257 E7.73848
G1 X138.632 Y117.155 E7.76095
G1 X138.623 Y118.056 E7.78342
G1 X138.533 Y118.952 E7.80589
G1 X138.365 Y119.837 E7.82836
G1 X138.119 Y120.704 E7.85084
G1 X137.797 Y121.545 E7.8733
G1 X137.358 Y122.433 E7.89801
G1 X136.932 Y123.196 E7.91981
G1 X132.09 Y131.58 E8.16133
G1 X131.705 Y132.224 E8.18004
G1 X131.209 Y132.976 E8.20251
G1 X130.648 Y133.681 E8.22499
G1 X130.027 Y134.334 E8.24747
G1 X129.35 Y134.929 E8.26995
G1 X128.624 Y135.461 E8.2924
G1 X127.853 Y135.927 E8.31487
G1 X127.043 Y136.323 E8.33737
G1 X126.202 Y136.645 E8.35983
G1 X125.336 Y136.892 E8.38229
G1 X124.451 Y137.061 E8.40477
G1 X123.141 Y137.165 E8.43755
G1 X122.455 Y137.175 E8.45466
G1 X122.158 Y137.175 E8.46207
G1 X121.062 Y137.158 E8.48942
G1 X118.882 Y137.096 E8.54382
G1 X116.325 Y137.096 E8.6076
G1 X114.925 Y137.126 E8.64253
G1 X113.359 Y137.172 E8.68162
G1 X113.06 Y137.176 E8.68907
G1 X112.562 Y137.175 E8.7015
G1 X111.861 Y137.165 E8.71899
G1 X110.962 Y137.112 E8.74145
G1 X110.071 Y136.98 E8.76392
G1 X109.195 Y136.769 E8.7864
G1 X108.341 Y136.481 E8.80888
G1 X107.516 Y136.119 E8.83135
G1 X106.727 Y135.685 E8.85381
G1 X105.979 Y135.183 E8.87629
G1 X105.279 Y134.616 E8.89876
G1 X104.631 Y133.99 E8.92123
G1 X104.042 Y133.308 E8.94371
G1 X103.288 Y132.214 E8.97685
G1 X102.832 Y131.447 E8.99911
G1 X98.042 Y123.151 E9.23808
G1 X97.647 Y122.444 E9.25828
G1 X97.243 Y121.639 E9.28075
G1 X96.913 Y120.801 E9.30321
G1 X96.658 Y119.937 E9.32568
G1 X96.481 Y119.053 E9.34817
G1 X96.383 Y118.158 E9.37063
G1 X96.365 Y117.257 E9.39311
G1 X96.427 Y116.358 E9.41559
G1 X96.568 Y115.468 E9.43807
G1 X96.787 Y114.595 E9.46052
G1 X97.083 Y113.744 E9.483
G1 X97.454 Y112.923 E9.50547
G1 X97.95 Y112.05 E9.53052
G1 X98.551 Y111.106 E9.55843
G1 X99.926 Y108.879 E9.62372
G1 X101.186 Y106.704 E9.68642
G1 X102.419 Y104.429 E9.75097
G1 X102.954 Y103.388 E9.78017
G1 X103.353 Y102.683 E9.80038
G1 X103.379 Y102.641 E9.80161
G1 X103.887 Y101.896 E9.8241
G1 X104.458 Y101.2 E9.84656
G1 F2700 E4.84656
;MESH:cbar_model-DualBatClipHldr.stl
G0 F6000 X111.335 Y108.288
G0 X112.314 Y108.288
G0 X112.579 Y124.944
G0 X111.718 Y125.176
G0 X107.666 Y118.076
G0 X112.333 Y126.45
G0 X112.818 Y126.444
G0 X112.818 Y109.918
G0 X121.928 Y110.172
G0 X122.05 Y126.576
;TYPE:WALL-INNER
G1 F2700 E9.84656
G1 F1200 X122.05 Y110.05 E10.2588
G1 X112.95 Y110.05 E10.4858
G1 X112.95 Y126.576 E10.89804
G1 X112.26 Y126.576 E10.91526
G1 X107.28 Y117.95 E11.16372
G1 X107.739 Y117.95 E11.17517
G1 X111.781 Y125.025 E11.37843
G1 X112.45 Y124.845 E11.39571
G1 X112.45 Y108.424 E11.80533
G1 X122.55 Y108.424 E12.05728
G1 X122.55 Y124.845 E12.4669
G1 X123.219 Y125.025 E12.48418
G1 X127.261 Y117.95 E12.68744
G1 X127.72 Y117.95 E12.69889
G1 X122.74 Y126.576 E12.94735
G1 X122.05 Y126.576 E12.96456
G0 F6000 X121.75 Y126.876
;TYPE:WALL-OUTER
G1 F1200 X121.75 Y110.35 E13.37681
G1 X113.25 Y110.35 E13.58884
G1 X113.25 Y126.876 E14.00108
G1 X112.087 Y126.876 E14.03009
G1 X106.76 Y117.65 E14.29585
G1 X107.913 Y117.65 E14.32461
G1 X111.927 Y124.675 E14.52644
G1 X112.15 Y124.615 E14.5322
G1 X112.15 Y108.124 E14.94357
G1 X122.85 Y108.124 E15.21048
G1 X122.85 Y124.615 E15.62185
G1 X123.073 Y124.675 E15.62761
G1 X127.087 Y117.65 E15.82944
G1 X128.24 Y117.65 E15.8582
G1 X122.913 Y126.876 E16.12395
G1 X121.75 Y126.876 E16.15296
G0 F6000 X122.34 Y126.286
;TYPE:SKIN
G1 F1200 X122.34 Y125.089 E16.18282
G1 X123.14 Y125.304 E16.20348
G1 X122.572 Y126.286 E16.23178
G1 X122.34 Y126.286 E16.23757
G1 F2700 E11.23757
G0 F6000 X122.11 Y126.286
G0 X121.928 Y110.172
G0 X113.072 Y110.172
G0 X112.89 Y126.286
G1 F2700 E16.23757
G0 F6000 X112.66 Y126.286
G1 F1200 X112.428 Y126.286 E16.24336
G1 X111.86 Y125.304 E16.27166
G1 X112.66 Y125.089 E16.29232
G1 X112.66 Y126.286 E16.32218
G1 F2700 E11.32218
G0 F6000 X112.89 Y126.286
G0 X113.072 Y110.172
G0 X121.928 Y110.172
G0 X122.182 Y126.444
G0 X122.667 Y126.45
G0 X127.476 Y118.09
G0 X123.282 Y125.176
G0 X122.586 Y124.989
G0 X122.49 Y109.76
G1 F2700 E16.32218
G0 F6000 X122.26 Y109.76
G1 F1200 X112.74 Y109.76 E16.55966
G1 X112.74 Y108.714 E16.58575
G1 X122.26 Y108.714 E16.82323
G1 X122.26 Y109.76 E16.84932
G0 F6000 X122.139 Y108.987
G1 F1200 X121.986 Y108.834 E16.85472
G0 F6000 X121.562 Y108.834
G1 F1200 X122.139 Y109.411 E16.87507
G0 F6000 X121.944 Y109.64
G1 F1200 X121.137 Y108.834 E16.90352
G0 F6000 X120.713 Y108.834
G1 F1200 X121.519 Y109.64 E16.93196
G0 F6000 X121.095 Y109.64
G1 F1200 X120.289 Y108.834 E16.96039
G0 F6000 X119.865 Y108.834
G1 F1200 X120.671 Y109.64 E16.98883
G0 F6000 X120.247 Y109.64
G1 F1200 X119.44 Y108.834 E17.01728
G0 F6000 X119.016 Y108.834
G1 F1200 X119.822 Y109.64 E17.04571
G0 F6000 X119.398 Y109.64
G1 F1200 X118.592 Y108.834 E17.07414
G0 F6000 X118.168 Y108.834
G1 F1200 X118.974 Y109.64 E17.10258
G0 F6000 X118.549 Y109.64
G1 F1200 X117.743 Y108.834 E17.13101
G0 F6000 X117.319 Y108.834
G1 F1200 X118.125 Y109.64 E17.15945
G0 F6000 X117.701 Y109.64
G1 F1200 X116.895 Y108.834 E17.18788
G0 F6000 X116.471 Y108.834
G1 F1200 X117.277 Y109.64 E17.21631
G0 F6000 X116.852 Y109.64
G1 F1200 X116.046 Y108.834 E17.24475
G0 F6000 X115.622 Y108.834
G1 F1200 X116.428 Y109.64 E17.27318
G0 F6000 X116.004 Y109.64
G1 F1200 X115.198 Y108.834 E17.30162
G0 F6000 X114.774 Y108.834
G1 F1200 X115.58 Y109.64 E17.33005
G0 F6000 X115.155 Y109.64
G1 F1200 X114.349 Y108.834 E17.35848
G0 F6000 X113.925 Y108.834
G1 F1200 X114.731 Y109.64 E17.38692
G0 F6000 X114.307 Y109.64
G1 F1200 X113.501 Y108.834 E17.41535
G0 F6000 X113.076 Y108.834
G1 F1200 X113.883 Y109.64 E17.4438
G0 F6000 X113.458 Y109.64
G1 F1200 X112.859 Y109.04 E17.46495
G0 F6000 X112.859 Y109.465
G1 F1200 X113.034 Y109.64 E17.47112
G1 F2700 E12.47112
G0 F6000 X113.034 Y109.99
G0 X112.818 Y126.444
G0 X112.333 Y126.45
G0 X107.524 Y118.09
G0 X111.718 Y125.176
G0 X112.098 Y125.003
G1 F2700 E17.47112
G0 F6000 X112.187 Y125.339
G1 F1200 X112.54 Y125.692 E17.48358
G0 F6000 X112.371 Y125.947
G1 F1200 X112.54 Y126.116 E17.48954
G1 F2700 E12.48954
G0 F6000 X112.89 Y126.116
G0 X113.072 Y110.172
G0 X121.928 Y110.172
G0 X122.11 Y125.854
G1 F2700 E17.48954
G0 F6000 X122.46 Y125.854
G1 F1200 X122.601 Y125.995 E17.49451
G0 F6000 X122.756 Y125.726
G1 F1200 X122.46 Y125.43 E17.50496
G0 F6000 X122.786 Y125.332
G1 F1200 X122.912 Y125.457 E17.50938
G0 F6000 X123.269 Y125.178
;TYPE:SKIN
G1 F1200 X123.294 Y125.203 E17.50982
G0 F6000 X123.434 Y125.131
G1 F1200 X123.346 Y125.043 E17.51138
G0 F6000 X123.423 Y124.908
G1 F1200 X123.512 Y124.997 E17.51295
G0 F6000 X123.589 Y124.862
G1 F1200 X123.5 Y124.773 E17.51452
G0 F6000 X123.577 Y124.638
G1 F1200 X123.667 Y124.727 E17.5161
G0 F6000 X123.745 Y124.593
G1 F1200 X123.654 Y124.503 E17.51769
G0 F6000 X123.731 Y124.368
G1 F1200 X123.822 Y124.459 E17.5193
G0 F6000 X123.9 Y124.324
G1 F1200 X123.808 Y124.233 E17.52091
G0 F6000 X123.885 Y124.097
G1 F1200 X123.977 Y124.189 E17.52253
G0 F6000 X124.055 Y124.055
G1 F1200 X123.962 Y123.962 E17.52417
G0 F6000 X124.039 Y123.827
G1 F1200 X124.133 Y123.921 E17.52583
G0 F6000 X124.211 Y123.786
G1 F1200 X124.117 Y123.692 E17.52749
G0 F6000 X124.194 Y123.557
G1 F1200 X124.288 Y123.652 E17.52916
G0 F6000 X124.366 Y123.518
G1 F1200 X124.271 Y123.423 E17.53083
G0 F6000 X124.348 Y123.288
G1 F1200 X124.443 Y123.383 E17.53251
G0 F6000 X124.521 Y123.248
G1 F1200 X124.426 Y123.153 E17.53418
G0 F6000 X124.503 Y123.018
G1 F1200 X124.599 Y123.114 E17.53588
G0 F6000 X124.677 Y122.98
G1 F1200 X124.58 Y122.883 E17.53759
G0 F6000 X124.657 Y122.748
G1 F1200 X124.754 Y122.845 E17.5393
G0 F6000 X124.831 Y122.71
G1 F1200 X124.734 Y122.613 E17.54101
G0 F6000 X124.811 Y122.477
G1 F1200 X124.909 Y122.576 E17.54275
G0 F6000 X124.987 Y122.441
G1 F1200 X124.888 Y122.342 E17.54449
G0 F6000 X124.965 Y122.207
G1 F1200 X125.065 Y122.307 E17.54626
G0 F6000 X125.143 Y122.173
G1 F1200 X125.042 Y122.072 E17.54804
G0 F6000 X125.119 Y121.937
G1 F1200 X125.22 Y122.038 E17.54982
G0 F6000 X125.297 Y121.903
G1 F1200 X125.196 Y121.802 E17.5516
G0 F6000 X125.273 Y121.667
G1 F1200 X125.375 Y121.769 E17.5534
G0 F6000 X125.453 Y121.635
G1 F1200 X125.35 Y121.532 E17.55522
G0 F6000 X125.428 Y121.398
G1 F1200 X125.531 Y121.5 E17.55703
G0 F6000 X125.608 Y121.365
G1 F1200 X125.505 Y121.263 E17.55883
G0 F6000 X125.582 Y121.128
G1 F1200 X125.686 Y121.231 E17.56066
G0 F6000 X125.763 Y121.096
G1 F1200 X125.659 Y120.993 E17.56249
G0 F6000 X125.737 Y120.857
G1 F1200 X125.841 Y120.962 E17.56433
G0 F6000 X125.919 Y120.828
G1 F1200 X125.814 Y120.722 E17.56619
G0 F6000 X125.891 Y120.587
G1 F1200 X125.997 Y120.693 E17.56806
G0 F6000 X126.074 Y120.558
G1 F1200 X125.968 Y120.452 E17.56993
G0 F6000 X126.045 Y120.317
G1 F1200 X126.152 Y120.424 E17.57182
G0 F6000 X126.229 Y120.29
G1 F1200 X126.122 Y120.182 E17.57371
G0 F6000 X126.199 Y120.047
G1 F1200 X126.307 Y120.155 E17.57562
G0 F6000 X126.385 Y120.021
G1 F1200 X126.276 Y119.912 E17.57754
G0 F6000 X126.353 Y119.777
G1 F1200 X126.462 Y119.886 E17.57946
G0 F6000 X126.54 Y119.752
G1 F1200 X126.43 Y119.642 E17.5814
G0 F6000 X126.508 Y119.508
G1 F1200 X126.618 Y119.617 E17.58333
G0 F6000 X126.695 Y119.483
G1 F1200 X126.585 Y119.373 E17.58528
G0 F6000 X126.662 Y119.238
G1 F1200 X126.773 Y119.349 E17.58723
G0 F6000 X126.85 Y119.213
G1 F1200 X126.739 Y119.102 E17.58919
G0 F6000 X126.816 Y118.967
G1 F1200 X126.928 Y119.079 E17.59117
G0 F6000 X127.006 Y118.945
G1 F1200 X126.893 Y118.832 E17.59316
G0 F6000 X126.97 Y118.697
G1 F1200 X127.084 Y118.81 E17.59516
G0 F6000 X127.161 Y118.676
G1 F1200 X127.047 Y118.562 E17.59717
G0 F6000 X127.125 Y118.427
G1 F1200 X127.238 Y118.541 E17.59917
G0 F6000 X127.316 Y118.407
G1 F1200 X127.202 Y118.292 E17.60119
G0 F6000 X127.279 Y118.157
G1 F1200 X127.394 Y118.272 E17.60322
G0 F6000 X127.472 Y118.138
G1 F1200 X127.403 Y118.069 E17.60444
G0 F6000 X127.403 Y118.01
G0 X123.161 Y124.886
G0 X122.669 Y124.754
G0 X122.49 Y117.975
G0 X122.429 Y117.975
G1 F1200 X122.168 Y117.714 E17.60904
G0 F6000 X122.168 Y117.502
G1 F1200 X122.429 Y117.762 E17.61364
G0 F6000 X122.429 Y117.55
G1 F1200 X122.168 Y117.289 E17.61824
G0 F6000 X122.168 Y117.077
G1 F1200 X122.429 Y117.338 E17.62285
G0 F6000 X122.429 Y117.126
G1 F1200 X122.168 Y116.865 E17.62745
G0 F6000 X122.168 Y116.653
G1 F1200 X122.429 Y116.914 E17.63205
G0 F6000 X122.429 Y116.702
G1 F1200 X122.168 Y116.441 E17.63666
G0 F6000 X122.168 Y116.229
G1 F1200 X122.429 Y116.49 E17.64126
G0 F6000 X122.429 Y116.278
G1 F1200 X122.168 Y116.017 E17.64586
G0 F6000 X122.168 Y115.804
G1 F1200 X122.429 Y116.065 E17.65047
G0 F6000 X122.429 Y115.853
G1 F1200 X122.168 Y115.592 E17.65507
G0 F6000 X122.168 Y115.38
G1 F1200 X122.429 Y115.641 E17.65968
G0 F6000 X122.429 Y115.429
G1 F1200 X122.168 Y115.168 E17.66428
G0 F6000 X122.168 Y114.956
G1 F1200 X122.429 Y115.217 E17.66888
G0 F6000 X122.429 Y115.005
G1 F1200 X122.168 Y114.744 E17.67349
G0 F6000 X122.168 Y114.532
G1 F1200 X122.429 Y114.793 E17.67809
G0 F6000 X122.429 Y114.58
G1 F1200 X122.168 Y114.32 E17.68269
G0 F6000 X122.168 Y114.107
G1 F1200 X122.429 Y114.368 E17.68729
G0 F6000 X122.429 Y114.156
G1 F1200 X122.168 Y113.895 E17.69189
G0 F6000 X122.168 Y113.683
G1 F1200 X122.429 Y113.944 E17.6965
G0 F6000 X122.429 Y113.732
G1 F1200 X122.168 Y113.471 E17.7011
G0 F6000 X122.168 Y113.259
G1 F1200 X122.429 Y113.52 E17.7057
G0 F6000 X122.429 Y113.308
G1 F1200 X122.168 Y113.047 E17.71031
G0 F6000 X122.168 Y112.835
G1 F1200 X122.429 Y113.096 E17.71491
G0 F6000 X122.429 Y112.883
G1 F1200 X122.168 Y112.623 E17.71951
G0 F6000 X122.168 Y112.41
G1 F1200 X122.429 Y112.671 E17.72411
G0 F6000 X122.429 Y112.459
G1 F1200 X122.168 Y112.198 E17.72871
G0 F6000 X122.168 Y111.986
G1 F1200 X122.429 Y112.247 E17.73332
G0 F6000 X122.429 Y112.035
G1 F1200 X122.168 Y111.774 E17.73792
G0 F6000 X122.168 Y111.562
G1 F1200 X122.429 Y111.823 E17.74253
G0 F6000 X122.429 Y111.611
G1 F1200 X122.168 Y111.35 E17.74713
G0 F6000 X122.168 Y111.138
G1 F1200 X122.429 Y111.399 E17.75173
G0 F6000 X122.429 Y111.186
G1 F1200 X122.168 Y110.925 E17.75634
G0 F6000 X122.168 Y110.713
G1 F1200 X122.429 Y110.974 E17.76094
G0 F6000 X122.429 Y110.762
G1 F1200 X122.168 Y110.501 E17.76554
G0 F6000 X122.168 Y110.289
G1 F1200 X122.429 Y110.55 E17.77015
G0 F6000 X122.429 Y110.338
G1 F1200 X122.168 Y110.077 E17.77475
G0 F6000 X122.198 Y109.895
G1 F1200 X122.429 Y110.126 E17.77883
G1 F2700 E12.77883
G0 F6000 X122.49 Y110.126
G0 X122.421 Y124.944
G0 X123.282 Y125.176
G0 X127.334 Y118.076
G0 X122.667 Y126.45
G0 X122.182 Y126.444
G0 X122.11 Y117.926
G1 F2700 E17.77883
G0 F6000 X122.168 Y117.926
G1 F1200 X122.429 Y118.187 E17.78343
G0 F6000 X122.429 Y118.399
G1 F1200 X122.168 Y118.138 E17.78803
G0 F6000 X122.168 Y118.35
G1 F1200 X122.429 Y118.611 E17.79264
G0 F6000 X122.429 Y118.823
G1 F1200 X122.168 Y118.562 E17.79724
G0 F6000 X122.168 Y118.774
G1 F1200 X122.429 Y119.035 E17.80184
G0 F6000 X122.429 Y119.247
G1 F1200 X122.168 Y118.986 E17.80645
G0 F6000 X122.168 Y119.199
G1 F1200 X122.429 Y119.46 E17.81105
G0 F6000 X122.429 Y119.672
G1 F1200 X122.168 Y119.411 E17.81566
G0 F6000 X122.168 Y119.623
G1 F1200 X122.429 Y119.884 E17.82026
G0 F6000 X122.429 Y120.096
G1 F1200 X122.168 Y119.835 E17.82486
G0 F6000 X122.168 Y120.047
G1 F1200 X122.429 Y120.308 E17.82947
G0 F6000 X122.429 Y120.52
G1 F1200 X122.168 Y120.259 E17.83407
G0 F6000 X122.168 Y120.471
G1 F1200 X122.429 Y120.732 E17.83867
G0 F6000 X122.429 Y120.944
G1 F1200 X122.168 Y120.684 E17.84327
G0 F6000 X122.168 Y120.896
G1 F1200 X122.429 Y121.157 E17.84787
G0 F6000 X122.429 Y121.369
G1 F1200 X122.168 Y121.108 E17.85248
G0 F6000 X122.168 Y121.32
G1 F1200 X122.429 Y121.581 E17.85708
G0 F6000 X122.429 Y121.793
G1 F1200 X122.168 Y121.532 E17.86168
G0 F6000 X122.168 Y121.744
G1 F1200 X122.429 Y122.005 E17.86629
G0 F6000 X122.429 Y122.217
G1 F1200 X122.168 Y121.956 E17.87089
G0 F6000 X122.168 Y122.168
G1 F1200 X122.429 Y122.429 E17.8755
G0 F6000 X122.429 Y122.642
G1 F1200 X122.168 Y122.381 E17.8801
G0 F6000 X122.168 Y122.593
G1 F1200 X122.429 Y122.854 E17.8847
G0 F6000 X122.429 Y123.066
G1 F1200 X122.168 Y122.805 E17.88931
G0 F6000 X122.168 Y123.017
G1 F1200 X122.429 Y123.278 E17.89391
G0 F6000 X122.429 Y123.49
G1 F1200 X122.168 Y123.229 E17.89851
G0 F6000 X122.168 Y123.441
G1 F1200 X122.429 Y123.702 E17.90312
G0 F6000 X122.429 Y123.914
G1 F1200 X122.168 Y123.653 E17.90772
G0 F6000 X122.168 Y123.866
G1 F1200 X122.429 Y124.126 E17.91232
G0 F6000 X122.429 Y124.339
G1 F1200 X122.168 Y124.078 E17.91692
G0 F6000 X122.168 Y124.29
G1 F1200 X122.429 Y124.551 E17.92152
G0 F6000 X122.429 Y124.763
G1 F1200 X122.168 Y124.502 E17.92613
G0 F6000 X122.168 Y124.714
G1 F1200 X122.425 Y124.971 E17.93066
G1 F2700 E12.93066
G0 F6000 X122.449 Y124.881
G0 X123.282 Y125.176
G0 X127.334 Y118.076
G0 X122.667 Y126.45
G0 X122.182 Y126.444
G0 X121.928 Y110.172
G0 X113.072 Y110.172
G0 X112.89 Y124.709
G1 F2700 E17.93066
G0 F6000 X112.83 Y124.709
G1 F1200 X112.569 Y124.448 E17.93527
G0 F6000 X112.569 Y124.236
G1 F1200 X112.83 Y124.497 E17.93987
G0 F6000 X112.83 Y124.285
G1 F1200 X112.569 Y124.024 E17.94447
G0 F6000 X112.569 Y123.812
G1 F1200 X112.83 Y124.073 E17.94908
G0 F6000 X112.83 Y123.861
G1 F1200 X112.569 Y123.6 E17.95368
G0 F6000 X112.569 Y123.388
G1 F1200 X112.83 Y123.648 E17.95828
G0 F6000 X112.83 Y123.436
G1 F1200 X112.569 Y123.175 E17.96288
G0 F6000 X112.569 Y122.963
G1 F1200 X112.83 Y123.224 E17.96748
G0 F6000 X112.83 Y123.012
G1 F1200 X112.569 Y122.751 E17.97209
G0 F6000 X112.569 Y122.539
G1 F1200 X112.83 Y122.8 E17.97669
G0 F6000 X112.83 Y122.588
G1 F1200 X112.569 Y122.327 E17.98129
G0 F6000 X112.569 Y122.115
G1 F1200 X112.83 Y122.376 E17.9859
G0 F6000 X112.83 Y122.164
G1 F1200 X112.569 Y121.903 E17.9905
G0 F6000 X112.569 Y121.69
G1 F1200 X112.83 Y121.951 E17.9951
G0 F6000 X112.83 Y121.739
G1 F1200 X112.569 Y121.478 E17.99971
G0 F6000 X112.569 Y121.266
G1 F1200 X112.83 Y121.527 E18.00431
G0 F6000 X112.83 Y121.315
G1 F1200 X112.569 Y121.054 E18.00892
G0 F6000 X112.569 Y120.842
G1 F1200 X112.83 Y121.103 E18.01352
G0 F6000 X112.83 Y120.891
G1 F1200 X112.569 Y120.63 E18.01812
G0 F6000 X112.569 Y120.418
G1 F1200 X112.83 Y120.679 E18.02273
G0 F6000 X112.83 Y120.466
G1 F1200 X112.569 Y120.206 E18.02732
G0 F6000 X112.569 Y119.993
G1 F1200 X112.83 Y120.254 E18.03193
G0 F6000 X112.83 Y120.042
G1 F1200 X112.569 Y119.781 E18.03653
G0 F6000 X112.569 Y119.569
G1 F1200 X112.83 Y119.83 E18.04113
G0 F6000 X112.83 Y119.618
G1 F1200 X112.569 Y119.357 E18.04574
G0 F6000 X112.569 Y119.145
G1 F1200 X112.83 Y119.406 E18.05034
G0 F6000 X112.83 Y119.194
G1 F1200 X112.569 Y118.933 E18.05494
G0 F6000 X112.569 Y118.721
G1 F1200 X112.83 Y118.982 E18.05955
G0 F6000 X112.83 Y118.769
G1 F1200 X112.569 Y118.508 E18.06415
G0 F6000 X112.569 Y118.296
G1 F1200 X112.83 Y118.557 E18.06876
G0 F6000 X112.83 Y118.345
G1 F1200 X112.569 Y118.084 E18.07336
G0 F6000 X112.569 Y117.872
G1 F1200 X112.83 Y118.133 E18.07796
G0 F6000 X112.83 Y117.921
G1 F1200 X112.569 Y117.66 E18.08257
G0 F6000 X112.569 Y117.448
G1 F1200 X112.83 Y117.709 E18.08717
G0 F6000 X112.83 Y117.497
G1 F1200 X112.569 Y117.236 E18.09177
G0 F6000 X112.569 Y117.024
G1 F1200 X112.83 Y117.284 E18.09637
G0 F6000 X112.83 Y117.072
G1 F1200 X112.569 Y116.811 E18.10097
G0 F6000 X112.569 Y116.599
G1 F1200 X112.83 Y116.86 E18.10558
G0 F6000 X112.83 Y116.648
G1 F1200 X112.569 Y116.387 E18.11018
G0 F6000 X112.569 Y116.175
G1 F1200 X112.83 Y116.436 E18.11478
G0 F6000 X112.83 Y116.224
G1 F1200 X112.569 Y115.963 E18.11939
G0 F6000 X112.569 Y115.751
G1 F1200 X112.83 Y116.012 E18.12399
G0 F6000 X112.83 Y115.8
G1 F1200 X112.569 Y115.539 E18.1286
G0 F6000 X112.569 Y115.326
G1 F1200 X112.83 Y115.587 E18.1332
G0 F6000 X112.83 Y115.375
G1 F1200 X112.569 Y115.114 E18.1378
G0 F6000 X112.569 Y114.902
G1 F1200 X112.83 Y115.163 E18.14241
G0 F6000 X112.83 Y114.951
G1 F1200 X112.569 Y114.69 E18.14701
G0 F6000 X112.569 Y114.478
G1 F1200 X112.83 Y114.739 E18.15161
G0 F6000 X112.83 Y114.527
G1 F1200 X112.569 Y114.266 E18.15622
G0 F6000 X112.569 Y114.054
G1 F1200 X112.83 Y114.315 E18.16082
G0 F6000 X112.83 Y114.102
G1 F1200 X112.569 Y113.842 E18.16542
G0 F6000 X112.569 Y113.629
G1 F1200 X112.83 Y113.89 E18.17002
G0 F6000 X112.83 Y113.678
G1 F1200 X112.569 Y113.417 E18.17462
G0 F6000 X112.569 Y113.205
G1 F1200 X112.83 Y113.466 E18.17923
G0 F6000 X112.83 Y113.254
G1 F1200 X112.569 Y112.993 E18.18383
G0 F6000 X112.569 Y112.781
G1 F1200 X112.83 Y113.042 E18.18844
G0 F6000 X112.83 Y112.83
G1 F1200 X112.569 Y112.569 E18.19304
G0 F6000 X112.569 Y112.357
G1 F1200 X112.83 Y112.618 E18.19764
G0 F6000 X112.83 Y112.405
G1 F1200 X112.569 Y112.145 E18.20224
G0 F6000 X112.569 Y111.932
G1 F1200 X112.83 Y112.193 E18.20684
G0 F6000 X112.83 Y111.981
G1 F1200 X112.569 Y111.72 E18.21145
G0 F6000 X112.569 Y111.508
G1 F1200 X112.83 Y111.769 E18.21605
G0 F6000 X112.83 Y111.557
G1 F1200 X112.569 Y111.296 E18.22065
G0 F6000 X112.569 Y111.084
G1 F1200 X112.83 Y111.345 E18.22526
G0 F6000 X112.83 Y111.133
G1 F1200 X112.569 Y110.872 E18.22986
G0 F6000 X112.569 Y110.66
G1 F1200 X112.83 Y110.921 E18.23446
G0 F6000 X112.83 Y110.708
G1 F1200 X112.569 Y110.447 E18.23907
G0 F6000 X112.569 Y110.235
G1 F1200 X112.83 Y110.496 E18.24367
G0 F6000 X112.83 Y110.284
G1 F1200 X112.569 Y110.023 E18.24828
G0 F6000 X112.652 Y109.895
G1 F1200 X112.83 Y110.072 E18.25141
G0 F6000 X112.89 Y110.072
G0 X112.818 Y126.444
G0 X112.333 Y126.45
G0 X107.472 Y118.06
G0 X107.522 Y118.129
G1 F1200 X107.944 Y118.551 E18.25885
G0 F6000 X107.812 Y118.631
G1 F1200 X108.227 Y119.046 E18.26617
G0 F6000 X108.101 Y119.132
G1 F1200 X108.509 Y119.54 E18.27337
G0 F6000 X108.391 Y119.634
G1 F1200 X108.792 Y120.035 E18.28044
G0 F6000 X108.681 Y120.136
G1 F1200 X109.075 Y120.53 E18.28739
G0 F6000 X108.971 Y120.638
G1 F1200 X109.358 Y121.025 E18.29422
G0 F6000 X109.261 Y121.14
G1 F1200 X109.641 Y121.52 E18.30092
G0 F6000 X109.551 Y121.642
G1 F1200 X109.923 Y122.015 E18.30749
G0 F6000 X109.841 Y122.144
G1 F1200 X110.206 Y122.51 E18.31394
G0 F6000 X110.131 Y122.646
G1 F1200 X110.488 Y123.004 E18.32024
G0 F6000 X110.421 Y123.149
G1 F1200 X110.771 Y123.499 E18.32642
G0 F6000 X110.71 Y123.65
G1 F1200 X111.054 Y123.994 E18.33248
G0 F6000 X111 Y124.152
G1 F1200 X111.337 Y124.489 E18.33843
G0 F6000 X111.29 Y124.654
G1 F1200 X111.62 Y124.984 E18.34425
G0 F6000 X111.58 Y125.156
G1 F1200 X111.644 Y125.22 E18.34538
G0 F6000 X112.569 Y124.872
G1 F1200 X112.647 Y124.951 E18.34676
G0 F6000 X112.815 Y124.906
G1 F1200 X112.569 Y124.66 E18.3511
G0 F6000 X112.6 Y124.66
G1 F2700 E13.3511
;MESH:NONMESH
G0 F300 X112.6 Y124.66 Z0.4
G0 F6000 X112.51 Y124.66
G0 X111.718 Y125.176
G0 X107.666 Y118.076
G0 X112.333 Y126.45
G0 X112.818 Y126.444
G0 X113.072 Y110.172
G0 X121.928 Y110.172
G0 X122.05 Y126.576
;TIME_ELAPSED:69.266290
;LAYER:1
M106 S85
;TYPE:WALL-INNER
;MESH:cbar_model-DualBatClipHldr.stl
G1 F2700 E18.3511
G1 F1350 X122.05 Y110.05 E18.76334
G1 X112.95 Y110.05 E18.99034
G1 X112.95 Y126.576 E19.40259
G1 X112.26 Y126.576 E19.4198
G1 X107.28 Y117.95 E19.66826
G1 X107.739 Y117.95 E19.67971
G1 X111.781 Y125.025 E19.88297
G1 X112.45 Y124.845 E19.90025
G1 X112.45 Y108.424 E20.30987
G1 X122.55 Y108.424 E20.56182
G1 X122.55 Y124.845 E20.97144
G1 X123.219 Y125.025 E20.98872
G1 X127.261 Y117.95 E21.19198
G1 X127.72 Y117.95 E21.20343
G1 X122.74 Y126.576 E21.45189
G1 X122.05 Y126.576 E21.46911
G0 F7500 X121.75 Y126.876
;TYPE:WALL-OUTER
G1 F1350 X121.75 Y110.35 E21.88135
G1 X113.25 Y110.35 E22.09338
G1 X113.25 Y126.876 E22.50563
G1 X112.087 Y126.876 E22.53464
G1 X106.76 Y117.65 E22.80039
G1 X107.913 Y117.65 E22.82915
G1 X111.927 Y124.675 E23.03098
G1 X112.15 Y124.615 E23.03674
G1 X112.15 Y108.124 E23.44811
G1 X122.85 Y108.124 E23.71502
G1 X122.85 Y124.615 E24.12639
G1 X123.073 Y124.675 E24.13215
G1 X127.087 Y117.65 E24.33398
G1 X128.24 Y117.65 E24.36274
G1 X122.913 Y126.876 E24.62849
G1 X121.75 Y126.876 E24.6575
G0 F7500 X122.34 Y126.286
;TYPE:SKIN
G1 F1350 X122.34 Y125.089 E24.68736
G1 X123.14 Y125.304 E24.70803
G1 X122.572 Y126.286 E24.73633
G1 X122.34 Y126.286 E24.74211
G1 F2700 E19.74211
G0 F7500 X122.11 Y126.286
G0 X121.928 Y110.172
G0 X113.072 Y110.172
G0 X112.89 Y126.286
G1 F2700 E24.74211
G0 F7500 X112.66 Y126.286
G1 F1350 X112.428 Y126.286 E24.7479
G1 X111.86 Y125.304 E24.7762
G1 X112.66 Y125.089 E24.79686
G1 X112.66 Y126.286 E24.82672
G1 F2700 E19.82672
G0 F7500 X112.89 Y126.286
G0 X113.072 Y110.172
G0 X121.928 Y110.172
G0 X122.182 Y126.444
G0 X122.667 Y126.45
G0 X127.476 Y118.09
G0 X123.282 Y125.176
G0 X122.586 Y124.989
G0 X122.49 Y109.76
G1 F2700 E24.82672
G0 F7500 X122.26 Y109.76
G1 F1350 X112.74 Y109.76 E25.0642
G1 X112.74 Y108.714 E25.09029
G1 X122.26 Y108.714 E25.32777
G1 X122.26 Y109.76 E25.35386
G0 F7500 X122.49 Y109.76
G0 X122.418 Y108.556
G0 X113.055 Y108.484
G0 X113.055 Y108.834
G1 F1350 X112.859 Y109.03 E25.36078
G0 F7500 X112.859 Y109.455
G1 F1350 X113.48 Y108.834 E25.38268
G0 F7500 X113.904 Y108.834
G1 F1350 X113.098 Y109.64 E25.41112
G0 F7500 X113.522 Y109.64
G1 F1350 X114.328 Y108.834 E25.43955
G0 F7500 X114.752 Y108.834
G1 F1350 X113.946 Y109.64 E25.46799
G0 F7500 X114.37 Y109.64
G1 F1350 X115.177 Y108.834 E25.49644
G0 F7500 X115.601 Y108.834
G1 F1350 X114.795 Y109.64 E25.52487
G0 F7500 X115.219 Y109.64
G1 F1350 X116.025 Y108.834 E25.5533
G0 F7500 X116.449 Y108.834
G1 F1350 X115.643 Y109.64 E25.58174
G0 F7500 X116.068 Y109.64
G1 F1350 X116.874 Y108.834 E25.61017
G0 F7500 X117.298 Y108.834
G1 F1350 X116.492 Y109.64 E25.63861
G0 F7500 X116.916 Y109.64
G1 F1350 X117.722 Y108.834 E25.66704
G0 F7500 X118.146 Y108.834
G1 F1350 X117.34 Y109.64 E25.69547
G0 F7500 X117.765 Y109.64
G1 F1350 X118.571 Y108.834 E25.72391
G0 F7500 X118.995 Y108.834
G1 F1350 X118.189 Y109.64 E25.75234
G0 F7500 X118.613 Y109.64
G1 F1350 X119.419 Y108.834 E25.78078
G0 F7500 X119.843 Y108.834
G1 F1350 X119.037 Y109.64 E25.80921
G0 F7500 X119.462 Y109.64
G1 F1350 X120.268 Y108.834 E25.83764
G0 F7500 X120.692 Y108.834
G1 F1350 X119.886 Y109.64 E25.86608
G0 F7500 X120.31 Y109.64
G1 F1350 X121.116 Y108.834 E25.89451
G0 F7500 X121.541 Y108.834
G1 F1350 X120.734 Y109.64 E25.92296
G0 F7500 X121.159 Y109.64
G1 F1350 X121.965 Y108.834 E25.9514
G0 F7500 X122.139 Y109.084
G1 F1350 X121.583 Y109.64 E25.97101
G0 F7500 X122.007 Y109.64
G1 F1350 X122.139 Y109.508 E25.97567
G0 F7500 X122.49 Y109.508
G0 X122.601 Y124.922
G0 X122.511 Y125.258
G1 F1350 X122.46 Y125.309 E25.97747
G0 F7500 X122.847 Y125.347
G1 F1350 X122.46 Y125.734 E25.99112
G0 F7500 X122.569 Y126.048
G1 F1350 X122.466 Y126.152 E25.99477
G1 F2700 E20.99477
G0 F7500 X122.11 Y126.152
G0 X121.928 Y110.172
G0 X113.072 Y110.172
G0 X112.89 Y125.896
G1 F2700 E25.99477
G0 F7500 X112.54 Y125.896
G1 F1350 X112.414 Y126.021 E25.9992
G0 F7500 X112.259 Y125.752
G1 F1350 X112.54 Y125.471 E26.00911
G0 F7500 X112.27 Y125.316
G1 F1350 X112.104 Y125.483 E26.01498
G0 F7500 X111.668 Y125.07
;TYPE:SKIN
G1 F1350 X111.581 Y125.157 E26.01652
G0 F7500 X111.503 Y125.023
G1 F1350 X111.591 Y124.935 E26.01807
G0 F7500 X111.514 Y124.8
G1 F1350 X111.426 Y124.888 E26.01962
G0 F7500 X111.348 Y124.754
G1 F1350 X111.437 Y124.665 E26.02119
G0 F7500 X111.36 Y124.53
G1 F1350 X111.271 Y124.619 E26.02276
G0 F7500 X111.193 Y124.485
G1 F1350 X111.283 Y124.395 E26.02435
G0 F7500 X111.205 Y124.26
G1 F1350 X111.115 Y124.351 E26.02595
G0 F7500 X111.037 Y124.216
G1 F1350 X111.128 Y124.125 E26.02755
G0 F7500 X111.051 Y123.99
G1 F1350 X110.96 Y124.081 E26.02916
G0 F7500 X110.882 Y123.947
G1 F1350 X110.974 Y123.855 E26.03078
G0 F7500 X110.897 Y123.72
G1 F1350 X110.805 Y123.812 E26.0324
G0 F7500 X110.727 Y123.678
G1 F1350 X110.82 Y123.585 E26.03404
G0 F7500 X110.742 Y123.45
G1 F1350 X110.649 Y123.544 E26.03569
G0 F7500 X110.572 Y123.409
G1 F1350 X110.665 Y123.315 E26.03734
G0 F7500 X110.588 Y123.18
G1 F1350 X110.494 Y123.274 E26.039
G0 F7500 X110.416 Y123.14
G1 F1350 X110.511 Y123.045 E26.04068
G0 F7500 X110.434 Y122.91
G1 F1350 X110.339 Y123.006 E26.04236
G0 F7500 X110.261 Y122.871
G1 F1350 X110.357 Y122.775 E26.04405
G0 F7500 X110.28 Y122.64
G1 F1350 X110.183 Y122.737 E26.04576
G0 F7500 X110.106 Y122.602
G1 F1350 X110.203 Y122.505 E26.04748
G0 F7500 X110.126 Y122.37
G1 F1350 X110.028 Y122.468 E26.0492
G0 F7500 X109.95 Y122.333
G1 F1350 X110.049 Y122.235 E26.05094
G0 F7500 X109.972 Y122.1
G1 F1350 X109.873 Y122.199 E26.05269
G0 F7500 X109.795 Y122.065
G1 F1350 X109.895 Y121.965 E26.05445
G0 F7500 X109.817 Y121.83
G1 F1350 X109.718 Y121.929 E26.0562
G0 F7500 X109.64 Y121.795
G1 F1350 X109.74 Y121.695 E26.05796
G0 F7500 X109.663 Y121.56
G1 F1350 X109.562 Y121.661 E26.05974
G0 F7500 X109.484 Y121.526
G1 F1350 X109.585 Y121.425 E26.06152
G0 F7500 X109.508 Y121.29
G1 F1350 X109.407 Y121.392 E26.06331
G0 F7500 X109.33 Y121.257
G1 F1350 X109.431 Y121.155 E26.06511
G0 F7500 X109.354 Y121.02
G1 F1350 X109.252 Y121.123 E26.06691
G0 F7500 X109.174 Y120.988
G1 F1350 X109.277 Y120.885 E26.06873
G0 F7500 X109.2 Y120.75
G1 F1350 X109.096 Y120.854 E26.07056
G0 F7500 X109.018 Y120.72
G1 F1350 X109.123 Y120.615 E26.07242
G0 F7500 X109.046 Y120.48
G1 F1350 X108.941 Y120.585 E26.07427
G0 F7500 X108.864 Y120.45
G1 F1350 X108.969 Y120.345 E26.07612
G0 F7500 X108.892 Y120.21
G1 F1350 X108.786 Y120.316 E26.07799
G0 F7500 X108.708 Y120.181
G1 F1350 X108.814 Y120.075 E26.07986
G0 F7500 X108.737 Y119.94
G1 F1350 X108.63 Y120.047 E26.08175
G0 F7500 X108.552 Y119.913
G1 F1350 X108.66 Y119.805 E26.08365
G0 F7500 X108.583 Y119.67
G1 F1350 X108.475 Y119.778 E26.08556
G0 F7500 X108.398 Y119.643
G1 F1350 X108.506 Y119.535 E26.08746
G0 F7500 X108.429 Y119.4
G1 F1350 X108.32 Y119.509 E26.08939
G0 F7500 X108.242 Y119.375
G1 F1350 X108.352 Y119.265 E26.09133
G0 F7500 X108.275 Y119.13
G1 F1350 X108.164 Y119.24 E26.09327
G0 F7500 X108.087 Y119.105
G1 F1350 X108.197 Y118.995 E26.09521
G0 F7500 X108.12 Y118.86
G1 F1350 X108.009 Y118.971 E26.09717
G0 F7500 X107.932 Y118.837
G1 F1350 X108.043 Y118.725 E26.09914
G0 F7500 X107.966 Y118.59
G1 F1350 X107.854 Y118.702 E26.10112
G0 F7500 X107.776 Y118.568
G1 F1350 X107.888 Y118.455 E26.1031
G0 F7500 X107.811 Y118.32
G1 F1350 X107.698 Y118.434 E26.1051
G0 F7500 X107.621 Y118.298
G1 F1350 X107.734 Y118.185 E26.10709
G0 F7500 X107.639 Y118.069
G1 F1350 X107.543 Y118.164 E26.10878
G0 F7500 X107.491 Y118.194
G0 X111.839 Y124.886
G0 X112.331 Y124.754
G0 X112.51 Y118.229
G0 X112.569 Y118.229
G1 F1350 X112.829 Y117.97 E26.11336
G0 F7500 X112.829 Y117.758
G1 F1350 X112.569 Y118.017 E26.11793
G0 F7500 X112.569 Y117.805
G1 F1350 X112.829 Y117.545 E26.12252
G0 F7500 X112.829 Y117.333
G1 F1350 X112.569 Y117.593 E26.12711
G0 F7500 X112.569 Y117.381
G1 F1350 X112.829 Y117.121 E26.13169
G0 F7500 X112.829 Y116.909
G1 F1350 X112.569 Y117.169 E26.13628
G0 F7500 X112.569 Y116.956
G1 F1350 X112.829 Y116.697 E26.14086
G0 F7500 X112.829 Y116.485
G1 F1350 X112.569 Y116.744 E26.14543
G0 F7500 X112.569 Y116.532
G1 F1350 X112.829 Y116.273 E26.15001
G0 F7500 X112.829 Y116.06
G1 F1350 X112.569 Y116.32 E26.1546
G0 F7500 X112.569 Y116.108
G1 F1350 X112.829 Y115.848 E26.15918
G0 F7500 X112.829 Y115.636
G1 F1350 X112.569 Y115.896 E26.16377
G0 F7500 X112.569 Y115.684
G1 F1350 X112.829 Y115.424 E26.16835
G0 F7500 X112.829 Y115.212
G1 F1350 X112.569 Y115.471 E26.17293
G0 F7500 X112.569 Y115.259
G1 F1350 X112.829 Y115 E26.17751
G0 F7500 X112.829 Y114.788
G1 F1350 X112.569 Y115.047 E26.18209
G0 F7500 X112.569 Y114.835
G1 F1350 X112.829 Y114.576 E26.18666
G0 F7500 X112.829 Y114.363
G1 F1350 X112.569 Y114.623 E26.19125
G0 F7500 X112.569 Y114.411
G1 F1350 X112.829 Y114.151 E26.19584
G0 F7500 X112.829 Y113.939
G1 F1350 X112.569 Y114.199 E26.20042
G0 F7500 X112.569 Y113.987
G1 F1350 X112.829 Y113.727 E26.20501
G0 F7500 X112.829 Y113.515
G1 F1350 X112.569 Y113.774 E26.20959
G0 F7500 X112.569 Y113.562
G1 F1350 X112.829 Y113.303 E26.21416
G0 F7500 X112.829 Y113.091
G1 F1350 X112.569 Y113.35 E26.21874
G0 F7500 X112.569 Y113.138
G1 F1350 X112.829 Y112.878 E26.22333
G0 F7500 X112.829 Y112.666
G1 F1350 X112.569 Y112.926 E26.22791
G0 F7500 X112.569 Y112.714
G1 F1350 X112.829 Y112.454 E26.2325
G0 F7500 X112.829 Y112.242
G1 F1350 X112.569 Y112.502 E26.23708
G0 F7500 X112.569 Y112.289
G1 F1350 X112.829 Y112.03 E26.24166
G0 F7500 X112.829 Y111.818
G1 F1350 X112.569 Y112.077 E26.24624
G0 F7500 X112.569 Y111.865
G1 F1350 X112.829 Y111.606 E26.25082
G0 F7500 X112.829 Y111.394
G1 F1350 X112.569 Y111.653 E26.25539
G0 F7500 X112.569 Y111.441
G1 F1350 X112.829 Y111.181 E26.25998
G0 F7500 X112.829 Y110.969
G1 F1350 X112.569 Y111.229 E26.26457
G0 F7500 X112.569 Y111.017
G1 F1350 X112.829 Y110.757 E26.26915
G0 F7500 X112.829 Y110.545
G1 F1350 X112.569 Y110.805 E26.27374
G0 F7500 X112.569 Y110.592
G1 F1350 X112.829 Y110.333 E26.27832
G0 F7500 X112.829 Y110.121
G1 F1350 X112.569 Y110.38 E26.28289
G0 F7500 X112.569 Y110.168
G1 F1350 X112.829 Y109.909 E26.28747
G0 F7500 X112.631 Y109.895
G1 F1350 X112.569 Y109.956 E26.28855
G1 F2700 E21.28855
G0 F7500 X112.51 Y109.956
G0 X112.579 Y124.944
G0 X111.718 Y125.176
G0 X107.666 Y118.076
G0 X112.333 Y126.45
G0 X112.818 Y126.444
G0 X112.89 Y118.182
G1 F2700 E26.28855
G0 F7500 X112.829 Y118.182
G1 F1350 X112.569 Y118.441 E26.29313
G0 F7500 X112.569 Y118.653
G1 F1350 X112.829 Y118.394 E26.29771
G0 F7500 X112.829 Y118.606
G1 F1350 X112.569 Y118.866 E26.3023
G0 F7500 X112.569 Y119.078
G1 F1350 X112.829 Y118.818 E26.30688
G0 F7500 X112.829 Y119.03
G1 F1350 X112.569 Y119.29 E26.31147
G0 F7500 X112.569 Y119.502
G1 F1350 X112.829 Y119.242 E26.31605
G0 F7500 X112.829 Y119.455
G1 F1350 X112.569 Y119.714 E26.32063
G0 F7500 X112.569 Y119.926
G1 F1350 X112.829 Y119.667 E26.32521
G0 F7500 X112.829 Y119.879
G1 F1350 X112.569 Y120.138 E26.32979
G0 F7500 X112.569 Y120.35
G1 F1350 X112.829 Y120.091 E26.33436
G0 F7500 X112.829 Y120.303
G1 F1350 X112.569 Y120.563 E26.33895
G0 F7500 X112.569 Y120.775
G1 F1350 X112.829 Y120.515 E26.34353
G0 F7500 X112.829 Y120.727
G1 F1350 X112.569 Y120.987 E26.34812
G0 F7500 X112.569 Y121.199
G1 F1350 X112.829 Y120.94 E26.3527
G0 F7500 X112.829 Y121.152
G1 F1350 X112.569 Y121.411 E26.35728
G0 F7500 X112.569 Y121.623
G1 F1350 X112.829 Y121.364 E26.36185
G0 F7500 X112.829 Y121.576
G1 F1350 X112.569 Y121.835 E26.36643
G0 F7500 X112.569 Y122.048
G1 F1350 X112.829 Y121.788 E26.37102
G0 F7500 X112.829 Y122
G1 F1350 X112.569 Y122.26 E26.3756
G0 F7500 X112.569 Y122.472
G1 F1350 X112.829 Y122.212 E26.38019
G0 F7500 X112.829 Y122.424
G1 F1350 X112.569 Y122.684 E26.38477
G0 F7500 X112.569 Y122.896
G1 F1350 X112.829 Y122.637 E26.38935
G0 F7500 X112.829 Y122.849
G1 F1350 X112.569 Y123.108 E26.39393
G0 F7500 X112.569 Y123.32
G1 F1350 X112.829 Y123.061 E26.39851
G0 F7500 X112.829 Y123.273
G1 F1350 X112.569 Y123.532 E26.40308
G0 F7500 X112.569 Y123.745
G1 F1350 X112.829 Y123.485 E26.40767
G0 F7500 X112.829 Y123.697
G1 F1350 X112.569 Y123.957 E26.41226
G0 F7500 X112.569 Y124.169
G1 F1350 X112.829 Y123.909 E26.41684
G0 F7500 X112.829 Y124.121
G1 F1350 X112.569 Y124.381 E26.42143
G0 F7500 X112.569 Y124.593
G1 F1350 X112.829 Y124.334 E26.42601
G0 F7500 X112.829 Y124.546
G1 F1350 X112.569 Y124.805 E26.43058
G0 F7500 X112.631 Y124.956
G1 F1350 X112.829 Y124.758 E26.43408
G1 F2700 E21.43408
G0 F7500 X112.89 Y124.758
G0 X113.072 Y110.172
G0 X121.928 Y110.172
G0 X122.11 Y124.752
G1 F2700 E26.43408
G0 F7500 X122.169 Y124.752
G1 F1350 X122.429 Y124.492 E26.43866
G0 F7500 X122.429 Y124.28
G1 F1350 X122.169 Y124.539 E26.44324
G0 F7500 X122.169 Y124.327
G1 F1350 X122.429 Y124.068 E26.44782
G0 F7500 X122.429 Y123.856
G1 F1350 X122.169 Y124.115 E26.45239
G0 F7500 X122.169 Y123.903
G1 F1350 X122.429 Y123.643 E26.45698
G0 F7500 X122.429 Y123.431
G1 F1350 X122.169 Y123.691 E26.46157
G0 F7500 X122.169 Y123.479
G1 F1350 X122.429 Y123.219 E26.46615
G0 F7500 X122.429 Y123.007
G1 F1350 X122.169 Y123.267 E26.47074
G0 F7500 X122.169 Y123.054
G1 F1350 X122.429 Y122.795 E26.47531
G0 F7500 X122.429 Y122.583
G1 F1350 X122.169 Y122.842 E26.47989
G0 F7500 X122.169 Y122.63
G1 F1350 X122.429 Y122.371 E26.48447
G0 F7500 X122.429 Y122.159
G1 F1350 X122.169 Y122.418 E26.48905
G0 F7500 X122.169 Y122.206
G1 F1350 X122.429 Y121.946 E26.49363
G0 F7500 X122.429 Y121.734
G1 F1350 X122.169 Y121.994 E26.49822
G0 F7500 X122.169 Y121.782
G1 F1350 X122.429 Y121.522 E26.50281
G0 F7500 X122.429 Y121.31
G1 F1350 X122.169 Y121.57 E26.50739
G0 F7500 X122.169 Y121.357
G1 F1350 X122.429 Y121.098 E26.51197
G0 F7500 X122.429 Y120.886
G1 F1350 X122.169 Y121.145 E26.51655
G0 F7500 X122.169 Y120.933
G1 F1350 X122.429 Y120.674 E26.52112
G0 F7500 X122.429 Y120.462
G1 F1350 X122.169 Y120.721 E26.5257
G0 F7500 X122.169 Y120.509
G1 F1350 X122.429 Y120.249 E26.53029
G0 F7500 X122.429 Y120.037
G1 F1350 X122.169 Y120.297 E26.53487
G0 F7500 X122.169 Y120.085
G1 F1350 X122.429 Y119.825 E26.53946
G0 F7500 X122.429 Y119.613
G1 F1350 X122.169 Y119.872 E26.54404
G0 F7500 X122.169 Y119.66
G1 F1350 X122.429 Y119.401 E26.54861
G0 F7500 X122.429 Y119.189
G1 F1350 X122.169 Y119.448 E26.55319
G0 F7500 X122.169 Y119.236
G1 F1350 X122.429 Y118.977 E26.55777
G0 F7500 X122.429 Y118.764
G1 F1350 X122.169 Y119.024 E26.56235
G0 F7500 X122.169 Y118.812
G1 F1350 X122.429 Y118.552 E26.56694
G0 F7500 X122.429 Y118.34
G1 F1350 X122.169 Y118.6 E26.57153
G0 F7500 X122.169 Y118.388
G1 F1350 X122.429 Y118.128 E26.57611
G0 F7500 X122.429 Y117.916
G1 F1350 X122.169 Y118.175 E26.58069
G0 F7500 X122.169 Y117.963
G1 F1350 X122.429 Y117.704 E26.58527
G0 F7500 X122.429 Y117.492
G1 F1350 X122.169 Y117.751 E26.58984
G0 F7500 X122.169 Y117.539
G1 F1350 X122.429 Y117.28 E26.59442
G0 F7500 X122.429 Y117.067
G1 F1350 X122.169 Y117.327 E26.59901
G0 F7500 X122.169 Y117.115
G1 F1350 X122.429 Y116.855 E26.60359
G0 F7500 X122.429 Y116.643
G1 F1350 X122.169 Y116.903 E26.60818
G0 F7500 X122.169 Y116.691
G1 F1350 X122.429 Y116.431 E26.61277
G0 F7500 X122.429 Y116.219
G1 F1350 X122.169 Y116.478 E26.61734
G0 F7500 X122.169 Y116.266
G1 F1350 X122.429 Y116.007 E26.62192
G0 F7500 X122.429 Y115.795
G1 F1350 X122.169 Y116.054 E26.6265
G0 F7500 X122.169 Y115.842
G1 F1350 X122.429 Y115.582 E26.63108
G0 F7500 X122.429 Y115.37
G1 F1350 X122.169 Y115.63 E26.63567
G0 F7500 X122.169 Y115.418
G1 F1350 X122.429 Y115.158 E26.64026
G0 F7500 X122.429 Y114.946
G1 F1350 X122.169 Y115.206 E26.64484
G0 F7500 X122.169 Y114.993
G1 F1350 X122.429 Y114.734 E26.64942
G0 F7500 X122.429 Y114.522
G1 F1350 X122.169 Y114.781 E26.654
G0 F7500 X122.169 Y114.569
G1 F1350 X122.429 Y114.31 E26.65857
G0 F7500 X122.429 Y114.098
G1 F1350 X122.169 Y114.357 E26.66315
G0 F7500 X122.169 Y114.145
G1 F1350 X122.429 Y113.885 E26.66774
G0 F7500 X122.429 Y113.673
G1 F1350 X122.169 Y113.933 E26.67232
G0 F7500 X122.169 Y113.721
G1 F1350 X122.429 Y113.461 E26.67691
G0 F7500 X122.429 Y113.249
G1 F1350 X122.169 Y113.509 E26.6815
G0 F7500 X122.169 Y113.296
G1 F1350 X122.429 Y113.037 E26.68607
G0 F7500 X122.429 Y112.825
G1 F1350 X122.169 Y113.084 E26.69065
G0 F7500 X122.169 Y112.872
G1 F1350 X122.429 Y112.613 E26.69523
G0 F7500 X122.429 Y112.4
G1 F1350 X122.169 Y112.66 E26.69981
G0 F7500 X122.169 Y112.448
G1 F1350 X122.429 Y112.188 E26.7044
G0 F7500 X122.429 Y111.976
G1 F1350 X122.169 Y112.236 E26.70899
G0 F7500 X122.169 Y112.024
G1 F1350 X122.429 Y111.764 E26.71357
G0 F7500 X122.429 Y111.552
G1 F1350 X122.169 Y111.811 E26.71815
G0 F7500 X122.169 Y111.599
G1 F1350 X122.429 Y111.34 E26.72273
G0 F7500 X122.429 Y111.128
G1 F1350 X122.169 Y111.387 E26.7273
G0 F7500 X122.169 Y111.175
G1 F1350 X122.429 Y110.916 E26.73188
G0 F7500 X122.429 Y110.703
G1 F1350 X122.169 Y110.963 E26.73647
G0 F7500 X122.169 Y110.751
G1 F1350 X122.429 Y110.491 E26.74105
G0 F7500 X122.429 Y110.279
G1 F1350 X122.169 Y110.539 E26.74564
G0 F7500 X122.169 Y110.327
G1 F1350 X122.429 Y110.067 E26.75023
G0 F7500 X122.389 Y109.895
G1 F1350 X122.169 Y110.114 E26.7541
G0 F7500 X122.11 Y110.114
G0 X122.182 Y126.444
G0 X122.667 Y126.45
G0 X127.476 Y118.09
G0 X127.366 Y118.069
G1 F1350 X127.281 Y118.155 E26.75561
G0 F7500 X127.417 Y118.231
G1 F1350 X126.998 Y118.65 E26.763
G0 F7500 X127.128 Y118.732
G1 F1350 X126.716 Y119.144 E26.77026
G0 F7500 X126.838 Y119.234
G1 F1350 X126.433 Y119.639 E26.77741
G0 F7500 X126.548 Y119.736
G1 F1350 X126.15 Y120.134 E26.78443
G0 F7500 X126.258 Y120.238
G1 F1350 X125.868 Y120.628 E26.79131
G0 F7500 X125.968 Y120.74
G1 F1350 X125.585 Y121.123 E26.79806
G0 F7500 X125.679 Y121.242
G1 F1350 X125.302 Y121.618 E26.8047
G0 F7500 X125.389 Y121.743
G1 F1350 X125.02 Y122.113 E26.81122
G0 F7500 X125.099 Y122.246
G1 F1350 X124.737 Y122.608 E26.81761
G0 F7500 X124.81 Y122.748
G1 F1350 X124.455 Y123.103 E26.82387
G0 F7500 X124.52 Y123.25
G1 F1350 X124.172 Y123.598 E26.83001
G0 F7500 X124.23 Y123.752
G1 F1350 X123.89 Y124.092 E26.836
G0 F7500 X123.94 Y124.253
G1 F1350 X123.607 Y124.587 E26.84189
G0 F7500 X123.651 Y124.755
G1 F1350 X123.324 Y125.082 E26.84765
G0 F7500 X122.429 Y124.916
G1 F1350 X122.384 Y124.961 E26.84845
G0 F7500 X122.217 Y124.916
G1 F1350 X122.429 Y124.704 E26.85219
G0 F7500 X122.4 Y124.704
;MESH:NONMESH
G0 F300 X122.4 Y124.704 Z0.6
G0 F7500 X122.49 Y124.704
G0 X123.282 Y125.176
G0 X127.334 Y118.076
G0 X122.667 Y126.45
G0 X122.05 Y126.576
;TIME_ELAPSED:108.444240
;LAYER:2
M106 S170
;TYPE:WALL-INNER
;MESH:cbar_model-DualBatClipHldr.stl
G1 F1500 X122.05 Y110.05 E27.26443
G1 X112.95 Y110.05 E27.49143
G1 X112.95 Y126.576 E27.90367
G1 X112.26 Y126.576 E27.92088
G1 X107.28 Y117.95 E28.16935
G1 X107.739 Y117.95 E28.1808
G1 X111.781 Y125.025 E28.38405
G1 X112.45 Y124.845 E28.40134
G1 X112.45 Y108.424 E28.81096
G1 X122.55 Y108.424 E29.06291
G1 X122.55 Y124.845 E29.47253
G1 X123.219 Y125.025 E29.48981
G1 X127.261 Y117.95 E29.69307
G1 X127.72 Y117.95 E29.70452
G1 X122.74 Y126.576 E29.95298
G1 X122.05 Y126.576 E29.97019
G0 F9000 X121.75 Y126.876
;TYPE:WALL-OUTER
G1 F1500 X121.75 Y110.35 E30.38243
G1 X113.25 Y110.35 E30.59447
G1 X113.25 Y126.876 E31.00671
G1 X112.087 Y126.876 E31.03572
G1 X106.76 Y117.65 E31.30147
G1 X107.913 Y117.65 E31.33023
G1 X111.927 Y124.675 E31.53206
G1 X112.15 Y124.615 E31.53782
G1 X112.15 Y108.124 E31.94919
G1 X122.85 Y108.124 E32.21611
G1 X122.85 Y124.615 E32.62748
G1 X123.073 Y124.675 E32.63324
G1 X127.087 Y117.65 E32.83507
G1 X128.24 Y117.65 E32.86383
G1 X122.913 Y126.876 E33.12958
G1 X121.75 Y126.876 E33.15859
G0 F9000 X122.34 Y126.286
;TYPE:SKIN
G1 F1500 X122.34 Y125.089 E33.18845
G1 X123.14 Y125.304 E33.20911
G1 X122.572 Y126.286 E33.23741
G1 X122.34 Y126.286 E33.2432
G1 F2700 E28.2432
G0 F9000 X122.11 Y126.286
G0 X121.928 Y110.172
G0 X113.072 Y110.172
G0 X112.89 Y126.286
G1 F2700 E33.2432
G0 F9000 X112.66 Y126.286
G1 F1500 X112.428 Y126.286 E33.24899
G1 X111.86 Y125.304 E33.27728
G1 X112.66 Y125.089 E33.29795
G1 X112.66 Y126.286 E33.32781
G1 F2700 E28.32781
G0 F9000 X112.89 Y126.286
G0 X113.072 Y110.172
G0 X121.928 Y110.172
G0 X122.182 Y126.444
G0 X122.667 Y126.45
G0 X127.476 Y118.09
G0 X123.282 Y125.176
G0 X122.586 Y124.989
G0 X122.49 Y109.76
G1 F2700 E33.32781
G0 F9000 X122.26 Y109.76
G1 F1500 X112.74 Y109.76 E33.56529
G1 X112.74 Y108.714 E33.59138
G1 X122.26 Y108.714 E33.82886
G1 X122.26 Y109.76 E33.85495
G0 F9000 X122.139 Y108.987
G1 F1500 X121.986 Y108.834 E33.86035
G0 F9000 X121.562 Y108.834
G1 F1500 X122.139 Y109.411 E33.8807
G0 F9000 X121.944 Y109.64
G1 F1500 X121.137 Y108.834 E33.90915
G0 F9000 X120.713 Y108.834
G1 F1500 X121.519 Y109.64 E33.93759
G0 F9000 X121.095 Y109.64
G1 F1500 X120.289 Y108.834 E33.96602
G0 F9000 X119.865 Y108.834
G1 F1500 X120.671 Y109.64 E33.99445
G0 F9000 X120.247 Y109.64
G1 F1500 X119.44 Y108.834 E34.02291
G0 F9000 X119.016 Y108.834
G1 F1500 X119.822 Y109.64 E34.05134
G0 F9000 X119.398 Y109.64
G1 F1500 X118.592 Y108.834 E34.07977
G0 F9000 X118.168 Y108.834
G1 F1500 X118.974 Y109.64 E34.10821
G0 F9000 X118.549 Y109.64
G1 F1500 X117.743 Y108.834 E34.13664
G0 F9000 X117.319 Y108.834
G1 F1500 X118.125 Y109.64 E34.16507
G0 F9000 X117.701 Y109.64
G1 F1500 X116.895 Y108.834 E34.19351
G0 F9000 X116.471 Y108.834
G1 F1500 X117.277 Y109.64 E34.22194
G0 F9000 X116.852 Y109.64
G1 F1500 X116.046 Y108.834 E34.25038
G0 F9000 X115.622 Y108.834
G1 F1500 X116.428 Y109.64 E34.27881
G0 F9000 X116.004 Y109.64
G1 F1500 X115.198 Y108.834 E34.30724
G0 F9000 X114.774 Y108.834
G1 F1500 X115.58 Y109.64 E34.33568
G0 F9000 X115.155 Y109.64
G1 F1500 X114.349 Y108.834 E34.36411
G0 F9000 X113.925 Y108.834
G1 F1500 X114.731 Y109.64 E34.39254
G0 F9000 X114.307 Y109.64
G1 F1500 X113.501 Y108.834 E34.42098
G0 F9000 X113.076 Y108.834
G1 F1500 X113.883 Y109.64 E34.44943
G0 F9000 X113.458 Y109.64
G1 F1500 X112.859 Y109.04 E34.47058
G0 F9000 X112.859 Y109.465
G1 F1500 X113.034 Y109.64 E34.47675
G1 F2700 E29.47675
G0 F9000 X113.034 Y109.99
G0 X112.818 Y126.444
G0 X112.333 Y126.45
G0 X107.524 Y118.09
G0 X111.718 Y125.176
G0 X112.098 Y125.003
G1 F2700 E34.47675
G0 F9000 X112.187 Y125.339
G1 F1500 X112.54 Y125.692 E34.48921
G0 F9000 X112.371 Y125.947
G1 F1500 X112.54 Y126.116 E34.49517
G1 F2700 E29.49517
G0 F9000 X112.89 Y126.116
G0 X113.072 Y110.172
G0 X121.928 Y110.172
G0 X122.11 Y125.854
G1 F2700 E34.49517
G0 F9000 X122.46 Y125.854
G1 F1500 X122.601 Y125.995 E34.50014
G0 F9000 X122.756 Y125.726
G1 F1500 X122.46 Y125.43 E34.51058
G0 F9000 X122.786 Y125.332
G1 F1500 X122.912 Y125.457 E34.51501
G0 F9000 X123.269 Y125.178
;TYPE:SKIN
G1 F1500 X123.294 Y125.203 E34.51545
G0 F9000 X123.434 Y125.131
G1 F1500 X123.346 Y125.043 E34.517
G0 F9000 X123.423 Y124.908
G1 F1500 X123.512 Y124.997 E34.51857
G0 F9000 X123.589 Y124.862
G1 F1500 X123.5 Y124.773 E34.52014
G0 F9000 X123.577 Y124.638
G1 F1500 X123.667 Y124.727 E34.52172
G0 F9000 X123.745 Y124.593
G1 F1500 X123.654 Y124.503 E34.52332
G0 F9000 X123.731 Y124.368
G1 F1500 X123.822 Y124.459 E34.52492
G0 F9000 X123.9 Y124.324
G1 F1500 X123.808 Y124.233 E34.52654
G0 F9000 X123.885 Y124.097
G1 F1500 X123.977 Y124.189 E34.52816
G0 F9000 X124.055 Y124.055
G1 F1500 X123.962 Y123.962 E34.5298
G0 F9000 X124.039 Y123.827
G1 F1500 X124.133 Y123.921 E34.53146
G0 F9000 X124.211 Y123.786
G1 F1500 X124.117 Y123.692 E34.53312
G0 F9000 X124.194 Y123.557
G1 F1500 X124.288 Y123.652 E34.53478
G0 F9000 X124.366 Y123.518
G1 F1500 X124.271 Y123.423 E34.53646
G0 F9000 X124.348 Y123.288
G1 F1500 X124.443 Y123.383 E34.53814
G0 F9000 X124.521 Y123.248
G1 F1500 X124.426 Y123.153 E34.53981
G0 F9000 X124.503 Y123.018
G1 F1500 X124.599 Y123.114 E34.54151
G0 F9000 X124.677 Y122.98
G1 F1500 X124.58 Y122.883 E34.54322
G0 F9000 X124.657 Y122.748
G1 F1500 X124.754 Y122.845 E34.54493
G0 F9000 X124.831 Y122.71
G1 F1500 X124.734 Y122.613 E34.54664
G0 F9000 X124.811 Y122.477
G1 F1500 X124.909 Y122.576 E34.54838
G0 F9000 X124.987 Y122.441
G1 F1500 X124.888 Y122.342 E34.55012
G0 F9000 X124.965 Y122.207
G1 F1500 X125.065 Y122.307 E34.55189
G0 F9000 X125.143 Y122.173
G1 F1500 X125.042 Y122.072 E34.55367
G0 F9000 X125.119 Y121.937
G1 F1500 X125.22 Y122.038 E34.55545
G0 F9000 X125.297 Y121.903
G1 F1500 X125.196 Y121.802 E34.55723
G0 F9000 X125.273 Y121.667
G1 F1500 X125.375 Y121.769 E34.55903
G0 F9000 X125.453 Y121.635
G1 F1500 X125.35 Y121.532 E34.56085
G0 F9000 X125.428 Y121.398
G1 F1500 X125.531 Y121.5 E34.56265
G0 F9000 X125.608 Y121.365
G1 F1500 X125.505 Y121.263 E34.56446
G0 F9000 X125.582 Y121.128
G1 F1500 X125.686 Y121.231 E34.56629
G0 F9000 X125.763 Y121.096
G1 F1500 X125.659 Y120.993 E34.56811
G0 F9000 X125.737 Y120.857
G1 F1500 X125.841 Y120.962 E34.56996
G0 F9000 X125.919 Y120.828
G1 F1500 X125.814 Y120.722 E34.57182
G0 F9000 X125.891 Y120.587
G1 F1500 X125.997 Y120.693 E34.57369
G0 F9000 X126.074 Y120.558
G1 F1500 X125.968 Y120.452 E34.57556
G0 F9000 X126.045 Y120.317
G1 F1500 X126.152 Y120.424 E34.57744
G0 F9000 X126.229 Y120.29
G1 F1500 X126.122 Y120.182 E34.57934
G0 F9000 X126.199 Y120.047
G1 F1500 X126.307 Y120.155 E34.58125
G0 F9000 X126.385 Y120.021
G1 F1500 X126.276 Y119.912 E34.58317
G0 F9000 X126.353 Y119.777
G1 F1500 X126.462 Y119.886 E34.58509
G0 F9000 X126.54 Y119.752
G1 F1500 X126.43 Y119.642 E34.58703
G0 F9000 X126.508 Y119.508
G1 F1500 X126.618 Y119.617 E34.58896
G0 F9000 X126.695 Y119.483
G1 F1500 X126.585 Y119.373 E34.5909
G0 F9000 X126.662 Y119.238
G1 F1500 X126.773 Y119.349 E34.59286
G0 F9000 X126.85 Y119.213
G1 F1500 X126.739 Y119.102 E34.59482
G0 F9000 X126.816 Y118.967
G1 F1500 X126.928 Y119.079 E34.59679
G0 F9000 X127.006 Y118.945
G1 F1500 X126.893 Y118.832 E34.59879
G0 F9000 X126.97 Y118.697
G1 F1500 X127.084 Y118.81 E34.60079
G0 F9000 X127.161 Y118.676
G1 F1500 X127.047 Y118.562 E34.6028
G0 F9000 X127.125 Y118.427
G1 F1500 X127.238 Y118.541 E34.6048
G0 F9000 X127.316 Y118.407
G1 F1500 X127.202 Y118.292 E34.60682
G0 F9000 X127.279 Y118.157
G1 F1500 X127.394 Y118.272 E34.60885
G0 F9000 X127.472 Y118.138
G1 F1500 X127.403 Y118.069 E34.61007
G0 F9000 X127.403 Y118.01
G0 X123.161 Y124.886
G0 X122.669 Y124.754
G0 X122.49 Y117.975
G0 X122.429 Y117.975
G1 F1500 X122.168 Y117.714 E34.61467
G0 F9000 X122.168 Y117.502
G1 F1500 X122.429 Y117.762 E34.61927
G0 F9000 X122.429 Y117.55
G1 F1500 X122.168 Y117.289 E34.62387
G0 F9000 X122.168 Y117.077
G1 F1500 X122.429 Y117.338 E34.62847
G0 F9000 X122.429 Y117.126
G1 F1500 X122.168 Y116.865 E34.63308
G0 F9000 X122.168 Y116.653
G1 F1500 X122.429 Y116.914 E34.63768
G0 F9000 X122.429 Y116.702
G1 F1500 X122.168 Y116.441 E34.64229
G0 F9000 X122.168 Y116.229
G1 F1500 X122.429 Y116.49 E34.64689
G0 F9000 X122.429 Y116.278
G1 F1500 X122.168 Y116.017 E34.65149
G0 F9000 X122.168 Y115.804
G1 F1500 X122.429 Y116.065 E34.6561
G0 F9000 X122.429 Y115.853
G1 F1500 X122.168 Y115.592 E34.6607
G0 F9000 X122.168 Y115.38
G1 F1500 X122.429 Y115.641 E34.6653
G0 F9000 X122.429 Y115.429
G1 F1500 X122.168 Y115.168 E34.66991
G0 F9000 X122.168 Y114.956
G1 F1500 X122.429 Y115.217 E34.67451
G0 F9000 X122.429 Y115.005
G1 F1500 X122.168 Y114.744 E34.67911
G0 F9000 X122.168 Y114.532
G1 F1500 X122.429 Y114.793 E34.68372
G0 F9000 X122.429 Y114.58
G1 F1500 X122.168 Y114.32 E34.68831
G0 F9000 X122.168 Y114.107
G1 F1500 X122.429 Y114.368 E34.69292
G0 F9000 X122.429 Y114.156
G1 F1500 X122.168 Y113.895 E34.69752
G0 F9000 X122.168 Y113.683
G1 F1500 X122.429 Y113.944 E34.70212
G0 F9000 X122.429 Y113.732
G1 F1500 X122.168 Y113.471 E34.70673
G0 F9000 X122.168 Y113.259
G1 F1500 X122.429 Y113.52 E34.71133
G0 F9000 X122.429 Y113.308
G1 F1500 X122.168 Y113.047 E34.71594
G0 F9000 X122.168 Y112.835
G1 F1500 X122.429 Y113.096 E34.72054
G0 F9000 X122.429 Y112.883
G1 F1500 X122.168 Y112.623 E34.72513
G0 F9000 X122.168 Y112.41
G1 F1500 X122.429 Y112.671 E34.72974
G0 F9000 X122.429 Y112.459
G1 F1500 X122.168 Y112.198 E34.73434
G0 F9000 X122.168 Y111.986
G1 F1500 X122.429 Y112.247 E34.73895
G0 F9000 X122.429 Y112.035
G1 F1500 X122.168 Y111.774 E34.74355
G0 F9000 X122.168 Y111.562
G1 F1500 X122.429 Y111.823 E34.74815
G0 F9000 X122.429 Y111.611
G1 F1500 X122.168 Y111.35 E34.75276
G0 F9000 X122.168 Y111.138
G1 F1500 X122.429 Y111.399 E34.75736
G0 F9000 X122.429 Y111.186
G1 F1500 X122.168 Y110.925 E34.76196
G0 F9000 X122.168 Y110.713
G1 F1500 X122.429 Y110.974 E34.76657
G0 F9000 X122.429 Y110.762
G1 F1500 X122.168 Y110.501 E34.77117
G0 F9000 X122.168 Y110.289
G1 F1500 X122.429 Y110.55 E34.77578
G0 F9000 X122.429 Y110.338
G1 F1500 X122.168 Y110.077 E34.78038
G0 F9000 X122.198 Y109.895
G1 F1500 X122.429 Y110.126 E34.78445
G1 F2700 E29.78445
G0 F9000 X122.49 Y110.126
G0 X122.421 Y124.944
G0 X123.282 Y125.176
G0 X127.334 Y118.076
G0 X122.667 Y126.45
G0 X122.182 Y126.444
G0 X122.11 Y117.926
G1 F2700 E34.78445
G0 F9000 X122.168 Y117.926
G1 F1500 X122.429 Y118.187 E34.78906
G0 F9000 X122.429 Y118.399
G1 F1500 X122.168 Y118.138 E34.79366
G0 F9000 X122.168 Y118.35
G1 F1500 X122.429 Y118.611 E34.79827
G0 F9000 X122.429 Y118.823
G1 F1500 X122.168 Y118.562 E34.80287
G0 F9000 X122.168 Y118.774
G1 F1500 X122.429 Y119.035 E34.80747
G0 F9000 X122.429 Y119.247
G1 F1500 X122.168 Y118.986 E34.81208
G0 F9000 X122.168 Y119.199
G1 F1500 X122.429 Y119.46 E34.81668
G0 F9000 X122.429 Y119.672
G1 F1500 X122.168 Y119.411 E34.82128
G0 F9000 X122.168 Y119.623
G1 F1500 X122.429 Y119.884 E34.82589
G0 F9000 X122.429 Y120.096
G1 F1500 X122.168 Y119.835 E34.83049
G0 F9000 X122.168 Y120.047
G1 F1500 X122.429 Y120.308 E34.8351
G0 F9000 X122.429 Y120.52
G1 F1500 X122.168 Y120.259 E34.8397
G0 F9000 X122.168 Y120.471
G1 F1500 X122.429 Y120.732 E34.8443
G0 F9000 X122.429 Y120.944
G1 F1500 X122.168 Y120.684 E34.8489
G0 F9000 X122.168 Y120.896
G1 F1500 X122.429 Y121.157 E34.8535
G0 F9000 X122.429 Y121.369
G1 F1500 X122.168 Y121.108 E34.85811
G0 F9000 X122.168 Y121.32
G1 F1500 X122.429 Y121.581 E34.86271
G0 F9000 X122.429 Y121.793
G1 F1500 X122.168 Y121.532 E34.86731
G0 F9000 X122.168 Y121.744
G1 F1500 X122.429 Y122.005 E34.87192
G0 F9000 X122.429 Y122.217
G1 F1500 X122.168 Y121.956 E34.87652
G0 F9000 X122.168 Y122.168
G1 F1500 X122.429 Y122.429 E34.88112
G0 F9000 X122.429 Y122.642
G1 F1500 X122.168 Y122.381 E34.88573
G0 F9000 X122.168 Y122.593
G1 F1500 X122.429 Y122.854 E34.89033
G0 F9000 X122.429 Y123.066
G1 F1500 X122.168 Y122.805 E34.89494
G0 F9000 X122.168 Y123.017
G1 F1500 X122.429 Y123.278 E34.89954
G0 F9000 X122.429 Y123.49
G1 F1500 X122.168 Y123.229 E34.90414
G0 F9000 X122.168 Y123.441
G1 F1500 X122.429 Y123.702 E34.90875
G0 F9000 X122.429 Y123.914
G1 F1500 X122.168 Y123.653 E34.91335
G0 F9000 X122.168 Y123.866
G1 F1500 X122.429 Y124.126 E34.91795
G0 F9000 X122.429 Y124.339
G1 F1500 X122.168 Y124.078 E34.92255
G0 F9000 X122.168 Y124.29
G1 F1500 X122.429 Y124.551 E34.92715
G0 F9000 X122.429 Y124.763
G1 F1500 X122.168 Y124.502 E34.93176
G0 F9000 X122.168 Y124.714
G1 F1500 X122.425 Y124.971 E34.93629
G1 F2700 E29.93629
G0 F9000 X122.449 Y124.881
G0 X123.282 Y125.176
G0 X127.334 Y118.076
G0 X122.667 Y126.45
G0 X122.182 Y126.444
G0 X121.928 Y110.172
G0 X113.072 Y110.172
G0 X112.89 Y124.709
G1 F2700 E34.93629
G0 F9000 X112.83 Y124.709
G1 F1500 X112.569 Y124.448 E34.94089
G0 F9000 X112.569 Y124.236
G1 F1500 X112.83 Y124.497 E34.9455
G0 F9000 X112.83 Y124.285
G1 F1500 X112.569 Y124.024 E34.9501
G0 F9000 X112.569 Y123.812
G1 F1500 X112.83 Y124.073 E34.9547
G0 F9000 X112.83 Y123.861
G1 F1500 X112.569 Y123.6 E34.95931
G0 F9000 X112.569 Y123.388
G1 F1500 X112.83 Y123.648 E34.9639
G0 F9000 X112.83 Y123.436
G1 F1500 X112.569 Y123.175 E34.96851
G0 F9000 X112.569 Y122.963
G1 F1500 X112.83 Y123.224 E34.97311
G0 F9000 X112.83 Y123.012
G1 F1500 X112.569 Y122.751 E34.97771
G0 F9000 X112.569 Y122.539
G1 F1500 X112.83 Y122.8 E34.98232
G0 F9000 X112.83 Y122.588
G1 F1500 X112.569 Y122.327 E34.98692
G0 F9000 X112.569 Y122.115
G1 F1500 X112.83 Y122.376 E34.99153
G0 F9000 X112.83 Y122.164
G1 F1500 X112.569 Y121.903 E34.99613
G0 F9000 X112.569 Y121.69
G1 F1500 X112.83 Y121.951 E35.00073
G0 F9000 X112.83 Y121.739
G1 F1500 X112.569 Y121.478 E35.00534
G0 F9000 X112.569 Y121.266
G1 F1500 X112.83 Y121.527 E35.00994
G0 F9000 X112.83 Y121.315
G1 F1500 X112.569 Y121.054 E35.01454
G0 F9000 X112.569 Y120.842
G1 F1500 X112.83 Y121.103 E35.01915
G0 F9000 X112.83 Y120.891
G1 F1500 X112.569 Y120.63 E35.02375
G0 F9000 X112.569 Y120.418
G1 F1500 X112.83 Y120.679 E35.02836
G0 F9000 X112.83 Y120.466
G1 F1500 X112.569 Y120.206 E35.03295
G0 F9000 X112.569 Y119.993
G1 F1500 X112.83 Y120.254 E35.03755
G0 F9000 X112.83 Y120.042
G1 F1500 X112.569 Y119.781 E35.04216
G0 F9000 X112.569 Y119.569
G1 F1500 X112.83 Y119.83 E35.04676
G0 F9000 X112.83 Y119.618
G1 F1500 X112.569 Y119.357 E35.05137
G0 F9000 X112.569 Y119.145
G1 F1500 X112.83 Y119.406 E35.05597
G0 F9000 X112.83 Y119.194
G1 F1500 X112.569 Y118.933 E35.06057
G0 F9000 X112.569 Y118.721
G1 F1500 X112.83 Y118.982 E35.06518
G0 F9000 X112.83 Y118.769
G1 F1500 X112.569 Y118.508 E35.06978
G0 F9000 X112.569 Y118.296
G1 F1500 X112.83 Y118.557 E35.07438
G0 F9000 X112.83 Y118.345
G1 F1500 X112.569 Y118.084 E35.07899
G0 F9000 X112.569 Y117.872
G1 F1500 X112.83 Y118.133 E35.08359
G0 F9000 X112.83 Y117.921
G1 F1500 X112.569 Y117.66 E35.0882
G0 F9000 X112.569 Y117.448
G1 F1500 X112.83 Y117.709 E35.0928
G0 F9000 X112.83 Y117.497
G1 F1500 X112.569 Y117.236 E35.0974
G0 F9000 X112.569 Y117.024
G1 F1500 X112.83 Y117.284 E35.102
G0 F9000 X112.83 Y117.072
G1 F1500 X112.569 Y116.811 E35.1066
G0 F9000 X112.569 Y116.599
G1 F1500 X112.83 Y116.86 E35.11121
G0 F9000 X112.83 Y116.648
G1 F1500 X112.569 Y116.387 E35.11581
G0 F9000 X112.569 Y116.175
G1 F1500 X112.83 Y116.436 E35.12041
G0 F9000 X112.83 Y116.224
G1 F1500 X112.569 Y115.963 E35.12502
G0 F9000 X112.569 Y115.751
G1 F1500 X112.83 Y116.012 E35.12962
G0 F9000 X112.83 Y115.8
G1 F1500 X112.569 Y115.539 E35.13422
G0 F9000 X112.569 Y115.326
G1 F1500 X112.83 Y115.587 E35.13883
G0 F9000 X112.83 Y115.375
G1 F1500 X112.569 Y115.114 E35.14343
G0 F9000 X112.569 Y114.902
G1 F1500 X112.83 Y115.163 E35.14804
G0 F9000 X112.83 Y114.951
G1 F1500 X112.569 Y114.69 E35.15264
G0 F9000 X112.569 Y114.478
G1 F1500 X112.83 Y114.739 E35.15724
G0 F9000 X112.83 Y114.527
G1 F1500 X112.569 Y114.266 E35.16185
G0 F9000 X112.569 Y114.054
G1 F1500 X112.83 Y114.315 E35.16645
G0 F9000 X112.83 Y114.102
G1 F1500 X112.569 Y113.842 E35.17104
G0 F9000 X112.569 Y113.629
G1 F1500 X112.83 Y113.89 E35.17565
G0 F9000 X112.83 Y113.678
G1 F1500 X112.569 Y113.417 E35.18025
G0 F9000 X112.569 Y113.205
G1 F1500 X112.83 Y113.466 E35.18486
G0 F9000 X112.83 Y113.254
G1 F1500 X112.569 Y112.993 E35.18946
G0 F9000 X112.569 Y112.781
G1 F1500 X112.83 Y113.042 E35.19406
G0 F9000 X112.83 Y112.83
G1 F1500 X112.569 Y112.569 E35.19867
G0 F9000 X112.569 Y112.357
G1 F1500 X112.83 Y112.618 E35.20327
G0 F9000 X112.83 Y112.405
G1 F1500 X112.569 Y112.145 E35.20787
G0 F9000 X112.569 Y111.932
G1 F1500 X112.83 Y112.193 E35.21247
G0 F9000 X112.83 Y111.981
G1 F1500 X112.569 Y111.72 E35.21707
G0 F9000 X112.569 Y111.508
G1 F1500 X112.83 Y111.769 E35.22168
G0 F9000 X112.83 Y111.557
G1 F1500 X112.569 Y111.296 E35.22628
G0 F9000 X112.569 Y111.084
G1 F1500 X112.83 Y111.345 E35.23088
G0 F9000 X112.83 Y111.133
G1 F1500 X112.569 Y110.872 E35.23549
G0 F9000 X112.569 Y110.66
G1 F1500 X112.83 Y110.921 E35.24009
G0 F9000 X112.83 Y110.708
G1 F1500 X112.569 Y110.447 E35.2447
G0 F9000 X112.569 Y110.235
G1 F1500 X112.83 Y110.496 E35.2493
G0 F9000 X112.83 Y110.284
G1 F1500 X112.569 Y110.023 E35.2539
G0 F9000 X112.652 Y109.895
G1 F1500 X112.83 Y110.072 E35.25703
G0 F9000 X112.89 Y110.072
G0 X112.818 Y126.444
G0 X112.333 Y126.45
G0 X107.472 Y118.06
G0 X107.522 Y118.129
G1 F1500 X107.944 Y118.551 E35.26448
G0 F9000 X107.812 Y118.631
G1 F1500 X108.227 Y119.046 E35.2718
G0 F9000 X108.101 Y119.132
G1 F1500 X108.509 Y119.54 E35.27899
G0 F9000 X108.391 Y119.634
G1 F1500 X108.792 Y120.035 E35.28607
G0 F9000 X108.681 Y120.136
G1 F1500 X109.075 Y120.53 E35.29302
G0 F9000 X108.971 Y120.638
G1 F1500 X109.358 Y121.025 E35.29984
G0 F9000 X109.261 Y121.14
G1 F1500 X109.641 Y121.52 E35.30655
G0 F9000 X109.551 Y121.642
G1 F1500 X109.923 Y122.015 E35.31312
G0 F9000 X109.841 Y122.144
G1 F1500 X110.206 Y122.51 E35.31956
G0 F9000 X110.131 Y122.646
G1 F1500 X110.488 Y123.004 E35.32587
G0 F9000 X110.421 Y123.149
G1 F1500 X110.771 Y123.499 E35.33204
G0 F9000 X110.71 Y123.65
G1 F1500 X111.054 Y123.994 E35.33811
G0 F9000 X111 Y124.152
G1 F1500 X111.337 Y124.489 E35.34406
G0 F9000 X111.29 Y124.654
G1 F1500 X111.62 Y124.984 E35.34988
G0 F9000 X111.58 Y125.156
G1 F1500 X111.644 Y125.22 E35.35101
G0 F9000 X112.569 Y124.872
G1 F1500 X112.647 Y124.951 E35.35239
G0 F9000 X112.815 Y124.906
G1 F1500 X112.569 Y124.66 E35.35673
G0 F9000 X112.6 Y124.66
G1 F2700 E30.35673
;MESH:NONMESH
G0 F300 X112.6 Y124.66 Z0.8
G0 F9000 X112.51 Y124.66
G0 X111.718 Y125.176
G0 X107.666 Y118.076
G0 X112.333 Y126.45
G0 X112.818 Y126.444
G0 X113.072 Y110.172
G0 X121.928 Y110.172
G0 X122.05 Y126.576
;TIME_ELAPSED:148.750446
;LAYER:3
M106 S255
;TYPE:WALL-INNER
;MESH:cbar_model-DualBatClipHldr.stl
G1 F2700 E35.35673
G1 F1500 X122.05 Y110.05 E35.76897
G1 X112.95 Y110.05 E35.99597
G1 X112.95 Y126.576 E36.40822
G1 X112.26 Y126.576 E36.42543
G1 X107.28 Y117.95 E36.67389
G1 X107.739 Y117.95 E36.68534
G1 X111.781 Y125.025 E36.8886
G1 X112.45 Y124.845 E36.90588
G1 X112.45 Y108.424 E37.3155
G1 X122.55 Y108.424 E37.56745
G1 X122.55 Y124.845 E37.97707
G1 X123.219 Y125.025 E37.99435
G1 X127.261 Y117.95 E38.19761
G1 X127.72 Y117.95 E38.20906
G1 X122.74 Y126.576 E38.45752
G1 X122.05 Y126.576 E38.47473
G0 F9000 X121.75 Y126.876
;TYPE:WALL-OUTER
G1 F1500 X121.75 Y110.35 E38.88698
G1 X113.25 Y110.35 E39.09901
G1 X113.25 Y126.876 E39.51125
G1 X112.087 Y126.876 E39.54026
G1 X106.76 Y117.65 E39.80602
G1 X107.913 Y117.65 E39.83478
G1 X111.927 Y124.675 E40.03661
G1 X112.15 Y124.615 E40.04237
G1 X112.15 Y108.124 E40.45374
G1 X122.85 Y108.124 E40.72065
G1 X122.85 Y124.615 E41.13202
G1 X123.073 Y124.675 E41.13778
G1 X127.087 Y117.65 E41.33961
G1 X128.24 Y117.65 E41.36837
G1 X122.913 Y126.876 E41.63412
G1 X121.75 Y126.876 E41.66313
G0 F9000 X122.34 Y126.286
;TYPE:SKIN
G1 F1500 X122.34 Y125.089 E41.69299
G1 X123.14 Y125.304 E41.71366
G1 X122.572 Y126.286 E41.74195
G1 X122.34 Y126.286 E41.74774
G1 F2700 E36.74774
G0 F9000 X122.11 Y126.286
G0 X121.928 Y110.172
G0 X113.072 Y110.172
G0 X112.89 Y126.286
G1 F2700 E41.74774
G0 F9000 X112.66 Y126.286
G1 F1500 X112.428 Y126.286 E41.75353
G1 X111.86 Y125.304 E41.78183
G1 X112.66 Y125.089 E41.80249
G1 X112.66 Y126.286 E41.83235
G1 F2700 E36.83235
G0 F9000 X112.89 Y126.286
G0 X113.072 Y110.172
G0 X121.928 Y110.172
G0 X122.182 Y126.444
G0 X122.667 Y126.45
G0 X127.476 Y118.09
G0 X123.282 Y125.176
G0 X122.586 Y124.989
G0 X122.49 Y109.76
G1 F2700 E41.83235
G0 F9000 X122.26 Y109.76
G1 F1500 X112.74 Y109.76 E42.06983
G1 X112.74 Y108.714 E42.09592
G1 X122.26 Y108.714 E42.3334
G1 X122.26 Y109.76 E42.35949
G0 F9000 X122.49 Y109.76
G0 X122.418 Y108.556
G0 X113.055 Y108.484
G0 X113.055 Y108.834
G1 F1500 X112.859 Y109.03 E42.3664
G0 F9000 X112.859 Y109.455
G1 F1500 X113.48 Y108.834 E42.38831
G0 F9000 X113.904 Y108.834
G1 F1500 X113.098 Y109.64 E42.41675
G0 F9000 X113.522 Y109.64
G1 F1500 X114.328 Y108.834 E42.44518
G0 F9000 X114.752 Y108.834
G1 F1500 X113.946 Y109.64 E42.47361
G0 F9000 X114.37 Y109.64
G1 F1500 X115.177 Y108.834 E42.50207
G0 F9000 X115.601 Y108.834
G1 F1500 X114.795 Y109.64 E42.5305
G0 F9000 X115.219 Y109.64
G1 F1500 X116.025 Y108.834 E42.55893
G0 F9000 X116.449 Y108.834
G1 F1500 X115.643 Y109.64 E42.58737
G0 F9000 X116.068 Y109.64
G1 F1500 X116.874 Y108.834 E42.6158
G0 F9000 X117.298 Y108.834
G1 F1500 X116.492 Y109.64 E42.64423
G0 F9000 X116.916 Y109.64
G1 F1500 X117.722 Y108.834 E42.67267
G0 F9000 X118.146 Y108.834
G1 F1500 X117.34 Y109.64 E42.7011
G0 F9000 X117.765 Y109.64
G1 F1500 X118.571 Y108.834 E42.72954
G0 F9000 X118.995 Y108.834
G1 F1500 X118.189 Y109.64 E42.75797
G0 F9000 X118.613 Y109.64
G1 F1500 X119.419 Y108.834 E42.7864
G0 F9000 X119.843 Y108.834
G1 F1500 X119.037 Y109.64 E42.81484
G0 F9000 X119.462 Y109.64
G1 F1500 X120.268 Y108.834 E42.84327
G0 F9000 X120.692 Y108.834
G1 F1500 X119.886 Y109.64 E42.87171
G0 F9000 X120.31 Y109.64
G1 F1500 X121.116 Y108.834 E42.90014
G0 F9000 X121.541 Y108.834
G1 F1500 X120.734 Y109.64 E42.92859
G0 F9000 X121.159 Y109.64
G1 F1500 X121.965 Y108.834 E42.95702
G0 F9000 X122.139 Y109.084
G1 F1500 X121.583 Y109.64 E42.97664
G0 F9000 X122.007 Y109.64
G1 F1500 X122.139 Y109.508 E42.9813
G0 F9000 X122.49 Y109.508
G0 X122.601 Y124.922
G0 X122.511 Y125.258
G1 F1500 X122.46 Y125.309 E42.98309
G0 F9000 X122.847 Y125.347
G1 F1500 X122.46 Y125.734 E42.99675
G0 F9000 X122.569 Y126.048
G1 F1500 X122.466 Y126.152 E43.0004
G1 F2700 E38.0004
G0 F9000 X122.11 Y126.152
G0 X121.928 Y110.172
G0 X113.072 Y110.172
G0 X112.89 Y125.896
G1 F2700 E43.0004
G0 F9000 X112.54 Y125.896
G1 F1500 X112.414 Y126.021 E43.00483
G0 F9000 X112.259 Y125.752
G1 F1500 X112.54 Y125.471 E43.01474
G0 F9000 X112.27 Y125.316
G1 F1500 X112.104 Y125.483 E43.02061
G0 F9000 X111.668 Y125.07
;TYPE:SKIN
G1 F1500 X111.581 Y125.157 E43.02215
G0 F9000 X111.503 Y125.023
G1 F1500 X111.591 Y124.935 E43.0237
G0 F9000 X111.514 Y124.8
G1 F1500 X111.426 Y124.888 E43.02525
G0 F9000 X111.348 Y124.754
G1 F1500 X111.437 Y124.665 E43.02682
G0 F9000 X111.36 Y124.53
G1 F1500 X111.271 Y124.619 E43.02839
G0 F9000 X111.193 Y124.485
G1 F1500 X111.283 Y124.395 E43.02998
G0 F9000 X111.205 Y124.26
G1 F1500 X111.115 Y124.351 E43.03157
G0 F9000 X111.037 Y124.216
G1 F1500 X111.128 Y124.125 E43.03318
G0 F9000 X111.051 Y123.99
G1 F1500 X110.96 Y124.081 E43.03479
G0 F9000 X110.882 Y123.947
G1 F1500 X110.974 Y123.855 E43.03641
G0 F9000 X110.897 Y123.72
G1 F1500 X110.805 Y123.812 E43.03803
G0 F9000 X110.727 Y123.678
G1 F1500 X110.82 Y123.585 E43.03967
G0 F9000 X110.742 Y123.45
G1 F1500 X110.649 Y123.544 E43.04132
G0 F9000 X110.572 Y123.409
G1 F1500 X110.665 Y123.315 E43.04297
G0 F9000 X110.588 Y123.18
G1 F1500 X110.494 Y123.274 E43.04463
G0 F9000 X110.416 Y123.14
G1 F1500 X110.511 Y123.045 E43.0463
G0 F9000 X110.434 Y122.91
G1 F1500 X110.339 Y123.006 E43.04799
G0 F9000 X110.261 Y122.871
G1 F1500 X110.357 Y122.775 E43.04968
G0 F9000 X110.28 Y122.64
G1 F1500 X110.183 Y122.737 E43.05139
G0 F9000 X110.106 Y122.602
G1 F1500 X110.203 Y122.505 E43.0531
G0 F9000 X110.126 Y122.37
G1 F1500 X110.028 Y122.468 E43.05483
G0 F9000 X109.95 Y122.333
G1 F1500 X110.049 Y122.235 E43.05657
G0 F9000 X109.972 Y122.1
G1 F1500 X109.873 Y122.199 E43.05832
G0 F9000 X109.795 Y122.065
G1 F1500 X109.895 Y121.965 E43.06008
G0 F9000 X109.817 Y121.83
G1 F1500 X109.718 Y121.929 E43.06183
G0 F9000 X109.64 Y121.795
G1 F1500 X109.74 Y121.695 E43.06359
G0 F9000 X109.663 Y121.56
G1 F1500 X109.562 Y121.661 E43.06537
G0 F9000 X109.484 Y121.526
G1 F1500 X109.585 Y121.425 E43.06715
G0 F9000 X109.508 Y121.29
G1 F1500 X109.407 Y121.392 E43.06894
G0 F9000 X109.33 Y121.257
G1 F1500 X109.431 Y121.155 E43.07073
G0 F9000 X109.354 Y121.02
G1 F1500 X109.252 Y121.123 E43.07254
G0 F9000 X109.174 Y120.988
G1 F1500 X109.277 Y120.885 E43.07436
G0 F9000 X109.2 Y120.75
G1 F1500 X109.096 Y120.854 E43.07619
G0 F9000 X109.018 Y120.72
G1 F1500 X109.123 Y120.615 E43.07804
G0 F9000 X109.046 Y120.48
G1 F1500 X108.941 Y120.585 E43.0799
G0 F9000 X108.864 Y120.45
G1 F1500 X108.969 Y120.345 E43.08175
G0 F9000 X108.892 Y120.21
G1 F1500 X108.786 Y120.316 E43.08362
G0 F9000 X108.708 Y120.181
G1 F1500 X108.814 Y120.075 E43.08549
G0 F9000 X108.737 Y119.94
G1 F1500 X108.63 Y120.047 E43.08738
G0 F9000 X108.552 Y119.913
G1 F1500 X108.66 Y119.805 E43.08928
G0 F9000 X108.583 Y119.67
G1 F1500 X108.475 Y119.778 E43.09119
G0 F9000 X108.398 Y119.643
G1 F1500 X108.506 Y119.535 E43.09309
G0 F9000 X108.429 Y119.4
G1 F1500 X108.32 Y119.509 E43.09501
G0 F9000 X108.242 Y119.375
G1 F1500 X108.352 Y119.265 E43.09695
G0 F9000 X108.275 Y119.13
G1 F1500 X108.164 Y119.24 E43.0989
G0 F9000 X108.087 Y119.105
G1 F1500 X108.197 Y118.995 E43.10084
G0 F9000 X108.12 Y118.86
G1 F1500 X108.009 Y118.971 E43.1028
G0 F9000 X107.932 Y118.837
G1 F1500 X108.043 Y118.725 E43.10477
G0 F9000 X107.966 Y118.59
G1 F1500 X107.854 Y118.702 E43.10674
G0 F9000 X107.776 Y118.568
G1 F1500 X107.888 Y118.455 E43.10873
G0 F9000 X107.811 Y118.32
G1 F1500 X107.698 Y118.434 E43.11073
G0 F9000 X107.621 Y118.298
G1 F1500 X107.734 Y118.185 E43.11272
G0 F9000 X107.639 Y118.069
G1 F1500 X107.543 Y118.164 E43.11441
G0 F9000 X107.491 Y118.194
G0 X111.839 Y124.886
G0 X112.331 Y124.754
G0 X112.51 Y118.229
G0 X112.569 Y118.229
G1 F1500 X112.829 Y117.97 E43.11898
G0 F9000 X112.829 Y117.758
G1 F1500 X112.569 Y118.017 E43.12356
G0 F9000 X112.569 Y117.805
G1 F1500 X112.829 Y117.545 E43.12815
G0 F9000 X112.829 Y117.333
G1 F1500 X112.569 Y117.593 E43.13273
G0 F9000 X112.569 Y117.381
G1 F1500 X112.829 Y117.121 E43.13732
G0 F9000 X112.829 Y116.909
G1 F1500 X112.569 Y117.169 E43.14191
G0 F9000 X112.569 Y116.956
G1 F1500 X112.829 Y116.697 E43.14648
G0 F9000 X112.829 Y116.485
G1 F1500 X112.569 Y116.744 E43.15106
G0 F9000 X112.569 Y116.532
G1 F1500 X112.829 Y116.273 E43.15564
G0 F9000 X112.829 Y116.06
G1 F1500 X112.569 Y116.32 E43.16022
G0 F9000 X112.569 Y116.108
G1 F1500 X112.829 Y115.848 E43.16481
G0 F9000 X112.829 Y115.636
G1 F1500 X112.569 Y115.896 E43.1694
G0 F9000 X112.569 Y115.684
G1 F1500 X112.829 Y115.424 E43.17398
G0 F9000 X112.829 Y115.212
G1 F1500 X112.569 Y115.471 E43.17856
G0 F9000 X112.569 Y115.259
G1 F1500 X112.829 Y115 E43.18314
G0 F9000 X112.829 Y114.788
G1 F1500 X112.569 Y115.047 E43.18771
G0 F9000 X112.569 Y114.835
G1 F1500 X112.829 Y114.576 E43.19229
G0 F9000 X112.829 Y114.363
G1 F1500 X112.569 Y114.623 E43.19688
G0 F9000 X112.569 Y114.411
G1 F1500 X112.829 Y114.151 E43.20146
G0 F9000 X112.829 Y113.939
G1 F1500 X112.569 Y114.199 E43.20605
G0 F9000 X112.569 Y113.987
G1 F1500 X112.829 Y113.727 E43.21064
G0 F9000 X112.829 Y113.515
G1 F1500 X112.569 Y113.774 E43.21521
G0 F9000 X112.569 Y113.562
G1 F1500 X112.829 Y113.303 E43.21979
G0 F9000 X112.829 Y113.091
G1 F1500 X112.569 Y113.35 E43.22437
G0 F9000 X112.569 Y113.138
G1 F1500 X112.829 Y112.878 E43.22895
G0 F9000 X112.829 Y112.666
G1 F1500 X112.569 Y112.926 E43.23354
G0 F9000 X112.569 Y112.714
G1 F1500 X112.829 Y112.454 E43.23813
G0 F9000 X112.829 Y112.242
G1 F1500 X112.569 Y112.502 E43.24271
G0 F9000 X112.569 Y112.289
G1 F1500 X112.829 Y112.03 E43.24729
G0 F9000 X112.829 Y111.818
G1 F1500 X112.569 Y112.077 E43.25187
G0 F9000 X112.569 Y111.865
G1 F1500 X112.829 Y111.606 E43.25644
G0 F9000 X112.829 Y111.394
G1 F1500 X112.569 Y111.653 E43.26102
G0 F9000 X112.569 Y111.441
G1 F1500 X112.829 Y111.181 E43.26561
G0 F9000 X112.829 Y110.969
G1 F1500 X112.569 Y111.229 E43.27019
G0 F9000 X112.569 Y111.017
G1 F1500 X112.829 Y110.757 E43.27478
G0 F9000 X112.829 Y110.545
G1 F1500 X112.569 Y110.805 E43.27937
G0 F9000 X112.569 Y110.592
G1 F1500 X112.829 Y110.333 E43.28394
G0 F9000 X112.829 Y110.121
G1 F1500 X112.569 Y110.38 E43.28852
G0 F9000 X112.569 Y110.168
G1 F1500 X112.829 Y109.909 E43.2931
G0 F9000 X112.631 Y109.895
G1 F1500 X112.569 Y109.956 E43.29418
G1 F2700 E38.29418
G0 F9000 X112.51 Y109.956
G0 X112.579 Y124.944
G0 X111.718 Y125.176
G0 X107.666 Y118.076
G0 X112.333 Y126.45
G0 X112.818 Y126.444
G0 X112.89 Y118.182
G1 F2700 E43.29418
G0 F9000 X112.829 Y118.182
G1 F1500 X112.569 Y118.441 E43.29876
G0 F9000 X112.569 Y118.653
G1 F1500 X112.829 Y118.394 E43.30334
G0 F9000 X112.829 Y118.606
G1 F1500 X112.569 Y118.866 E43.30792
G0 F9000 X112.569 Y119.078
G1 F1500 X112.829 Y118.818 E43.31251
G0 F9000 X112.829 Y119.03
G1 F1500 X112.569 Y119.29 E43.3171
G0 F9000 X112.569 Y119.502
G1 F1500 X112.829 Y119.242 E43.32168
G0 F9000 X112.829 Y119.455
G1 F1500 X112.569 Y119.714 E43.32626
G0 F9000 X112.569 Y119.926
G1 F1500 X112.829 Y119.667 E43.33084
G0 F9000 X112.829 Y119.879
G1 F1500 X112.569 Y120.138 E43.33541
G0 F9000 X112.569 Y120.35
G1 F1500 X112.829 Y120.091 E43.33999
G0 F9000 X112.829 Y120.303
G1 F1500 X112.569 Y120.563 E43.34458
G0 F9000 X112.569 Y120.775
G1 F1500 X112.829 Y120.515 E43.34916
G0 F9000 X112.829 Y120.727
G1 F1500 X112.569 Y120.987 E43.35375
G0 F9000 X112.569 Y121.199
G1 F1500 X112.829 Y120.94 E43.35833
G0 F9000 X112.829 Y121.152
G1 F1500 X112.569 Y121.411 E43.3629
G0 F9000 X112.569 Y121.623
G1 F1500 X112.829 Y121.364 E43.36748
G0 F9000 X112.829 Y121.576
G1 F1500 X112.569 Y121.835 E43.37206
G0 F9000 X112.569 Y122.048
G1 F1500 X112.829 Y121.788 E43.37664
G0 F9000 X112.829 Y122
G1 F1500 X112.569 Y122.26 E43.38123
G0 F9000 X112.569 Y122.472
G1 F1500 X112.829 Y122.212 E43.38582
G0 F9000 X112.829 Y122.424
G1 F1500 X112.569 Y122.684 E43.3904
G0 F9000 X112.569 Y122.896
G1 F1500 X112.829 Y122.637 E43.39498
G0 F9000 X112.829 Y122.849
G1 F1500 X112.569 Y123.108 E43.39956
G0 F9000 X112.569 Y123.32
G1 F1500 X112.829 Y123.061 E43.40413
G0 F9000 X112.829 Y123.273
G1 F1500 X112.569 Y123.532 E43.40871
G0 F9000 X112.569 Y123.745
G1 F1500 X112.829 Y123.485 E43.4133
G0 F9000 X112.829 Y123.697
G1 F1500 X112.569 Y123.957 E43.41788
G0 F9000 X112.569 Y124.169
G1 F1500 X112.829 Y123.909 E43.42247
G0 F9000 X112.829 Y124.121
G1 F1500 X112.569 Y124.381 E43.42706
G0 F9000 X112.569 Y124.593
G1 F1500 X112.829 Y124.334 E43.43163
G0 F9000 X112.829 Y124.546
G1 F1500 X112.569 Y124.805 E43.43621
G0 F9000 X112.631 Y124.956
G1 F1500 X112.829 Y124.758 E43.4397
G1 F2700 E38.4397
G0 F9000 X112.89 Y124.758
G0 X113.072 Y110.172
G0 X121.928 Y110.172
G0 X122.11 Y124.752
G1 F2700 E43.4397
G0 F9000 X122.169 Y124.752
G1 F1500 X122.429 Y124.492 E43.44429
G0 F9000 X122.429 Y124.28
G1 F1500 X122.169 Y124.539 E43.44887
G0 F9000 X122.169 Y124.327
G1 F1500 X122.429 Y124.068 E43.45344
G0 F9000 X122.429 Y123.856
G1 F1500 X122.169 Y124.115 E43.45802
G0 F9000 X122.169 Y123.903
G1 F1500 X122.429 Y123.643 E43.46261
G0 F9000 X122.429 Y123.431
G1 F1500 X122.169 Y123.691 E43.46719
G0 F9000 X122.169 Y123.479
G1 F1500 X122.429 Y123.219 E43.47178
G0 F9000 X122.429 Y123.007
G1 F1500 X122.169 Y123.267 E43.47637
G0 F9000 X122.169 Y123.054
G1 F1500 X122.429 Y122.795 E43.48094
G0 F9000 X122.429 Y122.583
G1 F1500 X122.169 Y122.842 E43.48552
G0 F9000 X122.169 Y122.63
G1 F1500 X122.429 Y122.371 E43.4901
G0 F9000 X122.429 Y122.159
G1 F1500 X122.169 Y122.418 E43.49467
G0 F9000 X122.169 Y122.206
G1 F1500 X122.429 Y121.946 E43.49926
G0 F9000 X122.429 Y121.734
G1 F1500 X122.169 Y121.994 E43.50385
G0 F9000 X122.169 Y121.782
G1 F1500 X122.429 Y121.522 E43.50843
G0 F9000 X122.429 Y121.31
G1 F1500 X122.169 Y121.57 E43.51302
G0 F9000 X122.169 Y121.357
G1 F1500 X122.429 Y121.098 E43.5176
G0 F9000 X122.429 Y120.886
G1 F1500 X122.169 Y121.145 E43.52217
G0 F9000 X122.169 Y120.933
G1 F1500 X122.429 Y120.674 E43.52675
G0 F9000 X122.429 Y120.462
G1 F1500 X122.169 Y120.721 E43.53133
G0 F9000 X122.169 Y120.509
G1 F1500 X122.429 Y120.249 E43.53591
G0 F9000 X122.429 Y120.037
G1 F1500 X122.169 Y120.297 E43.5405
G0 F9000 X122.169 Y120.085
G1 F1500 X122.429 Y119.825 E43.54509
G0 F9000 X122.429 Y119.613
G1 F1500 X122.169 Y119.872 E43.54966
G0 F9000 X122.169 Y119.66
G1 F1500 X122.429 Y119.401 E43.55424
G0 F9000 X122.429 Y119.189
G1 F1500 X122.169 Y119.448 E43.55882
G0 F9000 X122.169 Y119.236
G1 F1500 X122.429 Y118.977 E43.5634
G0 F9000 X122.429 Y118.764
G1 F1500 X122.169 Y119.024 E43.56798
G0 F9000 X122.169 Y118.812
G1 F1500 X122.429 Y118.552 E43.57257
G0 F9000 X122.429 Y118.34
G1 F1500 X122.169 Y118.6 E43.57715
G0 F9000 X122.169 Y118.388
G1 F1500 X122.429 Y118.128 E43.58174
G0 F9000 X122.429 Y117.916
G1 F1500 X122.169 Y118.175 E43.58632
G0 F9000 X122.169 Y117.963
G1 F1500 X122.429 Y117.704 E43.59089
G0 F9000 X122.429 Y117.492
G1 F1500 X122.169 Y117.751 E43.59547
G0 F9000 X122.169 Y117.539
G1 F1500 X122.429 Y117.28 E43.60005
G0 F9000 X122.429 Y117.067
G1 F1500 X122.169 Y117.327 E43.60464
G0 F9000 X122.169 Y117.115
G1 F1500 X122.429 Y116.855 E43.60922
G0 F9000 X122.429 Y116.643
G1 F1500 X122.169 Y116.903 E43.61381
G0 F9000 X122.169 Y116.691
G1 F1500 X122.429 Y116.431 E43.61839
G0 F9000 X122.429 Y116.219
G1 F1500 X122.169 Y116.478 E43.62297
G0 F9000 X122.169 Y116.266
G1 F1500 X122.429 Y116.007 E43.62755
G0 F9000 X122.429 Y115.795
G1 F1500 X122.169 Y116.054 E43.63213
G0 F9000 X122.169 Y115.842
G1 F1500 X122.429 Y115.582 E43.63671
G0 F9000 X122.429 Y115.37
G1 F1500 X122.169 Y115.63 E43.6413
G0 F9000 X122.169 Y115.418
G1 F1500 X122.429 Y115.158 E43.64588
G0 F9000 X122.429 Y114.946
G1 F1500 X122.169 Y115.206 E43.65047
G0 F9000 X122.169 Y114.993
G1 F1500 X122.429 Y114.734 E43.65505
G0 F9000 X122.429 Y114.522
G1 F1500 X122.169 Y114.781 E43.65962
G0 F9000 X122.169 Y114.569
G1 F1500 X122.429 Y114.31 E43.6642
G0 F9000 X122.429 Y114.098
G1 F1500 X122.169 Y114.357 E43.66878
G0 F9000 X122.169 Y114.145
G1 F1500 X122.429 Y113.885 E43.67337
G0 F9000 X122.429 Y113.673
G1 F1500 X122.169 Y113.933 E43.67795
G0 F9000 X122.169 Y113.721
G1 F1500 X122.429 Y113.461 E43.68254
G0 F9000 X122.429 Y113.249
G1 F1500 X122.169 Y113.509 E43.68712
G0 F9000 X122.169 Y113.296
G1 F1500 X122.429 Y113.037 E43.6917
G0 F9000 X122.429 Y112.825
G1 F1500 X122.169 Y113.084 E43.69628
G0 F9000 X122.169 Y112.872
G1 F1500 X122.429 Y112.613 E43.70086
G0 F9000 X122.429 Y112.4
G1 F1500 X122.169 Y112.66 E43.70544
G0 F9000 X122.169 Y112.448
G1 F1500 X122.429 Y112.188 E43.71003
G0 F9000 X122.429 Y111.976
G1 F1500 X122.169 Y112.236 E43.71461
G0 F9000 X122.169 Y112.024
G1 F1500 X122.429 Y111.764 E43.7192
G0 F9000 X122.429 Y111.552
G1 F1500 X122.169 Y111.811 E43.72378
G0 F9000 X122.169 Y111.599
G1 F1500 X122.429 Y111.34 E43.72835
G0 F9000 X122.429 Y111.128
G1 F1500 X122.169 Y111.387 E43.73293
G0 F9000 X122.169 Y111.175
G1 F1500 X122.429 Y110.916 E43.73751
G0 F9000 X122.429 Y110.703
G1 F1500 X122.169 Y110.963 E43.7421
G0 F9000 X122.169 Y110.751
G1 F1500 X122.429 Y110.491 E43.74668
G0 F9000 X122.429 Y110.279
G1 F1500 X122.169 Y110.539 E43.75127
G0 F9000 X122.169 Y110.327
G1 F1500 X122.429 Y110.067 E43.75585
G0 F9000 X122.389 Y109.895
G1 F1500 X122.169 Y110.114 E43.75973
G0 F9000 X122.11 Y110.114
G0 X122.182 Y126.444
G0 X122.667 Y126.45
G0 X127.476 Y118.09
G0 X127.366 Y118.069
G1 F1500 X127.281 Y118.155 E43.76123
G0 F9000 X127.417 Y118.231
G1 F1500 X126.998 Y118.65 E43.76862
G0 F9000 X127.128 Y118.732
G1 F1500 X126.716 Y119.144 E43.77589
G0 F9000 X126.838 Y119.234
G1 F1500 X126.433 Y119.639 E43.78303
G0 F9000 X126.548 Y119.736
G1 F1500 X126.15 Y120.134 E43.79006
G0 F9000 X126.258 Y120.238
G1 F1500 X125.868 Y120.628 E43.79693
G0 F9000 X125.968 Y120.74
G1 F1500 X125.585 Y121.123 E43.80369
G0 F9000 X125.679 Y121.242
G1 F1500 X125.302 Y121.618 E43.81033
G0 F9000 X125.389 Y121.743
G1 F1500 X125.02 Y122.113 E43.81685
G0 F9000 X125.099 Y122.246
G1 F1500 X124.737 Y122.608 E43.82323
G0 F9000 X124.81 Y122.748
G1 F1500 X124.455 Y123.103 E43.8295
G0 F9000 X124.52 Y123.25
G1 F1500 X124.172 Y123.598 E43.83563
G0 F9000 X124.23 Y123.752
G1 F1500 X123.89 Y124.092 E43.84163
G0 F9000 X123.94 Y124.253
G1 F1500 X123.607 Y124.587 E43.84751
G0 F9000 X123.651 Y124.755
G1 F1500 X123.324 Y125.082 E43.85328
G0 F9000 X122.429 Y124.916
G1 F1500 X122.384 Y124.961 E43.85408
G0 F9000 X122.217 Y124.916
G1 F1500 X122.429 Y124.704 E43.85781
G0 F9000 X122.4 Y124.704
;MESH:NONMESH
G0 F300 X122.4 Y124.704 Z1
G0 F9000 X122.49 Y124.704
G0 X123.282 Y125.176
G0 X127.334 Y118.076
G0 X122.667 Y126.45
G0 X122.05 Y126.576
;TIME_ELAPSED:186.965712
;LAYER:4
;TYPE:WALL-INNER
;MESH:cbar_model-DualBatClipHldr.stl
G1 F1500 X122.05 Y110.05 E44.27006
G1 X112.95 Y110.05 E44.49706
G1 X112.95 Y126.576 E44.9093
G1 X112.26 Y126.576 E44.92651
G1 X107.28 Y117.95 E45.17497
G1 X107.739 Y117.95 E45.18642
G1 X111.781 Y125.025 E45.38968
G1 X112.45 Y124.845 E45.40696
G1 X112.45 Y108.424 E45.81659
G1 X122.55 Y108.424 E46.06853
G1 X122.55 Y124.845 E46.47816
G1 X123.219 Y125.025 E46.49544
G1 X127.261 Y117.95 E46.6987
G1 X127.72 Y117.95 E46.71015
G1 X122.74 Y126.576 E46.95861
G1 X122.05 Y126.576 E46.97582
G0 F9000 X121.75 Y126.876
;TYPE:WALL-OUTER
G1 F1500 X121.75 Y110.35 E47.38806
G1 X113.25 Y110.35 E47.6001
G1 X113.25 Y126.876 E48.01234
G1 X112.087 Y126.876 E48.04135
G1 X106.76 Y117.65 E48.3071
G1 X107.913 Y117.65 E48.33586
G1 X111.927 Y124.675 E48.53769
G1 X112.15 Y124.615 E48.54345
G1 X112.15 Y108.124 E48.95482
G1 X122.85 Y108.124 E49.22173
G1 X122.85 Y124.615 E49.6331
G1 X123.073 Y124.675 E49.63886
G1 X127.087 Y117.65 E49.84069
G1 X128.24 Y117.65 E49.86945
G1 X122.913 Y126.876 E50.13521
G1 X121.75 Y126.876 E50.16422
G0 F9000 X122.11 Y126.313
;TYPE:FILL
G1 F3000 X122.951 Y126.088 E50.18593
G0 F9000 X121.911 Y120.882
G0 X121.928 Y110.172
G0 X118.779 Y109.99
G1 F3000 X119.183 Y108.482 E50.22488
G1 X119.105 Y108.483
G1 X113.486 Y109.989 E50.36999
G0 F9000 X114.121 Y109.989
G1 F3000 X114.524 Y108.482 E50.4089
G0 F9000 X115.848 Y108.484
G1 F3000 X117.354 Y109.99 E50.46203
G0 F9000 X122.212 Y108.484
G1 F3000 X122.489 Y108.761 E50.4718
G0 F9000 X122.386 Y109.87
G0 X122.4 Y109.884
;TYPE:SKIN
G1 F1500 X122.299 Y109.995 E50.47469
G1 X122.299 Y124.845 E50.76057
G0 F9000 X122.184 Y124.73
G0 X123.28 Y125.189
G0 X123.305 Y125.214
G1 F1500 X123.39 Y125.087 E50.76195
G1 X125.17 Y121.988 E50.79423
G1 X126.949 Y118.888 E50.82652
G1 X127.439 Y118.105 E50.83486
G1 F2700 E45.83486
G0 F9000 X127.418 Y118.084
G0 X123.161 Y124.886
G0 X122.669 Y124.754
G0 X121.928 Y110.172
G0 X113.072 Y110.172
G0 X112.815 Y118.118
G0 X112.699 Y118.002
G1 F2700 E50.83486
G1 F1500 X112.699 Y117.79 E50.83909
G1 X112.699 Y110.153 E50.99147
G1 X112.721 Y109.963 E50.99528
G0 F9000 X112.627 Y109.87
G0 X112.584 Y118.099
G0 X112.699 Y118.214
G1 F1500 X112.699 Y118.426 E50.99951
G1 X112.699 Y124.79 E51.1263
G1 X112.626 Y124.929 E51.12942
G0 F9000 X112.668 Y124.971
G0 X111.664 Y125.241
G0 X111.641 Y125.218
G1 F1500 X111.453 Y124.818 E51.13352
G1 X108.019 Y118.838 E51.19743
G1 X107.733 Y118.339 E51.20276
G0 F9000 X107.576 Y118.164
G1 F2700 E46.20276
;MESH:NONMESH
G0 F300 X107.576 Y118.164 Z1.2
G0 F9000 X111.839 Y124.886
G0 X112.331 Y124.754
G0 X113.072 Y110.172
G0 X121.928 Y110.172
G0 X122.05 Y126.576
;TIME_ELAPSED:204.654925
;LAYER:5
;TYPE:WALL-INNER
;MESH:cbar_model-DualBatClipHldr.stl
G1 F2700 E51.20276
G1 F1500 X122.05 Y110.05 E51.615
G1 X112.95 Y110.05 E51.842
G1 X112.95 Y126.576 E52.25424
G1 X112.26 Y126.576 E52.27146
G1 X107.28 Y117.95 E52.51992
G1 X107.739 Y117.95 E52.53137
G1 X111.781 Y125.025 E52.73463
G1 X112.45 Y124.845 E52.75191
G1 X112.45 Y108.424 E53.16153
G1 X122.55 Y108.424 E53.41348
G1 X122.55 Y124.845 E53.8231
G1 X123.219 Y125.025 E53.84038
G1 X127.261 Y117.95 E54.04364
G1 X127.72 Y117.95 E54.05509
G1 X122.74 Y126.576 E54.30355
G1 X122.05 Y126.576 E54.32076
G0 F9000 X121.75 Y126.876
;TYPE:WALL-OUTER
G1 F1500 X121.75 Y110.35 E54.73301
G1 X113.25 Y110.35 E54.94504
G1 X113.25 Y126.876 E55.35728
G1 X112.087 Y126.876 E55.38629
G1 X106.76 Y117.65 E55.65205
G1 X107.913 Y117.65 E55.68081
G1 X111.927 Y124.675 E55.88264
G1 X112.15 Y124.615 E55.8884
G1 X112.15 Y108.124 E56.29977
G1 X122.85 Y108.124 E56.56668
G1 X122.85 Y124.615 E56.97805
G1 X123.073 Y124.675 E56.98381
G1 X127.087 Y117.65 E57.18564
G1 X128.24 Y117.65 E57.2144
G1 X122.913 Y126.876 E57.48015
G1 X121.75 Y126.876 E57.50916
G0 F9000 X122.109 Y126.459
;TYPE:FILL
G1 F3000 X122.851 Y126.26 E57.52832
G0 F9000 X121.918 Y117.234
G0 X121.928 Y110.172
G0 X118.633 Y109.989
G1 F3000 X119.037 Y108.482 E57.56724
G0 F9000 X119.649 Y108.483
G1 F3000 X114.03 Y109.989 E57.71236
G1 X113.975 Y109.989
G1 X114.378 Y108.482 E57.75127
G0 F9000 X116.047 Y108.484
G1 F3000 X117.553 Y109.99 E57.8044
G0 F9000 X122.411 Y108.484
G1 F3000 X122.489 Y108.562 E57.80715
G0 F9000 X122.414 Y109.87
G0 X122.299 Y109.985
;TYPE:SKIN
G1 F1500 X122.299 Y110.197 E57.81126
G1 X122.299 Y124.622 E58.09099
G1 X122.389 Y124.956 E58.0977
G0 F9000 X123.488 Y124.917
G1 F1500 X123.774 Y124.419 E58.10307
G1 X127.208 Y118.44 E58.16755
G1 X127.337 Y118.098 E58.17097
G1 F2700 E53.17097
G0 F9000 X127.352 Y118.084
G0 X123.161 Y124.886
G0 X122.669 Y124.754
G0 X121.928 Y110.172
G0 X113.072 Y110.172
G0 X112.814 Y117.985
G0 X112.699 Y118.099
G1 F2700 E58.17097
G1 F1500 X112.699 Y117.887 E58.17505
G1 X112.699 Y110.038 E58.32608
G1 X112.62 Y109.905 E58.32906
G0 F9000 X112.656 Y109.87
G0 X112.814 Y118.197
G0 X112.699 Y118.311
G1 F1500 X112.699 Y118.524 E58.33333
G1 X112.705 Y124.882 E58.46086
G0 F9000 X112.814 Y124.773
G0 X111.657 Y125.082
G0 X111.624 Y125.114
G1 F1500 X111.547 Y124.979 E58.46226
G1 X109.766 Y121.88 E58.49435
G1 X107.987 Y118.78 E58.52644
G1 X107.589 Y118.118 E58.53337
G0 F9000 X107.566 Y118.147
G1 F2700 E53.53337
;MESH:NONMESH
G0 F300 X107.566 Y118.147 Z1.4
G0 F9000 X111.839 Y124.886
G0 X112.331 Y124.754
G0 X113.072 Y110.172
G0 X121.928 Y110.172
G0 X122.05 Y126.576
;TIME_ELAPSED:222.463638
;LAYER:6
;TYPE:WALL-INNER
;MESH:cbar_model-DualBatClipHldr.stl
G1 F2700 E58.53337
G1 F1500 X122.05 Y110.05 E58.94561
G1 X112.95 Y110.05 E59.17261
G1 X112.95 Y126.576 E59.58486
G1 X112.26 Y126.576 E59.60207
G1 X107.28 Y117.95 E59.85053
G1 X107.739 Y117.95 E59.86198
G1 X111.781 Y125.025 E60.06524
G1 X112.45 Y124.845 E60.08252
G1 X112.45 Y108.424 E60.49214
G1 X122.55 Y108.424 E60.74409
G1 X122.55 Y124.845 E61.15371
G1 X123.219 Y125.025 E61.17099
G1 X127.261 Y117.95 E61.37425
G1 X127.72 Y117.95 E61.3857
G1 X122.74 Y126.576 E61.63416
G1 X122.05 Y126.576 E61.65138
G0 F9000 X121.75 Y126.876
;TYPE:WALL-OUTER
G1 F1500 X121.75 Y110.35 E62.06362
G1 X113.25 Y110.35 E62.27565
G1 X113.25 Y126.876 E62.68789
G1 X112.087 Y126.876 E62.71691
G1 X106.76 Y117.65 E62.98266
G1 X107.913 Y117.65 E63.01142
G1 X111.927 Y124.675 E63.21325
G1 X112.15 Y124.615 E63.21901
G1 X112.15 Y108.124 E63.63038
G1 X122.85 Y108.124 E63.89729
G1 X122.85 Y124.615 E64.30866
G1 X123.073 Y124.675 E64.31442
G1 X127.087 Y117.65 E64.51625
G1 X128.24 Y117.65 E64.54501
G1 X122.913 Y126.876 E64.81076
G1 X121.75 Y126.876 E64.83977
G0 F9000 X122.444 Y126.515
;TYPE:FILL
G1 F3000 X122.752 Y126.433 E64.84772
G0 F9000 X121.928 Y110.172
G0 X118.487 Y109.989
G1 F3000 X118.891 Y108.482 E64.88664
G0 F9000 X120.195 Y108.483
G1 F3000 X114.575 Y109.989 E65.03178
G0 F9000 X113.829 Y109.989
G1 F3000 X114.232 Y108.483 E65.07067
G0 F9000 X116.246 Y108.484
G1 F3000 X117.753 Y109.99 E65.12382
G0 F9000 X122.184 Y110.092
G0 X122.299 Y110.207
;TYPE:SKIN
G1 F1500 X122.299 Y109.995 E65.12779
G1 X122.4 Y109.884 E65.13061
G1 X122.299 Y110.632 E65.14476
G1 X122.299 Y124.845 E65.41134
G0 F9000 X123.305 Y125.214
G1 F1500 X123.39 Y125.087 E65.41272
G1 X125.17 Y121.988 E65.445
G1 X126.949 Y118.888 E65.47729
G1 X127.439 Y118.105 E65.48563
G1 F2700 E60.48563
G0 F9000 X127.418 Y118.084
G0 X123.161 Y124.886
G0 X122.669 Y124.754
G0 X121.928 Y110.172
G0 X113.072 Y110.172
G0 X112.815 Y118.118
G0 X112.699 Y118.002
G1 F2700 E65.48563
G1 F1500 X112.699 Y117.79 E65.48986
G1 X112.699 Y110.153 E65.64224
G1 X112.721 Y109.963 E65.64605
G0 F9000 X112.627 Y109.87
G0 X112.584 Y118.099
G0 X112.699 Y118.214
G1 F1500 X112.699 Y118.426 E65.65028
G1 X112.699 Y124.79 E65.77707
G1 X112.626 Y124.929 E65.78019
G0 F9000 X112.668 Y124.971
G0 X111.664 Y125.241
G0 X111.641 Y125.218
G1 F1500 X111.453 Y124.818 E65.78429
G1 X108.019 Y118.838 E65.8482
G1 X107.733 Y118.339 E65.85353
G0 F9000 X107.576 Y118.164
G1 F2700 E60.85353
;MESH:NONMESH
G0 F300 X107.576 Y118.164 Z1.6
G0 F9000 X111.839 Y124.886
G0 X112.331 Y124.754
G0 X113.072 Y110.172
G0 X121.928 Y110.172
G0 X122.05 Y126.576
;TIME_ELAPSED:240.288922
;LAYER:7
;TYPE:WALL-INNER
;MESH:cbar_model-DualBatClipHldr.stl
G1 F2700 E65.85353
G1 F1500 X122.05 Y110.05 E66.26577
G1 X112.95 Y110.05 E66.49277
G1 X112.95 Y126.576 E66.90501
G1 X112.26 Y126.576 E66.92223
G1 X107.28 Y117.95 E67.17069
G1 X107.739 Y117.95 E67.18214
G1 X111.781 Y125.025 E67.3854
G1 X112.45 Y124.845 E67.40268
G1 X112.45 Y108.424 E67.8123
G1 X122.55 Y108.424 E68.06425
G1 X122.55 Y124.845 E68.47387
G1 X123.219 Y125.025 E68.49115
G1 X127.261 Y117.95 E68.69441
G1 X127.72 Y117.95 E68.70586
G1 X122.74 Y126.576 E68.95432
G1 X122.05 Y126.576 E68.97153
G0 F9000 X121.75 Y126.876
;TYPE:WALL-OUTER
G1 F1500 X121.75 Y110.35 E69.38378
G1 X113.25 Y110.35 E69.59581
G1 X113.25 Y126.876 E70.00805
G1 X112.087 Y126.876 E70.03706
G1 X106.76 Y117.65 E70.30282
G1 X107.913 Y117.65 E70.33158
G1 X111.927 Y124.675 E70.53341
G1 X112.15 Y124.615 E70.53917
G1 X112.15 Y108.124 E70.95054
G1 X122.85 Y108.124 E71.21745
G1 X122.85 Y124.615 E71.62882
G1 X123.073 Y124.675 E71.63458
G1 X127.087 Y117.65 E71.83641
G1 X128.24 Y117.65 E71.86517
G1 X122.913 Y126.876 E72.13092
G1 X121.75 Y126.876 E72.15993
G0 F9000 X121.97 Y126.656
G0 X121.928 Y110.172
G0 X118.34 Y109.989
;TYPE:FILL
G1 F3000 X118.744 Y108.482 E72.19885
G0 F9000 X117.953 Y109.99
G1 F3000 X116.447 Y108.484 E72.25198
G0 F9000 X115.124 Y109.989
G1 F3000 X120.743 Y108.483 E72.39709
G0 F9000 X114.085 Y108.483
G1 F3000 X113.682 Y109.989 E72.43598
G0 F9000 X112.699 Y110.038
;TYPE:SKIN
G1 F1500 X112.62 Y109.905 E72.43894
G1 X112.699 Y110.463 E72.44971
G1 X112.699 Y124.675 E72.72132
G1 X112.705 Y124.882 E72.72528
G0 F9000 X112.814 Y124.773
G0 X111.657 Y125.082
G0 X111.624 Y125.114
G1 F1500 X111.547 Y124.979 E72.72668
G1 X109.766 Y121.88 E72.75877
G1 X107.987 Y118.78 E72.79086
G1 X107.589 Y118.118 E72.79779
G1 F2700 E67.79779
G0 F9000 X107.555 Y118.153
G0 X111.839 Y124.886
G0 X112.331 Y124.754
G0 X113.072 Y110.172
G0 X121.928 Y110.172
G0 X122.184 Y118.161
G0 X122.299 Y118.046
G1 F2700 E72.79779
G1 F1500 X122.299 Y117.833 E72.80203
G1 X122.299 Y109.985 E72.95819
G0 F9000 X122.414 Y109.87
G0 X122.414 Y118.143
G0 X122.299 Y118.258
G1 F1500 X122.299 Y118.47 E72.96238
G1 X122.305 Y124.827 E73.08792
G1 X122.389 Y124.956 E73.09096
G0 F9000 X122.364 Y124.981
G0 X123.366 Y125.04
G0 X123.488 Y124.917
G1 F1500 X123.774 Y124.419 E73.09633
G1 X127.208 Y118.44 E73.16082
G1 X127.337 Y118.098 E73.16424
G0 F9000 X127.352 Y118.1
;MESH:NONMESH
G0 F300 X127.352 Y118.1 Z1.8
G0 F9000 X123.959 Y123.596
G0 X122.05 Y126.576
;TIME_ELAPSED:257.071786
;LAYER:8
;TYPE:WALL-INNER
;MESH:cbar_model-DualBatClipHldr.stl
G1 F1500 X122.05 Y110.05 E73.57648
G1 X112.95 Y110.05 E73.80348
G1 X112.95 Y126.576 E74.21572
G1 X112.26 Y126.576 E74.23293
G1 X107.28 Y117.95 E74.4814
G1 X107.739 Y117.95 E74.49284
G1 X111.781 Y125.025 E74.6961
G1 X112.45 Y124.845 E74.71338
G1 X112.45 Y108.424 E75.12301
G1 X122.55 Y108.424 E75.37495
G1 X122.55 Y124.845 E75.78458
G1 X123.219 Y125.025 E75.80186
G1 X127.261 Y117.95 E76.00512
G1 X127.72 Y117.95 E76.01657
G1 X122.74 Y126.576 E76.26503
G1 X122.05 Y126.576 E76.28224
G0 F9000 X121.75 Y126.876
;TYPE:WALL-OUTER
G1 F1500 X121.75 Y110.35 E76.69448
G1 X113.25 Y110.35 E76.90652
G1 X113.25 Y126.876 E77.31876
G1 X112.087 Y126.876 E77.34777
G1 X106.76 Y117.65 E77.61352
G1 X107.913 Y117.65 E77.64228
G1 X111.927 Y124.675 E77.84411
G1 X112.15 Y124.615 E77.84987
G1 X112.15 Y108.124 E78.26124
G1 X122.85 Y108.124 E78.52816
G1 X122.85 Y124.615 E78.93952
G1 X123.073 Y124.675 E78.94529
G1 X127.087 Y117.65 E79.14711
G1 X128.24 Y117.65 E79.17588
G1 X122.913 Y126.876 E79.44163
G1 X121.75 Y126.876 E79.47064
G0 F9000 X121.97 Y126.656
G0 X123.412 Y125.292
;TYPE:FILL
G1 F3000 X123.45 Y125.148 E79.47435
G0 F9000 X122.669 Y124.754
G0 X121.928 Y110.172
G0 X118.194 Y109.989
G1 F3000 X118.598 Y108.483 E79.51325
G0 F9000 X118.153 Y109.99
G1 F3000 X116.647 Y108.484 E79.56638
G0 F9000 X115.668 Y109.989
G1 F3000 X121.288 Y108.483 E79.71151
G0 F9000 X113.94 Y108.482
G1 F3000 X113.536 Y109.99 E79.75046
G0 F9000 X112.721 Y109.963
;TYPE:SKIN
G1 F1500 X112.699 Y110.153 E79.75414
G1 X112.699 Y124.79 E80.03624
G1 X112.626 Y124.929 E80.03927
G0 F9000 X112.668 Y124.971
G0 X111.664 Y125.241
G0 X111.641 Y125.218
G1 F1500 X111.453 Y124.818 E80.04337
G1 X108.019 Y118.838 E80.10727
G1 X107.733 Y118.339 E80.1126
G1 F2700 E75.1126
G0 F9000 X107.564 Y118.17
G0 X111.839 Y124.886
G0 X112.331 Y124.754
G0 X113.072 Y110.172
G0 X121.928 Y110.172
G0 X122.184 Y118.154
G0 X122.299 Y118.269
G1 F2700 E80.1126
G1 F1500 X122.299 Y118.056 E80.11669
G1 X122.299 Y109.995 E80.27144
G1 X122.4 Y109.884 E80.27432
G0 F9000 X122.415 Y109.899
G0 X122.184 Y118.366
G0 X122.299 Y118.481
G1 F1500 X122.299 Y118.693 E80.27859
G1 X122.299 Y124.845 E80.40257
G0 F9000 X123.305 Y125.214
G1 F1500 X123.39 Y125.087 E80.40395
G1 X125.17 Y121.988 E80.43623
G1 X126.949 Y118.888 E80.46851
G1 X127.439 Y118.105 E80.47686
G0 F9000 X127.418 Y118.1
;MESH:NONMESH
G0 F300 X127.418 Y118.1 Z2
G0 F9000 X126.212 Y120.023
G0 X122.05 Y126.576
;TIME_ELAPSED:273.742593
;LAYER:9
;TYPE:WALL-INNER
;MESH:cbar_model-DualBatClipHldr.stl
G1 F1500 X122.05 Y110.05 E80.8891
G1 X112.95 Y110.05 E81.1161
G1 X112.95 Y126.576 E81.52834
G1 X112.26 Y126.576 E81.54555
G1 X107.28 Y117.95 E81.79402
G1 X107.739 Y117.95 E81.80547
G1 X111.781 Y125.025 E82.00872
G1 X112.45 Y124.845 E82.02601
G1 X112.45 Y108.424 E82.43563
G1 X122.55 Y108.424 E82.68758
G1 X122.55 Y124.845 E83.0972
G1 X123.219 Y125.025 E83.11448
G1 X127.261 Y117.95 E83.31774
G1 X127.72 Y117.95 E83.32919
G1 X122.74 Y126.576 E83.57765
G1 X122.05 Y126.576 E83.59486
G0 F9000 X121.75 Y126.876
;TYPE:WALL-OUTER
G1 F1500 X121.75 Y110.35 E84.0071
G1 X113.25 Y110.35 E84.21914
G1 X113.25 Y126.876 E84.63138
G1 X112.087 Y126.876 E84.66039
G1 X106.76 Y117.65 E84.92614
G1 X107.913 Y117.65 E84.9549
G1 X111.927 Y124.675 E85.15673
G1 X112.15 Y124.615 E85.16249
G1 X112.15 Y108.124 E85.57386
G1 X122.85 Y108.124 E85.84078
G1 X122.85 Y124.615 E86.25215
G1 X123.073 Y124.675 E86.25791
G1 X127.087 Y117.65 E86.45974
G1 X128.24 Y117.65 E86.4885
G1 X122.913 Y126.876 E86.75425
G1 X121.75 Y126.876 E86.78326
G0 F9000 X121.97 Y126.656
G0 X123.138 Y125.765
;TYPE:FILL
G1 F3000 X123.313 Y125.111 E86.80015
G1 F2700 E81.80015
G0 F9000 X121.939 Y125.077
G0 X121.928 Y110.172
G0 X113.072 Y110.172
G0 X112.889 Y124.857
G1 F2700 E86.80015
G1 F3000 X111.543 Y125.218 E86.83491
G0 F9000 X112.331 Y124.754
G0 X113.072 Y110.172
G0 X113.389 Y109.99
G1 F3000 X113.793 Y108.482 E86.87385
G0 F9000 X116.217 Y109.989
G1 F3000 X121.837 Y108.483 E87.01899
G0 F9000 X118.451 Y108.483
G1 F3000 X118.047 Y109.989 E87.05789
G0 F9000 X118.354 Y109.99
G1 F3000 X116.847 Y108.484 E87.11103
G0 F9000 X112.814 Y109.923
G0 X112.699 Y110.038
;TYPE:SKIN
G1 F1500 X112.62 Y109.905 E87.11399
G1 X112.699 Y110.463 E87.12476
G1 X112.699 Y124.675 E87.39637
G1 X112.705 Y124.882 E87.40033
G0 F9000 X112.814 Y124.773
G0 X111.657 Y125.082
G0 X111.624 Y125.114
G1 F1500 X111.547 Y124.979 E87.40173
G1 X109.766 Y121.88 E87.43382
G1 X107.987 Y118.78 E87.46591
G1 X107.589 Y118.118 E87.47284
G1 F2700 E82.47284
G0 F9000 X107.555 Y118.153
G0 X111.839 Y124.886
G0 X112.331 Y124.754
G0 X113.072 Y110.172
G0 X121.928 Y110.172
G0 X122.184 Y118.161
G0 X122.299 Y118.046
G1 F2700 E87.47284
G1 F1500 X122.299 Y117.833 E87.47708
G1 X122.299 Y109.985 E87.63324
G0 F9000 X122.414 Y109.87
G0 X122.414 Y118.143
G0 X122.299 Y118.258
G1 F1500 X122.299 Y118.47 E87.63743
G1 X122.305 Y124.827 E87.76297
G1 X122.389 Y124.956 E87.76602
G0 F9000 X122.364 Y124.981
G0 X123.366 Y125.04
G0 X123.488 Y124.917
G1 F1500 X123.774 Y124.419 E87.77139
G1 X127.208 Y118.44 E87.83587
G1 X127.337 Y118.098 E87.83929
G0 F9000 X127.352 Y118.1
;MESH:NONMESH
G0 F300 X127.352 Y118.1 Z2.2
G0 F9000 X123.959 Y123.596
G0 X122.05 Y126.576
;TIME_ELAPSED:291.758767
;LAYER:10
;TYPE:WALL-INNER
;MESH:cbar_model-DualBatClipHldr.stl
G1 F1500 X122.05 Y110.05 E88.25153
G1 X112.95 Y110.05 E88.47853
G1 X112.95 Y126.576 E88.89077
G1 X112.26 Y126.576 E88.90798
G1 X107.28 Y117.95 E89.15645
G1 X107.739 Y117.95 E89.1679
G1 X111.781 Y125.025 E89.37115
G1 X112.45 Y124.845 E89.38844
G1 X112.45 Y108.424 E89.79806
G1 X122.55 Y108.424 E90.05
G1 X122.55 Y124.845 E90.45963
G1 X123.219 Y125.025 E90.47691
G1 X127.261 Y117.95 E90.68017
G1 X127.72 Y117.95 E90.69162
G1 X122.74 Y126.576 E90.94008
G1 X122.05 Y126.576 E90.95729
G0 F9000 X121.75 Y126.876
;TYPE:WALL-OUTER
G1 F1500 X121.75 Y110.35 E91.36953
G1 X113.25 Y110.35 E91.58157
G1 X113.25 Y126.876 E91.99381
G1 X112.087 Y126.876 E92.02282
G1 X106.76 Y117.65 E92.28857
G1 X107.913 Y117.65 E92.31733
G1 X111.927 Y124.675 E92.51916
G1 X112.15 Y124.615 E92.52492
G1 X112.15 Y108.124 E92.93629
G1 X122.85 Y108.124 E93.20321
G1 X122.85 Y124.615 E93.61458
G1 X123.073 Y124.675 E93.62034
G1 X127.087 Y117.65 E93.82216
G1 X128.24 Y117.65 E93.85093
G1 X122.913 Y126.876 E94.11668
G1 X121.75 Y126.876 E94.14569
G0 F9000 X122.349 Y126.514
;TYPE:FILL
G1 F3000 X122.109 Y126.274 E94.15416
G0 F9000 X122.866 Y126.235
G1 F3000 X123.177 Y125.075 E94.18411
G1 F2700 E89.18411
G0 F9000 X121.939 Y125.065
G0 X121.928 Y110.172
G0 X113.072 Y110.172
G0 X112.888 Y125.003
G1 F2700 E94.18411
G1 F3000 X111.616 Y125.344 E94.21696
G0 F9000 X112.331 Y124.754
G0 X113.072 Y110.172
G0 X113.243 Y109.99
G1 F3000 X113.647 Y108.482 E94.25591
G0 F9000 X117.047 Y108.484
G1 F3000 X118.553 Y109.99 E94.30904
G0 F9000 X117.901 Y109.99
G1 F3000 X118.305 Y108.482 E94.34798
G0 F9000 X116.762 Y109.989
G1 F3000 X122.381 Y108.483 E94.49309
G0 F9000 X122.386 Y109.87
G0 X122.4 Y109.884
;TYPE:SKIN
G1 F1500 X122.299 Y109.995 E94.49598
G1 X122.299 Y124.845 E94.78186
G0 F9000 X122.184 Y124.73
G0 X123.28 Y125.189
G0 X123.305 Y125.214
G1 F1500 X123.39 Y125.087 E94.78324
G1 X125.17 Y121.988 E94.81552
G1 X126.949 Y118.888 E94.84781
G1 X127.439 Y118.105 E94.85615
G1 F2700 E89.85615
G0 F9000 X127.418 Y118.084
G0 X123.161 Y124.886
G0 X122.669 Y124.754
G0 X121.928 Y110.172
G0 X113.072 Y110.172
G0 X112.815 Y118.118
G0 X112.699 Y118.002
G1 F2700 E94.85615
G1 F1500 X112.699 Y117.79 E94.86038
G1 X112.699 Y110.153 E95.01276
G1 X112.721 Y109.963 E95.01657
G0 F9000 X112.627 Y109.87
G0 X112.584 Y118.099
G0 X112.699 Y118.214
G1 F1500 X112.699 Y118.426 E95.0208
G1 X112.699 Y124.79 E95.14759
G1 X112.626 Y124.929 E95.15071
G0 F9000 X112.668 Y124.971
G0 X111.664 Y125.241
G0 X111.641 Y125.218
G1 F1500 X111.453 Y124.818 E95.15481
G1 X108.019 Y118.838 E95.21872
G1 X107.733 Y118.339 E95.22405
G0 F9000 X107.576 Y118.164
G1 F2700 E90.22405
;MESH:NONMESH
G0 F300 X107.576 Y118.164 Z2.4
G0 F9000 X111.839 Y124.886
G0 X112.331 Y124.754
G0 X113.072 Y110.172
G0 X121.928 Y110.172
G0 X122.05 Y126.576
;TIME_ELAPSED:310.831770
;LAYER:11
;TYPE:WALL-INNER
;MESH:cbar_model-DualBatClipHldr.stl
G1 F2700 E95.22405
G1 F1500 X122.05 Y110.05 E95.63629
G1 X112.95 Y110.05 E95.86329
G1 X112.95 Y126.576 E96.27553
G1 X112.26 Y126.576 E96.29275
G1 X107.28 Y117.95 E96.54121
G1 X107.739 Y117.95 E96.55266
G1 X111.781 Y125.025 E96.75592
G1 X112.45 Y124.845 E96.7732
G1 X112.45 Y108.424 E97.18282
G1 X122.55 Y108.424 E97.43477
G1 X122.55 Y124.845 E97.84439
G1 X123.219 Y125.025 E97.86167
G1 X127.261 Y117.95 E98.06493
G1 X127.72 Y117.95 E98.07638
G1 X122.74 Y126.576 E98.32484
G1 X122.05 Y126.576 E98.34205
G0 F9000 X121.75 Y126.876
;TYPE:WALL-OUTER
G1 F1500 X121.75 Y110.35 E98.7543
G1 X113.25 Y110.35 E98.96633
G1 X113.25 Y126.876 E99.37857
G1 X112.087 Y126.876 E99.40758
G1 X106.76 Y117.65 E99.67333
G1 X107.913 Y117.65 E99.7021
G1 X111.927 Y124.675 E99.90392
G1 X112.15 Y124.615 E99.90969
G1 X112.15 Y108.124 E100.32106
G1 X122.85 Y108.124 E100.58797
G1 X122.85 Y124.615 E100.99934
G1 X123.073 Y124.675 E101.0051
G1 X127.087 Y117.65 E101.20693
G1 X128.24 Y117.65 E101.23569
G1 X122.913 Y126.876 E101.50144
G1 X121.75 Y126.876 E101.53045
G0 F9000 X122.55 Y126.514
;TYPE:FILL
G1 F3000 X122.109 Y126.073 E101.54601
G0 F9000 X122.644 Y126.515
G1 F3000 X123.04 Y125.038 E101.58415
G1 F2700 E96.58415
G0 F9000 X121.938 Y125.049
G0 X121.928 Y110.172
G0 X113.072 Y110.172
G0 X112.888 Y125.15
G1 F2700 E101.58415
G1 F3000 X111.69 Y125.471 E101.61509
G0 F9000 X112.331 Y124.754
G0 X113.096 Y109.99
G1 F3000 X113.5 Y108.482 E101.65404
G0 F9000 X117.248 Y108.484
G1 F3000 X118.754 Y109.99 E101.70716
G0 F9000 X117.754 Y109.99
G1 F3000 X118.158 Y108.482 E101.74611
G0 F9000 X117.31 Y109.989
G1 F3000 X122.488 Y108.602 E101.87983
G0 F9000 X122.489 Y109.707
G1 F3000 X122.413 Y109.989 E101.88711
G0 F9000 X122.299 Y110.197
;TYPE:SKIN
G1 F1500 X122.299 Y109.985 E101.89111
G1 X122.299 Y124.622 E102.16741
G1 X122.389 Y124.956 E102.17394
G0 F9000 X123.488 Y124.917
G1 F1500 X123.774 Y124.419 E102.17931
G1 X127.208 Y118.44 E102.24379
G1 X127.337 Y118.098 E102.24721
G1 F2700 E97.24721
G0 F9000 X127.352 Y118.084
G0 X123.161 Y124.886
G0 X122.669 Y124.754
G0 X121.928 Y110.172
G0 X113.072 Y110.172
G0 X112.814 Y117.985
G0 X112.699 Y118.099
G1 F2700 E102.24721
G1 F1500 X112.699 Y117.887 E102.25129
G1 X112.699 Y110.038 E102.40232
G1 X112.62 Y109.905 E102.4053
G0 F9000 X112.656 Y109.87
G0 X112.814 Y118.197
G0 X112.699 Y118.311
G1 F1500 X112.699 Y118.524 E102.40957
G1 X112.705 Y124.882 E102.5371
G0 F9000 X112.814 Y124.773
G0 X111.657 Y125.082
G0 X111.624 Y125.114
G1 F1500 X111.547 Y124.979 E102.5385
G1 X109.766 Y121.88 E102.57059
G1 X107.987 Y118.78 E102.60268
G1 X107.589 Y118.118 E102.60961
G0 F9000 X107.566 Y118.147
G1 F2700 E97.60961
;MESH:NONMESH
G0 F300 X107.566 Y118.147 Z2.6
G0 F9000 X111.839 Y124.886
G0 X112.331 Y124.754
G0 X113.072 Y110.172
G0 X121.928 Y110.172
G0 X122.05 Y126.576
;TIME_ELAPSED:330.133777
;LAYER:12
;TYPE:WALL-INNER
;MESH:cbar_model-DualBatClipHldr.stl
G1 F2700 E102.60961
G1 F1500 X122.05 Y110.05 E103.02185
G1 X112.95 Y110.05 E103.24885
G1 X112.95 Y126.576 E103.6611
G1 X112.26 Y126.576 E103.67831
G1 X107.28 Y117.95 E103.92677
G1 X107.739 Y117.95 E103.93822
G1 X111.781 Y125.025 E104.14148
G1 X112.45 Y124.845 E104.15876
G1 X112.45 Y108.424 E104.56838
G1 X122.55 Y108.424 E104.82033
G1 X122.55 Y124.845 E105.22995
G1 X123.219 Y125.025 E105.24723
G1 X127.261 Y117.95 E105.45049
G1 X127.72 Y117.95 E105.46194
G1 X122.74 Y126.576 E105.7104
G1 X122.05 Y126.576 E105.72762
G0 F9000 X121.75 Y126.876
;TYPE:WALL-OUTER
G1 F1500 X121.75 Y110.35 E106.13986
G1 X113.25 Y110.35 E106.35189
G1 X113.25 Y126.876 E106.76413
G1 X112.087 Y126.876 E106.79315
G1 X106.76 Y117.65 E107.0589
G1 X107.913 Y117.65 E107.08766
G1 X111.927 Y124.675 E107.28949
G1 X112.15 Y124.615 E107.29525
G1 X112.15 Y108.124 E107.70662
G1 X122.85 Y108.124 E107.97353
G1 X122.85 Y124.615 E108.3849
G1 X123.073 Y124.675 E108.39066
G1 X127.087 Y117.65 E108.59249
G1 X128.24 Y117.65 E108.62125
G1 X122.913 Y126.876 E108.887
G1 X121.75 Y126.876 E108.91601
G0 F9000 X122.498 Y126.515
;TYPE:FILL
G1 F3000 X122.903 Y125.002 E108.95508
G0 F9000 X122.109 Y125.874
G1 F3000 X122.721 Y126.486 E108.97667
G1 F2700 E103.97667
G0 F9000 X121.928 Y110.172
G0 X113.072 Y110.172
G0 X112.888 Y125.296
G1 F2700 E108.97667
G1 F3000 X111.763 Y125.598 E109.00573
G0 F9000 X112.331 Y124.754
G0 X112.589 Y109.99
G1 F3000 X112.509 Y109.909 E109.00857
G0 F9000 X112.95 Y109.989
G1 F3000 X113.354 Y108.482 E109.04749
G0 F9000 X117.447 Y108.484
G1 F3000 X118.953 Y109.99 E109.10062
G0 F9000 X117.856 Y109.989
G1 F3000 X122.488 Y108.748 E109.22024
G0 F9000 X122.489 Y109.163
G1 F3000 X122.267 Y109.99 E109.2416
G0 F9000 X118.012 Y108.482
G1 F3000 X117.608 Y109.99 E109.28054
G0 F9000 X122.184 Y110.092
G0 X122.299 Y110.207
;TYPE:SKIN
G1 F1500 X122.299 Y109.995 E109.28452
G1 X122.4 Y109.884 E109.28733
G1 X122.299 Y110.632 E109.30149
G1 X122.299 Y124.845 E109.56807
G0 F9000 X123.305 Y125.214
G1 F1500 X123.39 Y125.087 E109.56945
G1 X125.17 Y121.988 E109.60173
G1 X126.949 Y118.888 E109.63401
G1 X127.439 Y118.105 E109.64236
G1 F2700 E104.64236
G0 F9000 X127.418 Y118.084
G0 X123.161 Y124.886
G0 X122.669 Y124.754
G0 X121.928 Y110.172
G0 X113.072 Y110.172
G0 X112.815 Y118.118
G0 X112.699 Y118.002
G1 F2700 E109.64236
G1 F1500 X112.699 Y117.79 E109.64659
G1 X112.699 Y110.153 E109.79896
G1 X112.721 Y109.963 E109.80278
G0 F9000 X112.627 Y109.87
G0 X112.584 Y118.099
G0 X112.699 Y118.214
G1 F1500 X112.699 Y118.426 E109.807
G1 X112.699 Y124.79 E109.93379
G1 X112.626 Y124.929 E109.93692
G0 F9000 X112.668 Y124.971
G0 X111.664 Y125.241
G0 X111.641 Y125.218
G1 F1500 X111.453 Y124.818 E109.94102
G1 X108.019 Y118.838 E110.00493
G1 X107.733 Y118.339 E110.01026
G0 F9000 X107.576 Y118.164
G1 F2700 E105.01026
;MESH:NONMESH
G0 F300 X107.576 Y118.164 Z2.8
G0 F9000 X111.839 Y124.886
G0 X112.331 Y124.754
G0 X113.072 Y110.172
G0 X121.928 Y110.172
G0 X122.05 Y126.576
;TIME_ELAPSED:349.704637
;LAYER:13
;TYPE:WALL-INNER
;MESH:cbar_model-DualBatClipHldr.stl
G1 F2700 E110.01026
G1 F1500 X122.05 Y110.05 E110.4225
G1 X112.95 Y110.05 E110.6495
G1 X112.95 Y126.576 E111.06174
G1 X112.26 Y126.576 E111.07895
G1 X107.28 Y117.95 E111.32742
G1 X107.739 Y117.95 E111.33887
G1 X111.781 Y125.025 E111.54212
G1 X112.45 Y124.845 E111.5594
G1 X112.45 Y108.424 E111.96903
G1 X122.55 Y108.424 E112.22097
G1 X122.55 Y124.845 E112.6306
G1 X123.219 Y125.025 E112.64788
G1 X127.261 Y117.95 E112.85114
G1 X127.72 Y117.95 E112.86259
G1 X122.74 Y126.576 E113.11105
G1 X122.05 Y126.576 E113.12826
G0 F9000 X121.75 Y126.876
;TYPE:WALL-OUTER
G1 F1500 X121.75 Y110.35 E113.5405
G1 X113.25 Y110.35 E113.75254
G1 X113.25 Y126.876 E114.16478
G1 X112.087 Y126.876 E114.19379
G1 X106.76 Y117.65 E114.45954
G1 X107.913 Y117.65 E114.4883
G1 X111.927 Y124.675 E114.69013
G1 X112.15 Y124.615 E114.69589
G1 X112.15 Y108.124 E115.10726
G1 X122.85 Y108.124 E115.37418
G1 X122.85 Y124.615 E115.78554
G1 X123.073 Y124.675 E115.79131
G1 X127.087 Y117.65 E115.99313
G1 X128.24 Y117.65 E116.0219
G1 X122.913 Y126.876 E116.28765
G1 X121.75 Y126.876 E116.31666
G0 F9000 X122.352 Y126.516
;TYPE:FILL
G1 F3000 X122.767 Y124.965 E116.35671
G0 F9000 X122.109 Y125.674
G1 F3000 X122.794 Y126.359 E116.38087
G1 F2700 E111.38087
G0 F9000 X121.931 Y114.738
G0 X121.928 Y110.172
G0 X113.072 Y110.172
G0 X112.888 Y125.442
G1 F2700 E116.38087
G1 F3000 X111.836 Y125.724 E116.40804
G0 F9000 X112.331 Y124.754
G0 X112.789 Y109.99
G1 F3000 X112.509 Y109.71 E116.41792
G0 F9000 X112.804 Y109.989
G1 F3000 X113.208 Y108.482 E116.45684
G0 F9000 X117.647 Y108.484
G1 F3000 X119.153 Y109.99 E116.50997
G0 F9000 X118.4 Y109.989
G1 F3000 X122.488 Y108.894 E116.61554
G0 F9000 X122.489 Y108.618
G1 F3000 X122.121 Y109.99 E116.65097
G0 F9000 X117.866 Y108.482
G1 F3000 X117.463 Y109.989 E116.68989
G0 F9000 X112.814 Y109.923
G0 X112.699 Y110.038
;TYPE:SKIN
G1 F1500 X112.62 Y109.905 E116.69284
G1 X112.699 Y110.463 E116.70361
G1 X112.699 Y124.675 E116.97523
G1 X112.705 Y124.882 E116.97918
G0 F9000 X112.814 Y124.773
G0 X111.657 Y125.082
G0 X111.624 Y125.114
G1 F1500 X111.547 Y124.979 E116.98058
G1 X109.766 Y121.88 E117.01267
G1 X107.987 Y118.78 E117.04476
G1 X107.589 Y118.118 E117.05169
G1 F2700 E112.05169
G0 F9000 X107.555 Y118.153
G0 X111.839 Y124.886
G0 X112.331 Y124.754
G0 X113.072 Y110.172
G0 X121.928 Y110.172
G0 X122.184 Y118.161
G0 X122.299 Y118.046
G1 F2700 E117.05169
G1 F1500 X122.299 Y117.833 E117.05593
G1 X122.299 Y109.985 E117.21209
G0 F9000 X122.414 Y109.87
G0 X122.414 Y118.143
G0 X122.299 Y118.258
G1 F1500 X122.299 Y118.47 E117.21628
G1 X122.305 Y124.827 E117.34183
G1 X122.389 Y124.956 E117.34487
G0 F9000 X122.364 Y124.981
G0 X123.366 Y125.04
G0 X123.488 Y124.917
G1 F1500 X123.774 Y124.419 E117.35024
G1 X127.208 Y118.44 E117.41472
G1 X127.337 Y118.098 E117.41814
G0 F9000 X127.352 Y118.1
;MESH:NONMESH
G0 F300 X127.352 Y118.1 Z3
G0 F9000 X123.959 Y123.596
G0 X122.05 Y126.576
;TIME_ELAPSED:368.191470
;LAYER:14
;TYPE:WALL-INNER
;MESH:cbar_model-DualBatClipHldr.stl
G1 F1500 X122.05 Y110.05 E117.83038
G1 X112.95 Y110.05 E118.05738
G1 X112.95 Y126.576 E118.46963
G1 X112.26 Y126.576 E118.48684
G1 X107.28 Y117.95 E118.7353
G1 X107.739 Y117.95 E118.74675
G1 X111.781 Y125.025 E118.95001
G1 X112.45 Y124.845 E118.96729
G1 X112.45 Y108.424 E119.37691
G1 X122.55 Y108.424 E119.62886
G1 X122.55 Y124.845 E120.03848
G1 X123.219 Y125.025 E120.05576
G1 X127.261 Y117.95 E120.25902
G1 X127.72 Y117.95 E120.27047
G1 X122.74 Y126.576 E120.51893
G1 X122.05 Y126.576 E120.53615
G0 F9000 X121.75 Y126.876
;TYPE:WALL-OUTER
G1 F1500 X121.75 Y110.35 E120.94839
G1 X113.25 Y110.35 E121.16042
G1 X113.25 Y126.876 E121.57266
G1 X112.087 Y126.876 E121.60168
G1 X106.76 Y117.65 E121.86743
G1 X107.913 Y117.65 E121.89619
G1 X111.927 Y124.675 E122.09802
G1 X112.15 Y124.615 E122.10378
G1 X112.15 Y108.124 E122.51515
G1 X122.85 Y108.124 E122.78206
G1 X122.85 Y124.615 E123.19343
G1 X123.073 Y124.675 E123.19919
G1 X127.087 Y117.65 E123.40102
G1 X128.24 Y117.65 E123.42978
G1 X122.913 Y126.876 E123.69553
G1 X121.75 Y126.876 E123.72454
G0 F9000 X122.205 Y126.515
;TYPE:FILL
G1 F3000 X122.63 Y124.928 E123.76553
G0 F9000 X122.109 Y125.473
G1 F3000 X122.868 Y126.232 E123.7923
G1 F2700 E118.7923
G0 F9000 X121.934 Y119.243
G0 X121.928 Y110.172
G0 X113.072 Y110.172
G0 X112.888 Y125.589
G1 F2700 E123.7923
G1 F3000 X111.91 Y125.851 E123.81756
G0 F9000 X112.331 Y124.754
G0 X112.657 Y109.989
G1 F3000 X113.061 Y108.482 E123.85648
G0 F9000 X112.509 Y109.509
G1 F3000 X112.99 Y109.99 E123.87345
G0 F9000 X117.316 Y109.989
G1 F3000 X117.719 Y108.482 E123.91236
G1 X117.847 Y108.484
G1 X119.353 Y109.99 E123.96549
G0 F9000 X118.949 Y109.989
G1 F3000 X122.488 Y109.041 E124.05688
G0 F9000 X122.378 Y108.482
G1 F3000 X121.974 Y109.99 E124.09582
G0 F9000 X122.299 Y110.207
;TYPE:SKIN
G1 F1500 X122.299 Y109.995 E124.0998
G1 X122.4 Y109.884 E124.10262
G1 X122.299 Y110.632 E124.11677
G1 X122.299 Y124.845 E124.38335
G0 F9000 X123.305 Y125.214
G1 F1500 X123.39 Y125.087 E124.38473
G1 X125.17 Y121.988 E124.41701
G1 X126.949 Y118.888 E124.4493
G1 X127.439 Y118.105 E124.45764
G1 F2700 E119.45764
G0 F9000 X127.418 Y118.084
G0 X123.161 Y124.886
G0 X122.669 Y124.754
G0 X121.928 Y110.172
G0 X113.072 Y110.172
G0 X112.815 Y118.118
G0 X112.699 Y118.002
G1 F2700 E124.45764
G1 F1500 X112.699 Y117.79 E124.46187
G1 X112.699 Y110.153 E124.61425
G1 X112.721 Y109.963 E124.61806
G0 F9000 X112.627 Y109.87
G0 X112.584 Y118.099
G0 X112.699 Y118.214
G1 F1500 X112.699 Y118.426 E124.62229
G1 X112.699 Y124.79 E124.74908
G1 X112.626 Y124.929 E124.7522
G0 F9000 X112.668 Y124.971
G0 X111.664 Y125.241
G0 X111.641 Y125.218
G1 F1500 X111.453 Y124.818 E124.7563
G1 X108.019 Y118.838 E124.82021
G1 X107.733 Y118.339 E124.82554
G0 F9000 X107.576 Y118.164
G1 F2700 E119.82554
;MESH:NONMESH
G0 F300 X107.576 Y118.164 Z3.2
G0 F9000 X111.839 Y124.886
G0 X112.331 Y124.754
G0 X113.072 Y110.172
G0 X121.928 Y110.172
G0 X122.05 Y126.576
;TIME_ELAPSED:387.276203
;LAYER:15
;TYPE:WALL-INNER
;MESH:cbar_model-DualBatClipHldr.stl
G1 F2700 E124.82554
G1 F1500 X122.05 Y110.05 E125.23778
G1 X112.95 Y110.05 E125.46478
G1 X112.95 Y126.576 E125.87702
G1 X112.26 Y126.576 E125.89424
G1 X107.28 Y117.95 E126.1427
G1 X107.739 Y117.95 E126.15415
G1 X111.781 Y125.025 E126.35741
G1 X112.45 Y124.845 E126.37469
G1 X112.45 Y108.424 E126.78431
G1 X122.55 Y108.424 E127.03626
G1 X122.55 Y124.845 E127.44588
G1 X123.219 Y125.025 E127.46316
G1 X127.261 Y117.95 E127.66642
G1 X127.72 Y117.95 E127.67787
G1 X122.74 Y126.576 E127.92633
G1 X122.05 Y126.576 E127.94354
G0 F9000 X121.75 Y126.876
;TYPE:WALL-OUTER
G1 F1500 X121.75 Y110.35 E128.35579
G1 X113.25 Y110.35 E128.56782
G1 X113.25 Y126.876 E128.98006
G1 X112.087 Y126.876 E129.00907
G1 X106.76 Y117.65 E129.27482
G1 X107.913 Y117.65 E129.30359
G1 X111.927 Y124.675 E129.50541
G1 X112.15 Y124.615 E129.51118
G1 X112.15 Y108.124 E129.92254
G1 X122.85 Y108.124 E130.18946
G1 X122.85 Y124.615 E130.60083
G1 X123.073 Y124.675 E130.60659
G1 X127.087 Y117.65 E130.80842
G1 X128.24 Y117.65 E130.83718
G1 X122.913 Y126.876 E131.10293
G1 X121.75 Y126.876 E131.13194
G0 F9000 X122.109 Y126.328
;TYPE:FILL
G1 F3000 X122.494 Y124.892 E131.16903
G0 F9000 X122.109 Y125.274
G1 F3000 X122.941 Y126.106 E131.19838
G1 F2700 E126.19838
G0 F9000 X121.936 Y123.066
G0 X121.928 Y110.172
G0 X113.072 Y110.172
G0 X112.889 Y125.963
G1 F2700 E131.19838
G1 F3000 X112.741 Y126.515 E131.21263
G0 F9000 X112.888 Y125.735
G1 F3000 X111.982 Y125.978 E131.23603
G0 F9000 X112.331 Y124.754
G0 X112.511 Y109.989
G1 F3000 X112.915 Y108.483 E131.27493
G0 F9000 X112.509 Y109.31
G1 F3000 X113.189 Y109.99 E131.29892
G0 F9000 X117.17 Y109.989
G1 F3000 X117.573 Y108.482 E131.33783
G0 F9000 X118.047 Y108.484
G1 F3000 X119.553 Y109.99 E131.39096
G1 X119.494 Y109.989
G1 X122.488 Y109.187 E131.46828
G0 F9000 X122.232 Y108.482
G1 F3000 X121.828 Y109.989 E131.5072
G0 F9000 X122.299 Y109.985
;TYPE:SKIN
G1 F1500 X122.299 Y110.197 E131.51126
G1 X122.299 Y124.622 E131.78741
G1 X122.389 Y124.956 E131.79404
G0 F9000 X122.364 Y124.981
G0 X123.366 Y125.04
G0 X123.488 Y124.917
G1 F1500 X123.774 Y124.419 E131.79941
G1 X127.208 Y118.44 E131.86389
G1 X127.337 Y118.098 E131.86731
G1 F2700 E126.86731
G0 F9000 X127.352 Y118.084
G0 X123.161 Y124.886
G0 X122.669 Y124.754
G0 X121.928 Y110.172
G0 X113.072 Y110.172
G0 X112.814 Y117.985
G0 X112.699 Y118.099
G1 F2700 E131.86731
G1 F1500 X112.699 Y117.887 E131.87139
G1 X112.699 Y110.038 E132.02242
G1 X112.62 Y109.905 E132.0254
G0 F9000 X112.656 Y109.87
G0 X112.814 Y118.197
G0 X112.699 Y118.311
G1 F1500 X112.699 Y118.524 E132.02967
G1 X112.705 Y124.882 E132.1572
G0 F9000 X112.814 Y124.773
G0 X111.657 Y125.082
G0 X111.624 Y125.114
G1 F1500 X111.547 Y124.979 E132.15859
G1 X109.766 Y121.88 E132.19068
G1 X107.987 Y118.78 E132.22277
G1 X107.589 Y118.118 E132.22971
G0 F9000 X107.566 Y118.147
G1 F2700 E127.22971
;MESH:NONMESH
G0 F300 X107.566 Y118.147 Z3.4
G0 F9000 X111.839 Y124.886
G0 X112.331 Y124.754
G0 X113.072 Y110.172
G0 X121.928 Y110.172
G0 X122.05 Y126.576
;TIME_ELAPSED:406.655182
;LAYER:16
;TYPE:WALL-INNER
;MESH:cbar_model-DualBatClipHldr.stl
G1 F2700 E132.22971
G1 F1500 X122.05 Y110.05 E132.64195
G1 X112.95 Y110.05 E132.86895
G1 X112.95 Y126.576 E133.28119
G1 X112.26 Y126.576 E133.29841
G1 X107.28 Y117.95 E133.54687
G1 X107.739 Y117.95 E133.55832
G1 X111.781 Y125.025 E133.76158
G1 X112.45 Y124.845 E133.77886
G1 X112.45 Y108.424 E134.18848
G1 X122.55 Y108.424 E134.44043
G1 X122.55 Y124.845 E134.85005
G1 X123.219 Y125.025 E134.86733
G1 X127.261 Y117.95 E135.07059
G1 X127.72 Y117.95 E135.08204
G1 X122.74 Y126.576 E135.3305
G1 X122.05 Y126.576 E135.34771
G0 F9000 X121.75 Y126.876
;TYPE:WALL-OUTER
G1 F1500 X121.75 Y110.35 E135.75996
G1 X113.25 Y110.35 E135.97199
G1 X113.25 Y126.876 E136.38423
G1 X112.087 Y126.876 E136.41324
G1 X106.76 Y117.65 E136.67899
G1 X107.913 Y117.65 E136.70776
G1 X111.927 Y124.675 E136.90959
G1 X112.15 Y124.615 E136.91535
G1 X112.15 Y108.124 E137.32672
G1 X122.85 Y108.124 E137.59363
G1 X122.85 Y124.615 E138.005
G1 X123.073 Y124.675 E138.01076
G1 X127.087 Y117.65 E138.21259
G1 X128.24 Y117.65 E138.24135
G1 X122.913 Y126.876 E138.5071
G1 X121.75 Y126.876 E138.53611
G0 F9000 X121.97 Y126.656
G0 X122.109 Y125.781
;TYPE:FILL
G1 F3000 X122.357 Y124.855 E138.56002
G0 F9000 X122.109 Y125.073
G1 F3000 X123.015 Y125.979 E138.59199
G1 F2700 E133.59199
G0 F9000 X121.937 Y122.965
G0 X121.928 Y110.172
G0 X113.072 Y110.172
G0 X112.888 Y125.882
G1 F2700 E138.59199
G1 F3000 X112.056 Y126.105 E138.61347
G0 F9000 X112.594 Y126.515
G1 F3000 X112.889 Y125.414 E138.64191
G0 F9000 X113.072 Y110.172
G0 X113.39 Y109.99
G1 F3000 X112.509 Y109.109 E138.67299
G0 F9000 X112.509 Y109.446
G1 F3000 X112.768 Y108.482 E138.69789
G0 F9000 X117.023 Y109.989
G1 F3000 X117.426 Y108.482 E138.7368
G0 F9000 X118.248 Y108.484
G1 F3000 X119.754 Y109.99 E138.78993
G0 F9000 X120.042 Y109.989
G1 F3000 X122.488 Y109.334 E138.85309
G0 F9000 X122.085 Y108.482
G1 F3000 X121.681 Y109.989 E138.89201
G0 F9000 X122.299 Y110.207
;TYPE:SKIN
G1 F1500 X122.299 Y109.995 E138.89599
G1 X122.4 Y109.884 E138.8988
G1 X122.299 Y110.632 E138.91296
G1 X122.299 Y124.845 E139.17954
G0 F9000 X123.305 Y125.214
G1 F1500 X123.39 Y125.087 E139.18092
G1 X125.17 Y121.988 E139.2132
G1 X126.949 Y118.888 E139.24548
G1 X127.439 Y118.105 E139.25383
G1 F2700 E134.25383
G0 F9000 X127.418 Y118.084
G0 X123.161 Y124.886
G0 X122.669 Y124.754
G0 X121.928 Y110.172
G0 X113.072 Y110.172
G0 X112.815 Y118.118
G0 X112.699 Y118.002
G1 F2700 E139.25383
G1 F1500 X112.699 Y117.79 E139.25806
G1 X112.699 Y110.153 E139.41043
G1 X112.721 Y109.963 E139.41425
G0 F9000 X112.627 Y109.87
G0 X112.584 Y118.099
G0 X112.699 Y118.214
G1 F1500 X112.699 Y118.426 E139.41847
G1 X112.699 Y124.79 E139.54526
G1 X112.626 Y124.929 E139.54839
G0 F9000 X112.668 Y124.971
G0 X111.664 Y125.241
G0 X111.641 Y125.218
G1 F1500 X111.453 Y124.818 E139.55249
G1 X108.019 Y118.838 E139.61639
G1 X107.733 Y118.339 E139.62173
G0 F9000 X107.576 Y118.164
G1 F2700 E134.62173
;MESH:NONMESH
G0 F300 X107.576 Y118.164 Z3.6
G0 F9000 X111.839 Y124.886
G0 X112.331 Y124.754
G0 X113.072 Y110.172
G0 X121.928 Y110.172
G0 X122.05 Y126.576
;TIME_ELAPSED:426.093727
;LAYER:17
;TYPE:WALL-INNER
;MESH:cbar_model-DualBatClipHldr.stl
G1 F2700 E139.62173
G1 F1500 X122.05 Y110.05 E140.03397
G1 X112.95 Y110.05 E140.26097
G1 X112.95 Y126.576 E140.67321
G1 X112.26 Y126.576 E140.69042
G1 X107.28 Y117.95 E140.93888
G1 X107.739 Y117.95 E140.95033
G1 X111.781 Y125.025 E141.15359
G1 X112.45 Y124.845 E141.17087
G1 X112.45 Y108.424 E141.5805
G1 X122.55 Y108.424 E141.83244
G1 X122.55 Y124.845 E142.24207
G1 X123.219 Y125.025 E142.25935
G1 X127.261 Y117.95 E142.46261
G1 X127.72 Y117.95 E142.47406
G1 X122.74 Y126.576 E142.72252
G1 X122.05 Y126.576 E142.73973
G0 F9000 X121.75 Y126.876
;TYPE:WALL-OUTER
G1 F1500 X121.75 Y110.35 E143.15197
G1 X113.25 Y110.35 E143.36401
G1 X113.25 Y126.876 E143.77625
G1 X112.087 Y126.876 E143.80526
G1 X106.76 Y117.65 E144.07101
G1 X107.913 Y117.65 E144.09977
G1 X111.927 Y124.675 E144.3016
G1 X112.15 Y124.615 E144.30736
G1 X112.15 Y108.124 E144.71873
G1 X122.85 Y108.124 E144.98564
G1 X122.85 Y124.615 E145.39701
G1 X123.073 Y124.675 E145.40278
G1 X127.087 Y117.65 E145.6046
G1 X128.24 Y117.65 E145.63337
G1 X122.913 Y126.876 E145.89912
G1 X121.75 Y126.876 E145.92813
G0 F9000 X121.97 Y126.656
G0 X122.109 Y125.235
;TYPE:FILL
G1 F3000 X122.22 Y124.819 E145.93887
G1 X122.109 Y124.874
G1 X123.088 Y125.852 E145.97339
G1 F2700 E140.97339
G0 F9000 X121.936 Y122.888
G0 X121.928 Y110.172
G0 X113.072 Y110.172
G0 X112.889 Y126.028
G1 F2700 E145.97339
G1 F3000 X112.128 Y126.232 E145.99304
G0 F9000 X112.448 Y126.515
G1 F3000 X112.889 Y124.869 E146.03555
G0 F9000 X113.072 Y110.172
G0 X113.589 Y109.99
G1 F3000 X112.509 Y108.91 E146.07365
G1 X112.51 Y108.9
G1 X112.621 Y108.483 E146.08441
G0 F9000 X116.877 Y109.989
G1 F3000 X117.28 Y108.482 E146.12333
G0 F9000 X118.447 Y108.484
G1 F3000 X119.953 Y109.99 E146.17645
G0 F9000 X120.587 Y109.989
G1 F3000 X122.488 Y109.48 E146.22555
G0 F9000 X121.535 Y109.989
G1 F3000 X121.939 Y108.482 E146.26446
G0 F9000 X122.669 Y124.754
G0 X123.161 Y124.886
G0 X125.163 Y121.876
G0 X125.151 Y122.276
G0 X125.1 Y122.245
;TYPE:SKIN
G1 F1500 X124.737 Y122.608 E146.27727
G0 F9000 X124.52 Y123.249
G1 F1500 X124.171 Y123.598 E146.28958
G1 F2700 E141.28958
G0 F9000 X124.122 Y123.569
G0 X123.161 Y124.886
G0 X122.669 Y124.754
G0 X121.928 Y110.172
G0 X113.072 Y110.172
G0 X112.331 Y124.754
G0 X111.839 Y124.886
G0 X110.752 Y123.842
G1 F2700 E146.28958
G0 F9000 X110.804 Y123.813
G1 F1500 X110.896 Y123.721 E146.29283
G0 F9000 X110.649 Y123.544
G1 F1500 X110.742 Y123.45 E146.29613
G0 F9000 X110.493 Y123.275
G1 F1500 X110.588 Y123.18 E146.29948
G0 F9000 X110.338 Y123.006
G1 F1500 X110.434 Y122.91 E146.30286
G0 F9000 X110.183 Y122.737
G1 F1500 X110.28 Y122.64 E146.30629
G0 F9000 X110.027 Y122.468
G1 F1500 X110.125 Y122.371 E146.30973
G0 F9000 X109.873 Y122.199
G1 F1500 X109.971 Y122.101 E146.31318
G0 F9000 X109.779 Y121.869
G1 F1500 X109.717 Y121.93 E146.31535
;TYPE:SKIN
G1 X109.728 Y121.919
G1 X109.806 Y121.841 E146.31673
G0 F9000 X109.69 Y121.745
G1 F1500 X109.612 Y121.61 E146.31827
G1 X107.832 Y118.511 E146.35351
G1 X107.589 Y118.118 E146.35807
G0 F9000 X107.624 Y118.084
G0 X111.839 Y124.886
G0 X112.331 Y124.754
G0 X112.584 Y118.002
G0 X112.699 Y117.887
G1 F1500 X112.699 Y117.675 E146.36225
G1 X112.699 Y110.038 E146.51272
G1 X112.62 Y109.905 E146.51577
G0 F9000 X112.656 Y109.87
G0 X112.814 Y117.985
G0 X112.699 Y118.099
G1 F1500 X112.699 Y118.311 E146.52001
G1 X112.705 Y124.882 E146.65162
G0 F9000 X111.624 Y125.114
G1 F1500 X111.547 Y124.979 E146.65294
G1 X111.005 Y124.036 E146.66216
G1 F2700 E141.66216
G0 F9000 X110.971 Y124.071
G0 X111.839 Y124.886
G0 X112.331 Y124.754
G0 X113.072 Y110.172
G0 X121.928 Y110.172
G0 X122.184 Y124.1
G0 X122.299 Y123.985
G1 F2700 E146.66216
G1 F1500 X122.299 Y123.773 E146.66631
G1 X122.299 Y109.985 E146.93607
G0 F9000 X122.414 Y109.87
G0 X122.669 Y124.754
G0 X123.161 Y124.886
G0 X127.352 Y118.084
G0 X127.337 Y118.099
G1 F1500 X127.207 Y118.44 E146.93966
G1 X125.489 Y121.431 E146.97357
G1 X125.275 Y121.857 E146.97826
G0 F9000 X125.203 Y121.81
G0 X123.994 Y123.945
G0 X123.996 Y123.985
G1 F1500 X123.774 Y124.419 E146.98352
G1 X123.488 Y124.917 E146.98971
G0 F9000 X122.389 Y124.956
G1 F1500 X122.305 Y124.827 E146.99302
G1 X122.299 Y124.197 E147.00654
G0 F9000 X122.2 Y124.312
;MESH:NONMESH
G0 F300 X122.2 Y124.312 Z3.8
G0 F9000 X122.05 Y126.576
;TIME_ELAPSED:447.796915
;LAYER:18
;TYPE:WALL-INNER
;MESH:cbar_model-DualBatClipHldr.stl
G1 F1500 X122.05 Y110.05 E147.41878
G1 X112.95 Y110.05 E147.64578
G1 X112.95 Y126.576 E148.05802
G1 X112.26 Y126.576 E148.07523
G1 X107.28 Y117.95 E148.32369
G1 X107.739 Y117.95 E148.33514
G1 X111.781 Y125.025 E148.5384
G1 X112.45 Y124.845 E148.55568
G1 X112.45 Y108.424 E148.96531
G1 X122.55 Y108.424 E149.21725
G1 X122.55 Y124.845 E149.62688
G1 X123.219 Y125.025 E149.64416
G1 X127.261 Y117.95 E149.84742
G1 X127.72 Y117.95 E149.85887
G1 X122.74 Y126.576 E150.10733
G1 X122.05 Y126.576 E150.12454
G0 F9000 X121.75 Y126.876
;TYPE:WALL-OUTER
G1 F1500 X121.75 Y110.35 E150.53678
G1 X113.25 Y110.35 E150.74882
G1 X113.25 Y126.876 E151.16106
G1 X112.087 Y126.876 E151.19007
G1 X106.76 Y117.65 E151.45582
G1 X107.913 Y117.65 E151.48458
G1 X111.927 Y124.675 E151.68641
G1 X112.15 Y124.615 E151.69217
G1 X112.15 Y108.124 E152.10354
G1 X122.85 Y108.124 E152.37045
G1 X122.85 Y124.615 E152.78182
G1 X123.073 Y124.675 E152.78759
G1 X127.087 Y117.65 E152.98941
G1 X128.24 Y117.65 E153.01818
G1 X122.913 Y126.876 E153.28393
G1 X121.75 Y126.876 E153.31294
G0 F9000 X121.97 Y126.656
G0 X123.161 Y125.725
;TYPE:FILL
G1 F3000 X122.266 Y124.83 E153.34451
G1 F2700 E148.34451
G0 F9000 X121.928 Y110.172
G0 X113.072 Y110.172
G0 X112.889 Y126.175
G1 F2700 E153.34451
G1 F3000 X112.203 Y126.359 E153.36223
G0 F9000 X112.301 Y126.515
G1 F3000 X112.755 Y124.824 E153.4059
G0 F9000 X113.072 Y110.172
G0 X113.79 Y109.99
G1 F3000 X112.509 Y108.709 E153.4511
G0 F9000 X116.73 Y109.989
G1 F3000 X117.133 Y108.482 E153.49001
G0 F9000 X118.648 Y108.484
G1 F3000 X120.154 Y109.99 E153.54314
G0 F9000 X121.135 Y109.989
G1 F3000 X122.488 Y109.627 E153.57807
G0 F9000 X121.388 Y109.989
G1 F3000 X121.792 Y108.482 E153.61699
G0 F9000 X122.672 Y120.772
G0 X122.669 Y124.754
G0 X123.161 Y124.886
G0 X126.224 Y119.524
G0 X126.436 Y120.05
G0 X126.385 Y120.021
;TYPE:SKIN
G1 F1500 X126.277 Y119.913 E153.6208
G0 F9000 X126.123 Y120.183
G1 F1500 X126.229 Y120.29 E153.62456
G0 F9000 X125.968 Y120.453
G1 F1500 X126.075 Y120.559 E153.62832
G0 F9000 X125.814 Y120.722
G1 F1500 X125.919 Y120.828 E153.63204
G0 F9000 X125.659 Y120.993
G1 F1500 X125.764 Y121.097 E153.63573
G0 F9000 X125.505 Y121.263
G1 F1500 X125.609 Y121.366 E153.63938
G0 F9000 X125.351 Y121.533
G1 F1500 X125.453 Y121.635 E153.64298
G0 F9000 X125.197 Y121.803
G1 F1500 X125.298 Y121.904 E153.64654
G0 F9000 X125.043 Y122.073
G1 F1500 X125.143 Y122.173 E153.65007
G0 F9000 X124.889 Y122.343
G1 F1500 X124.988 Y122.442 E153.65356
G0 F9000 X124.735 Y122.613
G1 F1500 X124.832 Y122.711 E153.657
G0 F9000 X124.58 Y122.883
G1 F1500 X124.677 Y122.98 E153.66042
G0 F9000 X124.426 Y123.153
G1 F1500 X124.522 Y123.249 E153.66381
G0 F9000 X124.271 Y123.423
G1 F1500 X124.367 Y123.518 E153.66718
G0 F9000 X124.117 Y123.693
G1 F1500 X124.211 Y123.787 E153.67049
G0 F9000 X123.963 Y123.963
G1 F1500 X124.056 Y124.056 E153.67377
G1 F2700 E148.67377
G0 F9000 X124.107 Y124.086
G0 X123.161 Y124.886
G0 X122.669 Y124.754
G0 X121.928 Y110.172
G0 X113.072 Y110.172
G0 X112.331 Y124.754
G0 X111.839 Y124.886
G0 X111.031 Y124.282
G1 F2700 E153.67377
G0 F9000 X111.076 Y124.228
G1 F1500 X111 Y124.152 E153.67646
G0 F9000 X110.771 Y123.499
G1 F1500 X110.42 Y123.148 E153.68884
G0 F9000 X110.206 Y122.51
G1 F1500 X109.84 Y122.144 E153.70175
G0 F9000 X109.641 Y121.521
G1 F1500 X109.26 Y121.14 E153.71519
G0 F9000 X109.076 Y120.532
G1 F1500 X108.68 Y120.136 E153.72916
G0 F9000 X108.549 Y119.792
;TYPE:SKIN
G1 F1500 X108.306 Y119.336 E153.73623
G1 X107.733 Y118.34 E153.75194
G0 F9000 X107.563 Y118.17
G0 X110.749 Y122.981
G0 X111.839 Y124.886
G0 X112.331 Y124.754
G0 X112.584 Y118.099
G0 X112.699 Y118.214
G1 F1500 X112.699 Y118.002 E153.75607
G1 X112.699 Y110.153 E153.90904
G1 X112.721 Y109.963 E153.91277
G0 F9000 X112.627 Y109.87
G0 X112.584 Y118.311
G0 X112.699 Y118.426
G1 F1500 X112.699 Y118.639 E153.91702
G1 X112.699 Y124.79 E154.03967
G1 X112.626 Y124.929 E154.0428
G0 F9000 X111.641 Y125.218
G1 F1500 X111.453 Y124.818 E154.04705
G1 X111.167 Y124.319 E154.05257
G1 F2700 E149.05257
G0 F9000 X110.975 Y124.228
G0 X111.839 Y124.886
G0 X112.331 Y124.754
G0 X113.072 Y110.172
G0 X121.928 Y110.172
G0 X122.184 Y124.093
G0 X122.299 Y124.208
G1 F2700 E154.05257
G1 F1500 X122.299 Y123.996 E154.05664
G1 X122.299 Y109.995 E154.32507
G1 X122.4 Y109.884 E154.32794
G0 F9000 X122.415 Y109.899
G0 X122.669 Y124.754
G0 X123.161 Y124.886
G0 X127.418 Y118.084
G0 X127.439 Y118.105
G1 F1500 X127.336 Y118.214 E154.32953
G1 X126.407 Y119.831 E154.3493
G0 F9000 X126.364 Y119.788
G0 X123.795 Y124.216
G0 X123.854 Y124.278
G1 F1500 X123.777 Y124.413 E154.35066
G1 X123.305 Y125.214 E154.35878
G0 F9000 X122.299 Y124.845
G1 F1500 X122.299 Y124.632 E154.36536
G1 X122.299 Y124.42 E154.37192
G0 F9000 X122.2 Y124.305
G1 F2700 E149.37192
;MESH:NONMESH
G0 F300 X122.2 Y124.305 Z4
G0 F9000 X121.928 Y110.172
G0 X113.072 Y110.172
G0 X112.331 Y124.754
G0 X111.839 Y124.886
G0 X110.081 Y122.05
;TIME_ELAPSED:470.914031
;LAYER:19
;TYPE:WALL-INNER
;MESH:cbar_model-DualBatClipHldr.stl
G1 F2700 E154.37192
G1 F1500 X109.647 Y122.05 E154.38275
G1 X107.28 Y117.95 E154.50084
G1 X107.739 Y117.95 E154.51229
G1 X110.081 Y122.05 E154.63008
G1 F2700 E149.63008
G0 F9000 X110.459 Y122.325
G0 X111.876 Y124.798
G0 X112.256 Y124.696
G0 X113.147 Y110.247
G0 X121.853 Y110.247
G0 X122.744 Y124.696
G0 X123.124 Y124.798
G0 X124.54 Y122.325
G0 X124.919 Y122.05
G1 F2700 E154.63008
G1 F1500 X127.261 Y117.95 E154.74786
G1 X127.72 Y117.95 E154.75931
G1 X125.353 Y122.05 E154.8774
G1 X124.919 Y122.05 E154.88823
G0 F9000 X124.662 Y122.209
G0 X122.05 Y126.576
G1 F1500 X122.05 Y110.05 E155.30047
G1 X112.95 Y110.05 E155.52747
G1 X112.95 Y126.576 E155.93972
G1 X112.26 Y126.576 E155.95693
G1 X110.579 Y123.665 E156.04078
G1 X110.589 Y123.291 E156.05011
G1 X110.594 Y122.947 E156.0587
G1 X111.781 Y125.025 E156.11839
G1 X112.45 Y124.845 E156.13568
G1 X112.45 Y108.424 E156.5453
G1 X122.55 Y108.424 E156.79724
G1 X122.55 Y124.845 E157.20687
G1 X123.219 Y125.025 E157.22415
G1 X124.395 Y122.966 E157.2833
G1 X124.393 Y123.137 E157.28756
G1 X124.414 Y123.677 E157.30105
G1 X122.74 Y126.576 E157.38455
G1 X122.05 Y126.576 E157.40176
G0 F9000 X121.75 Y126.876
;TYPE:WALL-OUTER
G1 F1500 X121.75 Y110.35 E157.81401
G1 X113.25 Y110.35 E158.02604
G1 X113.25 Y126.876 E158.43828
G1 X112.087 Y126.876 E158.46729
G1 X110.277 Y123.742 E158.55757
G1 X110.289 Y123.285 E158.56898
G1 X110.302 Y122.35 E158.5923
G1 X109.474 Y122.35 E158.61296
G1 X106.76 Y117.65 E158.74834
G1 X107.913 Y117.65 E158.7771
G1 X111.927 Y124.675 E158.97893
G1 X112.15 Y124.615 E158.98469
G1 X112.15 Y108.124 E159.39606
G1 X122.85 Y108.124 E159.66298
G1 X122.85 Y124.615 E160.07435
G1 X123.073 Y124.675 E160.08011
G1 X127.087 Y117.65 E160.28193
G1 X128.24 Y117.65 E160.3107
G1 X125.526 Y122.35 E160.44608
G1 X124.703 Y122.35 E160.46661
G1 X124.693 Y123.133 E160.48614
G1 X124.717 Y123.752 E160.5016
G1 X122.913 Y126.876 E160.59159
G1 X121.75 Y126.876 E160.6206
G0 F9000 X121.895 Y126.731
G0 X123.235 Y125.599
;TYPE:FILL
G1 F3000 X122.539 Y124.904 E160.64513
G1 F2700 E155.64513
G0 F9000 X121.853 Y110.247
G0 X113.147 Y110.247
G0 X112.889 Y126.321
G1 F2700 E160.64513
G1 F3000 X112.275 Y126.485 E160.66099
G0 F9000 X112.2 Y126.35
G1 F3000 X112.597 Y124.866 E160.69931
G0 F9000 X113.147 Y110.247
G0 X113.989 Y109.99
G1 F3000 X112.509 Y108.509 E160.75153
G0 F9000 X116.584 Y109.989
G1 F3000 X116.987 Y108.483 E160.79042
G0 F9000 X118.847 Y108.484
G1 F3000 X120.353 Y109.99 E160.84355
G0 F9000 X121.242 Y109.989
G1 F3000 X121.646 Y108.482 E160.88247
G0 F9000 X121.68 Y109.989
G1 F3000 X122.489 Y109.772 E160.90337
G0 F9000 X122.744 Y124.696
G0 X123.124 Y124.798
G0 X124.987 Y121.537
G0 X126.582 Y119.448
G0 X126.565 Y119.507
;TYPE:SKIN
G1 F1500 X126.431 Y119.641 E160.90809
G0 F9000 X126.258 Y120.238
G1 F1500 X125.866 Y120.631 E160.92194
G0 F9000 X125.678 Y121.243
G1 F1500 X125.302 Y121.619 E160.9352
G1 F2700 E155.9352
G0 F9000 X125.253 Y121.59
G0 X124.608 Y122.203
G0 X123.124 Y124.798
G0 X122.744 Y124.696
G0 X121.853 Y110.247
G0 X113.147 Y110.247
G0 X112.256 Y124.696
G0 X111.876 Y124.798
G0 X110.483 Y122.368
G0 X109.869 Y121.801
G1 F2700 E160.9352
G0 F9000 X109.817 Y121.83
G1 F1500 X109.718 Y121.929 E160.9387
G0 F9000 X109.563 Y121.66
G1 F1500 X109.663 Y121.56 E160.94222
G0 F9000 X109.407 Y121.391
G1 F1500 X109.508 Y121.29 E160.94579
G0 F9000 X109.252 Y121.123
G1 F1500 X109.354 Y121.02 E160.9494
G0 F9000 X109.097 Y120.853
G1 F1500 X109.2 Y120.75 E160.95304
G0 F9000 X108.941 Y120.585
G1 F1500 X109.046 Y120.48 E160.95674
G0 F9000 X108.786 Y120.316
G1 F1500 X108.892 Y120.21 E160.96048
G0 F9000 X108.631 Y120.046
G1 F1500 X108.738 Y119.94 E160.96424
G0 F9000 X108.475 Y119.778
G1 F1500 X108.584 Y119.67 E160.96807
G0 F9000 X108.374 Y119.454
;TYPE:SKIN
G1 F1500 X108.297 Y119.319 E160.96978
G1 X107.589 Y118.118 E160.98518
G0 F9000 X107.624 Y118.084
G0 X109.696 Y120.988
G0 X111.876 Y124.798
G0 X112.256 Y124.696
G0 X112.584 Y118.002
G0 X112.699 Y117.887
G1 F1500 X112.699 Y117.675 E160.98936
G1 X112.699 Y110.038 E161.13983
G1 X112.62 Y109.905 E161.14288
G0 F9000 X112.656 Y109.87
G0 X112.814 Y117.985
G0 X112.699 Y118.099
G1 F1500 X112.699 Y118.311 E161.14713
G1 X112.705 Y124.882 E161.27874
G0 F9000 X111.624 Y125.114
G1 F1500 X111.547 Y124.979 E161.28004
G1 X110.773 Y123.632 E161.29309
G0 F9000 X110.57 Y122.773
G1 F1500 X110.498 Y122.633 E161.29617
G1 X110.461 Y122.458 E161.29966
G1 F2700 E156.29966
G0 F9000 X110.455 Y122.449
G0 X111.876 Y124.798
G0 X112.256 Y124.696
G0 X113.147 Y110.247
G0 X121.853 Y110.247
G0 X122.184 Y122.403
G0 X122.299 Y122.288
G1 F2700 E161.29966
G1 F1500 X122.299 Y122.076 E161.30382
G1 X122.299 Y109.985 E161.54115
G0 F9000 X122.414 Y109.87
G0 X122.744 Y124.696
G0 X123.124 Y124.798
G0 X124.266 Y122.803
G0 X127.352 Y118.084
G0 X127.337 Y118.098
G1 F1500 X127.209 Y118.438 E161.54539
G1 X126.656 Y119.415 E161.5585
G0 F9000 X126.439 Y119.512
G0 X124.601 Y122.247
G0 X124.526 Y122.568
G0 X124.438 Y122.694
G1 F1500 X124.52 Y122.824 E161.56437
G0 F9000 X124.224 Y123.545
G1 F1500 X124.058 Y123.923 E161.56806
G1 X123.486 Y124.919 E161.57834
G0 F9000 X122.389 Y124.956
G1 F1500 X122.305 Y124.827 E161.58139
G1 X122.299 Y122.5 E161.62756
G0 F9000 X122.184 Y122.615
G1 F2700 E156.62756
;MESH:NONMESH
G0 F300 X122.184 Y122.615 Z4.2
G0 F9000 X121.853 Y110.247
G0 X113.147 Y110.247
G0 X112.256 Y124.696
G0 X111.876 Y124.798
G0 X110.463 Y122.334
G0 X110.082 Y122.05
;TIME_ELAPSED:495.735209
;LAYER:20
;TYPE:WALL-INNER
;MESH:cbar_model-DualBatClipHldr.stl
G1 F2700 E161.62756
G1 F1500 X109.647 Y122.05 E161.63841
G1 X107.28 Y117.95 E161.7565
G1 X107.739 Y117.95 E161.76795
G1 X110.082 Y122.05 E161.88575
G0 F9000 X110.599 Y122.35
;TYPE:WALL-OUTER
G1 F1500 X109.474 Y122.35 E161.91381
G1 X106.76 Y117.65 E162.0492
G1 X107.913 Y117.65 E162.07796
G1 X110.599 Y122.35 E162.213
G1 F2700 E157.213
G0 F9000 X110.34 Y122.249
G0 X111.233 Y121.819
G0 X108.383 Y116.841
G0 X106.119 Y116.841
G0 X105.738 Y117.5
G0 X111.619 Y127.685
G0 X123.38 Y127.685
G0 X129.262 Y117.5
G0 X128.881 Y116.841
G0 X126.617 Y116.841
G0 X123.766 Y121.82
G0 X124.548 Y122.265
G0 X124.918 Y122.05
;TYPE:WALL-INNER
G1 F2700 E162.213
G1 F1500 X127.261 Y117.95 E162.33079
G1 X127.72 Y117.95 E162.34224
G1 X125.353 Y122.05 E162.46034
G1 X124.918 Y122.05 E162.47119
G0 F9000 X124.401 Y122.35
;TYPE:WALL-OUTER
G1 F1500 X127.087 Y117.65 E162.60623
G1 X128.24 Y117.65 E162.63499
G1 X125.526 Y122.35 E162.77037
G1 X124.401 Y122.35 E162.79844
G1 F2700 E157.79844
G0 F9000 X124.617 Y122.175
G0 X124.301 Y122.688
G0 X123.634 Y123.883
G0 X122.05 Y126.576
;TYPE:WALL-INNER
G1 F2700 E162.79844
G1 F1500 X122.05 Y110.05 E163.21068
G1 X112.95 Y110.05 E163.43768
G1 X112.95 Y126.576 E163.84992
G1 X112.26 Y126.576 E163.86713
G1 X110.912 Y124.242 E163.93437
G1 X110.928 Y123.697 E163.94797
G1 X110.927 Y123.529 E163.95216
G1 X111.118 Y123.865 E163.95997
G1 X111.781 Y125.025 E163.9933
G1 X112.45 Y124.845 E164.01058
G1 X112.45 Y108.424 E164.42021
G1 X122.55 Y108.424 E164.67215
G1 X122.55 Y124.845 E165.08177
G1 X123.219 Y125.025 E165.09906
G1 X123.802 Y124.005 E165.12836
G1 X124.075 Y123.526 E165.14212
G1 X124.082 Y124.252 E165.15253
G1 X122.74 Y126.576 E165.21948
G1 X122.05 Y126.576 E165.23669
G0 F9000 X121.75 Y126.876
;TYPE:WALL-OUTER
G1 F1500 X121.75 Y110.35 E165.64893
G1 X113.25 Y110.35 E165.86096
G1 X113.25 Y126.876 E166.27321
G1 X112.087 Y126.876 E166.30222
G1 X110.61 Y124.318 E166.3759
G1 X110.628 Y123.694 E166.39147
G1 X110.617 Y122.383 E166.42418
G1 X111.927 Y124.675 E166.49003
G1 X112.15 Y124.615 E166.49579
G1 X112.15 Y108.124 E166.90716
G1 X122.85 Y108.124 E167.17407
G1 X122.85 Y124.615 E167.58544
G1 X123.073 Y124.675 E167.5912
G1 X124.383 Y122.382 E167.65708
G1 X124.375 Y123.517 E167.68539
G1 X124.383 Y124.331 E167.7057
G1 X122.913 Y126.876 E167.77901
G1 X121.75 Y126.876 E167.80802
G0 F9000 X121.895 Y126.731
G0 X123.308 Y125.473
;TYPE:FILL
G1 F3000 X122.812 Y124.977 E167.82552
G1 F2700 E162.82552
G0 F9000 X121.858 Y118.677
G0 X121.853 Y110.247
G0 X113.147 Y110.247
G0 X112.888 Y126.467
G1 F2700 E167.82552
G1 F3000 X112.707 Y126.516 E167.8302
G0 F9000 X112.1 Y126.178
G1 F3000 X112.44 Y124.908 E167.863
G0 F9000 X113.147 Y110.247
G0 X114.189 Y109.99
G1 F3000 X112.683 Y108.484 E167.91612
G0 F9000 X116.437 Y109.99
G1 F3000 X116.841 Y108.482 E167.95507
G0 F9000 X119.047 Y108.484
G1 F3000 X120.553 Y109.99 E168.0082
G0 F9000 X121.096 Y109.989
G1 F3000 X121.5 Y108.482 E168.04712
G0 F9000 X122.226 Y109.989
G1 F3000 X122.488 Y109.918 E168.05389
G1 F2700 E163.05389
G0 F9000 X122.755 Y119.515
G0 X123.665 Y119.515
G0 X124.51 Y120.519
G0 X125.299 Y120.969
G0 X126.64 Y119.297
G1 F2700 E168.05389
G0 F9000 X126.695 Y119.483
;TYPE:SKIN
G1 F1500 X126.584 Y119.372 E168.0578
G0 F9000 X126.43 Y119.642
G1 F1500 X126.54 Y119.752 E168.06168
G0 F9000 X126.276 Y119.912
G1 F1500 X126.385 Y120.021 E168.06553
G0 F9000 X126.122 Y120.182
G1 F1500 X126.229 Y120.29 E168.06932
G0 F9000 X125.967 Y120.452
G1 F1500 X126.074 Y120.558 E168.07308
G0 F9000 X125.813 Y120.722
G1 F1500 X125.918 Y120.827 E168.07678
G0 F9000 X125.659 Y120.992
G1 F1500 X125.763 Y121.096 E168.08045
G0 F9000 X125.504 Y121.261
G1 F1500 X125.608 Y121.365 E168.08412
G0 F9000 X125.35 Y121.531
G1 F1500 X125.452 Y121.634 E168.08774
G0 F9000 X125.196 Y121.801
G1 F1500 X125.297 Y121.903 E168.09132
G1 F2700 E163.09132
G0 F9000 X125.349 Y121.935
G0 X124.548 Y122.265
G0 X123.766 Y121.82
G0 X126.617 Y116.841
G0 X128.881 Y116.841
G0 X129.262 Y117.5
G0 X123.38 Y127.685
G0 X111.619 Y127.685
G0 X105.738 Y117.5
G0 X106.119 Y116.841
G0 X108.383 Y116.841
G0 X111.233 Y121.819
G0 X110.452 Y122.265
G0 X109.695 Y121.497
G1 F2700 E168.09132
G0 F9000 X109.644 Y121.524
G1 F1500 X109.262 Y121.141 E168.10481
G0 F9000 X109.078 Y120.534
G1 F1500 X108.681 Y120.136 E168.11883
G0 F9000 X108.513 Y119.544
G1 F1500 X108.276 Y119.307 E168.12719
;TYPE:SKIN
G1 X108.325 Y119.356
G1 X108.141 Y119.172 E168.13044
G0 F9000 X108.018 Y118.837
G1 F1500 X107.731 Y118.338 E168.1424
G1 F2700 E163.1424
G0 F9000 X107.56 Y118.167
G0 X109.19 Y120.037
G0 X109.962 Y119.595
G0 X111.335 Y120.037
G0 X112.245 Y120.037
G0 X112.584 Y118.099
G0 X112.699 Y118.214
G1 F2700 E168.1424
G1 F1500 X112.699 Y118.002 E168.14653
G1 X112.699 Y110.153 E168.29951
G1 X112.721 Y109.963 E168.30323
G0 F9000 X112.627 Y109.87
G0 X112.584 Y118.311
G0 X112.699 Y118.426
G1 F1500 X112.699 Y118.639 E168.30748
G1 X112.699 Y124.79 E168.43014
G1 X112.626 Y124.929 E168.43327
G0 F9000 X111.641 Y125.218
G1 F1500 X111.453 Y124.818 E168.43749
G1 X111.172 Y124.325 E168.4429
G0 F9000 X110.826 Y123.342
G1 F1500 X110.863 Y123.167 E168.44913
G1 F2700 E163.44913
G0 F9000 X110.798 Y123.061
G0 X111.876 Y124.797
G0 X112.256 Y124.696
G0 X113.147 Y110.247
G0 X121.853 Y110.247
G0 X122.184 Y123.033
G0 X122.299 Y123.148
G1 F2700 E168.44913
G1 F1500 X122.299 Y122.935 E168.45322
G1 X122.299 Y109.995 E168.70134
G1 X122.4 Y109.884 E168.70421
G1 F2700 E163.70421
G0 F9000 X122.386 Y109.87
G0 X122.755 Y118.084
G0 X123.665 Y118.084
G0 X125.126 Y119.44
G0 X125.916 Y119.89
G0 X127.418 Y118.084
G0 X127.439 Y118.105
G1 F2700 E168.70421
G1 F1500 X127.336 Y118.214 E168.70585
G1 X126.718 Y119.293 E168.71938
G1 F2700 E163.71938
G0 F9000 X126.617 Y119.241
G0 X124.548 Y122.265
G0 X124.301 Y122.688
G0 X124.174 Y123.099
G1 F2700 E168.71938
G0 F9000 X124.19 Y123.13
G1 F1500 X124.151 Y123.303 E168.72259
G1 X124.005 Y123.368 E168.72549
G0 F9000 X123.921 Y124.133
G1 F1500 X123.854 Y124.278 E168.72682
G1 X123.305 Y125.214 E168.73581
G0 F9000 X122.299 Y124.845
G1 F1500 X122.299 Y124.632 E168.74075
G1 X122.299 Y123.36 E168.77028
G0 F9000 X122.415 Y123.475
G1 F2700 E163.77028
;MESH:NONMESH
G0 F300 X122.415 Y123.475 Z4.4
G0 F9000 X121.853 Y110.247
G0 X113.147 Y110.247
G0 X112.245 Y122.05
G0 X110.452 Y122.265
G0 X110.082 Y122.05
;TIME_ELAPSED:523.258397
;LAYER:21
;TYPE:WALL-INNER
;MESH:cbar_model-DualBatClipHldr.stl
G1 F2700 E168.77028
G1 F1500 X109.647 Y122.05 E168.78113
G1 X107.28 Y117.95 E168.89922
G1 X107.739 Y117.95 E168.91067
G1 X110.082 Y122.05 E169.02847
G0 F9000 X110.599 Y122.35
;TYPE:WALL-OUTER
G1 F1500 X109.474 Y122.35 E169.05653
G1 X106.76 Y117.65 E169.19192
G1 X107.913 Y117.65 E169.22068
G1 X110.599 Y122.35 E169.35572
G1 F2700 E164.35572
G0 F9000 X110.341 Y122.249
G0 X111.233 Y121.819
G0 X111.347 Y107.321
G0 X123.653 Y107.321
G0 X123.766 Y121.82
G0 X124.547 Y122.265
G0 X124.918 Y122.05
;TYPE:WALL-INNER
G1 F2700 E169.35572
G1 F1500 X127.261 Y117.95 E169.47351
G1 X127.72 Y117.95 E169.48496
G1 X125.353 Y122.05 E169.60306
G1 X124.918 Y122.05 E169.61391
G0 F9000 X124.401 Y122.35
;TYPE:WALL-OUTER
G1 F1500 X127.087 Y117.65 E169.74895
G1 X128.24 Y117.65 E169.77771
G1 X125.526 Y122.35 E169.91309
G1 X124.401 Y122.35 E169.94116
G1 F2700 E164.94116
G0 F9000 X124.616 Y122.175
G0 X124.089 Y123.056
G0 X123.543 Y124.042
G0 X122.05 Y126.576
;TYPE:WALL-INNER
G1 F2700 E169.94116
G1 F1500 X122.05 Y122.043 E170.05423
G1 X112.95 Y122.043 E170.28123
G1 X112.95 Y126.576 E170.39431
G1 X112.26 Y126.576 E170.41152
G1 X111.117 Y124.595 E170.46857
G1 X111.123 Y123.872 E170.48661
G1 X111.397 Y124.353 E170.49272
G1 X111.781 Y125.025 E170.51203
G1 X112.45 Y124.845 E170.52931
G1 X112.45 Y108.424 E170.93893
G1 X122.55 Y108.424 E171.19088
G1 X122.55 Y124.845 E171.6005
G1 X123.219 Y125.025 E171.61778
G1 X123.593 Y124.371 E171.63658
G1 X123.87 Y123.885 E171.65053
G1 X123.872 Y124.616 E171.66099
G1 X122.74 Y126.576 E171.71745
G1 X122.05 Y126.576 E171.73466
G0 F9000 X121.75 Y126.876
;TYPE:WALL-OUTER
G1 F1500 X121.75 Y122.343 E171.84774
G1 X113.25 Y122.343 E172.05977
G1 X113.25 Y126.876 E172.17285
G1 X112.087 Y126.876 E172.20186
G1 X110.816 Y124.675 E172.26526
G1 X110.831 Y122.92 E172.30904
G1 X110.83 Y122.755 E172.31316
G1 X111.927 Y124.675 E172.36832
G1 X112.15 Y124.615 E172.37408
G1 X112.15 Y108.124 E172.78545
G1 X122.85 Y108.124 E173.05236
G1 X122.85 Y124.615 E173.46373
G1 X123.073 Y124.675 E173.46949
G1 X124.171 Y122.753 E173.52471
G1 X124.168 Y123.275 E173.53773
G1 X124.172 Y124.696 E173.57318
G1 X122.913 Y126.876 E173.63597
G1 X121.75 Y126.876 E173.66499
G0 F9000 X121.895 Y126.731
G0 X123.381 Y125.345
;TYPE:FILL
G1 F3000 X123.086 Y125.051 E173.67537
G0 F9000 X121.858 Y123.826
G0 X121.853 Y122.24
G0 X113.147 Y122.24
G0 X112.282 Y124.951
G1 F3000 X112 Y126.004 E173.70257
G0 F9000 X112.256 Y124.696
G0 X112.782 Y109.872
G0 X114.39 Y109.8
G0 X114.39 Y109.99
G1 F3000 X112.883 Y108.484 E173.75571
G0 F9000 X116.29 Y109.8
G0 X116.29 Y109.99
G1 F3000 X116.694 Y108.482 E173.79466
G0 F9000 X119.247 Y108.484
G1 F3000 X120.754 Y109.99 E173.8478
G0 F9000 X120.949 Y109.989
G1 F3000 X121.353 Y108.482 E173.88672
G0 F9000 X122.29 Y110.04
G0 X122.06 Y110.04
;TYPE:SKIN
G1 F1500 X122.06 Y121.753 E174.1789
G1 X112.94 Y121.753 E174.4064
G1 X112.94 Y110.04 E174.69859
G1 X122.06 Y110.04 E174.92609
G0 F9000 X122.29 Y110.04
G0 X113.426 Y109.8
G0 X113.426 Y110.16
G1 F1500 X113.06 Y110.527 E174.93901
G0 F9000 X113.06 Y110.951
G1 F1500 X113.851 Y110.16 E174.96692
G0 F9000 X114.275 Y110.16
G1 F1500 X113.06 Y111.375 E175.00978
G0 F9000 X113.06 Y111.799
G1 F1500 X114.699 Y110.16 E175.0676
G0 F9000 X115.124 Y110.16
G1 F1500 X113.06 Y112.224 E175.14041
G0 F9000 X113.06 Y112.648
G1 F1500 X115.548 Y110.16 E175.22819
G0 F9000 X115.972 Y110.16
G1 F1500 X113.06 Y113.072 E175.33091
G0 F9000 X113.06 Y113.497
G1 F1500 X116.396 Y110.16 E175.44862
G0 F9000 X116.821 Y110.16
G1 F1500 X113.06 Y113.921 E175.5813
G0 F9000 X113.06 Y114.345
G1 F1500 X117.245 Y110.16 E175.72894
G0 F9000 X117.669 Y110.16
G1 F1500 X113.06 Y114.769 E175.89153
G0 F9000 X113.06 Y115.194
G1 F1500 X118.093 Y110.16 E176.0691
G0 F9000 X118.518 Y110.16
G1 F1500 X113.06 Y115.618 E176.26165
G0 F9000 X113.06 Y116.042
G1 F1500 X118.942 Y110.16 E176.46915
G0 F9000 X119.366 Y110.16
G1 F1500 X113.06 Y116.466 E176.69161
G0 F9000 X113.06 Y116.891
G1 F1500 X119.79 Y110.16 E176.92905
G0 F9000 X120.215 Y110.16
G1 F1500 X113.06 Y117.315 E177.18146
G0 F9000 X113.06 Y117.739
G1 F1500 X120.639 Y110.16 E177.44883
G0 F9000 X121.063 Y110.16
G1 F1500 X113.06 Y118.163 E177.73116
G0 F9000 X113.06 Y118.588
G1 F1500 X121.488 Y110.16 E178.02848
G0 F9000 X121.912 Y110.16
G1 F1500 X113.06 Y119.012 E178.34076
G0 F9000 X113.06 Y119.436
G1 F1500 X121.939 Y110.557 E178.65399
G0 F9000 X121.939 Y110.981
G1 F1500 X113.06 Y119.86 E178.96722
G0 F9000 X113.06 Y120.285
G1 F1500 X121.939 Y111.406 E179.28045
G0 F9000 X121.939 Y111.83
G1 F1500 X113.06 Y120.709 E179.59368
G0 F9000 X113.06 Y121.133
G1 F1500 X121.939 Y112.254 E179.90691
G0 F9000 X121.939 Y112.678
G1 F1500 X113.06 Y121.558 E180.22016
G0 F9000 X113.409 Y121.632
G1 F1500 X121.939 Y113.103 E180.52106
G0 F9000 X121.939 Y113.527
G1 F1500 X113.833 Y121.632 E180.807
G0 F9000 X114.257 Y121.632
G1 F1500 X121.939 Y113.951 E181.07799
G0 F9000 X121.939 Y114.375
G1 F1500 X114.682 Y121.632 E181.334
G0 F9000 X115.106 Y121.632
G1 F1500 X121.939 Y114.8 E181.57503
G0 F9000 X121.939 Y115.224
G1 F1500 X115.53 Y121.632 E181.80111
G0 F9000 X115.954 Y121.632
G1 F1500 X121.939 Y115.648 E182.01223
G0 F9000 X121.939 Y116.072
G1 F1500 X116.379 Y121.632 E182.20837
G0 F9000 X116.803 Y121.632
G1 F1500 X121.939 Y116.497 E182.38954
G0 F9000 X121.939 Y116.921
G1 F1500 X117.227 Y121.632 E182.55575
G0 F9000 X117.651 Y121.632
G1 F1500 X121.939 Y117.345 E182.70701
G0 F9000 X121.939 Y117.77
G1 F1500 X118.076 Y121.632 E182.84327
G0 F9000 X118.5 Y121.632
G1 F1500 X121.939 Y118.194 E182.96457
G0 F9000 X121.939 Y118.618
G1 F1500 X118.924 Y121.632 E183.07091
G0 F9000 X119.349 Y121.632
G1 F1500 X121.939 Y119.042 E183.16228
G0 F9000 X121.939 Y119.467
G1 F1500 X119.773 Y121.632 E183.23868
G0 F9000 X120.197 Y121.632
G1 F1500 X121.939 Y119.891 E183.30011
G0 F9000 X121.939 Y120.315
G1 F1500 X120.621 Y121.632 E183.34659
G0 F9000 X121.046 Y121.632
G1 F1500 X121.939 Y120.739 E183.37809
G0 F9000 X121.939 Y121.164
G1 F1500 X121.47 Y121.632 E183.39462
G0 F9000 X121.894 Y121.632
G1 F1500 X121.939 Y121.588 E183.39619
G1 F2700 E178.39619
G0 F9000 X122.29 Y121.588
G0 X122.755 Y121.594
G0 X124.547 Y122.265
G0 X125.25 Y121.594
G1 F2700 E183.39619
G0 F9000 X125.298 Y121.623
G1 F1500 X125.677 Y121.244 E183.40956
G0 F9000 X125.864 Y120.633
G1 F1500 X126.257 Y120.239 E183.42344
G0 F9000 X126.429 Y119.643
G1 F1500 X126.837 Y119.235 E183.43784
G1 F2700 E178.43784
G0 F9000 X126.881 Y119.203
G0 X124.547 Y122.265
G0 X123.766 Y121.82
G0 X123.653 Y107.321
G0 X111.347 Y107.321
G0 X111.233 Y121.819
G0 X110.453 Y122.265
G0 X109.87 Y121.802
G1 F2700 E183.43784
G0 F9000 X109.818 Y121.829
G1 F1500 X109.718 Y121.929 E183.44136
G0 F9000 X109.563 Y121.66
G1 F1500 X109.664 Y121.559 E183.44493
G0 F9000 X109.407 Y121.391
G1 F1500 X109.509 Y121.29 E183.44851
G0 F9000 X109.252 Y121.123
G1 F1500 X109.355 Y121.019 E183.45216
G0 F9000 X109.096 Y120.854
G1 F1500 X109.201 Y120.749 E183.45586
G0 F9000 X108.941 Y120.585
G1 F1500 X109.047 Y120.479 E183.4596
G0 F9000 X108.786 Y120.316
G1 F1500 X108.893 Y120.209 E183.46338
G0 F9000 X108.63 Y120.047
G1 F1500 X108.738 Y119.94 E183.46717
G0 F9000 X108.475 Y119.778
G1 F1500 X108.584 Y119.67 E183.471
G0 F9000 X108.32 Y119.509
G1 F1500 X108.429 Y119.399 E183.47486
G0 F9000 X108.207 Y119.197
G1 F1500 X108.164 Y119.24 E183.47638
;TYPE:SKIN
G1 X108.175 Y119.23
G1 X108.264 Y119.141 E183.47795
G0 F9000 X108.142 Y119.05
G1 F1500 X108.065 Y118.915 E183.47971
G1 X107.589 Y118.118 E183.49026
G1 F2700 E178.49026
G0 F9000 X107.624 Y118.084
G0 X109.149 Y119.964
G0 X109.921 Y119.523
G0 X111.335 Y119.964
G0 X112.245 Y119.964
G0 X112.584 Y118.002
G0 X112.706 Y117.88
G1 F2700 E183.49026
G1 F1500 X112.706 Y118.092 E183.49455
G1 X112.699 Y122.766 E183.58908
G1 X112.705 Y124.881 E183.63185
G0 F9000 X111.624 Y125.114
G1 F1500 X111.547 Y124.979 E183.63331
G1 X111.315 Y124.574 E183.63771
G0 F9000 X111.125 Y123.704
G1 F1500 X111.033 Y123.584 E183.64052
G1 X110.995 Y123.409 E183.64385
G0 F9000 X110.995 Y123.393
G0 X111.876 Y124.797
G0 X112.256 Y124.696
G0 X112.584 Y117.79
G0 X112.706 Y117.667
G1 F1500 X112.706 Y117.455 E183.64831
G1 X112.706 Y110.031 E183.80426
G1 X112.62 Y109.905 E183.80746
G0 F9000 X112.584 Y109.941
G0 X122.169 Y109.8
G0 X122.185 Y109.886
G1 F1500 X122.291 Y109.992 E183.81046
G1 X122.291 Y121.659 E184.04431
G1 X122.299 Y124.622 E184.1037
G1 X122.389 Y124.956 E184.11063
G0 F9000 X123.487 Y124.918
G1 F1500 X123.682 Y124.511 E184.11628
G0 F9000 X124.005 Y123.764
G1 F1500 X123.921 Y123.636 E184.11823
G1 X123.983 Y123.361 E184.12183
G1 F2700 E179.12183
G0 F9000 X123.993 Y123.36
G0 X124.089 Y123.056
G0 X124.547 Y122.265
G0 X126.756 Y119.104
G0 X126.921 Y118.939
G1 F2700 E184.12183
G1 F1500 X127.207 Y118.44 E184.13017
G1 X127.337 Y118.099 E184.13546
G0 F9000 X127.352 Y118.084
;MESH:NONMESH
G0 F300 X127.352 Y118.084 Z4.6
G0 F9000 X124.902 Y121.824
G0 X124.751 Y121.737
;TIME_ELAPSED:562.705176
;LAYER:22
;TYPE:WALL-OUTER
;MESH:cbar_model-DualBatClipHldr.stl
G1 F1500 X124.75 Y121.892 E184.13932
G1 X124.754 Y122.35 E184.15075
G1 X124.401 Y122.35 E184.15955
G1 X124.751 Y121.737 E184.17716
G1 F2700 E179.17716
G0 F9000 X124.044 Y121.334
G0 X123.653 Y107.321
G0 X111.347 Y107.321
G0 X111.365 Y122.109
G0 X110.598 Y122.35
G1 F2700 E184.17716
G1 F1500 X110.245 Y122.35 E184.18597
G1 X110.243 Y121.729 E184.20146
G1 X110.598 Y122.35 E184.2193
G1 F2700 E179.2193
G0 F9000 X112.32 Y122.35
G0 X121.928 Y122.467
G0 X122.05 Y126.576
;TYPE:WALL-INNER
G1 F2700 E184.2193
G1 F1500 X122.05 Y122.345 E184.32484
G1 X112.95 Y122.345 E184.55184
G1 X112.95 Y126.576 E184.65739
G1 X112.26 Y126.576 E184.6746
G1 X111.275 Y124.869 E184.72376
G1 X111.277 Y124.142 E184.7419
G1 X111.554 Y124.628 E184.74809
G1 X111.781 Y125.025 E184.7595
G1 X112.45 Y124.845 E184.77678
G1 X112.45 Y108.424 E185.18641
G1 X122.55 Y108.424 E185.43835
G1 X122.55 Y124.845 E185.84798
G1 X123.219 Y125.025 E185.86526
G1 X123.449 Y124.622 E185.87683
G1 X123.727 Y124.135 E185.89082
G1 X123.728 Y124.866 E185.90127
G1 X122.74 Y126.576 E185.95053
G1 X122.05 Y126.576 E185.96774
G0 F9000 X121.75 Y126.876
;TYPE:WALL-OUTER
G1 F1500 X121.75 Y122.645 E186.07329
G1 X113.25 Y122.645 E186.28532
G1 X113.25 Y126.876 E186.39086
G1 X112.087 Y126.876 E186.41987
G1 X110.976 Y124.951 E186.47532
G1 X110.974 Y124.796 E186.47918
G1 X110.977 Y124.18 E186.49455
G1 X110.973 Y123.005 E186.52386
G1 X111.927 Y124.675 E186.57184
G1 X112.15 Y124.615 E186.5776
G1 X112.15 Y108.124 E186.98897
G1 X122.85 Y108.124 E187.25588
G1 X122.85 Y124.615 E187.66725
G1 X123.073 Y124.675 E187.67301
G1 X124.026 Y123.006 E187.72095
G1 X124.028 Y124.947 E187.76937
G1 X122.913 Y126.876 E187.82495
G1 X121.75 Y126.876 E187.85396
G0 F9000 X121.97 Y126.656
G0 X123.455 Y125.22
;TYPE:FILL
G1 F3000 X123.359 Y125.123 E187.85736
G0 F9000 X121.936 Y124.604
G0 X121.928 Y122.467
G0 X113.072 Y122.467
G0 X113.066 Y123.904
G0 X112.124 Y124.994
G1 F3000 X111.9 Y125.832 E187.879
G0 F9000 X112.331 Y124.754
G0 X112.782 Y109.872
G0 X114.589 Y109.8
G0 X114.589 Y109.99
G1 F3000 X113.083 Y108.484 E187.93213
G0 F9000 X116.145 Y109.8
G0 X116.145 Y109.989
G1 F3000 X116.548 Y108.482 E187.97104
G0 F9000 X119.447 Y108.484
G1 F3000 X120.953 Y109.99 E188.02417
G0 F9000 X120.803 Y109.99
G1 F3000 X121.207 Y108.482 E188.06312
G0 F9000 X122.29 Y110.04
G0 X122.06 Y110.04
;TYPE:SKIN
G1 F1500 X122.06 Y122.055 E188.36283
G1 X112.94 Y122.055 E188.59033
G1 X112.94 Y110.04 E188.89005
G1 X122.06 Y110.04 E189.11755
G0 F9000 X121.939 Y110.484
G1 F1500 X121.615 Y110.16 E189.12898
G0 F9000 X121.191 Y110.16
G1 F1500 X121.939 Y110.908 E189.15536
G0 F9000 X121.939 Y111.332
G1 F1500 X120.766 Y110.16 E189.19673
G0 F9000 X120.342 Y110.16
G1 F1500 X121.939 Y111.756 E189.25305
G0 F9000 X121.939 Y112.181
G1 F1500 X119.918 Y110.16 E189.32434
G0 F9000 X119.493 Y110.16
G1 F1500 X121.939 Y112.605 E189.41062
G0 F9000 X121.939 Y113.029
G1 F1500 X119.069 Y110.16 E189.51184
G0 F9000 X118.645 Y110.16
G1 F1500 X121.939 Y113.453 E189.62803
G0 F9000 X121.939 Y113.878
G1 F1500 X118.221 Y110.16 E189.75919
G0 F9000 X117.796 Y110.16
G1 F1500 X121.939 Y114.302 E189.90533
G0 F9000 X121.939 Y114.726
G1 F1500 X117.372 Y110.16 E190.06643
G0 F9000 X116.948 Y110.16
G1 F1500 X121.939 Y115.15 E190.24248
G0 F9000 X121.939 Y115.575
G1 F1500 X116.524 Y110.16 E190.43351
G0 F9000 X116.099 Y110.16
G1 F1500 X121.939 Y115.999 E190.63951
G0 F9000 X121.939 Y116.423
G1 F1500 X115.675 Y110.16 E190.86048
G0 F9000 X115.251 Y110.16
G1 F1500 X121.939 Y116.847 E191.0964
G0 F9000 X121.939 Y117.272
G1 F1500 X114.827 Y110.16 E191.34729
G0 F9000 X114.402 Y110.16
G1 F1500 X121.939 Y117.696 E191.61316
G0 F9000 X121.939 Y118.12
G1 F1500 X113.978 Y110.16 E191.89399
G0 F9000 X113.554 Y110.16
G1 F1500 X121.939 Y118.545 E192.18979
G0 F9000 X121.939 Y118.969
G1 F1500 X113.13 Y110.16 E192.50055
G0 F9000 X113.059 Y110.513
G1 F1500 X121.939 Y119.393 E192.81382
G0 F9000 X121.939 Y119.817
G1 F1500 X113.059 Y110.937 E193.12709
G0 F9000 X113.059 Y111.362
G1 F1500 X121.939 Y120.242 E193.44035
G0 F9000 X121.939 Y120.666
G1 F1500 X113.059 Y111.786 E193.75362
G0 F9000 X113.059 Y112.21
G1 F1500 X121.939 Y121.09 E194.06688
G0 F9000 X121.939 Y121.514
G1 F1500 X113.059 Y112.635 E194.38013
G0 F9000 X113.059 Y113.059
G1 F1500 X121.934 Y121.934 E194.69322
G0 F9000 X121.509 Y121.934
G1 F1500 X113.059 Y113.483 E194.99134
G0 F9000 X113.059 Y113.907
G1 F1500 X121.085 Y121.934 E195.27449
G0 F9000 X120.661 Y121.934
G1 F1500 X113.059 Y114.332 E195.54267
G0 F9000 X113.059 Y114.756
G1 F1500 X120.237 Y121.934 E195.7959
G0 F9000 X119.812 Y121.934
G1 F1500 X113.059 Y115.18 E196.03414
G0 F9000 X113.059 Y115.604
G1 F1500 X119.388 Y121.934 E196.25743
G0 F9000 X118.964 Y121.934
G1 F1500 X113.059 Y116.029 E196.46575
G0 F9000 X113.059 Y116.453
G1 F1500 X118.54 Y121.934 E196.65911
G0 F9000 X118.115 Y121.934
G1 F1500 X113.059 Y116.877 E196.83749
G0 F9000 X113.059 Y117.301
G1 F1500 X117.691 Y121.934 E197.00091
G0 F9000 X117.267 Y121.934
G1 F1500 X113.059 Y117.726 E197.14936
G0 F9000 X113.059 Y118.15
G1 F1500 X116.843 Y121.934 E197.28285
G0 F9000 X116.418 Y121.934
G1 F1500 X113.059 Y118.574 E197.40137
G0 F9000 X113.059 Y118.999
G1 F1500 X115.994 Y121.934 E197.50491
G0 F9000 X115.57 Y121.934
G1 F1500 X113.059 Y119.423 E197.59349
G0 F9000 X113.059 Y119.847
G1 F1500 X115.145 Y121.934 E197.6671
G0 F9000 X114.721 Y121.934
G1 F1500 X113.059 Y120.271 E197.72575
G0 F9000 X113.059 Y120.696
G1 F1500 X114.297 Y121.934 E197.76942
G0 F9000 X113.873 Y121.934
G1 F1500 X113.059 Y121.12 E197.79814
G0 F9000 X113.059 Y121.544
G1 F1500 X113.448 Y121.934 E197.81188
G0 F9000 X112.707 Y121.828
;TYPE:SKIN
G1 F1500 X112.707 Y121.616 E197.81633
G1 X112.707 Y110.161 E198.05672
G1 X112.728 Y109.971 E198.06074
G0 F9000 X112.627 Y109.87
G0 X122.218 Y109.872
G0 X122.292 Y110.2
G1 F1500 X122.294 Y109.99 E198.06489
G1 X122.4 Y109.884 E198.06786
G1 X122.292 Y110.624 E198.08266
G1 X122.292 Y122.292 E198.31354
G1 X122.299 Y124.845 E198.36405
G0 F9000 X123.305 Y125.214
G1 F1500 X123.39 Y125.087 E198.36554
G1 X123.544 Y124.817 E198.36855
G0 F9000 X123.749 Y123.961
G1 F1500 X123.822 Y123.822 E198.37172
G1 X123.861 Y123.649 E198.3753
G0 F9000 X123.827 Y123.676
G0 X123.161 Y124.886
G0 X122.669 Y124.754
G0 X121.928 Y122.467
G0 X113.072 Y122.467
G0 X112.815 Y123.634
G0 X112.699 Y123.518
G1 F1500 X112.699 Y123.305 E198.38031
G1 X112.707 Y122.04 E198.41009
G0 F9000 X112.71 Y122.164
G0 X112.584 Y123.614
G0 X112.699 Y123.73
G1 F1500 X112.699 Y123.942 E198.41496
G1 X112.699 Y124.79 E198.43444
G1 X112.626 Y124.929 E198.43804
G0 F9000 X112.668 Y124.971
G0 X111.664 Y125.241
G0 X111.641 Y125.218
G1 F1500 X111.495 Y124.859 E198.44183
G0 F9000 X111.197 Y123.925
G1 F1500 X111.182 Y123.698 E198.44754
G1 F2700 E193.44754
G0 F9000 X111.152 Y123.721
G0 X111.839 Y124.886
G0 X112.331 Y124.754
G0 X113.072 Y122.467
G0 X122.218 Y122.213
G0 X122.68 Y119.996
G0 X123.665 Y119.996
G0 X125.424 Y120.006
G0 X126.409 Y120.009
G0 X126.54 Y119.996
;TYPE:WALL-INNER
G1 F2700 E198.44754
G1 F1500 X126.541 Y119.556 E198.45852
G1 X126.539 Y119.211 E198.46712
G1 X127.261 Y117.95 E198.50337
G1 X127.72 Y117.95 E198.51482
G1 X126.731 Y119.665 E198.5642
G1 X126.54 Y119.996 E198.56746
G0 F9000 X126.414 Y120.463
G0 X126.236 Y121.122
;TYPE:WALL-OUTER
G1 F1500 X126.241 Y119.557 E198.6065
G1 X126.238 Y119.133 E198.61707
G1 X127.087 Y117.65 E198.6597
G1 X128.24 Y117.65 E198.68846
G1 X126.236 Y121.122 E198.78846
G0 F9000 X126.405 Y120.465
;TYPE:SKIN
G1 F1500 X126.444 Y120.292 E198.79173
G1 X126.529 Y120.165 E198.79455
G0 F9000 X126.718 Y119.293
G1 F1500 X126.794 Y119.158 E198.79631
G1 X127.336 Y118.215 E198.80864
G1 X127.439 Y118.105 E198.81035
G0 F9000 X127.451 Y118.12
G1 F2700 E193.81035
G0 F9000 X126.407 Y119.178
G0 X125.424 Y119.185
G0 X123.653 Y107.321
G0 X111.347 Y107.321
G0 X109.571 Y119.173
G0 X108.587 Y119.169
G0 X108.452 Y119.981
;TYPE:WALL-INNER
G1 F2700 E198.81035
G1 F1500 X108.176 Y119.503 E198.82412
G1 X107.28 Y117.95 E198.86884
G1 X107.739 Y117.95 E198.88029
G1 X108.456 Y119.203 E198.9163
G1 X108.452 Y119.981 E198.9277
G0 F9000 X108.579 Y120.449
G0 X108.757 Y121.109
;TYPE:WALL-OUTER
G1 F1500 X106.76 Y117.65 E199.02733
G1 X107.913 Y117.65 E199.05609
G1 X108.756 Y119.125 E199.09847
G1 X108.752 Y119.881 E199.11733
G1 X108.757 Y121.109 E199.14796
G0 F9000 X108.549 Y120.428
;TYPE:SKIN
G1 F1500 X108.528 Y120.196 E199.15359
G0 F9000 X108.229 Y119.26
G1 F1500 X108.021 Y118.839 E199.16065
G1 X107.734 Y118.34 E199.1693
G0 F9000 X107.575 Y118.163
G1 F2700 E194.1693
;MESH:NONMESH
G0 F300 X107.575 Y118.163 Z4.8
G0 F9000 X108.6 Y120.526
G0 X109.569 Y120.522
G0 X110.321 Y120.402
G0 X111.335 Y120.526
G0 X112.32 Y120.526
G0 X112.782 Y122.213
G0 X121.928 Y122.467
G0 X122.05 Y126.576
;TIME_ELAPSED:601.448769
;LAYER:23
;TYPE:WALL-INNER
;MESH:cbar_model-DualBatClipHldr.stl
G1 F2700 E199.1693
G1 F1500 X122.05 Y122.479 E199.27151
G1 X112.95 Y122.479 E199.49851
G1 X112.95 Y126.576 E199.60071
G1 X112.26 Y126.576 E199.61792
G1 X111.376 Y125.044 E199.66204
G1 X111.374 Y124.312 E199.6803
G1 X111.781 Y125.025 E199.69141
G1 X112.45 Y124.845 E199.70869
G1 X112.45 Y108.424 E200.11831
G1 X122.55 Y108.424 E200.37026
G1 X122.55 Y124.845 E200.77988
G1 X123.219 Y125.025 E200.79716
G1 X123.623 Y124.317 E200.8175
G1 X123.623 Y125.047 E200.8264
G1 X122.74 Y126.576 E200.87044
G1 X122.05 Y126.576 E200.88765
G0 F9000 X121.75 Y126.876
;TYPE:WALL-OUTER
G1 F1500 X121.75 Y122.779 E200.98985
G1 X113.25 Y122.779 E201.20189
G1 X113.25 Y126.876 E201.30409
G1 X112.087 Y126.876 E201.3331
G1 X111.076 Y125.125 E201.38353
G1 X111.071 Y123.176 E201.43215
G1 X111.927 Y124.675 E201.47521
G1 X112.15 Y124.615 E201.48097
G1 X112.15 Y108.124 E201.89234
G1 X122.85 Y108.124 E202.15926
G1 X122.85 Y124.615 E202.57063
G1 X123.073 Y124.675 E202.57639
G1 X123.923 Y123.186 E202.61915
G1 X123.923 Y125.128 E202.6676
G1 X122.913 Y126.876 E202.71796
G1 X121.75 Y126.876 E202.74697
G0 F9000 X121.97 Y126.656
G0 X121.928 Y122.601
G0 X113.072 Y122.601
G0 X113.066 Y124.081
G0 X111.966 Y125.036
;TYPE:FILL
G1 F3000 X111.799 Y125.658 E202.76303
G0 F9000 X112.331 Y124.754
G0 X112.782 Y109.872
G0 X114.79 Y109.8
G0 X114.79 Y109.99
G1 F3000 X113.284 Y108.484 E202.81616
G0 F9000 X115.997 Y109.8
G0 X115.997 Y109.99
G1 F3000 X116.401 Y108.482 E202.85511
G0 F9000 X119.648 Y108.484
G1 F3000 X121.154 Y109.99 E202.90823
G0 F9000 X120.656 Y109.99
G1 F3000 X121.06 Y108.482 E202.94718
G0 F9000 X121.997 Y109.607
G0 X122.29 Y110.04
G0 X122.06 Y110.04
;TYPE:SKIN
G1 F1500 X122.06 Y122.189 E203.25024
G1 X112.94 Y122.189 E203.47774
G1 X112.94 Y110.04 E203.78079
G1 X122.06 Y110.04 E204.00829
G0 F9000 X122.29 Y110.04
G0 X113.426 Y109.8
G0 X113.426 Y110.16
G1 F1500 X113.06 Y110.527 E204.02122
G0 F9000 X113.06 Y110.951
G1 F1500 X113.851 Y110.16 E204.04913
G0 F9000 X114.275 Y110.16
G1 F1500 X113.06 Y111.375 E204.09199
G0 F9000 X113.06 Y111.799
G1 F1500 X114.699 Y110.16 E204.14981
G0 F9000 X115.124 Y110.16
G1 F1500 X113.06 Y112.224 E204.22262
G0 F9000 X113.06 Y112.648
G1 F1500 X115.548 Y110.16 E204.31039
G0 F9000 X115.972 Y110.16
G1 F1500 X113.06 Y113.072 E204.41312
G0 F9000 X113.06 Y113.497
G1 F1500 X116.396 Y110.16 E204.53083
G0 F9000 X116.821 Y110.16
G1 F1500 X113.06 Y113.921 E204.66351
G0 F9000 X113.06 Y114.345
G1 F1500 X117.245 Y110.16 E204.81114
G0 F9000 X117.669 Y110.16
G1 F1500 X113.06 Y114.769 E204.97374
G0 F9000 X113.06 Y115.194
G1 F1500 X118.093 Y110.16 E205.15131
G0 F9000 X118.518 Y110.16
G1 F1500 X113.06 Y115.618 E205.34385
G0 F9000 X113.06 Y116.042
G1 F1500 X118.942 Y110.16 E205.55136
G0 F9000 X119.366 Y110.16
G1 F1500 X113.06 Y116.466 E205.77382
G0 F9000 X113.06 Y116.891
G1 F1500 X119.79 Y110.16 E206.01125
G0 F9000 X120.215 Y110.16
G1 F1500 X113.06 Y117.315 E206.26367
G0 F9000 X113.06 Y117.739
G1 F1500 X120.639 Y110.16 E206.53104
G0 F9000 X121.063 Y110.16
G1 F1500 X113.06 Y118.163 E206.81336
G0 F9000 X113.06 Y118.588
G1 F1500 X121.488 Y110.16 E207.11068
G0 F9000 X121.912 Y110.16
G1 F1500 X113.06 Y119.012 E207.42296
G0 F9000 X113.06 Y119.436
G1 F1500 X121.939 Y110.557 E207.73619
G0 F9000 X121.939 Y110.981
G1 F1500 X113.06 Y119.86 E208.04942
G0 F9000 X113.06 Y120.285
G1 F1500 X121.939 Y111.406 E208.36265
G0 F9000 X121.939 Y111.83
G1 F1500 X113.06 Y120.709 E208.67589
G0 F9000 X113.06 Y121.133
G1 F1500 X121.939 Y112.254 E208.98912
G0 F9000 X121.939 Y112.678
G1 F1500 X113.06 Y121.558 E209.30236
G0 F9000 X113.06 Y121.982
G1 F1500 X121.939 Y113.103 E209.6156
G0 F9000 X121.939 Y113.527
G1 F1500 X113.398 Y122.068 E209.9169
G0 F9000 X113.822 Y122.068
G1 F1500 X121.939 Y113.951 E210.20325
G0 F9000 X121.939 Y114.375
G1 F1500 X114.246 Y122.068 E210.47464
G0 F9000 X114.67 Y122.068
G1 F1500 X121.939 Y114.8 E210.73106
G0 F9000 X121.939 Y115.224
G1 F1500 X115.095 Y122.068 E210.9725
G0 F9000 X115.519 Y122.068
G1 F1500 X121.939 Y115.648 E211.19898
G0 F9000 X121.939 Y116.072
G1 F1500 X115.943 Y122.068 E211.41051
G0 F9000 X116.367 Y122.068
G1 F1500 X121.939 Y116.497 E211.60706
G0 F9000 X121.939 Y116.921
G1 F1500 X116.792 Y122.068 E211.78863
G0 F9000 X117.216 Y122.068
G1 F1500 X121.939 Y117.345 E211.95525
G0 F9000 X121.939 Y117.77
G1 F1500 X117.64 Y122.068 E212.10689
G0 F9000 X118.064 Y122.068
G1 F1500 X121.939 Y118.194 E212.24357
G0 F9000 X121.939 Y118.618
G1 F1500 X118.489 Y122.068 E212.36528
G0 F9000 X118.913 Y122.068
G1 F1500 X121.939 Y119.042 E212.47203
G0 F9000 X121.939 Y119.467
G1 F1500 X119.337 Y122.068 E212.56381
G0 F9000 X119.761 Y122.068
G1 F1500 X121.939 Y119.891 E212.64062
G0 F9000 X121.939 Y120.315
G1 F1500 X120.186 Y122.068 E212.70246
G0 F9000 X120.61 Y122.068
G1 F1500 X121.939 Y120.739 E212.74935
G0 F9000 X121.939 Y121.164
G1 F1500 X121.034 Y122.068 E212.78126
G0 F9000 X121.459 Y122.068
G1 F1500 X121.939 Y121.588 E212.79819
G0 F9000 X121.939 Y122.012
G1 F1500 X121.883 Y122.068 E212.80017
G0 F9000 X122.291 Y121.871
;TYPE:SKIN
G1 F1500 X122.291 Y121.659 E212.80456
G1 X122.291 Y109.992 E213.04624
G1 X122.185 Y109.886 E213.04935
G0 F9000 X122.169 Y109.8
G0 X112.829 Y109.8
G0 X112.706 Y110.031
G1 F1500 X112.62 Y109.905 E213.05242
G1 X112.706 Y110.455 E213.06363
G1 X112.706 Y122.334 E213.3029
G1 X112.705 Y124.882 E213.35423
G0 F9000 X112.814 Y124.773
G0 X111.657 Y125.081
G0 X111.624 Y125.114
G1 F1500 X111.547 Y124.978 E213.35655
G0 F9000 X111.329 Y124.135
G1 F1500 X111.273 Y123.98 E213.35997
G1 X111.234 Y123.806 E213.36367
G0 F9000 X111.273 Y123.836
G0 X111.839 Y124.886
G0 X112.331 Y124.754
G0 X113.072 Y122.601
G0 X121.928 Y122.601
G0 X122.185 Y123.675
G0 X122.299 Y123.56
G1 F1500 X122.299 Y123.348 E213.36862
G1 X122.291 Y122.083 E213.39816
G0 F9000 X122.29 Y122.206
G0 X122.414 Y123.658
G0 X122.299 Y123.772
G1 F1500 X122.299 Y123.985 E213.4029
G1 X122.305 Y124.827 E213.42165
G1 X122.389 Y124.956 E213.42508
G0 F9000 X122.364 Y124.981
G0 X123.363 Y125.042
G1 F1500 X123.487 Y124.918 E213.42727
G0 F9000 X123.77 Y124.211
G1 F1500 X123.686 Y124.082 E213.42944
G1 X123.731 Y123.826 E213.43311
G1 F2700 E208.43311
G0 F9000 X123.673 Y123.939
G0 X124.161 Y122.49
G0 X124.554 Y122.082
;TYPE:WALL-OUTER
G1 F2700 E213.43311
G1 F1500 X124.556 Y122.35 E213.43979
G1 X124.401 Y122.35 E213.44366
G1 X124.554 Y122.082 E213.45136
G0 F9000 X124.647 Y122.221
G1 F2700 E208.45136
G0 F9000 X124.605 Y122.221
G0 X124.698 Y121.539
G0 X126.602 Y120.179
G0 X126.747 Y119.637
;TYPE:WALL-INNER
G1 F2700 E213.45136
G1 F1500 X126.748 Y118.846 E213.47109
G1 X127.261 Y117.95 E213.49684
G1 X127.72 Y117.95 E213.50829
G1 X127.026 Y119.153 E213.54294
G1 X126.747 Y119.637 E213.54872
G0 F9000 X126.622 Y120.102
G0 X126.446 Y120.759
;TYPE:WALL-OUTER
G1 F1500 X126.448 Y118.767 E213.59841
G1 X127.087 Y117.65 E213.63052
G1 X128.24 Y117.65 E213.65928
G1 X126.446 Y120.759 E213.74882
G0 F9000 X126.667 Y120.042
;TYPE:SKIN
G1 F1500 X126.659 Y119.837 E213.75462
G0 F9000 X126.986 Y118.874
G1 F1500 X127.208 Y118.44 E213.76106
G1 X127.335 Y118.1 E213.76585
G0 F9000 X127.352 Y118.1
G1 F2700 E208.76585
G0 F9000 X126.602 Y120.179
G0 X125.631 Y120.178
G0 X123.653 Y107.321
G0 X111.347 Y107.321
G0 X111.365 Y122.109
G0 X110.839 Y122.49
G0 X110.599 Y122.35
;TYPE:WALL-OUTER
G1 F2700 E213.76585
G1 F1500 X110.444 Y122.35 E213.76972
G1 X110.445 Y122.081 E213.77643
G1 X110.599 Y122.35 E213.78416
G0 F9000 X110.468 Y122.2
G1 F2700 E208.78416
G0 F9000 X110.318 Y121.598
G0 X108.397 Y120.174
G0 X108.252 Y119.634
;TYPE:WALL-INNER
G1 F2700 E213.78416
G1 F1500 X107.974 Y119.153 E213.79802
G1 X107.28 Y117.95 E213.83266
G1 X107.739 Y117.95 E213.84411
G1 X108.253 Y118.849 E213.86994
G1 X108.252 Y119.634 E213.88145
G0 F9000 X108.377 Y120.097
G0 X108.551 Y120.752
;TYPE:WALL-OUTER
G1 F1500 X106.76 Y117.65 E213.9708
G1 X107.913 Y117.65 E213.99956
G1 X108.553 Y118.77 E214.03174
G1 X108.551 Y120.752 E214.08118
G0 F9000 X108.38 Y120.085
;TYPE:SKIN
G1 F1500 X108.341 Y119.912 E214.0844
G1 X108.242 Y119.798 E214.08714
G0 F9000 X108.065 Y118.915
G1 F1500 X107.988 Y118.78 E214.08898
G1 X107.589 Y118.118 E214.09814
G0 F9000 X107.624 Y118.1
G1 F2700 E209.09814
;MESH:NONMESH
G0 F300 X107.624 Y118.1 Z5
G0 F9000 X108.397 Y120.174
G0 X109.367 Y120.175
G0 X111.335 Y120.174
G0 X112.32 Y120.174
G0 X112.782 Y122.347
G0 X121.928 Y122.601
G0 X122.05 Y126.576
;TIME_ELAPSED:638.714185
;LAYER:24
;TYPE:WALL-INNER
;MESH:cbar_model-DualBatClipHldr.stl
G1 F2700 E214.09814
G1 F1500 X122.05 Y122.535 E214.19895
G1 X112.95 Y122.534 E214.42595
G1 X112.95 Y126.576 E214.52678
G1 X112.26 Y126.576 E214.54399
G1 X111.445 Y125.164 E214.58466
G1 X111.444 Y124.435 E214.60284
G1 X111.781 Y125.025 E214.6113
G1 X112.45 Y124.845 E214.62858
G1 X112.45 Y108.424 E215.0382
G1 X122.55 Y108.424 E215.29015
G1 X122.55 Y124.845 E215.69977
G1 X123.219 Y125.025 E215.71705
G1 X123.554 Y124.439 E215.73389
G1 X123.554 Y125.166 E215.74358
G1 X122.74 Y126.576 E215.78419
G1 X122.05 Y126.576 E215.8014
G0 F9000 X121.75 Y126.876
;TYPE:WALL-OUTER
G1 F1500 X121.75 Y122.835 E215.9022
G1 X113.25 Y122.834 E216.11424
G1 X113.25 Y126.876 E216.21507
G1 X112.087 Y126.876 E216.24408
G1 X111.145 Y125.245 E216.29106
G1 X111.143 Y123.302 E216.33953
G1 X111.927 Y124.675 E216.37897
G1 X112.15 Y124.615 E216.38473
G1 X112.15 Y108.124 E216.7961
G1 X122.85 Y108.124 E217.06301
G1 X122.85 Y124.615 E217.47438
G1 X123.073 Y124.675 E217.48014
G1 X123.853 Y123.308 E217.5194
G1 X123.854 Y125.247 E217.56777
G1 X122.913 Y126.876 E217.6147
G1 X121.75 Y126.876 E217.64371
G0 F9000 X121.97 Y126.656
G0 X121.928 Y122.657
G0 X113.072 Y122.656
G0 X112.422 Y126.514
;TYPE:FILL
G1 F3000 X112.119 Y126.212 E217.65438
G0 F9000 X111.699 Y125.485
G1 F3000 X111.808 Y125.079 E217.66487
G0 F9000 X112.331 Y124.754
G0 X112.782 Y109.872
G0 X114.989 Y109.8
G0 X114.989 Y109.99
G1 F3000 X113.483 Y108.484 E217.718
G0 F9000 X112.644 Y108.483
G1 F3000 X112.509 Y108.52 E217.72149
G0 F9000 X115.852 Y109.8
G0 X115.852 Y109.989
G1 F3000 X116.255 Y108.482 E217.7604
G0 F9000 X119.847 Y108.484
G1 F3000 X121.353 Y109.99 E217.81353
G0 F9000 X120.51 Y109.99
G1 F3000 X120.914 Y108.482 E217.85247
G0 F9000 X122.087 Y109.733
G0 X122.29 Y110.04
G0 X122.06 Y110.04
;TYPE:SKIN
G1 F1500 X122.06 Y122.245 E218.15693
G1 X112.94 Y122.244 E218.38443
G1 X112.94 Y110.04 E218.68886
G1 X122.06 Y110.04 E218.91636
G0 F9000 X121.939 Y110.484
G1 F1500 X121.615 Y110.16 E218.92779
G0 F9000 X121.191 Y110.16
G1 F1500 X121.939 Y110.908 E218.95418
G0 F9000 X121.939 Y111.333
G1 F1500 X120.766 Y110.16 E218.99556
G0 F9000 X120.342 Y110.16
G1 F1500 X121.939 Y111.757 E219.05189
G0 F9000 X121.939 Y112.181
G1 F1500 X119.918 Y110.16 E219.12319
G0 F9000 X119.493 Y110.16
G1 F1500 X121.939 Y112.606 E219.20948
G0 F9000 X121.939 Y113.03
G1 F1500 X119.069 Y110.16 E219.31073
G0 F9000 X118.645 Y110.16
G1 F1500 X121.939 Y113.454 E219.42693
G0 F9000 X121.939 Y113.878
G1 F1500 X118.221 Y110.16 E219.55809
G0 F9000 X117.796 Y110.16
G1 F1500 X121.939 Y114.303 E219.70425
G0 F9000 X121.939 Y114.727
G1 F1500 X117.372 Y110.16 E219.86536
G0 F9000 X116.948 Y110.16
G1 F1500 X121.939 Y115.151 E220.04143
G0 F9000 X121.939 Y115.575
G1 F1500 X116.524 Y110.16 E220.23246
G0 F9000 X116.099 Y110.16
G1 F1500 X121.939 Y116 E220.43848
G0 F9000 X121.94 Y116.425
G1 F1500 X115.675 Y110.16 E220.6595
G0 F9000 X115.251 Y110.16
G1 F1500 X121.94 Y116.849 E220.89547
G0 F9000 X121.94 Y117.273
G1 F1500 X114.827 Y110.16 E221.1464
G0 F9000 X114.402 Y110.16
G1 F1500 X121.94 Y117.697 E221.41231
G0 F9000 X121.94 Y118.122
G1 F1500 X113.978 Y110.16 E221.69319
G0 F9000 X113.554 Y110.16
G1 F1500 X121.94 Y118.546 E221.98903
G0 F9000 X121.94 Y118.97
G1 F1500 X113.13 Y110.16 E222.29982
G0 F9000 X113.059 Y110.513
G1 F1500 X121.94 Y119.394 E222.61313
G0 F9000 X121.94 Y119.819
G1 F1500 X113.059 Y110.937 E222.92644
G0 F9000 X113.059 Y111.362
G1 F1500 X121.94 Y120.243 E223.23975
G0 F9000 X121.94 Y120.667
G1 F1500 X113.059 Y111.786 E223.55305
G0 F9000 X113.059 Y112.21
G1 F1500 X121.94 Y121.092 E223.86637
G0 F9000 X121.94 Y121.516
G1 F1500 X113.059 Y112.635 E224.17967
G0 F9000 X113.059 Y113.059
G1 F1500 X121.94 Y121.94 E224.49297
G0 F9000 X121.699 Y122.123
G1 F1500 X113.059 Y113.483 E224.79777
G0 F9000 X113.059 Y113.907
G1 F1500 X121.275 Y122.123 E225.08761
G0 F9000 X120.85 Y122.123
G1 F1500 X113.059 Y114.332 E225.36246
G0 F9000 X113.059 Y114.756
G1 F1500 X120.426 Y122.123 E225.62235
G0 F9000 X120.002 Y122.123
G1 F1500 X113.059 Y115.18 E225.86728
G0 F9000 X113.059 Y115.604
G1 F1500 X119.578 Y122.123 E226.09726
G0 F9000 X119.153 Y122.123
G1 F1500 X113.059 Y116.029 E226.31224
G0 F9000 X113.059 Y116.453
G1 F1500 X118.729 Y122.123 E226.51226
G0 F9000 X118.305 Y122.123
G1 F1500 X113.059 Y116.877 E226.69733
G0 F9000 X113.059 Y117.301
G1 F1500 X117.881 Y122.123 E226.86744
G0 F9000 X117.456 Y122.123
G1 F1500 X113.059 Y117.726 E227.02256
G0 F9000 X113.059 Y118.15
G1 F1500 X117.032 Y122.123 E227.16271
G0 F9000 X116.608 Y122.123
G1 F1500 X113.059 Y118.574 E227.28791
G0 F9000 X113.059 Y118.999
G1 F1500 X116.184 Y122.123 E227.39814
G0 F9000 X115.759 Y122.123
G1 F1500 X113.059 Y119.423 E227.49339
G0 F9000 X113.059 Y119.847
G1 F1500 X115.335 Y122.123 E227.57368
G0 F9000 X114.911 Y122.123
G1 F1500 X113.059 Y120.271 E227.63902
G0 F9000 X113.059 Y120.696
G1 F1500 X114.486 Y122.123 E227.68936
G0 F9000 X114.062 Y122.123
G1 F1500 X113.059 Y121.12 E227.72474
G0 F9000 X113.059 Y121.544
G1 F1500 X113.638 Y122.123 E227.74517
G0 F9000 X113.214 Y122.123
G1 F1500 X113.059 Y121.968 E227.75063
G0 F9000 X112.707 Y121.828
;TYPE:SKIN
G1 F1500 X112.707 Y121.616 E227.75508
G1 X112.707 Y110.161 E227.99548
G1 X112.728 Y109.971 E227.99949
G0 F9000 X112.627 Y109.87
G0 X122.218 Y109.872
G0 X122.292 Y110.2
G1 F1500 X122.294 Y109.99 E228.00365
G1 X122.4 Y109.884 E228.00662
G1 X122.292 Y110.624 E228.02143
G1 X122.292 Y122.504 E228.25671
G1 X122.299 Y124.845 E228.30308
G0 F9000 X123.305 Y125.214
G1 F1500 X123.387 Y125.084 E228.30509
G0 F9000 X123.62 Y124.256
G1 F1500 X123.658 Y124.082 E228.30875
G1 X123.701 Y123.913 E228.31233
G0 F9000 X123.653 Y124.061
G0 X123.161 Y124.886
G0 X122.669 Y124.754
G0 X121.928 Y122.657
G0 X113.072 Y122.656
G0 X112.815 Y123.846
G0 X112.699 Y123.73
G1 F1500 X112.699 Y123.518 E228.31725
G1 X112.707 Y122.04 E228.35154
G0 F9000 X112.584 Y121.917
G0 X112.584 Y123.827
G0 X112.699 Y123.942
G1 F1500 X112.699 Y124.154 E228.35656
G1 X112.699 Y124.79 E228.3716
G1 X112.626 Y124.929 E228.37531
G0 F9000 X111.664 Y125.241
G1 F1500 X111.619 Y125.196 E228.37611
G0 F9000 X111.331 Y124.271
G1 F1500 X111.408 Y124.136 E228.38259
G0 F9000 X111.595 Y124.421
G1 F2700 E223.38259
G0 F9000 X111.519 Y124.462
G0 X111.839 Y124.886
G0 X112.331 Y124.754
G0 X113.072 Y122.656
G0 X120.666 Y122.677
G0 X122.68 Y122.285
G0 X124.16 Y122.49
G0 X124.438 Y122.285
;TYPE:WALL-OUTER
G1 F2700 E228.38259
G1 F1500 X124.439 Y122.35 E228.38421
G1 X124.401 Y122.35 E228.38515
G1 X124.438 Y122.285 E228.38702
G0 F9000 X124.531 Y122.424
G1 F2700 E223.38702
G0 F9000 X124.489 Y122.4
G0 X124.565 Y121.8
G0 X125.249 Y121.794
G0 X125.749 Y119.973
G0 X126.72 Y119.974
G0 X126.866 Y119.431
;TYPE:WALL-INNER
G1 F2700 E228.38702
G1 F1500 X126.864 Y118.643 E228.40668
G1 X127.261 Y117.95 E228.4266
G1 X127.72 Y117.95 E228.43805
G1 X127.143 Y118.951 E228.46687
G1 X126.866 Y119.431 E228.4726
G0 F9000 X126.74 Y119.897
G0 X126.564 Y120.554
;TYPE:WALL-OUTER
G1 F1500 X126.566 Y119.068 E228.50967
G1 X126.564 Y118.564 E228.52225
G1 X127.087 Y117.65 E228.54851
G1 X128.24 Y117.65 E228.57728
G1 X126.564 Y120.554 E228.66091
G0 F9000 X126.723 Y119.935
;TYPE:SKIN
G1 F1500 X126.762 Y119.762 E228.66411
G1 X126.818 Y119.605 E228.66711
G0 F9000 X127.035 Y118.762
G1 F1500 X127.104 Y118.618 E228.66894
G1 X127.439 Y118.105 E228.67598
G0 F9000 X127.451 Y118.12
G1 F2700 E223.67598
G0 F9000 X126.72 Y119.974
G0 X125.749 Y119.973
G0 X123.653 Y107.321
G0 X111.347 Y107.321
G0 X111.365 Y122.109
G0 X110.839 Y122.49
G0 X110.599 Y122.35
;TYPE:WALL-OUTER
G1 F2700 E228.67598
G1 F1500 X110.562 Y122.35 E228.6769
G1 X110.562 Y122.286 E228.6785
G1 X110.599 Y122.35 E228.68034
G0 F9000 X110.711 Y122.425
G1 F2700 E223.68034
G0 F9000 X110.691 Y122.411
G0 X110.42 Y121.745
G0 X110.247 Y121.084
G0 X109.249 Y119.972
G0 X108.279 Y119.972
G0 X108.134 Y119.431
;TYPE:WALL-INNER
G1 F2700 E228.68034
G1 F1500 X107.856 Y118.948 E228.69425
G1 X107.28 Y117.95 E228.72299
G1 X107.739 Y117.95 E228.73444
G1 X108.134 Y118.64 E228.75427
G1 X108.134 Y119.431 E228.76588
G0 F9000 X108.259 Y119.895
G0 X108.434 Y120.551
;TYPE:WALL-OUTER
G1 F1500 X106.76 Y117.65 E228.84943
G1 X107.913 Y117.65 E228.87819
G1 X108.434 Y118.561 E228.90437
G1 X108.434 Y120.551 E228.95401
G0 F9000 X108.291 Y119.959
;TYPE:SKIN
G1 F1500 X108.191 Y119.858 E228.95578
G0 F9000 X108.203 Y119.658
G1 F1500 X108.286 Y119.529 E228.95961
G0 F9000 X107.925 Y118.743
G1 F1500 X107.733 Y118.34 E228.96831
G0 F9000 X107.574 Y118.162
G1 F2700 E223.96831
;MESH:NONMESH
G0 F300 X107.574 Y118.162 Z5.2
G0 F9000 X108.279 Y119.972
G0 X109.249 Y119.972
G0 X111.335 Y119.972
G0 X112.32 Y119.972
G0 X112.782 Y122.402
G0 X121.928 Y122.657
G0 X122.05 Y126.576
;TIME_ELAPSED:676.291282
;LAYER:25
;TYPE:WALL-INNER
;MESH:cbar_model-DualBatClipHldr.stl
G1 F2700 E228.96831
G1 F1499.6 X122.05 Y122.547 E229.06881
G1 X112.95 Y122.547 E229.29581
G1 X112.95 Y126.576 E229.39632
G1 X112.26 Y126.576 E229.41353
G1 X111.487 Y125.237 E229.4521
G1 X111.486 Y124.508 E229.47028
G1 X111.781 Y125.025 E229.47701
G1 X112.45 Y124.845 E229.49429
G1 X112.45 Y108.424 E229.90392
G1 X122.55 Y108.424 E230.15586
G1 X122.55 Y124.845 E230.56549
G1 X123.219 Y125.025 E230.58277
G1 X123.514 Y124.509 E230.5976
G1 X123.514 Y125.236 E230.60766
G1 X122.74 Y126.576 E230.64626
G1 X122.05 Y126.576 E230.66347
G0 F9000 X121.75 Y126.876
;TYPE:WALL-OUTER
G1 F1499.6 X121.75 Y122.847 E230.76398
G1 X113.25 Y122.847 E230.97601
G1 X113.25 Y126.876 E231.07651
G1 X112.087 Y126.876 E231.10553
G1 X111.187 Y125.318 E231.15041
G1 X111.184 Y123.374 E231.1989
G1 X111.927 Y124.675 E231.23628
G1 X112.15 Y124.615 E231.24204
G1 X112.15 Y108.124 E231.65341
G1 X122.85 Y108.124 E231.92032
G1 X122.85 Y124.615 E232.33169
G1 X123.073 Y124.675 E232.33745
G1 X123.813 Y123.378 E232.3747
G1 X123.814 Y125.317 E232.42307
G1 X122.913 Y126.876 E232.46798
G1 X121.75 Y126.876 E232.49699
G0 F9000 X121.97 Y126.656
G0 X121.928 Y122.669
G0 X121.675 Y122.486
;TYPE:FILL
G1 F2999.1 X122.489 Y119.446 E232.5755
G0 F9000 X122.488 Y119.968
G1 F2999.1 X113.088 Y122.487 E232.81826
G0 F9000 X112.509 Y121.917
G1 F2999.1 X116.109 Y108.482 E233.16522
G0 F9000 X113.682 Y108.484
G1 F2999.1 X122.489 Y117.29 E233.47589
G0 F9000 X122.489 Y115.309
G1 F2999.1 X112.51 Y117.983 E233.7336
G0 F9000 X112.509 Y120.038
G1 F2999.1 X114.956 Y122.485 E233.81992
G0 F9000 X117.016 Y122.486
G1 F2999.1 X120.768 Y108.482 E234.18158
G0 F9000 X120.046 Y108.484
G1 F2999.1 X122.489 Y110.926 E234.26774
G0 F9000 X122.489 Y110.65
G1 F2999.1 X112.51 Y113.324 E234.52545
G0 F9000 X112.509 Y113.674
G1 F2999.1 X121.32 Y122.485 E234.83628
G0 F9000 X113.072 Y122.669
G0 X112.621 Y126.514
G1 F2999.1 X111.845 Y125.739 E234.86364
G0 F9000 X111.6 Y125.313
G1 F2999.1 X111.651 Y125.121 E234.8686
G0 F9000 X111.743 Y125.158
G0 X112.331 Y124.754
G0 X112.509 Y108.666
G1 F2999.1 X113.189 Y108.483 E234.88616
G0 F9000 X112.676 Y122.366
G0 X112.63 Y122.411
;TYPE:SKIN
G1 F1499.6 X112.699 Y122.553 E234.88935
G1 X112.705 Y124.882 E234.93642
G0 F9000 X112.596 Y124.991
G0 X111.839 Y124.886
G0 X111.47 Y124.377
G0 X111.542 Y124.348
G1 F1499.6 X111.406 Y124.272 E234.93911
G1 X111.367 Y124.098 E234.9422
G0 F9000 X111.386 Y124.107
G0 X111.839 Y124.886
G0 X112.331 Y124.754
G0 X113.072 Y122.669
G0 X121.928 Y122.669
G0 X122.185 Y124.1
G0 X122.299 Y123.985
G1 F1499.6 X122.299 Y123.772 E234.94677
G1 X122.299 Y122.5 E234.97406
G1 X122.203 Y122.384 E234.97729
G0 F9000 X122.221 Y122.366
G0 X122.414 Y124.083
G0 X122.299 Y124.197
G1 F1499.6 X122.299 Y124.409 E234.98234
G1 X122.305 Y124.827 E234.9923
G1 X122.389 Y124.956 E234.99597
G0 F9000 X122.364 Y124.981
G0 X123.161 Y124.886
G0 X123.509 Y124.413
G0 X123.544 Y124.224
G1 F1499.6 X123.628 Y124.353 E235.0024
G0 F9000 X123.652 Y124.566
G1 F2700 E230.0024
G0 F9000 X123.563 Y124.565
G0 X123.658 Y123.962
G0 X124.628 Y123.961
G0 X125.813 Y119.865
G0 X126.783 Y119.864
G0 X126.928 Y119.323
;TYPE:WALL-INNER
G1 F2700 E235.0024
G1 F1499.6 X126.927 Y118.533 E235.0221
G1 X127.261 Y117.95 E235.03887
G1 X127.72 Y117.95 E235.05032
G1 X127.205 Y118.842 E235.07601
G1 X126.928 Y119.323 E235.08175
G0 F9000 X126.803 Y119.787
G0 X126.629 Y120.442
;TYPE:WALL-OUTER
G1 F1499.6 X126.627 Y118.454 E235.13134
G1 X127.087 Y117.65 E235.15444
G1 X128.24 Y117.65 E235.18321
G1 X126.629 Y120.442 E235.26361
G0 F9000 X126.893 Y119.603
;TYPE:SKIN
G1 F1499.6 X126.809 Y119.475 E235.2699
G0 F9000 X127.219 Y118.428
G1 F1499.6 X127.335 Y118.1 E235.27609
G0 F9000 X127.352 Y118.1
G1 F2700 E230.27609
G0 F9000 X126.783 Y119.864
G0 X125.813 Y119.865
G0 X123.653 Y107.321
G0 X111.347 Y107.321
G0 X109.186 Y119.876
G0 X108.22 Y119.877
G0 X108.071 Y119.319
;TYPE:WALL-INNER
G1 F2700 E235.27609
G1 F1499.6 X107.792 Y118.836 E235.29001
G1 X107.28 Y117.95 E235.31554
G1 X107.739 Y117.95 E235.32699
G1 X108.07 Y118.528 E235.3436
G1 X108.071 Y119.319 E235.3552
G0 F9000 X108.196 Y119.784
G0 X108.372 Y120.441
;TYPE:WALL-OUTER
G1 F1499.6 X106.76 Y117.65 E235.4356
G1 X107.913 Y117.65 E235.46436
G1 X108.37 Y118.449 E235.48732
G1 X108.372 Y120.441 E235.53701
G0 F9000 X108.212 Y119.828
;TYPE:SKIN
G1 F1499.6 X108.173 Y119.655 E235.54017
G1 X108.123 Y119.493 E235.54318
G0 F9000 X107.899 Y118.656
G1 F1499.6 X107.833 Y118.511 E235.54437
G1 X107.589 Y118.119 E235.54782
G1 X107.135 Y117.935 E235.55147
G1 X107.049 Y117.809 E235.55261
G0 F9000 X107.423 Y117.899
G1 F2700 E230.55261
;MESH:NONMESH
G0 F300 X107.423 Y117.899 Z5.4
G0 F9000 X107.423 Y117.9
G0 X108.216 Y119.861
G0 X109.185 Y119.86
G0 X111.335 Y119.861
G0 X112.32 Y119.861
G0 X121.928 Y122.669
G0 X122.05 Y126.576
;TIME_ELAPSED:693.791654
;LAYER:26
;TYPE:WALL-INNER
;MESH:cbar_model-DualBatClipHldr.stl
G1 F2700 E235.55261
G1 F1497.7 X122.05 Y122.547 E235.65311
G1 X112.95 Y122.547 E235.88011
G1 X112.95 Y126.576 E235.98062
G1 X112.26 Y126.576 E235.99783
G1 X111.5 Y125.26 E236.03574
G1 X111.5 Y124.533 E236.05387
G1 X111.781 Y125.025 E236.05973
G1 X112.45 Y124.845 E236.07702
G1 X112.45 Y108.424 E236.48664
G1 X122.55 Y108.424 E236.73858
G1 X122.55 Y124.845 E237.14821
G1 X123.219 Y125.025 E237.16549
G1 X123.501 Y124.53 E237.1797
G1 X123.501 Y125.258 E237.18959
G1 X122.74 Y126.576 E237.22755
G1 X122.05 Y126.576 E237.24477
G0 F9000 X121.75 Y126.876
;TYPE:WALL-OUTER
G1 F1497.7 X121.75 Y122.847 E237.34527
G1 X113.25 Y122.847 E237.5573
G1 X113.25 Y126.876 E237.65781
G1 X112.087 Y126.876 E237.68682
G1 X111.2 Y125.341 E237.73104
G1 X111.2 Y123.401 E237.77944
G1 X111.927 Y124.675 E237.81603
G1 X112.15 Y124.615 E237.82179
G1 X112.15 Y108.124 E238.23316
G1 X122.85 Y108.124 E238.50007
G1 X122.85 Y124.615 E238.91144
G1 X123.073 Y124.675 E238.9172
G1 X123.802 Y123.399 E238.95386
G1 X123.801 Y125.339 E239.00225
G1 X122.913 Y126.876 E239.04653
G1 X121.75 Y126.876 E239.07554
G0 F9000 X121.97 Y126.656
G0 X122.109 Y124.875
;TYPE:FILL
G1 F2995.3 X122.272 Y124.832 E239.07975
G0 F9000 X121.928 Y122.669
G0 X121.528 Y122.486
G1 F2995.3 X122.489 Y118.898 E239.1724
G0 F9000 X122.488 Y120.115
G1 F2995.3 X113.637 Y122.487 E239.40098
G0 F9000 X115.157 Y122.485
G1 F2995.3 X112.509 Y119.837 E239.4944
G0 F9000 X112.51 Y121.369
G1 F2995.3 X115.962 Y108.482 E239.8272
G0 F9000 X113.883 Y108.484
G1 F2995.3 X122.489 Y117.089 E240.13078
G0 F9000 X122.489 Y115.456
G1 F2995.3 X112.51 Y118.13 E240.38849
G0 F9000 X116.869 Y122.486
G1 F2995.3 X120.621 Y108.482 E240.75014
G0 F9000 X120.247 Y108.484
G1 F2995.3 X122.489 Y110.725 E240.82922
G1 X122.489 Y110.797
G1 X112.51 Y113.471 E241.08693
G1 X112.509 Y113.473
G1 X121.521 Y122.485 E241.40485
G0 F9000 X113.072 Y122.669
G0 X112.822 Y126.514
G1 F2995.3 X111.57 Y125.263 E241.449
G0 F9000 X111.776 Y124.77
G0 X112.331 Y124.754
G0 X112.509 Y108.813
G1 F2995.3 X113.738 Y108.483 E241.48074
G0 F9000 X112.608 Y122.366
G0 X112.711 Y122.469
;TYPE:SKIN
G1 F1497.7 X112.699 Y122.67 E241.48495
G1 X112.699 Y124.791 E241.52925
G1 X112.626 Y124.929 E241.53251
G0 F9000 X112.668 Y124.971
G0 X111.6 Y125.225
G0 X111.664 Y125.24
G1 F1497.7 X111.634 Y125.21 E241.53304
G0 F9000 X111.404 Y124.344
G1 F1497.7 X111.437 Y124.165 E241.53913
G0 F9000 X111.372 Y124.105
G0 X111.839 Y124.886
G0 X112.331 Y124.754
G0 X113.072 Y122.669
G0 X121.928 Y122.669
G0 X122.184 Y124.093
G0 X122.299 Y124.208
G1 F1497.7 X122.299 Y123.996 E241.54328
G1 X122.299 Y122.511 E241.57238
G1 X122.391 Y122.391 E241.57535
G0 F9000 X122.367 Y122.367
G0 X122.184 Y124.305
G0 X122.299 Y124.42
G1 F1497.7 X122.299 Y124.632 E241.58192
G1 X122.299 Y124.845 E241.58852
G0 F9000 X123.279 Y125.189
G1 F1497.7 X123.331 Y125.24 E241.58943
G0 F9000 X123.51 Y124.358
G1 F1497.7 X123.594 Y124.23 E241.59246
G1 X123.633 Y124.057 E241.59598
G1 F2700 E236.59598
G0 F9000 X123.602 Y124.122
G0 X124.617 Y123.983
G0 X125.836 Y119.825
G0 X126.806 Y119.824
G0 X126.95 Y119.284
;TYPE:WALL-INNER
G1 F2700 E241.59598
G1 F1497.7 X126.95 Y118.493 E241.61571
G1 X127.261 Y117.95 E241.63132
G1 X127.72 Y117.95 E241.64277
G1 X127.229 Y118.801 E241.66728
G1 X126.95 Y119.284 E241.67305
G0 F9000 X126.826 Y119.747
G0 X126.651 Y120.403
;TYPE:WALL-OUTER
G1 F1497.7 X126.65 Y118.414 E241.72267
G1 X127.087 Y117.65 E241.74462
G1 X128.24 Y117.65 E241.77338
G1 X126.651 Y120.403 E241.85268
G0 F9000 X126.803 Y119.802
;TYPE:SKIN
G1 F1497.7 X126.845 Y119.632 E241.85572
G1 X126.885 Y119.461 E241.85878
G0 F9000 X127.117 Y118.631
G1 F1497.7 X127.181 Y118.484 E241.86059
G1 X127.439 Y118.105 E241.86576
G0 F9000 X127.451 Y118.119
G1 F2700 E236.86576
G0 F9000 X126.806 Y119.824
G0 X125.836 Y119.825
G0 X123.653 Y107.321
G0 X111.347 Y107.321
G0 X109.166 Y119.772
G0 X108.181 Y119.772
G0 X108.051 Y119.286
;TYPE:WALL-INNER
G1 F2700 E241.86576
G1 F1497.7 X107.772 Y118.803 E241.87968
G1 X107.28 Y117.95 E241.90424
G1 X107.739 Y117.95 E241.91569
G1 X108.051 Y118.495 E241.93136
G1 X108.051 Y119.286 E241.94296
G0 F9000 X108.176 Y119.75
G0 X108.351 Y120.406
;TYPE:WALL-OUTER
G1 F1497.7 X106.76 Y117.65 E242.02234
G1 X107.913 Y117.65 E242.0511
G1 X108.351 Y118.416 E242.07311
G1 X108.351 Y120.406 E242.12275
G0 F9000 X108.095 Y119.55
;TYPE:SKIN
G1 F1497.7 X108.178 Y119.421 E242.12828
G0 F9000 X107.867 Y118.685
G1 F1497.7 X107.735 Y118.341 E242.13487
G0 F9000 X107.575 Y118.163
G1 F2700 E237.13487
;MESH:NONMESH
G0 F300 X107.575 Y118.163 Z5.6
G0 F9000 X108.196 Y119.827
G0 X109.166 Y119.827
G0 X111.335 Y119.827
G0 X112.32 Y119.827
G0 X121.928 Y122.669
G0 X122.05 Y126.576
;TIME_ELAPSED:711.391624
;LAYER:27
;TYPE:WALL-INNER
;MESH:cbar_model-DualBatClipHldr.stl
G1 F2700 E242.13487
G1 F1473.1 X122.05 Y122.547 E242.23538
G1 X112.95 Y122.547 E242.46238
G1 X112.95 Y126.576 E242.56288
G1 X112.26 Y126.576 E242.58009
G1 X111.487 Y125.236 E242.61868
G1 X111.487 Y124.509 E242.63682
G1 X111.781 Y125.025 E242.64352
G1 X112.45 Y124.845 E242.6608
G1 X112.45 Y108.424 E243.07043
G1 X122.55 Y108.424 E243.32237
G1 X122.55 Y124.845 E243.732
G1 X123.219 Y125.025 E243.74928
G1 X123.516 Y124.505 E243.76422
G1 X123.516 Y125.233 E243.77433
G1 X122.74 Y126.576 E243.81302
G1 X122.05 Y126.576 E243.83023
G0 F9000 X121.75 Y126.876
;TYPE:WALL-OUTER
G1 F1473.1 X121.75 Y122.847 E243.93074
G1 X113.25 Y122.847 E244.14277
G1 X113.25 Y126.876 E244.24327
G1 X112.087 Y126.876 E244.27228
G1 X111.187 Y125.317 E244.31719
G1 X111.186 Y123.378 E244.36556
G1 X111.927 Y124.675 E244.40282
G1 X112.15 Y124.615 E244.40858
G1 X112.15 Y108.124 E244.81995
G1 X122.85 Y108.124 E245.08686
G1 X122.85 Y124.615 E245.49823
G1 X123.073 Y124.675 E245.50399
G1 X123.816 Y123.374 E245.54137
G1 X123.816 Y125.314 E245.58976
G1 X122.913 Y126.876 E245.63477
G1 X121.75 Y126.876 E245.66378
G0 F9000 X121.97 Y126.656
G0 X122.109 Y125.021
;TYPE:FILL
G1 F2946.1 X122.544 Y124.905 E245.67501
G0 F9000 X121.928 Y122.669
G0 X121.72 Y122.485
G1 F2946.1 X112.509 Y113.274 E245.99995
G0 F9000 X112.51 Y113.617
G1 F2946.1 X122.489 Y110.943 E246.25766
G0 F9000 X122.489 Y110.526
G1 F2946.1 X120.447 Y108.484 E246.3297
G1 X120.475 Y108.482
G1 X116.723 Y122.486 E246.69135
G0 F9000 X115.356 Y122.485
G1 F2946.1 X112.509 Y119.638 E246.79178
G0 F9000 X112.509 Y120.824
G1 F2946.1 X115.816 Y108.483 E247.11049
G0 F9000 X114.283 Y108.483
G1 F2946.1 X112.51 Y108.958 E247.15628
G0 F9000 X114.083 Y108.484
G1 F2946.1 X122.489 Y116.89 E247.45282
G0 F9000 X122.488 Y115.602
G1 F2946.1 X112.509 Y118.276 E247.71053
G0 F9000 X114.181 Y122.487
G1 F2946.1 X122.489 Y120.261 E247.92509
G0 F9000 X122.489 Y118.353
G1 F2946.1 X121.382 Y122.486 E248.03182
G0 F9000 X113.072 Y122.669
G0 X112.89 Y126.383
G1 F2946.1 X111.633 Y125.126 E248.07616
G0 F9000 X111.54 Y124.349
;TYPE:SKIN
G1 F1473.1 X111.406 Y124.271 E248.07876
G1 X111.368 Y124.098 E248.08173
G0 F9000 X111.387 Y124.107
G0 X111.839 Y124.886
G0 X112.331 Y124.754
G0 X112.585 Y124.153
G0 X112.699 Y124.038
G1 F1473.1 X112.699 Y123.826 E248.08637
G1 X112.699 Y122.553 E248.11426
G1 X112.63 Y122.411 E248.11772
G0 F9000 X112.676 Y122.366
G0 X112.814 Y124.136
G0 X112.699 Y124.25
G1 F1473.1 X112.699 Y124.463 E248.12356
G1 X112.705 Y124.882 E248.13505
G0 F9000 X112.814 Y124.773
G0 X113.072 Y122.669
G0 X121.928 Y122.669
G0 X122.185 Y124.736
G0 X122.299 Y124.621
G1 F1473.1 X122.299 Y124.409 E248.13946
G1 X122.299 Y122.5 E248.17919
G1 X122.203 Y122.384 E248.18232
G0 F9000 X122.185 Y122.403
G0 X122.669 Y124.754
G0 X123.161 Y124.886
G0 X123.619 Y124.12
G0 X123.548 Y124.221
G1 F1473.1 X123.631 Y124.35 E248.1887
G0 F9000 X123.566 Y124.301
G0 X123.161 Y124.886
G0 X122.414 Y124.719
G0 X122.305 Y124.827
G1 F1473.1 X122.389 Y124.956 E248.19342
G0 F9000 X122.414 Y124.931
G1 F2700 E243.19342
G0 F9000 X122.68 Y119.32
G0 X123.665 Y119.32
G0 X125.815 Y119.319
G0 X126.78 Y119.318
G0 X126.929 Y119.32
;TYPE:WALL-INNER
G1 F2700 E248.19342
G1 F1473.1 X126.929 Y118.529 E248.21315
G1 X127.261 Y117.95 E248.2298
G1 X127.72 Y117.95 E248.24125
G1 X127.207 Y118.838 E248.26683
G1 X126.929 Y119.32 E248.27258
G0 F9000 X126.805 Y119.783
G0 X126.63 Y120.439
;TYPE:WALL-OUTER
G1 F1473.1 X126.629 Y118.45 E248.32219
G1 X127.087 Y117.65 E248.34519
G1 X128.24 Y117.65 E248.37395
G1 X126.63 Y120.439 E248.45428
G0 F9000 X126.895 Y119.601
;TYPE:SKIN
G1 F1473.1 X126.811 Y119.472 E248.46061
G0 F9000 X127.219 Y118.428
G1 F1473.1 X127.335 Y118.1 E248.46396
G1 X127.831 Y117.816 E248.46946
G0 F9000 X127.562 Y117.925
G1 F2700 E243.46946
G0 F9000 X126.798 Y118.495
G0 X125.815 Y118.496
G0 X123.653 Y107.321
G0 X111.347 Y107.321
G0 X109.186 Y118.495
G0 X108.201 Y118.495
G0 X108.071 Y119.321
;TYPE:WALL-INNER
G1 F2700 E248.46946
G1 F1473.1 X107.792 Y118.838 E248.48337
G1 X107.28 Y117.95 E248.50894
G1 X107.738 Y117.95 E248.52037
G1 X108.071 Y118.533 E248.53712
G1 X108.071 Y119.321 E248.54866
G0 F9000 X108.196 Y119.785
G0 X108.371 Y120.441
;TYPE:WALL-OUTER
G1 F1473.1 X106.76 Y117.65 E248.62905
G1 X107.913 Y117.65 E248.65781
G1 X108.371 Y118.452 E248.68085
G1 X108.371 Y120.441 E248.73046
G0 F9000 X108.212 Y119.829
;TYPE:SKIN
G1 F1473.1 X108.173 Y119.655 E248.73363
G1 X108.122 Y119.494 E248.73663
G0 F9000 X107.9 Y118.656
G1 F1473.1 X107.832 Y118.511 E248.73852
G1 X107.589 Y118.118 E248.74397
G0 F9000 X107.566 Y118.147
G1 F2700 E243.74397
;MESH:NONMESH
G0 F300 X107.566 Y118.147 Z5.8
G0 F9000 X108.216 Y119.862
G0 X109.186 Y119.862
G0 X111.335 Y119.862
G0 X112.32 Y119.862
G0 X121.928 Y122.669
G0 X122.05 Y126.576
;TIME_ELAPSED:728.628063
;LAYER:28
;TYPE:WALL-INNER
;MESH:cbar_model-DualBatClipHldr.stl
G1 F2700 E248.74397
G1 F1500 X122.05 Y122.547 E248.84447
G1 X112.95 Y122.546 E249.07147
G1 X112.95 Y126.576 E249.172
G1 X112.26 Y126.576 E249.18921
G1 X111.446 Y125.167 E249.2298
G1 X111.446 Y124.438 E249.24799
G1 X111.781 Y125.025 E249.25637
G1 X112.45 Y124.845 E249.27366
G1 X112.45 Y108.424 E249.68328
G1 X122.55 Y108.424 E249.93523
G1 X122.55 Y124.845 E250.34485
G1 X123.219 Y125.025 E250.36213
G1 X123.556 Y124.434 E250.3791
G1 X123.556 Y125.164 E250.38881
G1 X122.74 Y126.576 E250.42949
G1 X122.05 Y126.576 E250.4467
G0 F9000 X121.75 Y126.876
;TYPE:WALL-OUTER
G1 F1500 X121.75 Y122.847 E250.54721
G1 X113.25 Y122.846 E250.75924
G1 X113.25 Y126.876 E250.85977
G1 X112.087 Y126.876 E250.88878
G1 X111.146 Y125.248 E250.93569
G1 X111.147 Y123.307 E250.98411
G1 X111.927 Y124.675 E251.02339
G1 X112.15 Y124.615 E251.02915
G1 X112.15 Y108.124 E251.44052
G1 X122.85 Y108.124 E251.70743
G1 X122.85 Y124.615 E252.1188
G1 X123.073 Y124.675 E252.12456
G1 X123.857 Y123.301 E252.16402
G1 X123.856 Y125.245 E252.21252
G1 X122.913 Y126.876 E252.25951
G1 X121.75 Y126.876 E252.28852
G0 F9000 X121.97 Y126.656
G0 X122.109 Y125.168
;TYPE:FILL
G1 F3000 X122.817 Y124.978 E252.30681
G0 F9000 X121.93 Y123.353
G0 X121.928 Y122.669
G0 X113.072 Y122.668
G0 X112.89 Y126.182
G1 F3000 X111.791 Y125.083 E252.34558
G0 F9000 X112.331 Y124.754
G0 X112.782 Y109.872
G0 X115.266 Y109.8
G0 X115.266 Y109.989
G1 F3000 X115.669 Y108.483 E252.38447
G0 F9000 X114.831 Y108.483
G1 F3000 X112.509 Y109.106 E252.44444
G0 F9000 X114.284 Y108.484
G1 F3000 X115.79 Y109.99 E252.49757
G0 F9000 X115.79 Y109.8
G0 X119.924 Y109.8
G0 X119.924 Y109.989
G1 F3000 X120.328 Y108.482 E252.53649
G0 F9000 X120.647 Y108.484
G1 F3000 X122.154 Y109.99 E252.58963
G0 F9000 X122.06 Y110.04
;TYPE:SKIN
G1 F1500 X122.06 Y122.257 E252.89439
G1 X112.94 Y122.256 E253.12189
G1 X112.94 Y110.04 E253.42662
G1 X122.06 Y110.04 E253.65412
G0 F9000 X121.939 Y110.484
G1 F1500 X121.615 Y110.16 E253.66555
G0 F9000 X121.191 Y110.16
G1 F1500 X121.939 Y110.908 E253.69193
G0 F9000 X121.939 Y111.333
G1 F1500 X120.766 Y110.16 E253.73332
G0 F9000 X120.342 Y110.16
G1 F1500 X121.939 Y111.757 E253.78965
G0 F9000 X121.939 Y112.181
G1 F1500 X119.918 Y110.16 E253.86095
G0 F9000 X119.493 Y110.16
G1 F1500 X121.939 Y112.606 E253.94724
G0 F9000 X121.939 Y113.03
G1 F1500 X119.069 Y110.16 E254.04849
G0 F9000 X118.645 Y110.16
G1 F1500 X121.939 Y113.454 E254.16469
G0 F9000 X121.939 Y113.878
G1 F1500 X118.221 Y110.16 E254.29585
G0 F9000 X117.796 Y110.16
G1 F1500 X121.939 Y114.303 E254.44201
G0 F9000 X121.939 Y114.727
G1 F1500 X117.372 Y110.16 E254.60312
G0 F9000 X116.948 Y110.16
G1 F1500 X121.939 Y115.151 E254.77919
G0 F9000 X121.939 Y115.575
G1 F1500 X116.524 Y110.16 E254.97022
G0 F9000 X116.099 Y110.16
G1 F1500 X121.939 Y116 E255.17624
G0 F9000 X121.939 Y116.424
G1 F1500 X115.675 Y110.16 E255.39722
G0 F9000 X115.251 Y110.16
G1 F1500 X121.939 Y116.848 E255.63316
G0 F9000 X121.939 Y117.272
G1 F1500 X114.827 Y110.16 E255.88406
G0 F9000 X114.402 Y110.16
G1 F1500 X121.939 Y117.697 E256.14994
G0 F9000 X121.939 Y118.121
G1 F1500 X113.978 Y110.16 E256.43079
G0 F9000 X113.554 Y110.16
G1 F1500 X121.939 Y118.545 E256.72659
G0 F9000 X121.939 Y118.97
G1 F1500 X113.13 Y110.16 E257.03737
G0 F9000 X113.059 Y110.513
G1 F1500 X121.939 Y119.394 E257.35066
G0 F9000 X121.939 Y119.818
G1 F1500 X113.059 Y110.937 E257.66394
G0 F9000 X113.059 Y111.362
G1 F1500 X121.939 Y120.242 E257.97721
G0 F9000 X121.939 Y120.667
G1 F1500 X113.059 Y111.786 E258.29049
G0 F9000 X113.059 Y112.21
G1 F1500 X121.939 Y121.091 E258.60377
G0 F9000 X121.939 Y121.515
G1 F1500 X113.059 Y112.635 E258.91704
G0 F9000 X113.059 Y113.059
G1 F1500 X121.939 Y121.939 E259.2303
G0 F9000 X121.711 Y122.135
G1 F1500 X113.059 Y113.483 E259.53553
G0 F9000 X113.059 Y113.907
G1 F1500 X121.287 Y122.135 E259.82579
G0 F9000 X120.862 Y122.135
G1 F1500 X113.059 Y114.332 E260.10106
G0 F9000 X113.059 Y114.756
G1 F1500 X120.438 Y122.135 E260.36138
G0 F9000 X120.014 Y122.135
G1 F1500 X113.059 Y115.18 E260.60673
G0 F9000 X113.059 Y115.604
G1 F1500 X119.59 Y122.135 E260.83713
G0 F9000 X119.165 Y122.135
G1 F1500 X113.059 Y116.029 E261.05254
G0 F9000 X113.059 Y116.453
G1 F1500 X118.741 Y122.135 E261.25299
G0 F9000 X118.317 Y122.135
G1 F1500 X113.059 Y116.877 E261.43848
G0 F9000 X113.059 Y117.301
G1 F1500 X117.893 Y122.135 E261.60901
G0 F9000 X117.468 Y122.135
G1 F1500 X113.059 Y117.726 E261.76455
G0 F9000 X113.059 Y118.15
G1 F1500 X117.043 Y122.135 E261.90511
G0 F9000 X116.619 Y122.135
G1 F1500 X113.059 Y118.574 E262.03072
G0 F9000 X113.059 Y118.999
G1 F1500 X116.195 Y122.135 E262.14135
G0 F9000 X115.771 Y122.135
G1 F1500 X113.059 Y119.423 E262.23702
G0 F9000 X113.059 Y119.847
G1 F1500 X115.346 Y122.135 E262.31772
G0 F9000 X114.922 Y122.135
G1 F1500 X113.059 Y120.271 E262.38346
G0 F9000 X113.059 Y120.696
G1 F1500 X114.498 Y122.135 E262.43423
G0 F9000 X114.074 Y122.135
G1 F1500 X113.059 Y121.12 E262.47003
G0 F9000 X113.059 Y121.544
G1 F1500 X113.649 Y122.135 E262.49086
G0 F9000 X113.225 Y122.135
G1 F1500 X113.059 Y121.968 E262.49674
G0 F9000 X112.707 Y121.828
;TYPE:SKIN
G1 F1500 X112.707 Y121.616 E262.50119
G1 X112.707 Y110.161 E262.74159
G1 X112.728 Y109.971 E262.7456
G0 F9000 X112.627 Y109.87
G0 X122.218 Y109.872
G0 X122.292 Y110.2
G1 F1500 X122.294 Y109.99 E262.74976
G1 X122.4 Y109.884 E262.75273
G1 X122.292 Y110.624 E262.76754
G1 X122.292 Y122.504 E263.00282
G1 X122.299 Y124.845 E263.04918
G0 F9000 X123.305 Y125.214
G1 F1500 X123.388 Y125.085 E263.05122
G0 F9000 X123.618 Y124.254
G1 F1500 X123.66 Y124.084 E263.05491
G1 X123.698 Y123.91 E263.05866
G0 F9000 X123.657 Y124.055
G0 X123.161 Y124.886
G0 X122.669 Y124.754
G0 X121.928 Y122.669
G0 X113.072 Y122.668
G0 X112.815 Y123.846
G0 X112.699 Y123.73
G1 F1500 X112.699 Y123.518 E263.06358
G1 X112.707 Y122.04 E263.09787
G0 F9000 X112.584 Y121.917
G0 X112.584 Y123.827
G0 X112.699 Y123.942
G1 F1500 X112.699 Y124.154 E263.10288
G1 X112.699 Y124.79 E263.11793
G1 X112.626 Y124.929 E263.12164
G0 F9000 X111.664 Y125.241
G1 F1500 X111.618 Y125.195 E263.12245
G0 F9000 X111.334 Y124.274
G1 F1500 X111.411 Y124.139 E263.12893
G0 F9000 X111.596 Y124.425
G1 F2700 E258.12893
G0 F9000 X111.521 Y124.467
G0 X111.839 Y124.886
G0 X112.331 Y124.754
G0 X113.072 Y122.668
G0 X122.218 Y122.415
G0 X122.68 Y122.283
G0 X124.16 Y122.49
G0 X124.44 Y122.283
;TYPE:WALL-OUTER
G1 F2700 E263.12893
G1 F1500 X124.44 Y122.35 E263.1306
G1 X124.401 Y122.35 E263.13157
G1 X124.44 Y122.283 E263.13351
G0 F9000 X124.532 Y122.422
G1 F2700 E258.13351
G0 F9000 X124.49 Y122.4
G0 X124.566 Y121.797
G0 X125.251 Y121.792
G0 X125.751 Y119.97
G0 X126.721 Y119.97
G0 X126.866 Y119.429
;TYPE:WALL-INNER
G1 F2700 E263.13351
G1 F1500 X126.866 Y118.639 E263.15321
G1 X127.261 Y117.95 E263.17303
G1 X127.72 Y117.95 E263.18448
G1 X127.144 Y118.947 E263.2132
G1 X126.866 Y119.429 E263.21895
G0 F9000 X126.741 Y119.893
G0 X126.566 Y120.549
;TYPE:WALL-OUTER
G1 F1500 X126.566 Y118.56 E263.26857
G1 X127.087 Y117.65 E263.29473
G1 X128.24 Y117.65 E263.32349
G1 X126.566 Y120.549 E263.40699
G0 F9000 X126.724 Y119.935
;TYPE:SKIN
G1 F1500 X126.763 Y119.762 E263.41016
G1 X126.816 Y119.604 E263.41313
G0 F9000 X127.036 Y118.763
G1 F1500 X127.104 Y118.619 E263.41446
G1 X127.44 Y118.106 E263.41959
G1 X127.979 Y117.796 E263.42478
G0 F9000 X127.588 Y117.88
G1 F2700 E258.42478
G0 F9000 X127.588 Y117.9
G0 X126.721 Y119.97
G0 X125.751 Y119.97
G0 X123.653 Y107.321
G0 X111.347 Y107.321
G0 X111.366 Y122.108
G0 X110.84 Y122.49
G0 X110.599 Y122.35
;TYPE:WALL-OUTER
G1 F2700 E263.42478
G1 F1500 X110.561 Y122.35 E263.42573
G1 X110.562 Y122.285 E263.42735
G1 X110.599 Y122.35 E263.42921
G1 F2700 E258.42921
G0 F9000 X110.436 Y121.802
G0 X109.751 Y121.797
G0 X109.251 Y119.974
G0 X108.282 Y119.975
G0 X108.136 Y119.434
;TYPE:WALL-INNER
G1 F2700 E263.42921
G1 F1500 X107.858 Y118.951 E263.44311
G1 X107.28 Y117.95 E263.47195
G1 X107.739 Y117.95 E263.4834
G1 X108.136 Y118.643 E263.50332
G1 X108.136 Y119.434 E263.51493
G0 F9000 X108.262 Y119.898
G0 X108.437 Y120.555
;TYPE:WALL-OUTER
G1 F1500 X106.76 Y117.65 E263.5986
G1 X107.913 Y117.65 E263.62736
G1 X108.436 Y118.564 E263.65363
G1 X108.437 Y120.555 E263.7033
G0 F9000 X108.242 Y119.91
;TYPE:SKIN
G1 F1500 X108.206 Y119.661 E263.70704
G1 X108.289 Y119.532 E263.70932
G0 F9000 X107.925 Y118.744
G1 F1500 X107.733 Y118.34 E263.71805
G0 F9000 X107.574 Y118.16
G1 F2700 E258.71805
;MESH:NONMESH
G0 F300 X107.574 Y118.16 Z6
G0 F9000 X108.282 Y119.975
G0 X109.251 Y119.974
G0 X111.335 Y119.975
G0 X112.32 Y119.975
G0 X112.782 Y122.414
G0 X121.928 Y122.669
G0 X122.05 Y126.576
;TIME_ELAPSED:766.339816
;LAYER:29
;TYPE:WALL-INNER
;MESH:cbar_model-DualBatClipHldr.stl
G1 F2700 E263.71805
G1 F1500 X122.05 Y122.514 E263.81937
G1 X112.95 Y122.513 E264.04637
G1 X112.95 Y126.576 E264.14773
G1 X112.26 Y126.576 E264.16494
G1 X111.377 Y125.047 E264.20898
G1 X111.377 Y124.317 E264.22719
G1 X111.781 Y125.025 E264.23821
G1 X112.45 Y124.845 E264.2555
G1 X112.45 Y108.424 E264.66512
G1 X122.55 Y108.424 E264.91707
G1 X122.55 Y124.845 E265.32669
G1 X123.219 Y125.025 E265.34397
G1 X123.626 Y124.312 E265.36445
G1 X123.625 Y125.043 E265.37333
G1 X122.74 Y126.576 E265.41749
G1 X122.05 Y126.576 E265.4347
G0 F9000 X121.75 Y126.876
;TYPE:WALL-OUTER
G1 F1500 X121.75 Y122.814 E265.53603
G1 X113.25 Y122.813 E265.74806
G1 X113.25 Y126.876 E265.84941
G1 X112.087 Y126.876 E265.87842
G1 X111.077 Y125.128 E265.92878
G1 X111.076 Y123.185 E265.97725
G1 X111.927 Y124.675 E266.02005
G1 X112.15 Y124.615 E266.02581
G1 X112.15 Y108.124 E266.43718
G1 X122.85 Y108.124 E266.7041
G1 X122.85 Y124.615 E267.11547
G1 X123.073 Y124.675 E267.12123
G1 X123.928 Y123.177 E267.16425
G1 X123.925 Y125.124 E267.21282
G1 X122.913 Y126.876 E267.26329
G1 X121.75 Y126.876 E267.2923
G0 F9000 X121.97 Y126.656
G0 X122.109 Y125.314
;TYPE:FILL
G1 F3000 X123.09 Y125.051 E267.31764
G0 F9000 X121.936 Y124.676
G0 X121.928 Y122.636
G0 X113.072 Y122.635
G0 X112.89 Y125.983
G1 F3000 X111.949 Y125.041 E267.35085
G0 F9000 X112.331 Y124.754
G0 X112.782 Y109.872
G0 X115.12 Y109.8
G0 X115.12 Y109.99
G1 F3000 X115.524 Y108.482 E267.3898
G1 X115.377 Y108.483
G1 X112.509 Y109.252 E267.46386
G0 F9000 X114.483 Y108.484
G1 F3000 X115.989 Y109.99 E267.51699
G0 F9000 X115.989 Y109.8
G0 X119.778 Y109.8
G0 X119.778 Y109.989
G1 F3000 X120.182 Y108.483 E267.55589
G0 F9000 X120.847 Y108.484
G1 F3000 X122.353 Y109.99 E267.60902
G0 F9000 X122.06 Y110.04
;TYPE:SKIN
G1 F1500 X122.06 Y122.224 E267.91295
G1 X112.94 Y122.223 E268.14045
G1 X112.94 Y110.04 E268.44435
G1 X122.06 Y110.04 E268.67185
G0 F9000 X122.29 Y110.04
G0 X113.426 Y109.8
G0 X113.426 Y110.16
G1 F1500 X113.06 Y110.527 E268.68478
G0 F9000 X113.06 Y110.951
G1 F1500 X113.851 Y110.16 E268.71269
G0 F9000 X114.275 Y110.16
G1 F1500 X113.06 Y111.375 E268.75555
G0 F9000 X113.06 Y111.799
G1 F1500 X114.699 Y110.16 E268.81337
G0 F9000 X115.124 Y110.16
G1 F1500 X113.06 Y112.224 E268.88618
G0 F9000 X113.06 Y112.648
G1 F1500 X115.548 Y110.16 E268.97395
G0 F9000 X115.972 Y110.16
G1 F1500 X113.06 Y113.072 E269.07668
G0 F9000 X113.06 Y113.497
G1 F1500 X116.396 Y110.16 E269.19439
G0 F9000 X116.821 Y110.16
G1 F1500 X113.06 Y113.921 E269.32707
G0 F9000 X113.06 Y114.345
G1 F1500 X117.245 Y110.16 E269.4747
G0 F9000 X117.669 Y110.16
G1 F1500 X113.06 Y114.769 E269.6373
G0 F9000 X113.06 Y115.194
G1 F1500 X118.093 Y110.16 E269.81487
G0 F9000 X118.518 Y110.16
G1 F1500 X113.06 Y115.618 E270.00741
G0 F9000 X113.06 Y116.042
G1 F1500 X118.942 Y110.16 E270.21492
G0 F9000 X119.366 Y110.16
G1 F1500 X113.06 Y116.466 E270.43738
G0 F9000 X113.06 Y116.891
G1 F1500 X119.79 Y110.16 E270.67481
G0 F9000 X120.215 Y110.16
G1 F1500 X113.06 Y117.315 E270.92723
G0 F9000 X113.06 Y117.739
G1 F1500 X120.639 Y110.16 E271.1946
G0 F9000 X121.063 Y110.16
G1 F1500 X113.06 Y118.163 E271.47692
G0 F9000 X113.06 Y118.588
G1 F1500 X121.488 Y110.16 E271.77424
G0 F9000 X121.912 Y110.16
G1 F1500 X113.06 Y119.012 E272.08652
G0 F9000 X113.06 Y119.436
G1 F1500 X121.939 Y110.557 E272.39975
G0 F9000 X121.939 Y110.981
G1 F1500 X113.06 Y119.86 E272.71298
G0 F9000 X113.06 Y120.285
G1 F1500 X121.939 Y111.406 E273.02621
G0 F9000 X121.939 Y111.83
G1 F1500 X113.06 Y120.709 E273.33945
G0 F9000 X113.06 Y121.133
G1 F1500 X121.939 Y112.254 E273.65268
G0 F9000 X121.939 Y112.678
G1 F1500 X113.06 Y121.558 E273.96592
G0 F9000 X113.06 Y121.982
G1 F1500 X121.939 Y113.103 E274.27916
G0 F9000 X121.939 Y113.527
G1 F1500 X113.363 Y122.103 E274.5817
G0 F9000 X113.787 Y122.103
G1 F1500 X121.939 Y113.951 E274.86928
G0 F9000 X121.939 Y114.375
G1 F1500 X114.211 Y122.103 E275.14191
G0 F9000 X114.636 Y122.103
G1 F1500 X121.939 Y114.8 E275.39954
G0 F9000 X121.939 Y115.224
G1 F1500 X115.06 Y122.103 E275.64221
G0 F9000 X115.484 Y122.103
G1 F1500 X121.939 Y115.648 E275.86993
G0 F9000 X121.939 Y116.072
G1 F1500 X115.908 Y122.103 E276.08269
G0 F9000 X116.333 Y122.103
G1 F1500 X121.939 Y116.496 E276.28048
G0 F9000 X121.939 Y116.92
G1 F1500 X116.757 Y122.103 E276.4633
G0 F9000 X117.181 Y122.103
G1 F1500 X121.939 Y117.345 E276.63115
G0 F9000 X121.939 Y117.769
G1 F1500 X117.605 Y122.103 E276.78405
G0 F9000 X118.03 Y122.103
G1 F1500 X121.939 Y118.193 E276.92197
G0 F9000 X121.939 Y118.617
G1 F1500 X118.454 Y122.103 E277.04493
G0 F9000 X118.878 Y122.103
G1 F1500 X121.939 Y119.042 E277.15291
G0 F9000 X121.939 Y119.466
G1 F1500 X119.303 Y122.103 E277.24592
G0 F9000 X119.727 Y122.103
G1 F1500 X121.939 Y119.89 E277.32397
G0 F9000 X121.939 Y120.314
G1 F1500 X120.151 Y122.103 E277.38707
G0 F9000 X120.575 Y122.103
G1 F1500 X121.939 Y120.739 E277.43519
G0 F9000 X121.939 Y121.163
G1 F1500 X121 Y122.103 E277.46833
G0 F9000 X121.424 Y122.103
G1 F1500 X121.939 Y121.587 E277.48652
G0 F9000 X121.939 Y122.011
G1 F1500 X121.848 Y122.103 E277.48974
G0 F9000 X122.292 Y122.083
;TYPE:SKIN
G1 F1500 X122.292 Y121.871 E277.49412
G1 X122.292 Y109.992 E277.73957
G1 X122.186 Y109.886 E277.74267
G0 F9000 X122.26 Y109.83
G0 X112.829 Y109.8
G0 X112.706 Y110.031
G1 F1500 X112.62 Y109.905 E277.74574
G1 X112.706 Y110.455 E277.75695
G1 X112.706 Y122.334 E277.99623
G1 X112.705 Y124.882 E278.04755
G0 F9000 X112.814 Y124.773
G0 X111.657 Y125.081
G0 X111.624 Y125.114
G1 F1500 X111.547 Y124.979 E278.04986
G0 F9000 X111.326 Y124.139
G1 F1500 X111.274 Y123.979 E278.05336
G1 X111.235 Y123.806 E278.05705
G0 F9000 X111.276 Y123.938
G0 X111.839 Y124.886
G0 X112.331 Y124.754
G0 X113.072 Y122.635
G0 X121.928 Y122.636
G0 X122.184 Y123.676
G0 X122.299 Y123.561
G1 F1500 X122.299 Y123.349 E278.06209
G1 X122.299 Y122.288 E278.08733
G0 F9000 X122.414 Y122.173
G0 X122.414 Y123.658
G0 X122.299 Y123.773
G1 F1500 X122.299 Y123.985 E278.09208
G1 X122.305 Y124.827 E278.11095
G1 X122.389 Y124.956 E278.11441
G0 F9000 X122.364 Y124.981
G0 X123.363 Y125.042
G1 F1500 X123.489 Y124.916 E278.11663
G0 F9000 X123.775 Y124.207
G1 F1500 X123.691 Y124.078 E278.11883
G1 X123.734 Y123.823 E278.12252
G1 F2700 E273.12252
G0 F9000 X123.677 Y123.932
G0 X124.16 Y122.49
G0 X124.555 Y122.08
;TYPE:WALL-OUTER
G1 F2700 E278.12252
G1 F1500 X124.556 Y122.35 E278.12926
G1 X124.401 Y122.35 E278.13313
G1 X124.555 Y122.08 E278.14088
G0 F9000 X124.647 Y122.219
G1 F2700 E273.14088
G0 F9000 X124.605 Y122.218
G0 X124.683 Y121.592
G0 X126.601 Y120.177
G0 X126.746 Y119.636
;TYPE:WALL-INNER
G1 F2700 E278.14088
G1 F1500 X126.746 Y118.849 E278.16051
G1 X127.261 Y117.95 E278.18636
G1 X127.72 Y117.95 E278.19781
G1 X127.024 Y119.154 E278.2325
G1 X126.746 Y119.636 E278.23827
G0 F9000 X126.621 Y120.1
G0 X126.446 Y120.756
;TYPE:WALL-OUTER
G1 F1500 X126.446 Y118.77 E278.28781
G1 X127.087 Y117.65 E278.32
G1 X128.24 Y117.65 E278.34876
G1 X126.446 Y120.756 E278.43824
G0 F9000 X126.662 Y120.046
;TYPE:SKIN
G1 F1500 X126.659 Y119.837 E278.4439
G0 F9000 X126.983 Y118.876
G1 F1500 X127.206 Y118.44 E278.44834
G1 X127.335 Y118.1 E278.45163
G1 X127.831 Y117.816 E278.45681
G0 F9000 X127.562 Y117.925
G1 F2700 E273.45681
G0 F9000 X126.601 Y120.177
G0 X125.631 Y120.177
G0 X123.653 Y107.321
G0 X111.347 Y107.321
G0 X111.365 Y122.108
G0 X110.839 Y122.49
G0 X110.599 Y122.35
;TYPE:WALL-OUTER
G1 F2700 E278.45681
G1 F1500 X110.444 Y122.35 E278.46068
G1 X110.445 Y122.08 E278.46741
G1 X110.599 Y122.35 E278.47517
G0 F9000 X110.468 Y122.2
G1 F2700 E273.47517
G0 F9000 X110.302 Y121.54
G0 X108.4 Y120.181
G0 X108.254 Y119.638
;TYPE:WALL-INNER
G1 F2700 E278.47517
G1 F1500 X107.975 Y119.154 E278.4891
G1 X107.28 Y117.95 E278.52378
G1 X107.739 Y117.95 E278.53523
G1 X108.253 Y118.849 E278.56106
G1 X108.254 Y119.638 E278.57262
G0 F9000 X108.38 Y120.104
G0 X108.556 Y120.761
;TYPE:WALL-OUTER
G1 F1500 X106.76 Y117.65 E278.66223
G1 X107.913 Y117.65 E278.69099
G1 X108.553 Y118.77 E278.72317
G1 X108.556 Y120.761 E278.77283
G0 F9000 X108.381 Y120.083
;TYPE:SKIN
G1 F1500 X108.342 Y119.91 E278.77606
G1 X108.238 Y119.802 E278.77878
G0 F9000 X108.065 Y118.915
G1 F1500 X107.987 Y118.781 E278.78062
G1 X107.589 Y118.118 E278.78978
G0 F9000 X107.624 Y118.1
G1 F2700 E273.78978
;MESH:NONMESH
G0 F300 X107.624 Y118.1 Z6.2
G0 F9000 X108.384 Y118.814
G0 X109.368 Y118.812
G0 X111.347 Y107.321
G0 X123.653 Y107.321
G0 X123.635 Y122.108
G0 X124.16 Y122.49
G0 X124.675 Y121.766
G1 F2700 E278.78978
G0 F9000 X124.759 Y121.724
;TIME_ELAPSED:804.513586
;LAYER:30
;TYPE:WALL-OUTER
;MESH:cbar_model-DualBatClipHldr.stl
G1 F1500 X124.755 Y122.35 E278.8054
G1 X124.401 Y122.35 E278.81423
G1 X124.759 Y121.724 E278.83222
G1 F2700 E273.83222
G0 F9000 X124.052 Y121.321
G0 X123.653 Y107.321
G0 X111.347 Y107.321
G0 X111.365 Y122.108
G0 X110.599 Y122.35
G1 F2700 E278.83222
G1 F1500 X110.246 Y122.35 E278.84102
G1 X110.249 Y121.736 E278.85634
G1 X110.599 Y122.35 E278.87397
G1 F2700 E273.87397
G0 F9000 X112.32 Y122.35
G0 X121.928 Y122.537
G0 X122.05 Y126.576
;TYPE:WALL-INNER
G1 F2700 E278.87397
G1 F1500 X122.05 Y122.415 E278.97776
G1 X112.95 Y122.414 E279.20477
G1 X112.95 Y126.576 E279.30859
G1 X112.26 Y126.576 E279.3258
G1 X111.273 Y124.865 E279.37507
G1 X111.273 Y124.135 E279.39328
G1 X111.552 Y124.624 E279.39952
G1 X111.781 Y125.025 E279.41104
G1 X112.45 Y124.845 E279.42832
G1 X112.45 Y108.424 E279.83794
G1 X122.55 Y108.424 E280.08989
G1 X122.55 Y124.845 E280.49951
G1 X123.219 Y125.025 E280.51679
G1 X123.447 Y124.626 E280.52826
G1 X123.723 Y124.142 E280.54215
G1 X123.726 Y124.87 E280.55257
G1 X122.74 Y126.576 E280.60172
G1 X122.05 Y126.576 E280.61893
G0 F9000 X121.75 Y126.876
;TYPE:WALL-OUTER
G1 F1500 X121.75 Y122.715 E280.72273
G1 X113.25 Y122.714 E280.93476
G1 X113.25 Y126.876 E281.03859
G1 X112.087 Y126.876 E281.0676
G1 X110.973 Y124.946 E281.12318
G1 X110.973 Y123.004 E281.17163
G1 X111.927 Y124.675 E281.21963
G1 X112.15 Y124.615 E281.22539
G1 X112.15 Y108.124 E281.63676
G1 X122.85 Y108.124 E281.90367
G1 X122.85 Y124.615 E282.31504
G1 X123.073 Y124.675 E282.3208
G1 X124.028 Y123.003 E282.36883
G1 X124.023 Y124.179 E282.39817
G1 X124.026 Y124.95 E282.4174
G1 X122.913 Y126.876 E282.47289
G1 X121.75 Y126.876 E282.5019
G0 F9000 X121.97 Y126.656
G0 X122.109 Y125.461
;TYPE:FILL
G1 F3000 X123.364 Y125.125 E282.53431
G0 F9000 X121.936 Y124.704
G0 X121.928 Y122.537
G0 X113.072 Y122.536
G0 X112.89 Y125.782
G1 F3000 X112.107 Y124.999 E282.56193
G0 F9000 X112.331 Y124.754
G0 X112.782 Y109.872
G0 X114.973 Y109.8
G0 X114.973 Y109.99
G1 F3000 X115.377 Y108.482 E282.60088
G0 F9000 X115.925 Y108.483
G1 F3000 X112.509 Y109.399 E282.6891
G0 F9000 X114.684 Y108.484
G1 F3000 X116.19 Y109.99 E282.74223
G0 F9000 X116.19 Y109.8
G0 X119.631 Y109.8
G0 X119.631 Y109.989
G1 F3000 X120.035 Y108.482 E282.78115
G0 F9000 X121.048 Y108.484
G1 F3000 X122.489 Y109.925 E282.83198
G0 F9000 X122.06 Y110.04
;TYPE:SKIN
G1 F1500 X122.06 Y122.125 E283.13344
G1 X112.94 Y122.124 E283.36094
G1 X112.94 Y110.04 E283.66238
G1 X122.06 Y110.04 E283.88988
G0 F9000 X121.939 Y110.484
G1 F1500 X121.615 Y110.16 E283.90131
G0 F9000 X121.191 Y110.16
G1 F1500 X121.939 Y110.908 E283.9277
G0 F9000 X121.939 Y111.333
G1 F1500 X120.766 Y110.16 E283.96908
G0 F9000 X120.342 Y110.16
G1 F1500 X121.939 Y111.757 E284.02542
G0 F9000 X121.939 Y112.181
G1 F1500 X119.918 Y110.16 E284.09671
G0 F9000 X119.493 Y110.16
G1 F1500 X121.939 Y112.606 E284.183
G0 F9000 X121.939 Y113.03
G1 F1500 X119.069 Y110.16 E284.28425
G0 F9000 X118.645 Y110.16
G1 F1500 X121.939 Y113.454 E284.40045
G0 F9000 X121.939 Y113.878
G1 F1500 X118.221 Y110.16 E284.53162
G0 F9000 X117.796 Y110.16
G1 F1500 X121.939 Y114.303 E284.67777
G0 F9000 X121.939 Y114.727
G1 F1500 X117.372 Y110.16 E284.83888
G0 F9000 X116.948 Y110.16
G1 F1500 X121.939 Y115.151 E285.01495
G0 F9000 X121.939 Y115.575
G1 F1500 X116.524 Y110.16 E285.20598
G0 F9000 X116.099 Y110.16
G1 F1500 X121.939 Y116 E285.41201
G0 F9000 X121.94 Y116.425
G1 F1500 X115.675 Y110.16 E285.63302
G0 F9000 X115.251 Y110.16
G1 F1500 X121.94 Y116.849 E285.86899
G0 F9000 X121.94 Y117.273
G1 F1500 X114.827 Y110.16 E286.11992
G0 F9000 X114.402 Y110.16
G1 F1500 X121.94 Y117.697 E286.38583
G0 F9000 X121.94 Y118.122
G1 F1500 X113.978 Y110.16 E286.66671
G0 F9000 X113.554 Y110.16
G1 F1500 X121.94 Y118.546 E286.96255
G0 F9000 X121.94 Y118.97
G1 F1500 X113.13 Y110.16 E287.27335
G0 F9000 X113.059 Y110.513
G1 F1500 X121.94 Y119.394 E287.58665
G0 F9000 X121.94 Y119.819
G1 F1500 X113.059 Y110.937 E287.89997
G0 F9000 X113.059 Y111.362
G1 F1500 X121.94 Y120.243 E288.21327
G0 F9000 X121.94 Y120.667
G1 F1500 X113.059 Y111.786 E288.52657
G0 F9000 X113.059 Y112.21
G1 F1500 X121.94 Y121.092 E288.83989
G0 F9000 X121.94 Y121.516
G1 F1500 X113.059 Y112.635 E289.15319
G0 F9000 X113.059 Y113.059
G1 F1500 X121.94 Y121.94 E289.46649
G0 F9000 X121.579 Y122.003
G1 F1500 X113.059 Y113.483 E289.76706
G0 F9000 X113.059 Y113.907
G1 F1500 X121.154 Y122.003 E290.05265
G0 F9000 X120.73 Y122.003
G1 F1500 X113.059 Y114.332 E290.32326
G0 F9000 X113.059 Y114.756
G1 F1500 X120.306 Y122.003 E290.57892
G0 F9000 X119.882 Y122.003
G1 F1500 X113.059 Y115.18 E290.81962
G0 F9000 X113.059 Y115.604
G1 F1500 X119.457 Y122.003 E291.04534
G0 F9000 X119.033 Y122.003
G1 F1500 X113.059 Y116.029 E291.25609
G0 F9000 X113.059 Y116.453
G1 F1500 X118.609 Y122.003 E291.45188
G0 F9000 X118.185 Y122.003
G1 F1500 X113.059 Y116.877 E291.63272
G0 F9000 X113.059 Y117.301
G1 F1500 X117.76 Y122.003 E291.79857
G0 F9000 X117.336 Y122.003
G1 F1500 X113.059 Y117.726 E291.94946
G0 F9000 X113.059 Y118.15
G1 F1500 X116.912 Y122.003 E292.08538
G0 F9000 X116.488 Y122.003
G1 F1500 X113.059 Y118.574 E292.20635
G0 F9000 X113.059 Y118.999
G1 F1500 X116.063 Y122.003 E292.31232
G0 F9000 X115.639 Y122.003
G1 F1500 X113.059 Y119.423 E292.40334
G0 F9000 X113.059 Y119.847
G1 F1500 X115.215 Y122.003 E292.4794
G0 F9000 X114.791 Y122.003
G1 F1500 X113.059 Y120.271 E292.5405
G0 F9000 X113.059 Y120.696
G1 F1500 X114.366 Y122.003 E292.58661
G0 F9000 X113.942 Y122.003
G1 F1500 X113.059 Y121.12 E292.61776
G0 F9000 X113.059 Y121.544
G1 F1500 X113.518 Y122.003 E292.63395
G0 F9000 X112.707 Y121.828
;TYPE:SKIN
G1 F1500 X112.707 Y121.616 E292.6384
G1 X112.707 Y110.161 E292.8788
G1 X112.728 Y109.971 E292.88281
G0 F9000 X112.627 Y109.87
G0 X122.218 Y109.872
G0 X122.292 Y110.2
G1 F1500 X122.294 Y109.99 E292.88697
G1 X122.4 Y109.884 E292.88993
G1 X122.292 Y110.624 E292.90473
G1 X122.292 Y122.292 E293.13561
G1 X122.299 Y124.845 E293.18613
G0 F9000 X123.305 Y125.214
G1 F1500 X123.39 Y125.087 E293.1876
G1 X123.545 Y124.817 E293.19061
G0 F9000 X123.754 Y123.966
G1 F1500 X123.82 Y123.82 E293.19394
G1 X123.859 Y123.647 E293.19762
G0 F9000 X123.826 Y123.675
G0 X123.161 Y124.886
G0 X122.669 Y124.754
G0 X121.928 Y122.537
G0 X113.072 Y122.536
G0 X112.815 Y123.634
G0 X112.699 Y123.518
G1 F1500 X112.699 Y123.305 E293.20263
G1 X112.707 Y122.04 E293.23241
G0 F9000 X112.71 Y122.164
G0 X112.584 Y123.614
G0 X112.699 Y123.73
G1 F1500 X112.699 Y123.942 E293.23728
G1 X112.699 Y124.79 E293.25676
G1 X112.626 Y124.929 E293.26036
G0 F9000 X112.668 Y124.971
G0 X111.664 Y125.241
G0 X111.641 Y125.218
G1 F1500 X111.494 Y124.858 E293.26423
G0 F9000 X111.193 Y123.921
G1 F1500 X111.182 Y123.698 E293.26985
G1 F2700 E288.26985
G0 F9000 X111.151 Y123.717
G0 X111.839 Y124.886
G0 X112.331 Y124.754
G0 X113.072 Y122.536
G0 X122.218 Y122.283
G0 X122.68 Y119.984
G0 X123.665 Y119.984
G0 X125.432 Y119.983
G0 X126.397 Y119.982
G0 X126.546 Y119.984
;TYPE:WALL-INNER
G1 F2700 E293.26985
G1 F1500 X126.546 Y119.2 E293.2894
G1 X127.261 Y117.95 E293.32532
G1 X127.72 Y117.95 E293.33677
G1 X126.825 Y119.501 E293.38144
G1 X126.546 Y119.984 E293.38726
G0 F9000 X126.422 Y120.447
G0 X126.247 Y121.103
;TYPE:WALL-OUTER
G1 F1500 X126.246 Y119.121 E293.4367
G1 X127.087 Y117.65 E293.47897
G1 X128.24 Y117.65 E293.50773
G1 X126.247 Y121.103 E293.60718
G0 F9000 X126.41 Y120.47
;TYPE:SKIN
G1 F1500 X126.448 Y120.297 E293.61038
G1 X126.519 Y120.155 E293.61325
G0 F9000 X126.721 Y119.296
G1 F1500 X126.795 Y119.158 E293.61497
G1 X127.336 Y118.214 E293.62691
G1 X127.439 Y118.105 E293.62856
G0 F9000 X127.45 Y118.121
G1 F2700 E288.62856
G0 F9000 X126.415 Y119.165
G0 X125.432 Y119.166
G0 X123.653 Y107.321
G0 X111.347 Y107.321
G0 X109.576 Y119.201
G0 X108.611 Y119.203
G0 X108.463 Y119.999
;TYPE:WALL-INNER
G1 F2700 E293.62856
G1 F1500 X108.183 Y119.514 E293.64253
G1 X107.28 Y117.95 E293.68758
G1 X107.739 Y117.95 E293.69903
G1 X108.461 Y119.213 E293.73532
G1 X108.463 Y119.999 E293.74681
G0 F9000 X108.589 Y120.465
G0 X108.765 Y121.123
;TYPE:WALL-OUTER
G1 F1500 X106.76 Y117.65 E293.84685
G1 X107.913 Y117.65 E293.87561
G1 X108.761 Y119.134 E293.91824
G1 X108.765 Y121.123 E293.96786
G0 F9000 X108.555 Y120.435
;TYPE:SKIN
G1 F1500 X108.542 Y120.209 E293.97346
G0 F9000 X108.233 Y119.264
G1 F1500 X108.02 Y118.839 E293.98055
G1 X107.733 Y118.34 E293.98913
G0 F9000 X107.084 Y117.903
G1 F1500 X107.196 Y117.802 E293.99166
G0 F9000 X107.458 Y117.96
G1 F2700 E288.99166
;MESH:NONMESH
G0 F300 X107.458 Y117.96 Z6.4
G0 F9000 X108.609 Y120.542
G0 X110.082 Y122.05
;TIME_ELAPSED:843.068647
;LAYER:31
;TYPE:WALL-INNER
;MESH:cbar_model-DualBatClipHldr.stl
G1 F2700 E293.99166
G1 F1500 X109.647 Y122.05 E294.00252
G1 X107.28 Y117.95 E294.12061
G1 X107.739 Y117.95 E294.13206
G1 X110.082 Y122.05 E294.24986
G0 F9000 X110.599 Y122.35
;TYPE:WALL-OUTER
G1 F1500 X109.474 Y122.35 E294.27792
G1 X106.76 Y117.65 E294.41331
G1 X107.913 Y117.65 E294.44207
G1 X110.599 Y122.35 E294.5771
G1 F2700 E289.5771
G0 F9000 X110.341 Y122.249
G0 X111.233 Y121.819
G0 X111.347 Y107.321
G0 X123.653 Y107.321
G0 X123.766 Y121.82
G0 X124.547 Y122.265
G0 X124.918 Y122.05
;TYPE:WALL-INNER
G1 F2700 E294.5771
G1 F1500 X127.261 Y117.95 E294.6949
G1 X127.72 Y117.95 E294.70635
G1 X125.353 Y122.05 E294.82445
G1 X124.918 Y122.05 E294.8353
G0 F9000 X124.401 Y122.35
;TYPE:WALL-OUTER
G1 F1500 X127.087 Y117.65 E294.97033
G1 X128.24 Y117.65 E294.9991
G1 X125.526 Y122.35 E295.13448
G1 X124.401 Y122.35 E295.16254
G1 F2700 E290.16254
G0 F9000 X124.616 Y122.175
G0 X124.093 Y123.05
G0 X123.545 Y124.039
G0 X122.05 Y126.576
;TYPE:WALL-INNER
G1 F2700 E295.16254
G1 F1500 X122.05 Y122.19 E295.27195
G1 X112.95 Y122.19 E295.49895
G1 X112.95 Y126.576 E295.60836
G1 X112.26 Y126.576 E295.62558
G1 X111.127 Y124.615 E295.68207
G1 X111.131 Y123.886 E295.70026
G1 X111.407 Y124.369 E295.70638
G1 X111.781 Y125.025 E295.72522
G1 X112.45 Y124.845 E295.7425
G1 X112.45 Y108.424 E296.15213
G1 X122.55 Y108.424 E296.40407
G1 X122.55 Y124.845 E296.81369
G1 X123.219 Y125.025 E296.83098
G1 X123.604 Y124.351 E296.85034
G1 X123.879 Y123.869 E296.86418
G1 X123.884 Y124.594 E296.87456
G1 X122.74 Y126.576 E296.93164
G1 X122.05 Y126.576 E296.94886
G0 F9000 X121.75 Y126.876
;TYPE:WALL-OUTER
G1 F1500 X121.75 Y122.49 E297.05827
G1 X113.25 Y122.49 E297.2703
G1 X113.25 Y126.876 E297.37971
G1 X112.087 Y126.876 E297.40872
G1 X110.827 Y124.695 E297.47155
G1 X110.833 Y123.333 E297.50553
G1 X110.829 Y122.754 E297.51997
G1 X111.927 Y124.675 E297.57517
G1 X112.15 Y124.615 E297.58093
G1 X112.15 Y108.124 E297.9923
G1 X122.85 Y108.124 E298.25921
G1 X122.85 Y124.615 E298.67058
G1 X123.073 Y124.675 E298.67634
G1 X124.171 Y122.752 E298.73158
G1 X124.185 Y124.674 E298.77952
G1 X122.913 Y126.876 E298.84296
G1 X121.75 Y126.876 E298.87197
G0 F9000 X121.895 Y126.731
G0 X122.11 Y125.607
;TYPE:FILL
G1 F3000 X123.433 Y125.252 E298.90614
G0 F9000 X121.858 Y124.037
G0 X121.853 Y122.387
G0 X113.147 Y122.387
G0 X112.89 Y125.582
G1 F3000 X112.264 Y124.957 E298.92821
G0 F9000 X112.782 Y109.872
G0 X114.827 Y109.8
G0 X114.827 Y109.99
G1 F3000 X115.231 Y108.482 E298.96715
G0 F9000 X114.883 Y108.484
G1 F3000 X116.389 Y109.99 E299.02028
G0 F9000 X116.389 Y109.8
G0 X116.47 Y108.483
G1 F3000 X112.509 Y109.544 E299.12257
G0 F9000 X119.485 Y109.8
G0 X119.485 Y109.99
G1 F3000 X119.889 Y108.482 E299.16151
G0 F9000 X121.247 Y108.484
G1 F3000 X122.489 Y109.726 E299.20533
G0 F9000 X122.06 Y110.04
;TYPE:SKIN
G1 F1500 X122.06 Y121.9 E299.50118
G1 X112.94 Y121.9 E299.72867
G1 X112.94 Y110.04 E300.02452
G1 X122.06 Y110.04 E300.25202
G0 F9000 X122.29 Y110.04
G0 X113.426 Y109.8
G0 X113.426 Y110.16
G1 F1500 X113.06 Y110.527 E300.26495
G0 F9000 X113.06 Y110.951
G1 F1500 X113.851 Y110.16 E300.29286
G0 F9000 X114.275 Y110.16
G1 F1500 X113.06 Y111.375 E300.33572
G0 F9000 X113.06 Y111.799
G1 F1500 X114.699 Y110.16 E300.39354
G0 F9000 X115.124 Y110.16
G1 F1500 X113.06 Y112.224 E300.46635
G0 F9000 X113.06 Y112.648
G1 F1500 X115.548 Y110.16 E300.55412
G0 F9000 X115.972 Y110.16
G1 F1500 X113.06 Y113.072 E300.65685
G0 F9000 X113.06 Y113.497
G1 F1500 X116.396 Y110.16 E300.77456
G0 F9000 X116.821 Y110.16
G1 F1500 X113.06 Y113.921 E300.90724
G0 F9000 X113.06 Y114.345
G1 F1500 X117.245 Y110.16 E301.05487
G0 F9000 X117.669 Y110.16
G1 F1500 X113.06 Y114.769 E301.21747
G0 F9000 X113.06 Y115.194
G1 F1500 X118.093 Y110.16 E301.39504
G0 F9000 X118.518 Y110.16
G1 F1500 X113.06 Y115.618 E301.58758
G0 F9000 X113.06 Y116.042
G1 F1500 X118.942 Y110.16 E301.79509
G0 F9000 X119.366 Y110.16
G1 F1500 X113.06 Y116.466 E302.01755
G0 F9000 X113.06 Y116.891
G1 F1500 X119.79 Y110.16 E302.25499
G0 F9000 X120.215 Y110.16
G1 F1500 X113.06 Y117.315 E302.5074
G0 F9000 X113.06 Y117.739
G1 F1500 X120.639 Y110.16 E302.77477
G0 F9000 X121.063 Y110.16
G1 F1500 X113.06 Y118.163 E303.05709
G0 F9000 X113.06 Y118.588
G1 F1500 X121.488 Y110.16 E303.35441
G0 F9000 X121.912 Y110.16
G1 F1500 X113.06 Y119.012 E303.66669
G0 F9000 X113.06 Y119.436
G1 F1500 X121.939 Y110.557 E303.97992
G0 F9000 X121.939 Y110.981
G1 F1500 X113.06 Y119.86 E304.29315
G0 F9000 X113.06 Y120.285
G1 F1500 X121.939 Y111.406 E304.60638
G0 F9000 X121.939 Y111.83
G1 F1500 X113.06 Y120.709 E304.91962
G0 F9000 X113.06 Y121.133
G1 F1500 X121.939 Y112.254 E305.23285
G0 F9000 X121.939 Y112.678
G1 F1500 X113.06 Y121.558 E305.54609
G0 F9000 X113.262 Y121.779
G1 F1500 X121.939 Y113.103 E305.85218
G0 F9000 X121.939 Y113.527
G1 F1500 X113.687 Y121.779 E306.14329
G0 F9000 X114.111 Y121.779
G1 F1500 X121.939 Y113.951 E306.41945
G0 F9000 X121.939 Y114.375
G1 F1500 X114.535 Y121.779 E306.68064
G0 F9000 X114.96 Y121.779
G1 F1500 X121.939 Y114.8 E306.92685
G0 F9000 X121.939 Y115.224
G1 F1500 X115.384 Y121.779 E307.15809
G0 F9000 X115.808 Y121.779
G1 F1500 X121.939 Y115.648 E307.37438
G0 F9000 X121.939 Y116.072
G1 F1500 X116.232 Y121.779 E307.57571
G0 F9000 X116.657 Y121.779
G1 F1500 X121.939 Y116.497 E307.76205
G0 F9000 X121.939 Y116.921
G1 F1500 X117.081 Y121.779 E307.93342
G0 F9000 X117.504 Y121.78
G1 F1500 X121.939 Y117.345 E308.08988
G0 F9000 X121.939 Y117.77
G1 F1500 X117.929 Y121.78 E308.23135
G0 F9000 X118.353 Y121.78
G1 F1500 X121.939 Y118.194 E308.35785
G0 F9000 X121.939 Y118.618
G1 F1500 X118.777 Y121.78 E308.4694
G0 F9000 X119.201 Y121.78
G1 F1500 X121.939 Y119.042 E308.56599
G0 F9000 X121.939 Y119.467
G1 F1500 X119.626 Y121.78 E308.64759
G0 F9000 X120.05 Y121.78
G1 F1500 X121.939 Y119.891 E308.71423
G0 F9000 X121.939 Y120.315
G1 F1500 X120.474 Y121.78 E308.76591
G0 F9000 X120.898 Y121.78
G1 F1500 X121.939 Y120.739 E308.80263
G0 F9000 X121.939 Y121.164
G1 F1500 X121.323 Y121.78 E308.82436
G0 F9000 X121.747 Y121.78
G1 F1500 X121.939 Y121.588 E308.83114
G1 F2700 E303.83114
G0 F9000 X122.29 Y121.588
G0 X122.755 Y121.592
G0 X124.547 Y122.265
G0 X125.25 Y121.592
G1 F2700 E308.83114
G0 F9000 X125.299 Y121.622
G1 F1500 X125.678 Y121.243 E308.84451
G0 F9000 X125.865 Y120.631
G1 F1500 X126.258 Y120.238 E308.85837
G0 F9000 X126.431 Y119.641
G1 F1500 X126.839 Y119.233 E308.87276
G1 F2700 E303.87276
G0 F9000 X126.883 Y119.201
G0 X124.547 Y122.265
G0 X123.766 Y121.82
G0 X123.653 Y107.321
G0 X111.347 Y107.321
G0 X111.233 Y121.819
G0 X110.453 Y122.265
G0 X109.87 Y121.802
G1 F2700 E308.87276
G0 F9000 X109.818 Y121.829
G1 F1500 X109.718 Y121.929 E308.87629
G0 F9000 X109.563 Y121.66
G1 F1500 X109.664 Y121.559 E308.87986
G0 F9000 X109.407 Y121.391
G1 F1500 X109.509 Y121.29 E308.88344
G0 F9000 X109.252 Y121.123
G1 F1500 X109.355 Y121.019 E308.88709
G0 F9000 X109.096 Y120.854
G1 F1500 X109.201 Y120.749 E308.89079
G0 F9000 X108.941 Y120.585
G1 F1500 X109.047 Y120.479 E308.89453
G0 F9000 X108.786 Y120.316
G1 F1500 X108.893 Y120.209 E308.89831
G0 F9000 X108.63 Y120.047
G1 F1500 X108.738 Y119.94 E308.9021
G0 F9000 X108.475 Y119.778
G1 F1500 X108.584 Y119.67 E308.90593
G0 F9000 X108.32 Y119.509
G1 F1500 X108.429 Y119.399 E308.90979
G0 F9000 X108.207 Y119.197
G1 F1500 X108.164 Y119.24 E308.91131
;TYPE:SKIN
G1 X108.175 Y119.23
G1 X108.264 Y119.141 E308.91288
G0 F9000 X108.142 Y119.05
G1 F1500 X108.065 Y118.915 E308.91464
G1 X107.589 Y118.118 E308.92519
G1 F2700 E303.92519
G0 F9000 X107.624 Y118.084
G0 X109.149 Y119.964
G0 X109.921 Y119.523
G0 X111.335 Y119.964
G0 X112.245 Y119.964
G0 X112.584 Y118.002
G0 X112.706 Y117.88
G1 F2700 E308.92519
G1 F1500 X112.706 Y118.092 E308.92949
G1 X112.699 Y122.978 E309.02848
G1 X112.705 Y124.881 E309.06703
G0 F9000 X111.624 Y125.114
G1 F1500 X111.547 Y124.979 E309.0685
G1 X111.315 Y124.574 E309.07293
G0 F9000 X111.114 Y123.714
G1 F1500 X111.036 Y123.581 E309.07595
G1 X110.998 Y123.406 E309.07946
G0 F9000 X110.994 Y123.394
G0 X111.876 Y124.797
G0 X112.256 Y124.696
G0 X112.584 Y117.79
G0 X112.706 Y117.667
G1 F1500 X112.706 Y117.455 E309.08391
G1 X112.706 Y110.031 E309.23986
G1 X112.62 Y109.905 E309.24307
G0 F9000 X112.584 Y109.941
G0 X122.169 Y109.8
G0 X122.185 Y109.886
G1 F1500 X122.291 Y109.992 E309.24608
G1 X122.291 Y121.871 E309.48437
G1 X122.299 Y124.622 E309.53956
G1 X122.389 Y124.956 E309.5465
G0 F9000 X123.488 Y124.917
G1 F1500 X123.692 Y124.502 E309.55249
G0 F9000 X124.017 Y123.751
G1 F1500 X123.932 Y123.624 E309.55448
G1 X123.988 Y123.356 E309.55804
G1 F2700 E304.55804
G0 F9000 X124 Y123.346
G0 X124.093 Y123.05
G0 X124.547 Y122.265
G0 X126.755 Y119.105
G0 X126.922 Y118.938
G1 F2700 E309.55804
G1 F1500 X127.209 Y118.439 E309.56649
G1 X127.337 Y118.099 E309.57183
G0 F9000 X127.352 Y118.084
G1 F2700 E304.57183
;MESH:NONMESH
G0 F300 X127.352 Y118.084 Z6.6
G0 F9000 X124.547 Y122.265
G0 X123.766 Y121.82
G0 X123.653 Y107.321
G0 X111.347 Y107.321
G0 X111.233 Y121.819
G0 X110.453 Y122.265
G0 X110.082 Y122.05
;TIME_ELAPSED:884.169862
;LAYER:32
;TYPE:WALL-INNER
;MESH:cbar_model-DualBatClipHldr.stl
G1 F2700 E309.57183
G1 F1500 X109.647 Y122.05 E309.58268
G1 X107.28 Y117.95 E309.70077
G1 X107.739 Y117.95 E309.71222
G1 X110.082 Y122.05 E309.83002
G0 F9000 X110.599 Y122.35
;TYPE:WALL-OUTER
G1 F1500 X109.474 Y122.35 E309.85808
G1 X106.76 Y117.65 E309.99347
G1 X107.913 Y117.65 E310.02223
G1 X110.599 Y122.35 E310.15727
G1 F2700 E305.15727
G0 F9000 X110.34 Y122.249
G0 X111.233 Y121.819
G0 X108.383 Y116.841
G0 X106.119 Y116.841
G0 X105.738 Y117.5
G0 X111.619 Y127.685
G0 X123.38 Y127.685
G0 X129.262 Y117.5
G0 X128.881 Y116.841
G0 X126.617 Y116.841
G0 X123.766 Y121.82
G0 X124.548 Y122.265
G0 X124.918 Y122.05
;TYPE:WALL-INNER
G1 F2700 E310.15727
G1 F1500 X127.261 Y117.95 E310.27506
G1 X127.72 Y117.95 E310.28651
G1 X125.353 Y122.05 E310.40461
G1 X124.918 Y122.05 E310.41546
G0 F9000 X124.401 Y122.35
;TYPE:WALL-OUTER
G1 F1500 X127.087 Y117.65 E310.5505
G1 X128.24 Y117.65 E310.57926
G1 X125.526 Y122.35 E310.71464
G1 X124.401 Y122.35 E310.74271
G1 F2700 E305.74271
G0 F9000 X124.617 Y122.175
G0 X124.302 Y122.687
G0 X123.635 Y123.883
G0 X122.05 Y126.576
;TYPE:WALL-INNER
G1 F2700 E310.74271
G1 F1500 X122.05 Y110.05 E311.15495
G1 X112.95 Y110.05 E311.38195
G1 X112.95 Y126.576 E311.79419
G1 X112.26 Y126.576 E311.81141
G1 X110.919 Y124.253 E311.87832
G1 X110.926 Y123.616 E311.89421
G1 X110.925 Y123.527 E311.89643
G1 X111.158 Y123.936 E311.90437
G1 X111.781 Y125.025 E311.93567
G1 X112.45 Y124.845 E311.95295
G1 X112.45 Y108.424 E312.36257
G1 X122.55 Y108.424 E312.61452
G1 X122.55 Y124.845 E313.02414
G1 X123.219 Y125.025 E313.04142
G1 X124.075 Y123.526 E313.08448
G1 X124.074 Y123.694 E313.08868
G1 X124.089 Y124.241 E313.10233
G1 X122.74 Y126.576 E313.16959
G1 X122.05 Y126.576 E313.18681
G0 F9000 X121.75 Y126.876
;TYPE:WALL-OUTER
G1 F1500 X121.75 Y110.35 E313.59905
G1 X113.25 Y110.35 E313.81108
G1 X113.25 Y126.876 E314.22333
G1 X112.087 Y126.876 E314.25234
G1 X110.618 Y124.332 E314.32562
G1 X110.626 Y123.616 E314.34348
G1 X110.616 Y122.381 E314.37429
G1 X111.927 Y124.675 E314.4402
G1 X112.15 Y124.615 E314.44596
G1 X112.15 Y108.124 E314.85733
G1 X122.85 Y108.124 E315.12424
G1 X122.85 Y124.615 E315.53561
G1 X123.073 Y124.675 E315.54137
G1 X124.384 Y122.381 E315.60728
G1 X124.374 Y123.691 E315.63996
G1 X124.391 Y124.318 E315.6556
G1 X122.913 Y126.876 E315.7293
G1 X121.75 Y126.876 E315.75831
G0 F9000 X121.895 Y126.731
G0 X122.11 Y125.753
;TYPE:FILL
G1 F3000 X123.334 Y125.425 E315.78992
G1 F2700 E310.78992
G0 F9000 X121.862 Y123.901
G0 X121.853 Y110.247
G0 X113.147 Y110.247
G0 X112.89 Y125.383
G1 F2700 E315.78992
G1 F3000 X112.421 Y124.914 E315.80647
G0 F9000 X113.147 Y110.247
G0 X114.681 Y109.989
G1 F3000 X115.085 Y108.482 E315.84539
G1 X115.083 Y108.484
G1 X116.589 Y109.99 E315.89851
G0 F9000 X117.014 Y108.483
G1 F3000 X112.509 Y109.69 E316.01486
G0 F9000 X119.339 Y109.99
G1 F3000 X119.743 Y108.482 E316.0538
G0 F9000 X121.447 Y108.484
G1 F3000 X122.489 Y109.526 E316.09056
G1 F2700 E311.09056
G0 F9000 X122.755 Y119.515
G0 X123.665 Y119.515
G0 X124.51 Y120.519
G0 X125.299 Y120.969
G0 X126.642 Y119.294
G1 F2700 E316.09056
G0 F9000 X126.695 Y119.483
;TYPE:SKIN
G1 F1500 X126.584 Y119.371 E316.09449
G0 F9000 X126.429 Y119.641
G1 F1500 X126.54 Y119.752 E316.09841
G0 F9000 X126.275 Y119.911
G1 F1500 X126.384 Y120.02 E316.10225
G0 F9000 X126.121 Y120.181
G1 F1500 X126.229 Y120.29 E316.10608
G0 F9000 X125.967 Y120.452
G1 F1500 X126.074 Y120.558 E316.10984
G0 F9000 X125.812 Y120.721
G1 F1500 X125.918 Y120.827 E316.11358
G0 F9000 X125.658 Y120.991
G1 F1500 X125.763 Y121.096 E316.11728
G0 F9000 X125.504 Y121.261
G1 F1500 X125.608 Y121.365 E316.12095
G0 F9000 X125.35 Y121.531
G1 F1500 X125.452 Y121.634 E316.12457
G0 F9000 X125.196 Y121.801
G1 F1500 X125.297 Y121.903 E316.12815
G1 F2700 E311.12815
G0 F9000 X125.349 Y121.935
G0 X124.548 Y122.265
G0 X123.766 Y121.82
G0 X126.617 Y116.841
G0 X128.881 Y116.841
G0 X129.262 Y117.5
G0 X123.38 Y127.685
G0 X111.619 Y127.685
G0 X105.738 Y117.5
G0 X106.119 Y116.841
G0 X108.383 Y116.841
G0 X111.233 Y121.819
G0 X110.452 Y122.265
G0 X109.695 Y121.495
G1 F2700 E316.12815
G0 F9000 X109.643 Y121.523
G1 F1500 X109.262 Y121.142 E316.14159
G0 F9000 X109.077 Y120.532
G1 F1500 X108.682 Y120.137 E316.15552
G0 F9000 X108.511 Y119.542
G1 F1500 X108.279 Y119.31 E316.16371
;TYPE:SKIN
G1 X108.328 Y119.358
G1 X108.142 Y119.172 E316.16699
G0 F9000 X108.018 Y118.837
G1 F1500 X107.731 Y118.338 E316.17895
G1 F2700 E311.17895
G0 F9000 X107.56 Y118.167
G0 X109.19 Y120.037
G0 X109.962 Y119.595
G0 X111.335 Y120.037
G0 X112.245 Y120.037
G0 X112.584 Y118.099
G0 X112.699 Y118.214
G1 F2700 E316.17895
G1 F1500 X112.699 Y118.002 E316.18308
G1 X112.699 Y110.153 E316.33605
G1 X112.721 Y109.963 E316.33978
G0 F9000 X112.627 Y109.87
G0 X112.584 Y118.311
G0 X112.699 Y118.426
G1 F1500 X112.699 Y118.639 E316.34403
G1 X112.699 Y124.79 E316.46669
G1 X112.626 Y124.929 E316.46982
G0 F9000 X111.641 Y125.218
G1 F1500 X111.453 Y124.817 E316.47404
G1 X111.175 Y124.328 E316.47941
G0 F9000 X110.825 Y123.341
G1 F1500 X110.863 Y123.167 E316.48563
G1 F2700 E311.48563
G0 F9000 X110.937 Y123.294
G0 X111.876 Y124.797
G0 X112.256 Y124.696
G0 X113.147 Y110.247
G0 X121.853 Y110.247
G0 X122.184 Y123.245
G0 X122.299 Y123.36
G1 F2700 E316.48563
G1 F1500 X122.299 Y123.148 E316.48969
G1 X122.299 Y109.995 E316.74189
G1 X122.4 Y109.884 E316.74476
G1 F2700 E311.74476
G0 F9000 X122.415 Y109.899
G0 X122.755 Y118.085
G0 X123.665 Y118.085
G0 X125.126 Y119.441
G0 X125.915 Y119.891
G0 X127.419 Y118.085
G0 X127.44 Y118.106
G1 F2700 E316.74476
G1 F1500 X127.336 Y118.215 E316.74641
G1 X126.718 Y119.293 E316.75996
G1 F2700 E311.75996
G0 F9000 X126.62 Y119.239
G0 X124.548 Y122.265
G0 X124.302 Y122.687
G0 X124.174 Y123.099
G1 F2700 E316.75996
G0 F9000 X124.19 Y123.129
G1 F1500 X124.151 Y123.302 E316.76318
G1 X124.005 Y123.368 E316.76609
G0 F9000 X123.923 Y124.135
G1 F1500 X123.854 Y124.278 E316.76743
G1 X123.305 Y125.214 E316.77659
G0 F9000 X122.299 Y124.845
G1 F1500 X122.299 Y124.632 E316.78167
G1 X122.299 Y123.572 E316.80693
G0 F9000 X122.184 Y123.457
G1 F2700 E311.80693
;MESH:NONMESH
G0 F300 X122.184 Y123.457 Z6.8
G0 F9000 X121.853 Y110.247
G0 X113.147 Y110.247
G0 X112.245 Y122.05
G0 X110.452 Y122.265
G0 X110.081 Y122.05
;TIME_ELAPSED:911.748182
;LAYER:33
;TYPE:WALL-INNER
;MESH:cbar_model-DualBatClipHldr.stl
G1 F2700 E316.80693
G1 F1500 X109.647 Y122.05 E316.81775
G1 X107.28 Y117.95 E316.93585
G1 X107.739 Y117.95 E316.9473
G1 X110.081 Y122.05 E317.06508
G1 F2700 E312.06508
G0 F9000 X110.459 Y122.325
G0 X111.876 Y124.798
G0 X112.256 Y124.696
G0 X113.147 Y110.247
G0 X121.853 Y110.247
G0 X122.744 Y124.696
G0 X123.124 Y124.798
G0 X124.54 Y122.325
G0 X124.919 Y122.05
G1 F2700 E317.06508
G1 F1500 X127.261 Y117.95 E317.18287
G1 X127.72 Y117.95 E317.19432
G1 X125.353 Y122.05 E317.31241
G1 X124.919 Y122.05 E317.32324
G0 F9000 X124.658 Y122.209
G0 X122.05 Y126.576
G1 F1500 X122.05 Y110.05 E317.73548
G1 X112.95 Y110.05 E317.96248
G1 X112.95 Y126.576 E318.37473
G1 X112.26 Y126.576 E318.39194
G1 X110.595 Y123.69 E318.47505
G1 X110.61 Y123.243 E318.48621
G1 X110.606 Y122.968 E318.49307
G1 X111.781 Y125.025 E318.55216
G1 X112.45 Y124.845 E318.56944
G1 X112.45 Y108.424 E318.97907
G1 X122.55 Y108.424 E319.23101
G1 X122.55 Y124.845 E319.64064
G1 X123.219 Y125.025 E319.65792
G1 X124.406 Y122.946 E319.71764
G1 X124.41 Y123.291 E319.72624
G1 X124.422 Y123.665 E319.73558
G1 X122.74 Y126.576 E319.81944
G1 X122.05 Y126.576 E319.83665
G0 F9000 X121.75 Y126.876
;TYPE:WALL-OUTER
G1 F1500 X121.75 Y110.35 E320.2489
G1 X113.25 Y110.35 E320.46093
G1 X113.25 Y126.876 E320.87317
G1 X112.087 Y126.876 E320.90218
G1 X110.292 Y123.766 E320.99176
G1 X110.31 Y123.24 E321.00489
G1 X110.296 Y122.35 E321.02709
G1 X109.474 Y122.35 E321.0476
G1 X106.76 Y117.65 E321.18298
G1 X107.913 Y117.65 E321.21174
G1 X111.927 Y124.675 E321.41357
G1 X112.15 Y124.615 E321.41933
G1 X112.15 Y108.124 E321.8307
G1 X122.85 Y108.124 E322.09761
G1 X122.85 Y124.615 E322.50898
G1 X123.073 Y124.675 E322.51474
G1 X127.087 Y117.65 E322.71657
G1 X128.24 Y117.65 E322.74533
G1 X125.526 Y122.35 E322.88072
G1 X124.7 Y122.35 E322.90132
G1 X124.71 Y123.284 E322.92462
G1 X124.725 Y123.741 E322.93603
G1 X122.913 Y126.876 E323.02636
G1 X121.75 Y126.876 E323.05537
G0 F9000 X121.895 Y126.731
G0 X122.11 Y125.9
;TYPE:FILL
G1 F3000 X123.234 Y125.599 E323.08439
G1 F2700 E318.08439
G0 F9000 X121.862 Y124.013
G0 X121.853 Y110.247
G0 X113.147 Y110.247
G0 X112.89 Y125.182
G1 F2700 E323.08439
G1 F3000 X112.579 Y124.872 E323.09535
G0 F9000 X113.147 Y110.247
G0 X114.534 Y109.989
G1 F3000 X114.938 Y108.482 E323.13427
G0 F9000 X115.283 Y108.484
G1 F3000 X116.789 Y109.99 E323.1874
G0 F9000 X117.563 Y108.483
G1 F3000 X112.509 Y109.837 E323.31791
G0 F9000 X119.192 Y109.99
G1 F3000 X119.596 Y108.482 E323.35686
G0 F9000 X121.647 Y108.484
G1 F3000 X122.489 Y109.325 E323.38654
G0 F9000 X122.744 Y124.696
G0 X123.124 Y124.798
G0 X124.988 Y121.534
G0 X126.581 Y119.45
G0 X126.565 Y119.508
;TYPE:SKIN
G1 F1500 X126.432 Y119.64 E323.39122
G0 F9000 X126.26 Y120.236
G1 F1500 X125.867 Y120.629 E323.40508
G0 F9000 X125.679 Y121.242
G1 F1500 X125.302 Y121.619 E323.41838
G1 F2700 E318.41838
G0 F9000 X125.252 Y121.59
G0 X124.608 Y122.203
G0 X123.124 Y124.798
G0 X122.744 Y124.696
G0 X121.853 Y110.247
G0 X113.147 Y110.247
G0 X112.256 Y124.696
G0 X111.876 Y124.798
G0 X110.483 Y122.368
G0 X109.869 Y121.801
G1 F2700 E323.41838
G0 F9000 X109.817 Y121.83
G1 F1500 X109.718 Y121.929 E323.42187
G0 F9000 X109.563 Y121.66
G1 F1500 X109.663 Y121.56 E323.4254
G0 F9000 X109.407 Y121.391
G1 F1500 X109.508 Y121.29 E323.42897
G0 F9000 X109.252 Y121.123
G1 F1500 X109.354 Y121.02 E323.43258
G0 F9000 X109.097 Y120.853
G1 F1500 X109.2 Y120.75 E323.43621
G0 F9000 X108.941 Y120.585
G1 F1500 X109.046 Y120.48 E323.43992
G0 F9000 X108.786 Y120.316
G1 F1500 X108.892 Y120.21 E323.44366
G0 F9000 X108.631 Y120.046
G1 F1500 X108.738 Y119.94 E323.44742
G0 F9000 X108.475 Y119.778
G1 F1500 X108.584 Y119.67 E323.45124
G0 F9000 X108.374 Y119.454
;TYPE:SKIN
G1 F1500 X108.296 Y119.319 E323.45296
G1 X107.589 Y118.118 E323.4683
G0 F9000 X107.624 Y118.084
G0 X110.786 Y122.893
G0 X111.876 Y124.798
G0 X112.256 Y124.696
G0 X112.584 Y118.002
G0 X112.699 Y117.887
G1 F1500 X112.699 Y117.675 E323.47248
G1 X112.699 Y110.038 E323.62295
G1 X112.62 Y109.905 E323.626
G0 F9000 X112.656 Y109.87
G0 X112.814 Y117.985
G0 X112.699 Y118.099
G1 F1500 X112.699 Y118.311 E323.63024
G1 X112.705 Y124.882 E323.76185
G0 F9000 X111.624 Y125.114
G1 F1500 X111.547 Y124.979 E323.76315
G1 X110.773 Y123.631 E323.77611
G0 F9000 X110.552 Y122.791
G1 F1500 X110.501 Y122.63 E323.77974
G1 X110.461 Y122.459 E323.78352
G1 F2700 E318.78352
G0 F9000 X110.455 Y122.449
G0 X111.876 Y124.798
G0 X112.256 Y124.696
G0 X113.147 Y110.247
G0 X121.853 Y110.247
G0 X122.184 Y122.403
G0 X122.299 Y122.288
G1 F2700 E323.78352
G1 F1500 X122.299 Y122.076 E323.78768
G1 X122.299 Y109.985 E324.02502
G0 F9000 X122.414 Y109.87
G0 X122.744 Y124.696
G0 X123.124 Y124.798
G0 X124.266 Y122.803
G0 X127.352 Y118.084
G0 X127.337 Y118.099
G1 F1500 X127.207 Y118.44 E324.0293
G1 X126.656 Y119.415 E324.04244
G0 F9000 X126.438 Y119.513
G0 X124.596 Y122.247
G0 X124.527 Y122.567
G0 X124.448 Y122.684
G1 F1500 X124.533 Y122.812 E324.04783
G0 F9000 X124.231 Y123.538
G1 F1500 X124.059 Y123.921 E324.05172
G1 X123.488 Y124.917 E324.06236
G0 F9000 X122.389 Y124.956
G1 F1500 X122.305 Y124.827 E324.06541
G1 X122.299 Y122.5 E324.11158
G0 F9000 X122.184 Y122.615
;MESH:NONMESH
G0 F300 X122.184 Y122.615 Z7
G0 F9000 X122.05 Y126.576
;TIME_ELAPSED:935.588582
;LAYER:34
;TYPE:WALL-INNER
;MESH:cbar_model-DualBatClipHldr.stl
G1 F1500 X122.05 Y110.05 E324.52382
G1 X112.95 Y110.05 E324.75082
G1 X112.95 Y126.576 E325.16306
G1 X112.26 Y126.576 E325.18027
G1 X107.28 Y117.95 E325.42873
G1 X107.739 Y117.95 E325.44018
G1 X111.781 Y125.025 E325.64344
G1 X112.45 Y124.845 E325.66072
G1 X112.45 Y108.424 E326.07035
G1 X122.55 Y108.424 E326.32229
G1 X122.55 Y124.845 E326.73192
G1 X123.219 Y125.025 E326.7492
G1 X127.261 Y117.95 E326.95246
G1 X127.72 Y117.95 E326.96391
G1 X122.74 Y126.576 E327.21237
G1 X122.05 Y126.576 E327.22958
G0 F9000 X121.75 Y126.876
;TYPE:WALL-OUTER
G1 F1500 X121.75 Y110.35 E327.64182
G1 X113.25 Y110.35 E327.85386
G1 X113.25 Y126.876 E328.2661
G1 X112.087 Y126.876 E328.29511
G1 X106.76 Y117.65 E328.56086
G1 X107.913 Y117.65 E328.58962
G1 X111.927 Y124.675 E328.79145
G1 X112.15 Y124.615 E328.79721
G1 X112.15 Y108.124 E329.20858
G1 X122.85 Y108.124 E329.47549
G1 X122.85 Y124.615 E329.88686
G1 X123.073 Y124.675 E329.89262
G1 X127.087 Y117.65 E330.09445
G1 X128.24 Y117.65 E330.12322
G1 X122.913 Y126.876 E330.38897
G1 X121.75 Y126.876 E330.41798
G0 F9000 X122.11 Y126.046
;TYPE:FILL
G1 F3000 X123.133 Y125.772 E330.4444
G1 F2700 E325.4444
G0 F9000 X121.937 Y124.128
G0 X121.928 Y110.172
G0 X113.072 Y110.172
G0 X112.89 Y124.983
G1 F2700 E330.4444
G1 F3000 X112.736 Y124.829 E330.44983
G0 F9000 X112.509 Y109.983
G1 F3000 X118.108 Y108.483 E330.59442
G0 F9000 X119.45 Y108.482
G1 F3000 X119.047 Y109.989 E330.63334
G0 F9000 X116.989 Y109.99
G1 F3000 X115.483 Y108.484 E330.68646
G0 F9000 X114.792 Y108.482
G1 F3000 X114.388 Y109.989 E330.72538
G0 F9000 X121.847 Y108.484
G1 F3000 X122.489 Y109.126 E330.74803
G0 F9000 X122.669 Y124.754
G0 X123.161 Y124.886
G0 X126.236 Y119.501
G0 X126.4 Y119.817
G0 X126.385 Y120.021
;TYPE:SKIN
G1 F1500 X126.277 Y119.913 E330.75184
G0 F9000 X126.122 Y120.182
G1 F1500 X126.229 Y120.29 E330.75563
G0 F9000 X125.968 Y120.452
G1 F1500 X126.075 Y120.559 E330.75941
G0 F9000 X125.814 Y120.722
G1 F1500 X125.919 Y120.828 E330.76313
G0 F9000 X125.659 Y120.993
G1 F1500 X125.763 Y121.096 E330.76678
G0 F9000 X125.505 Y121.263
G1 F1500 X125.609 Y121.366 E330.77043
G0 F9000 X125.351 Y121.533
G1 F1500 X125.453 Y121.635 E330.77403
G0 F9000 X125.196 Y121.802
G1 F1500 X125.297 Y121.903 E330.77759
G0 F9000 X125.042 Y122.072
G1 F1500 X125.143 Y122.173 E330.78116
G0 F9000 X124.888 Y122.342
G1 F1500 X124.987 Y122.441 E330.78465
G0 F9000 X124.734 Y122.613
G1 F1500 X124.832 Y122.711 E330.78811
G0 F9000 X124.58 Y122.883
G1 F1500 X124.677 Y122.98 E330.79153
G0 F9000 X124.426 Y123.153
G1 F1500 X124.521 Y123.248 E330.79488
G0 F9000 X124.271 Y123.423
G1 F1500 X124.366 Y123.518 E330.79823
G0 F9000 X124.117 Y123.692
G1 F1500 X124.211 Y123.786 E330.80155
G0 F9000 X123.962 Y123.962
G1 F1500 X124.055 Y124.055 E330.80483
G1 F2700 E325.80483
G0 F9000 X124.107 Y124.086
G0 X123.161 Y124.886
G0 X122.669 Y124.754
G0 X121.928 Y110.172
G0 X113.072 Y110.172
G0 X112.331 Y124.754
G0 X111.839 Y124.886
G0 X111.03 Y124.28
G1 F2700 E330.80483
G0 F9000 X111.074 Y124.226
G1 F1500 X111.001 Y124.153 E330.8074
G0 F9000 X110.773 Y123.501
G1 F1500 X110.421 Y123.149 E330.81982
G0 F9000 X110.208 Y122.511
G1 F1500 X109.841 Y122.145 E330.83275
G0 F9000 X109.643 Y121.522
G1 F1500 X109.262 Y121.141 E330.84619
G0 F9000 X109.078 Y120.534
G1 F1500 X108.682 Y120.137 E330.86018
G0 F9000 X108.556 Y119.799
;TYPE:SKIN
G1 F1500 X108.306 Y119.337 E330.86744
G1 X107.732 Y118.339 E330.88337
G0 F9000 X107.56 Y118.167
G0 X110.749 Y122.98
G0 X111.839 Y124.886
G0 X112.331 Y124.754
G0 X112.584 Y118.099
G0 X112.699 Y118.214
G1 F1500 X112.699 Y118.002 E330.8875
G1 X112.699 Y110.153 E331.04047
G1 X112.721 Y109.963 E331.0442
G0 F9000 X112.627 Y109.87
G0 X112.584 Y118.311
G0 X112.699 Y118.426
G1 F1500 X112.699 Y118.639 E331.04844
G1 X112.699 Y124.79 E331.1711
G1 X112.626 Y124.929 E331.17423
G0 F9000 X111.641 Y125.218
G1 F1500 X111.453 Y124.818 E331.17846
G1 X111.167 Y124.319 E331.18395
G1 F2700 E326.18395
G0 F9000 X110.975 Y124.228
G0 X111.839 Y124.886
G0 X112.331 Y124.754
G0 X113.072 Y110.172
G0 X121.928 Y110.172
G0 X122.184 Y124.093
G0 X122.299 Y124.208
G1 F2700 E331.18395
G1 F1500 X122.299 Y123.996 E331.18801
G1 X122.299 Y109.995 E331.45645
G1 X122.4 Y109.884 E331.45932
G0 F9000 X122.415 Y109.899
G0 X122.669 Y124.754
G0 X123.161 Y124.886
G0 X127.418 Y118.084
G0 X127.439 Y118.105
G1 F1500 X127.336 Y118.214 E331.46092
G1 X126.408 Y119.832 E331.48075
G0 F9000 X126.364 Y119.788
G0 X123.796 Y124.217
G0 X123.855 Y124.279
G1 F1500 X123.777 Y124.413 E331.4821
G1 X123.305 Y125.214 E331.49018
G0 F9000 X122.299 Y124.845
G1 F1500 X122.299 Y124.632 E331.49677
G1 X122.299 Y124.42 E331.50332
G0 F9000 X122.2 Y124.305
;MESH:NONMESH
G0 F300 X122.2 Y124.305 Z7.2
G0 F9000 X122.05 Y126.576
;TIME_ELAPSED:957.504508
;LAYER:35
;TYPE:WALL-INNER
;MESH:cbar_model-DualBatClipHldr.stl
G1 F1500 X122.05 Y110.05 E331.91557
G1 X112.95 Y110.05 E332.14257
G1 X112.95 Y126.576 E332.55481
G1 X112.26 Y126.576 E332.57202
G1 X107.28 Y117.95 E332.82048
G1 X107.739 Y117.95 E332.83193
G1 X111.781 Y125.025 E333.03519
G1 X112.45 Y124.845 E333.05247
G1 X112.45 Y108.424 E333.4621
G1 X122.55 Y108.424 E333.71404
G1 X122.55 Y124.845 E334.12367
G1 X123.219 Y125.025 E334.14095
G1 X127.261 Y117.95 E334.34421
G1 X127.72 Y117.95 E334.35565
G1 X122.74 Y126.576 E334.60412
G1 X122.05 Y126.576 E334.62133
G0 F9000 X121.75 Y126.876
;TYPE:WALL-OUTER
G1 F1500 X121.75 Y110.35 E335.03357
G1 X113.25 Y110.35 E335.2456
G1 X113.25 Y126.876 E335.65785
G1 X112.087 Y126.876 E335.68686
G1 X106.76 Y117.65 E335.95261
G1 X107.913 Y117.65 E335.98137
G1 X111.927 Y124.675 E336.1832
G1 X112.15 Y124.615 E336.18896
G1 X112.15 Y108.124 E336.60033
G1 X122.85 Y108.124 E336.86724
G1 X122.85 Y124.615 E337.27861
G1 X123.073 Y124.675 E337.28437
G1 X127.087 Y117.65 E337.4862
G1 X128.24 Y117.65 E337.51496
G1 X122.913 Y126.876 E337.78072
G1 X121.75 Y126.876 E337.80973
G0 F9000 X122.11 Y126.193
;TYPE:FILL
G1 F3000 X123.033 Y125.946 E337.83356
G0 F9000 X122.669 Y124.754
G0 X121.928 Y110.172
G0 X118.9 Y109.989
G1 F3000 X119.303 Y108.482 E337.87247
G0 F9000 X118.656 Y108.483
G1 F3000 X113.038 Y109.989 E338.01756
G0 F9000 X114.241 Y109.989
G1 F3000 X114.645 Y108.482 E338.05648
G0 F9000 X115.684 Y108.484
G1 F3000 X117.19 Y109.99 E338.10961
G0 F9000 X122.048 Y108.484
G1 F3000 X122.489 Y108.925 E338.12517
G0 F9000 X122.669 Y124.754
G0 X123.161 Y124.886
G0 X125.163 Y121.876
G0 X125.152 Y122.275
G0 X125.1 Y122.245
;TYPE:SKIN
G1 F1500 X124.737 Y122.608 E338.13797
G0 F9000 X124.521 Y123.248
G1 F1500 X124.17 Y123.599 E338.15036
G1 F2700 E333.15036
G0 F9000 X124.121 Y123.57
G0 X123.161 Y124.886
G0 X122.669 Y124.754
G0 X121.928 Y110.172
G0 X113.072 Y110.172
G0 X112.331 Y124.754
G0 X111.839 Y124.886
G0 X110.752 Y123.841
G1 F2700 E338.15036
G0 F9000 X110.805 Y123.812
G1 F1500 X110.896 Y123.721 E338.15357
G0 F9000 X110.649 Y123.544
G1 F1500 X110.742 Y123.45 E338.15687
G0 F9000 X110.494 Y123.274
G1 F1500 X110.588 Y123.18 E338.16018
G0 F9000 X110.339 Y123.006
G1 F1500 X110.434 Y122.91 E338.16355
G0 F9000 X110.183 Y122.737
G1 F1500 X110.28 Y122.64 E338.16697
G0 F9000 X110.028 Y122.468
G1 F1500 X110.125 Y122.371 E338.17039
G0 F9000 X109.873 Y122.199
G1 F1500 X109.971 Y122.101 E338.17385
G0 F9000 X109.779 Y121.869
G1 F1500 X109.717 Y121.93 E338.17602
;TYPE:SKIN
G1 X109.728 Y121.919
G1 X109.806 Y121.841 E338.1774
G0 F9000 X109.69 Y121.745
G1 F1500 X109.612 Y121.61 E338.17894
G1 X107.832 Y118.511 E338.21418
G1 X107.589 Y118.118 E338.21874
G0 F9000 X107.624 Y118.084
G0 X111.839 Y124.886
G0 X112.331 Y124.754
G0 X112.584 Y118.002
G0 X112.699 Y117.887
G1 F1500 X112.699 Y117.675 E338.22292
G1 X112.699 Y110.038 E338.37339
G1 X112.62 Y109.905 E338.37643
G0 F9000 X112.656 Y109.87
G0 X112.814 Y117.985
G0 X112.699 Y118.099
G1 F1500 X112.699 Y118.311 E338.38068
G1 X112.705 Y124.882 E338.51229
G0 F9000 X111.624 Y125.114
G1 F1500 X111.547 Y124.979 E338.51361
G1 X111.005 Y124.036 E338.52287
G1 F2700 E333.52287
G0 F9000 X110.971 Y124.071
G0 X111.839 Y124.886
G0 X112.331 Y124.754
G0 X113.072 Y110.172
G0 X121.928 Y110.172
G0 X122.184 Y124.1
G0 X122.299 Y123.985
G1 F2700 E338.52287
G1 F1500 X122.299 Y123.773 E338.52702
G1 X122.299 Y109.985 E338.79678
G0 F9000 X122.414 Y109.87
G0 X122.669 Y124.754
G0 X123.161 Y124.886
G0 X127.352 Y118.084
G0 X127.337 Y118.099
G1 F1500 X127.207 Y118.44 E338.80036
G1 X125.489 Y121.431 E338.83428
G1 X125.275 Y121.857 E338.83897
G0 F9000 X125.203 Y121.81
G0 X123.998 Y123.938
G0 X124 Y123.981
G1 F1500 X123.774 Y124.419 E338.84433
G1 X123.488 Y124.917 E338.85057
G0 F9000 X122.389 Y124.956
G1 F1500 X122.305 Y124.827 E338.85388
G1 X122.299 Y124.197 E338.8674
G0 F9000 X122.2 Y124.312
;MESH:NONMESH
G0 F300 X122.2 Y124.312 Z7.4
G0 F9000 X122.05 Y126.576
;TIME_ELAPSED:977.533773
;LAYER:36
;TYPE:WALL-INNER
;MESH:cbar_model-DualBatClipHldr.stl
G1 F1500 X122.05 Y110.05 E339.27964
G1 X112.95 Y110.05 E339.50664
G1 X112.95 Y126.576 E339.91888
G1 X112.26 Y126.576 E339.93609
G1 X107.28 Y117.95 E340.18456
G1 X107.739 Y117.95 E340.19601
G1 X111.781 Y125.025 E340.39926
G1 X112.45 Y124.845 E340.41655
G1 X112.45 Y108.424 E340.82617
G1 X122.55 Y108.424 E341.07811
G1 X122.55 Y124.845 E341.48774
G1 X123.219 Y125.025 E341.50502
G1 X127.261 Y117.95 E341.70828
G1 X127.72 Y117.95 E341.71973
G1 X122.74 Y126.576 E341.96819
G1 X122.05 Y126.576 E341.9854
G0 F9000 X121.75 Y126.876
;TYPE:WALL-OUTER
G1 F1500 X121.75 Y110.35 E342.39764
G1 X113.25 Y110.35 E342.60968
G1 X113.25 Y126.876 E343.02192
G1 X112.087 Y126.876 E343.05093
G1 X106.76 Y117.65 E343.31668
G1 X107.913 Y117.65 E343.34544
G1 X111.927 Y124.675 E343.54727
G1 X112.15 Y124.615 E343.55303
G1 X112.15 Y108.124 E343.9644
G1 X122.85 Y108.124 E344.23132
G1 X122.85 Y124.615 E344.64269
G1 X123.073 Y124.675 E344.64845
G1 X127.087 Y117.65 E344.85027
G1 X128.24 Y117.65 E344.87904
G1 X122.913 Y126.876 E345.14479
G1 X121.75 Y126.876 E345.1738
G0 F9000 X122.109 Y126.339
;TYPE:FILL
G1 F3000 X122.933 Y126.118 E345.19508
G0 F9000 X121.911 Y120.971
G0 X121.928 Y110.172
G0 X118.754 Y109.989
G1 F3000 X119.157 Y108.482 E345.23399
G1 X119.201 Y108.483
G1 X113.582 Y109.989 E345.37911
G0 F9000 X114.095 Y109.989
G1 F3000 X114.498 Y108.482 E345.41802
G0 F9000 X115.883 Y108.484
G1 F3000 X117.389 Y109.99 E345.47115
G0 F9000 X122.247 Y108.484
G1 F3000 X122.489 Y108.726 E345.47969
G0 F9000 X122.386 Y109.87
G0 X122.4 Y109.884
;TYPE:SKIN
G1 F1500 X122.299 Y109.995 E345.48257
G1 X122.299 Y124.845 E345.76845
G0 F9000 X122.184 Y124.73
G0 X123.28 Y125.189
G0 X123.305 Y125.214
G1 F1500 X123.39 Y125.087 E345.76983
G1 X125.17 Y121.988 E345.80211
G1 X126.949 Y118.888 E345.8344
G1 X127.439 Y118.105 E345.84274
G1 F2700 E340.84274
G0 F9000 X127.418 Y118.084
G0 X123.161 Y124.886
G0 X122.669 Y124.754
G0 X121.928 Y110.172
G0 X113.072 Y110.172
G0 X112.815 Y118.118
G0 X112.699 Y118.002
G1 F2700 E345.84274
G1 F1500 X112.699 Y117.79 E345.84697
G1 X112.699 Y110.153 E345.99935
G1 X112.721 Y109.963 E346.00316
G0 F9000 X112.627 Y109.87
G0 X112.584 Y118.099
G0 X112.699 Y118.214
G1 F1500 X112.699 Y118.426 E346.00739
G1 X112.699 Y124.79 E346.13418
G1 X112.626 Y124.929 E346.13731
G0 F9000 X112.668 Y124.971
G0 X111.664 Y125.241
G0 X111.641 Y125.218
G1 F1500 X111.453 Y124.818 E346.1414
G1 X108.019 Y118.838 E346.20531
G1 X107.733 Y118.339 E346.21064
G0 F9000 X107.576 Y118.164
G1 F2700 E341.21064
;MESH:NONMESH
G0 F300 X107.576 Y118.164 Z7.6
G0 F9000 X111.839 Y124.886
G0 X112.331 Y124.754
G0 X113.072 Y110.172
G0 X121.928 Y110.172
G0 X122.05 Y126.576
;TIME_ELAPSED:995.219518
;LAYER:37
;TYPE:WALL-INNER
;MESH:cbar_model-DualBatClipHldr.stl
G1 F2700 E346.21064
G1 F1500 X122.05 Y110.05 E346.62288
G1 X112.95 Y110.05 E346.84988
G1 X112.95 Y126.576 E347.26213
G1 X112.26 Y126.576 E347.27934
G1 X107.28 Y117.95 E347.5278
G1 X107.739 Y117.95 E347.53925
G1 X111.781 Y125.025 E347.74251
G1 X112.45 Y124.845 E347.75979
G1 X112.45 Y108.424 E348.16941
G1 X122.55 Y108.424 E348.42136
G1 X122.55 Y124.845 E348.83098
G1 X123.219 Y125.025 E348.84826
G1 X127.261 Y117.95 E349.05152
G1 X127.72 Y117.95 E349.06297
G1 X122.74 Y126.576 E349.31143
G1 X122.05 Y126.576 E349.32864
G0 F9000 X121.75 Y126.876
;TYPE:WALL-OUTER
G1 F1500 X121.75 Y110.35 E349.74089
G1 X113.25 Y110.35 E349.95292
G1 X113.25 Y126.876 E350.36516
G1 X112.087 Y126.876 E350.39417
G1 X106.76 Y117.65 E350.65993
G1 X107.913 Y117.65 E350.68869
G1 X111.927 Y124.675 E350.89052
G1 X112.15 Y124.615 E350.89628
G1 X112.15 Y108.124 E351.30765
G1 X122.85 Y108.124 E351.57456
G1 X122.85 Y124.615 E351.98593
G1 X123.073 Y124.675 E351.99169
G1 X127.087 Y117.65 E352.19352
G1 X128.24 Y117.65 E352.22228
G1 X122.913 Y126.876 E352.48803
G1 X121.75 Y126.876 E352.51704
G0 F9000 X122.109 Y126.486
;TYPE:FILL
G1 F3000 X122.833 Y126.292 E352.53574
G0 F9000 X121.918 Y117.292
G0 X121.928 Y110.172
G0 X118.607 Y109.989
G1 F3000 X119.01 Y108.482 E352.57465
G0 F9000 X119.75 Y108.483
G1 F3000 X114.131 Y109.989 E352.71977
G0 F9000 X113.948 Y109.989
G1 F3000 X114.351 Y108.482 E352.75868
G0 F9000 X116.084 Y108.484
G1 F3000 X117.59 Y109.99 E352.81181
G0 F9000 X122.184 Y110.1
G0 X122.299 Y109.985
;TYPE:SKIN
G1 F1500 X122.299 Y110.197 E352.81587
G1 X122.299 Y124.622 E353.09202
G1 X122.389 Y124.956 E353.09865
G0 F9000 X122.364 Y124.981
G0 X123.366 Y125.04
G0 X123.488 Y124.917
G1 F1500 X123.774 Y124.419 E353.10402
G1 X127.208 Y118.44 E353.1685
G1 X127.337 Y118.098 E353.17192
G1 F2700 E348.17192
G0 F9000 X127.352 Y118.084
G0 X123.161 Y124.886
G0 X122.669 Y124.754
G0 X121.928 Y110.172
G0 X113.072 Y110.172
G0 X112.814 Y117.985
G0 X112.699 Y118.099
G1 F2700 E353.17192
G1 F1500 X112.699 Y117.887 E353.176
G1 X112.699 Y110.038 E353.32703
G1 X112.62 Y109.905 E353.33001
G0 F9000 X112.656 Y109.87
G0 X112.814 Y118.197
G0 X112.699 Y118.311
G1 F1500 X112.699 Y118.524 E353.33428
G1 X112.705 Y124.882 E353.46181
G0 F9000 X112.814 Y124.773
G0 X111.657 Y125.082
G0 X111.624 Y125.114
G1 F1500 X111.547 Y124.979 E353.4632
G1 X109.766 Y121.88 E353.4953
G1 X107.987 Y118.78 E353.52738
G1 X107.589 Y118.118 E353.53432
G0 F9000 X107.566 Y118.147
G1 F2700 E348.53432
;MESH:NONMESH
G0 F300 X107.566 Y118.147 Z7.8
G0 F9000 X111.839 Y124.886
G0 X112.331 Y124.754
G0 X113.072 Y110.172
G0 X121.928 Y110.172
G0 X122.05 Y126.576
;TIME_ELAPSED:1012.960708
;LAYER:38
;TYPE:WALL-INNER
;MESH:cbar_model-DualBatClipHldr.stl
G1 F2700 E353.53432
G1 F1500 X122.05 Y110.05 E353.94656
G1 X112.95 Y110.05 E354.17356
G1 X112.95 Y126.576 E354.58581
G1 X112.26 Y126.576 E354.60302
G1 X107.28 Y117.95 E354.85148
G1 X107.739 Y117.95 E354.86293
G1 X111.781 Y125.025 E355.06619
G1 X112.45 Y124.845 E355.08347
G1 X112.45 Y108.424 E355.49309
G1 X122.55 Y108.424 E355.74504
G1 X122.55 Y124.845 E356.15466
G1 X123.219 Y125.025 E356.17194
G1 X127.261 Y117.95 E356.3752
G1 X127.72 Y117.95 E356.38665
G1 X122.74 Y126.576 E356.63511
G1 X122.05 Y126.576 E356.65232
G0 F9000 X121.75 Y126.876
;TYPE:WALL-OUTER
G1 F1500 X121.75 Y110.35 E357.06457
G1 X113.25 Y110.35 E357.2766
G1 X113.25 Y126.876 E357.68884
G1 X112.087 Y126.876 E357.71785
G1 X106.76 Y117.65 E357.98361
G1 X107.913 Y117.65 E358.01237
G1 X111.927 Y124.675 E358.2142
G1 X112.15 Y124.615 E358.21996
G1 X112.15 Y108.124 E358.63133
G1 X122.85 Y108.124 E358.89824
G1 X122.85 Y124.615 E359.30961
G1 X123.073 Y124.675 E359.31537
G1 X127.087 Y117.65 E359.5172
G1 X128.24 Y117.65 E359.54596
G1 X122.913 Y126.876 E359.81171
G1 X121.75 Y126.876 E359.84072
G0 F9000 X122.545 Y126.515
;TYPE:FILL
G1 F3000 X122.733 Y126.465 E359.84557
G0 F9000 X121.928 Y110.172
G0 X118.461 Y109.989
G1 F3000 X118.864 Y108.482 E359.88449
G0 F9000 X120.295 Y108.483
G1 F3000 X114.675 Y109.989 E360.02963
G0 F9000 X113.802 Y109.989
G1 F3000 X114.205 Y108.483 E360.06851
G0 F9000 X116.283 Y108.484
G1 F3000 X117.789 Y109.99 E360.12164
G0 F9000 X122.184 Y110.092
G0 X122.299 Y110.207
;TYPE:SKIN
G1 F1500 X122.299 Y109.995 E360.12562
G1 X122.4 Y109.884 E360.12843
G1 X122.299 Y110.632 E360.14259
G1 X122.299 Y124.845 E360.40917
G0 F9000 X123.305 Y125.214
G1 F1500 X123.39 Y125.087 E360.41055
G1 X125.17 Y121.988 E360.44283
G1 X126.949 Y118.888 E360.47511
G1 X127.439 Y118.105 E360.48346
G1 F2700 E355.48346
G0 F9000 X127.418 Y118.084
G0 X123.161 Y124.886
G0 X122.669 Y124.754
G0 X121.928 Y110.172
G0 X113.072 Y110.172
G0 X112.815 Y118.118
G0 X112.699 Y118.002
G1 F2700 E360.48346
G1 F1500 X112.699 Y117.79 E360.48769
G1 X112.699 Y110.153 E360.64006
G1 X112.721 Y109.963 E360.64388
G0 F9000 X112.627 Y109.87
G0 X112.584 Y118.099
G0 X112.699 Y118.214
G1 F1500 X112.699 Y118.426 E360.6481
G1 X112.699 Y124.79 E360.77489
G1 X112.626 Y124.929 E360.77802
G0 F9000 X112.668 Y124.971
G0 X111.664 Y125.241
G0 X111.641 Y125.218
G1 F1500 X111.453 Y124.818 E360.78212
G1 X108.019 Y118.838 E360.84603
G1 X107.733 Y118.339 E360.85136
G0 F9000 X107.576 Y118.164
G1 F2700 E355.85136
;MESH:NONMESH
G0 F300 X107.576 Y118.164 Z8
G0 F9000 X111.839 Y124.886
G0 X112.331 Y124.754
G0 X113.072 Y110.172
G0 X121.928 Y110.172
G0 X122.05 Y126.576
;TIME_ELAPSED:1030.793598
;LAYER:39
;TYPE:WALL-INNER
;MESH:cbar_model-DualBatClipHldr.stl
G1 F2700 E360.85136
G1 F1500 X122.05 Y110.05 E361.2636
G1 X112.95 Y110.05 E361.4906
G1 X112.95 Y126.576 E361.90284
G1 X112.26 Y126.576 E361.92005
G1 X107.28 Y117.95 E362.16852
G1 X107.739 Y117.95 E362.17997
G1 X111.781 Y125.025 E362.38322
G1 X112.45 Y124.845 E362.40051
G1 X112.45 Y108.424 E362.81013
G1 X122.55 Y108.424 E363.06207
G1 X122.55 Y124.845 E363.4717
G1 X123.219 Y125.025 E363.48898
G1 X127.261 Y117.95 E363.69224
G1 X127.72 Y117.95 E363.70369
G1 X122.74 Y126.576 E363.95215
G1 X122.05 Y126.576 E363.96936
G0 F9000 X121.75 Y126.876
;TYPE:WALL-OUTER
G1 F1500 X121.75 Y110.35 E364.3816
G1 X113.25 Y110.35 E364.59364
G1 X113.25 Y126.876 E365.00588
G1 X112.087 Y126.876 E365.03489
G1 X106.76 Y117.65 E365.30064
G1 X107.913 Y117.65 E365.3294
G1 X111.927 Y124.675 E365.53123
G1 X112.15 Y124.615 E365.53699
G1 X112.15 Y108.124 E365.94836
G1 X122.85 Y108.124 E366.21528
G1 X122.85 Y124.615 E366.62665
G1 X123.073 Y124.675 E366.63241
G1 X127.087 Y117.65 E366.83423
G1 X128.24 Y117.65 E366.863
G1 X122.913 Y126.876 E367.12875
G1 X121.75 Y126.876 E367.15776
G0 F9000 X121.97 Y126.656
G0 X121.928 Y110.172
G0 X118.314 Y109.989
;TYPE:FILL
G1 F3000 X118.718 Y108.482 E367.19668
G0 F9000 X117.989 Y109.99
G1 F3000 X116.483 Y108.484 E367.24981
G0 F9000 X115.22 Y109.989
G1 F3000 X120.84 Y108.483 E367.39494
G0 F9000 X114.06 Y108.482
G1 F3000 X113.656 Y109.99 E367.43389
G0 F9000 X112.699 Y110.038
;TYPE:SKIN
G1 F1500 X112.62 Y109.905 E367.43684
G1 X112.699 Y110.463 E367.44762
G1 X112.699 Y124.675 E367.71923
G1 X112.705 Y124.882 E367.72319
G0 F9000 X112.814 Y124.773
G0 X111.657 Y125.082
G0 X111.624 Y125.114
G1 F1500 X111.547 Y124.979 E367.72458
G1 X109.766 Y121.88 E367.75667
G1 X107.987 Y118.78 E367.78876
G1 X107.589 Y118.118 E367.7957
G1 F2700 E362.7957
G0 F9000 X107.555 Y118.153
G0 X111.839 Y124.886
G0 X112.331 Y124.754
G0 X113.072 Y110.172
G0 X121.928 Y110.172
G0 X122.184 Y118.161
G0 X122.299 Y118.046
G1 F2700 E367.7957
G1 F1500 X122.299 Y117.833 E367.79993
G1 X122.299 Y109.985 E367.9561
G0 F9000 X122.414 Y109.87
G0 X122.414 Y118.143
G0 X122.299 Y118.258
G1 F1500 X122.299 Y118.47 E367.96028
G1 X122.305 Y124.827 E368.08583
G1 X122.389 Y124.956 E368.08887
G0 F9000 X122.364 Y124.981
G0 X123.366 Y125.04
G0 X123.488 Y124.917
G1 F1500 X123.774 Y124.419 E368.09424
G1 X127.208 Y118.44 E368.15872
G1 X127.337 Y118.098 E368.16214
G0 F9000 X127.352 Y118.1
;MESH:NONMESH
G0 F300 X127.352 Y118.1 Z8.2
G0 F9000 X123.959 Y123.596
G0 X122.05 Y126.576
;TIME_ELAPSED:1047.576246
;LAYER:40
;TYPE:WALL-INNER
;MESH:cbar_model-DualBatClipHldr.stl
G1 F1500 X122.05 Y110.05 E368.57438
G1 X112.95 Y110.05 E368.80138
G1 X112.95 Y126.576 E369.21363
G1 X112.26 Y126.576 E369.23084
G1 X107.28 Y117.95 E369.4793
G1 X107.739 Y117.95 E369.49075
G1 X111.781 Y125.025 E369.69401
G1 X112.45 Y124.845 E369.71129
G1 X112.45 Y108.424 E370.12091
G1 X122.55 Y108.424 E370.37286
G1 X122.55 Y124.845 E370.78248
G1 X123.219 Y125.025 E370.79977
G1 X127.261 Y117.95 E371.00302
G1 X127.72 Y117.95 E371.01447
G1 X122.74 Y126.576 E371.26293
G1 X122.05 Y126.576 E371.28015
G0 F9000 X121.75 Y126.876
;TYPE:WALL-OUTER
G1 F1500 X121.75 Y110.35 E371.69239
G1 X113.25 Y110.35 E371.90442
G1 X113.25 Y126.876 E372.31667
G1 X112.087 Y126.876 E372.34568
G1 X106.76 Y117.65 E372.61143
G1 X107.913 Y117.65 E372.64019
G1 X111.927 Y124.675 E372.84202
G1 X112.15 Y124.615 E372.84778
G1 X112.15 Y108.124 E373.25915
G1 X122.85 Y108.124 E373.52606
G1 X122.85 Y124.615 E373.93743
G1 X123.073 Y124.675 E373.94319
G1 X127.087 Y117.65 E374.14502
G1 X128.24 Y117.65 E374.17378
G1 X122.913 Y126.876 E374.43953
G1 X121.75 Y126.876 E374.46854
G0 F9000 X121.97 Y126.656
G0 X123.361 Y125.379
;TYPE:FILL
G1 F3000 X123.425 Y125.141 E374.47469
G0 F9000 X122.669 Y124.754
G0 X121.928 Y110.172
G0 X118.19 Y109.99
G1 F3000 X116.683 Y108.484 E374.52784
G0 F9000 X115.769 Y109.989
G1 F3000 X121.388 Y108.483 E374.67295
G0 F9000 X118.571 Y108.483
G1 F3000 X118.167 Y109.989 E374.71185
G0 F9000 X113.913 Y108.482
G1 F3000 X113.509 Y109.99 E374.75079
G0 F9000 X112.721 Y109.963
;TYPE:SKIN
G1 F1500 X112.699 Y110.153 E374.75448
G1 X112.699 Y124.79 E375.03658
G1 X112.626 Y124.929 E375.0396
G0 F9000 X112.668 Y124.971
G0 X111.664 Y125.241
G0 X111.641 Y125.218
G1 F1500 X111.453 Y124.818 E375.0437
G1 X108.019 Y118.838 E375.10761
G1 X107.733 Y118.339 E375.11294
G1 F2700 E370.11294
G0 F9000 X107.564 Y118.17
G0 X111.839 Y124.886
G0 X112.331 Y124.754
G0 X113.072 Y110.172
G0 X121.928 Y110.172
G0 X122.184 Y118.154
G0 X122.299 Y118.269
G1 F2700 E375.11294
G1 F1500 X122.299 Y118.056 E375.11703
G1 X122.299 Y109.995 E375.27177
G1 X122.4 Y109.884 E375.27465
G0 F9000 X122.415 Y109.899
G0 X122.184 Y118.366
G0 X122.299 Y118.481
G1 F1500 X122.299 Y118.693 E375.27892
G1 X122.299 Y124.845 E375.4029
G0 F9000 X123.305 Y125.214
G1 F1500 X123.39 Y125.087 E375.40428
G1 X125.17 Y121.988 E375.43656
G1 X126.949 Y118.888 E375.46885
G1 X127.439 Y118.105 E375.47719
G0 F9000 X127.418 Y118.1
;MESH:NONMESH
G0 F300 X127.418 Y118.1 Z8.4
G0 F9000 X126.212 Y120.023
G0 X122.05 Y126.576
;TIME_ELAPSED:1064.222822
;LAYER:41
;TYPE:WALL-INNER
;MESH:cbar_model-DualBatClipHldr.stl
G1 F1500 X122.05 Y110.05 E375.88943
G1 X112.95 Y110.05 E376.11643
G1 X112.95 Y126.576 E376.52868
G1 X112.26 Y126.576 E376.54589
G1 X107.28 Y117.95 E376.79435
G1 X107.739 Y117.95 E376.8058
G1 X111.781 Y125.025 E377.00906
G1 X112.45 Y124.845 E377.02634
G1 X112.45 Y108.424 E377.43596
G1 X122.55 Y108.424 E377.68791
G1 X122.55 Y124.845 E378.09753
G1 X123.219 Y125.025 E378.11481
G1 X127.261 Y117.95 E378.31807
G1 X127.72 Y117.95 E378.32952
G1 X122.74 Y126.576 E378.57798
G1 X122.05 Y126.576 E378.59519
G0 F9000 X121.75 Y126.876
;TYPE:WALL-OUTER
G1 F1500 X121.75 Y110.35 E379.00744
G1 X113.25 Y110.35 E379.21947
G1 X113.25 Y126.876 E379.63171
G1 X112.087 Y126.876 E379.66072
G1 X106.76 Y117.65 E379.92648
G1 X107.913 Y117.65 E379.95524
G1 X111.927 Y124.675 E380.15707
G1 X112.15 Y124.615 E380.16283
G1 X112.15 Y108.124 E380.5742
G1 X122.85 Y108.124 E380.84111
G1 X122.85 Y124.615 E381.25248
G1 X123.073 Y124.675 E381.25824
G1 X127.087 Y117.65 E381.46007
G1 X128.24 Y117.65 E381.48883
G1 X122.913 Y126.876 E381.75458
G1 X121.75 Y126.876 E381.78359
G0 F9000 X122.185 Y126.514
;TYPE:FILL
G1 F3000 X122.109 Y126.438 E381.78627
G0 F9000 X123.09 Y125.849
G1 F3000 X123.289 Y125.105 E381.80548
G1 F2700 E376.80548
G0 F9000 X121.939 Y125.075
G0 X121.928 Y110.172
G0 X113.072 Y110.172
G0 X112.888 Y124.883
G1 F2700 E381.80548
G1 F3000 X111.556 Y125.24 E381.83988
G0 F9000 X112.331 Y124.754
G0 X113.072 Y110.172
G0 X113.363 Y109.989
G1 F3000 X113.767 Y108.482 E381.8788
G0 F9000 X116.314 Y109.989
G1 F3000 X121.933 Y108.483 E382.02392
G0 F9000 X118.425 Y108.482
G1 F3000 X118.021 Y109.99 E382.06286
G0 F9000 X118.389 Y109.99
G1 F3000 X116.883 Y108.484 E382.11599
G0 F9000 X112.814 Y109.923
G0 X112.699 Y110.038
;TYPE:SKIN
G1 F1500 X112.62 Y109.905 E382.11895
G1 X112.699 Y110.463 E382.12972
G1 X112.699 Y124.675 E382.40133
G1 X112.705 Y124.882 E382.40529
G0 F9000 X112.814 Y124.773
G0 X111.657 Y125.082
G0 X111.624 Y125.114
G1 F1500 X111.547 Y124.979 E382.40668
G1 X109.766 Y121.88 E382.43877
G1 X107.987 Y118.78 E382.47086
G1 X107.589 Y118.118 E382.4778
G1 F2700 E377.4778
G0 F9000 X107.555 Y118.153
G0 X111.839 Y124.886
G0 X112.331 Y124.754
G0 X113.072 Y110.172
G0 X121.928 Y110.172
G0 X122.184 Y118.161
G0 X122.299 Y118.046
G1 F2700 E382.4778
G1 F1500 X122.299 Y117.833 E382.48204
G1 X122.299 Y109.985 E382.6382
G0 F9000 X122.414 Y109.87
G0 X122.414 Y118.143
G0 X122.299 Y118.258
G1 F1500 X122.299 Y118.47 E382.64238
G1 X122.305 Y124.827 E382.76793
G1 X122.389 Y124.956 E382.77097
G0 F9000 X122.364 Y124.981
G0 X123.366 Y125.04
G0 X123.488 Y124.917
G1 F1500 X123.774 Y124.419 E382.77634
G1 X127.208 Y118.44 E382.84082
G1 X127.337 Y118.098 E382.84424
G0 F9000 X127.352 Y118.1
;MESH:NONMESH
G0 F300 X127.352 Y118.1 Z8.6
G0 F9000 X123.959 Y123.596
G0 X122.05 Y126.576
;TIME_ELAPSED:1082.291478
;LAYER:42
;TYPE:WALL-INNER
;MESH:cbar_model-DualBatClipHldr.stl
G1 F1500 X122.05 Y110.05 E383.25649
G1 X112.95 Y110.05 E383.48349
G1 X112.95 Y126.576 E383.89573
G1 X112.26 Y126.576 E383.91294
G1 X107.28 Y117.95 E384.1614
G1 X107.739 Y117.95 E384.17285
G1 X111.781 Y125.025 E384.37611
G1 X112.45 Y124.845 E384.39339
G1 X112.45 Y108.424 E384.80302
G1 X122.55 Y108.424 E385.05496
G1 X122.55 Y124.845 E385.46458
G1 X123.219 Y125.025 E385.48187
G1 X127.261 Y117.95 E385.68512
G1 X127.72 Y117.95 E385.69657
G1 X122.74 Y126.576 E385.94504
G1 X122.05 Y126.576 E385.96225
G0 F9000 X121.75 Y126.876
;TYPE:WALL-OUTER
G1 F1500 X121.75 Y110.35 E386.37449
G1 X113.25 Y110.35 E386.58652
G1 X113.25 Y126.876 E386.99877
G1 X112.087 Y126.876 E387.02778
G1 X106.76 Y117.65 E387.29353
G1 X107.913 Y117.65 E387.32229
G1 X111.927 Y124.675 E387.52412
G1 X112.15 Y124.615 E387.52988
G1 X112.15 Y108.124 E387.94125
G1 X122.85 Y108.124 E388.20816
G1 X122.85 Y124.615 E388.61953
G1 X123.073 Y124.675 E388.62529
G1 X127.087 Y117.65 E388.82712
G1 X128.24 Y117.65 E388.85588
G1 X122.913 Y126.876 E389.12163
G1 X121.75 Y126.876 E389.15065
G0 F9000 X122.386 Y126.514
;TYPE:FILL
G1 F3000 X122.109 Y126.237 E389.16042
G0 F9000 X122.816 Y126.322
G1 F3000 X123.152 Y125.068 E389.1928
G1 F2700 E384.1928
G0 F9000 X121.939 Y125.063
G0 X121.928 Y110.172
G0 X113.072 Y110.172
G0 X112.888 Y125.03
G1 F2700 E389.1928
G1 F3000 X111.63 Y125.367 E389.22529
G0 F9000 X112.331 Y124.754
G0 X113.072 Y110.172
G0 X113.216 Y109.989
G1 F3000 X113.62 Y108.482 E389.26421
G0 F9000 X117.084 Y108.484
G1 F3000 X118.59 Y109.99 E389.31734
G0 F9000 X117.874 Y109.99
G1 F3000 X118.278 Y108.482 E389.35628
G0 F9000 X116.863 Y109.989
G1 F3000 X122.482 Y108.483 E389.50139
G0 F9000 X122.386 Y109.87
G0 X122.4 Y109.884
;TYPE:SKIN
G1 F1500 X122.299 Y109.995 E389.50428
G1 X122.299 Y124.845 E389.79016
G0 F9000 X122.184 Y124.73
G0 X123.28 Y125.189
G0 X123.305 Y125.214
G1 F1500 X123.39 Y125.087 E389.79154
G1 X125.17 Y121.988 E389.82382
G1 X126.949 Y118.888 E389.85611
G1 X127.439 Y118.105 E389.86445
G1 F2700 E384.86445
G0 F9000 X127.418 Y118.084
G0 X123.161 Y124.886
G0 X122.669 Y124.754
G0 X121.928 Y110.172
G0 X113.072 Y110.172
G0 X112.815 Y118.118
G0 X112.699 Y118.002
G1 F2700 E389.86445
G1 F1500 X112.699 Y117.79 E389.86868
G1 X112.699 Y110.153 E390.02106
G1 X112.721 Y109.963 E390.02487
G0 F9000 X112.627 Y109.87
G0 X112.584 Y118.099
G0 X112.699 Y118.214
G1 F1500 X112.699 Y118.426 E390.0291
G1 X112.699 Y124.79 E390.15589
G1 X112.626 Y124.929 E390.15901
G0 F9000 X112.668 Y124.971
G0 X111.664 Y125.241
G0 X111.641 Y125.218
G1 F1500 X111.453 Y124.818 E390.16311
G1 X108.019 Y118.838 E390.22702
G1 X107.733 Y118.339 E390.23235
G0 F9000 X107.576 Y118.164
G1 F2700 E385.23235
;MESH:NONMESH
G0 F300 X107.576 Y118.164 Z8.8
G0 F9000 X111.839 Y124.886
G0 X112.331 Y124.754
G0 X113.072 Y110.172
G0 X121.928 Y110.172
G0 X122.05 Y126.576
;TIME_ELAPSED:1101.368977
;LAYER:43
;TYPE:WALL-INNER
;MESH:cbar_model-DualBatClipHldr.stl
G1 F2700 E390.23235
G1 F1500 X122.05 Y110.05 E390.64459
G1 X112.95 Y110.05 E390.87159
G1 X112.95 Y126.576 E391.28383
G1 X112.26 Y126.576 E391.30105
G1 X107.28 Y117.95 E391.54951
G1 X107.739 Y117.95 E391.56096
G1 X111.781 Y125.025 E391.76422
G1 X112.45 Y124.845 E391.7815
G1 X112.45 Y108.424 E392.19112
G1 X122.55 Y108.424 E392.44307
G1 X122.55 Y124.845 E392.85269
G1 X123.219 Y125.025 E392.86997
G1 X127.261 Y117.95 E393.07323
G1 X127.72 Y117.95 E393.08468
G1 X122.74 Y126.576 E393.33314
G1 X122.05 Y126.576 E393.35035
G0 F9000 X121.75 Y126.876
;TYPE:WALL-OUTER
G1 F1500 X121.75 Y110.35 E393.7626
G1 X113.25 Y110.35 E393.97463
G1 X113.25 Y126.876 E394.38687
G1 X112.087 Y126.876 E394.41588
G1 X106.76 Y117.65 E394.68164
G1 X107.913 Y117.65 E394.7104
G1 X111.927 Y124.675 E394.91223
G1 X112.15 Y124.615 E394.91799
G1 X112.15 Y108.124 E395.32936
G1 X122.85 Y108.124 E395.59627
G1 X122.85 Y124.615 E396.00764
G1 X123.073 Y124.675 E396.0134
G1 X127.087 Y117.65 E396.21523
G1 X128.24 Y117.65 E396.24399
G1 X122.913 Y126.876 E396.50974
G1 X121.75 Y126.876 E396.53875
G0 F9000 X122.586 Y126.514
;TYPE:FILL
G1 F3000 X122.109 Y126.038 E396.55556
G0 F9000 X122.618 Y126.515
G1 F3000 X123.015 Y125.032 E396.59386
G1 F2700 E391.59386
G0 F9000 X121.938 Y125.046
G0 X121.928 Y110.172
G0 X113.072 Y110.172
G0 X112.888 Y125.176
G1 F2700 E396.59386
G1 F3000 X111.703 Y125.494 E396.62446
G0 F9000 X112.331 Y124.754
G0 X113.07 Y109.989
G1 F3000 X113.474 Y108.482 E396.66338
G0 F9000 X117.283 Y108.484
G1 F3000 X118.789 Y109.99 E396.71651
G0 F9000 X117.728 Y109.99
G1 F3000 X118.132 Y108.482 E396.75545
G0 F9000 X117.407 Y109.989
G1 F3000 X122.488 Y108.628 E396.88667
G0 F9000 X122.489 Y109.611
G1 F3000 X122.387 Y109.99 E396.89646
G0 F9000 X122.299 Y110.197
;TYPE:SKIN
G1 F1500 X122.299 Y109.985 E396.90046
G1 X122.299 Y124.622 E397.17676
G1 X122.389 Y124.956 E397.18329
G0 F9000 X123.488 Y124.917
G1 F1500 X123.774 Y124.419 E397.18866
G1 X127.208 Y118.44 E397.25314
G1 X127.337 Y118.098 E397.25656
G1 F2700 E392.25656
G0 F9000 X127.352 Y118.084
G0 X123.161 Y124.886
G0 X122.669 Y124.754
G0 X121.928 Y110.172
G0 X113.072 Y110.172
G0 X112.814 Y117.985
G0 X112.699 Y118.099
G1 F2700 E397.25656
G1 F1500 X112.699 Y117.887 E397.26064
G1 X112.699 Y110.038 E397.41167
G1 X112.62 Y109.905 E397.41465
G0 F9000 X112.656 Y109.87
G0 X112.814 Y118.197
G0 X112.699 Y118.311
G1 F1500 X112.699 Y118.524 E397.41892
G1 X112.705 Y124.882 E397.54645
G0 F9000 X112.814 Y124.773
G0 X111.657 Y125.082
G0 X111.624 Y125.114
G1 F1500 X111.547 Y124.979 E397.54784
G1 X109.766 Y121.88 E397.57993
G1 X107.987 Y118.78 E397.61202
G1 X107.589 Y118.118 E397.61896
G0 F9000 X107.566 Y118.147
G1 F2700 E392.61896
;MESH:NONMESH
G0 F300 X107.566 Y118.147 Z9
G0 F9000 X111.839 Y124.886
G0 X112.331 Y124.754
G0 X113.072 Y110.172
G0 X121.928 Y110.172
G0 X122.05 Y126.576
;TIME_ELAPSED:1120.673424
;LAYER:44
;TYPE:WALL-INNER
;MESH:cbar_model-DualBatClipHldr.stl
G1 F2700 E397.61896
G1 F1500 X122.05 Y110.05 E398.0312
G1 X112.95 Y110.05 E398.2582
G1 X112.95 Y126.576 E398.67044
G1 X112.26 Y126.576 E398.68766
G1 X107.28 Y117.95 E398.93612
G1 X107.739 Y117.95 E398.94757
G1 X111.781 Y125.025 E399.15083
G1 X112.45 Y124.845 E399.16811
G1 X112.45 Y108.424 E399.57773
G1 X122.55 Y108.424 E399.82968
G1 X122.55 Y124.845 E400.2393
G1 X123.219 Y125.025 E400.25658
G1 X127.261 Y117.95 E400.45984
G1 X127.72 Y117.95 E400.47129
G1 X122.74 Y126.576 E400.71975
G1 X122.05 Y126.576 E400.73696
G0 F9000 X121.75 Y126.876
;TYPE:WALL-OUTER
G1 F1500 X121.75 Y110.35 E401.14921
G1 X113.25 Y110.35 E401.36124
G1 X113.25 Y126.876 E401.77348
G1 X112.087 Y126.876 E401.80249
G1 X106.76 Y117.65 E402.06824
G1 X107.913 Y117.65 E402.09701
G1 X111.927 Y124.675 E402.29883
G1 X112.15 Y124.615 E402.30459
G1 X112.15 Y108.124 E402.71596
G1 X122.85 Y108.124 E402.98288
G1 X122.85 Y124.615 E403.39425
G1 X123.073 Y124.675 E403.40001
G1 X127.087 Y117.65 E403.60184
G1 X128.24 Y117.65 E403.6306
G1 X122.913 Y126.876 E403.89635
G1 X121.75 Y126.876 E403.92536
G0 F9000 X122.472 Y126.515
;TYPE:FILL
G1 F3000 X122.879 Y124.995 E403.96461
G0 F9000 X122.109 Y125.838
G1 F3000 X122.734 Y126.463 E403.98666
G1 F2700 E398.98666
G0 F9000 X121.928 Y110.172
G0 X113.072 Y110.172
G0 X112.888 Y125.322
G1 F2700 E403.98666
G1 F3000 X111.775 Y125.62 E404.0154
G0 F9000 X112.331 Y124.754
G0 X112.625 Y109.99
G1 F3000 X112.509 Y109.874 E404.0195
G0 F9000 X112.924 Y109.989
G1 F3000 X113.328 Y108.482 E404.05841
G0 F9000 X117.482 Y108.484
G1 F3000 X118.989 Y109.99 E404.11156
G0 F9000 X117.952 Y109.989
G1 F3000 X122.488 Y108.774 E404.2287
G0 F9000 X122.489 Y109.066
G1 F3000 X122.241 Y109.99 E404.25257
G0 F9000 X117.986 Y108.482
G1 F3000 X117.583 Y109.989 E404.29148
G0 F9000 X122.184 Y110.092
G0 X122.299 Y110.207
;TYPE:SKIN
G1 F1500 X122.299 Y109.995 E404.29545
G1 X122.4 Y109.884 E404.29827
G1 X122.299 Y110.632 E404.31243
G1 X122.299 Y124.845 E404.579
G0 F9000 X123.305 Y125.214
G1 F1500 X123.39 Y125.087 E404.58038
G1 X125.17 Y121.988 E404.61266
G1 X126.949 Y118.888 E404.64495
G1 X127.439 Y118.105 E404.65329
G1 F2700 E399.65329
G0 F9000 X127.418 Y118.084
G0 X123.161 Y124.886
G0 X122.669 Y124.754
G0 X121.928 Y110.172
G0 X113.072 Y110.172
G0 X112.815 Y118.118
G0 X112.699 Y118.002
G1 F2700 E404.65329
G1 F1500 X112.699 Y117.79 E404.65752
G1 X112.699 Y110.153 E404.8099
G1 X112.721 Y109.963 E404.81372
G0 F9000 X112.627 Y109.87
G0 X112.584 Y118.099
G0 X112.699 Y118.214
G1 F1500 X112.699 Y118.426 E404.81794
G1 X112.699 Y124.79 E404.94473
G1 X112.626 Y124.929 E404.94786
G0 F9000 X112.668 Y124.971
G0 X111.664 Y125.241
G0 X111.641 Y125.218
G1 F1500 X111.453 Y124.818 E404.95195
G1 X108.019 Y118.838 E405.01586
G1 X107.733 Y118.339 E405.02119
G0 F9000 X107.576 Y118.164
G1 F2700 E400.02119
;MESH:NONMESH
G0 F300 X107.576 Y118.164 Z9.2
G0 F9000 X111.839 Y124.886
G0 X112.331 Y124.754
G0 X113.072 Y110.172
G0 X121.928 Y110.172
G0 X122.05 Y126.576
;TIME_ELAPSED:1140.238711
;LAYER:45
;TYPE:WALL-INNER
;MESH:cbar_model-DualBatClipHldr.stl
G1 F2700 E405.02119
G1 F1500 X122.05 Y110.05 E405.43343
G1 X112.95 Y110.05 E405.66043
G1 X112.95 Y126.576 E406.07268
G1 X112.26 Y126.576 E406.08989
G1 X107.28 Y117.95 E406.33835
G1 X107.739 Y117.95 E406.3498
G1 X111.781 Y125.025 E406.55306
G1 X112.45 Y124.845 E406.57034
G1 X112.45 Y108.424 E406.97996
G1 X122.55 Y108.424 E407.23191
G1 X122.55 Y124.845 E407.64153
G1 X123.219 Y125.025 E407.65882
G1 X127.261 Y117.95 E407.86207
G1 X127.72 Y117.95 E407.87352
G1 X122.74 Y126.576 E408.12198
G1 X122.05 Y126.576 E408.1392
G0 F9000 X121.75 Y126.876
;TYPE:WALL-OUTER
G1 F1500 X121.75 Y110.35 E408.55144
G1 X113.25 Y110.35 E408.76347
G1 X113.25 Y126.876 E409.17572
G1 X112.087 Y126.876 E409.20473
G1 X106.76 Y117.65 E409.47048
G1 X107.913 Y117.65 E409.49924
G1 X111.927 Y124.675 E409.70107
G1 X112.15 Y124.615 E409.70683
G1 X112.15 Y108.124 E410.1182
G1 X122.85 Y108.124 E410.38511
G1 X122.85 Y124.615 E410.79648
G1 X123.073 Y124.675 E410.80224
G1 X127.087 Y117.65 E411.00407
G1 X128.24 Y117.65 E411.03283
G1 X122.913 Y126.876 E411.29858
G1 X121.75 Y126.876 E411.32759
G0 F9000 X122.325 Y126.516
;TYPE:FILL
G1 F3000 X122.742 Y124.958 E411.36783
G0 F9000 X122.109 Y125.638
G1 F3000 X122.808 Y126.336 E411.39247
G1 F2700 E406.39247
G0 F9000 X121.931 Y114.732
G0 X121.928 Y110.172
G0 X113.072 Y110.172
G0 X112.888 Y125.469
G1 F2700 E411.39247
G1 F3000 X111.85 Y125.747 E411.41927
G0 F9000 X112.331 Y124.754
G0 X112.777 Y109.989
G1 F3000 X113.181 Y108.482 E411.45819
G0 F9000 X112.509 Y109.673
G1 F3000 X112.825 Y109.99 E411.46936
G0 F9000 X117.436 Y109.989
G1 F3000 X117.839 Y108.482 E411.50827
G0 F9000 X117.683 Y108.484
G1 F3000 X119.189 Y109.99 E411.5614
G0 F9000 X118.501 Y109.989
G1 F3000 X122.488 Y108.921 E411.66436
G0 F9000 X122.489 Y108.518
G1 F3000 X122.094 Y109.99 E411.70238
G0 F9000 X122.299 Y109.985
;TYPE:SKIN
G1 F1500 X122.299 Y110.197 E411.70644
G1 X122.299 Y124.622 E411.9826
G1 X122.389 Y124.956 E411.98922
G0 F9000 X122.364 Y124.981
G0 X123.366 Y125.04
G0 X123.488 Y124.917
G1 F1500 X123.774 Y124.419 E411.99459
G1 X127.208 Y118.44 E412.05907
G1 X127.337 Y118.098 E412.06249
G1 F2700 E407.06249
G0 F9000 X127.352 Y118.084
G0 X123.161 Y124.886
G0 X122.669 Y124.754
G0 X121.928 Y110.172
G0 X113.072 Y110.172
G0 X112.814 Y117.985
G0 X112.699 Y118.099
G1 F2700 E412.06249
G1 F1500 X112.699 Y117.887 E412.06657
G1 X112.699 Y110.038 E412.21761
G1 X112.62 Y109.905 E412.22058
G0 F9000 X112.656 Y109.87
G0 X112.814 Y118.197
G0 X112.699 Y118.311
G1 F1500 X112.699 Y118.524 E412.22486
G1 X112.705 Y124.882 E412.35238
G0 F9000 X112.814 Y124.773
G0 X111.657 Y125.082
G0 X111.624 Y125.114
G1 F1500 X111.547 Y124.979 E412.35378
G1 X109.766 Y121.88 E412.38587
G1 X107.987 Y118.78 E412.41796
G1 X107.589 Y118.118 E412.42489
G0 F9000 X107.566 Y118.147
G1 F2700 E407.42489
;MESH:NONMESH
G0 F300 X107.566 Y118.147 Z9.4
G0 F9000 X111.839 Y124.886
G0 X112.331 Y124.754
G0 X113.072 Y110.172
G0 X121.928 Y110.172
G0 X122.05 Y126.576
;TIME_ELAPSED:1159.530619
;LAYER:46
;TYPE:WALL-INNER
;MESH:cbar_model-DualBatClipHldr.stl
G1 F2700 E412.42489
G1 F1500 X122.05 Y110.05 E412.83714
G1 X112.95 Y110.05 E413.06414
G1 X112.95 Y126.576 E413.47638
G1 X112.26 Y126.576 E413.49359
G1 X107.28 Y117.95 E413.74205
G1 X107.739 Y117.95 E413.7535
G1 X111.781 Y125.025 E413.95676
G1 X112.45 Y124.845 E413.97404
G1 X112.45 Y108.424 E414.38367
G1 X122.55 Y108.424 E414.63561
G1 X122.55 Y124.845 E415.04523
G1 X123.219 Y125.025 E415.06252
G1 X127.261 Y117.95 E415.26577
G1 X127.72 Y117.95 E415.27722
G1 X122.74 Y126.576 E415.52569
G1 X122.05 Y126.576 E415.5429
G0 F9000 X121.75 Y126.876
;TYPE:WALL-OUTER
G1 F1500 X121.75 Y110.35 E415.95514
G1 X113.25 Y110.35 E416.16717
G1 X113.25 Y126.876 E416.57942
G1 X112.087 Y126.876 E416.60843
G1 X106.76 Y117.65 E416.87418
G1 X107.913 Y117.65 E416.90294
G1 X111.927 Y124.675 E417.10477
G1 X112.15 Y124.615 E417.11053
G1 X112.15 Y108.124 E417.5219
G1 X122.85 Y108.124 E417.78881
G1 X122.85 Y124.615 E418.20018
G1 X123.073 Y124.675 E418.20594
G1 X127.087 Y117.65 E418.40777
G1 X128.24 Y117.65 E418.43653
G1 X122.913 Y126.876 E418.70228
G1 X121.75 Y126.876 E418.7313
G0 F9000 X122.179 Y126.515
;TYPE:FILL
G1 F3000 X122.606 Y124.922 E418.77244
G0 F9000 X122.109 Y125.438
G1 F3000 X122.881 Y126.21 E418.79967
G1 F2700 E413.79967
G0 F9000 X121.933 Y119.275
G0 X121.928 Y110.172
G0 X113.072 Y110.172
G0 X112.889 Y126.411
G1 F2700 E418.79967
G1 F3000 X112.861 Y126.515 E418.80236
G0 F9000 X112.889 Y125.615
G1 F3000 X111.922 Y125.874 E418.82733
G0 F9000 X112.331 Y124.754
G0 X112.631 Y109.989
G1 F3000 X113.035 Y108.483 E418.86622
G0 F9000 X112.509 Y109.474
G1 F3000 X113.025 Y109.99 E418.88443
G0 F9000 X117.29 Y109.989
G1 F3000 X117.693 Y108.482 E418.92334
G0 F9000 X117.883 Y108.484
G1 F3000 X119.389 Y109.99 E418.97647
G0 F9000 X119.045 Y109.989
G1 F3000 X122.488 Y109.067 E419.06538
G0 F9000 X122.352 Y108.482
G1 F3000 X121.948 Y109.989 E419.1043
G0 F9000 X122.299 Y110.207
;TYPE:SKIN
G1 F1500 X122.299 Y109.995 E419.10828
G1 X122.4 Y109.884 E419.11109
G1 X122.299 Y110.632 E419.12525
G1 X122.299 Y124.845 E419.39182
G0 F9000 X123.305 Y125.214
G1 F1500 X123.39 Y125.087 E419.3932
G1 X125.17 Y121.988 E419.42549
G1 X126.949 Y118.888 E419.45777
G1 X127.439 Y118.105 E419.46611
G1 F2700 E414.46611
G0 F9000 X127.418 Y118.084
G0 X123.161 Y124.886
G0 X122.669 Y124.754
G0 X121.928 Y110.172
G0 X113.072 Y110.172
G0 X112.815 Y118.118
G0 X112.699 Y118.002
G1 F2700 E419.46611
G1 F1500 X112.699 Y117.79 E419.47034
G1 X112.699 Y110.153 E419.62272
G1 X112.721 Y109.963 E419.62654
G0 F9000 X112.627 Y109.87
G0 X112.584 Y118.099
G0 X112.699 Y118.214
G1 F1500 X112.699 Y118.426 E419.63076
G1 X112.699 Y124.79 E419.75755
G1 X112.626 Y124.929 E419.76068
G0 F9000 X112.668 Y124.971
G0 X111.664 Y125.241
G0 X111.641 Y125.218
G1 F1500 X111.453 Y124.818 E419.76478
G1 X108.019 Y118.838 E419.82868
G1 X107.733 Y118.339 E419.83401
G0 F9000 X107.576 Y118.164
G1 F2700 E414.83401
;MESH:NONMESH
G0 F300 X107.576 Y118.164 Z9.6
G0 F9000 X111.839 Y124.886
G0 X112.331 Y124.754
G0 X113.072 Y110.172
G0 X121.928 Y110.172
G0 X122.05 Y126.576
;TIME_ELAPSED:1178.916593
;LAYER:47
;TYPE:WALL-INNER
;MESH:cbar_model-DualBatClipHldr.stl
G1 F2700 E419.83401
G1 F1500 X122.05 Y110.05 E420.24626
G1 X112.95 Y110.05 E420.47326
G1 X112.95 Y126.576 E420.8855
G1 X112.26 Y126.576 E420.90271
G1 X107.28 Y117.95 E421.15117
G1 X107.739 Y117.95 E421.16262
G1 X111.781 Y125.025 E421.36588
G1 X112.45 Y124.845 E421.38316
G1 X112.45 Y108.424 E421.79279
G1 X122.55 Y108.424 E422.04473
G1 X122.55 Y124.845 E422.45436
G1 X123.219 Y125.025 E422.47164
G1 X127.261 Y117.95 E422.6749
G1 X127.72 Y117.95 E422.68635
G1 X122.74 Y126.576 E422.93481
G1 X122.05 Y126.576 E422.95202
G0 F9000 X121.75 Y126.876
;TYPE:WALL-OUTER
G1 F1500 X121.75 Y110.35 E423.36426
G1 X113.25 Y110.35 E423.57629
G1 X113.25 Y126.876 E423.98854
G1 X112.087 Y126.876 E424.01755
G1 X106.76 Y117.65 E424.2833
G1 X107.913 Y117.65 E424.31206
G1 X111.927 Y124.675 E424.51389
G1 X112.15 Y124.615 E424.51965
G1 X112.15 Y108.124 E424.93102
G1 X122.85 Y108.124 E425.19793
G1 X122.85 Y124.615 E425.6093
G1 X123.073 Y124.675 E425.61506
G1 X127.087 Y117.65 E425.81689
G1 X128.24 Y117.65 E425.84565
G1 X122.913 Y126.876 E426.11141
G1 X121.75 Y126.876 E426.14042
G0 F9000 X122.109 Y126.228
;TYPE:FILL
G1 F3000 X122.469 Y124.885 E426.1751
G0 F9000 X122.109 Y125.237
G1 F3000 X122.955 Y126.083 E426.20495
G1 F2700 E421.20495
G0 F9000 X121.937 Y123.04
G0 X121.928 Y110.172
G0 X113.072 Y110.172
G0 X112.889 Y125.862
G1 F2700 E426.20495
G1 F3000 X112.714 Y126.515 E426.22181
G0 F9000 X112.888 Y125.762
G1 F3000 X111.995 Y126.001 E426.24487
G0 F9000 X112.331 Y124.754
G0 X113.072 Y110.172
G0 X113.226 Y109.99
G1 F3000 X112.509 Y109.273 E426.27016
G0 F9000 X112.509 Y109.896
G1 F3000 X112.888 Y108.483 E426.30666
G0 F9000 X117.143 Y109.989
G1 F3000 X117.546 Y108.482 E426.34557
G0 F9000 X118.084 Y108.484
G1 F3000 X119.59 Y109.99 E426.3987
G1 X119.594 Y109.989
G1 X122.488 Y109.214 E426.47343
G0 F9000 X122.205 Y108.482
G1 F3000 X121.801 Y109.989 E426.51235
G0 F9000 X122.299 Y109.985
;TYPE:SKIN
G1 F1500 X122.299 Y110.197 E426.51641
G1 X122.299 Y124.622 E426.79257
G1 X122.389 Y124.956 E426.79919
G0 F9000 X122.364 Y124.981
G0 X123.366 Y125.04
G0 X123.488 Y124.917
G1 F1500 X123.774 Y124.419 E426.80456
G1 X127.208 Y118.44 E426.86904
G1 X127.337 Y118.098 E426.87246
G1 F2700 E421.87246
G0 F9000 X127.352 Y118.084
G0 X123.161 Y124.886
G0 X122.669 Y124.754
G0 X121.928 Y110.172
G0 X113.072 Y110.172
G0 X112.814 Y117.985
G0 X112.699 Y118.099
G1 F2700 E426.87246
G1 F1500 X112.699 Y117.887 E426.87654
G1 X112.699 Y110.038 E427.02758
G1 X112.62 Y109.905 E427.03055
G0 F9000 X112.656 Y109.87
G0 X112.814 Y118.197
G0 X112.699 Y118.311
G1 F1500 X112.699 Y118.524 E427.03483
G1 X112.705 Y124.882 E427.16235
G0 F9000 X112.814 Y124.773
G0 X111.657 Y125.082
G0 X111.624 Y125.114
G1 F1500 X111.547 Y124.979 E427.16375
G1 X109.766 Y121.88 E427.19584
G1 X107.987 Y118.78 E427.22793
G1 X107.589 Y118.118 E427.23486
G0 F9000 X107.566 Y118.147
G1 F2700 E422.23486
;MESH:NONMESH
G0 F300 X107.566 Y118.147 Z9.8
G0 F9000 X111.839 Y124.886
G0 X112.331 Y124.754
G0 X113.072 Y110.172
G0 X121.928 Y110.172
G0 X122.05 Y126.576
;TIME_ELAPSED:1198.292206
;LAYER:48
;TYPE:WALL-INNER
;MESH:cbar_model-DualBatClipHldr.stl
G1 F2700 E427.23486
G1 F1500 X122.05 Y110.05 E427.64711
G1 X112.95 Y110.05 E427.87411
G1 X112.95 Y126.576 E428.28635
G1 X112.26 Y126.576 E428.30356
G1 X107.28 Y117.95 E428.55202
G1 X107.739 Y117.95 E428.56347
G1 X111.781 Y125.025 E428.76673
G1 X112.45 Y124.845 E428.78401
G1 X112.45 Y108.424 E429.19364
G1 X122.55 Y108.424 E429.44558
G1 X122.55 Y124.845 E429.85521
G1 X123.219 Y125.025 E429.87249
G1 X127.261 Y117.95 E430.07575
G1 X127.72 Y117.95 E430.0872
G1 X122.74 Y126.576 E430.33566
G1 X122.05 Y126.576 E430.35287
G0 F9000 X121.75 Y126.876
;TYPE:WALL-OUTER
G1 F1500 X121.75 Y110.35 E430.76511
G1 X113.25 Y110.35 E430.97715
G1 X113.25 Y126.876 E431.38939
G1 X112.087 Y126.876 E431.4184
G1 X106.76 Y117.65 E431.68415
G1 X107.913 Y117.65 E431.71291
G1 X111.927 Y124.675 E431.91474
G1 X112.15 Y124.615 E431.9205
G1 X112.15 Y108.124 E432.33187
G1 X122.85 Y108.124 E432.59878
G1 X122.85 Y124.615 E433.01015
G1 X123.073 Y124.675 E433.01591
G1 X127.087 Y117.65 E433.21774
G1 X128.24 Y117.65 E433.2465
G1 X122.913 Y126.876 E433.51226
G1 X121.75 Y126.876 E433.54127
G0 F9000 X121.97 Y126.656
G0 X122.109 Y125.683
;TYPE:FILL
G1 F3000 X122.333 Y124.849 E433.56281
G0 F9000 X122.109 Y125.038
G1 F3000 X123.028 Y125.956 E433.59521
G1 F2700 E428.59521
G0 F9000 X121.937 Y122.952
G0 X121.928 Y110.172
G0 X113.072 Y110.172
G0 X112.889 Y125.908
G1 F2700 E433.59521
G1 F3000 X112.069 Y126.128 E433.61639
G0 F9000 X112.568 Y126.515
G1 F3000 X112.889 Y125.318 E433.6473
G0 F9000 X113.072 Y110.172
G0 X113.425 Y109.99
G1 F3000 X112.509 Y109.074 E433.67962
G0 F9000 X112.509 Y109.349
G1 F3000 X112.742 Y108.482 E433.70201
G0 F9000 X116.997 Y109.989
G1 F3000 X117.4 Y108.483 E433.7409
G0 F9000 X118.283 Y108.484
G1 F3000 X119.789 Y109.99 E433.79403
G0 F9000 X120.139 Y109.989
G1 F3000 X122.489 Y109.359 E433.85472
G0 F9000 X122.059 Y108.482
G1 F3000 X121.655 Y109.989 E433.89364
G0 F9000 X122.299 Y110.207
;TYPE:SKIN
G1 F1500 X122.299 Y109.995 E433.89762
G1 X122.4 Y109.884 E433.90043
G1 X122.299 Y110.632 E433.91459
G1 X122.299 Y124.845 E434.18116
G0 F9000 X123.305 Y125.214
G1 F1500 X123.39 Y125.087 E434.18254
G1 X125.17 Y121.988 E434.21483
G1 X126.949 Y118.888 E434.24711
G1 X127.439 Y118.105 E434.25545
G1 F2700 E429.25545
G0 F9000 X127.418 Y118.084
G0 X123.161 Y124.886
G0 X122.669 Y124.754
G0 X121.928 Y110.172
G0 X113.072 Y110.172
G0 X112.815 Y118.118
G0 X112.699 Y118.002
G1 F2700 E434.25545
G1 F1500 X112.699 Y117.79 E434.25968
G1 X112.699 Y110.153 E434.41206
G1 X112.721 Y109.963 E434.41588
G0 F9000 X112.627 Y109.87
G0 X112.584 Y118.099
G0 X112.699 Y118.214
G1 F1500 X112.699 Y118.426 E434.4201
G1 X112.699 Y124.79 E434.54689
G1 X112.626 Y124.929 E434.55002
G0 F9000 X112.668 Y124.971
G0 X111.664 Y125.241
G0 X111.641 Y125.218
G1 F1500 X111.453 Y124.818 E434.55411
G1 X108.019 Y118.838 E434.61802
G1 X107.733 Y118.339 E434.62335
G0 F9000 X107.576 Y118.164
G1 F2700 E429.62335
;MESH:NONMESH
G0 F300 X107.576 Y118.164 Z10
G0 F9000 X111.839 Y124.886
G0 X112.331 Y124.754
G0 X113.072 Y110.172
G0 X121.928 Y110.172
G0 X122.05 Y126.576
;TIME_ELAPSED:1217.732157
;LAYER:49
;TYPE:WALL-INNER
;MESH:cbar_model-DualBatClipHldr.stl
G1 F2700 E434.62335
G1 F1500 X122.05 Y110.05 E435.0356
G1 X112.95 Y110.05 E435.2626
G1 X112.95 Y126.576 E435.67484
G1 X112.26 Y126.576 E435.69205
G1 X107.28 Y117.95 E435.94051
G1 X107.739 Y117.95 E435.95196
G1 X111.781 Y125.025 E436.15522
G1 X112.45 Y124.845 E436.1725
G1 X112.45 Y108.424 E436.58213
G1 X122.55 Y108.424 E436.83407
G1 X122.55 Y124.845 E437.2437
G1 X123.219 Y125.025 E437.26098
G1 X127.261 Y117.95 E437.46424
G1 X127.72 Y117.95 E437.47568
G1 X122.74 Y126.576 E437.72415
G1 X122.05 Y126.576 E437.74136
G0 F9000 X121.75 Y126.876
;TYPE:WALL-OUTER
G1 F1500 X121.75 Y110.35 E438.1536
G1 X113.25 Y110.35 E438.36563
G1 X113.25 Y126.876 E438.77788
G1 X112.087 Y126.876 E438.80689
G1 X106.76 Y117.65 E439.07264
G1 X107.913 Y117.65 E439.1014
G1 X111.927 Y124.675 E439.30323
G1 X112.15 Y124.615 E439.30899
G1 X112.15 Y108.124 E439.72036
G1 X122.85 Y108.124 E439.98727
G1 X122.85 Y124.615 E440.39864
G1 X123.073 Y124.675 E440.4044
G1 X127.087 Y117.65 E440.60623
G1 X128.24 Y117.65 E440.63499
G1 X122.913 Y126.876 E440.90075
G1 X121.75 Y126.876 E440.92976
G0 F9000 X122.34 Y126.286
;TYPE:SKIN
G1 F1500 X122.34 Y125.089 E440.95962
G1 X123.14 Y125.304 E440.98028
G1 X122.572 Y126.286 E441.00858
G1 X122.34 Y126.286 E441.01437
G1 F2700 E436.01437
G0 F9000 X122.11 Y126.286
G0 X121.928 Y110.172
G0 X113.072 Y110.172
G0 X112.89 Y126.286
G1 F2700 E441.01437
G0 F9000 X112.66 Y126.286
G1 F1500 X112.428 Y126.286 E441.02015
G1 X111.86 Y125.304 E441.04845
G1 X112.66 Y125.089 E441.06912
G1 X112.66 Y126.286 E441.09898
G1 F2700 E436.09898
G0 F9000 X112.89 Y126.286
G0 X113.072 Y110.172
G0 X121.928 Y110.172
G0 X122.182 Y126.444
G0 X122.667 Y126.45
G0 X127.476 Y118.09
G0 X123.282 Y125.176
G0 X122.586 Y124.989
G0 X122.49 Y109.76
G1 F2700 E441.09898
G0 F9000 X122.26 Y109.76
G1 F1500 X112.74 Y109.76 E441.33645
G1 X112.74 Y108.714 E441.36254
G1 X122.26 Y108.714 E441.60002
G1 X122.26 Y109.76 E441.62611
G0 F9000 X122.49 Y109.76
G0 X122.418 Y108.556
G0 X113.055 Y108.484
G0 X113.055 Y108.834
G1 F1500 X112.859 Y109.03 E441.63303
G0 F9000 X112.859 Y109.455
G1 F1500 X113.48 Y108.834 E441.65494
G0 F9000 X113.904 Y108.834
G1 F1500 X113.098 Y109.64 E441.68337
G0 F9000 X113.522 Y109.64
G1 F1500 X114.328 Y108.834 E441.7118
G0 F9000 X114.752 Y108.834
G1 F1500 X113.946 Y109.64 E441.74024
G0 F9000 X114.37 Y109.64
G1 F1500 X115.177 Y108.834 E441.76869
G0 F9000 X115.601 Y108.834
G1 F1500 X114.795 Y109.64 E441.79712
G0 F9000 X115.219 Y109.64
G1 F1500 X116.025 Y108.834 E441.82556
G0 F9000 X116.449 Y108.834
G1 F1500 X115.643 Y109.64 E441.85399
G0 F9000 X116.068 Y109.64
G1 F1500 X116.874 Y108.834 E441.88243
G0 F9000 X117.298 Y108.834
G1 F1500 X116.492 Y109.64 E441.91086
G0 F9000 X116.916 Y109.64
G1 F1500 X117.722 Y108.834 E441.93929
G0 F9000 X118.146 Y108.834
G1 F1500 X117.34 Y109.64 E441.96773
G0 F9000 X117.765 Y109.64
G1 F1500 X118.571 Y108.834 E441.99616
G0 F9000 X118.995 Y108.834
G1 F1500 X118.189 Y109.64 E442.02459
G0 F9000 X118.613 Y109.64
G1 F1500 X119.419 Y108.834 E442.05303
G0 F9000 X119.843 Y108.834
G1 F1500 X119.037 Y109.64 E442.08146
G0 F9000 X119.462 Y109.64
G1 F1500 X120.268 Y108.834 E442.1099
G0 F9000 X120.692 Y108.834
G1 F1500 X119.886 Y109.64 E442.13833
G0 F9000 X120.31 Y109.64
G1 F1500 X121.116 Y108.834 E442.16676
G0 F9000 X121.541 Y108.834
G1 F1500 X120.734 Y109.64 E442.19521
G0 F9000 X121.159 Y109.64
G1 F1500 X121.965 Y108.834 E442.22365
G0 F9000 X122.139 Y109.084
G1 F1500 X121.583 Y109.64 E442.24326
G0 F9000 X122.007 Y109.64
G1 F1500 X122.139 Y109.508 E442.24792
G0 F9000 X122.49 Y109.508
G0 X122.601 Y124.922
G0 X122.511 Y125.258
G1 F1500 X122.46 Y125.309 E442.24972
G0 F9000 X122.847 Y125.347
G1 F1500 X122.46 Y125.734 E442.26337
G0 F9000 X122.569 Y126.048
G1 F1500 X122.466 Y126.152 E442.26702
G1 F2700 E437.26702
G0 F9000 X122.11 Y126.152
G0 X121.928 Y110.172
G0 X113.072 Y110.172
G0 X112.89 Y125.896
G1 F2700 E442.26702
G0 F9000 X112.54 Y125.896
G1 F1500 X112.414 Y126.021 E442.27145
G0 F9000 X112.259 Y125.752
G1 F1500 X112.54 Y125.471 E442.28136
G0 F9000 X112.27 Y125.316
G1 F1500 X112.104 Y125.483 E442.28724
G0 F9000 X111.668 Y125.07
;TYPE:SKIN
G1 F1500 X111.581 Y125.157 E442.28877
G0 F9000 X111.503 Y125.023
G1 F1500 X111.591 Y124.935 E442.29032
G0 F9000 X111.514 Y124.8
G1 F1500 X111.426 Y124.888 E442.29188
G0 F9000 X111.348 Y124.754
G1 F1500 X111.437 Y124.665 E442.29345
G0 F9000 X111.36 Y124.53
G1 F1500 X111.271 Y124.619 E442.29502
G0 F9000 X111.193 Y124.485
G1 F1500 X111.283 Y124.395 E442.2966
G0 F9000 X111.205 Y124.26
G1 F1500 X111.115 Y124.351 E442.2982
G0 F9000 X111.037 Y124.216
G1 F1500 X111.128 Y124.125 E442.2998
G0 F9000 X111.051 Y123.99
G1 F1500 X110.96 Y124.081 E442.30141
G0 F9000 X110.882 Y123.947
G1 F1500 X110.974 Y123.855 E442.30303
G0 F9000 X110.897 Y123.72
G1 F1500 X110.805 Y123.812 E442.30466
G0 F9000 X110.727 Y123.678
G1 F1500 X110.82 Y123.585 E442.3063
G0 F9000 X110.742 Y123.45
G1 F1500 X110.649 Y123.544 E442.30794
G0 F9000 X110.572 Y123.409
G1 F1500 X110.665 Y123.315 E442.30959
G0 F9000 X110.588 Y123.18
G1 F1500 X110.494 Y123.274 E442.31125
G0 F9000 X110.416 Y123.14
G1 F1500 X110.511 Y123.045 E442.31293
G0 F9000 X110.434 Y122.91
G1 F1500 X110.339 Y123.006 E442.31461
G0 F9000 X110.261 Y122.871
G1 F1500 X110.357 Y122.775 E442.31631
G0 F9000 X110.28 Y122.64
G1 F1500 X110.183 Y122.737 E442.31802
G0 F9000 X110.106 Y122.602
G1 F1500 X110.203 Y122.505 E442.31973
G0 F9000 X110.126 Y122.37
G1 F1500 X110.028 Y122.468 E442.32146
G0 F9000 X109.95 Y122.333
G1 F1500 X110.049 Y122.235 E442.32319
G0 F9000 X109.972 Y122.1
G1 F1500 X109.873 Y122.199 E442.32494
G0 F9000 X109.795 Y122.065
G1 F1500 X109.895 Y121.965 E442.3267
G0 F9000 X109.817 Y121.83
G1 F1500 X109.718 Y121.929 E442.32845
G0 F9000 X109.64 Y121.795
G1 F1500 X109.74 Y121.695 E442.33021
G0 F9000 X109.663 Y121.56
G1 F1500 X109.562 Y121.661 E442.332
G0 F9000 X109.484 Y121.526
G1 F1500 X109.585 Y121.425 E442.33378
G0 F9000 X109.508 Y121.29
G1 F1500 X109.407 Y121.392 E442.33557
G0 F9000 X109.33 Y121.257
G1 F1500 X109.431 Y121.155 E442.33736
G0 F9000 X109.354 Y121.02
G1 F1500 X109.252 Y121.123 E442.33917
G0 F9000 X109.174 Y120.988
G1 F1500 X109.277 Y120.885 E442.34098
G0 F9000 X109.2 Y120.75
G1 F1500 X109.096 Y120.854 E442.34282
G0 F9000 X109.018 Y120.72
G1 F1500 X109.123 Y120.615 E442.34467
G0 F9000 X109.046 Y120.48
G1 F1500 X108.941 Y120.585 E442.34652
G0 F9000 X108.864 Y120.45
G1 F1500 X108.969 Y120.345 E442.34837
G0 F9000 X108.892 Y120.21
G1 F1500 X108.786 Y120.316 E442.35024
G0 F9000 X108.708 Y120.181
G1 F1500 X108.814 Y120.075 E442.35211
G0 F9000 X108.737 Y119.94
G1 F1500 X108.63 Y120.047 E442.354
G0 F9000 X108.552 Y119.913
G1 F1500 X108.66 Y119.805 E442.35591
G0 F9000 X108.583 Y119.67
G1 F1500 X108.475 Y119.778 E442.35781
G0 F9000 X108.398 Y119.643
G1 F1500 X108.506 Y119.535 E442.35971
G0 F9000 X108.429 Y119.4
G1 F1500 X108.32 Y119.509 E442.36164
G0 F9000 X108.242 Y119.375
G1 F1500 X108.352 Y119.265 E442.36358
G0 F9000 X108.275 Y119.13
G1 F1500 X108.164 Y119.24 E442.36553
G0 F9000 X108.087 Y119.105
G1 F1500 X108.197 Y118.995 E442.36747
G0 F9000 X108.12 Y118.86
G1 F1500 X108.009 Y118.971 E442.36943
G0 F9000 X107.932 Y118.837
G1 F1500 X108.043 Y118.725 E442.37139
G0 F9000 X107.966 Y118.59
G1 F1500 X107.854 Y118.702 E442.37337
G0 F9000 X107.776 Y118.568
G1 F1500 X107.888 Y118.455 E442.37535
G0 F9000 X107.811 Y118.32
G1 F1500 X107.698 Y118.434 E442.37735
G0 F9000 X107.621 Y118.298
G1 F1500 X107.734 Y118.185 E442.37935
G0 F9000 X107.639 Y118.069
G1 F1500 X107.543 Y118.164 E442.38103
G0 F9000 X107.491 Y118.194
G0 X111.839 Y124.886
G0 X112.331 Y124.754
G0 X112.51 Y118.229
G0 X112.569 Y118.229
G1 F1500 X112.829 Y117.97 E442.38561
G0 F9000 X112.829 Y117.758
G1 F1500 X112.569 Y118.017 E442.39019
G0 F9000 X112.569 Y117.805
G1 F1500 X112.829 Y117.545 E442.39477
G0 F9000 X112.829 Y117.333
G1 F1500 X112.569 Y117.593 E442.39936
G0 F9000 X112.569 Y117.381
G1 F1500 X112.829 Y117.121 E442.40394
G0 F9000 X112.829 Y116.909
G1 F1500 X112.569 Y117.169 E442.40853
G0 F9000 X112.569 Y116.956
G1 F1500 X112.829 Y116.697 E442.41311
G0 F9000 X112.829 Y116.485
G1 F1500 X112.569 Y116.744 E442.41769
G0 F9000 X112.569 Y116.532
G1 F1500 X112.829 Y116.273 E442.42226
G0 F9000 X112.829 Y116.06
G1 F1500 X112.569 Y116.32 E442.42685
G0 F9000 X112.569 Y116.108
G1 F1500 X112.829 Y115.848 E442.43143
G0 F9000 X112.829 Y115.636
G1 F1500 X112.569 Y115.896 E442.43602
G0 F9000 X112.569 Y115.684
G1 F1500 X112.829 Y115.424 E442.44061
G0 F9000 X112.829 Y115.212
G1 F1500 X112.569 Y115.471 E442.44518
G0 F9000 X112.569 Y115.259
G1 F1500 X112.829 Y115 E442.44976
G0 F9000 X112.829 Y114.788
G1 F1500 X112.569 Y115.047 E442.45434
G0 F9000 X112.569 Y114.835
G1 F1500 X112.829 Y114.576 E442.45892
G0 F9000 X112.829 Y114.363
G1 F1500 X112.569 Y114.623 E442.4635
G0 F9000 X112.569 Y114.411
G1 F1500 X112.829 Y114.151 E442.46809
G0 F9000 X112.829 Y113.939
G1 F1500 X112.569 Y114.199 E442.47267
G0 F9000 X112.569 Y113.987
G1 F1500 X112.829 Y113.727 E442.47726
G0 F9000 X112.829 Y113.515
G1 F1500 X112.569 Y113.774 E442.48184
G0 F9000 X112.569 Y113.562
G1 F1500 X112.829 Y113.303 E442.48642
G0 F9000 X112.829 Y113.091
G1 F1500 X112.569 Y113.35 E442.49099
G0 F9000 X112.569 Y113.138
G1 F1500 X112.829 Y112.878 E442.49558
G0 F9000 X112.829 Y112.666
G1 F1500 X112.569 Y112.926 E442.50016
G0 F9000 X112.569 Y112.714
G1 F1500 X112.829 Y112.454 E442.50475
G0 F9000 X112.829 Y112.242
G1 F1500 X112.569 Y112.502 E442.50934
G0 F9000 X112.569 Y112.289
G1 F1500 X112.829 Y112.03 E442.51391
G0 F9000 X112.829 Y111.818
G1 F1500 X112.569 Y112.077 E442.51849
G0 F9000 X112.569 Y111.865
G1 F1500 X112.829 Y111.606 E442.52307
G0 F9000 X112.829 Y111.394
G1 F1500 X112.569 Y111.653 E442.52765
G0 F9000 X112.569 Y111.441
G1 F1500 X112.829 Y111.181 E442.53223
G0 F9000 X112.829 Y110.969
G1 F1500 X112.569 Y111.229 E442.53682
G0 F9000 X112.569 Y111.017
G1 F1500 X112.829 Y110.757 E442.5414
G0 F9000 X112.829 Y110.545
G1 F1500 X112.569 Y110.805 E442.54599
G0 F9000 X112.569 Y110.592
G1 F1500 X112.829 Y110.333 E442.55057
G0 F9000 X112.829 Y110.121
G1 F1500 X112.569 Y110.38 E442.55514
G0 F9000 X112.569 Y110.168
G1 F1500 X112.829 Y109.909 E442.55972
G0 F9000 X112.631 Y109.895
G1 F1500 X112.569 Y109.956 E442.56081
G1 F2700 E437.56081
G0 F9000 X112.51 Y109.956
G0 X112.579 Y124.944
G0 X111.718 Y125.176
G0 X107.666 Y118.076
G0 X112.333 Y126.45
G0 X112.818 Y126.444
G0 X112.89 Y118.182
G1 F2700 E442.56081
G0 F9000 X112.829 Y118.182
G1 F1500 X112.569 Y118.441 E442.56538
G0 F9000 X112.569 Y118.653
G1 F1500 X112.829 Y118.394 E442.56996
G0 F9000 X112.829 Y118.606
G1 F1500 X112.569 Y118.866 E442.57455
G0 F9000 X112.569 Y119.078
G1 F1500 X112.829 Y118.818 E442.57913
G0 F9000 X112.829 Y119.03
G1 F1500 X112.569 Y119.29 E442.58372
G0 F9000 X112.569 Y119.502
G1 F1500 X112.829 Y119.242 E442.58831
G0 F9000 X112.829 Y119.455
G1 F1500 X112.569 Y119.714 E442.59288
G0 F9000 X112.569 Y119.926
G1 F1500 X112.829 Y119.667 E442.59746
G0 F9000 X112.829 Y119.879
G1 F1500 X112.569 Y120.138 E442.60204
G0 F9000 X112.569 Y120.35
G1 F1500 X112.829 Y120.091 E442.60662
G0 F9000 X112.829 Y120.303
G1 F1500 X112.569 Y120.563 E442.6112
G0 F9000 X112.569 Y120.775
G1 F1500 X112.829 Y120.515 E442.61579
G0 F9000 X112.829 Y120.727
G1 F1500 X112.569 Y120.987 E442.62037
G0 F9000 X112.569 Y121.199
G1 F1500 X112.829 Y120.94 E442.62495
G0 F9000 X112.829 Y121.152
G1 F1500 X112.569 Y121.411 E442.62953
G0 F9000 X112.569 Y121.623
G1 F1500 X112.829 Y121.364 E442.63411
G0 F9000 X112.829 Y121.576
G1 F1500 X112.569 Y121.835 E442.63868
G0 F9000 X112.569 Y122.048
G1 F1500 X112.829 Y121.788 E442.64327
G0 F9000 X112.829 Y122
G1 F1500 X112.569 Y122.26 E442.64785
G0 F9000 X112.569 Y122.472
G1 F1500 X112.829 Y122.212 E442.65244
G0 F9000 X112.829 Y122.424
G1 F1500 X112.569 Y122.684 E442.65703
G0 F9000 X112.569 Y122.896
G1 F1500 X112.829 Y122.637 E442.6616
G0 F9000 X112.829 Y122.849
G1 F1500 X112.569 Y123.108 E442.66618
G0 F9000 X112.569 Y123.32
G1 F1500 X112.829 Y123.061 E442.67076
G0 F9000 X112.829 Y123.273
G1 F1500 X112.569 Y123.532 E442.67534
G0 F9000 X112.569 Y123.745
G1 F1500 X112.829 Y123.485 E442.67992
G0 F9000 X112.829 Y123.697
G1 F1500 X112.569 Y123.957 E442.68451
G0 F9000 X112.569 Y124.169
G1 F1500 X112.829 Y123.909 E442.68909
G0 F9000 X112.829 Y124.121
G1 F1500 X112.569 Y124.381 E442.69368
G0 F9000 X112.569 Y124.593
G1 F1500 X112.829 Y124.334 E442.69826
G0 F9000 X112.829 Y124.546
G1 F1500 X112.569 Y124.805 E442.70284
G0 F9000 X112.631 Y124.956
G1 F1500 X112.829 Y124.758 E442.70633
G1 F2700 E437.70633
G0 F9000 X112.89 Y124.758
G0 X113.072 Y110.172
G0 X121.928 Y110.172
G0 X122.11 Y124.752
G1 F2700 E442.70633
G0 F9000 X122.169 Y124.752
G1 F1500 X122.429 Y124.492 E442.71091
G0 F9000 X122.429 Y124.28
G1 F1500 X122.169 Y124.539 E442.71549
G0 F9000 X122.169 Y124.327
G1 F1500 X122.429 Y124.068 E442.72007
G0 F9000 X122.429 Y123.856
G1 F1500 X122.169 Y124.115 E442.72465
G0 F9000 X122.169 Y123.903
G1 F1500 X122.429 Y123.643 E442.72923
G0 F9000 X122.429 Y123.431
G1 F1500 X122.169 Y123.691 E442.73382
G0 F9000 X122.169 Y123.479
G1 F1500 X122.429 Y123.219 E442.7384
G0 F9000 X122.429 Y123.007
G1 F1500 X122.169 Y123.267 E442.74299
G0 F9000 X122.169 Y123.054
G1 F1500 X122.429 Y122.795 E442.74757
G0 F9000 X122.429 Y122.583
G1 F1500 X122.169 Y122.842 E442.75214
G0 F9000 X122.169 Y122.63
G1 F1500 X122.429 Y122.371 E442.75672
G0 F9000 X122.429 Y122.159
G1 F1500 X122.169 Y122.418 E442.7613
G0 F9000 X122.169 Y122.206
G1 F1500 X122.429 Y121.946 E442.76589
G0 F9000 X122.429 Y121.734
G1 F1500 X122.169 Y121.994 E442.77047
G0 F9000 X122.169 Y121.782
G1 F1500 X122.429 Y121.522 E442.77506
G0 F9000 X122.429 Y121.31
G1 F1500 X122.169 Y121.57 E442.77964
G0 F9000 X122.169 Y121.357
G1 F1500 X122.429 Y121.098 E442.78422
G0 F9000 X122.429 Y120.886
G1 F1500 X122.169 Y121.145 E442.7888
G0 F9000 X122.169 Y120.933
G1 F1500 X122.429 Y120.674 E442.79338
G0 F9000 X122.429 Y120.462
G1 F1500 X122.169 Y120.721 E442.79795
G0 F9000 X122.169 Y120.509
G1 F1500 X122.429 Y120.249 E442.80254
G0 F9000 X122.429 Y120.037
G1 F1500 X122.169 Y120.297 E442.80712
G0 F9000 X122.169 Y120.085
G1 F1500 X122.429 Y119.825 E442.81171
G0 F9000 X122.429 Y119.613
G1 F1500 X122.169 Y119.872 E442.81629
G0 F9000 X122.169 Y119.66
G1 F1500 X122.429 Y119.401 E442.82087
G0 F9000 X122.429 Y119.189
G1 F1500 X122.169 Y119.448 E442.82544
G0 F9000 X122.169 Y119.236
G1 F1500 X122.429 Y118.977 E442.83002
G0 F9000 X122.429 Y118.764
G1 F1500 X122.169 Y119.024 E442.83461
G0 F9000 X122.169 Y118.812
G1 F1500 X122.429 Y118.552 E442.83919
G0 F9000 X122.429 Y118.34
G1 F1500 X122.169 Y118.6 E442.84378
G0 F9000 X122.169 Y118.388
G1 F1500 X122.429 Y118.128 E442.84836
G0 F9000 X122.429 Y117.916
G1 F1500 X122.169 Y118.175 E442.85294
G0 F9000 X122.169 Y117.963
G1 F1500 X122.429 Y117.704 E442.85752
G0 F9000 X122.429 Y117.492
G1 F1500 X122.169 Y117.751 E442.8621
G0 F9000 X122.169 Y117.539
G1 F1500 X122.429 Y117.28 E442.86667
G0 F9000 X122.429 Y117.067
G1 F1500 X122.169 Y117.327 E442.87126
G0 F9000 X122.169 Y117.115
G1 F1500 X122.429 Y116.855 E442.87585
G0 F9000 X122.429 Y116.643
G1 F1500 X122.169 Y116.903 E442.88043
G0 F9000 X122.169 Y116.691
G1 F1500 X122.429 Y116.431 E442.88502
G0 F9000 X122.429 Y116.219
G1 F1500 X122.169 Y116.478 E442.8896
G0 F9000 X122.169 Y116.266
G1 F1500 X122.429 Y116.007 E442.89417
G0 F9000 X122.429 Y115.795
G1 F1500 X122.169 Y116.054 E442.89875
G0 F9000 X122.169 Y115.842
G1 F1500 X122.429 Y115.582 E442.90334
G0 F9000 X122.429 Y115.37
G1 F1500 X122.169 Y115.63 E442.90792
G0 F9000 X122.169 Y115.418
G1 F1500 X122.429 Y115.158 E442.91251
G0 F9000 X122.429 Y114.946
G1 F1500 X122.169 Y115.206 E442.91709
G0 F9000 X122.169 Y114.993
G1 F1500 X122.429 Y114.734 E442.92167
G0 F9000 X122.429 Y114.522
G1 F1500 X122.169 Y114.781 E442.92625
G0 F9000 X122.169 Y114.569
G1 F1500 X122.429 Y114.31 E442.93083
G0 F9000 X122.429 Y114.098
G1 F1500 X122.169 Y114.357 E442.9354
G0 F9000 X122.169 Y114.145
G1 F1500 X122.429 Y113.885 E442.93999
G0 F9000 X122.429 Y113.673
G1 F1500 X122.169 Y113.933 E442.94458
G0 F9000 X122.169 Y113.721
G1 F1500 X122.429 Y113.461 E442.94916
G0 F9000 X122.429 Y113.249
G1 F1500 X122.169 Y113.509 E442.95375
G0 F9000 X122.169 Y113.296
G1 F1500 X122.429 Y113.037 E442.95833
G0 F9000 X122.429 Y112.825
G1 F1500 X122.169 Y113.084 E442.9629
G0 F9000 X122.169 Y112.872
G1 F1500 X122.429 Y112.613 E442.96748
G0 F9000 X122.429 Y112.4
G1 F1500 X122.169 Y112.66 E442.97207
G0 F9000 X122.169 Y112.448
G1 F1500 X122.429 Y112.188 E442.97665
G0 F9000 X122.429 Y111.976
G1 F1500 X122.169 Y112.236 E442.98124
G0 F9000 X122.169 Y112.024
G1 F1500 X122.429 Y111.764 E442.98582
G0 F9000 X122.429 Y111.552
G1 F1500 X122.169 Y111.811 E442.9904
G0 F9000 X122.169 Y111.599
G1 F1500 X122.429 Y111.34 E442.99498
G0 F9000 X122.429 Y111.128
G1 F1500 X122.169 Y111.387 E442.99956
G0 F9000 X122.169 Y111.175
G1 F1500 X122.429 Y110.916 E443.00413
G0 F9000 X122.429 Y110.703
G1 F1500 X122.169 Y110.963 E443.00872
G0 F9000 X122.169 Y110.751
G1 F1500 X122.429 Y110.491 E443.01331
G0 F9000 X122.429 Y110.279
G1 F1500 X122.169 Y110.539 E443.01789
G0 F9000 X122.169 Y110.327
G1 F1500 X122.429 Y110.067 E443.02248
G0 F9000 X122.389 Y109.895
G1 F1500 X122.169 Y110.114 E443.02635
G0 F9000 X122.11 Y110.114
G0 X122.182 Y126.444
G0 X122.667 Y126.45
G0 X127.476 Y118.09
G0 X127.366 Y118.069
G1 F1500 X127.281 Y118.155 E443.02786
G0 F9000 X127.417 Y118.231
G1 F1500 X126.998 Y118.65 E443.03525
G0 F9000 X127.128 Y118.732
G1 F1500 X126.716 Y119.144 E443.04252
G0 F9000 X126.838 Y119.234
G1 F1500 X126.433 Y119.639 E443.04966
G0 F9000 X126.548 Y119.736
G1 F1500 X126.15 Y120.134 E443.05668
G0 F9000 X126.258 Y120.238
G1 F1500 X125.868 Y120.628 E443.06356
G0 F9000 X125.968 Y120.74
G1 F1500 X125.585 Y121.123 E443.07031
G0 F9000 X125.679 Y121.242
G1 F1500 X125.302 Y121.618 E443.07696
G0 F9000 X125.389 Y121.743
G1 F1500 X125.02 Y122.113 E443.08347
G0 F9000 X125.099 Y122.246
G1 F1500 X124.737 Y122.608 E443.08986
G0 F9000 X124.81 Y122.748
G1 F1500 X124.455 Y123.103 E443.09612
G0 F9000 X124.52 Y123.25
G1 F1500 X124.172 Y123.598 E443.10226
G0 F9000 X124.23 Y123.752
G1 F1500 X123.89 Y124.092 E443.10826
G0 F9000 X123.94 Y124.253
G1 F1500 X123.607 Y124.587 E443.11414
G0 F9000 X123.651 Y124.755
G1 F1500 X123.324 Y125.082 E443.11991
G0 F9000 X122.429 Y124.916
G1 F1500 X122.384 Y124.961 E443.1207
G0 F9000 X122.217 Y124.916
G1 F1500 X122.429 Y124.704 E443.12444
G0 F9000 X122.4 Y124.704
;MESH:NONMESH
G0 F300 X122.4 Y124.704 Z10.2
G0 F9000 X122.49 Y124.704
G0 X123.282 Y125.176
G0 X127.334 Y118.076
G0 X122.667 Y126.45
G0 X122.05 Y126.576
;TIME_ELAPSED:1255.947423
;LAYER:50
;TYPE:WALL-INNER
;MESH:cbar_model-DualBatClipHldr.stl
G1 F1500 X122.05 Y110.05 E443.53668
G1 X112.95 Y110.05 E443.76368
G1 X112.95 Y126.576 E444.17593
G1 X112.26 Y126.576 E444.19314
G1 X107.28 Y117.95 E444.4416
G1 X107.739 Y117.95 E444.45305
G1 X111.781 Y125.025 E444.65631
G1 X112.45 Y124.845 E444.67359
G1 X112.45 Y108.424 E445.08321
G1 X122.55 Y108.424 E445.33516
G1 X122.55 Y124.845 E445.74478
G1 X123.219 Y125.025 E445.76206
G1 X127.261 Y117.95 E445.96532
G1 X127.72 Y117.95 E445.97677
G1 X122.74 Y126.576 E446.22523
G1 X122.05 Y126.576 E446.24244
G0 F9000 X121.75 Y126.876
;TYPE:WALL-OUTER
G1 F1500 X121.75 Y110.35 E446.65469
G1 X113.25 Y110.35 E446.86672
G1 X113.25 Y126.876 E447.27896
G1 X112.087 Y126.876 E447.30797
G1 X106.76 Y117.65 E447.57373
G1 X107.913 Y117.65 E447.60249
G1 X111.927 Y124.675 E447.80432
G1 X112.15 Y124.615 E447.81008
G1 X112.15 Y108.124 E448.22145
G1 X122.85 Y108.124 E448.48836
G1 X122.85 Y124.615 E448.89973
G1 X123.073 Y124.675 E448.90549
G1 X127.087 Y117.65 E449.10732
G1 X128.24 Y117.65 E449.13608
G1 X122.913 Y126.876 E449.40183
G1 X121.75 Y126.876 E449.43084
G0 F9000 X122.34 Y126.286
;TYPE:SKIN
G1 F1500 X122.34 Y125.089 E449.4607
G1 X123.14 Y125.304 E449.48137
G1 X122.572 Y126.286 E449.50966
G1 X122.34 Y126.286 E449.51545
G1 F2700 E444.51545
G0 F9000 X122.11 Y126.286
G0 X121.928 Y110.172
G0 X113.072 Y110.172
G0 X112.89 Y126.286
G1 F2700 E449.51545
G0 F9000 X112.66 Y126.286
G1 F1500 X112.428 Y126.286 E449.52124
G1 X111.86 Y125.304 E449.54954
G1 X112.66 Y125.089 E449.5702
G1 X112.66 Y126.286 E449.60006
G1 F2700 E444.60006
G0 F9000 X112.89 Y126.286
G0 X113.072 Y110.172
G0 X121.928 Y110.172
G0 X122.182 Y126.444
G0 X122.667 Y126.45
G0 X127.476 Y118.09
G0 X123.282 Y125.176
G0 X122.586 Y124.989
G0 X122.49 Y109.76
G1 F2700 E449.60006
G0 F9000 X122.26 Y109.76
G1 F1500 X112.74 Y109.76 E449.83754
G1 X112.74 Y108.714 E449.86363
G1 X122.26 Y108.714 E450.10111
G1 X122.26 Y109.76 E450.1272
G0 F9000 X122.139 Y108.987
G1 F1500 X121.986 Y108.834 E450.1326
G0 F9000 X121.562 Y108.834
G1 F1500 X122.139 Y109.411 E450.15295
G0 F9000 X121.944 Y109.64
G1 F1500 X121.137 Y108.834 E450.1814
G0 F9000 X120.713 Y108.834
G1 F1500 X121.519 Y109.64 E450.20984
G0 F9000 X121.095 Y109.64
G1 F1500 X120.289 Y108.834 E450.23827
G0 F9000 X119.865 Y108.834
G1 F1500 X120.671 Y109.64 E450.26671
G0 F9000 X120.247 Y109.64
G1 F1500 X119.44 Y108.834 E450.29516
G0 F9000 X119.016 Y108.834
G1 F1500 X119.822 Y109.64 E450.32359
G0 F9000 X119.398 Y109.64
G1 F1500 X118.592 Y108.834 E450.35203
G0 F9000 X118.168 Y108.834
G1 F1500 X118.974 Y109.64 E450.38046
G0 F9000 X118.549 Y109.64
G1 F1500 X117.743 Y108.834 E450.40889
G0 F9000 X117.319 Y108.834
G1 F1500 X118.125 Y109.64 E450.43733
G0 F9000 X117.701 Y109.64
G1 F1500 X116.895 Y108.834 E450.46576
G0 F9000 X116.471 Y108.834
G1 F1500 X117.277 Y109.64 E450.49419
G0 F9000 X116.852 Y109.64
G1 F1500 X116.046 Y108.834 E450.52263
G0 F9000 X115.622 Y108.834
G1 F1500 X116.428 Y109.64 E450.55106
G0 F9000 X116.004 Y109.64
G1 F1500 X115.198 Y108.834 E450.5795
G0 F9000 X114.774 Y108.834
G1 F1500 X115.58 Y109.64 E450.60793
G0 F9000 X115.155 Y109.64
G1 F1500 X114.349 Y108.834 E450.63636
G0 F9000 X113.925 Y108.834
G1 F1500 X114.731 Y109.64 E450.6648
G0 F9000 X114.307 Y109.64
G1 F1500 X113.501 Y108.834 E450.69323
G0 F9000 X113.076 Y108.834
G1 F1500 X113.883 Y109.64 E450.72168
G0 F9000 X113.458 Y109.64
G1 F1500 X112.859 Y109.04 E450.74283
G0 F9000 X112.859 Y109.465
G1 F1500 X113.034 Y109.64 E450.74901
G1 F2700 E445.74901
G0 F9000 X113.034 Y109.99
G0 X112.818 Y126.444
G0 X112.333 Y126.45
G0 X107.524 Y118.09
G0 X111.718 Y125.176
G0 X112.098 Y125.003
G1 F2700 E450.74901
G0 F9000 X112.187 Y125.339
G1 F1500 X112.54 Y125.692 E450.76146
G0 F9000 X112.371 Y125.947
G1 F1500 X112.54 Y126.116 E450.76742
G1 F2700 E445.76742
G0 F9000 X112.89 Y126.116
G0 X113.072 Y110.172
G0 X121.928 Y110.172
G0 X122.11 Y125.854
G1 F2700 E450.76742
G0 F9000 X122.46 Y125.854
G1 F1500 X122.601 Y125.995 E450.77239
G0 F9000 X122.756 Y125.726
G1 F1500 X122.46 Y125.43 E450.78284
G0 F9000 X122.786 Y125.332
G1 F1500 X122.912 Y125.457 E450.78726
G0 F9000 X123.269 Y125.178
;TYPE:SKIN
G1 F1500 X123.294 Y125.203 E450.78771
G0 F9000 X123.434 Y125.131
G1 F1500 X123.346 Y125.043 E450.78926
G0 F9000 X123.423 Y124.908
G1 F1500 X123.512 Y124.997 E450.79083
G0 F9000 X123.589 Y124.862
G1 F1500 X123.5 Y124.773 E450.7924
G0 F9000 X123.577 Y124.638
G1 F1500 X123.667 Y124.727 E450.79398
G0 F9000 X123.745 Y124.593
G1 F1500 X123.654 Y124.503 E450.79557
G0 F9000 X123.731 Y124.368
G1 F1500 X123.822 Y124.459 E450.79718
G0 F9000 X123.9 Y124.324
G1 F1500 X123.808 Y124.233 E450.79879
G0 F9000 X123.885 Y124.097
G1 F1500 X123.977 Y124.189 E450.80041
G0 F9000 X124.055 Y124.055
G1 F1500 X123.962 Y123.962 E450.80205
G0 F9000 X124.039 Y123.827
G1 F1500 X124.133 Y123.921 E450.80371
G0 F9000 X124.211 Y123.786
G1 F1500 X124.117 Y123.692 E450.80537
G0 F9000 X124.194 Y123.557
G1 F1500 X124.288 Y123.652 E450.80704
G0 F9000 X124.366 Y123.518
G1 F1500 X124.271 Y123.423 E450.80871
G0 F9000 X124.348 Y123.288
G1 F1500 X124.443 Y123.383 E450.81039
G0 F9000 X124.521 Y123.248
G1 F1500 X124.426 Y123.153 E450.81206
G0 F9000 X124.503 Y123.018
G1 F1500 X124.599 Y123.114 E450.81376
G0 F9000 X124.677 Y122.98
G1 F1500 X124.58 Y122.883 E450.81547
G0 F9000 X124.657 Y122.748
G1 F1500 X124.754 Y122.845 E450.81718
G0 F9000 X124.831 Y122.71
G1 F1500 X124.734 Y122.613 E450.81889
G0 F9000 X124.811 Y122.477
G1 F1500 X124.909 Y122.576 E450.82063
G0 F9000 X124.987 Y122.441
G1 F1500 X124.888 Y122.342 E450.82237
G0 F9000 X124.965 Y122.207
G1 F1500 X125.065 Y122.307 E450.82414
G0 F9000 X125.143 Y122.173
G1 F1500 X125.042 Y122.072 E450.82592
G0 F9000 X125.119 Y121.937
G1 F1500 X125.22 Y122.038 E450.8277
G0 F9000 X125.297 Y121.903
G1 F1500 X125.196 Y121.802 E450.82948
G0 F9000 X125.273 Y121.667
G1 F1500 X125.375 Y121.769 E450.83128
G0 F9000 X125.453 Y121.635
G1 F1500 X125.35 Y121.532 E450.8331
G0 F9000 X125.428 Y121.398
G1 F1500 X125.531 Y121.5 E450.83491
G0 F9000 X125.608 Y121.365
G1 F1500 X125.505 Y121.263 E450.83671
G0 F9000 X125.582 Y121.128
G1 F1500 X125.686 Y121.231 E450.83854
G0 F9000 X125.763 Y121.096
G1 F1500 X125.659 Y120.993 E450.84037
G0 F9000 X125.737 Y120.857
G1 F1500 X125.841 Y120.962 E450.84221
G0 F9000 X125.919 Y120.828
G1 F1500 X125.814 Y120.722 E450.84407
G0 F9000 X125.891 Y120.587
G1 F1500 X125.997 Y120.693 E450.84594
G0 F9000 X126.074 Y120.558
G1 F1500 X125.968 Y120.452 E450.84781
G0 F9000 X126.045 Y120.317
G1 F1500 X126.152 Y120.424 E450.8497
G0 F9000 X126.229 Y120.29
G1 F1500 X126.122 Y120.182 E450.85159
G0 F9000 X126.199 Y120.047
G1 F1500 X126.307 Y120.155 E450.8535
G0 F9000 X126.385 Y120.021
G1 F1500 X126.276 Y119.912 E450.85542
G0 F9000 X126.353 Y119.777
G1 F1500 X126.462 Y119.886 E450.85734
G0 F9000 X126.54 Y119.752
G1 F1500 X126.43 Y119.642 E450.85928
G0 F9000 X126.508 Y119.508
G1 F1500 X126.618 Y119.617 E450.86122
G0 F9000 X126.695 Y119.483
G1 F1500 X126.585 Y119.373 E450.86316
G0 F9000 X126.662 Y119.238
G1 F1500 X126.773 Y119.349 E450.86511
G0 F9000 X126.85 Y119.213
G1 F1500 X126.739 Y119.102 E450.86707
G0 F9000 X126.816 Y118.967
G1 F1500 X126.928 Y119.079 E450.86905
G0 F9000 X127.006 Y118.945
G1 F1500 X126.893 Y118.832 E450.87104
G0 F9000 X126.97 Y118.697
G1 F1500 X127.084 Y118.81 E450.87304
G0 F9000 X127.161 Y118.676
G1 F1500 X127.047 Y118.562 E450.87505
G0 F9000 X127.125 Y118.427
G1 F1500 X127.238 Y118.541 E450.87705
G0 F9000 X127.316 Y118.407
G1 F1500 X127.202 Y118.292 E450.87907
G0 F9000 X127.279 Y118.157
G1 F1500 X127.394 Y118.272 E450.8811
G0 F9000 X127.472 Y118.138
G1 F1500 X127.403 Y118.069 E450.88232
G0 F9000 X127.403 Y118.01
G0 X123.161 Y124.886
G0 X122.669 Y124.754
G0 X122.49 Y117.975
G0 X122.429 Y117.975
G1 F1500 X122.168 Y117.714 E450.88692
G0 F9000 X122.168 Y117.502
G1 F1500 X122.429 Y117.762 E450.89152
G0 F9000 X122.429 Y117.55
G1 F1500 X122.168 Y117.289 E450.89612
G0 F9000 X122.168 Y117.077
G1 F1500 X122.429 Y117.338 E450.90073
G0 F9000 X122.429 Y117.126
G1 F1500 X122.168 Y116.865 E450.90533
G0 F9000 X122.168 Y116.653
G1 F1500 X122.429 Y116.914 E450.90993
G0 F9000 X122.429 Y116.702
G1 F1500 X122.168 Y116.441 E450.91454
G0 F9000 X122.168 Y116.229
G1 F1500 X122.429 Y116.49 E450.91914
G0 F9000 X122.429 Y116.278
G1 F1500 X122.168 Y116.017 E450.92374
G0 F9000 X122.168 Y115.804
G1 F1500 X122.429 Y116.065 E450.92835
G0 F9000 X122.429 Y115.853
G1 F1500 X122.168 Y115.592 E450.93295
G0 F9000 X122.168 Y115.38
G1 F1500 X122.429 Y115.641 E450.93756
G0 F9000 X122.429 Y115.429
G1 F1500 X122.168 Y115.168 E450.94216
G0 F9000 X122.168 Y114.956
G1 F1500 X122.429 Y115.217 E450.94676
G0 F9000 X122.429 Y115.005
G1 F1500 X122.168 Y114.744 E450.95137
G0 F9000 X122.168 Y114.532
G1 F1500 X122.429 Y114.793 E450.95597
G0 F9000 X122.429 Y114.58
G1 F1500 X122.168 Y114.32 E450.96057
G0 F9000 X122.168 Y114.107
G1 F1500 X122.429 Y114.368 E450.96517
G0 F9000 X122.429 Y114.156
G1 F1500 X122.168 Y113.895 E450.96977
G0 F9000 X122.168 Y113.683
G1 F1500 X122.429 Y113.944 E450.97438
G0 F9000 X122.429 Y113.732
G1 F1500 X122.168 Y113.471 E450.97898
G0 F9000 X122.168 Y113.259
G1 F1500 X122.429 Y113.52 E450.98358
G0 F9000 X122.429 Y113.308
G1 F1500 X122.168 Y113.047 E450.98819
G0 F9000 X122.168 Y112.835
G1 F1500 X122.429 Y113.096 E450.99279
G0 F9000 X122.429 Y112.883
G1 F1500 X122.168 Y112.623 E450.99739
G0 F9000 X122.168 Y112.41
G1 F1500 X122.429 Y112.671 E451.00199
G0 F9000 X122.429 Y112.459
G1 F1500 X122.168 Y112.198 E451.00659
G0 F9000 X122.168 Y111.986
G1 F1500 X122.429 Y112.247 E451.0112
G0 F9000 X122.429 Y112.035
G1 F1500 X122.168 Y111.774 E451.0158
G0 F9000 X122.168 Y111.562
G1 F1500 X122.429 Y111.823 E451.02041
G0 F9000 X122.429 Y111.611
G1 F1500 X122.168 Y111.35 E451.02501
G0 F9000 X122.168 Y111.138
G1 F1500 X122.429 Y111.399 E451.02961
G0 F9000 X122.429 Y111.186
G1 F1500 X122.168 Y110.925 E451.03422
G0 F9000 X122.168 Y110.713
G1 F1500 X122.429 Y110.974 E451.03882
G0 F9000 X122.429 Y110.762
G1 F1500 X122.168 Y110.501 E451.04342
G0 F9000 X122.168 Y110.289
G1 F1500 X122.429 Y110.55 E451.04803
G0 F9000 X122.429 Y110.338
G1 F1500 X122.168 Y110.077 E451.05263
G0 F9000 X122.198 Y109.895
G1 F1500 X122.429 Y110.126 E451.05671
G1 F2700 E446.05671
G0 F9000 X122.49 Y110.126
G0 X122.421 Y124.944
G0 X123.282 Y125.176
G0 X127.334 Y118.076
G0 X122.667 Y126.45
G0 X122.182 Y126.444
G0 X122.11 Y117.926
G1 F2700 E451.05671
G0 F9000 X122.168 Y117.926
G1 F1500 X122.429 Y118.187 E451.06131
G0 F9000 X122.429 Y118.399
G1 F1500 X122.168 Y118.138 E451.06591
G0 F9000 X122.168 Y118.35
G1 F1500 X122.429 Y118.611 E451.07052
G0 F9000 X122.429 Y118.823
G1 F1500 X122.168 Y118.562 E451.07512
G0 F9000 X122.168 Y118.774
G1 F1500 X122.429 Y119.035 E451.07973
G0 F9000 X122.429 Y119.247
G1 F1500 X122.168 Y118.986 E451.08433
G0 F9000 X122.168 Y119.199
G1 F1500 X122.429 Y119.46 E451.08893
G0 F9000 X122.429 Y119.672
G1 F1500 X122.168 Y119.411 E451.09354
G0 F9000 X122.168 Y119.623
G1 F1500 X122.429 Y119.884 E451.09814
G0 F9000 X122.429 Y120.096
G1 F1500 X122.168 Y119.835 E451.10274
G0 F9000 X122.168 Y120.047
G1 F1500 X122.429 Y120.308 E451.10735
G0 F9000 X122.429 Y120.52
G1 F1500 X122.168 Y120.259 E451.11195
G0 F9000 X122.168 Y120.471
G1 F1500 X122.429 Y120.732 E451.11656
G0 F9000 X122.429 Y120.944
G1 F1500 X122.168 Y120.684 E451.12115
G0 F9000 X122.168 Y120.896
G1 F1500 X122.429 Y121.157 E451.12575
G0 F9000 X122.429 Y121.369
G1 F1500 X122.168 Y121.108 E451.13036
G0 F9000 X122.168 Y121.32
G1 F1500 X122.429 Y121.581 E451.13496
G0 F9000 X122.429 Y121.793
G1 F1500 X122.168 Y121.532 E451.13957
G0 F9000 X122.168 Y121.744
G1 F1500 X122.429 Y122.005 E451.14417
G0 F9000 X122.429 Y122.217
G1 F1500 X122.168 Y121.956 E451.14877
G0 F9000 X122.168 Y122.168
G1 F1500 X122.429 Y122.429 E451.15338
G0 F9000 X122.429 Y122.642
G1 F1500 X122.168 Y122.381 E451.15798
G0 F9000 X122.168 Y122.593
G1 F1500 X122.429 Y122.854 E451.16258
G0 F9000 X122.429 Y123.066
G1 F1500 X122.168 Y122.805 E451.16719
G0 F9000 X122.168 Y123.017
G1 F1500 X122.429 Y123.278 E451.17179
G0 F9000 X122.429 Y123.49
G1 F1500 X122.168 Y123.229 E451.1764
G0 F9000 X122.168 Y123.441
G1 F1500 X122.429 Y123.702 E451.181
G0 F9000 X122.429 Y123.914
G1 F1500 X122.168 Y123.653 E451.1856
G0 F9000 X122.168 Y123.866
G1 F1500 X122.429 Y124.126 E451.1902
G0 F9000 X122.429 Y124.339
G1 F1500 X122.168 Y124.078 E451.1948
G0 F9000 X122.168 Y124.29
G1 F1500 X122.429 Y124.551 E451.1994
G0 F9000 X122.429 Y124.763
G1 F1500 X122.168 Y124.502 E451.20401
G0 F9000 X122.168 Y124.714
G1 F1500 X122.425 Y124.971 E451.20854
G1 F2700 E446.20854
G0 F9000 X122.449 Y124.881
G0 X123.282 Y125.176
G0 X127.334 Y118.076
G0 X122.667 Y126.45
G0 X122.182 Y126.444
G0 X121.928 Y110.172
G0 X113.072 Y110.172
G0 X112.89 Y124.709
G1 F2700 E451.20854
G0 F9000 X112.83 Y124.709
G1 F1500 X112.569 Y124.448 E451.21315
G0 F9000 X112.569 Y124.236
G1 F1500 X112.83 Y124.497 E451.21775
G0 F9000 X112.83 Y124.285
G1 F1500 X112.569 Y124.024 E451.22235
G0 F9000 X112.569 Y123.812
G1 F1500 X112.83 Y124.073 E451.22696
G0 F9000 X112.83 Y123.861
G1 F1500 X112.569 Y123.6 E451.23156
G0 F9000 X112.569 Y123.388
G1 F1500 X112.83 Y123.648 E451.23616
G0 F9000 X112.83 Y123.436
G1 F1500 X112.569 Y123.175 E451.24076
G0 F9000 X112.569 Y122.963
G1 F1500 X112.83 Y123.224 E451.24536
G0 F9000 X112.83 Y123.012
G1 F1500 X112.569 Y122.751 E451.24997
G0 F9000 X112.569 Y122.539
G1 F1500 X112.83 Y122.8 E451.25457
G0 F9000 X112.83 Y122.588
G1 F1500 X112.569 Y122.327 E451.25917
G0 F9000 X112.569 Y122.115
G1 F1500 X112.83 Y122.376 E451.26378
G0 F9000 X112.83 Y122.164
G1 F1500 X112.569 Y121.903 E451.26838
G0 F9000 X112.569 Y121.69
G1 F1500 X112.83 Y121.951 E451.27299
G0 F9000 X112.83 Y121.739
G1 F1500 X112.569 Y121.478 E451.27759
G0 F9000 X112.569 Y121.266
G1 F1500 X112.83 Y121.527 E451.28219
G0 F9000 X112.83 Y121.315
G1 F1500 X112.569 Y121.054 E451.2868
G0 F9000 X112.569 Y120.842
G1 F1500 X112.83 Y121.103 E451.2914
G0 F9000 X112.83 Y120.891
G1 F1500 X112.569 Y120.63 E451.296
G0 F9000 X112.569 Y120.418
G1 F1500 X112.83 Y120.679 E451.30061
G0 F9000 X112.83 Y120.466
G1 F1500 X112.569 Y120.206 E451.3052
G0 F9000 X112.569 Y119.993
G1 F1500 X112.83 Y120.254 E451.30981
G0 F9000 X112.83 Y120.042
G1 F1500 X112.569 Y119.781 E451.31441
G0 F9000 X112.569 Y119.569
G1 F1500 X112.83 Y119.83 E451.31901
G0 F9000 X112.83 Y119.618
G1 F1500 X112.569 Y119.357 E451.32362
G0 F9000 X112.569 Y119.145
G1 F1500 X112.83 Y119.406 E451.32822
G0 F9000 X112.83 Y119.194
G1 F1500 X112.569 Y118.933 E451.33283
G0 F9000 X112.569 Y118.721
G1 F1500 X112.83 Y118.982 E451.33743
G0 F9000 X112.83 Y118.769
G1 F1500 X112.569 Y118.508 E451.34203
G0 F9000 X112.569 Y118.296
G1 F1500 X112.83 Y118.557 E451.34664
G0 F9000 X112.83 Y118.345
G1 F1500 X112.569 Y118.084 E451.35124
G0 F9000 X112.569 Y117.872
G1 F1500 X112.83 Y118.133 E451.35584
G0 F9000 X112.83 Y117.921
G1 F1500 X112.569 Y117.66 E451.36045
G0 F9000 X112.569 Y117.448
G1 F1500 X112.83 Y117.709 E451.36505
G0 F9000 X112.83 Y117.497
G1 F1500 X112.569 Y117.236 E451.36966
G0 F9000 X112.569 Y117.024
G1 F1500 X112.83 Y117.284 E451.37425
G0 F9000 X112.83 Y117.072
G1 F1500 X112.569 Y116.811 E451.37885
G0 F9000 X112.569 Y116.599
G1 F1500 X112.83 Y116.86 E451.38346
G0 F9000 X112.83 Y116.648
G1 F1500 X112.569 Y116.387 E451.38806
G0 F9000 X112.569 Y116.175
G1 F1500 X112.83 Y116.436 E451.39267
G0 F9000 X112.83 Y116.224
G1 F1500 X112.569 Y115.963 E451.39727
G0 F9000 X112.569 Y115.751
G1 F1500 X112.83 Y116.012 E451.40187
G0 F9000 X112.83 Y115.8
G1 F1500 X112.569 Y115.539 E451.40648
G0 F9000 X112.569 Y115.326
G1 F1500 X112.83 Y115.587 E451.41108
G0 F9000 X112.83 Y115.375
G1 F1500 X112.569 Y115.114 E451.41568
G0 F9000 X112.569 Y114.902
G1 F1500 X112.83 Y115.163 E451.42029
G0 F9000 X112.83 Y114.951
G1 F1500 X112.569 Y114.69 E451.42489
G0 F9000 X112.569 Y114.478
G1 F1500 X112.83 Y114.739 E451.42949
G0 F9000 X112.83 Y114.527
G1 F1500 X112.569 Y114.266 E451.4341
G0 F9000 X112.569 Y114.054
G1 F1500 X112.83 Y114.315 E451.4387
G0 F9000 X112.83 Y114.102
G1 F1500 X112.569 Y113.842 E451.4433
G0 F9000 X112.569 Y113.629
G1 F1500 X112.83 Y113.89 E451.4479
G0 F9000 X112.83 Y113.678
G1 F1500 X112.569 Y113.417 E451.4525
G0 F9000 X112.569 Y113.205
G1 F1500 X112.83 Y113.466 E451.45711
G0 F9000 X112.83 Y113.254
G1 F1500 X112.569 Y112.993 E451.46171
G0 F9000 X112.569 Y112.781
G1 F1500 X112.83 Y113.042 E451.46632
G0 F9000 X112.83 Y112.83
G1 F1500 X112.569 Y112.569 E451.47092
G0 F9000 X112.569 Y112.357
G1 F1500 X112.83 Y112.618 E451.47552
G0 F9000 X112.83 Y112.405
G1 F1500 X112.569 Y112.145 E451.48012
G0 F9000 X112.569 Y111.932
G1 F1500 X112.83 Y112.193 E451.48472
G0 F9000 X112.83 Y111.981
G1 F1500 X112.569 Y111.72 E451.48933
G0 F9000 X112.569 Y111.508
G1 F1500 X112.83 Y111.769 E451.49393
G0 F9000 X112.83 Y111.557
G1 F1500 X112.569 Y111.296 E451.49853
G0 F9000 X112.569 Y111.084
G1 F1500 X112.83 Y111.345 E451.50314
G0 F9000 X112.83 Y111.133
G1 F1500 X112.569 Y110.872 E451.50774
G0 F9000 X112.569 Y110.66
G1 F1500 X112.83 Y110.921 E451.51234
G0 F9000 X112.83 Y110.708
G1 F1500 X112.569 Y110.447 E451.51695
G0 F9000 X112.569 Y110.235
G1 F1500 X112.83 Y110.496 E451.52155
G0 F9000 X112.83 Y110.284
G1 F1500 X112.569 Y110.023 E451.52616
G0 F9000 X112.652 Y109.895
G1 F1500 X112.83 Y110.072 E451.52929
G0 F9000 X112.89 Y110.072
G0 X112.818 Y126.444
G0 X112.333 Y126.45
G0 X107.472 Y118.06
G0 X107.522 Y118.129
G1 F1500 X107.944 Y118.551 E451.53673
G0 F9000 X107.812 Y118.631
G1 F1500 X108.227 Y119.046 E451.54405
G0 F9000 X108.101 Y119.132
G1 F1500 X108.509 Y119.54 E451.55125
G0 F9000 X108.391 Y119.634
G1 F1500 X108.792 Y120.035 E451.55832
G0 F9000 X108.681 Y120.136
G1 F1500 X109.075 Y120.53 E451.56527
G0 F9000 X108.971 Y120.638
G1 F1500 X109.358 Y121.025 E451.5721
G0 F9000 X109.261 Y121.14
G1 F1500 X109.641 Y121.52 E451.5788
G0 F9000 X109.551 Y121.642
G1 F1500 X109.923 Y122.015 E451.58537
G0 F9000 X109.841 Y122.144
G1 F1500 X110.206 Y122.51 E451.59182
G0 F9000 X110.131 Y122.646
G1 F1500 X110.488 Y123.004 E451.59812
G0 F9000 X110.421 Y123.149
G1 F1500 X110.771 Y123.499 E451.6043
G0 F9000 X110.71 Y123.65
G1 F1500 X111.054 Y123.994 E451.61036
G0 F9000 X111 Y124.152
G1 F1500 X111.337 Y124.489 E451.61631
G0 F9000 X111.29 Y124.654
G1 F1500 X111.62 Y124.984 E451.62213
G0 F9000 X111.58 Y125.156
G1 F1500 X111.644 Y125.22 E451.62326
G0 F9000 X112.569 Y124.872
G1 F1500 X112.647 Y124.951 E451.62464
G0 F9000 X112.815 Y124.906
G1 F1500 X112.569 Y124.66 E451.62898
G0 F9000 X112.6 Y124.66
G1 F2700 E446.62898
;MESH:NONMESH
G0 F300 X112.6 Y124.66 Z10.4
G0 F9000 X112.51 Y124.66
G0 X111.718 Y125.176
G0 X107.666 Y118.076
G0 X112.333 Y126.45
G0 X112.818 Y126.444
G0 X113.072 Y110.172
G0 X121.928 Y110.172
G0 X122.05 Y126.576
;TIME_ELAPSED:1296.253628
;LAYER:51
;TYPE:WALL-INNER
;MESH:cbar_model-DualBatClipHldr.stl
G1 F2700 E451.62898
G1 F1500 X122.05 Y110.05 E452.04122
G1 X112.95 Y110.05 E452.26822
G1 X112.95 Y126.576 E452.68047
G1 X112.26 Y126.576 E452.69768
G1 X107.28 Y117.95 E452.94614
G1 X107.739 Y117.95 E452.95759
G1 X111.781 Y125.025 E453.16085
G1 X112.45 Y124.845 E453.17813
G1 X112.45 Y108.424 E453.58775
G1 X122.55 Y108.424 E453.8397
G1 X122.55 Y124.845 E454.24932
G1 X123.219 Y125.025 E454.26661
G1 X127.261 Y117.95 E454.46986
G1 X127.72 Y117.95 E454.48131
G1 X122.74 Y126.576 E454.72977
G1 X122.05 Y126.576 E454.74699
G0 F9000 X121.75 Y126.876
;TYPE:WALL-OUTER
G1 F1500 X121.75 Y110.35 E455.15923
G1 X113.25 Y110.35 E455.37126
G1 X113.25 Y126.876 E455.78351
G1 X112.087 Y126.876 E455.81252
G1 X106.76 Y117.65 E456.07827
G1 X107.913 Y117.65 E456.10703
G1 X111.927 Y124.675 E456.30886
G1 X112.15 Y124.615 E456.31462
G1 X112.15 Y108.124 E456.72599
G1 X122.85 Y108.124 E456.9929
G1 X122.85 Y124.615 E457.40427
G1 X123.073 Y124.675 E457.41003
G1 X127.087 Y117.65 E457.61186
G1 X128.24 Y117.65 E457.64062
G1 X122.913 Y126.876 E457.90637
G1 X121.75 Y126.876 E457.93538
G0 F9000 X122.34 Y126.286
;TYPE:SKIN
G1 F1500 X122.34 Y125.089 E457.96524
G1 X123.14 Y125.304 E457.98591
G1 X122.572 Y126.286 E458.01421
G1 X122.34 Y126.286 E458.01999
G1 F2700 E453.01999
G0 F9000 X122.11 Y126.286
G0 X121.928 Y110.172
G0 X113.072 Y110.172
G0 X112.89 Y126.286
G1 F2700 E458.01999
G0 F9000 X112.66 Y126.286
G1 F1500 X112.428 Y126.286 E458.02578
G1 X111.86 Y125.304 E458.05408
G1 X112.66 Y125.089 E458.07474
G1 X112.66 Y126.286 E458.1046
G1 F2700 E453.1046
G0 F9000 X112.89 Y126.286
G0 X113.072 Y110.172
G0 X121.928 Y110.172
G0 X122.182 Y126.444
G0 X122.667 Y126.45
G0 X127.476 Y118.09
G0 X123.282 Y125.176
G0 X122.586 Y124.989
G0 X122.49 Y109.76
G1 F2700 E458.1046
G0 F9000 X122.26 Y109.76
G1 F1500 X112.74 Y109.76 E458.34208
G1 X112.74 Y108.714 E458.36817
G1 X122.26 Y108.714 E458.60565
G1 X122.26 Y109.76 E458.63174
G0 F9000 X122.49 Y109.76
G0 X122.418 Y108.556
G0 X113.055 Y108.484
G0 X113.055 Y108.834
G1 F1500 X112.859 Y109.03 E458.63866
G0 F9000 X112.859 Y109.455
G1 F1500 X113.48 Y108.834 E458.66056
G0 F9000 X113.904 Y108.834
G1 F1500 X113.098 Y109.64 E458.689
G0 F9000 X113.522 Y109.64
G1 F1500 X114.328 Y108.834 E458.71743
G0 F9000 X114.752 Y108.834
G1 F1500 X113.946 Y109.64 E458.74587
G0 F9000 X114.37 Y109.64
G1 F1500 X115.177 Y108.834 E458.77432
G0 F9000 X115.601 Y108.834
G1 F1500 X114.795 Y109.64 E458.80275
G0 F9000 X115.219 Y109.64
G1 F1500 X116.025 Y108.834 E458.83119
G0 F9000 X116.449 Y108.834
G1 F1500 X115.643 Y109.64 E458.85962
G0 F9000 X116.068 Y109.64
G1 F1500 X116.874 Y108.834 E458.88805
G0 F9000 X117.298 Y108.834
G1 F1500 X116.492 Y109.64 E458.91649
G0 F9000 X116.916 Y109.64
G1 F1500 X117.722 Y108.834 E458.94492
G0 F9000 X118.146 Y108.834
G1 F1500 X117.34 Y109.64 E458.97335
G0 F9000 X117.765 Y109.64
G1 F1500 X118.571 Y108.834 E459.00179
G0 F9000 X118.995 Y108.834
G1 F1500 X118.189 Y109.64 E459.03022
G0 F9000 X118.613 Y109.64
G1 F1500 X119.419 Y108.834 E459.05866
G0 F9000 X119.843 Y108.834
G1 F1500 X119.037 Y109.64 E459.08709
G0 F9000 X119.462 Y109.64
G1 F1500 X120.268 Y108.834 E459.11552
G0 F9000 X120.692 Y108.834
G1 F1500 X119.886 Y109.64 E459.14396
G0 F9000 X120.31 Y109.64
G1 F1500 X121.116 Y108.834 E459.17239
G0 F9000 X121.541 Y108.834
G1 F1500 X120.734 Y109.64 E459.20084
G0 F9000 X121.159 Y109.64
G1 F1500 X121.965 Y108.834 E459.22928
G0 F9000 X122.139 Y109.084
G1 F1500 X121.583 Y109.64 E459.24889
G0 F9000 X122.007 Y109.64
G1 F1500 X122.139 Y109.508 E459.25355
G0 F9000 X122.49 Y109.508
G0 X122.601 Y124.922
G0 X122.511 Y125.258
G1 F1500 X122.46 Y125.309 E459.25535
G0 F9000 X122.847 Y125.347
G1 F1500 X122.46 Y125.734 E459.269
G0 F9000 X122.569 Y126.048
G1 F1500 X122.466 Y126.152 E459.27265
G1 F2700 E454.27265
G0 F9000 X122.11 Y126.152
G0 X121.928 Y110.172
G0 X113.072 Y110.172
G0 X112.89 Y125.896
G1 F2700 E459.27265
G0 F9000 X112.54 Y125.896
G1 F1500 X112.414 Y126.021 E459.27708
G0 F9000 X112.259 Y125.752
G1 F1500 X112.54 Y125.471 E459.28699
G0 F9000 X112.27 Y125.316
G1 F1500 X112.104 Y125.483 E459.29286
G0 F9000 X111.668 Y125.07
;TYPE:SKIN
G1 F1500 X111.581 Y125.157 E459.2944
G0 F9000 X111.503 Y125.023
G1 F1500 X111.591 Y124.935 E459.29595
G0 F9000 X111.514 Y124.8
G1 F1500 X111.426 Y124.888 E459.2975
G0 F9000 X111.348 Y124.754
G1 F1500 X111.437 Y124.665 E459.29907
G0 F9000 X111.36 Y124.53
G1 F1500 X111.271 Y124.619 E459.30064
G0 F9000 X111.193 Y124.485
G1 F1500 X111.283 Y124.395 E459.30223
G0 F9000 X111.205 Y124.26
G1 F1500 X111.115 Y124.351 E459.30383
G0 F9000 X111.037 Y124.216
G1 F1500 X111.128 Y124.125 E459.30543
G0 F9000 X111.051 Y123.99
G1 F1500 X110.96 Y124.081 E459.30704
G0 F9000 X110.882 Y123.947
G1 F1500 X110.974 Y123.855 E459.30866
G0 F9000 X110.897 Y123.72
G1 F1500 X110.805 Y123.812 E459.31028
G0 F9000 X110.727 Y123.678
G1 F1500 X110.82 Y123.585 E459.31192
G0 F9000 X110.742 Y123.45
G1 F1500 X110.649 Y123.544 E459.31357
G0 F9000 X110.572 Y123.409
G1 F1500 X110.665 Y123.315 E459.31522
G0 F9000 X110.588 Y123.18
G1 F1500 X110.494 Y123.274 E459.31688
G0 F9000 X110.416 Y123.14
G1 F1500 X110.511 Y123.045 E459.31856
G0 F9000 X110.434 Y122.91
G1 F1500 X110.339 Y123.006 E459.32024
G0 F9000 X110.261 Y122.871
G1 F1500 X110.357 Y122.775 E459.32193
G0 F9000 X110.28 Y122.64
G1 F1500 X110.183 Y122.737 E459.32364
G0 F9000 X110.106 Y122.602
G1 F1500 X110.203 Y122.505 E459.32536
G0 F9000 X110.126 Y122.37
G1 F1500 X110.028 Y122.468 E459.32708
G0 F9000 X109.95 Y122.333
G1 F1500 X110.049 Y122.235 E459.32882
G0 F9000 X109.972 Y122.1
G1 F1500 X109.873 Y122.199 E459.33057
G0 F9000 X109.795 Y122.065
G1 F1500 X109.895 Y121.965 E459.33233
G0 F9000 X109.817 Y121.83
G1 F1500 X109.718 Y121.929 E459.33408
G0 F9000 X109.64 Y121.795
G1 F1500 X109.74 Y121.695 E459.33584
G0 F9000 X109.663 Y121.56
G1 F1500 X109.562 Y121.661 E459.33762
G0 F9000 X109.484 Y121.526
G1 F1500 X109.585 Y121.425 E459.33941
G0 F9000 X109.508 Y121.29
G1 F1500 X109.407 Y121.392 E459.3412
G0 F9000 X109.33 Y121.257
G1 F1500 X109.431 Y121.155 E459.34299
G0 F9000 X109.354 Y121.02
G1 F1500 X109.252 Y121.123 E459.34479
G0 F9000 X109.174 Y120.988
G1 F1500 X109.277 Y120.885 E459.34661
G0 F9000 X109.2 Y120.75
G1 F1500 X109.096 Y120.854 E459.34844
G0 F9000 X109.018 Y120.72
G1 F1500 X109.123 Y120.615 E459.3503
G0 F9000 X109.046 Y120.48
G1 F1500 X108.941 Y120.585 E459.35215
G0 F9000 X108.864 Y120.45
G1 F1500 X108.969 Y120.345 E459.354
G0 F9000 X108.892 Y120.21
G1 F1500 X108.786 Y120.316 E459.35587
G0 F9000 X108.708 Y120.181
G1 F1500 X108.814 Y120.075 E459.35774
G0 F9000 X108.737 Y119.94
G1 F1500 X108.63 Y120.047 E459.35963
G0 F9000 X108.552 Y119.913
G1 F1500 X108.66 Y119.805 E459.36153
G0 F9000 X108.583 Y119.67
G1 F1500 X108.475 Y119.778 E459.36344
G0 F9000 X108.398 Y119.643
G1 F1500 X108.506 Y119.535 E459.36534
G0 F9000 X108.429 Y119.4
G1 F1500 X108.32 Y119.509 E459.36727
G0 F9000 X108.242 Y119.375
G1 F1500 X108.352 Y119.265 E459.36921
G0 F9000 X108.275 Y119.13
G1 F1500 X108.164 Y119.24 E459.37116
G0 F9000 X108.087 Y119.105
G1 F1500 X108.197 Y118.995 E459.3731
G0 F9000 X108.12 Y118.86
G1 F1500 X108.009 Y118.971 E459.37505
G0 F9000 X107.932 Y118.837
G1 F1500 X108.043 Y118.725 E459.37702
G0 F9000 X107.966 Y118.59
G1 F1500 X107.854 Y118.702 E459.379
G0 F9000 X107.776 Y118.568
G1 F1500 X107.888 Y118.455 E459.38098
G0 F9000 X107.811 Y118.32
G1 F1500 X107.698 Y118.434 E459.38298
G0 F9000 X107.621 Y118.298
G1 F1500 X107.734 Y118.185 E459.38498
G0 F9000 X107.639 Y118.069
G1 F1500 X107.543 Y118.164 E459.38666
G0 F9000 X107.491 Y118.194
G0 X111.839 Y124.886
G0 X112.331 Y124.754
G0 X112.51 Y118.229
G0 X112.569 Y118.229
G1 F1500 X112.829 Y117.97 E459.39124
G0 F9000 X112.829 Y117.758
G1 F1500 X112.569 Y118.017 E459.39581
G0 F9000 X112.569 Y117.805
G1 F1500 X112.829 Y117.545 E459.4004
G0 F9000 X112.829 Y117.333
G1 F1500 X112.569 Y117.593 E459.40499
G0 F9000 X112.569 Y117.381
G1 F1500 X112.829 Y117.121 E459.40957
G0 F9000 X112.829 Y116.909
G1 F1500 X112.569 Y117.169 E459.41416
G0 F9000 X112.569 Y116.956
G1 F1500 X112.829 Y116.697 E459.41874
G0 F9000 X112.829 Y116.485
G1 F1500 X112.569 Y116.744 E459.42331
G0 F9000 X112.569 Y116.532
G1 F1500 X112.829 Y116.273 E459.42789
G0 F9000 X112.829 Y116.06
G1 F1500 X112.569 Y116.32 E459.43248
G0 F9000 X112.569 Y116.108
G1 F1500 X112.829 Y115.848 E459.43706
G0 F9000 X112.829 Y115.636
G1 F1500 X112.569 Y115.896 E459.44165
G0 F9000 X112.569 Y115.684
G1 F1500 X112.829 Y115.424 E459.44623
G0 F9000 X112.829 Y115.212
G1 F1500 X112.569 Y115.471 E459.45081
G0 F9000 X112.569 Y115.259
G1 F1500 X112.829 Y115 E459.45539
G0 F9000 X112.829 Y114.788
G1 F1500 X112.569 Y115.047 E459.45997
G0 F9000 X112.569 Y114.835
G1 F1500 X112.829 Y114.576 E459.46454
G0 F9000 X112.829 Y114.363
G1 F1500 X112.569 Y114.623 E459.46913
G0 F9000 X112.569 Y114.411
G1 F1500 X112.829 Y114.151 E459.47372
G0 F9000 X112.829 Y113.939
G1 F1500 X112.569 Y114.199 E459.4783
G0 F9000 X112.569 Y113.987
G1 F1500 X112.829 Y113.727 E459.48289
G0 F9000 X112.829 Y113.515
G1 F1500 X112.569 Y113.774 E459.48747
G0 F9000 X112.569 Y113.562
G1 F1500 X112.829 Y113.303 E459.49204
G0 F9000 X112.829 Y113.091
G1 F1500 X112.569 Y113.35 E459.49662
G0 F9000 X112.569 Y113.138
G1 F1500 X112.829 Y112.878 E459.50121
G0 F9000 X112.829 Y112.666
G1 F1500 X112.569 Y112.926 E459.50579
G0 F9000 X112.569 Y112.714
G1 F1500 X112.829 Y112.454 E459.51038
G0 F9000 X112.829 Y112.242
G1 F1500 X112.569 Y112.502 E459.51496
G0 F9000 X112.569 Y112.289
G1 F1500 X112.829 Y112.03 E459.51954
G0 F9000 X112.829 Y111.818
G1 F1500 X112.569 Y112.077 E459.52412
G0 F9000 X112.569 Y111.865
G1 F1500 X112.829 Y111.606 E459.5287
G0 F9000 X112.829 Y111.394
G1 F1500 X112.569 Y111.653 E459.53327
G0 F9000 X112.569 Y111.441
G1 F1500 X112.829 Y111.181 E459.53786
G0 F9000 X112.829 Y110.969
G1 F1500 X112.569 Y111.229 E459.54245
G0 F9000 X112.569 Y111.017
G1 F1500 X112.829 Y110.757 E459.54703
G0 F9000 X112.829 Y110.545
G1 F1500 X112.569 Y110.805 E459.55162
G0 F9000 X112.569 Y110.592
G1 F1500 X112.829 Y110.333 E459.5562
G0 F9000 X112.829 Y110.121
G1 F1500 X112.569 Y110.38 E459.56077
G0 F9000 X112.569 Y110.168
G1 F1500 X112.829 Y109.909 E459.56535
G0 F9000 X112.631 Y109.895
G1 F1500 X112.569 Y109.956 E459.56644
G1 F2700 E454.56644
G0 F9000 X112.51 Y109.956
G0 X112.579 Y124.944
G0 X111.718 Y125.176
G0 X107.666 Y118.076
G0 X112.333 Y126.45
G0 X112.818 Y126.444
G0 X112.89 Y118.182
G1 F2700 E459.56644
G0 F9000 X112.829 Y118.182
G1 F1500 X112.569 Y118.441 E459.57101
G0 F9000 X112.569 Y118.653
G1 F1500 X112.829 Y118.394 E459.57559
G0 F9000 X112.829 Y118.606
G1 F1500 X112.569 Y118.866 E459.58018
G0 F9000 X112.569 Y119.078
G1 F1500 X112.829 Y118.818 E459.58476
G0 F9000 X112.829 Y119.03
G1 F1500 X112.569 Y119.29 E459.58935
G0 F9000 X112.569 Y119.502
G1 F1500 X112.829 Y119.242 E459.59393
G0 F9000 X112.829 Y119.455
G1 F1500 X112.569 Y119.714 E459.59851
G0 F9000 X112.569 Y119.926
G1 F1500 X112.829 Y119.667 E459.60309
G0 F9000 X112.829 Y119.879
G1 F1500 X112.569 Y120.138 E459.60767
G0 F9000 X112.569 Y120.35
G1 F1500 X112.829 Y120.091 E459.61224
G0 F9000 X112.829 Y120.303
G1 F1500 X112.569 Y120.563 E459.61683
G0 F9000 X112.569 Y120.775
G1 F1500 X112.829 Y120.515 E459.62142
G0 F9000 X112.829 Y120.727
G1 F1500 X112.569 Y120.987 E459.626
G0 F9000 X112.569 Y121.199
G1 F1500 X112.829 Y120.94 E459.63058
G0 F9000 X112.829 Y121.152
G1 F1500 X112.569 Y121.411 E459.63516
G0 F9000 X112.569 Y121.623
G1 F1500 X112.829 Y121.364 E459.63973
G0 F9000 X112.829 Y121.576
G1 F1500 X112.569 Y121.835 E459.64431
G0 F9000 X112.569 Y122.048
G1 F1500 X112.829 Y121.788 E459.6489
G0 F9000 X112.829 Y122
G1 F1500 X112.569 Y122.26 E459.65348
G0 F9000 X112.569 Y122.472
G1 F1500 X112.829 Y122.212 E459.65807
G0 F9000 X112.829 Y122.424
G1 F1500 X112.569 Y122.684 E459.66266
G0 F9000 X112.569 Y122.896
G1 F1500 X112.829 Y122.637 E459.66723
G0 F9000 X112.829 Y122.849
G1 F1500 X112.569 Y123.108 E459.67181
G0 F9000 X112.569 Y123.32
G1 F1500 X112.829 Y123.061 E459.67639
G0 F9000 X112.829 Y123.273
G1 F1500 X112.569 Y123.532 E459.68096
G0 F9000 X112.569 Y123.745
G1 F1500 X112.829 Y123.485 E459.68555
G0 F9000 X112.829 Y123.697
G1 F1500 X112.569 Y123.957 E459.69014
G0 F9000 X112.569 Y124.169
G1 F1500 X112.829 Y123.909 E459.69472
G0 F9000 X112.829 Y124.121
G1 F1500 X112.569 Y124.381 E459.69931
G0 F9000 X112.569 Y124.593
G1 F1500 X112.829 Y124.334 E459.70389
G0 F9000 X112.829 Y124.546
G1 F1500 X112.569 Y124.805 E459.70846
G0 F9000 X112.631 Y124.956
G1 F1500 X112.829 Y124.758 E459.71196
G1 F2700 E454.71196
G0 F9000 X112.89 Y124.758
G0 X113.072 Y110.172
G0 X121.928 Y110.172
G0 X122.11 Y124.752
G1 F2700 E459.71196
G0 F9000 X122.169 Y124.752
G1 F1500 X122.429 Y124.492 E459.71654
G0 F9000 X122.429 Y124.28
G1 F1500 X122.169 Y124.539 E459.72112
G0 F9000 X122.169 Y124.327
G1 F1500 X122.429 Y124.068 E459.7257
G0 F9000 X122.429 Y123.856
G1 F1500 X122.169 Y124.115 E459.73027
G0 F9000 X122.169 Y123.903
G1 F1500 X122.429 Y123.643 E459.73486
G0 F9000 X122.429 Y123.431
G1 F1500 X122.169 Y123.691 E459.73945
G0 F9000 X122.169 Y123.479
G1 F1500 X122.429 Y123.219 E459.74403
G0 F9000 X122.429 Y123.007
G1 F1500 X122.169 Y123.267 E459.74862
G0 F9000 X122.169 Y123.054
G1 F1500 X122.429 Y122.795 E459.7532
G0 F9000 X122.429 Y122.583
G1 F1500 X122.169 Y122.842 E459.75777
G0 F9000 X122.169 Y122.63
G1 F1500 X122.429 Y122.371 E459.76235
G0 F9000 X122.429 Y122.159
G1 F1500 X122.169 Y122.418 E459.76693
G0 F9000 X122.169 Y122.206
G1 F1500 X122.429 Y121.946 E459.77151
G0 F9000 X122.429 Y121.734
G1 F1500 X122.169 Y121.994 E459.7761
G0 F9000 X122.169 Y121.782
G1 F1500 X122.429 Y121.522 E459.78069
G0 F9000 X122.429 Y121.31
G1 F1500 X122.169 Y121.57 E459.78527
G0 F9000 X122.169 Y121.357
G1 F1500 X122.429 Y121.098 E459.78985
G0 F9000 X122.429 Y120.886
G1 F1500 X122.169 Y121.145 E459.79443
G0 F9000 X122.169 Y120.933
G1 F1500 X122.429 Y120.674 E459.799
G0 F9000 X122.429 Y120.462
G1 F1500 X122.169 Y120.721 E459.80358
G0 F9000 X122.169 Y120.509
G1 F1500 X122.429 Y120.249 E459.80817
G0 F9000 X122.429 Y120.037
G1 F1500 X122.169 Y120.297 E459.81275
G0 F9000 X122.169 Y120.085
G1 F1500 X122.429 Y119.825 E459.81734
G0 F9000 X122.429 Y119.613
G1 F1500 X122.169 Y119.872 E459.82192
G0 F9000 X122.169 Y119.66
G1 F1500 X122.429 Y119.401 E459.82649
G0 F9000 X122.429 Y119.189
G1 F1500 X122.169 Y119.448 E459.83107
G0 F9000 X122.169 Y119.236
G1 F1500 X122.429 Y118.977 E459.83565
G0 F9000 X122.429 Y118.764
G1 F1500 X122.169 Y119.024 E459.84023
G0 F9000 X122.169 Y118.812
G1 F1500 X122.429 Y118.552 E459.84482
G0 F9000 X122.429 Y118.34
G1 F1500 X122.169 Y118.6 E459.84941
G0 F9000 X122.169 Y118.388
G1 F1500 X122.429 Y118.128 E459.85399
G0 F9000 X122.429 Y117.916
G1 F1500 X122.169 Y118.175 E459.85857
G0 F9000 X122.169 Y117.963
G1 F1500 X122.429 Y117.704 E459.86315
G0 F9000 X122.429 Y117.492
G1 F1500 X122.169 Y117.751 E459.86772
G0 F9000 X122.169 Y117.539
G1 F1500 X122.429 Y117.28 E459.8723
G0 F9000 X122.429 Y117.067
G1 F1500 X122.169 Y117.327 E459.87689
G0 F9000 X122.169 Y117.115
G1 F1500 X122.429 Y116.855 E459.88147
G0 F9000 X122.429 Y116.643
G1 F1500 X122.169 Y116.903 E459.88606
G0 F9000 X122.169 Y116.691
G1 F1500 X122.429 Y116.431 E459.89065
G0 F9000 X122.429 Y116.219
G1 F1500 X122.169 Y116.478 E459.89522
G0 F9000 X122.169 Y116.266
G1 F1500 X122.429 Y116.007 E459.8998
G0 F9000 X122.429 Y115.795
G1 F1500 X122.169 Y116.054 E459.90438
G0 F9000 X122.169 Y115.842
G1 F1500 X122.429 Y115.582 E459.90896
G0 F9000 X122.429 Y115.37
G1 F1500 X122.169 Y115.63 E459.91355
G0 F9000 X122.169 Y115.418
G1 F1500 X122.429 Y115.158 E459.91814
G0 F9000 X122.429 Y114.946
G1 F1500 X122.169 Y115.206 E459.92272
G0 F9000 X122.169 Y114.993
G1 F1500 X122.429 Y114.734 E459.9273
G0 F9000 X122.429 Y114.522
G1 F1500 X122.169 Y114.781 E459.93188
G0 F9000 X122.169 Y114.569
G1 F1500 X122.429 Y114.31 E459.93645
G0 F9000 X122.429 Y114.098
G1 F1500 X122.169 Y114.357 E459.94103
G0 F9000 X122.169 Y114.145
G1 F1500 X122.429 Y113.885 E459.94562
G0 F9000 X122.429 Y113.673
G1 F1500 X122.169 Y113.933 E459.9502
G0 F9000 X122.169 Y113.721
G1 F1500 X122.429 Y113.461 E459.95479
G0 F9000 X122.429 Y113.249
G1 F1500 X122.169 Y113.509 E459.95938
G0 F9000 X122.169 Y113.296
G1 F1500 X122.429 Y113.037 E459.96395
G0 F9000 X122.429 Y112.825
G1 F1500 X122.169 Y113.084 E459.96853
G0 F9000 X122.169 Y112.872
G1 F1500 X122.429 Y112.613 E459.97311
G0 F9000 X122.429 Y112.4
G1 F1500 X122.169 Y112.66 E459.97769
G0 F9000 X122.169 Y112.448
G1 F1500 X122.429 Y112.188 E459.98228
G0 F9000 X122.429 Y111.976
G1 F1500 X122.169 Y112.236 E459.98687
G0 F9000 X122.169 Y112.024
G1 F1500 X122.429 Y111.764 E459.99145
G0 F9000 X122.429 Y111.552
G1 F1500 X122.169 Y111.811 E459.99603
G0 F9000 X122.169 Y111.599
G1 F1500 X122.429 Y111.34 E460.00061
G0 F9000 X122.429 Y111.128
G1 F1500 X122.169 Y111.387 E460.00518
G0 F9000 X122.169 Y111.175
G1 F1500 X122.429 Y110.916 E460.00976
G0 F9000 X122.429 Y110.703
G1 F1500 X122.169 Y110.963 E460.01435
G0 F9000 X122.169 Y110.751
G1 F1500 X122.429 Y110.491 E460.01893
G0 F9000 X122.429 Y110.279
G1 F1500 X122.169 Y110.539 E460.02352
G0 F9000 X122.169 Y110.327
G1 F1500 X122.429 Y110.067 E460.02811
G0 F9000 X122.389 Y109.895
G1 F1500 X122.169 Y110.114 E460.03198
G0 F9000 X122.11 Y110.114
G0 X122.182 Y126.444
G0 X122.667 Y126.45
G0 X127.476 Y118.09
G0 X127.366 Y118.069
G1 F1500 X127.281 Y118.155 E460.03349
G0 F9000 X127.417 Y118.231
G1 F1500 X126.998 Y118.65 E460.04088
G0 F9000 X127.128 Y118.732
G1 F1500 X126.716 Y119.144 E460.04814
G0 F9000 X126.838 Y119.234
G1 F1500 X126.433 Y119.639 E460.05529
G0 F9000 X126.548 Y119.736
G1 F1500 X126.15 Y120.134 E460.06231
G0 F9000 X126.258 Y120.238
G1 F1500 X125.868 Y120.628 E460.06919
G0 F9000 X125.968 Y120.74
G1 F1500 X125.585 Y121.123 E460.07594
G0 F9000 X125.679 Y121.242
G1 F1500 X125.302 Y121.618 E460.08258
G0 F9000 X125.389 Y121.743
G1 F1500 X125.02 Y122.113 E460.0891
G0 F9000 X125.099 Y122.246
G1 F1500 X124.737 Y122.608 E460.09549
G0 F9000 X124.81 Y122.748
G1 F1500 X124.455 Y123.103 E460.10175
G0 F9000 X124.52 Y123.25
G1 F1500 X124.172 Y123.598 E460.10789
G0 F9000 X124.23 Y123.752
G1 F1500 X123.89 Y124.092 E460.11388
G0 F9000 X123.94 Y124.253
G1 F1500 X123.607 Y124.587 E460.11977
G0 F9000 X123.651 Y124.755
G1 F1500 X123.324 Y125.082 E460.12553
G0 F9000 X122.429 Y124.916
G1 F1500 X122.384 Y124.961 E460.12633
G0 F9000 X122.217 Y124.916
G1 F1500 X122.429 Y124.704 E460.13007
G0 F9000 X122.4 Y124.704
;MESH:NONMESH
G0 F300 X122.4 Y124.704 Z10.6
G0 F9000 X122.49 Y124.704
G0 X123.282 Y125.176
G0 X127.334 Y118.076
G0 X122.667 Y126.45
G0 X122.05 Y126.576
;TIME_ELAPSED:1334.468894
;LAYER:52
;TYPE:WALL-INNER
;MESH:cbar_model-DualBatClipHldr.stl
G1 F1500 X122.05 Y110.05 E460.54231
G1 X112.95 Y110.05 E460.76931
G1 X112.95 Y126.576 E461.18155
G1 X112.26 Y126.576 E461.19877
G1 X107.28 Y117.95 E461.44723
G1 X107.739 Y117.95 E461.45868
G1 X111.586 Y124.68 E461.65205
G1 X111.775 Y125.022 E461.6618
G1 X112.45 Y124.848 E461.67918
G1 X112.45 Y108.424 E462.08888
G1 X122.55 Y108.424 E462.34083
G1 X122.55 Y124.845 E462.75045
G1 X123.219 Y125.025 E462.76773
G1 X127.261 Y117.95 E462.97099
G1 X127.72 Y117.95 E462.98244
G1 X122.74 Y126.576 E463.2309
G1 X122.05 Y126.576 E463.24812
G0 F9000 X121.75 Y126.876
;TYPE:WALL-OUTER
G1 F1500 X121.75 Y110.35 E463.66036
G1 X113.25 Y110.35 E463.87239
G1 X113.25 Y126.876 E464.28463
G1 X112.087 Y126.876 E464.31365
G1 X106.76 Y117.65 E464.5794
G1 X107.913 Y117.65 E464.60816
G1 X111.848 Y124.535 E464.80598
G1 X111.925 Y124.674 E464.80994
G1 X112.15 Y124.616 E464.81574
G1 X112.15 Y108.124 E465.22713
G1 X122.85 Y108.124 E465.49404
G1 X122.85 Y124.615 E465.90541
G1 X123.073 Y124.675 E465.91117
G1 X127.087 Y117.65 E466.113
G1 X128.24 Y117.65 E466.14176
G1 X122.913 Y126.876 E466.40752
G1 X121.75 Y126.876 E466.43653
G0 F9000 X122.34 Y126.286
;TYPE:SKIN
G1 F1500 X122.34 Y125.089 E466.46639
G1 X123.14 Y125.304 E466.48705
G1 X122.572 Y126.286 E466.51535
G1 X122.34 Y126.286 E466.52114
G1 F2700 E461.52114
G0 F9000 X122.11 Y126.286
G0 X121.928 Y110.172
G0 X113.072 Y110.172
G0 X112.89 Y126.286
G1 F2700 E466.52114
G0 F9000 X112.66 Y126.286
G1 F1500 X112.428 Y126.286 E466.52692
G1 X111.858 Y125.3 E466.55533
G1 X112.66 Y125.093 E466.576
G1 X112.66 Y126.286 E466.60576
G1 F2700 E461.60576
G0 F9000 X112.89 Y126.286
G0 X113.072 Y110.172
G0 X121.928 Y110.172
G0 X122.182 Y126.444
G0 X122.667 Y126.45
G0 X127.476 Y118.09
G0 X123.282 Y125.176
G0 X122.586 Y124.989
G0 X122.49 Y109.76
G1 F2700 E466.60576
G0 F9000 X122.26 Y109.76
G1 F1500 X112.74 Y109.76 E466.84323
G1 X112.74 Y108.714 E466.86933
G1 X122.26 Y108.714 E467.1068
G1 X122.26 Y109.76 E467.1329
G0 F9000 X122.139 Y108.987
G1 F1500 X121.986 Y108.834 E467.13829
G0 F9000 X121.562 Y108.834
G1 F1500 X122.139 Y109.411 E467.15865
G0 F9000 X121.944 Y109.64
G1 F1500 X121.137 Y108.834 E467.1871
G0 F9000 X120.713 Y108.834
G1 F1500 X121.519 Y109.64 E467.21553
G0 F9000 X121.095 Y109.64
G1 F1500 X120.289 Y108.834 E467.24397
G0 F9000 X119.865 Y108.834
G1 F1500 X120.671 Y109.64 E467.2724
G0 F9000 X120.247 Y109.64
G1 F1500 X119.44 Y108.834 E467.30085
G0 F9000 X119.016 Y108.834
G1 F1500 X119.822 Y109.64 E467.32929
G0 F9000 X119.398 Y109.64
G1 F1500 X118.592 Y108.834 E467.35772
G0 F9000 X118.168 Y108.834
G1 F1500 X118.974 Y109.64 E467.38615
G0 F9000 X118.549 Y109.64
G1 F1500 X117.743 Y108.834 E467.41459
G0 F9000 X117.319 Y108.834
G1 F1500 X118.125 Y109.64 E467.44302
G0 F9000 X117.701 Y109.64
G1 F1500 X116.895 Y108.834 E467.47146
G0 F9000 X116.471 Y108.834
G1 F1500 X117.277 Y109.64 E467.49989
G0 F9000 X116.852 Y109.64
G1 F1500 X116.046 Y108.834 E467.52832
G0 F9000 X115.622 Y108.834
G1 F1500 X116.428 Y109.64 E467.55676
G0 F9000 X116.004 Y109.64
G1 F1500 X115.198 Y108.834 E467.58519
G0 F9000 X114.774 Y108.834
G1 F1500 X115.58 Y109.64 E467.61362
G0 F9000 X115.155 Y109.64
G1 F1500 X114.349 Y108.834 E467.64206
G0 F9000 X113.925 Y108.834
G1 F1500 X114.731 Y109.64 E467.67049
G0 F9000 X114.307 Y109.64
G1 F1500 X113.501 Y108.834 E467.69893
G0 F9000 X113.076 Y108.834
G1 F1500 X113.883 Y109.64 E467.72738
G0 F9000 X113.458 Y109.64
G1 F1500 X112.859 Y109.04 E467.74853
G0 F9000 X112.859 Y109.465
G1 F1500 X113.034 Y109.64 E467.7547
G1 F2700 E462.7547
G0 F9000 X113.034 Y109.99
G0 X112.818 Y126.444
G0 X112.333 Y126.45
G0 X107.524 Y118.09
G0 X111.71 Y125.172
G0 X112.099 Y125.001
G1 F2700 E467.7547
G0 F9000 X112.186 Y125.338
G1 F1500 X112.54 Y125.692 E467.76719
G0 F9000 X112.371 Y125.947
G1 F1500 X112.54 Y126.116 E467.77315
G1 F2700 E462.77315
G0 F9000 X112.89 Y126.116
G0 X113.072 Y110.172
G0 X121.928 Y110.172
G0 X122.11 Y125.854
G1 F2700 E467.77315
G0 F9000 X122.46 Y125.854
G1 F1500 X122.601 Y125.995 E467.77812
G0 F9000 X122.756 Y125.726
G1 F1500 X122.46 Y125.43 E467.78857
G0 F9000 X122.786 Y125.332
G1 F1500 X122.912 Y125.457 E467.79299
G0 F9000 X123.269 Y125.178
;TYPE:SKIN
G1 F1500 X123.294 Y125.203 E467.79343
G0 F9000 X123.434 Y125.131
G1 F1500 X123.346 Y125.043 E467.79499
G0 F9000 X123.423 Y124.908
G1 F1500 X123.512 Y124.997 E467.79656
G0 F9000 X123.589 Y124.862
G1 F1500 X123.5 Y124.773 E467.79813
G0 F9000 X123.577 Y124.638
G1 F1500 X123.667 Y124.727 E467.79971
G0 F9000 X123.745 Y124.593
G1 F1500 X123.654 Y124.503 E467.8013
G0 F9000 X123.731 Y124.368
G1 F1500 X123.822 Y124.459 E467.80291
G0 F9000 X123.9 Y124.324
G1 F1500 X123.808 Y124.233 E467.80452
G0 F9000 X123.885 Y124.097
G1 F1500 X123.977 Y124.189 E467.80614
G0 F9000 X124.055 Y124.055
G1 F1500 X123.962 Y123.962 E467.80778
G0 F9000 X124.039 Y123.827
G1 F1500 X124.133 Y123.921 E467.80944
G0 F9000 X124.211 Y123.786
G1 F1500 X124.117 Y123.692 E467.8111
G0 F9000 X124.194 Y123.557
G1 F1500 X124.288 Y123.652 E467.81277
G0 F9000 X124.366 Y123.518
G1 F1500 X124.271 Y123.423 E467.81444
G0 F9000 X124.348 Y123.288
G1 F1500 X124.443 Y123.383 E467.81612
G0 F9000 X124.521 Y123.248
G1 F1500 X124.426 Y123.153 E467.81779
G0 F9000 X124.503 Y123.018
G1 F1500 X124.599 Y123.114 E467.81949
G0 F9000 X124.677 Y122.98
G1 F1500 X124.58 Y122.883 E467.8212
G0 F9000 X124.657 Y122.748
G1 F1500 X124.754 Y122.845 E467.82291
G0 F9000 X124.831 Y122.71
G1 F1500 X124.734 Y122.613 E467.82462
G0 F9000 X124.811 Y122.477
G1 F1500 X124.909 Y122.576 E467.82636
G0 F9000 X124.987 Y122.441
G1 F1500 X124.888 Y122.342 E467.8281
G0 F9000 X124.965 Y122.207
G1 F1500 X125.065 Y122.307 E467.82987
G0 F9000 X125.143 Y122.173
G1 F1500 X125.042 Y122.072 E467.83165
G0 F9000 X125.119 Y121.937
G1 F1500 X125.22 Y122.038 E467.83343
G0 F9000 X125.297 Y121.903
G1 F1500 X125.196 Y121.802 E467.83521
G0 F9000 X125.273 Y121.667
G1 F1500 X125.375 Y121.769 E467.83701
G0 F9000 X125.453 Y121.635
G1 F1500 X125.35 Y121.532 E467.83883
G0 F9000 X125.428 Y121.398
G1 F1500 X125.531 Y121.5 E467.84064
G0 F9000 X125.608 Y121.365
G1 F1500 X125.505 Y121.263 E467.84244
G0 F9000 X125.582 Y121.128
G1 F1500 X125.686 Y121.231 E467.84427
G0 F9000 X125.763 Y121.096
G1 F1500 X125.659 Y120.993 E467.8461
G0 F9000 X125.737 Y120.857
G1 F1500 X125.841 Y120.962 E467.84794
G0 F9000 X125.919 Y120.828
G1 F1500 X125.814 Y120.722 E467.8498
G0 F9000 X125.891 Y120.587
G1 F1500 X125.997 Y120.693 E467.85167
G0 F9000 X126.074 Y120.558
G1 F1500 X125.968 Y120.452 E467.85354
G0 F9000 X126.045 Y120.317
G1 F1500 X126.152 Y120.424 E467.85543
G0 F9000 X126.229 Y120.29
G1 F1500 X126.122 Y120.182 E467.85732
G0 F9000 X126.199 Y120.047
G1 F1500 X126.307 Y120.155 E467.85923
G0 F9000 X126.385 Y120.021
G1 F1500 X126.276 Y119.912 E467.86115
G0 F9000 X126.353 Y119.777
G1 F1500 X126.462 Y119.886 E467.86307
G0 F9000 X126.54 Y119.752
G1 F1500 X126.43 Y119.642 E467.86501
G0 F9000 X126.508 Y119.508
G1 F1500 X126.618 Y119.617 E467.86695
G0 F9000 X126.695 Y119.483
G1 F1500 X126.585 Y119.373 E467.86889
G0 F9000 X126.662 Y119.238
G1 F1500 X126.773 Y119.349 E467.87084
G0 F9000 X126.85 Y119.213
G1 F1500 X126.739 Y119.102 E467.8728
G0 F9000 X126.816 Y118.967
G1 F1500 X126.928 Y119.079 E467.87478
G0 F9000 X127.006 Y118.945
G1 F1500 X126.893 Y118.832 E467.87677
G0 F9000 X126.97 Y118.697
G1 F1500 X127.084 Y118.81 E467.87877
G0 F9000 X127.161 Y118.676
G1 F1500 X127.047 Y118.562 E467.88078
G0 F9000 X127.125 Y118.427
G1 F1500 X127.238 Y118.541 E467.88278
G0 F9000 X127.316 Y118.407
G1 F1500 X127.202 Y118.292 E467.8848
G0 F9000 X127.279 Y118.157
G1 F1500 X127.394 Y118.272 E467.88683
G0 F9000 X127.472 Y118.138
G1 F1500 X127.403 Y118.069 E467.88805
G0 F9000 X127.403 Y118.01
G0 X123.161 Y124.886
G0 X122.669 Y124.754
G0 X122.49 Y117.975
G0 X122.429 Y117.975
G1 F1500 X122.168 Y117.714 E467.89265
G0 F9000 X122.168 Y117.502
G1 F1500 X122.429 Y117.762 E467.89725
G0 F9000 X122.429 Y117.55
G1 F1500 X122.168 Y117.289 E467.90185
G0 F9000 X122.168 Y117.077
G1 F1500 X122.429 Y117.338 E467.90646
G0 F9000 X122.429 Y117.126
G1 F1500 X122.168 Y116.865 E467.91106
G0 F9000 X122.168 Y116.653
G1 F1500 X122.429 Y116.914 E467.91566
G0 F9000 X122.429 Y116.702
G1 F1500 X122.168 Y116.441 E467.92027
G0 F9000 X122.168 Y116.229
G1 F1500 X122.429 Y116.49 E467.92487
G0 F9000 X122.429 Y116.278
G1 F1500 X122.168 Y116.017 E467.92947
G0 F9000 X122.168 Y115.804
G1 F1500 X122.429 Y116.065 E467.93408
G0 F9000 X122.429 Y115.853
G1 F1500 X122.168 Y115.592 E467.93868
G0 F9000 X122.168 Y115.38
G1 F1500 X122.429 Y115.641 E467.94329
G0 F9000 X122.429 Y115.429
G1 F1500 X122.168 Y115.168 E467.94789
G0 F9000 X122.168 Y114.956
G1 F1500 X122.429 Y115.217 E467.95249
G0 F9000 X122.429 Y115.005
G1 F1500 X122.168 Y114.744 E467.9571
G0 F9000 X122.168 Y114.532
G1 F1500 X122.429 Y114.793 E467.9617
G0 F9000 X122.429 Y114.58
G1 F1500 X122.168 Y114.32 E467.9663
G0 F9000 X122.168 Y114.107
G1 F1500 X122.429 Y114.368 E467.9709
G0 F9000 X122.429 Y114.156
G1 F1500 X122.168 Y113.895 E467.9755
G0 F9000 X122.168 Y113.683
G1 F1500 X122.429 Y113.944 E467.98011
G0 F9000 X122.429 Y113.732
G1 F1500 X122.168 Y113.471 E467.98471
G0 F9000 X122.168 Y113.259
G1 F1500 X122.429 Y113.52 E467.98931
G0 F9000 X122.429 Y113.308
G1 F1500 X122.168 Y113.047 E467.99392
G0 F9000 X122.168 Y112.835
G1 F1500 X122.429 Y113.096 E467.99852
G0 F9000 X122.429 Y112.883
G1 F1500 X122.168 Y112.623 E468.00312
G0 F9000 X122.168 Y112.41
G1 F1500 X122.429 Y112.671 E468.00772
G0 F9000 X122.429 Y112.459
G1 F1500 X122.168 Y112.198 E468.01232
G0 F9000 X122.168 Y111.986
G1 F1500 X122.429 Y112.247 E468.01693
G0 F9000 X122.429 Y112.035
G1 F1500 X122.168 Y111.774 E468.02153
G0 F9000 X122.168 Y111.562
G1 F1500 X122.429 Y111.823 E468.02614
G0 F9000 X122.429 Y111.611
G1 F1500 X122.168 Y111.35 E468.03074
G0 F9000 X122.168 Y111.138
G1 F1500 X122.429 Y111.399 E468.03534
G0 F9000 X122.429 Y111.186
G1 F1500 X122.168 Y110.925 E468.03995
G0 F9000 X122.168 Y110.713
G1 F1500 X122.429 Y110.974 E468.04455
G0 F9000 X122.429 Y110.762
G1 F1500 X122.168 Y110.501 E468.04915
G0 F9000 X122.168 Y110.289
G1 F1500 X122.429 Y110.55 E468.05376
G0 F9000 X122.429 Y110.338
G1 F1500 X122.168 Y110.077 E468.05836
G0 F9000 X122.198 Y109.895
G1 F1500 X122.429 Y110.126 E468.06244
G1 F2700 E463.06244
G0 F9000 X122.49 Y110.126
G0 X122.421 Y124.944
G0 X123.282 Y125.176
G0 X127.334 Y118.076
G0 X122.667 Y126.45
G0 X122.182 Y126.444
G0 X122.11 Y117.926
G1 F2700 E468.06244
G0 F9000 X122.168 Y117.926
G1 F1500 X122.429 Y118.187 E468.06704
G0 F9000 X122.429 Y118.399
G1 F1500 X122.168 Y118.138 E468.07164
G0 F9000 X122.168 Y118.35
G1 F1500 X122.429 Y118.611 E468.07625
G0 F9000 X122.429 Y118.823
G1 F1500 X122.168 Y118.562 E468.08085
G0 F9000 X122.168 Y118.774
G1 F1500 X122.429 Y119.035 E468.08546
G0 F9000 X122.429 Y119.247
G1 F1500 X122.168 Y118.986 E468.09006
G0 F9000 X122.168 Y119.199
G1 F1500 X122.429 Y119.46 E468.09466
G0 F9000 X122.429 Y119.672
G1 F1500 X122.168 Y119.411 E468.09927
G0 F9000 X122.168 Y119.623
G1 F1500 X122.429 Y119.884 E468.10387
G0 F9000 X122.429 Y120.096
G1 F1500 X122.168 Y119.835 E468.10847
G0 F9000 X122.168 Y120.047
G1 F1500 X122.429 Y120.308 E468.11308
G0 F9000 X122.429 Y120.52
G1 F1500 X122.168 Y120.259 E468.11768
G0 F9000 X122.168 Y120.471
G1 F1500 X122.429 Y120.732 E468.12229
G0 F9000 X122.429 Y120.944
G1 F1500 X122.168 Y120.684 E468.12688
G0 F9000 X122.168 Y120.896
G1 F1500 X122.429 Y121.157 E468.13148
G0 F9000 X122.429 Y121.369
G1 F1500 X122.168 Y121.108 E468.13609
G0 F9000 X122.168 Y121.32
G1 F1500 X122.429 Y121.581 E468.14069
G0 F9000 X122.429 Y121.793
G1 F1500 X122.168 Y121.532 E468.1453
G0 F9000 X122.168 Y121.744
G1 F1500 X122.429 Y122.005 E468.1499
G0 F9000 X122.429 Y122.217
G1 F1500 X122.168 Y121.956 E468.1545
G0 F9000 X122.168 Y122.168
G1 F1500 X122.429 Y122.429 E468.15911
G0 F9000 X122.429 Y122.642
G1 F1500 X122.168 Y122.381 E468.16371
G0 F9000 X122.168 Y122.593
G1 F1500 X122.429 Y122.854 E468.16831
G0 F9000 X122.429 Y123.066
G1 F1500 X122.168 Y122.805 E468.17292
G0 F9000 X122.168 Y123.017
G1 F1500 X122.429 Y123.278 E468.17752
G0 F9000 X122.429 Y123.49
G1 F1500 X122.168 Y123.229 E468.18212
G0 F9000 X122.168 Y123.441
G1 F1500 X122.429 Y123.702 E468.18673
G0 F9000 X122.429 Y123.914
G1 F1500 X122.168 Y123.653 E468.19133
G0 F9000 X122.168 Y123.866
G1 F1500 X122.429 Y124.126 E468.19593
G0 F9000 X122.429 Y124.339
G1 F1500 X122.168 Y124.078 E468.20053
G0 F9000 X122.168 Y124.29
G1 F1500 X122.429 Y124.551 E468.20513
G0 F9000 X122.429 Y124.763
G1 F1500 X122.168 Y124.502 E468.20974
G0 F9000 X122.168 Y124.714
G1 F1500 X122.425 Y124.971 E468.21427
G1 F2700 E463.21427
G0 F9000 X122.449 Y124.881
G0 X123.282 Y125.176
G0 X127.334 Y118.076
G0 X122.667 Y126.45
G0 X122.182 Y126.444
G0 X121.928 Y110.172
G0 X113.072 Y110.172
G0 X112.89 Y124.708
G1 F2700 E468.21427
G0 F9000 X112.829 Y124.708
G1 F1500 X112.569 Y124.448 E468.21886
G0 F9000 X112.569 Y124.236
G1 F1500 X112.829 Y124.496 E468.22344
G0 F9000 X112.829 Y124.284
G1 F1500 X112.569 Y124.024 E468.22803
G0 F9000 X112.569 Y123.812
G1 F1500 X112.829 Y124.072 E468.23262
G0 F9000 X112.829 Y123.86
G1 F1500 X112.569 Y123.6 E468.2372
G0 F9000 X112.569 Y123.388
G1 F1500 X112.829 Y123.648 E468.24179
G0 F9000 X112.829 Y123.436
G1 F1500 X112.569 Y123.175 E468.24638
G0 F9000 X112.569 Y122.963
G1 F1500 X112.829 Y123.223 E468.25097
G0 F9000 X112.829 Y123.011
G1 F1500 X112.569 Y122.751 E468.25556
G0 F9000 X112.569 Y122.539
G1 F1500 X112.829 Y122.799 E468.26014
G0 F9000 X112.829 Y122.587
G1 F1500 X112.569 Y122.327 E468.26473
G0 F9000 X112.569 Y122.115
G1 F1500 X112.829 Y122.375 E468.26931
G0 F9000 X112.829 Y122.163
G1 F1500 X112.569 Y121.903 E468.2739
G0 F9000 X112.569 Y121.69
G1 F1500 X112.829 Y121.951 E468.27849
G0 F9000 X112.829 Y121.739
G1 F1500 X112.569 Y121.478 E468.28309
G0 F9000 X112.569 Y121.266
G1 F1500 X112.829 Y121.526 E468.28768
G0 F9000 X112.829 Y121.314
G1 F1500 X112.569 Y121.054 E468.29226
G0 F9000 X112.569 Y120.842
G1 F1500 X112.829 Y121.102 E468.29685
G0 F9000 X112.829 Y120.89
G1 F1500 X112.569 Y120.63 E468.30143
G0 F9000 X112.569 Y120.418
G1 F1500 X112.829 Y120.678 E468.30602
G0 F9000 X112.829 Y120.466
G1 F1500 X112.569 Y120.206 E468.31061
G0 F9000 X112.569 Y119.993
G1 F1500 X112.829 Y120.254 E468.3152
G0 F9000 X112.829 Y120.041
G1 F1500 X112.569 Y119.781 E468.31979
G0 F9000 X112.569 Y119.569
G1 F1500 X112.829 Y119.829 E468.32437
G0 F9000 X112.829 Y119.617
G1 F1500 X112.569 Y119.357 E468.32896
G0 F9000 X112.569 Y119.145
G1 F1500 X112.829 Y119.405 E468.33355
G0 F9000 X112.829 Y119.193
G1 F1500 X112.569 Y118.933 E468.33813
G0 F9000 X112.569 Y118.721
G1 F1500 X112.829 Y118.981 E468.34272
G0 F9000 X112.829 Y118.769
G1 F1500 X112.569 Y118.508 E468.34731
G0 F9000 X112.569 Y118.296
G1 F1500 X112.829 Y118.557 E468.35191
G0 F9000 X112.829 Y118.344
G1 F1500 X112.569 Y118.084 E468.35649
G0 F9000 X112.569 Y117.872
G1 F1500 X112.829 Y118.132 E468.36108
G0 F9000 X112.829 Y117.92
G1 F1500 X112.569 Y117.66 E468.36567
G0 F9000 X112.569 Y117.448
G1 F1500 X112.829 Y117.708 E468.37025
G0 F9000 X112.829 Y117.496
G1 F1500 X112.569 Y117.236 E468.37484
G0 F9000 X112.569 Y117.024
G1 F1500 X112.829 Y117.284 E468.37942
G0 F9000 X112.829 Y117.072
G1 F1500 X112.569 Y116.811 E468.38402
G0 F9000 X112.569 Y116.599
G1 F1500 X112.829 Y116.86 E468.38861
G0 F9000 X112.829 Y116.647
G1 F1500 X112.569 Y116.387 E468.3932
G0 F9000 X112.569 Y116.175
G1 F1500 X112.829 Y116.435 E468.39779
G0 F9000 X112.829 Y116.223
G1 F1500 X112.569 Y115.963 E468.40237
G0 F9000 X112.569 Y115.751
G1 F1500 X112.829 Y116.011 E468.40696
G0 F9000 X112.829 Y115.799
G1 F1500 X112.569 Y115.539 E468.41154
G0 F9000 X112.569 Y115.326
G1 F1500 X112.829 Y115.587 E468.41614
G0 F9000 X112.829 Y115.375
G1 F1500 X112.569 Y115.114 E468.42073
G0 F9000 X112.569 Y114.902
G1 F1500 X112.829 Y115.162 E468.42532
G0 F9000 X112.829 Y114.95
G1 F1500 X112.569 Y114.69 E468.42991
G0 F9000 X112.569 Y114.478
G1 F1500 X112.829 Y114.738 E468.43449
G0 F9000 X112.829 Y114.526
G1 F1500 X112.569 Y114.266 E468.43908
G0 F9000 X112.569 Y114.054
G1 F1500 X112.829 Y114.314 E468.44367
G0 F9000 X112.829 Y114.102
G1 F1500 X112.569 Y113.842 E468.44825
G0 F9000 X112.569 Y113.629
G1 F1500 X112.829 Y113.89 E468.45285
G0 F9000 X112.829 Y113.678
G1 F1500 X112.569 Y113.417 E468.45744
G0 F9000 X112.569 Y113.205
G1 F1500 X112.829 Y113.465 E468.46203
G0 F9000 X112.829 Y113.253
G1 F1500 X112.569 Y112.993 E468.46661
G0 F9000 X112.569 Y112.781
G1 F1500 X112.829 Y113.041 E468.4712
G0 F9000 X112.829 Y112.829
G1 F1500 X112.569 Y112.569 E468.47579
G0 F9000 X112.569 Y112.357
G1 F1500 X112.829 Y112.617 E468.48037
G0 F9000 X112.829 Y112.405
G1 F1500 X112.569 Y112.145 E468.48496
G0 F9000 X112.569 Y111.932
G1 F1500 X112.829 Y112.193 E468.48955
G0 F9000 X112.829 Y111.98
G1 F1500 X112.569 Y111.72 E468.49414
G0 F9000 X112.569 Y111.508
G1 F1500 X112.829 Y111.768 E468.49872
G0 F9000 X112.829 Y111.556
G1 F1500 X112.569 Y111.296 E468.50331
G0 F9000 X112.569 Y111.084
G1 F1500 X112.829 Y111.344 E468.5079
G0 F9000 X112.829 Y111.132
G1 F1500 X112.569 Y110.872 E468.51248
G0 F9000 X112.569 Y110.66
G1 F1500 X112.829 Y110.92 E468.51707
G0 F9000 X112.829 Y110.708
G1 F1500 X112.569 Y110.447 E468.52166
G0 F9000 X112.569 Y110.235
G1 F1500 X112.829 Y110.496 E468.52626
G0 F9000 X112.829 Y110.283
G1 F1500 X112.569 Y110.023 E468.53085
G0 F9000 X112.652 Y109.895
G1 F1500 X112.829 Y110.071 E468.53396
G0 F9000 X112.89 Y110.071
G0 X112.818 Y126.444
G0 X112.333 Y126.45
G0 X107.472 Y118.06
G0 X107.522 Y118.129
G1 F1500 X107.944 Y118.551 E468.5414
G0 F9000 X107.811 Y118.63
G1 F1500 X108.227 Y119.046 E468.54874
G0 F9000 X108.101 Y119.132
G1 F1500 X108.511 Y119.542 E468.55597
G0 F9000 X108.391 Y119.634
G1 F1500 X108.794 Y120.037 E468.56308
G0 F9000 X108.681 Y120.136
G1 F1500 X109.076 Y120.532 E468.57006
G0 F9000 X108.97 Y120.638
G1 F1500 X109.36 Y121.027 E468.57693
G0 F9000 X109.26 Y121.14
G1 F1500 X109.643 Y121.522 E468.58367
G0 F9000 X109.55 Y121.642
G1 F1500 X109.926 Y122.017 E468.5903
G0 F9000 X109.839 Y122.143
G1 F1500 X110.209 Y122.513 E468.59682
G0 F9000 X110.129 Y122.645
G1 F1500 X110.492 Y123.008 E468.60323
G0 F9000 X110.419 Y123.147
G1 F1500 X110.775 Y123.503 E468.60951
G0 F9000 X110.709 Y123.649
G1 F1500 X111.058 Y123.998 E468.61566
G0 F9000 X110.998 Y124.15
G1 F1500 X111.341 Y124.493 E468.62171
G0 F9000 X111.288 Y124.653
G1 F1500 X111.616 Y124.981 E468.6275
G0 F9000 X111.578 Y125.155
G1 F1500 X111.639 Y125.215 E468.62856
G0 F9000 X112.569 Y124.872
G1 F1500 X112.651 Y124.954 E468.63001
G0 F9000 X112.818 Y124.91
G1 F1500 X112.569 Y124.66 E468.63441
G0 F9000 X112.6 Y124.66
;TIME_ELAPSED:1373.013085
G1 F2700 E463.63441
M140 S0
M107
G91 ;Relative positioning
G1 E-2 F2700 ;Retract a bit
G1 E-2 Z0.2 F2400 ;Retract and raise Z
G1 X5 Y5 F3000 ;Wipe out
G1 Z10 ;Raise Z more
G90 ;Absolute positioning

G1 X0 Y235 ;Present print
M106 S0 ;Turn-off fan
M104 S0 ;Turn-off hotend
M140 S0 ;Turn-off bed

M84 X Y E ;Disable all steppers but Z

M82 ;absolute extrusion mode
M104 S0
;End of Gcode
