;FLAVOR:Marlin
;TIME:6553
;Filament used: 3.68365m
;Layer height: 0.16
;MINX:41.5
;MINY:98.937
;MINZ:0.2
;MAXX:193.5
;MAXY:136.064
;MAXZ:12.4
;TARGET_MACHINE.NAME:Creality Ender-3
;Generated with Cura_SteamEngine 5.10.0
M140 S50
M105
M190 S50
M104 S200
M105
M109 S200
; Ender 3 Custom Start G-code
G92 E0 ; Reset Extruder
G28 ; Home all axes
G1 Z2.0 F3000 ; Move Z Axis up little to prevent scratching of Heat Bed
G1 X0.1 Y20 Z0.3 F5000.0 ; Move to start position
G1 X0.1 Y200.0 Z0.3 F1500.0 E15 ; Draw the first line
G1 X0.4 Y200.0 Z0.3 F5000.0 ; Move to side a little
G1 X0.4 Y20 Z0.3 F1500.0 E30 ; Draw the second line
G92 E0 ; Reset Extruder
G1 Z2.0 F3000 ; Move Z Axis up little to prevent scratching of Heat Bed
G1 X5 Y20 Z0.3 F5000.0 ; Move over to prevent blob squish
M82 ;absolute extrusion mode
G92 E0
G92 E0
G1 F2700 E-5
;LAYER_COUNT:62
;LAYER:0
M107
G0 F6000 X48.151 Y99.847 Z0.2
;TYPE:SKIRT
G1 F2700 E0
G1 F1200 X49.128 Y99.479 E0.03472
G1 X50.032 Y99.229 E0.06592
G1 X51.034 Y99.046 E0.0998
G1 X52.205 Y98.95 E0.13888
G1 X52.812 Y98.937 E0.15907
G1 X181.804 Y98.937 E4.44936
G1 X182.684 Y98.95 E4.47863
G1 X183.656 Y99.009 E4.51102
G1 X184.619 Y99.155 E4.54342
G1 X185.566 Y99.386 E4.57584
G1 X186.454 Y99.686 E4.60701
G1 X187.346 Y100.076 E4.63939
G1 X188.229 Y100.563 E4.67293
G1 X188.98 Y101.065 E4.70298
G1 X189.795 Y101.723 E4.73782
G1 X190.493 Y102.401 E4.77018
G1 X191.129 Y103.138 E4.80256
G1 X191.699 Y103.928 E4.83496
G1 X192.161 Y104.704 E4.865
G1 X192.615 Y105.646 E4.89978
G1 X192.944 Y106.524 E4.93096
G1 X193.213 Y107.496 E4.96451
G1 X193.39 Y108.462 E4.99717
G1 X193.485 Y109.592 E5.03489
G1 X193.5 Y110.267 E5.05734
G1 X193.499 Y124.463 E5.5295
G1 X193.488 Y125.226 E5.55488
G1 X193.431 Y126.199 E5.5873
G1 X193.286 Y127.162 E5.61969
G1 X193.057 Y128.108 E5.65207
G1 X192.746 Y129.032 E5.68449
G1 X192.354 Y129.923 E5.71687
G1 X191.886 Y130.775 E5.7492
G1 X191.364 Y131.556 E5.78044
G1 X190.731 Y132.341 E5.81398
G1 X190.106 Y132.992 E5.844
G1 X189.317 Y133.68 E5.87882
G1 X188.557 Y134.23 E5.91002
G1 X187.69 Y134.747 E5.94359
G1 X186.812 Y135.169 E5.97599
G1 X185.901 Y135.511 E6.00836
G1 X184.962 Y135.772 E6.04077
G1 X183.996 Y135.95 E6.07344
G1 X182.845 Y136.048 E6.11187
G1 X182.17 Y136.063 E6.13432
G1 X53.198 Y136.064 E10.42395
G1 X52.332 Y136.052 E10.45275
G1 X51.359 Y135.995 E10.48517
G1 X50.397 Y135.849 E10.51753
G1 X49.449 Y135.62 E10.54997
G1 X48.527 Y135.308 E10.58235
G1 X47.636 Y134.916 E10.61472
G1 X46.813 Y134.465 E10.64594
G1 X45.974 Y133.904 E10.6795
G1 X45.27 Y133.338 E10.70955
G1 X44.517 Y132.613 E10.74431
G1 X43.88 Y131.877 E10.77669
G1 X43.35 Y131.146 E10.80672
G1 X42.814 Y130.249 E10.84148
G1 X42.392 Y129.371 E10.87388
G1 X42.05 Y128.459 E10.90627
G1 X41.79 Y127.521 E10.93865
G1 X41.612 Y126.555 E10.97132
G1 X41.515 Y125.405 E11.0097
G1 X41.5 Y124.73 E11.03216
G1 X41.501 Y110.446 E11.50725
G1 X41.513 Y109.745 E11.53056
G1 X41.573 Y108.772 E11.56299
G1 X41.72 Y107.811 E11.59532
G1 X41.951 Y106.863 E11.62778
G1 X42.253 Y105.974 E11.659
G1 X42.66 Y105.052 E11.69252
G1 X43.131 Y104.2 E11.7249
G1 X43.676 Y103.391 E11.75735
G1 X44.267 Y102.663 E11.78853
G1 X44.969 Y101.938 E11.8221
G1 X45.679 Y101.324 E11.85332
G1 X46.498 Y100.734 E11.88689
G1 X47.337 Y100.238 E11.91931
G1 X48.151 Y99.847 E11.94934
G0 F6000 X48.324 Y100.208
G1 F1200 X49.235 Y99.865 E11.98172
G1 X50.139 Y99.615 E12.01292
G1 X51.067 Y99.445 E12.0443
G1 X52.214 Y99.35 E12.08258
G1 X52.821 Y99.337 E12.10277
G1 X181.798 Y99.337 E16.39256
G1 X182.66 Y99.349 E16.42123
G1 X183.597 Y99.405 E16.45246
G1 X184.525 Y99.544 E16.48366
G1 X185.438 Y99.765 E16.51491
G1 X186.294 Y100.053 E16.54495
G1 X187.186 Y100.443 E16.57733
G1 X188.007 Y100.896 E16.60851
G1 X188.758 Y101.398 E16.63856
G1 X189.517 Y102.01 E16.67099
G1 X190.191 Y102.663 E16.7022
G1 X190.805 Y103.372 E16.7334
G1 X191.355 Y104.133 E16.76463
G1 X191.817 Y104.909 E16.79466
G1 X192.24 Y105.786 E16.82705
G1 X192.569 Y106.664 E16.85823
G1 X192.82 Y107.569 E16.88947
G1 X192.991 Y108.496 E16.92082
G1 X193.086 Y109.626 E16.95854
G1 X193.1 Y110.267 E16.97986
G1 X193.099 Y124.458 E17.45186
G1 X193.089 Y125.203 E17.47664
G1 X193.035 Y126.14 E17.50786
G1 X192.897 Y127.069 E17.53909
G1 X192.678 Y127.981 E17.57029
G1 X192.38 Y128.871 E17.60151
G1 X192.003 Y129.731 E17.63274
G1 X191.553 Y130.553 E17.66391
G1 X191.031 Y131.334 E17.69515
G1 X190.442 Y132.064 E17.72635
G1 X189.817 Y132.715 E17.75636
G1 X189.082 Y133.356 E17.7888
G1 X188.322 Y133.906 E17.82
G1 X187.516 Y134.387 E17.85122
G1 X186.671 Y134.795 E17.88243
G1 X185.793 Y135.126 E17.91364
G1 X184.889 Y135.379 E17.94486
G1 X183.962 Y135.551 E17.97622
G1 X182.811 Y135.649 E18.01464
G1 X182.17 Y135.663 E18.03597
G1 X53.203 Y135.664 E22.32543
G1 X52.355 Y135.653 E22.35363
G1 X51.418 Y135.599 E22.38485
G1 X50.49 Y135.46 E22.41606
G1 X49.577 Y135.241 E22.44729
G1 X48.688 Y134.942 E22.47848
G1 X47.828 Y134.565 E22.50971
G1 X47.005 Y134.114 E22.54093
G1 X46.225 Y133.592 E22.57214
G1 X45.521 Y133.026 E22.60219
G1 X44.819 Y132.351 E22.63458
G1 X44.204 Y131.642 E22.6658
G1 X43.674 Y130.911 E22.69583
G1 X43.174 Y130.075 E22.72823
G1 X42.766 Y129.23 E22.75944
G1 X42.435 Y128.352 E22.79064
G1 X42.183 Y127.448 E22.82186
G1 X42.011 Y126.521 E22.85322
G1 X41.914 Y125.371 E22.8916
G1 X41.9 Y124.73 E22.91293
G1 X41.901 Y110.452 E23.38781
G1 X41.912 Y109.769 E23.41053
G1 X41.969 Y108.832 E23.44176
G1 X42.109 Y107.905 E23.47294
G1 X42.33 Y106.992 E23.50418
G1 X42.632 Y106.103 E23.53541
G1 X43.01 Y105.245 E23.56659
G1 X43.463 Y104.423 E23.59781
G1 X43.987 Y103.643 E23.62906
G1 X44.578 Y102.915 E23.66025
G1 X45.231 Y102.241 E23.69146
G1 X45.941 Y101.627 E23.72268
G1 X46.702 Y101.078 E23.75389
G1 X47.51 Y100.599 E23.78514
G1 X48.324 Y100.208 E23.81517
G0 F6000 X48.497 Y100.569
G1 F1200 X49.342 Y100.25 E23.84521
G1 X50.212 Y100.008 E23.87525
G1 X51.1 Y99.844 E23.90528
G1 X52.223 Y99.75 E23.94276
G1 X52.83 Y99.737 E23.96296
G1 X181.793 Y99.737 E28.25228
G1 X182.637 Y99.748 E28.28036
G1 X183.539 Y99.801 E28.31041
G1 X184.432 Y99.933 E28.34043
G1 X185.31 Y100.144 E28.37047
G1 X186.166 Y100.432 E28.40051
G1 X186.993 Y100.794 E28.43053
G1 X187.785 Y101.229 E28.46059
G1 X188.536 Y101.731 E28.49063
G1 X189.239 Y102.298 E28.52067
G1 X189.889 Y102.925 E28.55071
G1 X190.481 Y103.607 E28.58075
G1 X191.011 Y104.338 E28.61078
G1 X191.473 Y105.114 E28.64081
G1 X191.866 Y105.927 E28.67085
G1 X192.184 Y106.772 E28.70088
G1 X192.427 Y107.642 E28.73092
G1 X192.592 Y108.53 E28.76096
G1 X192.687 Y109.66 E28.79868
G1 X192.7 Y110.267 E28.81887
G1 X192.699 Y124.453 E29.2907
G1 X192.69 Y125.18 E29.31488
G1 X192.639 Y126.082 E29.34493
G1 X192.508 Y126.976 E29.37498
G1 X192.299 Y127.854 E29.405
G1 X192.013 Y128.711 E29.43505
G1 X191.652 Y129.539 E29.46509
G1 X191.22 Y130.331 E29.4951
G1 X190.719 Y131.083 E29.52515
G1 X190.153 Y131.787 E29.5552
G1 X189.528 Y132.438 E29.58521
G1 X188.847 Y133.032 E29.61527
G1 X188.116 Y133.563 E29.64532
G1 X187.342 Y134.027 E29.67534
G1 X186.529 Y134.421 E29.70538
G1 X185.685 Y134.741 E29.73541
G1 X184.815 Y134.986 E29.76547
G1 X183.928 Y135.152 E29.79548
G1 X182.777 Y135.25 E29.8339
G1 X182.17 Y135.263 E29.8541
G1 X53.208 Y135.264 E34.14339
G1 X52.378 Y135.254 E34.171
G1 X51.476 Y135.203 E34.20105
G1 X50.583 Y135.071 E34.23107
G1 X49.704 Y134.862 E34.26112
G1 X48.848 Y134.575 E34.29115
G1 X48.02 Y134.214 E34.32119
G1 X47.227 Y133.781 E34.35124
G1 X46.476 Y133.28 E34.38127
G1 X45.772 Y132.714 E34.41131
G1 X45.121 Y132.088 E34.44135
G1 X44.528 Y131.407 E34.47139
G1 X43.998 Y130.676 E34.50142
G1 X43.534 Y129.901 E34.53146
G1 X43.14 Y129.088 E34.56151
G1 X42.82 Y128.244 E34.59153
G1 X42.576 Y127.374 E34.62158
G1 X42.41 Y126.487 E34.6516
G1 X42.313 Y125.337 E34.68998
G1 X42.3 Y124.73 E34.71018
G1 X42.301 Y110.458 E35.18486
G1 X42.311 Y109.793 E35.20698
G1 X42.365 Y108.891 E35.23704
G1 X42.498 Y107.998 E35.26707
G1 X42.709 Y107.12 E35.2971
G1 X42.998 Y106.264 E35.32715
G1 X43.361 Y105.437 E35.35719
G1 X43.795 Y104.646 E35.3872
G1 X44.298 Y103.895 E35.41726
G1 X44.866 Y103.193 E35.4473
G1 X45.493 Y102.543 E35.47733
G1 X46.175 Y101.951 E35.50737
G1 X46.907 Y101.422 E35.53741
G1 X47.683 Y100.96 E35.56745
G1 X48.497 Y100.569 E35.59748
G1 F2700 E30.59748
;MESH:BtnFaceWithWings.stl
G0 F6000 X58.284 Y115.442
G0 X57.759 Y116.772
G0 X57.642 Y117.454
G0 X57.731 Y118.14
G0 X57.962 Y118.679
G0 X58.245 Y119.067
G0 X58.604 Y119.398
G0 X59.177 Y119.708
G0 X59.721 Y119.843
G0 X60.642 Y119.926
;TYPE:WALL-INNER
G1 F2700 E35.59748
G1 F1200 X59.931 Y120.016 E35.62132
G1 X59.651 Y119.982 E35.6307
G1 X59.116 Y119.847 E35.64905
G1 X58.623 Y119.58 E35.6677
G1 X58.419 Y119.434 E35.67604
G1 X58.127 Y119.162 E35.68932
G1 X57.83 Y118.756 E35.70605
G1 X57.584 Y118.184 E35.72676
G1 X57.488 Y117.452 E35.75131
G1 X57.59 Y116.852 E35.77156
G1 X57.665 Y116.606 E35.78011
G1 X57.824 Y116.255 E35.79293
G1 X58.113 Y115.849 E35.8095
G1 X58.485 Y115.502 E35.82642
G1 X58.99 Y115.203 E35.84594
G1 X59.327 Y115.079 E35.85788
G1 X59.984 Y114.975 E35.88001
G1 X60.622 Y115.07 E35.90146
G1 X61.178 Y115.289 E35.92134
G1 X61.486 Y115.481 E35.93341
G1 X61.966 Y115.919 E35.95502
G1 X62.382 Y116.637 E35.98262
G1 X62.504 Y117.406 E36.00852
G1 X62.466 Y117.936 E36.02619
G1 X62.325 Y118.425 E36.04312
G1 X62.047 Y118.942 E36.06264
G1 X61.709 Y119.328 E36.07971
G1 X61.402 Y119.567 E36.09265
G1 X61.181 Y119.696 E36.10116
G1 X60.642 Y119.926 E36.12065
G0 F6000 X60.533 Y119.538
G1 F1200 X59.844 Y119.618 E36.14372
G1 X59.263 Y119.471 E36.16365
G1 X58.746 Y119.191 E36.18321
G1 X58.452 Y118.917 E36.19657
G1 X58.179 Y118.557 E36.2116
G1 X57.972 Y118.074 E36.22908
G1 X57.896 Y117.436 E36.25045
G1 X57.997 Y116.84 E36.27055
G1 X58.173 Y116.455 E36.28463
G1 X58.414 Y116.115 E36.2985
G1 X58.726 Y115.824 E36.31269
G1 X59.194 Y115.547 E36.33077
G1 X59.396 Y115.473 E36.33793
G1 X59.962 Y115.385 E36.35698
G1 X60.516 Y115.458 E36.37557
G1 X61.032 Y115.661 E36.39401
G1 X61.217 Y115.776 E36.40125
G1 X61.632 Y116.155 E36.41995
G1 X61.998 Y116.77 E36.44375
G1 X62.105 Y117.44 E36.46632
G1 X62.07 Y117.861 E36.48037
G1 X61.951 Y118.277 E36.49476
G1 X61.717 Y118.713 E36.51122
G1 X61.434 Y119.035 E36.52547
G1 X61.097 Y119.297 E36.53967
G1 X60.533 Y119.538 E36.56007
G1 F2700 E31.56007
G0 F6000 X60.571 Y119.845
G0 X62.108 Y119.148
G0 X62.108 Y123.632
G0 X103 Y123.832
G1 F2700 E36.56007
G1 F1200 X103 Y111.168 E36.98128
G1 X53.5 Y111.168 E38.62765
G1 X53.5 Y123.832 E39.04886
G1 X103 Y123.832 E40.69524
G0 F6000 X103.632 Y124.232
G1 F1200 X103.4 Y124 E40.70615
G1 X103.4 Y111 E41.13853
G1 X103.594 Y110.768 E41.14859
G1 X53.1 Y110.768 E42.82803
G1 X53.1 Y124.232 E43.27584
G1 X103.632 Y124.232 E44.95654
G0 F6000 X103.12 Y123.953
G0 X103.558 Y124.3
G0 X117.438 Y124.438
G0 X118 Y123.832
G1 F1200 X118 Y111.168 E45.37775
G0 F6000 X118.12 Y123.952
G0 X118.632 Y124.232
G1 F1200 X118.4 Y124 E45.38866
G1 X118.4 Y111 E45.82104
G1 X118.594 Y110.768 E45.8311
G1 X117.368 Y110.768 E45.87188
G1 X117.6 Y111 E45.88279
G1 X117.6 Y124 E46.31517
G1 X117.406 Y124.232 E46.32523
G1 X118.632 Y124.232 E46.36601
G1 F2700 E41.36601
G0 F6000 X118.12 Y123.952
G0 X118.559 Y124.262
G0 X132.438 Y124.438
G0 X132.441 Y123.036
G0 X133.181 Y119.265
G0 X134.267 Y118.625
G0 X135.676 Y119.213
G0 X136.606 Y119.267
G1 F2700 E46.36601
G1 F1200 X136.356 Y119.341 E46.37468
G1 X135.65 Y119.361 E46.39817
G1 X135.13 Y119.151 E46.41682
G1 X134.832 Y118.962 E46.42856
G1 X134.644 Y118.79 E46.43704
G1 X134.384 Y118.45 E46.45127
G1 X134.259 Y118.178 E46.46123
G1 X134.138 Y117.741 E46.47631
G1 X134.12 Y117.514 E46.48388
G1 X134.195 Y117.027 E46.50027
G1 X134.315 Y116.683 E46.51239
G1 X134.443 Y116.459 E46.52097
G1 X134.628 Y116.226 E46.53087
G1 X134.82 Y116.046 E46.53962
G1 X135.112 Y115.855 E46.55123
G1 X135.432 Y115.719 E46.56279
G1 X135.702 Y115.64 E46.57215
G1 X136.168 Y115.64 E46.58765
G1 X136.449 Y115.68 E46.59709
G1 X136.766 Y115.781 E46.60815
G1 X137.089 Y115.977 E46.62072
G1 X137.314 Y116.171 E46.6306
G1 X137.513 Y116.403 E46.64077
G1 X137.711 Y116.758 E46.65428
G1 X137.827 Y117.13 E46.66725
G1 X137.872 Y117.428 E46.67727
G1 X137.846 Y117.825 E46.6905
G1 X137.758 Y118.14 E46.70138
G1 X137.629 Y118.413 E46.71142
G1 X137.375 Y118.785 E46.7264
G1 X137.017 Y119.075 E46.74173
G1 X136.606 Y119.267 E46.75682
G0 F6000 X136.374 Y118.934
G1 F1200 X135.725 Y118.961 E46.77842
G1 X135.181 Y118.739 E46.79796
G1 X134.914 Y118.495 E46.80999
G1 X134.671 Y118.166 E46.8236
G1 X134.511 Y117.597 E46.84326
G1 X134.608 Y116.978 E46.86409
G1 X134.836 Y116.579 E46.87938
G1 X135.171 Y116.264 E46.89467
G1 X135.7 Y116.04 E46.91378
G1 X136.168 Y116.04 E46.92935
G1 X136.569 Y116.136 E46.94306
G1 X136.947 Y116.357 E46.95762
G1 X137.211 Y116.664 E46.97109
G1 X137.329 Y116.877 E46.97919
G1 X137.477 Y117.351 E46.99571
G1 X137.452 Y117.756 E47.0092
G1 X137.35 Y118.113 E47.02155
G1 X137.076 Y118.515 E47.03773
G1 X136.809 Y118.733 E47.0492
G1 X136.374 Y118.934 E47.06513
G1 F2700 E42.06513
G0 F6000 X136.504 Y119.218
G0 X137.778 Y118.516
G0 X139.203 Y118.516
G0 X139.962 Y120.138
G0 X149.069 Y120.366
G0 X148.917 Y120.399
G1 F2700 E47.06513
G1 F1200 X148.721 Y120.554 E47.07345
G1 X148.476 Y120.662 E47.08235
G1 X148.2 Y120.7 E47.09162
G1 X140.4 Y120.7 E47.35105
G1 X140.124 Y120.662 E47.36031
G1 X139.879 Y120.555 E47.3692
G1 X139.685 Y120.4 E47.37746
G1 X139.546 Y120.222 E47.38498
G1 X139.444 Y119.995 E47.39325
G1 X139.402 Y119.774 E47.40073
G1 X139.406 Y114.584 E47.57335
G1 X139.467 Y114.339 E47.58175
G1 X139.587 Y114.118 E47.59012
G1 X139.786 Y113.91 E47.59969
G1 X140.067 Y113.757 E47.61033
G1 X140.279 Y113.7 E47.61763
G1 X148.2 Y113.7 E47.88109
G1 X148.534 Y113.757 E47.89236
G1 X148.814 Y113.91 E47.90297
G1 X149.014 Y114.118 E47.91257
G1 X149.134 Y114.339 E47.92093
G1 X149.2 Y114.568 E47.92886
G1 X149.195 Y119.808 E48.10314
G1 X149.055 Y120.22 E48.11761
G1 X148.917 Y120.399 E48.12513
G0 F6000 X148.513 Y120.213
G1 F1200 X148.2 Y120.3 E48.13594
G1 X140.287 Y120.3 E48.39912
G1 X140.087 Y120.213 E48.40638
G1 X139.887 Y120.013 E48.41579
G1 X139.801 Y119.745 E48.42515
G1 X139.804 Y114.63 E48.59527
G1 X139.912 Y114.35 E48.60525
G1 X140.031 Y114.226 E48.61097
G1 X140.326 Y114.1 E48.62164
G1 X148.2 Y114.1 E48.88353
G1 X148.4 Y114.134 E48.89028
G1 X148.569 Y114.226 E48.89668
G1 X148.689 Y114.351 E48.90244
G1 X148.8 Y114.619 E48.91209
G1 X148.797 Y119.765 E49.08324
G1 X148.713 Y120.012 E49.09192
G1 X148.513 Y120.213 E49.10135
G1 F2700 E44.10135
G0 F6000 X148.513 Y120.61
G0 X149.038 Y120.538
G0 X149.375 Y119.827
G0 X151.542 Y119.269
G0 X153.23 Y119.257
G1 F2700 E49.10135
G1 F1200 X152.957 Y119.341 E49.11085
G1 X152.251 Y119.361 E49.13434
G1 X151.569 Y119.087 E49.15879
G1 X151.245 Y118.79 E49.17341
G1 X150.984 Y118.45 E49.18766
G1 X150.859 Y118.178 E49.19762
G1 X150.739 Y117.741 E49.21269
G1 X150.719 Y117.516 E49.22021
G1 X150.795 Y117.027 E49.23667
G1 X150.915 Y116.683 E49.24878
G1 X151.043 Y116.459 E49.25736
G1 X151.227 Y116.226 E49.26724
G1 X151.553 Y115.922 E49.28207
G1 X152.225 Y115.64 E49.3063
G1 X152.768 Y115.64 E49.32436
G1 X153.132 Y115.692 E49.33659
G1 X153.451 Y115.833 E49.34819
G1 X153.818 Y116.056 E49.36248
G1 X154.252 Y116.57 E49.38485
G1 X154.427 Y117.13 E49.40437
G1 X154.472 Y117.428 E49.41439
G1 X154.446 Y117.825 E49.42762
G1 X154.359 Y118.14 E49.43849
G1 X154.229 Y118.413 E49.44855
G1 X154.053 Y118.673 E49.45899
G1 X153.801 Y118.954 E49.47155
G1 X153.506 Y119.133 E49.48302
G1 X153.23 Y119.257 E49.49309
G0 F6000 X152.973 Y118.934
G1 F1200 X152.319 Y118.961 E49.51486
G1 X151.767 Y118.725 E49.53482
G1 X151.515 Y118.495 E49.54617
G1 X151.271 Y118.167 E49.55977
G1 X151.117 Y117.616 E49.5788
G1 X151.204 Y116.985 E49.59998
G1 X151.436 Y116.578 E49.61556
G1 X151.767 Y116.269 E49.63062
G1 X152.303 Y116.04 E49.65001
G1 X152.871 Y116.04 E49.6689
G1 X153.244 Y116.175 E49.6821
G1 X153.548 Y116.369 E49.69409
G1 X153.892 Y116.759 E49.71139
G1 X154.077 Y117.351 E49.73202
G1 X154.052 Y117.756 E49.74551
G1 X153.951 Y118.11 E49.75776
G1 X153.721 Y118.449 E49.77138
G1 X153.43 Y118.728 E49.78479
G1 X152.973 Y118.934 E49.80146
G1 F2700 E44.80146
G0 F6000 X153.103 Y119.218
G0 X153.919 Y119.091
G0 X157.921 Y119.095
G0 X158.327 Y122.229
G0 X158.541 Y122.767
G0 X158.827 Y123.184
G0 X159.172 Y123.519
G0 X159.745 Y123.887
G0 X160.418 Y124.038
G0 X161.008 Y124.036
G0 X161.776 Y123.891
G0 X161.6 Y123.633
G1 F2700 E49.80146
G1 F1137.4 X161.014 Y123.791 E49.82276
G1 F1116.3 X160.415 Y123.801 E49.84418
G1 F1134.8 X159.832 Y123.65 E49.86536
G1 F1176.5 X159.328 Y123.325 E49.88571
G1 F1200 X159.019 Y123.026 E49.90001
G1 X158.76 Y122.647 E49.91528
G1 X158.562 Y122.158 E49.93282
G1 X158.5 Y121.688 E49.94859
G1 X158.502 Y115.633 E50.14998
G1 X158.582 Y115.139 E50.16663
G1 X158.888 Y114.528 E50.18935
G1 X159.027 Y114.35 E50.19686
G1 X159.421 Y114.001 E50.21437
G1 X159.972 Y113.715 E50.23502
G1 X160.421 Y113.613 E50.25033
G1 X160.956 Y113.607 E50.26813
G1 X161.462 Y113.722 E50.28539
G1 X161.665 Y113.81 E50.29275
G1 X162.085 Y114.094 E50.30961
G1 X162.383 Y114.375 E50.32323
G1 X162.676 Y114.825 E50.34109
G1 X162.834 Y115.243 E50.35596
G1 X162.896 Y115.707 E50.37153
G1 X162.9 Y121.767 E50.57308
G1 X162.833 Y122.157 E50.58624
G1 X162.643 Y122.635 E50.60335
G1 X162.349 Y123.066 E50.6207
G1 X162.194 Y123.221 E50.628
G1 F1176.5 X161.6 Y123.633 E50.65252
G0 F6000 X162.014 Y123.832
G1 F1200 X181.5 Y123.832 E51.30063
G1 X181.5 Y111.17 E51.72177
G1 X133.001 Y111.169 E53.33485
G1 X133 Y123.832 E53.75602
G1 X159.377 Y123.832 E54.63333
G1 X159.076 Y123.639 E54.64522
G1 X158.708 Y123.28 E54.66232
G1 X158.403 Y122.833 E54.68032
G1 X158.177 Y122.272 E54.70043
G1 X158.1 Y121.766 E54.71746
G1 X158.103 Y115.6 E54.92254
G1 X158.197 Y115.018 E54.94215
G1 X158.532 Y114.347 E54.96709
G1 X158.762 Y114.05 E54.97958
G1 X159.196 Y113.667 E54.99884
G1 X159.83 Y113.338 E55.02259
G1 X160.376 Y113.213 E55.04122
G1 X161 Y113.207 E55.06198
G1 X161.55 Y113.332 E55.08074
G1 X161.889 Y113.479 E55.09303
G1 X162.309 Y113.763 E55.10989
G1 X162.692 Y114.114 E55.12717
G1 X163.033 Y114.639 E55.14799
G1 X163.221 Y115.136 E55.16566
G1 X163.296 Y115.629 E55.18225
G1 X163.3 Y121.797 E55.3874
G1 X163.222 Y122.261 E55.40305
G1 X162.997 Y122.823 E55.42318
G1 X162.679 Y123.292 E55.44203
G1 X162.422 Y123.55 E55.45414
G1 X162.014 Y123.832 E55.47064
G0 F6000 X181.62 Y123.952
G0 X181.9 Y124.232
G1 F1200 X181.9 Y110.769 E55.91842
G1 X132.368 Y110.768 E57.56586
G1 X132.6 Y111 E57.57677
G1 X132.6 Y124 E58.00915
G1 X132.406 Y124.232 E58.01921
G1 X159.885 Y124.232 E58.93317
G1 F1153.8 X160.328 Y124.216 E58.9485
G1 F1113.7 X161.051 Y124.217 E58.97441
G1 F1156.6 X161.55 Y124.232 E58.99164
G1 F1200 X181.9 Y124.232 E59.66848
G1 F2700 E54.66848
G0 F6000 X181.62 Y123.952
G0 X175.65 Y123.632
G0 X175.153 Y120.18
G0 X175.65 Y119.923
G1 F2700 E59.66848
G1 F1200 X175.141 Y119.999 E59.6856
G1 X174.627 Y119.974 E59.70272
G1 X174.148 Y119.857 E59.71912
G1 X173.69 Y119.637 E59.73602
G1 X173.288 Y119.33 E59.75284
G1 X172.884 Y118.871 E59.77318
G1 X172.615 Y118.287 E59.79456
G1 X172.528 Y118.03 E59.80359
G1 X172.505 Y117.221 E59.8305
G1 X172.631 Y116.675 E59.84914
G1 X172.877 Y116.184 E59.86741
G1 X173.021 Y115.971 E59.87596
G1 X173.292 Y115.663 E59.8896
G1 X173.702 Y115.352 E59.90672
G1 X174.321 Y115.086 E59.92913
G1 X174.748 Y115.004 E59.94359
G1 X175.264 Y115.004 E59.96075
G1 X175.63 Y115.073 E59.97314
G1 X176.078 Y115.249 E59.98915
G1 X176.299 Y115.369 E59.99751
G1 X176.683 Y115.647 E60.01328
G1 X177.024 Y116.021 E60.03011
G1 X177.289 Y116.476 E60.04763
G1 X177.412 Y116.821 E60.05981
G1 X177.511 Y117.435 E60.08049
G1 X177.419 Y118.155 E60.10464
G1 X177.183 Y118.73 E60.12531
G1 X176.807 Y119.256 E60.14681
G1 X176.397 Y119.57 E60.16399
G1 X176.181 Y119.696 E60.17231
G1 X175.65 Y119.923 E60.19152
G0 F6000 X175.539 Y119.535
G1 F1200 X175.113 Y119.599 E60.20584
G1 X174.689 Y119.577 E60.21996
G1 X174.28 Y119.476 E60.23398
G1 X173.899 Y119.294 E60.24802
G1 X173.562 Y119.037 E60.26212
G1 X173.227 Y118.645 E60.27927
G1 X172.927 Y118.012 E60.30257
G1 X172.906 Y117.259 E60.32762
G1 X173.012 Y116.809 E60.343
G1 X173.27 Y116.293 E60.36218
G1 X173.565 Y115.957 E60.37706
G1 X173.9 Y115.703 E60.39104
G1 X174.44 Y115.47 E60.4106
G1 X174.786 Y115.404 E60.42232
G1 X175.264 Y115.404 E60.43821
G1 X175.484 Y115.445 E60.44566
G1 X176.003 Y115.649 E60.4642
G1 X176.42 Y115.95 E60.48131
G1 X176.7 Y116.259 E60.49518
G1 X176.943 Y116.678 E60.51129
G1 X177.017 Y116.884 E60.51857
G1 X177.104 Y117.422 E60.5367
G1 X177.03 Y118.051 E60.55776
G1 X176.828 Y118.54 E60.57536
G1 X176.499 Y118.989 E60.59387
G1 X176.096 Y119.297 E60.61074
G1 X175.539 Y119.535 E60.63089
G0 F6000 X175.411 Y119.15
;TYPE:WALL-OUTER
G1 F1200 X175.073 Y119.196 E60.64223
G1 X174.728 Y119.175 E60.65373
G1 X174.397 Y119.089 E60.6651
G1 X174.129 Y118.961 E60.67498
G1 X173.826 Y118.729 E60.68767
G1 X173.563 Y118.429 E60.70094
G1 X173.325 Y117.915 E60.71978
G1 X173.31 Y117.285 E60.74074
G1 X173.401 Y116.926 E60.75306
G1 X173.621 Y116.499 E60.76904
G1 X173.825 Y116.267 E60.77931
G1 X174.128 Y116.04 E60.79191
G1 X174.578 Y115.851 E60.80814
G1 X174.813 Y115.806 E60.8161
G1 X175.306 Y115.804 E60.83249
G1 X175.83 Y116.017 E60.85131
G1 X176.134 Y116.237 E60.86379
G1 X176.361 Y116.481 E60.87487
G1 X176.616 Y116.911 E60.8915
G1 X176.703 Y117.449 E60.90963
G1 X176.642 Y117.931 E60.92579
G1 X176.463 Y118.361 E60.94128
G1 X176.226 Y118.69 E60.95476
G1 X175.867 Y118.96 E60.9697
G1 X175.411 Y119.15 E60.98614
G1 F2700 E55.98614
G0 F6000 X175.458 Y119.455
G0 X176.508 Y119.713
G0 X176.508 Y123.632
G0 X182.3 Y124.632
G1 F2700 E60.98614
G1 F1200 X182.3 Y110.369 E61.46052
G1 X132.832 Y110.368 E63.10584
G1 F1176.5 X132 Y110.376 E63.13406
G1 F1148.3 X118.928 Y110.377 E63.58841
G1 F1170.7 X117.832 Y110.368 E63.62577
G1 F1176.5 X117 Y110.376 E63.654
G1 F1148.3 X103.928 Y110.377 E64.10834
G1 F1170.7 X103.168 Y110.368 E64.13425
G1 F1200 X52.7 Y110.368 E65.81282
G1 X52.7 Y124.632 E66.28725
G1 X103.168 Y124.632 E67.96582
G1 F1176.5 X104 Y124.624 E67.99405
G1 F1148.3 X117.072 Y124.623 E68.44839
G1 F1170.7 X118.168 Y124.632 E68.48575
G1 F1176.5 X119 Y124.624 E68.51398
G1 F1148.3 X132.072 Y124.623 E68.96832
G1 F1170.7 X132.832 Y124.632 E68.99423
G1 F1200 X182.3 Y124.632 E70.63955
G1 F2700 E65.63955
G0 F6000 X182.02 Y124.352
G0 X162.249 Y123.785
G0 X161.603 Y123.524
G0 X161.427 Y123.266
G1 F2700 E70.63955
G1 F1200 X160.943 Y123.382 E70.6561
G1 X160.464 Y123.384 E70.67203
G1 X159.996 Y123.28 E70.68798
G1 X159.565 Y122.997 E70.70513
G1 X159.314 Y122.749 E70.71686
G1 X159.126 Y122.473 E70.72797
G1 X158.962 Y122.079 E70.74216
G1 X158.902 Y121.719 E70.7543
G1 X158.9 Y115.667 E70.95559
G1 X158.973 Y115.247 E70.96977
G1 X159.262 Y114.675 E70.99109
G1 X159.671 Y114.322 E71.00906
G1 X160.134 Y114.089 E71.02629
G1 X160.453 Y114.015 E71.03719
G1 X160.933 Y114.012 E71.05315
G1 X161.409 Y114.12 E71.06939
G1 X161.89 Y114.45 E71.08879
G1 X162.088 Y114.654 E71.09824
G1 X162.324 Y115.025 E71.11287
G1 X162.436 Y115.321 E71.12339
G1 X162.494 Y115.677 E71.13539
G1 X162.498 Y121.746 E71.33725
G1 X162.45 Y122.026 E71.34669
G1 X162.274 Y122.465 E71.36243
G1 X161.997 Y122.871 E71.37877
G1 X161.427 Y123.266 E71.40184
G1 F2700 E66.40184
G0 F6000 X161.603 Y123.524
G0 X160.961 Y123.636
G0 X160.462 Y123.638
G0 X159.901 Y123.512
G0 X159.422 Y123.205
G0 X159.135 Y122.925
G0 X158.896 Y122.577
G0 X158.793 Y122.319
G0 X157.922 Y118.631
G0 X154.532 Y118.192
G0 X153.205 Y118.391
G1 F2700 E71.40184
G1 F1200 X152.855 Y118.542 E71.41452
G1 X152.396 Y118.553 E71.42979
G1 X152.005 Y118.396 E71.4438
G1 X151.752 Y118.162 E71.45526
G1 X151.627 Y117.956 E71.46328
G1 X151.521 Y117.589 E71.47598
G1 X151.591 Y117.113 E71.49199
G1 X151.753 Y116.83 E71.50283
G1 X152.009 Y116.599 E71.5143
G1 X152.383 Y116.44 E71.52782
G1 X152.801 Y116.44 E71.54172
G1 X153.036 Y116.517 E71.54994
G1 X153.287 Y116.672 E71.55976
G1 X153.535 Y116.956 E71.5723
G1 X153.673 Y117.402 E71.58782
G1 X153.658 Y117.687 E71.59732
G1 X153.566 Y117.965 E71.60706
G1 X153.39 Y118.225 E71.6175
G1 X153.205 Y118.391 E71.62577
G1 F2700 E66.62577
G0 F6000 X153.404 Y118.627
G0 X152.926 Y118.792
G0 X152.6 Y118.802
G0 X150.868 Y118.626
G0 X149.376 Y118.623
G0 X148.399 Y119.722
G1 F2700 E71.62577
G1 F1200 X148.344 Y119.84 E71.6301
G1 X148.244 Y119.9 E71.63397
G1 X140.36 Y119.9 E71.8962
G1 X140.2 Y119.781 E71.90283
G1 X140.201 Y114.676 E72.07262
G1 X140.237 Y114.583 E72.07594
G1 X140.365 Y114.502 E72.08098
G1 X148.252 Y114.5 E72.3433
G1 X148.363 Y114.583 E72.34791
G1 X148.397 Y114.661 E72.35074
G1 X148.399 Y119.722 E72.51907
G1 F2700 E67.51907
G0 F6000 X148.71 Y119.722
G0 X148.638 Y120.138
G0 X139.962 Y120.138
G0 X139.203 Y118.672
G0 X137.932 Y118.191
G0 X136.601 Y118.391
G1 F2700 E72.51907
G1 F1200 X136.255 Y118.542 E72.53163
G1 X135.797 Y118.553 E72.54686
G1 X135.4 Y118.397 E72.56105
G1 X135.184 Y118.2 E72.57077
G1 X135.036 Y117.987 E72.5794
G1 X134.919 Y117.58 E72.59349
G1 X134.992 Y117.112 E72.60924
G1 X135.152 Y116.832 E72.61997
G1 X135.396 Y116.603 E72.6311
G1 X135.789 Y116.443 E72.64521
G1 X136.168 Y116.44 E72.65781
G1 X136.411 Y116.504 E72.66617
G1 X136.686 Y116.668 E72.67682
G1 X136.934 Y116.956 E72.68946
G1 X137.073 Y117.401 E72.70497
G1 X137.058 Y117.687 E72.71449
G1 X136.966 Y117.965 E72.72423
G1 X136.774 Y118.248 E72.73561
G1 X136.601 Y118.391 E72.74307
G1 F2700 E67.74307
G0 F6000 X136.73 Y118.673
G0 X135.385 Y119.45
G0 X133.181 Y119.448
G0 X132.036 Y124.207
G1 F2700 E72.74307
G1 F1148.3 X119 Y124.208 E73.19616
G1 F1176.5 X118.8 Y124 E73.20595
G1 F1200 X118.8 Y111 E73.63833
G1 F1170.7 X118.964 Y110.793 E73.64734
G1 F1148.3 X132 Y110.792 E74.10043
G1 F1176.5 X132.2 Y111 E74.11022
G1 F1200 X132.2 Y124 E74.5426
G1 F1170.7 X132.036 Y124.207 E74.5516
G1 F2700 E69.5516
G0 F6000 X132.036 Y124.51
G0 X117.036 Y124.51
G0 X117.036 Y124.207
G1 F2700 E74.5516
G1 F1148.3 X104 Y124.208 E75.00469
G1 F1176.5 X103.8 Y124 E75.01448
G1 F1200 X103.8 Y111 E75.44686
G1 F1170.7 X103.964 Y110.793 E75.45587
G1 F1148.3 X117 Y110.792 E75.90896
G1 F1176.5 X117.2 Y111 E75.91875
G1 F1200 X117.2 Y124 E76.35113
G1 F1170.7 X117.036 Y124.207 E76.36013
G1 F2700 E71.36013
G0 F6000 X117.036 Y124.51
G0 X60.45 Y124.422
G0 X59.935 Y120.197
G0 X60.411 Y119.15
G1 F2700 E76.36013
G1 F1200 X59.896 Y119.212 E76.37738
G1 X59.388 Y119.084 E76.39481
G1 X58.963 Y118.847 E76.41099
G1 X58.718 Y118.615 E76.42222
G1 X58.52 Y118.336 E76.43359
G1 X58.36 Y117.964 E76.44706
G1 X58.297 Y117.462 E76.46389
G1 X58.393 Y116.937 E76.48164
G1 X58.532 Y116.64 E76.49255
G1 X58.729 Y116.367 E76.50375
G1 X58.986 Y116.135 E76.51526
G1 X59.43 Y115.872 E76.53243
G1 X59.988 Y115.788 E76.55119
G1 X60.438 Y115.857 E76.56634
G1 X60.918 Y116.046 E76.58349
G1 X61.333 Y116.427 E76.60223
G1 X61.614 Y116.915 E76.62096
G1 X61.7 Y117.477 E76.63987
G1 X61.669 Y117.812 E76.65106
G1 X61.585 Y118.104 E76.66117
G1 X61.397 Y118.463 E76.67464
G1 X61.143 Y118.755 E76.68752
G1 X60.911 Y118.935 E76.69728
G1 X60.411 Y119.15 E76.71539
G1 F2700 E71.71539
G0 F6000 X60.449 Y119.457
G0 X62.108 Y119.148
G0 X102.8 Y119.148
G0 X102.9 Y123.472
G0 X102.64 Y123.472
;TYPE:SKIN
G1 F2700 E76.71539
G1 F1200 X53.86 Y123.472 E78.33782
G1 X53.86 Y111.528 E78.73507
G1 X102.64 Y111.528 E80.3575
G1 X102.64 Y123.472 E80.75476
G1 F2700 E75.75476
G0 F6000 X102.9 Y123.472
G0 X102.8 Y119.961
G0 X62.108 Y119.148
G0 X60.817 Y119.961
G0 X60.889 Y120.207
G1 F2700 E80.75476
G1 F1200 X61.354 Y120.013 E80.77152
G1 X61.598 Y119.869 E80.78094
G1 X61.976 Y119.575 E80.79687
G1 X62.24 Y119.267 E80.81036
G1 X62.417 Y119.011 E80.82072
G1 X62.653 Y118.571 E80.83732
G1 X62.817 Y118.016 E80.85657
G1 X62.864 Y117.411 E80.87675
G1 X62.742 Y116.602 E80.90397
G1 X62.61 Y116.316 E80.91444
G1 X62.245 Y115.687 E80.93863
G1 X61.728 Y115.212 E80.96198
G1 X61.337 Y114.969 E80.97729
G1 X60.862 Y114.778 E80.99432
G1 X60.593 Y114.703 E81.00361
G1 X59.976 Y114.612 E81.02435
G1 X59.268 Y114.722 E81.04818
G1 X58.798 Y114.895 E81.06484
G1 X58.398 Y115.131 E81.08029
G1 X58.155 Y115.313 E81.09039
G1 X57.855 Y115.593 E81.10403
G1 X57.521 Y116.055 E81.123
G1 X57.324 Y116.481 E81.13861
G1 X57.236 Y116.769 E81.14862
G1 X57.121 Y117.444 E81.1714
G1 X57.214 Y118.147 E81.19498
G1 X57.303 Y118.442 E81.20523
G1 X57.451 Y118.794 E81.21793
G1 X57.594 Y119.045 E81.22754
G1 X57.864 Y119.412 E81.24269
G1 X58.172 Y119.696 E81.25663
G1 X58.449 Y119.897 E81.26801
G1 X58.829 Y120.101 E81.28235
G1 X59.131 Y120.219 E81.29314
G1 X59.553 Y120.33 E81.30765
G1 X59.912 Y120.375 E81.31969
G1 X60.611 Y120.294 E81.34309
G1 X60.889 Y120.207 E81.35278
G1 F2700 E76.35278
G0 F6000 X60.817 Y119.961
G0 X58.92 Y119.946
G0 X53.7 Y119.946
G0 X53.6 Y123.074
G0 X54.06 Y123.074
G1 F2700 E81.35278
G1 F1200 X54.258 Y123.271 E81.36207
G0 F6000 X54.823 Y123.271
G1 F1200 X54.06 Y122.508 E81.39796
G0 F6000 X54.06 Y121.943
G1 F1200 X55.389 Y123.271 E81.46045
G0 F6000 X55.955 Y123.271
G1 F1200 X54.06 Y121.377 E81.54956
G0 F6000 X54.06 Y120.811
G1 F1200 X56.52 Y123.271 E81.66527
G0 F6000 X57.086 Y123.271
G1 F1200 X54.06 Y120.246 E81.80758
G0 F6000 X54.06 Y119.68
G1 F1200 X57.652 Y123.271 E81.97651
G0 F6000 X58.218 Y123.271
G1 F1200 X54.06 Y119.114 E82.17207
G0 F6000 X54.06 Y118.549
G1 F1200 X58.783 Y123.271 E82.3942
G0 F6000 X59.349 Y123.271
G1 F1200 X54.06 Y117.983 E82.64295
G0 F6000 X54.06 Y117.417
G1 F1200 X59.915 Y123.271 E82.91833
G0 F6000 X60.48 Y123.271
G1 F1200 X54.06 Y116.852 E83.22029
G0 F6000 X54.06 Y116.286
G1 F1200 X61.046 Y123.271 E83.54886
G0 F6000 X61.612 Y123.271
G1 F1200 X58.476 Y120.136 E83.69635
G0 F6000 X59.403 Y120.497
G1 F1200 X62.177 Y123.271 E83.82683
G0 F6000 X62.743 Y123.271
G1 F1200 X60.036 Y120.565 E83.95413
G0 F6000 X60.541 Y120.504
G1 F1200 X63.309 Y123.271 E84.08431
G0 F6000 X63.874 Y123.271
G1 F1200 X60.987 Y120.384 E84.2201
G0 F6000 X61.387 Y120.219
G1 F1200 X64.44 Y123.271 E84.36368
G0 F6000 X65.006 Y123.271
G1 F1200 X61.743 Y120.009 E84.51714
G0 F6000 X62.064 Y119.764
G1 F1200 X65.571 Y123.271 E84.6821
G0 F6000 X66.137 Y123.271
G1 F1200 X62.331 Y119.465 E84.86112
G0 F6000 X62.571 Y119.14
G1 F1200 X66.703 Y123.271 E85.05546
G0 F6000 X67.268 Y123.271
G1 F1200 X62.77 Y118.773 E85.26703
G0 F6000 X62.925 Y118.362
G1 F1200 X67.834 Y123.271 E85.49793
G0 F6000 X68.4 Y123.271
G1 F1200 X63.029 Y117.901 E85.75054
G0 F6000 X63.066 Y117.372
G1 F1200 X68.966 Y123.271 E86.02804
G0 F6000 X69.531 Y123.271
G1 F1200 X62.959 Y116.699 E86.33717
G0 F6000 X62.506 Y116.77
G0 X62.045 Y115.852
G0 X62.427 Y115.601
G1 F1200 X70.097 Y123.271 E86.69794
G0 F6000 X70.663 Y123.271
G1 F1200 X59.12 Y111.729 E87.24086
G0 F6000 X59.685 Y111.729
G1 F1200 X71.228 Y123.271 E87.78379
G0 F6000 X71.794 Y123.271
G1 F1200 X60.251 Y111.729 E88.32671
G0 F6000 X60.817 Y111.729
G1 F1200 X72.36 Y123.271 E88.86963
G0 F6000 X72.925 Y123.271
G1 F1200 X61.383 Y111.729 E89.41253
G0 F6000 X61.948 Y111.729
G1 F1200 X73.491 Y123.271 E89.95546
G0 F6000 X74.057 Y123.271
G1 F1200 X62.514 Y111.729 E90.49838
G0 F6000 X63.08 Y111.729
G1 F1200 X74.622 Y123.271 E91.04128
G0 F6000 X75.188 Y123.271
G1 F1200 X63.645 Y111.729 E91.58421
G0 F6000 X64.211 Y111.729
G1 F1200 X75.754 Y123.271 E92.12713
G0 F6000 X76.319 Y123.271
G1 F1200 X64.777 Y111.729 E92.67003
G0 F6000 X65.342 Y111.729
G1 F1200 X76.885 Y123.271 E93.21295
G0 F6000 X77.451 Y123.271
G1 F1200 X65.908 Y111.729 E93.75588
G0 F6000 X66.474 Y111.729
G1 F1200 X78.017 Y123.271 E94.2988
G0 F6000 X78.582 Y123.271
G1 F1200 X67.039 Y111.729 E94.84173
G0 F6000 X67.605 Y111.729
G1 F1200 X79.148 Y123.271 E95.38465
G0 F6000 X79.714 Y123.271
G1 F1200 X68.171 Y111.729 E95.92757
G0 F6000 X68.736 Y111.729
G1 F1200 X80.279 Y123.271 E96.4705
G0 F6000 X80.845 Y123.271
G1 F1200 X69.302 Y111.729 E97.01342
G0 F6000 X69.868 Y111.729
G1 F1200 X81.411 Y123.271 E97.55634
G0 F6000 X81.976 Y123.271
G1 F1200 X70.433 Y111.729 E98.09927
G0 F6000 X70.999 Y111.729
G1 F1200 X82.542 Y123.271 E98.64219
G0 F6000 X83.108 Y123.271
G1 F1200 X71.565 Y111.729 E99.18512
G0 F6000 X72.131 Y111.729
G1 F1200 X83.673 Y123.271 E99.72802
G0 F6000 X84.239 Y123.271
G1 F1200 X72.696 Y111.729 E100.27094
G0 F6000 X73.262 Y111.729
G1 F1200 X84.805 Y123.271 E100.81386
G0 F6000 X85.37 Y123.271
G1 F1200 X73.828 Y111.729 E101.35676
G0 F6000 X74.393 Y111.729
G1 F1200 X85.936 Y123.271 E101.89969
G0 F6000 X86.502 Y123.271
G1 F1200 X74.959 Y111.729 E102.44261
G0 F6000 X75.525 Y111.729
G1 F1200 X87.067 Y123.271 E102.98551
G0 F6000 X87.633 Y123.271
G1 F1200 X76.09 Y111.729 E103.52844
G0 F6000 X76.656 Y111.729
G1 F1200 X88.199 Y123.271 E104.07136
G0 F6000 X88.765 Y123.271
G1 F1200 X77.222 Y111.729 E104.61428
G0 F6000 X77.787 Y111.729
G1 F1200 X89.33 Y123.271 E105.15721
G0 F6000 X89.896 Y123.271
G1 F1200 X78.353 Y111.729 E105.70013
G0 F6000 X78.919 Y111.729
G1 F1200 X90.462 Y123.271 E106.24305
G0 F6000 X91.027 Y123.271
G1 F1200 X79.484 Y111.729 E106.78598
G0 F6000 X80.05 Y111.729
G1 F1200 X91.593 Y123.271 E107.3289
G0 F6000 X92.159 Y123.271
G1 F1200 X80.616 Y111.729 E107.87183
G0 F6000 X81.182 Y111.729
G1 F1200 X92.724 Y123.271 E108.41473
G0 F6000 X93.29 Y123.271
G1 F1200 X81.747 Y111.729 E108.95765
G0 F6000 X82.313 Y111.729
G1 F1200 X93.856 Y123.271 E109.50057
G0 F6000 X94.421 Y123.271
G1 F1200 X82.879 Y111.729 E110.04347
G0 F6000 X83.444 Y111.729
G1 F1200 X94.987 Y123.271 E110.5864
G0 F6000 X95.553 Y123.271
G1 F1200 X84.01 Y111.729 E111.12932
G0 F6000 X84.576 Y111.729
G1 F1200 X96.118 Y123.271 E111.67222
G0 F6000 X96.684 Y123.271
G1 F1200 X85.141 Y111.729 E112.21515
G0 F6000 X85.707 Y111.729
G1 F1200 X97.25 Y123.271 E112.75807
G0 F6000 X97.815 Y123.271
G1 F1200 X86.273 Y111.729 E113.30097
G0 F6000 X86.838 Y111.729
G1 F1200 X98.381 Y123.271 E113.84389
G0 F6000 X98.947 Y123.271
G1 F1200 X87.404 Y111.729 E114.38682
G0 F6000 X87.97 Y111.729
G1 F1200 X99.513 Y123.271 E114.92974
G0 F6000 X100.078 Y123.271
G1 F1200 X88.535 Y111.729 E115.47267
G0 F6000 X89.101 Y111.729
G1 F1200 X100.644 Y123.271 E116.01559
G0 F6000 X101.21 Y123.271
G1 F1200 X89.667 Y111.729 E116.55851
G0 F6000 X90.232 Y111.729
G1 F1200 X101.775 Y123.271 E117.10144
G0 F6000 X102.341 Y123.271
G1 F1200 X90.798 Y111.729 E117.64436
G0 F6000 X91.364 Y111.729
G1 F1200 X102.44 Y122.805 E118.16534
G0 F6000 X102.44 Y122.239
G1 F1200 X91.93 Y111.729 E118.6597
G0 F6000 X92.495 Y111.729
G1 F1200 X102.44 Y121.673 E119.12746
G0 F6000 X102.44 Y121.108
G1 F1200 X93.061 Y111.729 E119.56862
G0 F6000 X93.627 Y111.729
G1 F1200 X102.44 Y120.542 E119.98315
G0 F6000 X102.44 Y119.976
G1 F1200 X94.192 Y111.729 E120.37109
G0 F6000 X94.758 Y111.729
G1 F1200 X102.44 Y119.411 E120.73243
G0 F6000 X102.44 Y118.845
G1 F1200 X95.324 Y111.729 E121.06714
G0 F6000 X95.889 Y111.729
G1 F1200 X102.44 Y118.279 E121.37526
G0 F6000 X102.44 Y117.713
G1 F1200 X96.455 Y111.729 E121.65675
G0 F6000 X97.021 Y111.729
G1 F1200 X102.44 Y117.148 E121.91165
G0 F6000 X102.44 Y116.582
G1 F1200 X97.586 Y111.729 E122.13994
G0 F6000 X98.152 Y111.729
G1 F1200 X102.44 Y116.016 E122.34161
G0 F6000 X102.44 Y115.451
G1 F1200 X98.718 Y111.729 E122.51668
G0 F6000 X99.283 Y111.729
G1 F1200 X102.44 Y114.885 E122.66515
G0 F6000 X102.44 Y114.319
G1 F1200 X99.849 Y111.729 E122.787
G0 F6000 X100.415 Y111.729
G1 F1200 X102.44 Y113.754 E122.88225
G0 F6000 X102.44 Y113.188
G1 F1200 X100.981 Y111.729 E122.95088
G0 F6000 X101.546 Y111.729
G1 F1200 X102.44 Y112.622 E122.99291
G0 F6000 X102.44 Y112.057
G1 F1200 X102.112 Y111.729 E123.00833
G1 F2700 E118.00833
G0 F6000 X102.112 Y111.268
G0 X61.891 Y111.368
G0 X61.609 Y115.348
G0 X61.891 Y115.713
G0 X62.202 Y115.376
G1 F2700 E123.00833
G1 F1200 X58.554 Y111.729 E123.1799
G0 F6000 X57.988 Y111.729
G1 F1200 X60.819 Y114.559 E123.31304
G0 F6000 X60.128 Y114.434
G1 F1200 X57.423 Y111.729 E123.44028
G0 F6000 X56.857 Y111.729
G1 F1200 X59.598 Y114.469 E123.56918
G0 F6000 X59.125 Y114.562
G1 F1200 X56.291 Y111.729 E123.70246
G0 F6000 X55.726 Y111.729
G1 F1200 X58.715 Y114.718 E123.84305
G0 F6000 X58.356 Y114.925
G1 F1200 X55.16 Y111.729 E123.99338
G0 F6000 X54.594 Y111.729
G1 F1200 X58.027 Y115.161 E124.15484
G0 F6000 X57.733 Y115.433
G1 F1200 X54.06 Y111.76 E124.3276
G0 F6000 X54.06 Y112.326
G1 F1200 X57.49 Y115.756 E124.48894
G0 F6000 X57.275 Y116.106
G1 F1200 X54.06 Y112.892 E124.64014
G0 F6000 X54.06 Y113.457
G1 F1200 X57.111 Y116.508 E124.78365
G0 F6000 X57 Y116.963
G1 F1200 X54.06 Y114.023 E124.92194
G0 F6000 X54.06 Y114.589
G1 F1200 X56.92 Y117.448 E125.05644
G0 F6000 X57.007 Y118.101
G1 F1200 X54.06 Y115.154 E125.19506
G0 F6000 X54.06 Y115.72
G1 F1200 X57.339 Y118.999 E125.34929
G1 F2700 E120.34929
G0 F6000 X57.739 Y118.772
G0 X58.604 Y119.398
G0 X59.177 Y119.708
G0 X59.848 Y119.875
G0 X60.603 Y119.779
G0 X61.104 Y119.565
G0 X62.431 Y118.609
G0 X172.73 Y118.97
G0 X174.196 Y119.712
G0 X175.815 Y119.962
G0 X175.906 Y120.201
G1 F2700 E125.34929
G1 F1200 X176.318 Y120.029 E125.36414
G1 X176.622 Y119.848 E125.37591
G1 X177.064 Y119.511 E125.3944
G1 X177.411 Y119.029 E125.41415
G1 X177.548 Y118.78 E125.4236
G1 X177.704 Y118.402 E125.4372
G1 X177.786 Y118.127 E125.44675
G1 X177.875 Y117.428 E125.47018
G1 X177.766 Y116.763 E125.4926
G1 X177.613 Y116.324 E125.50806
G1 X177.329 Y115.831 E125.52698
G1 X176.906 Y115.362 E125.54799
G1 X176.514 Y115.078 E125.56409
G1 X176.228 Y114.92 E125.57496
G1 X175.761 Y114.737 E125.59164
G1 X175.297 Y114.647 E125.60736
G1 X174.693 Y114.647 E125.62745
G1 X174.365 Y114.711 E125.63856
G1 X174.091 Y114.792 E125.64807
G1 X173.672 Y114.972 E125.66323
G1 X173.403 Y115.127 E125.67356
G1 X173.059 Y115.384 E125.68784
G1 X172.749 Y115.732 E125.70334
G1 X172.566 Y115.999 E125.71411
G1 X172.365 Y116.398 E125.72897
G1 X172.253 Y116.713 E125.74009
G1 X172.143 Y117.178 E125.75598
G1 X172.173 Y118.101 E125.7867
G1 X172.273 Y118.41 E125.7975
G1 X172.577 Y119.065 E125.82152
G1 X173.025 Y119.58 E125.84422
G1 X173.516 Y119.953 E125.86473
G1 X174.004 Y120.189 E125.88276
G1 X174.556 Y120.327 E125.90168
G1 X175.141 Y120.36 E125.92117
G1 X175.608 Y120.29 E125.93688
G1 X175.906 Y120.201 E125.94722
G1 F2700 E120.94722
G0 F6000 X175.815 Y119.962
G0 X173.707 Y119.847
G0 X163.223 Y122.799
G0 X162.779 Y123.325
G0 X162.992 Y123.472
G1 F2700 E125.94722
G1 F1200 X163.241 Y123.103 E125.96203
G1 X163.365 Y122.871 E125.97078
G1 X163.563 Y122.365 E125.98885
G1 X163.657 Y121.851 E126.00623
G1 X163.654 Y115.585 E126.21464
G1 X163.564 Y115.033 E126.23324
G1 X163.408 Y114.617 E126.24801
G1 X163.287 Y114.374 E126.25704
G1 X162.966 Y113.877 E126.27672
G1 X162.505 Y113.458 E126.29744
G1 X162.097 Y113.182 E126.31382
G1 X161.66 Y112.988 E126.32973
G1 X161.187 Y112.88 E126.34586
G1 X160.906 Y112.849 E126.35527
G1 X160.325 Y112.854 E126.37459
G1 X159.875 Y112.956 E126.38994
G1 X159.567 Y113.068 E126.40084
G1 X159.117 Y113.299 E126.41766
G1 X158.881 Y113.463 E126.42722
G1 X158.526 Y113.778 E126.44301
G1 X158.23 Y114.152 E126.45887
G1 X157.855 Y114.893 E126.48649
G1 X157.746 Y115.553 E126.50874
G1 X157.74 Y121.767 E126.71542
G1 X157.797 Y122.2 E126.72995
G1 X157.879 Y122.495 E126.74013
G1 X158.074 Y122.983 E126.75761
G1 X158.404 Y123.471 E126.7772
G1 X133.36 Y123.472 E127.61017
G1 F1182.3 X133.366 Y117.835 E127.80047
G1 X133.359 Y117.5 E127.81178
G1 F1142.9 X133.38 Y116.934 E127.83156
G1 X133.36 Y116.427 E127.84928
G1 F1200 X133.36 Y111.528 E128.01222
G1 X181.14 Y111.528 E129.60139
G1 X181.14 Y123.472 E129.99865
G1 X162.992 Y123.472 E130.60226
G1 F2700 E125.60226
G0 F6000 X162.779 Y123.325
G0 X161.695 Y123.873
G0 X161.008 Y124.036
G0 X160.418 Y124.038
G0 X159.745 Y123.887
G0 X159.172 Y123.519
G0 X158.827 Y123.184
G0 X158.541 Y122.767
G0 X158.367 Y122.331
G0 X157.921 Y119.349
G0 X154.203 Y118.773
G0 X153.278 Y119.345
G0 X153.377 Y119.586
G1 F2700 E130.60226
G1 F1200 X153.653 Y119.458 E130.61237
G1 X154.022 Y119.238 E130.62666
G1 X154.334 Y118.893 E130.64213
G1 X154.525 Y118.618 E130.65327
G1 X154.69 Y118.269 E130.66611
G1 X154.81 Y117.843 E130.68083
G1 X154.833 Y117.429 E130.69462
G1 X154.768 Y117.016 E130.70853
G1 X154.596 Y116.485 E130.72709
G1 X154.445 Y116.238 E130.73672
G1 X154.051 Y115.78 E130.75681
G1 X153.641 Y115.525 E130.77287
G1 X153.256 Y115.356 E130.78686
G1 X152.789 Y115.282 E130.80258
G1 X152.253 Y115.282 E130.82041
G1 X151.965 Y115.359 E130.83033
G1 X151.473 Y115.567 E130.84809
G1 X151.19 Y115.765 E130.85958
G1 X150.98 Y115.956 E130.86902
G1 X150.729 Y116.278 E130.8826
G1 X150.601 Y116.506 E130.8913
G1 X150.447 Y116.933 E130.9064
G1 X150.356 Y117.531 E130.92651
G1 X150.382 Y117.803 E130.9356
G1 X150.507 Y118.265 E130.95152
G1 X150.714 Y118.722 E130.96821
G1 X151.075 Y119.139 E130.98655
G1 X151.462 Y119.431 E131.00268
G1 X152.089 Y119.686 E131.02519
G1 X152.42 Y119.712 E131.03623
G1 X153.015 Y119.693 E131.05603
G1 X153.377 Y119.586 E131.06859
G1 F2700 E126.06859
G0 F6000 X153.278 Y119.345
G0 X151.542 Y119.269
G0 X149.375 Y119.827
G0 X149.038 Y120.538
G0 X148.775 Y120.638
G0 X148.89 Y120.867
G1 F2700 E131.06859
G1 F1200 X149.149 Y120.669 E131.07943
G1 X149.363 Y120.401 E131.09084
G1 X149.487 Y120.131 E131.10072
G1 X149.552 Y119.839 E131.11067
G1 X149.557 Y114.658 E131.28299
G1 X149.471 Y114.219 E131.29787
G1 X149.308 Y113.904 E131.30967
G1 X149.032 Y113.619 E131.32286
G1 X148.649 Y113.411 E131.33736
G1 X148.233 Y113.342 E131.35138
G1 X140.225 Y113.343 E131.61773
G1 X139.962 Y113.41 E131.62676
G1 X139.565 Y113.618 E131.64166
G1 X139.276 Y113.931 E131.65583
G1 X139.129 Y114.204 E131.66614
G1 X139.044 Y114.563 E131.67842
G1 X139.043 Y119.826 E131.85346
G1 X139.097 Y120.102 E131.86282
G1 X139.225 Y120.387 E131.87321
G1 X139.41 Y120.632 E131.88342
G1 X139.687 Y120.861 E131.89537
G1 X140 Y120.996 E131.90671
G1 X140.374 Y121.058 E131.91932
G1 X148.221 Y121.058 E132.18031
G1 X148.555 Y121.01 E132.19153
G1 X148.89 Y120.867 E132.20365
G1 F2700 E127.20365
G0 F6000 X148.775 Y120.638
G0 X139.962 Y120.138
G0 X139.95 Y119.457
G0 X139.203 Y119.357
G0 X137.778 Y118.516
G0 X136.647 Y119.358
G0 X136.752 Y119.594
G1 F2700 E132.20365
G1 F1200 X137.228 Y119.382 E132.22098
G1 X137.648 Y119.022 E132.23938
G1 X137.926 Y118.613 E132.25583
G1 X138.09 Y118.269 E132.2685
G1 X138.21 Y117.847 E132.2831
G1 X138.23 Y117.396 E132.29811
G1 X138.168 Y117.017 E132.31088
G1 X138.039 Y116.614 E132.32496
G1 X137.803 Y116.19 E132.3411
G1 X137.591 Y115.94 E132.352
G1 X137.276 Y115.668 E132.36584
G1 X136.9 Y115.447 E132.38035
G1 X136.528 Y115.329 E132.39333
G1 X136.16 Y115.28 E132.40568
G1 X135.645 Y115.282 E132.4228
G1 X135.29 Y115.387 E132.43512
G1 X134.974 Y115.519 E132.44651
G1 X134.594 Y115.764 E132.46155
G1 X134.379 Y115.961 E132.47124
G1 X134.147 Y116.251 E132.4836
G1 X134.003 Y116.495 E132.49302
G1 F1142.9 X133.818 Y116.969 E132.51079
G1 X133.758 Y117.468 E132.52834
G1 F1182.3 X133.776 Y117.8 E132.53957
G1 X133.921 Y118.303 E132.55724
G1 F1200 X134.112 Y118.724 E132.57262
G1 X134.379 Y119.038 E132.58632
G1 X134.59 Y119.23 E132.59581
G1 X134.965 Y119.47 E132.61062
G1 X135.312 Y119.614 E132.62312
G1 X135.658 Y119.716 E132.63511
G1 X136.411 Y119.693 E132.66017
G1 X136.752 Y119.594 E132.67198
G1 F2700 E127.67198
G0 F6000 X136.647 Y119.358
G0 X135.385 Y119.45
G0 X133.181 Y119.448
G0 X133.101 Y122.811
G0 X133.56 Y122.812
G1 F2700 E132.67198
G1 F1200 X134.02 Y123.272 E132.69362
G0 F6000 X134.586 Y123.272
G1 F1200 X133.56 Y122.246 E132.74188
G0 F6000 X133.56 Y121.68
G1 F1200 X135.151 Y123.272 E132.81674
G0 F6000 X135.717 Y123.272
G1 F1200 X133.56 Y121.115 E132.9182
G0 F6000 X133.56 Y120.549
G1 F1200 X136.283 Y123.272 E133.04628
G0 F6000 X136.848 Y123.272
G1 F1200 X133.56 Y119.983 E133.20096
G0 F6000 X133.56 Y119.418
G1 F1200 X137.414 Y123.272 E133.38224
G0 F6000 X137.98 Y123.272
G1 F1200 X133.56 Y118.852 E133.59014
G0 F6000 X133.805 Y118.532
G1 F1200 X133.561 Y118.288 E133.60162
G1 F2700 E128.60162
G0 F6000 X133.101 Y118.287
G0 X133.181 Y116.879
G0 X134.015 Y117.011
G0 X133.692 Y116.721
G1 F2700 E133.60162
G1 F1200 X133.574 Y116.603 E133.60717
G0 F6000 X133.868 Y116.332
G1 F1200 X133.56 Y116.024 E133.62166
G0 F6000 X134.097 Y115.995
G1 F1200 X133.56 Y115.459 E133.64689
G0 F6000 X133.56 Y114.893
G1 F1200 X134.368 Y115.7 E133.68487
G0 F6000 X134.695 Y115.462
G1 F1200 X133.56 Y114.327 E133.73826
G0 F6000 X133.56 Y113.761
G1 F1200 X135.063 Y115.264 E133.80896
G0 F6000 X135.486 Y115.121
G1 F1200 X133.56 Y113.196 E133.89953
G0 F6000 X133.56 Y112.63
G1 F1200 X136.014 Y115.084 E134.01496
G0 F6000 X136.659 Y115.163
G1 F1200 X133.56 Y112.064 E134.16072
G0 F6000 X133.79 Y111.729
G1 F1200 X138.84 Y116.779 E134.39826
G0 F6000 X138.316 Y116.82
G1 F1200 X138.84 Y117.344 E134.42291
G0 F6000 X138.428 Y117.498
G1 F1200 X138.84 Y117.91 E134.44229
G0 F6000 X138.37 Y118.006
G1 F1200 X138.84 Y118.476 E134.46439
G0 F6000 X138.84 Y119.041
G1 F1200 X138.232 Y118.433 E134.49299
G0 F6000 X138.037 Y118.804
G1 F1200 X138.84 Y119.607 E134.53076
G0 F6000 X138.969 Y120.301
G1 F1200 X137.808 Y119.14 E134.58537
G0 F6000 X137.51 Y119.408
G1 F1200 X141.374 Y123.272 E134.76712
G0 F6000 X140.808 Y123.272
G1 F1200 X137.166 Y119.63 E134.93843
G0 F6000 X136.768 Y119.797
G1 F1200 X140.243 Y123.272 E135.10188
G0 F6000 X139.677 Y123.272
G1 F1200 X136.301 Y119.896 E135.26068
G0 F6000 X135.757 Y119.918
G1 F1200 X139.111 Y123.272 E135.41844
G0 F6000 X138.546 Y123.272
G1 F1200 X134.953 Y119.68 E135.58742
G1 F2700 E130.58742
G0 F6000 X135.125 Y119.258
G0 X137.14 Y119.226
G0 X139.222 Y119.788
G0 X139.562 Y120.538
G0 X139.978 Y120.706
G0 X139.792 Y121.125
G1 F2700 E135.58742
G1 F1200 X141.94 Y123.272 E135.68844
G0 F6000 X142.505 Y123.272
G1 F1200 X140.49 Y121.257 E135.78321
G0 F6000 X141.056 Y121.257
G1 F1200 X143.071 Y123.272 E135.87799
G0 F6000 X143.637 Y123.272
G1 F1200 X141.621 Y121.257 E135.9728
G0 F6000 X142.188 Y121.257
G1 F1200 X144.202 Y123.272 E136.06755
G0 F6000 X144.768 Y123.272
G1 F1200 X142.754 Y121.257 E136.16231
G0 F6000 X143.319 Y121.257
G1 F1200 X145.334 Y123.272 E136.25709
G0 F6000 X145.899 Y123.272
G1 F1200 X143.886 Y121.258 E136.3518
G0 F6000 X144.451 Y121.258
G1 F1200 X146.465 Y123.272 E136.44653
G0 F6000 X147.031 Y123.272
G1 F1200 X145.017 Y121.258 E136.54126
G0 F6000 X145.583 Y121.259
G1 F1200 X147.597 Y123.272 E136.63597
G0 F6000 X148.162 Y123.272
G1 F1200 X146.149 Y121.259 E136.73066
G0 F6000 X146.715 Y121.26
G1 F1200 X148.728 Y123.272 E136.82532
G0 F6000 X149.294 Y123.272
G1 F1200 X147.281 Y121.26 E136.91998
G0 F6000 X147.847 Y121.26
G1 F1200 X149.859 Y123.272 E137.01462
G0 F6000 X150.425 Y123.272
G1 F1200 X148.387 Y121.234 E137.11048
G0 F6000 X148.831 Y121.113
G1 F1200 X150.991 Y123.272 E137.21206
G0 F6000 X151.556 Y123.272
G1 F1200 X149.183 Y120.898 E137.3237
G0 F6000 X149.456 Y120.606
G1 F1200 X152.122 Y123.272 E137.4491
G0 F6000 X152.688 Y123.272
G1 F1200 X149.656 Y120.24 E137.59171
G0 F6000 X149.752 Y119.771
G1 F1200 X153.253 Y123.272 E137.75639
G0 F6000 X153.819 Y123.272
G1 F1200 X149.753 Y119.206 E137.94764
G0 F6000 X149.754 Y118.641
G1 F1200 X154.385 Y123.272 E138.16547
G0 F6000 X154.95 Y123.272
G1 F1200 X151.048 Y119.37 E138.34901
G0 F6000 X150.774 Y119.096
G1 F1200 X149.755 Y118.076 E138.39696
G0 F6000 X150.225 Y117.981
G1 F1200 X149.755 Y117.511 E138.41907
G0 F6000 X150.175 Y117.365
G1 F1200 X149.756 Y116.946 E138.43878
G0 F6000 X150.256 Y116.881
G1 F1200 X149.757 Y116.381 E138.46227
G0 F6000 X149.757 Y115.816
G1 F1200 X150.407 Y116.465 E138.49282
G0 F6000 X150.61 Y116.103
G1 F1200 X149.758 Y115.251 E138.5329
G0 F6000 X149.759 Y114.686
G1 F1200 X150.863 Y115.791 E138.58485
G0 F6000 X151.171 Y115.533
G1 F1200 X149.523 Y113.884 E138.66239
G0 F6000 X149.027 Y113.389
G1 F1200 X147.367 Y111.729 E138.74047
G0 F6000 X147.932 Y111.729
G1 F1200 X151.53 Y115.326 E138.90969
G0 F6000 X151.932 Y115.163
G1 F1200 X148.498 Y111.729 E139.07121
G0 F6000 X149.064 Y111.729
G1 F1200 X152.42 Y115.084 E139.22905
G0 F6000 X153.012 Y115.111
G1 F1200 X149.629 Y111.729 E139.38815
G0 F6000 X150.195 Y111.729
G1 F1200 X153.948 Y115.481 E139.56466
G0 F6000 X154.634 Y116.167
G1 F1200 X157.543 Y119.076 E139.70149
G0 F6000 X157.543 Y118.511
G1 F1200 X150.761 Y111.729 E140.02049
G0 F6000 X151.327 Y111.729
G1 F1200 X157.544 Y117.946 E140.31292
G0 F6000 X157.545 Y117.381
G1 F1200 X151.892 Y111.729 E140.5788
G0 F6000 X152.458 Y111.729
G1 F1200 X157.546 Y116.816 E140.8181
G0 F6000 X157.546 Y116.25
G1 F1200 X153.024 Y111.729 E141.03077
G0 F6000 X153.589 Y111.729
G1 F1200 X157.546 Y115.685 E141.21687
G0 F6000 X157.603 Y115.176
G1 F1200 X154.155 Y111.729 E141.37903
G0 F6000 X154.721 Y111.729
G1 F1200 X157.717 Y114.725 E141.51996
G0 F6000 X157.905 Y114.348
G1 F1200 X155.286 Y111.729 E141.64315
G0 F6000 X155.852 Y111.729
G1 F1200 X158.108 Y113.985 E141.74926
G0 F6000 X158.36 Y113.671
G1 F1200 X156.418 Y111.729 E141.84061
G0 F6000 X156.983 Y111.729
G1 F1200 X158.654 Y113.399 E141.91918
G0 F6000 X158.977 Y113.156
G1 F1200 X157.549 Y111.729 E141.98633
G0 F6000 X158.115 Y111.729
G1 F1200 X159.344 Y112.957 E142.04411
G0 F6000 X159.744 Y112.792
G1 F1200 X158.68 Y111.729 E142.09414
G0 F6000 X159.246 Y111.729
G1 F1200 X160.196 Y112.678 E142.1388
G0 F6000 X160.735 Y112.652
G1 F1200 X159.812 Y111.729 E142.18221
G0 F6000 X160.377 Y111.729
G1 F1200 X161.363 Y112.714 E142.22857
G0 F6000 X162.275 Y113.06
G1 F1200 X160.943 Y111.729 E142.2912
G0 F6000 X161.509 Y111.729
G1 F1200 X173.052 Y123.272 E142.83415
G0 F6000 X172.487 Y123.272
G1 F1200 X163.412 Y114.197 E143.26101
G0 F6000 X163.027 Y114.446
G0 X163.338 Y115.231
G0 X163.787 Y115.138
G1 F1200 X171.921 Y123.272 E143.6436
G0 F6000 X171.355 Y123.272
G1 F1200 X163.852 Y115.769 E143.99652
G0 F6000 X163.853 Y116.335
G1 F1200 X170.79 Y123.272 E144.32282
G0 F6000 X170.224 Y123.272
G1 F1200 X163.854 Y116.902 E144.62244
G0 F6000 X163.854 Y117.468
G1 F1200 X169.658 Y123.272 E144.89545
G0 F6000 X169.093 Y123.272
G1 F1200 X163.855 Y118.035 E145.1418
G0 F6000 X163.856 Y118.601
G1 F1200 X168.527 Y123.272 E145.36151
G0 F6000 X167.961 Y123.272
G1 F1200 X163.856 Y119.167 E145.5546
G0 F6000 X163.857 Y119.734
G1 F1200 X167.396 Y123.272 E145.72104
G0 F6000 X166.83 Y123.272
G1 F1200 X163.858 Y120.3 E145.86083
G0 F6000 X163.859 Y120.866
G1 F1200 X166.264 Y123.272 E145.97398
G0 F6000 X165.698 Y123.272
G1 F1200 X163.859 Y121.433 E146.06048
G0 F6000 X163.834 Y121.973
G1 F1200 X165.133 Y123.272 E146.12158
G0 F6000 X164.567 Y123.272
G1 F1200 X163.744 Y122.449 E146.16029
G0 F6000 X163.584 Y122.855
G1 F1200 X164.001 Y123.272 E146.17991
G0 F6000 X164.001 Y123.732
G0 X161.695 Y123.873
G0 X161.008 Y124.036
G0 X160.418 Y124.038
G0 X157.779 Y123.732
G0 X157.779 Y123.272
G1 F1200 X153.994 Y119.488 E146.35792
G0 F6000 X154.303 Y119.23
G1 F1200 X157.727 Y122.654 E146.51897
G0 F6000 X157.56 Y121.922
G1 F1200 X154.557 Y118.918 E146.66025
G0 F6000 X154.772 Y118.568
G1 F1200 X157.541 Y121.337 E146.79049
G0 F6000 X157.541 Y120.772
G1 F1200 X154.927 Y118.158 E146.91345
G0 F6000 X155.018 Y117.683
G1 F1200 X157.542 Y120.207 E147.03217
G0 F6000 X157.543 Y119.642
G1 F1200 X154.982 Y117.081 E147.15263
G0 F6000 X154.529 Y117.148
G0 X154.21 Y118.119
G0 X153.443 Y119.271
G0 X153.628 Y119.687
G1 F1200 X157.213 Y123.272 E147.32126
G0 F6000 X156.647 Y123.272
G1 F1200 X153.217 Y119.842 E147.48259
G0 F6000 X152.711 Y119.901
G1 F1200 X156.082 Y123.272 E147.64116
G0 F6000 X155.516 Y123.272
G1 F1200 X152.134 Y119.89 E147.80023
G1 F2700 E142.80023
G0 F6000 X152.174 Y119.434
G0 X151.267 Y118.603
G0 X151.042 Y118.26
G0 X150.895 Y117.747
G0 X150.76 Y116.592
G0 X149.378 Y116.589
G0 X149.038 Y113.862
G0 X148.192 Y113.6
G0 X148.217 Y113.145
G1 F2700 E147.80023
G1 F1200 X146.801 Y111.729 E147.86684
G0 F6000 X146.235 Y111.729
G1 F1200 X147.652 Y113.145 E147.93347
G0 F6000 X147.086 Y113.145
G1 F1200 X145.67 Y111.729 E148.00007
G0 F6000 X145.104 Y111.729
G1 F1200 X146.52 Y113.145 E148.06668
G0 F6000 X145.955 Y113.145
G1 F1200 X144.538 Y111.729 E148.1333
G0 F6000 X143.973 Y111.729
G1 F1200 X145.389 Y113.145 E148.19991
G0 F6000 X144.823 Y113.145
G1 F1200 X143.407 Y111.729 E148.26651
G0 F6000 X142.841 Y111.729
G1 F1200 X144.258 Y113.145 E148.33314
G0 F6000 X143.692 Y113.145
G1 F1200 X142.276 Y111.729 E148.39974
G0 F6000 X141.71 Y111.729
G1 F1200 X143.126 Y113.145 E148.46635
G0 F6000 X142.561 Y113.145
G1 F1200 X141.144 Y111.729 E148.53298
G0 F6000 X140.578 Y111.729
G1 F1200 X141.995 Y113.145 E148.5996
G0 F6000 X141.429 Y113.145
G1 F1200 X140.013 Y111.729 E148.66621
G0 F6000 X139.447 Y111.729
G1 F1200 X140.863 Y113.145 E148.73281
G0 F6000 X140.298 Y113.145
G1 F1200 X138.881 Y111.729 E148.79944
G0 F6000 X138.316 Y111.729
G1 F1200 X139.832 Y113.245 E148.87075
G0 F6000 X139.465 Y113.444
G1 F1200 X137.75 Y111.729 E148.95142
G0 F6000 X137.184 Y111.729
G1 F1200 X139.185 Y113.729 E149.04551
G0 F6000 X138.968 Y114.078
G1 F1200 X136.619 Y111.729 E149.156
G0 F6000 X136.053 Y111.729
G1 F1200 X138.848 Y114.524 E149.28747
G0 F6000 X138.84 Y115.082
G1 F1200 X135.487 Y111.729 E149.44519
G0 F6000 X134.922 Y111.729
G1 F1200 X138.84 Y115.647 E149.62948
G0 F6000 X138.84 Y116.213
G1 F1200 X134.356 Y111.729 E149.84039
G0 F6000 X134.357 Y111.27
G0 X162.076 Y111.27
G0 X162.075 Y111.729
G1 F1200 X173.618 Y123.272 E150.38334
G0 F6000 X174.184 Y123.272
G1 F1200 X162.64 Y111.729 E150.92631
G0 F6000 X163.206 Y111.729
G1 F1200 X174.749 Y123.272 E151.46926
G0 F6000 X175.315 Y123.272
G1 F1200 X163.772 Y111.729 E152.0122
G0 F6000 X164.337 Y111.729
G1 F1200 X175.881 Y123.272 E152.55517
G0 F6000 X176.446 Y123.272
G1 F1200 X172.965 Y119.791 E152.71891
G0 F6000 X172.797 Y119.623
G1 F1200 X164.903 Y111.729 E153.09022
G0 F6000 X165.469 Y111.729
G1 F1200 X172.022 Y118.282 E153.39845
G0 F6000 X171.957 Y117.651
G1 F1200 X166.034 Y111.729 E153.67703
G0 F6000 X166.6 Y111.729
G1 F1200 X171.959 Y117.088 E153.9291
G0 F6000 X172.069 Y116.632
G1 F1200 X167.166 Y111.729 E154.15972
G0 F6000 X167.731 Y111.729
G1 F1200 X172.23 Y116.227 E154.37132
G0 F6000 X172.423 Y115.854
G1 F1200 X168.297 Y111.729 E154.56537
G0 F6000 X168.863 Y111.729
G1 F1200 X172.663 Y115.529 E154.74411
G0 F6000 X172.93 Y115.23
G1 F1200 X169.428 Y111.729 E154.90881
G0 F6000 X169.994 Y111.729
G1 F1200 X173.255 Y114.989 E155.06217
G0 F6000 X173.612 Y114.78
G1 F1200 X170.56 Y111.729 E155.20571
G0 F6000 X171.125 Y111.729
G1 F1200 X174.008 Y114.611 E155.34129
G0 F6000 X174.452 Y114.49
G1 F1200 X171.691 Y111.729 E155.47116
G0 F6000 X172.257 Y111.729
G1 F1200 X174.975 Y114.447 E155.59901
G0 F6000 X175.592 Y114.498
G1 F1200 X172.823 Y111.729 E155.72925
G0 F6000 X173.388 Y111.729
G1 F1200 X176.5 Y114.84 E155.87561
G0 F6000 X176.279 Y115.245
G0 X177.261 Y116.229
G0 X177.659 Y115.999
G1 F1200 X180.94 Y119.28 E156.02993
G0 F6000 X180.94 Y118.715
G1 F1200 X173.954 Y111.729 E156.35853
G0 F6000 X174.52 Y111.729
G1 F1200 X180.94 Y118.149 E156.66051
G0 F6000 X180.94 Y117.583
G1 F1200 X175.085 Y111.729 E156.93589
G0 F6000 X175.651 Y111.729
G1 F1200 X180.94 Y117.018 E157.18467
G0 F6000 X180.94 Y116.452
G1 F1200 X176.217 Y111.729 E157.40682
G0 F6000 X176.782 Y111.729
G1 F1200 X180.94 Y115.886 E157.60238
G0 F6000 X180.94 Y115.321
G1 F1200 X177.348 Y111.729 E157.77134
G0 F6000 X177.914 Y111.729
G1 F1200 X180.94 Y114.755 E157.91367
G0 F6000 X180.94 Y114.189
G1 F1200 X178.479 Y111.729 E158.0294
G0 F6000 X179.045 Y111.729
G1 F1200 X180.94 Y113.624 E158.11854
G0 F6000 X180.94 Y113.058
G1 F1200 X179.611 Y111.729 E158.18105
G0 F6000 X180.176 Y111.729
G1 F1200 X180.94 Y112.492 E158.21696
G0 F6000 X180.94 Y111.927
G1 F1200 X180.742 Y111.729 E158.22628
G1 F2700 E153.22628
G0 F6000 X180.743 Y111.27
G0 X177.538 Y111.35
G0 X176.807 Y115.513
G0 X177.536 Y116.959
G0 X177.984 Y116.89
G1 F2700 E158.22628
G1 F1200 X180.94 Y119.846 E158.36532
G0 F6000 X180.94 Y120.412
G1 F1200 X178.062 Y117.534 E158.50069
G0 F6000 X177.999 Y118.036
G1 F1200 X180.94 Y120.977 E158.63903
G0 F6000 X180.94 Y121.543
G1 F1200 X177.885 Y118.488 E158.78272
G0 F6000 X177.718 Y118.887
G1 F1200 X180.94 Y122.109 E158.93428
G0 F6000 X180.94 Y122.675
G1 F1200 X177.503 Y119.237 E159.09597
G0 F6000 X177.266 Y119.566
G1 F1200 X180.94 Y123.24 E159.26878
G0 F6000 X180.406 Y123.272
G1 F1200 X176.967 Y119.833 E159.43054
G0 F6000 X176.638 Y120.07
G1 F1200 X179.841 Y123.272 E159.58118
G0 F6000 X179.275 Y123.272
G1 F1200 X176.269 Y120.266 E159.72257
G0 F6000 X175.862 Y120.425
G1 F1200 X178.709 Y123.272 E159.85648
G0 F6000 X178.144 Y123.272
G1 F1200 X175.399 Y120.527 E159.9856
G0 F6000 X174.851 Y120.545
G1 F1200 X177.578 Y123.272 E160.11387
G0 F6000 X177.012 Y123.272
G1 F1200 X174.179 Y120.439 E160.24712
G1 F2700 E155.24712
;MESH:NONMESH
G0 F300 X174.179 Y120.439 Z0.4
G0 F6000 X174.288 Y119.995
G0 X172.73 Y118.97
G0 X48.497 Y100.569
;TIME_ELAPSED:298.481041
;LAYER:1
M106 S85
;TYPE:SKIRT
G1 F2700 E160.24712
G1 F1200 X49.342 Y100.25 E160.27717
G1 X50.212 Y100.008 E160.3072
G1 X51.1 Y99.844 E160.33723
G1 X52.223 Y99.75 E160.37472
G1 X52.83 Y99.737 E160.39491
G1 X181.793 Y99.737 E164.68424
G1 X182.637 Y99.748 E164.71231
G1 X183.539 Y99.801 E164.74236
G1 X184.432 Y99.933 E164.77239
G1 X185.31 Y100.144 E164.80242
G1 X186.166 Y100.432 E164.83246
G1 X186.993 Y100.794 E164.86249
G1 X187.785 Y101.229 E164.89254
G1 X188.536 Y101.731 E164.92258
G1 X189.239 Y102.298 E164.95262
G1 X189.889 Y102.925 E164.98266
G1 X190.481 Y103.607 E165.0127
G1 X191.011 Y104.338 E165.04273
G1 X191.473 Y105.114 E165.07277
G1 X191.866 Y105.927 E165.1028
G1 X192.184 Y106.772 E165.13283
G1 X192.427 Y107.642 E165.16287
G1 X192.592 Y108.53 E165.19292
G1 X192.687 Y109.66 E165.23063
G1 X192.7 Y110.267 E165.25083
G1 X192.699 Y124.453 E165.72265
G1 X192.69 Y125.18 E165.74684
G1 X192.639 Y126.082 E165.77688
G1 X192.508 Y126.976 E165.80694
G1 X192.299 Y127.854 E165.83695
G1 X192.013 Y128.711 E165.867
G1 X191.652 Y129.539 E165.89705
G1 X191.22 Y130.331 E165.92705
G1 X190.719 Y131.083 E165.95711
G1 X190.153 Y131.787 E165.98715
G1 X189.528 Y132.438 E166.01717
G1 X188.847 Y133.032 E166.04722
G1 X188.116 Y133.563 E166.07727
G1 X187.342 Y134.027 E166.10729
G1 X186.529 Y134.421 E166.13734
G1 X185.685 Y134.741 E166.16736
G1 X184.815 Y134.986 E166.19742
G1 X183.928 Y135.152 E166.22743
G1 X182.777 Y135.25 E166.26586
G1 X182.17 Y135.263 E166.28605
G1 X53.208 Y135.264 E170.57534
G1 X52.378 Y135.254 E170.60295
G1 X51.476 Y135.203 E170.633
G1 X50.583 Y135.071 E170.66302
G1 X49.704 Y134.862 E170.69307
G1 X48.848 Y134.575 E170.7231
G1 X48.02 Y134.214 E170.75314
G1 X47.227 Y133.781 E170.7832
G1 X46.476 Y133.28 E170.81322
G1 X45.772 Y132.714 E170.84327
G1 X45.121 Y132.088 E170.87331
G1 X44.528 Y131.407 E170.90334
G1 X43.998 Y130.676 E170.93337
G1 X43.534 Y129.901 E170.96341
G1 X43.14 Y129.088 E170.99346
G1 X42.82 Y128.244 E171.02348
G1 X42.576 Y127.374 E171.05354
G1 X42.41 Y126.487 E171.08355
G1 X42.313 Y125.337 E171.12194
G1 X42.3 Y124.73 E171.14213
G1 X42.301 Y110.458 E171.61682
G1 X42.311 Y109.793 E171.63894
G1 X42.365 Y108.891 E171.66899
G1 X42.498 Y107.998 E171.69902
G1 X42.709 Y107.12 E171.72906
G1 X42.998 Y106.264 E171.7591
G1 X43.361 Y105.437 E171.78914
G1 X43.795 Y104.646 E171.81915
G1 X44.298 Y103.895 E171.84922
G1 X44.866 Y103.193 E171.87925
G1 X45.493 Y102.543 E171.90929
G1 X46.175 Y101.951 E171.93933
G1 X46.907 Y101.422 E171.96936
G1 X47.683 Y100.96 E171.9994
G1 X48.497 Y100.569 E172.02944
G1 F2700 E167.02944
;MESH:BtnFaceWithWings.stl
G0 F7500 X58.322 Y115.376
G0 X57.693 Y116.887
G0 X57.649 Y117.634
G0 X57.747 Y118.255
G0 X58.089 Y118.878
G0 X58.597 Y119.422
G0 X59.204 Y119.716
G0 X59.653 Y119.819
G0 X60.871 Y119.852
;TYPE:WALL-INNER
G1 F2700 E172.02944
G1 F1200 X60.281 Y119.987 E172.04957
G1 X59.744 Y119.993 E172.06743
G1 X59.151 Y119.858 E172.08766
G1 X58.668 Y119.624 E172.10551
G1 X58.454 Y119.494 E172.11384
G1 X57.963 Y118.967 E172.13779
G1 X57.683 Y118.459 E172.15709
G1 X57.575 Y118.149 E172.168
G1 X57.497 Y117.65 E172.1848
G1 X57.529 Y117.057 E172.20455
G1 X57.574 Y116.786 E172.21369
G1 X57.89 Y116.168 E172.23678
G1 X58.043 Y115.947 E172.24572
G1 X58.484 Y115.466 E172.26742
G1 X59.122 Y115.151 E172.29109
G1 X59.712 Y115.009 E172.31127
G1 X60.259 Y115.003 E172.32947
G1 X60.845 Y115.138 E172.34947
G1 X61.287 Y115.351 E172.36579
G1 X61.534 Y115.52 E172.37574
G1 X62.013 Y115.967 E172.39753
G1 X62.327 Y116.573 E172.42023
G1 X62.483 Y117.164 E172.44056
G1 X62.499 Y117.816 E172.46225
G1 X62.281 Y118.577 E172.48858
G1 X61.961 Y119.043 E172.50738
G1 X61.788 Y119.235 E172.51598
G1 X61.357 Y119.605 E172.53487
G1 X60.871 Y119.852 E172.553
G0 F7500 X60.738 Y119.472
G1 F1200 X60.268 Y119.58 E172.56904
G1 X59.791 Y119.594 E172.58492
G1 X59.283 Y119.478 E172.60225
G1 X58.739 Y119.214 E172.62236
G1 X58.29 Y118.731 E172.64429
G1 X57.984 Y118.175 E172.6654
G1 X57.896 Y117.617 E172.68419
G1 X57.935 Y116.957 E172.70618
G1 X58.283 Y116.278 E172.73156
G1 X58.731 Y115.79 E172.75359
G1 X59.263 Y115.527 E172.77333
G1 X59.728 Y115.416 E172.78923
G1 X60.21 Y115.402 E172.80527
G1 X60.714 Y115.518 E172.82247
G1 X61.193 Y115.75 E172.84017
G1 X61.692 Y116.214 E172.86283
G1 X61.954 Y116.725 E172.88193
G1 X62.088 Y117.255 E172.90012
G1 X62.092 Y117.759 E172.91688
G1 X61.916 Y118.401 E172.93902
G1 X61.587 Y118.881 E172.95838
G1 X61.138 Y119.267 E172.97807
G1 X60.738 Y119.472 E172.99302
G1 F2700 E167.99302
G0 F7500 X60.875 Y119.748
G0 X61.905 Y119.373
G0 X61.905 Y123.748
G0 X103 Y123.948
G1 F2700 E172.99302
G1 F1200 X103 Y111.052 E173.42194
G1 X53.5 Y111.052 E175.06832
G1 X53.5 Y123.948 E175.49724
G1 X103 Y123.948 E177.14362
G0 F7500 X103.748 Y124.348
G1 F1200 X103.4 Y124 E177.15999
G1 X103.4 Y111 E177.59237
G1 X103.693 Y110.652 E177.6075
G1 X53.1 Y110.652 E179.29023
G1 X53.1 Y124.348 E179.74576
G1 X103.748 Y124.348 E181.43032
G0 F7500 X103.12 Y124.069
G0 X103.562 Y124.438
G0 X117.438 Y124.438
G0 X118 Y123.948
G1 F1200 X118 Y111.052 E181.85924
G0 F7500 X118.12 Y124.068
G0 X118.748 Y124.348
G1 F1200 X118.4 Y124 E181.87561
G1 X118.4 Y111 E182.30799
G1 X118.693 Y110.652 E182.32312
G1 X117.252 Y110.652 E182.37105
G1 X117.6 Y111 E182.38742
G1 X117.6 Y124 E182.8198
G1 X117.307 Y124.348 E182.83493
G1 X118.748 Y124.348 E182.88286
G1 F2700 E177.88286
G0 F7500 X118.12 Y124.068
G0 X118.562 Y124.438
G0 X132.438 Y124.438
G0 X132.44 Y123.044
G0 X133.2 Y119.283
G0 X134.246 Y118.596
G0 X135.227 Y119.059
G0 X135.733 Y119.201
G0 X136.626 Y119.283
G1 F2700 E182.88286
G1 F1200 X135.855 Y119.385 E182.90873
G1 X135.343 Y119.247 E182.92636
G1 X134.993 Y119.067 E182.93945
G1 X134.701 Y118.835 E182.95186
G1 X134.399 Y118.499 E182.96688
G1 X134.225 Y118.082 E182.98191
G1 X134.104 Y117.553 E182.99996
G1 X134.198 Y117.01 E183.01829
G1 X134.344 Y116.636 E183.03164
G1 X134.528 Y116.352 E183.0429
G1 X134.808 Y116.066 E183.05621
G1 X135.128 Y115.851 E183.06903
G1 X135.474 Y115.703 E183.08155
G1 X135.873 Y115.617 E183.09513
G1 X136.528 Y115.682 E183.11702
G1 X137.078 Y115.951 E183.13738
G1 X137.398 Y116.259 E183.15215
G1 X137.631 Y116.558 E183.16476
G1 X137.767 Y116.9 E183.177
G1 X137.847 Y117.224 E183.1881
G1 X137.884 Y117.527 E183.19826
G1 X137.782 Y118.045 E183.21582
G1 X137.597 Y118.457 E183.23084
G1 X137.218 Y118.945 E183.25139
G1 X136.626 Y119.283 E183.27406
G0 F7500 X136.509 Y118.896
G1 F1200 X135.86 Y118.974 E183.2958
G1 X135.452 Y118.862 E183.30988
G1 X135.242 Y118.754 E183.31773
G1 X134.95 Y118.522 E183.33013
G1 X134.642 Y118.11 E183.34724
G1 X134.512 Y117.544 E183.36656
G1 X134.592 Y117.078 E183.38228
G1 X134.68 Y116.853 E183.39032
G1 X134.864 Y116.569 E183.40157
G1 X135.032 Y116.398 E183.40955
G1 X135.352 Y116.182 E183.42239
G1 X135.559 Y116.093 E183.42988
G1 X135.898 Y116.019 E183.44142
G1 X136.399 Y116.072 E183.45818
G1 X136.829 Y116.278 E183.47404
G1 X137.12 Y116.547 E183.48722
G1 X137.354 Y116.895 E183.50117
G1 X137.491 Y117.451 E183.52021
G1 X137.389 Y117.968 E183.53774
G1 X137.278 Y118.215 E183.54675
G1 X136.966 Y118.62 E183.56375
G1 X136.509 Y118.896 E183.58151
G1 F2700 E178.58151
G0 F7500 X136.665 Y119.164
G0 X137.739 Y118.568
G0 X139.22 Y118.57
G0 X139.562 Y120.538
G0 X149.038 Y120.538
G0 X148.908 Y120.407
G1 F2700 E183.58151
G1 F1200 X148.714 Y120.559 E183.5897
G1 X148.472 Y120.663 E183.59846
G1 X148.2 Y120.7 E183.60759
G1 X140.4 Y120.7 E183.86702
G1 X140.128 Y120.663 E183.87615
G1 X139.886 Y120.559 E183.88491
G1 X139.693 Y120.408 E183.89306
G1 X139.474 Y120.079 E183.90621
G1 X139.4 Y119.812 E183.91543
G1 X139.4 Y114.7 E184.08545
G1 X139.472 Y114.325 E184.09815
G1 X139.594 Y114.107 E184.10646
G1 X139.794 Y113.904 E184.11594
G1 X140.071 Y113.755 E184.1264
G1 X140.28 Y113.7 E184.13359
G1 X148.2 Y113.7 E184.39701
G1 X148.529 Y113.755 E184.4081
G1 X148.807 Y113.904 E184.41859
G1 X149.006 Y114.107 E184.42805
G1 X149.128 Y114.325 E184.43636
G1 X149.198 Y114.624 E184.44657
G1 X149.198 Y119.867 E184.62095
G1 X149.047 Y120.233 E184.63412
G1 X148.908 Y120.407 E184.64153
G0 F7500 X148.708 Y120.02
G1 F1200 X148.508 Y120.215 E184.65082
G1 X148.312 Y120.3 E184.65793
G1 X140.275 Y120.3 E184.92524
G1 X139.976 Y120.125 E184.93676
G1 X139.844 Y119.927 E184.94468
G1 X139.806 Y119.791 E184.94937
G1 X139.801 Y114.652 E185.1203
G1 X139.843 Y114.475 E185.12635
G1 X140.036 Y114.222 E185.13693
G1 X140.326 Y114.1 E185.14739
G1 X148.2 Y114.1 E185.40928
G1 X148.397 Y114.133 E185.41593
G1 X148.564 Y114.222 E185.42222
G1 X148.757 Y114.475 E185.43281
G1 X148.799 Y114.654 E185.43892
G1 X148.799 Y119.801 E185.61011
G1 X148.708 Y120.02 E185.618
G1 F2700 E180.618
G0 F7500 X149.11 Y120.02
G0 X149.397 Y119.28
G0 X150.841 Y118.581
G0 X151.827 Y119.059
G0 X152.333 Y119.201
G0 X153.247 Y119.28
G1 F2700 E185.618
G1 F1200 X152.506 Y119.378 E185.64286
G1 X152.238 Y119.33 E185.65191
G1 X151.808 Y119.206 E185.6668
G1 X151.593 Y119.067 E185.67531
G1 X151.251 Y118.793 E185.68989
G1 X150.993 Y118.484 E185.70328
G1 X150.825 Y118.083 E185.71774
G1 X150.705 Y117.55 E185.73591
G1 X150.798 Y117.009 E185.75417
G1 X150.945 Y116.636 E185.7675
G1 X151.128 Y116.352 E185.77874
G1 X151.408 Y116.067 E185.79203
G1 X151.877 Y115.749 E185.81087
G1 X152.471 Y115.617 E185.83111
G1 X152.966 Y115.666 E185.84766
G1 X153.278 Y115.756 E185.85846
G1 X153.522 Y115.872 E185.86744
G1 X153.751 Y116.023 E185.87657
G1 X154.098 Y116.359 E185.89263
G1 X154.334 Y116.763 E185.90819
G1 X154.462 Y117.291 E185.92626
G1 X154.462 Y117.637 E185.93777
G1 X154.382 Y118.045 E185.9516
G1 X154.289 Y118.336 E185.96176
G1 X153.957 Y118.773 E185.98002
G1 X153.747 Y118.979 E185.9898
G1 X153.247 Y119.28 E186.00921
G0 F7500 X153.11 Y118.895
G1 F1200 X152.464 Y118.98 E186.03088
G1 X151.933 Y118.826 E186.04927
G1 X151.52 Y118.497 E186.06683
G1 X151.241 Y118.105 E186.08284
G1 X151.112 Y117.541 E186.10208
G1 X151.192 Y117.077 E186.11774
G1 X151.28 Y116.853 E186.12574
G1 X151.464 Y116.569 E186.137
G1 X151.632 Y116.398 E186.14497
G1 X152.042 Y116.121 E186.16143
G1 X152.501 Y116.019 E186.17707
G1 X153.014 Y116.074 E186.19423
G1 X153.44 Y116.277 E186.20992
G1 X153.776 Y116.608 E186.22561
G1 X153.959 Y116.912 E186.23741
G1 X154.068 Y117.36 E186.25275
G1 X154.066 Y117.58 E186.26007
G1 X153.962 Y118.104 E186.27783
G1 X153.57 Y118.62 E186.29939
G1 X153.11 Y118.895 E186.31721
G1 F2700 E181.31721
G0 F7500 X153.266 Y119.164
G0 X154.172 Y118.788
G0 X157.9 Y118.788
G0 X158.654 Y121.73
G0 X158.707 Y122.086
G0 X158.862 Y122.514
G0 X159.139 Y122.931
G0 X159.459 Y123.241
G0 X161.13 Y124.075
G0 X161.108 Y123.81
G1 F2700 E186.31721
G1 F975.6 X160.504 Y123.849 E186.34197
G1 F1081.1 X159.941 Y123.664 E186.36385
G1 F1200 X159.444 Y123.44 E186.38198
G1 X159.015 Y123.021 E186.40193
G1 X158.73 Y122.587 E186.4192
G1 X158.557 Y122.123 E186.43567
G1 X158.5 Y121.692 E186.45013
G1 X158.502 Y115.663 E186.65065
G1 X158.567 Y115.252 E186.66449
G1 X158.76 Y114.714 E186.6835
G1 X159.089 Y114.294 E186.70125
G1 X159.467 Y113.961 E186.718
G1 X159.665 Y113.845 E186.72564
G1 X160.415 Y113.582 E186.75207
G1 X161.054 Y113.624 E186.77337
G1 X161.402 Y113.709 E186.78528
G1 X161.783 Y113.88 E186.79917
G1 X162.189 Y114.164 E186.81565
G1 X162.338 Y114.314 E186.82269
G1 X162.63 Y114.736 E186.83975
G1 X162.822 Y115.168 E186.85548
G1 X162.897 Y115.654 E186.87183
G1 X162.891 Y121.764 E187.07505
G1 X162.838 Y122.141 E187.08771
G1 X162.682 Y122.559 E187.10255
G1 X162.395 Y123.009 E187.12031
G1 X162.015 Y123.367 E187.13767
G1 X161.736 Y123.538 E187.14855
G1 F1071.4 X161.108 Y123.81 E187.17405
G0 F7500 X161.832 Y123.948
G1 F1200 X181.5 Y123.948 E187.82821
G1 X181.5 Y111.052 E188.25713
G1 X133 Y111.052 E189.87025
G1 X133 Y123.948 E190.29917
G1 X159.598 Y123.948 E191.18382
G1 X159.377 Y123.849 E191.19188
G1 X159.09 Y123.653 E191.20344
G1 X158.706 Y123.279 E191.22127
G1 X158.368 Y122.765 E191.24173
G1 X158.17 Y122.229 E191.26073
G1 X158.1 Y121.775 E191.27601
G1 X158.1 Y115.686 E191.47853
G1 X158.167 Y115.204 E191.49472
G1 X158.35 Y114.669 E191.51352
G1 X158.505 Y114.389 E191.52417
G1 X158.798 Y114.018 E191.53989
G1 X159.202 Y113.661 E191.55782
G1 X159.533 Y113.468 E191.57057
G1 X160.36 Y113.179 E191.5997
G1 X161.116 Y113.228 E191.6249
G1 X161.531 Y113.328 E191.6391
G1 X161.981 Y113.53 E191.65551
G1 X162.418 Y113.836 E191.67325
G1 X162.667 Y114.087 E191.68501
G1 X162.979 Y114.538 E191.70325
G1 X163.153 Y114.927 E191.71742
G1 X163.229 Y115.184 E191.72634
G1 X163.296 Y115.62 E191.74101
G1 X163.296 Y121.756 E191.94509
G1 X163.228 Y122.237 E191.96125
G1 X163.04 Y122.741 E191.97914
G1 X162.706 Y123.266 E191.99984
G1 X162.258 Y123.687 E192.02028
G1 X161.832 Y123.948 E192.0369
G0 F7500 X160.784 Y124.042
G0 X132.88 Y124.068
G0 X132.307 Y124.348
G1 F1200 X159.984 Y124.348 E192.95744
G1 F1090.9 X160.402 Y124.308 E192.9728
G1 F1008.4 X160.596 Y124.313 E192.98048
G1 F995.9 X161.15 Y124.301 E193.00269
G1 F1004.2 X161.294 Y124.319 E193.00846
G1 F1116.3 X161.747 Y124.348 E193.02469
G1 F1200 X181.9 Y124.348 E193.69498
G1 X181.9 Y110.652 E194.15051
G1 X132.252 Y110.652 E195.80181
G1 X132.6 Y111 E195.81818
G1 X132.6 Y124 E196.25056
G1 X132.307 Y124.348 E196.26569
G1 F2700 E191.26569
G0 F7500 X132.88 Y124.068
G0 X158.937 Y123.762
G0 X161.089 Y123.616
G0 X161.624 Y123.433
G0 X161.924 Y123.246
G0 X162.273 Y122.918
G0 X162.546 Y122.495
G0 X162.688 Y122.105
G0 X162.747 Y121.712
G0 X162.747 Y119.955
G0 X163.496 Y119.852
G0 X172.992 Y119.285
G0 X174.204 Y119.716
G0 X174.653 Y119.819
G0 X175.869 Y119.852
G1 F2700 E196.26569
G1 F1200 X175.281 Y119.987 E196.28576
G1 X174.744 Y119.993 E196.30362
G1 X174.15 Y119.858 E196.32388
G1 X173.709 Y119.645 E196.34017
G1 X173.462 Y119.476 E196.35012
G1 X172.99 Y119.038 E196.37154
G1 X172.611 Y118.318 E196.3986
G1 X172.498 Y117.669 E196.42051
G1 X172.546 Y116.977 E196.44359
G1 X172.713 Y116.471 E196.46131
G1 X173.034 Y115.914 E196.48269
G1 X173.214 Y115.74 E196.49102
G1 X173.662 Y115.379 E196.51015
G1 X174.13 Y115.149 E196.5275
G1 X174.738 Y115.004 E196.54829
G1 X175.265 Y115.004 E196.56581
G1 X175.848 Y115.139 E196.58572
G1 X176.305 Y115.364 E196.60266
G1 X176.699 Y115.653 E196.61891
G1 X177.085 Y116.107 E196.63873
G1 X177.32 Y116.556 E196.65559
G1 X177.467 Y117.051 E196.67276
G1 X177.508 Y117.336 E196.68234
G1 X177.454 Y118.045 E196.70599
G1 X177.373 Y118.299 E196.71486
G1 X177.173 Y118.723 E196.73045
G1 X177.038 Y118.935 E196.73881
G1 X176.703 Y119.334 E196.75614
G1 X176.334 Y119.62 E196.77166
G1 X175.869 Y119.852 E196.78895
G0 F7500 X175.733 Y119.473
G1 F1200 X175.268 Y119.58 E196.80482
G1 X174.791 Y119.594 E196.82069
G1 X174.282 Y119.477 E196.83806
G1 X173.801 Y119.246 E196.85581
G1 X173.311 Y118.789 E196.87809
G1 X172.99 Y118.167 E196.90137
G1 X172.9 Y117.618 E196.91988
G1 X172.943 Y117.05 E196.93882
G1 X173.081 Y116.633 E196.95343
G1 X173.375 Y116.123 E196.97301
G1 X173.879 Y115.718 E196.99452
G1 X174.263 Y115.529 E197.00875
G1 X174.781 Y115.404 E197.02648
G1 X175.218 Y115.404 E197.04101
G1 X175.718 Y115.519 E197.05807
G1 X176.089 Y115.702 E197.07183
G1 X176.43 Y115.952 E197.0859
G1 X176.751 Y116.331 E197.10242
G1 X176.947 Y116.705 E197.11646
G1 X177.113 Y117.264 E197.13585
G1 X177.056 Y118.033 E197.1615
G1 X176.779 Y118.621 E197.18312
G1 X176.451 Y119.014 E197.20015
G1 X176.127 Y119.276 E197.214
G1 X175.733 Y119.473 E197.22866
G0 F7500 X175.618 Y119.083
;TYPE:WALL-OUTER
G1 F1200 X175.199 Y119.186 E197.24301
G1 X174.807 Y119.187 E197.25604
G1 X174.397 Y119.089 E197.27007
G1 X174.029 Y118.912 E197.28365
G1 X173.635 Y118.545 E197.30156
G1 X173.379 Y118.057 E197.31988
G1 X173.302 Y117.626 E197.33445
G1 X173.346 Y117.099 E197.35204
G1 X173.458 Y116.779 E197.36331
G1 X173.687 Y116.39 E197.37833
G1 X174.078 Y116.071 E197.39511
G1 X174.424 Y115.901 E197.40793
G1 X174.8 Y115.809 E197.42081
G1 X175.148 Y115.804 E197.43238
G1 X175.601 Y115.908 E197.44784
G1 X175.899 Y116.058 E197.45894
G1 X176.139 Y116.234 E197.46884
G1 X176.43 Y116.579 E197.48385
G1 X176.566 Y116.839 E197.49361
G1 X176.711 Y117.314 E197.51013
G1 X176.666 Y117.907 E197.52991
G1 X176.449 Y118.382 E197.54727
G1 X176.161 Y118.738 E197.5625
G1 X175.89 Y118.947 E197.57389
G1 X175.618 Y119.083 E197.584
G1 F2700 E192.584
G0 F7500 X175.755 Y119.361
G0 X176.831 Y119.463
G0 X176.831 Y123.748
G0 X182.3 Y124.748
G1 F2700 E197.584
G1 F1200 X182.3 Y110.252 E198.06614
G1 X132.948 Y110.252 E199.70759
G1 F1098.4 X132 Y110.289 E199.74207
G1 F1008.4 X118.918 Y110.291 E200.25985
G1 F1093.4 X118.052 Y110.252 E200.29149
G1 F1098.4 X117 Y110.289 E200.32974
G1 F1008.4 X103.918 Y110.291 E200.84752
G1 F1093.4 X103.052 Y110.252 E200.87916
G1 F1200 X52.7 Y110.252 E202.55388
G1 X52.7 Y124.748 E203.03602
G1 X103.052 Y124.748 E204.71073
G1 F1098.4 X104 Y124.711 E204.74521
G1 F1008.4 X117.082 Y124.709 E205.26299
G1 F1093.4 X117.948 Y124.748 E205.29463
G1 F1098.4 X119 Y124.711 E205.33288
G1 F1008.4 X132.082 Y124.709 E205.85066
G1 F1093.4 X132.948 Y124.748 E205.8823
G1 F1200 X182.3 Y124.748 E207.52376
G1 F2700 E202.52376
G0 F7500 X182.02 Y124.468
G0 X162.113 Y123.895
G0 X161.59 Y123.508
G0 X161.49 Y123.214
G1 F2700 E207.52376
G1 F1200 X161.031 Y123.37 E207.53988
G1 X160.596 Y123.408 E207.5544
G1 X160.105 Y123.299 E207.57113
G1 X159.673 Y123.104 E207.5869
G1 X159.316 Y122.751 E207.6036
G1 X159.08 Y122.382 E207.61816
G1 X158.946 Y122.007 E207.63141
G1 X158.902 Y121.723 E207.64097
G1 X158.9 Y115.701 E207.84126
G1 X158.948 Y115.376 E207.85219
G1 X159.114 Y114.909 E207.86867
G1 X159.395 Y114.557 E207.88365
G1 X159.759 Y114.236 E207.89979
G1 X160.469 Y113.99 E207.92479
G1 X161.008 Y114.025 E207.94275
G1 X161.256 Y114.085 E207.95124
G1 X161.599 Y114.24 E207.96376
G1 X161.989 Y114.513 E207.97959
G1 X162.287 Y114.95 E207.99718
G1 X162.434 Y115.278 E208.00914
G1 X162.494 Y115.669 E208.02229
G1 X162.495 Y121.708 E208.22315
G1 X162.451 Y122.02 E208.23363
G1 X162.309 Y122.4 E208.24712
G1 X162.066 Y122.77 E208.26185
G1 X161.786 Y123.034 E208.27465
G1 X161.49 Y123.214 E208.28617
G1 F2700 E203.28617
G0 F7500 X161.59 Y123.508
G0 X160.566 Y123.66
G0 X160.048 Y123.545
G0 X159.534 Y123.313
G0 X159.139 Y122.931
G0 X158.862 Y122.514
G0 X158.707 Y122.086
G0 X158.654 Y121.73
G0 X157.9 Y118.779
G0 X154.559 Y118.079
G0 X152.974 Y118.51
G1 F2700 E208.28617
G1 F1200 X152.497 Y118.568 E208.30215
G1 X152.123 Y118.467 E208.31504
G1 X151.789 Y118.201 E208.32924
G1 X151.613 Y117.938 E208.33976
G1 X151.519 Y117.532 E208.35362
G1 X151.593 Y117.107 E208.36797
G1 X151.822 Y116.752 E208.38202
G1 X152.206 Y116.497 E208.39735
G1 X152.535 Y116.421 E208.40858
G1 X152.904 Y116.465 E208.42094
G1 X153.208 Y116.609 E208.43213
G1 X153.462 Y116.856 E208.44392
G1 X153.573 Y117.046 E208.45124
G1 X153.682 Y117.46 E208.46547
G1 X153.583 Y117.935 E208.48161
G1 X153.297 Y118.32 E208.49756
G1 X152.974 Y118.51 E208.51003
G1 F2700 E203.51003
G0 F7500 X153.131 Y118.779
G0 X152.605 Y118.819
G0 X150.841 Y118.581
G0 X149.397 Y118.581
G0 X148.396 Y119.789
G1 F2700 E208.51003
G1 F1200 X148.239 Y119.9 E208.51642
G1 X140.361 Y119.9 E208.77845
G1 X140.23 Y119.807 E208.78379
G1 X140.2 Y119.74 E208.78623
G1 X140.2 Y114.684 E208.95439
G1 X140.238 Y114.581 E208.95805
G1 X140.365 Y114.502 E208.96302
G1 X148.245 Y114.5 E209.22511
G1 X148.4 Y114.644 E209.23215
G1 X148.396 Y119.789 E209.40327
G1 F2700 E204.40327
G0 F7500 X148.71 Y119.789
G0 X148.638 Y120.138
G0 X139.962 Y120.138
G0 X139.22 Y118.823
G0 X137.739 Y118.568
G0 X136.372 Y118.51
G1 F2700 E209.40327
G1 F1200 X135.901 Y118.572 E209.41907
G1 X135.523 Y118.466 E209.43213
G1 X135.199 Y118.209 E209.44588
G1 X135.014 Y117.939 E209.45677
G1 X134.919 Y117.534 E209.47061
G1 X134.993 Y117.107 E209.48502
G1 X135.222 Y116.753 E209.49904
G1 X135.609 Y116.492 E209.51457
G1 X135.937 Y116.421 E209.52573
G1 X136.309 Y116.469 E209.53821
G1 X136.591 Y116.601 E209.54856
G1 X136.865 Y116.855 E209.56099
G1 X136.991 Y117.092 E209.56992
G1 X137.082 Y117.459 E209.58249
G1 X136.988 Y117.937 E209.59869
G1 X136.683 Y118.327 E209.61516
G1 X136.372 Y118.51 E209.62716
G1 F2700 E204.62716
G0 F7500 X136.412 Y118.82
G0 X134.879 Y119.208
G0 X133.2 Y119.208
G0 X132.041 Y124.236
G1 F2700 E209.62716
G1 F1008.4 X119 Y124.237 E210.14332
G1 F1098.4 X118.8 Y124 E210.15459
G1 F1200 X118.8 Y111 E210.58697
G1 F1093.4 X118.959 Y110.764 E210.59736
G1 F1008.4 X132 Y110.763 E211.11351
G1 F1098.4 X132.2 Y111 E211.12478
G1 F1200 X132.2 Y124 E211.55717
G1 F1093.4 X132.041 Y124.236 E211.56755
G1 F2700 E206.56755
G0 F7500 X132.041 Y124.51
G0 X117.041 Y124.51
G0 X117.041 Y124.236
G1 F2700 E211.56755
G1 F1008.4 X104 Y124.237 E212.08371
G1 F1098.4 X103.8 Y124 E212.09498
G1 F1200 X103.8 Y111 E212.52736
G1 F1093.4 X103.959 Y110.764 E212.53775
G1 F1008.4 X117 Y110.763 E213.0539
G1 F1098.4 X117.2 Y111 E213.06517
G1 F1200 X117.2 Y124 E213.49755
G1 F1093.4 X117.041 Y124.236 E213.50794
G1 F2700 E208.50794
G0 F7500 X117.041 Y124.51
G0 X60.757 Y124.538
G0 X60.301 Y120.168
G0 X60.619 Y119.083
G1 F2700 E213.50794
G1 F1200 X60.199 Y119.186 E213.52233
G1 X59.852 Y119.192 E213.53387
G1 X59.396 Y119.088 E213.54942
G1 X58.984 Y118.885 E213.5647
G1 X58.604 Y118.473 E213.58334
G1 X58.368 Y118.043 E213.59966
G1 X58.302 Y117.623 E213.6138
G1 X58.335 Y117.062 E213.63249
G1 X58.615 Y116.506 E213.65319
G1 X58.975 Y116.12 E213.67075
G1 X59.379 Y115.916 E213.6858
G1 X59.797 Y115.81 E213.70014
G1 X60.193 Y115.809 E213.71332
G1 X60.599 Y115.907 E213.72721
G1 X60.968 Y116.085 E213.74083
G1 X61.365 Y116.46 E213.759
G1 X61.582 Y116.885 E213.77487
G1 X61.691 Y117.306 E213.78933
G1 X61.695 Y117.709 E213.80274
G1 X61.546 Y118.228 E213.8207
G1 X61.301 Y118.59 E213.83524
G1 X60.887 Y118.947 E213.85342
G1 X60.619 Y119.083 E213.86341
G1 F2700 E208.86341
G0 F7500 X60.756 Y119.36
G0 X61.905 Y119.373
G0 X102.8 Y119.373
G0 X102.9 Y123.588
G0 X102.64 Y123.588
;TYPE:SKIN
G1 F2700 E213.86341
G1 F1200 X53.86 Y123.588 E215.48584
G1 X53.86 Y111.412 E215.89082
G1 X102.64 Y111.412 E217.51325
G1 X102.64 Y123.588 E217.91822
G1 F2700 E212.91822
G0 F7500 X102.9 Y123.588
G0 X102.8 Y119.977
G0 X61.905 Y119.373
G0 X60.77 Y119.977
G0 X60.831 Y120.232
G1 F2700 E217.91822
G1 F1200 X61.126 Y120.124 E217.92867
G1 X61.407 Y119.983 E217.93913
G1 X61.663 Y119.815 E217.94931
G1 X62.02 Y119.507 E217.96499
G1 X62.245 Y119.258 E217.97616
G1 X62.485 Y118.914 E217.99011
G1 X62.641 Y118.628 E218.00094
G1 X62.859 Y117.855 E218.02766
G1 X62.834 Y117.089 E218.05315
G1 X62.67 Y116.465 E218.07461
G1 X62.341 Y115.815 E218.09884
G1 X62.137 Y115.589 E218.10896
G1 X61.785 Y115.261 E218.12497
G1 X61.462 Y115.035 E218.13808
G1 X61.087 Y114.855 E218.15191
G1 X60.839 Y114.767 E218.16066
G1 X60.453 Y114.677 E218.17385
G1 X60.166 Y114.645 E218.18345
G1 X59.657 Y114.65 E218.20038
G1 X59.148 Y114.773 E218.2178
G1 X58.889 Y114.863 E218.22692
G1 X58.465 Y115.074 E218.24267
G1 X58.188 Y115.256 E218.25369
G1 X57.784 Y115.696 E218.27356
G1 X57.561 Y116.009 E218.28634
G1 X57.227 Y116.664 E218.3108
G1 X57.17 Y117.011 E218.32249
G1 X57.138 Y117.691 E218.34514
G1 X57.218 Y118.207 E218.3625
G1 X57.355 Y118.603 E218.37644
G1 X57.584 Y119.028 E218.3925
G1 X57.785 Y119.305 E218.40388
G1 X58.101 Y119.645 E218.41932
G1 X58.375 Y119.88 E218.43132
G1 X58.879 Y120.128 E218.45001
G1 X59.184 Y120.236 E218.46077
G1 X59.544 Y120.316 E218.47303
G1 X59.832 Y120.351 E218.48268
G1 X60.331 Y120.341 E218.49928
G1 X60.831 Y120.232 E218.51631
G1 F2700 E213.51631
G0 F7500 X60.77 Y119.977
G0 X59.204 Y119.716
G0 X58.597 Y119.422
G0 X58.089 Y118.878
G0 X57.747 Y118.255
G0 X57.649 Y117.634
G0 X57.674 Y117.21
G0 X57.911 Y115.824
G0 X53.7 Y115.824
G0 X53.6 Y111.685
G0 X54.06 Y111.685
G1 F2700 E218.51631
G1 F1200 X54.134 Y111.612 E218.51976
G0 F7500 X54.7 Y111.612
G1 F1200 X54.06 Y112.251 E218.54984
G0 F7500 X54.06 Y112.817
G1 F1200 X55.265 Y111.612 E218.60652
G0 F7500 X55.831 Y111.612
G1 F1200 X54.06 Y113.382 E218.6898
G0 F7500 X54.06 Y113.948
G1 F1200 X56.397 Y111.612 E218.7997
G0 F7500 X56.962 Y111.612
G1 F1200 X54.06 Y114.514 E218.9362
G0 F7500 X54.06 Y115.08
G1 F1200 X57.528 Y111.612 E219.09933
G0 F7500 X58.094 Y111.612
G1 F1200 X54.06 Y115.645 E219.28905
G0 F7500 X54.06 Y116.211
G1 F1200 X58.659 Y111.612 E219.50537
G0 F7500 X59.225 Y111.612
G1 F1200 X54.06 Y116.777 E219.74832
G0 F7500 X54.06 Y117.342
G1 F1200 X59.791 Y111.612 E220.01787
G0 F7500 X60.357 Y111.612
G1 F1200 X54.06 Y117.908 E220.31403
G0 F7500 X54.06 Y118.474
G1 F1200 X60.922 Y111.612 E220.6368
G0 F7500 X61.488 Y111.612
G1 F1200 X54.06 Y119.039 E220.98617
G0 F7500 X54.06 Y119.605
G1 F1200 X57.028 Y116.637 E221.12577
G0 F7500 X56.955 Y117.276
G1 F1200 X54.06 Y120.171 E221.26195
G0 F7500 X54.06 Y120.736
G1 F1200 X56.958 Y117.839 E221.39823
G0 F7500 X57.042 Y118.32
G1 F1200 X54.06 Y121.302 E221.5385
G0 F7500 X54.06 Y121.868
G1 F1200 X57.194 Y118.734 E221.68591
G0 F7500 X57.394 Y119.099
G1 F1200 X54.06 Y122.433 E221.84273
G0 F7500 X54.06 Y122.999
G1 F1200 X57.631 Y119.429 E222.01068
G0 F7500 X57.902 Y119.723
G1 F1200 X54.237 Y123.388 E222.18307
G0 F7500 X54.803 Y123.388
G1 F1200 X58.196 Y119.995 E222.34267
G0 F7500 X58.563 Y120.193
G1 F1200 X55.369 Y123.388 E222.49293
G0 F7500 X55.934 Y123.388
G1 F1200 X58.955 Y120.367 E222.63502
G0 F7500 X59.401 Y120.487
G1 F1200 X56.5 Y123.388 E222.77148
G0 F7500 X57.066 Y123.388
G1 F1200 X59.906 Y120.548 E222.90506
G0 F7500 X60.514 Y120.505
G1 F1200 X57.631 Y123.388 E223.04067
G0 F7500 X58.197 Y123.388
G1 F1200 X61.348 Y120.237 E223.18888
G0 F7500 X61.14 Y119.828
G0 X62.374 Y118.588
G0 X62.771 Y118.814
G1 F1200 X69.973 Y111.612 E223.52764
G0 F7500 X70.539 Y111.612
G1 F1200 X58.763 Y123.388 E224.08155
G0 F7500 X59.328 Y123.388
G1 F1200 X71.105 Y111.612 E224.63548
G0 F7500 X71.67 Y111.612
G1 F1200 X59.894 Y123.388 E225.18939
G0 F7500 X60.46 Y123.388
G1 F1200 X72.236 Y111.612 E225.74329
G0 F7500 X72.802 Y111.612
G1 F1200 X61.025 Y123.388 E226.29723
G0 F7500 X61.591 Y123.388
G1 F1200 X73.367 Y111.612 E226.85113
G0 F7500 X73.933 Y111.612
G1 F1200 X62.157 Y123.388 E227.40504
G0 F7500 X62.722 Y123.388
G1 F1200 X74.499 Y111.612 E227.95897
G0 F7500 X75.064 Y111.612
G1 F1200 X63.288 Y123.388 E228.51288
G0 F7500 X63.854 Y123.388
G1 F1200 X75.63 Y111.612 E229.06678
G0 F7500 X76.196 Y111.612
G1 F1200 X64.42 Y123.388 E229.62069
G0 F7500 X64.985 Y123.388
G1 F1200 X76.761 Y111.612 E230.1746
G0 F7500 X77.327 Y111.612
G1 F1200 X65.551 Y123.388 E230.7285
G0 F7500 X66.117 Y123.388
G1 F1200 X77.893 Y111.612 E231.28241
G0 F7500 X78.458 Y111.612
G1 F1200 X66.682 Y123.388 E231.83632
G0 F7500 X67.248 Y123.388
G1 F1200 X79.024 Y111.612 E232.39023
G0 F7500 X79.59 Y111.612
G1 F1200 X67.814 Y123.388 E232.94413
G0 F7500 X68.379 Y123.388
G1 F1200 X80.156 Y111.612 E233.49806
G0 F7500 X80.721 Y111.612
G1 F1200 X68.945 Y123.388 E234.05197
G0 F7500 X69.511 Y123.388
G1 F1200 X81.287 Y111.612 E234.60588
G0 F7500 X81.853 Y111.612
G1 F1200 X70.076 Y123.388 E235.15981
G0 F7500 X70.642 Y123.388
G1 F1200 X82.418 Y111.612 E235.71371
G0 F7500 X82.984 Y111.612
G1 F1200 X71.208 Y123.388 E236.26762
G0 F7500 X71.773 Y123.388
G1 F1200 X83.55 Y111.612 E236.82155
G0 F7500 X84.115 Y111.612
G1 F1200 X72.339 Y123.388 E237.37546
G0 F7500 X72.905 Y123.388
G1 F1200 X84.681 Y111.612 E237.92937
G0 F7500 X85.247 Y111.612
G1 F1200 X73.471 Y123.388 E238.48327
G0 F7500 X74.036 Y123.388
G1 F1200 X85.812 Y111.612 E239.03718
G0 F7500 X86.378 Y111.612
G1 F1200 X74.602 Y123.388 E239.59109
G0 F7500 X75.168 Y123.388
G1 F1200 X86.944 Y111.612 E240.14499
G0 F7500 X87.509 Y111.612
G1 F1200 X75.733 Y123.388 E240.6989
G0 F7500 X76.299 Y123.388
G1 F1200 X88.075 Y111.612 E241.25281
G0 F7500 X88.641 Y111.612
G1 F1200 X76.865 Y123.388 E241.80671
G0 F7500 X77.43 Y123.388
G1 F1200 X89.206 Y111.612 E242.36062
G0 F7500 X89.772 Y111.612
G1 F1200 X77.996 Y123.388 E242.91453
G0 F7500 X78.562 Y123.388
G1 F1200 X90.338 Y111.612 E243.46843
G0 F7500 X90.904 Y111.612
G1 F1200 X79.127 Y123.388 E244.02236
G0 F7500 X79.693 Y123.388
G1 F1200 X91.469 Y111.612 E244.57627
G0 F7500 X92.035 Y111.612
G1 F1200 X80.259 Y123.388 E245.13018
G0 F7500 X80.824 Y123.388
G1 F1200 X92.601 Y111.612 E245.68411
G0 F7500 X93.166 Y111.612
G1 F1200 X81.39 Y123.388 E246.23802
G0 F7500 X81.956 Y123.388
G1 F1200 X93.732 Y111.612 E246.79192
G0 F7500 X94.298 Y111.612
G1 F1200 X82.521 Y123.388 E247.34585
G0 F7500 X83.087 Y123.388
G1 F1200 X94.863 Y111.612 E247.89976
G0 F7500 X95.429 Y111.612
G1 F1200 X83.653 Y123.388 E248.45367
G0 F7500 X84.219 Y123.388
G1 F1200 X95.995 Y111.612 E249.00757
G0 F7500 X96.56 Y111.612
G1 F1200 X84.784 Y123.388 E249.56148
G0 F7500 X85.35 Y123.388
G1 F1200 X97.126 Y111.612 E250.11539
G0 F7500 X97.692 Y111.612
G1 F1200 X85.916 Y123.388 E250.6693
G0 F7500 X86.481 Y123.388
G1 F1200 X98.257 Y111.612 E251.2232
G0 F7500 X98.823 Y111.612
G1 F1200 X87.047 Y123.388 E251.77711
G0 F7500 X87.613 Y123.388
G1 F1200 X99.389 Y111.612 E252.33102
G0 F7500 X99.954 Y111.612
G1 F1200 X88.178 Y123.388 E252.88492
G0 F7500 X88.744 Y123.388
G1 F1200 X100.52 Y111.612 E253.43883
G0 F7500 X101.086 Y111.612
G1 F1200 X89.31 Y123.388 E253.99274
G0 F7500 X89.875 Y123.388
G1 F1200 X101.652 Y111.612 E254.54667
G0 F7500 X102.217 Y111.612
G1 F1200 X90.441 Y123.388 E255.10057
G0 F7500 X91.007 Y123.388
G1 F1200 X102.44 Y111.955 E255.63835
G0 F7500 X102.44 Y112.52
G1 F1200 X91.572 Y123.388 E256.14954
G0 F7500 X92.138 Y123.388
G1 F1200 X102.44 Y113.086 E256.63412
G0 F7500 X102.44 Y113.652
G1 F1200 X92.704 Y123.388 E257.09207
G0 F7500 X93.27 Y123.388
G1 F1200 X102.44 Y114.218 E257.5234
G0 F7500 X102.44 Y114.783
G1 F1200 X93.835 Y123.388 E257.92815
G0 F7500 X94.401 Y123.388
G1 F1200 X102.44 Y115.349 E258.30628
G0 F7500 X102.44 Y115.915
G1 F1200 X94.967 Y123.388 E258.65779
G0 F7500 X95.532 Y123.388
G1 F1200 X102.44 Y116.48 E258.98272
G0 F7500 X102.44 Y117.046
G1 F1200 X96.098 Y123.388 E259.28103
G0 F7500 X96.664 Y123.388
G1 F1200 X102.44 Y117.612 E259.55271
G0 F7500 X102.44 Y118.177
G1 F1200 X97.229 Y123.388 E259.79782
G0 F7500 X97.795 Y123.388
G1 F1200 X102.44 Y118.743 E260.01631
G0 F7500 X102.44 Y119.309
G1 F1200 X98.361 Y123.388 E260.20817
G0 F7500 X98.926 Y123.388
G1 F1200 X102.44 Y119.874 E260.37346
G0 F7500 X102.44 Y120.44
G1 F1200 X99.492 Y123.388 E260.51213
G0 F7500 X100.058 Y123.388
G1 F1200 X102.44 Y121.006 E260.62417
G0 F7500 X102.44 Y121.571
G1 F1200 X100.623 Y123.388 E260.70963
G0 F7500 X101.189 Y123.388
G1 F1200 X102.44 Y122.137 E260.76848
G0 F7500 X102.44 Y122.703
G1 F1200 X101.755 Y123.388 E260.8007
G0 F7500 X102.32 Y123.388
G1 F1200 X102.44 Y123.269 E260.80632
G1 F2700 E255.80632
G0 F7500 X102.9 Y123.269
G0 X102.828 Y111.224
G0 X69.407 Y111.152
G0 X69.407 Y111.612
G1 F2700 E260.80632
G1 F1200 X63.027 Y117.993 E261.10644
G0 F7500 X63.047 Y117.407
G1 F1200 X68.842 Y111.612 E261.37902
G0 F7500 X68.276 Y111.612
G1 F1200 X62.99 Y116.897 E261.62763
G0 F7500 X62.873 Y116.449
G1 F1200 X67.71 Y111.612 E261.85515
G0 F7500 X67.145 Y111.612
G1 F1200 X62.694 Y116.063 E262.06451
G0 F7500 X62.499 Y115.692
G1 F1200 X66.579 Y111.612 E262.25642
G0 F7500 X66.013 Y111.612
G1 F1200 X62.225 Y115.4 E262.4346
G0 F7500 X61.933 Y115.127
G1 F1200 X65.448 Y111.612 E262.59993
G0 F7500 X64.882 Y111.612
G1 F1200 X61.603 Y114.891 E262.75417
G0 F7500 X61.228 Y114.7
G1 F1200 X64.316 Y111.612 E262.89942
G0 F7500 X63.751 Y111.612
G1 F1200 X60.806 Y114.556 E263.03792
G0 F7500 X60.333 Y114.464
G1 F1200 X63.185 Y111.612 E263.17207
G0 F7500 X62.619 Y111.612
G1 F1200 X59.78 Y114.452 E263.30563
G0 F7500 X59.079 Y114.587
G1 F1200 X62.054 Y111.612 E263.44556
G1 F2700 E258.44556
G0 F7500 X62.054 Y111.152
G0 X103.562 Y110.562
G0 X132.438 Y110.562
G0 X133.172 Y123.776
G0 X158.937 Y123.762
G0 X161.089 Y123.616
G0 X161.624 Y123.433
G0 X161.924 Y123.246
G0 X162.273 Y122.918
G0 X162.546 Y122.495
G0 X162.688 Y122.105
G0 X162.741 Y121.751
G0 X163.496 Y119.978
G0 X172.992 Y119.285
G0 X174.204 Y119.716
G0 X175.77 Y119.978
G0 X175.833 Y120.228
G1 F2700 E263.44556
G1 F1200 X176.115 Y120.129 E263.4555
G1 X176.54 Y119.914 E263.47134
G1 X176.961 Y119.579 E263.48924
G1 X177.33 Y119.143 E263.50824
G1 X177.49 Y118.887 E263.51828
G1 X177.697 Y118.459 E263.53409
G1 X177.806 Y118.103 E263.54647
G1 X177.868 Y117.357 E263.57137
G1 X177.808 Y116.934 E263.58558
G1 X177.66 Y116.438 E263.6028
G1 X177.39 Y115.915 E263.62237
G1 X176.961 Y115.402 E263.64461
G1 X176.502 Y115.062 E263.66361
G1 X176.092 Y114.859 E263.67883
G1 X175.836 Y114.767 E263.68788
G1 X175.454 Y114.677 E263.70093
G1 X175.166 Y114.645 E263.71057
G1 X174.685 Y114.646 E263.72657
G1 X174.149 Y114.773 E263.74489
G1 X173.889 Y114.863 E263.75404
G1 X173.487 Y115.06 E263.76893
G1 X172.981 Y115.463 E263.79044
G1 X172.741 Y115.694 E263.80152
G1 X172.378 Y116.339 E263.82614
G1 X172.194 Y116.884 E263.84527
G1 X172.134 Y117.682 E263.87189
G1 X172.263 Y118.436 E263.89733
G1 X172.647 Y119.162 E263.92465
G1 X172.868 Y119.416 E263.93585
G1 X173.216 Y119.736 E263.95157
G1 X173.529 Y119.956 E263.96429
G1 X173.886 Y120.129 E263.97749
G1 X174.181 Y120.236 E263.98793
G1 X174.545 Y120.316 E264.00032
G1 X174.832 Y120.351 E264.00994
G1 X175.331 Y120.341 E264.02654
G1 X175.833 Y120.228 E264.04365
G1 F2700 E259.04365
G0 F7500 X175.77 Y119.978
G0 X173.969 Y119.971
G0 X163.152 Y122.938
G0 X162.686 Y123.423
G0 X162.883 Y123.588
G1 F2700 E264.04365
G1 F1200 X163.066 Y123.369 E264.05314
G1 X163.285 Y123.028 E264.06662
G1 X163.416 Y122.76 E264.07655
G1 X163.531 Y122.454 E264.08742
G1 X163.599 Y122.181 E264.09678
G1 X163.656 Y121.76 E264.11091
G1 X163.654 Y115.572 E264.31672
G1 X163.582 Y115.124 E264.33181
G1 X163.483 Y114.781 E264.34369
G1 X163.282 Y114.347 E264.35959
G1 X162.966 Y113.883 E264.37826
G1 X162.623 Y113.535 E264.39452
G1 X162.175 Y113.223 E264.41267
G1 X161.636 Y112.981 E264.43233
G1 X161.176 Y112.869 E264.44807
G1 X160.516 Y112.828 E264.47007
G1 X160.203 Y112.85 E264.4805
G1 X159.417 Y113.127 E264.50822
G1 X158.988 Y113.37 E264.52462
G1 X158.522 Y113.78 E264.54526
G1 X158.222 Y114.164 E264.56147
G1 X158.021 Y114.518 E264.57501
G1 X157.833 Y115.049 E264.59375
G1 X157.742 Y115.578 E264.6116
G1 X157.742 Y121.81 E264.81888
G1 X157.824 Y122.343 E264.83681
G1 X157.988 Y122.779 E264.85231
G1 X158.121 Y123.043 E264.86214
G1 X158.34 Y123.382 E264.87556
G1 X158.509 Y123.584 E264.88432
G1 X133.36 Y123.587 E265.72078
G1 F1182.3 X133.366 Y117.799 E265.91618
G1 X133.359 Y117.491 E265.92658
G1 F1142.9 X133.38 Y116.917 E265.94664
G1 X133.36 Y116.352 E265.96638
G1 F1200 X133.36 Y111.412 E266.13069
G1 X181.14 Y111.412 E267.71986
G1 X181.14 Y123.588 E268.12483
G1 X162.883 Y123.588 E268.73206
G1 F2700 E263.73206
G0 F7500 X162.686 Y123.423
G0 X160.566 Y123.66
G0 X160.048 Y123.545
G0 X159.534 Y123.313
G0 X159.139 Y122.931
G0 X158.862 Y122.514
G0 X158.707 Y122.086
G0 X158.654 Y121.73
G0 X157.9 Y119.334
G0 X154.34 Y118.567
G0 X153.353 Y119.334
G0 X153.454 Y119.575
G1 F2700 E268.73206
G1 F1200 X153.954 Y119.27 E268.75154
G1 X154.224 Y119.012 E268.76396
G1 X154.612 Y118.502 E268.78528
G1 X154.733 Y118.115 E268.79876
G1 X154.842 Y117.56 E268.81757
G1 X154.816 Y117.239 E268.82829
G1 X154.715 Y116.809 E268.84298
G1 X154.608 Y116.521 E268.8532
G1 X154.333 Y116.081 E268.87045
G1 X153.995 Y115.755 E268.88607
G1 X153.697 Y115.559 E268.89793
G1 X153.436 Y115.431 E268.9076
G1 X153.037 Y115.312 E268.92145
G1 X152.448 Y115.249 E268.94115
G1 X151.734 Y115.413 E268.96552
G1 X151.211 Y115.762 E268.98643
G1 X150.845 Y116.127 E269.00362
G1 X150.64 Y116.434 E269.0159
G1 X150.449 Y116.911 E269.03299
G1 X150.358 Y117.418 E269.05012
G1 X150.382 Y117.763 E269.06163
G1 X150.479 Y118.19 E269.07619
G1 X150.683 Y118.675 E269.09369
G1 X151.021 Y119.068 E269.11093
G1 X151.494 Y119.453 E269.13122
G1 X151.787 Y119.574 E269.14176
G1 X152.259 Y119.702 E269.15803
G1 X152.54 Y119.732 E269.16742
G1 X153.14 Y119.655 E269.18754
G1 X153.454 Y119.575 E269.19832
G1 F2700 E264.19832
G0 F7500 X153.353 Y119.334
G0 X151.593 Y119.299
G0 X149.352 Y119.959
G0 X148.759 Y120.646
G0 X148.915 Y120.851
G1 F2700 E269.19832
G1 F1200 X149.143 Y120.675 E269.2079
G1 X149.35 Y120.423 E269.21875
G1 X149.556 Y119.93 E269.23652
G1 X149.552 Y114.57 E269.41479
G1 X149.466 Y114.192 E269.42769
G1 X149.306 Y113.912 E269.43841
G1 X149.021 Y113.609 E269.45225
G1 X148.642 Y113.411 E269.46647
G1 X148.234 Y113.342 E269.48023
G1 X140.211 Y113.345 E269.74708
G1 X139.971 Y113.405 E269.75531
G1 X139.58 Y113.612 E269.77002
G1 X139.302 Y113.89 E269.7831
G1 X139.138 Y114.192 E269.79453
G1 X139.04 Y114.593 E269.80826
G1 X139.046 Y119.881 E269.98414
G1 X139.173 Y120.339 E269.99995
G1 X139.42 Y120.643 E270.01297
G1 X139.681 Y120.851 E270.02408
G1 X140.03 Y121.011 E270.03684
G1 X140.376 Y121.059 E270.04846
G1 X148.22 Y121.059 E270.30936
G1 X148.547 Y121.014 E270.32033
G1 X148.915 Y120.851 E270.33372
G1 F2700 E265.33372
G0 F7500 X148.759 Y120.646
G0 X139.562 Y120.538
G0 X139.22 Y119.315
G0 X137.739 Y118.568
G0 X136.775 Y119.312
G0 X136.875 Y119.553
G1 F2700 E270.33372
G1 F1200 X137.451 Y119.224 E270.35578
G1 X137.879 Y118.675 E270.37894
G1 X138.119 Y118.155 E270.39798
G1 X138.247 Y117.546 E270.41868
G1 X138.195 Y117.131 E270.43259
G1 X138.115 Y116.811 E270.44356
G1 X137.943 Y116.373 E270.45922
G1 X137.662 Y116.016 E270.47433
G1 X137.264 Y115.638 E270.49258
G1 X136.704 Y115.371 E270.51322
G1 X136.421 Y115.312 E270.52283
G1 X135.851 Y115.249 E270.54191
G1 X135.401 Y115.348 E270.55723
G1 X134.921 Y115.553 E270.57459
G1 X134.613 Y115.757 E270.58688
G1 X134.248 Y116.124 E270.60409
G1 X134.04 Y116.439 E270.61665
G1 F1142.9 X133.818 Y116.954 E270.63623
G1 F1140.1 X133.758 Y117.422 E270.65275
G1 F1179.4 X133.776 Y117.764 E270.66434
G1 F1182.3 X133.883 Y118.19 E270.67917
G1 F1200 X134.092 Y118.69 E270.69719
G1 X134.454 Y119.094 E270.71524
G1 X134.764 Y119.342 E270.72844
G1 X135.207 Y119.578 E270.74513
G1 X135.652 Y119.702 E270.7605
G1 X135.941 Y119.732 E270.77016
G1 X136.531 Y119.659 E270.78994
G1 X136.875 Y119.553 E270.80191
G1 F2700 E265.80191
G0 F7500 X136.775 Y119.312
G0 X135.851 Y119.235
G0 X135.227 Y119.059
G0 X134.68 Y118.627
G0 X134.408 Y118.19
G0 X134.26 Y117.559
G0 X134.365 Y116.937
G0 X135.025 Y115.702
G0 X133.2 Y115.702
G0 X133.1 Y111.947
G0 X133.56 Y111.947
G1 F2700 E270.80191
G1 F1200 X133.896 Y111.612 E270.81769
G0 F7500 X134.461 Y111.612
G1 F1200 X133.56 Y112.513 E270.86007
G0 F7500 X133.56 Y113.078
G1 F1200 X135.027 Y111.612 E270.92905
G0 F7500 X135.593 Y111.612
G1 F1200 X133.56 Y113.644 E271.02465
G0 F7500 X133.56 Y114.21
G1 F1200 X136.158 Y111.612 E271.14685
G0 F7500 X136.724 Y111.612
G1 F1200 X133.56 Y114.775 E271.29565
G0 F7500 X133.56 Y115.341
G1 F1200 X137.29 Y111.612 E271.47108
G0 F7500 X137.855 Y111.612
G1 F1200 X133.56 Y115.907 E271.6731
G0 F7500 X133.568 Y116.465
G1 F1200 X138.421 Y111.612 E271.90137
G0 F7500 X138.987 Y111.612
G1 F1200 X135.465 Y115.134 E272.06704
G0 F7500 X136.088 Y115.076
G1 F1200 X139.552 Y111.612 E272.22997
G0 F7500 X140.118 Y111.612
G1 F1200 X136.587 Y115.143 E272.39606
G0 F7500 X137.002 Y115.294
G1 F1200 X140.684 Y111.612 E272.56925
G0 F7500 X141.25 Y111.612
G1 F1200 X137.387 Y115.475 E272.75095
G0 F7500 X137.674 Y115.753
G1 F1200 X138.84 Y114.587 E272.8058
G0 F7500 X138.84 Y115.152
G1 F1200 X137.943 Y116.05 E272.84801
G0 F7500 X138.165 Y116.393
G1 F1200 X138.84 Y115.718 E272.87976
G0 F7500 X138.84 Y116.284
G1 F1200 X138.319 Y116.805 E272.90427
G0 F7500 X138.415 Y117.275
G1 F1200 X138.84 Y116.849 E272.92429
G0 F7500 X138.84 Y117.415
G1 F1200 X138.386 Y117.869 E272.94564
G0 F7500 X138.84 Y117.981
G1 F1200 X138.068 Y118.753 E272.98195
G0 F7500 X138.84 Y118.546
G1 F1200 X134 Y123.387 E273.20963
G0 F7500 X133.56 Y123.261
G1 F1200 X137.256 Y119.565 E273.38348
G0 F7500 X136.375 Y119.88
G1 F1200 X133.56 Y122.695 E273.51589
G0 F7500 X133.56 Y122.129
G1 F1200 X135.774 Y119.915 E273.62003
G0 F7500 X135.308 Y119.816
G1 F1200 X133.56 Y121.564 E273.70225
G0 F7500 X133.56 Y120.998
G1 F1200 X134.912 Y119.646 E273.76585
G0 F7500 X134.56 Y119.433
G1 F1200 X133.56 Y120.432 E273.81286
G0 F7500 X133.56 Y119.867
G1 F1200 X134.256 Y119.172 E273.84557
G0 F7500 X133.988 Y118.874
G1 F1200 X133.56 Y119.301 E273.86568
G0 F7500 X133.56 Y118.735
G1 F1200 X133.796 Y118.5 E273.87676
G0 F7500 X133.563 Y118.167
G1 F1200 X133.648 Y118.082 E273.88076
G1 F2700 E268.88076
G0 F7500 X134.1 Y117.98
G0 X134.68 Y118.627
G0 X135.227 Y119.059
G0 X135.851 Y119.235
G0 X136.514 Y119.148
G0 X137.739 Y118.568
G0 X139.22 Y118.57
G0 X139.3 Y119.113
G0 X138.84 Y119.112
G1 F2700 E273.88076
G1 F1200 X134.565 Y123.387 E274.08184
G0 F7500 X135.131 Y123.387
G1 F1200 X138.84 Y119.678 E274.2563
G0 F7500 X138.917 Y120.166
G1 F1200 X135.697 Y123.387 E274.40778
G0 F7500 X136.262 Y123.387
G1 F1200 X139.093 Y120.557 E274.54092
G0 F7500 X139.36 Y120.855
G1 F1200 X136.828 Y123.387 E274.66002
G0 F7500 X137.394 Y123.387
G1 F1200 X139.697 Y121.084 E274.76834
G0 F7500 X140.121 Y121.226
G1 F1200 X137.959 Y123.387 E274.87002
G0 F7500 X138.525 Y123.387
G1 F1200 X140.656 Y121.257 E274.97023
G0 F7500 X141.221 Y121.257
G1 F1200 X139.091 Y123.387 E275.07042
G0 F7500 X139.656 Y123.387
G1 F1200 X141.787 Y121.257 E275.17063
G0 F7500 X142.353 Y121.257
G1 F1200 X140.222 Y123.387 E275.27084
G0 F7500 X140.788 Y123.387
G1 F1200 X142.918 Y121.257 E275.37103
G0 F7500 X143.484 Y121.257
G1 F1200 X141.353 Y123.387 E275.47124
G0 F7500 X141.92 Y123.387
G1 F1200 X144.05 Y121.257 E275.57143
G0 F7500 X144.615 Y121.257
G1 F1200 X142.486 Y123.387 E275.6716
G0 F7500 X143.051 Y123.387
G1 F1200 X145.181 Y121.257 E275.77178
G0 F7500 X145.747 Y121.257
G1 F1200 X143.617 Y123.387 E275.87197
G0 F7500 X144.183 Y123.387
G1 F1200 X146.312 Y121.257 E275.97214
G0 F7500 X146.878 Y121.257
G1 F1200 X144.748 Y123.387 E276.07233
G0 F7500 X145.314 Y123.387
G1 F1200 X147.444 Y121.257 E276.17251
G0 F7500 X148.009 Y121.257
G1 F1200 X145.88 Y123.387 E276.27268
G0 F7500 X146.445 Y123.387
G1 F1200 X148.63 Y121.202 E276.37546
G0 F7500 X148.5 Y120.76
G0 X149.038 Y120.538
G0 X149.258 Y119.977
G0 X149.68 Y120.152
G1 F1200 X150.762 Y119.07 E276.42635
G0 F7500 X151.049 Y119.348
G1 F1200 X147.011 Y123.387 E276.61631
G0 F7500 X147.577 Y123.387
G1 F1200 X151.361 Y119.602 E276.79432
G0 F7500 X151.756 Y119.773
G1 F1200 X148.142 Y123.387 E276.96431
G0 F7500 X148.708 Y123.387
G1 F1200 X152.202 Y119.893 E277.12866
G0 F7500 X152.75 Y119.91
G1 F1200 X149.274 Y123.387 E277.29218
G0 F7500 X149.839 Y123.387
G1 F1200 X153.442 Y119.784 E277.46166
G0 F7500 X153.327 Y119.341
G0 X154.43 Y118.221
G0 X154.866 Y118.36
G1 F1200 X157.544 Y115.682 E277.58762
G0 F7500 X157.544 Y116.248
G1 F1200 X150.406 Y123.386 E277.92337
G0 F7500 X150.972 Y123.386
G1 F1200 X157.544 Y116.813 E278.23252
G0 F7500 X157.544 Y117.379
G1 F1200 X151.537 Y123.386 E278.51507
G0 F7500 X152.103 Y123.386
G1 F1200 X157.544 Y117.945 E278.771
G0 F7500 X157.544 Y118.51
G1 F1200 X152.669 Y123.386 E279.00033
G0 F7500 X153.234 Y123.386
G1 F1200 X157.544 Y119.076 E279.20306
G0 F7500 X157.544 Y119.642
G1 F1200 X153.8 Y123.386 E279.37916
G0 F7500 X154.366 Y123.386
G1 F1200 X157.544 Y120.207 E279.52867
G0 F7500 X157.544 Y120.773
G1 F1200 X154.931 Y123.386 E279.65158
G0 F7500 X155.497 Y123.386
G1 F1200 X157.544 Y121.339 E279.74786
G0 F7500 X157.552 Y121.897
G1 F1200 X156.063 Y123.386 E279.8179
G0 F7500 X156.628 Y123.386
G1 F1200 X157.627 Y122.387 E279.86489
G0 F7500 X157.782 Y122.798
G1 F1200 X157.194 Y123.386 E279.89255
G0 F7500 X157.76 Y123.386
G1 F1200 X157.936 Y123.21 E279.90083
G0 F7500 X158.359 Y122.934
G0 X159.306 Y123.649
G0 X159.921 Y123.927
G0 X160.421 Y124.038
G0 X163.414 Y123.848
G0 X163.414 Y123.388
G1 F1200 X175.191 Y111.612 E280.45476
G0 F7500 X175.756 Y111.612
G1 F1200 X163.98 Y123.388 E281.00866
G0 F7500 X164.546 Y123.388
G1 F1200 X176.322 Y111.612 E281.56257
G0 F7500 X176.888 Y111.612
G1 F1200 X173.827 Y114.672 E281.70653
G0 F7500 X174.606 Y114.459
G1 F1200 X177.453 Y111.612 E281.84044
G0 F7500 X178.019 Y111.612
G1 F1200 X175.184 Y114.447 E281.97379
G0 F7500 X175.673 Y114.524
G1 F1200 X178.585 Y111.612 E282.11076
G0 F7500 X179.15 Y111.612
G1 F1200 X176.108 Y114.655 E282.25387
G0 F7500 X176.492 Y114.836
G1 F1200 X179.716 Y111.612 E282.40552
G0 F7500 X180.282 Y111.612
G1 F1200 X176.836 Y115.058 E282.56761
G0 F7500 X177.147 Y115.312
G1 F1200 X180.848 Y111.612 E282.74167
G0 F7500 X180.939 Y112.086
G1 F1200 X177.407 Y115.618 E282.9078
G0 F7500 X177.637 Y115.953
G1 F1200 X180.939 Y112.651 E283.06312
G0 F7500 X180.939 Y113.217
G1 F1200 X177.831 Y116.325 E283.20931
G0 F7500 X177.963 Y116.76
G1 F1200 X180.939 Y113.783 E283.34932
G0 F7500 X180.939 Y114.348
G1 F1200 X178.054 Y117.234 E283.48504
G0 F7500 X178.029 Y117.824
G1 F1200 X180.939 Y114.914 E283.62192
G0 F7500 X180.939 Y115.48
G1 F1200 X177.879 Y118.54 E283.76585
G0 F7500 X177.461 Y118.348
G0 X175.907 Y119.929
G0 X176.06 Y120.359
G1 F1200 X173.031 Y123.388 E283.90833
G0 F7500 X173.597 Y123.388
G1 F1200 X180.939 Y116.045 E284.2537
G0 F7500 X180.939 Y116.611
G1 F1200 X174.163 Y123.388 E284.57244
G0 F7500 X174.728 Y123.388
G1 F1200 X180.939 Y117.177 E284.86459
G0 F7500 X180.939 Y117.742
G1 F1200 X175.294 Y123.388 E285.13013
G0 F7500 X175.86 Y123.388
G1 F1200 X180.939 Y118.308 E285.36906
G0 F7500 X180.939 Y118.874
G1 F1200 X176.425 Y123.388 E285.58138
G0 F7500 X176.991 Y123.388
G1 F1200 X180.939 Y119.44 E285.76709
G0 F7500 X180.939 Y120.005
G1 F1200 X177.557 Y123.388 E285.92619
G0 F7500 X178.122 Y123.388
G1 F1200 X180.939 Y120.571 E286.05869
G0 F7500 X180.939 Y121.137
G1 F1200 X178.688 Y123.388 E286.16457
G0 F7500 X179.254 Y123.388
G1 F1200 X180.939 Y121.702 E286.24385
G0 F7500 X180.939 Y122.268
G1 F1200 X179.819 Y123.388 E286.29653
G0 F7500 X180.385 Y123.388
G1 F1200 X180.939 Y122.834 E286.32259
G1 F2700 E281.32259
G0 F7500 X181.4 Y122.834
G0 X181.3 Y120.087
G0 X176.058 Y119.96
G0 X175.293 Y120.087
G0 X175.314 Y120.539
G1 F2700 E286.32259
G1 F1200 X172.465 Y123.388 E286.4566
G0 F7500 X171.9 Y123.388
G1 F1200 X174.745 Y120.543 E286.59042
G0 F7500 X174.266 Y120.456
G1 F1200 X171.334 Y123.388 E286.72833
G0 F7500 X170.768 Y123.388
G1 F1200 X173.834 Y120.322 E286.87255
G0 F7500 X173.453 Y120.138
G1 F1200 X170.203 Y123.388 E287.02542
G0 F7500 X169.637 Y123.388
G1 F1200 X173.117 Y119.908 E287.18911
G0 F7500 X172.819 Y119.64
G1 F1200 X169.071 Y123.388 E287.3654
G0 F7500 X168.506 Y123.388
G1 F1200 X172.54 Y119.353 E287.55517
G0 F7500 X172.332 Y118.996
G1 F1200 X167.94 Y123.388 E287.76176
G0 F7500 X167.374 Y123.388
G1 F1200 X172.137 Y118.626 E287.98577
G0 F7500 X172.016 Y118.181
G1 F1200 X166.809 Y123.388 E288.23069
G0 F7500 X166.243 Y123.388
G1 F1200 X171.934 Y117.697 E288.49838
G0 F7500 X171.98 Y117.086
G1 F1200 X165.677 Y123.388 E288.79483
G0 F7500 X165.112 Y123.388
G1 F1200 X172.171 Y116.329 E289.12686
G1 F2700 E284.12686
G0 F7500 X172.606 Y116.474
G0 X172.886 Y115.807
G0 X172.886 Y111.252
G0 X172.362 Y111.152
G0 X172.362 Y111.612
G1 F2700 E289.12686
G1 F1200 X163.853 Y120.121 E289.5271
G0 F7500 X163.853 Y120.687
G1 F1200 X172.928 Y111.612 E289.95396
G0 F7500 X173.494 Y111.612
G1 F1200 X163.852 Y121.253 E290.40747
G0 F7500 X163.851 Y121.82
G1 F1200 X174.059 Y111.612 E290.88762
G0 F7500 X174.625 Y111.612
G1 F1200 X163.72 Y122.517 E291.40056
G0 F7500 X163.282 Y122.383
G0 X163.396 Y119.555
G0 X163.854 Y119.555
G1 F1200 X171.797 Y111.612 E291.77417
G0 F7500 X171.231 Y111.612
G1 F1200 X163.854 Y118.989 E292.12116
G0 F7500 X163.854 Y118.423
G1 F1200 X170.665 Y111.612 E292.44153
G0 F7500 X170.099 Y111.612
G1 F1200 X163.854 Y117.857 E292.73528
G0 F7500 X163.855 Y117.291
G1 F1200 X169.534 Y111.612 E293.0024
G0 F7500 X168.968 Y111.612
G1 F1200 X163.855 Y116.725 E293.2429
G0 F7500 X163.856 Y116.159
G1 F1200 X168.402 Y111.612 E293.45675
G0 F7500 X167.837 Y111.612
G1 F1200 X163.854 Y115.594 E293.64408
G0 F7500 X163.781 Y115.101
G1 F1200 X167.271 Y111.612 E293.80821
G0 F7500 X166.705 Y111.612
G1 F1200 X163.651 Y114.667 E293.95189
G0 F7500 X163.47 Y114.282
G1 F1200 X166.14 Y111.612 E294.07748
G0 F7500 X165.574 Y111.612
G1 F1200 X163.247 Y113.939 E294.18693
G0 F7500 X162.992 Y113.629
G1 F1200 X165.008 Y111.612 E294.28178
G0 F7500 X164.443 Y111.612
G1 F1200 X162.705 Y113.349 E294.36351
G0 F7500 X162.372 Y113.117
G1 F1200 X163.877 Y111.612 E294.4343
G0 F7500 X163.311 Y111.612
G1 F1200 X161.998 Y112.925 E294.49606
G0 F7500 X161.592 Y112.766
G1 F1200 X162.746 Y111.612 E294.55034
G0 F7500 X162.18 Y111.612
G1 F1200 X161.128 Y112.663 E294.5998
G0 F7500 X160.594 Y112.632
G1 F1200 X161.614 Y111.612 E294.64778
G0 F7500 X161.049 Y111.612
G1 F1200 X159.918 Y112.743 E294.70097
G0 F7500 X160.068 Y113.175
G0 X159.141 Y113.585
G0 X158.909 Y113.186
G1 F1200 X160.483 Y111.612 E294.77501
G0 F7500 X159.917 Y111.612
G1 F1200 X154.873 Y116.656 E295.01227
G0 F7500 X154.691 Y116.272
G1 F1200 X159.351 Y111.612 E295.23146
G0 F7500 X158.786 Y111.612
G1 F1200 X154.465 Y115.932 E295.43468
G0 F7500 X154.178 Y115.654
G1 F1200 X158.22 Y111.612 E295.6248
G0 F7500 X157.654 Y111.612
G1 F1200 X153.847 Y115.419 E295.80387
G0 F7500 X153.466 Y115.234
G1 F1200 X157.089 Y111.612 E295.97426
G0 F7500 X156.523 Y111.612
G1 F1200 X153.023 Y115.112 E296.13889
G0 F7500 X152.514 Y115.055
G1 F1200 X155.957 Y111.612 E296.30084
G0 F7500 X155.392 Y111.612
G1 F1200 X151.811 Y115.193 E296.46928
G1 F2700 E291.46928
G0 F7500 X151.908 Y115.639
G0 X151.308 Y115.916
G0 X149.397 Y115.916
G0 X149.297 Y114.985
G0 X149.756 Y114.985
G1 F2700 E296.46928
G1 F1200 X153.129 Y111.612 E296.62794
G0 F7500 X153.695 Y111.612
G1 F1200 X149.756 Y115.55 E296.81319
G0 F7500 X149.756 Y116.116
G1 F1200 X154.26 Y111.612 E297.02505
G0 F7500 X154.826 Y111.612
G1 F1200 X149.756 Y116.682 E297.26352
G0 F7500 X149.756 Y117.247
G1 F1200 X150.326 Y116.678 E297.29031
G0 F7500 X150.163 Y117.407
G1 F1200 X149.756 Y117.813 E297.30943
G0 F7500 X150.214 Y117.921
G1 F1200 X149.756 Y118.379 E297.33097
G0 F7500 X149.756 Y118.945
G1 F1200 X150.336 Y118.365 E297.35826
G0 F7500 X150.503 Y118.763
G1 F1200 X149.756 Y119.51 E297.39339
G0 F7500 X149.297 Y119.51
G0 X149.281 Y114.549
G0 X149.729 Y114.446
G1 F1200 X152.563 Y111.612 E297.5267
G0 F7500 X151.998 Y111.612
G1 F1200 X149.596 Y114.014 E297.63968
G0 F7500 X149.366 Y113.678
G1 F1200 X151.432 Y111.612 E297.73686
G0 F7500 X150.866 Y111.612
G1 F1200 X149.069 Y113.409 E297.82138
G0 F7500 X148.695 Y113.218
G1 F1200 X150.3 Y111.612 E297.8969
G0 F7500 X149.735 Y111.612
G1 F1200 X148.201 Y113.146 E297.96905
G0 F7500 X147.635 Y113.146
G1 F1200 X149.169 Y111.612 E298.04121
G0 F7500 X148.603 Y111.612
G1 F1200 X147.07 Y113.146 E298.11334
G0 F7500 X146.504 Y113.146
G1 F1200 X148.038 Y111.612 E298.18549
G0 F7500 X147.472 Y111.612
G1 F1200 X145.938 Y113.146 E298.25765
G0 F7500 X145.373 Y113.146
G1 F1200 X146.906 Y111.612 E298.32978
G0 F7500 X146.341 Y111.612
G1 F1200 X144.807 Y113.146 E298.40193
G0 F7500 X144.241 Y113.146
G1 F1200 X145.775 Y111.612 E298.47409
G0 F7500 X145.209 Y111.612
G1 F1200 X143.676 Y113.146 E298.54622
G0 F7500 X143.11 Y113.146
G1 F1200 X144.644 Y111.612 E298.61838
G0 F7500 X144.078 Y111.612
G1 F1200 X142.544 Y113.146 E298.69053
G0 F7500 X141.979 Y113.146
G1 F1200 X143.512 Y111.612 E298.76266
G0 F7500 X142.947 Y111.612
G1 F1200 X141.413 Y113.146 E298.83482
G0 F7500 X140.847 Y113.146
G1 F1200 X142.381 Y111.612 E298.90697
G0 F7500 X141.815 Y111.612
G1 F1200 X140.282 Y113.146 E298.9791
G1 F2700 E293.9791
G0 F7500 X140.282 Y113.6
G0 X149.038 Y113.862
G0 X149.048 Y117.07
G0 X149.397 Y117.208
G0 X150.546 Y117.407
G0 X151.349 Y116.287
G0 X151.957 Y115.886
G0 X152.505 Y115.767
G0 X153.086 Y115.834
G0 X153.583 Y116.07
G0 X153.807 Y116.286
G0 X154.545 Y117.208
G0 X154.992 Y117.103
G1 F2700 E298.9791
G1 F1200 X158.099 Y113.996 E299.12525
G0 F7500 X158.462 Y114.281
G0 X158.088 Y115.106
G0 X157.632 Y115.028
G1 F1200 X155.034 Y117.627 E299.24747
G1 F2700 E294.24747
;MESH:NONMESH
G0 F300 X155.034 Y117.627 Z0.6
G0 F7500 X154.582 Y117.538
G0 X153.977 Y116.451
G0 X153.583 Y116.07
G0 X153.086 Y115.834
G0 X152.505 Y115.767
G0 X151.957 Y115.886
G0 X151.41 Y116.247
G0 X150.537 Y117.457
G0 X48.497 Y100.569
;TIME_ELAPSED:563.066378
;LAYER:2
M106 S170
;TYPE:SKIRT
G1 F2700 E299.24747
G1 F1200 X49.342 Y100.25 E299.27751
G1 X50.212 Y100.008 E299.30755
G1 X51.1 Y99.844 E299.33758
G1 X52.223 Y99.75 E299.37506
G1 X52.83 Y99.737 E299.39526
G1 X181.793 Y99.737 E303.68458
G1 X182.637 Y99.748 E303.71266
G1 X183.539 Y99.801 E303.74271
G1 X184.432 Y99.933 E303.77273
G1 X185.31 Y100.144 E303.80277
G1 X186.166 Y100.432 E303.83281
G1 X186.993 Y100.794 E303.86283
G1 X187.785 Y101.229 E303.89289
G1 X188.536 Y101.731 E303.92293
G1 X189.239 Y102.298 E303.95297
G1 X189.889 Y102.925 E303.98301
G1 X190.481 Y103.607 E304.01305
G1 X191.011 Y104.338 E304.04308
G1 X191.473 Y105.114 E304.07311
G1 X191.866 Y105.927 E304.10315
G1 X192.184 Y106.772 E304.13318
G1 X192.427 Y107.642 E304.16322
G1 X192.592 Y108.53 E304.19326
G1 X192.687 Y109.66 E304.23098
G1 X192.7 Y110.267 E304.25117
G1 X192.699 Y124.453 E304.723
G1 X192.69 Y125.18 E304.74718
G1 X192.639 Y126.082 E304.77723
G1 X192.508 Y126.976 E304.80728
G1 X192.299 Y127.854 E304.8373
G1 X192.013 Y128.711 E304.86735
G1 X191.652 Y129.539 E304.89739
G1 X191.22 Y130.331 E304.9274
G1 X190.719 Y131.083 E304.95745
G1 X190.153 Y131.787 E304.9875
G1 X189.528 Y132.438 E305.01751
G1 X188.847 Y133.032 E305.04757
G1 X188.116 Y133.563 E305.07762
G1 X187.342 Y134.027 E305.10763
G1 X186.529 Y134.421 E305.13768
G1 X185.685 Y134.741 E305.1677
G1 X184.815 Y134.986 E305.19777
G1 X183.928 Y135.152 E305.22778
G1 X182.777 Y135.25 E305.2662
G1 X182.17 Y135.263 E305.28639
G1 X53.208 Y135.264 E309.57569
G1 X52.378 Y135.254 E309.6033
G1 X51.476 Y135.203 E309.63334
G1 X50.583 Y135.071 E309.66337
G1 X49.704 Y134.862 E309.69342
G1 X48.848 Y134.575 E309.72345
G1 X48.02 Y134.214 E309.75349
G1 X47.227 Y133.781 E309.78354
G1 X46.476 Y133.28 E309.81357
G1 X45.772 Y132.714 E309.84361
G1 X45.121 Y132.088 E309.87365
G1 X44.528 Y131.407 E309.90369
G1 X43.998 Y130.676 E309.93372
G1 X43.534 Y129.901 E309.96376
G1 X43.14 Y129.088 E309.99381
G1 X42.82 Y128.244 E310.02383
G1 X42.576 Y127.374 E310.05388
G1 X42.41 Y126.487 E310.0839
G1 X42.313 Y125.337 E310.12228
G1 X42.3 Y124.73 E310.14248
G1 X42.301 Y110.458 E310.61716
G1 X42.311 Y109.793 E310.63928
G1 X42.365 Y108.891 E310.66934
G1 X42.498 Y107.998 E310.69937
G1 X42.709 Y107.12 E310.7294
G1 X42.998 Y106.264 E310.75945
G1 X43.361 Y105.437 E310.78949
G1 X43.795 Y104.646 E310.8195
G1 X44.298 Y103.895 E310.84956
G1 X44.866 Y103.193 E310.8796
G1 X45.493 Y102.543 E310.90963
G1 X46.175 Y101.951 E310.93967
G1 X46.907 Y101.422 E310.96971
G1 X47.683 Y100.96 E310.99975
G1 X48.497 Y100.569 E311.02978
G1 F2700 E306.02978
;MESH:BtnFaceWithWings.stl
G0 F9000 X58.558 Y115.227
G0 X57.85 Y116.543
G0 X57.683 Y117.081
G0 X57.646 Y117.571
G0 X57.743 Y118.184
G0 X58.035 Y118.8
G0 X58.394 Y119.222
G0 X58.773 Y119.508
G0 X59.204 Y119.716
G0 X60.541 Y119.945
;TYPE:WALL-INNER
G1 F2700 E311.02978
G1 F1200 X59.954 Y120.012 E311.04943
G1 X59.696 Y119.983 E311.05807
G1 X59.15 Y119.858 E311.0767
G1 X58.688 Y119.637 E311.09373
G1 X58.302 Y119.341 E311.10991
G1 X57.99 Y118.981 E311.12576
G1 X57.847 Y118.758 E311.13457
G1 X57.658 Y118.358 E311.14928
G1 X57.576 Y118.092 E311.15854
G1 X57.496 Y117.599 E311.17515
G1 X57.529 Y117.052 E311.19338
G1 X57.711 Y116.474 E311.21353
G1 X57.964 Y116.036 E311.23036
G1 X58.299 Y115.658 E311.24715
G1 X58.67 Y115.369 E311.2628
G1 X58.973 Y115.209 E311.27419
G1 X59.458 Y115.051 E311.29116
G1 X60.185 Y114.975 E311.31547
G1 X60.853 Y115.141 E311.33836
G1 X61.316 Y115.363 E311.35544
G1 X61.701 Y115.674 E311.3719
G1 X62.035 Y116.038 E311.38833
G1 X62.331 Y116.576 E311.40876
G1 X62.459 Y117.051 E311.42512
G1 X62.5 Y117.648 E311.44502
G1 X62.415 Y118.169 E311.46258
G1 X62.159 Y118.823 E311.48594
G1 X61.704 Y119.337 E311.50877
G1 X61.321 Y119.63 E311.52481
G1 X61.023 Y119.787 E311.53601
G1 X60.541 Y119.945 E311.55288
G0 F9000 X60.424 Y119.556
G1 F1200 X59.872 Y119.613 E311.57134
G1 X59.283 Y119.478 E311.59144
G1 X58.901 Y119.295 E311.60553
G1 X58.564 Y119.038 E311.61962
G1 X58.243 Y118.659 E311.63614
G1 X57.985 Y118.114 E311.6562
G1 X57.898 Y117.574 E311.67439
G1 X57.925 Y117.124 E311.68938
G1 X58.078 Y116.637 E311.70636
G1 X58.29 Y116.27 E311.72046
G1 X58.554 Y115.973 E311.73368
G1 X58.916 Y115.685 E311.74906
G1 X59.097 Y115.589 E311.75588
G1 X59.572 Y115.44 E311.77243
G1 X60.151 Y115.378 E311.7918
G1 X60.715 Y115.519 E311.81114
G1 X61.103 Y115.705 E311.82545
G1 X61.45 Y115.985 E311.84028
G1 X61.707 Y116.271 E311.85307
G1 X61.955 Y116.722 E311.87019
G1 X62.064 Y117.117 E311.88381
G1 X62.095 Y117.654 E311.9017
G1 X62.027 Y118.061 E311.91543
G1 X61.812 Y118.61 E311.93504
G1 X61.43 Y119.044 E311.95427
G1 X60.992 Y119.378 E311.97259
G1 X60.424 Y119.556 E311.99239
G1 F2700 E306.99239
G0 F9000 X60.456 Y119.866
G0 X62.177 Y119.075
G0 X62.177 Y123.864
G0 X103.062 Y124.062
G1 F2700 E311.99239
G1 F1200 X103 Y124 E311.9953
G1 X103 Y111 E312.42769
G1 X103.054 Y110.936 E312.43047
G1 X53.5 Y110.936 E314.07864
G1 X53.5 Y124.064 E314.51528
G1 X103.062 Y124.062 E316.16372
G0 F9000 X103.862 Y124.462
G1 F1200 X103.4 Y124 E316.18545
G1 X103.4 Y111 E316.61783
G1 X103.791 Y110.535 E316.63804
G1 X53.1 Y110.536 E318.32403
G1 X53.1 Y124.464 E318.78728
G1 X103.862 Y124.462 E320.47563
G0 F9000 X103.862 Y124.51
G0 X117.438 Y124.438
G0 X118 Y124.06
G1 F1188.1 X118 Y110.938 E320.91643
G0 F9000 X118.562 Y124.438
G0 X118.853 Y124.51
G0 X118.853 Y124.462
G1 F1200 X118.401 Y124.036 E320.93709
G1 X118.401 Y110.962 E321.37193
G1 X118.784 Y110.535 E321.39101
G1 X117.145 Y110.536 E321.44553
G1 X117.599 Y110.962 E321.46623
G1 X117.599 Y124.036 E321.90107
G1 X117.217 Y124.463 E321.92013
G1 X118.853 Y124.462 E321.97454
G1 F2700 E316.97454
G0 F9000 X118.853 Y124.51
G0 X132.438 Y124.438
G0 X133.201 Y119.334
G0 X134.255 Y118.58
G0 X136.437 Y119.334
G1 F2700 E321.97454
G1 F1200 X135.943 Y119.377 E321.99104
G1 X135.547 Y119.311 E322.00439
G1 X135.22 Y119.195 E322.01593
G1 X134.944 Y119.039 E322.02647
G1 X134.622 Y118.751 E322.04084
G1 X134.37 Y118.399 E322.05524
G1 X134.211 Y118.048 E322.06806
G1 X134.112 Y117.62 E322.08267
G1 X134.193 Y117.038 E322.10221
G1 X134.315 Y116.679 E322.11482
G1 X134.443 Y116.455 E322.1234
G1 X134.647 Y116.204 E322.13416
G1 X134.863 Y116.012 E322.14377
G1 X135.152 Y115.833 E322.15508
G1 X135.594 Y115.654 E322.17094
G1 X136.184 Y115.623 E322.19059
G1 X136.66 Y115.734 E322.20685
G1 X137.09 Y115.98 E322.22333
G1 X137.369 Y116.239 E322.23599
G1 X137.626 Y116.591 E322.25048
G1 X137.829 Y117.037 E322.26678
G1 X137.877 Y117.457 E322.28084
G1 X137.798 Y117.993 E322.29886
G1 X137.68 Y118.317 E322.31033
G1 X137.553 Y118.541 E322.3189
G1 X137.353 Y118.788 E322.32947
G1 X136.992 Y119.105 E322.34545
G1 X136.437 Y119.334 E322.36541
G0 F9000 X136.339 Y118.943
G1 F1200 X135.967 Y118.975 E322.37783
G1 X135.507 Y118.898 E322.39335
G1 X135.14 Y118.691 E322.40736
G1 X134.948 Y118.518 E322.41596
G1 X134.696 Y118.166 E322.43035
G1 X134.6 Y117.955 E322.43806
G1 X134.523 Y117.622 E322.44943
G1 X134.603 Y116.984 E322.47082
G1 X134.84 Y116.568 E322.48674
G1 X135.208 Y116.241 E322.50312
G1 X135.688 Y116.048 E322.52032
G1 X136.152 Y116.025 E322.53577
G1 X136.51 Y116.115 E322.54805
G1 X136.878 Y116.319 E322.56205
G1 X137.046 Y116.475 E322.56967
G1 X137.302 Y116.827 E322.58415
G1 X137.4 Y117.041 E322.59198
G1 X137.472 Y117.416 E322.60468
G1 X137.392 Y118.015 E322.62478
G1 X137.154 Y118.431 E322.64072
G1 X136.793 Y118.748 E322.6567
G1 X136.339 Y118.943 E322.67313
G1 F2700 E317.67313
G0 F9000 X136.454 Y119.229
G0 X137.71 Y118.629
G0 X139.22 Y118.631
G0 X139.562 Y120.538
G0 X148.867 Y120.565
G0 X148.9 Y120.415
G1 F2700 E322.67313
G1 F1200 X148.707 Y120.563 E322.68122
G1 X148.467 Y120.664 E322.68988
G1 X148.2 Y120.7 E322.69884
G1 X140.4 Y120.7 E322.95827
G1 X140.132 Y120.664 E322.96726
G1 X139.892 Y120.562 E322.97594
G1 X139.699 Y120.414 E322.98403
G1 X139.559 Y120.242 E322.9914
G1 X139.4 Y119.801 E323.007
G1 X139.401 Y114.655 E323.17815
G1 X139.442 Y114.411 E323.18638
G1 X139.601 Y114.098 E323.19806
G1 X139.801 Y113.898 E323.20747
G1 X140.076 Y113.753 E323.21781
G1 X140.281 Y113.7 E323.22485
G1 X148.2 Y113.7 E323.48823
G1 X148.524 Y113.753 E323.49915
G1 X148.799 Y113.899 E323.50951
G1 X148.999 Y114.098 E323.51889
G1 X149.123 Y114.313 E323.52715
G1 X149.2 Y114.7 E323.54027
G1 X149.2 Y119.817 E323.71046
G1 X149.117 Y120.1 E323.72027
G1 X148.9 Y120.415 E323.733
G0 F9000 X148.62 Y120.129
G1 F1200 X148.325 Y120.3 E323.74434
G1 X140.288 Y120.3 E324.01165
G1 X140.095 Y120.217 E324.01864
G1 X139.892 Y120.021 E324.02802
G1 X139.806 Y119.786 E324.03634
G1 X139.8 Y114.626 E324.20797
G1 X139.92 Y114.338 E324.21834
G1 X140.04 Y114.219 E324.22397
G1 X140.326 Y114.1 E324.23427
G1 X148.2 Y114.1 E324.49616
G1 X148.395 Y114.132 E324.50273
G1 X148.56 Y114.219 E324.50894
G1 X148.754 Y114.467 E324.51941
G1 X148.8 Y114.7 E324.52731
G1 X148.8 Y119.773 E324.69604
G1 X148.751 Y119.94 E324.70182
G1 X148.62 Y120.129 E324.70947
G1 F2700 E319.70947
G0 F9000 X148.62 Y120.61
G0 X148.996 Y120.545
G0 X149.381 Y119.84
G0 X151.366 Y119.149
G0 X153.036 Y119.334
G1 F2700 E324.70947
G1 F1200 X152.543 Y119.377 E324.72593
G1 X151.975 Y119.282 E324.74509
G1 X151.463 Y118.994 E324.76462
G1 X151.277 Y118.826 E324.77296
G1 X150.971 Y118.399 E324.79043
G1 X150.81 Y118.047 E324.80331
G1 X150.712 Y117.619 E324.81791
G1 X150.793 Y117.038 E324.83742
G1 X150.915 Y116.679 E324.85003
G1 X151.043 Y116.455 E324.85861
G1 X151.247 Y116.204 E324.86937
G1 X151.603 Y115.9 E324.88494
G1 X152.217 Y115.646 E324.90704
G1 X152.688 Y115.628 E324.92272
G1 X153.104 Y115.696 E324.93674
G1 X153.377 Y115.801 E324.94647
G1 X153.827 Y116.056 E324.96367
G1 X154.28 Y116.665 E324.98892
G1 X154.43 Y117.056 E325.00284
G1 X154.477 Y117.461 E325.01641
G1 X154.398 Y117.993 E325.03429
G1 X154.28 Y118.317 E325.04576
G1 X154.153 Y118.541 E325.05433
G1 X153.944 Y118.796 E325.06529
G1 X153.582 Y119.109 E325.08121
G1 X153.036 Y119.334 E325.10085
G0 F9000 X152.936 Y118.943
G1 F1200 X152.567 Y118.975 E325.11317
G1 X152.103 Y118.898 E325.12881
G1 X151.629 Y118.62 E325.14709
G1 X151.296 Y118.166 E325.16582
G1 X151.2 Y117.955 E325.17353
G1 X151.123 Y117.622 E325.18489
G1 X151.189 Y117.093 E325.20263
G1 X151.263 Y116.878 E325.21019
G1 X151.442 Y116.565 E325.22218
G1 X151.821 Y116.235 E325.2389
G1 X152.299 Y116.044 E325.25602
G1 X152.688 Y116.028 E325.26897
G1 X153.092 Y116.099 E325.28261
G1 X153.562 Y116.365 E325.30057
G1 X153.981 Y116.945 E325.32437
G1 X154.072 Y117.416 E325.34032
G1 X153.992 Y118.016 E325.36046
G1 X153.753 Y118.432 E325.37641
G1 X153.372 Y118.763 E325.3932
G1 X152.936 Y118.943 E325.40889
G1 F2700 E320.40889
G0 F9000 X153.051 Y119.23
G0 X153.763 Y119.191
G0 X157.92 Y119.194
G0 X158.316 Y122.179
G0 X158.523 Y122.761
G0 X158.965 Y123.365
G0 X159.589 Y123.791
G0 X160.129 Y123.973
G0 X160.896 Y124.101
G0 X160.852 Y123.868
G1 F2700 E325.40889
G1 F885.6 X160.384 Y123.847 E325.43
G1 F963.9 X160.226 Y123.77 E325.43728
G1 F1093.4 X159.685 Y123.558 E325.45849
G1 F1162.2 X159.137 Y123.184 E325.48127
G1 F1200 X158.743 Y122.643 E325.50353
G1 X158.576 Y122.165 E325.52037
G1 X158.5 Y121.76 E325.53408
G1 X158.501 Y115.677 E325.7364
G1 X158.563 Y115.255 E325.75059
G1 X158.758 Y114.723 E325.76943
G1 X159.087 Y114.29 E325.78752
G1 X159.474 Y113.964 E325.80435
G1 X159.962 Y113.719 E325.82251
G1 X160.584 Y113.597 E325.84359
G1 X161.093 Y113.63 E325.86056
G1 X161.697 Y113.833 E325.88175
G1 X162.259 Y114.213 E325.90432
G1 X162.652 Y114.752 E325.9265
G1 X162.835 Y115.262 E325.94452
G1 X162.895 Y115.688 E325.95883
G1 X162.897 Y121.681 E326.15816
G1 X162.84 Y122.135 E326.17338
G1 X162.659 Y122.621 E326.19063
G1 X162.547 Y122.809 E326.19791
G1 X162.139 Y123.273 E326.21846
G1 X161.96 Y123.411 E326.22598
G1 X161.504 Y123.643 E326.24299
G1 F1021.3 X160.852 Y123.868 E326.26995
G0 F9000 X161.564 Y124.061
G1 F1200 X181.5 Y124.06 E326.93302
G1 X181.5 Y110.936 E327.36953
G1 X132.936 Y110.936 E328.98477
G1 X133 Y111 E328.98778
G1 X133 Y124 E329.42016
G1 X132.948 Y124.062 E329.42286
G1 X159.918 Y124.061 E330.31988
G1 X159.651 Y123.974 E330.32922
G1 X159.401 Y123.849 E330.33852
G1 X158.994 Y123.57 E330.35493
G1 X158.752 Y123.334 E330.36617
G1 X158.471 Y122.95 E330.382
G1 X158.335 Y122.688 E330.39182
G1 X158.172 Y122.22 E330.4083
G1 X158.1 Y121.792 E330.42274
G1 X158.101 Y115.652 E330.62695
G1 X158.182 Y115.145 E330.64403
G1 X158.353 Y114.667 E330.66091
G1 X158.497 Y114.405 E330.67086
G1 X158.796 Y114.013 E330.68726
G1 X159.255 Y113.625 E330.70725
G1 X159.713 Y113.397 E330.72426
G1 X159.968 Y113.31 E330.73322
G1 X160.555 Y113.195 E330.75312
G1 X161.046 Y113.226 E330.76948
G1 X161.295 Y113.276 E330.77793
G1 X161.747 Y113.428 E330.79379
G1 X161.989 Y113.547 E330.80276
G1 X162.397 Y113.823 E330.81914
G1 X162.645 Y114.062 E330.8306
G1 X162.925 Y114.446 E330.84641
G1 X163.058 Y114.698 E330.85588
G1 X163.227 Y115.17 E330.87256
G1 X163.3 Y115.751 E330.89203
G1 X163.297 Y121.749 E331.09153
G1 X163.228 Y122.237 E331.10792
G1 X163.034 Y122.761 E331.1265
G1 X162.848 Y123.073 E331.13859
G1 X162.439 Y123.537 E331.15916
G1 X162.142 Y123.768 E331.17167
G1 X161.564 Y124.061 E331.19323
G0 F9000 X132.211 Y124.51
G0 X132.211 Y124.463
G1 F1200 X159.637 Y124.461 E332.10542
G1 F1126.8 X160.118 Y124.435 E332.12248
G1 F963.9 X160.369 Y124.39 E332.13304
G1 F885.6 X160.938 Y124.39 E332.15868
G1 F1021.3 X161.414 Y124.461 E332.17749
G1 F1200 X181.9 Y124.46 E332.85886
G1 X181.9 Y110.536 E333.32197
G1 X132.136 Y110.536 E334.97713
G1 X132.6 Y111 E334.99896
G1 X132.6 Y124 E335.43134
G1 X132.211 Y124.463 E335.45145
G1 F2700 E330.45145
G0 F9000 X132.211 Y124.51
G0 X175.542 Y124.653
G0 X175.039 Y120.202
G0 X175.541 Y119.945
G1 F2700 E335.45145
G1 F1200 X174.954 Y120.012 E335.4711
G1 X174.696 Y119.983 E335.47974
G1 X174.145 Y119.857 E335.49854
G1 X173.686 Y119.631 E335.51555
G1 X173.153 Y119.228 E335.53778
G1 X172.768 Y118.637 E335.56124
G1 X172.537 Y118.034 E335.58271
G1 X172.494 Y117.31 E335.60684
G1 X172.622 Y116.706 E335.62737
G1 X172.881 Y116.129 E335.64841
G1 X173.289 Y115.666 E335.66893
G1 X173.681 Y115.363 E335.68541
G1 X174.325 Y115.082 E335.70878
G1 X174.946 Y114.99 E335.72966
G1 X175.265 Y114.995 E335.74027
G1 X175.854 Y115.142 E335.76046
G1 X176.287 Y115.351 E335.77646
G1 X176.534 Y115.519 E335.78639
G1 X176.878 Y115.839 E335.80202
G1 X177.082 Y116.106 E335.81319
G1 X177.327 Y116.572 E335.8307
G1 X177.465 Y117.05 E335.84725
G1 X177.5 Y117.674 E335.86804
G1 X177.414 Y118.177 E335.88501
G1 X177.297 Y118.5 E335.89644
G1 X177.034 Y118.962 E335.91412
G1 X176.698 Y119.341 E335.93096
G1 X176.321 Y119.63 E335.94676
G1 X176.023 Y119.787 E335.95797
G1 X175.541 Y119.945 E335.97484
G0 F9000 X175.424 Y119.556
G1 F1200 X174.872 Y119.613 E335.9933
G1 X174.278 Y119.477 E336.01356
G1 X173.898 Y119.289 E336.02766
G1 X173.45 Y118.951 E336.04633
G1 X173.128 Y118.457 E336.06594
G1 X172.923 Y117.931 E336.08472
G1 X172.901 Y117.335 E336.10456
G1 X173.003 Y116.833 E336.12159
G1 X173.225 Y116.353 E336.13918
G1 X173.565 Y115.958 E336.15652
G1 X173.882 Y115.712 E336.16986
G1 X174.438 Y115.469 E336.19004
G1 X175.125 Y115.368 E336.21314
G1 X175.718 Y115.52 E336.2335
G1 X176.195 Y115.751 E336.25113
G1 X176.681 Y116.202 E336.27318
G1 X176.955 Y116.723 E336.29276
G1 X177.067 Y117.113 E336.30626
G1 X177.098 Y117.649 E336.32411
G1 X177.003 Y118.209 E336.343
G1 X176.708 Y118.727 E336.36283
G1 X176.446 Y119.023 E336.37598
G1 X175.996 Y119.377 E336.39502
G1 X175.424 Y119.556 E336.41496
G0 F9000 X175.805 Y119.017
;TYPE:WALL-OUTER
G1 F1200 X175.355 Y119.162 E336.43068
G1 X174.921 Y119.208 E336.4452
G1 X174.395 Y119.088 E336.46314
G1 X174.095 Y118.937 E336.47431
G1 X173.749 Y118.672 E336.48881
G1 X173.496 Y118.29 E336.50405
G1 X173.322 Y117.848 E336.51985
G1 X173.3 Y117.367 E336.53586
G1 X173.381 Y116.976 E336.54914
G1 X173.563 Y116.568 E336.564
G1 X173.857 Y116.237 E336.57873
G1 X174.111 Y116.048 E336.58926
G1 X174.569 Y115.854 E336.6058
G1 X175.103 Y115.78 E336.62373
G1 X175.599 Y115.907 E336.64076
G1 X175.967 Y116.084 E336.65434
G1 X176.359 Y116.449 E336.67216
G1 X176.574 Y116.858 E336.68752
G1 X176.665 Y117.16 E336.69801
G1 X176.694 Y117.642 E336.71407
G1 X176.62 Y118.073 E336.72862
G1 X176.367 Y118.508 E336.74536
G1 X176.162 Y118.741 E336.75568
G1 X175.805 Y119.017 E336.77069
G1 F2700 E331.77069
G0 F9000 X175.994 Y119.263
G0 X176.822 Y119.474
G0 X176.822 Y123.861
G0 X182.3 Y124.86
G1 F2700 E336.77069
G1 F1200 X182.3 Y110.136 E337.26041
G1 X133.064 Y110.136 E338.89801
G1 F1030 X132 Y110.202 E338.93931
G1 F898.9 X118.908 Y110.204 E339.52063
G1 F1025.6 X118 Y110.136 E339.55606
G1 F1030 X117 Y110.202 E339.59489
G1 F898.9 X103.908 Y110.204 E340.17621
G1 F1025.6 X102.936 Y110.136 E340.21413
G1 F1200 X52.7 Y110.136 E341.88498
G1 X52.7 Y124.864 E342.37484
G1 X102.938 Y124.862 E344.04576
G1 F1030 X104 Y124.797 E344.08699
G1 F898.9 X117.092 Y124.795 E344.6683
G1 F1025.6 X118 Y124.862 E344.70373
G1 F1030 X119 Y124.797 E344.74256
G1 F898.9 X132.092 Y124.795 E345.32388
G1 F1025.6 X133.062 Y124.862 E345.36171
G1 F1200 X182.3 Y124.86 E346.99938
G1 F2700 E341.99938
G0 F9000 X182.02 Y124.583
G0 X161.962 Y123.989
G0 X161.358 Y123.604
G0 X161.299 Y123.299
G1 F2700 E346.99938
G1 F1200 X160.799 Y123.394 E347.0163
G1 X160.386 Y123.375 E347.03005
G1 X159.878 Y123.205 E347.04787
G1 X159.42 Y122.892 E347.06632
G1 X159.101 Y122.455 E347.08432
G1 X158.954 Y122.034 E347.09915
G1 X158.902 Y121.737 E347.10918
G1 X158.9 Y115.716 E347.30944
G1 X158.954 Y115.352 E347.32168
G1 X159.115 Y114.913 E347.33723
G1 X159.394 Y114.555 E347.35232
G1 X159.678 Y114.315 E347.36469
G1 X160.095 Y114.1 E347.3803
G1 X160.597 Y114.002 E347.39731
G1 X160.99 Y114.024 E347.4104
G1 X161.518 Y114.194 E347.42885
G1 X161.977 Y114.505 E347.44729
G1 X162.296 Y114.943 E347.46531
G1 X162.447 Y115.376 E347.48056
G1 X162.499 Y115.744 E347.49292
G1 X162.495 Y121.708 E347.69129
G1 X162.451 Y122.02 E347.70177
G1 X162.271 Y122.518 E347.71938
G1 X161.814 Y123.037 E347.74238
G1 X161.299 Y123.299 E347.7616
G1 F2700 E342.7616
G0 F9000 X161.358 Y123.604
G0 X160.335 Y123.621
G0 X159.769 Y123.43
G0 X159.248 Y123.074
G0 X158.881 Y122.573
G0 X158.695 Y121.903
G0 X157.921 Y118.642
G0 X154.576 Y118.024
G0 X153.176 Y118.405
G1 F2700 E347.7616
G1 F1200 X152.83 Y118.554 E347.77413
G1 X152.567 Y118.57 E347.78289
G1 X152.229 Y118.507 E347.79433
G1 X151.896 Y118.317 E347.80708
G1 X151.596 Y117.898 E347.82422
G1 X151.529 Y117.552 E347.83594
G1 X151.59 Y117.111 E347.85075
G1 X151.754 Y116.824 E347.86174
G1 X152.014 Y116.595 E347.87327
G1 X152.362 Y116.449 E347.88582
G1 X152.688 Y116.428 E347.89668
G1 X152.983 Y116.497 E347.90676
G1 X153.295 Y116.673 E347.91867
G1 X153.592 Y117.083 E347.93551
G1 X153.675 Y117.398 E347.94635
G1 X153.606 Y117.885 E347.96271
G1 X153.442 Y118.173 E347.97373
G1 X153.176 Y118.405 E347.98547
G1 F2700 E342.98547
G0 F9000 X153.382 Y118.639
G0 X152.897 Y118.795
G0 X150.825 Y118.505
G0 X149.38 Y118.505
G0 X148.398 Y119.764
G1 F2700 E347.98547
G1 F1200 X148.235 Y119.898 E347.99249
G1 X140.363 Y119.9 E348.25431
G1 X140.259 Y119.843 E348.25826
G1 X140.202 Y119.729 E348.26249
G1 X140.202 Y114.667 E348.43086
G1 X140.28 Y114.539 E348.43584
G1 X140.365 Y114.502 E348.43893
G1 X148.246 Y114.5 E348.70105
G1 X148.399 Y114.64 E348.70795
G1 X148.398 Y119.764 E348.87837
G1 F2700 E343.87837
G0 F9000 X148.71 Y119.764
G0 X148.638 Y120.138
G0 X139.962 Y120.138
G0 X139.22 Y118.71
G0 X137.919 Y118.237
G0 X136.558 Y118.417
G1 F2700 E348.87837
G1 F1200 X136.229 Y118.554 E348.89023
G1 X135.967 Y118.57 E348.89896
G1 X135.643 Y118.516 E348.90988
G1 X135.299 Y118.322 E348.92302
G1 X134.996 Y117.898 E348.94035
G1 X134.929 Y117.552 E348.95207
G1 X134.99 Y117.111 E348.96688
G1 X135.154 Y116.824 E348.97787
G1 X135.423 Y116.585 E348.98984
G1 X135.796 Y116.441 E349.00314
G1 X136.088 Y116.428 E349.01286
G1 X136.34 Y116.479 E349.02141
G1 X136.696 Y116.675 E349.03493
G1 X137.003 Y117.096 E349.05226
G1 X137.072 Y117.416 E349.06315
G1 X137.006 Y117.886 E349.07893
G1 X136.841 Y118.173 E349.08994
G1 X136.558 Y118.417 E349.10237
G1 F2700 E344.10237
G0 F9000 X136.675 Y118.708
G0 X135.519 Y119.489
G0 X133.201 Y119.489
G0 X132.046 Y124.264
G1 F2700 E349.10237
G1 F898.9 X119 Y124.265 E349.68164
G1 F1030 X118.8 Y124.012 E349.69414
G1 F1200 X118.8 Y110.987 E350.12735
G1 F1025.6 X118.954 Y110.735 E350.13885
G1 F898.9 X132 Y110.734 E350.71812
G1 F1030 X132.2 Y111 E350.73101
G1 F1200 X132.2 Y124 E351.1634
G1 F1025.6 X132.046 Y124.264 E351.17529
G1 F2700 E346.17529
G0 F9000 X132.046 Y124.51
G0 X117.046 Y124.51
G0 X117.046 Y124.264
G1 F2700 E351.17529
G1 F898.9 X104 Y124.265 E351.75456
G1 F1030 X103.8 Y124 E351.76743
G1 F1200 X103.8 Y111 E352.19981
G1 F1025.6 X103.954 Y110.735 E352.21173
G1 F898.9 X117 Y110.734 E352.79101
G1 F1030 X117.2 Y110.987 E352.8035
G1 F1200 X117.2 Y124.012 E353.23672
G1 F1025.6 X117.046 Y124.264 E353.24821
G1 F2700 E348.24821
G0 F9000 X117.046 Y124.51
G0 X60.995 Y124.653
G0 X60.58 Y120.121
G0 X60.805 Y119.017
G1 F2700 E353.24821
G1 F1200 X60.355 Y119.162 E353.26393
G1 X59.921 Y119.208 E353.27845
G1 X59.397 Y119.089 E353.29632
G1 X59.094 Y118.94 E353.30755
G1 X58.858 Y118.76 E353.31742
G1 X58.599 Y118.462 E353.33056
G1 X58.371 Y117.996 E353.34781
G1 X58.302 Y117.568 E353.36223
G1 X58.329 Y117.175 E353.37533
G1 X58.458 Y116.779 E353.38918
G1 X58.606 Y116.523 E353.39902
G1 X58.838 Y116.255 E353.41081
G1 X59.188 Y115.979 E353.42563
G1 X59.641 Y115.834 E353.44145
G1 X60.117 Y115.782 E353.45738
G1 X60.599 Y115.907 E353.47394
G1 X60.906 Y116.06 E353.48535
G1 X61.226 Y116.323 E353.49913
G1 X61.392 Y116.527 E353.50787
G1 X61.589 Y116.896 E353.52179
G1 X61.67 Y117.183 E353.53171
G1 X61.696 Y117.624 E353.5464
G1 X61.631 Y117.977 E353.55834
G1 X61.464 Y118.395 E353.57331
G1 X61.142 Y118.759 E353.58947
G1 X60.805 Y119.017 E353.60359
G1 F2700 E348.60359
G0 F9000 X60.994 Y119.263
G0 X62.591 Y118.215
G0 X62.591 Y123.864
G0 X102.828 Y123.89
G0 X102.64 Y123.7
;TYPE:SKIN
G1 F2700 E353.60359
G1 F1200 X53.86 Y123.704 E355.22602
G1 X53.86 Y111.296 E355.63871
G1 X102.64 Y111.296 E357.26114
G1 X102.64 Y123.7 E357.6737
G1 F2700 E352.6737
G0 F9000 X102.9 Y123.7
G0 X60.564 Y123.864
G0 X60.143 Y120.19
G0 X60.564 Y120.041
G0 X60.638 Y120.291
G1 F2700 E357.6737
G1 F1200 X61.134 Y120.131 E357.69103
G1 X61.514 Y119.933 E357.70528
G1 X61.934 Y119.615 E357.7228
G1 X62.322 Y119.175 E357.74232
G1 X62.511 Y118.906 E357.75325
G1 X62.755 Y118.286 E357.77541
G1 X62.86 Y117.639 E357.79721
G1 X62.812 Y117.008 E357.81826
G1 X62.697 Y116.551 E357.83393
G1 X62.597 Y116.311 E357.84258
G1 X62.311 Y115.803 E357.86197
G1 X61.947 Y115.411 E357.87976
G1 X61.621 Y115.147 E357.89372
G1 X61.385 Y114.995 E357.90305
G1 X60.993 Y114.81 E357.91747
G1 X60.43 Y114.662 E357.93683
G1 X60.056 Y114.62 E357.94935
G1 X59.392 Y114.697 E357.97158
G1 X58.862 Y114.865 E357.99007
G1 X58.477 Y115.067 E358.00453
G1 X58.039 Y115.405 E358.02294
G1 X57.69 Y115.799 E358.04044
G1 X57.445 Y116.213 E358.05644
G1 X57.337 Y116.453 E358.0652
G1 X57.22 Y116.829 E358.07829
G1 X57.163 Y117.117 E358.08806
G1 X57.134 Y117.642 E358.10555
G1 X57.222 Y118.162 E358.12309
G1 X57.33 Y118.509 E358.13517
G1 X57.514 Y118.901 E358.14958
G1 X57.72 Y119.219 E358.16218
G1 X58.066 Y119.616 E358.17969
G1 X58.486 Y119.936 E358.19726
G1 X58.897 Y120.137 E358.21247
G1 X59.155 Y120.226 E358.22155
G1 X59.611 Y120.331 E358.23711
G1 X59.953 Y120.368 E358.24856
G1 X60.638 Y120.291 E358.27148
G1 F2700 E353.27148
G0 F9000 X60.564 Y120.041
G0 X58.973 Y119.973
G0 X53.7 Y119.973
G0 X53.6 Y123.074
G0 X54.06 Y123.074
G1 F2700 E358.27148
G1 F1200 X54.49 Y123.503 E358.29168
G0 F9000 X55.055 Y123.503
G1 F1200 X54.06 Y122.508 E358.33849
G0 F9000 X54.06 Y121.943
G1 F1200 X55.621 Y123.503 E358.41189
G0 F9000 X56.187 Y123.503
G1 F1200 X54.06 Y121.377 E358.51191
G0 F9000 X54.06 Y120.811
G1 F1200 X56.752 Y123.503 E358.63854
G0 F9000 X57.318 Y123.503
G1 F1200 X54.06 Y120.246 E358.79176
G0 F9000 X54.06 Y119.68
G1 F1200 X57.884 Y123.503 E358.9716
G0 F9000 X58.449 Y123.503
G1 F1200 X54.06 Y119.114 E359.17805
G0 F9000 X54.06 Y118.549
G1 F1200 X59.015 Y123.503 E359.41109
G0 F9000 X59.581 Y123.503
G1 F1200 X54.06 Y117.983 E359.67076
G0 F9000 X54.06 Y117.417
G1 F1200 X60.147 Y123.503 E359.95705
G0 F9000 X60.712 Y123.503
G1 F1200 X54.06 Y116.852 E360.26992
G0 F9000 X54.06 Y116.286
G1 F1200 X61.278 Y123.503 E360.60941
G0 F9000 X61.844 Y123.503
G1 F1200 X58.515 Y120.175 E360.76597
G0 F9000 X59.391 Y120.485
G1 F1200 X62.409 Y123.503 E360.90793
G0 F9000 X62.975 Y123.503
G1 F1200 X60.032 Y120.56 E361.04636
G0 F9000 X60.544 Y120.507
G1 F1200 X63.541 Y123.503 E361.1873
G0 F9000 X64.106 Y123.503
G1 F1200 X60.991 Y120.388 E361.33382
G0 F9000 X61.39 Y120.222
G1 F1200 X64.671 Y123.503 E361.48815
G0 F9000 X65.237 Y123.503
G1 F1200 X61.743 Y120.009 E361.6525
G0 F9000 X62.066 Y119.766
G1 F1200 X65.803 Y123.503 E361.82827
G0 F9000 X66.368 Y123.503
G1 F1200 X62.333 Y119.467 E362.01809
G0 F9000 X62.585 Y119.153
G1 F1200 X66.934 Y123.503 E362.22268
G0 F9000 X67.5 Y123.503
G1 F1200 X62.776 Y118.778 E362.4449
G0 F9000 X62.935 Y118.373
G1 F1200 X68.065 Y123.503 E362.6862
G0 F9000 X68.631 Y123.503
G1 F1200 X63.024 Y117.896 E362.94994
G0 F9000 X63.037 Y117.343
G1 F1200 X69.197 Y123.503 E363.23969
G0 F9000 X69.762 Y123.503
G1 F1200 X62.931 Y116.671 E363.56102
G0 F9000 X62.491 Y116.787
G0 X61.825 Y116.022
G0 X60.708 Y115.002
G0 X60.819 Y114.559
G1 F1200 X57.756 Y111.497 E363.70507
G0 F9000 X57.191 Y111.497
G1 F1200 X60.118 Y114.423 E363.84272
G0 F9000 X59.598 Y114.47
G1 F1200 X56.625 Y111.497 E363.98257
G0 F9000 X56.059 Y111.497
G1 F1200 X59.13 Y114.567 E364.12699
G0 F9000 X58.716 Y114.719
G1 F1200 X55.494 Y111.497 E364.27855
G0 F9000 X54.928 Y111.497
G1 F1200 X58.347 Y114.915 E364.43934
G0 F9000 X58.027 Y115.162
G1 F1200 X54.362 Y111.497 E364.61173
G0 F9000 X54.06 Y111.76
G1 F1200 X57.741 Y115.441 E364.78487
G0 F9000 X57.484 Y115.749
G1 F1200 X54.06 Y112.326 E364.94591
G0 F9000 X54.06 Y112.892
G1 F1200 X57.276 Y116.108 E365.09718
G0 F9000 X57.109 Y116.506
G1 F1200 X54.06 Y113.457 E365.24059
G0 F9000 X54.06 Y114.023
G1 F1200 X56.994 Y116.956 E365.37857
G0 F9000 X56.94 Y117.468
G1 F1200 X54.06 Y114.589 E365.51402
G0 F9000 X54.06 Y115.154
G1 F1200 X57.009 Y118.103 E365.65273
G0 F9000 X57.346 Y119.005
G1 F1200 X54.06 Y115.72 E365.80727
G0 F9000 X53.6 Y115.72
G0 X53.672 Y111.108
G0 X58.322 Y111.036
G0 X58.322 Y111.497
G1 F1200 X70.328 Y123.503 E366.37199
G0 F9000 X70.894 Y123.503
G1 F1200 X58.888 Y111.497 E366.93672
G0 F9000 X59.454 Y111.497
G1 F1200 X71.46 Y123.503 E367.50145
G0 F9000 X72.025 Y123.503
G1 F1200 X60.019 Y111.497 E368.06617
G0 F9000 X60.585 Y111.497
G1 F1200 X72.591 Y123.503 E368.6309
G0 F9000 X73.157 Y123.503
G1 F1200 X61.151 Y111.497 E369.19562
G0 F9000 X61.716 Y111.497
G1 F1200 X73.722 Y123.502 E369.76032
G0 F9000 X74.287 Y123.502
G1 F1200 X62.282 Y111.497 E370.325
G0 F9000 X62.848 Y111.497
G1 F1200 X74.853 Y123.502 E370.88968
G0 F9000 X75.419 Y123.502
G1 F1200 X63.413 Y111.497 E371.45438
G0 F9000 X63.979 Y111.497
G1 F1200 X75.984 Y123.502 E372.01906
G0 F9000 X76.55 Y123.502
G1 F1200 X64.545 Y111.497 E372.58374
G0 F9000 X65.11 Y111.497
G1 F1200 X77.116 Y123.502 E373.14844
G0 F9000 X77.681 Y123.502
G1 F1200 X65.676 Y111.497 E373.71312
G0 F9000 X66.242 Y111.497
G1 F1200 X78.247 Y123.502 E374.2778
G0 F9000 X78.813 Y123.502
G1 F1200 X66.807 Y111.497 E374.8425
G0 F9000 X67.373 Y111.497
G1 F1200 X79.378 Y123.502 E375.40718
G0 F9000 X79.944 Y123.502
G1 F1200 X67.939 Y111.497 E375.97186
G0 F9000 X68.505 Y111.497
G1 F1200 X80.51 Y123.502 E376.53654
G0 F9000 X81.075 Y123.502
G1 F1200 X69.07 Y111.497 E377.10121
G0 F9000 X69.636 Y111.497
G1 F1200 X81.641 Y123.502 E377.66589
G0 F9000 X82.207 Y123.502
G1 F1200 X70.202 Y111.497 E378.23057
G0 F9000 X70.767 Y111.497
G1 F1200 X82.773 Y123.502 E378.79527
G0 F9000 X83.337 Y123.501
G1 F1200 X71.333 Y111.497 E379.3599
G0 F9000 X71.899 Y111.497
G1 F1200 X83.903 Y123.501 E379.92454
G0 F9000 X84.469 Y123.501
G1 F1200 X72.464 Y111.497 E380.48919
G0 F9000 X73.03 Y111.497
G1 F1200 X85.035 Y123.501 E381.05384
G0 F9000 X85.6 Y123.501
G1 F1200 X73.596 Y111.497 E381.61848
G0 F9000 X74.161 Y111.497
G1 F1200 X86.166 Y123.501 E382.18313
G0 F9000 X86.732 Y123.501
G1 F1200 X74.727 Y111.497 E382.74779
G0 F9000 X75.293 Y111.497
G1 F1200 X87.297 Y123.501 E383.31242
G0 F9000 X87.863 Y123.501
G1 F1200 X75.858 Y111.497 E383.87707
G0 F9000 X76.424 Y111.497
G1 F1200 X88.429 Y123.501 E384.44173
G0 F9000 X88.994 Y123.501
G1 F1200 X76.99 Y111.497 E385.00636
G0 F9000 X77.555 Y111.497
G1 F1200 X89.56 Y123.501 E385.57101
G0 F9000 X90.126 Y123.501
G1 F1200 X78.121 Y111.497 E386.13567
G0 F9000 X78.687 Y111.497
G1 F1200 X90.691 Y123.501 E386.7003
G0 F9000 X91.257 Y123.501
G1 F1200 X79.253 Y111.497 E387.26493
G0 F9000 X79.818 Y111.497
G1 F1200 X91.823 Y123.501 E387.82959
G0 F9000 X92.388 Y123.501
G1 F1200 X80.384 Y111.497 E388.39422
G0 F9000 X80.95 Y111.497
G1 F1200 X92.953 Y123.5 E388.9588
G0 F9000 X93.519 Y123.5
G1 F1200 X81.515 Y111.497 E389.52341
G0 F9000 X82.081 Y111.497
G1 F1200 X94.085 Y123.5 E390.08802
G0 F9000 X94.65 Y123.5
G1 F1200 X82.647 Y111.497 E390.6526
G0 F9000 X83.212 Y111.497
G1 F1200 X95.216 Y123.5 E391.21721
G0 F9000 X95.782 Y123.5
G1 F1200 X83.778 Y111.497 E391.78182
G0 F9000 X84.344 Y111.497
G1 F1200 X96.348 Y123.5 E392.34642
G0 F9000 X96.913 Y123.5
G1 F1200 X84.909 Y111.497 E392.91103
G0 F9000 X85.475 Y111.497
G1 F1200 X97.479 Y123.5 E393.47564
G0 F9000 X98.045 Y123.5
G1 F1200 X86.041 Y111.497 E394.04025
G0 F9000 X86.606 Y111.497
G1 F1200 X98.61 Y123.5 E394.60486
G0 F9000 X99.176 Y123.5
G1 F1200 X87.172 Y111.497 E395.16946
G0 F9000 X87.738 Y111.497
G1 F1200 X99.742 Y123.5 E395.73407
G0 F9000 X100.307 Y123.5
G1 F1200 X88.303 Y111.497 E396.29868
G0 F9000 X88.869 Y111.497
G1 F1200 X100.873 Y123.5 E396.86329
G0 F9000 X101.439 Y123.5
G1 F1200 X89.435 Y111.497 E397.4279
G0 F9000 X90.001 Y111.497
G1 F1200 X102.004 Y123.5 E397.99248
G0 F9000 X102.44 Y123.37
G1 F1200 X90.566 Y111.497 E398.55097
G0 F9000 X91.132 Y111.497
G1 F1200 X102.44 Y122.805 E399.08287
G0 F9000 X102.44 Y122.239
G1 F1200 X91.698 Y111.497 E399.58814
G0 F9000 X92.263 Y111.497
G1 F1200 X102.44 Y121.673 E400.06681
G0 F9000 X102.44 Y121.108
G1 F1200 X92.829 Y111.497 E400.51888
G0 F9000 X93.395 Y111.497
G1 F1200 X102.44 Y120.542 E400.94433
G0 F9000 X102.44 Y119.976
G1 F1200 X93.96 Y111.497 E401.34318
G0 F9000 X94.526 Y111.497
G1 F1200 X102.44 Y119.411 E401.71543
G0 F9000 X102.44 Y118.845
G1 F1200 X95.092 Y111.497 E402.06106
G0 F9000 X95.657 Y111.497
G1 F1200 X102.44 Y118.279 E402.38009
G0 F9000 X102.44 Y117.713
G1 F1200 X96.223 Y111.497 E402.67249
G0 F9000 X96.789 Y111.497
G1 F1200 X102.44 Y117.148 E402.9383
G0 F9000 X102.44 Y116.582
G1 F1200 X97.354 Y111.497 E403.1775
G0 F9000 X97.92 Y111.497
G1 F1200 X102.44 Y116.016 E403.39009
G0 F9000 X102.44 Y115.451
G1 F1200 X98.486 Y111.497 E403.57607
G0 F9000 X99.052 Y111.497
G1 F1200 X102.44 Y114.885 E403.73543
G0 F9000 X102.44 Y114.319
G1 F1200 X99.617 Y111.497 E403.86819
G0 F9000 X100.183 Y111.497
G1 F1200 X102.44 Y113.754 E403.97435
G0 F9000 X102.44 Y113.188
G1 F1200 X100.749 Y111.497 E404.05389
G0 F9000 X101.314 Y111.497
G1 F1200 X102.44 Y112.622 E404.10683
G0 F9000 X102.44 Y112.057
G1 F1200 X101.88 Y111.497 E404.13318
G1 F2700 E399.13318
G0 F9000 X101.88 Y111.036
G0 X103.562 Y110.562
G0 X132.438 Y110.562
G0 X133.173 Y123.889
G0 X159.102 Y123.871
G0 X161.382 Y123.537
G0 X161.968 Y123.241
G0 X162.439 Y122.707
G0 X163.477 Y120.036
G0 X173.96 Y119.967
G0 X175.563 Y120.042
G0 X175.6 Y120.299
G1 F2700 E404.13318
G1 F1200 X176.13 Y120.131 E404.15167
G1 X176.512 Y119.928 E404.16606
G1 X176.954 Y119.59 E404.18456
G1 X177.314 Y119.186 E404.20256
G1 X177.606 Y118.679 E404.22202
G1 X177.77 Y118.231 E404.23789
G1 X177.858 Y117.718 E404.2552
G1 X177.826 Y117.112 E404.27538
G1 X177.781 Y116.835 E404.28472
G1 X177.669 Y116.451 E404.29802
G1 X177.406 Y115.942 E404.31708
G1 X177.139 Y115.593 E404.33169
G1 X176.777 Y115.253 E404.34821
G1 X176.465 Y115.038 E404.36081
G1 X175.957 Y114.793 E404.37957
G1 X175.345 Y114.641 E404.40054
G1 X174.923 Y114.632 E404.41458
G1 X174.374 Y114.71 E404.43303
G1 X174.075 Y114.796 E404.44337
G1 X173.622 Y114.995 E404.45983
G1 X173.39 Y115.131 E404.46878
G1 X173.034 Y115.41 E404.48382
G1 X172.574 Y115.924 E404.50676
G1 X172.272 Y116.608 E404.53163
G1 X172.131 Y117.266 E404.55401
G1 X172.17 Y118.079 E404.58108
G1 X172.433 Y118.776 E404.60586
G1 X172.828 Y119.39 E404.63014
G1 X173.069 Y119.617 E404.64116
G1 X173.508 Y119.945 E404.65938
G1 X173.88 Y120.125 E404.67313
G1 X174.158 Y120.228 E404.68299
G1 X174.612 Y120.332 E404.69848
G1 X174.956 Y120.372 E404.71
G1 X175.6 Y120.299 E404.73155
G1 F2700 E399.73155
G0 F9000 X175.563 Y120.042
G0 X173.96 Y119.967
G0 X163.222 Y122.83
G0 X162.581 Y123.529
G0 X162.771 Y123.7
G1 F2700 E404.73155
G1 F1200 X163.114 Y123.318 E404.74863
G1 X163.357 Y122.914 E404.76431
G1 X163.572 Y122.346 E404.78451
G1 X163.655 Y121.784 E404.8034
G1 X163.659 Y115.66 E405.00709
G1 X163.579 Y115.092 E405.02617
G1 X163.397 Y114.576 E405.04437
G1 X163.229 Y114.257 E405.05636
G1 X162.939 Y113.851 E405.07295
G1 X162.619 Y113.539 E405.08782
G1 X162.196 Y113.253 E405.1048
G1 X161.883 Y113.093 E405.11649
G1 X161.388 Y112.927 E405.13386
G1 X161.088 Y112.867 E405.14403
G1 X160.557 Y112.832 E405.16173
G1 X159.904 Y112.955 E405.18383
G1 X159.571 Y113.066 E405.19551
G1 X159.171 Y113.262 E405.21032
G1 X158.947 Y113.414 E405.21933
G1 X158.646 Y113.667 E405.2324
G1 X158.436 Y113.883 E405.24242
G1 X158.204 Y114.191 E405.25525
G1 X158.028 Y114.512 E405.26743
G1 X157.815 Y115.1 E405.28823
G1 X157.742 Y115.615 E405.30553
G1 X157.742 Y121.842 E405.51264
G1 X157.818 Y122.286 E405.52762
G1 X157.994 Y122.806 E405.54588
G1 X158.162 Y123.136 E405.5582
G1 X158.455 Y123.536 E405.57469
G1 X158.618 Y123.699 E405.58235
G1 X133.36 Y123.7 E406.42244
G1 X133.36 Y118.28 E406.60271
G1 F1176.5 X133.367 Y117.855 E406.61713
G1 F1173.6 X133.361 Y117.559 E406.6272
G1 F1137.4 X133.38 Y116.951 E406.64854
G1 F1142.9 X133.361 Y116.43 E406.66675
G1 F1200 X133.36 Y111.296 E406.83751
G1 X181.14 Y111.296 E408.42668
G1 X181.14 Y123.7 E408.83923
G1 X162.771 Y123.7 E409.45019
G1 F2700 E404.45019
G0 F9000 X162.581 Y123.529
G0 X161.512 Y123.919
G0 X160.82 Y124.053
G0 X160.256 Y124.016
G0 X159.589 Y123.791
G0 X158.965 Y123.365
G0 X158.523 Y122.761
G0 X158.356 Y122.289
G0 X157.92 Y119.374
G0 X154.31 Y118.629
G0 X153.21 Y119.371
G0 X153.304 Y119.614
G1 F2700 E409.45019
G1 F1200 X153.568 Y119.506 E409.45968
G1 X153.872 Y119.333 E409.47131
G1 X154.175 Y119.072 E409.48461
G1 X154.447 Y118.748 E409.49868
G1 X154.591 Y118.499 E409.50825
G1 X154.754 Y118.055 E409.52398
G1 X154.836 Y117.468 E409.54369
G1 X154.78 Y116.963 E409.56059
G1 X154.593 Y116.495 E409.57735
G1 X154.164 Y115.908 E409.60154
G1 X153.981 Y115.737 E409.60987
G1 X153.552 Y115.486 E409.6264
G1 X153.128 Y115.321 E409.64153
G1 X152.71 Y115.269 E409.65554
G1 X152.141 Y115.29 E409.67448
G1 X151.409 Y115.587 E409.70075
G1 X151.01 Y115.927 E409.71819
G1 X150.747 Y116.251 E409.73207
G1 X150.586 Y116.532 E409.74284
G1 X150.437 Y116.988 E409.7588
G1 X150.365 Y117.5 E409.77599
G1 X150.386 Y117.819 E409.78662
G1 X150.456 Y118.125 E409.79707
G1 X150.658 Y118.576 E409.8135
G1 X150.989 Y119.045 E409.83259
G1 X151.246 Y119.282 E409.84422
G1 X151.75 Y119.565 E409.86345
G1 X152.062 Y119.66 E409.87429
G1 X152.499 Y119.734 E409.88904
G1 X153.019 Y119.694 E409.90638
G1 X153.304 Y119.614 E409.91623
G1 F2700 E404.91623
G0 F9000 X153.21 Y119.371
G0 X151.366 Y119.149
G0 X149.38 Y119.149
G0 X149.038 Y120.538
G0 X148.758 Y120.648
G0 X148.889 Y120.875
G1 F2700 E409.91623
G1 F1200 X149.168 Y120.655 E409.92805
G1 X149.417 Y120.347 E409.94122
G1 X149.558 Y119.87 E409.95776
G1 X149.561 Y114.7 E410.12972
G1 X149.515 Y114.28 E410.14377
G1 X149.285 Y113.872 E410.15935
G1 X149.016 Y113.609 E410.17186
G1 X148.642 Y113.407 E410.186
G1 X148.228 Y113.342 E410.19994
G1 X140.368 Y113.342 E410.46136
G1 X139.958 Y113.407 E410.47517
G1 X139.584 Y113.609 E410.48931
G1 X139.335 Y113.853 E410.5009
G1 X139.139 Y114.177 E410.5135
G1 X139.04 Y114.522 E410.52543
G1 X139.043 Y119.855 E410.70281
G1 X139.113 Y120.149 E410.71286
G1 X139.255 Y120.437 E410.72354
G1 X139.463 Y120.684 E410.73428
G1 X139.691 Y120.856 E410.74378
G1 X140.032 Y121.011 E410.75624
G1 X140.372 Y121.059 E410.76766
G1 X148.224 Y121.059 E411.02882
G1 X148.536 Y121.015 E411.0393
G1 X148.889 Y120.875 E411.05193
G1 F2700 E406.05193
G0 F9000 X148.758 Y120.648
G0 X139.562 Y120.538
G0 X139.22 Y119.434
G0 X137.014 Y119.292
G0 X136.463 Y119.432
G0 X136.511 Y119.686
G1 F2700 E411.05193
G1 F1200 X137.08 Y119.458 E411.07232
G1 X137.339 Y119.276 E411.08284
G1 X137.613 Y119.033 E411.09503
G1 X137.95 Y118.611 E411.11299
G1 X138.154 Y118.055 E411.13269
G1 X138.236 Y117.46 E411.15266
G1 X138.176 Y116.942 E411.17001
G1 X137.935 Y116.413 E411.18934
G1 X137.658 Y116.026 E411.20517
G1 X137.313 Y115.698 E411.221
G1 X136.783 Y115.392 E411.24136
G1 X136.369 Y115.297 E411.25549
G1 X136.08 Y115.264 E411.26516
G1 X135.64 Y115.289 E411.27982
G1 X135.306 Y115.381 E411.29134
G1 X135.022 Y115.493 E411.3015
G1 X134.617 Y115.743 E411.31733
G1 X134.405 Y115.935 E411.32684
G1 X134.148 Y116.25 E411.34036
G1 X134.003 Y116.495 E411.34983
G1 F1142.9 X133.818 Y116.981 E411.36799
G1 F1137.4 X133.763 Y117.544 E411.38784
G1 F1173.6 X133.779 Y117.82 E411.39724
G1 F1176.5 X133.855 Y118.129 E411.40804
G1 F1197 X134.058 Y118.576 E411.42441
G1 F1200 X134.353 Y118.985 E411.44118
G1 X134.733 Y119.329 E411.45823
G1 X135.042 Y119.507 E411.47009
G1 X135.49 Y119.666 E411.4859
G1 X135.946 Y119.736 E411.50124
G1 X136.511 Y119.686 E411.52011
G1 F2700 E406.52011
G0 F9000 X136.463 Y119.432
G0 X135.519 Y119.489
G0 X133.201 Y119.489
G0 X133.173 Y123.889
G0 X133.683 Y123.961
G0 X133.683 Y123.5
G1 F2700 E411.52011
G1 F1200 X133.56 Y123.377 E411.52589
G0 F9000 X133.56 Y122.812
G1 F1200 X134.248 Y123.5 E411.55826
G0 F9000 X134.814 Y123.5
G1 F1200 X133.56 Y122.246 E411.61724
G0 F9000 X133.56 Y121.68
G1 F1200 X135.38 Y123.5 E411.70285
G0 F9000 X135.946 Y123.5
G1 F1200 X133.56 Y121.115 E411.81505
G0 F9000 X133.56 Y120.549
G1 F1200 X136.511 Y123.5 E411.95386
G0 F9000 X137.077 Y123.5
G1 F1200 X133.56 Y119.983 E412.11929
G0 F9000 X133.56 Y119.418
G1 F1200 X137.643 Y123.5 E412.31132
G0 F9000 X138.208 Y123.5
G1 F1200 X133.56 Y118.852 E412.52994
G0 F9000 X133.83 Y118.556
G1 F1200 X133.56 Y118.286 E412.54264
G1 F2700 E407.54264
G0 F9000 X133.101 Y118.286
G0 X133.201 Y116.879
G0 X134.014 Y117.014
G0 X133.694 Y116.724
G1 F2700 E412.54264
G1 F1200 X133.573 Y116.603 E412.54834
G0 F9000 X133.868 Y116.332
G1 F1200 X133.56 Y116.024 E412.56282
G0 F9000 X134.099 Y115.997
G1 F1200 X133.56 Y115.459 E412.58815
G0 F9000 X133.56 Y114.893
G1 F1200 X134.369 Y115.701 E412.62618
G0 F9000 X134.693 Y115.46
G1 F1200 X133.56 Y114.327 E412.67947
G0 F9000 X133.56 Y113.761
G1 F1200 X135.062 Y115.263 E412.75012
G0 F9000 X135.489 Y115.124
G1 F1200 X133.56 Y113.196 E412.84083
G0 F9000 X133.56 Y112.63
G1 F1200 X136.002 Y115.072 E412.9557
G0 F9000 X136.655 Y115.159
G1 F1200 X133.56 Y112.064 E413.10128
G0 F9000 X133.56 Y111.499
G1 F1200 X138.84 Y116.778 E413.34961
G0 F9000 X138.36 Y116.864
G1 F1200 X138.84 Y117.344 E413.37219
G0 F9000 X138.435 Y117.504
G1 F1200 X138.84 Y117.909 E413.39124
G0 F9000 X138.364 Y117.999
G1 F1200 X138.84 Y118.475 E413.41363
G0 F9000 X138.84 Y119.041
G1 F1200 X138.228 Y118.429 E413.44241
G0 F9000 X138.044 Y118.811
G1 F1200 X138.84 Y119.606 E413.47983
G0 F9000 X138.964 Y120.297
G1 F1200 X137.79 Y119.122 E413.53508
G0 F9000 X137.502 Y119.4
G1 F1200 X141.602 Y123.5 E413.72793
G0 F9000 X141.037 Y123.5
G1 F1200 X137.17 Y119.633 E413.90982
G0 F9000 X136.77 Y119.799
G1 F1200 X140.471 Y123.5 E414.0839
G0 F9000 X139.905 Y123.5
G1 F1200 X136.308 Y119.903 E414.2531
G0 F9000 X135.748 Y119.908
G1 F1200 X139.34 Y123.5 E414.42205
G0 F9000 X138.774 Y123.5
G1 F1200 X134.957 Y119.683 E414.60159
G1 F2700 E409.60159
G0 F9000 X135.163 Y119.278
G0 X137.014 Y119.292
G0 X139.219 Y119.82
G0 X139.562 Y120.538
G0 X139.974 Y120.705
G0 X139.792 Y121.125
G1 F2700 E414.60159
G1 F1200 X142.168 Y123.5 E414.71333
G0 F9000 X142.734 Y123.5
G1 F1200 X140.491 Y121.257 E414.81883
G0 F9000 X141.056 Y121.257
G1 F1200 X143.299 Y123.5 E414.92434
G0 F9000 X143.865 Y123.5
G1 F1200 X141.622 Y121.257 E415.02984
G0 F9000 X142.188 Y121.257
G1 F1200 X144.431 Y123.5 E415.13534
G0 F9000 X144.996 Y123.5
G1 F1200 X142.754 Y121.257 E415.24082
G0 F9000 X143.319 Y121.257
G1 F1200 X145.562 Y123.5 E415.34633
G0 F9000 X146.128 Y123.5
G1 F1200 X143.885 Y121.257 E415.45183
G0 F9000 X144.451 Y121.257
G1 F1200 X146.694 Y123.5 E415.55734
G0 F9000 X147.259 Y123.5
G1 F1200 X145.016 Y121.257 E415.66284
G0 F9000 X145.582 Y121.257
G1 F1200 X147.825 Y123.5 E415.76834
G0 F9000 X148.391 Y123.5
G1 F1200 X146.148 Y121.257 E415.87385
G0 F9000 X146.713 Y121.257
G1 F1200 X148.956 Y123.5 E415.97935
G0 F9000 X149.522 Y123.5
G1 F1200 X147.279 Y121.257 E416.08485
G0 F9000 X147.845 Y121.257
G1 F1200 X150.088 Y123.5 E416.19036
G0 F9000 X150.653 Y123.5
G1 F1200 X148.391 Y121.238 E416.29676
G0 F9000 X148.835 Y121.116
G1 F1200 X151.219 Y123.5 E416.40889
G0 F9000 X151.785 Y123.5
G1 F1200 X149.185 Y120.901 E416.53116
G0 F9000 X149.458 Y120.608
G1 F1200 X152.35 Y123.5 E416.6672
G0 F9000 X152.916 Y123.5
G1 F1200 X149.656 Y120.241 E416.82051
G0 F9000 X149.755 Y119.774
G1 F1200 X153.482 Y123.5 E416.9958
G0 F9000 X154.047 Y123.5
G1 F1200 X149.755 Y119.208 E417.19768
G0 F9000 X149.755 Y118.643
G1 F1200 X154.613 Y123.5 E417.42616
G0 F9000 X155.179 Y123.5
G1 F1200 X151.055 Y119.377 E417.62012
G0 F9000 X150.793 Y119.114
G1 F1200 X149.756 Y118.078 E417.66887
G0 F9000 X150.216 Y117.972
G1 F1200 X149.757 Y117.513 E417.69046
G0 F9000 X150.185 Y117.375
G1 F1200 X149.757 Y116.948 E417.71057
G0 F9000 X150.263 Y116.888
G1 F1200 X149.758 Y116.383 E417.73432
G0 F9000 X149.759 Y115.818
G1 F1200 X150.4 Y116.459 E417.76447
G0 F9000 X150.61 Y116.103
G1 F1200 X149.76 Y115.253 E417.80445
G0 F9000 X149.76 Y114.687
G1 F1200 X150.866 Y115.794 E417.8565
G0 F9000 X151.169 Y115.531
G1 F1200 X149.518 Y113.88 E417.93416
G0 F9000 X149.023 Y113.385
G1 F1200 X147.134 Y111.496 E418.02301
G0 F9000 X146.568 Y111.496
G1 F1200 X148.216 Y113.143 E418.1005
G0 F9000 X147.65 Y113.143
G1 F1200 X146.003 Y111.496 E418.17797
G0 F9000 X145.437 Y111.496
G1 F1200 X147.085 Y113.143 E418.25547
G0 F9000 X146.519 Y113.143
G1 F1200 X144.871 Y111.496 E418.33296
G0 F9000 X144.306 Y111.496
G1 F1200 X145.953 Y113.143 E418.41043
G0 F9000 X145.388 Y113.143
G1 F1200 X143.74 Y111.496 E418.48792
G0 F9000 X143.174 Y111.496
G1 F1200 X144.822 Y113.143 E418.56542
G0 F9000 X144.256 Y113.143
G1 F1200 X142.609 Y111.496 E418.64289
G0 F9000 X142.043 Y111.496
G1 F1200 X143.69 Y113.143 E418.72036
G0 F9000 X143.125 Y113.143
G1 F1200 X141.477 Y111.496 E418.79785
G0 F9000 X140.912 Y111.496
G1 F1200 X142.559 Y113.143 E418.87532
G0 F9000 X141.993 Y113.143
G1 F1200 X140.346 Y111.496 E418.95279
G0 F9000 X139.78 Y111.496
G1 F1200 X141.428 Y113.143 E419.03028
G0 F9000 X140.862 Y113.143
G1 F1200 X139.214 Y111.496 E419.10778
G0 F9000 X138.649 Y111.496
G1 F1200 X140.301 Y113.148 E419.18548
G0 F9000 X139.834 Y113.247
G1 F1200 X138.083 Y111.496 E419.26784
G0 F9000 X137.517 Y111.496
G1 F1200 X139.465 Y113.444 E419.35947
G0 F9000 X139.18 Y113.724
G1 F1200 X136.952 Y111.496 E419.46427
G0 F9000 X136.386 Y111.496
G1 F1200 X138.968 Y114.078 E419.58572
G0 F9000 X138.84 Y114.515
G1 F1200 X135.82 Y111.496 E419.72775
G0 F9000 X135.255 Y111.496
G1 F1200 X138.84 Y115.081 E419.89638
G0 F9000 X138.84 Y115.647
G1 F1200 X134.689 Y111.496 E420.09163
G0 F9000 X134.123 Y111.496
G1 F1200 X138.84 Y116.212 E420.31348
G1 F2700 E415.31348
G0 F9000 X139.3 Y116.213
G0 X139.562 Y113.862
G0 X147.7 Y113.52
G0 X147.7 Y111.136
G0 X147.7 Y111.496
G1 F2700 E420.31348
G1 F1200 X151.527 Y115.323 E420.49349
G0 F9000 X151.927 Y115.157
G1 F1200 X148.265 Y111.496 E420.66571
G0 F9000 X148.831 Y111.496
G1 F1200 X152.415 Y115.08 E420.83429
G0 F9000 X153 Y115.099
G1 F1200 X149.397 Y111.496 E421.00377
G0 F9000 X149.962 Y111.496
G1 F1200 X153.949 Y115.483 E421.1913
G0 F9000 X154.513 Y116.046
G1 F1200 X157.545 Y119.078 E421.33392
G0 F9000 X157.545 Y118.513
G1 F1200 X150.528 Y111.496 E421.66398
G0 F9000 X151.094 Y111.496
G1 F1200 X157.545 Y117.947 E421.96741
G0 F9000 X157.545 Y117.381
G1 F1200 X151.66 Y111.496 E422.24422
G0 F9000 X152.225 Y111.496
G1 F1200 X157.545 Y116.815 E422.49444
G0 F9000 X157.545 Y116.25
G1 F1200 X152.791 Y111.496 E422.71805
G0 F9000 X153.357 Y111.496
G1 F1200 X157.545 Y115.684 E422.91504
G0 F9000 X157.605 Y115.179
G1 F1200 X153.922 Y111.496 E423.08828
G0 F9000 X154.488 Y111.496
G1 F1200 X157.733 Y114.741 E423.24091
G0 F9000 X157.896 Y114.338
G1 F1200 X155.054 Y111.496 E423.37459
G0 F9000 X155.619 Y111.496
G1 F1200 X158.109 Y113.986 E423.49171
G0 F9000 X158.363 Y113.674
G1 F1200 X156.185 Y111.496 E423.59416
G0 F9000 X156.751 Y111.496
G1 F1200 X158.654 Y113.399 E423.68367
G0 F9000 X158.975 Y113.155
G1 F1200 X157.316 Y111.496 E423.76171
G0 F9000 X157.882 Y111.496
G1 F1200 X159.342 Y112.955 E423.83036
G0 F9000 X159.748 Y112.796
G1 F1200 X158.448 Y111.496 E423.8915
G0 F9000 X159.013 Y111.496
G1 F1200 X160.208 Y112.691 E423.94771
G0 F9000 X160.726 Y112.643
G1 F1200 X159.579 Y111.496 E424.00166
G0 F9000 X160.145 Y111.496
G1 F1200 X161.37 Y112.721 E424.05928
G0 F9000 X162.295 Y113.081
G1 F1200 X160.711 Y111.496 E424.13381
G0 F9000 X161.276 Y111.496
G1 F1200 X173.281 Y123.5 E424.69847
G0 F9000 X173.846 Y123.5
G1 F1200 X161.842 Y111.496 E425.2631
G0 F9000 X162.408 Y111.496
G1 F1200 X174.412 Y123.5 E425.82773
G0 F9000 X174.978 Y123.5
G1 F1200 X162.973 Y111.496 E426.39239
G0 F9000 X163.539 Y111.496
G1 F1200 X175.544 Y123.5 E426.95704
G0 F9000 X176.109 Y123.5
G1 F1200 X164.105 Y111.496 E427.52167
G0 F9000 X164.67 Y111.496
G1 F1200 X172.637 Y119.463 E427.89642
G0 F9000 X172.951 Y119.777
G1 F1200 X176.675 Y123.5 E428.07156
G0 F9000 X177.241 Y123.5
G1 F1200 X174.176 Y120.436 E428.2157
G0 F9000 X174.872 Y120.566
G1 F1200 X177.806 Y123.5 E428.35371
G0 F9000 X178.372 Y123.5
G1 F1200 X175.396 Y120.525 E428.49367
G0 F9000 X175.865 Y120.428
G1 F1200 X178.938 Y123.5 E428.63819
G0 F9000 X179.503 Y123.5
G1 F1200 X176.279 Y120.276 E428.78984
G0 F9000 X176.644 Y120.076
G1 F1200 X180.069 Y123.5 E428.95091
G0 F9000 X180.635 Y123.5
G1 F1200 X176.965 Y119.831 E429.12352
G0 F9000 X177.253 Y119.553
G1 F1200 X180.94 Y123.24 E429.29694
G0 F9000 X180.94 Y122.675
G1 F1200 X177.513 Y119.247 E429.45816
G0 F9000 X177.718 Y118.887
G1 F1200 X180.94 Y122.109 E429.60971
G0 F9000 X180.94 Y121.543
G1 F1200 X177.885 Y118.488 E429.75341
G0 F9000 X178.003 Y118.04
G1 F1200 X180.94 Y120.977 E429.89156
G0 F9000 X180.94 Y120.412
G1 F1200 X178.05 Y117.522 E430.0275
G0 F9000 X177.992 Y116.897
G1 F1200 X180.94 Y119.846 E430.16618
G0 F9000 X180.94 Y119.28
G1 F1200 X177.661 Y116.001 E430.32042
G0 F9000 X177.253 Y116.214
G0 X176.291 Y115.242
G0 X176.49 Y114.83
G1 F1200 X173.156 Y111.496 E430.47724
G0 F9000 X173.721 Y111.496
G1 F1200 X180.94 Y118.715 E430.8168
G0 F9000 X180.94 Y118.149
G1 F1200 X174.287 Y111.496 E431.12974
G0 F9000 X174.853 Y111.496
G1 F1200 X180.94 Y117.583 E431.41605
G0 F9000 X180.94 Y117.018
G1 F1200 X175.418 Y111.496 E431.67579
G0 F9000 X175.984 Y111.496
G1 F1200 X180.94 Y116.452 E431.9089
G0 F9000 X180.94 Y115.886
G1 F1200 X176.55 Y111.496 E432.11539
G0 F9000 X177.115 Y111.496
G1 F1200 X180.94 Y115.321 E432.29531
G0 F9000 X180.94 Y114.755
G1 F1200 X177.681 Y111.496 E432.4486
G0 F9000 X178.247 Y111.496
G1 F1200 X180.94 Y114.189 E432.57527
G0 F9000 X180.94 Y113.624
G1 F1200 X178.812 Y111.496 E432.67537
G0 F9000 X179.378 Y111.496
G1 F1200 X180.94 Y113.058 E432.74884
G0 F9000 X180.94 Y112.492
G1 F1200 X179.944 Y111.496 E432.79569
G0 F9000 X180.51 Y111.496
G1 F1200 X180.94 Y111.927 E432.81594
G1 F2700 E427.81594
G0 F9000 X181.4 Y111.927
G0 X181.3 Y114.945
G0 X176.658 Y115.388
G0 X175.478 Y114.945
G0 X175.59 Y114.496
G1 F2700 E432.81594
G1 F1200 X172.59 Y111.496 E432.95705
G0 F9000 X172.024 Y111.496
G1 F1200 X174.96 Y114.432 E433.09515
G0 F9000 X174.458 Y114.495
G1 F1200 X171.459 Y111.496 E433.23621
G0 F9000 X170.893 Y111.496
G1 F1200 X174.008 Y114.611 E433.38273
G0 F9000 X173.612 Y114.781
G1 F1200 X170.327 Y111.496 E433.53725
G0 F9000 X169.761 Y111.496
G1 F1200 X173.252 Y114.986 E433.70143
G0 F9000 X172.936 Y115.236
G1 F1200 X169.196 Y111.496 E433.87735
G0 F9000 X168.63 Y111.496
G1 F1200 X172.661 Y115.527 E434.06696
G0 F9000 X172.398 Y115.83
G1 F1200 X168.064 Y111.496 E434.27082
G0 F9000 X167.499 Y111.496
G1 F1200 X172.223 Y116.22 E434.49302
G0 F9000 X172.064 Y116.627
G1 F1200 X166.933 Y111.496 E434.73436
G0 F9000 X166.367 Y111.496
G1 F1200 X171.963 Y117.092 E434.99758
G0 F9000 X171.951 Y117.645
G1 F1200 X165.802 Y111.496 E435.28681
G0 F9000 X165.236 Y111.496
G1 F1200 X172.045 Y118.305 E435.60709
G1 F2700 E430.60709
G0 F9000 X172.472 Y118.144
G0 X172.98 Y119.294
G0 X172.98 Y123.861
G0 X172.149 Y123.961
G0 X172.149 Y123.5
G1 F2700 E435.60709
G1 F1200 X163.787 Y115.138 E436.00041
G0 F9000 X163.856 Y115.773
G1 F1200 X171.584 Y123.5 E436.36389
G0 F9000 X171.018 Y123.5
G1 F1200 X163.856 Y116.339 E436.70074
G0 F9000 X163.856 Y116.904
G1 F1200 X170.452 Y123.5 E437.011
G0 F9000 X169.887 Y123.5
G1 F1200 X163.856 Y117.47 E437.29465
G0 F9000 X163.855 Y118.035
G1 F1200 X169.321 Y123.5 E437.55174
G0 F9000 X168.755 Y123.5
G1 F1200 X163.855 Y118.6 E437.78222
G0 F9000 X163.854 Y119.165
G1 F1200 X168.19 Y123.5 E437.98614
G0 F9000 X167.624 Y123.5
G1 F1200 X163.854 Y119.731 E438.16345
G0 F9000 X163.854 Y120.296
G1 F1200 X167.058 Y123.5 E438.31416
G0 F9000 X166.493 Y123.5
G1 F1200 X163.853 Y120.861 E438.43831
G0 F9000 X163.853 Y121.426
G1 F1200 X165.927 Y123.5 E438.53587
G0 F9000 X165.361 Y123.5
G1 F1200 X163.831 Y121.97 E438.60783
G0 F9000 X163.745 Y122.45
G1 F1200 X164.795 Y123.5 E438.65722
G0 F9000 X164.23 Y123.5
G1 F1200 X163.588 Y122.859 E438.6874
G0 F9000 X163.4 Y123.236
G1 F1200 X163.664 Y123.5 E438.69981
G0 F9000 X163.664 Y123.961
G0 X161.36 Y124.036
G0 X158.007 Y123.961
G0 X158.007 Y123.5
G1 F1200 X153.997 Y119.49 E438.88843
G0 F9000 X154.301 Y119.228
G1 F1200 X157.736 Y122.663 E439.05
G0 F9000 X157.552 Y121.914
G1 F1200 X154.561 Y118.923 E439.19069
G0 F9000 X154.774 Y118.57
G1 F1200 X157.545 Y121.341 E439.32103
G0 F9000 X157.545 Y120.775
G1 F1200 X154.926 Y118.157 E439.4442
G0 F9000 X155.008 Y117.672
G1 F1200 X157.545 Y120.21 E439.56355
G0 F9000 X157.545 Y119.644
G1 F1200 X154.996 Y117.095 E439.68345
G0 F9000 X154.54 Y117.146
G0 X154.232 Y118.103
G0 X153.462 Y119.268
G0 X153.636 Y119.695
G1 F1200 X157.442 Y123.5 E439.86245
G0 F9000 X156.876 Y123.5
G1 F1200 X153.221 Y119.845 E440.03437
G0 F9000 X152.729 Y119.919
G1 F1200 X156.31 Y123.5 E440.20281
G0 F9000 X155.745 Y123.5
G1 F1200 X152.114 Y119.869 E440.3736
G1 F2700 E435.3736
G0 F9000 X152.189 Y119.42
G0 X153.509 Y118.98
G0 X154.576 Y118.024
G0 X157.921 Y118.027
G0 X158.322 Y115.195
G0 X158.541 Y114.596
G0 X158.911 Y114.122
G0 X159.335 Y113.759
G0 X159.888 Y113.481
G0 X160.58 Y113.347
G0 X161.144 Y113.384
G0 X161.683 Y113.566
G0 X163.028 Y114.432
G0 X163.434 Y114.22
G1 F2700 E440.3736
G1 F1200 X172.715 Y123.5 E440.81012
G1 F2700 E435.81012
;MESH:NONMESH
G0 F300 X172.715 Y123.5 Z0.8
G0 F9000 X172.715 Y123.961
G0 X132.438 Y124.438
G0 X103.562 Y124.438
G0 X103.549 Y119.902
G0 X102.8 Y119.858
G0 X62.177 Y119.075
G0 X60.847 Y119.858
;TIME_ELAPSED:830.794057
;LAYER:3
M106 S255
;TYPE:WALL-INNER
;MESH:BtnFaceWithWings.stl
G1 F2700 E440.81012
G1 F1200 X60.294 Y119.987 E440.82901
G1 X59.744 Y119.993 E440.84731
G1 X59.148 Y119.857 E440.86764
G1 X58.518 Y119.553 E440.8909
G1 X57.976 Y118.978 E440.91719
G1 X57.734 Y118.573 E440.93288
G1 X57.551 Y118.026 E440.95206
G1 X57.497 Y117.626 E440.96549
G1 X57.521 Y117.18 E440.98034
G1 X57.572 Y116.921 E440.98912
G1 X57.716 Y116.493 E441.00414
G1 X57.838 Y116.247 E441.01327
G1 X58.109 Y115.852 E441.02921
G1 X58.485 Y115.502 E441.04629
G1 X58.875 Y115.259 E441.06158
G1 X59.168 Y115.136 E441.07214
G1 X59.701 Y115.009 E441.09037
G1 X60.259 Y115.003 E441.10893
G1 X60.85 Y115.139 E441.1291
G1 X61.303 Y115.361 E441.14588
G1 X61.834 Y115.758 E441.16793
G1 X62.166 Y116.259 E441.18792
G1 X62.382 Y116.722 E441.20491
G1 X62.502 Y117.389 E441.22745
G1 X62.463 Y117.922 E441.24523
G1 X62.336 Y118.403 E441.26177
G1 X62.019 Y119.023 E441.28493
G1 X61.55 Y119.464 E441.30635
G1 X61.304 Y119.635 E441.31631
G1 X60.847 Y119.858 E441.33322
G0 F9000 X60.712 Y119.478
G1 F1200 X60.249 Y119.587 E441.34904
G1 X59.787 Y119.593 E441.36441
G1 X59.28 Y119.477 E441.38171
G1 X58.76 Y119.226 E441.40092
G1 X58.299 Y118.737 E441.42327
G1 X58.098 Y118.404 E441.4362
G1 X57.937 Y117.918 E441.45323
G1 X57.9 Y117.54 E441.46587
G1 X57.925 Y117.126 E441.47966
G1 X58.122 Y116.541 E441.50019
G1 X58.414 Y116.114 E441.5174
G1 X58.73 Y115.82 E441.53175
G1 X59.169 Y115.546 E441.54896
G1 X59.747 Y115.409 E441.56872
G1 X60.214 Y115.403 E441.58425
G1 X60.718 Y115.519 E441.60146
G1 X61.094 Y115.705 E441.61541
G1 X61.538 Y116.036 E441.63383
G1 X61.833 Y116.48 E441.65156
G1 X61.997 Y116.842 E441.66478
G1 X62.099 Y117.381 E441.68302
G1 X62.069 Y117.857 E441.69888
G1 X61.959 Y118.262 E441.71284
G1 X61.695 Y118.778 E441.73212
G1 X61.208 Y119.237 E441.75438
G1 X60.712 Y119.478 E441.77272
G1 F2700 E436.77272
G0 F9000 X60.784 Y119.781
G0 X62.017 Y119.273
G0 X62.017 Y123.98
G0 X103.09 Y124.178
G0 X103.178 Y124.178
G1 F2700 E441.77272
G1 F1200 X103 Y124 E441.78109
G1 X103 Y111 E442.21347
G1 X103.151 Y110.82 E442.22129
G1 X53.501 Y110.821 E443.87265
G1 X53.5 Y124.18 E444.31698
G1 X103.178 Y124.178 E445.96927
G0 F9000 X104 Y124.589
G1 F1233.9 X103.4 Y124 E445.99647
G1 F1200 X103.4 Y111 E446.42885
G1 F1215.2 X103.898 Y110.414 E446.45411
G1 X102.82 Y110.42 E446.48952
G1 F1200 X53.101 Y110.421 E448.14318
G1 X53.1 Y124.58 E448.61411
G1 X102.822 Y124.578 E450.26787
G1 F1233.9 X104 Y124.589 E450.30597
G1 F1253.3 X117.102 Y124.585 E450.72323
G0 F9000 X118 Y124.165
G1 F1121.5 X118 Y110.834 E451.19765
G0 F9000 X118.562 Y124.438
G0 X119 Y124.589
G1 F1233.9 X118.408 Y124.098 E451.22253
G1 F1200 X118.4 Y110.909 E451.6612
G1 F1215.2 X118.898 Y110.414 E451.68426
G1 X118 Y110.42 E451.71376
G1 F1230.8 X117 Y110.41 E451.74619
G1 X117.6 Y110.908 E451.77147
G1 F1200 X117.592 Y124.098 E452.21017
G1 F1218.3 X117.102 Y124.585 E452.23281
G1 X118 Y124.578 E452.26223
G1 F1233.9 X119 Y124.589 E452.29458
G1 F1253.3 X132.102 Y124.585 E452.71183
G1 F2700 E447.71183
G0 F9000 X132.438 Y124.438
G0 X132.422 Y123.323
G0 X133.2 Y119.29
G0 X134.263 Y118.582
G0 X135.112 Y118.997
G0 X135.692 Y119.191
G0 X136.588 Y119.29
G1 F2700 E452.71183
G1 F1200 X135.959 Y119.371 E452.73292
G1 X135.704 Y119.354 E452.74142
G1 X135.224 Y119.192 E452.75827
G1 X134.884 Y118.996 E452.77133
G1 X134.656 Y118.796 E452.78141
G1 X134.425 Y118.5 E452.7939
G1 X134.257 Y118.172 E452.80616
G1 X134.151 Y117.853 E452.81734
G1 X134.136 Y117.344 E452.83428
G1 X134.203 Y116.982 E452.84652
G1 X134.327 Y116.662 E452.85793
G1 X134.568 Y116.301 E452.87237
G1 X134.852 Y116.029 E452.88545
G1 X135.172 Y115.823 E452.89811
G1 X135.452 Y115.711 E452.90814
G1 X135.706 Y115.647 E452.91685
G1 X136.2 Y115.622 E452.9333
G1 X136.724 Y115.764 E452.95136
G1 X137.139 Y116.022 E452.96761
G1 X137.451 Y116.327 E452.98212
G1 X137.652 Y116.635 E452.99436
G1 X137.79 Y116.968 E453.00635
G1 X137.883 Y117.4 E453.02104
G1 X137.838 Y117.865 E453.03658
G1 X137.755 Y118.123 E453.0456
G1 X137.587 Y118.475 E453.05857
G1 X137.353 Y118.788 E453.07157
G1 X137.034 Y119.068 E453.08568
G1 X136.588 Y119.29 E453.10225
G0 F9000 X136.45 Y118.907
G1 F1200 X135.837 Y118.977 E453.12277
G1 X135.352 Y118.813 E453.1398
G1 X135.148 Y118.696 E453.14762
G1 X134.833 Y118.42 E453.16155
G1 X134.56 Y117.886 E453.1815
G1 X134.531 Y117.242 E453.20294
G1 X134.7 Y116.807 E453.21846
G1 X134.844 Y116.59 E453.22713
G1 X135.129 Y116.318 E453.24023
G1 X135.321 Y116.194 E453.24783
G1 X135.692 Y116.047 E453.2611
G1 X136.153 Y116.025 E453.27645
G1 X136.551 Y116.128 E453.29013
G1 X136.929 Y116.362 E453.30491
G1 X137.116 Y116.545 E453.31362
G1 X137.375 Y116.944 E453.32944
G1 X137.481 Y117.43 E453.34598
G1 X137.438 Y117.86 E453.36036
G1 X137.226 Y118.303 E453.37669
G1 X137.086 Y118.491 E453.38449
G1 X136.785 Y118.755 E453.3978
G1 X136.45 Y118.907 E453.41004
G1 F2700 E448.41004
G0 F9000 X136.488 Y119.215
G0 X135.828 Y119.237
G0 X135.112 Y118.997
G0 X134.631 Y118.573
G0 X134.311 Y117.931
G0 X134.283 Y117.203
G0 X134.493 Y116.67
G0 X135.107 Y115.654
G0 X133.2 Y115.654
G0 X132 Y110.41
G1 F2700 E453.41004
G1 F1246.8 X118.898 Y110.414 E453.82947
G0 F9000 X117 Y110.41
G1 F1246.8 X103.898 Y110.414 E454.2489
G1 F2700 E449.2489
G0 F9000 X117.438 Y110.562
G0 X118.562 Y124.438
G0 X132.438 Y124.438
G0 X133.2 Y120.568
G0 X139.219 Y119.829
G0 X139.562 Y120.538
G0 X148.865 Y120.568
G0 X148.896 Y120.419
G1 F2700 E454.2489
G1 F1200 X148.703 Y120.565 E454.25695
G1 X148.465 Y120.665 E454.26554
G1 X148.2 Y120.7 E454.27443
G1 X140.4 Y120.7 E454.53386
G1 X140.136 Y120.665 E454.54272
G1 X139.899 Y120.566 E454.55126
G1 X139.707 Y120.422 E454.55924
G1 X139.486 Y120.108 E454.57201
G1 X139.4 Y119.808 E454.58239
G1 X139.4 Y114.617 E454.75505
G1 X139.483 Y114.3 E454.76595
G1 X139.608 Y114.088 E454.77413
G1 X139.808 Y113.893 E454.78342
G1 X140.081 Y113.752 E454.79364
G1 X140.4 Y113.7 E454.80439
G1 X148.2 Y113.7 E455.06382
G1 X148.52 Y113.752 E455.0746
G1 X148.792 Y113.893 E455.08479
G1 X148.992 Y114.088 E455.09408
G1 X149.117 Y114.3 E455.10227
G1 X149.2 Y114.613 E455.11304
G1 X149.2 Y119.805 E455.28573
G1 X149.132 Y120.066 E455.2947
G1 X148.896 Y120.419 E455.30882
G0 F9000 X148.618 Y120.132
G1 F1200 X148.322 Y120.3 E455.32014
G1 X140.278 Y120.3 E455.58768
G1 X139.984 Y120.133 E455.59893
G1 X139.883 Y120.007 E455.6043
G1 X139.806 Y119.786 E455.61209
G1 X139.804 Y114.629 E455.78361
G1 X139.924 Y114.333 E455.79423
G1 X140.208 Y114.131 E455.80582
G1 X140.4 Y114.1 E455.81229
G1 X148.2 Y114.1 E456.07172
G1 X148.392 Y114.131 E456.07819
G1 X148.676 Y114.333 E456.08978
G1 X148.796 Y114.625 E456.10028
G1 X148.794 Y119.786 E456.27194
G1 X148.759 Y119.92 E456.27654
G1 X148.618 Y120.132 E456.28501
G1 F2700 E451.28501
G0 F9000 X148.618 Y120.61
G0 X148.996 Y120.545
G0 X149.381 Y119.824
G0 X151.638 Y119.321
G0 X153.326 Y119.224
G1 F2700 E456.28501
G1 F1200 X153.069 Y119.305 E456.29397
G1 X152.556 Y119.371 E456.31118
G1 X152.294 Y119.351 E456.31992
G1 X151.715 Y119.155 E456.34025
G1 X151.484 Y118.996 E456.34957
G1 X151.247 Y118.788 E456.36006
G1 X151.025 Y118.5 E456.37216
G1 X150.857 Y118.173 E456.38438
G1 X150.751 Y117.853 E456.3956
G1 X150.736 Y117.344 E456.41253
G1 X150.803 Y116.982 E456.42478
G1 X150.927 Y116.662 E456.43619
G1 X151.168 Y116.301 E456.45063
G1 X151.582 Y115.905 E456.46968
G1 X152.221 Y115.647 E456.4926
G1 X152.688 Y115.628 E456.50815
G1 X153.121 Y115.701 E456.52275
G1 X153.424 Y115.826 E456.53365
G1 X153.846 Y116.088 E456.55018
G1 X154.016 Y116.276 E456.55861
G1 X154.288 Y116.697 E456.57528
G1 X154.39 Y116.968 E456.58491
G1 X154.483 Y117.4 E456.59961
G1 X154.438 Y117.865 E456.61514
G1 X154.355 Y118.123 E456.62416
G1 X154.126 Y118.603 E456.64185
G1 X153.944 Y118.796 E456.65067
G1 X153.638 Y119.058 E456.66407
G1 X153.326 Y119.224 E456.67582
G0 F9000 X153.076 Y118.902
G1 F1200 X152.454 Y118.975 E456.69665
G1 X151.841 Y118.777 E456.71808
G1 X151.514 Y118.491 E456.73253
G1 X151.381 Y118.318 E456.73978
G1 X151.16 Y117.886 E456.75592
G1 X151.131 Y117.242 E456.77737
G1 X151.3 Y116.807 E456.79289
G1 X151.445 Y116.59 E456.80157
G1 X151.833 Y116.229 E456.81919
G1 X152.303 Y116.044 E456.83599
G1 X152.688 Y116.028 E456.84881
G1 X153.12 Y116.107 E456.86342
G1 X153.647 Y116.439 E456.88413
G1 X153.977 Y116.95 E456.90437
G1 X154.081 Y117.43 E456.9207
G1 X154.038 Y117.86 E456.93507
G1 X153.771 Y118.418 E456.95565
G1 X153.405 Y118.733 E456.97171
G1 X153.076 Y118.902 E456.98401
G1 F2700 E451.98401
G0 F9000 X153.209 Y119.182
G0 X153.743 Y119.205
G0 X157.9 Y121.766
G0 X160.376 Y124.176
G1 F2700 E456.98401
G1 F1230.8 X160.577 Y124.186 E456.99054
G1 X161.028 Y124.177 E457.00517
G1 F1200 X181.5 Y124.176 E457.68607
G1 X181.5 Y110.82 E458.13029
G1 X132.82 Y110.82 E459.74939
G1 X133 Y111 E459.75786
G1 X133 Y124 E460.19024
G1 X132.851 Y124.178 E460.19796
G1 X160.376 Y124.176 E461.11345
G1 X159.924 Y124.084 E461.12879
G1 X159.634 Y123.976 E461.13908
G1 X159.207 Y123.738 E461.15534
G1 X158.797 Y123.362 E461.17384
G1 X158.633 Y123.17 E461.18224
G1 X158.353 Y122.74 E461.19931
G1 X158.162 Y122.193 E461.21858
G1 X158.1 Y121.752 E461.23339
G1 X158.102 Y115.644 E461.43654
G1 X158.18 Y115.152 E461.45311
G1 X158.352 Y114.659 E461.47048
G1 X158.63 Y114.227 E461.48757
G1 X158.808 Y114.02 E461.49665
G1 X159.164 Y113.704 E461.51248
G1 X159.401 Y113.547 E461.52193
G1 X159.859 Y113.331 E461.53878
G1 X160.435 Y113.204 E461.55839
G1 X160.917 Y113.204 E461.57442
G1 X161.466 Y113.31 E461.59302
G1 X161.77 Y113.422 E461.6038
G1 X162.189 Y113.66 E461.61982
G1 X162.598 Y114.029 E461.63815
G1 X162.771 Y114.233 E461.64704
G1 X163.039 Y114.653 E461.66361
G1 X163.231 Y115.165 E461.6818
G1 X163.296 Y115.687 E461.6993
G1 X163.296 Y121.756 E461.90115
G1 X163.228 Y122.241 E461.91744
G1 X163.038 Y122.749 E461.93548
G1 X162.877 Y123.031 E461.94628
G1 X162.549 Y123.435 E461.96359
G1 X162.299 Y123.655 E461.97466
G1 X161.827 Y123.946 E461.99311
G1 X161.512 Y124.074 E462.00442
G1 X161.028 Y124.177 E462.02087
G0 F9000 X132.102 Y124.585
G1 F1218.3 X133.178 Y124.578 E462.05613
G1 F1200 X181.9 Y124.576 E463.67663
G1 X181.9 Y110.42 E464.14746
G1 X133.18 Y110.42 E465.76789
G1 F1230.8 X132 Y110.41 E465.80616
G1 X132.6 Y111 E465.83345
G1 F1200 X132.6 Y124 E466.26583
G1 F1218.3 X132.102 Y124.585 E466.291
G0 F9000 X161.59 Y123.965
G0 X161.525 Y123.662
G1 F1200 X160.96 Y123.783 E466.31022
G1 X160.524 Y123.798 E466.32473
G1 X159.91 Y123.673 E466.34557
G1 X159.444 Y123.412 E466.36333
G1 X159.007 Y123.012 E466.38304
G1 X158.713 Y122.558 E466.40102
G1 X158.553 Y122.101 E466.41713
G1 X158.505 Y121.76 E466.42858
G1 X158.501 Y115.672 E466.63107
G1 X158.567 Y115.253 E466.64518
G1 X158.713 Y114.838 E466.65981
G1 X159.012 Y114.373 E466.6782
G1 X159.493 Y113.946 E466.69959
G1 X159.989 Y113.712 E466.71783
G1 X160.44 Y113.612 E466.7332
G1 X160.876 Y113.603 E466.7477
G1 X161.486 Y113.72 E466.76836
G1 X161.953 Y113.986 E466.78623
G1 X162.392 Y114.382 E466.8059
G1 X162.682 Y114.837 E466.82384
G1 X162.839 Y115.259 E466.83882
G1 X162.896 Y115.699 E466.85358
G1 X162.891 Y121.764 E467.0553
G1 X162.838 Y122.141 E467.06796
G1 X162.629 Y122.702 E467.08787
G1 X162.174 Y123.262 E467.11187
G1 X161.525 Y123.662 E467.13723
G1 F2700 E462.13723
G0 F9000 X161.59 Y123.965
G0 X175.846 Y123.976
G0 X175.789 Y120.056
G0 X175.846 Y119.858
G1 F2700 E467.13723
G1 F1200 X175.294 Y119.987 E467.15608
G1 X174.736 Y119.993 E467.17464
G1 X174.148 Y119.857 E467.19472
G1 X173.709 Y119.643 E467.21096
G1 X173.479 Y119.488 E467.22018
G1 X173.046 Y119.1 E467.23952
G1 X172.635 Y118.405 E467.26638
G1 X172.497 Y117.653 E467.29181
G1 X172.525 Y117.027 E467.31265
G1 X172.742 Y116.414 E467.33428
G1 X173.103 Y115.857 E467.35635
G1 X173.481 Y115.5 E467.37365
G1 X173.888 Y115.253 E467.38948
G1 X174.177 Y115.134 E467.39988
G1 X174.74 Y115.004 E467.41909
G1 X175.265 Y115.004 E467.43656
G1 X175.849 Y115.139 E467.45649
G1 X176.304 Y115.363 E467.47336
G1 X176.539 Y115.525 E467.48285
G1 X176.885 Y115.845 E467.49853
G1 X177.163 Y116.254 E467.51498
G1 X177.384 Y116.721 E467.53216
G1 X177.501 Y117.399 E467.55504
G1 X177.451 Y118.014 E467.57557
G1 X177.273 Y118.552 E467.59442
G1 X176.898 Y119.137 E467.61753
G1 X176.545 Y119.469 E467.63364
G1 X176.295 Y119.641 E467.64374
G1 X175.846 Y119.858 E467.66032
G0 F9000 X175.713 Y119.478
G1 F1200 X175.249 Y119.587 E467.67618
G1 X174.782 Y119.593 E467.69171
G1 X174.279 Y119.477 E467.70888
G1 X173.804 Y119.245 E467.72646
G1 X173.361 Y118.834 E467.74656
G1 X173.016 Y118.266 E467.76866
G1 X172.898 Y117.623 E467.79041
G1 X172.919 Y117.112 E467.80742
G1 X173.091 Y116.62 E467.82475
G1 X173.408 Y116.12 E467.84444
G1 X173.725 Y115.82 E467.85896
G1 X174.178 Y115.545 E467.87659
G1 X174.783 Y115.404 E467.89725
G1 X175.218 Y115.404 E467.91172
G1 X175.714 Y115.519 E467.92865
G1 X176.205 Y115.761 E467.94686
G1 X176.583 Y116.11 E467.96397
G1 X176.833 Y116.478 E467.97877
G1 X177 Y116.845 E467.99218
G1 X177.099 Y117.421 E468.01161
G1 X177.06 Y117.904 E468.02773
G1 X176.912 Y118.373 E468.04409
G1 X176.589 Y118.879 E468.06406
G1 X176.204 Y119.241 E468.08163
G1 X175.713 Y119.478 E468.09977
G0 F9000 X175.599 Y119.089
;TYPE:WALL-OUTER
G1 F1200 X175.215 Y119.185 E468.11293
G1 X174.849 Y119.192 E468.12511
G1 X174.396 Y119.088 E468.14056
G1 X174.034 Y118.911 E468.15397
G1 X173.672 Y118.582 E468.17024
G1 X173.398 Y118.119 E468.18813
G1 X173.303 Y117.612 E468.20529
G1 X173.315 Y117.197 E468.2191
G1 X173.451 Y116.793 E468.23327
G1 X173.738 Y116.358 E468.25061
G1 X173.954 Y116.154 E468.26049
G1 X174.332 Y115.92 E468.27528
G1 X174.813 Y115.807 E468.29171
G1 X175.193 Y115.809 E468.30435
G1 X175.601 Y115.908 E468.31831
G1 X175.974 Y116.093 E468.33216
G1 X176.29 Y116.391 E468.34661
G1 X176.502 Y116.703 E468.35915
G1 X176.618 Y116.985 E468.36929
G1 X176.694 Y117.425 E468.38415
G1 X176.666 Y117.835 E468.39781
G1 X176.533 Y118.224 E468.41149
G1 X176.261 Y118.638 E468.42796
G1 X175.973 Y118.908 E468.44109
G1 X175.599 Y119.089 E468.45491
G1 F2700 E463.45491
G0 F9000 X175.734 Y119.369
G0 X176.932 Y119.354
G0 X181.3 Y119.354
G0 X182.3 Y124.976
G1 F2700 E468.45491
G1 F1200 X182.3 Y110.02 E468.95235
G1 X52.701 Y110.021 E473.26283
G1 X52.7 Y124.98 E473.76037
G1 X182.3 Y124.976 E478.07088
G1 F2700 E473.07088
G0 F9000 X182.02 Y124.699
G0 X161.774 Y124.085
G0 X161.44 Y123.588
G0 X161.375 Y123.285
G1 F2700 E478.07088
G1 F1200 X160.891 Y123.389 E478.08735
G1 X160.577 Y123.396 E478.0978
G1 X160.051 Y123.294 E478.11562
G1 X159.661 Y123.068 E478.13061
G1 X159.304 Y122.734 E478.14687
G1 X159.067 Y122.358 E478.16165
G1 X158.941 Y121.988 E478.17465
G1 X158.901 Y121.704 E478.18419
G1 X158.902 Y115.685 E478.38438
G1 X158.954 Y115.353 E478.39556
G1 X159.087 Y114.995 E478.40826
G1 X159.317 Y114.638 E478.42239
G1 X159.717 Y114.283 E478.44018
G1 X160.14 Y114.088 E478.45567
G1 X160.509 Y114.006 E478.46824
G1 X160.858 Y114.007 E478.47985
G1 X161.346 Y114.101 E478.49638
G1 X161.734 Y114.327 E478.51131
G1 X162.083 Y114.642 E478.52695
G1 X162.309 Y114.996 E478.54092
G1 X162.451 Y115.376 E478.55441
G1 X162.495 Y115.688 E478.56489
G1 X162.495 Y121.708 E478.76512
G1 X162.451 Y122.02 E478.7756
G1 X162.276 Y122.502 E478.79265
G1 X161.907 Y122.957 E478.81213
G1 X161.375 Y123.285 E478.83292
G1 F2700 E473.83292
G0 F9000 X161.44 Y123.588
G0 X160.538 Y123.645
G0 X159.966 Y123.529
G0 X159.532 Y123.287
G0 X159.129 Y122.921
G0 X158.852 Y122.493
G0 X157.921 Y118.646
G0 X154.616 Y117.896
G0 X153.173 Y118.407
G1 F2700 E478.83292
G1 F1200 X152.921 Y118.519 E478.84209
G1 X152.477 Y118.566 E478.85694
G1 X152.05 Y118.421 E478.87194
G1 X151.754 Y118.169 E478.88487
G1 X151.552 Y117.775 E478.8996
G1 X151.535 Y117.308 E478.91514
G1 X151.689 Y116.91 E478.92934
G1 X152.03 Y116.583 E478.94505
G1 X152.365 Y116.448 E478.95706
G1 X152.688 Y116.428 E478.96783
G1 X152.972 Y116.488 E478.97748
G1 X153.357 Y116.727 E478.99255
G1 X153.601 Y117.103 E479.00746
G1 X153.676 Y117.476 E479.02011
G1 X153.648 Y117.748 E479.02921
G1 X153.448 Y118.167 E479.04465
G1 X153.173 Y118.407 E479.05679
G1 F2700 E474.05679
G0 F9000 X153.378 Y118.642
G0 X153.027 Y118.758
G0 X152.574 Y118.816
G0 X150.863 Y118.581
G0 X149.38 Y118.581
G0 X148.398 Y119.758
G1 F2700 E479.05679
G1 F1200 X148.34 Y119.844 E479.06024
G1 X148.235 Y119.898 E479.06417
G1 X140.365 Y119.9 E479.32593
G1 X140.227 Y119.803 E479.33154
G1 X140.2 Y119.7 E479.33508
G1 X140.201 Y114.676 E479.50218
G1 X140.241 Y114.577 E479.50573
G1 X140.35 Y114.5 E479.51017
G1 X148.25 Y114.5 E479.77292
G1 X148.359 Y114.577 E479.77736
G1 X148.399 Y114.675 E479.78088
G1 X148.398 Y119.758 E479.94994
G1 F2700 E474.94994
G0 F9000 X148.71 Y119.758
G0 X148.638 Y120.138
G0 X139.962 Y120.138
G0 X139.22 Y118.629
G0 X137.917 Y118.202
G0 X136.588 Y118.395
G1 F2700 E479.94994
G1 F1200 X136.355 Y118.515 E479.95866
G1 X135.887 Y118.571 E479.97434
G1 X135.442 Y118.421 E479.98995
G1 X135.154 Y118.168 E480.00271
G1 X134.952 Y117.775 E480.0174
G1 X134.935 Y117.308 E480.03294
G1 X135.089 Y116.91 E480.04714
G1 X135.434 Y116.579 E480.06304
G1 X135.8 Y116.441 E480.07605
G1 X136.088 Y116.428 E480.08564
G1 X136.371 Y116.487 E480.09525
G1 X136.756 Y116.725 E480.11031
G1 X137.001 Y117.104 E480.12532
G1 X137.076 Y117.476 E480.13794
G1 X137.048 Y117.748 E480.14703
G1 X136.848 Y118.167 E480.16248
G1 X136.588 Y118.395 E480.17398
G1 F2700 E475.17398
G0 F9000 X136.792 Y118.629
G0 X135.168 Y119.364
G0 X133.2 Y119.364
G0 X132.2 Y124
G1 F2700 E480.17398
G1 F1200 X132.035 Y124.197 E480.18253
G1 X119 Y124.2 E480.61607
G1 X118.802 Y124.033 E480.62469
G1 X118.802 Y110.967 E481.05926
G1 X118.965 Y110.803 E481.06695
G1 X132 Y110.8 E481.5005
G1 X132.2 Y111 E481.50991
G1 X132.2 Y124 E481.94229
G1 F2700 E476.94229
G0 F9000 X132.51 Y124
G0 X132.438 Y124.438
G0 X118.562 Y124.438
G0 X117.51 Y124.033
G0 X117.198 Y124.033
G1 F2700 E481.94229
G1 F1200 X117.035 Y124.197 E481.94998
G1 X104 Y124.2 E482.38353
G1 X103.8 Y124 E482.39293
G1 X103.8 Y111 E482.82531
G1 X103.965 Y110.803 E482.83386
G1 X117 Y110.8 E483.26741
G1 X117.198 Y110.967 E483.27602
G1 X117.198 Y124.033 E483.7106
G1 F2700 E478.7106
G0 F9000 X117.51 Y124.033
G0 X117.438 Y124.438
G0 X103.562 Y124.438
G0 X103.551 Y119.642
G0 X102.8 Y119.406
G0 X62.017 Y119.273
G0 X60.559 Y119.103
G1 F2700 E483.7106
G1 F1200 X60.215 Y119.185 E483.72236
G1 X59.807 Y119.187 E483.73593
G1 X59.396 Y119.089 E483.74998
G1 X59 Y118.893 E483.76468
G1 X58.634 Y118.51 E483.7823
G1 X58.458 Y118.216 E483.7937
G1 X58.295 Y117.714 E483.81125
G1 X58.321 Y117.202 E483.8283
G1 X58.484 Y116.72 E483.84523
G1 X58.735 Y116.361 E483.8598
G1 X58.959 Y116.153 E483.86996
G1 X59.326 Y115.92 E483.88442
G1 X59.768 Y115.813 E483.89955
G1 X60.148 Y115.804 E483.91219
G1 X60.601 Y115.908 E483.92765
G1 X60.9 Y116.059 E483.93879
G1 X61.243 Y116.319 E483.9531
G1 X61.517 Y116.735 E483.96967
G1 X61.617 Y116.986 E483.97866
G1 X61.696 Y117.407 E483.99291
G1 X61.674 Y117.793 E484.00577
G1 X61.575 Y118.135 E484.01761
G1 X61.371 Y118.535 E484.03254
G1 X60.98 Y118.903 E484.0504
G1 X60.559 Y119.103 E484.0659
G1 F2700 E479.0659
G0 F9000 X60.631 Y119.406
G0 X62.017 Y119.273
G0 X62.017 Y123.98
G0 X91.316 Y123.998
G0 X102.828 Y124.006
G0 X102.64 Y123.816
;TYPE:SKIN
G1 F2700 E484.0659
G1 F1200 X53.861 Y123.819 E485.6883
G1 X53.86 Y111.18 E486.10867
G1 X102.64 Y111.18 E487.7311
G1 X102.64 Y123.816 E488.15138
G1 F2700 E483.15138
G0 F9000 X102.9 Y123.816
G0 X68.894 Y123.985
G0 X60.766 Y123.98
G0 X60.314 Y120.168
G0 X60.766 Y119.979
G0 X60.825 Y120.231
G1 F2700 E488.15138
G1 F1200 X61.107 Y120.129 E488.16135
G1 X61.451 Y119.965 E488.17403
G1 X61.778 Y119.741 E488.18721
G1 X62.138 Y119.401 E488.20368
G1 X62.359 Y119.147 E488.21488
G1 X62.663 Y118.547 E488.23725
G1 X62.814 Y117.996 E488.25625
G1 X62.86 Y117.386 E488.2766
G1 X62.728 Y116.606 E488.30291
G1 X62.477 Y116.077 E488.32238
G1 X62.163 Y115.601 E488.34135
G1 X61.903 Y115.354 E488.35328
G1 X61.511 Y115.066 E488.36946
G1 X61.117 Y114.868 E488.38412
G1 X60.835 Y114.767 E488.39409
G1 X60.454 Y114.677 E488.40711
G1 X60.166 Y114.645 E488.41674
G1 X59.649 Y114.65 E488.43394
G1 X59.085 Y114.785 E488.45323
G1 X58.707 Y114.939 E488.46681
G1 X58.281 Y115.202 E488.48346
G1 X57.944 Y115.508 E488.4986
G1 X57.758 Y115.727 E488.50815
G1 X57.528 Y116.059 E488.52159
G1 X57.38 Y116.359 E488.53271
G1 X57.223 Y116.828 E488.54916
G1 X57.163 Y117.128 E488.55934
G1 X57.14 Y117.596 E488.57492
G1 X57.186 Y118.071 E488.5908
G1 X57.39 Y118.691 E488.6125
G1 X57.612 Y119.071 E488.62714
G1 X57.781 Y119.294 E488.63645
G1 X58.242 Y119.786 E488.65887
G1 X58.528 Y119.961 E488.67002
G1 X58.884 Y120.133 E488.68317
G1 X59.155 Y120.226 E488.6927
G1 X59.543 Y120.316 E488.70595
G1 X59.832 Y120.351 E488.71563
G1 X60.347 Y120.342 E488.73277
G1 X60.825 Y120.231 E488.74909
G1 F2700 E483.74909
G0 F9000 X60.766 Y119.979
G0 X59.204 Y119.716
G0 X58.615 Y119.431
G0 X58.101 Y118.892
G0 X57.873 Y118.508
G0 X57.699 Y117.992
G0 X57.649 Y117.604
G0 X57.677 Y117.176
G0 X58.069 Y115.641
G0 X53.681 Y115.639
G0 X53.601 Y111.684
G0 X54.061 Y111.685
G1 F2700 E488.74909
G1 F1200 X54.366 Y111.38 E488.76343
G0 F9000 X54.932 Y111.38
G1 F1200 X54.061 Y112.25 E488.80438
G0 F9000 X54.061 Y112.816
G1 F1200 X55.497 Y111.38 E488.87192
G0 F9000 X56.063 Y111.38
G1 F1200 X54.061 Y113.382 E488.96609
G0 F9000 X54.061 Y113.947
G1 F1200 X56.629 Y111.38 E489.08686
G0 F9000 X57.194 Y111.38
G1 F1200 X54.061 Y114.513 E489.23423
G0 F9000 X54.061 Y115.079
G1 F1200 X57.76 Y111.38 E489.40822
G0 F9000 X58.326 Y111.38
G1 F1200 X54.061 Y115.644 E489.6088
G0 F9000 X54.061 Y116.21
G1 F1200 X58.891 Y111.38 E489.83599
G0 F9000 X59.457 Y111.38
G1 F1200 X54.061 Y116.776 E490.0898
G0 F9000 X54.061 Y117.342
G1 F1200 X60.023 Y111.38 E490.37024
G0 F9000 X60.588 Y111.38
G1 F1200 X54.061 Y117.907 E490.67725
G0 F9000 X54.061 Y118.473
G1 F1200 X61.154 Y111.38 E491.01088
G0 F9000 X61.72 Y111.38
G1 F1200 X54.061 Y119.039 E491.37114
G0 F9000 X54.061 Y119.604
G1 F1200 X57.1 Y116.565 E491.51408
G0 F9000 X56.957 Y117.274
G1 F1200 X54.061 Y120.17 E491.6503
G0 F9000 X54.061 Y120.736
G1 F1200 X56.962 Y117.834 E491.78678
G0 F9000 X57.054 Y118.308
G1 F1200 X54.061 Y121.301 E491.92756
G0 F9000 X54.061 Y121.867
G1 F1200 X57.194 Y118.735 E492.0749
G0 F9000 X57.394 Y119.099
G1 F1200 X54.061 Y122.433 E492.2317
G0 F9000 X54.061 Y122.998
G1 F1200 X57.633 Y119.427 E492.39969
G0 F9000 X57.905 Y119.72
G1 F1200 X54.061 Y123.564 E492.5805
G0 F9000 X54.572 Y123.619
G1 F1200 X58.198 Y119.993 E492.75106
G0 F9000 X58.56 Y120.197
G1 F1200 X55.137 Y123.619 E492.91204
G0 F9000 X55.703 Y123.619
G1 F1200 X58.955 Y120.367 E493.06501
G0 F9000 X59.401 Y120.487
G1 F1200 X56.269 Y123.619 E493.21233
G0 F9000 X56.834 Y123.619
G1 F1200 X59.906 Y120.548 E493.3568
G0 F9000 X60.511 Y120.508
G1 F1200 X57.4 Y123.619 E493.50313
G0 F9000 X57.966 Y123.619
G1 F1200 X61.35 Y120.235 E493.66231
G0 F9000 X61.15 Y119.821
G0 X62.324 Y118.646
G0 X62.731 Y118.854
G1 F1200 X70.205 Y111.38 E494.01386
G0 F9000 X70.771 Y111.38
G1 F1200 X58.531 Y123.619 E494.58957
G0 F9000 X59.097 Y123.619
G1 F1200 X71.336 Y111.38 E495.16525
G0 F9000 X71.902 Y111.38
G1 F1200 X59.663 Y123.619 E495.74094
G0 F9000 X60.229 Y123.619
G1 F1200 X72.468 Y111.38 E496.31662
G0 F9000 X73.034 Y111.38
G1 F1200 X60.794 Y123.619 E496.89233
G0 F9000 X61.36 Y123.619
G1 F1200 X73.599 Y111.38 E497.46802
G0 F9000 X74.165 Y111.38
G1 F1200 X61.926 Y123.619 E498.0437
G0 F9000 X62.491 Y123.619
G1 F1200 X74.731 Y111.38 E498.61941
G0 F9000 X75.296 Y111.38
G1 F1200 X63.057 Y123.619 E499.1951
G0 F9000 X63.623 Y123.619
G1 F1200 X75.862 Y111.38 E499.77078
G0 F9000 X76.428 Y111.38
G1 F1200 X64.188 Y123.619 E500.34649
G0 F9000 X64.754 Y123.619
G1 F1200 X76.993 Y111.38 E500.92218
G0 F9000 X77.559 Y111.38
G1 F1200 X65.32 Y123.619 E501.49786
G0 F9000 X65.885 Y123.619
G1 F1200 X78.125 Y111.38 E502.07357
G0 F9000 X78.69 Y111.38
G1 F1200 X66.452 Y123.619 E502.64923
G0 F9000 X67.017 Y123.619
G1 F1200 X79.256 Y111.38 E503.22492
G0 F9000 X79.822 Y111.38
G1 F1200 X67.583 Y123.619 E503.8006
G0 F9000 X68.149 Y123.619
G1 F1200 X80.387 Y111.38 E504.37626
G0 F9000 X80.953 Y111.38
G1 F1200 X68.715 Y123.619 E504.95192
G0 F9000 X69.28 Y123.619
G1 F1200 X81.519 Y111.38 E505.52761
G0 F9000 X82.084 Y111.38
G1 F1200 X69.846 Y123.619 E506.10327
G0 F9000 X70.412 Y123.619
G1 F1200 X82.65 Y111.38 E506.67893
G0 F9000 X83.216 Y111.38
G1 F1200 X70.977 Y123.619 E507.25462
G0 F9000 X71.543 Y123.619
G1 F1200 X83.782 Y111.38 E507.8303
G0 F9000 X84.347 Y111.38
G1 F1200 X72.109 Y123.619 E508.40596
G0 F9000 X72.674 Y123.619
G1 F1200 X84.913 Y111.38 E508.98165
G0 F9000 X85.479 Y111.38
G1 F1200 X73.24 Y123.619 E509.55733
G0 F9000 X73.806 Y123.619
G1 F1200 X86.044 Y111.38 E510.13299
G0 F9000 X86.61 Y111.38
G1 F1200 X74.371 Y123.619 E510.70868
G0 F9000 X74.937 Y123.619
G1 F1200 X87.176 Y111.38 E511.28436
G0 F9000 X87.741 Y111.38
G1 F1200 X75.503 Y123.619 E511.86003
G0 F9000 X76.068 Y123.619
G1 F1200 X88.307 Y111.38 E512.43571
G0 F9000 X88.873 Y111.38
G1 F1200 X76.634 Y123.619 E513.0114
G0 F9000 X77.2 Y123.619
G1 F1200 X89.438 Y111.38 E513.58706
G0 F9000 X90.004 Y111.38
G1 F1200 X77.765 Y123.619 E514.16274
G0 F9000 X78.332 Y123.618
G1 F1200 X90.57 Y111.38 E514.73838
G0 F9000 X91.135 Y111.38
G1 F1200 X78.898 Y123.618 E515.314
G0 F9000 X79.463 Y123.618
G1 F1200 X91.701 Y111.38 E515.88963
G0 F9000 X92.267 Y111.38
G1 F1200 X80.029 Y123.618 E516.46527
G0 F9000 X80.595 Y123.618
G1 F1200 X92.833 Y111.38 E517.04091
G0 F9000 X93.398 Y111.38
G1 F1200 X81.16 Y123.618 E517.61655
G0 F9000 X81.726 Y123.618
G1 F1200 X93.964 Y111.38 E518.19219
G0 F9000 X94.53 Y111.38
G1 F1200 X82.292 Y123.618 E518.76782
G0 F9000 X82.857 Y123.618
G1 F1200 X95.095 Y111.38 E519.34346
G0 F9000 X95.661 Y111.38
G1 F1200 X83.423 Y123.618 E519.9191
G0 F9000 X83.989 Y123.618
G1 F1200 X96.227 Y111.38 E520.49474
G0 F9000 X96.792 Y111.38
G1 F1200 X84.554 Y123.618 E521.07038
G0 F9000 X85.12 Y123.618
G1 F1200 X97.358 Y111.38 E521.64601
G0 F9000 X97.924 Y111.38
G1 F1200 X85.686 Y123.618 E522.22165
G0 F9000 X86.251 Y123.618
G1 F1200 X98.489 Y111.38 E522.79729
G0 F9000 X99.055 Y111.38
G1 F1200 X86.817 Y123.618 E523.37293
G0 F9000 X87.383 Y123.618
G1 F1200 X99.621 Y111.38 E523.94857
G0 F9000 X100.186 Y111.38
G1 F1200 X87.949 Y123.618 E524.52418
G0 F9000 X88.514 Y123.618
G1 F1200 X100.752 Y111.38 E525.09982
G0 F9000 X101.318 Y111.38
G1 F1200 X89.08 Y123.618 E525.67546
G0 F9000 X89.646 Y123.618
G1 F1200 X101.883 Y111.38 E526.25107
G0 F9000 X102.44 Y111.389
G1 F1200 X90.211 Y123.618 E526.82629
G0 F9000 X90.778 Y123.617
G1 F1200 X102.44 Y111.955 E527.37483
G0 F9000 X102.44 Y112.52
G1 F1200 X91.343 Y123.617 E527.8968
G0 F9000 X91.909 Y123.617
G1 F1200 X102.44 Y113.086 E528.39214
G0 F9000 X102.44 Y113.652
G1 F1200 X92.475 Y123.617 E528.86087
G0 F9000 X93.04 Y123.617
G1 F1200 X102.44 Y114.218 E529.30299
G0 F9000 X102.44 Y114.783
G1 F1200 X93.606 Y123.617 E529.71852
G0 F9000 X94.172 Y123.617
G1 F1200 X102.44 Y115.349 E530.10742
G0 F9000 X102.44 Y115.915
G1 F1200 X94.737 Y123.617 E530.46972
G0 F9000 X95.303 Y123.617
G1 F1200 X102.44 Y116.48 E530.80542
G0 F9000 X102.44 Y117.046
G1 F1200 X95.869 Y123.617 E531.1145
G0 F9000 X96.435 Y123.617
G1 F1200 X102.44 Y117.612 E531.39696
G0 F9000 X102.44 Y118.177
G1 F1200 X97 Y123.617 E531.65284
G0 F9000 X97.566 Y123.617
G1 F1200 X102.44 Y118.743 E531.8821
G0 F9000 X102.44 Y119.309
G1 F1200 X98.132 Y123.617 E532.08473
G0 F9000 X98.697 Y123.617
G1 F1200 X102.44 Y119.874 E532.26079
G0 F9000 X102.44 Y120.44
G1 F1200 X99.263 Y123.617 E532.41023
G0 F9000 X99.829 Y123.617
G1 F1200 X102.44 Y121.006 E532.53304
G0 F9000 X102.44 Y121.571
G1 F1200 X100.394 Y123.617 E532.62928
G0 F9000 X100.96 Y123.617
G1 F1200 X102.44 Y122.137 E532.69889
G0 F9000 X102.44 Y122.703
G1 F1200 X101.526 Y123.617 E532.74189
G0 F9000 X102.091 Y123.617
G1 F1200 X102.44 Y123.269 E532.75828
G1 F2700 E527.75828
G0 F9000 X102.9 Y123.269
G0 X102.828 Y110.992
G0 X69.639 Y110.92
G0 X69.639 Y111.38
G1 F2700 E532.75828
G1 F1200 X63.012 Y118.008 E533.07001
G0 F9000 X63.06 Y117.393
G1 F1200 X69.074 Y111.38 E533.35287
G0 F9000 X68.508 Y111.38
G1 F1200 X62.984 Y116.904 E533.6127
G0 F9000 X62.875 Y116.447
G1 F1200 X67.942 Y111.38 E533.85104
G0 F9000 X67.377 Y111.38
G1 F1200 X62.693 Y116.064 E534.07136
G0 F9000 X62.477 Y115.714
G1 F1200 X66.811 Y111.38 E534.27522
G0 F9000 X66.245 Y111.38
G1 F1200 X62.236 Y115.389 E534.46379
G0 F9000 X61.931 Y115.129
G1 F1200 X65.68 Y111.38 E534.64013
G0 F9000 X65.114 Y111.38
G1 F1200 X61.602 Y114.892 E534.80532
G0 F9000 X61.228 Y114.7
G1 F1200 X64.548 Y111.38 E534.96149
G0 F9000 X63.983 Y111.38
G1 F1200 X60.806 Y114.556 E535.1109
G0 F9000 X60.333 Y114.464
G1 F1200 X63.417 Y111.38 E535.25596
G0 F9000 X62.851 Y111.38
G1 F1200 X59.78 Y114.452 E535.40044
G0 F9000 X59.086 Y114.58
G1 F1200 X62.286 Y111.38 E535.55095
G1 F2700 E530.55095
G0 F9000 X62.286 Y110.92
G0 X103.562 Y110.562
G0 X132.438 Y110.562
G0 X133.172 Y124.005
G0 X159.263 Y123.988
G0 X161.476 Y123.519
G0 X162.073 Y123.146
G0 X162.497 Y122.629
G0 X162.688 Y122.105
G0 X162.747 Y121.712
G0 X163.496 Y119.979
G0 X172.901 Y119.211
G0 X174.204 Y119.716
G0 X175.767 Y119.979
G0 X175.822 Y120.231
G1 F2700 E535.55095
G1 F1200 X176.111 Y120.129 E535.56115
G1 X176.443 Y119.969 E535.57341
G1 X176.77 Y119.745 E535.58659
G1 X177.049 Y119.486 E535.59925
G1 X177.262 Y119.232 E535.61028
G1 X177.509 Y118.848 E535.62546
G1 X177.645 Y118.567 E535.63584
G1 X177.802 Y118.083 E535.65277
G1 X177.858 Y117.35 E535.67722
G1 X177.762 Y116.786 E535.69625
G1 X177.684 Y116.522 E535.7054
G1 X177.458 Y116.043 E535.72302
G1 X177.24 Y115.724 E535.73587
G1 X177.056 Y115.512 E535.74521
G1 X176.788 Y115.264 E535.75735
G1 X176.487 Y115.052 E535.7696
G1 X176.111 Y114.867 E535.78353
G1 X175.841 Y114.768 E535.7931
G1 X175.453 Y114.677 E535.80635
G1 X175.166 Y114.645 E535.81596
G1 X174.689 Y114.646 E535.83182
G1 X174.092 Y114.78 E535.85217
G1 X173.728 Y114.926 E535.86522
G1 X173.263 Y115.209 E535.88332
G1 X172.945 Y115.507 E535.89782
G1 X172.742 Y115.747 E535.90827
G1 X172.411 Y116.259 E535.92855
G1 X172.158 Y116.997 E535.9545
G1 X172.139 Y117.717 E535.97846
G1 X172.293 Y118.533 E536.00607
G1 X172.759 Y119.326 E536.03667
G1 X173.234 Y119.75 E536.05784
G1 X173.522 Y119.949 E536.06949
G1 X173.889 Y120.129 E536.08308
G1 X174.18 Y120.236 E536.0934
G1 X174.54 Y120.316 E536.10566
G1 X174.828 Y120.351 E536.11531
G1 X175.347 Y120.342 E536.13257
G1 X175.822 Y120.231 E536.1488
G1 F2700 E531.1488
G0 F9000 X175.767 Y119.979
G0 X173.964 Y119.969
G0 X173.964 Y123.976
G0 X162.12 Y123.986
G0 X162.484 Y123.621
G0 X162.655 Y123.816
G1 F2700 E536.1488
G1 F1200 X162.833 Y123.657 E536.15674
G1 X163.149 Y123.261 E536.17359
G1 X163.38 Y122.862 E536.18892
G1 X163.524 Y122.474 E536.20269
G1 X163.599 Y122.177 E536.21288
G1 X163.654 Y121.789 E536.22591
G1 X163.655 Y115.658 E536.42983
G1 X163.599 Y115.218 E536.44458
G1 X163.531 Y114.939 E536.45413
G1 X163.415 Y114.632 E536.46505
G1 X163.281 Y114.363 E536.47504
G1 X163.073 Y114.039 E536.48785
G1 X162.857 Y113.782 E536.49901
G1 X162.419 Y113.383 E536.51872
G1 X161.921 Y113.095 E536.53785
G1 X161.557 Y112.963 E536.55073
G1 X160.975 Y112.847 E536.57047
G1 X160.381 Y112.847 E536.59023
G1 X159.893 Y112.952 E536.60683
G1 X159.615 Y113.046 E536.61659
G1 X159.222 Y113.232 E536.63105
G1 X158.946 Y113.412 E536.64201
G1 X158.566 Y113.751 E536.65895
G1 X158.327 Y114.027 E536.67109
G1 X158.111 Y114.363 E536.68438
G1 X157.976 Y114.634 E536.69445
G1 X157.828 Y115.07 E536.70976
G1 X157.742 Y115.6 E536.72762
G1 X157.742 Y121.785 E536.93333
G1 X157.818 Y122.297 E536.95055
G1 X157.966 Y122.733 E536.96586
G1 X158.104 Y123.014 E536.97628
G1 X158.343 Y123.386 E536.99098
G1 X158.532 Y123.606 E537.00063
G1 X158.759 Y123.816 E537.01091
G1 X133.36 Y123.816 E537.85569
G1 X133.36 Y118.402 E538.03576
G1 F1170.7 X133.369 Y117.944 E538.05138
G1 F1159.4 X133.364 Y117.352 E538.07176
G1 F1121.5 X133.385 Y116.84 E538.08999
G1 F1132.1 X133.361 Y116.414 E538.10503
G1 F1200 X133.36 Y111.18 E538.27912
G1 X181.14 Y111.18 E539.86829
G1 X181.14 Y123.816 E540.28856
G1 X162.655 Y123.816 E540.90338
G1 F2700 E535.90338
G0 F9000 X162.484 Y123.621
G0 X160.951 Y124.041
G0 X160.5 Y124.046
G0 X159.825 Y123.909
G0 X159.297 Y123.614
G0 X158.821 Y123.182
G0 X158.491 Y122.67
G0 X158.345 Y122.255
G0 X157.921 Y119.315
G0 X154.351 Y118.552
G0 X153.373 Y119.311
G0 X153.452 Y119.559
G1 F2700 E540.90338
G1 F1200 X153.849 Y119.347 E540.91835
G1 X154.314 Y118.952 E540.93864
G1 X154.513 Y118.627 E540.95131
G1 X154.681 Y118.275 E540.96429
G1 X154.79 Y117.927 E540.97641
G1 X154.836 Y117.476 E540.99149
G1 X154.804 Y117.181 E541.00136
G1 X154.74 Y116.889 E541.0113
G1 X154.599 Y116.515 E541.0246
G1 X154.294 Y116.047 E541.04318
G1 X154.078 Y115.817 E541.05367
G1 X153.588 Y115.506 E541.07298
G1 X153.124 Y115.316 E541.08965
G1 X152.711 Y115.269 E541.10348
G1 X152.157 Y115.29 E541.12192
G1 X151.561 Y115.515 E541.1431
G1 X151.314 Y115.665 E541.15272
G1 X150.921 Y116.035 E541.17067
G1 X150.609 Y116.497 E541.18921
G1 X150.466 Y116.846 E541.20176
G1 X150.376 Y117.346 E541.21865
G1 X150.394 Y117.903 E541.23719
G1 X150.525 Y118.311 E541.25144
G1 X150.702 Y118.66 E541.26446
G1 X150.981 Y119.03 E541.27987
G1 X151.257 Y119.274 E541.29212
G1 X151.564 Y119.482 E541.30446
G1 X152.233 Y119.704 E541.3279
G1 X152.541 Y119.732 E541.33819
G1 X153.131 Y119.658 E541.35796
G1 X153.452 Y119.559 E541.36914
G1 F2700 E536.36914
G0 F9000 X153.373 Y119.311
G0 X151.638 Y119.321
G0 X149.381 Y119.824
G0 X149.038 Y120.538
G0 X148.756 Y120.65
G0 X148.904 Y120.861
G1 F2700 E541.36914
G1 F1200 X149.159 Y120.664 E541.37985
G1 X149.327 Y120.46 E541.38864
G1 X149.472 Y120.179 E541.39916
G1 X149.557 Y119.857 E541.41024
G1 X149.559 Y114.572 E541.58602
G1 X149.445 Y114.155 E541.60039
G1 X149.279 Y113.866 E541.61148
G1 X148.998 Y113.595 E541.62446
G1 X148.636 Y113.407 E541.63803
G1 X148.228 Y113.342 E541.65177
G1 X140.37 Y113.342 E541.91313
G1 X139.964 Y113.403 E541.92679
G1 X139.594 Y113.6 E541.94073
G1 X139.316 Y113.868 E541.95357
G1 X139.146 Y114.167 E541.96501
G1 X139.041 Y114.571 E541.97889
G1 X139.04 Y119.854 E542.15461
G1 X139.182 Y120.353 E542.17186
G1 X139.442 Y120.665 E542.18537
G1 X139.696 Y120.861 E542.19604
G1 X140.037 Y121.015 E542.20849
G1 X140.374 Y121.059 E542.21979
G1 X148.222 Y121.059 E542.48082
G1 X148.543 Y121.018 E542.49158
G1 X148.904 Y120.861 E542.50467
G1 F2700 E537.50467
G0 F9000 X148.756 Y120.65
G0 X139.562 Y120.538
G0 X139.22 Y119.39
G0 X137.751 Y118.551
G0 X136.588 Y119.39
G0 X136.635 Y119.646
G1 F2700 E542.50467
G1 F1200 X137.2 Y119.404 E542.52512
G1 X137.617 Y119.028 E542.54379
G1 X137.913 Y118.624 E542.56045
G1 X138.081 Y118.276 E542.5733
G1 X138.19 Y117.927 E542.58546
G1 X138.24 Y117.516 E542.59923
G1 X138.207 Y117.205 E542.60963
G1 X138.144 Y116.899 E542.62003
G1 X137.965 Y116.465 E542.63564
G1 X137.728 Y116.1 E542.65011
G1 X137.356 Y115.737 E542.6674
G1 X137.014 Y115.518 E542.68091
G1 X136.744 Y115.385 E542.69092
G1 X136.399 Y115.301 E542.70273
G1 X136.11 Y115.269 E542.7124
G1 X135.664 Y115.289 E542.72725
G1 X135.338 Y115.37 E542.73842
G1 X135.007 Y115.503 E542.75029
G1 X134.627 Y115.747 E542.76531
G1 X134.317 Y116.039 E542.77947
G1 X134.009 Y116.497 E542.79783
G1 F1132.1 X133.831 Y116.88 E542.81272
G1 F1116.3 X133.773 Y117.303 E542.82798
G1 F1153.8 X133.785 Y117.908 E542.84892
G1 F1170.7 X133.937 Y118.338 E542.86446
G1 F1200 X134.118 Y118.692 E542.87769
G1 X134.394 Y119.044 E542.89257
G1 X134.64 Y119.263 E542.90352
G1 X135.071 Y119.517 E542.92016
G1 X135.605 Y119.698 E542.93891
G1 X135.943 Y119.732 E542.95021
G1 X136.635 Y119.646 E542.9734
G1 F2700 E537.9734
G0 F9000 X136.588 Y119.39
G0 X135.828 Y119.237
G0 X135.112 Y118.997
G0 X134.631 Y118.573
G0 X134.311 Y117.931
G0 X134.283 Y117.203
G0 X134.493 Y116.67
G0 X135.107 Y115.654
G0 X133.2 Y115.654
G0 X133.1 Y111.947
G0 X133.56 Y111.947
G1 F2700 E542.9734
G1 F1200 X134.128 Y111.38 E543.0001
G0 F9000 X134.693 Y111.38
G1 F1200 X133.56 Y112.513 E543.05339
G0 F9000 X133.56 Y113.078
G1 F1200 X135.259 Y111.38 E543.13328
G0 F9000 X135.825 Y111.38
G1 F1200 X133.56 Y113.644 E543.2398
G0 F9000 X133.56 Y114.21
G1 F1200 X136.39 Y111.38 E543.37291
G0 F9000 X136.956 Y111.38
G1 F1200 X133.56 Y114.775 E543.53263
G0 F9000 X133.56 Y115.341
G1 F1200 X137.522 Y111.38 E543.71896
G0 F9000 X138.087 Y111.38
G1 F1200 X133.561 Y115.906 E543.93185
G0 F9000 X133.568 Y116.465
G1 F1200 X138.653 Y111.38 E544.17104
G0 F9000 X139.219 Y111.38
G1 F1200 X135.466 Y115.133 E544.34757
G0 F9000 X136.095 Y115.07
G1 F1200 X139.784 Y111.38 E544.52111
G0 F9000 X140.35 Y111.38
G1 F1200 X136.587 Y115.143 E544.69811
G0 F9000 X137.003 Y115.292
G1 F1200 X140.916 Y111.38 E544.88214
G0 F9000 X141.481 Y111.38
G1 F1200 X137.362 Y115.5 E545.07591
G0 F9000 X137.666 Y115.761
G1 F1200 X138.843 Y114.585 E545.13125
G0 F9000 X138.843 Y115.15
G1 F1200 X137.94 Y116.052 E545.1737
G0 F9000 X138.156 Y116.403
G1 F1200 X138.843 Y115.716 E545.20601
G0 F9000 X138.842 Y116.282
G1 F1200 X138.319 Y116.806 E545.23064
G0 F9000 X138.416 Y117.274
G1 F1200 X138.842 Y116.848 E545.25067
G0 F9000 X138.841 Y117.414
G1 F1200 X138.399 Y117.856 E545.27146
G0 F9000 X138.841 Y117.98
G1 F1200 X138.048 Y118.773 E545.30876
G0 F9000 X138.841 Y118.546
G1 F1200 X133.77 Y123.616 E545.54727
G0 F9000 X133.56 Y123.261
G1 F1200 X137.199 Y119.622 E545.71843
G0 F9000 X136.374 Y119.881
G1 F1200 X133.56 Y122.696 E545.85082
G0 F9000 X133.56 Y122.13
G1 F1200 X135.772 Y119.918 E545.95486
G0 F9000 X135.312 Y119.812
G1 F1200 X133.56 Y121.564 E546.03727
G0 F9000 X133.56 Y120.999
G1 F1200 X134.907 Y119.652 E546.10063
G0 F9000 X134.553 Y119.44
G1 F1200 X133.56 Y120.433 E546.14734
G0 F9000 X133.56 Y119.867
G1 F1200 X134.249 Y119.178 E546.17975
G0 F9000 X133.998 Y118.863
G1 F1200 X133.56 Y119.302 E546.20037
G0 F9000 X133.56 Y118.736
G1 F1200 X133.795 Y118.501 E546.21143
G0 F9000 X133.57 Y118.16
G1 F1200 X133.635 Y118.095 E546.21448
G1 F2700 E541.21448
G0 F9000 X134.079 Y117.95
G0 X134.631 Y118.573
G0 X135.112 Y118.997
G0 X135.828 Y119.237
G0 X136.47 Y119.156
G0 X137.751 Y118.551
G0 X139.22 Y118.551
G0 X139.3 Y119.112
G0 X138.84 Y119.112
G1 F2700 E546.21448
G1 F1200 X134.336 Y123.616 E546.42634
G0 F9000 X134.902 Y123.616
G1 F1200 X138.84 Y119.679 E546.61155
G0 F9000 X138.92 Y120.164
G1 F1200 X135.468 Y123.616 E546.77392
G0 F9000 X136.033 Y123.616
G1 F1200 X139.092 Y120.557 E546.9178
G0 F9000 X139.358 Y120.857
G1 F1200 X136.599 Y123.616 E547.04758
G0 F9000 X137.165 Y123.616
G1 F1200 X139.697 Y121.084 E547.16668
G0 F9000 X140.12 Y121.227
G1 F1200 X137.73 Y123.616 E547.27907
G0 F9000 X138.296 Y123.616
G1 F1200 X140.656 Y121.257 E547.39006
G0 F9000 X141.221 Y121.257
G1 F1200 X138.862 Y123.616 E547.50102
G0 F9000 X139.427 Y123.616
G1 F1200 X141.787 Y121.257 E547.612
G0 F9000 X142.353 Y121.257
G1 F1200 X139.993 Y123.616 E547.72298
G0 F9000 X140.559 Y123.616
G1 F1200 X142.918 Y121.257 E547.83394
G0 F9000 X143.484 Y121.257
G1 F1200 X141.124 Y123.616 E547.94493
G0 F9000 X141.69 Y123.616
G1 F1200 X144.05 Y121.257 E548.05591
G0 F9000 X144.615 Y121.257
G1 F1200 X142.256 Y123.616 E548.16687
G0 F9000 X142.821 Y123.616
G1 F1200 X145.181 Y121.257 E548.27785
G0 F9000 X145.747 Y121.257
G1 F1200 X143.387 Y123.616 E548.38884
G0 F9000 X143.953 Y123.616
G1 F1200 X146.312 Y121.257 E548.4998
G0 F9000 X146.878 Y121.257
G1 F1200 X144.518 Y123.616 E548.61078
G0 F9000 X145.084 Y123.616
G1 F1200 X147.444 Y121.257 E548.72176
G0 F9000 X148.009 Y121.257
G1 F1200 X145.65 Y123.616 E548.83272
G0 F9000 X146.216 Y123.616
G1 F1200 X148.63 Y121.202 E548.94627
G0 F9000 X148.492 Y120.762
G0 X149.038 Y120.538
G0 X149.245 Y120.027
G0 X149.688 Y120.144
G1 F1200 X150.761 Y119.071 E548.99674
G0 F9000 X151.044 Y119.354
G1 F1200 X146.782 Y123.616 E549.19721
G0 F9000 X147.348 Y123.616
G1 F1200 X151.372 Y119.592 E549.38649
G0 F9000 X151.768 Y119.761
G1 F1200 X147.913 Y123.616 E549.56782
G0 F9000 X148.479 Y123.616
G1 F1200 X152.194 Y119.901 E549.74256
G0 F9000 X152.75 Y119.91
G1 F1200 X149.045 Y123.616 E549.91686
G0 F9000 X149.61 Y123.616
G1 F1200 X153.461 Y119.765 E550.09799
G0 F9000 X153.322 Y119.327
G0 X154.443 Y118.173
G0 X154.86 Y118.366
G1 F1200 X157.541 Y115.685 E550.2241
G0 F9000 X157.541 Y116.251
G1 F1200 X150.176 Y123.616 E550.57053
G0 F9000 X150.742 Y123.616
G1 F1200 X157.541 Y116.817 E550.89033
G0 F9000 X157.541 Y117.383
G1 F1200 X151.307 Y123.616 E551.18354
G0 F9000 X151.873 Y123.616
G1 F1200 X157.541 Y117.948 E551.45014
G0 F9000 X157.541 Y118.514
G1 F1200 X152.439 Y123.616 E551.69012
G0 F9000 X153.004 Y123.616
G1 F1200 X157.541 Y119.08 E551.90351
G0 F9000 X157.541 Y119.645
G1 F1200 X153.57 Y123.616 E552.09029
G0 F9000 X154.136 Y123.616
G1 F1200 X157.541 Y120.211 E552.25045
G0 F9000 X157.541 Y120.777
G1 F1200 X154.702 Y123.616 E552.38399
G0 F9000 X155.267 Y123.616
G1 F1200 X157.541 Y121.342 E552.49095
G0 F9000 X157.558 Y121.89
G1 F1200 X155.833 Y123.616 E552.57211
G0 F9000 X156.399 Y123.616
G1 F1200 X157.635 Y122.38 E552.63025
G0 F9000 X157.779 Y122.801
G1 F1200 X156.964 Y123.616 E552.66859
G0 F9000 X157.53 Y123.616
G1 F1200 X157.963 Y123.182 E552.68898
G0 F9000 X158.356 Y122.928
G0 X159.297 Y123.614
G0 X159.825 Y123.909
G0 X160.372 Y124.02
G0 X163.186 Y124.076
G0 X163.186 Y123.616
G1 F1200 X175.423 Y111.38 E553.26454
G0 F9000 X175.988 Y111.38
G1 F1200 X163.752 Y123.616 E553.84009
G0 F9000 X164.317 Y123.616
G1 F1200 X176.554 Y111.38 E554.41566
G0 F9000 X177.12 Y111.38
G1 F1200 X173.827 Y114.672 E554.57053
G0 F9000 X174.604 Y114.461
G1 F1200 X177.685 Y111.38 E554.71545
G0 F9000 X178.251 Y111.38
G1 F1200 X175.184 Y114.447 E554.85971
G0 F9000 X175.673 Y114.524
G1 F1200 X178.817 Y111.38 E555.00759
G0 F9000 X179.382 Y111.38
G1 F1200 X176.108 Y114.654 E555.16159
G0 F9000 X176.493 Y114.835
G1 F1200 X179.948 Y111.38 E555.3241
G0 F9000 X180.514 Y111.38
G1 F1200 X176.837 Y115.057 E555.49706
G0 F9000 X177.14 Y115.319
G1 F1200 X180.939 Y111.52 E555.67575
G0 F9000 X180.939 Y112.086
G1 F1200 X177.408 Y115.617 E555.84184
G0 F9000 X177.635 Y115.956
G1 F1200 X180.939 Y112.651 E555.99727
G0 F9000 X180.939 Y113.217
G1 F1200 X177.818 Y116.338 E556.14408
G0 F9000 X177.961 Y116.761
G1 F1200 X180.939 Y113.783 E556.28415
G0 F9000 X180.939 Y114.348
G1 F1200 X178.038 Y117.25 E556.42063
G0 F9000 X178.023 Y117.831
G1 F1200 X180.939 Y114.914 E556.55781
G0 F9000 X180.939 Y115.48
G1 F1200 X177.855 Y118.564 E556.70287
G0 F9000 X177.423 Y118.421
G0 X175.907 Y119.928
G0 X176.06 Y120.359
G1 F1200 X172.803 Y123.616 E556.85607
G0 F9000 X173.368 Y123.616
G1 F1200 X180.939 Y116.045 E557.21219
G0 F9000 X180.939 Y116.611
G1 F1200 X173.934 Y123.616 E557.54168
G0 F9000 X174.5 Y123.616
G1 F1200 X180.939 Y117.177 E557.84455
G0 F9000 X180.939 Y117.742
G1 F1200 X175.065 Y123.616 E558.12085
G0 F9000 X175.631 Y123.616
G1 F1200 X180.939 Y118.308 E558.37052
G0 F9000 X180.939 Y118.874
G1 F1200 X176.197 Y123.616 E558.59357
G0 F9000 X176.763 Y123.616
G1 F1200 X180.939 Y119.44 E558.79
G0 F9000 X180.939 Y120.005
G1 F1200 X177.328 Y123.616 E558.95985
G0 F9000 X177.894 Y123.616
G1 F1200 X180.939 Y120.571 E559.10307
G0 F9000 X180.939 Y121.137
G1 F1200 X178.46 Y123.616 E559.21968
G0 F9000 X179.025 Y123.616
G1 F1200 X180.939 Y121.702 E559.30971
G0 F9000 X180.939 Y122.268
G1 F1200 X179.591 Y123.616 E559.37311
G0 F9000 X180.157 Y123.616
G1 F1200 X180.939 Y122.834 E559.4099
G0 F9000 X180.939 Y123.399
G1 F1200 X180.722 Y123.616 E559.4201
G1 F2700 E554.4201
G0 F9000 X180.722 Y124.076
G0 X175.311 Y123.976
G0 X175.315 Y120.168
G0 X175.314 Y120.54
G1 F2700 E559.4201
G1 F1200 X172.237 Y123.616 E559.56481
G0 F9000 X171.671 Y123.616
G1 F1200 X174.744 Y120.543 E559.70936
G0 F9000 X174.265 Y120.457
G1 F1200 X171.106 Y123.616 E559.85795
G0 F9000 X170.54 Y123.616
G1 F1200 X173.835 Y120.321 E560.01293
G0 F9000 X173.455 Y120.136
G1 F1200 X169.974 Y123.616 E560.17665
G0 F9000 X169.409 Y123.616
G1 F1200 X173.116 Y119.909 E560.35101
G0 F9000 X172.815 Y119.644
G1 F1200 X168.843 Y123.616 E560.53784
G0 F9000 X168.277 Y123.616
G1 F1200 X172.542 Y119.352 E560.73843
G0 F9000 X172.333 Y118.995
G1 F1200 X167.712 Y123.616 E560.95579
G0 F9000 X167.146 Y123.616
G1 F1200 X172.125 Y118.638 E561.18996
G0 F9000 X172.02 Y118.177
G1 F1200 X166.58 Y123.616 E561.44582
G0 F9000 X166.015 Y123.616
G1 F1200 X171.934 Y117.697 E561.72423
G0 F9000 X171.956 Y117.11
G1 F1200 X165.449 Y123.616 E562.03028
G0 F9000 X164.883 Y123.616
G1 F1200 X172.17 Y116.33 E562.37301
G1 F2700 E557.37301
G0 F9000 X172.606 Y116.477
G0 X172.885 Y115.861
G0 X172.885 Y111.02
G0 X172.028 Y110.92
G0 X172.028 Y111.38
G1 F2700 E562.37301
G1 F1200 X163.853 Y119.555 E562.75754
G0 F9000 X163.853 Y118.99
G1 F1200 X171.463 Y111.38 E563.11549
G0 F9000 X170.897 Y111.38
G1 F1200 X163.853 Y118.424 E563.44682
G0 F9000 X163.853 Y117.858
G1 F1200 X170.331 Y111.38 E563.75152
G0 F9000 X169.766 Y111.38
G1 F1200 X163.853 Y117.293 E564.02965
G0 F9000 X163.853 Y116.727
G1 F1200 X169.2 Y111.38 E564.28116
G0 F9000 X168.634 Y111.38
G1 F1200 X163.853 Y116.161 E564.50604
G0 F9000 X163.849 Y115.6
G1 F1200 X168.069 Y111.38 E564.70454
G0 F9000 X167.503 Y111.38
G1 F1200 X163.779 Y115.104 E564.8797
G0 F9000 X163.644 Y114.673
G1 F1200 X166.937 Y111.38 E565.0346
G0 F9000 X166.372 Y111.38
G1 F1200 X163.465 Y114.287 E565.17133
G0 F9000 X163.245 Y113.941
G1 F1200 X165.806 Y111.38 E565.29179
G0 F9000 X165.24 Y111.38
G1 F1200 X162.987 Y113.633 E565.39777
G0 F9000 X162.692 Y113.363
G1 F1200 X164.675 Y111.38 E565.49104
G0 F9000 X164.109 Y111.38
G1 F1200 X162.368 Y113.121 E565.57293
G0 F9000 X162.006 Y112.917
G1 F1200 X163.543 Y111.38 E565.64523
G0 F9000 X162.978 Y111.38
G1 F1200 X161.589 Y112.768 E565.71054
G0 F9000 X161.119 Y112.673
G1 F1200 X162.412 Y111.38 E565.77136
G0 F9000 X161.846 Y111.38
G1 F1200 X160.578 Y112.648 E565.831
G0 F9000 X159.917 Y112.743
G1 F1200 X161.28 Y111.38 E565.89511
G0 F9000 X160.715 Y111.38
G1 F1200 X158.862 Y113.233 E565.98227
G0 F9000 X159.115 Y113.618
G0 X158.525 Y114.204
G0 X158.139 Y113.956
G1 F1200 X154.991 Y117.104 E566.13035
G0 F9000 X154.868 Y116.661
G1 F1200 X160.149 Y111.38 E566.37875
G0 F9000 X159.583 Y111.38
G1 F1200 X154.684 Y116.279 E566.60918
G0 F9000 X154.46 Y115.937
G1 F1200 X159.018 Y111.38 E566.82355
G0 F9000 X158.452 Y111.38
G1 F1200 X154.183 Y115.649 E567.02435
G0 F9000 X153.837 Y115.43
G1 F1200 X157.886 Y111.38 E567.21483
G0 F9000 X157.321 Y111.38
G1 F1200 X153.462 Y115.239 E567.39634
G0 F9000 X153.03 Y115.105
G1 F1200 X156.755 Y111.38 E567.57156
G0 F9000 X156.189 Y111.38
G1 F1200 X152.492 Y115.077 E567.74545
G0 F9000 X151.784 Y115.22
G1 F1200 X155.624 Y111.38 E567.92607
G0 F9000 X155.058 Y111.38
G1 F1200 X149.757 Y116.68 E568.17539
G0 F9000 X150.312 Y116.692
G1 F1200 X149.757 Y117.247 E568.2015
G0 F9000 X150.177 Y117.392
G1 F1200 X149.757 Y117.812 E568.22126
G0 F9000 X150.197 Y117.938
G1 F1200 X149.756 Y118.379 E568.242
G0 F9000 X149.755 Y118.945
G1 F1200 X150.333 Y118.368 E568.26916
G0 F9000 X150.521 Y118.745
G1 F1200 X149.755 Y119.512 E568.30522
G0 F9000 X149.3 Y119.512
G0 X149.3 Y116.114
G0 X149.758 Y116.114
G1 F1200 X154.492 Y111.38 E568.52789
G0 F9000 X153.927 Y111.38
G1 F1200 X149.758 Y115.548 E568.72396
G0 F9000 X149.758 Y114.983
G1 F1200 X153.361 Y111.38 E568.89344
G0 F9000 X152.795 Y111.38
G1 F1200 X149.731 Y114.445 E569.03758
G0 F9000 X149.595 Y114.015
G1 F1200 X152.229 Y111.38 E569.1615
G0 F9000 X151.664 Y111.38
G1 F1200 X149.369 Y113.675 E569.26945
G0 F9000 X149.07 Y113.408
G1 F1200 X151.098 Y111.38 E569.36484
G0 F9000 X150.532 Y111.38
G1 F1200 X148.697 Y113.216 E569.45118
G0 F9000 X148.203 Y113.144
G1 F1200 X149.967 Y111.38 E569.53415
G0 F9000 X149.401 Y111.38
G1 F1200 X147.637 Y113.144 E569.61712
G0 F9000 X147.071 Y113.144
G1 F1200 X148.835 Y111.38 E569.7001
G0 F9000 X148.27 Y111.38
G1 F1200 X146.505 Y113.144 E569.78309
G0 F9000 X145.94 Y113.144
G1 F1200 X147.704 Y111.38 E569.86607
G0 F9000 X147.138 Y111.38
G1 F1200 X145.374 Y113.144 E569.94904
G0 F9000 X144.808 Y113.144
G1 F1200 X146.573 Y111.38 E570.03204
G0 F9000 X146.007 Y111.38
G1 F1200 X144.243 Y113.144 E570.11501
G0 F9000 X143.677 Y113.144
G1 F1200 X145.441 Y111.38 E570.19798
G0 F9000 X144.876 Y111.38
G1 F1200 X143.111 Y113.144 E570.28098
G0 F9000 X142.546 Y113.144
G1 F1200 X144.31 Y111.38 E570.36395
G0 F9000 X143.744 Y111.38
G1 F1200 X141.98 Y113.144 E570.44693
G0 F9000 X141.414 Y113.144
G1 F1200 X143.179 Y111.38 E570.52992
G0 F9000 X142.613 Y111.38
G1 F1200 X140.849 Y113.144 E570.6129
G0 F9000 X140.272 Y113.155
G1 F1200 X142.047 Y111.38 E570.69639
G1 F2700 E565.69639
G0 F9000 X142.047 Y110.92
G0 X154.565 Y111.02
G0 X154.162 Y116.169
G0 X154.565 Y117.597
G0 X155.02 Y117.641
G1 F2700 E570.69639
G1 F1200 X157.632 Y115.029 E570.81925
G0 F9000 X158.083 Y115.126
G0 X158.824 Y114.213
G0 X159.357 Y113.742
G0 X159.913 Y113.474
G0 X160.45 Y113.359
G0 X160.9 Y113.354
G0 X161.575 Y113.491
G0 X162.103 Y113.786
G0 X162.579 Y114.218
G0 X162.907 Y114.726
G0 X163.078 Y115.195
G0 X163.396 Y120.121
G0 X163.853 Y120.121
G1 F1200 X172.594 Y111.38 E571.2304
G0 F9000 X173.16 Y111.38
G1 F1200 X163.853 Y120.687 E571.66817
G0 F9000 X163.853 Y121.253
G1 F1200 X173.726 Y111.38 E572.13256
G0 F9000 X174.291 Y111.38
G1 F1200 X163.852 Y121.819 E572.62358
G0 F9000 X163.717 Y122.52
G1 F1200 X174.857 Y111.38 E573.14757
G1 F2700 E568.14757
;MESH:NONMESH
G0 F300 X174.857 Y111.38 Z1
G0 F9000 X174.857 Y110.92
G0 X132.438 Y110.562
G0 X118.562 Y110.562
G0 X117.438 Y124.438
G0 X103.562 Y124.438
G0 X103.551 Y119.831
G0 X102.8 Y119.925
G0 X62.017 Y119.273
G0 X60.625 Y119.925
;TIME_ELAPSED:1086.938706
;LAYER:4
;TYPE:WALL-INNER
;MESH:BtnFaceWithWings.stl
G1 F2700 E573.14757
G1 F1200 X60.383 Y119.992 E573.15593
G1 X59.728 Y119.992 E573.17771
G1 X59.364 Y119.924 E573.19003
G1 X58.855 Y119.725 E573.2082
G1 X58.386 Y119.43 E573.22663
G1 X57.954 Y118.95 E573.24811
G1 X57.686 Y118.43 E573.26757
G1 X57.593 Y118.157 E573.27716
G1 X57.497 Y117.65 E573.29432
G1 X57.515 Y117.188 E573.3097
G1 X57.622 Y116.702 E573.32625
G1 X57.831 Y116.244 E573.343
G1 X58.116 Y115.838 E573.3595
G1 X58.422 Y115.56 E573.37325
G1 X58.845 Y115.274 E573.39023
G1 X59.371 Y115.071 E573.40898
G1 X59.613 Y115.004 E573.41733
G1 X60.265 Y115.004 E573.43902
G1 X60.843 Y115.138 E573.45875
G1 X61.306 Y115.358 E573.4758
G1 X61.705 Y115.664 E573.49253
G1 X61.963 Y115.954 E573.50544
G1 X62.107 Y116.165 E573.51393
G1 X62.362 Y116.681 E573.53308
G1 X62.483 Y117.17 E573.54983
G1 X62.483 Y117.793 E573.57055
G1 X62.341 Y118.436 E573.59245
G1 X62.218 Y118.661 E573.60098
G1 X61.887 Y119.144 E573.62046
G1 X61.499 Y119.505 E573.63809
G1 X61.049 Y119.761 E573.6553
G1 X60.625 Y119.925 E573.67043
G0 F9000 X60.377 Y119.592
G1 F1200 X59.728 Y119.592 E573.69201
G1 X59.509 Y119.551 E573.69942
G1 X59.037 Y119.367 E573.71627
G1 X58.644 Y119.121 E573.73169
G1 X58.285 Y118.719 E573.74962
G1 X58.003 Y118.171 E573.77012
G1 X57.895 Y117.605 E573.78928
G1 X57.925 Y117.183 E573.80335
G1 X58.002 Y116.834 E573.81524
G1 X58.178 Y116.445 E573.82944
G1 X58.418 Y116.105 E573.84328
G1 X58.735 Y115.817 E573.85753
G1 X59.036 Y115.629 E573.86933
G1 X59.619 Y115.404 E573.89012
G1 X60.218 Y115.404 E573.91004
G1 X60.713 Y115.518 E573.92693
G1 X61.098 Y115.702 E573.94113
G1 X61.428 Y115.955 E573.95496
G1 X61.716 Y116.277 E573.96932
G1 X61.985 Y116.817 E573.98939
G1 X62.085 Y117.246 E574.00404
G1 X62.085 Y117.75 E574.0208
G1 X61.952 Y118.341 E574.04095
G1 X61.582 Y118.883 E574.06278
G1 X61.265 Y119.176 E574.07714
G1 X60.96 Y119.367 E574.08911
G1 X60.377 Y119.592 E574.10989
G1 F2700 E569.10989
G0 F9000 X60.377 Y119.903
G0 X61.927 Y119.355
G0 X61.927 Y124.092
G0 X103.09 Y124.292
G0 X103.097 Y124.292
G1 F2700 E574.10989
G1 F1200 X103 Y124 E574.12012
G1 X103 Y111 E574.55251
G1 X103.098 Y110.704 E574.56288
G1 X53.5 Y110.704 E576.21251
G1 X53.5 Y124.292 E576.66445
G1 X103.097 Y124.292 E578.31405
G0 F9000 X104 Y124.646
G1 F1076.2 X103.52 Y124.361 E578.33476
G1 F1200 X103.4 Y124 E578.34741
G1 X103.4 Y111 E578.77979
G1 X103.52 Y110.64 E578.79241
G1 F1057.3 X103.888 Y110.356 E578.80996
G1 X103.352 Y110.304 E578.83029
G1 F1200 X53.1 Y110.304 E580.50168
G1 X53.1 Y124.692 E580.98022
G1 X103.354 Y124.692 E582.65168
G1 F1076.2 X104 Y124.646 E582.6757
G1 F963.9 X117.112 Y124.642 E583.21865
G0 F9000 X118 Y124.259
G1 F1027.8 X118 Y110.738 E583.74369
G0 F9000 X118.562 Y124.438
G0 X119 Y124.646
G1 F1076.2 X118.402 Y124.137 E583.77281
G1 F1200 X118.4 Y110.867 E584.21417
G1 F1057.3 X118.888 Y110.356 E584.24085
G1 X118 Y110.304 E584.27443
G1 F1071.4 X117 Y110.352 E584.31172
G1 X117.6 Y110.863 E584.34108
G1 F1200 X117.598 Y124.133 E584.78244
G1 F1061.9 X117.112 Y124.642 E584.80889
G1 X118 Y124.692 E584.84232
G1 F1076.2 X119 Y124.646 E584.87944
G1 F963.9 X132.112 Y124.642 E585.42239
G1 F2700 E580.42239
G0 F9000 X132.438 Y124.438
G0 X133.2 Y119.304
G0 X134.251 Y118.599
G0 X135.111 Y118.997
G0 X135.685 Y119.19
G0 X136.536 Y119.304
G1 F2700 E585.42239
G1 F1200 X135.788 Y119.381 E585.4474
G1 X135.223 Y119.194 E585.4672
G1 X134.874 Y118.99 E585.48064
G1 X134.65 Y118.79 E585.49063
G1 X134.403 Y118.503 E585.50323
G1 X134.239 Y118.125 E585.51693
G1 X134.125 Y117.664 E585.53273
G1 X134.136 Y117.307 E585.54461
G1 X134.207 Y116.972 E585.55599
G1 X134.335 Y116.652 E585.56746
G1 X134.562 Y116.311 E585.58108
G1 X134.838 Y116.039 E585.59397
G1 X135.166 Y115.824 E585.60702
G1 X135.434 Y115.716 E585.61663
G1 X135.713 Y115.648 E585.62618
G1 X136.172 Y115.64 E585.64145
G1 X136.455 Y115.68 E585.65095
G1 X136.922 Y115.866 E585.66767
G1 X137.153 Y116.034 E585.67717
G1 X137.429 Y116.302 E585.68997
G1 X137.622 Y116.563 E585.70076
G1 X137.787 Y116.95 E585.71476
G1 X137.847 Y117.211 E585.72366
G1 X137.877 Y117.483 E585.73276
G1 X137.798 Y117.989 E585.7498
G1 X137.684 Y118.306 E585.761
G1 X137.557 Y118.534 E585.76968
G1 X137.349 Y118.792 E585.78071
G1 X137.022 Y119.083 E585.79526
G1 X136.536 Y119.304 E585.81302
G0 F9000 X136.437 Y118.913
G1 F1200 X135.836 Y118.976 E585.83312
G1 X135.35 Y118.814 E585.85016
G1 X135.14 Y118.692 E585.85824
G1 X134.916 Y118.492 E585.86822
G1 X134.652 Y118.132 E585.88307
G1 X134.537 Y117.668 E585.89897
G1 X134.536 Y117.227 E585.91364
G1 X134.706 Y116.8 E585.92893
G1 X134.842 Y116.596 E585.93708
G1 X135.118 Y116.324 E585.94997
G1 X135.315 Y116.195 E585.9578
G1 X135.682 Y116.047 E585.97096
G1 X136.277 Y116.038 E585.99076
G1 X136.775 Y116.235 E586.00857
G1 X137.229 Y116.664 E586.02934
G1 X137.397 Y117.04 E586.04304
G1 X137.483 Y117.414 E586.0558
G1 X137.389 Y118.015 E586.07604
G1 X137.156 Y118.431 E586.0919
G1 X136.794 Y118.741 E586.10775
G1 X136.437 Y118.913 E586.12093
G1 F2700 E581.12093
G0 F9000 X136.471 Y119.225
G0 X135.82 Y119.235
G0 X135.111 Y118.997
G0 X134.663 Y118.601
G0 X134.421 Y118.217
G0 X134.273 Y117.654
G0 X134.297 Y117.167
G0 X134.495 Y116.663
G0 X135.1 Y115.656
G0 X133.2 Y115.656
G0 X132 Y110.352
G1 F2700 E586.12093
G1 F956.2 X118.888 Y110.356 E586.66824
G0 F9000 X117 Y110.352
G1 F956.2 X103.888 Y110.356 E587.21556
G1 F2700 E582.21556
G0 F9000 X148.861 Y110.136
G0 X148.572 Y113.579
G0 X149.038 Y113.862
G0 X149.038 Y120.538
G0 X148.889 Y120.426
G1 F2700 E587.21556
G1 F1200 X148.697 Y120.568 E587.2235
G1 X148.462 Y120.666 E587.23197
G1 X148.2 Y120.7 E587.24075
G1 X140.4 Y120.7 E587.50018
G1 X140.139 Y120.666 E587.50894
G1 X139.905 Y120.57 E587.51735
G1 X139.714 Y120.428 E587.52527
G1 X139.483 Y120.1 E587.53861
G1 X139.4 Y119.794 E587.54915
G1 X139.4 Y114.7 E587.71858
G1 X139.488 Y114.288 E587.73259
G1 X139.615 Y114.08 E587.7407
G1 X139.815 Y113.888 E587.74992
G1 X140.085 Y113.75 E587.76001
G1 X140.4 Y113.7 E587.77061
G1 X148.2 Y113.7 E588.03004
G1 X148.515 Y113.75 E588.04065
G1 X148.785 Y113.888 E588.05074
G1 X148.985 Y114.08 E588.05996
G1 X149.112 Y114.288 E588.06806
G1 X149.2 Y114.7 E588.08208
G1 X149.2 Y119.799 E588.25167
G1 X149.131 Y120.065 E588.26081
G1 X148.889 Y120.426 E588.27526
G0 F9000 X148.614 Y120.136
G1 F1200 X148.321 Y120.3 E588.28643
G1 X140.291 Y120.3 E588.55351
G1 X140.103 Y120.222 E588.56028
G1 X139.903 Y120.038 E588.56932
G1 X139.805 Y119.779 E588.57853
G1 X139.804 Y114.623 E588.75002
G1 X139.853 Y114.453 E588.7559
G1 X140.049 Y114.213 E588.76621
G1 X140.211 Y114.13 E588.77226
G1 X140.4 Y114.1 E588.77863
G1 X148.2 Y114.1 E589.03806
G1 X148.389 Y114.13 E589.04442
G1 X148.671 Y114.328 E589.05588
G1 X148.796 Y114.626 E589.06663
G1 X148.795 Y119.781 E589.23809
G1 X148.759 Y119.919 E589.24283
G1 X148.614 Y120.136 E589.25151
G1 F2700 E584.25151
G0 F9000 X148.614 Y120.61
G0 X148.996 Y120.545
G0 X149.381 Y119.816
G0 X151.634 Y119.321
G0 X153.309 Y119.23
G1 F2700 E589.25151
G1 F1200 X153.049 Y119.313 E589.26059
G1 X152.512 Y119.368 E589.27854
G1 X152.295 Y119.35 E589.28579
G1 X151.71 Y119.155 E589.30629
G1 X151.473 Y118.991 E589.31588
G1 X151.247 Y118.788 E589.32598
G1 X151.005 Y118.504 E589.33839
G1 X150.839 Y118.125 E589.35216
G1 X150.725 Y117.664 E589.36795
G1 X150.736 Y117.307 E589.37983
G1 X150.807 Y116.972 E589.39122
G1 X150.935 Y116.652 E589.40268
G1 X151.161 Y116.311 E589.41629
G1 X151.57 Y115.91 E589.43534
G1 X152.207 Y115.646 E589.45828
G1 X152.958 Y115.638 E589.48325
G1 X153.423 Y115.821 E589.49988
G1 X153.687 Y115.975 E589.51004
G1 X154.134 Y116.411 E589.53081
G1 X154.357 Y116.819 E589.54627
G1 X154.447 Y117.211 E589.55965
G1 X154.477 Y117.483 E589.56875
G1 X154.398 Y117.989 E589.58579
G1 X154.285 Y118.306 E589.59698
G1 X154.156 Y118.534 E589.60569
G1 X153.949 Y118.792 E589.61669
G1 X153.63 Y119.064 E589.63064
G1 X153.309 Y119.23 E589.64266
G0 F9000 X153.049 Y118.914
G1 F1200 X152.452 Y118.974 E589.66261
G1 X151.837 Y118.778 E589.68408
G1 X151.514 Y118.491 E589.69845
G1 X151.252 Y118.131 E589.71326
G1 X151.137 Y117.668 E589.72913
G1 X151.136 Y117.227 E589.7438
G1 X151.306 Y116.801 E589.75905
G1 X151.442 Y116.596 E589.76724
G1 X151.806 Y116.238 E589.78422
G1 X152.297 Y116.045 E589.80176
G1 X152.885 Y116.039 E589.82132
G1 X153.382 Y116.234 E589.83908
G1 X153.794 Y116.635 E589.8582
G1 X153.978 Y116.958 E589.87056
G1 X154.083 Y117.414 E589.88613
G1 X153.989 Y118.015 E589.90636
G1 X153.757 Y118.429 E589.92214
G1 X153.406 Y118.733 E589.93759
G1 X153.049 Y118.914 E589.9509
G1 F2700 E584.9509
G0 F9000 X153.18 Y119.193
G0 X153.778 Y119.186
G0 X157.9 Y121.773
G0 X160.257 Y124.226
G1 F2700 E589.9509
G1 F928.4 X160.487 Y124.24 E589.96081
G1 F958.1 X160.803 Y124.242 E589.97397
G1 F943 X161.018 Y124.232 E589.98308
G1 F1045.8 X161.417 Y124.292 E589.99848
G1 F1200 X181.5 Y124.292 E590.66644
G1 X181.5 Y110.704 E591.11838
G1 X132.902 Y110.704 E592.73476
G1 X133 Y111 E592.74513
G1 X133 Y124 E593.17751
G1 X132.903 Y124.292 E593.18774
G1 X159.818 Y124.291 E594.08294
G1 F1030 X160.257 Y124.226 E594.10014
G1 X159.54 Y123.935 E594.13012
G1 F1200 X159.117 Y123.669 E594.14674
G1 X158.777 Y123.359 E594.16204
G1 X158.59 Y123.129 E594.1719
G1 X158.351 Y122.722 E594.1876
G1 X158.19 Y122.307 E594.20241
G1 X158.1 Y121.76 E594.22084
G1 X158.1 Y115.633 E594.42463
G1 X158.177 Y115.145 E594.44106
G1 X158.4 Y114.529 E594.46285
G1 X158.551 Y114.321 E594.4714
G1 X158.972 Y113.844 E594.49256
G1 X159.405 Y113.547 E594.51002
G1 X159.877 Y113.321 E594.52743
G1 X160.403 Y113.218 E594.54526
G1 X160.905 Y113.201 E594.56196
G1 X161.515 Y113.322 E594.58265
G1 X161.859 Y113.461 E594.59499
G1 X162.336 Y113.764 E594.61378
G1 X162.811 Y114.27 E594.63686
G1 X163.046 Y114.672 E594.65235
G1 X163.23 Y115.164 E594.66982
G1 X163.295 Y115.67 E594.68679
G1 X163.296 Y121.756 E594.88921
G1 X163.228 Y122.239 E594.90544
G1 X163.034 Y122.761 E594.92396
G1 X162.849 Y123.071 E594.93596
G1 X162.509 Y123.46 E594.95315
G1 X162.11 Y123.794 E594.97045
G1 X161.639 Y124.019 E594.98782
G1 F1045.8 X161.018 Y124.232 E595.01287
G0 F9000 X132.112 Y124.642
G1 F1061.9 X132.646 Y124.692 E595.03303
G1 F1200 X181.9 Y124.692 E596.67122
G1 X181.9 Y110.304 E597.14977
G1 X132.648 Y110.304 E598.7879
G1 F1071.4 X132 Y110.352 E598.8121
G1 X132.48 Y110.64 E598.83296
G1 F1200 X132.6 Y111 E598.84558
G1 X132.6 Y124 E599.27796
G1 X132.48 Y124.361 E599.29061
G1 F1061.9 X132.112 Y124.642 E599.30802
G0 F9000 X159.8 Y124.202
G0 X161.456 Y123.995
G0 X161.396 Y123.692
G1 F1200 X160.876 Y123.793 E599.32563
G1 X160.429 Y123.788 E599.3405
G1 X159.836 Y123.65 E599.36075
G1 X159.361 Y123.351 E599.37942
G1 X158.98 Y123.003 E599.39658
G1 X158.713 Y122.549 E599.4141
G1 X158.576 Y122.196 E599.42669
G1 X158.5 Y121.724 E599.4426
G1 X158.506 Y115.624 E599.64548
G1 X158.567 Y115.25 E599.65809
G1 X158.772 Y114.674 E599.67842
G1 X159.238 Y114.147 E599.70182
G1 X159.632 Y113.877 E599.71771
G1 X160.002 Y113.705 E599.73128
G1 X160.472 Y113.612 E599.74721
G1 X160.871 Y113.603 E599.76049
G1 X161.437 Y113.715 E599.77968
G1 X161.643 Y113.798 E599.78706
G1 X162.083 Y114.079 E599.80443
G1 X162.488 Y114.51 E599.8241
G1 X162.685 Y114.847 E599.83708
G1 X162.839 Y115.257 E599.85165
G1 X162.896 Y115.688 E599.86611
G1 X162.891 Y121.764 E600.0682
G1 X162.838 Y122.139 E600.08079
G1 X162.659 Y122.621 E600.09789
G1 X162.548 Y122.808 E600.10513
G1 X162.208 Y123.196 E600.12229
G1 X161.891 Y123.456 E600.13592
G1 X161.396 Y123.692 E600.15416
G1 F2700 E595.15416
G0 F9000 X161.456 Y123.995
G0 X161.909 Y124.102
G0 X175.625 Y124.092
G0 X175.405 Y120.173
G0 X175.625 Y119.925
G1 F2700 E600.15416
G1 F1200 X175.383 Y119.992 E600.16251
G1 X174.732 Y119.992 E600.18417
G1 X174.149 Y119.858 E600.20406
G1 X173.693 Y119.636 E600.22093
G1 X173.291 Y119.334 E600.23765
G1 X172.949 Y118.941 E600.25498
G1 X172.628 Y118.317 E600.27832
G1 X172.501 Y117.672 E600.30019
G1 X172.515 Y117.181 E600.31652
G1 X172.671 Y116.497 E600.33986
G1 X173.105 Y115.855 E600.36563
G1 X173.481 Y115.502 E600.38278
G1 X173.87 Y115.259 E600.39804
G1 X174.168 Y115.135 E600.40877
G1 X174.706 Y115.009 E600.42715
G1 X175.26 Y115.003 E600.44558
G1 X175.844 Y115.138 E600.46552
G1 X176.311 Y115.361 E600.48273
G1 X176.699 Y115.665 E600.49912
G1 X176.963 Y115.954 E600.51214
G1 X177.108 Y116.165 E600.52066
G1 X177.367 Y116.676 E600.53971
G1 X177.475 Y117.129 E600.5552
G1 X177.5 Y117.699 E600.57418
G1 X177.4 Y118.181 E600.59055
G1 X177.232 Y118.641 E600.60684
G1 X176.882 Y119.156 E600.62755
G1 X176.574 Y119.436 E600.64139
G1 X176.151 Y119.722 E600.65838
G1 X175.625 Y119.925 E600.67713
G0 F9000 X175.377 Y119.592
G1 F1200 X174.778 Y119.592 E600.69705
G1 X174.283 Y119.478 E600.71395
G1 X173.901 Y119.292 E600.72808
G1 X173.565 Y119.039 E600.74207
G1 X173.284 Y118.718 E600.75626
G1 X173.005 Y118.176 E600.77653
G1 X172.901 Y117.61 E600.79567
G1 X172.914 Y117.233 E600.80822
G1 X173.044 Y116.661 E600.82773
G1 X173.411 Y116.117 E600.84955
G1 X173.721 Y115.823 E600.86376
G1 X174.165 Y115.546 E600.88117
G1 X174.751 Y115.409 E600.90119
G1 X175.214 Y115.403 E600.91659
G1 X175.713 Y115.518 E600.93362
G1 X176.1 Y115.703 E600.94789
G1 X176.428 Y115.959 E600.96172
G1 X176.715 Y116.276 E600.97595
G1 X176.988 Y116.812 E600.99595
G1 X177.077 Y117.182 E601.00861
G1 X177.098 Y117.666 E601.02472
G1 X177.008 Y118.099 E601.03943
G1 X176.871 Y118.462 E601.05234
G1 X176.581 Y118.889 E601.06951
G1 X176.26 Y119.18 E601.08392
G1 X175.96 Y119.367 E601.09567
G1 X175.377 Y119.592 E601.11646
G0 F9000 X175.761 Y119.015
;TYPE:WALL-OUTER
G1 F1200 X175.299 Y119.189 E601.13288
G1 X174.803 Y119.187 E601.14938
G1 X174.396 Y119.088 E601.16331
G1 X174.099 Y118.94 E601.17434
G1 X173.825 Y118.728 E601.18587
G1 X173.606 Y118.468 E601.19717
G1 X173.383 Y118.027 E601.21361
G1 X173.303 Y117.605 E601.2279
G1 X173.316 Y117.267 E601.23915
G1 X173.417 Y116.821 E601.25436
G1 X173.734 Y116.362 E601.27291
G1 X173.954 Y116.154 E601.28298
G1 X174.322 Y115.92 E601.29748
G1 X174.785 Y115.811 E601.3133
G1 X175.193 Y115.809 E601.32687
G1 X175.599 Y115.907 E601.34077
G1 X175.867 Y116.035 E601.35064
G1 X176.17 Y116.266 E601.36332
G1 X176.395 Y116.529 E601.37483
G1 X176.615 Y116.972 E601.39128
G1 X176.675 Y117.22 E601.39977
G1 X176.694 Y117.647 E601.41398
G1 X176.605 Y118.053 E601.42781
G1 X176.502 Y118.293 E601.43649
G1 X176.29 Y118.605 E601.44904
G1 X176.006 Y118.866 E601.46187
G1 X175.761 Y119.015 E601.4714
G1 F2700 E596.4714
G0 F9000 X175.872 Y119.308
G0 X176.919 Y119.367
G0 X181.3 Y119.367
G0 X182.3 Y125.092
G1 F2700 E601.4714
G1 F1200 X182.3 Y109.904 E601.97656
G1 X52.7 Y109.904 E606.28707
G1 X52.7 Y125.092 E606.79223
G1 X182.3 Y125.092 E611.10274
G1 F2700 E606.10274
G0 F9000 X182.02 Y124.814
G0 X161.561 Y124.193
G0 X161.307 Y123.617
G0 X161.247 Y123.313
G1 F2700 E611.10274
G1 F1200 X160.813 Y123.392 E611.11741
G1 X160.497 Y123.389 E611.12792
G1 X159.993 Y123.276 E611.1451
G1 X159.621 Y123.042 E611.15972
G1 X159.293 Y122.747 E611.17439
G1 X159.069 Y122.361 E611.18924
G1 X158.962 Y122.073 E611.19946
G1 X158.902 Y121.709 E611.21173
G1 X158.9 Y115.697 E611.41169
G1 X158.954 Y115.352 E611.4233
G1 X159.123 Y114.88 E611.43997
G1 X159.526 Y114.435 E611.45994
G1 X159.893 Y114.188 E611.47466
G1 X160.149 Y114.083 E611.48386
G1 X160.541 Y114.006 E611.49715
G1 X160.855 Y114.007 E611.50759
G1 X161.397 Y114.114 E611.52596
G1 X161.842 Y114.407 E611.54369
G1 X162.177 Y114.77 E611.56012
G1 X162.328 Y115.034 E611.57023
G1 X162.451 Y115.376 E611.58232
G1 X162.495 Y115.688 E611.5928
G1 X162.495 Y121.708 E611.79302
G1 X162.451 Y122.02 E611.8035
G1 X162.272 Y122.516 E611.82104
G1 X161.878 Y122.959 E611.84076
G1 X161.655 Y123.125 E611.85001
G1 X161.247 Y123.313 E611.86495
G1 F2700 E606.86495
G0 F9000 X161.307 Y123.617
G0 X160.446 Y123.636
G0 X159.901 Y123.511
G0 X159.455 Y123.229
G0 X159.1 Y122.906
G0 X158.725 Y122.156
G0 X158.653 Y121.716
G0 X158.669 Y119.761
G0 X157.9 Y118.636
G0 X154.576 Y118.02
G0 X153.181 Y118.402
G1 F2700 E611.86495
G1 F1200 X152.932 Y118.521 E611.87413
G1 X152.477 Y118.566 E611.88934
G1 X152.045 Y118.421 E611.90449
G1 X151.761 Y118.175 E611.91699
G1 X151.614 Y117.926 E611.92661
G1 X151.531 Y117.599 E611.93783
G1 X151.537 Y117.302 E611.94771
G1 X151.694 Y116.91 E611.96175
G1 X152.025 Y116.584 E611.9772
G1 X152.369 Y116.444 E611.98956
G1 X152.809 Y116.443 E612.00419
G1 X153.165 Y116.578 E612.01685
G1 X153.486 Y116.891 E612.03177
G1 X153.607 Y117.131 E612.04071
G1 X153.672 Y117.436 E612.05108
G1 X153.606 Y117.881 E612.06604
G1 X153.442 Y118.172 E612.07715
G1 X153.181 Y118.402 E612.08872
G1 F2700 E607.08872
G0 F9000 X153.392 Y118.636
G0 X152.999 Y118.769
G0 X152.565 Y118.816
G0 X150.853 Y118.602
G0 X149.38 Y118.602
G0 X148.399 Y119.727
G1 F2700 E612.08872
G1 F1200 X148.338 Y119.846 E612.09317
G1 X148.253 Y119.894 E612.09642
G1 X140.358 Y119.9 E612.359
G1 X140.262 Y119.846 E612.36267
G1 X140.201 Y119.727 E612.36712
G1 X140.2 Y114.638 E612.53638
G1 X140.283 Y114.537 E612.54072
G1 X140.4 Y114.5 E612.54481
G1 X148.243 Y114.5 E612.80567
G1 X148.317 Y114.537 E612.80842
G1 X148.399 Y114.675 E612.81376
G1 X148.399 Y119.727 E612.98179
G1 F2700 E607.98179
G0 F9000 X148.71 Y119.727
G0 X148.638 Y120.138
G0 X139.962 Y120.138
G0 X139.22 Y118.689
G0 X137.906 Y118.217
G0 X136.577 Y118.405
G1 F2700 E612.98179
G1 F1200 X136.342 Y118.518 E612.99046
G1 X135.886 Y118.567 E613.00571
G1 X135.436 Y118.421 E613.02145
G1 X135.182 Y118.194 E613.03278
G1 X135.023 Y117.962 E613.04213
G1 X134.931 Y117.599 E613.05459
G1 X134.937 Y117.302 E613.06447
G1 X135.094 Y116.91 E613.07851
G1 X135.427 Y116.581 E613.09408
G1 X135.767 Y116.444 E613.10627
G1 X136.211 Y116.44 E613.12104
G1 X136.569 Y116.581 E613.13384
G1 X136.896 Y116.9 E613.14903
G1 X137.007 Y117.13 E613.15753
G1 X137.072 Y117.436 E613.16793
G1 X137.006 Y117.881 E613.1829
G1 X136.842 Y118.172 E613.19401
G1 X136.577 Y118.405 E613.20574
G1 F2700 E608.20574
G0 F9000 X136.71 Y118.689
G0 X135.168 Y119.365
G0 X133.2 Y119.365
G0 X132.2 Y124
G1 F2700 E613.20574
G1 F1200 X132.16 Y124.121 E613.20998
G1 X132.035 Y124.197 E613.21485
G1 X119 Y124.2 E613.64839
G1 X118.806 Y124.051 E613.65653
G1 X118.8 Y110.955 E614.0921
G1 X118.965 Y110.803 E614.09956
G1 X132 Y110.8 E614.53311
G1 X132.16 Y110.88 E614.53906
G1 X132.2 Y111 E614.54327
G1 X132.2 Y124 E614.97565
G1 F2700 E609.97565
G0 F9000 X132.51 Y124
G0 X132.438 Y124.438
G0 X118.562 Y124.438
G0 X117.51 Y124.045
G0 X117.2 Y124.045
G1 F2700 E614.97565
G1 F1200 X117.035 Y124.197 E614.98311
G1 X104 Y124.2 E615.41666
G1 X103.84 Y124.121 E615.42259
G1 X103.8 Y124 E615.42683
G1 X103.8 Y111 E615.85921
G1 X103.84 Y110.88 E615.86342
G1 X103.965 Y110.803 E615.8683
G1 X117 Y110.8 E616.30185
G1 X117.194 Y110.949 E616.30998
G1 X117.2 Y124.045 E616.74556
G1 F2700 E611.74556
G0 F9000 X117.51 Y124.045
G0 X117.438 Y124.438
G0 X103.562 Y124.438
G0 X103.552 Y119.55
G0 X102.8 Y119.308
G0 X62.366 Y118.764
G0 X60.761 Y119.015
G1 F2700 E616.74556
G1 F1200 X60.299 Y119.189 E616.76198
G1 X59.688 Y119.192 E616.7823
G1 X59.201 Y118.998 E616.79974
G1 X58.889 Y118.797 E616.81208
G1 X58.606 Y118.468 E616.82651
G1 X58.384 Y118.038 E616.84261
G1 X58.303 Y117.605 E616.85726
G1 X58.316 Y117.269 E616.86844
G1 X58.38 Y116.977 E616.87839
G1 X58.536 Y116.632 E616.89098
G1 X58.737 Y116.356 E616.90234
G1 X58.99 Y116.13 E616.91362
G1 X59.235 Y115.981 E616.92316
G1 X59.697 Y115.807 E616.93958
G1 X60.193 Y115.809 E616.95607
G1 X60.599 Y115.907 E616.96997
G1 X60.867 Y116.035 E616.97984
G1 X61.17 Y116.266 E616.99252
G1 X61.395 Y116.529 E617.00403
G1 X61.609 Y116.952 E617.0198
G1 X61.687 Y117.29 E617.03133
G1 X61.687 Y117.706 E617.04517
G1 X61.576 Y118.175 E617.0612
G1 X61.261 Y118.635 E617.07974
G1 X61.037 Y118.843 E617.08991
G1 X60.761 Y119.015 E617.10073
G1 F2700 E612.10073
G0 F9000 X60.872 Y119.308
G0 X61.927 Y119.355
G0 X61.927 Y124.092
G0 X102.9 Y123.932
G0 X102.64 Y123.932
;TYPE:SKIN
G1 F2700 E617.10073
G1 F1200 X53.861 Y123.931 E618.72312
G1 X53.861 Y111.065 E619.15105
G1 X102.64 Y111.064 E620.77344
G1 X102.64 Y123.932 E621.20143
G1 F2700 E616.20143
G0 F9000 X102.9 Y123.932
G0 X60.667 Y124.092
G0 X60.405 Y120.173
G0 X60.667 Y120.017
G0 X60.739 Y120.265
G1 F2700 E621.20143
G1 F1200 X61.203 Y120.087 E621.21796
G1 X61.691 Y119.811 E621.23661
G1 X62.064 Y119.467 E621.25349
G1 X62.245 Y119.255 E621.26276
G1 X62.517 Y118.863 E621.27863
G1 X62.681 Y118.565 E621.28994
G1 X62.847 Y117.833 E621.31491
G1 X62.839 Y117.115 E621.33879
G1 X62.679 Y116.493 E621.36015
G1 X62.427 Y115.997 E621.37865
G1 X62.25 Y115.735 E621.38917
G1 X61.953 Y115.402 E621.40401
G1 X61.483 Y115.043 E621.42368
G1 X60.983 Y114.803 E621.44213
G1 X60.453 Y114.677 E621.46025
G1 X60.166 Y114.645 E621.46985
G1 X59.557 Y114.646 E621.49011
G1 X59.262 Y114.727 E621.50028
G1 X58.7 Y114.941 E621.52028
G1 X58.198 Y115.279 E621.54041
G1 X57.943 Y115.51 E621.55186
G1 X57.771 Y115.702 E621.56043
G1 X57.501 Y116.089 E621.57612
G1 X57.33 Y116.469 E621.58998
G1 X57.249 Y116.713 E621.59853
G1 X57.16 Y117.112 E621.61213
G1 X57.139 Y117.701 E621.63173
G1 X57.235 Y118.217 E621.64919
G1 X57.354 Y118.57 E621.66158
G1 X57.582 Y119.013 E621.67815
G1 X57.746 Y119.253 E621.68782
G1 X58.153 Y119.712 E621.70822
G1 X58.682 Y120.039 E621.72891
G1 X59.225 Y120.258 E621.74838
G1 X59.691 Y120.349 E621.76417
G1 X60.435 Y120.35 E621.78892
G1 X60.739 Y120.265 E621.79942
G1 F2700 E616.79942
G0 F9000 X60.667 Y120.017
G0 X59.296 Y120.091
G0 X59.296 Y124.092
G0 X53.672 Y124.12
G0 X53.6 Y123.64
G0 X54.061 Y123.64
G1 F2700 E621.79942
G1 F1200 X54.152 Y123.731 E621.8037
G0 F9000 X54.717 Y123.731
G1 F1200 X54.061 Y123.075 E621.83456
G0 F9000 X54.061 Y122.509
G1 F1200 X55.283 Y123.731 E621.89203
G0 F9000 X55.849 Y123.731
G1 F1200 X54.061 Y121.943 E621.97614
G0 F9000 X54.061 Y121.378
G1 F1200 X56.414 Y123.731 E622.08681
G0 F9000 X56.98 Y123.731
G1 F1200 X54.061 Y120.812 E622.22412
G0 F9000 X54.061 Y120.246
G1 F1200 X57.546 Y123.731 E622.38804
G0 F9000 X58.111 Y123.731
G1 F1200 X54.061 Y119.681 E622.57854
G0 F9000 X54.061 Y119.115
G1 F1200 X58.677 Y123.731 E622.79566
G0 F9000 X59.243 Y123.731
G1 F1200 X54.061 Y118.549 E623.03941
G0 F9000 X54.061 Y117.984
G1 F1200 X59.809 Y123.731 E623.30975
G0 F9000 X60.374 Y123.731
G1 F1200 X54.061 Y117.418 E623.6067
G0 F9000 X54.061 Y116.852
G1 F1200 X60.94 Y123.731 E623.93026
G0 F9000 X61.506 Y123.731
G1 F1200 X54.061 Y116.287 E624.28043
G0 F9000 X54.061 Y115.721
G1 F1200 X57.365 Y119.025 E624.43584
G0 F9000 X57.01 Y118.105
G1 F1200 X54.061 Y115.155 E624.57457
G0 F9000 X54.061 Y114.589
G1 F1200 X56.945 Y117.474 E624.71025
G0 F9000 X56.991 Y116.954
G1 F1200 X54.061 Y114.024 E624.84807
G0 F9000 X54.061 Y113.458
G1 F1200 X57.109 Y116.506 E624.99144
G0 F9000 X57.274 Y116.106
G1 F1200 X54.061 Y112.892 E625.14259
G0 F9000 X54.061 Y112.327
G1 F1200 X57.49 Y115.756 E625.30388
G0 F9000 X57.74 Y115.439
G1 F1200 X54.061 Y111.761 E625.47691
G0 F9000 X54.13 Y111.265
G1 F1200 X58.029 Y115.164 E625.6603
G0 F9000 X58.358 Y114.926
G1 F1200 X54.696 Y111.265 E625.83253
G0 F9000 X55.262 Y111.265
G1 F1200 X58.717 Y114.72 E625.99504
G0 F9000 X59.128 Y114.565
G1 F1200 X55.827 Y111.265 E626.15029
G0 F9000 X56.393 Y111.265
G1 F1200 X59.577 Y114.448 E626.30003
G0 F9000 X60.14 Y114.446
G1 F1200 X56.959 Y111.265 E626.44966
G0 F9000 X57.525 Y111.265
G1 F1200 X60.814 Y114.554 E626.60436
G0 F9000 X60.71 Y115.003
G0 X61.749 Y115.57
G0 X62.03 Y115.204
G1 F1200 X58.09 Y111.265 E626.78966
G0 F9000 X58.656 Y111.265
G1 F1200 X71.122 Y123.731 E627.37602
G0 F9000 X70.557 Y123.731
G1 F1200 X62.165 Y115.339 E627.77076
G0 F9000 X61.822 Y115.645
G0 X62.491 Y116.786
G0 X62.935 Y116.675
G1 F1200 X69.991 Y123.731 E628.10265
G0 F9000 X69.425 Y123.731
G1 F1200 X63.04 Y117.346 E628.40298
G0 F9000 X63.034 Y117.906
G1 F1200 X68.859 Y123.731 E628.67697
G0 F9000 X68.294 Y123.731
G1 F1200 X62.93 Y118.367 E628.92928
G0 F9000 X62.785 Y118.788
G1 F1200 X67.728 Y123.731 E629.16178
G0 F9000 X67.162 Y123.731
G1 F1200 X62.569 Y119.138 E629.37782
G0 F9000 X62.329 Y119.463
G1 F1200 X66.597 Y123.731 E629.57858
G0 F9000 X66.031 Y123.731
G1 F1200 X62.052 Y119.752 E629.76574
G0 F9000 X61.745 Y120.01
G1 F1200 X65.465 Y123.731 E629.94074
G0 F9000 X64.9 Y123.731
G1 F1200 X61.384 Y120.215 E630.10612
G0 F9000 X60.986 Y120.383
G1 F1200 X64.334 Y123.731 E630.2636
G0 F9000 X63.768 Y123.731
G1 F1200 X60.559 Y120.522 E630.41454
G0 F9000 X60.018 Y120.546
G1 F1200 X63.203 Y123.731 E630.56435
G0 F9000 X62.637 Y123.731
G1 F1200 X59.406 Y120.5 E630.71633
G0 F9000 X58.504 Y120.164
G1 F1200 X62.071 Y123.731 E630.88411
G0 F9000 X62.071 Y124.192
G0 X71.688 Y124.192
G0 X71.688 Y123.731
G1 F1200 X59.222 Y111.265 E631.47047
G0 F9000 X59.787 Y111.265
G1 F1200 X72.254 Y123.731 E632.05686
G0 F9000 X72.819 Y123.731
G1 F1200 X60.353 Y111.265 E632.64322
G0 F9000 X60.919 Y111.265
G1 F1200 X73.385 Y123.731 E633.22958
G0 F9000 X73.951 Y123.731
G1 F1200 X61.484 Y111.265 E633.81597
G0 F9000 X62.05 Y111.265
G1 F1200 X74.516 Y123.731 E634.40233
G0 F9000 X75.082 Y123.731
G1 F1200 X62.616 Y111.265 E634.98869
G0 F9000 X63.181 Y111.265
G1 F1200 X75.648 Y123.731 E635.57508
G0 F9000 X76.213 Y123.731
G1 F1200 X63.747 Y111.265 E636.16144
G0 F9000 X64.313 Y111.265
G1 F1200 X76.779 Y123.731 E636.7478
G0 F9000 X77.345 Y123.731
G1 F1200 X64.878 Y111.265 E637.33419
G0 F9000 X65.444 Y111.265
G1 F1200 X77.91 Y123.731 E637.92055
G0 F9000 X78.477 Y123.732
G1 F1200 X66.01 Y111.265 E638.50696
G0 F9000 X66.576 Y111.265
G1 F1200 X79.043 Y123.732 E639.09337
G0 F9000 X79.608 Y123.732
G1 F1200 X67.141 Y111.265 E639.67978
G0 F9000 X67.707 Y111.265
G1 F1200 X80.174 Y123.732 E640.26619
G0 F9000 X80.74 Y123.732
G1 F1200 X68.273 Y111.265 E640.8526
G0 F9000 X68.838 Y111.265
G1 F1200 X81.305 Y123.732 E641.43901
G0 F9000 X81.871 Y123.732
G1 F1200 X69.404 Y111.265 E642.02542
G0 F9000 X69.97 Y111.265
G1 F1200 X82.437 Y123.732 E642.61183
G0 F9000 X83.002 Y123.732
G1 F1200 X70.535 Y111.265 E643.19824
G0 F9000 X71.101 Y111.265
G1 F1200 X83.568 Y123.732 E643.78465
G0 F9000 X84.134 Y123.732
G1 F1200 X71.667 Y111.265 E644.37106
G0 F9000 X72.232 Y111.265
G1 F1200 X84.699 Y123.732 E644.95747
G0 F9000 X85.265 Y123.732
G1 F1200 X72.798 Y111.265 E645.54388
G0 F9000 X73.364 Y111.265
G1 F1200 X85.831 Y123.732 E646.13028
G0 F9000 X86.396 Y123.732
G1 F1200 X73.929 Y111.265 E646.71669
G0 F9000 X74.495 Y111.265
G1 F1200 X86.962 Y123.732 E647.3031
G0 F9000 X87.528 Y123.732
G1 F1200 X75.061 Y111.265 E647.88951
G0 F9000 X75.626 Y111.265
G1 F1200 X88.093 Y123.732 E648.47592
G0 F9000 X88.659 Y123.732
G1 F1200 X76.192 Y111.265 E649.06233
G0 F9000 X76.758 Y111.265
G1 F1200 X89.225 Y123.732 E649.64874
G0 F9000 X89.791 Y123.732
G1 F1200 X77.324 Y111.265 E650.23515
G0 F9000 X77.889 Y111.265
G1 F1200 X90.356 Y123.732 E650.82156
G0 F9000 X90.922 Y123.732
G1 F1200 X78.455 Y111.265 E651.40797
G0 F9000 X79.021 Y111.265
G1 F1200 X91.488 Y123.732 E651.99438
G0 F9000 X92.053 Y123.732
G1 F1200 X79.586 Y111.265 E652.58079
G0 F9000 X80.152 Y111.265
G1 F1200 X92.619 Y123.732 E653.1672
G0 F9000 X93.185 Y123.732
G1 F1200 X80.718 Y111.265 E653.75361
G0 F9000 X81.283 Y111.265
G1 F1200 X93.75 Y123.732 E654.34002
G0 F9000 X94.316 Y123.732
G1 F1200 X81.849 Y111.265 E654.92643
G0 F9000 X82.415 Y111.265
G1 F1200 X94.882 Y123.732 E655.51284
G0 F9000 X95.447 Y123.732
G1 F1200 X82.98 Y111.265 E656.09925
G0 F9000 X83.546 Y111.265
G1 F1200 X96.013 Y123.732 E656.68565
G0 F9000 X96.579 Y123.732
G1 F1200 X84.112 Y111.265 E657.27206
G0 F9000 X84.677 Y111.265
G1 F1200 X97.144 Y123.732 E657.85847
G0 F9000 X97.71 Y123.732
G1 F1200 X85.243 Y111.265 E658.44488
G0 F9000 X85.809 Y111.265
G1 F1200 X98.276 Y123.732 E659.03129
G0 F9000 X98.842 Y123.732
G1 F1200 X86.375 Y111.265 E659.6177
G0 F9000 X86.94 Y111.265
G1 F1200 X99.407 Y123.732 E660.20411
G0 F9000 X99.973 Y123.732
G1 F1200 X87.506 Y111.265 E660.79052
G0 F9000 X88.072 Y111.265
G1 F1200 X100.539 Y123.732 E661.37693
G0 F9000 X101.104 Y123.732
G1 F1200 X88.637 Y111.265 E661.96334
G0 F9000 X89.203 Y111.265
G1 F1200 X101.67 Y123.732 E662.54975
G0 F9000 X102.236 Y123.732
G1 F1200 X89.769 Y111.265 E663.13616
G0 F9000 X90.334 Y111.265
G1 F1200 X102.44 Y123.37 E663.70556
G0 F9000 X102.44 Y122.805
G1 F1200 X90.9 Y111.265 E664.24837
G0 F9000 X91.466 Y111.265
G1 F1200 X102.44 Y122.239 E664.76455
G0 F9000 X102.44 Y121.673
G1 F1200 X92.031 Y111.265 E665.25414
G0 F9000 X92.597 Y111.265
G1 F1200 X102.44 Y121.108 E665.71712
G0 F9000 X102.44 Y120.542
G1 F1200 X93.163 Y111.265 E666.15348
G0 F9000 X93.728 Y111.265
G1 F1200 X102.44 Y119.976 E666.56325
G0 F9000 X102.44 Y119.411
G1 F1200 X94.294 Y111.265 E666.94641
G0 F9000 X94.86 Y111.265
G1 F1200 X102.44 Y118.845 E667.30295
G0 F9000 X102.44 Y118.279
G1 F1200 X95.425 Y111.265 E667.63289
G0 F9000 X95.991 Y111.265
G1 F1200 X102.44 Y117.713 E667.93621
G0 F9000 X102.44 Y117.148
G1 F1200 X96.557 Y111.265 E668.21293
G0 F9000 X97.123 Y111.265
G1 F1200 X102.44 Y116.582 E668.46302
G0 F9000 X102.44 Y116.016
G1 F1200 X97.688 Y111.265 E668.68652
G0 F9000 X98.254 Y111.265
G1 F1200 X102.44 Y115.451 E668.88341
G0 F9000 X102.44 Y114.885
G1 F1200 X98.82 Y111.265 E669.05369
G0 F9000 X99.385 Y111.265
G1 F1200 X102.44 Y114.319 E669.19736
G0 F9000 X102.44 Y113.754
G1 F1200 X99.951 Y111.265 E669.31444
G0 F9000 X100.517 Y111.265
G1 F1200 X102.44 Y113.188 E669.40489
G0 F9000 X102.44 Y112.622
G1 F1200 X101.082 Y111.265 E669.46874
G0 F9000 X101.648 Y111.265
G1 F1200 X102.44 Y112.057 E669.50599
G0 F9000 X102.44 Y111.491
G1 F1200 X102.214 Y111.265 E669.51662
G1 F2700 E664.51662
G0 F9000 X102.214 Y110.804
G0 X103.562 Y110.562
G0 X132.438 Y110.562
G0 X133.138 Y124.115
G0 X159.454 Y124.103
G0 X161.354 Y123.546
G0 X161.803 Y123.33
G0 X162.066 Y123.131
G0 X162.491 Y122.648
G0 X163.495 Y120.018
G0 X173.967 Y119.97
G0 X175.667 Y120.017
G0 X175.749 Y120.263
G1 F2700 E669.51662
G1 F1200 X176.297 Y120.051 E669.53617
G1 X176.809 Y119.703 E669.55676
G1 X177.041 Y119.499 E669.56703
G1 X177.25 Y119.253 E669.57777
G1 X177.561 Y118.785 E669.59646
G1 X177.745 Y118.277 E669.61443
G1 X177.858 Y117.751 E669.63232
G1 X177.832 Y117.09 E669.65433
G1 X177.735 Y116.671 E669.66863
G1 X177.635 Y116.415 E669.67777
G1 X177.432 Y116.003 E669.69305
G1 X177.245 Y115.729 E669.70408
G1 X176.952 Y115.408 E669.71854
G1 X176.525 Y115.067 E669.73671
G1 X175.987 Y114.803 E669.75664
G1 X175.453 Y114.677 E669.77489
G1 X175.166 Y114.645 E669.7845
G1 X174.653 Y114.65 E669.80156
G1 X174.083 Y114.78 E669.821
G1 X173.706 Y114.935 E669.83456
G1 X173.265 Y115.21 E669.85185
G1 X172.938 Y115.514 E669.8667
G1 X172.752 Y115.729 E669.87615
G1 X172.401 Y116.253 E669.89713
G1 X172.286 Y116.557 E669.90794
G1 X172.16 Y117.116 E669.927
G1 X172.143 Y117.728 E669.94736
G1 X172.282 Y118.42 E669.97084
G1 X172.569 Y118.992 E669.99212
G1 X172.742 Y119.249 E670.00243
G1 X173.028 Y119.583 E670.01705
G1 X173.52 Y119.953 E670.03753
G1 X173.884 Y120.129 E670.05098
G1 X174.18 Y120.236 E670.06144
G1 X174.54 Y120.316 E670.07371
G1 X174.828 Y120.351 E670.08336
G1 X175.435 Y120.35 E670.10355
G1 X175.749 Y120.263 E670.11439
G1 F2700 E665.11439
G0 F9000 X175.667 Y120.017
G0 X173.967 Y119.97
G0 X173.967 Y124.092
G0 X161.909 Y124.102
G0 X162.337 Y123.734
G0 X162.502 Y123.932
G1 F2700 E670.11439
G1 F1200 X162.783 Y123.689 E670.12674
G1 X163.136 Y123.284 E670.14461
G1 X163.36 Y122.912 E670.15905
G1 X163.525 Y122.469 E670.17478
G1 X163.594 Y122.198 E670.18408
G1 X163.654 Y121.789 E670.19783
G1 X163.653 Y115.659 E670.40171
G1 X163.595 Y115.195 E670.41726
G1 X163.531 Y114.939 E670.42604
G1 X163.365 Y114.498 E670.44171
G1 X163.181 Y114.186 E670.45376
G1 X163.004 Y113.951 E670.46355
G1 X162.678 Y113.603 E670.47941
G1 X162.422 Y113.39 E670.49048
G1 X162.02 Y113.142 E670.50619
G1 X161.616 Y112.978 E670.52069
G1 X160.955 Y112.843 E670.54313
G1 X160.337 Y112.863 E670.5637
G1 X159.781 Y112.971 E670.58254
G1 X159.19 Y113.255 E670.60435
G1 X158.878 Y113.471 E670.61697
G1 X158.632 Y113.685 E670.62781
G1 X158.257 Y114.107 E670.64659
G1 X158.067 Y114.383 E670.65773
G1 X157.831 Y115.035 E670.68079
G1 X157.742 Y115.585 E670.69933
G1 X157.74 Y121.768 E670.90497
G1 X157.834 Y122.372 E670.9253
G1 X158.021 Y122.869 E670.94297
G1 X158.293 Y123.336 E670.96094
G1 X158.536 Y123.628 E670.97358
G1 X158.869 Y123.933 E670.9886
G1 X133.361 Y123.931 E671.83699
G1 F1182.3 X133.367 Y117.214 E672.06375
G1 X133.36 Y116.813 E672.07729
G1 F1200 X133.36 Y111.064 E672.26851
G1 X181.14 Y111.064 E673.85768
G1 X181.14 Y123.932 E674.28567
G1 X162.502 Y123.932 E674.90557
G1 F2700 E669.90557
G0 F9000 X162.337 Y123.734
G0 X160.446 Y123.636
G0 X159.901 Y123.511
G0 X159.455 Y123.229
G0 X159.1 Y122.906
G0 X158.725 Y122.156
G0 X158.653 Y121.716
G0 X157.9 Y119.319
G0 X154.315 Y118.621
G0 X153.355 Y119.319
G0 X153.475 Y119.549
G1 F2700 E674.90557
G1 F1200 X153.87 Y119.336 E674.9205
G1 X154.213 Y119.033 E674.93572
G1 X154.453 Y118.733 E674.9485
G1 X154.613 Y118.451 E674.95928
G1 X154.754 Y118.047 E674.97351
G1 X154.836 Y117.492 E674.99217
G1 X154.796 Y117.124 E675.00448
G1 X154.74 Y116.875 E675.01297
G1 X154.628 Y116.57 E675.02378
G1 X154.441 Y116.208 E675.03733
G1 X153.928 Y115.708 E675.06116
G1 X153.545 Y115.481 E675.07596
G1 X153.112 Y115.311 E675.09144
G1 X152.783 Y115.28 E675.10243
G1 X152.225 Y115.287 E675.12099
G1 X151.91 Y115.374 E675.13186
G1 X151.354 Y115.617 E675.15204
G1 X150.885 Y116.08 E675.17396
G1 X150.617 Y116.48 E675.18997
G1 X150.459 Y116.867 E675.20388
G1 X150.379 Y117.259 E675.21718
G1 X150.362 Y117.715 E675.23236
G1 X150.485 Y118.205 E675.24916
G1 X150.699 Y118.699 E675.26707
G1 X150.988 Y119.035 E675.28181
G1 X151.234 Y119.258 E675.29285
G1 X151.557 Y119.483 E675.30595
G1 X152.239 Y119.704 E675.32979
G1 X152.531 Y119.728 E675.33953
G1 X153.111 Y119.666 E675.35894
G1 X153.475 Y119.549 E675.37165
G1 F2700 E670.37165
G0 F9000 X153.355 Y119.319
G0 X151.634 Y119.321
G0 X149.381 Y119.816
G0 X149.038 Y120.538
G0 X148.748 Y120.654
G0 X148.877 Y120.883
G1 F2700 E675.37165
G1 F1200 X149.148 Y120.671 E675.3831
G1 X149.33 Y120.457 E675.39244
G1 X149.472 Y120.177 E675.40288
G1 X149.558 Y119.842 E675.41438
G1 X149.559 Y114.675 E675.58624
G1 X149.527 Y114.411 E675.59508
G1 X149.446 Y114.156 E675.60398
G1 X149.279 Y113.874 E675.61488
G1 X148.998 Y113.595 E675.62805
G1 X148.628 Y113.403 E675.64192
G1 X148.222 Y113.342 E675.65557
G1 X140.374 Y113.342 E675.9166
G1 X139.968 Y113.403 E675.93026
G1 X139.598 Y113.595 E675.94412
G1 X139.316 Y113.876 E675.95736
G1 X139.129 Y114.192 E675.96957
G1 X139.041 Y114.563 E675.98226
G1 X139.043 Y119.844 E676.1579
G1 X139.094 Y120.089 E676.16623
G1 X139.268 Y120.455 E676.1797
G1 X139.484 Y120.705 E676.19069
G1 X139.747 Y120.894 E676.20146
G1 X140.069 Y121.019 E676.21295
G1 X140.373 Y121.059 E676.22315
G1 X148.222 Y121.059 E676.48421
G1 X148.539 Y121.018 E676.49484
G1 X148.877 Y120.883 E676.50695
G1 F2700 E671.50695
G0 F9000 X148.748 Y120.654
G0 X139.562 Y120.538
G0 X139.22 Y119.4
G0 X137.122 Y119.238
G0 X136.565 Y119.4
G0 X136.615 Y119.654
G1 F2700 E676.50695
G1 F1200 X137.212 Y119.392 E676.52863
G1 X137.589 Y119.058 E676.54538
G1 X137.853 Y118.734 E676.55928
G1 X138.013 Y118.448 E676.57018
G1 X138.154 Y118.047 E676.58432
G1 X138.236 Y117.492 E676.60298
G1 X138.199 Y117.145 E676.61459
G1 X138.14 Y116.879 E676.62365
G1 X137.982 Y116.451 E676.63882
G1 X137.702 Y116.069 E676.65458
G1 X137.316 Y115.689 E676.67259
G1 X137.037 Y115.514 E676.68355
G1 X136.564 Y115.335 E676.70037
G1 X136.192 Y115.281 E676.71287
G1 X135.677 Y115.288 E676.73
G1 X135.32 Y115.373 E676.74221
G1 X135.033 Y115.486 E676.75247
G1 X134.58 Y115.784 E676.7705
G1 X134.312 Y116.044 E676.78292
G1 X133.997 Y116.518 E676.80185
G1 X133.873 Y116.835 E676.81317
G1 F1182.3 X133.774 Y117.257 E676.8278
G1 F1173.6 X133.763 Y117.73 E676.84389
G1 F1191.1 X133.885 Y118.205 E676.86033
G1 F1200 X134.096 Y118.695 E676.87807
G1 X134.387 Y119.038 E676.89303
G1 X134.632 Y119.255 E676.90392
G1 X135.112 Y119.534 E676.92238
G1 X135.662 Y119.712 E676.94161
G1 X135.937 Y119.732 E676.95078
G1 X136.615 Y119.654 E676.97348
G1 F2700 E671.97348
G0 F9000 X136.565 Y119.4
G0 X135.168 Y119.365
G0 X133.2 Y119.365
G0 X133.1 Y123.378
G0 X133.56 Y123.378
G1 F2700 E676.97348
G1 F1200 X133.913 Y123.731 E676.99008
G0 F9000 X134.479 Y123.731
G1 F1200 X133.56 Y122.812 E677.03331
G0 F9000 X133.56 Y122.247
G1 F1200 X135.045 Y123.731 E677.10314
G0 F9000 X135.61 Y123.731
G1 F1200 X133.56 Y121.681 E677.19956
G0 F9000 X133.56 Y121.115
G1 F1200 X136.176 Y123.731 E677.32261
G0 F9000 X136.742 Y123.731
G1 F1200 X133.56 Y120.549 E677.47228
G0 F9000 X133.56 Y119.983
G1 F1200 X137.307 Y123.731 E677.64855
G0 F9000 X137.873 Y123.731
G1 F1200 X133.56 Y119.418 E677.85143
G0 F9000 X133.56 Y118.852
G1 F1200 X138.439 Y123.731 E678.08092
G0 F9000 X139.004 Y123.731
G1 F1200 X134.947 Y119.674 E678.27175
G0 F9000 X135.758 Y119.919
G1 F1200 X139.57 Y123.731 E678.45105
G0 F9000 X140.136 Y123.731
G1 F1200 X136.297 Y119.892 E678.63163
G0 F9000 X136.777 Y119.807
G1 F1200 X140.702 Y123.731 E678.81622
G0 F9000 X141.267 Y123.731
G1 F1200 X137.166 Y119.63 E679.00912
G0 F9000 X137.504 Y119.402
G1 F1200 X141.834 Y123.732 E679.21279
G0 F9000 X142.399 Y123.732
G1 F1200 X139.799 Y121.131 E679.33511
G0 F9000 X140.49 Y121.257
G1 F1200 X142.965 Y123.732 E679.45153
G0 F9000 X143.531 Y123.732
G1 F1200 X141.056 Y121.257 E679.56794
G0 F9000 X141.621 Y121.257
G1 F1200 X144.096 Y123.732 E679.68436
G0 F9000 X144.662 Y123.732
G1 F1200 X142.187 Y121.257 E679.80078
G0 F9000 X142.753 Y121.257
G1 F1200 X145.228 Y123.732 E679.91719
G0 F9000 X145.793 Y123.732
G1 F1200 X143.319 Y121.257 E680.03359
G0 F9000 X143.884 Y121.257
G1 F1200 X146.359 Y123.732 E680.15
G0 F9000 X146.925 Y123.732
G1 F1200 X144.45 Y121.257 E680.26642
G0 F9000 X145.016 Y121.257
G1 F1200 X147.49 Y123.732 E680.38281
G0 F9000 X148.056 Y123.732
G1 F1200 X145.581 Y121.257 E680.49923
G0 F9000 X146.147 Y121.257
G1 F1200 X148.622 Y123.732 E680.61564
G0 F9000 X149.188 Y123.732
G1 F1200 X146.713 Y121.257 E680.73206
G0 F9000 X147.278 Y121.257
G1 F1200 X149.753 Y123.732 E680.84848
G0 F9000 X150.32 Y123.732
G1 F1200 X147.844 Y121.257 E680.96492
G0 F9000 X148.391 Y121.238
G1 F1200 X150.885 Y123.732 E681.08223
G0 F9000 X151.451 Y123.732
G1 F1200 X148.835 Y121.117 E681.20525
G0 F9000 X149.184 Y120.9
G1 F1200 X152.017 Y123.732 E681.33848
G0 F9000 X152.582 Y123.732
G1 F1200 X149.46 Y120.61 E681.48533
G0 F9000 X149.661 Y120.245
G1 F1200 X153.148 Y123.732 E681.64935
G0 F9000 X153.714 Y123.732
G1 F1200 X149.755 Y119.774 E681.83555
G0 F9000 X149.755 Y119.208
G1 F1200 X154.279 Y123.732 E682.04834
G0 F9000 X154.845 Y123.732
G1 F1200 X149.755 Y118.643 E682.28774
G0 F9000 X149.756 Y118.078
G1 F1200 X150.817 Y119.138 E682.33762
G1 X150.955 Y119.276
G1 X155.411 Y123.732 E682.54722
G0 F9000 X155.976 Y123.732
G1 F1200 X152.126 Y119.882 E682.72831
G0 F9000 X152.722 Y119.912
G1 F1200 X156.542 Y123.732 E682.90799
G0 F9000 X157.108 Y123.732
G1 F1200 X153.217 Y119.841 E683.09101
G0 F9000 X153.632 Y119.691
G1 F1200 X157.673 Y123.732 E683.28109
G0 F9000 X158.239 Y123.732
G1 F1200 X153.999 Y119.493 E683.4805
G0 F9000 X154.296 Y119.224
G1 F1200 X157.724 Y122.651 E683.64172
G0 F9000 X157.565 Y121.927
G1 F1200 X154.557 Y118.918 E683.78323
G0 F9000 X154.773 Y118.569
G1 F1200 X157.541 Y121.337 E683.91343
G0 F9000 X157.541 Y120.772
G1 F1200 X154.925 Y118.155 E684.0365
G0 F9000 X155.009 Y117.674
G1 F1200 X157.542 Y120.207 E684.15564
G0 F9000 X157.542 Y119.641
G1 F1200 X154.991 Y117.091 E684.27561
G0 F9000 X154.653 Y116.187
G1 F1200 X157.543 Y119.076 E684.41153
G0 F9000 X157.543 Y118.51
G1 F1200 X150.296 Y111.264 E684.75238
G0 F9000 X149.731 Y111.264
G1 F1200 X153.948 Y115.482 E684.95076
G0 F9000 X153.716 Y115.878
G0 X152.959 Y115.556
G0 X153 Y115.099
G1 F1200 X149.165 Y111.264 E685.13114
G0 F9000 X148.599 Y111.264
G1 F1200 X152.422 Y115.087 E685.31097
G0 F9000 X151.93 Y115.161
G1 F1200 X148.034 Y111.264 E685.49424
G0 F9000 X147.468 Y111.264
G1 F1200 X151.525 Y115.321 E685.68507
G0 F9000 X151.163 Y115.525
G1 F1200 X149.51 Y113.872 E685.76283
G0 F9000 X149.019 Y113.381
G1 F1200 X146.902 Y111.264 E685.8624
G0 F9000 X146.336 Y111.264
G1 F1200 X148.217 Y113.144 E685.95086
G0 F9000 X147.651 Y113.144
G1 F1200 X145.771 Y111.264 E686.03929
G0 F9000 X145.205 Y111.264
G1 F1200 X147.085 Y113.144 E686.12771
G0 F9000 X146.52 Y113.144
G1 F1200 X144.639 Y111.264 E686.21617
G0 F9000 X144.074 Y111.264
G1 F1200 X145.954 Y113.144 E686.3046
G0 F9000 X145.388 Y113.144
G1 F1200 X143.508 Y111.264 E686.39303
G0 F9000 X142.942 Y111.264
G1 F1200 X144.823 Y113.144 E686.48148
G0 F9000 X144.257 Y113.144
G1 F1200 X142.377 Y111.264 E686.56991
G0 F9000 X141.811 Y111.264
G1 F1200 X143.691 Y113.144 E686.65834
G0 F9000 X143.125 Y113.144
G1 F1200 X141.245 Y111.264 E686.74677
G0 F9000 X140.68 Y111.264
G1 F1200 X142.56 Y113.144 E686.8352
G0 F9000 X141.994 Y113.144
G1 F1200 X140.114 Y111.264 E686.92363
G0 F9000 X139.548 Y111.264
G1 F1200 X141.428 Y113.144 E687.01206
G0 F9000 X140.863 Y113.144
G1 F1200 X138.983 Y111.264 E687.10049
G0 F9000 X138.417 Y111.264
G1 F1200 X140.303 Y113.15 E687.1892
G0 F9000 X139.835 Y113.247
G1 F1200 X137.851 Y111.264 E687.2825
G0 F9000 X137.285 Y111.264
G1 F1200 X139.465 Y113.444 E687.38504
G0 F9000 X139.178 Y113.722
G1 F1200 X136.72 Y111.264 E687.50065
G0 F9000 X136.154 Y111.264
G1 F1200 X138.965 Y114.075 E687.63287
G0 F9000 X138.847 Y114.522
G1 F1200 X135.588 Y111.264 E687.78614
G0 F9000 X135.023 Y111.264
G1 F1200 X138.843 Y115.084 E687.96582
G0 F9000 X138.842 Y115.649
G1 F1200 X134.457 Y111.264 E688.17208
G0 F9000 X133.891 Y111.264
G1 F1200 X138.842 Y116.214 E688.40494
G0 F9000 X138.841 Y116.779
G1 F1200 X133.56 Y111.498 E688.65334
G0 F9000 X133.56 Y112.064
G1 F1200 X136.649 Y115.153 E688.79864
G0 F9000 X136.016 Y115.085
G1 F1200 X133.56 Y112.629 E688.91416
G0 F9000 X133.56 Y113.195
G1 F1200 X135.492 Y115.128 E689.00506
G0 F9000 X135.06 Y115.261
G1 F1200 X133.56 Y113.761 E689.07561
G0 F9000 X133.56 Y114.326
G1 F1200 X134.698 Y115.465 E689.12917
G0 F9000 X134.373 Y115.705
G1 F1200 X133.56 Y114.892 E689.16741
G0 F9000 X133.56 Y115.458
G1 F1200 X134.099 Y115.997 E689.19276
G0 F9000 X133.872 Y116.336
G1 F1200 X133.56 Y116.023 E689.20746
G0 F9000 X133.56 Y116.589
G1 F1200 X133.7 Y116.729 E689.21404
G1 F2700 E684.21404
G0 F9000 X134.127 Y116.899
G0 X133.943 Y117.681
G0 X133.2 Y117.681
G0 X133.1 Y118.287
G0 X133.56 Y118.287
G1 F2700 E689.21404
G1 F1200 X133.813 Y118.539 E689.22592
G0 F9000 X134.233 Y118.356
G0 X135.111 Y118.997
G0 X135.82 Y119.235
G0 X136.378 Y119.174
G0 X137.437 Y118.84
G0 X137.791 Y119.123
G1 F1200 X138.983 Y120.315 E689.28199
G0 F9000 X138.84 Y119.607
G1 F1200 X138.04 Y118.807 E689.31962
G0 F9000 X138.227 Y118.428
G1 F1200 X138.84 Y119.041 E689.34845
G0 F9000 X138.84 Y118.476
G1 F1200 X138.364 Y117.999 E689.37086
G0 F9000 X138.841 Y117.911
G1 F1200 X138.434 Y117.503 E689.39003
G0 F9000 X138.841 Y117.345
G1 F1200 X138.337 Y116.841 E689.41374
G1 F2700 E684.41374
G0 F9000 X137.886 Y116.932
G0 X138.023 Y117.169
G0 X139.22 Y117.169
G0 X139.562 Y113.862
G0 X149.038 Y113.862
G0 X149.3 Y116.948
G0 X149.757 Y116.948
G1 F2700 E689.41374
G1 F1200 X150.176 Y117.366 E689.43342
G0 F9000 X149.757 Y117.513
G1 F1200 X150.223 Y117.979 E689.45534
G0 F9000 X150.673 Y117.87
G0 X150.706 Y116.974
G0 X150.253 Y116.878
G1 F1200 X149.757 Y116.382 E689.47867
G0 F9000 X149.758 Y115.817
G1 F1200 X150.404 Y116.463 E689.50906
G0 F9000 X150.622 Y116.115
G1 F1200 X149.759 Y115.252 E689.54965
G0 F9000 X149.757 Y114.685
G1 F1200 X150.876 Y115.804 E689.60229
G1 F2700 E684.60229
G0 F9000 X151.199 Y116.134
G0 X151.461 Y115.762
G0 X151.461 Y110.904
G0 X150.862 Y110.804
G0 X150.862 Y111.264
G1 F2700 E689.60229
G1 F1200 X157.543 Y117.945 E689.91654
G0 F9000 X157.543 Y117.38
G1 F1200 X151.428 Y111.264 E690.20419
G0 F9000 X151.993 Y111.264
G1 F1200 X157.543 Y116.814 E690.46525
G0 F9000 X157.544 Y116.249
G1 F1200 X152.559 Y111.264 E690.69973
G0 F9000 X153.125 Y111.264
G1 F1200 X157.544 Y115.683 E690.90758
G0 F9000 X157.603 Y115.177
G1 F1200 X153.69 Y111.264 E691.09164
G0 F9000 X154.256 Y111.264
G1 F1200 X157.727 Y114.735 E691.25491
G0 F9000 X157.877 Y114.319
G1 F1200 X154.822 Y111.264 E691.3986
G0 F9000 X155.387 Y111.264
G1 F1200 X158.104 Y113.981 E691.5264
G0 F9000 X158.369 Y113.679
G1 F1200 X155.953 Y111.264 E691.64002
G0 F9000 X156.519 Y111.264
G1 F1200 X158.656 Y113.401 E691.74054
G0 F9000 X158.98 Y113.16
G1 F1200 X157.084 Y111.264 E691.82972
G0 F9000 X157.65 Y111.264
G1 F1200 X159.342 Y112.955 E691.90928
G0 F9000 X159.729 Y112.777
G1 F1200 X158.216 Y111.264 E691.98045
G0 F9000 X158.782 Y111.264
G1 F1200 X160.203 Y112.685 E692.04729
G0 F9000 X160.731 Y112.648
G1 F1200 X159.347 Y111.264 E692.11239
G0 F9000 X159.913 Y111.264
G1 F1200 X161.371 Y112.722 E692.18097
G0 F9000 X162.283 Y113.068
G1 F1200 X160.479 Y111.264 E692.26582
G0 F9000 X161.044 Y111.264
G1 F1200 X173.512 Y123.732 E692.85228
G0 F9000 X172.946 Y123.732
G1 F1200 X163.427 Y114.213 E693.30002
G0 F9000 X163.787 Y115.138
G1 F1200 X172.381 Y123.732 E693.70426
G0 F9000 X171.814 Y123.731
G1 F1200 X163.852 Y115.769 E694.07877
G0 F9000 X163.852 Y116.335
G1 F1200 X171.249 Y123.731 E694.42668
G0 F9000 X170.683 Y123.731
G1 F1200 X163.852 Y116.9 E694.74799
G0 F9000 X163.852 Y117.466
G1 F1200 X170.117 Y123.731 E695.04267
G0 F9000 X169.551 Y123.731
G1 F1200 X163.852 Y118.032 E695.31074
G0 F9000 X163.852 Y118.597
G1 F1200 X168.986 Y123.731 E695.55222
G0 F9000 X168.42 Y123.731
G1 F1200 X163.852 Y119.163 E695.76709
G0 F9000 X163.852 Y119.729
G1 F1200 X167.854 Y123.731 E695.95533
G0 F9000 X167.289 Y123.731
G1 F1200 X163.852 Y120.294 E696.117
G0 F9000 X163.852 Y120.86
G1 F1200 X166.723 Y123.731 E696.25204
G0 F9000 X166.157 Y123.731
G1 F1200 X163.852 Y121.426 E696.36046
G0 F9000 X163.829 Y121.968
G1 F1200 X165.592 Y123.731 E696.44339
G0 F9000 X165.026 Y123.731
G1 F1200 X163.737 Y122.442 E696.50402
G0 F9000 X163.593 Y122.864
G1 F1200 X164.46 Y123.731 E696.5448
G0 F9000 X163.895 Y123.731
G1 F1200 X163.396 Y123.232 E696.56827
G0 F9000 X163.158 Y123.56
G1 F1200 X163.329 Y123.731 E696.57631
G1 F2700 E691.57631
G0 F9000 X163.329 Y124.192
G0 X172.509 Y124.092
G0 X172.894 Y119.154
G0 X172.509 Y118.231
G0 X172.059 Y118.319
G1 F2700 E696.57631
G1 F1200 X165.004 Y111.264 E696.90816
G0 F9000 X164.438 Y111.264
G1 F1200 X172.815 Y119.641 E697.30219
G0 F9000 X172.968 Y119.793
G1 F1200 X176.906 Y123.732 E697.48744
G0 F9000 X176.34 Y123.732
G1 F1200 X163.873 Y111.264 E698.07387
G0 F9000 X163.307 Y111.264
G1 F1200 X175.775 Y123.732 E698.66033
G0 F9000 X175.209 Y123.732
G1 F1200 X162.741 Y111.264 E699.24679
G0 F9000 X162.176 Y111.264
G1 F1200 X174.643 Y123.732 E699.83322
G0 F9000 X174.078 Y123.732
G1 F1200 X161.61 Y111.264 E700.41968
G0 F9000 X161.61 Y110.804
G0 X165.57 Y110.804
G0 X165.57 Y111.264
G1 F1200 X171.943 Y117.637 E700.71944
G0 F9000 X171.964 Y117.093
G1 F1200 X166.135 Y111.264 E700.99362
G0 F9000 X166.701 Y111.264
G1 F1200 X172.065 Y116.628 E701.24593
G0 F9000 X172.202 Y116.199
G1 F1200 X167.267 Y111.264 E701.47805
G0 F9000 X167.833 Y111.264
G1 F1200 X172.427 Y115.858 E701.69414
G0 F9000 X172.662 Y115.528
G1 F1200 X168.398 Y111.264 E701.89471
G0 F9000 X168.964 Y111.264
G1 F1200 X172.939 Y115.239 E702.08168
G0 F9000 X173.249 Y114.983
G1 F1200 X169.53 Y111.264 E702.25661
G0 F9000 X170.095 Y111.264
G1 F1200 X173.6 Y114.768 E702.42145
G0 F9000 X173.998 Y114.601
G1 F1200 X170.661 Y111.264 E702.57841
G0 F9000 X171.227 Y111.264
G1 F1200 X174.453 Y114.49 E702.73015
G0 F9000 X174.976 Y114.448
G1 F1200 X171.792 Y111.264 E702.87992
G0 F9000 X172.358 Y111.264
G1 F1200 X175.599 Y114.505 E703.03237
G0 F9000 X176.475 Y114.816
G1 F1200 X172.924 Y111.264 E703.19942
G0 F9000 X173.489 Y111.264
G1 F1200 X180.94 Y118.715 E703.54989
G0 F9000 X180.94 Y119.28
G1 F1200 X177.646 Y115.987 E703.70481
G0 F9000 X177.992 Y116.897
G1 F1200 X180.94 Y119.846 E703.84349
G0 F9000 X180.94 Y120.412
G1 F1200 X178.051 Y117.523 E703.97938
G0 F9000 X177.999 Y118.037
G1 F1200 X180.94 Y120.977 E704.1177
G0 F9000 X180.94 Y121.543
G1 F1200 X177.882 Y118.485 E704.26153
G0 F9000 X177.731 Y118.899
G1 F1200 X180.94 Y122.109 E704.4125
G0 F9000 X180.94 Y122.675
G1 F1200 X177.501 Y119.236 E704.57426
G0 F9000 X177.255 Y119.555
G1 F1200 X180.94 Y123.24 E704.74759
G0 F9000 X180.866 Y123.732
G1 F1200 X176.964 Y119.83 E704.93113
G0 F9000 X176.636 Y120.067
G1 F1200 X180.3 Y123.732 E705.1035
G0 F9000 X179.735 Y123.732
G1 F1200 X176.277 Y120.274 E705.26615
G0 F9000 X175.867 Y120.43
G1 F1200 X179.169 Y123.732 E705.42147
G0 F9000 X178.603 Y123.732
G1 F1200 X175.42 Y120.548 E705.57121
G0 F9000 X174.856 Y120.55
G1 F1200 X178.037 Y123.732 E705.72086
G0 F9000 X177.472 Y123.732
G1 F1200 X174.177 Y120.437 E705.87584
G1 F2700 E700.87584
G0 F9000 X174.28 Y119.992
G0 X175.425 Y119.842
G0 X175.947 Y119.642
G0 X177.394 Y118.725
G0 X181.3 Y118.725
G0 X181.4 Y118.149
G0 X180.94 Y118.149
G1 F2700 E705.87584
G1 F1200 X174.055 Y111.264 E706.19969
G0 F9000 X174.621 Y111.264
G1 F1200 X180.94 Y117.583 E706.49692
G0 F9000 X180.94 Y117.018
G1 F1200 X175.186 Y111.264 E706.76757
G0 F9000 X175.752 Y111.264
G1 F1200 X180.94 Y116.452 E707.0116
G0 F9000 X180.94 Y115.886
G1 F1200 X176.318 Y111.264 E707.229
G0 F9000 X176.883 Y111.264
G1 F1200 X180.94 Y115.321 E707.41983
G0 F9000 X180.94 Y114.755
G1 F1200 X177.449 Y111.264 E707.58404
G0 F9000 X178.015 Y111.264
G1 F1200 X180.94 Y114.189 E707.72162
G0 F9000 X180.94 Y113.624
G1 F1200 X178.581 Y111.264 E707.8326
G0 F9000 X179.146 Y111.264
G1 F1200 X180.94 Y113.058 E707.91699
G0 F9000 X180.94 Y112.492
G1 F1200 X179.712 Y111.264 E707.97475
G0 F9000 X180.278 Y111.264
G1 F1200 X180.94 Y111.927 E708.00591
G0 F9000 X180.94 Y111.361
G1 F1200 X180.843 Y111.264 E708.01047
G1 F2700 E703.01047
;MESH:NONMESH
G0 F300 X180.843 Y111.264 Z1.2
G0 F9000 X180.843 Y110.804
G0 X181.328 Y110.876
G0 X132.438 Y110.562
G0 X118.562 Y110.562
G0 X117.438 Y124.438
G0 X103.562 Y124.438
G0 X102.8 Y119.859
G0 X61.927 Y119.355
G0 X60.843 Y119.859
;TIME_ELAPSED:1345.519652
;LAYER:5
;TYPE:WALL-INNER
;MESH:BtnFaceWithWings.stl
G1 F2700 E708.01047
G1 F1200 X60.255 Y119.992 E708.03052
G1 X59.731 Y119.992 E708.04795
G1 X59.151 Y119.858 E708.06775
G1 X58.709 Y119.645 E708.08407
G1 X58.462 Y119.476 E708.09402
G1 X57.981 Y119.028 E708.11589
G1 X57.664 Y118.407 E708.13908
G1 X57.531 Y117.909 E708.15622
G1 X57.504 Y117.21 E708.17949
G1 X57.63 Y116.675 E708.19777
G1 X57.775 Y116.343 E708.20982
G1 X58.106 Y115.854 E708.22946
G1 X58.475 Y115.511 E708.24621
G1 X58.726 Y115.34 E708.25632
G1 X59.156 Y115.135 E708.27216
G1 X59.746 Y115.004 E708.29226
G1 X60.46 Y115.004 E708.31601
G1 X61.183 Y115.289 E708.34186
G1 X61.409 Y115.404 E708.35029
G1 X61.87 Y115.836 E708.3713
G1 X62.175 Y116.248 E708.38835
G1 X62.394 Y116.761 E708.4069
G1 X62.503 Y117.387 E708.42804
G1 X62.479 Y117.823 E708.44256
G1 X62.341 Y118.435 E708.46343
G1 X62.218 Y118.661 E708.47199
G1 X61.888 Y119.144 E708.49144
G1 X61.53 Y119.48 E708.50777
G1 X61.27 Y119.657 E708.51823
G1 X60.843 Y119.859 E708.53395
G0 F9000 X60.713 Y119.478
G1 F1200 X60.213 Y119.592 E708.551
G1 X59.778 Y119.592 E708.56547
G1 X59.282 Y119.478 E708.5824
G1 X58.801 Y119.245 E708.60017
G1 X58.305 Y118.783 E708.62272
G1 X58.04 Y118.265 E708.64207
G1 X57.937 Y117.884 E708.6552
G1 X57.905 Y117.251 E708.67628
G1 X58.019 Y116.766 E708.69285
G1 X58.107 Y116.567 E708.70009
G1 X58.414 Y116.114 E708.71829
G1 X58.813 Y115.742 E708.73643
G1 X59.291 Y115.515 E708.75403
G1 X59.788 Y115.404 E708.77097
G1 X60.385 Y115.404 E708.79082
G1 X61.143 Y115.703 E708.81793
G1 X61.57 Y116.103 E708.83739
G1 X61.824 Y116.446 E708.85158
G1 X61.998 Y116.848 E708.86615
G1 X62.098 Y117.386 E708.88435
G1 X62.081 Y117.771 E708.89717
G1 X61.952 Y118.341 E708.91661
G1 X61.584 Y118.88 E708.93831
G1 X61.187 Y119.254 E708.95646
G1 X60.713 Y119.478 E708.97389
G1 F2700 E703.97389
G0 F9000 X60.845 Y119.759
G0 X61.934 Y119.349
G0 X61.932 Y124.227
G0 X103.09 Y124.408
G0 X103.136 Y124.408
G1 F2700 E708.97389
G1 F1200 X103 Y124 E708.9882
G1 X103 Y111 E709.42058
G1 X103.137 Y110.588 E709.43502
G1 X53.5 Y110.588 E711.08595
G1 X53.501 Y124.407 E711.54557
G1 X103.136 Y124.408 E713.19644
G0 F9000 X104 Y124.704
G1 F952.4 X103.52 Y124.36 E713.22119
G1 F1200 X103.4 Y124 E713.23381
G1 X103.4 Y111 E713.66619
G1 X103.52 Y110.639 E713.67885
G1 F937.5 X103.878 Y110.299 E713.69986
G1 X103.294 Y110.188 E713.72517
G1 F1200 X53.1 Y110.188 E715.39463
G1 X53.101 Y124.807 E715.88086
G1 X103.296 Y124.808 E717.55035
G1 F952.4 X104 Y124.704 E717.58018
G1 F781.8 X117.122 Y124.699 E718.25011
G0 F9000 X118 Y124.349
G1 F924.9 X118 Y110.648 E718.84138
G0 F9000 X118.562 Y124.438
G0 X119 Y124.704
G1 F952.4 X118.433 Y124.198 E718.87323
G1 F1200 X118.402 Y124.052 E718.87819
G1 X118.4 Y111 E719.3123
G1 X118.433 Y110.8 E719.31904
G1 F937.5 X118.878 Y110.299 E719.34757
G1 X118 Y110.188 E719.38525
G1 F1059.6 X117.5 Y110.241 E719.40419
G1 F858.7 X117 Y110.294 E719.42756
G1 F948.6 X117.567 Y110.8 E719.45953
G1 F1200 X117.6 Y111 E719.46627
G1 X117.598 Y124.052 E719.90039
G1 X117.567 Y124.198 E719.90535
G1 F941.2 X117.122 Y124.699 E719.93377
G1 X118 Y124.808 E719.97129
G1 F1061.9 X118.5 Y124.756 E719.99018
G1 F863.3 X119.001 Y124.704 E720.01347
G0 F9000 X119 Y124.704
G1 F781.8 X132.122 Y124.699 E720.6834
G1 F2700 E715.6834
G0 F9000 X132.438 Y124.438
G0 X133.2 Y119.339
G0 X134.355 Y118.718
G0 X135.522 Y119.182
G0 X136.402 Y119.339
G1 F2700 E720.6834
G1 F1200 X135.762 Y119.376 E720.70472
G1 X135.395 Y119.276 E720.71737
G1 X135.074 Y119.124 E720.72919
G1 X134.752 Y118.91 E720.74205
G1 X134.508 Y118.621 E720.75463
G1 X134.34 Y118.357 E720.76503
G1 X134.203 Y118.017 E720.77723
G1 X134.106 Y117.534 E720.79361
G1 X134.198 Y117.006 E720.81144
G1 X134.312 Y116.69 E720.82261
G1 X134.439 Y116.462 E720.83129
G1 X134.629 Y116.221 E720.8415
G1 X134.813 Y116.049 E720.84987
G1 X135.104 Y115.859 E720.86143
G1 X135.424 Y115.723 E720.873
G1 X135.736 Y115.647 E720.88368
G1 X136.172 Y115.624 E720.8982
G1 X136.498 Y115.669 E720.90915
G1 X136.984 Y115.907 E720.92715
G1 X137.307 Y116.16 E720.94079
G1 X137.511 Y116.399 E720.95124
G1 X137.667 Y116.655 E720.96121
G1 X137.793 Y116.98 E720.97281
G1 X137.853 Y117.28 E720.98298
G1 X137.878 Y117.535 E720.9915
G1 X137.798 Y117.993 E721.00697
G1 X137.667 Y118.341 E721.01934
G1 X137.511 Y118.597 E721.02931
G1 X137.34 Y118.807 E721.03831
G1 X136.899 Y119.149 E721.05688
G1 X136.402 Y119.339 E721.07457
G0 F9000 X136.694 Y118.803
G1 F1200 X136.305 Y118.947 E721.08837
G1 X135.692 Y118.973 E721.10878
G1 X135.246 Y118.763 E721.12517
G1 X134.898 Y118.491 E721.13986
G1 X134.677 Y118.143 E721.15357
G1 X134.595 Y117.938 E721.16092
G1 X134.513 Y117.529 E721.17479
G1 X134.609 Y116.977 E721.19343
G1 X134.833 Y116.577 E721.20867
G1 X135.164 Y116.268 E721.22374
G1 X135.678 Y116.05 E721.24231
G1 X136.172 Y116.024 E721.25876
G1 X136.364 Y116.05 E721.2652
G1 X136.786 Y116.254 E721.28079
G1 X137.115 Y116.519 E721.29484
G1 X137.38 Y116.953 E721.31176
G1 X137.483 Y117.467 E721.32919
G1 X137.404 Y117.924 E721.34462
G1 X137.325 Y118.133 E721.35205
G1 X137.115 Y118.478 E721.36548
G1 X136.694 Y118.803 E721.38317
G1 F2700 E716.38317
G0 F9000 X136.885 Y119.051
G0 X137.297 Y118.656
G0 X137.623 Y118.126
G0 X137.738 Y117.468
G0 X137.618 Y116.865
G0 X137.313 Y116.369
G0 X136.967 Y116.063
G0 X136.407 Y115.795
G0 X135.035 Y115.692
G0 X133.2 Y115.692
G0 X132 Y110.294
G1 F2700 E721.38317
G1 F776.7 X118.878 Y110.299 E722.05747
G0 F9000 X117 Y110.294
G1 F776.7 X103.878 Y110.299 E722.73177
G1 F2700 E717.73177
G0 F9000 X148.854 Y110.02
G0 X148.567 Y113.578
G0 X149.038 Y113.862
G0 X149.038 Y120.538
G0 X148.878 Y120.436
G1 F2700 E722.73177
G1 F1200 X148.688 Y120.574 E722.73958
G1 X148.456 Y120.667 E722.74789
G1 X148.2 Y120.7 E722.75648
G1 X140.4 Y120.7 E723.01591
G1 X140.142 Y120.667 E723.02456
G1 X139.91 Y120.573 E723.03288
G1 X139.719 Y120.434 E723.04074
G1 X139.486 Y120.107 E723.0541
G1 X139.405 Y119.802 E723.06459
G1 X139.4 Y114.7 E723.23428
G1 X139.435 Y114.434 E723.24321
G1 X139.623 Y114.069 E723.25686
G1 X139.823 Y113.883 E723.26595
G1 X140.09 Y113.749 E723.27588
G1 X140.4 Y113.7 E723.28632
G1 X148.2 Y113.7 E723.54575
G1 X148.511 Y113.749 E723.55622
G1 X148.779 Y113.884 E723.5662
G1 X148.978 Y114.071 E723.57529
G1 X149.106 Y114.277 E723.58335
G1 X149.2 Y114.564 E723.5934
G1 X149.194 Y119.817 E723.76811
G1 X149.12 Y120.092 E723.77759
G1 X148.878 Y120.436 E723.79157
G0 F9000 X148.493 Y120.224
G1 F1200 X148.282 Y120.3 E723.79903
G1 X140.281 Y120.3 E724.06515
G1 X139.991 Y120.14 E724.07616
G1 X139.851 Y119.944 E724.08417
G1 X139.803 Y119.761 E724.09047
G1 X139.801 Y114.654 E724.26033
G1 X139.856 Y114.444 E724.26755
G1 X140.053 Y114.209 E724.27775
G1 X140.214 Y114.129 E724.28373
G1 X140.4 Y114.1 E724.28999
G1 X148.2 Y114.1 E724.54942
G1 X148.387 Y114.129 E724.55571
G1 X148.667 Y114.322 E724.56702
G1 X148.8 Y114.618 E724.57781
G1 X148.796 Y119.77 E724.74917
G1 X148.722 Y119.998 E724.75714
G1 X148.493 Y120.224 E724.76784
G1 F2700 E719.76784
G0 F9000 X148.493 Y120.61
G0 X149.038 Y120.538
G0 X149.381 Y119.797
G0 X151.502 Y119.243
G0 X153.32 Y119.224
G1 F2700 E724.76784
G1 F1200 X152.945 Y119.342 E724.78092
G1 X152.424 Y119.372 E724.79828
G1 X152.079 Y119.311 E724.80993
G1 X151.6 Y119.09 E724.82748
G1 X151.188 Y118.748 E724.84528
G1 X150.94 Y118.358 E724.86066
G1 X150.803 Y118.017 E724.87288
G1 X150.707 Y117.529 E724.88942
G1 X150.799 Y117.006 E724.90708
G1 X150.912 Y116.69 E724.91825
G1 X151.04 Y116.462 E724.92694
G1 X151.229 Y116.221 E724.93713
G1 X151.534 Y115.936 E724.95101
G1 X152.173 Y115.663 E724.97412
G1 X152.772 Y115.624 E724.99409
G1 X153.059 Y115.651 E725.00368
G1 X153.639 Y115.93 E725.02508
G1 X154.024 Y116.269 E725.04215
G1 X154.289 Y116.694 E725.0588
G1 X154.393 Y116.979 E725.06889
G1 X154.453 Y117.28 E725.0791
G1 X154.478 Y117.535 E725.08762
G1 X154.398 Y117.993 E725.10309
G1 X154.266 Y118.341 E725.11547
G1 X154.015 Y118.757 E725.13163
G1 X153.553 Y119.105 E725.15086
G1 X153.32 Y119.224 E725.15957
G0 F9000 X153.267 Y118.82
G1 F1200 X152.876 Y118.948 E725.17325
G1 X152.424 Y118.972 E725.18831
G1 X152.217 Y118.936 E725.19529
G1 X151.779 Y118.725 E725.21146
G1 X151.491 Y118.479 E725.22406
G1 X151.277 Y118.143 E725.23731
G1 X151.195 Y117.938 E725.24465
G1 X151.113 Y117.529 E725.25853
G1 X151.211 Y116.973 E725.27731
G1 X151.437 Y116.571 E725.29264
G1 X151.788 Y116.258 E725.30829
G1 X152.271 Y116.054 E725.32573
G1 X152.894 Y116.017 E725.34648
G1 X153.419 Y116.268 E725.36584
G1 X153.727 Y116.538 E725.37946
G1 X153.981 Y116.956 E725.39573
G1 X154.084 Y117.471 E725.4132
G1 X154.004 Y117.924 E725.4285
G1 X153.925 Y118.133 E725.43593
G1 X153.71 Y118.486 E725.44968
G1 X153.267 Y118.82 E725.46813
G1 F2700 E720.46813
G0 F9000 X153.367 Y119.116
G0 X154.186 Y118.82
G0 X157.9 Y121.765
G0 X160.35 Y124.29
G1 F2700 E725.46813
G1 F770.5 X160.576 Y124.302 E725.47985
G1 F769.2 X161.048 Y124.29 E725.50435
G1 F926.6 X161.538 Y124.408 E725.52606
G1 F1200 X181.5 Y124.408 E726.19
G1 X181.5 Y110.588 E726.64965
G1 X132.863 Y110.588 E728.26733
G1 X133 Y111 E728.28177
G1 X133 Y124 E728.71415
G1 X132.864 Y124.408 E728.72845
G1 X159.954 Y124.408 E729.62947
G1 F926.6 X160.35 Y124.29 E729.64727
G1 X159.985 Y124.096 E729.66507
G1 F1200 X159.507 Y123.917 E729.68205
G1 X158.976 Y123.559 E729.70335
G1 X158.633 Y123.17 E729.7206
G1 X158.348 Y122.73 E729.73803
G1 X158.158 Y122.172 E729.75764
G1 X158.1 Y121.753 E729.77171
G1 X158.1 Y115.671 E729.974
G1 X158.18 Y115.151 E729.99149
G1 X158.399 Y114.532 E730.01333
G1 X158.548 Y114.324 E730.02184
G1 X158.968 Y113.844 E730.04306
G1 X159.392 Y113.557 E730.06009
G1 X159.752 Y113.381 E730.07341
G1 X159.997 Y113.299 E730.08201
G1 X160.403 Y113.219 E730.09577
G1 X160.905 Y113.201 E730.11248
G1 X161.401 Y113.298 E730.12929
G1 X161.888 Y113.478 E730.14656
G1 X162.322 Y113.772 E730.16399
G1 X162.706 Y114.131 E730.18148
G1 X163.039 Y114.653 E730.20207
G1 X163.228 Y115.159 E730.22003
G1 X163.297 Y115.647 E730.23643
G1 X163.296 Y121.752 E730.43948
G1 X163.227 Y122.237 E730.45577
G1 X163.035 Y122.758 E730.47424
G1 X162.85 Y123.07 E730.48631
G1 X162.466 Y123.51 E730.50573
G1 X162.222 Y123.713 E730.51629
G1 X161.81 Y123.957 E730.53221
G1 X161.504 Y124.076 E730.54313
G1 F926.6 X161.048 Y124.29 E730.56483
G0 F9000 X132.122 Y124.699
G1 F941.2 X132.704 Y124.808 E730.58994
G1 F1200 X181.9 Y124.808 E732.2262
G1 X181.9 Y110.188 E732.71247
G1 X132.706 Y110.188 E734.34867
G1 F948.6 X132 Y110.294 E734.3787
G1 X132.48 Y110.639 E734.40357
G1 F1200 X132.6 Y111 E734.41623
G1 X132.6 Y124 E734.84861
G1 X132.48 Y124.36 E734.86123
G1 F941.2 X132.122 Y124.699 E734.88214
G0 F9000 X160.08 Y124.296
G0 X161.581 Y123.97
G0 X161.52 Y123.664
G1 F1200 X160.924 Y123.787 E734.90238
G1 X160.519 Y123.797 E734.91585
G1 X160.066 Y123.704 E734.93123
G1 X159.689 Y123.558 E734.94468
G1 X159.245 Y123.258 E734.9625
G1 X158.968 Y122.952 E734.97623
G1 X158.712 Y122.557 E734.99189
G1 X158.547 Y122.072 E735.00893
G1 X158.5 Y121.68 E735.02206
G1 X158.5 Y115.689 E735.22132
G1 X158.567 Y115.252 E735.23602
G1 X158.773 Y114.674 E735.25643
G1 X159.235 Y114.146 E735.27977
G1 X159.568 Y113.916 E735.29323
G1 X159.997 Y113.706 E735.30911
G1 X160.472 Y113.613 E735.32521
G1 X160.873 Y113.603 E735.33855
G1 X161.324 Y113.691 E735.35384
G1 X161.702 Y113.835 E735.36729
G1 X162.097 Y114.103 E735.38317
G1 X162.394 Y114.386 E735.39681
G1 X162.682 Y114.837 E735.41461
G1 X162.839 Y115.259 E735.42959
G1 X162.897 Y115.716 E735.44491
G1 X162.896 Y121.68 E735.64327
G1 X162.838 Y122.136 E735.65856
G1 X162.66 Y122.62 E735.67571
G1 X162.549 Y122.807 E735.68295
G1 X162.102 Y123.319 E735.70555
G1 X161.52 Y123.664 E735.72805
G1 F2700 E730.72805
G0 F9000 X161.581 Y123.97
G0 X163.223 Y122.827
G0 X173.849 Y119.914
G0 X175.843 Y119.859
G1 F2700 E735.72805
G1 F1200 X175.255 Y119.992 E735.7481
G1 X174.728 Y119.992 E735.76563
G1 X174.475 Y119.968 E735.77409
G1 X173.81 Y119.704 E735.79788
G1 X173.368 Y119.403 E735.81567
G1 X173.171 Y119.238 E735.82422
G1 X172.785 Y118.667 E735.84714
G1 X172.561 Y118.08 E735.86804
G1 X172.469 Y117.371 E735.89182
G1 X172.673 Y116.495 E735.92173
G1 X173.106 Y115.854 E735.94746
G1 X173.475 Y115.511 E735.96422
G1 X173.726 Y115.34 E735.97432
G1 X174.148 Y115.139 E735.98986
G1 X174.71 Y115.009 E736.00905
G1 X175.259 Y115.003 E736.02731
G1 X175.845 Y115.138 E736.04731
G1 X176.315 Y115.367 E736.0647
G1 X176.789 Y115.74 E736.08476
G1 X177.113 Y116.149 E736.10212
G1 X177.365 Y116.672 E736.12143
G1 X177.475 Y117.112 E736.13651
G1 X177.5 Y117.7 E736.15608
G1 X177.4 Y118.181 E736.17243
G1 X177.232 Y118.641 E736.18871
G1 X176.886 Y119.15 E736.20918
G1 X176.525 Y119.485 E736.22556
G1 X176.27 Y119.657 E736.23579
G1 X175.843 Y119.859 E736.25151
G0 F9000 X175.713 Y119.478
G1 F1200 X175.213 Y119.592 E736.26856
G1 X174.612 Y119.592 E736.28855
G1 X174.002 Y119.35 E736.31038
G1 X173.497 Y119.006 E736.3307
G1 X173.128 Y118.452 E736.35284
G1 X172.951 Y117.981 E736.36958
G1 X172.874 Y117.394 E736.38927
G1 X173.045 Y116.659 E736.41437
G1 X173.413 Y116.114 E736.43624
G1 X173.813 Y115.742 E736.45441
G1 X174.286 Y115.517 E736.47183
G1 X174.724 Y115.416 E736.48678
G1 X175.21 Y115.402 E736.50295
G1 X175.718 Y115.519 E736.52029
G1 X176.103 Y115.709 E736.53457
G1 X176.504 Y116.025 E736.55155
G1 X176.772 Y116.362 E736.56587
G1 X176.988 Y116.811 E736.58244
G1 X177.078 Y117.175 E736.59491
G1 X177.098 Y117.667 E736.61129
G1 X177.008 Y118.099 E736.62597
G1 X176.871 Y118.462 E736.63887
G1 X176.584 Y118.885 E736.65587
G1 X176.186 Y119.255 E736.67395
G1 X175.713 Y119.478 E736.69134
G0 F9000 X175.598 Y119.09
;TYPE:WALL-OUTER
G1 F1200 X175.183 Y119.189 E736.70553
G1 X174.69 Y119.189 E736.72193
G1 X174.171 Y118.982 E736.74051
G1 X173.789 Y118.717 E736.75597
G1 X173.485 Y118.271 E736.77393
G1 X173.338 Y117.861 E736.78841
G1 X173.28 Y117.44 E736.80255
G1 X173.418 Y116.821 E736.82364
G1 X173.735 Y116.361 E736.84222
G1 X174.041 Y116.076 E736.85613
G1 X174.438 Y115.893 E736.87067
G1 X174.793 Y115.81 E736.8828
G1 X175.148 Y115.804 E736.89461
G1 X175.601 Y115.908 E736.91006
G1 X175.904 Y116.062 E736.92137
G1 X176.206 Y116.299 E736.93414
G1 X176.441 Y116.597 E736.94676
G1 X176.615 Y116.968 E736.96039
G1 X176.675 Y117.212 E736.96875
G1 X176.694 Y117.647 E736.98323
G1 X176.605 Y118.053 E736.99705
G1 X176.502 Y118.293 E737.00574
G1 X176.261 Y118.639 E737.01976
G1 X175.959 Y118.919 E737.03346
G1 X175.598 Y119.09 E737.04675
G1 F2700 E732.04675
G0 F9000 X175.73 Y119.372
G0 X176.897 Y119.412
G0 X181.3 Y119.412
G0 X182.3 Y125.208
G1 F2700 E737.04675
G1 F1200 X182.3 Y109.788 E737.55962
G1 X52.7 Y109.788 E741.87013
G1 X52.701 Y125.207 E742.38297
G1 X182.3 Y125.208 E746.69345
G1 F2700 E741.69345
G0 F9000 X182.02 Y124.93
G0 X161.315 Y124.282
G0 X161.534 Y123.553
G0 X161.375 Y123.285
G1 F2700 E746.69345
G1 F1200 X160.855 Y123.393 E746.71111
G1 X160.535 Y123.392 E746.72176
G1 X160.109 Y123.3 E746.73625
G1 X159.86 Y123.19 E746.74531
G1 X159.495 Y122.939 E746.76004
G1 X159.304 Y122.734 E746.76936
G1 X159.066 Y122.357 E746.78419
G1 X158.937 Y121.968 E746.79782
G1 X158.901 Y121.708 E746.80655
G1 X158.902 Y115.685 E747.00687
G1 X158.954 Y115.353 E747.01805
G1 X159.127 Y114.883 E747.03471
G1 X159.522 Y114.434 E747.0546
G1 X159.744 Y114.276 E747.06366
G1 X160.153 Y114.083 E747.0787
G1 X160.541 Y114.007 E747.09185
G1 X160.859 Y114.007 E747.10243
G1 X161.247 Y114.083 E747.11558
G1 X161.503 Y114.187 E747.12477
G1 X161.873 Y114.434 E747.13957
G1 X162.072 Y114.632 E747.14891
G1 X162.309 Y114.996 E747.16335
G1 X162.451 Y115.376 E747.17684
G1 X162.497 Y115.716 E747.18826
G1 X162.494 Y121.709 E747.38758
G1 X162.44 Y122.058 E747.39933
G1 X162.272 Y122.516 E747.41556
G1 X161.841 Y123.009 E747.43734
G1 X161.375 Y123.285 E747.45535
G1 F2700 E742.45535
G0 F9000 X161.534 Y123.553
G0 X160.536 Y123.645
G0 X160.057 Y123.549
G0 X159.351 Y123.145
G0 X159.121 Y122.909
G0 X158.852 Y122.492
G0 X157.92 Y118.709
G0 X154.576 Y118.023
G0 X153.086 Y118.458
G1 F2700 E747.45535
G1 F1200 X152.807 Y118.554 E747.46516
G1 X152.389 Y118.57 E747.47908
G1 X151.995 Y118.389 E747.4935
G1 X151.814 Y118.23 E747.50151
G1 X151.594 Y117.895 E747.51484
G1 X151.524 Y117.52 E747.52753
G1 X151.593 Y117.111 E747.54132
G1 X151.753 Y116.825 E747.55222
G1 X151.984 Y116.613 E747.56265
G1 X152.381 Y116.446 E747.57698
G1 X152.812 Y116.427 E747.59133
G1 X153.198 Y116.606 E747.60548
G1 X153.415 Y116.797 E747.61509
G1 X153.602 Y117.102 E747.62699
G1 X153.677 Y117.473 E747.63958
G1 X153.604 Y117.891 E747.65369
G1 X153.407 Y118.214 E747.66628
G1 X153.086 Y118.458 E747.67969
G1 F2700 E742.67969
G0 F9000 X153.277 Y118.707
G0 X152.858 Y118.804
G0 X150.955 Y118.718
G0 X149.38 Y118.718
G0 X148.399 Y119.724
G1 F2700 E747.67969
G1 F1200 X148.336 Y119.848 E747.68431
G1 X148.235 Y119.898 E747.68806
G1 X140.348 Y119.894 E747.95039
G1 X140.263 Y119.847 E747.95362
G1 X140.205 Y119.748 E747.95743
G1 X140.2 Y114.635 E748.12749
G1 X140.356 Y114.5 E748.13435
G1 X148.245 Y114.5 E748.39674
G1 X148.316 Y114.536 E748.39939
G1 X148.397 Y114.662 E748.40437
G1 X148.399 Y119.724 E748.57273
G1 F2700 E743.57273
G0 F9000 X148.71 Y119.724
G0 X148.638 Y120.138
G0 X139.962 Y120.138
G0 X139.206 Y118.756
G0 X137.888 Y118.258
G0 X136.479 Y118.459
G1 F2700 E748.57273
G1 F1200 X136.207 Y118.554 E748.58232
G1 X135.78 Y118.573 E748.59653
G1 X135.39 Y118.387 E748.6109
G1 X135.218 Y118.234 E748.61856
G1 X134.994 Y117.896 E748.63205
G1 X134.924 Y117.52 E748.64477
G1 X134.991 Y117.114 E748.65845
G1 X135.153 Y116.826 E748.66944
G1 X135.385 Y116.609 E748.68001
G1 X135.768 Y116.446 E748.69385
G1 X136.208 Y116.422 E748.70851
G1 X136.601 Y116.61 E748.723
G1 X136.827 Y116.815 E748.73315
G1 X137.002 Y117.103 E748.74436
G1 X137.077 Y117.473 E748.75691
G1 X137.004 Y117.891 E748.77103
G1 X136.809 Y118.211 E748.78349
G1 X136.479 Y118.459 E748.79722
G1 F2700 E743.79722
G0 F9000 X136.581 Y118.757
G0 X135.315 Y119.438
G0 X133.2 Y119.438
G0 X132.2 Y124
G1 F2700 E748.79722
G1 F1200 X132.16 Y124.12 E748.80143
G1 X132.035 Y124.197 E748.80631
G1 X119 Y124.2 E749.23986
G1 X118.8 Y124.058 E749.24802
G1 X118.8 Y110.942 E749.68426
G1 X118.965 Y110.803 E749.69143
G1 X132 Y110.8 E750.12498
G1 X132.16 Y110.879 E750.13091
G1 X132.2 Y111 E750.13515
G1 X132.2 Y124 E750.56753
G1 F2700 E745.56753
G0 F9000 X132.51 Y124
G0 X132.438 Y124.438
G0 X118.562 Y124.438
G0 X117.51 Y124.057
G0 X117.2 Y124.057
G1 F2700 E750.56753
G1 F1200 X117.035 Y124.197 E750.57473
G1 X104 Y124.2 E751.00828
G1 X103.84 Y124.12 E751.01422
G1 X103.8 Y124 E751.01843
G1 X103.8 Y111 E751.45081
G1 X103.84 Y110.879 E751.45505
G1 X103.965 Y110.803 E751.45992
G1 X117 Y110.8 E751.89346
G1 X117.2 Y110.941 E751.9016
G1 X117.2 Y124.057 E752.33784
G1 F2700 E747.33784
G0 F9000 X117.51 Y124.057
G0 X117.438 Y124.438
G0 X103.562 Y124.438
G0 X103.552 Y119.612
G0 X102.8 Y119.372
G0 X62.366 Y118.764
G0 X60.598 Y119.09
G1 F2700 E752.33784
G1 F1200 X60.183 Y119.189 E752.35203
G1 X59.803 Y119.187 E752.36467
G1 X59.397 Y119.089 E752.37856
G1 X59.029 Y118.911 E752.39216
G1 X58.632 Y118.538 E752.41028
G1 X58.411 Y118.103 E752.42651
G1 X58.328 Y117.789 E752.43731
G1 X58.307 Y117.292 E752.45385
G1 X58.418 Y116.82 E752.46998
G1 X58.735 Y116.361 E752.48853
G1 X59.041 Y116.076 E752.50244
G1 X59.439 Y115.892 E752.51703
G1 X59.807 Y115.808 E752.52958
G1 X60.306 Y115.807 E752.54618
G1 X60.924 Y116.046 E752.56822
G1 X61.257 Y116.357 E752.58337
G1 X61.483 Y116.666 E752.5961
G1 X61.616 Y116.965 E752.60699
G1 X61.7 Y117.419 E752.62234
G1 X61.68 Y117.732 E752.63278
G1 X61.577 Y118.174 E752.64787
G1 X61.262 Y118.634 E752.66641
G1 X60.96 Y118.919 E752.68022
G1 X60.598 Y119.09 E752.69354
G1 F2700 E747.69354
G0 F9000 X60.73 Y119.372
G0 X61.934 Y119.349
G0 X61.932 Y124.227
G0 X102.639 Y124.307
G0 X102.64 Y124.049
;TYPE:SKIN
G1 F2700 E752.69354
G1 F1200 X53.86 Y124.044 E754.31597
G1 X53.86 Y110.948 E754.75154
G1 X102.64 Y110.947 E756.37397
G1 X102.64 Y124.049 E756.80975
G1 F2700 E751.80975
G0 F9000 X102.639 Y124.307
G0 X60.754 Y124.227
G0 X60.274 Y120.173
G0 X60.756 Y119.982
G0 X60.812 Y120.236
G1 F2700 E756.80975
G1 F1200 X61.08 Y120.141 E756.81921
G1 X61.413 Y119.986 E756.83142
G1 X61.757 Y119.754 E756.84522
G1 X62.057 Y119.479 E756.85876
G1 X62.237 Y119.27 E756.86793
G1 X62.51 Y118.869 E756.88407
G1 X62.682 Y118.561 E756.8958
G1 X62.832 Y117.892 E756.9186
G1 X62.862 Y117.346 E756.93679
G1 X62.742 Y116.646 E756.96041
G1 X62.547 Y116.197 E756.97669
G1 X62.396 Y115.944 E756.98649
G1 X62.126 Y115.582 E757.00151
G1 X61.618 Y115.103 E757.02474
G1 X61.318 Y114.953 E757.03589
G1 X60.77 Y114.737 E757.05548
G1 X60.446 Y114.644 E757.0667
G1 X59.693 Y114.647 E757.09174
G1 X59.189 Y114.756 E757.10889
G1 X58.91 Y114.85 E757.11868
G1 X58.573 Y115.011 E757.13111
G1 X58.228 Y115.248 E757.14503
G1 X57.94 Y115.512 E757.15802
G1 X57.759 Y115.722 E757.16724
G1 X57.478 Y116.135 E757.18386
G1 X57.288 Y116.564 E757.19946
G1 X57.181 Y116.997 E757.2143
G1 X57.148 Y117.32 E757.2251
G1 X57.174 Y117.967 E757.24663
G1 X57.318 Y118.515 E757.26548
G1 X57.578 Y119.032 E757.28473
G1 X57.735 Y119.28 E757.29449
G1 X58.207 Y119.731 E757.3162
G1 X58.53 Y119.957 E757.32931
G1 X58.905 Y120.137 E757.34315
G1 X59.153 Y120.225 E757.3519
G1 X59.56 Y120.319 E757.36579
G1 X59.828 Y120.351 E757.37477
G1 X60.303 Y120.349 E757.39057
G1 X60.812 Y120.236 E757.40791
G1 F2700 E752.40791
G0 F9000 X60.756 Y119.982
G0 X59.204 Y119.716
G0 X58.664 Y119.455
G0 X58.105 Y118.936
G0 X57.81 Y118.362
G0 X57.682 Y117.916
G0 X57.662 Y117.3
G0 X58.069 Y115.641
G0 X53.7 Y115.641
G0 X53.6 Y111.685
G0 X54.06 Y111.685
G1 F2700 E757.40791
G1 F1200 X54.598 Y111.148 E757.43319
G0 F9000 X55.164 Y111.148
G1 F1200 X54.06 Y112.251 E757.4851
G0 F9000 X54.06 Y112.817
G1 F1200 X55.729 Y111.148 E757.5636
G0 F9000 X56.295 Y111.148
G1 F1200 X54.06 Y113.382 E757.66871
G0 F9000 X54.06 Y113.948
G1 F1200 X56.861 Y111.148 E757.80043
G0 F9000 X57.426 Y111.148
G1 F1200 X54.06 Y114.514 E757.95876
G0 F9000 X54.06 Y115.08
G1 F1200 X57.992 Y111.148 E758.14371
G0 F9000 X58.558 Y111.148
G1 F1200 X54.06 Y115.645 E758.35526
G0 F9000 X54.06 Y116.211
G1 F1200 X59.123 Y111.148 E758.59341
G0 F9000 X59.689 Y111.148
G1 F1200 X54.06 Y116.777 E758.85818
G0 F9000 X54.06 Y117.342
G1 F1200 X60.255 Y111.148 E759.14955
G0 F9000 X60.82 Y111.148
G1 F1200 X54.06 Y117.908 E759.46752
G0 F9000 X54.06 Y118.474
G1 F1200 X61.386 Y111.148 E759.81211
G0 F9000 X61.952 Y111.148
G1 F1200 X54.06 Y119.039 E760.1833
G0 F9000 X54.06 Y119.605
G1 F1200 X57.071 Y116.595 E760.32491
G0 F9000 X56.952 Y117.279
G1 F1200 X54.06 Y120.171 E760.46094
G0 F9000 X54.06 Y120.736
G1 F1200 X56.969 Y117.827 E760.59777
G0 F9000 X57.056 Y118.306
G1 F1200 X54.06 Y121.302 E760.73869
G0 F9000 X54.06 Y121.868
G1 F1200 X57.199 Y118.73 E760.88632
G0 F9000 X57.391 Y119.103
G1 F1200 X54.06 Y122.433 E761.04297
G0 F9000 X54.06 Y122.999
G1 F1200 X57.612 Y119.447 E761.21005
G0 F9000 X57.905 Y119.72
G1 F1200 X54.06 Y123.565 E761.3909
G0 F9000 X54.346 Y123.845
G1 F1200 X58.215 Y119.976 E761.57289
G0 F9000 X58.561 Y120.195
G1 F1200 X54.912 Y123.845 E761.74455
G0 F9000 X55.477 Y123.845
G1 F1200 X58.956 Y120.367 E761.90817
G0 F9000 X59.401 Y120.487
G1 F1200 X56.043 Y123.845 E762.06612
G0 F9000 X56.609 Y123.845
G1 F1200 X59.905 Y120.549 E762.22115
G0 F9000 X60.513 Y120.507
G1 F1200 X57.175 Y123.845 E762.37816
G0 F9000 X57.74 Y123.845
G1 F1200 X61.349 Y120.236 E762.54792
G0 F9000 X61.155 Y119.823
G0 X62.362 Y118.606
G0 X62.761 Y118.824
G1 F1200 X70.437 Y111.148 E762.90897
G0 F9000 X71.003 Y111.148
G1 F1200 X58.306 Y123.845 E763.5062
G0 F9000 X58.872 Y123.845
G1 F1200 X71.568 Y111.148 E764.10341
G0 F9000 X72.134 Y111.148
G1 F1200 X59.437 Y123.845 E764.70063
G0 F9000 X60.003 Y123.845
G1 F1200 X72.7 Y111.148 E765.29786
G0 F9000 X73.265 Y111.148
G1 F1200 X60.569 Y123.845 E765.89507
G0 F9000 X61.134 Y123.845
G1 F1200 X73.831 Y111.148 E766.4923
G0 F9000 X74.397 Y111.148
G1 F1200 X61.7 Y123.845 E767.08952
G0 F9000 X62.265 Y123.846
G1 F1200 X74.963 Y111.148 E767.6868
G0 F9000 X75.528 Y111.148
G1 F1200 X62.831 Y123.846 E768.28405
G0 F9000 X63.396 Y123.846
G1 F1200 X76.094 Y111.148 E768.88132
G0 F9000 X76.66 Y111.148
G1 F1200 X63.962 Y123.846 E769.4786
G0 F9000 X64.528 Y123.846
G1 F1200 X77.225 Y111.148 E770.07585
G0 F9000 X77.791 Y111.148
G1 F1200 X65.093 Y123.846 E770.67313
G0 F9000 X65.659 Y123.846
G1 F1200 X78.357 Y111.148 E771.2704
G0 F9000 X78.922 Y111.148
G1 F1200 X66.225 Y123.846 E771.86765
G0 F9000 X66.79 Y123.846
G1 F1200 X79.488 Y111.148 E772.46493
G0 F9000 X80.054 Y111.148
G1 F1200 X67.356 Y123.846 E773.0622
G0 F9000 X67.922 Y123.846
G1 F1200 X80.619 Y111.148 E773.65945
G0 F9000 X81.185 Y111.148
G1 F1200 X68.488 Y123.846 E774.25671
G0 F9000 X69.053 Y123.846
G1 F1200 X81.751 Y111.148 E774.85398
G0 F9000 X82.316 Y111.148
G1 F1200 X69.619 Y123.846 E775.45123
G0 F9000 X70.185 Y123.846
G1 F1200 X82.882 Y111.148 E776.04848
G0 F9000 X83.448 Y111.148
G1 F1200 X70.75 Y123.846 E776.64576
G0 F9000 X71.315 Y123.846
G1 F1200 X84.013 Y111.148 E777.24303
G0 F9000 X84.579 Y111.148
G1 F1200 X71.881 Y123.846 E777.84031
G0 F9000 X72.447 Y123.846
G1 F1200 X85.145 Y111.148 E778.43758
G0 F9000 X85.711 Y111.148
G1 F1200 X73.012 Y123.846 E779.03488
G0 F9000 X73.578 Y123.846
G1 F1200 X86.276 Y111.148 E779.63216
G0 F9000 X86.842 Y111.148
G1 F1200 X74.144 Y123.846 E780.22943
G0 F9000 X74.709 Y123.846
G1 F1200 X87.408 Y111.148 E780.82673
G0 F9000 X87.973 Y111.148
G1 F1200 X75.275 Y123.846 E781.42401
G0 F9000 X75.841 Y123.846
G1 F1200 X88.539 Y111.148 E782.02128
G0 F9000 X89.105 Y111.148
G1 F1200 X76.406 Y123.846 E782.61858
G0 F9000 X76.972 Y123.846
G1 F1200 X89.67 Y111.148 E783.21585
G0 F9000 X90.236 Y111.148
G1 F1200 X77.538 Y123.846 E783.81313
G0 F9000 X78.103 Y123.846
G1 F1200 X90.802 Y111.148 E784.41043
G0 F9000 X91.367 Y111.148
G1 F1200 X78.668 Y123.847 E785.00775
G0 F9000 X79.234 Y123.847
G1 F1200 X91.933 Y111.148 E785.60507
G0 F9000 X92.499 Y111.148
G1 F1200 X79.8 Y123.847 E786.20239
G0 F9000 X80.366 Y123.847
G1 F1200 X93.064 Y111.148 E786.79969
G0 F9000 X93.63 Y111.148
G1 F1200 X80.931 Y123.847 E787.39701
G0 F9000 X81.497 Y123.847
G1 F1200 X94.196 Y111.148 E787.99434
G0 F9000 X94.762 Y111.148
G1 F1200 X82.063 Y123.847 E788.59166
G0 F9000 X82.628 Y123.847
G1 F1200 X95.327 Y111.148 E789.18898
G0 F9000 X95.893 Y111.148
G1 F1200 X83.194 Y123.847 E789.7863
G0 F9000 X83.76 Y123.847
G1 F1200 X96.459 Y111.148 E790.38362
G0 F9000 X97.024 Y111.148
G1 F1200 X84.325 Y123.847 E790.98095
G0 F9000 X84.891 Y123.847
G1 F1200 X97.59 Y111.148 E791.57827
G0 F9000 X98.156 Y111.148
G1 F1200 X85.457 Y123.847 E792.17559
G0 F9000 X86.022 Y123.847
G1 F1200 X98.721 Y111.148 E792.77291
G0 F9000 X99.287 Y111.148
G1 F1200 X86.587 Y123.848 E793.37028
G0 F9000 X87.153 Y123.848
G1 F1200 X99.853 Y111.148 E793.96765
G0 F9000 X100.418 Y111.148
G1 F1200 X87.719 Y123.848 E794.565
G0 F9000 X88.284 Y123.848
G1 F1200 X100.984 Y111.148 E795.16236
G0 F9000 X101.55 Y111.148
G1 F1200 X88.85 Y123.848 E795.75973
G0 F9000 X89.416 Y123.848
G1 F1200 X102.115 Y111.148 E796.35708
G0 F9000 X102.44 Y111.389
G1 F1200 X89.981 Y123.848 E796.94311
G0 F9000 X90.547 Y123.848
G1 F1200 X102.44 Y111.955 E797.50252
G0 F9000 X102.44 Y112.52
G1 F1200 X91.113 Y123.848 E798.03533
G0 F9000 X91.679 Y123.848
G1 F1200 X102.44 Y113.086 E798.54152
G0 F9000 X102.44 Y113.652
G1 F1200 X92.244 Y123.848 E799.02111
G0 F9000 X92.81 Y123.848
G1 F1200 X102.44 Y114.218 E799.47408
G0 F9000 X102.44 Y114.783
G1 F1200 X93.376 Y123.848 E799.90044
G0 F9000 X93.941 Y123.848
G1 F1200 X102.44 Y115.349 E800.30021
G0 F9000 X102.44 Y115.915
G1 F1200 X94.506 Y123.848 E800.67338
G0 F9000 X95.072 Y123.848
G1 F1200 X102.44 Y116.48 E801.01994
G0 F9000 X102.44 Y117.046
G1 F1200 X95.638 Y123.848 E801.33989
G0 F9000 X96.203 Y123.848
G1 F1200 X102.44 Y117.612 E801.63324
G0 F9000 X102.44 Y118.177
G1 F1200 X96.769 Y123.848 E801.89998
G0 F9000 X97.335 Y123.848
G1 F1200 X102.44 Y118.743 E802.14011
G0 F9000 X102.44 Y119.309
G1 F1200 X97.9 Y123.848 E802.35363
G0 F9000 X98.466 Y123.848
G1 F1200 X102.44 Y119.874 E802.54055
G0 F9000 X102.44 Y120.44
G1 F1200 X99.032 Y123.848 E802.70086
G0 F9000 X99.597 Y123.848
G1 F1200 X102.44 Y121.006 E802.83456
G0 F9000 X102.44 Y121.571
G1 F1200 X100.163 Y123.848 E802.94166
G0 F9000 X100.729 Y123.848
G1 F1200 X102.44 Y122.137 E803.02214
G0 F9000 X102.44 Y122.703
G1 F1200 X101.294 Y123.848 E803.07602
G0 F9000 X101.86 Y123.848
G1 F1200 X102.44 Y123.269 E803.10328
G1 F2700 E798.10328
G0 F9000 X102.9 Y123.269
G0 X102.902 Y110.765
G0 X69.871 Y110.688
G0 X69.871 Y111.148
G1 F2700 E803.10328
G1 F1200 X63.01 Y118.01 E803.42603
G0 F9000 X63.065 Y117.389
G1 F1200 X69.306 Y111.148 E803.71958
G0 F9000 X68.74 Y111.148
G1 F1200 X62.988 Y116.9 E803.99014
G0 F9000 X62.877 Y116.445
G1 F1200 X68.174 Y111.148 E804.23929
G0 F9000 X67.609 Y111.148
G1 F1200 X62.697 Y116.06 E804.47034
G0 F9000 X62.474 Y115.717
G1 F1200 X67.043 Y111.148 E804.68525
G0 F9000 X66.477 Y111.148
G1 F1200 X62.225 Y115.401 E804.88528
G0 F9000 X61.933 Y115.126
G1 F1200 X65.912 Y111.148 E805.07241
G0 F9000 X65.346 Y111.148
G1 F1200 X61.615 Y114.879 E805.24791
G0 F9000 X61.226 Y114.703
G1 F1200 X64.78 Y111.148 E805.4151
G0 F9000 X64.214 Y111.148
G1 F1200 X60.818 Y114.544 E805.57484
G0 F9000 X60.352 Y114.445
G1 F1200 X63.649 Y111.148 E805.72992
G0 F9000 X63.083 Y111.148
G1 F1200 X59.782 Y114.449 E805.88519
G0 F9000 X59.084 Y114.581
G1 F1200 X62.517 Y111.148 E806.04666
G1 F2700 E801.04666
G0 F9000 X62.517 Y110.688
G0 X103.562 Y110.562
G0 X132.438 Y110.562
G0 X133.099 Y124.231
G0 X159.729 Y124.216
G0 X161.466 Y123.523
G0 X162.006 Y123.2
G0 X162.442 Y122.702
G0 X163.476 Y119.98
G0 X172.954 Y119.238
G0 X174.407 Y119.782
G0 X175.756 Y119.982
G0 X175.812 Y120.236
G1 F2700 E806.04666
G1 F1200 X176.072 Y120.145 E806.05583
G1 X176.454 Y119.966 E806.06986
G1 X176.769 Y119.747 E806.08262
G1 X177.053 Y119.483 E806.09551
G1 X177.25 Y119.253 E806.10559
G1 X177.561 Y118.785 E806.12428
G1 X177.745 Y118.277 E806.14225
G1 X177.858 Y117.751 E806.16014
G1 X177.832 Y117.079 E806.18251
G1 X177.707 Y116.563 E806.20017
G1 X177.485 Y116.093 E806.21745
G1 X177.33 Y115.845 E806.22718
G1 X177.029 Y115.471 E806.24315
G1 X176.524 Y115.074 E806.26451
G1 X176.092 Y114.859 E806.28056
G1 X175.836 Y114.767 E806.28961
G1 X175.454 Y114.677 E806.30266
G1 X175.166 Y114.645 E806.3123
G1 X174.657 Y114.651 E806.32923
G1 X174.159 Y114.766 E806.34623
G1 X173.911 Y114.85 E806.35494
G1 X173.573 Y115.011 E806.36739
G1 X173.228 Y115.248 E806.38132
G1 X172.944 Y115.508 E806.39412
G1 X172.738 Y115.751 E806.40472
G1 X172.337 Y116.341 E806.42844
G1 X172.133 Y117.214 E806.45826
G1 X172.118 Y117.533 E806.46888
G1 X172.215 Y118.187 E806.49087
G1 X172.436 Y118.786 E806.51211
G1 X172.802 Y119.333 E806.534
G1 X173.011 Y119.594 E806.54512
G1 X173.627 Y120.014 E806.56992
G1 X174.226 Y120.255 E806.59139
G1 X174.544 Y120.352 E806.60245
G1 X175.303 Y120.349 E806.6277
G1 X175.812 Y120.236 E806.64504
G1 F2700 E801.64504
G0 F9000 X175.756 Y119.982
G0 X173.849 Y119.914
G0 X173.849 Y124.208
G0 X162.374 Y124.308
G0 X162.374 Y124.048
G1 F2700 E806.64504
G1 F1200 X162.74 Y123.743 E806.66088
G1 X163.12 Y123.303 E806.68022
G1 X163.373 Y122.881 E806.69659
G1 X163.568 Y122.341 E806.71568
G1 X163.654 Y121.786 E806.73436
G1 X163.655 Y115.608 E806.93984
G1 X163.599 Y115.211 E806.95318
G1 X163.524 Y114.918 E806.96324
G1 X163.376 Y114.521 E806.97733
G1 X162.998 Y113.913 E807.00114
G1 X162.54 Y113.484 E807.02201
G1 X162.188 Y113.245 E807.03616
G1 X161.873 Y113.072 E807.04812
G1 X161.471 Y112.943 E807.06216
G1 X160.955 Y112.843 E807.07964
G1 X160.333 Y112.862 E807.10034
G1 X159.932 Y112.943 E807.11394
G1 X159.614 Y113.045 E807.12505
G1 X159.212 Y113.245 E807.13999
G1 X158.841 Y113.493 E807.15483
G1 X158.631 Y113.685 E807.16429
G1 X158.257 Y114.106 E807.18302
G1 X158.074 Y114.359 E807.19341
G1 X157.826 Y115.078 E807.2187
G1 X157.742 Y115.566 E807.23517
G1 X157.74 Y121.756 E807.44105
G1 X157.814 Y122.272 E807.45839
G1 X157.966 Y122.724 E807.47425
G1 X158.103 Y123.015 E807.48495
G1 X158.328 Y123.362 E807.4987
G1 X158.645 Y123.728 E807.51481
G1 X159.018 Y124.047 E807.53113
G1 F1191.1 X133.36 Y124.049 E808.39092
G1 F1170.7 X133.366 Y117.791 E808.60427
G1 F1182.3 X133.359 Y117.483 E808.61467
G1 F1142.9 X133.38 Y116.909 E808.63473
G1 X133.36 Y116.428 E808.65154
G1 F1200 X133.36 Y110.947 E808.83384
G1 X181.14 Y110.948 E810.42301
G1 X181.14 Y124.048 E810.85872
G1 X162.374 Y124.048 E811.48288
G1 F2700 E806.48288
G0 F9000 X162.374 Y124.308
G0 X160.496 Y124.045
G0 X159.939 Y123.933
G0 X159.562 Y123.774
G0 X159.092 Y123.453
G0 X158.806 Y123.159
G0 X158.489 Y122.668
G0 X158.34 Y122.236
G0 X157.92 Y119.321
G0 X154.42 Y118.437
G0 X153.35 Y119.319
G0 X153.426 Y119.568
G1 F2700 E811.48288
G1 F1200 X153.757 Y119.398 E811.49525
G1 X154.096 Y119.144 E811.50934
G1 X154.339 Y118.909 E811.52058
G1 X154.588 Y118.495 E811.53665
G1 X154.744 Y118.079 E811.55143
G1 X154.839 Y117.553 E811.56921
G1 X154.808 Y117.232 E811.57993
G1 X154.745 Y116.909 E811.59088
G1 X154.612 Y116.539 E811.60396
G1 X154.299 Y116.033 E811.62375
G1 X153.842 Y115.624 E811.64414
G1 X153.345 Y115.39 E811.66241
G1 X153.065 Y115.294 E811.67226
G1 X152.768 Y115.26 E811.6822
G1 X152.079 Y115.312 E811.70518
G1 X151.54 Y115.536 E811.7246
G1 X151.304 Y115.664 E811.73353
G1 X150.979 Y115.957 E811.74808
G1 X150.742 Y116.256 E811.76077
G1 X150.598 Y116.504 E811.77031
G1 X150.45 Y116.918 E811.78493
G1 X150.356 Y117.444 E811.8027
G1 X150.382 Y117.755 E811.81308
G1 X150.447 Y118.083 E811.82421
G1 X150.634 Y118.547 E811.84084
G1 X150.798 Y118.807 E811.85107
G1 X151.002 Y119.053 E811.8617
G1 X151.414 Y119.401 E811.87964
G1 X151.967 Y119.654 E811.89986
G1 X152.3 Y119.736 E811.91127
G1 X152.963 Y119.705 E811.93334
G1 X153.426 Y119.568 E811.9494
G1 F2700 E806.9494
G0 F9000 X153.35 Y119.319
G0 X151.502 Y119.243
G0 X149.38 Y119.243
G0 X148.947 Y120.508
G0 X149.128 Y120.696
G1 F2700 E811.9494
G1 F1200 X149.447 Y120.249 E811.96767
G1 X149.554 Y119.843 E811.98163
G1 X149.559 Y114.518 E812.15874
G1 X149.434 Y114.122 E812.17255
G1 X149.237 Y113.817 E812.18463
G1 X148.989 Y113.587 E812.19588
G1 X148.621 Y113.403 E812.20957
G1 X148.223 Y113.342 E812.22296
G1 X140.373 Y113.342 E812.48405
G1 X139.976 Y113.402 E812.4974
G1 X139.612 Y113.581 E812.5109
G1 X139.362 Y113.818 E812.52235
G1 X139.16 Y114.133 E812.5348
G1 X139.04 Y114.583 E812.55029
G1 X139.05 Y119.868 E812.72607
G1 X139.185 Y120.368 E812.74329
G1 X139.457 Y120.68 E812.75706
G1 X139.71 Y120.87 E812.76759
G1 X140.048 Y121.016 E812.77983
G1 X140.373 Y121.059 E812.79073
G1 X148.223 Y121.059 E813.05183
G1 X148.527 Y121.019 E813.06203
G1 X148.84 Y120.898 E813.07319
G1 X149.128 Y120.696 E813.08489
G1 F2700 E808.08489
G0 F9000 X148.947 Y120.508
G0 X139.962 Y120.138
G0 X139.949 Y119.528
G0 X139.206 Y119.447
G0 X136.993 Y119.306
G0 X136.399 Y119.448
G0 X136.447 Y119.701
G1 F2700 E813.08489
G1 F1200 X137.078 Y119.461 E813.10734
G1 X137.575 Y119.079 E813.12819
G1 X137.815 Y118.785 E813.14081
G1 X137.992 Y118.491 E813.15223
G1 X138.144 Y118.087 E813.16658
G1 X138.239 Y117.552 E813.18466
G1 X138.208 Y117.232 E813.19535
G1 X138.145 Y116.905 E813.20642
G1 X137.991 Y116.499 E813.22087
G1 X137.797 Y116.181 E813.23326
G1 X137.536 Y115.881 E813.24648
G1 X137.215 Y115.618 E813.26028
G1 X136.615 Y115.327 E813.28246
G1 X136.196 Y115.265 E813.29655
G1 X135.718 Y115.284 E813.31246
G1 X135.308 Y115.381 E813.32648
G1 X134.96 Y115.528 E813.33904
G1 X134.459 Y115.85 E813.35885
G1 X134.126 Y116.28 E813.37694
G1 X133.998 Y116.504 E813.38552
G1 F1142.9 X133.818 Y116.946 E813.40219
G1 F1140.1 X133.758 Y117.414 E813.4187
G1 F1179.4 X133.776 Y117.756 E813.43029
G1 X133.847 Y118.083 E813.44162
G1 F1200 X134.018 Y118.519 E813.45719
G1 X134.199 Y118.808 E813.46854
G1 X134.509 Y119.176 E813.48454
G1 X134.896 Y119.435 E813.50003
G1 X135.239 Y119.598 E813.51266
G1 X135.728 Y119.732 E813.52952
G1 X136.447 Y119.701 E813.55346
G1 F2700 E808.55346
G0 F9000 X136.399 Y119.448
G0 X135.652 Y119.233
G0 X135.037 Y118.939
G0 X134.699 Y118.644
G0 X134.383 Y118.138
G0 X134.262 Y117.532
G0 X134.354 Y117.008
G0 X135.035 Y115.692
G0 X133.2 Y115.692
G0 X133.1 Y111.381
G0 X133.56 Y111.381
G1 F2700 E813.55346
G1 F1200 X133.794 Y111.148 E813.56444
G0 F9000 X134.359 Y111.148
G1 F1200 X133.56 Y111.947 E813.60202
G0 F9000 X133.56 Y112.513
G1 F1200 X134.925 Y111.148 E813.66623
G0 F9000 X135.491 Y111.148
G1 F1200 X133.56 Y113.078 E813.75703
G0 F9000 X133.56 Y113.644
G1 F1200 X136.057 Y111.148 E813.87446
G0 F9000 X136.622 Y111.148
G1 F1200 X133.56 Y114.21 E814.01849
G0 F9000 X133.56 Y114.775
G1 F1200 X137.188 Y111.148 E814.18912
G0 F9000 X137.754 Y111.148
G1 F1200 X133.56 Y115.341 E814.38637
G0 F9000 X133.56 Y115.907
G1 F1200 X138.319 Y111.148 E814.61021
G0 F9000 X138.885 Y111.148
G1 F1200 X134.353 Y115.68 E814.82339
G1 X134.282 Y115.751
G1 X133.564 Y116.469 E814.85716
G1 F2700 E809.85716
G0 F9000 X133.1 Y116.469
G0 X133.2 Y117.997
G0 X133.965 Y117.844
G0 X133.645 Y118.085
G1 F2700 E814.85716
G1 F1200 X133.56 Y118.17 E814.86116
G0 F9000 X133.795 Y118.501
G1 F1200 X133.56 Y118.735 E814.87219
G0 F9000 X133.999 Y118.863
G1 F1200 X133.56 Y119.301 E814.89281
G0 F9000 X133.56 Y119.867
G1 F1200 X134.248 Y119.179 E814.92517
G0 F9000 X134.55 Y119.443
G1 F1200 X133.56 Y120.432 E814.97172
G0 F9000 X133.56 Y120.998
G1 F1200 X134.902 Y119.657 E815.03482
G0 F9000 X135.304 Y119.82
G1 F1200 X133.56 Y121.564 E815.11685
G0 F9000 X133.56 Y122.129
G1 F1200 X135.762 Y119.928 E815.2204
G0 F9000 X136.352 Y119.903
G1 F1200 X133.56 Y122.695 E815.35173
G0 F9000 X133.56 Y123.261
G1 F1200 X137.215 Y119.606 E815.52365
G0 F9000 X136.953 Y119.236
G0 X137.675 Y118.521
G0 X138.063 Y118.759
G1 F1200 X138.843 Y117.978 E815.56036
G0 F9000 X138.385 Y117.87
G1 F1200 X138.843 Y117.412 E815.5819
G0 F9000 X138.413 Y117.277
G1 F1200 X138.843 Y116.847 E815.60213
G0 F9000 X138.319 Y116.806
G1 F1200 X138.843 Y116.282 E815.62678
G0 F9000 X138.843 Y115.716
G1 F1200 X138.161 Y116.398 E815.65886
G0 F9000 X137.946 Y116.047
G1 F1200 X138.842 Y115.151 E815.701
G0 F9000 X138.842 Y114.585
G1 F1200 X137.681 Y115.746 E815.75561
G0 F9000 X137.372 Y115.49
G1 F1200 X141.713 Y111.148 E815.95982
G0 F9000 X141.148 Y111.148
G1 F1200 X137.003 Y115.293 E816.15479
G0 F9000 X136.608 Y115.122
G1 F1200 X140.582 Y111.148 E816.34171
G0 F9000 X140.016 Y111.148
G1 F1200 X136.093 Y115.072 E816.52626
G0 F9000 X135.458 Y115.141
G1 F1200 X139.451 Y111.148 E816.71408
G1 F2700 E811.71408
G0 F9000 X139.451 Y110.688
G0 X140.342 Y110.788
G0 X140.401 Y113.519
G0 X140.272 Y113.155
G1 F2700 E816.71408
G1 F1200 X142.279 Y111.148 E816.80848
G0 F9000 X142.845 Y111.148
G1 F1200 X140.849 Y113.144 E816.90237
G0 F9000 X141.414 Y113.144
G1 F1200 X143.41 Y111.148 E816.99626
G0 F9000 X143.976 Y111.148
G1 F1200 X141.98 Y113.144 E817.09014
G0 F9000 X142.546 Y113.144
G1 F1200 X144.542 Y111.148 E817.18403
G0 F9000 X145.108 Y111.148
G1 F1200 X143.111 Y113.144 E817.27794
G0 F9000 X143.677 Y113.144
G1 F1200 X145.673 Y111.148 E817.37182
G0 F9000 X146.239 Y111.148
G1 F1200 X144.243 Y113.144 E817.46571
G0 F9000 X144.808 Y113.144
G1 F1200 X146.805 Y111.148 E817.55962
G0 F9000 X147.37 Y111.148
G1 F1200 X145.374 Y113.144 E817.6535
G0 F9000 X145.94 Y113.144
G1 F1200 X147.936 Y111.148 E817.74739
G0 F9000 X148.502 Y111.148
G1 F1200 X146.505 Y113.144 E817.8413
G0 F9000 X147.071 Y113.144
G1 F1200 X149.067 Y111.148 E817.93518
G0 F9000 X149.633 Y111.148
G1 F1200 X147.637 Y113.144 E818.02907
G0 F9000 X148.203 Y113.144
G1 F1200 X150.199 Y111.148 E818.12296
G0 F9000 X150.764 Y111.148
G1 F1200 X148.695 Y113.217 E818.22028
G0 F9000 X149.073 Y113.405
G1 F1200 X151.33 Y111.148 E818.32644
G0 F9000 X151.896 Y111.148
G1 F1200 X149.373 Y113.671 E818.44511
G0 F9000 X149.599 Y114.01
G1 F1200 X152.461 Y111.148 E818.57973
G0 F9000 X153.027 Y111.148
G1 F1200 X149.743 Y114.432 E818.7342
G0 F9000 X149.76 Y114.981
G1 F1200 X153.593 Y111.148 E818.91449
G0 F9000 X154.158 Y111.148
G1 F1200 X149.76 Y115.546 E819.12136
G0 F9000 X149.76 Y116.112
G1 F1200 X154.724 Y111.148 E819.35485
G0 F9000 X155.29 Y111.148
G1 F1200 X149.76 Y116.678 E819.61497
G0 F9000 X150.324 Y116.68
G1 F1200 X149.76 Y117.243 E819.64147
G0 F9000 X150.154 Y117.415
G1 F1200 X149.76 Y117.809 E819.66001
G0 F9000 X150.211 Y117.924
G1 F1200 X149.76 Y118.375 E819.68122
G0 F9000 X149.76 Y118.94
G1 F1200 X150.341 Y118.36 E819.70852
G0 F9000 X150.522 Y118.744
G1 F1200 X149.76 Y119.506 E819.74437
G0 F9000 X149.679 Y120.153
G1 F1200 X150.759 Y119.073 E819.79517
G0 F9000 X151.048 Y119.35
G1 F1200 X146.549 Y123.848 E820.00676
G0 F9000 X145.984 Y123.848
G1 F1200 X148.633 Y121.199 E820.13136
G0 F9000 X148.009 Y121.257
G1 F1200 X145.418 Y123.848 E820.25323
G0 F9000 X144.852 Y123.848
G1 F1200 X147.444 Y121.257 E820.37513
G0 F9000 X146.878 Y121.257
G1 F1200 X144.287 Y123.848 E820.497
G0 F9000 X143.721 Y123.848
G1 F1200 X146.312 Y121.257 E820.61888
G0 F9000 X145.747 Y121.257
G1 F1200 X143.155 Y123.848 E820.74077
G0 F9000 X142.589 Y123.848
G1 F1200 X145.181 Y121.257 E820.86267
G0 F9000 X144.615 Y121.257
G1 F1200 X142.024 Y123.848 E820.98454
G0 F9000 X141.458 Y123.848
G1 F1200 X144.05 Y121.257 E821.10644
G0 F9000 X143.484 Y121.257
G1 F1200 X140.892 Y123.848 E821.22833
G0 F9000 X140.327 Y123.848
G1 F1200 X142.918 Y121.257 E821.35021
G0 F9000 X142.353 Y121.257
G1 F1200 X139.761 Y123.848 E821.4721
G0 F9000 X139.195 Y123.848
G1 F1200 X141.787 Y121.257 E821.594
G0 F9000 X141.221 Y121.257
G1 F1200 X138.63 Y123.848 E821.71587
G0 F9000 X138.064 Y123.848
G1 F1200 X140.656 Y121.257 E821.83777
G0 F9000 X140.12 Y121.226
G1 F1200 X137.498 Y123.848 E821.9611
G0 F9000 X136.933 Y123.848
G1 F1200 X139.695 Y121.086 E822.09101
G0 F9000 X139.356 Y120.859
G1 F1200 X136.367 Y123.848 E822.23161
G0 F9000 X135.801 Y123.848
G1 F1200 X139.089 Y120.561 E822.38624
G0 F9000 X138.924 Y120.16
G1 F1200 X135.236 Y123.848 E822.55971
G0 F9000 X134.67 Y123.848
G1 F1200 X138.844 Y119.674 E822.75605
G0 F9000 X138.844 Y119.109
G1 F1200 X134.104 Y123.848 E822.97898
G0 F9000 X133.56 Y123.826
G1 F1200 X138.843 Y118.544 E823.22745
G1 F2700 E818.22745
G0 F9000 X139.306 Y118.544
G0 X139.562 Y120.538
G0 X147.115 Y120.88
G0 X147.115 Y124.208
G0 X147.115 Y123.848
G1 F2700 E823.22745
G1 F1200 X151.365 Y119.598 E823.42736
G0 F9000 X151.753 Y119.776
G1 F1200 X147.681 Y123.848 E823.61889
G0 F9000 X148.246 Y123.848
G1 F1200 X152.178 Y119.917 E823.80382
G0 F9000 X152.744 Y119.917
G1 F1200 X148.812 Y123.848 E823.98874
G0 F9000 X149.378 Y123.848
G1 F1200 X153.458 Y119.768 E824.18065
G0 F9000 X153.324 Y119.327
G0 X154.415 Y118.224
G0 X154.84 Y118.386
G1 F1200 X157.545 Y115.681 E824.30789
G0 F9000 X157.545 Y116.247
G1 F1200 X149.943 Y123.848 E824.66544
G0 F9000 X150.509 Y123.848
G1 F1200 X157.544 Y116.813 E824.99635
G0 F9000 X157.543 Y117.38
G1 F1200 X151.075 Y123.848 E825.30058
G0 F9000 X151.64 Y123.848
G1 F1200 X157.543 Y117.946 E825.57822
G0 F9000 X157.543 Y118.512
G1 F1200 X152.206 Y123.848 E825.82923
G0 F9000 X152.772 Y123.848
G1 F1200 X157.542 Y119.078 E826.05359
G0 F9000 X157.541 Y119.645
G1 F1200 X153.338 Y123.848 E826.25129
G0 F9000 X153.903 Y123.848
G1 F1200 X157.541 Y120.211 E826.42239
G0 F9000 X157.541 Y120.777
G1 F1200 X154.469 Y123.848 E826.56686
G0 F9000 X155.035 Y123.848
G1 F1200 X157.54 Y121.343 E826.68469
G0 F9000 X157.559 Y121.89
G1 F1200 X155.6 Y123.848 E826.77681
G0 F9000 X156.166 Y123.848
G1 F1200 X157.637 Y122.377 E826.846
G0 F9000 X157.782 Y122.798
G1 F1200 X156.732 Y123.848 E826.89539
G0 F9000 X157.297 Y123.848
G1 F1200 X157.968 Y123.177 E826.92695
G0 F9000 X158.197 Y123.514
G1 F1200 X157.863 Y123.848 E826.94266
G0 F9000 X157.863 Y124.308
G0 X162.955 Y124.308
G0 X162.955 Y123.848
G1 F1200 X175.655 Y111.148 E827.54003
G0 F9000 X176.22 Y111.148
G1 F1200 X163.521 Y123.848 E828.13738
G0 F9000 X164.086 Y123.848
G1 F1200 X176.786 Y111.148 E828.73475
G0 F9000 X177.352 Y111.148
G1 F1200 X173.831 Y114.669 E828.90036
G0 F9000 X174.608 Y114.457
G1 F1200 X177.917 Y111.148 E829.05601
G0 F9000 X178.483 Y111.148
G1 F1200 X175.184 Y114.447 E829.21118
G0 F9000 X175.673 Y114.524
G1 F1200 X179.049 Y111.148 E829.36998
G0 F9000 X179.614 Y111.148
G1 F1200 X176.108 Y114.655 E829.53492
G0 F9000 X176.495 Y114.833
G1 F1200 X180.18 Y111.148 E829.70825
G0 F9000 X180.746 Y111.148
G1 F1200 X176.831 Y115.063 E829.8924
G0 F9000 X177.149 Y115.311
G1 F1200 X180.939 Y111.52 E830.07069
G0 F9000 X180.939 Y112.086
G1 F1200 X177.406 Y115.619 E830.23687
G0 F9000 X177.634 Y115.956
G1 F1200 X180.939 Y112.651 E830.39233
G0 F9000 X180.939 Y113.217
G1 F1200 X177.824 Y116.333 E830.53887
G0 F9000 X177.963 Y116.759
G1 F1200 X180.939 Y113.783 E830.67885
G0 F9000 X180.939 Y114.348
G1 F1200 X178.04 Y117.248 E830.81524
G0 F9000 X178.052 Y117.802
G1 F1200 X180.939 Y114.914 E830.95106
G0 F9000 X180.939 Y115.48
G1 F1200 X177.854 Y118.566 E831.09619
G0 F9000 X177.422 Y118.411
G0 X175.911 Y119.928
G0 X176.059 Y120.36
G1 F1200 X172.571 Y123.848 E831.26025
G0 F9000 X173.137 Y123.848
G1 F1200 X180.939 Y116.045 E831.62726
G0 F9000 X180.939 Y116.611
G1 F1200 X173.702 Y123.848 E831.96767
G0 F9000 X174.268 Y123.848
G1 F1200 X180.939 Y117.177 E832.28145
G0 F9000 X180.939 Y117.742
G1 F1200 X174.834 Y123.848 E832.56863
G0 F9000 X175.399 Y123.848
G1 F1200 X180.939 Y118.308 E832.82922
G0 F9000 X180.939 Y118.874
G1 F1200 X175.965 Y123.848 E833.06318
G0 F9000 X176.531 Y123.848
G1 F1200 X180.939 Y119.44 E833.27052
G0 F9000 X180.939 Y120.005
G1 F1200 X177.096 Y123.848 E833.45128
G0 F9000 X177.662 Y123.848
G1 F1200 X180.939 Y120.571 E833.60542
G0 F9000 X180.939 Y121.137
G1 F1200 X178.228 Y123.848 E833.73294
G0 F9000 X178.793 Y123.848
G1 F1200 X180.939 Y121.702 E833.83388
G0 F9000 X180.939 Y122.268
G1 F1200 X179.359 Y123.848 E833.9082
G0 F9000 X179.925 Y123.848
G1 F1200 X180.939 Y122.834 E833.95589
G0 F9000 X180.939 Y123.399
G1 F1200 X180.49 Y123.848 E833.97701
G1 F2700 E828.97701
G0 F9000 X180.49 Y124.308
G0 X175.266 Y124.208
G0 X175.266 Y120.172
G0 X175.307 Y120.546
G1 F2700 E833.97701
G1 F1200 X172.005 Y123.848 E834.13233
G0 F9000 X171.44 Y123.848
G1 F1200 X174.738 Y120.55 E834.28746
G0 F9000 X174.252 Y120.47
G1 F1200 X170.874 Y123.848 E834.44635
G0 F9000 X170.309 Y123.848
G1 F1200 X173.839 Y120.317 E834.61241
G0 F9000 X173.454 Y120.137
G1 F1200 X169.743 Y123.848 E834.78697
G0 F9000 X169.177 Y123.848
G1 F1200 X173.117 Y119.908 E834.97229
G0 F9000 X172.804 Y119.655
G1 F1200 X168.612 Y123.848 E835.16949
G0 F9000 X168.046 Y123.848
G1 F1200 X172.56 Y119.333 E835.38184
G0 F9000 X172.33 Y118.998
G1 F1200 X167.48 Y123.848 E835.60997
G0 F9000 X166.915 Y123.848
G1 F1200 X172.155 Y118.607 E835.85647
G0 F9000 X172.009 Y118.188
G1 F1200 X166.349 Y123.848 E836.1227
G0 F9000 X165.783 Y123.848
G1 F1200 X171.941 Y117.69 E836.41235
G0 F9000 X171.951 Y117.115
G1 F1200 X165.218 Y123.848 E836.72905
G0 F9000 X164.652 Y123.848
G1 F1200 X172.13 Y116.369 E837.08082
G1 F2700 E832.08082
G0 F9000 X172.575 Y116.473
G0 X172.893 Y115.847
G0 X172.893 Y110.788
G0 X172.26 Y110.688
G0 X172.26 Y111.148
G1 F2700 E837.08082
G1 F1200 X163.854 Y119.555 E837.47623
G0 F9000 X163.854 Y120.12
G1 F1200 X172.826 Y111.148 E837.89825
G0 F9000 X173.392 Y111.148
G1 F1200 X163.853 Y120.687 E838.34693
G0 F9000 X163.853 Y121.253
G1 F1200 X173.957 Y111.148 E838.82222
G0 F9000 X174.523 Y111.148
G1 F1200 X163.851 Y121.82 E839.3242
G0 F9000 X163.716 Y122.521
G1 F1200 X175.089 Y111.148 E839.85915
G0 F9000 X175.089 Y110.688
G0 X171.695 Y110.688
G0 X171.695 Y111.148
G1 F1200 X163.854 Y118.988 E840.22794
G0 F9000 X163.854 Y118.423
G1 F1200 X171.129 Y111.148 E840.57013
G0 F9000 X170.563 Y111.148
G1 F1200 X163.855 Y117.856 E840.88566
G0 F9000 X163.855 Y117.291
G1 F1200 X169.998 Y111.148 E841.1746
G0 F9000 X169.432 Y111.148
G1 F1200 X163.856 Y116.724 E841.43688
G0 F9000 X163.856 Y116.159
G1 F1200 X168.866 Y111.148 E841.67256
G0 F9000 X168.301 Y111.148
G1 F1200 X163.854 Y115.595 E841.88173
G0 F9000 X163.778 Y115.105
G1 F1200 X167.735 Y111.148 E842.06786
G0 F9000 X167.169 Y111.148
G1 F1200 X163.645 Y114.672 E842.23362
G0 F9000 X163.468 Y114.284
G1 F1200 X166.604 Y111.148 E842.38113
G0 F9000 X166.038 Y111.148
G1 F1200 X163.25 Y113.936 E842.51226
G0 F9000 X162.992 Y113.628
G1 F1200 X165.472 Y111.148 E842.62892
G0 F9000 X164.906 Y111.148
G1 F1200 X162.697 Y113.357 E842.73282
G0 F9000 X162.364 Y113.124
G1 F1200 X164.341 Y111.148 E842.82579
G0 F9000 X163.775 Y111.148
G1 F1200 X162.006 Y112.917 E842.909
G0 F9000 X161.588 Y112.769
G1 F1200 X163.209 Y111.148 E842.98524
G0 F9000 X162.644 Y111.148
G1 F1200 X161.119 Y112.673 E843.05698
G0 F9000 X160.572 Y112.654
G1 F1200 X162.078 Y111.148 E843.12781
G0 F9000 X161.512 Y111.148
G1 F1200 X159.919 Y112.742 E843.20277
G0 F9000 X160.006 Y113.195
G0 X159.087 Y113.642
G0 X158.834 Y113.261
G1 F1200 X160.947 Y111.148 E843.30216
G0 F9000 X160.381 Y111.148
G1 F1200 X154.868 Y116.661 E843.56147
G0 F9000 X154.689 Y116.275
G1 F1200 X159.815 Y111.148 E843.80261
G0 F9000 X159.25 Y111.148
G1 F1200 X154.47 Y115.927 E844.02742
G0 F9000 X154.176 Y115.656
G1 F1200 X158.684 Y111.148 E844.23946
G0 F9000 X158.118 Y111.148
G1 F1200 X153.857 Y115.41 E844.43991
G0 F9000 X153.473 Y115.228
G1 F1200 X157.553 Y111.148 E844.63182
G0 F9000 X156.987 Y111.148
G1 F1200 X153.049 Y115.086 E844.81705
G0 F9000 X152.49 Y115.079
G1 F1200 X156.421 Y111.148 E845.00195
G0 F9000 X155.856 Y111.148
G1 F1200 X151.787 Y115.217 E845.19335
G0 F9000 X151.963 Y115.643
G0 X152.945 Y115.765
G0 X153.567 Y116.063
G0 X153.763 Y116.237
G0 X154.538 Y117.196
G0 X154.987 Y117.107
G1 F1200 X158.074 Y114.021 E845.33853
G0 F9000 X158.448 Y114.292
G0 X158.082 Y115.125
G0 X157.635 Y115.025
G1 F1200 X155.021 Y117.639 E845.46148
G1 F2700 E840.46148
;MESH:NONMESH
G0 F300 X155.021 Y117.639 Z1.4
G0 F9000 X154.576 Y117.56
G0 X153.897 Y118.656
G0 X153.398 Y119.041
G0 X152.935 Y119.2
G0 X152.252 Y119.233
G0 X151.637 Y118.939
G0 X151.363 Y118.7
G0 X150.537 Y117.448
G0 X61.934 Y119.349
G0 X60.842 Y119.859
;TIME_ELAPSED:1607.858363
;LAYER:6
;TYPE:WALL-INNER
;MESH:BtnFaceWithWings.stl
G1 F2700 E845.46148
G1 F1200 X60.26 Y119.992 E845.48134
G1 X59.736 Y119.992 E845.49877
G1 X59.391 Y119.931 E845.51042
G1 X58.901 Y119.751 E845.52778
G1 X58.485 Y119.493 E845.54406
G1 X58.124 Y119.159 E845.56042
G1 X57.833 Y118.757 E845.57692
G1 X57.666 Y118.391 E845.59031
G1 X57.591 Y118.151 E845.59867
G1 X57.496 Y117.617 E845.61671
G1 X57.527 Y117.077 E845.6347
G1 X57.667 Y116.583 E845.65178
G1 X57.898 Y116.136 E845.66851
G1 X58.21 Y115.742 E845.68523
G1 X58.674 Y115.371 E845.70499
G1 X59.146 Y115.139 E845.72248
G1 X59.736 Y115.004 E845.74261
G1 X60.265 Y115.004 E845.7602
G1 X60.843 Y115.138 E845.77994
G1 X61.302 Y115.356 E845.79684
G1 X61.708 Y115.662 E845.81375
G1 X62.037 Y116.038 E845.83037
G1 X62.281 Y116.469 E845.84684
G1 X62.438 Y116.932 E845.8631
G1 X62.507 Y117.42 E845.87949
G1 X62.512 Y117.701 E845.88884
G1 X62.354 Y118.347 E845.91096
G1 X62.107 Y118.831 E845.92903
G1 X61.963 Y119.042 E845.93753
G1 X61.705 Y119.332 E845.95044
G1 X61.304 Y119.639 E845.96724
G1 X60.842 Y119.859 E845.98425
G0 F9000 X60.712 Y119.478
G1 F1200 X60.217 Y119.592 E846.00115
G1 X59.627 Y119.592 E846.02077
G1 X59.079 Y119.391 E846.04019
G1 X58.727 Y119.172 E846.05398
G1 X58.423 Y118.892 E846.06772
G1 X58.179 Y118.551 E846.08167
G1 X57.998 Y118.155 E846.09615
G1 X57.898 Y117.589 E846.11527
G1 X57.925 Y117.137 E846.13033
G1 X58.043 Y116.726 E846.14455
G1 X58.233 Y116.356 E846.15838
G1 X58.496 Y116.025 E846.17244
G1 X58.894 Y115.708 E846.18937
G1 X59.279 Y115.519 E846.20363
G1 X59.744 Y115.412 E846.2195
G1 X60.212 Y115.403 E846.23507
G1 X60.713 Y115.518 E846.25217
G1 X61.096 Y115.701 E846.26629
G1 X61.436 Y115.958 E846.28046
G1 X61.709 Y116.273 E846.29433
G1 X61.915 Y116.634 E846.30815
G1 X62.047 Y117.026 E846.32191
G1 X62.125 Y117.572 E846.34025
G1 X61.985 Y118.179 E846.36097
G1 X61.716 Y118.719 E846.38104
G1 X61.428 Y119.041 E846.3954
G1 X61.098 Y119.294 E846.40923
G1 X60.712 Y119.478 E846.42346
G1 F2700 E841.42346
G0 F9000 X60.847 Y119.759
G0 X62.098 Y119.163
G0 X62.098 Y124.324
G0 X103.09 Y124.524
G0 X103.175 Y124.524
G1 F2700 E846.42346
G1 F1200 X103 Y124 E846.44183
G1 X103 Y111 E846.87421
G1 X103.176 Y110.472 E846.89273
G1 X53.5 Y110.472 E848.54496
G1 X53.5 Y124.524 E849.01233
G1 X103.175 Y124.524 E850.66452
G0 F9000 X103.09 Y124.524
G0 X117.438 Y124.438
G0 X117.91 Y124.239
G0 X117.551 Y124.239
G1 F1250 X117.101 Y124.576 E850.68248
G1 F1315.1 X104 Y124.581 E851.08009
G1 F1259.8 X103.52 Y124.361 E851.09682
G1 F1200 X103.4 Y124 E851.10947
G1 X103.4 Y111 E851.54185
G1 X103.52 Y110.64 E851.55447
G1 F1243.5 X103.899 Y110.424 E851.56847
G1 F1304.3 X117 Y110.418 E851.96936
G1 F1256.5 X117.55 Y110.759 E851.98991
G1 F1200 X117.6 Y111 E851.9981
G1 X117.598 Y124.052 E852.43221
G1 X117.551 Y124.239 E852.43862
G0 F9000 X118 Y124.434
G1 F826.2 X118 Y110.563 E853.10873
G0 F9000 X118.562 Y124.438
G0 X132.438 Y124.438
G0 X132.91 Y124.361
G0 X132.48 Y124.361
G1 F1250 X132.101 Y124.576 E853.12265
G1 F1315.1 X119 Y124.581 E853.52026
G1 F1259.8 X118.449 Y124.239 E853.54081
G1 F1200 X118.402 Y124.052 E853.54722
G1 X118.4 Y111 E853.98133
G1 X118.45 Y110.759 E853.98952
G1 F1243.5 X118.899 Y110.424 E854.0075
G1 F1304.3 X132 Y110.418 E854.40838
G1 F1256.5 X132.48 Y110.64 E854.42518
G1 F1200 X132.6 Y111 E854.4378
G1 X132.6 Y124 E854.87018
G1 X132.48 Y124.361 E854.88283
G1 F2700 E849.88283
G0 F9000 X132.91 Y124.361
G0 X133.2 Y119.339
G0 X134.219 Y118.535
G0 X135.103 Y118.994
G0 X135.496 Y119.126
G0 X136.395 Y119.339
G1 F2700 E854.88283
G1 F1200 X135.855 Y119.371 E854.90082
G1 X135.592 Y119.316 E854.90976
G1 X135.224 Y119.192 E854.92268
G1 X134.866 Y118.98 E854.93652
G1 X134.614 Y118.748 E854.94791
G1 X134.355 Y118.42 E854.96181
G1 X134.21 Y118.049 E854.97506
G1 X134.12 Y117.657 E854.98843
G1 X134.137 Y117.289 E855.00069
G1 X134.245 Y116.84 E855.01605
G1 X134.376 Y116.573 E855.02594
G1 X134.596 Y116.253 E855.03885
G1 X134.986 Y115.918 E855.05595
G1 X135.31 Y115.763 E855.0679
G1 X135.638 Y115.669 E855.07925
G1 X135.978 Y115.633 E855.09062
G1 X136.257 Y115.642 E855.0999
G1 X136.738 Y115.773 E855.11649
G1 X137.111 Y115.994 E855.13091
G1 X137.34 Y116.199 E855.14113
G1 X137.551 Y116.46 E855.15229
G1 X137.771 Y116.847 E855.1671
G1 X137.852 Y117.28 E855.18175
G1 X137.862 Y117.761 E855.19775
G1 X137.782 Y118.075 E855.20853
G1 X137.654 Y118.363 E855.21901
G1 X137.466 Y118.651 E855.23045
G1 X137.302 Y118.85 E855.23903
G1 X136.878 Y119.163 E855.25655
G1 X136.395 Y119.339 E855.27365
G0 F9000 X136.686 Y118.809
G1 F1200 X136.305 Y118.947 E855.28713
G1 X135.812 Y118.968 E855.30354
G1 X135.352 Y118.813 E855.31969
G1 X135.137 Y118.686 E855.32799
G1 X134.804 Y118.38 E855.34303
G1 X134.599 Y117.957 E855.35867
G1 X134.532 Y117.668 E855.36854
G1 X134.536 Y117.311 E855.38041
G1 X134.646 Y116.885 E855.39504
G1 X134.925 Y116.48 E855.4114
G1 X135.159 Y116.279 E855.42166
G1 X135.576 Y116.078 E855.43706
G1 X136.13 Y116.019 E855.45559
G1 X136.619 Y116.161 E855.47252
G1 X136.968 Y116.376 E855.48616
G1 X137.318 Y116.807 E855.50462
G1 X137.452 Y117.29 E855.5213
G1 X137.461 Y117.719 E855.53557
G1 X137.373 Y118.061 E855.54731
G1 X137.081 Y118.508 E855.56507
G1 X136.686 Y118.809 E855.58159
G1 F2700 E850.58159
G0 F9000 X136.869 Y119.059
G0 X137.617 Y118.749
G0 X139.22 Y118.751
G0 X139.562 Y120.538
G0 X148.686 Y120.61
G0 X148.686 Y120.575
G1 F2700 E855.58159
G1 F1200 X148.455 Y120.667 E855.58986
G1 X148.2 Y120.7 E855.59841
G1 X140.4 Y120.7 E855.85784
G1 X140.146 Y120.668 E855.86635
G1 X139.916 Y120.576 E855.87459
G1 X139.584 Y120.28 E855.88939
G1 X139.433 Y119.955 E855.90131
G1 X139.4 Y119.7 E855.90986
G1 X139.401 Y114.635 E856.07832
G1 X139.498 Y114.268 E856.09095
G1 X139.627 Y114.064 E856.09897
G1 X139.827 Y113.88 E856.10801
G1 X140.092 Y113.748 E856.11786
G1 X140.4 Y113.7 E856.12823
G1 X148.2 Y113.7 E856.38766
G1 X148.507 Y113.748 E856.39799
G1 X148.773 Y113.879 E856.40785
G1 X148.972 Y114.063 E856.41687
G1 X149.102 Y114.266 E856.42489
G1 X149.195 Y114.591 E856.43613
G1 X149.194 Y119.82 E856.61005
G1 X149.135 Y120.058 E856.6182
G1 X149.018 Y120.277 E856.62646
G1 X148.686 Y120.575 E856.6413
G0 F9000 X148.606 Y120.143
G1 F1200 X148.318 Y120.3 E856.65221
G1 X140.282 Y120.3 E856.91949
G1 X139.995 Y120.144 E856.93035
G1 X139.855 Y119.953 E856.93823
G1 X139.805 Y119.781 E856.94419
G1 X139.801 Y114.661 E857.11448
G1 X139.858 Y114.44 E857.12207
G1 X140.056 Y114.208 E857.13221
G1 X140.215 Y114.129 E857.13812
G1 X140.4 Y114.1 E857.14435
G1 X148.2 Y114.1 E857.40378
G1 X148.385 Y114.128 E857.41
G1 X148.544 Y114.207 E857.4159
G1 X148.741 Y114.439 E857.42603
G1 X148.797 Y114.634 E857.43278
G1 X148.796 Y119.772 E857.60367
G1 X148.761 Y119.915 E857.60856
G1 X148.606 Y120.143 E857.61773
G1 F2700 E852.61773
G0 F9000 X148.606 Y120.61
G0 X148.995 Y120.545
G0 X149.381 Y119.809
G0 X151.631 Y119.319
G0 X153.306 Y119.231
G1 F2700 E857.61773
G1 F1200 X152.945 Y119.342 E857.63029
G1 X152.372 Y119.376 E857.64939
G1 X151.708 Y119.153 E857.67268
G1 X151.466 Y118.98 E857.68258
G1 X151.214 Y118.748 E857.69397
G1 X150.954 Y118.42 E857.70789
G1 X150.81 Y118.048 E857.72116
G1 X150.72 Y117.653 E857.73463
G1 X150.737 Y117.289 E857.74675
G1 X150.845 Y116.84 E857.76211
G1 X150.975 Y116.573 E857.77199
G1 X151.195 Y116.253 E857.7849
G1 X151.49 Y115.971 E857.79848
G1 X152.055 Y115.691 E857.81945
G1 X152.578 Y115.633 E857.83695
G1 X152.857 Y115.642 E857.84624
G1 X153.253 Y115.749 E857.85988
G1 X153.527 Y115.874 E857.8699
G1 X153.843 Y116.084 E857.88252
G1 X154.243 Y116.574 E857.90356
G1 X154.394 Y116.966 E857.91753
G1 X154.452 Y117.28 E857.92815
G1 X154.462 Y117.76 E857.94412
G1 X154.383 Y118.076 E857.95495
G1 X154.254 Y118.363 E857.96541
G1 X153.967 Y118.802 E857.98286
G1 X153.535 Y119.12 E858.0007
G1 X153.306 Y119.231 E858.00917
G0 F9000 X153.259 Y118.827
G1 F1200 X152.876 Y118.948 E858.02252
G1 X152.444 Y118.972 E858.03691
G1 X151.834 Y118.775 E858.05824
G1 X151.402 Y118.378 E858.07775
G1 X151.199 Y117.957 E858.09329
G1 X151.121 Y117.617 E858.1049
G1 X151.137 Y117.311 E858.11509
G1 X151.246 Y116.886 E858.12968
G1 X151.525 Y116.48 E858.14607
G1 X151.702 Y116.31 E858.15423
G1 X152.186 Y116.078 E858.17208
G1 X152.728 Y116.019 E858.19021
G1 X153.23 Y116.158 E858.20754
G1 X153.572 Y116.383 E858.22115
G1 X153.898 Y116.783 E858.23832
G1 X154.05 Y117.189 E858.25274
G1 X154.061 Y117.719 E858.27037
G1 X153.973 Y118.061 E858.28211
G1 X153.671 Y118.524 E858.3005
G1 X153.259 Y118.827 E858.31751
G1 F2700 E853.31751
G0 F9000 X153.358 Y119.12
G0 X154.136 Y118.873
G0 X157.921 Y118.876
G0 X158.322 Y122.205
G0 X158.486 Y122.656
G0 X158.7 Y123.023
G0 X159.154 Y123.508
G0 X159.739 Y123.884
G0 X160.27 Y124.006
G0 X161.507 Y124.081
G1 F2700 E858.31751
G1 F1243.5 X160.917 Y124.176 E858.33669
G1 F1283.4 X160.353 Y124.171 E858.35423
G1 F1237.1 X159.844 Y124.063 E858.37102
G1 F1200 X159.529 Y123.928 E858.38242
G1 X159.053 Y123.621 E858.40125
G1 X158.581 Y123.114 E858.42429
G1 X158.347 Y122.717 E858.43962
G1 X158.174 Y122.242 E858.45644
G1 X158.1 Y121.76 E858.47265
G1 X158.1 Y115.626 E858.67667
G1 X158.179 Y115.14 E858.69305
G1 X158.424 Y114.465 E858.71693
G1 X158.967 Y113.851 E858.74419
G1 X159.396 Y113.542 E858.76178
G1 X159.879 Y113.32 E858.77946
G1 X160.403 Y113.219 E858.79721
G1 X160.9 Y113.201 E858.81375
G1 X161.515 Y113.323 E858.8346
G1 X161.861 Y113.462 E858.84701
G1 X162.241 Y113.706 E858.86203
G1 X162.433 Y113.867 E858.87036
G1 X162.821 Y114.285 E858.88933
G1 X163.055 Y114.687 E858.9048
G1 X163.252 Y115.266 E858.92514
G1 X163.294 Y115.669 E858.93862
G1 X163.296 Y121.901 E859.14589
G1 X163.15 Y122.475 E859.16559
G1 X163.023 Y122.767 E859.17618
G1 X162.711 Y123.255 E859.19545
G1 X162.459 Y123.523 E859.20768
G1 X162.005 Y123.856 E859.22641
G1 X161.507 Y124.081 E859.24459
G0 F9000 X161.391 Y123.694
G1 F1200 X160.874 Y123.793 E859.26209
G1 X160.423 Y123.787 E859.2771
G1 X159.836 Y123.65 E859.29714
G1 X159.312 Y123.313 E859.31787
G1 X158.905 Y122.875 E859.33775
G1 X158.71 Y122.545 E859.3505
G1 X158.562 Y122.139 E859.36487
G1 X158.5 Y121.68 E859.38028
G1 X158.501 Y115.664 E859.58037
G1 X158.561 Y115.275 E859.59346
G1 X158.739 Y114.768 E859.61134
G1 X158.85 Y114.586 E859.61843
G1 X159.235 Y114.152 E859.63772
G1 X159.596 Y113.89 E859.65256
G1 X160.003 Y113.705 E859.66743
G1 X160.472 Y113.613 E859.68332
G1 X160.87 Y113.603 E859.69657
G1 X161.437 Y113.715 E859.71579
G1 X161.645 Y113.799 E859.72325
G1 X162.089 Y114.084 E859.7408
G1 X162.497 Y114.523 E859.76073
G1 X162.691 Y114.857 E859.77358
G1 X162.858 Y115.346 E859.79076
G1 X162.895 Y115.686 E859.80214
G1 X162.896 Y121.849 E860.00712
G1 X162.738 Y122.471 E860.02847
G1 X162.374 Y123.04 E860.05093
G1 X162.223 Y123.201 E860.05827
G1 X161.799 Y123.511 E860.07574
G1 X161.391 Y123.694 E860.09062
G1 F2700 E855.09062
G0 F9000 X161.451 Y123.996
G0 X163.175 Y122.866
G0 X173.831 Y119.906
G0 X175.845 Y119.858
G1 F2700 E860.09062
G1 F1200 X175.26 Y119.992 E860.11058
G1 X174.852 Y119.992 E860.12415
G1 X174.603 Y119.961 E860.13249
G1 X174.167 Y119.849 E860.14747
G1 X173.922 Y119.75 E860.15625
G1 X173.497 Y119.509 E860.1725
G1 X173.027 Y119.074 E860.1938
G1 X172.656 Y118.422 E860.21875
G1 X172.586 Y118.193 E860.22672
G1 X172.5 Y117.592 E860.24691
G1 X172.528 Y117.068 E860.26437
G1 X172.67 Y116.575 E860.28143
G1 X172.983 Y115.971 E860.30406
G1 X173.457 Y115.524 E860.32573
G1 X173.713 Y115.349 E860.33604
G1 X174.158 Y115.137 E860.35243
G1 X174.719 Y115.009 E860.37157
G1 X175.256 Y115.003 E860.38943
G1 X175.85 Y115.138 E860.40969
G1 X176.283 Y115.347 E860.42569
G1 X176.528 Y115.514 E860.43555
G1 X176.88 Y115.84 E860.4515
G1 X177.161 Y116.256 E860.4682
G1 X177.278 Y116.491 E860.47693
G1 X177.422 Y116.911 E860.4917
G1 X177.475 Y117.182 E860.50089
G1 X177.5 Y117.697 E860.51803
G1 X177.4 Y118.181 E860.53447
G1 X177.309 Y118.434 E860.54341
G1 X177.05 Y118.937 E860.56223
G1 X176.727 Y119.314 E860.57874
G1 X176.315 Y119.631 E860.59603
G1 X175.845 Y119.858 E860.61339
G0 F9000 X175.714 Y119.477
G1 F1200 X175.252 Y119.584 E860.62917
G1 X174.778 Y119.593 E860.64493
G1 X174.191 Y119.443 E860.66509
G1 X173.73 Y119.181 E860.68272
G1 X173.35 Y118.818 E860.7002
G1 X172.993 Y118.211 E860.72362
G1 X172.9 Y117.575 E860.745
G1 X172.925 Y117.138 E860.75956
G1 X173.045 Y116.719 E860.77406
G1 X173.305 Y116.218 E860.79283
G1 X173.801 Y115.75 E860.81551
G1 X174.288 Y115.518 E860.83345
G1 X174.732 Y115.416 E860.8486
G1 X175.208 Y115.402 E860.86444
G1 X175.718 Y115.518 E860.88184
G1 X176.19 Y115.746 E860.89927
G1 X176.575 Y116.102 E860.91671
G1 X176.874 Y116.545 E860.93449
G1 X177.072 Y117.123 E860.95481
G1 X177.099 Y117.665 E860.97286
G1 X176.991 Y118.178 E860.9903
G1 X176.718 Y118.71 E861.01019
G1 X176.441 Y119.033 E861.02434
G1 X176.104 Y119.288 E861.03839
G1 X175.714 Y119.477 E861.05281
G1 F2700 E856.05281
G0 F9000 X175.849 Y119.758
G0 X176.41 Y119.784
G0 X176.41 Y124.324
G0 X181.5 Y124.524
G1 F2700 E861.05281
G1 F1200 X181.5 Y110.472 E861.52018
G1 X132.824 Y110.472 E863.13915
G1 X133 Y111 E863.15766
G1 X133 Y124 E863.59004
G1 X132.825 Y124.524 E863.60842
G1 X159.791 Y124.524 E864.50531
G1 F1253.3 X160.816 Y124.541 E864.53796
G1 X161.441 Y124.524 E864.55787
G1 F1200 X181.5 Y124.524 E865.22503
G0 F9000 X181.9 Y124.924
G1 F1200 X181.9 Y110.072 E865.71901
G1 X132.764 Y110.072 E867.35328
G1 F1256.5 X132 Y110.054 E867.37756
G1 F1318.7 X119 Y110.054 E867.77103
G1 F1256.5 X118 Y110.072 E867.80279
G1 X117 Y110.054 E867.83456
G1 F1304.3 X103.867 Y110.056 E868.23642
G1 F1243.5 X103.236 Y110.072 E868.25668
G1 F1200 X53.1 Y110.072 E869.92421
G1 X53.1 Y124.924 E870.41819
G1 X103.238 Y124.924 E872.08579
G1 F1259.8 X104 Y124.943 E872.10994
G1 F1326 X117 Y124.943 E872.50124
G1 F1259.8 X118 Y124.924 E872.53293
G1 X119 Y124.943 E872.56461
G1 F1326 X132 Y124.943 E872.95592
G1 F1259.8 X132.762 Y124.924 E872.98007
G1 F1200 X181.9 Y124.924 E874.6144
G0 F9000 X182.3 Y125.324
;TYPE:WALL-OUTER
G1 F1200 X182.3 Y109.672 E875.13499
G1 X52.7 Y109.672 E879.44551
G1 X52.7 Y125.324 E879.96609
G1 X182.3 Y125.324 E884.27661
G1 F2700 E879.27661
G0 F9000 X182.02 Y125.045
G0 X175.626 Y124.324
G0 X175.279 Y120.173
G0 X175.557 Y119.103
G1 F2700 E884.27661
G1 F1200 X175.183 Y119.19 E884.28938
G1 X174.802 Y119.186 E884.30205
G1 X174.34 Y119.067 E884.31792
G1 X173.956 Y118.843 E884.3327
G1 X173.663 Y118.569 E884.34605
G1 X173.379 Y118.085 E884.36471
G1 X173.302 Y117.579 E884.38173
G1 X173.327 Y117.184 E884.3949
G1 X173.412 Y116.889 E884.40511
G1 X173.631 Y116.464 E884.42101
G1 X174.028 Y116.085 E884.43927
G1 X174.401 Y115.907 E884.45301
G1 X174.801 Y115.81 E884.4667
G1 X175.193 Y115.809 E884.47974
G1 X175.603 Y115.907 E884.49376
G1 X175.962 Y116.08 E884.50702
G1 X176.282 Y116.384 E884.5217
G1 X176.522 Y116.751 E884.53628
G1 X176.675 Y117.197 E884.55196
G1 X176.694 Y117.647 E884.56694
G1 X176.61 Y118.045 E884.58047
G1 X176.369 Y118.502 E884.59766
G1 X176.158 Y118.745 E884.60836
G1 X175.872 Y118.956 E884.62018
G1 X175.557 Y119.103 E884.63174
G1 F2700 E879.63174
G0 F9000 X175.626 Y119.407
G0 X173.288 Y119.562
G0 X163.44 Y122.065
G0 X161.25 Y123.313
G1 F2700 E884.63174
G1 F1200 X160.851 Y123.39 E884.64526
G1 X160.454 Y123.383 E884.65847
G1 X159.992 Y123.275 E884.67425
G1 X159.553 Y122.985 E884.69175
G1 X159.241 Y122.649 E884.707
G1 X159.083 Y122.39 E884.71709
G1 X158.95 Y122.023 E884.73007
G1 X158.902 Y121.711 E884.74057
G1 X158.9 Y115.696 E884.94063
G1 X158.959 Y115.335 E884.9528
G1 X159.128 Y114.881 E884.96891
G1 X159.522 Y114.437 E884.98865
G1 X159.782 Y114.249 E884.99932
G1 X160.149 Y114.083 E885.01272
G1 X160.541 Y114.007 E885.026
G1 X160.855 Y114.007 E885.03644
G1 X161.398 Y114.115 E885.05486
G1 X161.847 Y114.411 E885.07274
G1 X162.185 Y114.783 E885.08946
G1 X162.33 Y115.039 E885.09925
G1 X162.458 Y115.415 E885.11246
G1 X162.496 Y115.722 E885.12275
G1 X162.49 Y121.822 E885.32563
G1 X162.366 Y122.309 E885.34235
G1 X162.016 Y122.857 E885.36398
G1 X161.579 Y123.171 E885.38187
G1 X161.25 Y123.313 E885.39379
G1 F2700 E880.39379
G0 F9000 X161.31 Y123.617
G0 X160.446 Y123.636
G0 X159.896 Y123.51
G0 X159.412 Y123.198
G0 X159.023 Y122.782
G0 X158.771 Y122.234
G0 X157.921 Y118.707
G0 X154.558 Y118.121
G0 X153.095 Y118.452
G1 F2700 E885.39379
G1 F1200 X152.807 Y118.554 E885.40395
G1 X152.477 Y118.566 E885.41494
G1 X152.048 Y118.42 E885.43001
G1 X151.731 Y118.138 E885.44412
G1 X151.589 Y117.866 E885.45433
G1 X151.529 Y117.61 E885.46307
G1 X151.536 Y117.333 E885.47229
G1 X151.617 Y117.052 E885.48201
G1 X151.883 Y116.665 E885.49763
G1 X152.278 Y116.474 E885.51223
G1 X152.7 Y116.425 E885.52636
G1 X153.066 Y116.528 E885.539
G1 X153.311 Y116.695 E885.54886
G1 X153.555 Y117 E885.56185
G1 X153.651 Y117.265 E885.57123
G1 X153.658 Y117.687 E885.58527
G1 X153.584 Y117.926 E885.59359
G1 X153.373 Y118.243 E885.60625
G1 X153.095 Y118.452 E885.61782
G1 F2700 E880.61782
G0 F9000 X153.279 Y118.703
G0 X152.858 Y118.804
G0 X150.799 Y118.513
G0 X149.38 Y118.513
G0 X148.399 Y119.724
G1 F2700 E885.61782
G1 F1200 X148.364 Y119.816 E885.6211
G1 X148.235 Y119.898 E885.62618
G1 X140.349 Y119.894 E885.88847
G1 X140.236 Y119.816 E885.89304
G1 X140.201 Y119.727 E885.89622
G1 X140.2 Y114.629 E886.06578
G1 X140.356 Y114.5 E886.07251
G1 X148.244 Y114.5 E886.33487
G1 X148.315 Y114.535 E886.3375
G1 X148.399 Y114.678 E886.34301
G1 X148.399 Y119.724 E886.51085
G1 F2700 E881.51085
G0 F9000 X148.71 Y119.724
G0 X148.638 Y120.138
G0 X139.962 Y120.138
G0 X139.22 Y118.763
G0 X137.93 Y118.182
G0 X136.473 Y118.464
G1 F2700 E886.51085
G1 F1200 X136.207 Y118.554 E886.52019
G1 X135.893 Y118.568 E886.53064
G1 X135.439 Y118.421 E886.54651
G1 X135.13 Y118.136 E886.56049
G1 X134.989 Y117.866 E886.57062
G1 X134.926 Y117.599 E886.57975
G1 X134.936 Y117.333 E886.5886
G1 X135.017 Y117.052 E886.59833
G1 X135.285 Y116.662 E886.61407
G1 X135.688 Y116.468 E886.62894
G1 X136.119 Y116.43 E886.64333
G1 X136.46 Y116.528 E886.65513
G1 X136.7 Y116.681 E886.6646
G1 X136.956 Y116.996 E886.6781
G1 X137.052 Y117.299 E886.68867
G1 X137.058 Y117.687 E886.70158
G1 X136.984 Y117.926 E886.7099
G1 X136.768 Y118.248 E886.7228
G1 X136.473 Y118.464 E886.73496
G1 F2700 E881.73496
G0 F9000 X136.573 Y118.76
G0 X135.533 Y119.487
G0 X133.2 Y119.487
G0 X132.2 Y124
G1 F2700 E886.73496
G1 F1200 X132.16 Y124.121 E886.7392
G1 X132.035 Y124.198 E886.74408
G1 X119 Y124.2 E887.17763
G1 X118.8 Y124.07 E887.18556
G1 X118.804 Y110.928 E887.62266
G1 X118.965 Y110.803 E887.62944
G1 X132 Y110.8 E888.06299
G1 X132.16 Y110.88 E888.06894
G1 X132.2 Y111 E888.07315
G1 X132.2 Y124 E888.50553
G1 F2700 E883.50553
G0 F9000 X132.51 Y124
G0 X132.438 Y124.438
G0 X118.562 Y124.438
G0 X117.51 Y124.067
G0 X117.2 Y124.067
G1 F2700 E888.50553
G1 F1200 X117.035 Y124.198 E888.51253
G1 X104 Y124.2 E888.94608
G1 X103.84 Y124.121 E888.95202
G1 X103.8 Y124 E888.95625
G1 X103.8 Y111 E889.38864
G1 X103.84 Y110.88 E889.39284
G1 X103.965 Y110.803 E889.39773
G1 X117 Y110.8 E889.83127
G1 X117.196 Y110.927 E889.83904
G1 X117.2 Y124.067 E890.27608
G1 F2700 E885.27608
G0 F9000 X117.51 Y124.067
G0 X117.438 Y124.438
G0 X103.562 Y124.438
G0 X103.551 Y119.609
G0 X102.8 Y119.369
G0 X62.539 Y118.382
G0 X60.599 Y119.089
G1 F2700 E890.27608
G1 F1200 X60.183 Y119.19 E890.29032
G1 X59.699 Y119.192 E890.30641
G1 X59.238 Y119.019 E890.32279
G1 X58.986 Y118.863 E890.33265
G1 X58.713 Y118.61 E890.34503
G1 X58.537 Y118.365 E890.35506
G1 X58.379 Y118.011 E890.36796
G1 X58.302 Y117.583 E890.38242
G1 X58.327 Y117.184 E890.39572
G1 X58.411 Y116.892 E890.40582
G1 X58.583 Y116.559 E890.41829
G1 X58.799 Y116.295 E890.42963
G1 X59.127 Y116.04 E890.44345
G1 X59.395 Y115.908 E890.45339
G1 X59.813 Y115.806 E890.4677
G1 X60.193 Y115.809 E890.48034
G1 X60.599 Y115.907 E890.49423
G1 X60.901 Y116.056 E890.50543
G1 X61.175 Y116.268 E890.51695
G1 X61.39 Y116.521 E890.528
G1 X61.554 Y116.815 E890.53919
G1 X61.659 Y117.135 E890.55039
G1 X61.719 Y117.562 E890.56474
G1 X61.609 Y118.044 E890.58118
G1 X61.366 Y118.51 E890.59866
G1 X61.17 Y118.73 E890.60846
G1 X60.867 Y118.961 E890.62113
G1 X60.599 Y119.089 E890.63101
G1 F2700 E885.63101
G0 F9000 X60.734 Y119.369
G0 X62.539 Y118.382
G0 X164.72 Y118.382
G0 X164.58 Y118.332
;TYPE:FILL
G1 F2700 E890.63101
G1 F2400 X166.42 Y117.839 E890.69437
G0 F9000 X166.2 Y117.839
G0 X166.2 Y116.563
G0 X166.42 Y116.563
G1 F2400 X165.118 Y121.42 E890.86161
G1 X165.245 Y121.42
G1 X164.58 Y120.755 E890.89289
G0 F9000 X164.8 Y120.755
G0 X166.2 Y114.11
G0 X166.42 Y114.11
G1 F2400 X165.891 Y113.58 E890.9178
G1 F2700 E885.9178
G0 F9000 X165.891 Y113.8
G0 X166.28 Y119.981
G0 X172.885 Y119.19
G0 X174.094 Y119.676
G0 X175.757 Y119.981
G0 X175.813 Y120.236
;TYPE:SKIN
G1 F2700 E890.9178
G1 F1200 X176.086 Y120.136 E890.92747
G1 X176.492 Y119.94 E890.94247
G1 X176.954 Y119.591 E890.96172
G1 X177.269 Y119.233 E890.97758
G1 X177.413 Y119.009 E890.98644
G1 X177.63 Y118.598 E891.0019
G1 X177.745 Y118.275 E891.0133
G1 X177.858 Y117.747 E891.03126
G1 X177.829 Y117.134 E891.05167
G1 X177.762 Y116.79 E891.06333
G1 X177.618 Y116.374 E891.07797
G1 X177.455 Y116.048 E891.09009
G1 X177.243 Y115.732 E891.10275
G1 X177.056 Y115.513 E891.11233
G1 X176.767 Y115.248 E891.12537
G1 X176.462 Y115.035 E891.13774
G1 X176.108 Y114.86 E891.15088
G1 X175.837 Y114.766 E891.16042
G1 X175.453 Y114.677 E891.17353
G1 X175.161 Y114.645 E891.1833
G1 X174.669 Y114.651 E891.19966
G1 X174.188 Y114.756 E891.21604
G1 X173.893 Y114.859 E891.22643
G1 X173.561 Y115.019 E891.23869
G1 X173.231 Y115.242 E891.25193
G1 X172.857 Y115.595 E891.26904
G1 X172.643 Y115.838 E891.27981
G1 X172.327 Y116.46 E891.30301
G1 X172.175 Y116.988 E891.32129
G1 X172.138 Y117.668 E891.34394
G1 X172.23 Y118.252 E891.3636
G1 X172.312 Y118.537 E891.37347
G1 X172.742 Y119.304 E891.40271
G1 X173.168 Y119.696 E891.42197
G1 X173.397 Y119.866 E891.43145
G1 X173.766 Y120.075 E891.44556
G1 X174.05 Y120.187 E891.45571
G1 X174.536 Y120.311 E891.47239
G1 X174.824 Y120.351 E891.48206
G1 X175.317 Y120.348 E891.49846
G1 X175.813 Y120.236 E891.51537
G1 F2700 E886.51537
G0 F9000 X175.757 Y119.981
G0 X174.744 Y119.842
G0 X174.376 Y119.748
G0 X172.885 Y119.19
G0 X136.971 Y119.319
G0 X136.391 Y119.448
G0 X136.439 Y119.705
G1 F2700 E891.51537
G1 F1200 X137.053 Y119.478 E891.53715
G1 X137.554 Y119.106 E891.5579
G1 X137.768 Y118.842 E891.5692
G1 X137.956 Y118.554 E891.58064
G1 X138.119 Y118.199 E891.59364
G1 X138.218 Y117.811 E891.60695
G1 X138.212 Y117.268 E891.62502
G1 X138.115 Y116.729 E891.64323
G1 X137.847 Y116.253 E891.6614
G1 X137.602 Y115.95 E891.67436
G1 X137.27 Y115.654 E891.68915
G1 X136.887 Y115.443 E891.7037
G1 X136.336 Y115.29 E891.72272
G1 X135.934 Y115.273 E891.7361
G1 X135.598 Y115.309 E891.74734
G1 X135.181 Y115.423 E891.76172
G1 X134.794 Y115.615 E891.77609
G1 X134.309 Y116.029 E891.7973
G1 X134.082 Y116.363 E891.81073
G1 X133.868 Y116.795 E891.82676
G1 F1182.3 X133.773 Y117.239 E891.84209
G1 F1179.4 X133.758 Y117.703 E891.8578
G1 F1197 X133.865 Y118.158 E891.87339
G1 F1200 X134.034 Y118.59 E891.88882
G1 X134.376 Y119.02 E891.90709
G1 X134.616 Y119.24 E891.91792
G1 X135.069 Y119.516 E891.93556
G1 X135.477 Y119.655 E891.9499
G1 X135.818 Y119.727 E891.96149
G1 X136.439 Y119.705 E891.98216
G1 F2700 E886.98216
G0 F9000 X136.391 Y119.448
G0 X136.971 Y119.319
G0 X139.22 Y119.321
G0 X139.562 Y120.538
G0 X148.735 Y120.662
G0 X148.865 Y120.89
G1 F2700 E891.98216
G1 F1200 X149.132 Y120.691 E891.99323
G1 X149.312 Y120.48 E892.00246
G1 X149.473 Y120.171 E892.01405
G1 X149.559 Y119.833 E892.02565
G1 X149.56 Y114.479 E892.20372
G1 X149.433 Y114.124 E892.21626
G1 X149.261 Y113.847 E892.2271
G1 X148.986 Y113.582 E892.23981
G1 X148.616 Y113.403 E892.25348
G1 X148.223 Y113.342 E892.26671
G1 X140.373 Y113.342 E892.5278
G1 X139.98 Y113.402 E892.54102
G1 X139.619 Y113.58 E892.55441
G1 X139.348 Y113.827 E892.5666
G1 X139.171 Y114.113 E892.57779
G1 X139.045 Y114.466 E892.59026
G1 X139.041 Y119.721 E892.76504
G1 X139.088 Y120.062 E892.77649
G1 X139.27 Y120.457 E892.79095
G1 X139.466 Y120.69 E892.80108
G1 X139.718 Y120.878 E892.81154
G1 X140.031 Y121.007 E892.8228
G1 X140.373 Y121.059 E892.8343
G1 X148.223 Y121.059 E893.09539
G1 X148.519 Y121.019 E893.10533
G1 X148.865 Y120.89 E893.11761
G1 F2700 E888.11761
G0 F9000 X148.735 Y120.662
G0 X149.008 Y120.55
G0 X149.381 Y119.809
G0 X151.631 Y119.319
G0 X153.335 Y119.328
G0 X153.435 Y119.565
G1 F2700 E893.11761
G1 F1200 X153.734 Y119.42 E893.12866
G1 X154.031 Y119.202 E893.14092
G1 X154.268 Y118.994 E893.1514
G1 X154.56 Y118.55 E893.16908
G1 X154.731 Y118.164 E893.18312
G1 X154.818 Y117.811 E893.19521
G1 X154.809 Y117.235 E893.21437
G1 X154.731 Y116.834 E893.22796
G1 X154.556 Y116.39 E893.24383
G1 X154.093 Y115.821 E893.26823
G1 X153.727 Y115.573 E893.28294
G1 X153.353 Y115.402 E893.29661
G1 X152.937 Y115.29 E893.31094
G1 X152.534 Y115.273 E893.32436
G1 X151.945 Y115.337 E893.34407
G1 X151.286 Y115.671 E893.36864
G1 X150.894 Y116.051 E893.3868
G1 X150.682 Y116.363 E893.39934
G1 X150.456 Y116.814 E893.41612
G1 X150.379 Y117.24 E893.43052
G1 X150.358 Y117.699 E893.4458
G1 X150.456 Y118.129 E893.46047
G1 X150.641 Y118.602 E893.47736
G1 X150.951 Y118.993 E893.49396
G1 X151.216 Y119.24 E893.50601
G1 X151.555 Y119.48 E893.51982
G1 X152.188 Y119.694 E893.54205
G1 X152.492 Y119.724 E893.55221
G1 X152.963 Y119.705 E893.56789
G1 X153.435 Y119.565 E893.58426
G1 F2700 E888.58426
G0 F9000 X153.335 Y119.328
G0 X153.635 Y119.27
G0 X157.921 Y119.274
G0 X158.322 Y122.205
G0 X158.486 Y122.656
G0 X158.7 Y123.023
G0 X159.154 Y123.508
G0 X159.739 Y123.884
G0 X160.395 Y124.035
G0 X162.054 Y123.945
G0 X162.187 Y124.163
G1 F2700 E893.58426
G1 F1200 X162.699 Y123.789 E893.60535
G1 X162.991 Y123.477 E893.61956
G1 X163.325 Y122.96 E893.64003
G1 X163.498 Y122.555 E893.65468
G1 X163.614 Y122.111 E893.66994
G1 X163.655 Y121.784 E893.68091
G1 X163.651 Y115.612 E893.88619
G1 X163.594 Y115.159 E893.90137
G1 X163.39 Y114.556 E893.92255
G1 X163.091 Y114.043 E893.94229
G1 X162.699 Y113.623 E893.9614
G1 X162.452 Y113.417 E893.9721
G1 X162.053 Y113.159 E893.9879
G1 X161.62 Y112.978 E894.00351
G1 X160.951 Y112.843 E894.02621
G1 X160.333 Y112.862 E894.04678
G1 X159.925 Y112.943 E894.06061
G1 X159.639 Y113.033 E894.07058
G1 X159.224 Y113.222 E894.08575
G1 X158.847 Y113.489 E894.10112
G1 X158.618 Y113.698 E894.11143
G1 X158.167 Y114.203 E894.13395
G1 X158.035 Y114.476 E894.14403
G1 X157.832 Y115.031 E894.16369
G1 X157.742 Y115.589 E894.18249
G1 X157.742 Y121.798 E894.389
G1 X157.828 Y122.354 E894.40771
G1 X158.012 Y122.854 E894.42543
G1 X158.212 Y123.195 E894.43858
G1 X158.373 Y123.421 E894.44781
G1 X158.702 Y123.774 E894.46386
G1 X158.939 Y123.974 E894.47417
G1 X159.232 Y124.163 E894.48577
G1 X133.315 Y124.164 E895.34777
G1 X133.36 Y123.996 E895.35356
G1 F1203 X133.359 Y117.668 E895.5635
G1 F1185.2 X133.366 Y117.202 E895.5792
G1 F1182.3 X133.36 Y111.008 E895.7883
G1 F1200 X133.312 Y110.832 E895.79437
G1 X181.14 Y110.832 E897.38513
G1 X181.14 Y124.164 E897.82856
G1 X162.187 Y124.163 E898.45894
G1 F2700 E893.45894
G0 F9000 X162.054 Y123.945
G0 X163.44 Y122.065
G0 X164.714 Y121.286
G0 X166.2 Y121.23
G0 X166.46 Y121.3
G1 F2700 E898.45894
G1 F1200 X166.46 Y113.697 E898.71181
G1 X166.337 Y113.54 E898.71845
G1 X164.705 Y113.542 E898.77273
G1 X164.613 Y113.585 E898.77611
G1 X164.54 Y113.699 E898.78061
G1 X164.543 Y121.295 E899.03325
G1 X164.592 Y121.396 E899.03699
G1 X164.687 Y121.46 E899.0408
G1 X166.295 Y121.458 E899.09428
G1 X166.42 Y121.38 E899.09918
G1 X166.46 Y121.3 E899.10215
G1 F2700 E894.10215
G0 F9000 X166.2 Y121.23
G0 X164.72 Y120.998
G0 X164.098 Y120.998
G1 F2700 E899.10215
G1 F971.7 X164.093 Y115.56 E899.32553
G1 F919.5 X164.067 Y115.101 E899.34548
G1 F852.6 X164.052 Y114.99 E899.35073
G1 F2700 E894.35073
G0 F9000 X164.052 Y110.672
G0 X180.611 Y110.572
G0 X180.611 Y111.032
G1 F2700 E899.35073
G1 F1200 X180.94 Y111.361 E899.3662
G0 F9000 X180.94 Y111.927
G1 F1200 X180.046 Y111.032 E899.40827
G0 F9000 X179.48 Y111.032
G1 F1200 X180.94 Y112.492 E899.47695
G0 F9000 X180.94 Y113.058
G1 F1200 X178.914 Y111.032 E899.57225
G0 F9000 X178.349 Y111.032
G1 F1200 X180.94 Y113.624 E899.69414
G0 F9000 X180.94 Y114.189
G1 F1200 X177.783 Y111.032 E899.84264
G0 F9000 X177.217 Y111.032
G1 F1200 X180.94 Y114.755 E900.01776
G0 F9000 X180.94 Y115.321
G1 F1200 X176.652 Y111.032 E900.21947
G0 F9000 X176.086 Y111.032
G1 F1200 X180.94 Y115.886 E900.44779
G0 F9000 X180.94 Y116.452
G1 F1200 X175.52 Y111.032 E900.70273
G0 F9000 X174.954 Y111.032
G1 F1200 X180.94 Y117.018 E900.98429
G0 F9000 X180.94 Y117.583
G1 F1200 X174.389 Y111.032 E901.29243
G0 F9000 X173.823 Y111.032
G1 F1200 X180.94 Y118.149 E901.6272
G0 F9000 X180.94 Y118.715
G1 F1200 X173.257 Y111.032 E901.98858
G0 F9000 X172.692 Y111.032
G1 F1200 X176.483 Y114.823 E902.1669
G0 F9000 X175.599 Y114.505
G1 F1200 X172.126 Y111.032 E902.33026
G0 F9000 X171.56 Y111.032
G1 F1200 X174.977 Y114.449 E902.49098
G0 F9000 X174.456 Y114.493
G1 F1200 X170.995 Y111.032 E902.65378
G0 F9000 X170.429 Y111.032
G1 F1200 X174.006 Y114.609 E902.82203
G0 F9000 X173.606 Y114.775
G1 F1200 X169.863 Y111.032 E902.99809
G0 F9000 X169.298 Y111.032
G1 F1200 X173.252 Y114.987 E903.18409
G0 F9000 X172.941 Y115.241
G1 F1200 X168.732 Y111.032 E903.38207
G0 F9000 X168.166 Y111.032
G1 F1200 X172.655 Y115.521 E903.59322
G0 F9000 X172.415 Y115.847
G1 F1200 X167.601 Y111.032 E903.81968
G0 F9000 X167.035 Y111.032
G1 F1200 X172.223 Y116.22 E904.06371
G0 F9000 X172.069 Y116.632
G1 F1200 X166.469 Y111.032 E904.32712
G0 F9000 X165.904 Y111.032
G1 F1200 X171.964 Y117.093 E904.61218
G0 F9000 X171.936 Y117.63
G1 F1200 X165.338 Y111.032 E904.92253
G0 F9000 X164.772 Y111.032
G1 F1200 X172.036 Y118.295 E905.26419
G0 F9000 X172.486 Y118.206
G0 X172.948 Y119.14
G0 X172.557 Y119.383
G1 F1200 X164.206 Y111.032 E905.65699
G0 F9000 X163.641 Y111.032
G1 F1200 X165.949 Y113.341 E905.76558
G0 F9000 X165.385 Y113.342
G1 F1200 X163.075 Y111.032 E905.87423
G0 F9000 X162.509 Y111.032
G1 F1200 X164.822 Y113.344 E905.983
G0 F9000 X164.422 Y113.51
G1 F1200 X161.944 Y111.032 E906.09956
G0 F9000 X161.378 Y111.032
G1 F1200 X164.341 Y113.995 E906.23893
G0 F9000 X164.341 Y114.56
G1 F1200 X160.812 Y111.032 E906.4049
G0 F9000 X160.247 Y111.032
G1 F1200 X162.289 Y113.075 E906.50097
G0 F9000 X161.371 Y112.722
G1 F1200 X159.681 Y111.032 E906.58047
G0 F9000 X159.115 Y111.032
G1 F1200 X160.73 Y112.647 E906.65643
G0 F9000 X160.201 Y112.684
G1 F1200 X158.55 Y111.032 E906.73411
G0 F9000 X157.984 Y111.032
G1 F1200 X159.743 Y112.791 E906.81685
G0 F9000 X159.337 Y112.951
G1 F1200 X157.418 Y111.032 E906.90711
G0 F9000 X156.853 Y111.032
G1 F1200 X158.972 Y113.152 E907.00681
G0 F9000 X158.652 Y113.397
G1 F1200 X156.287 Y111.032 E907.11805
G0 F9000 X155.721 Y111.032
G1 F1200 X158.368 Y113.679 E907.24256
G0 F9000 X158.101 Y113.978
G1 F1200 X155.155 Y111.032 E907.38113
G0 F9000 X154.59 Y111.032
G1 F1200 X157.886 Y114.328 E907.53616
G0 F9000 X157.728 Y114.736
G1 F1200 X154.024 Y111.032 E907.71039
G0 F9000 X153.458 Y111.032
G1 F1200 X157.603 Y115.177 E907.90536
G0 F9000 X157.544 Y115.683
G1 F1200 X152.893 Y111.032 E908.12412
G0 F9000 X152.327 Y111.032
G1 F1200 X157.544 Y116.249 E908.36952
G0 F9000 X157.544 Y116.815
G1 F1200 X151.761 Y111.032 E908.64153
G0 F9000 X151.196 Y111.032
G1 F1200 X157.544 Y117.38 E908.94012
G0 F9000 X157.544 Y117.946
G1 F1200 X150.63 Y111.032 E909.26533
G0 F9000 X150.064 Y111.032
G1 F1200 X157.544 Y118.512 E909.61717
G0 F9000 X157.544 Y119.077
G1 F1200 X154.62 Y116.153 E909.75471
G0 F9000 X153.942 Y115.475
G1 F1200 X149.499 Y111.032 E909.96369
G0 F9000 X148.933 Y111.032
G1 F1200 X153.001 Y115.1 E910.15504
G0 F9000 X152.419 Y115.084
G1 F1200 X148.367 Y111.032 E910.34563
G0 F9000 X147.802 Y111.032
G1 F1200 X151.909 Y115.14 E910.53884
G0 F9000 X151.529 Y115.325
G1 F1200 X147.236 Y111.032 E910.74077
G0 F9000 X146.67 Y111.032
G1 F1200 X149.009 Y113.371 E910.85079
G0 F9000 X149.516 Y113.878
G1 F1200 X151.155 Y115.517 E910.92788
G0 F9000 X150.867 Y115.794
G1 F1200 X149.759 Y114.686 E910.98
G0 F9000 X149.759 Y115.252
G1 F1200 X150.616 Y116.109 E911.02031
G0 F9000 X150.407 Y116.465
G1 F1200 X149.759 Y115.818 E911.05076
G0 F9000 X149.758 Y116.383
G1 F1200 X150.243 Y116.868 E911.07358
G0 F9000 X149.758 Y116.948
G1 F1200 X150.173 Y117.363 E911.0931
G0 F9000 X149.757 Y117.513
G1 F1200 X150.216 Y117.972 E911.11469
G0 F9000 X149.757 Y118.079
G1 F1200 X150.789 Y119.111 E911.16323
G1 X150.818 Y119.14
G1 X155.642 Y123.964 E911.39013
G0 F9000 X155.076 Y123.964
G1 F1200 X149.757 Y118.644 E911.64035
G0 F9000 X149.757 Y119.21
G1 F1200 X154.511 Y123.964 E911.86396
G0 F9000 X153.945 Y123.964
G1 F1200 X149.757 Y119.775 E912.06098
G0 F9000 X149.661 Y120.245
G1 F1200 X153.379 Y123.964 E912.23588
G0 F9000 X152.814 Y123.964
G1 F1200 X149.461 Y120.611 E912.3936
G0 F9000 X149.189 Y120.905
G1 F1200 X152.248 Y123.964 E912.53748
G0 F9000 X151.682 Y123.964
G1 F1200 X148.835 Y121.117 E912.6714
G0 F9000 X148.391 Y121.238
G1 F1200 X151.116 Y123.964 E912.7996
G0 F9000 X150.551 Y123.964
G1 F1200 X147.844 Y121.257 E912.92692
G0 F9000 X147.278 Y121.257
G1 F1200 X149.985 Y123.964 E913.05425
G0 F9000 X149.419 Y123.964
G1 F1200 X146.713 Y121.257 E913.18156
G0 F9000 X146.147 Y121.257
G1 F1200 X148.854 Y123.964 E913.30889
G0 F9000 X148.288 Y123.964
G1 F1200 X145.581 Y121.257 E913.43622
G0 F9000 X145.016 Y121.257
G1 F1200 X147.722 Y123.964 E913.56352
G0 F9000 X147.157 Y123.964
G1 F1200 X144.45 Y121.257 E913.69085
G0 F9000 X143.884 Y121.257
G1 F1200 X146.591 Y123.964 E913.81818
G0 F9000 X146.025 Y123.964
G1 F1200 X143.319 Y121.257 E913.94549
G0 F9000 X142.753 Y121.257
G1 F1200 X145.459 Y123.963 E914.07277
G0 F9000 X144.893 Y123.963
G1 F1200 X142.187 Y121.257 E914.20005
G0 F9000 X141.621 Y121.257
G1 F1200 X144.328 Y123.963 E914.32736
G0 F9000 X143.762 Y123.963
G1 F1200 X141.056 Y121.257 E914.45464
G0 F9000 X140.49 Y121.257
G1 F1200 X143.196 Y123.963 E914.58192
G0 F9000 X142.631 Y123.963
G1 F1200 X139.799 Y121.131 E914.71513
G0 F9000 X139.97 Y120.705
G0 X139.405 Y120.127
G0 X138.988 Y120.321
G1 F1200 X137.791 Y119.123 E914.77145
G0 F9000 X137.499 Y119.397
G1 F1200 X142.065 Y123.963 E914.98623
G0 F9000 X141.499 Y123.963
G1 F1200 X137.173 Y119.637 E915.18971
G0 F9000 X136.769 Y119.799
G1 F1200 X140.933 Y123.963 E915.38557
G0 F9000 X140.368 Y123.963
G1 F1200 X136.313 Y119.908 E915.5763
G0 F9000 X135.76 Y119.921
G1 F1200 X139.802 Y123.963 E915.76643
G0 F9000 X139.236 Y123.963
G1 F1200 X134.954 Y119.681 E915.96784
G0 F9000 X135.192 Y119.286
G0 X134.219 Y118.535
G0 X133.2 Y118.535
G0 X133.1 Y119.417
G0 X133.559 Y119.417
G1 F1200 X138.105 Y123.963 E916.18167
G0 F9000 X137.539 Y123.963
G1 F1200 X133.559 Y119.983 E916.36888
G0 F9000 X133.559 Y120.548
G1 F1200 X136.974 Y123.963 E916.52951
G0 F9000 X136.408 Y123.963
G1 F1200 X133.56 Y121.115 E916.66347
G0 F9000 X133.56 Y121.68
G1 F1200 X135.842 Y123.963 E916.77083
G0 F9000 X135.277 Y123.963
G1 F1200 X133.56 Y122.246 E916.85159
G0 F9000 X133.56 Y122.812
G1 F1200 X134.711 Y123.963 E916.90573
G0 F9000 X134.145 Y123.963
G1 F1200 X133.56 Y123.378 E916.93325
G0 F9000 X133.1 Y123.378
G0 X133.1 Y118.851
G0 X133.558 Y118.851
G1 F1200 X138.671 Y123.963 E917.17373
G1 F2700 E912.17373
G0 F9000 X138.671 Y124.424
G0 X139.3 Y124.324
G0 X139.828 Y120.734
G0 X139.589 Y120.558
G0 X139.3 Y119.608
G0 X138.84 Y119.607
G1 F2700 E917.17373
G1 F1200 X138.034 Y118.8 E917.21166
G0 F9000 X138.231 Y118.432
G1 F1200 X138.84 Y119.041 E917.24031
G0 F9000 X138.84 Y118.476
G1 F1200 X138.372 Y118.008 E917.26232
G0 F9000 X138.84 Y117.91
G1 F1200 X138.413 Y117.482 E917.28243
G0 F9000 X138.84 Y117.344
G1 F1200 X138.339 Y116.843 E917.30599
G0 F9000 X138.84 Y116.779
G1 F1200 X133.56 Y111.499 E917.55435
G0 F9000 X133.659 Y111.032
G1 F1200 X138.84 Y116.213 E917.79805
G0 F9000 X138.84 Y115.647
G1 F1200 X134.225 Y111.032 E918.01512
G0 F9000 X134.791 Y111.032
G1 F1200 X138.84 Y115.082 E918.2056
G0 F9000 X138.84 Y114.516
G1 F1200 X135.357 Y111.032 E918.36945
G0 F9000 X135.922 Y111.032
G1 F1200 X138.97 Y114.08 E918.51282
G0 F9000 X139.178 Y113.722
G1 F1200 X136.488 Y111.032 E918.63935
G0 F9000 X137.054 Y111.032
G1 F1200 X139.468 Y113.446 E918.7529
G0 F9000 X139.837 Y113.25
G1 F1200 X137.619 Y111.032 E918.85722
G0 F9000 X138.185 Y111.032
G1 F1200 X140.302 Y113.149 E918.9568
G0 F9000 X140.862 Y113.143
G1 F1200 X138.751 Y111.032 E919.0561
G0 F9000 X139.316 Y111.032
G1 F1200 X141.428 Y113.143 E919.15541
G0 F9000 X141.993 Y113.143
G1 F1200 X139.882 Y111.032 E919.25471
G0 F9000 X140.448 Y111.032
G1 F1200 X142.559 Y113.143 E919.354
G0 F9000 X143.125 Y113.143
G1 F1200 X141.013 Y111.032 E919.45332
G0 F9000 X141.579 Y111.032
G1 F1200 X143.69 Y113.143 E919.55262
G0 F9000 X144.256 Y113.143
G1 F1200 X142.145 Y111.032 E919.65191
G0 F9000 X142.71 Y111.032
G1 F1200 X144.822 Y113.143 E919.75123
G0 F9000 X145.388 Y113.143
G1 F1200 X143.276 Y111.032 E919.85055
G0 F9000 X143.842 Y111.032
G1 F1200 X145.953 Y113.143 E919.94985
G0 F9000 X146.519 Y113.143
G1 F1200 X144.407 Y111.032 E920.04916
G0 F9000 X144.973 Y111.032
G1 F1200 X147.085 Y113.143 E920.14848
G0 F9000 X147.65 Y113.143
G1 F1200 X145.539 Y111.032 E920.24778
G0 F9000 X146.105 Y111.032
G1 F1200 X148.216 Y113.143 E920.34707
G1 F2700 E915.34707
G0 F9000 X148.193 Y113.6
G0 X149.038 Y113.862
G0 X149.38 Y119.449
G0 X151.631 Y119.319
G0 X152.276 Y119.449
G0 X152.13 Y119.886
G1 F2700 E920.34707
G1 F1200 X156.208 Y123.964 E920.53889
G0 F9000 X156.773 Y123.964
G1 F1200 X152.724 Y119.915 E920.72934
G0 F9000 X153.215 Y119.84
G1 F1200 X157.339 Y123.964 E920.92332
G0 F9000 X157.905 Y123.964
G1 F1200 X153.63 Y119.689 E921.1244
G0 F9000 X153.989 Y119.482
G1 F1200 X158.47 Y123.964 E921.3352
G1 F2700 E916.3352
G0 F9000 X158.47 Y124.424
G0 X158.16 Y124.324
G0 X158.523 Y123.317
G0 X158.16 Y122.494
G0 X157.724 Y122.652
G1 F2700 E921.3352
G1 F1200 X154.303 Y119.23 E921.49614
G0 F9000 X154.557 Y118.918
G1 F1200 X157.558 Y121.92 E921.63732
G0 F9000 X157.544 Y121.34
G1 F1200 X154.769 Y118.566 E921.76782
G0 F9000 X154.931 Y118.162
G1 F1200 X157.544 Y120.775 E921.89073
G0 F9000 X157.544 Y120.209
G1 F1200 X155.012 Y117.677 E922.00983
G0 F9000 X154.982 Y117.081
G1 F1200 X157.544 Y119.643 E922.13034
G0 F9000 X158.001 Y119.644
G0 X158.322 Y122.205
G0 X158.486 Y122.656
G0 X158.7 Y123.023
G0 X159.154 Y123.508
G0 X159.739 Y123.884
G0 X160.395 Y124.035
G0 X160.894 Y124.047
G0 X161.472 Y123.931
G0 X161.926 Y123.725
G0 X162.318 Y123.445
G0 X162.605 Y123.145
G0 X162.902 Y122.68
G0 X163.395 Y121.471
G0 X163.897 Y121.471
G1 F1200 X166.389 Y123.963 E922.24755
G0 F9000 X165.824 Y123.963
G1 F1200 X163.832 Y121.971 E922.34125
G0 F9000 X163.735 Y122.44
G1 F1200 X165.258 Y123.963 E922.41289
G0 F9000 X164.692 Y123.963
G1 F1200 X163.586 Y122.857 E922.46491
G0 F9000 X163.388 Y123.225
G1 F1200 X164.127 Y123.963 E922.49965
G0 F9000 X163.561 Y123.963
G1 F1200 X163.231 Y123.633 E922.51517
G1 F2700 E917.51517
G0 F9000 X162.802 Y123.301
G0 X163.477 Y121.771
G0 X164.714 Y121.286
G0 X164.652 Y121.66
G1 F2700 E922.51517
G1 F1200 X166.955 Y123.963 E922.62349
G0 F9000 X167.521 Y123.963
G1 F1200 X165.216 Y121.658 E922.73192
G0 F9000 X165.78 Y121.657
G1 F1200 X168.086 Y123.963 E922.84038
G0 F9000 X168.652 Y123.963
G1 F1200 X166.341 Y121.651 E922.94911
G0 F9000 X166.638 Y121.383
G1 F1200 X169.218 Y123.963 E923.07046
G0 F9000 X169.783 Y123.963
G1 F1200 X166.66 Y120.84 E923.21736
G0 F9000 X166.66 Y120.274
G1 F1200 X170.349 Y123.963 E923.39088
G0 F9000 X170.915 Y123.963
G1 F1200 X166.66 Y119.708 E923.59102
G0 F9000 X166.66 Y119.143
G1 F1200 X171.48 Y123.963 E923.81774
G0 F9000 X172.046 Y123.963
G1 F1200 X166.66 Y118.577 E924.07108
G0 F9000 X166.66 Y118.011
G1 F1200 X172.613 Y123.964 E924.35109
G0 F9000 X173.178 Y123.964
G1 F1200 X166.66 Y117.445 E924.6577
G0 F9000 X166.66 Y116.88
G1 F1200 X173.744 Y123.964 E924.99091
G0 F9000 X174.31 Y123.964
G1 F1200 X166.66 Y116.314 E925.35074
G0 F9000 X166.66 Y115.748
G1 F1200 X174.875 Y123.964 E925.73718
G0 F9000 X175.441 Y123.964
G1 F1200 X166.66 Y115.183 E926.15021
G0 F9000 X166.66 Y114.617
G1 F1200 X176.007 Y123.964 E926.58986
G0 F9000 X176.572 Y123.964
G1 F1200 X166.66 Y114.051 E927.05611
G1 F2700 E922.05611
G0 F9000 X166.2 Y114.051
G0 X164.72 Y114.719
G0 X163.934 Y114.719
G1 F2700 E927.05611
G1 F1200 X163.425 Y114.21 E927.08006
G1 F2700 E922.08006
G0 F9000 X163.028 Y114.439
G0 X163.442 Y115.352
G0 X172.49 Y118.495
G0 X173.133 Y119.31
G0 X172.821 Y119.647
G1 F2700 E927.08006
G1 F1200 X177.138 Y123.964 E927.28311
G0 F9000 X177.704 Y123.964
G1 F1200 X174.16 Y120.42 E927.44981
G0 F9000 X174.855 Y120.55
G1 F1200 X178.269 Y123.964 E927.6104
G0 F9000 X178.835 Y123.964
G1 F1200 X175.405 Y120.533 E927.77176
G0 F9000 X175.865 Y120.428
G1 F1200 X179.401 Y123.964 E927.93808
G0 F9000 X179.966 Y123.964
G1 F1200 X176.272 Y120.269 E928.11186
G0 F9000 X176.648 Y120.079
G1 F1200 X180.532 Y123.964 E928.29457
G0 F9000 X180.94 Y123.806
G1 F1200 X176.968 Y119.834 E928.4814
G0 F9000 X177.255 Y119.555
G1 F1200 X180.94 Y123.24 E928.65474
G0 F9000 X180.94 Y122.675
G1 F1200 X177.501 Y119.236 E928.8165
G0 F9000 X177.708 Y118.877
G1 F1200 X180.94 Y122.109 E928.96852
G0 F9000 X180.94 Y121.543
G1 F1200 X177.88 Y118.483 E929.11245
G0 F9000 X178.001 Y118.038
G1 F1200 X180.94 Y120.977 E929.25069
G0 F9000 X180.94 Y120.412
G1 F1200 X178.049 Y117.52 E929.3867
G0 F9000 X177.984 Y116.89
G1 F1200 X180.94 Y119.846 E929.52574
G0 F9000 X180.94 Y119.28
G1 F1200 X177.645 Y115.985 E929.68073
G1 F2700 E924.68073
G0 F9000 X177.24 Y116.193
G0 X176.333 Y115.543
G0 X175.795 Y115.284
G0 X175.243 Y115.158
G0 X174.738 Y115.159
G0 X174.202 Y115.285
G0 X173.763 Y115.497
G0 X172.503 Y116.505
G0 X137.481 Y116.086
G0 X136.548 Y115.616
G0 X136.667 Y115.171
G1 F2700 E929.68073
G1 F1200 X133.56 Y112.064 E929.82687
G0 F9000 X133.56 Y112.63
G1 F1200 X136.003 Y115.072 E929.94176
G0 F9000 X135.492 Y115.127
G1 F1200 X133.56 Y113.196 E930.03261
G0 F9000 X133.56 Y113.761
G1 F1200 X135.06 Y115.261 E930.10317
G0 F9000 X134.681 Y115.448
G1 F1200 X133.56 Y114.327 E930.1559
G0 F9000 X133.56 Y114.893
G1 F1200 X134.376 Y115.708 E930.19425
G0 F9000 X134.07 Y115.968
G1 F1200 X133.56 Y115.459 E930.21822
G0 F9000 X133.561 Y116.025
G1 F1200 X133.872 Y116.335 E930.23282
G0 F9000 X133.561 Y116.591
G1 F1200 X133.686 Y116.715 E930.23868
G1 F2700 E925.23868
G0 F9000 X134.106 Y116.9
G0 X133.938 Y117.674
G0 X133.2 Y117.674
G0 X133.1 Y118.284
G0 X133.558 Y118.284
G1 F2700 E930.23868
G1 F1200 X133.791 Y118.517 E930.24964
G1 F2700 E925.24964
G0 F9000 X134.222 Y118.351
G0 X134.034 Y118.089
G0 X62.098 Y119.163
G0 X60.755 Y119.981
G0 X60.816 Y120.236
G1 F2700 E930.24964
G1 F1200 X61.076 Y120.145 E930.2588
G1 X61.484 Y119.948 E930.27387
G1 X61.926 Y119.615 E930.29228
G1 X62.251 Y119.255 E930.30841
G1 X62.423 Y118.996 E930.31875
G1 X62.695 Y118.464 E930.33862
G1 X62.859 Y117.778 E930.36208
G1 X62.875 Y117.464 E930.37254
G1 X62.791 Y116.86 E930.39282
G1 X62.613 Y116.338 E930.41117
G1 X62.312 Y115.809 E930.43141
G1 X61.976 Y115.421 E930.44848
G1 X61.471 Y115.035 E930.46962
G1 X60.987 Y114.803 E930.48747
G1 X60.453 Y114.677 E930.50572
G1 X60.166 Y114.645 E930.51533
G1 X59.685 Y114.647 E930.53132
G1 X59.185 Y114.756 E930.54834
G1 X58.875 Y114.868 E930.55931
G1 X58.598 Y115.005 E930.56959
G1 X58.378 Y115.141 E930.57819
G1 X58.07 Y115.388 E930.59132
G1 X57.855 Y115.607 E930.60153
G1 X57.607 Y115.919 E930.61478
G1 X57.337 Y116.436 E930.63418
G1 X57.211 Y116.86 E930.64889
G1 X57.16 Y117.151 E930.65872
G1 X57.135 Y117.659 E930.67564
G1 X57.237 Y118.233 E930.69503
G1 X57.329 Y118.521 E930.70508
G1 X57.51 Y118.916 E930.71953
G1 X57.837 Y119.381 E930.73844
G1 X58.244 Y119.763 E930.75701
G1 X58.723 Y120.063 E930.77581
G1 X59.266 Y120.268 E930.79511
G1 X59.7 Y120.349 E930.80979
G1 X60.307 Y120.349 E930.82998
G1 X60.816 Y120.236 E930.84733
G1 F2700 E925.84733
G0 F9000 X60.755 Y119.981
G0 X61.403 Y119.791
G0 X61.403 Y124.324
G0 X102.684 Y124.424
G0 X102.684 Y124.164
G1 F2700 E930.84733
G1 F1200 X53.861 Y124.163 E932.47118
G1 X53.861 Y110.833 E932.91454
G1 X102.686 Y110.832 E934.53847
G1 X102.64 Y111.008 E934.54452
G1 X102.64 Y123.996 E934.9765
G1 X102.684 Y124.164 E934.98228
G0 F9000 X102.684 Y124.424
G0 X102.9 Y111.491
G0 X102.44 Y111.491
G1 F1200 X101.981 Y111.032 E935.00387
G0 F9000 X101.415 Y111.032
G1 F1200 X102.44 Y112.057 E935.05208
G0 F9000 X102.44 Y112.622
G1 F1200 X100.85 Y111.032 E935.12687
G0 F9000 X100.284 Y111.032
G1 F1200 X102.44 Y113.188 E935.22828
G0 F9000 X102.44 Y113.754
G1 F1200 X99.718 Y111.032 E935.35632
G0 F9000 X99.153 Y111.032
G1 F1200 X102.44 Y114.319 E935.51093
G0 F9000 X102.44 Y114.885
G1 F1200 X98.587 Y111.032 E935.69216
G0 F9000 X98.021 Y111.032
G1 F1200 X102.44 Y115.451 E935.90002
G0 F9000 X102.44 Y116.016
G1 F1200 X97.456 Y111.032 E936.13445
G0 F9000 X96.89 Y111.032
G1 F1200 X102.44 Y116.582 E936.3955
G0 F9000 X102.44 Y117.148
G1 F1200 X96.324 Y111.032 E936.68318
G0 F9000 X95.759 Y111.032
G1 F1200 X102.44 Y117.713 E936.99743
G0 F9000 X102.44 Y118.279
G1 F1200 X95.193 Y111.032 E937.33831
G0 F9000 X94.627 Y111.032
G1 F1200 X102.44 Y118.845 E937.70581
G0 F9000 X102.44 Y119.411
G1 F1200 X94.061 Y111.032 E938.09993
G0 F9000 X93.496 Y111.032
G1 F1200 X102.44 Y119.976 E938.52063
G0 F9000 X102.44 Y120.542
G1 F1200 X92.93 Y111.032 E938.96795
G0 F9000 X92.364 Y111.032
G1 F1200 X102.44 Y121.108 E939.4419
G0 F9000 X102.44 Y121.673
G1 F1200 X91.799 Y111.032 E939.94242
G0 F9000 X91.233 Y111.032
G1 F1200 X102.44 Y122.239 E940.46956
G0 F9000 X102.44 Y122.805
G1 F1200 X90.667 Y111.032 E941.02333
G0 F9000 X90.102 Y111.032
G1 F1200 X102.44 Y123.37 E941.60367
G0 F9000 X102.44 Y123.936
G1 F1200 X89.536 Y111.032 E942.21063
G0 F9000 X88.97 Y111.032
G1 F1200 X101.902 Y123.964 E942.81891
G0 F9000 X101.336 Y123.964
G1 F1200 X88.405 Y111.032 E943.42717
G0 F9000 X87.839 Y111.032
G1 F1200 X100.77 Y123.964 E944.03543
G0 F9000 X100.205 Y123.964
G1 F1200 X87.273 Y111.032 E944.64371
G0 F9000 X86.708 Y111.032
G1 F1200 X99.639 Y123.964 E945.25197
G0 F9000 X99.073 Y123.964
G1 F1200 X86.142 Y111.032 E945.86023
G0 F9000 X85.576 Y111.032
G1 F1200 X98.508 Y123.964 E946.46851
G0 F9000 X97.942 Y123.964
G1 F1200 X85.01 Y111.032 E947.07679
G0 F9000 X84.445 Y111.032
G1 F1200 X97.376 Y123.964 E947.68505
G0 F9000 X96.811 Y123.964
G1 F1200 X83.879 Y111.032 E948.29333
G0 F9000 X83.313 Y111.032
G1 F1200 X96.245 Y123.964 E948.90161
G0 F9000 X95.679 Y123.964
G1 F1200 X82.748 Y111.032 E949.50987
G0 F9000 X82.182 Y111.032
G1 F1200 X95.114 Y123.964 E950.11815
G0 F9000 X94.548 Y123.964
G1 F1200 X81.616 Y111.032 E950.72643
G0 F9000 X81.051 Y111.032
G1 F1200 X93.982 Y123.964 E951.33469
G0 F9000 X93.417 Y123.964
G1 F1200 X80.485 Y111.032 E951.94297
G0 F9000 X79.919 Y111.032
G1 F1200 X92.851 Y123.964 E952.55125
G0 F9000 X92.285 Y123.964
G1 F1200 X79.354 Y111.032 E953.15951
G0 F9000 X78.788 Y111.032
G1 F1200 X91.72 Y123.964 E953.76779
G0 F9000 X91.154 Y123.964
G1 F1200 X78.223 Y111.033 E954.37603
G0 F9000 X77.657 Y111.033
G1 F1200 X90.588 Y123.964 E954.98426
G0 F9000 X90.022 Y123.964
G1 F1200 X77.092 Y111.033 E955.59247
G0 F9000 X76.526 Y111.033
G1 F1200 X89.457 Y123.964 E956.20071
G0 F9000 X88.891 Y123.964
G1 F1200 X75.96 Y111.033 E956.80894
G0 F9000 X75.395 Y111.033
G1 F1200 X88.325 Y123.964 E957.41715
G0 F9000 X87.76 Y123.964
G1 F1200 X74.829 Y111.033 E958.02539
G0 F9000 X74.263 Y111.033
G1 F1200 X87.194 Y123.964 E958.63362
G0 F9000 X86.628 Y123.964
G1 F1200 X73.697 Y111.033 E959.24186
G0 F9000 X73.132 Y111.033
G1 F1200 X86.063 Y123.964 E959.85009
G0 F9000 X85.497 Y123.964
G1 F1200 X72.566 Y111.033 E960.45833
G0 F9000 X72 Y111.033
G1 F1200 X84.931 Y123.964 E961.06656
G0 F9000 X84.366 Y123.964
G1 F1200 X71.435 Y111.033 E961.6748
G0 F9000 X70.869 Y111.033
G1 F1200 X83.8 Y123.964 E962.28303
G0 F9000 X83.234 Y123.964
G1 F1200 X70.303 Y111.033 E962.89127
G0 F9000 X69.738 Y111.033
G1 F1200 X82.669 Y123.964 E963.4995
G0 F9000 X82.103 Y123.964
G1 F1200 X69.172 Y111.033 E964.10774
G0 F9000 X68.606 Y111.033
G1 F1200 X81.537 Y123.964 E964.71597
G0 F9000 X80.972 Y123.964
G1 F1200 X68.041 Y111.033 E965.3242
G0 F9000 X67.475 Y111.033
G1 F1200 X80.406 Y123.964 E965.93244
G0 F9000 X79.84 Y123.964
G1 F1200 X66.909 Y111.033 E966.54067
G0 F9000 X66.344 Y111.033
G1 F1200 X79.274 Y123.964 E967.14888
G0 F9000 X78.709 Y123.964
G1 F1200 X65.778 Y111.033 E967.75712
G0 F9000 X65.212 Y111.033
G1 F1200 X78.142 Y123.963 E968.36531
G0 F9000 X77.577 Y123.963
G1 F1200 X64.647 Y111.033 E968.97349
G0 F9000 X64.081 Y111.033
G1 F1200 X77.011 Y123.963 E969.58168
G0 F9000 X76.445 Y123.963
G1 F1200 X63.515 Y111.033 E970.18987
G0 F9000 X62.949 Y111.033
G1 F1200 X75.88 Y123.963 E970.79808
G0 F9000 X75.314 Y123.963
G1 F1200 X62.384 Y111.033 E971.40627
G0 F9000 X61.818 Y111.033
G1 F1200 X74.748 Y123.963 E972.01446
G0 F9000 X74.183 Y123.963
G1 F1200 X61.252 Y111.033 E972.62267
G0 F9000 X60.687 Y111.033
G1 F1200 X73.617 Y123.963 E973.23085
G0 F9000 X73.051 Y123.963
G1 F1200 X60.121 Y111.033 E973.83904
G0 F9000 X59.555 Y111.033
G1 F1200 X72.486 Y123.963 E974.44725
G0 F9000 X71.92 Y123.963
G1 F1200 X58.99 Y111.033 E975.05544
G0 F9000 X58.424 Y111.033
G1 F1200 X71.354 Y123.963 E975.66363
G0 F9000 X70.788 Y123.963
G1 F1200 X62.201 Y115.375 E976.06756
G0 F9000 X62.036 Y115.21
G1 F1200 X57.858 Y111.033 E976.26405
G0 F9000 X57.293 Y111.033
G1 F1200 X60.813 Y114.553 E976.42962
G0 F9000 X60.14 Y114.446
G1 F1200 X56.727 Y111.033 E976.59016
G0 F9000 X56.161 Y111.033
G1 F1200 X59.591 Y114.463 E976.7515
G0 F9000 X59.128 Y114.565
G1 F1200 X55.596 Y111.033 E976.91763
G0 F9000 X55.03 Y111.033
G1 F1200 X58.72 Y114.723 E977.0912
G0 F9000 X58.353 Y114.921
G1 F1200 X54.464 Y111.033 E977.2741
G0 F9000 X54.061 Y111.195
G1 F1200 X58.03 Y115.164 E977.46079
G0 F9000 X57.74 Y115.44
G1 F1200 X54.061 Y111.761 E977.63384
G0 F9000 X54.061 Y112.327
G1 F1200 X57.486 Y115.751 E977.79492
G0 F9000 X57.28 Y116.111
G1 F1200 X54.061 Y112.892 E977.94633
G0 F9000 X54.061 Y113.458
G1 F1200 X57.11 Y116.507 E978.08975
G0 F9000 X56.993 Y116.955
G1 F1200 X54.061 Y114.024 E978.22763
G0 F9000 X54.061 Y114.589
G1 F1200 X56.94 Y117.469 E978.36308
G0 F9000 X57.013 Y118.107
G1 F1200 X54.061 Y115.155 E978.50193
G0 F9000 X54.061 Y115.721
G1 F1200 X57.319 Y118.979 E978.65518
G0 F9000 X57.737 Y118.789
G0 X58.743 Y119.772
G0 X58.502 Y120.161
G1 F1200 X62.303 Y123.963 E978.83399
G0 F9000 X61.737 Y123.963
G1 F1200 X54.061 Y116.287 E979.19504
G0 F9000 X54.061 Y116.852
G1 F1200 X61.172 Y123.963 E979.52952
G0 F9000 X60.606 Y123.963
G1 F1200 X54.061 Y117.418 E979.83738
G0 F9000 X54.061 Y117.984
G1 F1200 X60.04 Y123.963 E980.11861
G0 F9000 X59.475 Y123.963
G1 F1200 X54.061 Y118.549 E980.37327
G0 F9000 X54.061 Y119.115
G1 F1200 X58.909 Y123.963 E980.60131
G0 F9000 X58.343 Y123.963
G1 F1200 X54.061 Y119.681 E980.80272
G0 F9000 X54.061 Y120.246
G1 F1200 X57.778 Y123.963 E980.97756
G0 F9000 X57.212 Y123.963
G1 F1200 X54.061 Y120.812 E981.12577
G0 F9000 X54.061 Y121.378
G1 F1200 X56.646 Y123.963 E981.24736
G0 F9000 X56.081 Y123.963
G1 F1200 X54.061 Y121.943 E981.34237
G0 F9000 X54.061 Y122.509
G1 F1200 X55.515 Y123.963 E981.41077
G0 F9000 X54.949 Y123.963
G1 F1200 X54.061 Y123.075 E981.45253
G0 F9000 X54.061 Y123.64
G1 F1200 X54.384 Y123.963 E981.46773
G1 F2700 E976.46773
G0 F9000 X54.384 Y124.424
G0 X59.482 Y124.324
G0 X59.737 Y120.173
G0 X59.482 Y120.047
G0 X59.402 Y120.496
G1 F2700 E981.46773
G1 F1200 X62.869 Y123.963 E981.6308
G0 F9000 X63.435 Y123.963
G1 F1200 X60.021 Y120.549 E981.79139
G0 F9000 X60.54 Y120.502
G1 F1200 X64 Y123.963 E981.95416
G0 F9000 X64.566 Y123.963
G1 F1200 X60.99 Y120.387 E982.12236
G0 F9000 X61.386 Y120.217
G1 F1200 X65.132 Y123.963 E982.29856
G0 F9000 X65.697 Y123.963
G1 F1200 X61.741 Y120.007 E982.48464
G0 F9000 X62.059 Y119.758
G1 F1200 X66.263 Y123.963 E982.68241
G0 F9000 X66.829 Y123.963
G1 F1200 X62.332 Y119.466 E982.89393
G0 F9000 X62.568 Y119.136
G1 F1200 X67.394 Y123.963 E983.12096
G0 F9000 X67.96 Y123.963
G1 F1200 X62.764 Y118.766 E983.36539
G0 F9000 X62.928 Y118.365
G1 F1200 X68.526 Y123.963 E983.6287
G0 F9000 X69.091 Y123.963
G1 F1200 X63.034 Y117.905 E983.91362
G0 F9000 X63.064 Y117.37
G1 F1200 X69.657 Y123.963 E984.22374
G0 F9000 X70.223 Y123.963
G1 F1200 X62.945 Y116.685 E984.56607
G1 F2700 E979.56607
;MESH:NONMESH
G0 F300 X62.945 Y116.685 Z1.6
G0 F9000 X62.51 Y116.832
G0 X62.226 Y118.27
G0 X61.925 Y118.858
G0 X60.857 Y119.853
;TIME_ELAPSED:1873.933335
;LAYER:7
;TYPE:WALL-INNER
;MESH:BtnFaceWithWings.stl
G1 F2700 E984.56607
G1 F1200 X60.202 Y120.02 E984.58856
G1 X59.508 Y119.955 E984.61174
G1 X59.019 Y119.805 E984.62875
G1 X58.496 Y119.508 E984.64876
G1 X58.12 Y119.154 E984.66593
G1 X57.832 Y118.756 E984.68227
G1 X57.615 Y118.278 E984.69973
G1 X57.482 Y117.559 E984.72405
G1 X57.58 Y116.843 E984.74809
G1 X57.759 Y116.379 E984.76463
G1 X57.928 Y116.093 E984.77568
G1 X58.283 Y115.674 E984.79394
G1 X58.689 Y115.364 E984.81093
G1 X59.138 Y115.143 E984.82758
G1 X59.642 Y115.018 E984.84485
G1 X60.419 Y115 E984.8707
G1 X61.088 Y115.242 E984.89436
G1 X61.513 Y115.498 E984.91086
G1 X62.033 Y115.987 E984.9346
G1 X62.438 Y116.826 E984.96559
G1 X62.504 Y117.577 E984.99067
G1 X62.44 Y118.049 E985.00651
G1 X62.284 Y118.527 E985.02323
G1 X62.033 Y118.962 E985.03994
G1 X61.709 Y119.333 E985.05632
G1 X61.305 Y119.638 E985.07315
G1 X60.857 Y119.853 E985.08968
G0 F9000 X60.718 Y119.475
G1 F1200 X60.157 Y119.62 E985.10895
G1 X59.584 Y119.559 E985.12812
G1 X59.176 Y119.435 E985.1423
G1 X58.729 Y119.181 E985.1594
G1 X58.423 Y118.891 E985.17342
G1 X58.179 Y118.552 E985.18732
G1 X57.998 Y118.154 E985.20186
G1 X57.892 Y117.571 E985.22157
G1 X57.969 Y116.944 E985.24258
G1 X58.168 Y116.43 E985.26091
G1 X58.564 Y115.962 E985.2813
G1 X58.903 Y115.704 E985.29547
G1 X59.274 Y115.522 E985.30921
G1 X59.664 Y115.424 E985.32259
G1 X60.351 Y115.401 E985.34545
G1 X60.909 Y115.602 E985.36518
G1 X61.27 Y115.82 E985.3792
G1 X61.706 Y116.227 E985.39904
G1 X62.05 Y116.956 E985.42585
G1 X62.1 Y117.533 E985.44512
G1 X62.05 Y117.961 E985.45945
G1 X61.914 Y118.37 E985.47378
G1 X61.706 Y118.728 E985.48755
G1 X61.435 Y119.039 E985.50127
G1 X61.095 Y119.295 E985.51543
G1 X60.718 Y119.475 E985.52933
G1 F2700 E980.52933
G0 F9000 X60.794 Y119.776
G0 X62.178 Y119.072
G0 X62.178 Y124.44
G0 X103.09 Y124.64
G0 X103.28 Y124.64
G1 F2700 E985.52933
G1 F1200 X103.2 Y124.6 E985.5323
G1 X103 Y124 E985.55334
G1 X103 Y111 E985.98572
G1 X103.2 Y110.399 E986.00678
G1 X103.273 Y110.356 E986.0096
G1 X53.5 Y110.356 E987.66506
G1 X53.5 Y124.64 E988.14015
G1 X103.28 Y124.64 E989.79584
G0 F9000 X103.09 Y124.64
G0 X117.838 Y124.838
G0 X117.91 Y124.275
G0 X117.534 Y124.275
G1 F1162.2 X117.106 Y124.605 E989.8144
G1 F1134.8 X104 Y124.61 E990.27537
G1 F1170.7 X103.52 Y124.36 E990.29382
G1 F1200 X103.4 Y124 E990.30644
G1 X103.4 Y111 E990.73882
G1 X103.52 Y110.639 E990.75147
G1 F1159.4 X103.893 Y110.394 E990.76684
G1 F1129.4 X117 Y110.389 E991.23002
G1 F1167.9 X117.533 Y110.723 E991.25152
G1 F1200 X117.6 Y111 E991.261
G1 X117.598 Y124.052 E991.69511
G1 X117.534 Y124.275 E991.70283
G0 F9000 X118 Y124.515
G1 F914.3 X118 Y124 E991.72531
G1 F1179.4 X118 Y121.348 E991.81506
G1 F1142.9 X118 Y118.696 E991.90767
G1 F1108.5 X118 Y116.044 E992.00316
G1 F1076.2 X118 Y113.392 E992.10151
G1 F1045.8 X118 Y110.74 E992.20272
G1 F858.7 X118 Y110.482 E992.21471
G0 F9000 X118.162 Y110.162
G0 X132.838 Y110.162
G0 X132.838 Y114.168
G0 X132.91 Y124.36
G0 X132.48 Y124.36
G1 F1162.2 X132.106 Y124.605 E992.23007
G1 F1134.8 X119 Y124.61 E992.69104
G1 F1170.7 X118.466 Y124.275 E992.71253
G1 F1200 X118.402 Y124.052 E992.72025
G1 X118.4 Y111 E993.15436
G1 X118.467 Y110.723 E993.16384
G1 F1159.4 X118.893 Y110.394 E993.18237
G1 F1129.4 X132 Y110.389 E993.64555
G1 F1167.9 X132.48 Y110.639 E993.66405
G1 F1200 X132.6 Y111 E993.6767
G1 X132.6 Y124 E994.10908
G1 X132.48 Y124.36 E994.12171
G1 F2700 E989.12171
G0 F9000 X132.91 Y124.36
G0 X133.2 Y119.303
G0 X134.436 Y118.815
G0 X135.298 Y119.093
G0 X136.554 Y119.303
G1 F2700 E994.12171
G1 F1200 X136.002 Y119.387 E994.14028
G1 X135.587 Y119.325 E994.15423
G1 X135.212 Y119.214 E994.16724
G1 X134.841 Y118.961 E994.18218
G1 X134.562 Y118.685 E994.19523
G1 X134.345 Y118.366 E994.20806
G1 X134.142 Y117.893 E994.22518
G1 X134.12 Y117.636 E994.23376
G1 X134.146 Y117.232 E994.24722
G1 X134.214 Y116.894 E994.25869
G1 X134.374 Y116.576 E994.27053
G1 X134.545 Y116.324 E994.28066
G1 X134.773 Y116.068 E994.29206
G1 X135.074 Y115.87 E994.30405
G1 X135.406 Y115.714 E994.31625
G1 X135.812 Y115.612 E994.33017
G1 X136.495 Y115.683 E994.35301
G1 X137.024 Y115.91 E994.37215
G1 X137.434 Y116.307 E994.39114
G1 X137.669 Y116.662 E994.4053
G1 X137.793 Y116.982 E994.41671
G1 X137.859 Y117.289 E994.42716
G1 X137.876 Y117.657 E994.43941
G1 X137.786 Y118.049 E994.45279
G1 X137.655 Y118.359 E994.46398
G1 X137.392 Y118.771 E994.48024
G1 X137.01 Y119.084 E994.49666
G1 X136.554 Y119.303 E994.51349
G0 F9000 X136.437 Y118.909
G1 F1200 X136.006 Y118.984 E994.52804
G1 X135.648 Y118.929 E994.54008
G1 X135.21 Y118.762 E994.55567
G1 X134.842 Y118.4 E994.57284
G1 X134.712 Y118.209 E994.58053
G1 X134.568 Y117.873 E994.59269
G1 X134.52 Y117.636 E994.60073
G1 X134.545 Y117.26 E994.61326
G1 X134.65 Y116.879 E994.62641
G1 X134.876 Y116.549 E994.63971
G1 X135.155 Y116.274 E994.65274
G1 X135.576 Y116.076 E994.66821
G1 X135.799 Y116.02 E994.67586
G1 X136.399 Y116.074 E994.6959
G1 X136.795 Y116.244 E994.71023
G1 X137.155 Y116.593 E994.72691
G1 X137.296 Y116.807 E994.73543
G1 X137.456 Y117.219 E994.75013
G1 X137.475 Y117.622 E994.76355
G1 X137.374 Y118.055 E994.77834
G1 X137.086 Y118.507 E994.79616
G1 X136.765 Y118.76 E994.80976
G1 X136.437 Y118.909 E994.82174
G1 F2700 E989.82174
G0 F9000 X136.566 Y119.195
G0 X137.624 Y118.744
G0 X139.22 Y118.744
G0 X139.562 Y120.538
G0 X148.678 Y120.61
G0 X148.678 Y120.579
G1 F2700 E994.82174
G1 F1200 X148.451 Y120.669 E994.82986
G1 X148.2 Y120.7 E994.83827
G1 X140.4 Y120.7 E995.0977
G1 X140.149 Y120.669 E995.10612
G1 X139.922 Y120.579 E995.11424
G1 X139.591 Y120.29 E995.12885
G1 X139.452 Y120.02 E995.13895
G1 X139.4 Y119.7 E995.14974
G1 X139.406 Y114.534 E995.32156
G1 X139.504 Y114.256 E995.33136
G1 X139.635 Y114.055 E995.33934
G1 X139.833 Y113.875 E995.34824
G1 X140.097 Y113.747 E995.358
G1 X140.4 Y113.7 E995.3682
G1 X148.2 Y113.7 E995.62763
G1 X148.502 Y113.746 E995.63779
G1 X148.765 Y113.874 E995.64752
G1 X148.963 Y114.053 E995.65639
G1 X149.162 Y114.423 E995.67037
G1 X149.201 Y114.7 E995.67967
G1 X149.197 Y119.787 E995.84886
G1 X149.16 Y119.985 E995.85556
G1 X149.008 Y120.29 E995.8669
G1 X148.678 Y120.579 E995.88149
G0 F9000 X148.743 Y119.958
G1 F1200 X148.6 Y120.148 E995.8894
G1 X148.315 Y120.3 E995.90014
G1 X140.285 Y120.3 E996.16722
G1 X140 Y120.148 E996.17796
G1 X139.855 Y119.952 E996.18607
G1 X139.8 Y119.783 E996.19198
G1 X139.803 Y114.632 E996.36331
G1 X139.862 Y114.433 E996.37021
G1 X140.06 Y114.205 E996.38025
G1 X140.218 Y114.128 E996.3861
G1 X140.4 Y114.1 E996.39222
G1 X148.2 Y114.1 E996.65165
G1 X148.382 Y114.128 E996.65778
G1 X148.539 Y114.204 E996.66358
G1 X148.737 Y114.431 E996.6736
G1 X148.801 Y114.63 E996.68055
G1 X148.798 Y119.753 E996.85094
G1 X148.743 Y119.958 E996.858
G1 F2700 E991.858
G0 F9000 X149.11 Y119.958
G0 X149.377 Y119.24
G0 X150.777 Y118.436
G0 X152.1 Y119.158
G0 X153.274 Y119.245
G1 F2700 E996.858
G1 F1200 X153.029 Y119.322 E996.86654
G1 X152.598 Y119.388 E996.88104
G1 X152.063 Y119.306 E996.89905
G1 X151.574 Y119.091 E996.91681
G1 X151.161 Y118.685 E996.93608
G1 X150.944 Y118.366 E996.94891
G1 X150.742 Y117.894 E996.96598
G1 X150.72 Y117.636 E996.9746
G1 X150.746 Y117.231 E996.98809
G1 X150.815 Y116.89 E996.99967
G1 X150.974 Y116.576 E997.01137
G1 X151.146 Y116.324 E997.02152
G1 X151.313 Y116.135 E997.02991
G1 X151.582 Y115.912 E997.04153
G1 X152.1 Y115.676 E997.06046
G1 X152.432 Y115.62 E997.07166
G1 X152.96 Y115.669 E997.0893
G1 X153.34 Y115.767 E997.10235
G1 X153.684 Y115.964 E997.11554
G1 X154.111 Y116.391 E997.13562
G1 X154.239 Y116.592 E997.14355
G1 X154.393 Y116.982 E997.15749
G1 X154.459 Y117.289 E997.16794
G1 X154.476 Y117.657 E997.18019
G1 X154.386 Y118.049 E997.19357
G1 X154.255 Y118.359 E997.20476
G1 X154.071 Y118.647 E997.21613
G1 X153.849 Y118.893 E997.22715
G1 X153.573 Y119.1 E997.23862
G1 X153.274 Y119.245 E997.24967
G0 F9000 X153.03 Y118.919
G1 F1200 X152.571 Y118.98 E997.26508
G1 X152.16 Y118.909 E997.27895
G1 X151.802 Y118.755 E997.29191
G1 X151.442 Y118.4 E997.30873
G1 X151.312 Y118.209 E997.31641
G1 X151.168 Y117.873 E997.32857
G1 X151.12 Y117.636 E997.33661
G1 X151.145 Y117.26 E997.34915
G1 X151.25 Y116.881 E997.36223
G1 X151.522 Y116.481 E997.37831
G1 X151.788 Y116.258 E997.38986
G1 X152.232 Y116.053 E997.40612
G1 X152.416 Y116.015 E997.41237
G1 X153.024 Y116.078 E997.4327
G1 X153.424 Y116.276 E997.44755
G1 X153.778 Y116.617 E997.4639
G1 X153.878 Y116.764 E997.46981
G1 X154.056 Y117.218 E997.48603
G1 X154.075 Y117.622 E997.49948
G1 X153.974 Y118.057 E997.51433
G1 X153.677 Y118.521 E997.53266
G1 X153.367 Y118.758 E997.54564
G1 X153.03 Y118.919 E997.55806
G1 F2700 E992.55806
G0 F9000 X153.074 Y119.223
G0 X153.667 Y119.255
G0 X157.921 Y119.259
G0 X158.324 Y122.216
G0 X158.542 Y122.771
G0 X158.939 Y123.349
G0 X159.718 Y123.879
G0 X160.266 Y124.005
G0 X161.541 Y124.065
G1 F2700 E997.55806
G1 F1137.4 X160.944 Y124.205 E997.57958
G1 F1108.5 X160.331 Y124.2 E997.60165
G1 F1148.3 X159.84 Y124.063 E997.61936
G1 F1200 X159.499 Y123.915 E997.63173
G1 X158.984 Y123.563 E997.65248
G1 X158.722 Y123.301 E997.6648
G1 X158.405 Y122.836 E997.68352
G1 X158.176 Y122.256 E997.70426
G1 X158.1 Y121.762 E997.72088
G1 X158.102 Y115.643 E997.9244
G1 X158.176 Y115.153 E997.94088
G1 X158.423 Y114.467 E997.96513
G1 X158.959 Y113.855 E997.99219
G1 X159.396 Y113.542 E998.01007
G1 X159.88 Y113.324 E998.02772
G1 X160.488 Y113.203 E998.04834
G1 X161.023 Y113.209 E998.06614
G1 X161.567 Y113.338 E998.08473
G1 X161.897 Y113.483 E998.09672
G1 X162.317 Y113.767 E998.11359
G1 X162.705 Y114.13 E998.13126
G1 X163.142 Y114.816 E998.15831
G1 X163.299 Y115.573 E998.18402
G1 X163.296 Y121.751 E998.38951
G1 X163.229 Y122.229 E998.40556
G1 X163.041 Y122.749 E998.42395
G1 X162.856 Y123.064 E998.4361
G1 X162.438 Y123.545 E998.4573
G1 X161.995 Y123.862 E998.47541
G1 F1176.5 X161.541 Y124.065 E998.49228
G0 F9000 X161.39 Y123.694
G1 F1200 X160.869 Y123.793 E998.50992
G1 X160.427 Y123.787 E998.52463
G1 X159.929 Y123.673 E998.54162
G1 X159.725 Y123.584 E998.54902
G1 X159.209 Y123.232 E998.5698
G1 X159.052 Y123.075 E998.57718
G1 X158.76 Y122.648 E998.59439
G1 X158.564 Y122.147 E998.61228
G1 X158.5 Y121.68 E998.62796
G1 X158.501 Y115.672 E998.82778
G1 X158.561 Y115.251 E998.84193
G1 X158.774 Y114.674 E998.86238
G1 X159.227 Y114.154 E998.88532
G1 X159.597 Y113.89 E998.90044
G1 X160.003 Y113.707 E998.91525
G1 X160.525 Y113.603 E998.93295
G1 X160.971 Y113.609 E998.94779
G1 X161.475 Y113.728 E998.96501
G1 X161.673 Y113.814 E998.97219
G1 X162.093 Y114.099 E998.98908
G1 X162.395 Y114.388 E999.00298
G1 X162.767 Y114.972 E999.02601
G1 X162.9 Y115.649 E999.04896
G1 X162.896 Y121.681 E999.24958
G1 X162.84 Y122.13 E999.26463
G1 X162.665 Y122.613 E999.28172
G1 X162.554 Y122.802 E999.28901
G1 X162.168 Y123.247 E999.3086
G1 X161.794 Y123.513 E999.32386
G1 X161.39 Y123.694 E999.33859
G1 F2700 E994.33859
G0 F9000 X161.45 Y123.996
G0 X163.229 Y122.817
G0 X173.835 Y119.909
G0 X175.87 Y119.846
G1 F2700 E999.33859
G1 F1200 X175.609 Y119.929 E999.3477
G1 X175.039 Y120.004 E999.36682
G1 X174.509 Y119.955 E999.38452
G1 X174.02 Y119.806 E999.40153
G1 X173.499 Y119.512 E999.42142
G1 X173.121 Y119.154 E999.43874
G1 X172.822 Y118.747 E999.45554
G1 X172.582 Y118.169 E999.47635
G1 X172.5 Y117.583 E999.49603
G1 X172.528 Y117.067 E999.51322
G1 X172.671 Y116.576 E999.53023
G1 X172.976 Y115.97 E999.55279
G1 X173.47 Y115.516 E999.57511
G1 X173.709 Y115.353 E999.58473
G1 X174.154 Y115.136 E999.6012
G1 X174.744 Y115.006 E999.62129
G1 X175.36 Y115.018 E999.64178
G1 X175.854 Y115.142 E999.65872
G1 X176.287 Y115.353 E999.67474
G1 X176.529 Y115.519 E999.6845
G1 X176.886 Y115.845 E999.70058
G1 X177.163 Y116.259 E999.71715
G1 X177.278 Y116.491 E999.72576
G1 X177.422 Y116.911 E999.74053
G1 X177.475 Y117.182 E999.74972
G1 X177.5 Y117.684 E999.76643
G1 X177.411 Y118.181 E999.78323
G1 X177.221 Y118.655 E999.80021
G1 X176.896 Y119.14 E999.81963
G1 X176.533 Y119.478 E999.83613
G1 X176.286 Y119.646 E999.84606
G1 X175.87 Y119.846 E999.86141
G0 F9000 X175.611 Y119.526
G1 F1200 X175.004 Y119.604 E999.88177
G1 X174.584 Y119.559 E999.89582
G1 X174.178 Y119.435 E999.90994
G1 X173.734 Y119.185 E999.92688
G1 X173.425 Y118.892 E999.94105
G1 X173.172 Y118.548 E999.95525
G1 X172.972 Y118.065 E999.97264
G1 X172.9 Y117.566 E999.98941
G1 X172.925 Y117.138 E1000.00367
G1 X173.044 Y116.724 E1000.01799
G1 X173.302 Y116.215 E1000.03697
G1 X173.806 Y115.75 E1000.05978
G1 X174.282 Y115.518 E1000.07739
G1 X174.783 Y115.406 E1000.09447
G1 X175.308 Y115.418 E1000.11193
G1 X175.719 Y115.52 E1000.12602
G1 X176.19 Y115.75 E1000.14345
G1 X176.579 Y116.105 E1000.16097
G1 X176.874 Y116.545 E1000.17859
G1 X177.072 Y117.123 E1000.19891
G1 X177.098 Y117.655 E1000.21662
G1 X177.024 Y118.072 E1000.23071
G1 X176.866 Y118.467 E1000.24486
G1 X176.59 Y118.877 E1000.2613
G1 X176.193 Y119.247 E1000.27935
G1 X175.611 Y119.526 E1000.30082
G1 F2700 E995.30082
G0 F9000 X175.746 Y119.807
G0 X176.657 Y119.609
G0 X181.3 Y119.609
G0 X181.5 Y124.64
G1 F2700 E1000.30082
G1 F1200 X181.5 Y110.356 E1000.7759
G1 X132.711 Y110.356 E1002.39863
G1 X132.8 Y110.399 E1002.40192
G1 X133 Y111 E1002.42299
G1 X133 Y124 E1002.85537
G1 X132.8 Y124.6 E1002.8764
G1 X132.735 Y124.64 E1002.87894
G1 X159.775 Y124.64 E1003.7783
G1 F1140.1 X160.222 Y124.619 E1003.79396
G1 F1106 X160.484 Y124.627 E1003.80342
G1 F1116.3 X161.049 Y124.623 E1003.82362
G1 F1148.3 X161.452 Y124.64 E1003.83764
G1 F1200 X181.5 Y124.64 E1004.50444
G0 F9000 X181.9 Y125.04
G1 F1200 X181.9 Y109.956 E1005.00614
G1 X132.822 Y109.956 E1006.63848
G1 F1167.9 X132 Y109.967 E1006.66657
G1 F1129.4 X118.857 Y109.97 E1007.13103
G1 F1159.4 X118 Y109.956 E1007.16054
G1 F1167.9 X117 Y109.967 E1007.19471
G1 F1129.4 X103.857 Y109.97 E1007.65917
G1 F1159.4 X103.178 Y109.956 E1007.68255
G1 F1200 X53.1 Y109.956 E1009.34815
G1 X53.1 Y125.04 E1009.84985
G1 X103.18 Y125.04 E1011.51552
G1 F1170.7 X104 Y125.03 E1011.54347
G1 F1134.8 X117.142 Y125.027 E1012.00571
G1 F1162.2 X118 Y125.04 E1012.03518
G1 F1170.7 X119 Y125.03 E1012.06927
G1 F1134.8 X132.142 Y125.027 E1012.53151
G1 F1162.2 X132.82 Y125.04 E1012.5548
G1 F1200 X181.9 Y125.04 E1014.18721
G0 F9000 X182.3 Y125.44
;TYPE:WALL-OUTER
G1 F1200 X182.3 Y109.556 E1014.71551
G1 X52.7 Y109.556 E1019.02602
G1 X52.7 Y125.44 E1019.55433
G1 X182.3 Y125.44 E1023.86484
G1 F2700 E1018.86484
G0 F9000 X182.02 Y125.161
G0 X175.532 Y124.44
G0 X175.045 Y120.185
G0 X175.494 Y119.139
G1 F2700 E1023.86484
G1 F1200 X175.026 Y119.199 E1023.88053
G1 X174.645 Y119.16 E1023.89327
G1 X174.317 Y119.055 E1023.90473
G1 X173.958 Y118.846 E1023.91854
G1 X173.714 Y118.611 E1023.92981
G1 X173.515 Y118.33 E1023.94126
G1 X173.367 Y117.975 E1023.95406
G1 X173.302 Y117.571 E1023.96767
G1 X173.327 Y117.184 E1023.98056
G1 X173.413 Y116.886 E1023.99088
G1 X173.627 Y116.464 E1024.00662
G1 X174.032 Y116.085 E1024.02507
G1 X174.44 Y115.892 E1024.04008
G1 X174.809 Y115.81 E1024.05265
G1 X175.273 Y115.821 E1024.06809
G1 X175.561 Y115.893 E1024.07796
G1 X175.963 Y116.085 E1024.09278
G1 X176.287 Y116.388 E1024.10753
G1 X176.499 Y116.704 E1024.12019
G1 X176.674 Y117.195 E1024.13753
G1 X176.696 Y117.612 E1024.15142
G1 X176.63 Y117.979 E1024.16382
G1 X176.499 Y118.296 E1024.17523
G1 X176.295 Y118.6 E1024.1874
G1 X175.966 Y118.912 E1024.20248
G1 X175.494 Y119.139 E1024.2199
G1 F2700 E1019.2199
G0 F9000 X175.532 Y119.447
G0 X173.283 Y119.558
G0 X163.424 Y122.277
G0 X161.25 Y123.313
G1 F2700 E1024.2199
G1 F1200 X160.813 Y123.392 E1024.23467
G1 X160.455 Y123.383 E1024.24658
G1 X159.981 Y123.274 E1024.26276
G1 X159.403 Y122.88 E1024.28603
G1 X159.109 Y122.442 E1024.30357
G1 X158.961 Y122.066 E1024.31701
G1 X158.902 Y121.711 E1024.32898
G1 X158.9 Y115.701 E1024.52887
G1 X158.95 Y115.357 E1024.54044
G1 X159.128 Y114.88 E1024.55737
G1 X159.485 Y114.468 E1024.5755
G1 X159.817 Y114.229 E1024.58911
G1 X160.144 Y114.087 E1024.60097
G1 X160.545 Y114.007 E1024.61457
G1 X160.943 Y114.013 E1024.6278
G1 X161.419 Y114.126 E1024.64408
G1 X161.9 Y114.456 E1024.66348
G1 X162.097 Y114.664 E1024.67301
G1 X162.387 Y115.126 E1024.69115
G1 X162.5 Y115.665 E1024.70947
G1 X162.494 Y121.709 E1024.91049
G1 X162.441 Y122.057 E1024.9222
G1 X162.276 Y122.512 E1024.9383
G1 X161.912 Y122.932 E1024.95678
G1 X161.579 Y123.171 E1024.97041
G1 X161.25 Y123.313 E1024.98233
G1 F2700 E1019.98233
G0 F9000 X161.31 Y123.617
G0 X160.446 Y123.636
G0 X159.881 Y123.506
G0 X159.227 Y123.06
G0 X158.898 Y122.582
G0 X158.793 Y122.315
G0 X157.921 Y118.706
G0 X154.562 Y118.088
G0 X153.16 Y118.416
G1 F2700 E1024.98233
G1 F1200 X152.891 Y118.534 E1024.9921
G1 X152.6 Y118.576 E1025.00188
G1 X152.269 Y118.524 E1025.01303
G1 X152.034 Y118.416 E1025.02163
G1 X151.695 Y118.088 E1025.03732
G1 X151.523 Y117.671 E1025.05232
G1 X151.544 Y117.289 E1025.06504
G1 X151.617 Y117.052 E1025.07329
G1 X151.806 Y116.775 E1025.08445
G1 X152.014 Y116.594 E1025.09362
G1 X152.39 Y116.417 E1025.10744
G1 X152.909 Y116.468 E1025.12478
G1 X153.176 Y116.59 E1025.13455
G1 X153.503 Y116.906 E1025.14967
G1 X153.659 Y117.301 E1025.1638
G1 X153.67 Y117.599 E1025.17372
G1 X153.599 Y117.9 E1025.184
G1 X153.378 Y118.245 E1025.19763
G1 X153.16 Y118.416 E1025.20684
G1 F2700 E1020.20684
G0 F9000 X153.288 Y118.702
G0 X152.6 Y118.83
G0 X150.777 Y118.436
G0 X149.378 Y118.433
G0 X148.4 Y119.718
G1 F2700 E1025.20684
G1 F1200 X148.334 Y119.85 E1025.21175
G1 X148.251 Y119.894 E1025.21488
G1 X140.36 Y119.9 E1025.47733
G1 X140.266 Y119.85 E1025.48087
G1 X140.203 Y119.739 E1025.48512
G1 X140.201 Y114.677 E1025.65348
G1 X140.286 Y114.535 E1025.65899
G1 X140.365 Y114.502 E1025.66183
G1 X148.247 Y114.5 E1025.92399
G1 X148.353 Y114.57 E1025.92821
G1 X148.4 Y114.657 E1025.9315
G1 X148.4 Y119.718 E1026.09983
G1 F2700 E1021.09983
G0 F9000 X148.71 Y119.718
G0 X148.638 Y120.138
G0 X139.962 Y120.138
G0 X139.22 Y118.702
G0 X137.933 Y118.158
G0 X136.559 Y118.416
G1 F2700 E1026.09983
G1 F1200 X136.317 Y118.527 E1026.10869
G1 X135.98 Y118.576 E1026.12002
G1 X135.658 Y118.519 E1026.13089
G1 X135.403 Y118.391 E1026.14038
G1 X135.095 Y118.087 E1026.15477
G1 X134.923 Y117.671 E1026.16975
G1 X134.944 Y117.289 E1026.18247
G1 X135.017 Y117.052 E1026.19072
G1 X135.206 Y116.775 E1026.20187
G1 X135.414 Y116.594 E1026.21104
G1 X135.791 Y116.417 E1026.2249
G1 X136.317 Y116.473 E1026.24249
G1 X136.567 Y116.58 E1026.25153
G1 X136.907 Y116.91 E1026.26729
G1 X137.059 Y117.301 E1026.28125
G1 X137.07 Y117.599 E1026.29116
G1 X136.999 Y117.901 E1026.30148
G1 X136.768 Y118.252 E1026.31546
G1 X136.559 Y118.416 E1026.32429
G1 F2700 E1021.32429
G0 F9000 X136.688 Y118.702
G0 X135.561 Y119.503
G0 X133.2 Y119.503
G0 X132.2 Y124
G1 F2700 E1026.32429
G1 F1200 X132.16 Y124.12 E1026.3285
G1 X132.035 Y124.198 E1026.3334
G1 X119 Y124.2 E1026.76695
G1 X118.8 Y124.079 E1026.77472
G1 X118.8 Y110.923 E1027.21229
G1 X118.965 Y110.802 E1027.2191
G1 X132 Y110.8 E1027.65264
G1 X132.16 Y110.879 E1027.65858
G1 X132.2 Y111 E1027.66282
G1 X132.2 Y124 E1028.0952
G1 F2700 E1023.0952
G0 F9000 X132.51 Y124
G0 X132.438 Y124.438
G0 X118.562 Y124.438
G0 X117.51 Y124.076
G0 X117.2 Y124.076
G1 F2700 E1028.0952
G1 F1200 X117.035 Y124.198 E1028.10203
G1 X104 Y124.2 E1028.53557
G1 X103.84 Y124.12 E1028.54152
G1 X103.8 Y124 E1028.54573
G1 X103.8 Y111 E1028.97811
G1 X103.84 Y110.879 E1028.98235
G1 X103.965 Y110.802 E1028.98723
G1 X117 Y110.8 E1029.42078
G1 X117.2 Y110.92 E1029.42853
G1 X117.2 Y124.076 E1029.8661
G1 F2700 E1024.8661
G0 F9000 X117.51 Y124.076
G0 X117.438 Y124.438
G0 X103.562 Y124.438
G0 X103.552 Y119.643
G0 X102.8 Y119.404
G0 X62.178 Y119.072
G0 X60.563 Y119.102
G1 F2700 E1029.8661
G1 F1200 X60.131 Y119.215 E1029.88096
G1 X59.645 Y119.16 E1029.89722
G1 X59.357 Y119.072 E1029.90724
G1 X58.954 Y118.842 E1029.92267
G1 X58.713 Y118.61 E1029.9338
G1 X58.537 Y118.365 E1029.94383
G1 X58.379 Y118.012 E1029.9567
G1 X58.293 Y117.539 E1029.97269
G1 X58.357 Y117.065 E1029.98859
G1 X58.516 Y116.636 E1030.00381
G1 X58.858 Y116.24 E1030.02121
G1 X59.127 Y116.04 E1030.03236
G1 X59.395 Y115.908 E1030.0423
G1 X59.733 Y115.818 E1030.05393
G1 X60.287 Y115.806 E1030.07236
G1 X60.756 Y115.976 E1030.08896
G1 X61.041 Y116.153 E1030.10011
G1 X61.375 Y116.47 E1030.11543
G1 X61.655 Y117.049 E1030.13682
G1 X61.7 Y117.519 E1030.15253
G1 X61.66 Y117.873 E1030.16437
G1 X61.538 Y118.221 E1030.17664
G1 X61.39 Y118.477 E1030.18647
G1 X61.175 Y118.728 E1030.19747
G1 X60.867 Y118.961 E1030.21031
G1 X60.563 Y119.102 E1030.22146
G1 F2700 E1025.22146
G0 F9000 X60.639 Y119.404
G0 X62.449 Y118.602
G0 X164.72 Y118.602
G0 X164.58 Y118.479
;TYPE:FILL
G1 F2700 E1030.22146
G1 F2400 X166.42 Y117.986 E1030.28482
G0 F9000 X166.2 Y117.986
G0 X166.2 Y116.015
G0 X166.42 Y116.015
G1 F2400 X164.971 Y121.42 E1030.47093
G0 F9000 X165.446 Y121.42
G1 F2400 X164.58 Y120.554 E1030.51167
G0 F9000 X164.8 Y120.554
G0 X166.2 Y113.909
G0 X166.42 Y113.909
G1 F2400 X166.092 Y113.58 E1030.52712
G1 F2700 E1025.52712
G0 F9000 X166.092 Y113.8
G0 X166.28 Y119.932
G0 X172.986 Y119.275
G0 X174.38 Y119.754
G0 X175.92 Y119.932
G0 X176.027 Y120.169
;TYPE:SKIN
G1 F2700 E1030.52712
G1 F1200 X176.435 Y119.973 E1030.54217
G1 X176.753 Y119.758 E1030.55494
G1 X177.057 Y119.479 E1030.56867
G1 X177.244 Y119.263 E1030.57817
G1 X177.53 Y118.84 E1030.59515
G1 X177.761 Y118.261 E1030.61588
G1 X177.86 Y117.7 E1030.63483
G1 X177.829 Y117.134 E1030.65369
G1 X177.762 Y116.791 E1030.66531
G1 X177.618 Y116.371 E1030.68008
G1 X177.471 Y116.077 E1030.69101
G1 X177.247 Y115.737 E1030.70455
G1 X177.046 Y115.507 E1030.71471
G1 X176.753 Y115.234 E1030.72803
G1 X176.469 Y115.042 E1030.73943
G1 X175.997 Y114.808 E1030.75695
G1 X175.536 Y114.693 E1030.77276
G1 X175.272 Y114.657 E1030.78162
G1 X174.689 Y114.647 E1030.80101
G1 X174.192 Y114.756 E1030.81794
G1 X173.889 Y114.863 E1030.82862
G1 X173.545 Y115.027 E1030.8413
G1 X173.223 Y115.249 E1030.85431
G1 X172.863 Y115.585 E1030.87069
G1 X172.642 Y115.83 E1030.88166
G1 X172.341 Y116.43 E1030.90399
G1 X172.176 Y116.979 E1030.92305
G1 X172.141 Y117.615 E1030.94424
G1 X172.225 Y118.239 E1030.96518
G1 X172.449 Y118.795 E1030.98512
G1 X172.597 Y119.056 E1030.9951
G1 X172.835 Y119.376 E1031.00836
G1 X173.162 Y119.69 E1031.02344
G1 X173.4 Y119.869 E1031.03334
G1 X173.858 Y120.127 E1031.05083
G1 X174.461 Y120.312 E1031.07181
G1 X175.025 Y120.364 E1031.09065
G1 X175.663 Y120.283 E1031.11204
G1 X176.027 Y120.169 E1031.12472
G1 F2700 E1026.12472
G0 F9000 X175.92 Y119.932
G0 X174.674 Y119.82
G0 X172.986 Y119.275
G0 X137.624 Y118.744
G0 X136.569 Y119.402
G0 X136.648 Y119.646
G1 F2700 E1031.12472
G1 F1200 X137.222 Y119.377 E1031.14581
G1 X137.564 Y119.095 E1031.16055
G1 X137.764 Y118.855 E1031.17094
G1 X137.973 Y118.526 E1031.1839
G1 X138.14 Y118.121 E1031.19847
G1 X138.234 Y117.707 E1031.21259
G1 X138.216 Y117.265 E1031.22731
G1 X138.127 Y116.846 E1031.24155
G1 X137.984 Y116.494 E1031.25419
G1 X137.683 Y116.043 E1031.27223
G1 X137.219 Y115.603 E1031.29349
G1 X136.576 Y115.328 E1031.31675
G1 X135.793 Y115.252 E1031.34292
G1 X135.247 Y115.39 E1031.36165
G1 X134.919 Y115.542 E1031.37367
G1 X134.535 Y115.791 E1031.3889
G1 X134.258 Y116.103 E1031.40277
G1 X134.059 Y116.393 E1031.41447
G1 X133.883 Y116.756 E1031.42789
G1 F1176.5 X133.78 Y117.176 E1031.44256
G1 F1165 X133.749 Y117.78 E1031.46328
G1 F1188.1 X133.865 Y118.156 E1031.4765
G1 F1200 X134.011 Y118.503 E1031.48902
G1 X134.312 Y118.948 E1031.50689
G1 X134.614 Y119.238 E1031.52081
G1 X135.061 Y119.543 E1031.53881
G1 X135.495 Y119.672 E1031.55387
G1 X136.006 Y119.751 E1031.57107
G1 X136.648 Y119.646 E1031.5927
G1 F2700 E1026.5927
G0 F9000 X136.569 Y119.402
G0 X137.109 Y119.237
G0 X139.22 Y119.237
G0 X139.562 Y120.538
G0 X148.729 Y120.664
G0 X148.823 Y120.908
G1 F2700 E1031.5927
G1 F1200 X149.088 Y120.728 E1031.60336
G1 X149.298 Y120.503 E1031.6136
G1 X149.504 Y120.091 E1031.62892
G1 X149.556 Y119.82 E1031.63809
G1 X149.561 Y114.709 E1031.80809
G1 X149.489 Y114.198 E1031.82525
G1 X149.24 Y113.818 E1031.84036
G1 X148.985 Y113.593 E1031.85167
G1 X148.611 Y113.399 E1031.86569
G1 X148.226 Y113.342 E1031.87863
G1 X140.375 Y113.342 E1032.13976
G1 X139.989 Y113.397 E1032.15272
G1 X139.625 Y113.572 E1032.16616
G1 X139.375 Y113.805 E1032.17752
G1 X139.177 Y114.094 E1032.18917
G1 X139.042 Y114.568 E1032.20557
G1 X139.04 Y119.89 E1032.38258
G1 X139.168 Y120.278 E1032.39617
G1 X139.482 Y120.71 E1032.41393
G1 X139.728 Y120.884 E1032.42395
G1 X140.077 Y121.019 E1032.4364
G1 X140.373 Y121.059 E1032.44633
G1 X148.224 Y121.059 E1032.70746
G1 X148.516 Y121.019 E1032.71726
G1 X148.823 Y120.908 E1032.72812
G1 F2700 E1027.72812
G0 F9000 X148.729 Y120.664
G0 X149.007 Y120.551
G0 X149.377 Y119.804
G0 X151.547 Y119.275
G0 X153.323 Y119.334
G0 X153.403 Y119.58
G1 F2700 E1032.72812
G1 F1200 X153.756 Y119.408 E1032.74118
G1 X154.093 Y119.155 E1032.75519
G1 X154.353 Y118.867 E1032.7681
G1 X154.557 Y118.552 E1032.78058
G1 X154.74 Y118.124 E1032.79606
G1 X154.834 Y117.707 E1032.81028
G1 X154.816 Y117.269 E1032.82486
G1 X154.736 Y116.878 E1032.83813
G1 X154.561 Y116.425 E1032.85429
G1 X154.339 Y116.108 E1032.86716
G1 X153.898 Y115.676 E1032.88769
G1 X153.485 Y115.437 E1032.90356
G1 X153.028 Y115.314 E1032.9193
G1 X152.42 Y115.258 E1032.93961
G1 X151.987 Y115.333 E1032.95423
G1 X151.385 Y115.607 E1032.97623
G1 X151.058 Y115.878 E1032.99035
G1 X150.862 Y116.099 E1033.00018
G1 X150.678 Y116.367 E1033.01099
G1 X150.485 Y116.75 E1033.02525
G1 X150.388 Y117.178 E1033.03985
G1 X150.35 Y117.783 E1033.06001
G1 X150.46 Y118.15 E1033.07275
G1 X150.631 Y118.542 E1033.08698
G1 X150.91 Y118.942 E1033.1032
G1 X151.186 Y119.218 E1033.11618
G1 X151.447 Y119.423 E1033.12722
G1 X151.944 Y119.647 E1033.14535
G1 X152.6 Y119.748 E1033.16743
G1 X153.115 Y119.668 E1033.18476
G1 X153.403 Y119.58 E1033.19478
G1 F2700 E1028.19478
G0 F9000 X153.323 Y119.334
G0 X153.667 Y119.255
G0 X157.921 Y119.259
G0 X158.324 Y122.216
G0 X158.542 Y122.771
G0 X158.939 Y123.349
G0 X159.718 Y123.879
G0 X160.395 Y124.035
G0 X162.046 Y123.948
G0 X162.15 Y124.183
G1 F2700 E1033.19478
G1 F1200 X162.548 Y123.908 E1033.21087
G1 X162.771 Y123.709 E1033.22081
G1 X163.128 Y123.299 E1033.23889
G1 X163.365 Y122.902 E1033.25427
G1 X163.583 Y122.296 E1033.27569
G1 X163.654 Y121.784 E1033.29288
G1 X163.652 Y115.511 E1033.50152
G1 X163.505 Y114.791 E1033.52596
G1 X163.354 Y114.484 E1033.53734
G1 X162.994 Y113.913 E1033.55979
G1 X162.517 Y113.466 E1033.58154
G1 X162.073 Y113.168 E1033.59932
G1 X161.681 Y112.996 E1033.61356
G1 X161.218 Y112.885 E1033.62939
G1 X160.924 Y112.849 E1033.63925
G1 X160.437 Y112.842 E1033.65545
G1 X159.916 Y112.947 E1033.67312
G1 X159.634 Y113.037 E1033.68297
G1 X159.233 Y113.217 E1033.69759
G1 X158.833 Y113.499 E1033.71387
G1 X158.621 Y113.691 E1033.72338
G1 X158.189 Y114.179 E1033.74506
G1 X158.044 Y114.459 E1033.75554
G1 X157.82 Y115.064 E1033.777
G1 X157.742 Y115.603 E1033.79511
G1 X157.74 Y121.764 E1034.00003
G1 X157.806 Y122.21 E1034.01503
G1 X157.881 Y122.498 E1034.02492
G1 X158.026 Y122.862 E1034.03796
G1 X158.17 Y123.129 E1034.04805
G1 X158.426 Y123.505 E1034.06317
G1 X158.745 Y123.833 E1034.07839
G1 X159.4 Y124.279 E1034.10475
G1 X133.277 Y124.28 E1034.9736
G1 X133.36 Y123.996 E1034.98344
G1 F1209.1 X133.357 Y117.748 E1035.1897
G1 F1185.2 X133.369 Y117.133 E1035.21041
G1 F1176.5 X133.36 Y116.749 E1035.22344
G1 F1200 X133.36 Y111.004 E1035.41452
G1 X133.275 Y110.716 E1035.42451
G1 X181.14 Y110.716 E1037.0165
G1 X181.14 Y124.28 E1037.46764
G1 X161.931 Y124.28 E1038.10654
G1 X162.15 Y124.183 E1038.1145
G1 F2700 E1033.1145
G0 F9000 X162.046 Y123.948
G0 X163.424 Y122.277
G0 X164.714 Y121.286
G0 X166.2 Y121.23
G0 X166.46 Y121.301
G1 F2700 E1038.1145
G1 F1200 X166.46 Y113.699 E1038.36735
G1 X166.337 Y113.54 E1038.37403
G1 X164.705 Y113.542 E1038.42832
G1 X164.617 Y113.582 E1038.43153
G1 X164.54 Y113.701 E1038.43624
G1 X164.543 Y121.295 E1038.68882
G1 X164.592 Y121.395 E1038.69253
G1 X164.709 Y121.458 E1038.69695
G1 X166.295 Y121.458 E1038.7497
G1 X166.42 Y121.381 E1038.75458
G1 X166.46 Y121.301 E1038.75755
G1 F2700 E1033.75755
G0 F9000 X166.2 Y121.23
G0 X164.72 Y121.061
G0 X164.098 Y121.061
G1 F2700 E1038.75755
G1 F977.6 X164.096 Y115.458 E1038.98631
G1 F892.2 X164.048 Y114.994 E1039.00717
G1 F2700 E1034.00717
G0 F9000 X181.3 Y114.994
G0 X181.4 Y123.965
G0 X180.939 Y123.965
G1 F2700 E1039.00717
G1 F1200 X180.824 Y124.08 E1039.01258
G0 F9000 X180.258 Y124.08
G1 F1200 X180.939 Y123.399 E1039.04462
G0 F9000 X180.939 Y122.834
G1 F1200 X179.693 Y124.08 E1039.10322
G0 F9000 X179.127 Y124.08
G1 F1200 X180.939 Y122.268 E1039.18845
G0 F9000 X180.939 Y121.702
G1 F1200 X178.561 Y124.08 E1039.30031
G0 F9000 X177.996 Y124.08
G1 F1200 X180.939 Y121.137 E1039.43874
G0 F9000 X180.939 Y120.571
G1 F1200 X177.43 Y124.08 E1039.60379
G0 F9000 X176.864 Y124.08
G1 F1200 X180.939 Y120.005 E1039.79547
G0 F9000 X180.939 Y119.44
G1 F1200 X176.299 Y124.08 E1040.01372
G0 F9000 X175.733 Y124.08
G1 F1200 X180.939 Y118.874 E1040.25859
G0 F9000 X180.939 Y118.308
G1 F1200 X175.167 Y124.08 E1040.53009
G0 F9000 X174.602 Y124.08
G1 F1200 X180.939 Y117.742 E1040.82819
G0 F9000 X180.939 Y117.177
G1 F1200 X174.036 Y124.08 E1041.15288
G0 F9000 X173.47 Y124.08
G1 F1200 X180.939 Y116.611 E1041.5042
G0 F9000 X180.939 Y116.045
G1 F1200 X172.905 Y124.08 E1041.88212
G0 F9000 X172.339 Y124.08
G1 F1200 X176.044 Y120.375 E1042.05639
G0 F9000 X175.324 Y120.53
G1 F1200 X171.773 Y124.08 E1042.2234
G0 F9000 X171.208 Y124.08
G1 F1200 X174.749 Y120.538 E1042.38998
G0 F9000 X174.259 Y120.463
G1 F1200 X170.642 Y124.08 E1042.56011
G0 F9000 X170.076 Y124.08
G1 F1200 X173.825 Y120.331 E1042.73645
G0 F9000 X173.458 Y120.132
G1 F1200 X169.51 Y124.08 E1042.92215
G0 F9000 X168.945 Y124.08
G1 F1200 X173.12 Y119.906 E1043.11851
G0 F9000 X172.821 Y119.638
G1 F1200 X168.379 Y124.08 E1043.32745
G0 F9000 X167.813 Y124.08
G1 F1200 X172.557 Y119.337 E1043.55057
G0 F9000 X172.334 Y118.994
G1 F1200 X167.248 Y124.08 E1043.7898
G0 F9000 X166.682 Y124.08
G1 F1200 X172.154 Y118.608 E1044.04718
G0 F9000 X172.016 Y118.181
G1 F1200 X166.116 Y124.08 E1044.32468
G0 F9000 X165.551 Y124.08
G1 F1200 X171.949 Y117.682 E1044.62562
G0 F9000 X171.964 Y117.101
G1 F1200 X164.985 Y124.08 E1044.95389
G0 F9000 X164.419 Y124.08
G1 F1200 X172.164 Y116.335 E1045.31819
G0 F9000 X172.576 Y116.543
G0 X173.995 Y115.101
G0 X173.825 Y114.674
G1 F1200 X177.584 Y110.916 E1045.49498
G0 F9000 X178.149 Y110.916
G1 F1200 X174.603 Y114.462 E1045.66177
G0 F9000 X175.174 Y114.457
G1 F1200 X178.715 Y110.916 E1045.82833
G0 F9000 X179.281 Y110.916
G1 F1200 X175.675 Y114.522 E1045.99794
G0 F9000 X176.118 Y114.645
G1 F1200 X179.846 Y110.916 E1046.17332
G0 F9000 X180.412 Y110.916
G1 F1200 X176.495 Y114.833 E1046.35757
G0 F9000 X176.841 Y115.053
G1 F1200 X180.939 Y110.954 E1046.55035
G0 F9000 X180.939 Y111.52
G1 F1200 X177.138 Y115.321 E1046.72913
G0 F9000 X177.407 Y115.618
G1 F1200 X180.939 Y112.086 E1046.89527
G0 F9000 X180.939 Y112.651
G1 F1200 X177.632 Y115.959 E1047.05084
G0 F9000 X177.818 Y116.338
G1 F1200 X180.939 Y113.217 E1047.19765
G0 F9000 X180.939 Y113.783
G1 F1200 X177.959 Y116.763 E1047.33782
G0 F9000 X178.035 Y117.253
G1 F1200 X180.939 Y114.348 E1047.47443
G0 F9000 X180.939 Y114.914
G1 F1200 X178.048 Y117.805 E1047.61042
G0 F9000 X177.862 Y118.557
G1 F1200 X180.939 Y115.48 E1047.75515
G0 F9000 X181.4 Y115.48
G0 X181.328 Y110.528
G0 X177.018 Y110.456
G0 X177.018 Y110.916
G1 F1200 X166.659 Y121.274 E1048.24238
G0 F9000 X166.279 Y121.655
G1 F1200 X163.854 Y124.08 E1048.35645
G0 F9000 X163.288 Y124.08
G1 F1200 X165.713 Y121.655 E1048.47051
G0 F9000 X165.148 Y121.655
G1 F1200 X162.722 Y124.08 E1048.5846
G0 F9000 X162.722 Y124.54
G0 X161.013 Y124.456
G0 X162.227 Y123.569
G0 X163.288 Y122.36
G0 X163.721 Y122.516
G1 F1200 X164.616 Y121.621 E1048.6267
G0 F9000 X164.249 Y121.422
G1 F1200 X163.851 Y121.82 E1048.64542
G1 F2700 E1043.64542
G0 F9000 X163.397 Y121.757
G0 X163.477 Y120.706
G0 X164.72 Y120.706
G0 X166.2 Y120.709
G0 X166.659 Y120.709
G1 F2700 E1048.64542
G1 F1200 X176.452 Y110.916 E1049.10605
G0 F9000 X175.886 Y110.916
G1 F1200 X166.659 Y120.143 E1049.54006
G0 F9000 X166.659 Y119.577
G1 F1200 X175.321 Y110.916 E1049.94747
G0 F9000 X174.755 Y110.916
G1 F1200 X166.659 Y119.012 E1050.32828
G0 F9000 X166.659 Y118.446
G1 F1200 X174.189 Y110.916 E1050.68247
G0 F9000 X173.624 Y110.916
G1 F1200 X166.659 Y117.88 E1051.01006
G0 F9000 X166.659 Y117.315
G1 F1200 X173.058 Y110.916 E1051.31105
G0 F9000 X172.492 Y110.916
G1 F1200 X166.659 Y116.749 E1051.58541
G0 F9000 X166.659 Y116.183
G1 F1200 X171.927 Y110.916 E1051.83318
G0 F9000 X171.361 Y110.916
G1 F1200 X166.659 Y115.618 E1052.05435
G0 F9000 X166.659 Y115.052
G1 F1200 X170.795 Y110.916 E1052.24889
G0 F9000 X170.23 Y110.916
G1 F1200 X166.659 Y114.486 E1052.41684
G0 F9000 X166.659 Y113.921
G1 F1200 X169.664 Y110.916 E1052.55819
G0 F9000 X169.098 Y110.916
G1 F1200 X166.544 Y113.47 E1052.67832
G0 F9000 X166.108 Y113.341
G1 F1200 X168.533 Y110.916 E1052.79238
G0 F9000 X167.967 Y110.916
G1 F1200 X165.54 Y113.343 E1052.90654
G0 F9000 X164.973 Y113.344
G1 F1200 X167.401 Y110.916 E1053.02075
G0 F9000 X166.835 Y110.916
G1 F1200 X163.465 Y114.286 E1053.17926
G0 F9000 X163.247 Y113.939
G1 F1200 X166.27 Y110.916 E1053.32145
G0 F9000 X165.704 Y110.916
G1 F1200 X162.991 Y113.629 E1053.44907
G0 F9000 X162.697 Y113.358
G1 F1200 X165.138 Y110.916 E1053.56391
G0 F9000 X164.573 Y110.916
G1 F1200 X162.364 Y113.124 E1053.66779
G0 F9000 X162.003 Y112.92
G1 F1200 X164.007 Y110.916 E1053.76205
G0 F9000 X163.441 Y110.916
G1 F1200 X161.587 Y112.771 E1053.84928
G0 F9000 X161.119 Y112.673
G1 F1200 X162.876 Y110.916 E1053.93192
G0 F9000 X162.31 Y110.916
G1 F1200 X160.579 Y112.647 E1054.01334
G0 F9000 X159.917 Y112.743
G1 F1200 X161.744 Y110.916 E1054.09928
G0 F9000 X161.179 Y110.916
G1 F1200 X158.868 Y113.227 E1054.20798
G0 F9000 X159.137 Y113.604
G0 X158.389 Y114.351
G0 X158.001 Y114.094
G1 F1200 X154.986 Y117.108 E1054.34978
G0 F9000 X154.866 Y116.663
G1 F1200 X160.613 Y110.916 E1054.6201
G0 F9000 X160.047 Y110.916
G1 F1200 X154.694 Y116.269 E1054.87189
G0 F9000 X154.455 Y115.943
G1 F1200 X159.482 Y110.916 E1055.10834
G0 F9000 X158.916 Y110.916
G1 F1200 X154.168 Y115.664 E1055.33167
G0 F9000 X153.848 Y115.418
G1 F1200 X158.35 Y110.916 E1055.54343
G0 F9000 X157.785 Y110.916
G1 F1200 X153.473 Y115.227 E1055.74623
G0 F9000 X153.019 Y115.116
G1 F1200 X157.219 Y110.916 E1055.94379
G0 F9000 X156.653 Y110.916
G1 F1200 X152.502 Y115.067 E1056.13904
G0 F9000 X151.807 Y115.197
G1 F1200 X156.087 Y110.916 E1056.34038
G0 F9000 X155.522 Y110.916
G1 F1200 X149.76 Y116.678 E1056.61141
G0 F9000 X150.278 Y116.726
G1 F1200 X149.759 Y117.245 E1056.63582
G0 F9000 X150.172 Y117.397
G1 F1200 X149.758 Y117.811 E1056.65529
G0 F9000 X150.19 Y117.945
G1 F1200 X149.757 Y118.377 E1056.67563
G0 F9000 X149.757 Y118.944
G1 F1200 X150.334 Y118.366 E1056.7028
G0 F9000 X150.525 Y118.742
G1 F1200 X149.756 Y119.51 E1056.73895
G0 F9000 X149.697 Y120.135
G1 F1200 X150.763 Y119.069 E1056.78909
G0 F9000 X151.043 Y119.355
G1 F1200 X146.317 Y124.08 E1057.01136
G0 F9000 X145.752 Y124.08
G1 F1200 X148.644 Y121.187 E1057.14741
G0 F9000 X148.009 Y121.257
G1 F1200 X145.186 Y124.08 E1057.2802
G0 F9000 X144.62 Y124.08
G1 F1200 X147.444 Y121.257 E1057.41301
G0 F9000 X146.878 Y121.257
G1 F1200 X144.055 Y124.08 E1057.54579
G0 F9000 X143.489 Y124.08
G1 F1200 X146.312 Y121.257 E1057.67858
G0 F9000 X145.747 Y121.257
G1 F1200 X142.923 Y124.08 E1057.81139
G0 F9000 X142.358 Y124.08
G1 F1200 X145.181 Y121.257 E1057.94417
G0 F9000 X144.615 Y121.257
G1 F1200 X141.792 Y124.08 E1058.07696
G0 F9000 X141.226 Y124.08
G1 F1200 X144.05 Y121.257 E1058.20977
G0 F9000 X143.484 Y121.257
G1 F1200 X140.661 Y124.08 E1058.34255
G0 F9000 X140.095 Y124.08
G1 F1200 X142.918 Y121.257 E1058.47534
G0 F9000 X142.353 Y121.257
G1 F1200 X139.529 Y124.08 E1058.60815
G0 F9000 X138.963 Y124.08
G1 F1200 X141.787 Y121.257 E1058.74096
G0 F9000 X141.221 Y121.257
G1 F1200 X138.398 Y124.08 E1058.87374
G0 F9000 X137.832 Y124.08
G1 F1200 X140.656 Y121.257 E1059.00655
G0 F9000 X140.12 Y121.226
G1 F1200 X137.266 Y124.08 E1059.14079
G0 F9000 X136.701 Y124.08
G1 F1200 X139.69 Y121.091 E1059.28139
G0 F9000 X139.352 Y120.863
G1 F1200 X136.135 Y124.08 E1059.4327
G0 F9000 X135.569 Y124.08
G1 F1200 X139.111 Y120.539 E1059.59929
G0 F9000 X138.92 Y120.164
G1 F1200 X135.004 Y124.08 E1059.78348
G0 F9000 X134.438 Y124.08
G1 F1200 X138.84 Y119.679 E1059.99052
G0 F9000 X138.84 Y119.112
G1 F1200 X133.872 Y124.08 E1060.22419
G0 F9000 X133.56 Y123.827
G1 F1200 X138.84 Y118.546 E1060.47257
G0 F9000 X138.841 Y117.98
G1 F1200 X138.054 Y118.767 E1060.50959
G0 F9000 X138.408 Y117.848
G1 F1200 X138.842 Y117.414 E1060.53001
G0 F9000 X138.418 Y117.272
G1 F1200 X138.842 Y116.848 E1060.54995
G0 F9000 X138.321 Y116.803
G1 F1200 X138.843 Y116.282 E1060.57448
G0 F9000 X138.843 Y115.715
G1 F1200 X138.161 Y116.398 E1060.60658
G0 F9000 X137.937 Y116.056
G1 F1200 X138.844 Y115.149 E1060.64924
G0 F9000 X138.844 Y114.583
G1 F1200 X137.672 Y115.755 E1060.70437
G0 F9000 X137.384 Y115.478
G1 F1200 X141.945 Y110.916 E1060.91893
G0 F9000 X141.38 Y110.916
G1 F1200 X137.001 Y115.295 E1061.12491
G0 F9000 X136.599 Y115.131
G1 F1200 X140.814 Y110.916 E1061.32317
G0 F9000 X140.248 Y110.916
G1 F1200 X136.083 Y115.082 E1061.5191
G0 F9000 X135.472 Y115.127
G1 F1200 X139.683 Y110.916 E1061.71717
G0 F9000 X139.117 Y110.916
G1 F1200 X133.56 Y116.473 E1061.97855
G0 F9000 X133.56 Y115.907
G1 F1200 X138.551 Y110.916 E1062.21332
G0 F9000 X137.986 Y110.916
G1 F1200 X133.56 Y115.341 E1062.42148
G0 F9000 X133.56 Y114.775
G1 F1200 X137.42 Y110.916 E1062.60302
G0 F9000 X136.854 Y110.916
G1 F1200 X133.56 Y114.21 E1062.75796
G0 F9000 X133.56 Y113.644
G1 F1200 X136.288 Y110.916 E1062.88627
G0 F9000 X135.723 Y110.916
G1 F1200 X133.56 Y113.078 E1062.98799
G0 F9000 X133.56 Y112.513
G1 F1200 X135.157 Y110.916 E1063.06311
G0 F9000 X134.591 Y110.916
G1 F1200 X133.56 Y111.947 E1063.1116
G0 F9000 X133.56 Y111.381
G1 F1200 X134.026 Y110.916 E1063.1335
G1 F2700 E1058.1335
G0 F9000 X134.026 Y110.456
G0 X140.337 Y110.556
G0 X140.401 Y113.519
G0 X140.269 Y113.158
G1 F2700 E1063.1335
G1 F1200 X142.511 Y110.916 E1063.23896
G0 F9000 X143.077 Y110.916
G1 F1200 X140.852 Y113.141 E1063.34361
G0 F9000 X141.418 Y113.141
G1 F1200 X143.642 Y110.916 E1063.44825
G0 F9000 X144.208 Y110.916
G1 F1200 X141.983 Y113.141 E1063.5529
G0 F9000 X142.548 Y113.141
G1 F1200 X144.774 Y110.916 E1063.65759
G0 F9000 X145.339 Y110.916
G1 F1200 X143.113 Y113.142 E1063.76229
G0 F9000 X143.679 Y113.142
G1 F1200 X145.905 Y110.916 E1063.86699
G0 F9000 X146.471 Y110.916
G1 F1200 X144.245 Y113.142 E1063.9717
G0 F9000 X144.81 Y113.143
G1 F1200 X147.036 Y110.916 E1064.07643
G0 F9000 X147.602 Y110.916
G1 F1200 X145.375 Y113.143 E1064.18118
G0 F9000 X145.94 Y113.143
G1 F1200 X148.168 Y110.916 E1064.28595
G0 F9000 X148.734 Y110.916
G1 F1200 X146.506 Y113.143 E1064.39073
G0 F9000 X147.071 Y113.144
G1 F1200 X149.299 Y110.916 E1064.49552
G0 F9000 X149.865 Y110.916
G1 F1200 X147.637 Y113.144 E1064.60032
G0 F9000 X148.203 Y113.144
G1 F1200 X150.431 Y110.916 E1064.70512
G0 F9000 X150.996 Y110.916
G1 F1200 X148.695 Y113.218 E1064.81338
G0 F9000 X149.072 Y113.406
G1 F1200 X151.562 Y110.916 E1064.9305
G0 F9000 X152.128 Y110.916
G1 F1200 X149.374 Y113.67 E1065.06004
G0 F9000 X149.602 Y114.008
G1 F1200 X152.693 Y110.916 E1065.20545
G0 F9000 X153.259 Y110.916
G1 F1200 X149.725 Y114.45 E1065.37168
G0 F9000 X149.762 Y114.979
G1 F1200 X153.825 Y110.916 E1065.56279
G0 F9000 X154.39 Y110.916
G1 F1200 X149.761 Y115.545 E1065.78053
G0 F9000 X149.76 Y116.112
G1 F1200 X154.956 Y110.916 E1066.02493
G1 F2700 E1061.02493
G0 F9000 X154.956 Y110.456
G0 X133.02 Y110.533
G0 X133.022 Y124.463
G0 X159.776 Y124.479
G0 X160.261 Y124.402
G0 X158.215 Y122.792
G0 X158.074 Y115.123
G0 X157.622 Y115.038
G1 F2700 E1066.02493
G1 F1200 X155.035 Y117.626 E1066.14664
G0 F9000 X154.851 Y118.375
G1 F1200 X157.542 Y115.684 E1066.27322
G0 F9000 X157.542 Y116.25
G1 F1200 X149.711 Y124.08 E1066.64154
G0 F9000 X149.146 Y124.08
G1 F1200 X153.453 Y119.773 E1066.84413
G0 F9000 X152.727 Y119.933
G1 F1200 X148.58 Y124.08 E1067.03919
G0 F9000 X148.014 Y124.08
G1 F1200 X152.202 Y119.893 E1067.23616
G0 F9000 X151.751 Y119.778
G1 F1200 X147.449 Y124.08 E1067.43851
G0 F9000 X146.883 Y124.08
G1 F1200 X151.362 Y119.601 E1067.64919
G1 F2700 E1062.64919
G0 F9000 X151.589 Y119.206
G0 X152.01 Y119.479
G0 X152.01 Y124.44
G0 X151.409 Y124.54
G0 X151.409 Y124.08
G1 F2700 E1067.64919
G1 F1200 X157.543 Y117.946 E1067.93771
G0 F9000 X157.542 Y117.381
G1 F1200 X150.843 Y124.08 E1068.25281
G0 F9000 X150.277 Y124.08
G1 F1200 X157.542 Y116.815 E1068.59453
G0 F9000 X158.002 Y116.816
G0 X158.001 Y118.513
G0 X157.543 Y118.512
G1 F1200 X151.974 Y124.08 E1068.85646
G0 F9000 X152.54 Y124.08
G1 F1200 X157.543 Y119.077 E1069.09179
G0 F9000 X157.543 Y119.643
G1 F1200 X153.106 Y124.08 E1069.30049
G0 F9000 X153.671 Y124.08
G1 F1200 X157.543 Y120.208 E1069.48262
G0 F9000 X157.543 Y120.774
G1 F1200 X154.237 Y124.08 E1069.63812
G0 F9000 X154.803 Y124.08
G1 F1200 X157.543 Y121.34 E1069.767
G0 F9000 X157.554 Y121.895
G1 F1200 X155.368 Y124.08 E1069.8698
G0 F9000 X155.934 Y124.08
G1 F1200 X157.642 Y122.372 E1069.95014
G0 F9000 X157.784 Y122.796
G1 F1200 X156.5 Y124.08 E1070.01053
G0 F9000 X157.065 Y124.08
G1 F1200 X157.968 Y123.178 E1070.05299
G0 F9000 X158.193 Y123.518
G1 F1200 X157.631 Y124.08 E1070.07942
G0 F9000 X158.197 Y124.08
G1 F1200 X158.456 Y123.821 E1070.0916
G0 F9000 X158.78 Y123.497
G0 X159.718 Y123.879
G0 X160.395 Y124.035
G0 X160.894 Y124.047
G0 X161.472 Y123.931
G0 X161.926 Y123.725
G0 X162.333 Y123.433
G0 X162.843 Y122.853
G0 X163.079 Y122.198
G0 X163.117 Y121.94
G0 X163.253 Y114.851
G0 X163.666 Y114.652
G1 F1200 X164.34 Y113.977 E1070.12333
G0 F9000 X164.34 Y114.543
G1 F1200 X164.23 Y114.653 E1070.1285
G1 F2700 E1065.1285
G0 F9000 X164.8 Y114.653
G0 X164.72 Y119.189
G0 X137.624 Y118.744
G0 X137.021 Y119.189
G0 X137.215 Y119.606
G1 F2700 E1070.1285
G1 F1200 X133.559 Y123.262 E1070.30047
G0 F9000 X133.559 Y122.696
G1 F1200 X136.361 Y119.895 E1070.43224
G0 F9000 X135.773 Y119.917
G1 F1200 X133.558 Y122.131 E1070.53641
G0 F9000 X133.558 Y121.567
G1 F1200 X135.301 Y119.823 E1070.61842
G0 F9000 X134.89 Y119.669
G1 F1200 X133.558 Y121.001 E1070.68107
G0 F9000 X133.557 Y120.436
G1 F1200 X134.554 Y119.439 E1070.72797
G0 F9000 X134.257 Y119.17
G1 F1200 X133.556 Y119.871 E1070.76094
G0 F9000 X133.556 Y119.306
G1 F1200 X134.004 Y118.858 E1070.78201
G0 F9000 X133.793 Y118.503
G1 F1200 X133.556 Y118.74 E1070.79316
G0 F9000 X133.555 Y118.175
G1 F1200 X133.638 Y118.092 E1070.79706
G1 F2700 E1065.79706
G0 F9000 X134.077 Y117.963
G0 X133.931 Y117.754
G0 X62.178 Y119.072
G0 X60.89 Y119.947
G0 X60.962 Y120.194
G1 F2700 E1070.79706
G1 F1200 X61.47 Y119.957 E1070.81571
G1 X61.967 Y119.584 E1070.83638
G1 X62.311 Y119.192 E1070.85372
G1 X62.606 Y118.688 E1070.87315
G1 X62.783 Y118.149 E1070.89201
G1 X62.864 Y117.568 E1070.91153
G1 X62.812 Y116.912 E1070.93341
G1 X62.729 Y116.609 E1070.94386
G1 X62.433 Y115.989 E1070.96671
G1 X62.274 Y115.717 E1070.97719
G1 X61.837 Y115.309 E1070.99708
G1 X61.618 Y115.141 E1071.00626
G1 X61.251 Y114.92 E1071.02051
G1 X60.584 Y114.675 E1071.04414
G1 X60.268 Y114.644 E1071.0547
G1 X59.585 Y114.659 E1071.07742
G1 X59.14 Y114.771 E1071.09268
G1 X58.896 Y114.859 E1071.10131
G1 X58.511 Y115.048 E1071.11558
G1 X58.054 Y115.393 E1071.13462
G1 X57.655 Y115.859 E1071.15503
G1 X57.432 Y116.225 E1071.16928
G1 X57.285 Y116.595 E1071.18252
G1 X57.205 Y116.909 E1071.1933
G1 X57.133 Y117.457 E1071.21168
G1 X57.152 Y117.752 E1071.22151
G1 X57.24 Y118.236 E1071.23788
G1 X57.328 Y118.52 E1071.24777
G1 X57.51 Y118.92 E1071.26238
G1 X57.833 Y119.377 E1071.281
G1 X58.263 Y119.783 E1071.30066
G1 X58.761 Y120.073 E1071.31983
G1 X59.016 Y120.18 E1071.32903
G1 X59.416 Y120.304 E1071.34296
G1 X60.224 Y120.383 E1071.36996
G1 X60.962 Y120.194 E1071.3953
G1 F2700 E1066.3953
G0 F9000 X60.89 Y119.947
G0 X61.831 Y119.468
G0 X61.831 Y124.44
G0 X102.721 Y124.54
G0 X102.721 Y124.28
G1 F2700 E1071.3953
G1 F1200 X53.86 Y124.28 E1073.02042
G1 X53.861 Y110.717 E1073.47153
G1 X102.724 Y110.716 E1075.09672
G1 X102.64 Y111.004 E1075.1067
G1 X102.64 Y123.996 E1075.53881
G1 X102.721 Y124.28 E1075.54864
G0 F9000 X102.44 Y123.834
G1 F1200 X102.194 Y124.08 E1075.56021
G0 F9000 X101.628 Y124.08
G1 F1200 X102.44 Y123.269 E1075.59838
G0 F9000 X102.44 Y122.703
G1 F1200 X101.063 Y124.08 E1075.66315
G0 F9000 X100.497 Y124.08
G1 F1200 X102.44 Y122.137 E1075.75454
G0 F9000 X102.44 Y121.571
G1 F1200 X99.931 Y124.08 E1075.87256
G0 F9000 X99.365 Y124.08
G1 F1200 X102.44 Y121.006 E1076.01717
G0 F9000 X102.44 Y120.44
G1 F1200 X98.8 Y124.08 E1076.18839
G0 F9000 X98.234 Y124.08
G1 F1200 X102.44 Y119.874 E1076.38622
G0 F9000 X102.44 Y119.309
G1 F1200 X97.668 Y124.08 E1076.61066
G0 F9000 X97.103 Y124.08
G1 F1200 X102.44 Y118.743 E1076.8617
G0 F9000 X102.44 Y118.177
G1 F1200 X96.537 Y124.08 E1077.13935
G0 F9000 X95.971 Y124.08
G1 F1200 X102.44 Y117.612 E1077.44361
G0 F9000 X102.44 Y117.046
G1 F1200 X95.406 Y124.08 E1077.77447
G0 F9000 X94.84 Y124.08
G1 F1200 X102.44 Y116.48 E1078.13195
G0 F9000 X102.44 Y115.915
G1 F1200 X94.274 Y124.08 E1078.51603
G0 F9000 X93.709 Y124.08
G1 F1200 X102.44 Y115.349 E1078.92671
G0 F9000 X102.44 Y114.783
G1 F1200 X93.143 Y124.08 E1079.36401
G0 F9000 X92.577 Y124.08
G1 F1200 X102.44 Y114.218 E1079.82791
G0 F9000 X102.44 Y113.652
G1 F1200 X92.012 Y124.08 E1080.31842
G0 F9000 X91.446 Y124.08
G1 F1200 X102.44 Y113.086 E1080.83554
G0 F9000 X102.44 Y112.52
G1 F1200 X90.88 Y124.08 E1081.37929
G0 F9000 X90.315 Y124.08
G1 F1200 X102.44 Y111.955 E1081.94961
G0 F9000 X102.44 Y111.389
G1 F1200 X89.749 Y124.08 E1082.54656
G0 F9000 X89.183 Y124.08
G1 F1200 X102.348 Y110.915 E1083.1658
G0 F9000 X101.782 Y110.915
G1 F1200 X88.617 Y124.08 E1083.78504
G0 F9000 X88.052 Y124.08
G1 F1200 X101.217 Y110.915 E1084.40428
G0 F9000 X100.651 Y110.915
G1 F1200 X87.486 Y124.08 E1085.02352
G0 F9000 X86.92 Y124.08
G1 F1200 X100.085 Y110.915 E1085.64276
G0 F9000 X99.52 Y110.915
G1 F1200 X86.355 Y124.08 E1086.262
G0 F9000 X85.789 Y124.08
G1 F1200 X98.954 Y110.915 E1086.88124
G0 F9000 X98.388 Y110.915
G1 F1200 X85.223 Y124.08 E1087.50049
G0 F9000 X84.658 Y124.08
G1 F1200 X97.823 Y110.915 E1088.11973
G0 F9000 X97.257 Y110.915
G1 F1200 X84.092 Y124.08 E1088.73897
G0 F9000 X83.526 Y124.08
G1 F1200 X96.691 Y110.915 E1089.35821
G0 F9000 X96.126 Y110.915
G1 F1200 X82.961 Y124.08 E1089.97745
G0 F9000 X82.395 Y124.08
G1 F1200 X95.56 Y110.915 E1090.59669
G0 F9000 X94.994 Y110.915
G1 F1200 X81.829 Y124.08 E1091.21593
G0 F9000 X81.264 Y124.08
G1 F1200 X94.428 Y110.915 E1091.83515
G0 F9000 X93.863 Y110.915
G1 F1200 X80.698 Y124.08 E1092.45439
G0 F9000 X80.132 Y124.08
G1 F1200 X93.297 Y110.915 E1093.07363
G0 F9000 X92.731 Y110.915
G1 F1200 X79.566 Y124.08 E1093.69287
G0 F9000 X79.001 Y124.08
G1 F1200 X92.166 Y110.915 E1094.31212
G0 F9000 X91.6 Y110.915
G1 F1200 X78.435 Y124.08 E1094.93136
G0 F9000 X77.869 Y124.08
G1 F1200 X91.034 Y110.915 E1095.5506
G0 F9000 X90.469 Y110.915
G1 F1200 X77.304 Y124.08 E1096.16984
G0 F9000 X76.738 Y124.08
G1 F1200 X89.903 Y110.915 E1096.78908
G0 F9000 X89.337 Y110.915
G1 F1200 X76.172 Y124.08 E1097.40832
G0 F9000 X75.607 Y124.08
G1 F1200 X88.772 Y110.915 E1098.02756
G0 F9000 X88.206 Y110.915
G1 F1200 X75.041 Y124.08 E1098.6468
G0 F9000 X74.475 Y124.08
G1 F1200 X87.64 Y110.915 E1099.26605
G0 F9000 X87.075 Y110.915
G1 F1200 X73.91 Y124.08 E1099.88529
G0 F9000 X73.344 Y124.08
G1 F1200 X86.509 Y110.915 E1100.50453
G0 F9000 X85.943 Y110.915
G1 F1200 X72.778 Y124.08 E1101.12377
G0 F9000 X72.213 Y124.08
G1 F1200 X85.377 Y110.915 E1101.74299
G0 F9000 X84.812 Y110.915
G1 F1200 X71.647 Y124.08 E1102.36223
G0 F9000 X71.081 Y124.08
G1 F1200 X84.246 Y110.915 E1102.98147
G0 F9000 X83.68 Y110.915
G1 F1200 X70.516 Y124.08 E1103.60069
G0 F9000 X69.95 Y124.08
G1 F1200 X83.115 Y110.915 E1104.21993
G0 F9000 X82.549 Y110.915
G1 F1200 X69.384 Y124.08 E1104.83917
G0 F9000 X68.818 Y124.08
G1 F1200 X81.983 Y110.915 E1105.45841
G0 F9000 X81.418 Y110.915
G1 F1200 X68.253 Y124.08 E1106.07765
G0 F9000 X67.687 Y124.08
G1 F1200 X80.852 Y110.915 E1106.69689
G0 F9000 X80.286 Y110.915
G1 F1200 X67.121 Y124.08 E1107.31613
G0 F9000 X66.556 Y124.08
G1 F1200 X79.721 Y110.915 E1107.93538
G0 F9000 X79.155 Y110.915
G1 F1200 X65.99 Y124.08 E1108.55462
G0 F9000 X65.424 Y124.08
G1 F1200 X78.589 Y110.915 E1109.17386
G0 F9000 X78.023 Y110.916
G1 F1200 X64.859 Y124.08 E1109.79305
G0 F9000 X64.293 Y124.08
G1 F1200 X77.457 Y110.916 E1110.41225
G0 F9000 X76.891 Y110.916
G1 F1200 X63.727 Y124.08 E1111.03144
G0 F9000 X63.162 Y124.08
G1 F1200 X76.326 Y110.916 E1111.65063
G0 F9000 X75.76 Y110.916
G1 F1200 X62.596 Y124.08 E1112.26983
G0 F9000 X62.03 Y124.08
G1 F1200 X75.194 Y110.916 E1112.88902
G0 F9000 X74.629 Y110.916
G1 F1200 X61.465 Y124.08 E1113.50822
G0 F9000 X60.899 Y124.08
G1 F1200 X74.063 Y110.916 E1114.12741
G0 F9000 X73.497 Y110.916
G1 F1200 X60.333 Y124.08 E1114.74661
G0 F9000 X59.767 Y124.08
G1 F1200 X72.932 Y110.916 E1115.36582
G0 F9000 X72.366 Y110.916
G1 F1200 X59.202 Y124.08 E1115.98502
G0 F9000 X58.636 Y124.08
G1 F1200 X71.8 Y110.916 E1116.60421
G0 F9000 X71.235 Y110.916
G1 F1200 X58.07 Y124.08 E1117.22343
G0 F9000 X57.505 Y124.08
G1 F1200 X61.349 Y120.236 E1117.40424
G0 F9000 X60.501 Y120.518
G1 F1200 X56.939 Y124.08 E1117.57179
G0 F9000 X56.373 Y124.08
G1 F1200 X59.9 Y120.553 E1117.73768
G0 F9000 X59.384 Y120.504
G1 F1200 X55.808 Y124.08 E1117.90589
G0 F9000 X55.242 Y124.08
G1 F1200 X58.955 Y120.367 E1118.08054
G0 F9000 X58.565 Y120.192
G1 F1200 X54.676 Y124.08 E1118.26344
G0 F9000 X54.111 Y124.08
G1 F1200 X58.205 Y119.986 E1118.45601
G0 F9000 X57.904 Y119.721
G1 F1200 X54.06 Y123.565 E1118.63682
G0 F9000 X54.06 Y122.999
G1 F1200 X57.626 Y119.433 E1118.80455
G0 F9000 X57.39 Y119.104
G1 F1200 X54.06 Y122.433 E1118.96116
G0 F9000 X54.06 Y121.868
G1 F1200 X57.203 Y118.725 E1119.109
G0 F9000 X57.055 Y118.307
G1 F1200 X54.06 Y121.302 E1119.24988
G0 F9000 X54.06 Y120.736
G1 F1200 X56.964 Y117.833 E1119.38645
G0 F9000 X56.956 Y117.275
G1 F1200 X54.06 Y120.171 E1119.52267
G0 F9000 X54.06 Y119.605
G1 F1200 X57.083 Y116.583 E1119.66483
G0 F9000 X57.528 Y116.697
G0 X57.772 Y116.437
G0 X59.218 Y115.019
G0 X59.085 Y114.58
G1 F1200 X62.749 Y110.916 E1119.83718
G0 F9000 X62.184 Y110.916
G1 F1200 X54.06 Y119.039 E1120.21928
G0 F9000 X54.06 Y118.474
G1 F1200 X61.618 Y110.916 E1120.57479
G0 F9000 X61.052 Y110.916
G1 F1200 X54.06 Y117.908 E1120.90367
G0 F9000 X54.061 Y117.342
G1 F1200 X60.487 Y110.916 E1121.20593
G0 F9000 X59.921 Y110.916
G1 F1200 X54.061 Y116.776 E1121.48157
G0 F9000 X54.061 Y116.21
G1 F1200 X59.355 Y110.916 E1121.73058
G0 F9000 X58.79 Y110.916
G1 F1200 X54.061 Y115.644 E1121.95299
G0 F9000 X54.061 Y115.079
G1 F1200 X58.224 Y110.916 E1122.14881
G0 F9000 X57.658 Y110.916
G1 F1200 X54.061 Y114.513 E1122.318
G0 F9000 X54.061 Y113.947
G1 F1200 X57.093 Y110.916 E1122.46059
G0 F9000 X56.527 Y110.916
G1 F1200 X54.061 Y113.382 E1122.57659
G0 F9000 X54.061 Y112.816
G1 F1200 X55.961 Y110.916 E1122.66596
G0 F9000 X55.395 Y110.916
G1 F1200 X54.061 Y112.25 E1122.7287
G0 F9000 X54.061 Y111.685
G1 F1200 X54.83 Y110.916 E1122.76487
G0 F9000 X54.264 Y110.916
G1 F1200 X54.061 Y111.119 E1122.77442
G1 F2700 E1117.77442
G0 F9000 X53.6 Y111.119
G0 X53.7 Y114.916
G0 X58.159 Y115.541
G0 X59.784 Y114.916
G0 X59.774 Y114.457
G1 F2700 E1122.77442
G1 F1200 X63.315 Y110.916 E1122.94098
G0 F9000 X63.881 Y110.916
G1 F1200 X60.347 Y114.45 E1123.10721
G0 F9000 X60.816 Y114.546
G1 F1200 X64.446 Y110.916 E1123.27795
G0 F9000 X65.012 Y110.916
G1 F1200 X61.232 Y114.696 E1123.45575
G0 F9000 X61.599 Y114.895
G1 F1200 X65.578 Y110.916 E1123.64291
G0 F9000 X66.143 Y110.916
G1 F1200 X61.929 Y115.13 E1123.84113
G0 F9000 X62.226 Y115.399
G1 F1200 X66.709 Y110.916 E1124.05199
G0 F9000 X67.275 Y110.916
G1 F1200 X62.495 Y115.696 E1124.27683
G0 F9000 X62.691 Y116.065
G1 F1200 X67.841 Y110.916 E1124.51905
G0 F9000 X68.406 Y110.916
G1 F1200 X62.875 Y116.448 E1124.77923
G0 F9000 X63.01 Y116.878
G1 F1200 X68.972 Y110.916 E1125.05967
G0 F9000 X69.538 Y110.916
G1 F1200 X63.051 Y117.403 E1125.36479
G0 F9000 X63.005 Y118.014
G1 F1200 X70.103 Y110.916 E1125.69866
G0 F9000 X70.669 Y110.916
G1 F1200 X62.756 Y118.829 E1126.07087
G1 F2700 E1121.07087
;MESH:NONMESH
G0 F300 X62.756 Y118.829 Z1.8
G0 F9000 X62.359 Y118.598
G0 X62.616 Y118.089
G0 X164.72 Y118.089
G0 X166.2 Y121.23
G0 X166.5 Y121.5
;TIME_ELAPSED:2144.557728
;LAYER:8
;TYPE:WALL-INNER
;MESH:BtnFaceWithWings.stl
G1 F2700 E1126.07087
G1 F1200 X166.5 Y113.5 E1126.33695
G1 X164.5 Y113.5 E1126.40347
G1 X164.5 Y121.5 E1126.66955
G1 X166.5 Y121.5 E1126.73607
G0 F9000 X166.9 Y121.9
G1 F1200 X166.9 Y113.1 E1127.02876
G1 X164.1 Y113.1 E1127.12189
G1 X164.1 Y121.9 E1127.41457
G1 X166.9 Y121.9 E1127.5077
G0 F9000 X167.3 Y122.3
;TYPE:WALL-OUTER
G1 F1200 X167.3 Y112.7 E1127.827
G1 X163.7 Y112.7 E1127.94674
G1 X163.7 Y122.3 E1128.26603
G1 X167.3 Y122.3 E1128.38577
G0 F9000 X167.02 Y122.02
G0 X165.645 Y121.42
;TYPE:FILL
G1 F2400 X164.58 Y120.355 E1128.43587
G0 F9000 X164.825 Y121.42
G1 F2400 X166.42 Y115.47 E1128.64075
G0 F9000 X166.42 Y113.71
G1 F2400 X166.291 Y113.58 E1128.64684
G0 F9000 X166.42 Y118.131
G1 F2400 X164.58 Y118.625 E1128.71021
G0 F9000 X164.71 Y118.625
G1 F2700 E1123.71021
G0 F9000 X163.924 Y122.076
G0 X163.924 Y124.186
G0 X149.1 Y124.756
;TYPE:WALL-INNER
G1 F2700 E1128.71021
G1 F1206 X148.363 Y124.428 E1128.7369
G1 F1034.5 X148.27 Y124.31 E1128.7427
G1 F794.7 X147.74 Y124.62 E1128.77354
G1 F898.9 X148.217 Y124.759 E1128.7956
G1 F1206 X149.1 Y124.756 E1128.82482
G1 F1200 X181.5 Y124.756 E1129.90245
G1 F2700 E1124.90245
G0 F9000 X103.562 Y124.438
G0 X70.384 Y124.2
G0 X70.137 Y123.717
G0 X70.645 Y122.612
G0 X70.365 Y121.607
G0 X69.655 Y120.997
G0 X69.655 Y113.989
G0 X70.421 Y113.326
G0 X70.627 Y112.243
G0 X70.138 Y111.279
G0 X70.386 Y110.799
G0 X97.258 Y110.607
G0 X181.502 Y110.242
G1 F2700 E1129.90245
G1 F1212.1 X132.649 Y110.242 E1131.51106
G0 F9000 X132.649 Y110.09
G0 X118.351 Y110.09
G0 X118.351 Y110.242
G1 F1212.1 X117.649 Y110.242 E1131.53417
G0 F9000 X117.649 Y110.09
G0 X103.351 Y110.09
G0 X103.351 Y110.242
G1 F1212.1 X70.696 Y110.242 E1132.60942
G1 F1188.1 X70.523 Y110.249 E1132.61524
G1 F1206 X69.56 Y110.234 E1132.64711
G1 F919.5 X69.183 Y110.377 E1132.66461
G1 F941.2 X69.557 Y110.583 E1132.68272
G1 F1283.4 X69.884 Y110.67 E1132.69324
G1 F1237.1 X69.967 Y110.563 E1132.69761
G1 F1200 X70.523 Y110.249 E1132.71885
G0 F9000 X69.183 Y110.377
G1 F719.6 X68.86 Y110.38 E1132.73676
G1 F898.9 X68.376 Y110.241 E1132.75912
G1 F1212.1 X67.496 Y110.244 E1132.7881
G1 X68.231 Y110.571 E1132.81459
G1 F1036.7 X68.322 Y110.686 E1132.82023
G1 F794.7 X68.86 Y110.38 E1132.85132
G0 F9000 X67.496 Y110.244
G1 F1200 X53.5 Y110.244 E1133.31683
G1 F2700 E1128.31683
G0 F9000 X118.162 Y110.162
G0 X126.483 Y110.162
G0 X181.62 Y110.363
G0 X181.9 Y110.64
G1 F2700 E1133.31683
G1 F1200 X181.9 Y109.844 E1133.3433
G1 X132.649 Y109.844 E1134.9814
G1 F1093.4 X132 Y109.883 E1135.00513
G1 F995.9 X118.848 Y109.886 E1135.53224
G1 F1086 X118.351 Y109.844 E1135.55057
G1 F1200 X117.649 Y109.844 E1135.57392
G1 F1093.4 X117 Y109.883 E1135.59766
G1 F995.9 X103.848 Y109.886 E1136.12477
G1 F1086 X103.351 Y109.844 E1136.1431
G1 F1200 X53.1 Y109.844 E1137.81445
G1 X53.1 Y110.644 E1137.84106
G1 X67.496 Y110.644 E1138.31987
G1 X67.939 Y110.838 E1138.33596
G1 X68.063 Y111.046 E1138.34401
G1 X68.068 Y111.295 E1138.3523
G1 X68.401 Y111.042 E1138.36621
G1 X69.03 Y110.889 E1138.38774
G1 X69.635 Y110.978 E1138.40808
G1 X70.106 Y111.239 E1138.42599
G1 X70.108 Y111.121 E1138.42991
G1 X70.256 Y110.831 E1138.44074
G1 X70.607 Y110.64 E1138.45403
G1 X103.565 Y110.64 E1139.55022
G1 X103.609 Y110.544 E1139.55373
G1 F1086 X103.889 Y110.367 E1139.56591
G1 F995.9 X117 Y110.361 E1140.09137
G1 F1093.4 X117.391 Y110.544 E1140.10713
G1 F1200 X117.435 Y110.64 E1140.11065
G1 X118.565 Y110.64 E1140.14823
G1 X118.609 Y110.544 E1140.15174
G1 F1086 X118.889 Y110.367 E1140.16392
G1 F995.9 X132 Y110.361 E1140.68938
G1 F1093.4 X132.391 Y110.544 E1140.70514
G1 F1200 X132.435 Y110.64 E1140.70866
G1 X181.9 Y110.64 E1142.35387
G1 F2700 E1137.35387
G0 F9000 X181.62 Y110.363
G0 X103.562 Y110.562
G0 X70.386 Y110.799
G0 X70.138 Y111.279
G0 X70.627 Y112.243
G0 X70.421 Y113.326
G0 X69.655 Y113.989
G0 X69.655 Y120.997
G0 X70.555 Y121.943
G0 X70.581 Y122.98
G0 X70.137 Y123.717
G0 X70.384 Y124.2
G0 X103.562 Y124.438
G0 X132.438 Y124.438
G0 X146.209 Y124.2
G0 X146.459 Y123.73
G0 X145.954 Y122.586
G0 X146.262 Y121.568
G0 X147.149 Y120.99
G0 X148.215 Y121.115
G0 X148.939 Y121.898
G0 X148.982 Y122.861
G0 X147.74 Y124.62
G1 F2700 E1142.35387
G1 F719.6 X147.413 Y124.622 E1142.372
G1 F941.2 X147.04 Y124.415 E1142.39009
G1 F1240.3 X146.739 Y124.356 E1142.39996
G1 F1162.2 X146.59 Y124.276 E1142.40577
G1 X146.497 Y124.41 E1142.41137
G1 F1159.4 X145.906 Y124.749 E1142.43483
G1 X146.654 Y124.75 E1142.46058
G1 F1240.3 X147.013 Y124.774 E1142.47216
G1 F941.2 X147.413 Y124.622 E1142.4903
G0 F9000 X145.906 Y124.749
G1 F1176.5 X145.732 Y124.756 E1142.49621
G1 F1200 X132.655 Y124.756 E1142.93115
G0 F9000 X132.655 Y124.91
G0 X118.345 Y124.91
G0 X118.345 Y124.756
G1 F1200 X117.655 Y124.756 E1142.9541
G0 F9000 X117.655 Y124.91
G0 X103.345 Y124.91
G0 X103.345 Y124.756
G1 F1200 X70.7 Y124.756 E1144.03988
G1 F1206 X69.963 Y124.428 E1144.06658
G1 F1034.5 X69.87 Y124.31 E1144.07237
G1 F794.7 X69.34 Y124.62 E1144.10321
G1 F898.9 X69.817 Y124.759 E1144.12527
G1 F1206 X70.7 Y124.756 E1144.15449
G0 F9000 X69.34 Y124.62
G1 F719.6 X69.013 Y124.622 E1144.17263
G1 F941.2 X68.64 Y124.415 E1144.19072
G1 F1276.6 X68.312 Y124.327 E1144.20134
G1 F1230.8 X68.23 Y124.434 E1144.20571
G1 F1191.1 X67.674 Y124.749 E1144.22712
G1 F1194 X68.635 Y124.766 E1144.25925
G1 F916 X69.013 Y124.622 E1144.27687
G0 F9000 X67.674 Y124.749
G1 F1176.5 X67.5 Y124.756 E1144.28278
G1 F1200 X53.5 Y124.756 E1144.74842
G1 F2700 E1139.74842
G0 F9000 X81.658 Y124.803
G0 X181.62 Y124.877
G0 X181.9 Y125.156
G1 F2700 E1144.74842
G1 F1200 X181.9 Y124.356 E1144.77503
G1 X149.1 Y124.356 E1145.86596
G1 X148.656 Y124.161 E1145.88209
G1 X148.532 Y123.951 E1145.8902
G1 X148.528 Y123.701 E1145.89852
G1 X148.213 Y123.941 E1145.91169
G1 X147.572 Y124.112 E1145.93376
G1 X146.964 Y124.019 E1145.95421
G1 X146.571 Y123.801 E1145.96916
G1 X146.407 Y123.647 E1145.97664
G1 X146.357 Y123.859 E1145.98389
G1 X146.201 Y124.139 E1145.99455
G1 X145.822 Y124.356 E1146.00907
G1 X132.438 Y124.356 E1146.45423
G1 X132.393 Y124.454 E1146.45782
G1 F1086 X132.111 Y124.633 E1146.47009
G1 F995.9 X119 Y124.639 E1146.99556
G1 F1093.4 X118.607 Y124.454 E1147.01142
G1 F1200 X118.562 Y124.356 E1147.015
G1 X117.438 Y124.356 E1147.05239
G1 X117.393 Y124.454 E1147.05597
G1 F1086 X117.111 Y124.633 E1147.06825
G1 F995.9 X104 Y124.639 E1147.59372
G1 F1093.4 X103.607 Y124.454 E1147.60957
G1 F1200 X103.562 Y124.356 E1147.61316
G1 X70.7 Y124.356 E1148.70615
G1 X70.256 Y124.161 E1148.72228
G1 X70.132 Y123.951 E1148.73039
G1 X70.128 Y123.701 E1148.73871
G1 X69.813 Y123.941 E1148.75188
G1 X69.171 Y124.112 E1148.77398
G1 X68.56 Y124.018 E1148.79454
G1 X68.091 Y123.758 E1148.81238
G1 X68.089 Y123.876 E1148.8163
G1 X67.94 Y124.165 E1148.82712
G1 X67.589 Y124.356 E1148.84041
G1 X53.1 Y124.356 E1149.32231
G1 X53.1 Y125.156 E1149.34892
G1 X103.345 Y125.156 E1151.02008
G1 F1093.4 X104 Y125.117 E1151.04403
G1 F995.9 X117.152 Y125.114 E1151.57114
G1 F1086 X117.655 Y125.156 E1151.58969
G1 F1200 X118.345 Y125.156 E1151.61264
G1 F1093.4 X119 Y125.117 E1151.63659
G1 F995.9 X132.152 Y125.114 E1152.1637
G1 F1086 X132.655 Y125.156 E1152.18226
G1 F1200 X181.9 Y125.156 E1153.82015
G1 F2700 E1148.82015
G0 F9000 X181.62 Y124.877
G0 X103.562 Y124.438
G0 X70.384 Y124.2
G0 X70.137 Y123.717
G0 X70.645 Y122.612
G0 X70.418 Y121.798
G0 X69.1 Y120.501
G1 F2700 E1153.82015
G1 F1200 X69.1 Y114.499 E1154.01978
G0 F9000 X69.225 Y120.642
G0 X69.536 Y120.966
G1 F1200 X69.5 Y120.768 E1154.02647
G1 X69.5 Y114.218 E1154.24433
G1 X69.59 Y113.997 E1154.25226
G1 X69.199 Y114.111 E1154.26581
G1 X68.667 Y114.035 E1154.28368
G1 X68.7 Y114.232 E1154.29033
G1 X68.7 Y120.768 E1154.50771
G1 X68.63 Y120.986 E1154.51533
G1 X69.015 Y120.89 E1154.52853
G1 X69.536 Y120.966 E1154.54604
G1 F2700 E1149.54604
G0 F9000 X69.225 Y120.642
G0 X69.993 Y121.35
G0 X70.399 Y121.834
G0 X70.558 Y122.458
G0 X70.458 Y123.026
G0 X70.24 Y123.384
G0 X69.688 Y123.887
G0 X69.612 Y123.584
;TYPE:WALL-OUTER
G1 F2700 E1154.54604
G1 F1200 X69.154 Y123.705 E1154.56179
G1 X68.691 Y123.63 E1154.57739
G1 X68.399 Y123.471 E1154.58845
G1 F1064.3 X67.982 Y123.087 E1154.60971
G1 F956.2 X67.842 Y122.524 E1154.63393
G1 X67.944 Y122.028 E1154.65506
G1 F960 X68.175 Y121.656 E1154.67327
G1 X68.512 Y121.396 E1154.69097
G1 F1008.4 X69.05 Y121.296 E1154.71262
G1 F1129.4 X69.469 Y121.358 E1154.72759
G1 F1111.1 X69.551 Y121.353 E1154.73054
G1 F1000 X69.882 Y121.524 E1154.74541
G1 F967.7 X70.215 Y121.926 E1154.76694
G1 F956.2 X70.356 Y122.464 E1154.79016
G1 F943 X70.271 Y122.944 E1154.81079
G1 F933.9 X70.058 Y123.313 E1154.829
G1 F1048 X69.612 Y123.584 E1154.84887
G1 F2700 E1149.84887
G0 F9000 X69.688 Y123.887
G0 X70.189 Y123.468
G0 X70.458 Y123.026
G0 X70.558 Y122.458
G0 X70.399 Y121.834
G0 X69.655 Y120.997
G0 X69.655 Y113.989
G0 X69.867 Y113.799
G0 X69.708 Y113.598
G1 F2700 E1154.84887
G1 F1064.3 X69.138 Y113.7 E1154.87059
G1 F1167.9 X68.723 Y113.649 E1154.88488
G1 F1052.6 X68.601 Y113.65 E1154.8895
G1 F967.7 X68.304 Y113.459 E1154.90407
G1 F956.2 X67.974 Y113.078 E1154.92511
G1 X67.845 Y112.531 E1154.94857
G1 F948.6 X67.924 Y112.058 E1154.96874
G1 F937.5 X68.128 Y111.702 E1154.98621
G1 F1050.3 X68.586 Y111.411 E1155.00683
G1 F1200 X69.045 Y111.296 E1155.02257
G1 X69.505 Y111.366 E1155.03804
G1 X69.797 Y111.525 E1155.0491
G1 F1066.7 X70.219 Y111.917 E1155.07065
G1 F960 X70.359 Y112.485 E1155.09498
G1 X70.275 Y112.913 E1155.11311
G1 X70.078 Y113.294 E1155.13094
G1 F958.1 X69.708 Y113.598 E1155.15089
G1 F2700 E1150.15089
G0 F9000 X69.867 Y113.799
G0 X69.655 Y113.989
G0 X69.655 Y120.997
G0 X70.555 Y121.943
G0 X70.581 Y122.98
G0 X70.137 Y123.717
G0 X70.384 Y124.2
G0 X103.562 Y124.438
G0 X132.438 Y124.438
G0 X146.209 Y124.2
G0 X148.088 Y123.887
G0 X148.012 Y123.584
G1 F2700 E1155.15089
G1 F1200 X147.555 Y123.704 E1155.16661
G1 X147.09 Y123.633 E1155.18225
G1 X146.787 Y123.465 E1155.19377
G1 F1061.9 X146.454 Y123.163 E1155.21067
G1 F956.2 X146.357 Y123.027 E1155.21764
G1 F958.1 X146.245 Y122.526 E1155.23903
G1 F952.4 X146.349 Y122.004 E1155.26133
G1 F956.2 X146.538 Y121.7 E1155.27628
G1 X146.725 Y121.516 E1155.28723
G1 X147.064 Y121.323 E1155.30351
G1 X147.457 Y121.248 E1155.32021
G1 X147.921 Y121.316 E1155.33978
G1 F960 X148.273 Y121.51 E1155.35649
G1 F956.2 X148.623 Y121.936 E1155.37951
G1 F952.4 X148.755 Y122.466 E1155.4024
G1 F946.7 X148.675 Y122.932 E1155.42233
G1 F933.9 X148.459 Y123.312 E1155.44101
G1 F1048 X148.012 Y123.584 E1155.46094
G0 F9000 X148.088 Y123.887
G0 X148.34 Y124.138
G0 X149.1 Y124.266
G0 X149.1 Y123.956
G1 F1200 X148.952 Y123.891 E1155.46632
G1 F1078.7 X148.862 Y123.65 E1155.47583
G1 F960 X149.17 Y123.053 E1155.50376
G1 F946.7 X149.244 Y122.595 E1155.52332
G1 F948.6 X149.224 Y122.242 E1155.5382
G1 F944.9 X149.118 Y121.823 E1155.55645
G1 F941.2 X148.89 Y121.447 E1155.5751
G1 F946.7 X148.66 Y121.193 E1155.58955
G1 F948.6 X148.298 Y120.934 E1155.60827
G1 X147.896 Y120.799 E1155.62612
G1 F952.4 X147.459 Y120.742 E1155.64459
G1 X147.113 Y120.795 E1155.65925
G1 F948.6 X146.774 Y120.901 E1155.6742
G1 F950.5 X146.397 Y121.132 E1155.69276
G1 F956.2 X146.105 Y121.445 E1155.71063
G1 F952.4 X145.876 Y121.823 E1155.72915
G1 F944.9 X145.775 Y122.241 E1155.74732
G1 F952.4 X145.754 Y122.594 E1155.76214
G1 F950.5 X145.813 Y122.939 E1155.77684
G1 F948.6 X145.92 Y123.269 E1155.79143
G1 F954.3 X146.043 Y123.452 E1155.80065
G1 F1061.9 X146.002 Y123.673 E1155.8091
G1 F1200 X145.885 Y123.886 E1155.81718
G1 X145.767 Y123.954 E1155.82171
G1 X132.2 Y123.956 E1156.27295
G1 X132.131 Y124.152 E1156.27987
G1 X132.035 Y124.198 E1156.28341
G1 X119 Y124.2 E1156.71695
G1 X118.869 Y124.152 E1156.72159
G1 X118.8 Y123.956 E1156.7285
G1 X117.2 Y123.956 E1156.78172
G1 X117.131 Y124.152 E1156.78863
G1 X117.035 Y124.198 E1156.79217
G1 X104 Y124.2 E1157.22572
G1 X103.869 Y124.152 E1157.23036
G1 X103.8 Y123.956 E1157.23727
G1 X70.7 Y123.956 E1158.33818
G1 X70.552 Y123.891 E1158.34356
G1 F1081.1 X70.462 Y123.651 E1158.35302
G1 F963.9 X70.768 Y123.045 E1158.38113
G1 F948.6 X70.84 Y122.618 E1158.39935
G1 F950.5 X70.832 Y122.283 E1158.41342
G1 F944.9 X70.735 Y121.873 E1158.43122
G1 F941.2 X70.524 Y121.495 E1158.44957
G1 X70.311 Y121.232 E1158.46393
G1 F944.9 X69.953 Y120.974 E1158.48257
G1 F1059.6 X69.9 Y120.768 E1158.49058
G1 F1167.9 X69.9 Y117.436 E1158.60445
G1 F1108.5 X69.9 Y114.104 E1158.72441
G1 F1016.9 X70.371 Y113.697 E1158.74885
G1 F950.5 X70.584 Y113.429 E1158.76322
G1 F948.6 X70.76 Y113.041 E1158.78115
G1 F950.5 X70.848 Y112.637 E1158.79851
G1 F943 X70.816 Y112.198 E1158.81714
G1 X70.733 Y111.882 E1158.83097
G1 F948.6 X70.599 Y111.609 E1158.84376
G1 F1030 X70.504 Y111.336 E1158.85496
G1 F1159.4 X70.5 Y111.2 E1158.85964
G1 F1200 X70.549 Y111.103 E1158.86326
G1 X70.661 Y111.042 E1158.8675
G1 X103.8 Y111.04 E1159.96971
G1 X103.869 Y110.848 E1159.97649
G1 X103.965 Y110.802 E1159.98003
G1 X117 Y110.8 E1160.41358
G1 X117.131 Y110.848 E1160.41822
G1 X117.2 Y111.04 E1160.42501
G1 X118.8 Y111.04 E1160.47822
G1 X118.869 Y110.848 E1160.48501
G1 X118.965 Y110.802 E1160.48855
G1 X132 Y110.8 E1160.9221
G1 X132.131 Y110.848 E1160.92674
G1 X132.2 Y111.04 E1160.93352
G1 X182.3 Y111.04 E1162.59985
G1 X182.3 Y109.444 E1162.65294
G1 X52.7 Y109.444 E1166.96345
G1 X52.7 Y111.044 E1167.01667
G1 X67.496 Y111.044 E1167.50878
G1 X67.644 Y111.108 E1167.51415
G1 F1090.9 X67.73 Y111.354 E1167.52368
G1 F973.6 X67.431 Y111.955 E1167.5512
G1 F950.5 X67.357 Y112.378 E1167.56923
G1 X67.368 Y112.712 E1167.58326
G1 F944.9 X67.461 Y113.124 E1167.6011
G1 F943 X67.671 Y113.5 E1167.61933
G1 X67.889 Y113.764 E1167.63382
G1 F944.9 X68.26 Y114.033 E1167.65318
G1 F1034.5 X68.3 Y114.161 E1167.65835
G1 F1121.5 X68.301 Y120.867 E1167.89701
G1 F1025.6 X68.227 Y120.985 E1167.90243
G1 F952.4 X68.089 Y121.076 E1167.90936
G1 F954.3 X67.823 Y121.303 E1167.92398
G1 F952.4 X67.611 Y121.568 E1167.9382
G1 F944.9 X67.439 Y121.956 E1167.95613
G1 X67.35 Y122.359 E1167.97356
G1 F941.2 X67.38 Y122.796 E1167.99214
G1 F944.9 X67.466 Y123.114 E1168.00605
G1 F952.4 X67.6 Y123.39 E1168.01891
G1 F1030 X67.692 Y123.661 E1168.03
G1 F1159.4 X67.697 Y123.796 E1168.03465
G1 F1200 X67.647 Y123.893 E1168.03828
G1 X67.535 Y123.954 E1168.04252
G1 X52.7 Y123.956 E1168.53594
G1 X52.7 Y125.556 E1168.58915
G1 X182.3 Y125.556 E1172.89967
G1 X182.3 Y123.956 E1172.95288
G1 X149.1 Y123.956 E1174.05712
G1 F2700 E1169.05712
;MESH:NONMESH
G0 F300 X149.1 Y123.956 Z2
G0 F9000 X149.1 Y124.266
G0 X166.5 Y124.186
G0 X166.5 Y122.07
G0 X166.5 Y121.5
;TIME_ELAPSED:2236.531478
;LAYER:9
;TYPE:WALL-INNER
;MESH:BtnFaceWithWings.stl
G1 F2700 E1174.05712
G1 F1200 X166.5 Y113.5 E1174.3232
G1 X164.5 Y113.5 E1174.38972
G1 X164.5 Y121.5 E1174.6558
G1 X166.5 Y121.5 E1174.72232
G0 F9000 X166.9 Y121.9
G1 F1200 X166.9 Y113.1 E1175.01501
G1 X164.1 Y113.1 E1175.10814
G1 X164.1 Y121.9 E1175.40083
G1 X166.9 Y121.9 E1175.49396
G0 F9000 X167.3 Y122.3
;TYPE:WALL-OUTER
G1 F1200 X167.3 Y112.7 E1175.81326
G1 X163.7 Y112.7 E1175.93299
G1 X163.7 Y122.3 E1176.25229
G1 X167.3 Y122.3 E1176.37203
G0 F9000 X167.02 Y122.02
G0 X165.846 Y121.42
;TYPE:FILL
G1 F2400 X164.58 Y120.154 E1176.43157
G0 F9000 X164.678 Y121.42
G1 F2400 X166.42 Y114.921 E1176.65536
G0 F9000 X166.419 Y118.279
G1 F2400 X164.58 Y118.772 E1176.71869
G0 F9000 X164.71 Y118.772
G1 F2700 E1171.71869
G0 F9000 X163.924 Y122.076
G0 X163.924 Y124.282
G0 X149.184 Y124.872
;TYPE:WALL-INNER
G1 F2700 E1176.71869
G1 F1194 X181.498 Y124.87 E1177.79883
G1 F2700 E1172.79883
G0 F9000 X70.278 Y124.315
G0 X70.035 Y123.819
G0 X70.638 Y122.688
G0 X70.368 Y121.611
G0 X69.656 Y120.998
G0 X69.655 Y113.989
G0 X70.571 Y112.986
G0 X70.548 Y111.953
G0 X70.035 Y111.179
G0 X70.279 Y110.685
G0 X181.5 Y110.128
G1 F2700 E1177.79883
G1 F1206 X132.482 Y110.126 E1179.42102
G0 F9000 X132.482 Y110.09
G0 X118.344 Y110.09
G0 X118.344 Y110.126
G1 F1212.1 X117.482 Y110.126 E1179.44941
G0 F9000 X117.482 Y110.09
G0 X103.344 Y110.09
G0 X103.344 Y110.126
G1 F1200 X70.784 Y110.128 E1180.53236
G1 F1176.5 X70.61 Y110.135 E1180.53826
G1 F1113.7 X69.793 Y110.151 E1180.56755
G1 F1148.3 X69.244 Y110.123 E1180.58666
G1 F1218.3 X68.741 Y110.127 E1180.60314
G1 F1142.9 X68.393 Y110.15 E1180.61532
G1 F1140.1 X67.408 Y110.128 E1180.6498
G1 X68.218 Y110.505 E1180.68108
G1 F1086 X68.305 Y110.645 E1180.68714
G1 X68.456 Y110.582 E1180.69315
G1 F1148.3 X68.829 Y110.513 E1180.70634
G1 F1224.5 X69.244 Y110.513 E1180.71986
G1 F1191.1 X69.539 Y110.543 E1180.7298
G1 F1113.7 X69.887 Y110.638 E1180.74273
G1 F1076.2 X69.97 Y110.508 E1180.74845
G1 F1113.7 X70.61 Y110.135 E1180.77499
G0 F9000 X67.408 Y110.128
G1 F1200 X53.5 Y110.128 E1181.23758
G1 F2700 E1176.23758
G0 F9000 X98.485 Y110.148
G0 X181.62 Y110.248
G0 X181.9 Y110.528
G1 F2700 E1181.23758
G1 F1200 X181.9 Y109.728 E1181.26418
G1 X132.482 Y109.728 E1182.90783
G1 F1025.6 X132 Y109.796 E1182.92678
G1 F888.9 X118.838 Y109.799 E1183.51777
G1 F879.1 X118.741 Y109.81 E1183.5222
G1 F1012.7 X118.344 Y109.728 E1183.53818
G1 F1200 X117.482 Y109.728 E1183.56685
G1 F1025.6 X117 Y109.796 E1183.58579
G1 F888.9 X103.838 Y109.799 E1184.17678
G1 F879.1 X103.741 Y109.81 E1184.18121
G1 F1012.7 X103.344 Y109.727 E1184.19719
G1 F1200 X53.1 Y109.728 E1185.86832
G1 X53.1 Y110.528 E1185.89492
G1 X67.408 Y110.528 E1186.37081
G1 X67.903 Y110.771 E1186.38915
G1 X68.069 Y111.116 E1186.40189
G1 X68.09 Y111.268 E1186.40699
G1 X68.207 Y111.171 E1186.41204
G1 X68.532 Y110.997 E1186.42431
G1 X68.879 Y110.908 E1186.43622
G1 X69.338 Y110.908 E1186.45149
G1 X69.771 Y111.045 E1186.46659
G1 X70.083 Y111.23 E1186.47866
G1 X70.281 Y110.779 E1186.49504
G1 X70.693 Y110.528 E1186.51108
G1 X103.344 Y110.526 E1187.59706
G1 F1083.5 X103.663 Y110.481 E1187.60893
G1 F933.9 X103.838 Y110.332 E1187.61875
G1 F890.5 X117 Y110.332 E1188.20865
G1 F1025.6 X117.29 Y110.474 E1188.22121
G1 F1200 X117.319 Y110.524 E1188.22313
G1 X118.344 Y110.524 E1188.25723
G1 F1083.5 X118.663 Y110.481 E1188.26908
G1 F933.9 X118.838 Y110.332 E1188.27891
G1 F890.5 X132 Y110.332 E1188.8688
G1 F1025.6 X132.29 Y110.474 E1188.88137
G1 F1200 X132.319 Y110.524 E1188.88329
G1 X181.9 Y110.528 E1190.53236
G1 F2700 E1185.53236
G0 F9000 X181.62 Y110.248
G0 X70.279 Y110.685
G0 X70.035 Y111.179
G0 X70.627 Y112.243
G0 X70.42 Y113.329
G0 X69.655 Y113.989
G0 X69.656 Y120.998
G0 X70.521 Y121.883
G0 X70.558 Y123.05
G0 X70.035 Y123.819
G0 X70.278 Y124.315
G0 X149.184 Y124.872
G1 F2700 E1190.53236
G1 F1140.1 X148.375 Y124.496 E1190.56359
G1 F1086 X148.289 Y124.355 E1190.56966
G1 X148.137 Y124.419 E1190.57572
G1 F1137.4 X147.821 Y124.475 E1190.58698
G1 F1209.1 X147.352 Y124.484 E1190.60247
G1 F1182.3 X147.053 Y124.453 E1190.61261
G1 F1106 X146.705 Y124.356 E1190.62565
G1 F1071.4 X146.622 Y124.49 E1190.63152
G1 F1111.1 X145.978 Y124.865 E1190.65829
G1 X146.8 Y124.848 E1190.68782
G1 F1142.9 X147.352 Y124.876 E1190.70713
G1 F1209.1 X147.855 Y124.872 E1190.72373
G1 F1137.4 X148.2 Y124.851 E1190.73586
G1 F1140.1 X149.184 Y124.872 E1190.77031
G0 F9000 X145.978 Y124.865
G1 F1176.5 X145.804 Y124.872 E1190.77622
G1 F1200 X132.654 Y124.872 E1191.21359
G0 F9000 X132.654 Y124.91
G0 X118.51 Y124.91
G0 X118.51 Y124.872
G1 F1200 X117.654 Y124.872 E1191.24206
G0 F9000 X117.654 Y124.91
G0 X103.51 Y124.91
G0 X103.51 Y124.872
G1 F1200 X70.788 Y124.872 E1192.3304
G1 F1137.4 X69.978 Y124.495 E1192.36175
G1 F1083.5 X69.886 Y124.352 E1192.36802
G1 F1100.9 X69.691 Y124.439 E1192.37576
G1 F1137.4 X69.08 Y124.495 E1192.39729
G1 F1121.5 X68.46 Y124.418 E1192.41952
G1 F1086 X68.308 Y124.354 E1192.42558
G1 X68.222 Y124.495 E1192.43165
G1 F1118.9 X67.586 Y124.865 E1192.4579
G1 X68.397 Y124.85 E1192.48683
G1 F1156.6 X69.132 Y124.878 E1192.51221
G1 F1153.8 X69.803 Y124.851 E1192.53544
G1 F1137.4 X70.788 Y124.872 E1192.57001
G0 F9000 X67.586 Y124.865
G1 F1176.5 X67.412 Y124.872 E1192.57592
G1 F1194 X53.502 Y124.87 E1193.04088
G1 F2700 E1188.04088
G0 F9000 X181.62 Y124.992
G0 X181.9 Y125.272
G1 F2700 E1193.04088
G1 F1200 X181.9 Y124.468 E1193.06763
G1 X149.184 Y124.472 E1194.15576
G1 X148.687 Y124.229 E1194.17416
G1 X148.524 Y123.873 E1194.18719
G1 X148.51 Y123.759 E1194.19101
G1 X148.07 Y124.002 E1194.20772
G1 X147.752 Y124.08 E1194.21862
G1 X147.264 Y124.09 E1194.23485
G1 X146.824 Y123.949 E1194.25022
G1 X146.483 Y123.751 E1194.26333
G1 X146.468 Y123.856 E1194.26686
G1 X146.297 Y124.225 E1194.28039
G1 X145.895 Y124.472 E1194.29608
G1 X132.654 Y124.472 E1194.73648
G1 F1088.4 X132.341 Y124.513 E1194.74805
G1 F937.5 X132.162 Y124.668 E1194.75813
G1 F890.5 X119 Y124.668 E1195.34803
G1 F1025.6 X118.706 Y124.524 E1195.36077
G1 F1200 X118.676 Y124.472 E1195.36276
G1 X117.654 Y124.472 E1195.39676
G1 F1088.4 X117.341 Y124.513 E1195.40833
G1 F937.5 X117.162 Y124.668 E1195.41841
G1 F890.5 X104 Y124.668 E1196.00831
G1 F1025.6 X103.706 Y124.524 E1196.02105
G1 F1200 X103.676 Y124.472 E1196.02304
G1 X70.788 Y124.472 E1197.1169
G1 X70.295 Y124.23 E1197.13517
G1 X70.129 Y123.888 E1197.14781
G1 X70.107 Y123.728 E1197.15318
G1 X69.982 Y123.829 E1197.15853
G1 X69.558 Y124.04 E1197.17428
G1 X69.132 Y124.096 E1197.18857
G1 X68.564 Y124.02 E1197.20763
G1 X68.09 Y123.761 E1197.2256
G1 X68.069 Y123.877 E1197.22952
G1 X67.912 Y124.223 E1197.24216
G1 X67.503 Y124.472 E1197.25808
G1 X53.1 Y124.468 E1197.73713
G1 X53.1 Y125.272 E1197.76387
G1 X103.51 Y125.272 E1199.44051
G1 F1025.6 X104 Y125.204 E1199.45976
G1 F888.9 X117.162 Y125.201 E1200.05075
G1 F879.1 X117.257 Y125.19 E1200.05509
G1 F1012.7 X117.654 Y125.272 E1200.07107
G1 F1200 X118.51 Y125.272 E1200.09954
G1 F1025.6 X119 Y125.204 E1200.11879
G1 F888.9 X132.162 Y125.201 E1200.70978
G1 F879.1 X132.257 Y125.19 E1200.71412
G1 F1012.7 X132.654 Y125.272 E1200.7301
G1 F1200 X181.9 Y125.272 E1202.36803
G1 F2700 E1197.36803
G0 F9000 X181.62 Y124.992
G0 X70.278 Y124.315
G0 X70.035 Y123.819
G0 X70.638 Y122.688
G0 X70.419 Y121.816
G0 X69.1 Y120.497
G1 F2700 E1202.36803
G1 F1194 X69.098 Y114.501 E1202.56846
G0 F9000 X69.223 Y120.63
G0 X69.557 Y120.976
G1 F1200 X69.5 Y120.845 E1202.57321
G1 X69.5 Y114.232 E1202.79316
G1 X69.539 Y114.033 E1202.7999
G1 X69.188 Y114.105 E1202.81182
G1 X68.863 Y114.083 E1202.82265
G1 X68.64 Y114.02 E1202.83036
G1 X68.696 Y114.151 E1202.8351
G1 X68.701 Y120.764 E1203.05505
G1 X68.661 Y120.963 E1203.0618
G1 X69.016 Y120.89 E1203.07385
G1 X69.331 Y120.914 E1203.08436
G1 X69.557 Y120.976 E1203.09215
G1 F2700 E1198.09215
G0 F9000 X69.223 Y120.63
G0 X70.275 Y121.645
G0 X70.457 Y121.977
G0 X70.552 Y122.445
G0 X70.529 Y122.76
G0 X70.389 Y123.178
G0 X70.066 Y123.563
G0 X69.506 Y123.955
G0 X69.457 Y123.65
;TYPE:WALL-OUTER
G1 F2700 E1203.09215
G1 F1170.7 X69.132 Y123.696 E1203.10335
G1 F1200 X68.698 Y123.632 E1203.11794
G1 F1165 X68.339 Y123.443 E1203.13183
G1 F1041.2 X68.083 Y123.237 E1203.14443
G1 F960 X67.931 Y122.944 E1203.15815
G1 F961.9 X67.851 Y122.509 E1203.17651
G1 X67.873 Y122.231 E1203.18808
G1 F956.2 X68.028 Y121.848 E1203.20532
G1 X68.296 Y121.537 E1203.22246
G1 F979.6 X68.549 Y121.379 E1203.23461
G1 F1032.3 X69.135 Y121.285 E1203.25756
G1 F1006.3 X69.66 Y121.381 E1203.27873
G1 F963.9 X69.849 Y121.502 E1203.28802
G1 F965.8 X70.115 Y121.771 E1203.30365
G1 F960 X70.266 Y122.045 E1203.31666
G1 F961.9 X70.346 Y122.433 E1203.3331
G1 F967.7 X70.327 Y122.724 E1203.34513
G1 X70.212 Y123.069 E1203.36012
G1 F952.4 X70.059 Y123.269 E1203.37068
G1 F1008.4 X69.873 Y123.438 E1203.38062
G1 F1116.3 X69.457 Y123.65 E1203.39732
G1 F2700 E1198.39732
G0 F9000 X69.506 Y123.955
G0 X69.99 Y123.654
G0 X70.389 Y123.178
G0 X70.529 Y122.76
G0 X70.552 Y122.445
G0 X70.457 Y121.977
G0 X70.275 Y121.645
G0 X69.984 Y121.348
G0 X69.638 Y121.177
G0 X69.685 Y113.888
G0 X69.555 Y113.65
G1 F2700 E1203.39732
G1 F1054.9 X69.484 Y113.651 E1203.4
G1 F1086 X69.053 Y113.712 E1203.416
G1 F1004.2 X68.539 Y113.617 E1203.43678
G1 F960 X68.349 Y113.499 E1203.44608
G1 F963.9 X68.081 Y113.224 E1203.46198
G1 F960 X67.931 Y112.956 E1203.47475
G1 F958.1 X67.854 Y112.568 E1203.49122
G1 X67.86 Y112.336 E1203.50089
G1 F952.4 X67.937 Y112.052 E1203.51322
G1 F991.7 X68.035 Y111.839 E1203.52266
G1 F1090.9 X68.33 Y111.566 E1203.53737
G1 F1170.7 X68.658 Y111.383 E1203.55017
G1 F1200 X68.913 Y111.311 E1203.55898
G1 X69.276 Y111.308 E1203.57106
G1 X69.612 Y111.412 E1203.58276
G1 F1165 X69.856 Y111.555 E1203.59244
G1 F1039 X70.106 Y111.753 E1203.6047
G1 F961.9 X70.265 Y112.052 E1203.61875
G1 F963.9 X70.343 Y112.425 E1203.63453
G1 F967.7 X70.327 Y112.726 E1203.64696
G1 F963.9 X70.205 Y113.096 E1203.66309
G1 F956.2 X69.864 Y113.494 E1203.68497
G1 F977.6 X69.555 Y113.65 E1203.6991
G1 F2700 E1198.6991
G0 F9000 X69.685 Y113.888
G0 X69.656 Y120.998
G0 X70.521 Y121.883
G0 X70.558 Y123.05
G0 X70.035 Y123.819
G0 X70.278 Y124.315
G0 X103.562 Y124.438
G0 X132.438 Y124.438
G0 X146.324 Y124.315
G0 X147.967 Y123.935
G0 X147.892 Y123.635
G1 F2700 E1203.6991
G1 F1200 X147.683 Y123.686 E1203.70625
G1 X147.321 Y123.688 E1203.71829
G1 X146.986 Y123.583 E1203.72997
G1 F1170.7 X146.743 Y123.439 E1203.7396
G1 F1090.9 X146.458 Y123.207 E1203.75305
G1 F1002.1 X146.32 Y122.917 E1203.76584
G1 F965.8 X146.252 Y122.539 E1203.78171
G1 F967.7 X146.267 Y122.286 E1203.79216
G1 F961.9 X146.387 Y121.917 E1203.80826
G1 F952.4 X146.728 Y121.515 E1203.83035
G1 X147.089 Y121.309 E1203.84777
G1 F956.2 X147.456 Y121.248 E1203.8633
G1 F960 X147.918 Y121.305 E1203.88265
G1 F963.9 X148.284 Y121.527 E1203.90038
G1 X148.502 Y121.754 E1203.91341
G1 F956.2 X148.657 Y122.026 E1203.92648
G1 F958.1 X148.744 Y122.425 E1203.94349
G1 F967.7 X148.73 Y122.71 E1203.95526
G1 F997.9 X148.57 Y123.168 E1203.97466
G1 F1057.3 X148.273 Y123.438 E1203.98982
G1 F1142.9 X147.892 Y123.635 E1204.0048
G0 F9000 X147.967 Y123.935
G0 X148.544 Y124.243
G0 X149.025 Y124.382
G0 X149.025 Y123.995
G1 F1142.9 X148.876 Y123.675 E1204.01712
G1 F1008.4 X148.874 Y123.56 E1204.02168
G1 F944.9 X149.012 Y123.38 E1204.03126
G1 F948.6 X149.174 Y123.026 E1204.04764
G1 F952.4 X149.245 Y122.595 E1204.06594
G1 F954.3 X149.225 Y122.245 E1204.0806
G1 F952.4 X149.12 Y121.822 E1204.09887
G1 F956.2 X148.895 Y121.447 E1204.11712
G1 F960 X148.66 Y121.192 E1204.13154
G1 F948.6 X148.297 Y120.934 E1204.15028
G1 F944.9 X147.896 Y120.795 E1204.16821
G1 F952.4 X147.46 Y120.742 E1204.18661
G1 F956.2 X147.12 Y120.794 E1204.20097
G1 F948.6 X146.77 Y120.903 E1204.21639
G1 F944.9 X146.399 Y121.129 E1204.23474
G1 X146.109 Y121.447 E1204.25292
G1 F948.6 X145.919 Y121.745 E1204.26779
G1 F960 X145.804 Y122.073 E1204.28224
G1 X145.752 Y122.412 E1204.2965
G1 F956.2 X145.774 Y122.765 E1204.31126
G1 F958.1 X145.856 Y123.1 E1204.32563
G1 F960 X146.008 Y123.424 E1204.34051
G1 F956.2 X146.103 Y123.546 E1204.34697
G1 F1043.5 X146.101 Y123.688 E1204.3524
G1 F1170.7 X145.964 Y123.993 E1204.3638
G1 F1200 X145.839 Y124.07 E1204.36868
G1 X132.158 Y124.072 E1204.82371
G1 X132.085 Y124.198 E1204.82855
G1 X118.917 Y124.2 E1205.26652
G1 X118.842 Y124.072 E1205.27146
G1 X117.158 Y124.072 E1205.32747
G1 X117.085 Y124.198 E1205.33231
G1 X103.917 Y124.2 E1205.77028
G1 X103.842 Y124.072 E1205.77521
G1 X70.788 Y124.072 E1206.8746
G1 X70.629 Y123.994 E1206.88049
G1 F1142.9 X70.476 Y123.675 E1206.89284
G1 F1008.4 X70.474 Y123.56 E1206.89739
G1 F946.7 X70.583 Y123.42 E1206.90487
G1 F948.6 X70.743 Y123.115 E1206.91936
G1 F952.4 X70.835 Y122.711 E1206.93673
G1 F963.9 X70.842 Y122.371 E1206.95081
G1 X70.755 Y121.901 E1206.9706
G1 F960 X70.528 Y121.49 E1206.99012
G1 F952.4 X70.309 Y121.231 E1207.00434
G1 F948.6 X69.946 Y120.967 E1207.02322
G1 F1008.4 X69.9 Y120.885 E1207.02694
G1 F1090.9 X69.9 Y114.151 E1207.27332
G1 F1019.1 X69.94 Y114.032 E1207.27823
G1 F948.6 X70.112 Y113.924 E1207.28678
G1 F950.5 X70.368 Y113.694 E1207.30123
G1 F944.9 X70.586 Y113.429 E1207.31572
G1 F950.5 X70.759 Y113.044 E1207.33345
G1 F952.4 X70.85 Y112.637 E1207.35092
G1 F948.6 X70.817 Y112.202 E1207.36928
G1 F956.2 X70.737 Y111.884 E1207.38297
G1 F960 X70.586 Y111.581 E1207.39704
G1 F958.1 X70.48 Y111.438 E1207.40446
G1 F1039 X70.484 Y111.307 E1207.40949
G1 F1165 X70.624 Y111.006 E1207.42086
G1 F1200 X70.749 Y110.93 E1207.42573
G1 X103.844 Y110.924 E1208.52647
G1 X103.916 Y110.802 E1208.53119
G1 X117.083 Y110.8 E1208.96912
G1 X117.156 Y110.924 E1208.97391
G1 X118.844 Y110.924 E1209.03005
G1 X118.916 Y110.802 E1209.03476
G1 X132.083 Y110.8 E1209.4727
G1 X132.156 Y110.924 E1209.47748
G1 X182.3 Y110.928 E1211.14528
G1 X182.3 Y109.328 E1211.1985
G1 X52.7 Y109.328 E1215.50901
G1 X52.7 Y110.928 E1215.56223
G1 X67.408 Y110.928 E1216.05142
G1 X67.567 Y111.006 E1216.05731
G1 F1185.2 X67.712 Y111.29 E1216.06805
G1 F1048 X67.7 Y111.468 E1216.07484
G1 F950.5 X67.614 Y111.577 E1216.08067
G1 F948.6 X67.457 Y111.884 E1216.09518
G1 F952.4 X67.362 Y112.291 E1216.11269
G1 F958.1 X67.356 Y112.624 E1216.12657
G1 X67.44 Y113.095 E1216.1465
G1 F960 X67.668 Y113.504 E1216.16597
G1 F954.3 X67.888 Y113.769 E1216.18037
G1 F948.6 X68.254 Y114.031 E1216.19931
G1 F1021.3 X68.296 Y114.106 E1216.20267
G1 F1124.1 X68.298 Y117.435 E1216.32086
G1 F1173.6 X68.301 Y120.764 E1216.43408
G1 F1057.3 X68.24 Y120.976 E1216.44241
G1 F952.4 X68.088 Y121.072 E1216.44994
G1 X67.828 Y121.302 E1216.46449
G1 F948.6 X67.609 Y121.568 E1216.47899
G1 F952.4 X67.441 Y121.952 E1216.49655
G1 X67.347 Y122.36 E1216.5141
G1 F948.6 X67.379 Y122.794 E1216.53241
G1 F952.4 X67.459 Y123.111 E1216.54611
G1 F958.1 X67.615 Y123.421 E1216.56056
G1 F960 X67.714 Y123.559 E1216.56763
G1 F1041.2 X67.712 Y123.691 E1216.57269
G1 F1165 X67.571 Y123.994 E1216.58414
G1 F1200 X67.447 Y124.07 E1216.58897
G1 X52.7 Y124.068 E1217.07946
G1 X52.7 Y125.672 E1217.13281
G1 X182.3 Y125.672 E1221.44332
G1 X182.3 Y124.068 E1221.49667
G1 X149.184 Y124.072 E1222.59811
G1 X149.025 Y123.995 E1222.60399
G1 F2700 E1217.60399
;MESH:NONMESH
G0 F300 X149.025 Y123.995 Z2.2
G0 F9000 X149.025 Y124.382
G0 X166.5 Y124.282
G0 X166.5 Y122.07
G0 X166.5 Y121.5
;TIME_ELAPSED:2328.536271
;LAYER:10
;TYPE:WALL-INNER
;MESH:BtnFaceWithWings.stl
G1 F2700 E1222.60399
G1 F1200 X166.5 Y113.5 E1222.87007
G1 X164.5 Y113.5 E1222.93659
G1 X164.5 Y121.5 E1223.20267
G1 X166.5 Y121.5 E1223.26919
G0 F9000 X166.9 Y121.9
G1 F1200 X166.9 Y113.1 E1223.56188
G1 X164.1 Y113.1 E1223.65501
G1 X164.1 Y121.9 E1223.9477
G1 X166.9 Y121.9 E1224.04083
G0 F9000 X167.3 Y122.3
;TYPE:WALL-OUTER
G1 F1200 X167.3 Y112.7 E1224.36013
G1 X163.7 Y112.7 E1224.47986
G1 X163.7 Y122.3 E1224.79916
G1 X167.3 Y122.3 E1224.9189
G0 F9000 X167.02 Y122.02
G0 X166.046 Y121.42
;TYPE:FILL
G1 F2400 X164.58 Y119.954 E1224.98785
G0 F9000 X164.58 Y118.918
G1 F2400 X166.42 Y118.425 E1225.05121
G0 F9000 X164.58 Y121.242
G1 F2400 X166.42 Y114.376 E1225.28763
G0 F9000 X166.29 Y114.376
G1 F2700 E1220.28763
G0 F9000 X167.076 Y112.924
G0 X167.076 Y110.582
G0 X181.5 Y110.012
;TYPE:WALL-INNER
G1 F2700 E1225.28763
G1 F1200 X132.154 Y110.012 E1226.92889
G1 F1218.3 X119 Y110.006 E1227.35983
G1 X117.154 Y110.012 E1227.4203
G1 X104 Y110.006 E1227.85125
G1 F1227.6 X87.356 Y110.009 E1228.39237
G1 F1209.1 X70.712 Y110.012 E1228.9418
G1 F1176.5 X70.538 Y110.019 E1228.94771
G1 F1071.4 X69.654 Y110.052 E1228.98066
G1 F1039 X69.044 Y110.034 E1229.00411
G1 F1034.5 X68.559 Y110.054 E1229.02283
G1 F1086 X67.492 Y110.012 E1229.06208
G1 X68.358 Y110.432 E1229.09745
G1 F1006.3 X68.431 Y110.565 E1229.10347
G1 F1039 X68.963 Y110.471 E1229.12422
G1 F1025.6 X69.605 Y110.526 E1229.1493
G1 F1000 X69.769 Y110.578 E1229.15617
G1 X69.852 Y110.427 E1229.16304
G1 F1071.4 X70.538 Y110.019 E1229.19278
G0 F9000 X67.492 Y110.012
G1 F1200 X53.5 Y110.012 E1229.65815
G1 F2700 E1224.65815
G0 F9000 X181.62 Y110.132
G0 X181.9 Y110.412
G1 F2700 E1229.65815
G1 F1200 X181.9 Y109.612 E1229.68476
G1 X53.1 Y109.612 E1233.96866
G1 X53.1 Y110.412 E1233.99527
G1 X67.492 Y110.412 E1234.47395
G1 X68.007 Y110.687 E1234.49337
G1 X68.155 Y111.042 E1234.50616
G1 X68.17 Y111.205 E1234.51161
G1 X68.427 Y111.034 E1234.52187
G1 X68.999 Y110.895 E1234.54145
G1 X69.571 Y110.964 E1234.56062
G1 X69.912 Y111.124 E1234.57314
G1 X70.037 Y111.215 E1234.57829
G1 X70.047 Y111.06 E1234.58345
G1 X70.194 Y110.688 E1234.59676
G1 X70.62 Y110.412 E1234.61364
G1 X103.907 Y110.407 E1235.72077
G1 X104 Y110.4 E1235.72387
G1 X117 Y110.4 E1236.15625
G1 X117.097 Y110.412 E1236.1595
G1 X118.907 Y110.407 E1236.2197
G1 X119 Y110.4 E1236.22281
G1 X132 Y110.4 E1236.65519
G1 X132.097 Y110.412 E1236.65844
G1 X181.9 Y110.412 E1238.31489
G1 F2700 E1233.31489
G0 F9000 X181.62 Y110.132
G0 X70.145 Y110.57
G0 X69.915 Y111.107
G0 X70.627 Y112.24
G0 X70.421 Y113.325
G0 X69.655 Y114.003
G0 X69.655 Y120.997
G0 X70.572 Y122.022
G0 X70.491 Y123.183
G0 X69.915 Y123.899
G0 X70.147 Y124.43
G0 X181.498 Y124.986
G1 F2700 E1238.31489
G1 F1188.1 X149.104 Y124.986 E1239.4031
G1 F1086 X148.246 Y124.573 E1239.43809
G1 F1000 X148.164 Y124.42 E1239.44502
G1 X148.001 Y124.473 E1239.45186
G1 F1008.4 X147.525 Y124.533 E1239.47085
G1 X146.988 Y124.474 E1239.49223
G1 F1000 X146.83 Y124.424 E1239.49885
G1 X146.742 Y124.573 E1239.50575
G1 F1066.7 X146.058 Y124.979 E1239.53552
G1 X146.939 Y124.948 E1239.5685
G1 F1039 X147.516 Y124.966 E1239.59068
G1 X148.048 Y124.948 E1239.61113
G1 F1086 X149.104 Y124.986 E1239.64996
G0 F9000 X146.058 Y124.979
G1 F1165 X145.884 Y124.986 E1239.65593
G1 F1200 X138.942 Y124.99 E1239.88682
G1 F1224.5 X132 Y124.994 E1240.1131
G1 F1237.1 X119 Y124.994 E1240.53251
G1 F1212.1 X118.824 Y124.986 E1240.53831
G1 X117 Y124.994 E1240.59837
G1 F1218.3 X103.845 Y124.988 E1241.02934
G1 F1197 X70.704 Y124.986 E1242.13437
G1 F1088.4 X69.846 Y124.573 E1242.16929
G1 F1000 X69.764 Y124.42 E1242.17622
G1 X69.601 Y124.473 E1242.18306
G1 F1008.4 X69.129 Y124.532 E1242.20188
G1 X68.59 Y124.474 E1242.22334
G1 F1000 X68.425 Y124.421 E1242.23026
G1 X68.342 Y124.573 E1242.23717
G1 F1066.7 X67.658 Y124.979 E1242.26693
G1 X68.54 Y124.948 E1242.29996
G1 F1039 X69.116 Y124.966 E1242.32209
G1 X69.648 Y124.948 E1242.34254
G1 F1088.4 X70.704 Y124.986 E1242.38129
G0 F9000 X67.658 Y124.979
G1 F1165 X67.484 Y124.986 E1242.38726
G1 F1188.1 X53.502 Y124.986 E1242.85695
G1 F2700 E1237.85695
G0 F9000 X181.62 Y125.108
G0 X181.9 Y125.388
G1 F2700 E1242.85695
G1 F1200 X181.9 Y124.584 E1242.88369
G1 X149.104 Y124.584 E1243.97449
G1 X148.609 Y124.324 E1243.99309
G1 X148.465 Y124.009 E1244.00461
G1 X148.421 Y123.794 E1244.01191
G1 X147.986 Y124.029 E1244.02835
G1 X147.543 Y124.104 E1244.04329
G1 X147.025 Y124.036 E1244.06067
G1 X146.574 Y123.822 E1244.07727
G1 X146.567 Y123.994 E1244.083
G1 X146.379 Y124.324 E1244.09563
G1 X145.976 Y124.584 E1244.11158
G1 X132.093 Y124.593 E1244.57333
G1 X132 Y124.6 E1244.57644
G1 X119 Y124.6 E1245.00882
G1 X118.889 Y124.584 E1245.01255
G1 X117.094 Y124.593 E1245.07225
G1 X117 Y124.6 E1245.07539
G1 X104 Y124.6 E1245.50777
G1 X103.902 Y124.588 E1245.51105
G1 X70.704 Y124.585 E1246.61522
G1 X70.209 Y124.324 E1246.63383
G1 X70.065 Y124.009 E1246.64535
G1 X70.027 Y123.804 E1246.65229
G1 X69.581 Y124.03 E1246.66892
G1 X69.143 Y124.104 E1246.68369
G1 X68.628 Y124.036 E1246.70097
G1 X68.157 Y123.81 E1246.71834
G1 X68.153 Y123.924 E1246.72214
G1 X68.001 Y124.31 E1246.73594
G1 X67.576 Y124.584 E1246.75276
G1 X53.1 Y124.584 E1247.23423
G1 X53.1 Y125.388 E1247.26097
G1 X181.9 Y125.388 E1251.54488
G1 F2700 E1246.54488
G0 F9000 X181.62 Y125.108
G0 X70.147 Y124.43
G0 X69.915 Y123.899
G0 X70.594 Y122.909
G0 X70.461 Y121.851
G0 X69.1 Y120.501
G1 F2700 E1251.54488
G1 F1200 X69.1 Y114.499 E1251.7445
G0 F9000 X69.224 Y120.639
G0 X69.536 Y120.952
G1 F1200 X69.5 Y120.855 E1251.74794
G1 X69.5 Y114.232 E1251.96823
G1 X69.539 Y114.034 E1251.97494
G1 X69.172 Y114.107 E1251.98738
G1 X68.664 Y114.044 E1252.00441
G1 X68.7 Y114.232 E1252.01078
G1 X68.7 Y120.768 E1252.22816
G1 X68.663 Y120.964 E1252.2348
G1 X69.023 Y120.893 E1252.247
G1 X69.536 Y120.952 E1252.26418
G1 F2700 E1247.26418
G0 F9000 X69.224 Y120.639
G0 X70.355 Y121.756
G0 X70.537 Y122.253
G0 X70.509 Y122.868
G0 X70.352 Y123.239
G0 X70.144 Y123.476
G0 X69.618 Y123.914
G0 X69.476 Y123.636
;TYPE:WALL-OUTER
G1 F2700 E1252.26418
G1 F1200 X69.116 Y123.7 E1252.27634
G1 X68.766 Y123.652 E1252.28809
G1 F1132.1 X68.367 Y123.476 E1252.30346
G1 F1008.4 X68.037 Y123.158 E1252.3216
G1 F960 X67.866 Y122.714 E1252.34138
G1 X67.849 Y122.4 E1252.35446
G1 F958.1 X67.946 Y122.024 E1252.37063
G1 F963.9 X68.155 Y121.679 E1252.38734
G1 F967.7 X68.348 Y121.502 E1252.39814
G1 F995.9 X68.646 Y121.351 E1252.41153
G1 F1081.1 X68.72 Y121.35 E1252.41426
G1 F1170.7 X69.062 Y121.3 E1252.42604
G1 F1200 X69.412 Y121.341 E1252.43776
G1 F1061.9 X69.695 Y121.406 E1252.44868
G1 F956.2 X69.835 Y121.493 E1252.45556
G1 F963.9 X70.17 Y121.841 E1252.47556
G1 F960 X70.336 Y122.261 E1252.49433
G1 X70.32 Y122.79 E1252.51634
G1 F961.9 X70.199 Y123.089 E1252.52972
G1 F981.6 X69.924 Y123.436 E1252.54772
G1 F1090.9 X69.792 Y123.474 E1252.55275
G1 F1200 X69.476 Y123.636 E1252.56456
G1 F2700 E1247.56456
G0 F9000 X69.618 Y123.914
G0 X69.985 Y123.657
G0 X70.352 Y123.239
G0 X70.509 Y122.868
G0 X70.537 Y122.253
G0 X70.355 Y121.756
G0 X69.93 Y121.304
G0 X69.645 Y121.17
G0 X69.655 Y114.003
G0 X69.598 Y113.649
G1 F2700 E1252.56456
G1 F1039 X69.487 Y113.652 E1252.56883
G1 F1132.1 X69.146 Y113.703 E1252.58098
G1 F1142.9 X68.716 Y113.648 E1252.59612
G1 F1034.5 X68.397 Y113.542 E1252.60909
G1 F956.2 X68.024 Y113.148 E1252.63174
G1 F961.9 X67.864 Y112.702 E1252.6514
G1 F963.9 X67.877 Y112.222 E1252.67128
G1 F960 X68.001 Y111.904 E1252.68547
G1 F1010.5 X68.193 Y111.652 E1252.69798
G1 F1126.8 X68.584 Y111.408 E1252.71431
G1 F1200 X69.035 Y111.297 E1252.72976
G1 X69.433 Y111.348 E1252.7431
G1 F1188.1 X69.781 Y111.504 E1252.75591
G1 F1043.5 X70.068 Y111.734 E1252.76998
G1 F948.6 X70.199 Y111.909 E1252.77918
G1 F952.4 X70.335 Y112.282 E1252.79582
G1 F937.5 X70.328 Y112.605 E1252.80957
G1 F944.9 X70.29 Y112.871 E1252.82092
G1 F960 X70.176 Y113.137 E1252.83295
G1 F963.9 X69.887 Y113.473 E1252.85131
G1 F971.7 X69.598 Y113.649 E1252.8652
G1 F2700 E1247.8652
G0 F9000 X69.718 Y113.87
G0 X69.655 Y120.997
G0 X70.572 Y122.022
G0 X70.491 Y123.183
G0 X69.915 Y123.899
G0 X70.147 Y124.43
G0 X146.455 Y124.43
G0 X148.027 Y123.911
G0 X147.876 Y123.636
G1 F2700 E1252.8652
G1 F1200 X147.517 Y123.703 E1252.87735
G1 X147.162 Y123.652 E1252.88928
G1 X146.849 Y123.509 E1252.90073
G1 F1071.4 X146.469 Y123.248 E1252.9179
G1 F960 X146.289 Y122.819 E1252.93724
G1 F956.2 X146.25 Y122.512 E1252.95016
G1 F961.9 X146.303 Y122.111 E1252.96694
G1 X146.501 Y121.745 E1252.98421
G1 F960 X146.677 Y121.558 E1252.99488
G1 F961.9 X147.037 Y121.328 E1253.01261
G1 F956.2 X147.456 Y121.248 E1253.03041
G1 F958.1 X147.885 Y121.303 E1253.04843
G1 F963.9 X148.242 Y121.487 E1253.06506
G1 F961.9 X148.601 Y121.885 E1253.0873
G1 F960 X148.733 Y122.3 E1253.10541
G1 F961.9 X148.722 Y122.775 E1253.12512
G1 F963.9 X148.592 Y123.106 E1253.13985
G1 F971.7 X148.348 Y123.412 E1253.15592
G1 F1048 X148.243 Y123.451 E1253.16019
G1 F1162.2 X147.876 Y123.636 E1253.1743
G0 F9000 X148.027 Y123.911
G0 X148.547 Y124.43
G0 X149.104 Y124.497
G0 X149.104 Y124.184
G1 F1200 X148.939 Y124.098 E1253.18049
G1 F1162.2 X148.807 Y123.783 E1253.19222
G1 F1027.8 X148.8 Y123.653 E1253.19728
G1 F946.7 X148.888 Y123.554 E1253.20286
G1 F952.4 X149.065 Y123.273 E1253.21678
G1 F960 X149.193 Y122.932 E1253.23192
G1 F948.6 X149.239 Y122.598 E1253.24611
G1 X149.228 Y122.245 E1253.26096
G1 F952.4 X149.118 Y121.826 E1253.27912
G1 F941.2 X148.889 Y121.443 E1253.29804
G1 X148.659 Y121.184 E1253.31273
G1 F946.7 X148.304 Y120.949 E1253.33068
G1 F948.6 X147.895 Y120.79 E1253.34914
G1 X147.458 Y120.743 E1253.36763
G1 F954.3 X147.021 Y120.819 E1253.38619
G1 F948.6 X146.689 Y120.944 E1253.40111
G1 F950.5 X146.338 Y121.192 E1253.41916
G1 F961.9 X146.104 Y121.44 E1253.43331
G1 F952.4 X145.882 Y121.82 E1253.45175
G1 F946.7 X145.771 Y122.24 E1253.47006
G1 F956.2 X145.751 Y122.504 E1253.48111
G1 X145.795 Y122.932 E1253.49907
G1 X145.968 Y123.345 E1253.51777
G1 F979.6 X146.171 Y123.661 E1253.53307
G1 F1090.9 X146.177 Y123.85 E1253.53999
G1 F1200 X146.049 Y124.098 E1253.54927
G1 X145.919 Y124.182 E1253.55442
G1 X132.04 Y124.187 E1254.01603
G1 X132.031 Y124.198 E1254.01651
G1 X118.964 Y124.197 E1254.45112
G1 X118.954 Y124.184 E1254.45166
G1 X117.04 Y124.187 E1254.51532
G1 X117.032 Y124.198 E1254.51577
G1 X103.969 Y124.198 E1254.95025
G1 X103.96 Y124.188 E1254.9507
G1 X70.704 Y124.185 E1256.0568
G1 X70.539 Y124.098 E1256.063
G1 F1153.8 X70.391 Y123.756 E1256.07589
G1 F1021.3 X70.404 Y123.645 E1256.08026
G1 F944.9 X70.488 Y123.554 E1256.08549
G1 F954.3 X70.667 Y123.268 E1256.0996
G1 F960 X70.785 Y122.966 E1256.11308
G1 F948.6 X70.836 Y122.618 E1256.12788
G1 X70.834 Y122.286 E1256.14185
G1 F952.4 X70.758 Y121.955 E1256.15608
G1 F954.3 X70.627 Y121.648 E1256.17004
G1 F952.4 X70.48 Y121.431 E1256.18103
G1 F944.9 X70.249 Y121.188 E1256.19519
G1 F948.6 X69.952 Y120.973 E1256.21062
G1 F1016.9 X69.9 Y120.866 E1256.21528
G1 F1100.9 X69.899 Y114.151 E1256.45873
G1 F1016.9 X69.938 Y114.035 E1256.46353
G1 F941.2 X70.31 Y113.765 E1256.48302
G1 F946.7 X70.588 Y113.427 E1256.50147
G1 F956.2 X70.761 Y113.044 E1256.51901
G1 F944.9 X70.844 Y112.639 E1256.53648
G1 X70.824 Y112.199 E1256.55508
G1 F948.6 X70.739 Y111.88 E1256.56897
G1 F939.3 X70.554 Y111.507 E1256.58666
G1 F941.2 X70.441 Y111.386 E1256.59368
G1 F1043.5 X70.416 Y111.203 E1256.60075
G1 F1188.1 X70.546 Y110.899 E1256.61186
G1 F1200 X70.677 Y110.814 E1256.61705
G1 X103.96 Y110.812 E1257.72405
G1 X103.969 Y110.802 E1257.72449
G1 X117.031 Y110.802 E1258.15894
G1 X117.04 Y110.812 E1258.15939
G1 X118.96 Y110.812 E1258.22324
G1 X118.969 Y110.802 E1258.22369
G1 X132.031 Y110.802 E1258.65814
G1 X132.04 Y110.812 E1258.65858
G1 X182.3 Y110.812 E1260.33024
G1 X182.3 Y109.212 E1260.38345
G1 X52.7 Y109.212 E1264.69397
G1 X52.7 Y110.812 E1264.74718
G1 X67.492 Y110.812 E1265.23917
G1 X67.659 Y110.9 E1265.24545
G1 X67.772 Y111.158 E1265.25481
G1 F1064.3 X67.772 Y111.378 E1265.26306
G1 F954.3 X67.706 Y111.445 E1265.267
G1 F956.2 X67.531 Y111.727 E1265.28085
G1 F960 X67.414 Y112.034 E1265.29451
G1 F950.5 X67.36 Y112.378 E1265.30913
G1 F948.6 X67.366 Y112.709 E1265.32306
G1 F952.4 X67.442 Y113.041 E1265.33733
G1 F956.2 X67.573 Y113.35 E1265.35134
G1 F952.4 X67.718 Y113.566 E1265.36225
G1 F941.2 X67.948 Y113.811 E1265.3765
G1 F956.2 X68.23 Y114.019 E1265.39112
G1 F1073.8 X68.3 Y114.232 E1265.39946
G1 F1176.5 X68.3 Y117.561 E1265.51239
G1 F1126.8 X68.3 Y120.89 E1265.63031
G1 F1021.3 X68.247 Y120.974 E1265.6342
G1 F948.6 X67.886 Y121.23 E1265.65282
G1 X67.611 Y121.571 E1265.67125
G1 X67.438 Y121.956 E1265.68901
G1 F952.4 X67.345 Y122.359 E1265.70634
G1 F960 X67.375 Y122.793 E1265.72443
G1 F952.4 X67.461 Y123.121 E1265.73864
G1 F941.2 X67.671 Y123.521 E1265.75779
G1 F937.5 X67.785 Y123.647 E1265.76503
G1 F1023.5 X67.791 Y123.779 E1265.77018
G1 F1165 X67.649 Y124.098 E1265.78214
G1 F1200 X67.519 Y124.182 E1265.78729
G1 X52.7 Y124.184 E1266.28017
G1 X52.7 Y125.788 E1266.33352
G1 X182.3 Y125.788 E1270.64404
G1 X182.3 Y124.184 E1270.69739
G1 X149.104 Y124.184 E1271.80149
G1 F2700 E1266.80149
;MESH:NONMESH
G0 F300 X149.104 Y124.184 Z2.4
G0 F9000 X149.104 Y124.497
G0 X166.5 Y124.417
G0 X166.5 Y122.07
G0 X166.5 Y121.5
;TIME_ELAPSED:2417.201054
;LAYER:11
;TYPE:WALL-INNER
;MESH:BtnFaceWithWings.stl
G1 F2700 E1271.80149
G1 F1200 X166.5 Y113.5 E1272.06757
G1 X164.5 Y113.5 E1272.13409
G1 X164.5 Y121.5 E1272.40017
G1 X166.5 Y121.5 E1272.46669
G0 F9000 X166.9 Y121.9
G1 F1200 X166.9 Y113.1 E1272.75938
G1 X164.1 Y113.1 E1272.85251
G1 X164.1 Y121.9 E1273.1452
G1 X166.9 Y121.9 E1273.23833
G0 F9000 X167.3 Y122.3
;TYPE:WALL-OUTER
G1 F1200 X167.3 Y112.7 E1273.55762
G1 X163.7 Y112.7 E1273.67736
G1 X163.7 Y122.3 E1273.99666
G1 X167.3 Y122.3 E1274.11639
G0 F9000 X167.02 Y122.02
G0 X166.246 Y121.42
;TYPE:FILL
G1 F2400 X164.58 Y119.753 E1274.19478
G0 F9000 X164.58 Y119.065
G1 F2400 X166.42 Y118.572 E1274.25814
G0 F9000 X164.58 Y120.693
G1 F2400 X166.42 Y113.827 E1274.49456
G0 F9000 X166.29 Y113.827
G1 F2700 E1269.49456
G0 F9000 X167.076 Y112.924
G0 X167.076 Y110.487
G0 X181.5 Y109.896
;TYPE:WALL-INNER
G1 F2700 E1274.49456
G1 F1200 X70.624 Y109.896 E1278.18231
G1 F1176.5 X70.45 Y109.903 E1278.18822
G1 F1023.5 X69.489 Y109.957 E1278.22575
G1 F937.5 X69.148 Y109.947 E1278.24028
G1 F941.2 X68.722 Y109.955 E1278.25835
G1 F1043.5 X67.592 Y109.896 E1278.30163
G1 X68.5 Y110.349 E1278.34044
G1 F924.9 X68.582 Y110.508 E1278.34816
G1 X68.746 Y110.473 E1278.3554
G1 F930.2 X69.243 Y110.443 E1278.37676
G1 F928.4 X69.628 Y110.512 E1278.39357
G1 F919.5 X69.713 Y110.351 E1278.40148
G1 F1023.5 X70.45 Y109.903 E1278.43511
G0 F9000 X67.592 Y109.896
G1 F1200 X53.5 Y109.896 E1278.90381
G1 F2700 E1273.90381
G0 F9000 X181.62 Y110.017
G0 X181.9 Y110.296
G1 F2700 E1278.90381
G1 F1200 X181.9 Y109.496 E1278.93042
G1 X53.1 Y109.496 E1283.21433
G1 X53.1 Y110.296 E1283.24093
G1 X67.592 Y110.296 E1283.72294
G1 X68.107 Y110.586 E1283.7426
G1 X68.249 Y110.875 E1283.75331
G1 X68.251 Y111.166 E1283.76299
G1 X68.679 Y110.943 E1283.77904
G1 X69.19 Y110.896 E1283.79611
G1 X69.581 Y110.974 E1283.80937
G1 X69.942 Y111.146 E1283.82267
G1 X69.964 Y110.879 E1283.83158
G1 X70.108 Y110.588 E1283.84238
G1 X70.532 Y110.296 E1283.8595
G1 X181.9 Y110.296 E1287.56361
G1 F2700 E1282.56361
G0 F9000 X181.62 Y110.017
G0 X69.988 Y110.456
G0 X69.774 Y111.034
G0 X70.596 Y112.097
G0 X70.45 Y113.259
G0 X69.655 Y113.989
G0 X69.655 Y120.996
G0 X70.549 Y121.95
G0 X70.557 Y123.049
G0 X69.774 Y123.971
G0 X69.989 Y124.545
G0 X181.5 Y125.1
G1 F2700 E1287.56361
G1 F1200 X149.004 Y125.1 E1288.64444
G1 F1041.2 X148.093 Y124.645 E1288.68347
G1 F928.4 X148.019 Y124.499 E1288.69051
G1 F937.5 X147.365 Y124.554 E1288.71845
G1 F930.2 X146.984 Y124.487 E1288.73505
G1 F921.3 X146.902 Y124.645 E1288.74276
G1 F1025.6 X146.166 Y125.093 E1288.77629
G1 X147.125 Y125.04 E1288.81366
G1 F937.5 X147.452 Y125.049 E1288.82759
G1 X147.869 Y125.039 E1288.84535
G1 F1041.2 X149.004 Y125.1 E1288.88892
G0 F9000 X146.166 Y125.093
G1 F1176.5 X145.992 Y125.1 E1288.89482
G1 F1200 X70.604 Y125.1 E1291.40224
G1 F1041.2 X69.693 Y124.645 E1291.44127
G1 F928.4 X69.618 Y124.502 E1291.44822
G1 F937.5 X68.964 Y124.554 E1291.47615
G1 F928.4 X68.572 Y124.486 E1291.49325
G1 F919.5 X68.488 Y124.645 E1291.50105
G1 F1023.5 X67.75 Y125.093 E1291.53472
G1 X68.712 Y125.039 E1291.5723
G1 F937.5 X69.052 Y125.049 E1291.58678
G1 X69.469 Y125.039 E1291.60454
G1 F1041.2 X70.604 Y125.1 E1291.64811
G0 F9000 X67.75 Y125.093
G1 F1176.5 X67.576 Y125.1 E1291.65401
G1 F1200 X53.5 Y125.1 E1292.12218
G1 F2700 E1287.12218
G0 F9000 X181.62 Y125.223
G0 X181.9 Y125.5
G1 F2700 E1292.12218
G1 F1200 X181.9 Y124.7 E1292.14879
G1 X149.004 Y124.7 E1293.24292
G1 X148.488 Y124.408 E1293.26264
G1 X148.353 Y124.121 E1293.27319
G1 X148.322 Y123.871 E1293.28156
G1 X147.951 Y124.044 E1293.29518
G1 X147.412 Y124.1 E1293.3132
G1 X146.986 Y124.016 E1293.32764
G1 X146.669 Y123.855 E1293.33947
G1 X146.669 Y124.086 E1293.34715
G1 X146.507 Y124.409 E1293.35917
G1 X146.084 Y124.7 E1293.37625
G1 X70.604 Y124.7 E1295.88672
G1 X70.088 Y124.408 E1295.90644
G1 X69.947 Y124.12 E1295.91711
G1 X69.917 Y123.875 E1295.92532
G1 X69.544 Y124.045 E1295.93895
G1 X69.012 Y124.1 E1295.95674
G1 X68.597 Y124.019 E1295.9708
G1 X68.254 Y123.85 E1295.98352
G1 X68.251 Y124.063 E1295.99061
G1 X68.092 Y124.408 E1296.00324
G1 X67.668 Y124.7 E1296.02036
G1 X53.1 Y124.7 E1296.5049
G1 X53.1 Y125.5 E1296.53151
G1 X181.9 Y125.5 E1300.81541
G1 F2700 E1295.81541
G0 F9000 X181.62 Y125.223
G0 X69.989 Y124.545
G0 X69.774 Y123.971
G0 X70.557 Y123.049
G0 X70.549 Y121.95
G0 X69.1 Y120.501
G1 F2700 E1300.81541
G1 F1200 X69.1 Y114.493 E1301.01524
G0 F9000 X69.224 Y120.636
G0 X69.534 Y120.943
G1 F1200 X69.502 Y120.827 E1301.01924
G1 X69.503 Y114.164 E1301.24085
G1 X69.58 Y114.007 E1301.24667
G1 X69.274 Y114.099 E1301.2573
G1 X68.824 Y114.084 E1301.27227
G1 X68.654 Y114.038 E1301.27813
G1 X68.7 Y114.208 E1301.28399
G1 X68.7 Y120.835 E1301.5044
G1 X68.668 Y120.943 E1301.50815
G1 X69.083 Y120.9 E1301.52203
G1 X69.534 Y120.943 E1301.53709
G1 F2700 E1296.53709
G0 F9000 X69.224 Y120.636
G0 X70.312 Y121.696
G0 X70.481 Y122.044
G0 X70.555 Y122.518
G0 X70.498 Y122.905
G0 X70.355 Y123.185
G0 X69.963 Y123.732
G0 X69.76 Y123.503
;TYPE:WALL-OUTER
G1 F2700 E1301.53709
G1 F1185.2 X69.46 Y123.646 E1301.54829
G1 F1200 X69.052 Y123.696 E1301.56196
G1 X68.703 Y123.633 E1301.57375
G1 F1182.3 X68.401 Y123.481 E1301.58517
G1 F1048 X68.173 Y123.341 E1301.59536
G1 F960 X67.953 Y123.006 E1301.61202
G1 F963.9 X67.856 Y122.692 E1301.62563
G1 F956.2 X67.876 Y122.224 E1301.64518
G1 F952.4 X68.06 Y121.786 E1301.66509
G1 F948.6 X68.44 Y121.427 E1301.68708
G1 F1034.5 X68.763 Y121.334 E1301.70005
G1 F1167.9 X69.065 Y121.3 E1301.71044
G1 F1153.8 X69.433 Y121.332 E1301.72322
G1 F1069 X69.811 Y121.449 E1301.73799
G1 F993.8 X70.143 Y121.806 E1301.75757
G1 F958.1 X70.305 Y122.141 E1301.77307
G1 F956.2 X70.35 Y122.551 E1301.79029
G1 F960 X70.296 Y122.863 E1301.80345
G1 F963.9 X70.08 Y123.286 E1301.82312
G1 F1057.3 X69.76 Y123.503 E1301.83771
G1 F2700 E1296.83771
G0 F9000 X69.963 Y123.732
G0 X70.246 Y123.399
G0 X70.498 Y122.905
G0 X70.555 Y122.518
G0 X70.481 Y122.044
G0 X70.312 Y121.696
G0 X69.655 Y120.996
G0 X69.655 Y113.989
G0 X69.692 Y113.601
G1 F2700 E1301.83771
G1 F1064.3 X69.243 Y113.693 E1301.8549
G1 F1129.4 X68.736 Y113.682 E1301.87282
G1 F1002.1 X68.538 Y113.607 E1301.88126
G1 F952.4 X68.318 Y113.469 E1301.89214
G1 F956.2 X68.04 Y113.177 E1301.90897
G1 X67.857 Y112.679 E1301.93111
G1 F960 X67.872 Y112.271 E1301.94809
G1 F956.2 X67.955 Y111.977 E1301.96084
G1 F948.6 X68.269 Y111.564 E1301.98267
G1 F1057.3 X68.799 Y111.331 E1302.00452
G1 F1200 X69.148 Y111.3 E1302.01618
G1 X69.455 Y111.354 E1302.02655
G1 F1043.5 X69.892 Y111.519 E1302.04441
G1 F941.2 X70.138 Y111.805 E1302.06041
G1 F960 X70.292 Y112.135 E1302.07555
G1 X70.355 Y112.496 E1302.09079
G1 X70.293 Y112.862 E1302.10622
G1 X70.169 Y113.139 E1302.11884
G1 F956.2 X70.008 Y113.36 E1302.13025
G1 X69.692 Y113.601 E1302.14684
G1 F2700 E1297.14684
G0 F9000 X69.77 Y113.851
G0 X69.655 Y120.996
G0 X70.549 Y121.95
G0 X70.557 Y123.049
G0 X69.774 Y123.971
G0 X69.989 Y124.545
G0 X146.612 Y124.544
G0 X148.239 Y123.813
G0 X148.11 Y123.529
G1 F2700 E1302.14684
G1 F1200 X147.867 Y123.644 E1302.15578
G1 X147.452 Y123.696 E1302.16969
G1 X147.099 Y123.632 E1302.18162
G1 F1064.3 X146.718 Y123.469 E1302.19716
G1 F956.2 X146.44 Y123.167 E1302.2143
G1 F944.9 X146.345 Y122.928 E1302.22516
G1 F948.6 X146.262 Y122.676 E1302.23632
G1 F954.3 X146.281 Y122.208 E1302.25591
G1 X146.364 Y121.972 E1302.26638
G1 F960 X146.55 Y121.679 E1302.28081
G1 F961.9 X146.844 Y121.429 E1302.29682
G1 F960 X147.242 Y121.272 E1302.31461
G1 X147.59 Y121.255 E1302.32909
G1 F967.7 X147.872 Y121.308 E1302.34093
G1 X148.242 Y121.491 E1302.35795
G1 F960 X148.562 Y121.843 E1302.37773
G1 F958.1 X148.691 Y122.136 E1302.39106
G1 F960 X148.747 Y122.48 E1302.40555
G1 X148.708 Y122.838 E1302.42053
G1 X148.506 Y123.237 E1302.43912
G1 F950.5 X148.356 Y123.396 E1302.4483
G1 F1057.3 X148.11 Y123.529 E1302.45886
G0 F9000 X148.832 Y124.203
G1 F1132.1 X148.7 Y123.85 E1302.47214
G1 F1004.2 X148.719 Y123.75 E1302.47619
G1 F950.5 X148.936 Y123.494 E1302.49028
G1 F952.4 X149.103 Y123.185 E1302.505
G1 F950.5 X149.218 Y122.851 E1302.51983
G1 F956.2 X149.245 Y122.415 E1302.53807
G1 F954.3 X149.194 Y122.077 E1302.55236
G1 F948.6 X149.046 Y121.669 E1302.57062
G1 F944.9 X148.784 Y121.316 E1302.58919
G1 F956.2 X148.53 Y121.083 E1302.60358
G1 X148.208 Y120.904 E1302.61896
G1 F952.4 X147.888 Y120.794 E1302.63314
G1 F956.2 X147.534 Y120.752 E1302.64802
G1 X147.109 Y120.784 E1302.66581
G1 X146.7 Y120.946 E1302.68417
G1 F950.5 X146.402 Y121.128 E1302.69884
G1 F952.4 X146.105 Y121.445 E1302.71704
G1 F960 X145.921 Y121.741 E1302.73153
G1 F954.3 X145.792 Y122.074 E1302.74647
G1 F946.7 X145.755 Y122.408 E1302.76063
G1 F952.4 X145.769 Y122.762 E1302.77548
G1 F948.6 X145.862 Y123.101 E1302.79027
G1 F944.9 X146.007 Y123.424 E1302.80522
G1 F946.7 X146.297 Y123.769 E1302.82422
G1 F991.7 X146.307 Y123.858 E1302.82783
G1 F1121.5 X146.164 Y124.203 E1302.84112
G1 F1200 X146.027 Y124.298 E1302.84667
G1 X70.604 Y124.3 E1305.35524
G1 X70.432 Y124.203 E1305.36181
G1 X70.323 Y123.984 E1305.36995
G1 F1090.9 X70.337 Y123.739 E1305.37893
G1 F975.6 X70.58 Y123.421 E1305.3953
G1 F948.6 X70.743 Y123.111 E1305.41004
G1 X70.851 Y122.631 E1305.43074
G1 F944.9 X70.826 Y122.204 E1305.4488
G1 F948.6 X70.734 Y121.882 E1305.46289
G1 F958.1 X70.623 Y121.645 E1305.4738
G1 F954.3 X70.485 Y121.432 E1305.48441
G1 F952.4 X70.254 Y121.187 E1305.49852
G1 F948.6 X69.952 Y120.976 E1305.51402
G1 F1016.9 X69.904 Y120.861 E1305.51891
G1 F1129.4 X69.902 Y117.535 E1305.63645
G1 F1176.5 X69.901 Y114.209 E1305.74929
G1 F1090.9 X69.93 Y114.061 E1305.7548
G1 F975.6 X70.382 Y113.699 E1305.77849
G1 F956.2 X70.62 Y113.36 E1305.79578
G1 X70.76 Y113.045 E1305.81017
G1 X70.834 Y112.702 E1305.82482
G1 F950.5 X70.849 Y112.378 E1305.83844
G1 F948.6 X70.788 Y112.05 E1305.85248
G1 F952.4 X70.657 Y111.673 E1305.8692
G1 F937.5 X70.308 Y111.209 E1305.89392
G1 F981.6 X70.307 Y111.115 E1305.89774
G1 F1121.5 X70.452 Y110.793 E1305.91031
G1 F1200 X70.589 Y110.698 E1305.91585
G1 X182.3 Y110.696 E1309.63138
G1 X182.3 Y109.096 E1309.68459
G1 X52.7 Y109.096 E1313.99511
G1 X52.7 Y110.696 E1314.04832
G1 X67.592 Y110.696 E1314.54363
G1 X67.764 Y110.792 E1314.55019
G1 X67.873 Y111.011 E1314.55832
G1 F1057.3 X67.883 Y111.237 E1314.56686
G1 F944.9 X67.618 Y111.576 E1314.58504
G1 F948.6 X67.452 Y111.885 E1314.59979
G1 F946.7 X67.348 Y112.366 E1314.62054
G1 X67.367 Y112.793 E1314.63856
G1 F943 X67.468 Y113.117 E1314.65292
G1 F944.9 X67.572 Y113.352 E1314.66378
G1 F954.3 X67.714 Y113.563 E1314.67442
G1 F952.4 X67.943 Y113.809 E1314.6885
G1 F948.6 X68.258 Y114.028 E1314.70464
G1 F1002.1 X68.298 Y114.12 E1314.70864
G1 F1083.5 X68.3 Y120.841 E1314.95621
G1 F1025.6 X68.236 Y120.979 E1314.96213
G1 F956.2 X68.088 Y121.072 E1314.96943
G1 F944.9 X67.82 Y121.304 E1314.9844
G1 X67.579 Y121.637 E1315.00176
G1 F952.4 X67.437 Y121.956 E1315.0164
G1 F948.6 X67.364 Y122.293 E1315.0309
G1 X67.351 Y122.617 E1315.04455
G1 F952.4 X67.411 Y122.948 E1315.05864
G1 F960 X67.529 Y123.301 E1315.07412
G1 F985.6 X67.872 Y123.772 E1315.09771
G1 F1098.4 X67.863 Y123.968 E1315.10484
G1 F1200 X67.748 Y124.203 E1315.11354
G1 X67.611 Y124.298 E1315.11909
G1 X52.7 Y124.3 E1315.61503
G1 X52.7 Y125.9 E1315.66825
G1 X182.3 Y125.9 E1319.97876
G1 X182.3 Y124.3 E1320.03198
G1 X149.004 Y124.3 E1321.13941
G1 X148.832 Y124.203 E1321.14597
G1 F2700 E1316.14597
;MESH:NONMESH
G0 F300 X148.832 Y124.203 Z2.6
G0 F9000 X148.832 Y124.613
G0 X166.5 Y124.513
G0 X166.5 Y122.07
G0 X166.5 Y121.5
;TIME_ELAPSED:2505.909543
;LAYER:12
;TYPE:WALL-INNER
;MESH:BtnFaceWithWings.stl
G1 F2700 E1321.14597
G1 F1200 X166.5 Y113.5 E1321.41205
G1 X164.5 Y113.5 E1321.47858
G1 X164.5 Y121.5 E1321.74466
G1 X166.5 Y121.5 E1321.81118
G0 F9000 X166.9 Y121.9
G1 F1200 X166.9 Y113.1 E1322.10387
G1 X164.1 Y113.1 E1322.19699
G1 X164.1 Y121.9 E1322.48968
G1 X166.9 Y121.9 E1322.58281
G0 F9000 X167.3 Y122.3
;TYPE:WALL-OUTER
G1 F1200 X167.3 Y112.7 E1322.90211
G1 X163.7 Y112.7 E1323.02185
G1 X163.7 Y122.3 E1323.34114
G1 X167.3 Y122.3 E1323.46088
G0 F9000 X167.02 Y122.02
G0 X166.42 Y121.395
;TYPE:FILL
G1 F2400 X164.58 Y119.554 E1323.54745
G0 F9000 X164.58 Y119.211
G1 F2400 X166.42 Y118.718 E1323.61081
G0 F9000 X164.58 Y120.148
G1 F2400 X166.34 Y113.579 E1323.837
G0 F9000 X166.29 Y113.71
G1 F2700 E1318.837
G0 F9000 X167.076 Y112.924
G0 X167.076 Y111.835
G0 X167.077 Y111.446
G0 X167.076 Y110.371
G0 X181.5 Y109.78
;TYPE:WALL-INNER
G1 F2700 E1323.837
G1 F1200 X70.484 Y109.78 E1327.52941
G1 F1176.5 X70.31 Y109.787 E1327.53531
G1 F979.6 X69.882 Y109.861 E1327.55301
G1 F848.1 X68.315 Y109.864 E1327.62676
G1 F991.7 X67.708 Y109.78 E1327.65142
G1 X68.311 Y109.878 E1327.67601
G1 F843.6 X68.67 Y110.279 E1327.70147
G1 X68.743 Y110.453 E1327.7104
G1 F845.1 X69.174 Y110.41 E1327.73086
G1 F851.1 X69.448 Y110.456 E1327.74389
G1 F852.6 X69.528 Y110.274 E1327.75319
G1 X69.887 Y109.878 E1327.77821
G1 F979.6 X70.31 Y109.787 E1327.79584
G0 F9000 X67.708 Y109.78
G1 F1200 X53.5 Y109.78 E1328.2684
G0 F9000 X70.152 Y109.871
G0 X70.152 Y110.279
G1 F1200 X70.4 Y110.18 E1328.27729
G1 X181.9 Y110.18 E1331.98579
G1 X181.9 Y109.38 E1332.0124
G1 X53.1 Y109.38 E1336.2963
G1 X53.1 Y110.18 E1336.32291
G1 X67.708 Y110.18 E1336.80878
G1 X68.042 Y110.281 E1336.82038
G1 X68.241 Y110.503 E1336.8303
G1 X68.363 Y110.826 E1336.84178
G1 X68.378 Y111.062 E1336.84965
G1 X68.719 Y110.942 E1336.86167
G1 X69.163 Y110.895 E1336.87652
G1 X69.499 Y110.953 E1336.88786
G1 X69.86 Y111.114 E1336.90101
G1 X69.784 Y110.899 E1336.90859
G1 X69.953 Y110.499 E1336.92303
G1 X70.152 Y110.279 E1336.9329
G0 F9000 X70.152 Y109.871
G0 X69.8 Y110.34
G0 X69.604 Y110.955
G0 X70.113 Y111.423
G0 X70.426 Y111.9
G0 X70.548 Y112.372
G0 X70.532 Y112.755
G0 X70.365 Y113.22
G0 X69.1 Y114.49
G1 F1200 X69.1 Y120.508 E1337.13306
G0 F9000 X69.546 Y120.97
G1 F1200 X69.5 Y120.768 E1337.13995
G1 X69.5 Y114.208 E1337.35814
G1 X69.542 Y114.031 E1337.36419
G1 X69.194 Y114.092 E1337.37594
G1 X68.869 Y114.084 E1337.38675
G1 X68.643 Y114.022 E1337.39455
G1 X68.7 Y114.15 E1337.39921
G1 X68.7 Y120.789 E1337.62002
G1 X68.662 Y120.962 E1337.62591
G1 X68.94 Y120.9 E1337.63539
G1 X69.336 Y120.921 E1337.64858
G1 X69.546 Y120.97 E1337.65575
G0 F9000 X69.222 Y120.636
G0 X70.179 Y121.522
G0 X70.426 Y121.9
G0 X70.548 Y122.372
G0 X70.532 Y122.755
G0 X70.361 Y123.231
G0 X69.639 Y124.084
G0 X69.833 Y124.602
G0 X70.488 Y125.216
G1 F1200 X146.112 Y125.216 E1340.17101
G1 F1176.5 X146.286 Y125.209 E1340.17692
G0 F9000 X148.888 Y125.216
G1 F1200 X181.5 Y125.216 E1341.2616
G1 F2700 E1336.2616
G0 F9000 X148.888 Y125.216
G1 F2700 E1341.2616
G1 F987.7 X148.283 Y125.118 E1341.28637
G1 F840.6 X147.924 Y124.714 E1341.31203
G1 X147.852 Y124.545 E1341.32075
G1 F845.1 X147.324 Y124.57 E1341.34571
G1 F851.1 X147.149 Y124.547 E1341.35399
G1 X147.07 Y124.721 E1341.36295
G1 X146.71 Y125.118 E1341.38809
G1 F979.6 X146.286 Y125.209 E1341.40575
G1 X146.715 Y125.135 E1341.42349
G1 F845.1 X148.279 Y125.131 E1341.49736
G1 F987.7 X148.888 Y125.216 E1341.52221
G1 F2700 E1336.52221
G0 F9000 X70.488 Y125.216
G1 F2700 E1341.52221
G1 F995.9 X69.891 Y125.117 E1341.54646
G1 F852.6 X69.531 Y124.721 E1341.57152
G1 X69.453 Y124.537 E1341.58087
G1 X69.254 Y124.572 E1341.59033
G1 F848.1 X68.967 Y124.567 E1341.60384
G1 F845.1 X68.756 Y124.536 E1341.61391
G1 X68.674 Y124.717 E1341.6233
G1 X68.315 Y125.118 E1341.64872
G1 F975.6 X67.886 Y125.209 E1341.66666
G1 X68.319 Y125.132 E1341.68465
G1 F848.1 X69.885 Y125.136 E1341.75835
G1 F995.9 X70.488 Y125.216 E1341.78273
G0 F9000 X67.886 Y125.209
G1 F1176.5 X67.712 Y125.216 E1341.78864
G1 F1200 X53.5 Y125.216 E1342.26133
G1 F2700 E1337.26133
G0 F9000 X148.553 Y125.128
G0 X148.553 Y124.715
G1 F2700 E1342.26133
G1 F1200 X148.354 Y124.492 E1342.27127
G1 X148.21 Y124.117 E1342.28463
G1 X148.261 Y123.878 E1342.29276
G1 X147.908 Y124.063 E1342.30601
G1 X147.253 Y124.087 E1342.32781
G1 X146.792 Y123.947 E1342.34384
G1 X146.807 Y124.128 E1342.34988
G1 X146.643 Y124.496 E1342.36328
G1 X146.444 Y124.716 E1342.37315
G1 X146.196 Y124.816 E1342.38204
G1 X70.488 Y124.816 E1344.9001
G1 X70.156 Y124.716 E1344.91163
G1 X69.957 Y124.496 E1344.9215
G1 X69.797 Y124.083 E1344.93623
G1 X69.827 Y123.914 E1344.94194
G1 X69.562 Y124.025 E1344.95149
G1 X69.146 Y124.104 E1344.96558
G1 X68.673 Y124.034 E1344.98148
G1 X68.368 Y123.907 E1344.99247
G1 X68.4 Y123.995 E1344.99558
G1 X68.364 Y124.219 E1345.00313
G1 X68.245 Y124.493 E1345.01307
G1 X68.046 Y124.715 E1345.02298
G1 X67.796 Y124.816 E1345.03195
G1 X53.1 Y124.816 E1345.52074
G1 X53.1 Y125.616 E1345.54735
G1 X181.9 Y125.616 E1349.83125
G1 X181.9 Y124.816 E1349.85786
G1 X148.888 Y124.816 E1350.95585
G1 X148.553 Y124.715 E1350.96748
G0 F9000 X148.776 Y124.383
;TYPE:WALL-OUTER
G1 F1200 X148.71 Y124.308 E1350.97081
G1 X148.61 Y124.031 E1350.9806
G1 F1066.7 X148.625 Y123.83 E1350.98814
G1 F956.2 X148.737 Y123.731 E1350.99438
G1 F950.5 X148.938 Y123.489 E1351.00759
G1 F948.6 X149.11 Y123.174 E1351.02269
G1 X149.218 Y122.856 E1351.03682
G1 F956.2 X149.246 Y122.415 E1351.05527
G1 F954.3 X149.193 Y122.077 E1351.06958
G1 F952.4 X149.08 Y121.748 E1351.08416
G1 F956.2 X148.9 Y121.454 E1351.09854
G1 F960 X148.664 Y121.178 E1351.11364
G1 F965.8 X148.167 Y120.866 E1351.13789
G1 F960 X147.632 Y120.746 E1351.16069
G1 F952.4 X147.108 Y120.785 E1351.18271
G1 F956.2 X146.701 Y120.94 E1351.20089
G1 F958.1 X146.482 Y121.079 E1351.21169
G1 F952.4 X146.222 Y121.306 E1351.22616
G1 F956.2 X146.01 Y121.583 E1351.24072
G1 X145.856 Y121.907 E1351.25569
G1 F950.5 X145.753 Y122.32 E1351.27357
G1 F943 X145.767 Y122.767 E1351.29249
G1 F941.2 X145.891 Y123.184 E1351.31094
G1 F952.4 X146.062 Y123.514 E1351.32652
G1 F960 X146.378 Y123.836 E1351.34528
G1 F1043.5 X146.406 Y123.965 E1351.35032
G1 F1165 X146.289 Y124.31 E1351.3628
G1 F1200 X146.147 Y124.414 E1351.36866
G1 X70.488 Y124.416 E1353.88509
G1 X70.377 Y124.383 E1353.88894
G1 X70.311 Y124.31 E1353.89221
G1 X70.217 Y124.062 E1353.90103
G1 F1061.9 X70.208 Y123.845 E1353.9092
G1 F948.6 X70.479 Y123.563 E1353.92565
G1 F952.4 X70.663 Y123.275 E1353.93997
G1 F956.2 X70.759 Y123.033 E1353.95084
G1 F948.6 X70.842 Y122.703 E1353.96516
G1 F954.3 X70.835 Y122.287 E1353.98256
G1 F952.4 X70.741 Y121.879 E1354.00011
G1 F948.6 X70.534 Y121.505 E1354.01809
G1 X70.312 Y121.23 E1354.03296
G1 F952.4 X69.954 Y120.973 E1354.05143
G1 F1004.2 X69.9 Y120.886 E1354.0555
G1 F1071.4 X69.898 Y114.141 E1354.30676
G1 F1004.2 X69.933 Y114.036 E1354.31116
G1 F944.9 X70.248 Y113.817 E1354.32736
G1 F948.6 X70.485 Y113.57 E1354.34177
G1 X70.729 Y113.172 E1354.36141
G1 F956.2 X70.834 Y112.714 E1354.38102
G1 X70.851 Y112.373 E1354.39527
G1 F952.4 X70.762 Y111.968 E1354.41265
G1 F956.2 X70.669 Y111.734 E1354.42316
G1 F960 X70.462 Y111.404 E1354.43936
G1 F967.7 X70.218 Y111.149 E1354.45391
G1 F1076.2 X70.2 Y110.97 E1354.46058
G1 F1200 X70.307 Y110.686 E1354.47068
G1 X70.449 Y110.582 E1354.47653
G1 X182.3 Y110.58 E1358.19671
G1 X182.3 Y108.98 E1358.24993
G1 X52.7 Y108.98 E1362.56044
G1 X52.7 Y110.58 E1362.61366
G1 X67.708 Y110.58 E1363.11283
G1 X67.82 Y110.613 E1363.11671
G1 X67.886 Y110.687 E1363.12001
G1 F1170.7 X68.009 Y111.017 E1363.13201
G1 F1034.5 X67.97 Y111.173 E1363.13822
G1 F950.5 X67.715 Y111.432 E1363.15348
G1 F954.3 X67.537 Y111.719 E1363.16761
G1 X67.435 Y111.967 E1363.17882
G1 F944.9 X67.359 Y112.293 E1363.19296
G1 F946.7 X67.361 Y112.706 E1363.21037
G1 F954.3 X67.456 Y113.121 E1363.22818
G1 F943 X67.665 Y113.488 E1363.24605
G1 F941.2 X67.888 Y113.769 E1363.26127
G1 F946.7 X68.259 Y114.036 E1363.28053
G1 F1019.1 X68.3 Y114.11 E1363.28385
G1 F1073.8 X68.3 Y117.523 E1363.4107
G1 F1027.8 X68.3 Y120.936 E1363.54323
G1 F981.6 X67.946 Y121.18 E1363.56072
G1 F952.4 X67.711 Y121.424 E1363.57491
G1 F944.9 X67.47 Y121.834 E1363.595
G1 F952.4 X67.365 Y122.279 E1363.61416
G1 X67.348 Y122.624 E1363.62864
G1 F948.6 X67.433 Y123.029 E1363.64605
G1 F963.9 X67.524 Y123.267 E1363.6566
G1 F967.7 X67.733 Y123.591 E1363.6725
G1 F963.9 X67.977 Y123.835 E1363.68679
G1 F1069 X68 Y124.006 E1363.69323
G1 F1200 X67.89 Y124.309 E1363.70395
G1 X67.747 Y124.414 E1363.70985
G1 X52.7 Y124.416 E1364.21032
G1 X52.7 Y126.016 E1364.26354
G1 X182.3 Y126.016 E1368.57405
G1 X182.3 Y124.416 E1368.62727
G1 X148.888 Y124.416 E1369.73855
G1 X148.776 Y124.383 E1369.74244
G0 F9000 X148.776 Y124.728
G0 X148.254 Y124.66
G0 X148.039 Y124.083
G0 X148.414 Y123.699
G0 X148.292 Y123.462
G1 F1066.7 X147.808 Y123.66 E1369.762
G1 F1200 X147.328 Y123.688 E1369.778
G1 F1165 X146.957 Y123.582 E1369.79121
G1 F1043.5 X146.705 Y123.463 E1369.80187
G1 F960 X146.477 Y123.226 E1369.81555
G1 F956.2 X146.289 Y122.847 E1369.83321
G1 X146.256 Y122.303 E1369.85596
G1 F958.1 X146.425 Y121.858 E1369.87578
G1 F961.9 X146.681 Y121.55 E1369.8924
G1 F960 X146.938 Y121.38 E1369.90521
G1 F956.2 X147.234 Y121.275 E1369.91832
G1 F952.4 X147.607 Y121.252 E1369.93398
G1 F960 X147.942 Y121.325 E1369.94824
G1 F963.9 X148.375 Y121.581 E1369.96907
G1 F960 X148.631 Y121.969 E1369.98839
G1 F963.9 X148.742 Y122.38 E1370.00602
G1 X148.729 Y122.721 E1370.02015
G1 F961.9 X148.593 Y123.12 E1370.03764
G1 F963.9 X148.292 Y123.462 E1370.05651
G1 F2700 E1365.05651
G0 F9000 X148.414 Y123.699
G0 X146.8 Y124.66
G0 X69.854 Y124.66
G0 X69.639 Y124.084
G0 X70.03 Y123.682
G0 X69.839 Y123.506
G1 F2700 E1370.05651
G1 F1061.9 X69.484 Y123.633 E1370.07068
G1 F1200 X69.144 Y123.696 E1370.08218
G1 X68.731 Y123.638 E1370.09605
G1 F1069 X68.304 Y123.462 E1370.1133
G1 F967.7 X67.994 Y123.132 E1370.13197
G1 F963.9 X67.861 Y122.664 E1370.15212
G1 F958.1 X67.862 Y122.26 E1370.16895
G1 F960 X68.044 Y121.829 E1370.1884
G1 X68.264 Y121.568 E1370.20259
G1 F941.2 X68.619 Y121.336 E1370.22057
G1 F1045.8 X68.999 Y121.304 E1370.23513
G1 F1200 X69.31 Y121.32 E1370.24548
G1 F1064.3 X69.671 Y121.386 E1370.25925
G1 F956.2 X70.041 Y121.663 E1370.27854
G1 F958.1 X70.245 Y122.001 E1370.29499
G1 F960 X70.341 Y122.366 E1370.31068
G1 F956.2 X70.336 Y122.706 E1370.32487
G1 X70.188 Y123.126 E1370.34346
G1 F952.4 X69.839 Y123.506 E1370.36508
G1 F2700 E1365.36508
G0 F9000 X70.03 Y123.682
G0 X70.361 Y123.231
G0 X70.532 Y122.755
G0 X70.548 Y122.372
G0 X70.426 Y121.9
G0 X69.953 Y121.205
G0 X69.655 Y120.997
G0 X69.655 Y114.003
G0 X69.598 Y113.646
G1 F2700 E1370.36508
G1 F1071.4 X69.2 Y113.692 E1370.38001
G1 F1200 X68.921 Y113.687 E1370.38929
G1 F1061.9 X68.54 Y113.62 E1370.40383
G1 F948.6 X68.279 Y113.445 E1370.41705
G1 F952.4 X67.957 Y113.033 E1370.43896
G1 F960 X67.855 Y112.628 E1370.45632
G1 F946.7 X67.872 Y112.361 E1370.4676
G1 F944.9 X67.931 Y112.039 E1370.48143
G1 F960 X68.137 Y111.703 E1370.49782
G1 F952.4 X68.307 Y111.551 E1370.50737
G1 F1012.7 X68.526 Y111.426 E1370.51731
G1 F1142.9 X68.792 Y111.339 E1370.52709
G1 F1200 X69.168 Y111.3 E1370.53966
G1 X69.428 Y111.347 E1370.54845
G1 F1069 X69.969 Y111.565 E1370.57022
G1 F961.9 X70.251 Y112.001 E1370.59177
G1 F956.2 X70.347 Y112.404 E1370.60906
G1 X70.332 Y112.714 E1370.62201
G1 X70.205 Y113.077 E1370.63807
G1 X69.923 Y113.436 E1370.65712
G1 F963.9 X69.598 Y113.646 E1370.67315
G1 F2700 E1365.67315
;MESH:NONMESH
G0 F300 X69.598 Y113.646 Z2.8
G0 F9000 X69.726 Y113.865
G0 X70.504 Y113.204
G0 X71.513 Y113.622
G0 X162.835 Y113.204
G0 X163.93 Y113.204
G0 X166.5 Y121.5
;TIME_ELAPSED:2591.278434
;LAYER:13
;TYPE:WALL-INNER
;MESH:BtnFaceWithWings.stl
G1 F2700 E1370.67315
G1 F1200 X166.5 Y113.5 E1370.93923
G1 X164.5 Y113.5 E1371.00575
G1 X164.5 Y121.5 E1371.27183
G1 X166.5 Y121.5 E1371.33835
G0 F9000 X166.9 Y121.9
G1 F1200 X166.9 Y113.1 E1371.63104
G1 X164.1 Y113.1 E1371.72417
G1 X164.1 Y121.9 E1372.01686
G1 X166.9 Y121.9 E1372.10998
G0 F9000 X167.3 Y122.3
;TYPE:WALL-OUTER
G1 F1200 X167.3 Y112.7 E1372.42928
G1 X163.7 Y112.7 E1372.54902
G1 X163.7 Y122.3 E1372.86831
G1 X167.3 Y122.3 E1372.98805
G0 F9000 X167.02 Y122.02
G0 X166.42 Y121.195
;TYPE:FILL
G1 F2400 X164.58 Y119.355 E1373.0746
G1 X164.58 Y119.357
G1 X166.42 Y118.864 E1373.13796
G0 F9000 X164.58 Y119.603
G1 F2400 X166.194 Y113.579 E1373.34538
G0 F9000 X166.194 Y113.71
G1 F2700 E1368.34538
G0 F9000 X167.076 Y112.924
G0 X167.076 Y111.835
G0 X167.076 Y111.331
G0 X167.076 Y110.236
G0 X181.5 Y109.664
;TYPE:WALL-INNER
G1 F2700 E1373.34538
G1 F1200 X70.348 Y109.664 E1377.04231
G1 F1176.5 X70.174 Y109.671 E1377.04822
G1 X67.836 Y109.664 E1377.12754
G1 F1200 X68.408 Y109.843 E1377.14747
G1 X68.752 Y110.246 E1377.1651
G1 X68.841 Y110.523 E1377.17477
G1 X68.983 Y110.501 E1377.17955
G1 X69.34 Y110.514 E1377.19143
G1 X69.447 Y110.229 E1377.20156
G1 X69.776 Y109.843 E1377.21843
G1 F1176.5 X70.174 Y109.671 E1377.23314
G0 F9000 X67.836 Y109.664
G1 F1200 X53.5 Y109.664 E1377.70995
G1 F2700 E1372.70995
G0 F9000 X181.62 Y109.786
G0 X181.9 Y110.064
G1 F2700 E1377.70995
G1 F1200 X181.9 Y109.264 E1377.73656
G1 X53.1 Y109.264 E1382.02047
G1 X53.1 Y110.064 E1382.04708
G1 X67.836 Y110.064 E1382.5372
G1 X68.179 Y110.171 E1382.54915
G1 X68.377 Y110.403 E1382.55929
G1 X68.482 Y110.718 E1382.57034
G1 X68.498 Y111.023 E1382.58049
G1 X68.962 Y110.899 E1382.59647
G1 X69.357 Y110.914 E1382.60962
G1 X69.694 Y111.023 E1382.6214
G1 X69.679 Y110.752 E1382.63042
G1 X69.807 Y110.403 E1382.64279
G1 X70.005 Y110.171 E1382.65293
G1 X70.263 Y110.064 E1382.66222
G1 X181.9 Y110.064 E1386.37528
G1 F2700 E1381.37528
G0 F9000 X181.62 Y109.786
G0 X69.662 Y110.228
G0 X69.655 Y111.012
G0 X70.552 Y111.963
G0 X70.572 Y112.985
G0 X69.655 Y113.988
G0 X69.655 Y120.998
G0 X70.496 Y121.808
G0 X70.612 Y122.834
G0 X70.145 Y123.657
G0 X69.655 Y123.998
G0 X69.662 Y124.771
G0 X181.5 Y125.332
G1 F2700 E1386.37528
G1 F1200 X148.76 Y125.332 E1387.46422
G1 X148.188 Y125.153 E1387.48416
G1 X147.859 Y124.767 E1387.50102
G1 X147.765 Y124.498 E1387.5105
G1 X147.266 Y124.464 E1387.52714
G1 X147.149 Y124.767 E1387.53794
G1 X146.82 Y125.153 E1387.55481
G1 F1176.5 X146.422 Y125.325 E1387.56952
G1 X148.76 Y125.332 E1387.64884
G0 F9000 X146.422 Y125.325
G1 F1176.5 X146.248 Y125.332 E1387.65474
G1 F1200 X70.36 Y125.332 E1390.17879
G1 X69.788 Y125.153 E1390.19872
G1 X69.459 Y124.767 E1390.21559
G1 X69.365 Y124.498 E1390.22507
G1 X68.866 Y124.464 E1390.24171
G1 X68.749 Y124.767 E1390.25251
G1 X68.42 Y125.153 E1390.26938
G1 F1176.5 X68.022 Y125.325 E1390.28409
G1 X70.36 Y125.332 E1390.3634
G0 F9000 X68.022 Y125.325
G1 F1176.5 X67.848 Y125.332 E1390.36931
G1 F1200 X53.5 Y125.332 E1390.84653
G1 F2700 E1385.84653
G0 F9000 X181.62 Y125.454
G0 X181.9 Y125.732
G1 F2700 E1390.84653
G1 F1200 X181.9 Y124.932 E1390.87314
G1 X148.76 Y124.932 E1391.97538
G1 X148.417 Y124.825 E1391.98733
G1 X148.219 Y124.593 E1391.99747
G1 X148.102 Y124.232 E1392.01009
G1 X148.102 Y123.975 E1392.01864
G1 X147.705 Y124.094 E1392.03243
G1 X147.167 Y124.055 E1392.05037
G1 X146.915 Y123.98 E1392.05911
G1 X146.915 Y124.244 E1392.06789
G1 X146.789 Y124.593 E1392.08023
G1 X146.591 Y124.825 E1392.09038
G1 X146.333 Y124.932 E1392.09967
G1 X70.36 Y124.932 E1394.62654
G1 X70.017 Y124.825 E1394.63849
G1 X69.819 Y124.593 E1394.64864
G1 X69.701 Y124.229 E1394.66136
G1 X69.705 Y123.972 E1394.66991
G1 X69.306 Y124.094 E1394.68379
G1 X68.767 Y124.055 E1394.70176
G1 F1194 X68.51 Y123.986 E1394.71066
G1 X68.515 Y124.244 E1394.71928
G1 F1200 X68.389 Y124.593 E1394.73163
G1 X68.191 Y124.825 E1394.74177
G1 X67.933 Y124.932 E1394.75106
G1 X53.1 Y124.932 E1395.24441
G1 X53.1 Y125.732 E1395.27102
G1 X181.9 Y125.732 E1399.55492
G1 F2700 E1394.55492
G0 F9000 X181.62 Y125.454
G0 X69.662 Y124.771
G0 X69.655 Y123.998
G0 X70.517 Y123.128
G0 X70.635 Y122.243
G0 X70.111 Y121.327
G0 X69.1 Y120.485
G1 F2700 E1399.55492
G1 F1200 X69.1 Y114.514 E1399.75352
G0 F9000 X69.231 Y120.597
G0 X69.574 Y120.985
G1 F1200 X69.5 Y120.78 E1399.76077
G1 X69.5 Y114.232 E1399.97855
G1 X69.536 Y114.038 E1399.98512
G1 X68.991 Y114.129 E1400.00349
G1 X68.628 Y114.017 E1400.01613
G1 X68.7 Y114.212 E1400.02304
G1 X68.7 Y120.768 E1400.2411
G1 X68.665 Y120.957 E1400.24749
G1 X69.202 Y120.871 E1400.26558
G1 X69.574 Y120.985 E1400.27852
G1 F2700 E1395.27852
G0 F9000 X69.231 Y120.597
G0 X70.177 Y121.521
G0 X70.427 Y121.902
G0 X70.555 Y122.442
G0 X70.503 Y122.884
G0 X70.361 Y123.205
G0 X69.82 Y123.823
G0 X69.669 Y123.59
;TYPE:WALL-OUTER
G1 F2700 E1400.27852
G1 F1086 X69.602 Y123.597 E1400.28099
G1 F1170.7 X69.259 Y123.691 E1400.29312
G1 F1200 X68.797 Y123.656 E1400.30853
G1 F1061.9 X68.436 Y123.56 E1400.32257
G1 F956.2 X68.09 Y123.244 E1400.34213
G1 F961.9 X67.922 Y122.921 E1400.35723
G1 F960 X67.844 Y122.413 E1400.3786
G1 X67.943 Y122.018 E1400.39553
G1 X68.175 Y121.655 E1400.41344
G1 X68.375 Y121.482 E1400.42444
G1 F1010.5 X68.691 Y121.345 E1400.43804
G1 F1132.1 X68.762 Y121.346 E1400.44054
G1 F1200 X69.141 Y121.284 E1400.45332
G1 F1061.9 X69.669 Y121.388 E1400.47354
G1 F956.2 X70.028 Y121.659 E1400.49232
G1 X70.227 Y121.955 E1400.50721
G1 X70.349 Y122.408 E1400.52679
G1 F960 X70.313 Y122.794 E1400.54291
G1 X70.155 Y123.177 E1400.56013
G1 F954.3 X69.925 Y123.436 E1400.57462
G1 F989.7 X69.669 Y123.59 E1400.58667
G1 F2700 E1395.58667
G0 F9000 X69.82 Y123.823
G0 X70.327 Y123.281
G0 X70.503 Y122.884
G0 X70.555 Y122.442
G0 X70.427 Y121.902
G0 X70.177 Y121.521
G0 X69.655 Y120.998
G0 X69.685 Y113.879
G0 X69.564 Y113.66
G1 F2700 E1400.58667
G1 F1090.9 X69.436 Y113.649 E1400.59137
G1 F1200 X69.052 Y113.716 E1400.60433
G1 F1061.9 X68.544 Y113.62 E1400.62376
G1 F956.2 X68.287 Y113.449 E1400.63665
G1 F948.6 X68.121 Y113.248 E1400.64761
G1 F946.7 X67.965 Y113.033 E1400.65881
G1 F956.2 X67.847 Y112.58 E1400.67835
G1 F960 X67.888 Y112.169 E1400.69553
G1 F958.1 X68.043 Y111.819 E1400.71147
G1 F954.3 X68.274 Y111.557 E1400.72608
G1 F1012.7 X68.533 Y111.415 E1400.73772
G1 F1137.4 X68.605 Y111.406 E1400.74027
G1 F1200 X69.028 Y111.3 E1400.75477
G1 X69.268 Y111.309 E1400.76276
G1 F1170.7 X69.595 Y111.4 E1400.77433
G1 F1057.3 X69.717 Y111.416 E1400.77898
G1 F967.7 X70.029 Y111.661 E1400.79534
G1 F954.3 X70.246 Y111.994 E1400.81196
G1 F956.2 X70.352 Y112.439 E1400.83106
G1 F960 X70.296 Y112.86 E1400.84871
G1 X70.159 Y113.167 E1400.86269
G1 F961.9 X69.908 Y113.447 E1400.87829
G1 F983.6 X69.564 Y113.66 E1400.89471
G1 F2700 E1395.89471
G0 F9000 X69.685 Y113.879
G0 X69.655 Y120.998
G0 X70.496 Y121.808
G0 X70.612 Y122.834
G0 X70.145 Y123.657
G0 X69.655 Y123.998
G0 X69.662 Y124.771
G0 X146.938 Y124.772
G0 X148.211 Y123.828
G0 X148.059 Y123.593
G1 F2700 E1400.89471
G1 F1095.9 X147.992 Y123.598 E1400.89716
G1 F1176.5 X147.659 Y123.691 E1400.90889
G1 F1129.4 X147.166 Y123.654 E1400.92636
G1 F1010.5 X146.667 Y123.44 E1400.9478
G1 F960 X146.444 Y123.167 E1400.96246
G1 F956.2 X146.295 Y122.85 E1400.97708
G1 F958.1 X146.248 Y122.527 E1400.99068
G1 F963.9 X146.288 Y122.166 E1401.00572
G1 X146.436 Y121.836 E1401.02069
G1 F967.7 X146.688 Y121.55 E1401.03641
G1 X146.956 Y121.375 E1401.04961
G1 F961.9 X147.3 Y121.265 E1401.0646
G1 F946.7 X147.583 Y121.267 E1401.07653
G1 F944.9 X147.882 Y121.308 E1401.08928
G1 F952.4 X148.171 Y121.444 E1401.10266
G1 F956.2 X148.425 Y121.659 E1401.11655
G1 F960 X148.645 Y121.993 E1401.13318
G1 F958.1 X148.752 Y122.442 E1401.15241
G1 F960 X148.707 Y122.82 E1401.16824
G1 X148.558 Y123.17 E1401.18405
G1 F952.4 X148.325 Y123.437 E1401.1989
G1 F993.8 X148.059 Y123.593 E1401.21129
G0 F9000 X148.211 Y123.828
G0 X148.062 Y124.771
G0 X148.645 Y124.843
G0 X148.645 Y124.497
G1 F1200 X148.579 Y124.419 E1401.21469
G1 X148.492 Y124.144 E1401.22428
G1 F1061.9 X148.515 Y123.916 E1401.23289
G1 F950.5 X148.678 Y123.801 E1401.24127
G1 F952.4 X148.877 Y123.573 E1401.25395
G1 X149.068 Y123.268 E1401.26903
G1 F958.1 X149.19 Y122.942 E1401.28353
G1 F954.3 X149.248 Y122.601 E1401.298
G1 F944.9 X149.225 Y122.247 E1401.31298
G1 F948.6 X149.124 Y121.831 E1401.331
G1 F952.4 X148.95 Y121.529 E1401.3456
G1 F956.2 X148.788 Y121.315 E1401.35681
G1 X148.466 Y121.033 E1401.37467
G1 F952.4 X148.051 Y120.833 E1401.39398
G1 F944.9 X147.62 Y120.752 E1401.4125
G1 F946.7 X147.196 Y120.776 E1401.43041
G1 F956.2 X146.862 Y120.872 E1401.44491
G1 F948.6 X146.546 Y121.026 E1401.4597
G1 X146.215 Y121.315 E1401.47819
G1 F958.1 X146.047 Y121.521 E1401.48926
G1 F960 X145.918 Y121.751 E1401.50023
G1 X145.803 Y122.062 E1401.51401
G1 X145.752 Y122.412 E1401.52872
G1 F956.2 X145.759 Y122.666 E1401.53932
G1 X145.822 Y123.022 E1401.55441
G1 F958.1 X146.013 Y123.42 E1401.57281
G1 F952.4 X146.196 Y123.674 E1401.58592
G1 F960 X146.474 Y123.913 E1401.60117
G1 F1076.2 X146.524 Y124.159 E1401.61048
G1 F1200 X146.429 Y124.419 E1401.61968
G1 X146.283 Y124.53 E1401.62578
G1 X70.36 Y124.532 E1404.15099
G1 X70.245 Y124.497 E1404.15499
G1 X70.179 Y124.419 E1404.15839
G1 X70.092 Y124.143 E1404.16801
G1 F1061.9 X70.114 Y123.917 E1404.17655
G1 F952.4 X70.274 Y123.802 E1404.18481
G1 X70.546 Y123.493 E1404.20206
G1 X70.695 Y123.205 E1404.21565
G1 F958.1 X70.806 Y122.878 E1404.23003
G1 F960 X70.844 Y122.536 E1404.24434
G1 F948.6 X70.823 Y122.202 E1404.25842
G1 F944.9 X70.674 Y121.722 E1404.27965
G1 F952.4 X70.486 Y121.437 E1404.29396
G1 F950.5 X70.244 Y121.184 E1404.30866
G1 F948.6 X69.953 Y120.973 E1404.32378
G1 F1008.4 X69.9 Y120.885 E1404.32785
G1 F1088.4 X69.9 Y114.118 E1404.57599
G1 F1012.7 X69.937 Y114.032 E1404.57968
G1 F939.3 X70.103 Y113.929 E1404.58798
G1 F948.6 X70.37 Y113.696 E1404.60289
G1 F954.3 X70.588 Y113.431 E1404.61724
G1 F956.2 X70.761 Y113.045 E1404.6349
G1 F954.3 X70.833 Y112.713 E1404.64911
G1 F952.4 X70.856 Y112.356 E1404.6641
G1 F956.2 X70.739 Y111.892 E1404.68407
G1 F952.4 X70.586 Y111.582 E1404.69856
G1 X70.401 Y111.32 E1404.712
G1 F946.7 X70.107 Y111.075 E1404.72813
G1 F1054.9 X70.074 Y110.845 E1404.73693
G1 F1200 X70.167 Y110.577 E1404.74636
G1 X70.313 Y110.466 E1404.75246
G1 X182.3 Y110.464 E1408.47716
G1 X182.3 Y108.864 E1408.53038
G1 X52.7 Y108.864 E1412.84089
G1 X52.7 Y110.464 E1412.89411
G1 X67.836 Y110.464 E1413.39753
G1 X67.951 Y110.499 E1413.40153
G1 X68.017 Y110.577 E1413.40493
G1 X68.1 Y110.836 E1413.41398
G1 F1137.4 X68.1 Y111.008 E1413.42001
G1 F1016.9 X68.051 Y111.102 E1413.42417
G1 F956.2 X67.922 Y111.194 E1413.43079
G1 F952.4 X67.651 Y111.503 E1413.44801
G1 X67.501 Y111.794 E1413.46173
G1 F956.2 X67.39 Y112.123 E1413.47622
G1 F960 X67.352 Y112.456 E1413.49016
G1 F948.6 X67.374 Y112.797 E1413.50454
G1 F944.9 X67.521 Y113.27 E1413.52546
G1 F946.7 X67.718 Y113.561 E1413.54027
G1 F948.6 X67.95 Y113.819 E1413.55487
G1 F956.2 X68.26 Y114.036 E1413.57067
G1 F1019.1 X68.3 Y114.108 E1413.57389
G1 F1090.9 X68.3 Y120.868 E1413.82121
G1 F1010.5 X68.237 Y120.981 E1413.82632
G1 F954.3 X68.108 Y121.06 E1413.83265
G1 F960 X67.823 Y121.3 E1413.84814
G1 F952.4 X67.611 Y121.567 E1413.86243
G1 F944.9 X67.438 Y121.952 E1413.88026
G1 F952.4 X67.361 Y122.283 E1413.8945
G1 F948.6 X67.376 Y122.778 E1413.91534
G1 F952.4 X67.459 Y123.105 E1413.92947
G1 F958.1 X67.61 Y123.416 E1413.94388
G1 F946.7 X67.797 Y123.673 E1413.95728
G1 X68.108 Y123.94 E1413.97456
G1 F1061.9 X68.124 Y124.159 E1413.98281
G1 F1200 X68.029 Y124.419 E1413.99201
G1 X67.883 Y124.53 E1413.99811
G1 X52.7 Y124.532 E1414.5031
G1 X52.7 Y126.132 E1414.55632
G1 X182.3 Y126.132 E1418.86683
G1 X182.3 Y124.532 E1418.92005
G1 X148.76 Y124.532 E1420.03559
G1 X148.645 Y124.497 E1420.03959
G1 F2700 E1415.03959
G0 F9000 X148.645 Y124.843
G0 X68.655 Y125.253
;TYPE:FILL
G1 F2700 E1420.03959
G1 F2400 X68.579 Y125.177 E1420.04317
G1 F2700 E1415.04317
;MESH:NONMESH
G0 F300 X68.579 Y125.177 Z3
G0 F9000 X68.579 Y125.243
G0 X146.938 Y124.772
G0 X148.289 Y123.725
G0 X149.02 Y122.89
G0 X150.097 Y123.085
G0 X162.835 Y122.076
G0 X163.924 Y122.076
G0 X166.5 Y121.5
;TIME_ELAPSED:2682.112111
;LAYER:14
;TYPE:WALL-INNER
;MESH:BtnFaceWithWings.stl
G1 F2700 E1420.04317
G1 F1200 X166.5 Y113.5 E1420.30925
G1 X164.5 Y113.5 E1420.37577
G1 X164.5 Y121.5 E1420.64185
G1 X166.5 Y121.5 E1420.70837
G0 F9000 X166.9 Y121.9
G1 F1200 X166.9 Y113.1 E1421.00106
G1 X164.1 Y113.1 E1421.09419
G1 X164.1 Y121.9 E1421.38688
G1 X166.9 Y121.9 E1421.48001
G0 F9000 X167.3 Y122.3
;TYPE:WALL-OUTER
G1 F1200 X167.3 Y112.7 E1421.7993
G1 X163.7 Y112.7 E1421.91904
G1 X163.7 Y122.3 E1422.23834
G1 X167.3 Y122.3 E1422.35807
G0 F9000 X167.02 Y122.02
G0 X166.42 Y120.994
;TYPE:FILL
G1 F2400 X164.58 Y119.154 E1422.44462
G1 X164.58 Y119.054
G1 X166.047 Y113.579 E1422.63314
G0 F9000 X166.42 Y119.011
G1 F2400 X164.58 Y119.504 E1422.6965
G0 F9000 X164.71 Y119.504
G1 F2700 E1417.6965
G0 F9000 X163.924 Y122.076
G0 X163.924 Y123.165
G0 X163.924 Y123.784
G0 X163.924 Y124.879
G0 X148.592 Y125.448
;TYPE:WALL-INNER
G1 F2700 E1422.6965
G1 F1200 X181.5 Y125.448 E1423.79103
G1 F2700 E1418.79103
G0 F9000 X148.062 Y124.887
G0 X69.662 Y124.887
G0 X69.655 Y123.998
G0 X70.549 Y123.047
G0 X70.555 Y121.946
G0 X69.655 Y120.996
G0 X69.655 Y114.004
G0 X70.57 Y112.989
G0 X70.545 Y111.945
G0 X69.655 Y111.013
G0 X69.662 Y110.112
G0 X181.5 Y109.548
G1 F2700 E1423.79103
G1 F1200 X70.2 Y109.548 E1427.49288
G1 F1176.5 X70.026 Y109.555 E1427.49879
G1 F1045.8 X69.102 Y109.599 E1427.53409
G1 F1064.3 X68.004 Y109.548 E1427.57531
G1 X68.891 Y109.983 E1427.61236
G1 F956.2 X69.01 Y110.241 E1427.62422
G1 X69.073 Y110.449 E1427.63329
G1 X69.133 Y110.453 E1427.6358
G1 X69.194 Y110.241 E1427.64501
G1 X69.313 Y109.983 E1427.65687
G1 F1045.8 X70.026 Y109.555 E1427.68861
G0 F9000 X68.004 Y109.548
G1 F1200 X53.5 Y109.548 E1428.17101
G0 F9000 X68.938 Y109.713
G0 X69.19 Y110.225
G0 X69.694 Y110.225
G1 F1200 X70.108 Y109.948 E1428.18758
G1 X181.9 Y109.948 E1431.9058
G1 X181.9 Y109.148 E1431.93241
G1 X53.1 Y109.148 E1436.21631
G1 X53.1 Y109.948 E1436.24292
G1 X68.004 Y109.948 E1436.73863
G1 X68.543 Y110.243 E1436.75906
G1 X68.674 Y110.728 E1436.77577
G1 X68.647 Y110.967 E1436.78377
G1 X68.998 Y110.895 E1436.79569
G1 X69.575 Y110.956 E1436.81499
G1 X69.543 Y110.858 E1436.81842
G1 X69.559 Y110.602 E1436.82695
G1 X69.694 Y110.225 E1436.84027
G0 F9000 X69.19 Y110.225
G0 X69.522 Y111.107
G0 X69.924 Y111.3
G0 X70.343 Y111.741
G0 X70.496 Y112.095
G0 X70.553 Y112.458
G0 X70.501 Y112.899
G0 X70.271 Y113.331
G0 X69.1 Y114.488
G1 F1200 X69.1 Y120.497 E1437.04013
G0 F9000 X69.535 Y120.968
G1 F1200 X69.5 Y120.768 E1437.04688
G1 X69.505 Y114.147 E1437.2671
G1 X69.54 Y114.032 E1437.27109
G1 X69.335 Y114.084 E1437.27813
G1 X68.866 Y114.083 E1437.29373
G1 X68.663 Y114.034 E1437.30067
G1 X68.696 Y114.156 E1437.30488
G1 X68.7 Y120.768 E1437.52479
G1 X68.659 Y120.967 E1437.53155
G1 X69.032 Y120.888 E1437.54423
G1 X69.535 Y120.968 E1437.56117
G0 F9000 X69.226 Y120.64
G0 X70.343 Y121.741
G0 X70.496 Y122.095
G0 X70.553 Y122.458
G0 X70.501 Y122.899
G0 X70.217 Y123.432
G0 X69.655 Y123.998
G0 X69.662 Y124.887
G0 X70.192 Y125.448
G1 F1200 X146.4 Y125.448 E1440.09586
G1 F1176.5 X146.574 Y125.441 E1440.10177
G0 F9000 X148.592 Y125.448
G1 F1066.7 X147.706 Y125.014 E1440.13868
G1 F960 X147.589 Y124.759 E1440.15035
G1 X147.521 Y124.538 E1440.15996
G1 X147.467 Y124.538 E1440.16221
G1 X147.403 Y124.759 E1440.17177
G1 X147.286 Y125.014 E1440.18344
G1 F1048 X146.574 Y125.441 E1440.21505
G1 X147.496 Y125.398 E1440.2502
G1 F1066.7 X148.592 Y125.448 E1440.29126
G1 F2700 E1435.29126
G0 F9000 X70.192 Y125.448
G1 F2700 E1440.29126
G1 F1066.7 X69.306 Y125.014 E1440.32817
G1 F960 X69.189 Y124.759 E1440.33984
G1 X69.122 Y124.543 E1440.34924
G1 X69.065 Y124.546 E1440.35161
G1 X69.003 Y124.759 E1440.36084
G1 X68.886 Y125.014 E1440.3725
G1 F1048 X68.174 Y125.441 E1440.40412
G1 X69.096 Y125.398 E1440.43927
G1 F1066.7 X70.192 Y125.448 E1440.48032
G0 F9000 X68.174 Y125.441
G1 F1176.5 X68 Y125.448 E1440.48623
G1 F1200 X53.5 Y125.448 E1440.9685
G1 F2700 E1435.9685
G0 F9000 X181.62 Y125.57
G0 X181.9 Y125.848
G1 F2700 E1440.9685
G1 F1200 X181.9 Y125.048 E1440.99511
G1 X148.592 Y125.048 E1442.10294
G1 X148.058 Y124.756 E1442.12318
G1 X147.928 Y124.318 E1442.13838
G1 X147.956 Y124.028 E1442.14807
G1 X147.656 Y124.088 E1442.15824
G1 X147.36 Y124.088 E1442.16809
G1 X147.029 Y124.026 E1442.17929
G1 X147.054 Y124.342 E1442.18983
G1 X146.937 Y124.751 E1442.20398
G1 X146.492 Y125.048 E1442.22177
G1 X70.192 Y125.048 E1444.75952
G1 X69.66 Y124.758 E1444.77967
G1 X69.537 Y124.36 E1444.79353
G1 X69.541 Y124.028 E1444.80457
G1 X69.035 Y124.104 E1444.82159
G1 X68.636 Y124.029 E1444.83509
G1 X68.662 Y124.286 E1444.84369
G1 X68.541 Y124.749 E1444.8596
G1 X68.092 Y125.048 E1444.87754
G1 X53.1 Y125.048 E1445.37618
G1 X53.1 Y125.848 E1445.40279
G1 X181.9 Y125.848 E1449.68669
G1 F2700 E1444.68669
G0 F9000 X181.62 Y125.57
G0 X148.423 Y124.959
G0 X148.423 Y124.556
;TYPE:WALL-OUTER
G1 F2700 E1449.68669
G1 F1200 X148.322 Y124.25 E1449.69741
G1 F1054.9 X148.358 Y124.019 E1449.70626
G1 F941.2 X148.682 Y123.798 E1449.72289
G1 F952.4 X148.933 Y123.499 E1449.73925
G1 F956.2 X149.103 Y123.187 E1449.75408
G1 F954.3 X149.209 Y122.861 E1449.76842
G1 F960 X149.246 Y122.512 E1449.78301
G1 F956.2 X149.218 Y122.152 E1449.79808
G1 F946.7 X149.066 Y121.715 E1449.81759
G1 F937.5 X148.847 Y121.375 E1449.8348
G1 F944.9 X148.528 Y121.084 E1449.85304
G1 F958.1 X148.223 Y120.906 E1449.86775
G1 F952.4 X147.881 Y120.793 E1449.88285
G1 X147.532 Y120.752 E1449.89757
G1 F963.9 X147.191 Y120.765 E1449.91171
G1 F960 X146.772 Y120.9 E1449.93001
G1 F944.9 X146.412 Y121.133 E1449.94812
G1 F952.4 X146.152 Y121.37 E1449.96286
G1 F944.9 X145.884 Y121.814 E1449.98477
G1 F948.6 X145.814 Y122.056 E1449.99537
G1 F954.3 X145.755 Y122.317 E1450.00656
G1 F948.6 X145.763 Y122.763 E1450.02533
G1 F944.9 X145.926 Y123.288 E1450.04855
G1 F933.9 X146.191 Y123.666 E1450.06828
G1 F948.6 X146.601 Y124.015 E1450.09093
G1 F1071.4 X146.661 Y124.266 E1450.10055
G1 F1200 X146.579 Y124.549 E1450.11035
G1 X146.435 Y124.646 E1450.11612
G1 X70.192 Y124.648 E1452.65197
G1 X70.023 Y124.556 E1452.65837
G1 X69.925 Y124.264 E1452.66862
G1 F1061.9 X69.977 Y124.007 E1452.67847
G1 F948.6 X70.285 Y123.796 E1452.69418
G1 F944.9 X70.575 Y123.427 E1452.71401
G1 F948.6 X70.787 Y123.004 E1452.73391
G1 F956.2 X70.849 Y122.534 E1452.7537
G1 X70.819 Y122.19 E1452.76812
G1 F952.4 X70.739 Y121.879 E1452.78157
G1 X70.54 Y121.499 E1452.79955
G1 F948.6 X70.251 Y121.191 E1452.81732
G1 X69.951 Y120.973 E1452.83292
G1 F1006.3 X69.9 Y120.879 E1452.83716
G1 F1086 X69.905 Y114.132 E1453.08513
G1 F1021.3 X69.953 Y114.022 E1453.08982
G1 F952.4 X70.257 Y113.809 E1453.10538
G1 F956.2 X70.491 Y113.568 E1453.1194
G1 F952.4 X70.739 Y113.142 E1453.14006
G1 X70.833 Y112.713 E1453.15846
G1 X70.824 Y112.225 E1453.17892
G1 F956.2 X70.732 Y111.876 E1453.19398
G1 F960 X70.588 Y111.58 E1453.20767
G1 F944.9 X70.4 Y111.328 E1453.22095
G1 X69.989 Y110.975 E1453.24383
G1 F1066.7 X69.943 Y110.712 E1453.25382
G1 F1200 X70.031 Y110.44 E1453.26333
G1 X70.165 Y110.35 E1453.2687
G1 X182.3 Y110.348 E1456.99833
G1 X182.3 Y108.748 E1457.05154
G1 X52.7 Y108.748 E1461.36206
G1 X52.7 Y110.348 E1461.41527
G1 X68.004 Y110.348 E1461.92429
G1 X68.183 Y110.446 E1461.93107
G1 X68.276 Y110.765 E1461.94213
G1 F1061.9 X68.218 Y110.993 E1461.95097
G1 F950.5 X67.915 Y111.2 E1461.96638
G1 F952.4 X67.617 Y111.571 E1461.98632
G1 F960 X67.407 Y111.999 E1462.00614
G1 F961.9 X67.35 Y112.455 E1462.02521
G1 F960 X67.378 Y112.807 E1462.03989
G1 F952.4 X67.458 Y113.117 E1462.0533
G1 F948.6 X67.657 Y113.5 E1462.07146
G1 F952.4 X67.941 Y113.811 E1462.08911
G1 F950.5 X68.267 Y114.033 E1462.10568
G1 F1008.4 X68.302 Y114.136 E1462.10998
G1 F1106 X68.296 Y120.85 E1462.35227
G1 F1030 X68.248 Y120.974 E1462.35742
G1 F952.4 X67.939 Y121.191 E1462.37325
G1 F954.3 X67.709 Y121.428 E1462.38706
G1 F958.1 X67.535 Y121.713 E1462.40097
G1 F971.7 X67.435 Y121.944 E1462.41131
G1 F975.6 X67.335 Y122.421 E1462.43125
G1 F958.1 X67.374 Y122.774 E1462.44604
G1 F952.4 X67.463 Y123.12 E1462.46102
G1 X67.612 Y123.414 E1462.47483
G1 F946.7 X67.795 Y123.675 E1462.48827
G1 F963.9 X68.204 Y124.016 E1462.51032
G1 F1078.7 X68.264 Y124.248 E1462.51918
G1 F1200 X68.18 Y124.549 E1462.52958
G1 X68.035 Y124.646 E1462.53538
G1 X52.7 Y124.648 E1463.04542
G1 X52.7 Y126.248 E1463.09864
G1 X182.3 Y126.248 E1467.40915
G1 X182.3 Y124.648 E1467.46237
G1 X148.592 Y124.648 E1468.5835
G1 X148.423 Y124.556 E1468.5899
G0 F9000 X148.423 Y124.959
G0 X148.062 Y124.887
G0 X148.056 Y124.087
G0 X148.008 Y123.638
G1 F1081.1 X147.656 Y123.688 E1468.60303
G1 F1200 X147.312 Y123.683 E1468.61447
G1 F1148.3 X147.065 Y123.635 E1468.62322
G1 F1014.8 X146.803 Y123.543 E1468.63414
G1 F933.9 X146.574 Y123.316 E1468.64792
G1 F944.9 X146.404 Y123.113 E1468.6591
G1 F961.9 X146.271 Y122.739 E1468.67557
G1 F960 X146.252 Y122.551 E1468.68343
G1 X146.299 Y122.127 E1468.70117
G1 F958.1 X146.543 Y121.687 E1468.72212
G1 F963.9 X146.908 Y121.392 E1468.74156
G1 F969.7 X147.341 Y121.232 E1468.76056
G1 F967.7 X147.881 Y121.305 E1468.78303
G1 F961.9 X148.219 Y121.477 E1468.79877
G1 F963.9 X148.557 Y121.816 E1468.81859
G1 F967.7 X148.693 Y122.133 E1468.83282
G1 X148.748 Y122.486 E1468.84755
G1 F963.9 X148.71 Y122.823 E1468.86159
G1 X148.534 Y123.197 E1468.87871
G1 X148.29 Y123.471 E1468.8939
G1 F973.6 X148.008 Y123.638 E1468.90734
G1 F2700 E1463.90734
G0 F9000 X148.132 Y123.863
G0 X146.938 Y124.888
G0 X69.662 Y124.887
G0 X69.655 Y123.998
G0 X69.836 Y123.805
G0 X69.713 Y123.578
G1 F2700 E1468.90734
G1 F1059.6 X69.469 Y123.639 E1468.91681
G1 F1200 X69.044 Y123.7 E1468.93109
G1 X68.716 Y123.633 E1468.94223
G1 F1142.9 X68.656 Y123.632 E1468.94432
G1 F1016.9 X68.41 Y123.543 E1468.95459
G1 F952.4 X68.168 Y123.333 E1468.96802
G1 F956.2 X67.935 Y122.952 E1468.98666
G1 F960 X67.844 Y122.555 E1469.00359
G1 F963.9 X67.91 Y122.047 E1469.0248
G1 F961.9 X68.141 Y121.693 E1469.04234
G1 X68.324 Y121.521 E1469.05276
G1 F993.8 X68.643 Y121.354 E1469.06722
G1 F1071.4 X68.712 Y121.352 E1469.0698
G1 F1165 X69.068 Y121.296 E1469.08214
G1 F1126.8 X69.658 Y121.382 E1469.10326
G1 F1010.5 X69.837 Y121.496 E1469.11164
G1 F960 X70.163 Y121.835 E1469.1312
G1 F958.1 X70.289 Y122.115 E1469.14399
G1 F960 X70.349 Y122.498 E1469.16011
G1 F963.9 X70.298 Y122.862 E1469.17533
G1 F965.8 X70.076 Y123.27 E1469.19452
G1 F956.2 X69.939 Y123.421 E1469.20303
G1 F948.6 X69.713 Y123.578 E1469.21461
G1 F2700 E1464.21461
G0 F9000 X69.836 Y123.805
G0 X70.217 Y123.432
G0 X70.501 Y122.899
G0 X70.553 Y122.458
G0 X70.496 Y122.095
G0 X70.343 Y121.741
G0 X69.655 Y120.996
G0 X69.655 Y114.703
G0 X69.693 Y113.884
G0 X69.561 Y113.643
G1 F2700 E1469.21461
G1 F1103.4 X69.283 Y113.687 E1469.22479
G1 F1200 X68.92 Y113.687 E1469.23686
G1 F1076.2 X68.608 Y113.646 E1469.24853
G1 F967.7 X68.267 Y113.431 E1469.26516
G1 F958.1 X68.036 Y113.156 E1469.28012
G1 X67.899 Y112.87 E1469.29333
G1 F961.9 X67.847 Y112.472 E1469.30999
G1 F963.9 X67.893 Y112.165 E1469.32284
G1 F961.9 X68.064 Y111.801 E1469.33953
G1 X68.306 Y111.524 E1469.35479
G1 F1008.4 X68.655 Y111.356 E1469.37012
G1 F1113.7 X68.723 Y111.356 E1469.37256
G1 F1188.1 X69.052 Y111.3 E1469.38377
G1 F1159.4 X69.485 Y111.348 E1469.39876
G1 F1021.3 X69.786 Y111.446 E1469.41113
G1 F943 X70.145 Y111.803 E1469.43256
G1 F956.2 X70.3 Y112.146 E1469.44827
G1 F963.9 X70.35 Y112.478 E1469.46218
G1 F961.9 X70.303 Y112.849 E1469.47769
G1 F956.2 X70.073 Y113.285 E1469.49827
G1 F960 X69.872 Y113.479 E1469.50988
G1 F993.8 X69.561 Y113.643 E1469.524
G1 F2700 E1464.524
;MESH:NONMESH
G0 F300 X69.561 Y113.643 Z3.2
G0 F9000 X69.693 Y113.884
G0 X70.504 Y113.205
G0 X71.515 Y113.621
G0 X162.835 Y113.205
G0 X163.93 Y113.205
G0 X166.5 Y121.5
;TIME_ELAPSED:2770.722412
;LAYER:15
;TYPE:WALL-INNER
;MESH:BtnFaceWithWings.stl
G1 F2700 E1469.524
G1 F1200 X166.5 Y113.5 E1469.79009
G1 X164.5 Y113.5 E1469.85661
G1 X164.5 Y121.5 E1470.12269
G1 X166.5 Y121.5 E1470.18921
G0 F9000 X166.9 Y121.9
G1 F1200 X166.9 Y113.1 E1470.4819
G1 X164.1 Y113.1 E1470.57502
G1 X164.1 Y121.9 E1470.86771
G1 X166.9 Y121.9 E1470.96084
G0 F9000 X167.3 Y122.3
;TYPE:WALL-OUTER
G1 F1200 X167.3 Y112.7 E1471.28014
G1 X163.7 Y112.7 E1471.39988
G1 X163.7 Y122.3 E1471.71917
G1 X167.3 Y122.3 E1471.83891
G0 F9000 X167.02 Y122.02
G0 X166.42 Y120.795
;TYPE:FILL
G1 F2400 X164.58 Y118.954 E1471.92548
G0 F9000 X164.58 Y118.51
G1 F2400 X165.901 Y113.58 E1472.09524
G0 F9000 X166.42 Y119.157
G1 F2400 X164.58 Y119.649 E1472.15859
G0 F9000 X164.71 Y119.649
G1 F2700 E1467.15859
G0 F9000 X163.924 Y122.076
G0 X163.924 Y123.165
G0 X163.924 Y123.899
G0 X163.924 Y124.994
G0 X148.5 Y125.564
;TYPE:WALL-INNER
G1 F2700 E1472.15859
G1 F1129.4 X147.68 Y125.179 E1472.1906
G1 F1081.1 X147.545 Y124.922 E1472.20132
G1 F1134.8 X147.5 Y124.651 E1472.21098
G1 X147.455 Y124.922 E1472.22064
G1 F1081.1 X147.32 Y125.179 E1472.23136
G1 F1108.5 X146.674 Y125.557 E1472.25831
G1 X147.5 Y125.539 E1472.28805
G1 F1129.4 X148.5 Y125.564 E1472.3234
G1 F1200 X181.5 Y125.564 E1473.42099
G1 F2700 E1468.42099
G0 F9000 X148.062 Y125.002
G0 X69.662 Y125.002
G0 X69.655 Y123.998
G0 X70.525 Y123.128
G0 X70.581 Y122.024
G0 X69.655 Y120.996
G0 X69.655 Y114.003
G0 X70.486 Y113.193
G0 X70.597 Y112.105
G0 X69.988 Y111.23
G0 X69.655 Y111.012
G0 X69.662 Y109.997
G0 X181.502 Y109.434
G1 F2700 E1473.42099
G1 F1212.1 X70.1 Y109.434 E1477.08918
G1 F1188.1 X69.927 Y109.441 E1477.095
G1 F1116.3 X69.099 Y109.46 E1477.12461
G1 F1132.1 X68.1 Y109.436 E1477.15984
G1 X68.92 Y109.82 E1477.19176
G1 F1071.4 X69.056 Y110.074 E1477.2025
G1 F1134.8 X69.1 Y110.436 E1477.21532
G1 X69.143 Y110.074 E1477.22814
G1 F1071.4 X69.279 Y109.819 E1477.23891
G1 F1116.3 X69.927 Y109.441 E1477.26573
G0 F9000 X68.1 Y109.436
G1 F1200 X53.5 Y109.436 E1477.75133
G0 F9000 X68.938 Y109.598
G0 X69.19 Y110.073
G0 X69.619 Y110.073
G1 F1200 X70.009 Y109.832 E1477.76658
G1 X181.9 Y109.832 E1481.48809
G1 X181.9 Y109.036 E1481.51456
G1 X53.1 Y109.036 E1485.79847
G1 X53.1 Y109.836 E1485.82508
G1 X68.1 Y109.836 E1486.32398
G1 X68.58 Y110.075 E1486.34181
G1 X68.661 Y110.223 E1486.34742
G1 X68.7 Y110.436 E1486.35463
G1 X68.695 Y110.847 E1486.3683
G1 X68.664 Y110.947 E1486.37178
G1 X69.179 Y110.894 E1486.389
G1 X69.538 Y110.966 E1486.40118
G1 X69.5 Y110.768 E1486.40788
G1 X69.5 Y110.292 E1486.42372
G1 X69.619 Y110.073 E1486.43201
G0 F9000 X69.19 Y110.073
G0 X69.538 Y111.114
G0 X69.963 Y111.329
G0 X70.264 Y111.631
G0 X70.429 Y111.91
G0 X70.553 Y112.434
G0 X70.517 Y112.826
G0 X70.319 Y113.28
G0 X69.1 Y114.495
G1 F1200 X69.1 Y120.51 E1486.63206
G0 F9000 X69.538 Y120.953
G1 F1200 X69.5 Y120.856 E1486.63553
G1 X69.5 Y114.126 E1486.85937
G1 X69.539 Y114.04 E1486.86251
G1 X69.08 Y114.096 E1486.87789
G1 X68.675 Y114.051 E1486.89144
G1 X68.701 Y114.228 E1486.89739
G1 X68.699 Y120.805 E1487.11615
G1 X68.651 Y120.97 E1487.12186
G1 X68.943 Y120.897 E1487.13187
G1 X69.538 Y120.953 E1487.15175
G0 F9000 X69.223 Y120.647
G0 X70.264 Y121.631
G0 X70.429 Y121.91
G0 X70.558 Y122.456
G0 X70.44 Y123.076
G0 X70.203 Y123.43
G0 X69.1 Y124.492
G1 F1188.1 X69.1 Y124.651 E1487.15709
G0 F9000 X68.938 Y125.403
G0 X68.274 Y125.557
G1 F1176.5 X68.1 Y125.564 E1487.163
G1 F1200 X53.5 Y125.564 E1487.6486
G0 F9000 X70.1 Y125.564
G1 F1200 X146.5 Y125.564 E1490.18967
G1 F1176.5 X146.674 Y125.557 E1490.19558
G0 F9000 X147.338 Y125.403
G0 X147.5 Y124.651
G1 F1188.1 X147.5 Y124.495 E1490.20082
G1 F2700 E1485.20082
G0 F9000 X147.338 Y125.403
G0 X70.1 Y125.564
G1 F2700 E1490.20082
G1 F1129.4 X69.28 Y125.179 E1490.23283
G1 F1081.1 X69.145 Y124.922 E1490.24355
G1 F1134.8 X69.1 Y124.651 E1490.25321
G1 X69.055 Y124.922 E1490.26287
G1 F1081.1 X68.92 Y125.179 E1490.27359
G1 F1108.5 X68.274 Y125.557 E1490.30054
G1 X69.1 Y125.539 E1490.33029
G1 F1129.4 X70.1 Y125.564 E1490.36564
G1 F2700 E1485.36564
G0 F9000 X147.338 Y125.403
G0 X147.59 Y124.924
G0 X148.02 Y124.924
G1 F2700 E1490.36564
G1 F1200 X147.902 Y124.616 E1490.37661
G1 X147.899 Y124.127 E1490.39287
G1 X147.939 Y124.041 E1490.39603
G1 X147.48 Y124.096 E1490.4114
G1 X147.075 Y124.051 E1490.42495
G1 X147.101 Y124.228 E1490.4309
G1 X147.098 Y124.616 E1490.44381
G1 X146.98 Y124.924 E1490.45478
G1 X146.591 Y125.164 E1490.46998
G1 X70.1 Y125.164 E1493.01408
G1 X69.62 Y124.924 E1493.03193
G1 X69.502 Y124.616 E1493.0429
G1 X69.5 Y124.21 E1493.05641
G1 X69.551 Y124.023 E1493.06285
G1 X69.135 Y124.094 E1493.07689
G1 X68.666 Y124.032 E1493.09262
G1 X68.7 Y124.228 E1493.09924
G1 X68.698 Y124.616 E1493.11215
G1 X68.58 Y124.924 E1493.12312
G1 X68.191 Y125.164 E1493.13832
G1 X53.1 Y125.164 E1493.64025
G1 X53.1 Y125.964 E1493.66686
G1 X181.9 Y125.964 E1497.95076
G1 X181.9 Y125.164 E1497.97737
G1 X148.5 Y125.164 E1499.08826
G1 X148.02 Y124.924 E1499.10611
G0 F9000 X148.34 Y124.684
;TYPE:WALL-OUTER
G1 F1200 X148.3 Y124.582 E1499.10975
G1 F1159.4 X148.3 Y124.122 E1499.12559
G1 F1021.3 X148.354 Y124.023 E1499.12999
G1 F944.9 X148.673 Y123.802 E1499.14639
G1 F952.4 X148.949 Y123.488 E1499.16391
G1 F948.6 X149.171 Y123.029 E1499.18536
G1 X149.244 Y122.6 E1499.20367
G1 F952.4 X149.228 Y122.249 E1499.21839
G1 F950.5 X149.146 Y121.918 E1499.23271
G1 F956.2 X148.995 Y121.595 E1499.24759
G1 F952.4 X148.788 Y121.307 E1499.26246
G1 X148.463 Y121.04 E1499.28008
G1 F960 X148.125 Y120.866 E1499.29589
G1 F952.4 X147.713 Y120.759 E1499.31373
G1 F960 X147.373 Y120.749 E1499.32787
G1 F969.7 X147.122 Y120.789 E1499.33833
G1 F956.2 X146.781 Y120.896 E1499.35325
G1 X146.4 Y121.129 E1499.37189
G1 F958.1 X146.112 Y121.433 E1499.38934
G1 F948.6 X145.876 Y121.832 E1499.40884
G1 F939.3 X145.749 Y122.288 E1499.42895
G1 F948.6 X145.758 Y122.666 E1499.44486
G1 F950.5 X145.811 Y122.941 E1499.45662
G1 F948.6 X145.913 Y123.255 E1499.47051
G1 F956.2 X146.163 Y123.646 E1499.48988
G1 F960 X146.488 Y123.925 E1499.50769
G1 F952.4 X146.654 Y124.025 E1499.51581
G1 F1025.6 X146.701 Y124.123 E1499.52004
G1 F1159.4 X146.7 Y124.582 E1499.53584
G1 F1200 X146.66 Y124.684 E1499.53949
G1 X146.535 Y124.762 E1499.54439
G1 X70.1 Y124.764 E1502.08663
G1 X69.94 Y124.684 E1502.09258
G1 X69.9 Y124.582 E1502.09622
G1 F1121.5 X69.897 Y124.063 E1502.11469
G1 F995.9 X70.273 Y123.801 E1502.13306
G1 F946.7 X70.495 Y123.549 E1502.14722
G1 F952.4 X70.705 Y123.208 E1502.164
G1 F948.6 X70.801 Y122.88 E1502.17838
G1 F944.9 X70.859 Y122.422 E1502.19788
G1 X70.767 Y121.966 E1502.21753
G1 X70.576 Y121.53 E1502.23764
G1 F950.5 X70.256 Y121.19 E1502.25724
G1 F946.7 X69.952 Y120.975 E1502.27294
G1 F1025.6 X69.9 Y120.873 E1502.27739
G1 F1106 X69.9 Y114.122 E1502.52102
G1 F1008.4 X69.951 Y114.024 E1502.52539
G1 F946.7 X70.241 Y113.822 E1502.54029
G1 F956.2 X70.477 Y113.571 E1502.55467
G1 X70.657 Y113.281 E1502.56892
G1 F954.3 X70.786 Y112.959 E1502.58343
G1 F960 X70.834 Y112.697 E1502.5945
G1 X70.846 Y112.393 E1502.60715
G1 F956.2 X70.786 Y112.061 E1502.62123
G1 X70.671 Y111.733 E1502.63574
G1 F963.9 X70.425 Y111.338 E1502.65501
G1 F960 X70.108 Y111.071 E1502.67224
G1 F952.4 X69.963 Y110.982 E1502.67937
G1 F1034.5 X69.9 Y110.867 E1502.68443
G1 F1153.8 X69.9 Y110.384 E1502.70114
G1 F1182.3 X69.939 Y110.312 E1502.7039
G1 F1200 X70.065 Y110.234 E1502.70883
G1 X182.3 Y110.232 E1506.44178
G1 X182.3 Y108.636 E1506.49486
G1 X52.7 Y108.636 E1510.80538
G1 X52.7 Y110.236 E1510.85859
G1 X68.1 Y110.236 E1511.3708
G1 X68.26 Y110.315 E1511.37674
G1 X68.3 Y110.436 E1511.38097
G1 F1148.3 X68.294 Y110.87 E1511.39606
G1 F1016.9 X68.243 Y110.979 E1511.40078
G1 F944.9 X67.922 Y111.195 E1511.41713
G1 F954.3 X67.703 Y111.445 E1511.43103
G1 F948.6 X67.496 Y111.791 E1511.44799
G1 X67.39 Y112.115 E1511.46233
G1 F956.2 X67.344 Y112.578 E1511.48176
G1 F952.4 X67.427 Y113.031 E1511.50106
G1 X67.631 Y113.474 E1511.52149
G1 F956.2 X67.943 Y113.806 E1511.54051
G1 F948.6 X68.254 Y114.025 E1511.55652
G1 F991.7 X68.301 Y114.123 E1511.56089
G1 F1039 X68.304 Y120.881 E1511.8205
G1 F985.6 X68.276 Y120.953 E1511.82363
G1 F952.4 X67.956 Y121.174 E1511.83993
G1 F960 X67.722 Y121.423 E1511.85413
G1 F952.4 X67.54 Y121.715 E1511.86855
G1 F954.3 X67.413 Y122.037 E1511.88303
G1 F960 X67.363 Y122.301 E1511.8942
G1 F956.2 X67.351 Y122.603 E1511.90682
G1 X67.408 Y122.94 E1511.92108
G1 X67.526 Y123.265 E1511.93552
G1 X67.773 Y123.653 E1511.95471
G1 X68.088 Y123.925 E1511.97209
G1 F954.3 X68.26 Y124.03 E1511.98052
G1 F1019.1 X68.3 Y124.112 E1511.98409
G1 F1148.3 X68.3 Y124.582 E1512.00042
G1 F1200 X68.26 Y124.684 E1512.00407
G1 X68.135 Y124.762 E1512.00897
G1 X52.7 Y124.764 E1512.52234
G1 X52.7 Y126.364 E1512.57556
G1 X182.3 Y126.364 E1516.88607
G1 X182.3 Y124.764 E1516.93929
G1 X148.5 Y124.764 E1518.06348
G1 X148.34 Y124.684 E1518.06943
G0 F9000 X147.99 Y124.684
G0 X148.042 Y123.904
G0 X147.912 Y123.655
G1 F1118.9 X147.829 Y123.651 E1518.07239
G1 F1200 X147.459 Y123.696 E1518.08479
G1 F1194 X147.171 Y123.655 E1518.09451
G1 F1116.3 X147.099 Y123.659 E1518.09709
G1 F1004.2 X146.769 Y123.511 E1518.11147
G1 F960 X146.5 Y123.249 E1518.12708
G1 F956.2 X146.343 Y122.997 E1518.13947
G1 X146.25 Y122.575 E1518.15751
G1 F958.1 X146.284 Y122.169 E1518.17448
G1 F952.4 X146.48 Y121.771 E1518.19307
G1 X146.722 Y121.516 E1518.20781
G1 F956.2 X146.976 Y121.361 E1518.22023
G1 F960 X147.372 Y121.235 E1518.2375
G1 F954.3 X147.635 Y121.265 E1518.24857
G1 F952.4 X147.938 Y121.33 E1518.26156
G1 F965.8 X148.252 Y121.502 E1518.27636
G1 F967.7 X148.508 Y121.761 E1518.29138
G1 F963.9 X148.651 Y122.018 E1518.30355
G1 F961.9 X148.753 Y122.447 E1518.32185
G1 F963.9 X148.713 Y122.794 E1518.33631
G1 F960 X148.527 Y123.212 E1518.35534
G1 F956.2 X148.293 Y123.463 E1518.36966
G1 F1000 X147.912 Y123.655 E1518.38669
G1 F2700 E1513.38669
G0 F9000 X148.042 Y123.904
G0 X146.938 Y125.003
G0 X69.662 Y125.002
G0 X69.655 Y123.998
G0 X69.612 Y123.64
G1 F2700 E1518.38669
G1 F1052.6 X69.17 Y123.696 E1518.40358
G1 F1200 X68.73 Y123.639 E1518.41834
G1 F1100.9 X68.641 Y123.647 E1518.42158
G1 F991.7 X68.324 Y123.489 E1518.43583
G1 F967.7 X68.026 Y123.14 E1518.45476
G1 X67.907 Y122.872 E1518.46685
G1 F960 X67.851 Y122.562 E1518.47995
G1 X67.875 Y122.219 E1518.49424
G1 F963.9 X68.047 Y121.818 E1518.51231
G1 X68.284 Y121.552 E1518.52707
G1 F952.4 X68.586 Y121.355 E1518.54218
G1 F1054.9 X69.008 Y121.305 E1518.55825
G1 F1200 X69.416 Y121.344 E1518.57189
G1 F1057.3 X69.688 Y121.407 E1518.58243
G1 F954.3 X69.867 Y121.512 E1518.5911
G1 F963.9 X70.117 Y121.776 E1518.60616
G1 F960 X70.252 Y122.018 E1518.61768
G1 X70.355 Y122.453 E1518.63627
G1 X70.268 Y122.967 E1518.65794
G1 F952.4 X70.009 Y123.367 E1518.67791
G1 F941.2 X69.612 Y123.64 E1518.69834
G1 F2700 E1513.69834
G0 F9000 X69.757 Y123.853
G0 X70.148 Y123.513
G0 X70.44 Y123.076
G0 X70.558 Y122.456
G0 X70.429 Y121.91
G0 X70.264 Y121.631
G0 X69.655 Y120.996
G0 X69.637 Y113.906
G0 X69.507 Y113.655
G1 F2700 E1518.69834
G1 F1118.9 X69.425 Y113.651 E1518.70127
G1 F1200 X69.059 Y113.696 E1518.71354
G1 F1194 X68.771 Y113.655 E1518.72326
G1 F1054.9 X68.512 Y113.591 E1518.73335
G1 F956.2 X68.328 Y113.476 E1518.74241
G1 F963.9 X68.084 Y113.227 E1518.75685
G1 F958.1 X67.874 Y112.797 E1518.77678
G1 F956.2 X67.874 Y112.175 E1518.80274
G1 F960 X68.092 Y111.758 E1518.82231
G1 F961.9 X68.313 Y111.519 E1518.83581
G1 F952.4 X68.497 Y111.418 E1518.84461
G1 F1016.9 X68.748 Y111.336 E1518.85497
G1 F1148.3 X69.138 Y111.3 E1518.86859
G1 F1200 X69.428 Y111.346 E1518.87835
G1 F1137.4 X69.493 Y111.346 E1518.88063
G1 F1016.9 X69.826 Y111.484 E1518.89478
G1 F960 X70.094 Y111.745 E1518.91033
G1 F963.9 X70.255 Y112.002 E1518.92289
G1 X70.348 Y112.436 E1518.94127
G1 F960 X70.319 Y112.783 E1518.95575
G1 F961.9 X70.145 Y113.189 E1518.97408
G1 X69.883 Y113.468 E1518.98996
G1 F1000 X69.507 Y113.655 E1519.00672
G1 F2700 E1514.00672
;MESH:NONMESH
G0 F300 X69.507 Y113.655 Z3.4
G0 F9000 X69.637 Y113.906
G0 X70.504 Y113.202
G0 X71.523 Y113.596
G0 X162.835 Y113.202
G0 X163.93 Y113.202
G0 X166.5 Y121.5
;TIME_ELAPSED:2858.579127
;LAYER:16
;TYPE:WALL-INNER
;MESH:BtnFaceWithWings.stl
G1 F2700 E1519.00672
G1 F1200 X166.5 Y113.5 E1519.2728
G1 X164.5 Y113.5 E1519.33932
G1 X164.5 Y121.5 E1519.6054
G1 X166.5 Y121.5 E1519.67192
G0 F9000 X166.9 Y121.9
G1 F1200 X166.9 Y113.1 E1519.96461
G1 X164.1 Y113.1 E1520.05774
G1 X164.1 Y121.9 E1520.35043
G1 X166.9 Y121.9 E1520.44355
G0 F9000 X167.3 Y122.3
;TYPE:WALL-OUTER
G1 F1200 X167.3 Y112.7 E1520.76285
G1 X163.7 Y112.7 E1520.88259
G1 X163.7 Y122.3 E1521.20189
G1 X167.3 Y122.3 E1521.32162
G0 F9000 X167.02 Y122.02
G0 X166.42 Y120.594
;TYPE:FILL
G1 F2400 X164.58 Y118.754 E1521.40817
G0 F9000 X164.58 Y117.961
G1 F2400 X165.754 Y113.58 E1521.55902
G0 F9000 X166.42 Y119.304
G1 F2400 X164.581 Y119.796 E1521.62234
G0 F9000 X164.71 Y119.796
G1 F2700 E1516.62234
G0 F9000 X163.924 Y122.076
G0 X163.924 Y123.165
G0 X163.924 Y124.015
G0 X163.924 Y125.11
G0 X148.5 Y125.68
;TYPE:WALL-INNER
G1 F2700 E1521.62234
G1 F1200 X181.5 Y125.68 E1522.71992
G1 F2700 E1517.71992
G0 F9000 X148.062 Y125.118
G0 X69.662 Y125.118
G0 X69.655 Y123.99
G0 X70.518 Y123.125
G0 X70.579 Y122.038
G0 X69.655 Y121.012
G0 X69.655 Y114.003
G0 X70.484 Y113.198
G0 X70.623 Y112.18
G0 X69.975 Y111.219
G0 X69.656 Y111.014
G0 X69.662 Y109.881
G0 X181.502 Y109.318
G1 F2700 E1522.71992
G1 F1212.1 X70.1 Y109.318 E1526.38812
G1 F1188.1 X69.927 Y109.325 E1526.39393
G1 F1116.3 X69.099 Y109.344 E1526.42355
G1 F1132.1 X68.1 Y109.32 E1526.45878
G1 X68.92 Y109.704 E1526.4907
G1 F1071.4 X69.056 Y109.958 E1526.50143
G1 F1134.8 X69.1 Y110.32 E1526.51426
G1 X69.143 Y109.958 E1526.52708
G1 F1071.4 X69.279 Y109.703 E1526.53785
G1 F1116.3 X69.927 Y109.325 E1526.56467
G0 F9000 X69.262 Y109.481
G0 X69.1 Y110.32
G1 F1200 X69.1 Y110.501 E1526.57069
G0 F9000 X68.938 Y109.482
G0 X68.1 Y109.32
G1 F1200 X53.5 Y109.32 E1527.05629
G0 F9000 X68.938 Y109.482
G0 X69.19 Y109.957
G0 X69.619 Y109.957
G1 F1200 X70.009 Y109.716 E1527.07154
G1 X181.9 Y109.716 E1530.79305
G1 X181.9 Y108.92 E1530.81952
G1 X53.1 Y108.92 E1535.10343
G1 X53.1 Y109.72 E1535.13003
G1 X68.1 Y109.72 E1535.62894
G1 X68.58 Y109.959 E1535.64677
G1 X68.661 Y110.107 E1535.65238
G1 X68.7 Y110.32 E1535.65958
G1 X68.7 Y110.768 E1535.67448
G1 X68.661 Y110.966 E1535.6812
G1 X69.175 Y110.892 E1535.69847
G1 X69.539 Y110.966 E1535.71082
G1 X69.5 Y110.768 E1535.71753
G1 X69.5 Y110.176 E1535.73722
G1 X69.619 Y109.957 E1535.74551
G0 F9000 X69.19 Y109.957
G0 X69.544 Y111.115
G0 X70.014 Y111.368
G0 X70.312 Y111.695
G0 X70.494 Y112.085
G0 X70.553 Y112.453
G0 X70.504 Y112.885
G0 X70.327 Y113.257
G0 X69.1 Y114.495
G1 F1200 X69.1 Y120.5 E1535.94524
G0 F9000 X69.542 Y120.968
G1 F1200 X69.5 Y120.768 E1535.95204
G1 X69.5 Y114.211 E1536.17013
G1 X69.539 Y114.027 E1536.17638
G1 X69.357 Y114.075 E1536.18264
G1 X69.028 Y114.1 E1536.19362
G1 X68.668 Y114.036 E1536.20578
G1 X68.7 Y114.228 E1536.21225
G1 X68.7 Y120.768 E1536.42977
G1 X68.664 Y120.967 E1536.4365
G1 X69.063 Y120.897 E1536.44997
G1 X69.345 Y120.918 E1536.45938
G1 X69.542 Y120.968 E1536.46614
G0 F9000 X69.223 Y120.631
G0 X70.305 Y121.68
G0 X70.494 Y122.085
G0 X70.553 Y122.453
G0 X70.504 Y122.885
G0 X70.31 Y123.293
G0 X69.1 Y124.492
G1 F1188.1 X69.1 Y124.767 E1536.47538
G0 F9000 X68.938 Y125.519
G0 X68.274 Y125.673
G1 F1176.5 X68.1 Y125.68 E1536.48128
G1 F1200 X53.5 Y125.68 E1536.96688
G0 F9000 X70.1 Y125.68
G1 F1200 X146.5 Y125.68 E1539.50796
G1 F1176.5 X146.674 Y125.673 E1539.51386
G0 F9000 X147.338 Y125.519
G0 X147.5 Y124.767
G1 F1188.1 X147.5 Y124.492 E1539.5231
G0 F9000 X147.662 Y125.518
G0 X148.5 Y125.68
G1 F1129.4 X147.68 Y125.295 E1539.55511
G1 F1081.1 X147.545 Y125.038 E1539.56583
G1 F1134.8 X147.5 Y124.767 E1539.57549
G1 X147.455 Y125.038 E1539.58516
G1 F1081.1 X147.32 Y125.295 E1539.59587
G1 F1108.5 X146.674 Y125.673 E1539.62282
G1 X147.5 Y125.655 E1539.65257
G1 F1129.4 X148.5 Y125.68 E1539.68792
G1 F2700 E1534.68792
G0 F9000 X70.1 Y125.68
G1 F2700 E1539.68792
G1 F1129.4 X69.28 Y125.295 E1539.71993
G1 F1081.1 X69.145 Y125.038 E1539.73065
G1 F1134.8 X69.1 Y124.767 E1539.74031
G1 X69.055 Y125.038 E1539.74997
G1 F1081.1 X68.92 Y125.295 E1539.76069
G1 F1108.5 X68.274 Y125.673 E1539.78764
G1 X69.1 Y125.655 E1539.81739
G1 F1129.4 X70.1 Y125.68 E1539.85274
G1 F2700 E1534.85274
G0 F9000 X147.338 Y125.519
G0 X147.59 Y125.04
G0 X148.02 Y125.04
G1 F2700 E1539.85274
G1 F1200 X147.902 Y124.732 E1539.86371
G1 X147.9 Y124.199 E1539.88143
G1 X147.967 Y124.013 E1539.88801
G1 X147.63 Y124.106 E1539.89964
G1 X147.062 Y124.036 E1539.91867
G1 X147.1 Y124.232 E1539.92531
G1 X147.098 Y124.732 E1539.94194
G1 X146.98 Y125.04 E1539.95291
G1 X146.591 Y125.28 E1539.96811
G1 X70.1 Y125.28 E1542.51222
G1 X69.62 Y125.04 E1542.53006
G1 X69.502 Y124.732 E1542.54103
G1 X69.5 Y124.223 E1542.55796
G1 X69.541 Y124.029 E1542.56456
G1 X69.133 Y124.094 E1542.5783
G1 X68.663 Y124.044 E1542.59402
G1 X68.7 Y124.148 E1542.59769
G1 X68.698 Y124.732 E1542.61712
G1 X68.58 Y125.04 E1542.62809
G1 X68.191 Y125.28 E1542.64329
G1 X53.1 Y125.28 E1543.14522
G1 X53.1 Y126.08 E1543.17183
G1 X181.9 Y126.08 E1547.45573
G1 X181.9 Y125.28 E1547.48234
G1 X148.5 Y125.28 E1548.59323
G1 X148.02 Y125.04 E1548.61108
G0 F9000 X148.34 Y124.8
;TYPE:WALL-OUTER
G1 F1200 X148.3 Y124.698 E1548.61472
G1 F1151.1 X148.3 Y124.109 E1548.63514
G1 F1023.5 X148.34 Y124.033 E1548.63849
G1 F956.2 X148.518 Y123.918 E1548.64734
G1 X148.735 Y123.731 E1548.6593
G1 F952.4 X148.945 Y123.494 E1548.67257
G1 F954.3 X149.144 Y123.089 E1548.69144
G1 F956.2 X149.213 Y122.846 E1548.70198
G1 F954.3 X149.254 Y122.514 E1548.71598
G1 F952.4 X149.216 Y122.171 E1548.73044
G1 F948.6 X149.087 Y121.75 E1548.74896
G1 F943 X148.879 Y121.422 E1548.7654
G1 F941.2 X148.667 Y121.205 E1548.77827
G1 F948.6 X148.377 Y120.985 E1548.79358
G1 F960 X148.043 Y120.834 E1548.80882
G1 F952.4 X147.706 Y120.758 E1548.8233
G1 F944.9 X147.237 Y120.754 E1548.84311
G1 F948.6 X146.783 Y120.908 E1548.86328
G1 F954.3 X146.487 Y121.071 E1548.87741
G1 F952.4 X146.218 Y121.302 E1548.89227
G1 X146.012 Y121.578 E1548.90671
G1 F956.2 X145.805 Y122.017 E1548.92697
G1 F960 X145.75 Y122.421 E1548.94392
G1 F956.2 X145.771 Y122.757 E1548.95797
G1 F952.4 X145.859 Y123.1 E1548.97281
G1 F948.6 X146.003 Y123.416 E1548.98742
G1 X146.267 Y123.738 E1549.00494
G1 F952.4 X146.502 Y123.935 E1549.01779
G1 F944.9 X146.664 Y124.035 E1549.02583
G1 F1010.5 X146.7 Y124.112 E1549.02919
G1 F1142.9 X146.7 Y124.698 E1549.04965
G1 F1200 X146.66 Y124.8 E1549.0533
G1 X146.535 Y124.878 E1549.0582
G1 X70.1 Y124.88 E1551.60044
G1 X69.94 Y124.8 E1551.60639
G1 X69.9 Y124.698 E1551.61003
G1 F1142.9 X69.898 Y124.139 E1551.62955
G1 F1004.2 X69.934 Y124.032 E1551.63404
G1 F941.2 X70.117 Y123.917 E1551.64321
G1 F952.4 X70.336 Y123.731 E1551.65525
G1 F954.3 X70.539 Y123.503 E1551.66801
G1 F952.4 X70.694 Y123.205 E1551.68209
G1 F954.3 X70.806 Y122.874 E1551.69671
G1 F961.9 X70.846 Y122.534 E1551.71091
G1 F956.2 X70.832 Y122.24 E1551.7232
G1 F954.3 X70.77 Y121.98 E1551.73438
G1 F958.1 X70.626 Y121.648 E1551.74945
G1 F948.6 X70.43 Y121.358 E1551.76418
G1 F946.7 X70.098 Y121.063 E1551.7829
G1 F967.7 X69.953 Y120.963 E1551.79017
G1 F1081.1 X69.9 Y120.804 E1551.79635
G1 F1200 X69.9 Y114.225 E1552.01517
G1 F1111.1 X69.965 Y114.042 E1552.02215
G1 F993.8 X70.238 Y113.826 E1552.03613
G1 F960 X70.482 Y113.57 E1552.05083
G1 F956.2 X70.657 Y113.285 E1552.06479
G1 X70.787 Y112.962 E1552.07933
G1 F952.4 X70.855 Y112.586 E1552.09534
G1 F943 X70.818 Y112.142 E1552.1142
G1 F948.6 X70.707 Y111.82 E1552.12853
G1 F956.2 X70.586 Y111.579 E1552.13978
G1 F952.4 X70.392 Y111.315 E1552.15351
G1 F948.6 X70.095 Y111.064 E1552.16987
G1 X69.963 Y110.983 E1552.17639
G1 F1030 X69.9 Y110.87 E1552.1814
G1 F1148.3 X69.9 Y110.268 E1552.20233
G1 F1182.3 X69.939 Y110.196 E1552.20509
G1 F1200 X70.065 Y110.118 E1552.21002
G1 X182.3 Y110.116 E1555.94297
G1 X182.3 Y108.52 E1555.99605
G1 X52.7 Y108.52 E1560.30657
G1 X52.7 Y110.12 E1560.35978
G1 X68.1 Y110.12 E1560.87199
G1 X68.26 Y110.199 E1560.87792
G1 X68.3 Y110.32 E1560.88216
G1 F1159.4 X68.3 Y110.878 E1560.90137
G1 F1027.8 X68.235 Y110.982 E1560.90613
G1 F954.3 X68.077 Y111.079 E1560.91389
G1 X67.862 Y111.265 E1560.92578
G1 F952.4 X67.661 Y111.493 E1560.93852
G1 F950.5 X67.502 Y111.793 E1560.95277
G1 F952.4 X67.39 Y112.121 E1560.9673
G1 F960 X67.35 Y112.46 E1560.98149
G1 F956.2 X67.367 Y112.755 E1560.99382
G1 X67.429 Y113.016 E1561.00502
G1 F958.1 X67.575 Y113.349 E1561.02017
G1 F952.4 X67.765 Y113.641 E1561.03477
G1 X68.097 Y113.932 E1561.05327
G1 F948.6 X68.262 Y114.03 E1561.06134
G1 F1032.3 X68.3 Y114.158 E1561.06651
G1 F1121.5 X68.3 Y120.866 E1561.30523
G1 F1034.5 X68.229 Y120.982 E1561.31048
G1 F963.9 X67.961 Y121.175 E1561.32416
G1 F967.7 X67.71 Y121.428 E1561.33885
G1 X67.538 Y121.713 E1561.35258
G1 F960 X67.412 Y122.033 E1561.36688
G1 F956.2 X67.343 Y122.41 E1561.38288
G1 F948.6 X67.381 Y122.856 E1561.40171
G1 F950.5 X67.489 Y123.177 E1561.41593
G1 F956.2 X67.61 Y123.418 E1561.42719
G1 F944.9 X67.807 Y123.684 E1561.44117
G1 F941.2 X68.1 Y123.935 E1561.45753
G1 F956.2 X68.233 Y124.019 E1561.4641
G1 F1050.3 X68.3 Y124.153 E1561.46979
G1 F1179.4 X68.3 Y124.698 E1561.48824
G1 F1200 X68.26 Y124.8 E1561.49188
G1 X68.135 Y124.878 E1561.49678
G1 X52.7 Y124.88 E1562.01015
G1 X52.7 Y126.48 E1562.06337
G1 X182.3 Y126.48 E1566.37388
G1 X182.3 Y124.88 E1566.4271
G1 X148.5 Y124.88 E1567.55129
G1 X148.34 Y124.8 E1567.55724
G0 F9000 X147.99 Y124.8
G0 X148.192 Y123.84
G0 X148.057 Y123.619
G1 F1061.9 X147.567 Y123.696 E1567.57588
G1 F1200 X147.143 Y123.643 E1567.59009
G1 F1081.1 X147.017 Y123.655 E1567.59477
G1 F975.6 X146.695 Y123.454 E1567.6103
G1 F963.9 X146.472 Y123.217 E1567.62377
G1 X146.288 Y122.829 E1567.64155
G1 F960 X146.247 Y122.404 E1567.6593
G1 X146.347 Y122.02 E1567.6758
G1 X146.471 Y121.789 E1567.6867
G1 F961.9 X146.757 Y121.492 E1567.70381
G1 F963.9 X147.136 Y121.305 E1567.72131
G1 F967.7 X147.476 Y121.245 E1567.73555
G1 F961.9 X147.879 Y121.308 E1567.75247
G1 F960 X148.129 Y121.421 E1567.76388
G1 F948.6 X148.323 Y121.584 E1567.77454
G1 F944.9 X148.538 Y121.794 E1567.78724
G1 F960 X148.694 Y122.14 E1567.80301
G1 X148.751 Y122.488 E1567.81768
G1 F956.2 X148.707 Y122.838 E1567.8324
G1 X148.521 Y123.219 E1567.8501
G1 F960 X148.274 Y123.477 E1567.86495
G1 X148.057 Y123.619 E1567.87573
G1 F2700 E1562.87573
G0 F9000 X148.192 Y123.84
G0 X146.938 Y125.119
G0 X69.662 Y125.118
G0 X69.655 Y123.99
G0 X70.035 Y123.683
G0 X69.903 Y123.456
G1 F2700 E1567.87573
G1 F961.9 X69.591 Y123.645 E1567.89086
G1 F1071.4 X69.167 Y123.696 E1567.90677
G1 F1159.4 X68.731 Y123.653 E1567.92185
G1 F1025.6 X68.448 Y123.574 E1567.93329
G1 F950.5 X68.069 Y123.226 E1567.95489
G1 F956.2 X67.898 Y122.856 E1567.97191
G1 F961.9 X67.841 Y122.52 E1567.98605
G1 F963.9 X67.887 Y122.188 E1567.99993
G1 F967.7 X68.06 Y121.763 E1568.01885
G1 F971.7 X68.415 Y121.443 E1568.03848
G1 F1021.3 X68.658 Y121.36 E1568.04852
G1 F1129.4 X68.721 Y121.361 E1568.05075
G1 F1124.1 X69.197 Y121.288 E1568.06784
G1 F1008.4 X69.749 Y121.422 E1568.09033
G1 F958.1 X70.137 Y121.79 E1568.1126
G1 F960 X70.295 Y122.136 E1568.12842
G1 X70.352 Y122.457 E1568.14197
G1 X70.309 Y122.825 E1568.15738
G1 F956.2 X70.122 Y123.22 E1568.17562
G1 X69.903 Y123.456 E1568.18906
G1 F2700 E1563.18906
G0 F9000 X70.035 Y123.683
G0 X70.289 Y123.338
G0 X70.504 Y122.885
G0 X70.553 Y122.453
G0 X70.494 Y122.085
G0 X70.014 Y121.239
G0 X69.655 Y121.012
G0 X69.655 Y114.003
G0 X69.949 Y113.745
G0 X69.843 Y113.512
G1 F2700 E1568.18906
G1 F1066.7 X69.325 Y113.676 E1568.20939
G1 F1200 X69.068 Y113.696 E1568.21796
G1 F1165 X68.73 Y113.652 E1568.22964
G1 F1066.7 X68.651 Y113.652 E1568.23259
G1 F983.6 X68.335 Y113.486 E1568.24708
G1 F960 X68.086 Y113.242 E1568.26157
G1 F961.9 X67.898 Y112.845 E1568.2798
G1 F963.9 X67.848 Y112.536 E1568.29276
G1 F960 X67.887 Y112.173 E1568.30794
G1 F956.2 X68.078 Y111.776 E1568.32633
G1 X68.356 Y111.494 E1568.34286
G1 F1000 X68.656 Y111.352 E1568.3561
G1 F1118.9 X68.74 Y111.353 E1568.3591
G1 F1200 X69.138 Y111.3 E1568.37246
G1 X69.431 Y111.347 E1568.38233
G1 F1057.3 X69.706 Y111.421 E1568.39308
G1 F956.2 X69.891 Y111.533 E1568.4021
G1 F963.9 X70.155 Y111.833 E1568.41865
G1 F960 X70.292 Y112.134 E1568.4324
G1 F963.9 X70.357 Y112.479 E1568.44694
G1 X70.297 Y112.851 E1568.46254
G1 X70.098 Y113.251 E1568.48104
G1 F961.9 X69.843 Y113.512 E1568.49618
G1 F2700 E1563.49618
;MESH:NONMESH
G0 F300 X69.843 Y113.512 Z3.6
G0 F9000 X69.949 Y113.745
G0 X70.502 Y113.207
G0 X71.523 Y113.599
G0 X162.835 Y113.207
G0 X163.93 Y113.207
G0 X166.5 Y121.5
;TIME_ELAPSED:2946.826149
;LAYER:17
;TYPE:WALL-INNER
;MESH:BtnFaceWithWings.stl
G1 F2700 E1568.49618
G1 F1200 X166.5 Y113.5 E1568.76226
G1 X164.5 Y113.5 E1568.82878
G1 X164.5 Y121.5 E1569.09486
G1 X166.5 Y121.5 E1569.16138
G0 F9000 X166.9 Y121.9
G1 F1200 X166.9 Y113.1 E1569.45407
G1 X164.1 Y113.1 E1569.5472
G1 X164.1 Y121.9 E1569.83989
G1 X166.9 Y121.9 E1569.93302
G0 F9000 X167.3 Y122.3
;TYPE:WALL-OUTER
G1 F1200 X167.3 Y112.7 E1570.25232
G1 X163.7 Y112.7 E1570.37205
G1 X163.7 Y122.3 E1570.69135
G1 X167.3 Y122.3 E1570.81109
G0 F9000 X167.02 Y122.02
G0 X166.42 Y120.395
;TYPE:FILL
G1 F2400 X164.58 Y118.554 E1570.89766
G0 F9000 X164.58 Y117.416
G1 F2400 X165.608 Y113.58 E1571.02975
G0 F9000 X165.144 Y113.58
G1 F2400 X164.58 Y113.731 E1571.04917
G0 F9000 X166.419 Y119.45
G1 F2400 X164.58 Y119.942 E1571.11248
G0 F9000 X164.71 Y119.942
G1 F2700 E1566.11248
G0 F9000 X163.924 Y122.076
G0 X163.924 Y123.165
G0 X163.924 Y124.13
G0 X163.924 Y125.225
G0 X148.5 Y125.794
;TYPE:WALL-INNER
G1 F2700 E1571.11248
G1 F1188.1 X181.498 Y125.794 E1572.22098
G1 F2700 E1567.22098
G0 F9000 X148.062 Y125.233
G0 X69.662 Y125.233
G0 X69.655 Y123.99
G0 X70.52 Y123.121
G0 X70.55 Y121.954
G0 X69.655 Y121.003
G0 X69.655 Y113.996
G0 X70.484 Y113.198
G0 X70.561 Y111.963
G0 X69.655 Y111
G0 X69.662 Y109.766
G0 X181.5 Y109.204
G1 F2700 E1572.22098
G1 F1200 X70.1 Y109.204 E1575.92615
G1 F1176.5 X69.926 Y109.211 E1575.93206
G1 F1108.5 X69.1 Y109.229 E1575.96181
G1 F1129.4 X68.1 Y109.204 E1575.99716
G1 X68.92 Y109.589 E1576.02917
G1 F1071.4 X69.058 Y109.844 E1576.03997
G1 F1134.8 X69.1 Y110.204 E1576.05272
G1 X69.142 Y109.844 E1576.06547
G1 F1071.4 X69.28 Y109.589 E1576.07627
G1 F1108.5 X69.926 Y109.211 E1576.10322
G0 F9000 X69.262 Y109.366
G0 X69.1 Y110.204
G1 F1200 X69.1 Y110.501 E1576.1131
G0 F9000 X68.938 Y109.367
G0 X68.1 Y109.204
G1 F1200 X53.5 Y109.204 E1576.59869
G0 F9000 X68.938 Y109.367
G0 X69.19 Y109.844
G0 X69.62 Y109.844
G1 F1200 X70.009 Y109.604 E1576.6139
G1 X181.9 Y109.604 E1580.33541
G1 X181.9 Y108.804 E1580.36201
G1 X53.1 Y108.804 E1584.64592
G1 X53.1 Y109.604 E1584.67253
G1 X68.1 Y109.604 E1585.17143
G1 X68.58 Y109.844 E1585.18928
G1 X68.662 Y109.993 E1585.19493
G1 X68.7 Y110.204 E1585.20207
G1 X68.698 Y110.824 E1585.22269
G1 X68.671 Y110.943 E1585.22675
G1 X69.199 Y110.892 E1585.24439
G1 X69.572 Y110.989 E1585.25721
G1 X69.5 Y110.768 E1585.26494
G1 X69.5 Y110.204 E1585.2837
G1 X69.538 Y109.993 E1585.29083
G1 X69.62 Y109.844 E1585.29648
G0 F9000 X69.19 Y109.844
G0 X69.725 Y111.185
G0 X70.116 Y111.461
G0 X70.323 Y111.713
G0 X70.531 Y112.223
G0 X70.537 Y112.719
G0 X70.446 Y113.049
G0 X70.214 Y113.414
G0 X69.1 Y114.499
G1 F1200 X69.1 Y120.51 E1585.49641
G0 F9000 X69.558 Y120.975
G1 F1200 X69.5 Y120.845 E1585.50115
G1 X69.5 Y114.164 E1585.72336
G1 X69.534 Y114.048 E1585.72738
G1 X69.018 Y114.107 E1585.74465
G1 X68.666 Y114.035 E1585.7566
G1 X68.7 Y114.232 E1585.76325
G1 X68.7 Y120.861 E1585.98373
G1 X68.645 Y120.976 E1585.98797
G1 X68.866 Y120.916 E1585.99559
G1 X69.329 Y120.913 E1586.01099
G1 X69.558 Y120.975 E1586.01888
G0 F9000 X69.22 Y120.631
G0 X70.323 Y121.713
G0 X70.531 Y122.223
G0 X70.537 Y122.719
G0 X70.446 Y123.049
G0 X70.214 Y123.414
G0 X69.1 Y124.494
G1 F1188.1 X69.1 Y124.881 E1586.03188
G0 F9000 X68.938 Y125.634
G0 X68.274 Y125.789
G1 F1176.5 X68.1 Y125.796 E1586.03779
G1 F1194 X53.502 Y125.794 E1586.52575
G0 F9000 X70.1 Y125.794
G1 F1197 X146.5 Y125.796 E1589.07317
G1 F1176.5 X146.674 Y125.789 E1589.07908
G0 F9000 X147.338 Y125.634
G0 X147.5 Y124.881
G1 F1188.1 X147.5 Y124.494 E1589.09208
G0 F9000 X147.662 Y125.633
G0 X148.5 Y125.794
G1 F1124.1 X147.681 Y125.41 E1589.1242
G1 F1081.1 X147.546 Y125.153 E1589.13491
G1 F1134.8 X147.5 Y124.881 E1589.14462
G1 X147.456 Y125.153 E1589.15431
G1 F1081.1 X147.322 Y125.411 E1589.16504
G1 F1108.5 X146.674 Y125.789 E1589.19205
G1 X147.502 Y125.77 E1589.22187
G1 F1124.1 X148.5 Y125.794 E1589.25732
G1 F2700 E1584.25732
G0 F9000 X70.1 Y125.794
G1 F2700 E1589.25732
G1 F1126.8 X69.281 Y125.41 E1589.28936
G1 F1081.1 X69.146 Y125.153 E1589.30007
G1 F1134.8 X69.1 Y124.881 E1589.30978
G1 X69.056 Y125.153 E1589.31947
G1 F1081.1 X68.922 Y125.411 E1589.3302
G1 F1108.5 X68.274 Y125.789 E1589.35721
G1 X69.102 Y125.77 E1589.38703
G1 F1126.8 X70.1 Y125.794 E1589.42239
G1 F2700 E1584.42239
G0 F9000 X147.338 Y125.634
G0 X147.59 Y125.154
G0 X148.02 Y125.154
G1 F2700 E1589.42239
G1 F1200 X147.902 Y124.846 E1589.43336
G1 X147.899 Y124.048 E1589.4599
G1 X147.568 Y124.096 E1589.47103
G1 X147.269 Y124.084 E1589.48098
G1 X147.043 Y124.022 E1589.48878
G1 X147.103 Y124.155 E1589.49363
G1 X147.098 Y124.847 E1589.51665
G1 X146.981 Y125.156 E1589.52763
G1 X146.591 Y125.396 E1589.54287
G1 X70.1 Y125.393 E1592.08697
G1 X69.62 Y125.154 E1592.1048
G1 X69.502 Y124.846 E1592.11577
G1 X69.5 Y124.135 E1592.13942
G1 X69.556 Y124.02 E1592.14367
G1 X69.334 Y124.08 E1592.15132
G1 X69.003 Y124.099 E1592.16235
G1 X68.662 Y124.033 E1592.1739
G1 X68.7 Y124.232 E1592.18064
G1 X68.698 Y124.847 E1592.2011
G1 X68.581 Y125.156 E1592.21208
G1 X68.191 Y125.396 E1592.22732
G1 X53.1 Y125.392 E1592.72924
G1 X53.1 Y126.196 E1592.75599
G1 X181.9 Y126.196 E1597.03989
G1 X181.9 Y125.392 E1597.06663
G1 X148.5 Y125.392 E1598.17752
G1 X148.02 Y125.154 E1598.19534
G0 F9000 X148.34 Y124.913
;TYPE:WALL-OUTER
G1 F1200 X148.3 Y124.81 E1598.19901
G1 F1167.9 X148.3 Y124.131 E1598.22222
G1 F1034.5 X148.364 Y124.015 E1598.22733
G1 F956.2 X148.526 Y123.915 E1598.23528
G1 X148.82 Y123.656 E1598.25163
G1 F954.3 X149.112 Y123.208 E1598.274
G1 F958.1 X149.255 Y122.668 E1598.29727
G1 F960 X149.229 Y122.251 E1598.31464
G1 F948.6 X149.12 Y121.831 E1598.3329
G1 X148.903 Y121.458 E1598.35105
G1 F958.1 X148.661 Y121.194 E1598.36597
G1 F954.3 X148.438 Y121.023 E1598.37773
G1 X148.014 Y120.811 E1598.39755
G1 F952.4 X147.526 Y120.754 E1598.41814
G1 F954.3 X147.203 Y120.776 E1598.43168
G1 F950.5 X146.794 Y120.892 E1598.44953
G1 F952.4 X146.48 Y121.077 E1598.46481
G1 F954.3 X146.204 Y121.306 E1598.47981
G1 F948.6 X146.003 Y121.594 E1598.49458
G1 F952.4 X145.849 Y121.923 E1598.50981
G1 F950.5 X145.761 Y122.253 E1598.52415
G1 F952.4 X145.75 Y122.58 E1598.53786
G1 F958.1 X145.82 Y123.04 E1598.55724
G1 F952.4 X146.068 Y123.522 E1598.57996
G1 F950.5 X146.384 Y123.842 E1598.59884
G1 F952.4 X146.66 Y124.036 E1598.61298
G1 F1016.9 X146.7 Y124.111 E1598.61632
G1 F1145.6 X146.7 Y124.813 E1598.64078
G1 F1200 X146.661 Y124.916 E1598.64444
G1 X146.535 Y124.994 E1598.64937
G1 X70.1 Y124.993 E1601.19161
G1 X69.94 Y124.913 E1601.19756
G1 X69.9 Y124.81 E1601.20123
G1 X69.9 Y124.228 E1601.22059
G1 F1061.9 X69.944 Y124.03 E1601.22821
G1 F952.4 X70.132 Y123.905 E1601.23767
G1 F956.2 X70.343 Y123.73 E1601.24912
G1 F954.3 X70.658 Y123.316 E1601.27087
G1 F946.7 X70.814 Y122.877 E1601.29051
G1 F948.6 X70.842 Y122.546 E1601.30449
G1 F956.2 X70.821 Y122.186 E1601.31954
G1 F954.3 X70.736 Y121.895 E1601.33222
G1 F948.6 X70.632 Y121.662 E1601.34296
G1 F954.3 X70.418 Y121.353 E1601.35868
G1 F952.4 X70.224 Y121.159 E1601.37018
G1 F950.5 X69.956 Y120.971 E1601.38392
G1 F1061.9 X69.902 Y120.797 E1601.39077
G1 F1176.5 X69.901 Y117.471 E1601.50361
G1 F1129.4 X69.901 Y114.145 E1601.62114
G1 F1023.5 X69.943 Y114.034 E1601.62577
G1 F948.6 X70.249 Y113.821 E1601.64146
G1 F946.7 X70.525 Y113.503 E1601.65921
G1 F952.4 X70.66 Y113.278 E1601.67021
G1 F956.2 X70.79 Y112.938 E1601.6854
G1 F952.4 X70.846 Y112.478 E1601.70482
G1 F956.2 X70.822 Y112.202 E1601.71638
G1 F952.4 X70.742 Y111.894 E1601.72972
G1 F944.9 X70.53 Y111.478 E1601.74944
G1 F952.4 X70.212 Y111.154 E1601.76847
G1 X69.956 Y110.975 E1601.78156
G1 F1030 X69.9 Y110.877 E1601.78593
G1 F1159.4 X69.9 Y110.154 E1601.81082
G1 F1200 X70.065 Y110.006 E1601.81819
G1 X182.3 Y110.004 E1605.55114
G1 X182.3 Y108.404 E1605.60436
G1 X52.7 Y108.404 E1609.91487
G1 X52.7 Y110.004 E1609.96809
G1 X68.1 Y110.004 E1610.4803
G1 X68.26 Y110.084 E1610.48625
G1 X68.3 Y110.154 E1610.48893
G1 F1151.1 X68.3 Y110.905 E1610.51497
G1 F1027.8 X67.858 Y111.265 E1610.5371
G1 F960 X67.528 Y111.695 E1610.55964
G1 F948.6 X67.389 Y112.12 E1610.57845
G1 F944.9 X67.353 Y112.448 E1610.59239
G1 F950.5 X67.379 Y112.808 E1610.60755
G1 F954.3 X67.454 Y113.088 E1610.61967
G1 F958.1 X67.563 Y113.336 E1610.63095
G1 F952.4 X67.78 Y113.642 E1610.64668
G1 X67.971 Y113.838 E1610.65814
G1 F950.5 X68.252 Y114.026 E1610.67234
G1 F1030 X68.3 Y114.135 E1610.67696
G1 F1165 X68.3 Y120.768 E1610.90419
G1 F1066.7 X68.239 Y120.977 E1610.91234
G1 F948.6 X67.947 Y121.177 E1610.92723
G1 X67.67 Y121.492 E1610.94488
G1 F958.1 X67.534 Y121.717 E1610.95583
G1 F952.4 X67.41 Y122.059 E1610.97107
G1 F950.5 X67.348 Y122.518 E1610.99052
G1 F952.4 X67.379 Y122.797 E1611.00229
G1 F948.6 X67.45 Y123.1 E1611.01538
G1 F952.4 X67.663 Y123.515 E1611.03493
G1 F956.2 X67.983 Y123.844 E1611.05409
G1 F952.4 X68.257 Y124.032 E1611.06801
G1 F1025.6 X68.299 Y124.152 E1611.07296
G1 F1159.4 X68.3 Y124.813 E1611.09571
G1 F1200 X68.261 Y124.916 E1611.09938
G1 X68.135 Y124.994 E1611.10431
G1 X52.7 Y124.992 E1611.61768
G1 X52.7 Y126.596 E1611.67103
G1 X182.3 Y126.596 E1615.98154
G1 X182.3 Y124.992 E1616.03489
G1 X148.5 Y124.992 E1617.15908
G1 X148.34 Y124.913 E1617.16502
G0 F9000 X147.99 Y124.913
G0 X148.055 Y123.99
G0 X148.393 Y123.715
G0 X148.224 Y123.515
G1 F1016.9 X147.905 Y123.65 E1617.17861
G1 F1137.4 X147.628 Y123.693 E1617.18845
G1 F1200 X147.321 Y123.687 E1617.19866
G1 F1061.9 X146.944 Y123.62 E1617.21305
G1 F956.2 X146.636 Y123.4 E1617.22885
G1 F958.1 X146.458 Y123.195 E1617.24016
G1 F956.2 X146.295 Y122.843 E1617.25635
G1 F960 X146.25 Y122.554 E1617.26851
G1 X146.283 Y122.21 E1617.28288
G1 X146.39 Y121.916 E1617.29589
G1 F952.4 X146.588 Y121.639 E1617.31016
G1 F954.3 X146.774 Y121.48 E1617.32039
G1 F963.9 X147.081 Y121.316 E1617.3348
G1 X147.423 Y121.255 E1617.34919
G1 F960 X147.821 Y121.291 E1617.3658
G1 X148.131 Y121.423 E1617.37981
G1 F956.2 X148.339 Y121.579 E1617.39066
G1 F960 X148.523 Y121.783 E1617.40208
G1 F948.6 X148.643 Y122.026 E1617.41349
G1 X148.733 Y122.301 E1617.42566
G1 F960 X148.734 Y122.677 E1617.44129
G1 X148.655 Y122.97 E1617.45391
G1 F956.2 X148.427 Y123.339 E1617.47202
G1 X148.224 Y123.515 E1617.48323
G1 F2700 E1612.48323
G0 F9000 X148.393 Y123.715
G0 X147.623 Y123.947
G0 X146.938 Y125.234
G0 X69.662 Y125.233
G0 X69.655 Y123.99
G0 X69.669 Y123.613
G1 F2700 E1617.48323
G1 F1006.3 X69.149 Y123.709 E1617.5042
G1 F1032.3 X68.569 Y123.63 E1617.52684
G1 F979.6 X68.324 Y123.479 E1617.53856
G1 F956.2 X68.063 Y123.208 E1617.55427
G1 F952.4 X67.921 Y122.92 E1617.56772
G1 X67.845 Y122.477 E1617.58656
G1 X67.938 Y122.006 E1617.60668
G1 F960 X68.186 Y121.636 E1617.6252
G1 X68.515 Y121.394 E1617.64218
G1 F1066.7 X68.912 Y121.313 E1617.65734
G1 F1200 X69.275 Y121.309 E1617.66941
G1 F1061.9 X69.673 Y121.387 E1617.68466
G1 F956.2 X69.951 Y121.588 E1617.69898
G1 F960 X70.147 Y121.813 E1617.71138
G1 F963.9 X70.33 Y122.234 E1617.73039
G1 F961.9 X70.336 Y122.709 E1617.7501
G1 F960 X70.24 Y123.003 E1617.76296
G1 X70.01 Y123.36 E1617.78062
G1 F956.2 X69.669 Y123.613 E1617.79834
G1 F2700 E1612.79834
G0 F9000 X69.823 Y123.823
G0 X70.159 Y123.5
G0 X70.446 Y123.049
G0 X70.537 Y122.719
G0 X70.531 Y122.223
G0 X70.323 Y121.713
G0 X69.655 Y121.003
G0 X69.655 Y113.996
G0 X69.665 Y113.614
G1 F2700 E1617.79834
G1 F1061.9 X69.383 Y113.663 E1617.8091
G1 F1200 X69.059 Y113.7 E1617.81994
G1 F1126.8 X68.545 Y113.612 E1617.83842
G1 F1004.2 X68.317 Y113.473 E1617.84903
G1 F963.9 X68.057 Y113.186 E1617.86506
G1 F965.8 X67.931 Y112.94 E1617.87649
G1 F960 X67.846 Y112.566 E1617.89243
G1 X67.914 Y112.065 E1617.91345
G1 X68.187 Y111.639 E1617.93449
G1 X68.511 Y111.397 E1617.9513
G1 F1066.7 X68.844 Y111.328 E1617.96403
G1 F1200 X69.138 Y111.3 E1617.97385
G1 F1061.9 X69.675 Y111.39 E1617.99431
G1 F958.1 X69.95 Y111.589 E1618.00845
G1 F956.2 X70.128 Y111.785 E1618.01951
G1 X70.33 Y112.222 E1618.0396
G1 F958.1 X70.335 Y112.672 E1618.05835
G1 F961.9 X70.243 Y112.996 E1618.07232
G1 F963.9 X70.023 Y113.354 E1618.08972
G1 F956.2 X69.665 Y113.614 E1618.10819
G1 F2700 E1613.10819
;MESH:NONMESH
G0 F300 X69.665 Y113.614 Z3.8
G0 F9000 X69.757 Y113.86
G0 X70.502 Y113.207
G0 X71.524 Y113.594
G0 X162.835 Y113.207
G0 X163.93 Y113.207
G0 X166.5 Y121.5
;TIME_ELAPSED:3035.408025
;LAYER:18
;TYPE:WALL-INNER
;MESH:BtnFaceWithWings.stl
G1 F2700 E1618.10819
G1 F1200 X166.5 Y113.5 E1618.37427
G1 X164.5 Y113.5 E1618.44079
G1 X164.5 Y121.5 E1618.70687
G1 X166.5 Y121.5 E1618.77339
G0 F9000 X166.9 Y121.9
G1 F1200 X166.9 Y113.1 E1619.06608
G1 X164.1 Y113.1 E1619.15921
G1 X164.1 Y121.9 E1619.4519
G1 X166.9 Y121.9 E1619.54503
G0 F9000 X167.3 Y122.3
;TYPE:WALL-OUTER
G1 F1200 X167.3 Y112.7 E1619.86433
G1 X163.7 Y112.7 E1619.98406
G1 X163.7 Y122.3 E1620.30336
G1 X167.3 Y122.3 E1620.4231
G0 F9000 X167.02 Y122.02
G0 X166.42 Y120.194
;TYPE:FILL
G1 F2400 X164.58 Y118.353 E1620.50967
G0 F9000 X164.58 Y116.868
G1 F2400 X165.461 Y113.58 E1620.62289
G0 F9000 X165.691 Y113.58
G1 F2400 X164.58 Y113.878 E1620.66114
G0 F9000 X166.419 Y119.597
G1 F2400 X164.58 Y120.089 E1620.72446
G0 F9000 X164.71 Y120.089
G1 F2700 E1615.72446
G0 F9000 X163.924 Y122.076
G0 X163.924 Y123.165
G0 X163.924 Y124.246
G0 X163.924 Y125.341
G0 X148.5 Y125.91
;TYPE:WALL-INNER
G1 F2700 E1620.72446
G1 F1188.1 X181.498 Y125.91 E1621.83295
G1 F2700 E1616.83295
G0 F9000 X148.062 Y125.349
G0 X69.662 Y125.349
G0 X69.655 Y123.999
G0 X70.487 Y123.19
G0 X70.625 Y122.232
G0 X70.069 Y121.292
G0 X69.655 Y121.002
G0 X69.655 Y114.005
G0 X70.522 Y113.136
G0 X70.583 Y112.024
G0 X69.655 Y111
G0 X69.662 Y109.65
G0 X181.5 Y109.088
G1 F2700 E1621.83295
G1 F1200 X70.1 Y109.088 E1625.53813
G1 F1176.5 X69.926 Y109.095 E1625.54404
G1 F1108.5 X69.1 Y109.113 E1625.57379
G1 F1129.4 X68.1 Y109.088 E1625.60914
G1 X68.92 Y109.473 E1625.64115
G1 F1071.4 X69.058 Y109.728 E1625.65195
G1 F1134.8 X69.1 Y110.088 E1625.6647
G1 X69.142 Y109.728 E1625.67745
G1 F1071.4 X69.28 Y109.473 E1625.68825
G1 F1108.5 X69.926 Y109.095 E1625.7152
G0 F9000 X69.262 Y109.25
G0 X69.1 Y110.088
G1 F1200 X69.1 Y110.516 E1625.72943
G0 F9000 X68.938 Y109.251
G0 X68.1 Y109.088
G1 F1200 X53.5 Y109.088 E1626.21503
G0 F9000 X68.938 Y109.251
G0 X69.19 Y109.728
G0 X69.62 Y109.728
G1 F1200 X70.009 Y109.488 E1626.23023
G1 X181.9 Y109.488 E1629.95174
G1 X181.9 Y108.688 E1629.97835
G1 X53.1 Y108.688 E1634.26225
G1 X53.1 Y109.488 E1634.28886
G1 X68.1 Y109.488 E1634.78776
G1 X68.58 Y109.728 E1634.80561
G1 X68.662 Y109.877 E1634.81127
G1 X68.7 Y110.088 E1634.8184
G1 X68.696 Y110.847 E1634.84365
G1 X68.642 Y110.977 E1634.84833
G1 X68.922 Y110.901 E1634.85798
G1 X69.538 Y110.953 E1634.87854
G1 X69.5 Y110.849 E1634.88222
G1 X69.5 Y110.088 E1634.90753
G1 X69.538 Y109.877 E1634.91466
G1 X69.62 Y109.728 E1634.92032
G0 F9000 X69.19 Y109.728
G0 X69.514 Y111.104
G0 X69.898 Y111.287
G0 X70.204 Y111.55
G0 X70.49 Y112.068
G0 X70.551 Y112.457
G0 X70.528 Y112.774
G0 X70.345 Y113.238
G0 X69.1 Y114.499
G1 F1209.1 X69.097 Y120.505 E1635.11858
G0 F9000 X69.539 Y120.967
G1 F1200 X69.5 Y120.768 E1635.12533
G1 X69.5 Y114.232 E1635.34272
G1 X69.536 Y114.033 E1635.34944
G1 X69.162 Y114.106 E1635.36212
G1 X68.664 Y114.048 E1635.37879
G1 X68.701 Y114.146 E1635.38227
G1 X68.7 Y120.856 E1635.60545
G1 X68.646 Y120.973 E1635.60974
G1 X68.866 Y120.916 E1635.6173
G1 X69.199 Y120.896 E1635.62839
G1 X69.539 Y120.967 E1635.63994
G0 F9000 X69.227 Y120.626
G0 X70.204 Y121.55
G0 X70.49 Y122.067
G0 X70.555 Y122.479
G0 X70.458 Y123.03
G0 X70.216 Y123.411
G0 X69.1 Y124.485
G1 F1188.1 X69.1 Y124.997 E1635.65714
G0 F9000 X68.938 Y125.75
G0 X68.274 Y125.905
G1 F1176.5 X68.1 Y125.912 E1635.66305
G1 F1194 X53.502 Y125.91 E1636.15101
G0 F9000 X70.1 Y125.91
G1 F1197 X146.5 Y125.912 E1638.69844
G1 F1176.5 X146.674 Y125.905 E1638.70434
G0 F9000 X147.338 Y125.75
G0 X147.5 Y124.997
G1 F1188.1 X147.5 Y124.485 E1638.72154
G0 F9000 X147.662 Y125.749
G0 X148.5 Y125.91
G1 F1124.1 X147.681 Y125.526 E1638.75366
G1 F1081.1 X147.546 Y125.269 E1638.76438
G1 F1134.8 X147.5 Y124.997 E1638.77408
G1 X147.456 Y125.269 E1638.78377
G1 F1081.1 X147.322 Y125.527 E1638.7945
G1 F1108.5 X146.674 Y125.905 E1638.82151
G1 X147.502 Y125.886 E1638.85133
G1 F1124.1 X148.5 Y125.91 E1638.88678
G1 F2700 E1633.88678
G0 F9000 X70.1 Y125.91
G1 F2700 E1638.88678
G1 F1126.8 X69.281 Y125.526 E1638.91882
G1 F1081.1 X69.146 Y125.269 E1638.92954
G1 F1134.8 X69.1 Y124.997 E1638.93924
G1 X69.056 Y125.269 E1638.94893
G1 F1081.1 X68.922 Y125.527 E1638.95966
G1 F1108.5 X68.274 Y125.905 E1638.98667
G1 X69.102 Y125.886 E1639.01649
G1 F1126.8 X70.1 Y125.91 E1639.05186
G1 F2700 E1634.05186
G0 F9000 X147.338 Y125.75
G0 X147.59 Y125.27
G0 X148.02 Y125.27
G1 F2700 E1639.05186
G1 F1200 X147.902 Y124.962 E1639.06283
G1 X147.904 Y124.153 E1639.08973
G1 X147.956 Y124.022 E1639.09442
G1 X147.68 Y124.098 E1639.10394
G1 X147.062 Y124.051 E1639.12456
G1 X147.101 Y124.164 E1639.12853
G1 X147.098 Y124.963 E1639.15511
G1 X146.981 Y125.272 E1639.1661
G1 X146.591 Y125.512 E1639.18133
G1 X70.1 Y125.509 E1641.72543
G1 X69.62 Y125.27 E1641.74326
G1 X69.502 Y124.962 E1641.75423
G1 X69.505 Y124.148 E1641.78131
G1 X69.559 Y124.019 E1641.78596
G1 X69.281 Y124.098 E1641.79557
G1 X68.662 Y124.051 E1641.81622
G1 X68.701 Y124.164 E1641.82019
G1 X68.698 Y124.963 E1641.84677
G1 X68.581 Y125.272 E1641.85776
G1 X68.191 Y125.512 E1641.87299
G1 X53.1 Y125.508 E1642.37492
G1 X53.1 Y126.312 E1642.40166
G1 X181.9 Y126.312 E1646.68556
G1 X181.9 Y125.508 E1646.71231
G1 X148.5 Y125.508 E1647.82319
G1 X148.02 Y125.27 E1647.84101
G0 F9000 X148.34 Y125.029
;TYPE:WALL-OUTER
G1 F1200 X148.3 Y124.926 E1647.84469
G1 F1148.3 X148.301 Y124.107 E1647.87315
G1 F1021.3 X148.336 Y124.035 E1647.87628
G1 F948.6 X148.687 Y123.79 E1647.89429
G1 F944.9 X148.929 Y123.499 E1647.91028
G1 F950.5 X149.113 Y123.175 E1647.92593
G1 F952.4 X149.193 Y122.918 E1647.93721
G1 F944.9 X149.25 Y122.602 E1647.95077
G1 F946.7 X149.221 Y122.159 E1647.96948
G1 F948.6 X149.079 Y121.753 E1647.98758
G1 F950.5 X148.898 Y121.457 E1648.00215
G1 F946.7 X148.726 Y121.259 E1648.01321
G1 F943 X148.375 Y120.976 E1648.03229
G1 F948.6 X147.954 Y120.81 E1648.05133
G1 F952.4 X147.622 Y120.747 E1648.06549
G1 F954.3 X147.291 Y120.761 E1648.07935
G1 X147.039 Y120.812 E1648.0901
G1 F956.2 X146.713 Y120.935 E1648.10465
G1 X146.418 Y121.128 E1648.11936
G1 F952.4 X146.163 Y121.373 E1648.13418
G1 F956.2 X145.997 Y121.604 E1648.14605
G1 X145.85 Y121.914 E1648.16038
G1 F952.4 X145.748 Y122.328 E1648.17824
G1 F948.6 X145.759 Y122.785 E1648.19748
G1 F952.4 X145.917 Y123.268 E1648.21877
G1 X146.132 Y123.584 E1648.23479
G1 F956.2 X146.383 Y123.844 E1648.24988
G1 F952.4 X146.648 Y124.025 E1648.26333
G1 F1034.5 X146.701 Y124.136 E1648.26807
G1 F1165 X146.7 Y124.929 E1648.29524
G1 F1200 X146.661 Y125.032 E1648.2989
G1 X146.535 Y125.11 E1648.30383
G1 X70.1 Y125.109 E1650.84607
G1 X69.94 Y125.029 E1650.85202
G1 X69.9 Y124.926 E1650.85569
G1 F1148.3 X69.901 Y124.102 E1650.88433
G1 F1021.3 X69.94 Y124.033 E1650.88743
G1 F950.5 X70.204 Y123.849 E1650.90094
G1 X70.48 Y123.567 E1650.91751
G1 F954.3 X70.663 Y123.274 E1650.93196
G1 F956.2 X70.769 Y123.01 E1650.94383
G1 X70.845 Y122.546 E1650.96346
G1 X70.818 Y122.191 E1650.97832
G1 F944.9 X70.706 Y121.805 E1650.9953
G1 F941.2 X70.538 Y121.513 E1651.00959
G1 F952.4 X70.385 Y121.315 E1651.02007
G1 F960 X70.186 Y121.133 E1651.03128
G1 F954.3 X69.957 Y120.976 E1651.0429
G1 F1014.8 X69.9 Y120.88 E1651.04729
G1 F1106 X69.9 Y114.131 E1651.29084
G1 F1030 X69.95 Y114.026 E1651.29535
G1 F944.9 X70.269 Y113.796 E1651.31196
G1 F946.7 X70.481 Y113.576 E1651.32484
G1 F943 X70.696 Y113.215 E1651.34262
G1 F948.6 X70.827 Y112.803 E1651.36081
G1 F956.2 X70.851 Y112.384 E1651.37833
G1 F952.4 X70.773 Y111.966 E1651.39615
G1 F944.9 X70.632 Y111.673 E1651.40988
G1 F948.6 X70.464 Y111.406 E1651.42316
G1 F956.2 X70.213 Y111.153 E1651.43803
G1 F971.7 X69.961 Y110.967 E1651.4509
G1 F1069 X69.9 Y110.845 E1651.45599
G1 F1182.3 X69.9 Y110.038 E1651.48323
G1 F1200 X70.065 Y109.89 E1651.49061
G1 X182.3 Y109.888 E1655.22356
G1 X182.3 Y108.288 E1655.27677
G1 X52.7 Y108.288 E1659.58729
G1 X52.7 Y109.888 E1659.6405
G1 X68.1 Y109.888 E1660.15271
G1 X68.26 Y109.968 E1660.15866
G1 X68.3 Y110.038 E1660.16134
G1 F1156.6 X68.299 Y110.882 E1660.19047
G1 F1030 X68.241 Y110.975 E1660.19471
G1 F952.4 X67.988 Y111.151 E1660.20763
G1 X67.718 Y111.427 E1660.22381
G1 F956.2 X67.534 Y111.724 E1660.23839
G1 X67.427 Y111.98 E1660.24997
G1 X67.352 Y112.448 E1660.26976
G1 X67.377 Y112.804 E1660.28465
G1 F950.5 X67.492 Y113.192 E1660.30165
G1 F952.4 X67.655 Y113.487 E1660.31577
G1 F956.2 X67.814 Y113.68 E1660.32621
G1 F952.4 X68.007 Y113.862 E1660.33733
G1 X68.246 Y114.024 E1660.34943
G1 F1039 X68.301 Y114.144 E1660.3545
G1 F1113.7 X68.3 Y120.884 E1660.59604
G1 F1016.9 X68.246 Y120.972 E1660.6001
G1 F952.4 X67.93 Y121.201 E1660.61645
G1 F950.5 X67.713 Y121.424 E1660.62952
G1 F952.4 X67.497 Y121.78 E1660.64697
G1 X67.369 Y122.197 E1660.66525
G1 F948.6 X67.347 Y122.611 E1660.68269
G1 F946.7 X67.426 Y123.031 E1660.70071
G1 F952.4 X67.561 Y123.329 E1660.71442
G1 F956.2 X67.735 Y123.593 E1660.72762
G1 X67.983 Y123.843 E1660.74232
G1 F952.4 X68.248 Y124.025 E1660.75579
G1 F1034.5 X68.301 Y124.136 E1660.76053
G1 F1165 X68.3 Y124.929 E1660.7877
G1 F1200 X68.261 Y125.032 E1660.79136
G1 X68.135 Y125.11 E1660.79629
G1 X52.7 Y125.108 E1661.30966
G1 X52.7 Y126.712 E1661.36301
G1 X182.3 Y126.712 E1665.67352
G1 X182.3 Y125.108 E1665.72687
G1 X148.5 Y125.108 E1666.85107
G1 X148.34 Y125.029 E1666.857
G0 F9000 X147.99 Y125.029
G0 X148.055 Y123.999
G0 X148.045 Y123.626
G1 F1061.9 X147.616 Y123.692 E1666.87331
G1 F1200 X147.2 Y123.66 E1666.88719
G1 F1134.8 X147.118 Y123.661 E1666.89008
G1 F1012.7 X146.836 Y123.568 E1666.90178
G1 F961.9 X146.575 Y123.338 E1666.91621
G1 F960 X146.368 Y123.04 E1666.9313
G1 X146.248 Y122.659 E1666.94791
G1 F969.7 X146.236 Y122.49 E1666.95488
G1 F965.8 X146.303 Y122.137 E1666.96973
G1 F960 X146.417 Y121.879 E1666.98146
G1 X146.617 Y121.604 E1666.99559
G1 F963.9 X146.945 Y121.377 E1667.01211
G1 X147.324 Y121.258 E1667.02856
G1 F956.2 X147.604 Y121.254 E1667.04025
G1 F960 X147.925 Y121.324 E1667.05391
G1 F967.7 X148.256 Y121.499 E1667.06935
G1 F963.9 X148.568 Y121.85 E1667.0888
G1 X148.707 Y122.174 E1667.10339
G1 F958.1 X148.754 Y122.499 E1667.11707
G1 F952.4 X148.673 Y122.941 E1667.13591
G1 X148.411 Y123.358 E1667.15654
G1 X148.045 Y123.626 E1667.17556
G1 F2700 E1662.17556
G0 F9000 X148.196 Y123.838
G0 X146.938 Y125.35
G0 X69.662 Y125.349
G0 X69.655 Y123.999
G0 X69.657 Y123.619
G1 F2700 E1667.17556
G1 F1061.9 X69.265 Y123.69 E1667.19053
G1 F1134.8 X68.718 Y123.661 E1667.20979
G1 F1019.1 X68.394 Y123.528 E1667.22351
G1 F965.8 X68.151 Y123.317 E1667.23681
G1 F961.9 X67.96 Y123.013 E1667.25171
G1 F960 X67.856 Y122.682 E1667.26613
G1 X67.864 Y122.282 E1667.28276
G1 F952.4 X67.948 Y122.007 E1667.29482
G1 X68.155 Y121.667 E1667.3115
G1 F956.2 X68.527 Y121.386 E1667.33096
G1 F1008.4 X69.053 Y121.286 E1667.35215
G1 F1103.4 X69.483 Y121.354 E1667.3679
G1 F1041.2 X69.767 Y121.424 E1667.37911
G1 F956.2 X70.068 Y121.715 E1667.39658
G1 F958.1 X70.294 Y122.126 E1667.41612
G1 F960 X70.349 Y122.486 E1667.43126
G1 F961.9 X70.273 Y122.951 E1667.45081
G1 F960 X70.011 Y123.359 E1667.47097
G1 F956.2 X69.657 Y123.619 E1667.48931
G1 F2700 E1662.48931
G0 F9000 X69.809 Y123.829
G0 X70.159 Y123.5
G0 X70.458 Y123.03
G0 X70.555 Y122.479
G0 X70.49 Y122.067
G0 X70.204 Y121.55
G0 X69.655 Y121.002
G0 X69.655 Y114.005
G0 X70.013 Y113.702
G0 X69.822 Y113.517
G1 F2700 E1667.48931
G1 F956.2 X69.69 Y113.593 E1667.49566
G1 F1057.3 X69.137 Y113.703 E1667.51695
G1 F1200 X68.794 Y113.659 E1667.52845
G1 F1142.9 X68.726 Y113.659 E1667.53082
G1 F1021.3 X68.407 Y113.538 E1667.54416
G1 F961.9 X68.085 Y113.237 E1667.56245
G1 X67.916 Y112.895 E1667.57828
G1 F963.9 X67.848 Y112.566 E1667.59219
G1 X67.891 Y112.162 E1667.60901
G1 X68.033 Y111.853 E1667.62309
G1 X68.213 Y111.614 E1667.63548
G1 F960 X68.523 Y111.389 E1667.65141
G1 F1066.7 X68.933 Y111.31 E1667.66703
G1 F1159.4 X69.482 Y111.35 E1667.68598
G1 F1036.7 X69.757 Y111.437 E1667.69708
G1 F961.9 X70.054 Y111.693 E1667.71335
G1 F956.2 X70.294 Y112.13 E1667.73416
G1 F952.4 X70.349 Y112.437 E1667.74723
G1 F956.2 X70.331 Y112.716 E1667.7589
G1 F960 X70.168 Y113.172 E1667.77904
G1 F965.8 X69.822 Y113.517 E1667.79923
G1 F2700 E1662.79923
;MESH:NONMESH
G0 F300 X69.822 Y113.517 Z4
G0 F9000 X70.013 Y113.702
G0 X70.54 Y113.144
G0 X71.589 Y113.46
G0 X162.835 Y113.144
G0 X163.93 Y113.144
G0 X166.5 Y121.5
;TIME_ELAPSED:3124.124735
;LAYER:19
;TYPE:WALL-INNER
;MESH:BtnFaceWithWings.stl
G1 F2700 E1667.79923
G1 F1200 X166.5 Y113.5 E1668.06531
G1 X164.5 Y113.5 E1668.13183
G1 X164.5 Y121.5 E1668.39791
G1 X166.5 Y121.5 E1668.46443
G0 F9000 X166.9 Y121.9
G1 F1200 X166.9 Y113.1 E1668.75712
G1 X164.1 Y113.1 E1668.85025
G1 X164.1 Y121.9 E1669.14294
G1 X166.9 Y121.9 E1669.23607
G0 F9000 X167.3 Y122.3
;TYPE:WALL-OUTER
G1 F1200 X167.3 Y112.7 E1669.55536
G1 X163.7 Y112.7 E1669.6751
G1 X163.7 Y122.3 E1669.9944
G1 X167.3 Y122.3 E1670.11414
G0 F9000 X167.02 Y122.02
G0 X166.42 Y119.995
;TYPE:FILL
G1 F2400 X164.58 Y118.154 E1670.20071
G0 F9000 X164.581 Y116.322
G1 F2400 X165.316 Y113.579 E1670.29516
G0 F9000 X164.58 Y114.024
G1 F2400 X166.236 Y113.58 E1670.35218
G0 F9000 X166.42 Y119.742
G1 F2400 X164.58 Y120.235 E1670.41554
G0 F9000 X164.71 Y120.235
G1 F2700 E1665.41554
G0 F9000 X163.924 Y122.076
G0 X163.924 Y123.165
G0 X163.924 Y124.361
G0 X163.924 Y125.456
G0 X148.5 Y126.024
;TYPE:WALL-INNER
G1 F2700 E1670.41554
G1 F1200 X181.5 Y126.024 E1671.51312
G1 F2700 E1666.51312
G0 F9000 X148.062 Y125.464
G0 X69.662 Y125.464
G0 X69.655 Y123.99
G0 X70.547 Y123.054
G0 X70.496 Y121.825
G0 X69.655 Y121.01
G0 X69.655 Y114.003
G0 X70.567 Y112.998
G0 X70.58 Y112.012
G0 X69.655 Y110.996
G0 X69.662 Y109.535
G0 X181.5 Y108.972
G1 F2700 E1671.51312
G1 F1200 X70.1 Y108.972 E1675.2183
G1 F1176.5 X69.926 Y108.979 E1675.22421
G1 F1108.5 X69.1 Y108.997 E1675.25396
G1 F1129.4 X68.1 Y108.972 E1675.28931
G1 X68.92 Y109.357 E1675.32132
G1 F1071.4 X69.058 Y109.612 E1675.33212
G1 F1134.8 X69.1 Y109.972 E1675.34487
G1 X69.142 Y109.612 E1675.35762
G1 F1071.4 X69.28 Y109.357 E1675.36842
G1 F1108.5 X69.926 Y108.979 E1675.39537
G0 F9000 X69.262 Y109.135
G0 X69.1 Y109.972
G1 F1200 X69.1 Y110.509 E1675.41323
G0 F9000 X68.938 Y109.136
G0 X68.1 Y108.972
G1 F1200 X53.5 Y108.972 E1675.89882
G0 F9000 X68.938 Y109.136
G0 X69.19 Y109.612
G0 X69.62 Y109.612
G1 F1200 X70.009 Y109.372 E1675.91403
G1 X181.9 Y109.372 E1679.63554
G1 X181.9 Y108.572 E1679.66214
G1 X53.1 Y108.572 E1683.94605
G1 X53.1 Y109.372 E1683.97266
G1 X68.1 Y109.372 E1684.47156
G1 X68.58 Y109.612 E1684.48941
G1 X68.662 Y109.761 E1684.49507
G1 X68.7 Y109.972 E1684.5022
G1 X68.7 Y110.768 E1684.52867
G1 X68.663 Y110.962 E1684.53524
G1 X69.243 Y110.895 E1684.55466
G1 X69.568 Y110.986 E1684.56588
G1 X69.501 Y110.812 E1684.57209
G1 X69.5 Y109.972 E1684.60002
G1 X69.538 Y109.761 E1684.60716
G1 X69.62 Y109.612 E1684.61281
G0 F9000 X69.19 Y109.612
G0 X69.719 Y111.185
G0 X70.019 Y111.375
G0 X70.293 Y111.666
G0 X70.525 Y112.204
G0 X70.55 Y112.598
G0 X70.432 Y113.084
G0 X69.1 Y114.514
G1 F1200 X69.1 Y120.52 E1684.81257
G0 F9000 X69.546 Y120.97
G1 F1200 X69.5 Y120.768 E1684.81946
G1 X69.5 Y114.232 E1685.03685
G1 X69.543 Y114.027 E1685.04382
G1 X68.997 Y114.13 E1685.0623
G1 X68.63 Y114.017 E1685.07507
G1 X68.7 Y114.215 E1685.08206
G1 X68.7 Y120.768 E1685.30001
G1 X68.665 Y120.961 E1685.30653
G1 X68.859 Y120.92 E1685.31313
G1 X69.336 Y120.921 E1685.32899
G1 X69.546 Y120.97 E1685.33617
G0 F9000 X69.22 Y120.64
G0 X70.293 Y121.666
G0 X70.525 Y122.204
G0 X70.55 Y122.598
G0 X70.432 Y123.084
G0 X69.1 Y124.495
G1 F1188.1 X69.1 Y125.111 E1685.35686
G0 F9000 X68.938 Y125.865
G0 X68.274 Y126.017
G1 F1176.5 X68.1 Y126.024 E1685.36277
G1 F1200 X53.5 Y126.024 E1685.84836
G0 F9000 X70.1 Y126.024
G1 F1200 X146.5 Y126.024 E1688.38944
G1 F1176.5 X146.674 Y126.017 E1688.39535
G0 F9000 X147.338 Y125.865
G0 X147.5 Y125.111
G1 F1188.1 X147.5 Y124.495 E1688.41604
G0 F9000 X147.662 Y125.864
G0 X148.5 Y126.024
G1 F1129.4 X147.68 Y125.639 E1688.44805
G1 F1081.1 X147.545 Y125.382 E1688.45877
G1 F1134.8 X147.5 Y125.111 E1688.46843
G1 X147.455 Y125.382 E1688.47809
G1 F1081.1 X147.32 Y125.639 E1688.48881
G1 F1108.5 X146.674 Y126.017 E1688.51576
G1 X147.5 Y125.999 E1688.54551
G1 F1129.4 X148.5 Y126.024 E1688.58086
G1 F2700 E1683.58086
G0 F9000 X70.1 Y126.024
G1 F2700 E1688.58086
G1 F1129.4 X69.28 Y125.639 E1688.61287
G1 F1081.1 X69.145 Y125.382 E1688.62359
G1 F1134.8 X69.1 Y125.111 E1688.63325
G1 X69.055 Y125.382 E1688.64291
G1 F1081.1 X68.92 Y125.639 E1688.65363
G1 F1108.5 X68.274 Y126.017 E1688.68058
G1 X69.1 Y125.999 E1688.71032
G1 F1129.4 X70.1 Y126.024 E1688.74567
G1 F2700 E1683.74567
G0 F9000 X147.338 Y125.865
G0 X147.59 Y125.384
G0 X148.02 Y125.384
G1 F2700 E1688.74567
G1 F1200 X147.902 Y125.076 E1688.75664
G1 X147.906 Y124.148 E1688.78751
G1 X147.94 Y124.049 E1688.79099
G1 X147.404 Y124.104 E1688.80891
G1 X147.032 Y124.012 E1688.82166
G1 X147.101 Y124.228 E1688.8292
G1 X147.098 Y125.076 E1688.8574
G1 X146.98 Y125.384 E1688.86837
G1 X146.591 Y125.624 E1688.88358
G1 X70.1 Y125.624 E1691.42768
G1 X69.62 Y125.384 E1691.44553
G1 X69.502 Y125.076 E1691.4565
G1 X69.5 Y124.12 E1691.48829
G1 F1197 X69.533 Y124.046 E1691.491
G1 F1200 X69.008 Y124.104 E1691.50856
G1 X68.629 Y124.011 E1691.52154
G1 X68.7 Y124.236 E1691.52939
G1 X68.698 Y125.076 E1691.55733
G1 X68.58 Y125.384 E1691.5683
G1 X68.191 Y125.624 E1691.5835
G1 X53.1 Y125.624 E1692.08543
G1 X53.1 Y126.424 E1692.11204
G1 X181.9 Y126.424 E1696.39594
G1 X181.9 Y125.624 E1696.42255
G1 X148.5 Y125.624 E1697.53344
G1 X148.02 Y125.384 E1697.55129
G0 F9000 X148.5 Y125.224
;TYPE:WALL-OUTER
G1 F1200 X148.34 Y125.144 E1697.55724
G1 X148.3 Y125.042 E1697.56088
G1 F1170.7 X148.3 Y124.141 E1697.5916
G1 F1030 X148.36 Y124.017 E1697.59694
G1 F943 X148.52 Y123.917 E1697.60492
G1 F948.6 X148.812 Y123.664 E1697.62118
G1 F952.4 X149.066 Y123.272 E1697.64075
G1 X149.186 Y122.943 E1697.65543
G1 F950.5 X149.237 Y122.695 E1697.66606
G1 F956.2 X149.24 Y122.343 E1697.68075
G1 F948.6 X149.171 Y121.993 E1697.69576
G1 F941.2 X149.079 Y121.758 E1697.70647
G1 F944.9 X148.906 Y121.447 E1697.7215
G1 F956.2 X148.6 Y121.141 E1697.73956
G1 X148.29 Y120.93 E1697.75522
G1 F946.7 X147.991 Y120.822 E1697.76862
G1 F948.6 X147.617 Y120.746 E1697.78467
G1 F958.1 X147.203 Y120.775 E1697.80196
G1 F956.2 X146.872 Y120.87 E1697.81634
G1 F954.3 X146.567 Y121.02 E1697.83055
G1 F956.2 X146.224 Y121.293 E1697.84885
G1 F952.4 X145.952 Y121.666 E1697.8682
G1 F941.2 X145.796 Y122.082 E1697.88704
G1 F944.9 X145.751 Y122.429 E1697.90182
G1 F956.2 X145.762 Y122.685 E1697.91251
G1 X145.828 Y123.015 E1697.92656
G1 F952.4 X145.957 Y123.32 E1697.94044
G1 F950.5 X146.137 Y123.594 E1697.95421
G1 F958.1 X146.337 Y123.806 E1697.96635
G1 F956.2 X146.659 Y124.033 E1697.98279
G1 F1025.6 X146.701 Y124.115 E1697.98638
G1 F1153.8 X146.7 Y125.042 E1698.01844
G1 F1200 X146.66 Y125.144 E1698.02209
G1 X146.535 Y125.222 E1698.02699
G1 X70.1 Y125.224 E1700.56923
G1 X69.94 Y125.144 E1700.57518
G1 X69.9 Y125.042 E1700.57882
G1 F1151.1 X69.9 Y124.113 E1700.61103
G1 F1014.8 X69.942 Y124.03 E1700.61469
G1 F946.7 X70.118 Y123.922 E1700.6234
G1 F952.4 X70.334 Y123.735 E1700.63537
G1 F950.5 X70.548 Y123.494 E1700.6489
G1 F952.4 X70.732 Y123.122 E1700.6663
G1 F956.2 X70.856 Y122.665 E1700.68606
G1 F952.4 X70.833 Y122.25 E1700.70348
G1 X70.727 Y121.843 E1700.7211
G1 F956.2 X70.482 Y121.405 E1700.74205
G1 F960 X70.119 Y121.08 E1700.76231
G1 F956.2 X69.951 Y120.971 E1700.77067
G1 F1012.7 X69.9 Y120.884 E1700.77464
G1 F1098.4 X69.905 Y114.145 E1701.01952
G1 F1030 X69.953 Y114.026 E1701.02449
G1 F948.6 X70.244 Y113.818 E1701.03954
G1 F950.5 X70.483 Y113.58 E1701.0537
G1 F956.2 X70.728 Y113.168 E1701.07371
G1 X70.837 Y112.689 E1701.09422
G1 X70.833 Y112.283 E1701.11116
G1 F948.6 X70.76 Y111.947 E1701.12563
G1 F944.9 X70.553 Y111.515 E1701.14586
G1 F956.2 X70.256 Y111.187 E1701.16433
G1 F954.3 X69.951 Y110.969 E1701.18001
G1 F1021.3 X69.9 Y110.88 E1701.18402
G1 F1153.8 X69.9 Y109.922 E1701.21716
G1 F1200 X70.065 Y109.774 E1701.22453
G1 X182.3 Y109.772 E1704.95748
G1 X182.3 Y108.172 E1705.0107
G1 X52.7 Y108.172 E1709.32121
G1 X52.7 Y109.772 E1709.37443
G1 X68.1 Y109.772 E1709.88664
G1 X68.26 Y109.852 E1709.89259
G1 X68.3 Y109.972 E1709.89679
G1 F1156.6 X68.3 Y110.879 E1709.92809
G1 F1025.6 X68.237 Y110.981 E1709.93276
G1 F956.2 X68.08 Y111.078 E1709.94046
G1 F967.7 X67.86 Y111.257 E1709.95216
G1 F954.3 X67.651 Y111.508 E1709.96582
G1 F948.6 X67.466 Y111.874 E1709.98307
G1 F956.2 X67.341 Y112.326 E1710.00265
G1 F952.4 X67.363 Y112.75 E1710.02044
G1 F954.3 X67.475 Y113.179 E1710.03899
G1 F950.5 X67.659 Y113.484 E1710.05394
G1 F952.4 X67.811 Y113.683 E1710.06444
G1 X68.077 Y113.912 E1710.07915
G1 F948.6 X68.26 Y114.033 E1710.08838
G1 F1021.3 X68.301 Y114.104 E1710.09158
G1 F1121.5 X68.3 Y117.436 E1710.21016
G1 F1173.6 X68.3 Y120.768 E1710.32348
G1 F1066.7 X68.244 Y120.973 E1710.33143
G1 F954.3 X67.956 Y121.179 E1710.34624
G1 F948.6 X67.717 Y121.417 E1710.36043
G1 F956.2 X67.468 Y121.825 E1710.38038
G1 F958.1 X67.359 Y122.307 E1710.40097
G1 X67.362 Y122.713 E1710.41788
G1 F948.6 X67.436 Y123.049 E1710.43236
G1 F944.9 X67.642 Y123.481 E1710.45257
G1 F956.2 X67.939 Y123.808 E1710.47101
G1 X68.259 Y124.036 E1710.48741
G1 F1023.5 X68.3 Y124.114 E1710.49085
G1 F1153.8 X68.3 Y125.042 E1710.52295
G1 F1200 X68.26 Y125.144 E1710.52659
G1 X68.135 Y125.222 E1710.53149
G1 X52.7 Y125.224 E1711.04486
G1 X52.7 Y126.824 E1711.09808
G1 X182.3 Y126.824 E1715.40859
G1 X182.3 Y125.224 E1715.46181
G1 X148.5 Y125.224 E1716.586
G1 F2700 E1711.586
G0 F9000 X148.5 Y125.536
G0 X148.062 Y125.464
G0 X148.055 Y123.99
G0 X148.101 Y123.575
G1 F2700 E1716.586
G1 F1006.3 X147.863 Y123.659 E1716.59601
G1 F1142.9 X147.459 Y123.696 E1716.61018
G1 F1061.9 X146.94 Y123.619 E1716.6299
G1 F956.2 X146.671 Y123.433 E1716.64355
G1 F960 X146.464 Y123.206 E1716.65632
G1 F961.9 X146.296 Y122.844 E1716.67288
G1 F960 X146.251 Y122.462 E1716.68888
G1 F958.1 X146.332 Y122.005 E1716.70821
G1 F956.2 X146.578 Y121.654 E1716.7261
G1 F958.1 X146.878 Y121.408 E1716.74226
G1 F963.9 X147.306 Y121.262 E1716.76099
G1 F958.1 X147.599 Y121.252 E1716.7732
G1 F952.4 X148.008 Y121.349 E1716.79082
G1 F956.2 X148.287 Y121.528 E1716.80465
G1 F958.1 X148.54 Y121.791 E1716.81986
G1 F956.2 X148.727 Y122.25 E1716.84055
G1 F960 X148.743 Y122.601 E1716.85515
G1 X148.625 Y123.037 E1716.87393
G1 F956.2 X148.376 Y123.387 E1716.89186
G1 F944.9 X148.101 Y123.575 E1716.90593
G1 F2700 E1711.90593
G0 F9000 X148.218 Y123.801
G0 X146.938 Y125.465
G0 X69.662 Y125.464
G0 X69.655 Y123.99
G0 X70.048 Y123.673
G0 X69.863 Y123.486
G1 F2700 E1716.90593
G1 F993.8 X69.519 Y123.659 E1716.9214
G1 F1103.4 X69.433 Y123.652 E1716.92452
G1 F1197 X69.059 Y123.696 E1716.93707
G1 F1061.9 X68.54 Y123.62 E1716.95679
G1 F956.2 X68.281 Y123.443 E1716.96988
G1 X68.068 Y123.209 E1716.98309
G1 X67.862 Y122.727 E1717.00497
G1 F960 X67.862 Y122.312 E1717.02222
G1 X67.969 Y121.96 E1717.03752
G1 X68.167 Y121.653 E1717.05271
G1 X68.517 Y121.39 E1717.07091
G1 F1066.7 X68.875 Y121.32 E1717.08456
G1 F1200 X69.31 Y121.32 E1717.09903
G1 F1064.3 X69.668 Y121.384 E1717.11267
G1 F963.9 X69.897 Y121.539 E1717.12412
G1 F967.7 X70.147 Y121.809 E1717.13929
G1 F963.9 X70.322 Y122.246 E1717.15878
G1 F960 X70.35 Y122.577 E1717.17259
G1 F956.2 X70.252 Y122.973 E1717.18962
G1 X70.106 Y123.248 E1717.20262
G1 F960 X69.863 Y123.486 E1717.21676
G1 F2700 E1712.21676
G0 F9000 X70.048 Y123.673
G0 X70.432 Y123.084
G0 X70.55 Y122.598
G0 X70.525 Y122.204
G0 X70.293 Y121.666
G0 X69.655 Y121.01
G0 X69.655 Y114.003
G0 X69.971 Y113.732
G0 X69.793 Y113.538
G1 F2700 E1717.21676
G1 F995.9 X69.561 Y113.641 E1717.22693
G1 F1073.8 X69.499 Y113.641 E1717.22924
G1 F1159.4 X69.056 Y113.716 E1717.24471
G1 F1061.9 X68.543 Y113.619 E1717.26433
G1 F954.3 X68.201 Y113.373 E1717.28195
G1 F956.2 X67.971 Y113.035 E1717.29901
G1 F960 X67.874 Y112.751 E1717.31149
G1 X67.846 Y112.419 E1717.32534
G1 X67.933 Y112.047 E1717.34123
G1 F963.9 X68.181 Y111.618 E1717.36174
G1 F985.6 X68.59 Y111.352 E1717.3815
G1 F1093.4 X68.736 Y111.357 E1717.38683
G1 F1200 X69.206 Y111.301 E1717.40258
G1 F1059.6 X69.669 Y111.387 E1717.42031
G1 F954.3 X69.915 Y111.553 E1717.43273
G1 F960 X70.12 Y111.776 E1717.44532
G1 F961.9 X70.321 Y112.217 E1717.46543
G1 F963.9 X70.346 Y112.59 E1717.48091
G1 F960 X70.243 Y113.008 E1717.49881
G1 F954.3 X70.085 Y113.269 E1717.51157
G1 F960 X69.793 Y113.538 E1717.52807
G1 F2700 E1712.52807
;MESH:NONMESH
G0 F300 X69.793 Y113.538 Z4.2
G0 F9000 X69.971 Y113.732
G0 X70.516 Y113.179
G0 X71.531 Y113.586
G0 X162.835 Y113.179
G0 X163.93 Y113.179
G0 X166.5 Y121.5
;TIME_ELAPSED:3213.477927
;LAYER:20
;TYPE:WALL-INNER
;MESH:BtnFaceWithWings.stl
G1 F2700 E1717.52807
G1 F1200 X166.5 Y113.5 E1717.79416
G1 X164.5 Y113.5 E1717.86068
G1 X164.5 Y121.5 E1718.12676
G1 X166.5 Y121.5 E1718.19328
G0 F9000 X166.9 Y121.9
G1 F1200 X166.9 Y113.1 E1718.48597
G1 X164.1 Y113.1 E1718.57909
G1 X164.1 Y121.9 E1718.87178
G1 X166.9 Y121.9 E1718.96491
G0 F9000 X167.3 Y122.3
;TYPE:WALL-OUTER
G1 F1200 X167.3 Y112.7 E1719.28421
G1 X163.7 Y112.7 E1719.40395
G1 X163.7 Y122.3 E1719.72324
G1 X167.3 Y122.3 E1719.84298
G0 F9000 X167.02 Y122.02
G0 X166.42 Y119.888
;TYPE:FILL
G1 F2400 X164.58 Y120.381 E1719.90634
G0 F9000 X166.42 Y119.795
G1 F2400 X164.58 Y117.955 E1719.99289
G0 F9000 X164.58 Y115.778
G1 F2400 X165.17 Y113.579 E1720.06861
G0 F9000 X164.58 Y114.17
G1 F2400 X166.42 Y113.677 E1720.13197
G0 F9000 X166.29 Y113.71
G1 F2700 E1715.13197
G0 F9000 X167.076 Y112.924
G0 X167.076 Y111.835
G0 X167.076 Y110.522
G0 X167.076 Y109.427
G0 X181.5 Y108.856
;TYPE:WALL-INNER
G1 F2700 E1720.13197
G1 F1200 X70.1 Y108.856 E1723.83715
G1 F1176.5 X69.926 Y108.863 E1723.84306
G1 F1108.5 X69.1 Y108.881 E1723.8728
G1 F1129.4 X68.1 Y108.856 E1723.90815
G1 X68.92 Y109.241 E1723.94016
G1 F1071.4 X69.058 Y109.496 E1723.95097
G1 F1134.8 X69.1 Y109.856 E1723.96371
G1 X69.142 Y109.496 E1723.97646
G1 F1071.4 X69.28 Y109.241 E1723.98726
G1 F1108.5 X69.926 Y108.863 E1724.01421
G0 F9000 X69.262 Y109.019
G0 X69.1 Y109.856
G1 F1200 X69.1 Y110.515 E1724.03613
G0 F9000 X68.938 Y109.02
G0 X68.1 Y108.856
G1 F1200 X53.5 Y108.856 E1724.52173
G0 F9000 X68.938 Y109.02
G0 X69.19 Y109.496
G0 X69.62 Y109.496
G1 F1200 X70.009 Y109.256 E1724.53693
G1 X181.9 Y109.256 E1728.25844
G1 X181.9 Y108.456 E1728.28505
G1 X53.1 Y108.456 E1732.56895
G1 X53.1 Y109.256 E1732.59556
G1 X68.1 Y109.256 E1733.09446
G1 X68.58 Y109.496 E1733.11231
G1 X68.662 Y109.645 E1733.11797
G1 X68.7 Y109.856 E1733.1251
G1 X68.7 Y110.852 E1733.15823
G1 X68.62 Y110.992 E1733.16359
G1 X68.92 Y110.902 E1733.17401
G1 X69.54 Y110.949 E1733.19469
G1 X69.5 Y110.844 E1733.19842
G1 X69.5 Y109.856 E1733.23129
G1 X69.538 Y109.645 E1733.23842
G1 X69.62 Y109.496 E1733.24407
G0 F9000 X69.19 Y109.496
G0 X69.521 Y111.104
G0 X69.972 Y111.336
G0 X70.279 Y111.645
G0 X70.53 Y112.213
G0 X70.535 Y112.739
G0 X70.418 Y113.117
G0 X70.127 Y113.507
G0 X69.1 Y114.495
G1 F1200 X69.1 Y120.501 E1733.44383
G0 F9000 X69.538 Y120.966
G1 F1200 X69.5 Y120.768 E1733.45054
G1 X69.5 Y114.232 E1733.66793
G1 X69.541 Y114.036 E1733.67459
G1 X69.08 Y114.096 E1733.69005
G1 X68.673 Y114.049 E1733.70368
G1 X68.701 Y114.228 E1733.7097
G1 X68.7 Y120.768 E1733.92722
G1 X68.662 Y120.959 E1733.9337
G1 X69.175 Y120.893 E1733.9509
G1 X69.538 Y120.966 E1733.96322
G0 F9000 X69.226 Y120.627
G0 X70.279 Y121.645
G0 X70.53 Y122.213
G0 X70.535 Y122.739
G0 X70.418 Y123.117
G0 X70.127 Y123.507
G0 X69.1 Y124.49
G1 F1188.1 X69.1 Y125.227 E1733.98798
G0 F9000 X68.938 Y125.981
G0 X68.274 Y126.133
G1 F1176.5 X68.1 Y126.14 E1733.99388
G1 F1200 X53.5 Y126.14 E1734.47948
G0 F9000 X70.1 Y126.14
G1 F1200 X146.5 Y126.14 E1737.02056
G1 F1176.5 X146.674 Y126.133 E1737.02646
G0 F9000 X147.338 Y125.981
G0 X147.5 Y125.227
G1 F1188.1 X147.5 Y124.491 E1737.05119
G0 F9000 X147.662 Y125.98
G0 X148.5 Y126.14
G1 F1200 X181.5 Y126.14 E1738.14877
G1 F2700 E1733.14877
G0 F9000 X148.5 Y126.14
G1 F2700 E1738.14877
G1 F1129.4 X147.68 Y125.755 E1738.18079
G1 F1081.1 X147.545 Y125.498 E1738.1915
G1 F1134.8 X147.5 Y125.227 E1738.20117
G1 X147.455 Y125.498 E1738.21083
G1 F1081.1 X147.32 Y125.755 E1738.22155
G1 F1108.5 X146.674 Y126.133 E1738.24849
G1 X147.5 Y126.115 E1738.27824
G1 F1129.4 X148.5 Y126.14 E1738.31359
G1 F2700 E1733.31359
G0 F9000 X70.1 Y126.14
G1 F2700 E1738.31359
G1 F1129.4 X69.28 Y125.755 E1738.3456
G1 F1081.1 X69.145 Y125.498 E1738.35632
G1 F1134.8 X69.1 Y125.227 E1738.36598
G1 X69.055 Y125.498 E1738.37564
G1 F1081.1 X68.92 Y125.755 E1738.38636
G1 F1108.5 X68.274 Y126.133 E1738.41331
G1 X69.1 Y126.115 E1738.44306
G1 F1129.4 X70.1 Y126.14 E1738.47841
G1 F2700 E1733.47841
G0 F9000 X147.338 Y125.981
G0 X147.59 Y125.5
G0 X148.02 Y125.5
G1 F2700 E1738.47841
G1 F1200 X147.902 Y125.192 E1738.48938
G1 X147.9 Y124.051 E1738.52733
G1 X147.459 Y124.093 E1738.54206
G1 X147.065 Y124.038 E1738.55529
G1 X147.1 Y124.232 E1738.56185
G1 X147.098 Y125.192 E1738.59378
G1 X146.98 Y125.5 E1738.60475
G1 X146.591 Y125.74 E1738.61995
G1 X70.1 Y125.74 E1741.16405
G1 X69.62 Y125.5 E1741.1819
G1 X69.502 Y125.192 E1741.19287
G1 X69.501 Y124.188 E1741.22627
G1 X69.535 Y124.036 E1741.23145
G1 X69.284 Y124.094 E1741.24001
G1 X68.871 Y124.083 E1741.25376
G1 X68.66 Y124.032 E1741.26098
G1 X68.696 Y124.157 E1741.2653
G1 X68.698 Y125.192 E1741.29973
G1 X68.58 Y125.5 E1741.3107
G1 X68.191 Y125.74 E1741.3259
G1 X53.1 Y125.74 E1741.82783
G1 X53.1 Y126.54 E1741.85444
G1 X181.9 Y126.54 E1746.13834
G1 X181.9 Y125.74 E1746.16495
G1 X148.5 Y125.74 E1747.27584
G1 X148.02 Y125.5 E1747.29369
G0 F9000 X148.5 Y125.34
;TYPE:WALL-OUTER
G1 F1200 X148.34 Y125.26 E1747.29964
G1 X148.3 Y125.158 E1747.30328
G1 F1148.3 X148.3 Y124.105 E1747.33988
G1 F1012.7 X148.338 Y124.029 E1747.34323
G1 F948.6 X148.683 Y123.785 E1747.36101
G1 F960 X148.901 Y123.543 E1747.37455
G1 F948.6 X149.071 Y123.271 E1747.38804
G1 F944.9 X149.219 Y122.846 E1747.40705
G1 F950.5 X149.243 Y122.517 E1747.42091
G1 X149.23 Y122.253 E1747.432
G1 F948.6 X149.146 Y121.923 E1747.44633
G1 F941.2 X149 Y121.596 E1747.46152
G1 F948.6 X148.797 Y121.33 E1747.4756
G1 F958.1 X148.601 Y121.141 E1747.48694
G1 F950.5 X148.276 Y120.939 E1747.50301
G1 F941.2 X147.981 Y120.812 E1747.51663
G1 F952.4 X147.522 Y120.751 E1747.53603
G1 X147.12 Y120.786 E1747.55294
G1 F944.9 X146.712 Y120.94 E1747.57136
G1 F946.7 X146.308 Y121.196 E1747.59153
G1 X146.049 Y121.53 E1747.60935
G1 X145.871 Y121.841 E1747.62445
G1 F941.2 X145.762 Y122.262 E1747.64289
G1 F937.5 X145.751 Y122.616 E1747.65797
G1 F948.6 X145.804 Y122.926 E1747.6712
G1 F956.2 X145.935 Y123.31 E1747.68814
G1 F954.3 X146.245 Y123.736 E1747.71018
G1 F948.6 X146.65 Y124.026 E1747.73113
G1 F1057.3 X146.621 Y124.071 E1747.73315
G1 F1200 X146.7 Y124.185 E1747.73777
G1 X146.7 Y125.158 E1747.77013
G1 X146.66 Y125.26 E1747.77377
G1 X146.535 Y125.338 E1747.77867
G1 X70.1 Y125.34 E1750.32091
G1 X69.94 Y125.26 E1750.32686
G1 X69.9 Y125.158 E1750.33051
G1 F1142.9 X69.899 Y124.107 E1750.36721
G1 F1006.3 X69.936 Y124.033 E1750.37049
G1 F941.2 X70.135 Y123.905 E1750.38053
G1 F948.6 X70.414 Y123.645 E1750.39657
G1 F944.9 X70.621 Y123.366 E1750.41125
G1 F952.4 X70.761 Y123.036 E1750.42627
G1 F958.1 X70.852 Y122.687 E1750.44129
G1 F960 X70.82 Y122.186 E1750.46217
G1 F944.9 X70.712 Y121.818 E1750.47837
G1 X70.527 Y121.491 E1750.49423
G1 F956.2 X70.362 Y121.292 E1750.50503
G1 X70.125 Y121.084 E1750.51819
G1 F952.4 X69.96 Y120.98 E1750.52636
G1 F1030 X69.9 Y120.867 E1750.53132
G1 F1106 X69.9 Y114.115 E1750.77498
G1 F1002.1 X69.949 Y114.024 E1750.7791
G1 F944.9 X70.307 Y113.77 E1750.79764
G1 F946.7 X70.519 Y113.511 E1750.81175
G1 F948.6 X70.664 Y113.279 E1750.82326
G1 F956.2 X70.78 Y112.995 E1750.83606
G1 F954.3 X70.834 Y112.718 E1750.84787
G1 F948.6 X70.847 Y112.396 E1750.86143
G1 X70.793 Y112.069 E1750.87537
G1 F944.9 X70.639 Y111.659 E1750.89387
G1 F937.5 X70.348 Y111.256 E1750.91503
G1 F943 X69.951 Y110.975 E1750.93562
G1 F1025.6 X69.9 Y110.875 E1750.93999
G1 F1142.9 X69.9 Y109.806 E1750.97732
G1 F1182.3 X70.065 Y109.658 E1750.9848
G1 F1200 X182.3 Y109.656 E1754.71775
G1 X182.3 Y108.056 E1754.77097
G1 X52.7 Y108.056 E1759.08148
G1 X52.7 Y109.656 E1759.1347
G1 X68.1 Y109.656 E1759.64691
G1 X68.26 Y109.736 E1759.65286
G1 X68.3 Y109.856 E1759.65706
G1 X68.297 Y110.799 E1759.68843
G1 F1083.5 X68.257 Y110.951 E1759.69422
G1 F967.7 X68.061 Y111.092 E1759.70418
G1 F956.2 X67.783 Y111.348 E1759.71995
G1 F950.5 X67.576 Y111.632 E1759.73471
G1 F948.6 X67.435 Y111.958 E1759.74965
G1 F956.2 X67.346 Y112.315 E1759.76501
G1 F958.1 X67.376 Y112.809 E1759.78563
G1 F946.7 X67.487 Y113.182 E1759.80203
G1 F944.9 X67.67 Y113.509 E1759.81786
G1 F954.3 X67.834 Y113.708 E1759.82865
G1 X68.069 Y113.914 E1759.84172
G1 X68.253 Y114.024 E1759.85068
G1 F1030 X68.301 Y114.125 E1759.85502
G1 F1100.9 X68.3 Y120.883 E1760.10002
G1 F1004.2 X68.248 Y120.976 E1760.10425
G1 F944.9 X67.889 Y121.227 E1760.12275
G1 X67.678 Y121.488 E1760.13693
G1 F948.6 X67.533 Y121.721 E1760.14848
G1 F954.3 X67.419 Y122.001 E1760.16112
G1 F956.2 X67.365 Y122.276 E1760.17282
G1 F952.4 X67.347 Y122.601 E1760.18646
G1 F948.6 X67.403 Y122.926 E1760.20034
G1 F952.4 X67.558 Y123.342 E1760.21894
G1 F950.5 X67.851 Y123.744 E1760.23983
G1 F948.6 X68.264 Y124.034 E1760.26106
G1 F1004.2 X68.301 Y124.134 E1760.2653
G1 F1137.4 X68.3 Y125.158 E1760.30123
G1 F1200 X68.26 Y125.26 E1760.30488
G1 X68.135 Y125.338 E1760.30978
G1 X52.7 Y125.34 E1760.82315
G1 X52.7 Y126.94 E1760.87636
G1 X182.3 Y126.94 E1765.18688
G1 X182.3 Y125.34 E1765.24009
G1 X148.5 Y125.34 E1766.36429
G1 F2700 E1761.36429
G0 F9000 X148.5 Y125.652
G0 X148.062 Y125.58
G0 X148.058 Y124.688
G0 X148.093 Y123.878
G0 X147.972 Y123.658
G1 F2700 E1766.36429
G1 F1076.2 X147.836 Y123.649 E1766.36934
G1 F1188.1 X147.383 Y123.699 E1766.38465
G1 F1197 X147.112 Y123.634 E1766.39394
G1 F1200 X146.948 Y123.551 E1766.40006
G1 F1057.3 X146.916 Y123.594 E1766.40208
G1 F952.4 X146.735 Y123.484 E1766.41096
G1 F963.9 X146.492 Y123.25 E1766.42492
G1 X146.303 Y122.878 E1766.4422
G1 F960 X146.241 Y122.485 E1766.45874
G1 F956.2 X146.353 Y121.983 E1766.48021
G1 F954.3 X146.668 Y121.559 E1766.50231
G1 F960 X147.102 Y121.3 E1766.52332
G1 F963.9 X147.508 Y121.251 E1766.54025
G1 F952.4 X147.812 Y121.292 E1766.55311
G1 F950.5 X148.254 Y121.494 E1766.57351
G1 F958.1 X148.522 Y121.782 E1766.5899
G1 F960 X148.731 Y122.24 E1766.61083
G1 F956.2 X148.728 Y122.734 E1766.63145
G1 X148.559 Y123.17 E1766.65097
G1 F960 X148.325 Y123.434 E1766.66564
G1 F971.7 X147.972 Y123.658 E1766.68281
G1 F2700 E1761.68281
G0 F9000 X148.093 Y123.878
G0 X146.938 Y125.581
G0 X69.662 Y125.58
G0 X69.657 Y124.293
G0 X69.702 Y123.871
G0 X69.578 Y123.651
G1 F2700 E1766.68281
G1 F1078.7 X69.261 Y123.69 E1766.69463
G1 F1200 X68.925 Y123.687 E1766.70581
G1 F1076.2 X68.597 Y123.642 E1766.71808
G1 F967.7 X68.276 Y123.438 E1766.73377
G1 F963.9 X68.096 Y123.245 E1766.7447
G1 F967.7 X67.938 Y122.956 E1766.75828
G1 X67.855 Y122.678 E1766.77025
G1 F963.9 X67.867 Y122.277 E1766.78686
G1 F960 X67.972 Y121.96 E1766.80074
G1 F954.3 X68.253 Y121.578 E1766.82058
G1 F969.7 X68.617 Y121.344 E1766.83839
G1 F1086 X68.761 Y121.349 E1766.84368
G1 F1200 X69.138 Y121.3 E1766.85633
G1 X69.428 Y121.346 E1766.86609
G1 F1132.1 X69.494 Y121.345 E1766.86842
G1 F1012.7 X69.839 Y121.493 E1766.88322
G1 F960 X70.114 Y121.771 E1766.89947
G1 F944.9 X70.237 Y122.023 E1766.91132
G1 X70.327 Y122.267 E1766.9223
G1 F960 X70.331 Y122.712 E1766.94081
G1 F961.9 X70.229 Y123.045 E1766.95526
G1 F960 X69.924 Y123.443 E1766.9761
G1 F967.7 X69.578 Y123.651 E1766.99275
G1 F2700 E1761.99275
G0 F9000 X69.702 Y123.871
G0 X70.059 Y123.598
G0 X70.418 Y123.117
G0 X70.535 Y122.739
G0 X70.53 Y122.213
G0 X70.279 Y121.645
G0 X69.655 Y121.01
G0 X69.655 Y114.002
G0 X69.578 Y113.654
G1 F2700 E1766.99275
G1 F1086 X69.435 Y113.647 E1766.99802
G1 F1200 X69.059 Y113.696 E1767.01063
G1 F1194 X68.771 Y113.655 E1767.02035
G1 F1118.9 X68.7 Y113.658 E1767.02289
G1 F1004.2 X68.354 Y113.505 E1767.03792
G1 F960 X68.08 Y113.223 E1767.05427
G1 F944.9 X67.961 Y112.977 E1767.06581
G1 F946.7 X67.869 Y112.73 E1767.07692
G1 F963.9 X67.857 Y112.316 E1767.09407
G1 X67.946 Y111.999 E1767.10771
G1 F960 X68.16 Y111.675 E1767.12385
G1 X68.465 Y111.414 E1767.14054
G1 F1066.7 X68.937 Y111.31 E1767.15863
G1 F1159.4 X69.517 Y111.347 E1767.17863
G1 F1041.2 X69.849 Y111.502 E1767.19268
G1 F967.7 X70.128 Y111.772 E1767.20869
G1 F960 X70.337 Y112.274 E1767.2313
G1 F958.1 X70.334 Y112.68 E1767.24821
G1 X70.213 Y113.058 E1767.26475
G1 F956.2 X69.945 Y113.419 E1767.28351
G1 F971.7 X69.578 Y113.654 E1767.30141
G1 F2700 E1762.30141
;MESH:NONMESH
G0 F300 X69.578 Y113.654 Z4.4
G0 F9000 X69.701 Y113.873
G0 X70.502 Y113.207
G0 X71.512 Y113.625
G0 X162.835 Y113.207
G0 X163.93 Y113.207
G0 X166.5 Y121.5
;TIME_ELAPSED:3300.554640
;LAYER:21
;TYPE:WALL-INNER
;MESH:BtnFaceWithWings.stl
G1 F2700 E1767.30141
G1 F1200 X166.5 Y113.5 E1767.56749
G1 X164.5 Y113.5 E1767.63401
G1 X164.5 Y121.5 E1767.9001
G1 X166.5 Y121.5 E1767.96662
G0 F9000 X166.9 Y121.9
G1 F1200 X166.9 Y113.1 E1768.25931
G1 X164.1 Y113.1 E1768.35243
G1 X164.1 Y121.9 E1768.64512
G1 X166.9 Y121.9 E1768.73825
G0 F9000 X167.3 Y122.3
;TYPE:WALL-OUTER
G1 F1200 X167.3 Y112.7 E1769.05755
G1 X163.7 Y112.7 E1769.17729
G1 X163.7 Y122.3 E1769.49658
G1 X167.3 Y122.3 E1769.61632
G0 F9000 X167.02 Y122.02
G0 X166.42 Y120.035
;TYPE:FILL
G1 F2400 X164.58 Y120.528 E1769.67968
G0 F9000 X166.42 Y119.594
G1 F2400 X164.58 Y117.754 E1769.76622
G0 F9000 X164.581 Y115.229
G1 F2400 X165.023 Y113.579 E1769.82304
G0 F9000 X164.58 Y114.317
G1 F2400 X166.42 Y113.824 E1769.8864
G0 F9000 X166.29 Y113.824
G1 F2700 E1764.8864
G0 F9000 X167.076 Y112.924
G0 X167.076 Y111.835
G0 X167.076 Y110.407
G0 X167.076 Y109.312
G0 X181.5 Y108.74
;TYPE:WALL-INNER
G1 F2700 E1769.8864
G1 F1200 X70.1 Y108.74 E1773.59157
G1 F1176.5 X69.926 Y108.747 E1773.59748
G1 F1108.5 X69.1 Y108.765 E1773.62723
G1 F1129.4 X68.1 Y108.74 E1773.66258
G1 X68.92 Y109.125 E1773.69459
G1 F1071.4 X69.058 Y109.38 E1773.70539
G1 F1134.8 X69.1 Y109.74 E1773.71814
G1 X69.142 Y109.38 E1773.73089
G1 F1071.4 X69.28 Y109.125 E1773.74169
G1 F1108.5 X69.926 Y108.747 E1773.76864
G0 F9000 X69.262 Y108.904
G0 X69.1 Y109.74
G1 F1200 X69.1 Y110.517 E1773.79448
G0 F9000 X68.938 Y108.905
G0 X68.1 Y108.74
G1 F1200 X53.5 Y108.74 E1774.28008
G0 F9000 X68.938 Y108.905
G0 X69.19 Y109.38
G0 X69.62 Y109.38
G1 F1200 X70.009 Y109.14 E1774.29528
G1 X181.9 Y109.14 E1778.01679
G1 X181.9 Y108.34 E1778.0434
G1 X53.1 Y108.34 E1782.3273
G1 X53.1 Y109.14 E1782.35391
G1 X68.1 Y109.14 E1782.85281
G1 X68.58 Y109.38 E1782.87066
G1 X68.662 Y109.529 E1782.87632
G1 X68.7 Y109.74 E1782.88345
G1 X68.7 Y110.85 E1782.92037
G1 X68.663 Y110.953 E1782.92401
G1 X69.292 Y110.901 E1782.945
G1 X69.556 Y110.976 E1782.95413
G1 X69.5 Y110.848 E1782.95878
G1 X69.5 Y109.74 E1782.99563
G1 X69.538 Y109.529 E1783.00276
G1 X69.62 Y109.38 E1783.00842
G0 F9000 X69.19 Y109.38
G0 X69.72 Y111.186
G0 X69.984 Y111.348
G0 X70.269 Y111.635
G0 X70.491 Y112.071
G0 X70.553 Y112.468
G0 X70.499 Y112.9
G0 X70.321 Y113.269
G0 X69.1 Y114.51
G1 F1200 X69.1 Y120.486 E1783.20718
G0 F9000 X69.571 Y120.98
G1 F1200 X69.5 Y120.782 E1783.21418
G1 X69.5 Y114.232 E1783.43203
G1 X69.536 Y114.039 E1783.43856
G1 X68.99 Y114.124 E1783.45694
G1 X68.628 Y114.016 E1783.4695
G1 X68.7 Y114.212 E1783.47645
G1 X68.7 Y120.768 E1783.6945
G1 X68.664 Y120.963 E1783.7011
G1 X69.206 Y120.871 E1783.71938
G1 X69.571 Y120.98 E1783.73205
G0 F9000 X69.231 Y120.597
G0 X70.269 Y121.635
G0 X70.491 Y122.071
G0 X70.553 Y122.468
G0 X70.499 Y122.9
G0 X70.309 Y123.294
G0 X69.1 Y124.499
G1 F1188.1 X69.1 Y125.343 E1783.7604
G0 F9000 X68.938 Y126.096
G0 X68.274 Y126.249
G1 F1176.5 X68.1 Y126.256 E1783.76631
G1 F1200 X53.5 Y126.256 E1784.25191
G0 F9000 X70.1 Y126.256
G1 F1200 X146.5 Y126.256 E1786.79298
G1 F1176.5 X146.674 Y126.249 E1786.79889
G0 F9000 X147.338 Y126.096
G0 X147.5 Y125.343
G1 F1188.1 X147.5 Y124.485 E1786.82771
G0 F9000 X147.662 Y126.095
G0 X148.5 Y126.256
G1 F1200 X181.5 Y126.256 E1787.9253
G1 F2700 E1782.9253
G0 F9000 X148.5 Y126.256
G1 F2700 E1787.9253
G1 F1129.4 X147.68 Y125.871 E1787.95731
G1 F1081.1 X147.545 Y125.614 E1787.96803
G1 F1134.8 X147.5 Y125.343 E1787.97769
G1 X147.455 Y125.614 E1787.98735
G1 F1081.1 X147.32 Y125.871 E1787.99807
G1 F1108.5 X146.674 Y126.249 E1788.02502
G1 X147.5 Y126.231 E1788.05476
G1 F1129.4 X148.5 Y126.256 E1788.09011
G1 F2700 E1783.09011
G0 F9000 X70.1 Y126.256
G1 F2700 E1788.09011
G1 F1129.4 X69.28 Y125.871 E1788.12213
G1 F1081.1 X69.145 Y125.614 E1788.13285
G1 F1134.8 X69.1 Y125.343 E1788.14251
G1 X69.055 Y125.614 E1788.15217
G1 F1081.1 X68.92 Y125.871 E1788.16289
G1 F1108.5 X68.274 Y126.249 E1788.18983
G1 X69.1 Y126.231 E1788.21958
G1 F1129.4 X70.1 Y126.256 E1788.25493
G1 F2700 E1783.25493
G0 F9000 X147.338 Y126.096
G0 X147.59 Y125.616
G0 X148.02 Y125.616
G1 F2700 E1788.25493
G1 F1200 X147.902 Y125.308 E1788.2659
G1 X147.905 Y124.153 E1788.30432
G1 X147.962 Y124.017 E1788.30922
G1 X147.675 Y124.098 E1788.31914
G1 X147.06 Y124.05 E1788.33966
G1 X147.101 Y124.168 E1788.34381
G1 X147.098 Y125.308 E1788.38173
G1 X146.98 Y125.616 E1788.3927
G1 X146.591 Y125.856 E1788.4079
G1 X70.1 Y125.856 E1790.952
G1 X69.62 Y125.616 E1790.96985
G1 X69.502 Y125.308 E1790.98082
G1 X69.5 Y124.055 E1791.0225
G1 X69.018 Y124.107 E1791.03862
G1 X68.661 Y124.033 E1791.05075
G1 X68.701 Y124.232 E1791.0575
G1 X68.698 Y125.308 E1791.09329
G1 X68.58 Y125.616 E1791.10426
G1 X68.191 Y125.856 E1791.11946
G1 X53.1 Y125.856 E1791.62139
G1 X53.1 Y126.656 E1791.648
G1 X181.9 Y126.656 E1795.9319
G1 X181.9 Y125.856 E1795.95851
G1 X148.5 Y125.856 E1797.0694
G1 X148.02 Y125.616 E1797.08725
G0 F9000 X148.5 Y125.456
;TYPE:WALL-OUTER
G1 F1200 X148.34 Y125.376 E1797.0932
G1 X148.3 Y125.274 E1797.09684
G1 F1148.3 X148.301 Y124.107 E1797.1374
G1 F1016.9 X148.34 Y124.036 E1797.14058
G1 F948.6 X148.735 Y123.746 E1797.1612
G1 F944.9 X148.95 Y123.468 E1797.17604
G1 X149.113 Y123.168 E1797.19047
G1 F956.2 X149.196 Y122.92 E1797.20138
G1 F963.9 X149.245 Y122.575 E1797.21581
G1 F956.2 X149.23 Y122.257 E1797.2291
G1 X149.135 Y121.887 E1797.24505
G1 X148.999 Y121.607 E1797.25804
G1 F954.3 X148.789 Y121.322 E1797.27285
G1 F960 X148.534 Y121.089 E1797.28721
G1 F958.1 X148.281 Y120.937 E1797.2995
G1 F952.4 X147.948 Y120.8 E1797.31459
G1 F956.2 X147.525 Y120.75 E1797.33237
G1 F960 X147.199 Y120.769 E1797.34595
G1 F956.2 X146.885 Y120.863 E1797.35963
G1 F950.5 X146.481 Y121.067 E1797.37863
G1 X146.228 Y121.297 E1797.39299
G1 F952.4 X145.997 Y121.608 E1797.40923
G1 X145.862 Y121.887 E1797.42222
G1 X145.768 Y122.261 E1797.43838
G1 F956.2 X145.751 Y122.579 E1797.45167
G1 F948.6 X145.806 Y122.916 E1797.46604
G1 X145.885 Y123.168 E1797.47715
G1 F954.3 X146.002 Y123.399 E1797.48798
G1 F952.4 X146.192 Y123.673 E1797.50195
G1 F956.2 X146.481 Y123.923 E1797.5179
G1 F952.4 X146.649 Y124.025 E1797.52614
G1 F1032.3 X146.701 Y124.139 E1797.53098
G1 F1165 X146.7 Y125.274 E1797.56987
G1 F1200 X146.66 Y125.376 E1797.57351
G1 X146.535 Y125.454 E1797.57841
G1 X70.1 Y125.456 E1800.12065
G1 X69.94 Y125.376 E1800.1266
G1 X69.9 Y125.274 E1800.13024
G1 F1121.5 X69.9 Y124.065 E1800.17327
G1 F1000 X70.115 Y123.918 E1800.18366
G1 F952.4 X70.346 Y123.721 E1800.19639
G1 X70.618 Y123.361 E1800.2153
G1 X70.738 Y123.098 E1800.22741
G1 F956.2 X70.855 Y122.661 E1800.24629
G1 X70.818 Y122.189 E1800.26606
G1 F952.4 X70.731 Y121.838 E1800.28121
G1 F956.2 X70.472 Y121.415 E1800.30191
G1 X70.241 Y121.166 E1800.31609
G1 F952.4 X69.948 Y120.969 E1800.33089
G1 F1014.8 X69.9 Y120.882 E1800.3348
G1 F1113.7 X69.9 Y114.142 E1800.57634
G1 F1043.5 X69.959 Y114.026 E1800.58132
G1 F948.6 X70.244 Y113.823 E1800.59604
G1 F952.4 X70.532 Y113.503 E1800.61408
G1 X70.736 Y113.134 E1800.63175
G1 F946.7 X70.833 Y112.717 E1800.6498
G1 F952.4 X70.851 Y112.4 E1800.66311
G1 F956.2 X70.775 Y111.98 E1800.68093
G1 F952.4 X70.619 Y111.64 E1800.6966
G1 F948.6 X70.406 Y111.327 E1800.71253
G1 F956.2 X70.114 Y111.077 E1800.72858
G1 X69.944 Y110.967 E1800.73703
G1 F1021.3 X69.9 Y110.887 E1800.7406
G1 F1148.3 X69.9 Y109.69 E1800.7822
G1 F1200 X70.065 Y109.542 E1800.78957
G1 X182.3 Y109.54 E1804.52252
G1 X182.3 Y107.94 E1804.57574
G1 X52.7 Y107.94 E1808.88625
G1 X52.7 Y109.54 E1808.93947
G1 X68.1 Y109.54 E1809.45168
G1 X68.26 Y109.62 E1809.45763
G1 X68.3 Y109.74 E1809.46183
G1 F1173.6 X68.3 Y110.857 E1809.49982
G1 F1043.5 X68.234 Y110.981 E1809.50519
G1 F956.2 X68.078 Y111.079 E1809.51288
G1 X67.752 Y111.364 E1809.53096
G1 F952.4 X67.582 Y111.631 E1809.54422
G1 X67.458 Y111.898 E1809.55656
G1 F956.2 X67.342 Y112.331 E1809.57527
G1 X67.378 Y112.807 E1809.5952
G1 F954.3 X67.469 Y113.168 E1809.61077
G1 F952.4 X67.726 Y113.579 E1809.63108
G1 F948.6 X67.955 Y113.83 E1809.64538
G1 F950.5 X68.25 Y114.03 E1809.66034
G1 F1014.8 X68.3 Y114.115 E1809.66422
G1 F1111.1 X68.3 Y120.861 E1809.90655
G1 F1041.2 X68.239 Y120.978 E1809.9116
G1 F950.5 X67.949 Y121.173 E1809.92628
G1 F948.6 X67.667 Y121.494 E1809.94426
G1 F952.4 X67.462 Y121.86 E1809.96184
G1 X67.362 Y122.286 E1809.98017
G1 F944.9 X67.348 Y122.596 E1809.99328
G1 F943 X67.424 Y123.015 E1810.0113
G1 F948.6 X67.581 Y123.359 E1810.02721
G1 X67.791 Y123.67 E1810.043
G1 F952.4 X68.082 Y123.922 E1810.05913
G1 X68.251 Y124.025 E1810.06743
G1 F1030 X68.301 Y124.136 E1810.07215
G1 F1165 X68.3 Y125.274 E1810.11113
G1 F1200 X68.26 Y125.376 E1810.11478
G1 X68.135 Y125.454 E1810.11968
G1 X52.7 Y125.456 E1810.63305
G1 X52.7 Y127.056 E1810.68626
G1 X182.3 Y127.056 E1814.99678
G1 X182.3 Y125.456 E1815.04999
G1 X148.5 Y125.456 E1816.17419
G1 F2700 E1811.17419
G0 F9000 X148.5 Y125.767
G0 X148.062 Y125.695
G0 X148.055 Y124.004
G0 X148.056 Y123.62
G1 F2700 E1816.17419
G1 F1059.6 X147.612 Y123.692 E1816.19113
G1 F1134.8 X147.122 Y123.66 E1816.2084
G1 F1014.8 X146.769 Y123.516 E1816.22339
G1 F956.2 X146.564 Y123.332 E1816.23489
G1 X146.338 Y122.97 E1816.25271
G1 F960 X146.251 Y122.546 E1816.2707
G1 X146.311 Y122.118 E1816.28867
G1 F961.9 X146.466 Y121.793 E1816.30361
G1 F963.9 X146.702 Y121.525 E1816.3184
G1 F965.8 X146.99 Y121.358 E1816.33215
G1 F961.9 X147.295 Y121.263 E1816.34541
G1 X147.579 Y121.253 E1816.3572
G1 F967.7 X147.902 Y121.307 E1816.37071
G1 F963.9 X148.242 Y121.495 E1816.38679
G1 X148.504 Y121.751 E1816.40196
G1 F961.9 X148.679 Y122.095 E1816.41798
G1 X148.748 Y122.507 E1816.43531
G1 F963.9 X148.705 Y122.85 E1816.44962
G1 F960 X148.449 Y123.327 E1816.47213
G1 F952.4 X148.056 Y123.62 E1816.49267
G1 F2700 E1811.49267
G0 F9000 X148.213 Y123.829
G0 X146.938 Y125.696
G0 X69.662 Y125.695
G0 X69.655 Y123.989
G0 X69.594 Y123.664
G1 F2700 E1816.49267
G1 F1054.9 X69.476 Y123.651 E1816.49716
G1 F1200 X69.059 Y123.7 E1816.51113
G1 X68.788 Y123.658 E1816.52025
G1 F1132.1 X68.725 Y123.661 E1816.52247
G1 F1012.7 X68.369 Y123.513 E1816.53767
G1 F960 X68.088 Y123.248 E1816.55373
G1 X67.866 Y122.754 E1816.57624
G1 F956.2 X67.865 Y122.31 E1816.59478
G1 X67.947 Y122.005 E1816.60796
G1 F960 X68.133 Y121.7 E1816.62281
G1 F961.9 X68.441 Y121.428 E1816.63986
G1 F1021.3 X68.706 Y121.344 E1816.65073
G1 F1142.9 X68.767 Y121.346 E1816.65286
G1 F1200 X69.148 Y121.284 E1816.6657
G1 F1061.9 X69.665 Y121.382 E1816.68547
G1 F956.2 X69.873 Y121.517 E1816.69582
G1 F960 X70.086 Y121.733 E1816.70844
G1 X70.279 Y122.075 E1816.72476
G1 X70.348 Y122.51 E1816.74307
G1 F963.9 X70.296 Y122.858 E1816.75765
G1 X70.124 Y123.22 E1816.77424
G1 X69.919 Y123.437 E1816.7866
G1 F952.4 X69.594 Y123.664 E1816.80322
G1 F2700 E1811.80322
G0 F9000 X69.735 Y123.879
G0 X70.288 Y123.338
G0 X70.499 Y122.9
G0 X70.553 Y122.468
G0 X70.491 Y122.071
G0 X70.269 Y121.635
G0 X69.655 Y121.004
G0 X69.655 Y113.996
G0 X69.939 Y113.753
G0 X69.772 Y113.571
G1 F2700 E1816.80322
G1 F1066.7 X69.43 Y113.65 E1816.81635
G1 F1126.8 X69.029 Y113.715 E1816.83074
G1 F1006.3 X68.531 Y113.614 E1816.85089
G1 F952.4 X68.311 Y113.469 E1816.86194
G1 F956.2 X68.049 Y113.183 E1816.87813
G1 F963.9 X67.907 Y112.883 E1816.89187
G1 F961.9 X67.843 Y112.515 E1816.90737
G1 X67.9 Y112.137 E1816.92323
G1 F960 X68.08 Y111.769 E1816.94026
G1 X68.424 Y111.438 E1816.96011
G1 F1025.6 X68.713 Y111.345 E1816.97192
G1 F1148.3 X69.277 Y111.309 E1816.99157
G1 F1061.9 X69.659 Y111.38 E1817.00617
G1 F956.2 X69.833 Y111.488 E1817.01472
G1 F963.9 X70.089 Y111.726 E1817.02919
G1 F960 X70.295 Y112.131 E1817.04808
G1 F956.2 X70.35 Y112.446 E1817.06143
G1 F960 X70.298 Y112.869 E1817.07915
G1 F963.9 X70.12 Y113.221 E1817.09548
G1 F961.9 X69.772 Y113.571 E1817.11596
G1 F2700 E1812.11596
;MESH:NONMESH
G0 F300 X69.772 Y113.571 Z4.6
G0 F9000 X69.939 Y113.753
G0 X70.573 Y113.07
G0 X71.639 Y113.309
G0 X162.835 Y113.07
G0 X163.93 Y113.07
G0 X166.5 Y121.5
;TIME_ELAPSED:3387.713800
;LAYER:22
;TYPE:WALL-INNER
;MESH:BtnFaceWithWings.stl
G1 F2700 E1817.11596
G1 F1200 X166.5 Y113.5 E1817.38204
G1 X164.5 Y113.5 E1817.44856
G1 X164.5 Y121.5 E1817.71464
G1 X166.5 Y121.5 E1817.78116
G0 F9000 X166.9 Y121.9
G1 F1200 X166.9 Y113.1 E1818.07385
G1 X164.1 Y113.1 E1818.16698
G1 X164.1 Y121.9 E1818.45967
G1 X166.9 Y121.9 E1818.5528
G0 F9000 X167.3 Y122.3
;TYPE:WALL-OUTER
G1 F1200 X167.3 Y112.7 E1818.8721
G1 X163.7 Y112.7 E1818.99183
G1 X163.7 Y122.3 E1819.31113
G1 X167.3 Y122.3 E1819.43087
G0 F9000 X167.02 Y122.02
G0 X166.42 Y120.181
;TYPE:FILL
G1 F2400 X164.58 Y120.675 E1819.49423
G0 F9000 X166.42 Y119.395
G1 F2400 X164.58 Y117.554 E1819.5808
G0 F9000 X164.58 Y114.684
G1 F2400 X164.877 Y113.579 E1819.61886
G0 F9000 X164.58 Y114.463
G1 F2400 X166.42 Y113.97 E1819.68222
G0 F9000 X166.29 Y113.97
G1 F2700 E1814.68222
G0 F9000 X167.076 Y112.924
G0 X167.076 Y111.835
G0 X167.076 Y110.291
G0 X167.076 Y109.196
G0 X181.5 Y108.624
;TYPE:WALL-INNER
G1 F2700 E1819.68222
G1 F1200 X70.1 Y108.624 E1823.3874
G1 F1176.5 X69.926 Y108.631 E1823.3933
G1 F1108.5 X69.1 Y108.649 E1823.42305
G1 F1129.4 X68.1 Y108.624 E1823.4584
G1 X68.92 Y109.009 E1823.49041
G1 F1071.4 X69.058 Y109.264 E1823.50121
G1 F1134.8 X69.1 Y109.624 E1823.51396
G1 X69.142 Y109.264 E1823.52671
G1 F1071.4 X69.28 Y109.009 E1823.53751
G1 F1108.5 X69.926 Y108.631 E1823.56446
G0 F9000 X69.262 Y108.788
G0 X69.1 Y109.624
G1 F1200 X69.1 Y110.507 E1823.59383
G0 F9000 X68.938 Y108.789
G0 X68.1 Y108.624
G1 F1200 X53.5 Y108.624 E1824.07943
G0 F9000 X68.938 Y108.789
G0 X69.19 Y109.264
G0 X69.62 Y109.264
G1 F1200 X70.009 Y109.024 E1824.09463
G1 X181.9 Y109.024 E1827.81614
G1 X181.9 Y108.224 E1827.84275
G1 X53.1 Y108.224 E1832.12665
G1 X53.1 Y109.024 E1832.15326
G1 X68.1 Y109.024 E1832.65216
G1 X68.58 Y109.264 E1832.67001
G1 X68.662 Y109.413 E1832.67567
G1 X68.7 Y109.624 E1832.6828
G1 X68.7 Y110.804 E1832.72205
G1 X68.648 Y110.963 E1832.72761
G1 X68.808 Y110.916 E1832.73316
G1 X69.264 Y110.901 E1832.74833
G1 X69.567 Y110.984 E1832.75878
G1 X69.501 Y110.811 E1832.76494
G1 X69.5 Y109.624 E1832.80442
G1 X69.538 Y109.413 E1832.81155
G1 X69.62 Y109.264 E1832.81721
G0 F9000 X69.19 Y109.264
G0 X69.737 Y111.19
G0 X70.184 Y111.528
G0 X70.432 Y111.912
G0 X70.552 Y112.442
G0 X70.529 Y112.761
G0 X70.378 Y113.222
G0 X69.1 Y114.486
G1 F1200 X69.1 Y120.501 E1833.01727
G0 F9000 X69.546 Y120.97
G1 F1200 X69.5 Y120.781 E1833.02373
G1 X69.506 Y114.145 E1833.24445
G1 X69.539 Y114.034 E1833.2483
G1 X69.332 Y114.081 E1833.25536
G1 X68.869 Y114.084 E1833.27076
G1 X68.643 Y114.022 E1833.27856
G1 X68.7 Y114.148 E1833.28315
G1 X68.7 Y120.768 E1833.50334
G1 X68.666 Y120.962 E1833.50989
G1 X69.036 Y120.896 E1833.52239
G1 X69.349 Y120.921 E1833.53283
G1 X69.546 Y120.97 E1833.53958
G0 F9000 X69.223 Y120.633
G0 X70.184 Y121.528
G0 X70.432 Y121.912
G0 X70.552 Y122.442
G0 X70.529 Y122.761
G0 X70.406 Y123.135
G0 X69.1 Y124.49
G1 F1188.1 X69.1 Y125.459 E1833.57213
G0 F9000 X68.938 Y126.212
G0 X68.274 Y126.365
G1 F1176.5 X68.1 Y126.372 E1833.57804
G1 F1200 X53.5 Y126.372 E1834.06364
G0 F9000 X70.1 Y126.372
G1 F1200 X146.5 Y126.372 E1836.60472
G1 F1176.5 X146.674 Y126.365 E1836.61062
G0 F9000 X147.338 Y126.212
G0 X147.5 Y125.459
G1 F1188.1 X147.5 Y124.489 E1836.64321
G0 F9000 X147.662 Y126.211
G0 X148.5 Y126.372
G1 F1200 X181.5 Y126.372 E1837.74079
G1 F2700 E1832.74079
G0 F9000 X148.5 Y126.372
G1 F2700 E1837.74079
G1 F1129.4 X147.68 Y125.987 E1837.77281
G1 F1081.1 X147.545 Y125.73 E1837.78352
G1 F1134.8 X147.5 Y125.459 E1837.79318
G1 X147.455 Y125.73 E1837.80285
G1 F1081.1 X147.32 Y125.987 E1837.81356
G1 F1108.5 X146.674 Y126.365 E1837.84051
G1 X147.5 Y126.347 E1837.87026
G1 F1129.4 X148.5 Y126.372 E1837.90561
G1 F2700 E1832.90561
G0 F9000 X70.1 Y126.372
G1 F2700 E1837.90561
G1 F1129.4 X69.28 Y125.987 E1837.93762
G1 F1081.1 X69.145 Y125.73 E1837.94834
G1 F1134.8 X69.1 Y125.459 E1837.958
G1 X69.055 Y125.73 E1837.96766
G1 F1081.1 X68.92 Y125.987 E1837.97838
G1 F1108.5 X68.274 Y126.365 E1838.00533
G1 X69.1 Y126.347 E1838.03508
G1 F1129.4 X70.1 Y126.372 E1838.07043
G1 F2700 E1833.07043
G0 F9000 X147.338 Y126.212
G0 X147.59 Y125.732
G0 X148.02 Y125.732
G1 F2700 E1838.07043
G1 F1200 X147.902 Y125.424 E1838.0814
G1 X147.9 Y124.13 E1838.12443
G1 X147.95 Y124.026 E1838.12827
G1 X147.737 Y124.081 E1838.13559
G1 X147.333 Y124.095 E1838.14903
G1 X147.032 Y124.011 E1838.15943
G1 X147.099 Y124.182 E1838.16554
G1 X147.098 Y125.424 E1838.20685
G1 X146.98 Y125.732 E1838.21782
G1 X146.591 Y125.972 E1838.23302
G1 X70.1 Y125.972 E1840.77712
G1 X69.62 Y125.732 E1840.79497
G1 X69.502 Y125.424 E1840.80594
G1 X69.5 Y124.23 E1840.84565
G1 X69.542 Y124.037 E1840.85222
G1 X69.351 Y124.084 E1840.85876
G1 X68.93 Y124.094 E1840.87277
G1 X68.632 Y124.011 E1840.88306
G1 X68.699 Y124.182 E1840.88917
G1 X68.698 Y125.424 E1840.93048
G1 X68.58 Y125.732 E1840.94145
G1 X68.191 Y125.972 E1840.95665
G1 X53.1 Y125.972 E1841.45858
G1 X53.1 Y126.772 E1841.48519
G1 X181.9 Y126.772 E1845.76909
G1 X181.9 Y125.972 E1845.7957
G1 X148.5 Y125.972 E1846.90659
G1 X148.02 Y125.732 E1846.92444
G0 F9000 X148.5 Y125.572
;TYPE:WALL-OUTER
G1 F1200 X148.34 Y125.492 E1846.93039
G1 X148.3 Y125.39 E1846.93403
G1 F1145.6 X148.3 Y124.105 E1846.9788
G1 F1019.1 X148.34 Y124.033 E1846.98203
G1 F948.6 X148.614 Y123.839 E1846.99615
G1 F954.3 X148.816 Y123.651 E1847.00769
G1 F956.2 X148.993 Y123.406 E1847.02031
G1 F948.6 X149.152 Y123.092 E1847.03512
G1 F950.5 X149.238 Y122.657 E1847.05374
G1 F952.4 X149.245 Y122.332 E1847.06736
G1 F948.6 X149.147 Y121.922 E1847.0851
G1 F952.4 X149.047 Y121.689 E1847.09572
G1 F958.1 X148.845 Y121.383 E1847.111
G1 F952.4 X148.606 Y121.15 E1847.12498
G1 F946.7 X148.359 Y120.97 E1847.13787
G1 F943 X147.962 Y120.807 E1847.15603
G1 F941.2 X147.569 Y120.75 E1847.17287
G1 X147.201 Y120.774 E1847.18851
G1 X146.777 Y120.902 E1847.20729
G1 F946.7 X146.491 Y121.073 E1847.22134
G1 F950.5 X146.207 Y121.323 E1847.23723
G1 F961.9 X145.989 Y121.607 E1847.25208
G1 F960 X145.846 Y121.927 E1847.26666
G1 F948.6 X145.758 Y122.26 E1847.28115
G1 F950.5 X145.76 Y122.659 E1847.2979
G1 F956.2 X145.8 Y122.923 E1847.30905
G1 X145.925 Y123.29 E1847.32523
G1 F954.3 X146.196 Y123.68 E1847.34509
G1 F944.9 X146.506 Y123.936 E1847.36208
G1 X146.659 Y124.035 E1847.36977
G1 F1019.1 X146.7 Y124.11 E1847.37312
G1 F1148.3 X146.7 Y125.39 E1847.41761
G1 F1200 X146.66 Y125.492 E1847.42125
G1 X146.535 Y125.57 E1847.42616
G1 X70.1 Y125.572 E1849.96839
G1 X69.94 Y125.492 E1849.97434
G1 X69.9 Y125.39 E1849.97799
G1 F1159.4 X69.905 Y124.138 E1850.02109
G1 F1030 X69.958 Y124.019 E1850.02613
G1 F952.4 X70.212 Y123.846 E1850.03901
G1 F948.6 X70.544 Y123.496 E1850.05931
G1 X70.727 Y123.127 E1850.07664
G1 X70.851 Y122.659 E1850.09701
G1 F946.7 X70.805 Y122.062 E1850.12225
G1 F952.4 X70.612 Y121.629 E1850.14212
G1 F950.5 X70.357 Y121.268 E1850.16068
G1 F952.4 X69.952 Y120.971 E1850.18173
G1 F1002.1 X69.9 Y120.885 E1850.18573
G1 F1066.7 X69.898 Y114.139 E1850.43815
G1 F1002.1 X69.933 Y114.037 E1850.44244
G1 F946.7 X70.276 Y113.794 E1850.46016
G1 F952.4 X70.482 Y113.579 E1850.47264
G1 F956.2 X70.659 Y113.299 E1850.48647
G1 F960 X70.823 Y112.843 E1850.50662
G1 F952.4 X70.856 Y112.371 E1850.52645
G1 F948.6 X70.758 Y111.957 E1850.54435
G1 F944.9 X70.643 Y111.669 E1850.55745
G1 F948.6 X70.4 Y111.316 E1850.57548
G1 X70.09 Y111.063 E1850.59231
G1 X69.966 Y110.981 E1850.59857
G1 F1032.3 X69.9 Y110.877 E1850.60333
G1 F1159.4 X69.9 Y109.574 E1850.64818
G1 F1200 X70.065 Y109.426 E1850.65556
G1 X182.3 Y109.424 E1854.38851
G1 X182.3 Y107.824 E1854.44172
G1 X52.7 Y107.824 E1858.75224
G1 X52.7 Y109.424 E1858.80545
G1 X68.1 Y109.424 E1859.31766
G1 X68.26 Y109.504 E1859.32361
G1 X68.3 Y109.624 E1859.32782
G1 F1165 X68.3 Y110.872 E1859.37057
G1 F1030 X68.243 Y110.978 E1859.37523
G1 F952.4 X67.986 Y111.149 E1859.38817
G1 X67.65 Y111.499 E1859.4085
G1 F950.5 X67.47 Y111.868 E1859.42574
G1 F948.6 X67.348 Y112.34 E1859.44625
G1 F950.5 X67.384 Y112.923 E1859.47078
G1 F952.4 X67.581 Y113.363 E1859.49098
G1 F948.6 X67.844 Y113.73 E1859.50998
G1 F946.7 X68.26 Y114.036 E1859.53175
G1 F1008.4 X68.3 Y114.111 E1859.53512
G1 F1108.5 X68.296 Y120.842 E1859.77746
G1 F1034.5 X68.249 Y120.974 E1859.78287
G1 F952.4 X67.92 Y121.207 E1859.79976
G1 X67.718 Y121.417 E1859.81197
G1 F960 X67.538 Y121.7 E1859.82592
G1 F958.1 X67.376 Y122.155 E1859.84604
G1 F946.7 X67.338 Y122.643 E1859.86667
G1 F952.4 X67.437 Y123.042 E1859.8839
G1 X67.555 Y123.329 E1859.8969
G1 F954.3 X67.796 Y123.681 E1859.91475
G1 F946.7 X68.106 Y123.936 E1859.93167
G1 F944.9 X68.259 Y124.035 E1859.93937
G1 F1019.1 X68.3 Y124.11 E1859.94271
G1 F1148.3 X68.3 Y125.39 E1859.9872
G1 F1200 X68.26 Y125.492 E1859.99085
G1 X68.135 Y125.57 E1859.99575
G1 X52.7 Y125.572 E1860.50912
G1 X52.7 Y127.172 E1860.56233
G1 X182.3 Y127.172 E1864.87285
G1 X182.3 Y125.572 E1864.92606
G1 X148.5 Y125.572 E1866.05026
G1 F2700 E1861.05026
G0 F9000 X148.5 Y125.883
G0 X148.062 Y125.811
G0 X148.055 Y123.999
G0 X148.057 Y123.619
G1 F2700 E1866.05026
G1 F1061.9 X147.694 Y123.683 E1866.06411
G1 F1200 X147.361 Y123.689 E1866.07519
G1 F1059.6 X146.941 Y123.617 E1866.09124
G1 F950.5 X146.566 Y123.335 E1866.11094
G1 F956.2 X146.353 Y122.998 E1866.12758
G1 X146.267 Y122.745 E1866.13874
G1 F950.5 X146.263 Y122.301 E1866.15738
G1 F952.4 X146.393 Y121.888 E1866.17553
G1 F963.9 X146.675 Y121.548 E1866.19382
G1 X147.107 Y121.304 E1866.21436
G1 F960 X147.58 Y121.254 E1866.23414
G1 F948.6 X147.827 Y121.303 E1866.24473
G1 F943 X148.089 Y121.398 E1866.25653
G1 F954.3 X148.45 Y121.689 E1866.27592
G1 F960 X148.643 Y121.988 E1866.29072
G1 F952.4 X148.744 Y122.415 E1866.3091
G1 F958.1 X148.732 Y122.687 E1866.32045
G1 F961.9 X148.635 Y123.016 E1866.33468
G1 F958.1 X148.433 Y123.338 E1866.35051
G1 F956.2 X148.057 Y123.619 E1866.37011
G1 F2700 E1861.37011
G0 F9000 X148.214 Y123.828
G0 X147.746 Y123.933
G0 X146.938 Y125.812
G0 X69.662 Y125.811
G0 X69.655 Y123.999
G0 X69.87 Y123.792
G0 X69.761 Y123.565
G1 F2700 E1866.37011
G1 F1078.7 X69.431 Y123.676 E1866.38299
G1 F1159.4 X68.961 Y123.689 E1866.39917
G1 F1059.6 X68.541 Y123.617 E1866.41523
G1 F952.4 X68.166 Y123.338 E1866.43481
G1 F958.1 X67.969 Y123.032 E1866.44997
G1 F961.9 X67.859 Y122.674 E1866.46551
G1 F965.8 X67.85 Y122.355 E1866.4787
G1 F971.7 X67.982 Y121.914 E1866.49761
G1 F967.7 X68.261 Y121.572 E1866.51581
G1 F969.7 X68.595 Y121.353 E1866.53225
G1 F1057.3 X68.719 Y121.35 E1866.53693
G1 F1103.4 X69.154 Y121.291 E1866.55281
G1 F1008.4 X69.669 Y121.385 E1866.57353
G1 F956.2 X70.03 Y121.656 E1866.59238
G1 F958.1 X70.244 Y121.993 E1866.60901
G1 F960 X70.34 Y122.416 E1866.62704
G1 F956.2 X70.343 Y122.682 E1866.63814
G1 F958.1 X70.233 Y123.015 E1866.65275
G1 F967.7 X70.027 Y123.332 E1866.66834
G1 F1004.2 X69.761 Y123.565 E1866.6824
G1 F2700 E1861.6824
G0 F9000 X69.87 Y123.792
G0 X70.406 Y123.135
G0 X70.529 Y122.761
G0 X70.552 Y122.442
G0 X70.432 Y121.912
G0 X69.831 Y121.119
G0 X69.655 Y114.005
G0 X69.597 Y113.647
G1 F2700 E1866.6824
G1 F1071.4 X69.29 Y113.683 E1866.69391
G1 F1200 X68.921 Y113.687 E1866.70619
G1 F1061.9 X68.544 Y113.62 E1866.72058
G1 F958.1 X68.326 Y113.477 E1866.73144
G1 F963.9 X68.059 Y113.188 E1866.74773
G1 X67.904 Y112.866 E1866.76253
G1 X67.841 Y112.488 E1866.7784
G1 X67.902 Y112.131 E1866.7934
G1 F954.3 X68.06 Y111.801 E1866.8087
G1 F952.4 X68.294 Y111.544 E1866.82326
G1 F983.6 X68.647 Y111.324 E1866.84014
G1 F1095.9 X69.189 Y111.304 E1866.8599
G1 F1061.9 X69.684 Y111.397 E1866.87882
G1 F952.4 X70.031 Y111.662 E1866.89712
G1 X70.242 Y111.986 E1866.91333
G1 F956.2 X70.349 Y112.451 E1866.93324
G1 X70.329 Y112.731 E1866.94496
G1 F960 X70.198 Y113.125 E1866.96222
G1 X69.934 Y113.428 E1866.97893
G1 F963.9 X69.597 Y113.647 E1866.99557
G1 F2700 E1861.99557
;MESH:NONMESH
G0 F300 X69.597 Y113.647 Z4.8
G0 F9000 X69.726 Y113.865
G0 X70.497 Y113.216
G0 X71.522 Y113.598
G0 X162.835 Y113.216
G0 X163.93 Y113.216
G0 X166.5 Y121.5
;TIME_ELAPSED:3475.049210
;LAYER:23
;TYPE:WALL-INNER
;MESH:BtnFaceWithWings.stl
G1 F2700 E1866.99557
G1 F1200 X166.5 Y113.5 E1867.26165
G1 X164.5 Y113.5 E1867.32817
G1 X164.5 Y121.5 E1867.59426
G1 X166.5 Y121.5 E1867.66078
G0 F9000 X166.9 Y121.9
G1 F1200 X166.9 Y113.1 E1867.95347
G1 X164.1 Y113.1 E1868.04659
G1 X164.1 Y121.9 E1868.33928
G1 X166.9 Y121.9 E1868.43241
G0 F9000 X167.3 Y122.3
;TYPE:WALL-OUTER
G1 F1200 X167.3 Y112.7 E1868.75171
G1 X163.7 Y112.7 E1868.87144
G1 X163.7 Y122.3 E1869.19074
G1 X167.3 Y122.3 E1869.31048
G0 F9000 X167.02 Y122.02
G0 X166.42 Y120.328
;TYPE:FILL
G1 F2400 X164.58 Y120.821 E1869.37384
G0 F9000 X166.42 Y119.194
G1 F2400 X164.58 Y117.354 E1869.46038
G0 F9000 X164.58 Y114.61
G1 F2400 X166.42 Y114.117 E1869.52374
G0 F9000 X164.73 Y113.579
G1 F2400 X164.58 Y114.136 E1869.54293
G0 F9000 X164.71 Y114.136
G1 F2700 E1864.54293
G0 F9000 X167.076 Y112.924
G0 X167.076 Y111.835
G0 X167.076 Y110.176
G0 X167.076 Y109.081
G0 X181.502 Y108.51
;TYPE:WALL-INNER
G1 F2700 E1869.54293
G1 F1212.1 X70.1 Y108.51 E1873.21112
G1 F1188.1 X69.927 Y108.517 E1873.21694
G1 F1116.3 X69.099 Y108.536 E1873.24655
G1 F1132.1 X68.1 Y108.512 E1873.28178
G1 X68.92 Y108.896 E1873.3137
G1 F1071.4 X69.056 Y109.15 E1873.32444
G1 F1134.8 X69.1 Y109.512 E1873.33726
G1 X69.143 Y109.15 E1873.35008
G1 F1071.4 X69.279 Y108.895 E1873.36085
G1 F1116.3 X69.927 Y108.517 E1873.38767
G0 F9000 X69.262 Y108.673
G0 X69.1 Y109.512
G1 F1200 X69.1 Y110.501 E1873.42057
G0 F9000 X68.938 Y108.674
G0 X68.1 Y108.512
G1 F1200 X53.5 Y108.512 E1873.90616
G0 F9000 X68.938 Y108.674
G0 X69.19 Y109.149
G0 X69.619 Y109.149
G1 F1200 X70.009 Y108.908 E1873.92141
G1 X181.9 Y108.908 E1877.64292
G1 X181.9 Y108.112 E1877.6694
G1 X53.1 Y108.112 E1881.9533
G1 X53.1 Y108.912 E1881.97991
G1 X68.1 Y108.912 E1882.47881
G1 X68.58 Y109.151 E1882.49665
G1 X68.661 Y109.299 E1882.50226
G1 X68.7 Y109.512 E1882.50946
G1 X68.7 Y110.764 E1882.5511
G1 F1194 X68.666 Y110.962 E1882.55782
G1 X69.171 Y110.893 E1882.57486
G1 F1200 X69.535 Y110.959 E1882.58716
G1 X69.5 Y110.768 E1882.59362
G1 X69.5 Y109.511 E1882.63543
G1 X69.538 Y109.298 E1882.64262
G1 X69.619 Y109.149 E1882.64826
G0 F9000 X69.19 Y109.149
G0 X69.545 Y111.115
G0 X70.039 Y111.385
G0 X70.405 Y111.855
G0 X70.529 Y112.231
G0 X70.535 Y112.757
G0 X70.33 Y113.279
G0 X69.1 Y114.499
G1 F1200 X69.1 Y120.515 E1882.84836
G0 F9000 X69.556 Y120.975
G1 F1200 X69.5 Y120.845 E1882.85306
G1 X69.5 Y114.16 E1883.07541
G1 X69.535 Y114.05 E1883.07925
G1 X69.08 Y114.1 E1883.09447
G1 F1188.1 X68.7 Y114.055 E1883.10733
G1 F1179.4 X68.696 Y120.94 E1883.34033
G1 F1188.1 X69.298 Y120.903 E1883.36059
G1 F1200 X69.556 Y120.975 E1883.3695
G0 F9000 X69.218 Y120.629
G0 X70.051 Y121.398
G0 X70.405 Y121.855
G0 X70.529 Y122.231
G0 X70.535 Y122.757
G0 X70.33 Y123.278
G0 X69.1 Y124.493
G1 F1188.1 X69.1 Y125.575 E1883.40585
G0 F9000 X68.938 Y126.327
G0 X68.274 Y126.481
G1 F1176.5 X68.1 Y126.488 E1883.41175
G1 F1200 X53.5 Y126.488 E1883.89735
G0 F9000 X70.1 Y126.488
G1 F1200 X146.5 Y126.488 E1886.43843
G1 F1176.5 X146.674 Y126.481 E1886.44433
G0 F9000 X147.338 Y126.327
G0 X147.5 Y125.575
G1 F1188.1 X147.5 Y124.493 E1886.48068
G0 F9000 X147.662 Y126.326
G0 X148.5 Y126.488
G1 F1200 X181.5 Y126.488 E1887.57827
G1 F2700 E1882.57827
G0 F9000 X148.5 Y126.488
G1 F2700 E1887.57827
G1 F1129.4 X147.68 Y126.103 E1887.61028
G1 F1081.1 X147.545 Y125.846 E1887.621
G1 F1134.8 X147.5 Y125.575 E1887.63066
G1 X147.455 Y125.846 E1887.64032
G1 F1081.1 X147.32 Y126.103 E1887.65104
G1 F1108.5 X146.674 Y126.481 E1887.67799
G1 X147.5 Y126.463 E1887.70773
G1 F1129.4 X148.5 Y126.488 E1887.74308
G1 F2700 E1882.74308
G0 F9000 X70.1 Y126.488
G1 F2700 E1887.74308
G1 F1129.4 X69.28 Y126.103 E1887.7751
G1 F1081.1 X69.145 Y125.846 E1887.78581
G1 F1134.8 X69.1 Y125.575 E1887.79548
G1 X69.055 Y125.846 E1887.80514
G1 F1081.1 X68.92 Y126.103 E1887.81586
G1 F1108.5 X68.274 Y126.481 E1887.8428
G1 X69.1 Y126.463 E1887.87255
G1 F1129.4 X70.1 Y126.488 E1887.9079
G1 F2700 E1882.9079
G0 F9000 X147.338 Y126.327
G0 X147.59 Y125.848
G0 X148.02 Y125.848
G1 F2700 E1887.9079
G1 F1200 X147.902 Y125.54 E1887.91887
G1 X147.9 Y124.235 E1887.96227
G1 X147.946 Y124.028 E1887.96933
G1 X147.53 Y124.095 E1887.98334
G1 X147.062 Y124.045 E1887.999
G1 X147.1 Y124.139 E1888.00237
G1 X147.098 Y125.54 E1888.04897
G1 X146.98 Y125.848 E1888.05994
G1 X146.591 Y126.088 E1888.07514
G1 X70.1 Y126.088 E1890.61924
G1 X69.62 Y125.848 E1890.63709
G1 X69.502 Y125.54 E1890.64806
G1 X69.5 Y124.232 E1890.69156
G1 X69.539 Y124.033 E1890.69831
G1 X69.202 Y124.105 E1890.70977
G1 X68.666 Y124.033 E1890.72776
G1 X68.7 Y124.232 E1890.73447
G1 X68.698 Y125.54 E1890.77798
G1 X68.58 Y125.848 E1890.78895
G1 X68.191 Y126.088 E1890.80415
G1 X53.1 Y126.088 E1891.30608
G1 X53.1 Y126.888 E1891.33269
G1 X181.9 Y126.888 E1895.61659
G1 X181.9 Y126.088 E1895.6432
G1 X148.5 Y126.088 E1896.75409
G1 X148.02 Y125.848 E1896.77194
G0 F9000 X148.5 Y125.688
;TYPE:WALL-OUTER
G1 F1200 X148.34 Y125.608 E1896.77789
G1 X148.3 Y125.506 E1896.78153
G1 F1159.4 X148.306 Y124.14 E1896.82855
G1 F1025.6 X148.356 Y124.023 E1896.83351
G1 F954.3 X148.588 Y123.868 E1896.84518
G1 F960 X148.783 Y123.689 E1896.85618
G1 F956.2 X148.946 Y123.475 E1896.86741
G1 F952.4 X149.121 Y123.172 E1896.88207
G1 F948.6 X149.248 Y122.674 E1896.9037
G1 X149.223 Y122.169 E1896.92497
G1 F960 X149.084 Y121.759 E1896.94297
G1 F948.6 X148.892 Y121.439 E1896.95867
G1 F944.9 X148.678 Y121.206 E1896.97203
G1 F958.1 X148.39 Y120.995 E1896.98691
G1 F952.4 X148.11 Y120.863 E1896.99988
G1 F956.2 X147.708 Y120.749 E1897.01732
G1 X147.291 Y120.757 E1897.03473
G1 F952.4 X146.885 Y120.864 E1897.05233
G1 X146.559 Y121.029 E1897.06764
G1 X146.323 Y121.203 E1897.07993
G1 F963.9 X146.047 Y121.495 E1897.09656
G1 F956.2 X145.849 Y121.933 E1897.11663
G1 F952.4 X145.766 Y122.256 E1897.1306
G1 F948.6 X145.749 Y122.719 E1897.1501
G1 F937.5 X145.887 Y123.189 E1897.17095
G1 F935.7 X146.155 Y123.643 E1897.19344
G1 F948.6 X146.515 Y123.945 E1897.21321
G1 F954.3 X146.65 Y124.026 E1897.21979
G1 F1030 X146.7 Y124.13 E1897.22427
G1 F1165 X146.7 Y125.506 E1897.2714
G1 F1200 X146.66 Y125.608 E1897.27505
G1 X146.535 Y125.686 E1897.27995
G1 X70.1 Y125.688 E1899.82219
G1 X69.94 Y125.608 E1899.82814
G1 X69.9 Y125.506 E1899.83178
G1 F1159.4 X69.9 Y124.125 E1899.87932
G1 F1021.3 X69.955 Y124.02 E1899.88395
G1 F948.6 X70.185 Y123.87 E1899.89551
G1 F952.4 X70.381 Y123.691 E1899.90663
G1 F954.3 X70.55 Y123.474 E1899.91813
G1 F952.4 X70.694 Y123.209 E1899.93077
G1 X70.806 Y122.877 E1899.94546
G1 X70.845 Y122.542 E1899.95959
G1 F946.7 X70.811 Y122.089 E1899.97874
G1 F952.4 X70.638 Y121.666 E1899.99789
G1 F944.9 X70.431 Y121.362 E1900.01343
G1 X70.128 Y121.085 E1900.03077
G1 F956.2 X69.953 Y120.972 E1900.03947
G1 F1027.8 X69.9 Y120.885 E1900.04342
G1 F1132.1 X69.901 Y117.542 E1900.16128
G1 F1176.5 X69.902 Y114.199 E1900.27469
G1 F1093.4 X69.974 Y114.022 E1900.28167
G1 F983.6 X70.27 Y113.797 E1900.29676
G1 F958.1 X70.533 Y113.512 E1900.31291
G1 F944.9 X70.748 Y113.095 E1900.33273
G1 X70.855 Y112.624 E1900.35313
G1 F956.2 X70.82 Y112.159 E1900.3726
G1 X70.676 Y111.72 E1900.39188
G1 F944.9 X70.4 Y111.32 E1900.41241
G1 F937.5 X70.137 Y111.09 E1900.42728
G1 F941.2 X69.965 Y110.984 E1900.43585
G1 F1030 X69.9 Y110.869 E1900.44097
G1 F1165 X69.9 Y109.509 E1900.48756
G1 F1200 X69.939 Y109.388 E1900.49179
G1 X70.065 Y109.31 E1900.49672
G1 X182.3 Y109.308 E1904.22967
G1 X182.3 Y107.712 E1904.28275
G1 X52.7 Y107.712 E1908.59327
G1 X52.7 Y109.312 E1908.64648
G1 X68.1 Y109.312 E1909.15869
G1 X68.26 Y109.391 E1909.16462
G1 X68.3 Y109.512 E1909.16886
G1 F1153.8 X68.3 Y110.876 E1909.21604
G1 F1021.3 X68.245 Y110.974 E1909.22044
G1 F950.5 X68.011 Y111.129 E1909.23222
G1 X67.82 Y111.306 E1909.24316
G1 F952.4 X67.65 Y111.521 E1909.25464
G1 X67.506 Y111.791 E1909.26747
G1 X67.394 Y112.116 E1909.28187
G1 X67.354 Y112.454 E1909.29614
G1 F948.6 X67.388 Y112.908 E1909.31529
G1 F956.2 X67.563 Y113.332 E1909.33444
G1 X67.762 Y113.642 E1909.34981
G1 X68.067 Y113.912 E1909.36682
G1 F952.4 X68.251 Y114.026 E1909.37589
G1 F1023.5 X68.3 Y114.131 E1909.38041
G1 F1090.9 X68.299 Y117.533 E1909.50487
G1 F1045.8 X68.298 Y120.935 E1909.63471
G1 F991.7 X67.926 Y121.201 E1909.65312
G1 F952.4 X67.64 Y121.513 E1909.67086
G1 F944.9 X67.45 Y121.903 E1909.68918
G1 F948.6 X67.342 Y122.373 E1909.70947
G1 F954.3 X67.377 Y122.841 E1909.7291
G1 F944.9 X67.534 Y123.308 E1909.74991
G1 F930.2 X67.797 Y123.676 E1909.76932
G1 F943 X68.115 Y123.945 E1909.78695
G1 F956.2 X68.255 Y124.03 E1909.79378
G1 F1061.9 X68.3 Y124.232 E1909.80156
G1 F1200 X68.3 Y125.506 E1909.84393
G1 X68.26 Y125.608 E1909.84758
G1 X68.135 Y125.686 E1909.85248
G1 X52.7 Y125.688 E1910.36585
G1 X52.7 Y127.288 E1910.41906
G1 X182.3 Y127.288 E1914.72958
G1 X182.3 Y125.688 E1914.78279
G1 X148.5 Y125.688 E1915.90699
G1 F2700 E1910.90699
G0 F9000 X148.5 Y125.998
G0 X148.062 Y125.926
G0 X148.056 Y124.19
G0 X148.108 Y123.878
G0 X147.976 Y123.639
G1 F2700 E1915.90699
G1 F1066.7 X147.907 Y123.641 E1915.90957
G1 F1159.4 X147.56 Y123.696 E1915.92166
G1 F1200 X147.182 Y123.655 E1915.93431
G1 F1126.8 X147.104 Y123.658 E1915.93708
G1 F1008.4 X146.798 Y123.533 E1915.95016
G1 F961.9 X146.5 Y123.262 E1915.96687
G1 F963.9 X146.261 Y122.782 E1915.98908
G1 X146.265 Y122.258 E1916.01077
G1 F960 X146.441 Y121.823 E1916.03028
G1 F961.9 X146.684 Y121.544 E1916.04563
G1 F960 X147.098 Y121.317 E1916.06526
G1 F961.9 X147.558 Y121.22 E1916.08477
G1 F965.8 X148.057 Y121.377 E1916.10639
G1 F963.9 X148.378 Y121.599 E1916.12255
G1 F961.9 X148.631 Y121.965 E1916.14101
G1 F960 X148.728 Y122.261 E1916.15396
G1 F952.4 X148.737 Y122.669 E1916.17106
G1 X148.649 Y122.992 E1916.18509
G1 F958.1 X148.446 Y123.312 E1916.20088
G1 F960 X148.269 Y123.484 E1916.21114
G1 F987.7 X147.976 Y123.639 E1916.22454
G1 F2700 E1911.22454
G0 F9000 X148.108 Y123.878
G0 X146.938 Y125.927
G0 X69.662 Y125.926
G0 X69.641 Y123.902
G0 X69.504 Y123.655
G1 F2700 E1916.22454
G1 F1121.5 X69.429 Y123.653 E1916.22721
G1 F1200 X69.16 Y123.696 E1916.23627
G1 X68.729 Y123.639 E1916.25073
G1 F1108.5 X68.647 Y123.646 E1916.25369
G1 F993.8 X68.398 Y123.533 E1916.26467
G1 F943 X68.178 Y123.322 E1916.27757
G1 F941.2 X68.012 Y123.114 E1916.28886
G1 F954.3 X67.878 Y122.787 E1916.30364
G1 F956.2 X67.859 Y122.24 E1916.32649
G1 X68.039 Y121.834 E1916.34502
G1 X68.265 Y121.569 E1916.35956
G1 F952.4 X68.611 Y121.328 E1916.37723
G1 F1048 X68.739 Y121.337 E1916.38212
G1 F1188.1 X69.277 Y121.309 E1916.40022
G1 F1064.3 X69.67 Y121.386 E1916.41523
G1 F960 X69.946 Y121.572 E1916.42907
G1 X70.21 Y121.925 E1916.4474
G1 F952.4 X70.321 Y122.226 E1916.46084
G1 X70.343 Y122.692 E1916.48039
G1 F956.2 X70.172 Y123.155 E1916.501
G1 F960 X69.893 Y123.462 E1916.51824
G1 F1002.1 X69.504 Y123.655 E1916.53554
G1 F2700 E1911.53554
G0 F9000 X69.641 Y123.902
G0 X70.047 Y123.605
G0 X70.33 Y123.278
G0 X70.535 Y122.757
G0 X70.529 Y122.231
G0 X70.405 Y121.855
G0 X69.655 Y121.009
G0 X69.655 Y114.005
G0 X69.947 Y113.766
G0 X69.843 Y113.527
G1 F2700 E1916.53554
G1 F1071.4 X69.387 Y113.663 E1916.55326
G1 F1200 X69.059 Y113.7 E1916.56424
G1 F1188.1 X68.764 Y113.653 E1916.57428
G1 F1050.3 X68.435 Y113.574 E1916.58713
G1 F950.5 X68.151 Y113.318 E1916.60319
G1 F956.2 X67.986 Y113.063 E1916.61587
G1 X67.876 Y112.773 E1916.62881
G1 F954.3 X67.856 Y112.3 E1916.64861
G1 F958.1 X68.043 Y111.824 E1916.66992
G1 F960 X68.323 Y111.521 E1916.68707
G1 F995.9 X68.663 Y111.349 E1916.70234
G1 F1106 X68.748 Y111.352 E1916.70541
G1 F1194 X69.138 Y111.3 E1916.71856
G1 F1200 X69.431 Y111.347 E1916.72843
G1 F1057.3 X69.707 Y111.423 E1916.73924
G1 F948.6 X69.966 Y111.599 E1916.75242
G1 F956.2 X70.226 Y111.949 E1916.77062
G1 X70.327 Y112.256 E1916.78411
G1 X70.336 Y112.756 E1916.80498
G1 F958.1 X70.14 Y113.194 E1916.82497
G1 F963.9 X69.843 Y113.527 E1916.84345
G1 F2700 E1911.84345
;MESH:NONMESH
G0 F300 X69.843 Y113.527 Z5
G0 F9000 X69.947 Y113.766
G0 X70.583 Y113.04
G0 X71.653 Y113.269
G0 X162.835 Y113.04
G0 X163.93 Y113.04
G0 X166.5 Y121.5
;TIME_ELAPSED:3562.441878
;LAYER:24
;TYPE:WALL-INNER
;MESH:BtnFaceWithWings.stl
G1 F2700 E1916.84345
G1 F1200 X166.5 Y113.5 E1917.10953
G1 X164.5 Y113.5 E1917.17605
G1 X164.5 Y121.5 E1917.44213
G1 X166.5 Y121.5 E1917.50865
G0 F9000 X166.9 Y121.9
G1 F1200 X166.9 Y113.1 E1917.80134
G1 X164.1 Y113.1 E1917.89447
G1 X164.1 Y121.9 E1918.18716
G1 X166.9 Y121.9 E1918.28028
G0 F9000 X167.3 Y122.3
;TYPE:WALL-OUTER
G1 F1200 X167.3 Y112.7 E1918.59958
G1 X163.7 Y112.7 E1918.71932
G1 X163.7 Y122.3 E1919.03862
G1 X167.3 Y122.3 E1919.15835
G0 F9000 X167.02 Y122.02
G0 X166.42 Y120.474
;TYPE:FILL
G1 F2400 X164.581 Y120.967 E1919.22168
G0 F9000 X166.42 Y118.995
G1 F2400 X164.58 Y117.154 E1919.30825
G0 F9000 X164.58 Y114.756
G1 F2400 X166.42 Y114.263 E1919.37161
G0 F9000 X166.29 Y114.263
G1 F2700 E1914.37161
G0 F9000 X167.076 Y112.924
G0 X167.076 Y111.835
G0 X167.076 Y110.06
G0 X167.076 Y108.965
G0 X181.502 Y108.394
;TYPE:WALL-INNER
G1 F2700 E1919.37161
G1 F1212.1 X70.1 Y108.394 E1923.0398
G1 F1188.1 X69.927 Y108.401 E1923.04562
G1 F1116.3 X69.099 Y108.42 E1923.07523
G1 F1132.1 X68.1 Y108.396 E1923.11046
G1 X68.92 Y108.78 E1923.14238
G1 F1071.4 X69.056 Y109.034 E1923.15311
G1 F1134.8 X69.1 Y109.396 E1923.16594
G1 X69.143 Y109.034 E1923.17876
G1 F1071.4 X69.279 Y108.779 E1923.18953
G1 F1116.3 X69.927 Y108.401 E1923.21635
G0 F9000 X69.262 Y108.557
G0 X69.1 Y109.396
G1 F1200 X69.1 Y110.522 E1923.2538
G0 F9000 X68.938 Y108.558
G0 X68.1 Y108.396
G1 F1200 X53.5 Y108.396 E1923.7394
G0 F9000 X68.938 Y108.558
G0 X69.19 Y109.033
G0 X69.619 Y109.033
G1 F1200 X70.009 Y108.792 E1923.75465
G1 X181.9 Y108.792 E1927.47616
G1 X181.9 Y107.996 E1927.50263
G1 X53.1 Y107.996 E1931.78654
G1 X53.1 Y108.796 E1931.81315
G1 X68.1 Y108.796 E1932.31205
G1 X68.58 Y109.035 E1932.32988
G1 X68.661 Y109.183 E1932.33549
G1 X68.7 Y109.396 E1932.3427
G1 X68.7 Y110.764 E1932.3882
G1 X68.663 Y110.962 E1932.3949
G1 X68.863 Y110.924 E1932.40167
G1 X69.336 Y110.921 E1932.4174
G1 X69.546 Y110.971 E1932.42458
G1 X69.5 Y110.768 E1932.4315
G1 X69.5 Y109.395 E1932.47717
G1 X69.538 Y109.182 E1932.48436
G1 X69.619 Y109.033 E1932.49001
G0 F9000 X69.19 Y109.033
G0 X69.371 Y111.07
G0 X69.776 Y111.211
G0 X70.175 Y111.522
G0 X70.351 Y111.762
G0 X70.529 Y112.216
G0 X70.535 Y112.762
G0 X70.315 Y113.282
G0 X69.1 Y114.496
G1 F1200 X69.1 Y120.5 E1932.6897
G0 F9000 X69.526 Y120.936
G1 F1197 X69.5 Y120.784 E1932.69484
G1 F1200 X69.5 Y114.232 E1932.91276
G1 X69.537 Y114.042 E1932.9192
G1 X69.14 Y114.101 E1932.93255
G1 X68.665 Y114.03 E1932.94852
G1 X68.701 Y114.232 E1932.95535
G1 X68.7 Y120.768 E1933.17274
G1 X68.665 Y120.958 E1933.17916
G1 X69.041 Y120.896 E1933.19184
G1 F1197 X69.526 Y120.936 E1933.20806
G0 F9000 X69.223 Y120.633
G0 X70.175 Y121.522
G0 X70.351 Y121.762
G0 X70.529 Y122.216
G0 X70.535 Y122.739
G0 X70.418 Y123.119
G0 X70.208 Y123.395
G0 X69.1 Y124.49
G1 F1188.1 X69.1 Y125.691 E1933.24841
G0 F9000 X68.938 Y126.443
G0 X68.274 Y126.597
G1 F1176.5 X68.1 Y126.604 E1933.25431
G1 F1200 X53.5 Y126.604 E1933.73991
G0 F9000 X70.1 Y126.604
G1 F1200 X146.5 Y126.604 E1936.28099
G1 F1176.5 X146.674 Y126.597 E1936.28689
G0 F9000 X147.338 Y126.443
G0 X147.5 Y125.691
G1 F1188.1 X147.5 Y124.494 E1936.32711
G0 F9000 X147.662 Y126.442
G0 X148.5 Y126.604
G1 F1200 X181.5 Y126.604 E1937.42469
G1 F2700 E1932.42469
G0 F9000 X148.5 Y126.604
G1 F2700 E1937.42469
G1 F1129.4 X147.68 Y126.219 E1937.4567
G1 F1081.1 X147.545 Y125.962 E1937.46742
G1 F1134.8 X147.5 Y125.691 E1937.47708
G1 X147.455 Y125.962 E1937.48674
G1 F1081.1 X147.32 Y126.219 E1937.49746
G1 F1108.5 X146.674 Y126.597 E1937.52441
G1 X147.5 Y126.579 E1937.55416
G1 F1129.4 X148.5 Y126.604 E1937.58951
G1 F2700 E1932.58951
G0 F9000 X70.1 Y126.604
G1 F2700 E1937.58951
G1 F1129.4 X69.28 Y126.219 E1937.62152
G1 F1081.1 X69.145 Y125.962 E1937.63224
G1 F1134.8 X69.1 Y125.691 E1937.6419
G1 X69.055 Y125.962 E1937.65156
G1 F1081.1 X68.92 Y126.219 E1937.66228
G1 F1108.5 X68.274 Y126.597 E1937.68923
G1 X69.1 Y126.579 E1937.71897
G1 F1129.4 X70.1 Y126.604 E1937.75432
G1 F2700 E1932.75432
G0 F9000 X147.338 Y126.443
G0 X147.59 Y125.964
G0 X148.02 Y125.964
G1 F2700 E1937.75432
G1 F1200 X147.902 Y125.656 E1937.76529
G1 X147.9 Y124.232 E1937.81266
G1 X147.932 Y124.037 E1937.81923
G1 X147.554 Y124.096 E1937.83195
G1 X147.269 Y124.084 E1937.84144
G1 X147.039 Y124.019 E1937.84939
G1 X147.1 Y124.142 E1937.85396
G1 X147.098 Y125.656 E1937.90431
G1 X146.98 Y125.964 E1937.91528
G1 X146.591 Y126.204 E1937.93048
G1 X70.1 Y126.204 E1940.47459
G1 X69.62 Y125.964 E1940.49244
G1 X69.502 Y125.656 E1940.50341
G1 X69.502 Y124.178 E1940.55256
G1 X69.548 Y124.027 E1940.55781
G1 X69.285 Y124.094 E1940.56684
G1 X68.871 Y124.083 E1940.58062
G1 X68.661 Y124.035 E1940.58778
G1 X68.697 Y124.169 E1940.5924
G1 X68.698 Y125.656 E1940.64185
G1 X68.58 Y125.964 E1940.65282
G1 X68.191 Y126.204 E1940.66803
G1 X53.1 Y126.204 E1941.16995
G1 X53.1 Y127.004 E1941.19656
G1 X181.9 Y127.004 E1945.48047
G1 X181.9 Y126.204 E1945.50708
G1 X148.5 Y126.204 E1946.61796
G1 X148.02 Y125.964 E1946.63581
G0 F9000 X148.5 Y125.804
;TYPE:WALL-OUTER
G1 F1200 X148.34 Y125.724 E1946.64176
G1 X148.3 Y125.622 E1946.64541
G1 F1165 X148.3 Y124.133 E1946.69642
G1 F1030 X148.353 Y124.024 E1946.70111
G1 F950.5 X148.609 Y123.847 E1946.71418
G1 F956.2 X148.907 Y123.548 E1946.7318
G1 F946.7 X149.112 Y123.155 E1946.75049
G1 F948.6 X149.198 Y122.909 E1946.76145
G1 F950.5 X149.245 Y122.569 E1946.77587
G1 F944.9 X149.235 Y122.214 E1946.79087
G1 F941.2 X149.083 Y121.737 E1946.8121
G1 X148.825 Y121.366 E1946.83126
G1 F952.4 X148.604 Y121.145 E1946.84436
G1 F943 X148.289 Y120.933 E1946.86043
G1 F941.2 X147.912 Y120.798 E1946.87741
G1 F956.2 X147.5 Y120.737 E1946.8948
G1 F960 X147.086 Y120.8 E1946.91221
G1 F946.7 X146.696 Y120.936 E1946.92962
G1 F937.5 X146.352 Y121.175 E1946.94745
G1 F948.6 X146.105 Y121.431 E1946.96242
G1 F944.9 X145.881 Y121.851 E1946.98253
G1 F952.4 X145.778 Y122.178 E1946.99689
G1 F956.2 X145.753 Y122.434 E1947.00763
G1 F954.3 X145.762 Y122.756 E1947.0211
G1 F956.2 X145.908 Y123.262 E1947.04308
G1 F950.5 X146.197 Y123.675 E1947.06425
G1 F948.6 X146.506 Y123.936 E1947.08127
G1 F952.4 X146.653 Y124.032 E1947.08863
G1 F1061.9 X146.7 Y124.232 E1947.09635
G1 F1200 X146.7 Y125.622 E1947.14258
G1 X146.66 Y125.724 E1947.14622
G1 X146.535 Y125.802 E1947.15112
G1 X70.1 Y125.804 E1949.69336
G1 X69.94 Y125.724 E1949.69931
G1 X69.9 Y125.622 E1949.70296
G1 F1121.5 X69.894 Y124.066 E1949.75833
G1 F995.9 X70.284 Y123.795 E1949.77737
G1 F943 X70.498 Y123.539 E1949.79149
G1 F941.2 X70.747 Y123.121 E1949.81212
G1 F952.4 X70.837 Y122.666 E1949.83156
G1 X70.839 Y122.376 E1949.84371
G1 X70.781 Y122.028 E1949.8585
G1 F956.2 X70.655 Y121.706 E1949.87293
G1 X70.473 Y121.418 E1949.88715
G1 X70.299 Y121.232 E1949.89778
G1 X69.949 Y120.969 E1949.91606
G1 F1066.7 X69.9 Y120.768 E1949.9238
G1 F1165 X69.9 Y114.133 E1950.1511
G1 F1030 X69.959 Y114.021 E1950.15601
G1 F952.4 X70.127 Y113.913 E1950.16437
G1 F956.2 X70.361 Y113.704 E1950.17747
G1 F944.9 X70.616 Y113.382 E1950.19482
G1 X70.781 Y112.968 E1950.21365
G1 X70.853 Y112.601 E1950.22944
G1 X70.808 Y112.081 E1950.25149
G1 F954.3 X70.593 Y111.588 E1950.27399
G1 F956.2 X70.405 Y111.324 E1950.28751
G1 F987.7 X69.932 Y110.93 E1950.31239
G1 F1106 X69.9 Y110.768 E1950.31835
G1 F1200 X69.9 Y109.393 E1950.36408
G1 X69.939 Y109.272 E1950.36831
G1 X70.065 Y109.194 E1950.37324
G1 X182.3 Y109.192 E1954.10619
G1 X182.3 Y107.596 E1954.15927
G1 X52.7 Y107.596 E1958.46979
G1 X52.7 Y109.196 E1958.523
G1 X68.1 Y109.196 E1959.03521
G1 X68.26 Y109.275 E1959.04115
G1 X68.3 Y109.396 E1959.04538
G1 X68.3 Y110.764 E1959.09088
G1 F1061.9 X68.243 Y110.971 E1959.09895
G1 F946.7 X67.913 Y111.203 E1959.11596
G1 F944.9 X67.699 Y111.45 E1959.12976
G1 F952.4 X67.451 Y111.879 E1959.15053
G1 X67.359 Y112.327 E1959.1697
G1 X67.357 Y112.623 E1959.1821
G1 X67.415 Y112.968 E1959.19676
G1 F956.2 X67.541 Y113.29 E1959.2112
G1 F952.4 X67.725 Y113.577 E1959.22548
G1 F948.6 X67.937 Y113.806 E1959.23861
G1 F944.9 X68.259 Y114.031 E1959.25521
G1 F1030 X68.3 Y114.158 E1959.26038
G1 F1118.9 X68.3 Y120.865 E1959.49963
G1 F1021.3 X68.235 Y120.982 E1959.50486
G1 F954.3 X68.066 Y121.085 E1959.51313
G1 F960 X67.834 Y121.29 E1959.52601
G1 F948.6 X67.581 Y121.614 E1959.5433
G1 F941.2 X67.426 Y121.978 E1959.56008
G1 F939.3 X67.338 Y122.43 E1959.57964
G1 F933.9 X67.393 Y122.915 E1959.60051
G1 F935.7 X67.572 Y123.36 E1959.62097
G1 F948.6 X67.791 Y123.672 E1959.637
G1 F956.2 X68.113 Y123.942 E1959.65454
G1 F952.4 X68.258 Y124.032 E1959.6617
G1 F1016.9 X68.299 Y124.141 E1959.66627
G1 F1148.3 X68.3 Y125.622 E1959.71774
G1 F1200 X68.26 Y125.724 E1959.72139
G1 X68.135 Y125.802 E1959.72629
G1 X52.7 Y125.804 E1960.23966
G1 X52.7 Y127.404 E1960.29287
G1 X182.3 Y127.404 E1964.60339
G1 X182.3 Y125.804 E1964.6566
G1 X148.5 Y125.804 E1965.7808
G1 F2700 E1960.7808
G0 F9000 X148.5 Y126.114
G0 X148.062 Y126.042
G0 X148.055 Y123.999
G0 X148.023 Y123.633
G1 F2700 E1965.7808
G1 F1124.1 X147.616 Y123.693 E1965.7954
G1 F1200 X147.321 Y123.687 E1965.80522
G1 F1061.9 X146.923 Y123.611 E1965.82044
G1 F952.4 X146.604 Y123.377 E1965.83702
G1 F956.2 X146.345 Y122.983 E1965.85671
G1 F960 X146.259 Y122.682 E1965.86972
G1 F956.2 X146.268 Y122.223 E1965.88888
G1 F952.4 X146.499 Y121.748 E1965.91102
G1 F956.2 X146.694 Y121.545 E1965.92277
G1 F946.7 X146.933 Y121.397 E1965.93462
G1 X147.191 Y121.289 E1965.94641
G1 F960 X147.441 Y121.252 E1965.95692
G1 F956.2 X147.775 Y121.281 E1965.97091
G1 X148.23 Y121.47 E1965.99148
G1 F960 X148.571 Y121.849 E1966.01267
G1 X148.733 Y122.264 E1966.0312
G1 F956.2 X148.74 Y122.747 E1966.05136
G1 X148.508 Y123.239 E1966.07406
G1 X148.257 Y123.489 E1966.08885
G1 F1004.2 X148.023 Y123.633 E1966.09977
G1 F2700 E1961.09977
G0 F9000 X148.137 Y123.857
G0 X146.938 Y126.043
G0 X69.662 Y126.042
G0 X69.655 Y123.999
G0 X69.601 Y123.649
G1 F2700 E1966.09977
G1 F1048 X69.221 Y123.692 E1966.11434
G1 F1200 X68.925 Y123.687 E1966.12418
G1 F1095.9 X68.641 Y123.649 E1966.13462
G1 F983.6 X68.368 Y123.513 E1966.14699
G1 F958.1 X68.162 Y123.33 E1966.15847
G1 F960 X67.979 Y123.047 E1966.17248
G1 F948.6 X67.897 Y122.794 E1966.18367
G1 F937.5 X67.85 Y122.48 E1966.19719
G1 F952.4 X67.922 Y122.083 E1966.2141
G1 F963.9 X68.154 Y121.68 E1966.23335
G1 F958.1 X68.484 Y121.422 E1966.2508
G1 F1059.6 X68.771 Y121.346 E1966.26199
G1 F1129.4 X69.159 Y121.29 E1966.27584
G1 F1008.4 X69.678 Y121.388 E1966.29675
G1 F963.9 X70.031 Y121.667 E1966.31538
G1 F967.7 X70.18 Y121.872 E1966.32583
G1 F965.8 X70.329 Y122.25 E1966.34262
G1 F969.7 X70.328 Y122.719 E1966.36192
G1 F961.9 X70.244 Y123.016 E1966.37473
G1 F948.6 X69.927 Y123.435 E1966.39684
G1 F941.2 X69.601 Y123.649 E1966.41337
G1 F2700 E1961.41337
G0 F9000 X69.73 Y123.866
G0 X70.048 Y123.606
G0 X70.418 Y123.119
G0 X70.535 Y122.739
G0 X70.529 Y122.216
G0 X70.351 Y121.762
G0 X69.655 Y120.991
G0 X69.655 Y113.991
G0 X70.029 Y113.685
G0 X69.845 Y113.5
G1 F2700 E1966.41337
G1 F956.2 X69.705 Y113.584 E1966.42019
G1 F1057.3 X69.426 Y113.654 E1966.43105
G1 F1200 X69.119 Y113.696 E1966.44135
G1 F1124.1 X68.57 Y113.627 E1966.461
G1 F1008.4 X68.308 Y113.46 E1966.4733
G1 F963.9 X68.029 Y113.162 E1966.4902
G1 X67.869 Y112.75 E1966.5085
G1 F960 X67.862 Y112.327 E1966.52609
G1 F956.2 X67.931 Y112.045 E1966.53821
G1 F950.5 X68.158 Y111.663 E1966.55687
G1 F952.4 X68.524 Y111.387 E1966.57608
G1 F1061.9 X68.874 Y111.324 E1966.58944
G1 F1200 X69.31 Y111.32 E1966.60395
G1 F1066.7 X69.699 Y111.403 E1966.61883
G1 F956.2 X70.033 Y111.665 E1966.63655
G1 X70.155 Y111.833 E1966.64522
G1 X70.321 Y112.222 E1966.66287
G1 F952.4 X70.345 Y112.706 E1966.68318
G1 F956.2 X70.134 Y113.208 E1966.70591
G1 F960 X69.845 Y113.5 E1966.72299
G1 F2700 E1961.72299
;MESH:NONMESH
G0 F300 X69.845 Y113.5 Z5.2
G0 F9000 X70.029 Y113.685
G0 X70.467 Y113.295
G0 X71.488 Y113.688
G0 X162.835 Y113.295
G0 X163.93 Y113.295
G0 X166.5 Y121.5
;TIME_ELAPSED:3649.711475
;LAYER:25
;TYPE:WALL-INNER
;MESH:BtnFaceWithWings.stl
G1 F2700 E1966.72299
G1 F1200 X166.5 Y113.5 E1966.98907
G1 X164.5 Y113.5 E1967.05559
G1 X164.5 Y121.5 E1967.32167
G1 X166.5 Y121.5 E1967.38819
G0 F9000 X166.9 Y121.9
G1 F1200 X166.9 Y113.1 E1967.68088
G1 X164.1 Y113.1 E1967.77401
G1 X164.1 Y121.9 E1968.0667
G1 X166.9 Y121.9 E1968.15983
G0 F9000 X167.3 Y122.3
;TYPE:WALL-OUTER
G1 F1200 X167.3 Y112.7 E1968.47912
G1 X163.7 Y112.7 E1968.59886
G1 X163.7 Y122.3 E1968.91816
G1 X167.3 Y122.3 E1969.03789
G0 F9000 X167.02 Y122.02
G0 X166.419 Y120.621
;TYPE:FILL
G1 F2400 X164.58 Y121.113 E1969.10121
G0 F9000 X166.42 Y118.795
G1 F2400 X164.58 Y116.955 E1969.18776
G0 F9000 X164.58 Y114.902
G1 F2400 X166.42 Y114.409 E1969.25112
G0 F9000 X166.29 Y114.409
G1 F2700 E1964.25112
G0 F9000 X167.076 Y112.924
G0 X167.076 Y111.835
G0 X167.076 Y109.945
G0 X167.076 Y108.85
G0 X181.5 Y108.28
;TYPE:WALL-INNER
G1 F2700 E1969.25112
G1 F1200 X70.1 Y108.28 E1972.95629
G1 F1176.5 X69.926 Y108.287 E1972.9622
G1 F1108.5 X69.1 Y108.305 E1972.99195
G1 F1129.4 X68.1 Y108.28 E1973.0273
G1 X68.92 Y108.665 E1973.05931
G1 F1071.4 X69.058 Y108.92 E1973.07011
G1 F1134.8 X69.1 Y109.28 E1973.08286
G1 X69.142 Y108.92 E1973.09561
G1 F1071.4 X69.28 Y108.665 E1973.10641
G1 F1108.5 X69.926 Y108.287 E1973.13336
G0 F9000 X69.262 Y108.442
G0 X69.1 Y109.28
G1 F1200 X69.1 Y110.509 E1973.17423
G0 F9000 X68.938 Y108.443
G0 X68.1 Y108.28
G1 F1200 X53.5 Y108.28 E1973.65983
G0 F9000 X68.938 Y108.443
G0 X69.19 Y108.92
G0 X69.62 Y108.92
G1 F1200 X70.009 Y108.68 E1973.67503
G1 X181.9 Y108.68 E1977.39654
G1 X181.9 Y107.88 E1977.42315
G1 X53.1 Y107.88 E1981.70706
G1 X53.1 Y108.68 E1981.73367
G1 X68.1 Y108.68 E1982.23257
G1 X68.58 Y108.92 E1982.25042
G1 X68.662 Y109.069 E1982.25607
G1 X68.7 Y109.28 E1982.2632
G1 X68.7 Y110.768 E1982.3127
G1 X68.663 Y110.956 E1982.31907
G1 X69.248 Y110.896 E1982.33863
G1 X69.568 Y110.985 E1982.34968
G1 X69.501 Y110.814 E1982.35578
G1 X69.5 Y109.28 E1982.4068
G1 X69.538 Y109.069 E1982.41394
G1 X69.62 Y108.92 E1982.41959
G0 F9000 X69.19 Y108.92
G0 X69.726 Y111.187
G0 X70.079 Y111.427
G0 X70.288 Y111.663
G0 X70.491 Y112.073
G0 X70.555 Y112.544
G0 X70.432 Y113.088
G0 X70.231 Y113.399
G0 X69.1 Y114.489
G1 F1200 X69.1 Y120.506 E1982.61972
G0 F9000 X69.567 Y120.984
G1 F1200 X69.501 Y120.815 E1982.62575
G1 X69.5 Y114.133 E1982.848
G1 X69.552 Y114.025 E1982.85198
G1 X69.333 Y114.081 E1982.8595
G1 X68.935 Y114.095 E1982.87275
G1 X68.633 Y114.015 E1982.88314
G1 X68.699 Y114.185 E1982.8892
G1 X68.7 Y120.872 E1983.11162
G1 X68.651 Y120.971 E1983.11529
G1 X68.863 Y120.915 E1983.12258
G1 X69.27 Y120.901 E1983.13613
G1 X69.567 Y120.984 E1983.14638
G0 F9000 X69.219 Y120.622
G0 X70.288 Y121.663
G0 X70.491 Y122.073
G0 X70.555 Y122.544
G0 X70.432 Y123.088
G0 X70.231 Y123.399
G0 X69.1 Y124.495
G1 F1188.1 X69.1 Y125.805 E1983.19039
G0 F9000 X68.938 Y126.558
G0 X68.274 Y126.713
G1 F1176.5 X68.1 Y126.72 E1983.1963
G1 F1194 X53.502 Y126.718 E1983.68426
G0 F9000 X70.1 Y126.718
G1 F1197 X146.5 Y126.72 E1986.23168
G1 F1176.5 X146.674 Y126.713 E1986.23759
G0 F9000 X147.338 Y126.558
G0 X147.5 Y125.805
G1 F1188.1 X147.5 Y124.495 E1986.2816
G0 F9000 X147.662 Y126.557
G0 X148.5 Y126.718
G1 F1188.1 X181.498 Y126.718 E1987.39009
G1 F2700 E1982.39009
G0 F9000 X148.5 Y126.718
G1 F2700 E1987.39009
G1 F1124.1 X147.681 Y126.334 E1987.42221
G1 F1081.1 X147.546 Y126.077 E1987.43293
G1 F1134.8 X147.5 Y125.805 E1987.44263
G1 X147.456 Y126.077 E1987.45232
G1 F1081.1 X147.322 Y126.335 E1987.46305
G1 F1108.5 X146.674 Y126.713 E1987.49006
G1 X147.502 Y126.694 E1987.51988
G1 F1124.1 X148.5 Y126.718 E1987.55533
G1 F2700 E1982.55533
G0 F9000 X70.1 Y126.718
G1 F2700 E1987.55533
G1 F1126.8 X69.281 Y126.334 E1987.58737
G1 F1081.1 X69.146 Y126.077 E1987.59808
G1 F1134.8 X69.1 Y125.805 E1987.60779
G1 X69.056 Y126.077 E1987.61748
G1 F1081.1 X68.922 Y126.335 E1987.62821
G1 F1108.5 X68.274 Y126.713 E1987.65522
G1 X69.102 Y126.694 E1987.68504
G1 F1126.8 X70.1 Y126.718 E1987.7204
G1 F2700 E1982.7204
G0 F9000 X147.338 Y126.558
G0 X147.59 Y126.078
G0 X148.02 Y126.078
G1 F2700 E1987.7204
G1 F1200 X147.902 Y125.77 E1987.73137
G1 X147.9 Y124.133 E1987.78582
G1 X147.952 Y124.025 E1987.78981
G1 X147.733 Y124.081 E1987.79732
G1 X147.48 Y124.096 E1987.80575
G1 F1197 X147.075 Y124.052 E1987.81934
G1 X147.1 Y124.232 E1987.8254
G1 F1200 X147.098 Y125.771 E1987.87658
G1 X146.981 Y126.08 E1987.88757
G1 X146.591 Y126.32 E1987.90281
G1 X70.1 Y126.317 E1990.44691
G1 X69.62 Y126.078 E1990.46474
G1 X69.502 Y125.77 E1990.47571
G1 X69.5 Y124.133 E1990.53016
G1 X69.552 Y124.025 E1990.53414
G1 X69.333 Y124.081 E1990.54166
G1 X69.08 Y124.096 E1990.55009
G1 F1197 X68.675 Y124.052 E1990.56368
G1 X68.7 Y124.232 E1990.56974
G1 F1200 X68.698 Y125.771 E1990.62092
G1 X68.581 Y126.08 E1990.63191
G1 X68.191 Y126.32 E1990.64714
G1 X53.1 Y126.316 E1991.14907
G1 X53.1 Y127.12 E1991.17581
G1 X181.9 Y127.12 E1995.45972
G1 X181.9 Y126.316 E1995.48646
G1 X148.5 Y126.316 E1996.59735
G1 X148.02 Y126.078 E1996.61517
G0 F9000 X148.5 Y125.916
;TYPE:WALL-OUTER
G1 F1200 X148.34 Y125.837 E1996.6211
G1 X148.3 Y125.734 E1996.62478
G1 F1145.6 X148.3 Y124.108 E1996.68143
G1 F1016.9 X148.34 Y124.036 E1996.68466
G1 F952.4 X148.696 Y123.788 E1996.70284
G1 X148.95 Y123.47 E1996.7199
G1 F954.3 X149.079 Y123.244 E1996.73078
G1 F952.4 X149.191 Y122.913 E1996.74543
G1 F956.2 X149.246 Y122.518 E1996.76207
G1 F954.3 X149.228 Y122.227 E1996.77427
G1 F944.9 X149.127 Y121.842 E1996.79108
G1 F948.6 X148.883 Y121.42 E1996.81159
G1 F954.3 X148.601 Y121.141 E1996.82818
G1 F952.4 X148.347 Y120.961 E1996.84123
G1 F948.6 X147.957 Y120.815 E1996.85875
G1 F952.4 X147.603 Y120.751 E1996.87382
G1 F956.2 X147.212 Y120.767 E1996.89016
G1 X146.796 Y120.899 E1996.90838
G1 F960 X146.474 Y121.071 E1996.92355
G1 F952.4 X146.112 Y121.43 E1996.94492
G1 X145.87 Y121.841 E1996.96491
G1 F958.1 X145.779 Y122.173 E1996.97925
G1 F956.2 X145.754 Y122.472 E1996.99177
G1 F954.3 X145.768 Y122.746 E1997.00325
G1 F952.4 X145.852 Y123.076 E1997.01752
G1 F948.6 X146.036 Y123.483 E1997.03631
G1 F956.2 X146.384 Y123.845 E1997.05727
G1 F952.4 X146.655 Y124.028 E1997.07098
G1 F1023.5 X146.7 Y124.124 E1997.07511
G1 F1159.4 X146.7 Y125.737 E1997.13064
G1 F1200 X146.661 Y125.84 E1997.1343
G1 X146.535 Y125.918 E1997.13923
G1 X70.1 Y125.917 E1999.68147
G1 X69.94 Y125.837 E1999.68742
G1 X69.9 Y125.734 E1999.69109
G1 F1145.6 X69.9 Y124.108 E1999.74774
G1 F1016.9 X69.94 Y124.036 E1999.75097
G1 F952.4 X70.296 Y123.788 E1999.76916
G1 X70.549 Y123.471 E1999.78615
G1 F950.5 X70.76 Y123.089 E1999.80448
G1 F954.3 X70.849 Y122.543 E1999.82762
G1 F952.4 X70.81 Y122.114 E1999.84567
G1 F948.6 X70.693 Y121.785 E1999.86036
G1 X70.493 Y121.425 E1999.87769
G1 X70.166 Y121.115 E1999.89664
G1 F954.3 X69.961 Y120.978 E1999.90696
G1 F1010.5 X69.9 Y120.879 E1999.91155
G1 F1083.5 X69.9 Y114.108 E2000.16096
G1 F1016.9 X69.94 Y114.036 E2000.1642
G1 F944.9 X70.286 Y113.797 E2000.18196
G1 F941.2 X70.571 Y113.456 E2000.20081
G1 F944.9 X70.745 Y113.095 E2000.21773
G1 F948.6 X70.856 Y112.609 E2000.23871
G1 F950.5 X70.794 Y112.037 E2000.26287
G1 F952.4 X70.636 Y111.672 E2000.27954
G1 F956.2 X70.48 Y111.429 E2000.29159
G1 F960 X70.211 Y111.151 E2000.30767
G1 F954.3 X69.954 Y110.97 E2000.32082
G1 F1025.6 X69.9 Y110.878 E2000.32497
G1 F1153.8 X69.9 Y109.23 E2000.38198
G1 F1200 X70.065 Y109.082 E2000.38935
G1 X182.3 Y109.08 E2004.1223
G1 X182.3 Y107.48 E2004.17552
G1 X52.7 Y107.48 E2008.48603
G1 X52.7 Y109.08 E2008.53924
G1 X68.1 Y109.08 E2009.05145
G1 X68.26 Y109.16 E2009.0574
G1 X68.3 Y109.28 E2009.06161
G1 F1159.4 X68.3 Y110.874 E2009.11648
G1 F1030 X68.239 Y110.98 E2009.12122
G1 F952.4 X67.923 Y111.183 E2009.13696
G1 F954.3 X67.65 Y111.525 E2009.15526
G1 F952.4 X67.44 Y111.9 E2009.17327
G1 F958.1 X67.349 Y112.454 E2009.19666
G1 F956.2 X67.386 Y112.887 E2009.2148
G1 F948.6 X67.503 Y113.21 E2009.22925
G1 F952.4 X67.705 Y113.571 E2009.24659
G1 X68.034 Y113.883 E2009.26559
G1 X68.258 Y114.036 E2009.27696
G1 F1021.3 X68.3 Y114.111 E2009.28032
G1 F1126.8 X68.3 Y117.44 E2009.39824
G1 F1173.6 X68.3 Y120.769 E2009.51145
G1 F1064.3 X68.238 Y120.979 E2009.51967
G1 F948.6 X67.911 Y121.199 E2009.53625
G1 F941.2 X67.625 Y121.54 E2009.55512
G1 F950.5 X67.439 Y121.948 E2009.57395
G1 F948.6 X67.343 Y122.391 E2009.59302
G1 F941.2 X67.392 Y122.932 E2009.61606
G1 F952.4 X67.57 Y123.342 E2009.63479
G1 F960 X67.719 Y123.572 E2009.64618
G1 F958.1 X67.983 Y123.847 E2009.66206
G1 F950.5 X68.255 Y124.028 E2009.67578
G1 F1023.5 X68.3 Y124.124 E2009.67992
G1 F1159.4 X68.3 Y125.737 E2009.73544
G1 F1200 X68.261 Y125.84 E2009.73911
G1 X68.135 Y125.918 E2009.74403
G1 X52.7 Y125.916 E2010.25741
G1 X52.7 Y127.52 E2010.31075
G1 X182.3 Y127.52 E2014.62127
G1 X182.3 Y125.916 E2014.67462
G1 X148.5 Y125.916 E2015.79881
G1 F2700 E2010.79881
G0 F9000 X148.5 Y126.229
G0 X148.062 Y126.157
G0 X148.055 Y123.996
G0 X148.056 Y123.62
G1 F2700 E2015.79881
G1 F1059.6 X147.683 Y123.684 E2015.81306
G1 F1200 X147.415 Y123.694 E2015.82198
G1 F1116.3 X147.098 Y123.66 E2015.83338
G1 F1000 X146.721 Y123.475 E2015.85014
G1 F960 X146.459 Y123.201 E2015.86591
G1 X146.266 Y122.758 E2015.886
G1 X146.268 Y122.27 E2015.90628
G1 X146.349 Y121.999 E2015.91804
G1 X146.575 Y121.636 E2015.93582
G1 F963.9 X146.978 Y121.362 E2015.956
G1 F956.2 X147.314 Y121.262 E2015.97063
G1 X147.589 Y121.253 E2015.98212
G1 F963.9 X148.06 Y121.379 E2016.00231
G1 F961.9 X148.32 Y121.557 E2016.01538
G1 F958.1 X148.498 Y121.747 E2016.02623
G1 F956.2 X148.698 Y122.127 E2016.04415
G1 F960 X148.749 Y122.514 E2016.06038
G1 F963.9 X148.663 Y122.974 E2016.07976
G1 F960 X148.431 Y123.34 E2016.09778
G1 F954.3 X148.056 Y123.62 E2016.11735
G1 F2700 E2011.11735
G0 F9000 X148.213 Y123.828
G0 X147.425 Y123.95
G0 X146.938 Y126.158
G0 X69.662 Y126.157
G0 X69.655 Y123.996
G0 X69.656 Y123.62
G1 F2700 E2016.11735
G1 F1059.6 X69.283 Y123.684 E2016.13161
G1 F1200 X69.015 Y123.694 E2016.14053
G1 F1116.3 X68.698 Y123.66 E2016.15192
G1 F1000 X68.326 Y123.481 E2016.1684
G1 F960 X68.14 Y123.299 E2016.17922
G1 F961.9 X67.988 Y123.071 E2016.19059
G1 F958.1 X67.869 Y122.763 E2016.20435
G1 F956.2 X67.862 Y122.311 E2016.22321
G1 F961.9 X67.946 Y122.015 E2016.23598
G1 F963.9 X68.192 Y121.63 E2016.2549
G1 F960 X68.519 Y121.394 E2016.27167
G1 F1064.3 X68.903 Y121.313 E2016.28638
G1 F1200 X69.24 Y121.307 E2016.29759
G1 F1064.3 X69.681 Y121.394 E2016.31445
G1 F961.9 X69.947 Y121.583 E2016.32799
G1 F956.2 X70.1 Y121.747 E2016.33735
G1 F950.5 X70.301 Y122.136 E2016.35574
G1 F956.2 X70.349 Y122.528 E2016.37222
G1 F960 X70.26 Y122.971 E2016.39101
G1 X70.032 Y123.34 E2016.40904
G1 F954.3 X69.656 Y123.62 E2016.42865
G1 F2700 E2011.42865
G0 F9000 X69.813 Y123.828
G0 X70.184 Y123.472
G0 X70.432 Y123.088
G0 X70.555 Y122.544
G0 X70.491 Y122.073
G0 X70.288 Y121.663
G0 X69.655 Y121.005
G0 X69.655 Y113.995
G0 X69.656 Y113.62
G1 F2700 E2016.42865
G1 F1059.6 X69.293 Y113.683 E2016.44253
G1 F1200 X68.958 Y113.689 E2016.45367
G1 F1061.9 X68.537 Y113.62 E2016.4697
G1 F960 X68.277 Y113.436 E2016.48295
G1 F958.1 X68.092 Y113.244 E2016.49405
G1 F956.2 X67.892 Y112.85 E2016.5125
G1 F961.9 X67.845 Y112.468 E2016.52847
G1 F963.9 X67.939 Y112.021 E2016.54738
G1 F965.8 X68.157 Y111.672 E2016.56439
G1 F960 X68.33 Y111.512 E2016.57418
G1 F1004.2 X68.673 Y111.347 E2016.58931
G1 F1121.5 X68.759 Y111.348 E2016.59237
G1 F1200 X69.211 Y111.302 E2016.60748
G1 F1061.9 X69.672 Y111.387 E2016.6251
G1 F956.2 X69.917 Y111.557 E2016.63755
G1 F960 X70.116 Y111.769 E2016.64964
G1 X70.301 Y112.149 E2016.66721
G1 F952.4 X70.35 Y112.558 E2016.68447
G1 F954.3 X70.256 Y112.964 E2016.7019
G1 F960 X70.008 Y113.366 E2016.72154
G1 F954.3 X69.656 Y113.62 E2016.7397
G1 F2700 E2011.7397
;MESH:NONMESH
G0 F300 X69.656 Y113.62 Z5.4
G0 F9000 X69.813 Y113.828
G0 X70.425 Y113.365
G0 X71.422 Y113.81
G0 X162.835 Y113.365
G0 X163.93 Y113.365
G0 X166.5 Y121.5
;TIME_ELAPSED:3737.216661
;LAYER:26
;TYPE:WALL-INNER
;MESH:BtnFaceWithWings.stl
G1 F2700 E2016.7397
G1 F1200 X166.5 Y113.5 E2017.00578
G1 X164.5 Y113.5 E2017.0723
G1 X164.5 Y121.5 E2017.33838
G1 X166.5 Y121.5 E2017.4049
G0 F9000 X166.9 Y121.9
G1 F1200 X166.9 Y113.1 E2017.69759
G1 X164.1 Y113.1 E2017.79072
G1 X164.1 Y121.9 E2018.08341
G1 X166.9 Y121.9 E2018.17653
G0 F9000 X167.3 Y122.3
;TYPE:WALL-OUTER
G1 F1200 X167.3 Y112.7 E2018.49583
G1 X163.7 Y112.7 E2018.61557
G1 X163.7 Y122.3 E2018.93486
G1 X167.3 Y122.3 E2019.0546
G0 F9000 X167.02 Y122.02
G0 X166.42 Y120.768
;TYPE:FILL
G1 F2400 X164.58 Y121.26 E2019.11795
G0 F9000 X166.42 Y118.595
G1 F2400 X164.58 Y116.754 E2019.20452
G0 F9000 X164.58 Y115.049
G1 F2400 X166.42 Y114.556 E2019.26788
G0 F9000 X166.29 Y114.556
G1 F2700 E2014.26788
G0 F9000 X167.076 Y112.924
G0 X167.076 Y111.835
G0 X167.076 Y109.829
G0 X167.076 Y108.734
G0 X181.5 Y108.164
;TYPE:WALL-INNER
G1 F2700 E2019.26788
G1 F1200 X70.1 Y108.164 E2022.97306
G1 F1176.5 X69.926 Y108.171 E2022.97897
G1 F1108.5 X69.1 Y108.189 E2023.00871
G1 F1129.4 X68.1 Y108.164 E2023.04406
G1 X68.92 Y108.549 E2023.07608
G1 F1071.4 X69.058 Y108.804 E2023.08688
G1 F1134.8 X69.1 Y109.164 E2023.09962
G1 X69.142 Y108.804 E2023.11237
G1 F1071.4 X69.28 Y108.549 E2023.12317
G1 F1108.5 X69.926 Y108.171 E2023.15012
G0 F9000 X69.262 Y108.326
G0 X69.1 Y109.164
G1 F1200 X69.1 Y110.486 E2023.19409
G0 F9000 X68.938 Y108.327
G0 X68.1 Y108.164
G1 F1200 X53.5 Y108.164 E2023.67969
G0 F9000 X68.938 Y108.327
G0 X69.19 Y108.804
G0 X69.62 Y108.804
G1 F1200 X70.009 Y108.564 E2023.69489
G1 X181.9 Y108.564 E2027.4164
G1 X181.9 Y107.764 E2027.44301
G1 X53.1 Y107.764 E2031.72691
G1 X53.1 Y108.564 E2031.75352
G1 X68.1 Y108.564 E2032.25242
G1 X68.58 Y108.804 E2032.27027
G1 X68.662 Y108.953 E2032.27593
G1 X68.7 Y109.164 E2032.28306
G1 X68.7 Y110.768 E2032.33641
G1 F1197 X68.672 Y110.957 E2032.34278
G1 X69.209 Y110.872 E2032.36091
G1 F1200 X69.583 Y110.984 E2032.37389
G1 X69.501 Y110.781 E2032.38118
G1 X69.5 Y109.164 E2032.43496
G1 X69.538 Y108.953 E2032.44209
G1 X69.62 Y108.804 E2032.44775
G0 F9000 X69.19 Y108.804
G0 X69.742 Y111.193
G0 X70.184 Y111.528
G0 X70.425 Y111.9
G0 X70.539 Y112.288
G0 X70.533 Y112.744
G0 X70.423 Y113.102
G0 X70.229 Y113.402
G0 X69.1 Y114.487
G1 F1200 X69.1 Y120.508 E2032.648
G0 F9000 X69.541 Y120.966
G1 F1200 X69.504 Y120.843 E2032.65228
G1 X69.503 Y114.191 E2032.87352
G1 X69.58 Y114.008 E2032.88013
G1 X69.232 Y114.101 E2032.89211
G1 X68.66 Y114.028 E2032.91129
G1 X68.701 Y114.232 E2032.91821
G1 X68.7 Y120.816 E2033.13719
G1 X68.65 Y120.967 E2033.14248
G1 X68.885 Y120.911 E2033.15052
G1 X69.333 Y120.913 E2033.16542
G1 X69.541 Y120.966 E2033.17256
G0 F9000 X69.22 Y120.631
G0 X70.196 Y121.547
G0 X70.425 Y121.9
G0 X70.539 Y122.288
G0 X70.533 Y122.744
G0 X70.423 Y123.102
G0 X70.239 Y123.386
G0 X69.1 Y124.481
G1 F1188.1 X69.1 Y125.921 E2033.22093
G0 F9000 X68.938 Y126.674
G0 X68.273 Y126.827
G1 F1188.1 X68.1 Y126.834 E2033.22675
G1 F1206 X53.5 Y126.832 E2033.70992
G0 F9000 X70.1 Y126.832
G1 F1209.1 X146.5 Y126.834 E2036.23193
G1 F1188.1 X146.673 Y126.827 E2036.23775
G0 F9000 X147.338 Y126.674
G0 X147.5 Y125.921
G1 F1188.1 X147.5 Y124.493 E2036.28572
G0 F9000 X147.662 Y126.673
G0 X148.5 Y126.832
G1 F1200 X181.5 Y126.832 E2037.3833
G1 F2700 E2032.3833
G0 F9000 X148.5 Y126.832
G1 F2700 E2037.3833
G1 F1129.4 X147.68 Y126.448 E2037.4153
G1 F1081.1 X147.546 Y126.192 E2037.42597
G1 F1134.8 X147.5 Y125.921 E2037.43564
G1 X147.454 Y126.192 E2037.44531
G1 F1081.1 X147.321 Y126.449 E2037.45599
G1 F1113.7 X146.673 Y126.827 E2037.48287
G1 X147.501 Y126.807 E2037.51256
G1 F1129.4 X148.5 Y126.832 E2037.54787
G1 F2700 E2032.54787
G0 F9000 X70.1 Y126.832
G1 F2700 E2037.54787
G1 F1132.1 X69.28 Y126.448 E2037.57979
G1 F1081.1 X69.146 Y126.192 E2037.59046
G1 F1134.8 X69.1 Y125.921 E2037.60013
G1 X69.054 Y126.192 E2037.6098
G1 F1081.1 X68.921 Y126.449 E2037.62048
G1 F1113.7 X68.273 Y126.827 E2037.64737
G1 X69.101 Y126.807 E2037.67705
G1 F1132.1 X70.1 Y126.832 E2037.71228
G1 F2700 E2032.71228
G0 F9000 X147.338 Y126.674
G0 X147.59 Y126.193
G0 X148.02 Y126.193
G1 F2700 E2037.71228
G1 F1200 X147.902 Y125.886 E2037.72322
G1 X147.9 Y124.213 E2037.77886
G1 X147.97 Y124.011 E2037.78597
G1 X147.61 Y124.108 E2037.79838
G1 X147.048 Y124.022 E2037.81729
G1 X147.1 Y124.256 E2037.82526
G1 X147.098 Y125.887 E2037.87951
G1 X146.981 Y126.195 E2037.89046
G1 X146.591 Y126.436 E2037.90571
G1 X70.1 Y126.433 E2040.44981
G1 X69.62 Y126.193 E2040.46766
G1 X69.502 Y125.886 E2040.4786
G1 X69.503 Y124.169 E2040.53571
G1 X69.549 Y124.024 E2040.54077
G1 X69.403 Y124.064 E2040.5458
G1 X68.888 Y124.085 E2040.56295
G1 X68.63 Y124.018 E2040.57181
G1 X68.7 Y124.161 E2040.57711
G1 X68.698 Y125.887 E2040.63451
G1 X68.581 Y126.195 E2040.64547
G1 X68.191 Y126.436 E2040.66072
G1 X53.1 Y126.432 E2041.16265
G1 X53.1 Y127.232 E2041.18926
G1 X181.9 Y127.232 E2045.47316
G1 X181.9 Y126.432 E2045.49977
G1 X148.5 Y126.432 E2046.61066
G1 X148.02 Y126.193 E2046.62849
G0 F9000 X148.5 Y126.032
;TYPE:WALL-OUTER
G1 F1200 X148.34 Y125.953 E2046.63443
G1 X148.3 Y125.85 E2046.6381
G1 F1148.3 X148.3 Y124.111 E2046.69855
G1 F1021.3 X148.34 Y124.036 E2046.70187
G1 F944.9 X148.548 Y123.893 E2046.71253
G1 F946.7 X148.82 Y123.657 E2046.72771
G1 F952.4 X149.091 Y123.246 E2046.74834
G1 F956.2 X149.197 Y122.918 E2046.76273
G1 F952.4 X149.243 Y122.519 E2046.77956
G1 X149.226 Y122.181 E2046.79375
G1 F960 X149.085 Y121.761 E2046.81217
G1 X148.908 Y121.466 E2046.82647
G1 F956.2 X148.666 Y121.198 E2046.84154
G1 X148.429 Y121.022 E2046.85386
G1 F950.5 X148.051 Y120.828 E2046.8717
G1 F948.6 X147.603 Y120.754 E2046.89081
G1 F946.7 X147.223 Y120.765 E2046.90684
G1 F952.4 X146.926 Y120.847 E2046.91975
G1 F956.2 X146.565 Y121.023 E2046.93651
G1 X146.329 Y121.202 E2046.94888
G1 X146.088 Y121.467 E2046.96383
G1 F952.4 X145.872 Y121.837 E2046.98178
G1 F950.5 X145.774 Y122.228 E2046.99871
G1 F956.2 X145.746 Y122.477 E2047.00917
G1 X145.781 Y122.822 E2047.02364
G1 F948.6 X145.894 Y123.216 E2047.04089
G1 F952.4 X146.067 Y123.498 E2047.05475
G1 F960 X146.291 Y123.761 E2047.06912
G1 F1000 X146.7 Y124.079 E2047.08979
G1 F1113.7 X146.7 Y125.853 E2047.15337
G1 F1200 X146.661 Y125.956 E2047.15703
G1 X146.535 Y126.034 E2047.16196
G1 X70.1 Y126.033 E2049.7042
G1 X69.94 Y125.953 E2049.71015
G1 X69.9 Y125.85 E2049.71382
G1 F1170.7 X69.901 Y124.141 E2049.77209
G1 F1034.5 X69.959 Y124.02 E2049.77726
G1 F952.4 X70.163 Y123.887 E2049.78747
G1 F956.2 X70.414 Y123.663 E2049.80151
G1 F952.4 X70.597 Y123.397 E2049.81504
G1 F958.1 X70.724 Y123.138 E2049.82706
G1 F952.4 X70.851 Y122.652 E2049.84811
G1 F946.7 X70.811 Y122.109 E2049.87106
G1 F948.6 X70.639 Y121.641 E2049.89204
G1 F952.4 X70.359 Y121.289 E2049.91089
G1 F960 X70.128 Y121.084 E2049.92373
G1 F952.4 X69.963 Y120.981 E2049.93188
G1 F1004.2 X69.901 Y120.884 E2049.93646
G1 F1081.1 X69.901 Y114.127 E2050.18592
G1 F1008.4 X69.949 Y114.047 E2050.18961
G1 F941.2 X70.324 Y113.748 E2050.20995
G1 F946.7 X70.617 Y113.383 E2050.22968
G1 F952.4 X70.782 Y112.965 E2050.24852
G1 F948.6 X70.851 Y112.601 E2050.2641
G1 F944.9 X70.811 Y112.113 E2050.28479
G1 F952.4 X70.622 Y111.607 E2050.30742
G1 X70.306 Y111.237 E2050.32781
G1 F941.2 X69.936 Y110.94 E2050.34793
G1 F1000 X69.9 Y110.871 E2050.35104
G1 F1111.1 X69.9 Y109.114 E2050.41415
G1 F1170.7 X70.065 Y108.966 E2050.42171
G1 F1200 X182.3 Y108.964 E2054.15466
G1 X182.3 Y107.364 E2054.20788
G1 X52.7 Y107.364 E2058.51839
G1 X52.7 Y108.964 E2058.57161
G1 X68.1 Y108.964 E2059.08381
G1 X68.26 Y109.044 E2059.08976
G1 X68.3 Y109.164 E2059.09397
G1 F1159.4 X68.3 Y110.873 E2059.1528
G1 F1030 X68.239 Y110.98 E2059.15757
G1 F956.2 X68.043 Y111.104 E2059.16725
G1 X67.782 Y111.333 E2059.18175
G1 F948.6 X67.6 Y111.603 E2059.19545
G1 F956.2 X67.471 Y111.859 E2059.20741
G1 F954.3 X67.348 Y112.344 E2059.22834
G1 F944.9 X67.387 Y112.888 E2059.25138
G1 F946.7 X67.578 Y113.384 E2059.27378
G1 F944.9 X67.841 Y113.707 E2059.29138
G1 F950.5 X68.068 Y113.912 E2059.30422
G1 F952.4 X68.26 Y114.033 E2059.31373
G1 F1057.3 X68.301 Y114.232 E2059.3214
G1 F1200 X68.298 Y120.776 E2059.53906
G1 F1095.9 X68.221 Y120.968 E2059.54659
G1 F981.6 X67.871 Y121.248 E2059.56482
G1 F948.6 X67.579 Y121.613 E2059.58448
G1 F950.5 X67.414 Y122.031 E2059.60335
G1 F948.6 X67.345 Y122.395 E2059.61894
G1 F946.7 X67.385 Y122.884 E2059.63962
G1 F956.2 X67.58 Y123.392 E2059.66234
G1 X67.888 Y123.759 E2059.68234
G1 F943 X68.263 Y124.056 E2059.70258
G1 F1000 X68.3 Y124.127 E2059.70578
G1 F1137.4 X68.3 Y125.853 E2059.76634
G1 F1200 X68.261 Y125.956 E2059.77001
G1 X68.135 Y126.034 E2059.77494
G1 X52.7 Y126.032 E2060.28831
G1 X52.7 Y127.632 E2060.34152
G1 X182.3 Y127.632 E2064.65203
G1 X182.3 Y126.032 E2064.70525
G1 X148.5 Y126.032 E2065.82944
G1 F2700 E2060.82944
G0 F9000 X148.5 Y126.345
G0 X148.062 Y126.273
G0 X148.055 Y123.992
G0 X148.232 Y123.814
G0 X148.082 Y123.616
G1 F2700 E2065.82944
G1 F1061.9 X147.557 Y123.696 E2065.8494
G1 F1200 X147.127 Y123.635 E2065.86385
G1 F1061.9 X147.008 Y123.654 E2065.86838
G1 F956.2 X146.641 Y123.405 E2065.88689
G1 F960 X146.406 Y123.119 E2065.90228
G1 F963.9 X146.301 Y122.856 E2065.91401
G1 F965.8 X146.242 Y122.462 E2065.93047
G1 F958.1 X146.352 Y122 E2065.95025
G1 X146.538 Y121.702 E2065.96489
G1 F963.9 X146.764 Y121.484 E2065.97789
G1 X147.155 Y121.293 E2065.99591
G1 X147.465 Y121.251 E2066.00886
G1 F956.2 X147.905 Y121.315 E2066.02742
G1 F954.3 X148.224 Y121.485 E2066.04254
G1 F963.9 X148.456 Y121.699 E2066.05561
G1 X148.635 Y121.974 E2066.0692
G1 F960 X148.733 Y122.288 E2066.08287
G1 F961.9 X148.73 Y122.701 E2066.10001
G1 F963.9 X148.637 Y123.024 E2066.11393
G1 F952.4 X148.438 Y123.326 E2066.12909
G1 X148.082 Y123.616 E2066.14833
G1 F2700 E2061.14833
G0 F9000 X148.232 Y123.814
G0 X146.946 Y124.045
G0 X146.938 Y126.274
G0 X69.662 Y126.273
G0 X69.655 Y123.992
G0 X69.903 Y123.767
G0 X69.796 Y123.549
G1 F2700 E2066.14833
G1 F1054.9 X69.466 Y123.66 E2066.1615
G1 F1142.9 X68.928 Y123.687 E2066.18031
G1 F1048 X68.544 Y123.629 E2066.1951
G1 F937.5 X68.274 Y123.44 E2066.20913
G1 F948.6 X67.992 Y123.086 E2066.22818
G1 F952.4 X67.872 Y122.751 E2066.24309
G1 F956.2 X67.853 Y122.323 E2066.26097
G1 F963.9 X67.953 Y121.999 E2066.27501
G1 F967.7 X68.154 Y121.68 E2066.29056
G1 F961.9 X68.372 Y121.484 E2066.30273
G1 F1039 X68.654 Y121.373 E2066.31437
G1 F1165 X68.927 Y121.309 E2066.32398
G1 F1200 X69.277 Y121.309 E2066.33562
G1 F1113.7 X69.551 Y121.357 E2066.34559
G1 F995.9 X69.84 Y121.494 E2066.3584
G1 F960 X70.017 Y121.652 E2066.36827
G1 F965.8 X70.227 Y121.945 E2066.38316
G1 F967.7 X70.335 Y122.284 E2066.39784
G1 F963.9 X70.336 Y122.675 E2066.41403
G1 F956.2 X70.243 Y123.011 E2066.42858
G1 X70.036 Y123.328 E2066.44439
G1 F985.6 X69.796 Y123.549 E2066.4576
G1 F2700 E2061.4576
G0 F9000 X69.903 Y123.767
G0 X70.423 Y123.102
G0 X70.533 Y122.744
G0 X70.539 Y122.288
G0 X70.425 Y121.9
G0 X69.88 Y121.153
G0 X69.655 Y121.007
G0 X69.654 Y114.041
G0 X69.816 Y113.827
G0 X69.662 Y113.622
G1 F2700 E2066.4576
G1 F1050.3 X69.201 Y113.694 E2066.47533
G1 F1200 X68.732 Y113.639 E2066.49103
G1 F1100.9 X68.641 Y113.647 E2066.49434
G1 F983.6 X68.331 Y113.489 E2066.50846
G1 F952.4 X68.009 Y113.116 E2066.52911
G1 F948.6 X67.872 Y112.727 E2066.54647
G1 F952.4 X67.856 Y112.326 E2066.56328
G1 F960 X67.944 Y112.023 E2066.5764
G1 F958.1 X68.16 Y111.668 E2066.59371
G1 F956.2 X68.344 Y111.501 E2066.60409
G1 F1008.4 X68.678 Y111.347 E2066.61864
G1 F1121.5 X68.75 Y111.349 E2066.62121
G1 F1197 X69.151 Y111.284 E2066.63475
G1 F1048 X69.652 Y111.367 E2066.65409
G1 F943 X70.028 Y111.658 E2066.67421
G1 F956.2 X70.223 Y111.952 E2066.68894
G1 X70.329 Y112.277 E2066.70321
G1 F958.1 X70.343 Y112.671 E2066.71963
G1 F960 X70.225 Y113.059 E2066.73649
G1 F954.3 X69.993 Y113.368 E2066.75265
G1 F941.2 X69.662 Y113.622 E2066.77035
G1 F2700 E2061.77035
;MESH:NONMESH
G0 F300 X69.662 Y113.622 Z5.6
G0 F9000 X69.816 Y113.827
G0 X70.467 Y113.296
G0 X71.487 Y113.69
G0 X162.835 Y113.296
G0 X163.93 Y113.296
G0 X166.5 Y121.5
;TIME_ELAPSED:3824.835482
;LAYER:27
;TYPE:WALL-INNER
;MESH:BtnFaceWithWings.stl
G1 F2700 E2066.77035
G1 F1200 X166.5 Y113.5 E2067.03643
G1 X164.5 Y113.5 E2067.10295
G1 X164.5 Y121.5 E2067.36903
G1 X166.5 Y121.5 E2067.43555
G0 F9000 X166.9 Y121.9
G1 F1200 X166.9 Y113.1 E2067.72824
G1 X164.1 Y113.1 E2067.82137
G1 X164.1 Y121.9 E2068.11406
G1 X166.9 Y121.9 E2068.20718
G0 F9000 X167.3 Y122.3
;TYPE:WALL-OUTER
G1 F1200 X167.3 Y112.7 E2068.52648
G1 X163.7 Y112.7 E2068.64622
G1 X163.7 Y122.3 E2068.96552
G1 X167.3 Y122.3 E2069.08525
G0 F9000 X167.02 Y122.02
G0 X166.42 Y120.913
;TYPE:FILL
G1 F2400 X164.58 Y121.406 E2069.14861
G0 F9000 X166.42 Y118.395
G1 F2400 X164.58 Y116.555 E2069.23516
G0 F9000 X164.58 Y115.195
G1 F2400 X166.42 Y114.702 E2069.29851
G0 F9000 X166.29 Y114.702
G1 F2700 E2064.29851
G0 F9000 X167.076 Y112.924
G0 X167.076 Y111.835
G0 X167.076 Y109.714
G0 X167.076 Y108.619
G0 X181.5 Y108.048
;TYPE:WALL-INNER
G1 F2700 E2069.29851
G1 F1200 X70.1 Y108.048 E2073.00369
G1 F1176.5 X69.926 Y108.055 E2073.0096
G1 F1108.5 X69.1 Y108.073 E2073.03935
G1 F1129.4 X68.1 Y108.048 E2073.0747
G1 X68.92 Y108.433 E2073.10671
G1 F1071.4 X69.058 Y108.688 E2073.11751
G1 F1134.8 X69.1 Y109.048 E2073.13026
G1 X69.142 Y108.688 E2073.14301
G1 F1071.4 X69.28 Y108.433 E2073.15381
G1 F1108.5 X69.926 Y108.055 E2073.18076
G0 F9000 X69.262 Y108.211
G0 X69.1 Y109.048
G1 F1200 X69.1 Y110.486 E2073.22858
G0 F9000 X68.938 Y108.212
G0 X68.1 Y108.048
G1 F1200 X53.5 Y108.048 E2073.71418
G0 F9000 X68.938 Y108.212
G0 X69.19 Y108.688
G0 X69.62 Y108.688
G1 F1200 X70.009 Y108.448 E2073.72939
G1 X181.9 Y108.448 E2077.4509
G1 X181.9 Y107.648 E2077.4775
G1 X53.1 Y107.648 E2081.76141
G1 X53.1 Y108.448 E2081.78802
G1 X68.1 Y108.448 E2082.28692
G1 X68.58 Y108.688 E2082.30477
G1 X68.662 Y108.837 E2082.31042
G1 X68.7 Y109.048 E2082.31756
G1 F1197 X68.7 Y110.945 E2082.38081
G1 X69.125 Y110.885 E2082.39512
G1 F1200 X69.569 Y110.979 E2082.41021
G1 X69.5 Y110.787 E2082.417
G1 X69.5 Y109.048 E2082.47484
G1 X69.538 Y108.837 E2082.48197
G1 X69.62 Y108.688 E2082.48763
G0 F9000 X69.19 Y108.688
G0 X69.193 Y111.025
G0 X69.742 Y111.193
G0 X70.184 Y111.528
G0 X70.436 Y111.917
G0 X70.558 Y112.525
G0 X70.459 Y113.015
G0 X70.327 Y113.271
G0 X69.1 Y114.5
G1 F1200 X69.1 Y120.486 E2082.68672
G0 F9000 X69.57 Y120.979
G1 F1200 X69.5 Y120.791 E2082.69339
G1 X69.5 Y114.232 E2082.91155
G1 X69.537 Y114.041 E2082.91802
G1 X69.145 Y114.105 E2082.93123
G1 X68.664 Y114.045 E2082.94735
G1 X68.701 Y114.232 E2082.95369
G1 X68.7 Y120.764 E2083.17095
G1 X68.664 Y120.956 E2083.17744
G1 X69.216 Y120.871 E2083.19602
G1 X69.57 Y120.979 E2083.20833
G0 F9000 X69.231 Y120.596
G0 X70.184 Y121.528
G0 X70.436 Y121.917
G0 X70.558 Y122.525
G0 X70.459 Y123.015
G0 X70.329 Y123.27
G0 X69.1 Y124.494
G1 F1188.1 X69.1 Y126.035 E2083.2601
G0 F9000 X68.938 Y126.789
G0 X68.274 Y126.941
G1 F1176.5 X68.1 Y126.948 E2083.266
G1 F1200 X53.5 Y126.948 E2083.7516
G0 F9000 X70.1 Y126.948
G1 F1200 X146.5 Y126.948 E2086.29268
G1 F1176.5 X146.674 Y126.941 E2086.29858
G0 F9000 X147.338 Y126.789
G0 X147.5 Y126.035
G1 F1188.1 X147.5 Y124.48 E2086.35082
G0 F9000 X147.662 Y126.788
G0 X148.5 Y126.948
G1 F1200 X181.5 Y126.948 E2087.4484
G1 F2700 E2082.4484
G0 F9000 X148.5 Y126.948
G1 F2700 E2087.4484
G1 F1129.4 X147.68 Y126.563 E2087.48042
G1 F1081.1 X147.545 Y126.306 E2087.49114
G1 F1134.8 X147.5 Y126.035 E2087.5008
G1 X147.455 Y126.306 E2087.51046
G1 F1081.1 X147.32 Y126.563 E2087.52118
G1 F1108.5 X146.674 Y126.941 E2087.54812
G1 X147.5 Y126.923 E2087.57787
G1 F1129.4 X148.5 Y126.948 E2087.61322
G1 F2700 E2082.61322
G0 F9000 X70.1 Y126.948
G1 F2700 E2087.61322
G1 F1129.4 X69.28 Y126.563 E2087.64523
G1 F1081.1 X69.145 Y126.306 E2087.65595
G1 F1134.8 X69.1 Y126.035 E2087.66561
G1 X69.055 Y126.306 E2087.67528
G1 F1081.1 X68.92 Y126.563 E2087.68599
G1 F1108.5 X68.274 Y126.941 E2087.71294
G1 X69.1 Y126.923 E2087.74269
G1 F1129.4 X70.1 Y126.948 E2087.77804
G1 F2700 E2082.77804
G0 F9000 X147.338 Y126.789
G0 X147.59 Y126.308
G0 X148.02 Y126.308
G1 F2700 E2087.77804
G1 F1200 X147.902 Y126 E2087.78901
G1 X147.9 Y124.155 E2087.85037
G1 X147.941 Y124.047 E2087.85422
G1 X147.303 Y124.093 E2087.87549
G1 X147.043 Y124.022 E2087.88445
G1 X147.1 Y124.15 E2087.88912
G1 X147.098 Y126 E2087.95065
G1 X146.98 Y126.308 E2087.96162
G1 X146.591 Y126.548 E2087.97682
G1 X70.1 Y126.548 E2090.52092
G1 X69.62 Y126.308 E2090.53877
G1 X69.502 Y126 E2090.54974
G1 X69.5 Y124.217 E2090.60904
G1 X69.57 Y124.01 E2090.61631
G1 X69.209 Y124.106 E2090.62873
G1 X68.669 Y124.033 E2090.64686
G1 X68.701 Y124.232 E2090.65356
G1 X68.698 Y126 E2090.71237
G1 X68.58 Y126.308 E2090.72334
G1 X68.191 Y126.548 E2090.73854
G1 X53.1 Y126.548 E2091.24047
G1 X53.1 Y127.348 E2091.26708
G1 X181.9 Y127.348 E2095.55098
G1 X181.9 Y126.548 E2095.57759
G1 X148.5 Y126.548 E2096.68848
G1 X148.02 Y126.308 E2096.70633
G0 F9000 X148.5 Y126.148
;TYPE:WALL-OUTER
G1 F1200 X148.34 Y126.068 E2096.71228
G1 X148.3 Y125.966 E2096.71592
G1 F1162.2 X148.3 Y124.131 E2096.77894
G1 F1025.6 X148.354 Y124.023 E2096.78364
G1 F950.5 X148.619 Y123.843 E2096.79709
G1 F960 X148.811 Y123.655 E2096.80826
G1 F956.2 X148.973 Y123.433 E2096.81973
G1 X149.12 Y123.156 E2096.83282
G1 F950.5 X149.213 Y122.848 E2096.84633
G1 F948.6 X149.248 Y122.532 E2096.85971
G1 X149.226 Y122.266 E2096.87094
G1 F944.9 X149.13 Y121.845 E2096.88918
G1 F952.4 X148.893 Y121.423 E2096.90946
G1 F960 X148.54 Y121.092 E2096.92958
G1 F956.2 X148.274 Y120.933 E2096.94251
G1 F954.3 X147.91 Y120.8 E2096.95872
G1 F950.5 X147.502 Y120.742 E2096.97603
G1 F952.4 X147.048 Y120.811 E2096.99527
G1 F948.6 X146.641 Y120.967 E2097.01361
G1 X146.331 Y121.197 E2097.02985
G1 F960 X146.088 Y121.469 E2097.04502
G1 F946.7 X145.873 Y121.846 E2097.06331
G1 F944.9 X145.766 Y122.258 E2097.08129
G1 F960 X145.754 Y122.654 E2097.09776
G1 F956.2 X145.801 Y122.91 E2097.10863
G1 F952.4 X145.92 Y123.27 E2097.12452
G1 F948.6 X146.179 Y123.639 E2097.14349
G1 F952.4 X146.384 Y123.847 E2097.15572
G1 F956.2 X146.659 Y124.036 E2097.16965
G1 F1019.1 X146.7 Y124.11 E2097.17297
G1 F1148.3 X146.7 Y125.966 E2097.23747
G1 F1200 X146.66 Y126.068 E2097.24112
G1 X146.535 Y126.146 E2097.24602
G1 X70.1 Y126.148 E2099.78826
G1 X69.94 Y126.068 E2099.79421
G1 X69.9 Y125.966 E2099.79785
G1 F1151.1 X69.9 Y124.116 E2099.862
G1 F1021.3 X69.94 Y124.036 E2099.86549
G1 F950.5 X70.284 Y123.796 E2099.88311
G1 F954.3 X70.568 Y123.457 E2099.9016
G1 F956.2 X70.73 Y123.135 E2099.91665
G1 F952.4 X70.802 Y122.885 E2099.92755
G1 X70.86 Y122.416 E2099.94736
G1 F956.2 X70.742 Y121.909 E2099.96908
G1 X70.612 Y121.628 E2099.98201
G1 F954.3 X70.411 Y121.33 E2099.99704
G1 F948.6 X70.086 Y121.059 E2100.01485
G1 X69.968 Y120.982 E2100.02077
G1 F1016.9 X69.9 Y120.876 E2100.02572
G1 F1103.4 X69.9 Y114.124 E2100.26994
G1 F1021.3 X69.95 Y114.024 E2100.27431
G1 F948.6 X70.239 Y113.823 E2100.28912
G1 F952.4 X70.46 Y113.604 E2100.30216
G1 X70.679 Y113.249 E2100.31964
G1 X70.801 Y112.882 E2100.33585
G1 F948.6 X70.851 Y112.587 E2100.34844
G1 F941.2 X70.82 Y112.191 E2100.36528
G1 X70.701 Y111.78 E2100.38343
G1 F952.4 X70.48 Y111.418 E2100.4012
G1 F948.6 X70.213 Y111.156 E2100.41694
G1 F950.5 X69.956 Y110.974 E2100.43016
G1 F1030 X69.9 Y110.884 E2100.43427
G1 F1153.8 X69.9 Y108.998 E2100.49951
G1 F1200 X70.065 Y108.85 E2100.50688
G1 X182.3 Y108.848 E2104.23983
G1 X182.3 Y107.248 E2104.29305
G1 X52.7 Y107.248 E2108.60356
G1 X52.7 Y108.848 E2108.65678
G1 X68.1 Y108.848 E2109.16898
G1 X68.26 Y108.928 E2109.17493
G1 X68.3 Y109.048 E2109.17914
G1 F1159.4 X68.3 Y110.876 E2109.24207
G1 F1025.6 X68.243 Y110.977 E2109.24658
G1 F948.6 X67.916 Y111.202 E2109.26328
G1 X67.631 Y111.54 E2109.28188
G1 F952.4 X67.47 Y111.864 E2109.29704
G1 F948.6 X67.398 Y112.113 E2109.30795
G1 F952.4 X67.335 Y112.569 E2109.32724
G1 F958.1 X67.455 Y113.09 E2109.34951
G1 X67.584 Y113.37 E2109.36236
G1 F948.6 X67.788 Y113.666 E2109.37748
G1 F946.7 X68.089 Y113.924 E2109.39419
G1 F948.6 X68.255 Y114.028 E2109.40244
G1 F1023.5 X68.301 Y114.126 E2109.40666
G1 F1100.9 X68.3 Y120.874 E2109.6513
G1 F1004.2 X68.249 Y120.973 E2109.65572
G1 F948.6 X67.957 Y121.172 E2109.67059
G1 F944.9 X67.739 Y121.398 E2109.68385
G1 X67.517 Y121.747 E2109.70133
G1 F948.6 X67.396 Y122.118 E2109.71775
G1 F946.7 X67.346 Y122.408 E2109.73015
G1 F948.6 X67.377 Y122.847 E2109.74867
G1 F943 X67.5 Y123.216 E2109.76513
G1 F944.9 X67.716 Y123.582 E2109.78308
G1 F952.4 X67.985 Y123.844 E2109.79882
G1 F948.6 X68.252 Y124.028 E2109.81246
G1 F1059.6 X68.301 Y124.232 E2109.82036
G1 F1200 X68.3 Y125.966 E2109.87804
G1 X68.26 Y126.068 E2109.88168
G1 X68.135 Y126.146 E2109.88658
G1 X52.7 Y126.148 E2110.39995
G1 X52.7 Y127.748 E2110.45317
G1 X182.3 Y127.748 E2114.76368
G1 X182.3 Y126.148 E2114.8169
G1 X148.5 Y126.148 E2115.94109
G1 F2700 E2110.94109
G0 F9000 X148.5 Y126.46
G0 X148.062 Y126.388
G0 X148.055 Y124
G0 X148.429 Y123.692
G0 X148.247 Y123.5
G1 F2700 E2115.94109
G1 F1012.7 X147.895 Y123.656 E2115.95626
G1 F1126.8 X147.321 Y123.687 E2115.97663
G1 F1061.9 X146.94 Y123.62 E2115.99117
G1 F954.3 X146.658 Y123.432 E2116.00534
G1 F956.2 X146.378 Y123.055 E2116.02494
G1 X146.254 Y122.662 E2116.04214
G1 F958.1 X146.266 Y122.307 E2116.05694
G1 F960 X146.401 Y121.883 E2116.07544
G1 F963.9 X146.678 Y121.556 E2116.09319
G1 X146.996 Y121.348 E2116.10892
G1 F967.7 X147.261 Y121.273 E2116.12028
G1 X147.713 Y121.268 E2116.13892
G1 X147.924 Y121.327 E2116.14796
G1 F965.8 X148.246 Y121.498 E2116.16303
G1 F961.9 X148.445 Y121.682 E2116.17427
G1 F956.2 X148.653 Y122.012 E2116.19055
G1 F952.4 X148.752 Y122.494 E2116.21118
G1 F956.2 X148.687 Y122.903 E2116.22846
G1 F960 X148.48 Y123.285 E2116.24653
G1 F963.9 X148.247 Y123.5 E2116.25965
G1 F2700 E2111.25965
G0 F9000 X148.429 Y123.692
G0 X147.918 Y123.897
G0 X146.938 Y126.389
G0 X69.662 Y126.388
G0 X69.655 Y123.999
G0 X69.656 Y123.62
G1 F2700 E2116.25965
G1 F1059.6 X69.154 Y123.696 E2116.27878
G1 F1200 X68.727 Y123.635 E2116.29312
G1 F1113.7 X68.651 Y123.642 E2116.29586
G1 F1000 X68.394 Y123.529 E2116.30707
G1 F958.1 X68.093 Y123.245 E2116.3243
G1 F954.3 X67.886 Y122.853 E2116.34285
G1 F956.2 X67.845 Y122.406 E2116.36158
G1 X67.966 Y121.971 E2116.38043
G1 F960 X68.247 Y121.573 E2116.40068
G1 F948.6 X68.518 Y121.407 E2116.41406
G1 F1052.6 X68.771 Y121.346 E2116.42392
G1 F1126.8 X69.177 Y121.28 E2116.43849
G1 F1006.3 X69.684 Y121.396 E2116.45912
G1 F954.3 X70.035 Y121.667 E2116.47767
G1 F956.2 X70.253 Y122.009 E2116.4946
G1 F958.1 X70.346 Y122.525 E2116.51644
G1 F960 X70.285 Y122.902 E2116.53232
G1 F958.1 X70.147 Y123.182 E2116.54532
G1 F954.3 X69.928 Y123.437 E2116.55938
G1 F950.5 X69.656 Y123.62 E2116.57315
G1 F2700 E2111.57315
G0 F9000 X69.796 Y123.839
G0 X70.315 Y123.298
G0 X70.459 Y123.015
G0 X70.558 Y122.525
G0 X70.436 Y121.917
G0 X70.184 Y121.528
G0 X69.655 Y121.013
G0 X69.655 Y114.002
G0 X69.681 Y113.592
G1 F2700 E2116.57315
G1 F1052.6 X69.424 Y113.654 E2116.58317
G1 F1200 X69.116 Y113.7 E2116.59353
G1 X68.776 Y113.655 E2116.60494
G1 F1116.3 X68.698 Y113.66 E2116.60773
G1 F1000 X68.372 Y113.514 E2116.62199
G1 F958.1 X68.077 Y113.233 E2116.63896
G1 F960 X67.906 Y112.866 E2116.65579
G1 F961.9 X67.852 Y112.442 E2116.67353
G1 F960 X67.946 Y112.019 E2116.69154
G1 F958.1 X68.119 Y111.724 E2116.70579
G1 F963.9 X68.351 Y111.499 E2116.71917
G1 F1006.3 X68.676 Y111.346 E2116.73342
G1 F1111.1 X68.75 Y111.348 E2116.73608
G1 F1121.5 X69.171 Y111.281 E2116.75125
G1 F1008.4 X69.673 Y111.388 E2116.77156
G1 F958.1 X70.028 Y111.651 E2116.78997
G1 F956.2 X70.241 Y111.985 E2116.8065
G1 F941.2 X70.312 Y112.285 E2116.81958
G1 X70.347 Y112.55 E2116.83091
G1 F960 X70.263 Y112.944 E2116.84766
G1 F967.7 X70.134 Y113.211 E2116.85989
G1 F963.9 X69.899 Y113.456 E2116.87395
G1 F948.6 X69.681 Y113.592 E2116.88476
G1 F2700 E2111.88476
;MESH:NONMESH
G0 F300 X69.681 Y113.592 Z5.8
G0 F9000 X69.799 Y113.819
G0 X70.515 Y113.176
G0 X71.551 Y113.532
G0 X162.835 Y113.176
G0 X163.93 Y113.176
G0 X166.5 Y121.5
;TIME_ELAPSED:3912.567991
;LAYER:28
;TYPE:WALL-INNER
;MESH:BtnFaceWithWings.stl
G1 F2700 E2116.88476
G1 F1200 X166.5 Y113.5 E2117.15084
G1 X164.5 Y113.5 E2117.21736
G1 X164.5 Y121.5 E2117.48344
G1 X166.5 Y121.5 E2117.54996
G0 F9000 X166.9 Y121.9
G1 F1200 X166.9 Y113.1 E2117.84265
G1 X164.1 Y113.1 E2117.93578
G1 X164.1 Y121.9 E2118.22847
G1 X166.9 Y121.9 E2118.3216
G0 F9000 X167.3 Y122.3
;TYPE:WALL-OUTER
G1 F1200 X167.3 Y112.7 E2118.6409
G1 X163.7 Y112.7 E2118.76063
G1 X163.7 Y122.3 E2119.07993
G1 X167.3 Y122.3 E2119.19967
G0 F9000 X167.02 Y122.02
G0 X166.419 Y121.061
;TYPE:FILL
G1 F2400 X165.078 Y121.42 E2119.24584
G0 F9000 X166.42 Y118.194
G1 F2400 X164.58 Y116.354 E2119.33239
G0 F9000 X164.58 Y115.342
G1 F2400 X166.42 Y114.849 E2119.39574
G0 F9000 X166.29 Y114.849
G1 F2700 E2114.39574
G0 F9000 X167.076 Y112.924
G0 X167.076 Y111.835
G0 X167.078 Y109.599
G0 X167.078 Y108.504
G0 X181.5 Y107.932
;TYPE:WALL-INNER
G1 F2700 E2119.39574
G1 F1200 X70.1 Y107.932 E2123.10092
G1 F1176.5 X69.926 Y107.939 E2123.10683
G1 F1108.5 X69.1 Y107.957 E2123.13658
G1 F1129.4 X68.1 Y107.932 E2123.17193
G1 X68.92 Y108.317 E2123.20394
G1 F1071.4 X69.058 Y108.572 E2123.21474
G1 F1134.8 X69.1 Y108.932 E2123.22749
G1 X69.142 Y108.572 E2123.24024
G1 F1071.4 X69.28 Y108.317 E2123.25104
G1 F1108.5 X69.926 Y107.939 E2123.27799
G0 F9000 X69.262 Y108.095
G0 X69.1 Y108.932
G1 F1200 X69.1 Y110.513 E2123.33057
G0 F9000 X68.938 Y108.096
G0 X68.1 Y107.932
G1 F1200 X53.5 Y107.932 E2123.81617
G0 F9000 X68.938 Y108.096
G0 X69.19 Y108.572
G0 X69.62 Y108.572
G1 F1200 X70.009 Y108.332 E2123.83137
G1 X181.9 Y108.332 E2127.55288
G1 X181.9 Y107.532 E2127.57949
G1 X53.1 Y107.532 E2131.86339
G1 X53.1 Y108.332 E2131.89
G1 X68.1 Y108.332 E2132.3889
G1 X68.58 Y108.572 E2132.40675
G1 X68.662 Y108.721 E2132.41241
G1 X68.7 Y108.932 E2132.41954
G1 X68.7 Y110.776 E2132.48087
G1 X68.665 Y110.963 E2132.4872
G1 X68.854 Y110.924 E2132.49362
G1 X69.302 Y110.904 E2132.50853
G1 X69.556 Y110.975 E2132.51731
G1 X69.5 Y110.845 E2132.52201
G1 X69.5 Y108.932 E2132.58564
G1 X69.538 Y108.721 E2132.59277
G1 X69.62 Y108.572 E2132.59843
G0 F9000 X69.19 Y108.572
G0 X69.309 Y111.06
G0 X69.742 Y111.194
G0 X70.179 Y111.525
G0 X70.405 Y111.857
G0 X70.559 Y112.463
G0 X70.437 Y113.077
G0 X70.271 Y113.349
G0 X69.1 Y114.481
G1 F1200 X69.1 Y120.508 E2132.79889
G0 F9000 X69.556 Y120.975
G1 F1200 X69.5 Y120.845 E2132.80359
G1 X69.5 Y114.133 E2133.02684
G1 X69.588 Y113.996 E2133.03225
G1 X69.281 Y114.094 E2133.04297
G1 X68.661 Y114.048 E2133.06365
G1 X68.7 Y114.148 E2133.06722
G1 X68.696 Y120.842 E2133.28986
G1 X68.64 Y120.978 E2133.29475
G1 X68.905 Y120.907 E2133.30388
G1 X69.333 Y120.913 E2133.31811
G1 X69.556 Y120.975 E2133.32581
G0 F9000 X69.22 Y120.631
G0 X70.179 Y121.525
G0 X70.405 Y121.857
G0 X70.559 Y122.463
G0 X70.431 Y123.1
G0 X70.12 Y123.51
G0 X69.1 Y124.495
G1 F1188.1 X69.1 Y126.151 E2133.38144
G0 F9000 X68.938 Y126.905
G0 X68.274 Y127.057
G1 F1176.5 X68.1 Y127.064 E2133.38735
G1 F1200 X53.5 Y127.064 E2133.87295
G0 F9000 X70.1 Y127.064
G1 F1200 X146.5 Y127.064 E2136.41402
G1 F1176.5 X146.674 Y127.057 E2136.41993
G0 F9000 X147.338 Y126.905
G0 X147.5 Y126.151
G1 F1188.1 X147.5 Y124.495 E2136.47556
G0 F9000 X147.662 Y126.904
G0 X148.5 Y127.064
G1 F1200 X181.5 Y127.064 E2137.57314
G1 F2700 E2132.57314
G0 F9000 X148.5 Y127.064
G1 F2700 E2137.57314
G1 F1129.4 X147.68 Y126.679 E2137.60516
G1 F1081.1 X147.545 Y126.422 E2137.61588
G1 F1134.8 X147.5 Y126.151 E2137.62554
G1 X147.455 Y126.422 E2137.6352
G1 F1081.1 X147.32 Y126.679 E2137.64592
G1 F1108.5 X146.674 Y127.057 E2137.67287
G1 X147.5 Y127.039 E2137.70261
G1 F1129.4 X148.5 Y127.064 E2137.73796
G1 F2700 E2132.73796
G0 F9000 X70.1 Y127.064
G1 F2700 E2137.73796
G1 F1129.4 X69.28 Y126.679 E2137.76997
G1 F1081.1 X69.145 Y126.422 E2137.78069
G1 F1134.8 X69.1 Y126.151 E2137.79035
G1 X69.055 Y126.422 E2137.80002
G1 F1081.1 X68.92 Y126.679 E2137.81073
G1 F1108.5 X68.274 Y127.057 E2137.83768
G1 X69.1 Y127.039 E2137.86743
G1 F1129.4 X70.1 Y127.064 E2137.90278
G1 F2700 E2132.90278
G0 F9000 X147.338 Y126.905
G0 X147.59 Y126.424
G0 X148.02 Y126.424
G1 F2700 E2137.90278
G1 F1200 X147.902 Y126.116 E2137.91375
G1 X147.9 Y124.232 E2137.97641
G1 X147.936 Y124.031 E2137.9832
G1 X147.48 Y124.096 E2137.99852
G1 F1197 X147.075 Y124.052 E2138.01211
G1 X147.1 Y124.232 E2138.01816
G1 F1200 X147.098 Y126.116 E2138.08083
G1 X146.98 Y126.424 E2138.0918
G1 X146.591 Y126.664 E2138.107
G1 X70.1 Y126.664 E2140.6511
G1 X69.62 Y126.424 E2140.66895
G1 X69.502 Y126.116 E2140.67992
G1 X69.5 Y124.232 E2140.74258
G1 X69.538 Y124.028 E2140.74948
G1 X69.08 Y124.096 E2140.76488
G1 F1197 X68.7 Y124.06 E2140.77761
G1 X68.698 Y126.116 E2140.84617
G1 F1200 X68.58 Y126.424 E2140.85714
G1 X68.191 Y126.664 E2140.87234
G1 X53.1 Y126.664 E2141.37427
G1 X53.1 Y127.464 E2141.40087
G1 X181.9 Y127.464 E2145.68478
G1 X181.9 Y126.664 E2145.71139
G1 X148.5 Y126.664 E2146.82228
G1 X148.02 Y126.424 E2146.84013
G0 F9000 X148.5 Y126.264
;TYPE:WALL-OUTER
G1 F1200 X148.34 Y126.184 E2146.84608
G1 X148.3 Y126.082 E2146.84972
G1 X148.3 Y124.232 E2146.91125
G1 F1052.6 X148.333 Y124.037 E2146.91875
G1 F944.9 X148.543 Y123.898 E2146.92939
G1 F956.2 X148.905 Y123.564 E2146.94995
G1 F952.4 X149.112 Y123.159 E2146.96901
G1 F946.7 X149.241 Y122.76 E2146.98669
G1 F943 X149.236 Y122.353 E2147.00391
G1 F948.6 X149.199 Y122.09 E2147.01509
G1 F950.5 X149.111 Y121.83 E2147.02661
G1 F939.3 X148.96 Y121.534 E2147.04073
G1 F941.2 X148.705 Y121.226 E2147.05769
G1 F946.7 X148.423 Y121.017 E2147.07249
G1 F952.4 X148.111 Y120.861 E2147.08711
G1 F956.2 X147.78 Y120.773 E2147.1014
G1 F952.4 X147.326 Y120.751 E2147.12045
G1 X146.967 Y120.832 E2147.13587
G1 F958.1 X146.673 Y120.958 E2147.1492
G1 F956.2 X146.459 Y121.095 E2147.1598
G1 X146.228 Y121.296 E2147.17259
G1 F952.4 X146.035 Y121.532 E2147.18536
G1 F960 X145.869 Y121.849 E2147.20024
G1 F967.7 X145.798 Y122.085 E2147.2104
G1 F963.9 X145.751 Y122.484 E2147.22704
G1 F960 X145.78 Y122.819 E2147.24102
G1 F948.6 X145.899 Y123.228 E2147.25894
G1 X146.137 Y123.593 E2147.27727
G1 F954.3 X146.375 Y123.84 E2147.29162
G1 F948.6 X146.655 Y124.028 E2147.30581
G1 F1023.5 X146.7 Y124.124 E2147.30995
G1 F1159.4 X146.7 Y126.082 E2147.37735
G1 F1200 X146.66 Y126.184 E2147.38099
G1 X146.535 Y126.262 E2147.38589
G1 X70.1 Y126.264 E2149.92813
G1 X69.94 Y126.184 E2149.93408
G1 X69.9 Y126.082 E2149.93773
G1 F1118.9 X69.9 Y124.062 E2150.00978
G1 F1002.1 X70.144 Y123.899 E2150.02147
G1 F952.4 X70.409 Y123.649 E2150.03674
G1 F944.9 X70.602 Y123.388 E2150.05045
G1 F952.4 X70.725 Y123.142 E2150.06197
G1 F948.6 X70.812 Y122.823 E2150.07589
G1 X70.845 Y122.548 E2150.08754
G1 F954.3 X70.805 Y122.071 E2150.10756
G1 F952.4 X70.617 Y121.633 E2150.12753
G1 F956.2 X70.356 Y121.261 E2150.1465
G1 X69.955 Y120.973 E2150.16711
G1 F1027.8 X69.9 Y120.886 E2150.17111
G1 F1132.1 X69.902 Y117.538 E2150.28914
G1 F1176.5 X69.903 Y114.19 E2150.40273
G1 F1081.1 X69.959 Y114.029 E2150.40902
G1 F967.7 X70.237 Y113.821 E2150.42334
G1 F950.5 X70.483 Y113.58 E2150.4378
G1 F952.4 X70.73 Y113.154 E2150.45844
G1 F948.6 X70.852 Y112.61 E2150.48189
G1 F943 X70.8 Y112.051 E2150.50565
G1 F946.7 X70.547 Y111.489 E2150.53164
G1 F948.6 X70.219 Y111.159 E2150.55121
G1 F950.5 X69.957 Y110.975 E2150.56466
G1 F1030 X69.9 Y110.883 E2150.56885
G1 F1153.8 X69.9 Y108.882 E2150.63807
G1 F1200 X70.065 Y108.734 E2150.64544
G1 X182.3 Y108.732 E2154.37839
G1 X182.3 Y107.132 E2154.43161
G1 X52.7 Y107.132 E2158.74212
G1 X52.7 Y108.732 E2158.79533
G1 X68.1 Y108.732 E2159.30754
G1 X68.26 Y108.812 E2159.31349
G1 X68.3 Y108.932 E2159.3177
G1 X68.3 Y110.771 E2159.37886
G1 F1066.7 X68.244 Y110.974 E2159.38674
G1 F958.1 X68.05 Y111.099 E2159.39636
G1 F952.4 X67.785 Y111.346 E2159.41154
G1 X67.592 Y111.607 E2159.42514
G1 F948.6 X67.475 Y111.856 E2159.43672
G1 F952.4 X67.378 Y112.172 E2159.45057
G1 F960 X67.351 Y112.448 E2159.4621
G1 F956.2 X67.391 Y112.931 E2159.48233
G1 X67.578 Y113.362 E2159.50194
G1 F960 X67.883 Y113.774 E2159.52325
G1 F954.3 X68.253 Y114.024 E2159.54193
G1 F1030 X68.3 Y114.123 E2159.54618
G1 F1103.4 X68.299 Y120.88 E2159.79058
G1 F1016.9 X68.244 Y120.974 E2159.79485
G1 F960 X67.957 Y121.172 E2159.80935
G1 F952.4 X67.683 Y121.456 E2159.82589
G1 F944.9 X67.45 Y121.873 E2159.84606
G1 X67.345 Y122.386 E2159.86818
G1 X67.394 Y122.936 E2159.89151
G1 F952.4 X67.643 Y123.489 E2159.91692
G1 F958.1 X67.975 Y123.84 E2159.93705
G1 F948.6 X68.261 Y124.031 E2159.95152
G1 F979.6 X68.294 Y124.099 E2159.9546
G1 F1106 X68.3 Y126.082 E2160.02616
G1 F1200 X68.26 Y126.184 E2160.02981
G1 X68.135 Y126.262 E2160.03471
G1 X52.7 Y126.264 E2160.54808
G1 X52.7 Y127.864 E2160.60129
G1 X182.3 Y127.864 E2164.91181
G1 X182.3 Y126.264 E2164.96502
G1 X148.5 Y126.264 E2166.08921
G1 F2700 E2161.08921
G0 F9000 X148.5 Y126.576
G0 X148.062 Y126.504
G0 X148.055 Y123.993
G0 X147.989 Y123.652
G1 F2700 E2166.08921
G1 F1076.2 X147.869 Y123.639 E2166.09369
G1 F1200 X147.459 Y123.696 E2166.10746
G1 F1124.1 X146.975 Y123.629 E2166.12481
G1 F1004.2 X146.713 Y123.468 E2166.13703
G1 F960 X146.474 Y123.211 E2166.15162
G1 F963.9 X146.295 Y122.832 E2166.16898
G1 X146.248 Y122.516 E2166.18221
G1 F967.7 X146.303 Y122.076 E2166.20049
G1 X146.528 Y121.699 E2166.2186
G1 X146.847 Y121.433 E2166.23573
G1 F960 X147.108 Y121.313 E2166.24767
G1 F952.4 X147.395 Y121.255 E2166.25994
G1 X147.718 Y121.27 E2166.2735
G1 F960 X148.08 Y121.394 E2166.2894
G1 F961.9 X148.443 Y121.667 E2166.30825
G1 F958.1 X148.706 Y122.152 E2166.33123
G1 X148.738 Y122.71 E2166.35452
G1 F960 X148.539 Y123.191 E2166.37616
G1 F961.9 X148.316 Y123.447 E2166.39025
G1 F971.7 X147.989 Y123.652 E2166.4061
G1 F2700 E2161.4061
G0 F9000 X148.117 Y123.869
G0 X146.938 Y126.505
G0 X69.662 Y126.504
G0 X69.655 Y123.993
G0 X69.591 Y123.656
G1 F2700 E2166.4061
G1 F1048 X69.244 Y123.668 E2166.41932
G1 F1200 X69.059 Y123.696 E2166.42554
G1 F1188.1 X68.77 Y123.658 E2166.43534
G1 F1076.2 X68.639 Y123.663 E2166.4402
G1 F977.6 X68.257 Y123.434 E2166.45838
G1 F963.9 X67.966 Y123.036 E2166.4788
G1 F967.7 X67.838 Y122.541 E2166.49988
G1 X67.894 Y122.173 E2166.51524
G1 F965.8 X68.017 Y121.874 E2166.5286
G1 F961.9 X68.279 Y121.555 E2166.54573
G1 F960 X68.525 Y121.387 E2166.55811
G1 F1066.7 X68.936 Y121.31 E2166.57376
G1 F1200 X69.277 Y121.309 E2166.5851
G1 F1064.3 X69.671 Y121.387 E2166.60016
G1 F958.1 X70.035 Y121.67 E2166.61937
G1 F956.2 X70.217 Y121.935 E2166.63279
G1 F952.4 X70.36 Y122.452 E2166.65527
G1 F960 X70.244 Y123.018 E2166.67929
G1 F963.9 X69.909 Y123.457 E2166.70215
G1 F944.9 X69.591 Y123.656 E2166.718
G1 F2700 E2161.718
G0 F9000 X69.717 Y123.873
G0 X70.047 Y123.607
G0 X70.431 Y123.1
G0 X70.559 Y122.463
G0 X70.405 Y121.857
G0 X69.75 Y121.062
G0 X69.655 Y114.002
G0 X69.833 Y113.815
G0 X69.744 Y113.567
G1 F2700 E2166.718
G1 F1066.7 X69.261 Y113.686 E2166.73661
G1 F1200 X68.788 Y113.656 E2166.75238
G1 F1059.6 X68.522 Y113.596 E2166.76265
G1 F952.4 X68.307 Y113.465 E2166.7732
G1 F960 X67.98 Y113.071 E2166.79449
G1 X67.848 Y112.566 E2166.81619
G1 X67.868 Y112.271 E2166.82848
G1 X68.034 Y111.846 E2166.84745
G1 X68.287 Y111.549 E2166.86367
G1 F961.9 X68.524 Y111.389 E2166.87553
G1 F1066.7 X68.871 Y111.324 E2166.88874
G1 F1200 X69.277 Y111.309 E2166.90226
G1 F1064.3 X69.674 Y111.388 E2166.91744
G1 F960 X69.999 Y111.637 E2166.93446
G1 F961.9 X70.215 Y111.923 E2166.94933
G1 F956.2 X70.36 Y112.482 E2166.97343
G1 F952.4 X70.253 Y112.985 E2166.99499
G1 X70.081 Y113.272 E2167.00901
G1 F956.2 X69.744 Y113.567 E2167.0277
G1 F2700 E2162.0277
;MESH:NONMESH
G0 F300 X69.744 Y113.567 Z6
G0 F9000 X69.833 Y113.815
G0 X70.568 Y113.087
G0 X71.634 Y113.328
G0 X162.835 Y113.087
G0 X163.93 Y113.087
G0 X166.5 Y121.5
;TIME_ELAPSED:4000.309032
;LAYER:29
;TYPE:WALL-INNER
;MESH:BtnFaceWithWings.stl
G1 F2700 E2167.0277
G1 F1200 X166.5 Y113.5 E2167.29378
G1 X164.5 Y113.5 E2167.3603
G1 X164.5 Y121.5 E2167.62639
G1 X166.5 Y121.5 E2167.69291
G0 F9000 X166.9 Y121.9
G1 F1200 X166.9 Y113.1 E2167.9856
G1 X164.1 Y113.1 E2168.07872
G1 X164.1 Y121.9 E2168.37141
G1 X166.9 Y121.9 E2168.46454
G0 F9000 X167.3 Y122.3
;TYPE:WALL-OUTER
G1 F1200 X167.3 Y112.7 E2168.78384
G1 X163.7 Y112.7 E2168.90357
G1 X163.7 Y122.3 E2169.22287
G1 X167.3 Y122.3 E2169.34261
G0 F9000 X167.02 Y122.02
G0 X166.42 Y121.206
;TYPE:FILL
G1 F2400 X165.623 Y121.42 E2169.37006
G0 F9000 X166.42 Y117.995
G1 F2400 X164.58 Y116.154 E2169.45663
G0 F9000 X164.58 Y115.488
G1 F2400 X166.419 Y114.995 E2169.51995
G0 F9000 X166.29 Y114.995
G1 F2700 E2164.51995
G0 F9000 X167.076 Y112.924
G0 X167.076 Y111.835
G0 X167.076 Y109.483
G0 X167.076 Y108.388
G0 X181.5 Y107.816
;TYPE:WALL-INNER
G1 F2700 E2169.51995
G1 F1200 X70.1 Y107.816 E2173.22513
G1 F1176.5 X69.926 Y107.823 E2173.23104
G1 F1108.5 X69.1 Y107.841 E2173.26079
G1 F1129.4 X68.1 Y107.816 E2173.29614
G1 X68.92 Y108.201 E2173.32815
G1 F1071.4 X69.058 Y108.456 E2173.33895
G1 F1134.8 X69.1 Y108.816 E2173.3517
G1 X69.142 Y108.456 E2173.36445
G1 F1071.4 X69.28 Y108.201 E2173.37525
G1 F1108.5 X69.926 Y107.823 E2173.40219
G0 F9000 X69.262 Y107.98
G0 X69.1 Y108.816
G1 F1200 X69.1 Y110.486 E2173.45774
G0 F9000 X68.938 Y107.981
G0 X68.1 Y107.816
G1 F1200 X53.5 Y107.816 E2173.94334
G0 F9000 X68.938 Y107.981
G0 X69.19 Y108.456
G0 X69.62 Y108.456
G1 F1200 X70.009 Y108.216 E2173.95854
G1 X181.9 Y108.216 E2177.68005
G1 X181.9 Y107.416 E2177.70666
G1 X53.1 Y107.416 E2181.99056
G1 X53.1 Y108.216 E2182.01717
G1 X68.1 Y108.216 E2182.51607
G1 X68.58 Y108.456 E2182.53392
G1 X68.662 Y108.605 E2182.53958
G1 X68.7 Y108.816 E2182.54671
G1 X68.7 Y110.764 E2182.6115
G1 F1194 X68.673 Y110.954 E2182.61791
G1 X69.125 Y110.885 E2182.6332
G1 F1200 X69.569 Y110.979 E2182.64829
G1 X69.5 Y110.787 E2182.65508
G1 X69.5 Y108.816 E2182.72064
G1 X69.538 Y108.605 E2182.72777
G1 X69.62 Y108.456 E2182.73342
G0 F9000 X69.19 Y108.456
G0 X69.192 Y111.024
G0 X69.744 Y111.194
G0 X70.2 Y111.547
G0 X70.432 Y111.914
G0 X70.557 Y112.465
G0 X70.458 Y113.026
G0 X70.251 Y113.368
G0 X69.1 Y114.496
G1 F1200 X69.1 Y120.513 E2182.93355
G0 F9000 X69.555 Y120.974
G1 F1200 X69.5 Y120.852 E2182.938
G1 X69.5 Y114.232 E2183.15818
G1 X69.539 Y114.042 E2183.16463
G1 X69.106 Y114.096 E2183.17915
G1 F1197 X68.701 Y114.07 E2183.19268
G1 X68.7 Y120.784 E2183.41654
G1 F1200 X68.67 Y120.957 E2183.42238
G1 X68.842 Y120.924 E2183.42821
G1 X69.304 Y120.905 E2183.44359
G1 X69.555 Y120.974 E2183.45225
G0 F9000 X69.218 Y120.63
G0 X70.2 Y121.547
G0 X70.432 Y121.914
G0 X70.557 Y122.465
G0 X70.458 Y123.026
G0 X70.251 Y123.368
G0 X69.1 Y124.495
G1 F1188.1 X69.1 Y126.267 E2183.51177
G0 F9000 X68.938 Y127.02
G0 X68.274 Y127.173
G1 F1176.5 X68.1 Y127.18 E2183.51768
G1 F1200 X53.5 Y127.18 E2184.00328
G0 F9000 X70.1 Y127.18
G1 F1200 X146.5 Y127.18 E2186.54435
G1 F1176.5 X146.674 Y127.173 E2186.55026
G0 F9000 X147.338 Y127.02
G0 X147.5 Y126.267
G1 F1188.1 X147.5 Y124.49 E2186.60996
G0 F9000 X147.662 Y127.019
G0 X148.5 Y127.18
G1 F1200 X181.5 Y127.18 E2187.70754
G1 F2700 E2182.70754
G0 F9000 X148.5 Y127.18
G1 F2700 E2187.70754
G1 F1129.4 X147.68 Y126.795 E2187.73955
G1 F1081.1 X147.545 Y126.538 E2187.75027
G1 F1134.8 X147.5 Y126.267 E2187.75993
G1 X147.455 Y126.538 E2187.76959
G1 F1081.1 X147.32 Y126.795 E2187.78031
G1 F1108.5 X146.674 Y127.173 E2187.80726
G1 X147.5 Y127.155 E2187.83701
G1 F1129.4 X148.5 Y127.18 E2187.87236
G1 F2700 E2182.87236
G0 F9000 X70.1 Y127.18
G1 F2700 E2187.87236
G1 F1129.4 X69.28 Y126.795 E2187.90437
G1 F1081.1 X69.145 Y126.538 E2187.91509
G1 F1134.8 X69.1 Y126.267 E2187.92475
G1 X69.055 Y126.538 E2187.93441
G1 F1081.1 X68.92 Y126.795 E2187.94513
G1 F1108.5 X68.274 Y127.173 E2187.97208
G1 X69.1 Y127.155 E2188.00182
G1 F1129.4 X70.1 Y127.18 E2188.03717
G1 F2700 E2183.03717
G0 F9000 X147.338 Y127.02
G0 X147.59 Y126.54
G0 X148.02 Y126.54
G1 F2700 E2188.03717
G1 F1200 X147.902 Y126.232 E2188.04814
G1 X147.904 Y124.162 E2188.11699
G1 X147.968 Y124.013 E2188.12239
G1 X147.683 Y124.094 E2188.13224
G1 X147.271 Y124.083 E2188.14595
G1 X147.061 Y124.035 E2188.15311
G1 X147.097 Y124.169 E2188.15773
G1 X147.098 Y126.232 E2188.22634
G1 X146.98 Y126.54 E2188.23731
G1 X146.591 Y126.78 E2188.25252
G1 X70.1 Y126.78 E2190.79662
G1 X69.62 Y126.54 E2190.81447
G1 X69.502 Y126.232 E2190.82544
G1 X69.5 Y124.232 E2190.89196
G1 X69.538 Y124.027 E2190.89889
G1 X69.08 Y124.096 E2190.9143
G1 X68.7 Y124.06 E2190.92699
G1 X68.698 Y126.232 E2190.99923
G1 X68.58 Y126.54 E2191.0102
G1 X68.191 Y126.78 E2191.02541
G1 X53.1 Y126.78 E2191.52733
G1 X53.1 Y127.58 E2191.55394
G1 X181.9 Y127.58 E2195.83785
G1 X181.9 Y126.78 E2195.86446
G1 X148.5 Y126.78 E2196.97534
G1 X148.02 Y126.54 E2196.99319
G0 F9000 X148.5 Y126.38
;TYPE:WALL-OUTER
G1 F1200 X148.34 Y126.3 E2196.99914
G1 X148.3 Y126.198 E2197.00279
G1 X148.301 Y124.208 E2197.06898
G1 F1061.9 X148.344 Y124.033 E2197.07575
G1 F952.4 X148.69 Y123.79 E2197.09347
G1 F956.2 X148.959 Y123.459 E2197.11127
G1 F948.6 X149.125 Y123.155 E2197.12584
G1 F950.5 X149.217 Y122.823 E2197.14031
G1 F956.2 X149.254 Y122.444 E2197.15621
G1 F948.6 X149.196 Y122.097 E2197.17101
G1 X149.072 Y121.717 E2197.18783
G1 F956.2 X148.858 Y121.395 E2197.20396
G1 F965.8 X148.637 Y121.167 E2197.21709
G1 F956.2 X148.42 Y121.016 E2197.22812
G1 F944.9 X148.194 Y120.896 E2197.23893
G1 F950.5 X147.86 Y120.79 E2197.25364
G1 F958.1 X147.607 Y120.751 E2197.26431
G1 F956.2 X147.258 Y120.769 E2197.2789
G1 X146.883 Y120.865 E2197.29505
G1 F954.3 X146.569 Y121.02 E2197.3097
G1 F950.5 X146.321 Y121.209 E2197.32279
G1 F956.2 X146.141 Y121.393 E2197.33354
G1 F952.4 X145.901 Y121.768 E2197.35219
G1 F941.2 X145.762 Y122.26 E2197.37388
G1 F944.9 X145.758 Y122.653 E2197.39048
G1 F952.4 X145.831 Y123.061 E2197.40785
G1 F950.5 X146.082 Y123.534 E2197.43033
G1 F956.2 X146.379 Y123.84 E2197.44813
G1 F952.4 X146.66 Y124.033 E2197.46242
G1 F1016.9 X146.699 Y124.141 E2197.46692
G1 F1145.6 X146.7 Y126.198 E2197.53859
G1 F1200 X146.66 Y126.3 E2197.54223
G1 X146.535 Y126.378 E2197.54713
G1 X70.1 Y126.38 E2200.08937
G1 X69.94 Y126.3 E2200.09532
G1 X69.9 Y126.198 E2200.09897
G1 F1153.8 X69.899 Y124.153 E2200.1697
G1 F1019.1 X69.937 Y124.035 E2200.17456
G1 F948.6 X70.212 Y123.848 E2200.18855
G1 F958.1 X70.475 Y123.575 E2200.20434
G1 F952.4 X70.638 Y123.322 E2200.21696
G1 F948.6 X70.773 Y122.991 E2200.232
G1 X70.837 Y122.658 E2200.24626
G1 X70.828 Y122.279 E2200.26221
G1 F950.5 X70.754 Y121.941 E2200.27674
G1 F948.6 X70.62 Y121.626 E2200.29115
G1 F952.4 X70.353 Y121.282 E2200.30939
G1 F948.6 X70.163 Y121.118 E2200.31996
G1 X69.96 Y120.977 E2200.33035
G1 F1016.9 X69.902 Y120.885 E2200.33462
G1 F1106 X69.9 Y114.13 E2200.57839
G1 F1025.6 X69.955 Y114.022 E2200.58311
G1 F944.9 X70.296 Y113.793 E2200.60046
G1 F952.4 X70.646 Y113.338 E2200.62452
G1 F948.6 X70.799 Y112.883 E2200.64471
G1 F950.5 X70.848 Y112.504 E2200.66076
G1 X70.817 Y112.203 E2200.67347
G1 F948.6 X70.742 Y111.893 E2200.68689
G1 F956.2 X70.536 Y111.477 E2200.70626
G1 F948.6 X70.218 Y111.16 E2200.72515
G1 X69.957 Y110.975 E2200.73861
G1 F1030 X69.9 Y110.88 E2200.74291
G1 F1156.6 X69.9 Y108.766 E2200.81586
G1 F1200 X70.065 Y108.618 E2200.82323
G1 X182.3 Y108.616 E2204.55618
G1 X182.3 Y107.016 E2204.6094
G1 X52.7 Y107.016 E2208.91991
G1 X52.7 Y108.616 E2208.97312
G1 X68.1 Y108.616 E2209.48533
G1 X68.26 Y108.696 E2209.49128
G1 X68.3 Y108.816 E2209.49549
G1 F1170.7 X68.3 Y110.859 E2209.56514
G1 F1041.2 X68.242 Y110.971 E2209.56997
G1 F954.3 X67.984 Y111.15 E2209.58311
G1 F948.6 X67.723 Y111.422 E2209.59897
G1 F952.4 X67.559 Y111.673 E2209.61153
G1 F963.9 X67.418 Y112.004 E2209.62643
G1 F960 X67.358 Y112.338 E2209.64054
G1 F950.5 X67.367 Y112.717 E2209.65646
G1 X67.442 Y113.055 E2209.67099
G1 F948.6 X67.576 Y113.37 E2209.6854
G1 F950.5 X67.845 Y113.716 E2209.7038
G1 F946.7 X68.034 Y113.881 E2209.71438
G1 F944.9 X68.259 Y114.036 E2209.72592
G1 F1061.9 X68.301 Y114.229 E2209.73334
G1 F1200 X68.3 Y120.774 E2209.95103
G1 F1066.7 X68.238 Y120.977 E2209.95897
G1 F950.5 X68.033 Y121.118 E2209.96942
G1 F948.6 X67.844 Y121.284 E2209.98
G1 F956.2 X67.546 Y121.662 E2210.00009
G1 F950.5 X67.398 Y122.112 E2210.01999
G1 F952.4 X67.351 Y122.496 E2210.0362
G1 F956.2 X67.377 Y122.795 E2210.04873
G1 F963.9 X67.449 Y123.102 E2210.06178
G1 F971.7 X67.659 Y123.514 E2210.08078
G1 X67.973 Y123.839 E2210.09934
G1 F956.2 X68.261 Y124.03 E2210.11377
G1 F1016.9 X68.3 Y124.115 E2210.11744
G1 F1153.8 X68.3 Y126.198 E2210.18949
G1 F1200 X68.26 Y126.3 E2210.19313
G1 X68.135 Y126.378 E2210.19803
G1 X52.7 Y126.38 E2210.7114
G1 X52.7 Y127.98 E2210.76462
G1 X182.3 Y127.98 E2215.07513
G1 X182.3 Y126.38 E2215.12835
G1 X148.5 Y126.38 E2216.25254
G1 F2700 E2211.25254
G0 F9000 X148.5 Y126.691
G0 X148.062 Y126.619
G0 X148.055 Y124
G0 X148.069 Y123.614
G1 F2700 E2216.25254
G1 F1061.9 X147.652 Y123.689 E2216.26847
G1 F1200 X147.325 Y123.687 E2216.27934
G1 F1093.4 X147.04 Y123.649 E2216.28984
G1 F983.6 X146.753 Y123.5 E2216.30296
G1 F960 X146.455 Y123.196 E2216.32066
G1 F952.4 X146.302 Y122.869 E2216.33579
G1 X146.239 Y122.498 E2216.35156
G1 F944.9 X146.336 Y122.028 E2216.37183
G1 F948.6 X146.561 Y121.66 E2216.38998
G1 F952.4 X146.898 Y121.403 E2216.40774
G1 F958.1 X147.229 Y121.274 E2216.42254
G1 F963.9 X147.574 Y121.251 E2216.43686
G1 X147.906 Y121.32 E2216.4509
G1 F967.7 X148.312 Y121.534 E2216.46983
G1 F969.7 X148.415 Y121.628 E2216.47557
G1 F967.7 X148.643 Y121.981 E2216.4929
G1 F960 X148.748 Y122.461 E2216.51332
G1 F958.1 X148.726 Y122.735 E2216.52478
G1 F961.9 X148.558 Y123.16 E2216.54374
G1 F956.2 X148.336 Y123.428 E2216.55826
G1 F952.4 X148.069 Y123.614 E2216.5719
G1 F2700 E2211.5719
G0 F9000 X148.213 Y123.83
G0 X147.68 Y123.943
G0 X146.938 Y126.62
G0 X69.662 Y126.619
G0 X69.655 Y124
G0 X70.061 Y123.662
G0 X69.883 Y123.471
G1 F2700 E2216.5719
G1 F963.9 X69.605 Y123.643 E2216.58544
G1 F1071.4 X69.242 Y123.668 E2216.59899
G1 F1200 X69.059 Y123.696 E2216.60515
G1 F1188.1 X68.771 Y123.657 E2216.61491
G1 F1081.1 X68.644 Y123.663 E2216.61961
G1 F987.7 X68.217 Y123.414 E2216.63958
G1 F975.6 X67.917 Y122.97 E2216.6615
G1 F967.7 X67.85 Y122.488 E2216.68157
G1 F952.4 X67.896 Y122.224 E2216.6928
G1 F950.5 X67.968 Y121.968 E2216.70397
G1 F958.1 X68.16 Y121.671 E2216.7187
G1 X68.52 Y121.391 E2216.7377
G1 F1066.7 X68.859 Y121.324 E2216.75063
G1 F1200 X69.28 Y121.309 E2216.76464
G1 F1064.3 X69.676 Y121.39 E2216.7798
G1 F956.2 X70.017 Y121.653 E2216.79778
G1 F958.1 X70.244 Y121.968 E2216.81395
G1 F961.9 X70.351 Y122.474 E2216.83541
G1 F963.9 X70.265 Y122.961 E2216.85589
G1 F960 X70.063 Y123.289 E2216.8719
G1 F958.1 X69.883 Y123.471 E2216.88257
G1 F2700 E2211.88257
G0 F9000 X70.061 Y123.662
G0 X70.458 Y123.026
G0 X70.557 Y122.465
G0 X70.432 Y121.914
G0 X69.952 Y121.201
G0 X69.685 Y121.025
G0 X69.629 Y113.908
G0 X69.498 Y113.656
G1 F2700 E2216.88257
G1 F1126.8 X69.421 Y113.654 E2216.8853
G1 F1200 X69.101 Y113.696 E2216.89603
G1 F1188.1 X68.834 Y113.674 E2216.90503
G1 F1050.3 X68.54 Y113.62 E2216.91639
G1 F954.3 X68.15 Y113.315 E2216.9371
G1 F958.1 X67.954 Y113.013 E2216.95209
G1 F963.9 X67.842 Y112.538 E2216.9723
G1 F969.7 X67.906 Y112.06 E2216.99215
G1 F971.7 X68.2 Y111.626 E2217.01368
G1 F963.9 X68.494 Y111.403 E2217.02897
G1 F1061.9 X68.754 Y111.348 E2217.03895
G1 F1121.5 X69.171 Y111.281 E2217.05398
G1 F1008.4 X69.674 Y111.388 E2217.07434
G1 F958.1 X70.052 Y111.682 E2217.09429
G1 F960 X70.253 Y112.007 E2217.11017
G1 F958.1 X70.35 Y112.466 E2217.12972
G1 F960 X70.266 Y112.951 E2217.15018
G1 F963.9 X70.044 Y113.314 E2217.1678
G1 X69.858 Y113.49 E2217.1784
G1 F1008.4 X69.498 Y113.656 E2217.1941
G1 F2700 E2212.1941
;MESH:NONMESH
G0 F300 X69.498 Y113.656 Z6.2
G0 F9000 X69.629 Y113.908
G0 X70.427 Y113.339
G0 X71.383 Y113.869
G0 X162.835 Y113.339
G0 X163.93 Y113.339
G0 X166.5 Y121.5
;TIME_ELAPSED:4088.160532
;LAYER:30
;TYPE:WALL-INNER
;MESH:BtnFaceWithWings.stl
G1 F2700 E2217.1941
G1 F1200 X166.5 Y113.5 E2217.46018
G1 X164.5 Y113.5 E2217.5267
G1 X164.5 Y121.5 E2217.79278
G1 X166.5 Y121.5 E2217.8593
G0 F9000 X166.9 Y121.9
G1 F1200 X166.9 Y113.1 E2218.15199
G1 X164.1 Y113.1 E2218.24512
G1 X164.1 Y121.9 E2218.5378
G1 X166.9 Y121.9 E2218.63093
G0 F9000 X167.3 Y122.3
;TYPE:WALL-OUTER
G1 F1200 X167.3 Y112.7 E2218.95023
G1 X163.7 Y112.7 E2219.06997
G1 X163.7 Y122.3 E2219.38926
G1 X167.3 Y122.3 E2219.509
G0 F9000 X167.02 Y122.02
G0 X166.42 Y121.353
;TYPE:FILL
G1 F2400 X166.172 Y121.42 E2219.51755
G0 F9000 X166 Y121.3
G1 F2400 X166 Y117.375 E2219.64809
G0 F9000 X165.6 Y116.975
G1 F2400 X165.6 Y121.3 E2219.79194
G0 F9000 X165.2 Y121.3
G1 F2400 X165.2 Y116.575 E2219.9491
G1 X165.2 Y116.572
G1 X164.58 Y115.953 E2219.97823
G0 F9000 X164.58 Y115.635
G1 F2400 X165.2 Y115.469 E2219.99958
G0 F9000 X165.6 Y115.362
G1 F2400 X165.2 Y115.469 E2220.01335
G1 X165.2 Y116.572 E2220.05004
G1 X165.6 Y116.972 E2220.06885
G0 F9000 X166.42 Y117.794
G1 F2400 X165.6 Y116.972 E2220.10747
G1 X165.6 Y115.362 E2220.16102
G1 X166.42 Y115.142 E2220.18926
G1 X166.3 Y115.035
G1 X164.7 Y114.887 E2220.2427
G0 F9000 X164.7 Y114.083
G1 F2400 X166.3 Y114.232 E2220.29615
G0 F9000 X166.29 Y114.232
G1 F2700 E2215.29615
G0 F9000 X167.076 Y112.924
G0 X167.076 Y111.835
G0 X167.078 Y109.368
G0 X167.078 Y108.273
G0 X181.502 Y107.702
;TYPE:WALL-INNER
G1 F2700 E2220.29615
G1 F1212.1 X70.1 Y107.702 E2223.96434
G1 F1188.1 X69.927 Y107.709 E2223.97016
G1 F1116.3 X69.1 Y107.729 E2223.99974
G1 F1137.4 X68.1 Y107.702 E2224.03484
G1 X68.921 Y108.087 E2224.06666
G1 F1076.2 X69.057 Y108.342 E2224.07737
G1 F1137.4 X69.1 Y108.7 E2224.09003
G1 X69.143 Y108.342 E2224.10268
G1 F1076.2 X69.279 Y108.087 E2224.1134
G1 F1116.3 X69.927 Y107.709 E2224.14022
G0 F9000 X69.262 Y107.864
G0 X69.1 Y108.7
G1 F1200 X69.1 Y110.501 E2224.20012
G0 F9000 X68.938 Y107.865
G0 X68.1 Y107.702
G1 F1206 X53.5 Y107.704 E2224.68329
G0 F9000 X68.938 Y107.865
G0 X69.19 Y108.34
G0 X69.619 Y108.34
G1 F1200 X70.009 Y108.1 E2224.69852
G1 X181.9 Y108.1 E2228.42003
G1 X181.9 Y107.304 E2228.44651
G1 X53.1 Y107.304 E2232.73041
G1 X53.1 Y108.104 E2232.75702
G1 X68.1 Y108.1 E2233.25592
G1 X68.581 Y108.34 E2233.2738
G1 X68.662 Y108.489 E2233.27944
G1 X68.7 Y108.7 E2233.28657
G1 X68.7 Y110.768 E2233.35535
G1 X68.673 Y110.952 E2233.36154
G1 X69.19 Y110.892 E2233.37885
G1 X69.568 Y110.985 E2233.3918
G1 X69.5 Y110.768 E2233.39936
G1 X69.5 Y108.7 E2233.46814
G1 X69.538 Y108.489 E2233.47527
G1 X69.619 Y108.34 E2233.48092
G0 F9000 X69.19 Y108.34
G0 X69.721 Y111.184
G0 X70.084 Y111.431
G0 X70.324 Y111.717
G0 X70.513 Y112.143
G0 X70.537 Y112.756
G0 X70.317 Y113.276
G0 X69.1 Y114.491
G1 F1200 X69.1 Y120.486 E2233.68031
G0 F9000 X69.58 Y120.982
G1 F1200 X69.501 Y120.786 E2233.68734
G1 X69.5 Y114.232 E2233.90533
G1 X69.541 Y114.027 E2233.91228
G1 X68.963 Y114.106 E2233.93168
G1 X68.624 Y114.013 E2233.94337
G1 X68.697 Y114.189 E2233.94971
G1 X68.7 Y120.768 E2234.16853
G1 X68.663 Y120.959 E2234.175
G1 X69.212 Y120.871 E2234.19349
G1 X69.58 Y120.982 E2234.20628
G0 F9000 X69.231 Y120.595
G0 X70.324 Y121.717
G0 X70.513 Y122.143
G0 X70.537 Y122.756
G0 X70.317 Y123.276
G0 X69.1 Y124.49
G1 F1188.1 X69.1 Y126.383 E2234.26987
G0 F9000 X68.938 Y127.136
G0 X68.274 Y127.289
G1 F1176.5 X68.1 Y127.296 E2234.27578
G1 F1200 X53.5 Y127.296 E2234.76137
G0 F9000 X70.1 Y127.296
G1 F1200 X146.5 Y127.296 E2237.30245
G1 F1176.5 X146.674 Y127.289 E2237.30836
G0 F9000 X147.338 Y127.136
G0 X147.5 Y126.383
G1 F1188.1 X147.5 Y124.485 E2237.37212
G0 F9000 X147.662 Y127.135
G0 X148.5 Y127.296
G1 F1200 X181.5 Y127.296 E2238.4697
G1 F2700 E2233.4697
G0 F9000 X148.5 Y127.296
G1 F2700 E2238.4697
G1 F1129.4 X147.68 Y126.911 E2238.50171
G1 F1081.1 X147.545 Y126.654 E2238.51243
G1 F1134.8 X147.5 Y126.383 E2238.52209
G1 X147.455 Y126.654 E2238.53175
G1 F1081.1 X147.32 Y126.911 E2238.54247
G1 F1108.5 X146.674 Y127.289 E2238.56942
G1 X147.5 Y127.271 E2238.59917
G1 F1129.4 X148.5 Y127.296 E2238.63452
G1 F2700 E2233.63452
G0 F9000 X70.1 Y127.296
G1 F2700 E2238.63452
G1 F1129.4 X69.28 Y126.911 E2238.66653
G1 F1081.1 X69.145 Y126.654 E2238.67725
G1 F1134.8 X69.1 Y126.383 E2238.68691
G1 X69.055 Y126.654 E2238.69657
G1 F1081.1 X68.92 Y126.911 E2238.70729
G1 F1108.5 X68.274 Y127.289 E2238.73424
G1 X69.1 Y127.271 E2238.76398
G1 F1129.4 X70.1 Y127.296 E2238.79933
G1 F2700 E2233.79933
G0 F9000 X147.338 Y127.136
G0 X147.59 Y126.656
G0 X148.02 Y126.656
G1 F2700 E2238.79933
G1 F1200 X147.902 Y126.348 E2238.8103
G1 X147.902 Y124.17 E2238.88274
G1 X147.955 Y124.021 E2238.888
G1 X147.664 Y124.1 E2238.89803
G1 X147.059 Y124.042 E2238.91825
G1 X147.1 Y124.14 E2238.92178
G1 X147.098 Y126.348 E2238.99522
G1 X146.98 Y126.656 E2239.00619
G1 X146.591 Y126.896 E2239.02139
G1 X70.1 Y126.896 E2241.56549
G1 X69.62 Y126.656 E2241.58334
G1 X69.502 Y126.348 E2241.59431
G1 X69.505 Y124.151 E2241.66738
G1 X69.593 Y124.002 E2241.67314
G1 X69.289 Y124.094 E2241.6837
G1 X68.866 Y124.083 E2241.69778
G1 X68.663 Y124.037 E2241.7047
G1 X68.698 Y124.162 E2241.70902
G1 X68.698 Y126.348 E2241.78173
G1 X68.58 Y126.656 E2241.7927
G1 X68.191 Y126.896 E2241.8079
G1 X53.1 Y126.896 E2242.30983
G1 X53.1 Y127.696 E2242.33643
G1 X181.9 Y127.696 E2246.62034
G1 X181.9 Y126.896 E2246.64695
G1 X148.5 Y126.896 E2247.75784
G1 X148.02 Y126.656 E2247.77569
G0 F9000 X148.5 Y126.496
;TYPE:WALL-OUTER
G1 F1200 X148.34 Y126.416 E2247.78164
G1 X148.3 Y126.314 E2247.78528
G1 F1111.1 X148.306 Y124.1 E2247.86481
G1 F987.7 X148.337 Y124.034 E2247.86776
G1 F952.4 X148.548 Y123.896 E2247.87832
G1 F946.7 X148.815 Y123.656 E2247.89346
G1 F943 X149.064 Y123.297 E2247.91195
G1 F954.3 X149.198 Y122.911 E2247.92904
G1 F944.9 X149.251 Y122.443 E2247.94893
G1 F937.5 X149.179 Y121.973 E2247.96917
G1 F948.6 X148.971 Y121.542 E2247.98931
G1 X148.762 Y121.296 E2248.00289
G1 F944.9 X148.417 Y120.999 E2248.02212
G1 F952.4 X147.886 Y120.777 E2248.04624
G1 F956.2 X147.419 Y120.753 E2248.06576
G1 X147.085 Y120.801 E2248.07984
G1 F952.4 X146.74 Y120.915 E2248.09507
G1 F948.6 X146.311 Y121.202 E2248.11679
G1 F941.2 X146.031 Y121.543 E2248.1355
G1 F943 X145.846 Y121.93 E2248.15365
G1 F954.3 X145.756 Y122.272 E2248.16844
G1 F956.2 X145.758 Y122.647 E2248.1841
G1 F952.4 X145.818 Y122.992 E2248.19877
G1 F943 X145.993 Y123.395 E2248.21737
G1 F948.6 X146.239 Y123.708 E2248.23412
G1 F960 X146.438 Y123.889 E2248.2453
G1 F952.4 X146.654 Y124.024 E2248.25598
G1 F1025.6 X146.7 Y124.121 E2248.26015
G1 F1159.4 X146.7 Y126.314 E2248.33565
G1 F1200 X146.66 Y126.416 E2248.33929
G1 X146.535 Y126.494 E2248.34419
G1 X70.1 Y126.496 E2250.88643
G1 X69.94 Y126.416 E2250.89238
G1 X69.9 Y126.314 E2250.89602
G1 X69.901 Y124.202 E2250.96627
G1 F1090.9 X69.957 Y124.034 E2250.97275
G1 F987.7 X70.15 Y123.899 E2250.98226
G1 F960 X70.416 Y123.658 E2250.99719
G1 F948.6 X70.596 Y123.395 E2251.0106
G1 X70.744 Y123.072 E2251.02555
G1 X70.852 Y122.693 E2251.04213
G1 F950.5 X70.825 Y122.193 E2251.06315
G1 F944.9 X70.698 Y121.775 E2251.08161
G1 F948.6 X70.473 Y121.416 E2251.09943
G1 F956.2 X70.27 Y121.201 E2251.11177
G1 F946.7 X69.939 Y120.945 E2251.12941
G1 F1004.2 X69.9 Y120.872 E2251.1327
G1 F1113.7 X69.9 Y117.552 E2251.25169
G1 F1170.7 X69.9 Y114.232 E2251.36487
G1 F1057.3 X69.948 Y114.027 E2251.37282
G1 F948.6 X70.271 Y113.792 E2251.38962
G1 F958.1 X70.506 Y113.538 E2251.40404
G1 F944.9 X70.723 Y113.156 E2251.4226
G1 F943 X70.837 Y112.739 E2251.44089
G1 F950.5 X70.837 Y112.371 E2251.45635
G1 F946.7 X70.781 Y111.97 E2251.47342
G1 F956.2 X70.577 Y111.563 E2251.49242
G1 F961.9 X70.357 Y111.284 E2251.50716
G1 F958.1 X70.158 Y111.108 E2251.51823
G1 F956.2 X69.957 Y110.974 E2251.52831
G1 F1034.5 X69.9 Y110.875 E2251.53272
G1 F1159.4 X69.9 Y108.7 E2251.60759
G1 F1200 X69.939 Y108.58 E2251.61179
G1 X70.065 Y108.502 E2251.61672
G1 X182.3 Y108.5 E2255.34967
G1 X182.3 Y106.904 E2255.40275
G1 X52.7 Y106.904 E2259.71327
G1 X52.7 Y108.504 E2259.76648
G1 X68.1 Y108.5 E2260.27869
G1 X68.261 Y108.58 E2260.28467
G1 X68.3 Y108.7 E2260.28886
G1 F1165 X68.3 Y110.868 E2260.36314
G1 F1036.7 X68.252 Y110.968 E2260.36741
G1 F954.3 X68.048 Y111.102 E2260.37761
G1 F950.5 X67.78 Y111.338 E2260.39261
G1 F948.6 X67.601 Y111.601 E2260.40599
G1 F963.9 X67.444 Y111.921 E2260.42075
G1 F973.6 X67.345 Y112.325 E2260.4378
G1 F960 X67.371 Y112.804 E2260.45775
G1 F946.7 X67.501 Y113.22 E2260.47612
G1 F950.5 X67.727 Y113.582 E2260.49404
G1 F960 X67.925 Y113.796 E2260.50616
G1 F948.6 X68.259 Y114.051 E2260.52384
G1 F987.7 X68.301 Y114.129 E2260.52742
G1 F1066.7 X68.304 Y120.851 E2260.77895
G1 F1012.7 X68.273 Y120.953 E2260.78315
G1 F956.2 X67.923 Y121.203 E2260.8011
G1 F950.5 X67.695 Y121.465 E2260.81568
G1 F944.9 X67.468 Y121.838 E2260.83413
G1 F943 X67.364 Y122.258 E2260.85244
G1 F946.7 X67.355 Y122.625 E2260.86792
G1 F956.2 X67.426 Y123.042 E2260.88557
G1 F952.4 X67.622 Y123.436 E2260.90402
G1 F956.2 X67.839 Y123.711 E2260.91864
G1 F961.9 X68.036 Y123.889 E2260.92965
G1 F956.2 X68.258 Y124.029 E2260.94061
G1 F1019.1 X68.299 Y124.137 E2260.94513
G1 F1148.3 X68.3 Y126.314 E2261.0208
G1 F1200 X68.26 Y126.416 E2261.02444
G1 X68.135 Y126.494 E2261.02934
G1 X52.7 Y126.496 E2261.54271
G1 X52.7 Y128.096 E2261.59593
G1 X182.3 Y128.096 E2265.90644
G1 X182.3 Y126.496 E2265.95966
G1 X148.5 Y126.496 E2267.08385
G1 F2700 E2262.08385
G0 F9000 X148.5 Y126.807
G0 X148.062 Y126.735
G0 X148.055 Y123.993
G0 X148.039 Y123.627
G1 F2700 E2267.08385
G1 F1059.6 X147.6 Y123.692 E2267.10057
G1 F1200 X147.184 Y123.652 E2267.11447
G1 F1121.5 X147.099 Y123.655 E2267.1175
G1 F1004.2 X146.741 Y123.492 E2267.13313
G1 F960 X146.581 Y123.342 E2267.14225
G1 F963.9 X146.337 Y122.998 E2267.15971
G1 F961.9 X146.253 Y122.583 E2267.17728
G1 F956.2 X146.261 Y122.303 E2267.18897
G1 X146.387 Y121.937 E2267.20513
G1 X146.682 Y121.545 E2267.22561
G1 X147.023 Y121.342 E2267.24217
G1 F960 X147.318 Y121.257 E2267.25494
G1 X147.726 Y121.263 E2267.2719
G1 F952.4 X148.172 Y121.444 E2267.29207
G1 F950.5 X148.53 Y121.774 E2267.31252
G1 F952.4 X148.698 Y122.141 E2267.32943
G1 F943 X148.734 Y122.459 E2267.34298
G1 F948.6 X148.723 Y122.745 E2267.35502
G1 F958.1 X148.622 Y123.051 E2267.36845
G1 F952.4 X148.328 Y123.44 E2267.38888
G1 F950.5 X148.039 Y123.627 E2267.40333
G1 F2700 E2262.40333
G0 F9000 X148.176 Y123.846
G0 X147.657 Y123.948
G0 X146.938 Y126.736
G0 X69.662 Y126.735
G0 X69.655 Y123.993
G0 X69.863 Y123.822
G0 X69.784 Y123.571
G1 F2700 E2267.40333
G1 F1071.4 X69.253 Y123.689 E2267.4236
G1 F1200 X68.92 Y123.687 E2267.43467
G1 F1095.9 X68.642 Y123.648 E2267.4449
G1 F987.7 X68.34 Y123.494 E2267.4586
G1 F963.9 X68.177 Y123.342 E2267.46782
G1 F958.1 X67.945 Y122.973 E2267.48598
G1 F956.2 X67.837 Y122.503 E2267.50611
G1 F952.4 X67.935 Y122.034 E2267.52619
G1 X68.211 Y121.608 E2267.54746
G1 X68.586 Y121.346 E2267.56663
G1 F1059.6 X68.946 Y121.317 E2267.58024
G1 F1200 X69.154 Y121.284 E2267.58724
G1 F1050.3 X69.656 Y121.37 E2267.6066
G1 F946.7 X69.941 Y121.576 E2267.62142
G1 F963.9 X70.149 Y121.822 E2267.63476
G1 F965.8 X70.32 Y122.203 E2267.65202
G1 F960 X70.333 Y122.744 E2267.67452
G1 F958.1 X70.121 Y123.226 E2267.69645
G1 F963.9 X69.784 Y123.571 E2267.71643
G1 F2700 E2262.71643
G0 F9000 X69.863 Y123.822
G0 X70.293 Y123.334
G0 X70.537 Y122.756
G0 X70.513 Y122.143
G0 X70.324 Y121.717
G0 X69.654 Y120.96
G0 X69.655 Y114.006
G0 X69.6 Y113.648
G1 F2700 E2267.71643
G1 F1086 X69.466 Y113.639 E2267.72136
G1 F1200 X68.992 Y113.698 E2267.73725
G1 F1052.6 X68.541 Y113.625 E2267.75457
G1 F948.6 X68.255 Y113.422 E2267.76933
G1 F963.9 X68.041 Y113.159 E2267.78337
G1 F961.9 X67.88 Y112.782 E2267.80038
G1 X67.851 Y112.557 E2267.80979
G1 F963.9 X67.892 Y112.081 E2267.82957
G1 F956.2 X68.191 Y111.632 E2267.85209
G1 F954.3 X68.504 Y111.398 E2267.86844
G1 F1061.9 X68.761 Y111.348 E2267.87828
G1 F1194 X69.138 Y111.3 E2267.89098
G1 F1064.3 X69.673 Y111.388 E2267.91131
G1 F958.1 X69.954 Y111.581 E2267.92551
G1 F963.9 X70.162 Y111.842 E2267.93933
G1 X70.325 Y112.215 E2267.95619
G1 F960 X70.335 Y112.689 E2267.9759
G1 F943 X70.245 Y112.954 E2267.98774
G1 F944.9 X70.107 Y113.236 E2268.00101
G1 F960 X69.896 Y113.457 E2268.01371
G1 F975.6 X69.6 Y113.648 E2268.02812
G1 F2700 E2263.02812
;MESH:NONMESH
G0 F300 X69.6 Y113.648 Z6.4
G0 F9000 X69.721 Y113.868
G0 X70.564 Y113.093
G0 X71.624 Y113.367
G0 X162.835 Y113.093
G0 X163.93 Y113.093
G0 X166.5 Y121.5
;TIME_ELAPSED:4177.034421
;LAYER:31
;TYPE:WALL-INNER
;MESH:BtnFaceWithWings.stl
G1 F2700 E2268.02812
G1 F1200 X166.5 Y113.5 E2268.2942
G1 X164.5 Y113.5 E2268.36072
G1 X164.5 Y121.5 E2268.6268
G1 X166.5 Y121.5 E2268.69332
G0 F9000 X166.9 Y121.9
G1 F1200 X166.9 Y113.1 E2268.98601
G1 X164.1 Y113.1 E2269.07914
G1 X164.1 Y121.9 E2269.37183
G1 X166.9 Y121.9 E2269.46496
G0 F9000 X167.3 Y122.3
;TYPE:WALL-OUTER
G1 F1200 X167.3 Y112.7 E2269.78426
G1 X163.7 Y112.7 E2269.90399
G1 X163.7 Y122.3 E2270.22329
G1 X167.3 Y122.3 E2270.34303
G0 F9000 X167.02 Y122.02
G0 X166.4 Y121.14
G0 X166.14 Y121.14
;TYPE:SKIN
G1 F1200 X164.86 Y121.14 E2270.3856
G1 X164.86 Y113.86 E2270.62773
G1 X166.14 Y113.86 E2270.67031
G1 X166.14 Y121.14 E2270.91244
G0 F9000 X165.863 Y120.94
G1 F1200 X165.94 Y120.862 E2270.91609
G0 F9000 X165.94 Y120.297
G1 F1200 X165.297 Y120.94 E2270.94633
G0 F9000 X165.061 Y120.61
G1 F1200 X165.94 Y119.731 E2270.98768
G0 F9000 X165.94 Y119.165
G1 F1200 X165.061 Y120.045 E2271.02904
G0 F9000 X165.061 Y119.479
G1 F1200 X165.94 Y118.599 E2271.07041
G0 F9000 X165.94 Y118.034
G1 F1200 X165.061 Y118.913 E2271.11176
G0 F9000 X165.061 Y118.348
G1 F1200 X165.94 Y117.468 E2271.15313
G0 F9000 X165.94 Y116.902
G1 F1200 X165.061 Y117.782 E2271.1945
G0 F9000 X165.061 Y117.216
G1 F1200 X165.94 Y116.337 E2271.23584
G0 F9000 X165.94 Y115.771
G1 F1200 X165.061 Y116.651 E2271.27721
G0 F9000 X165.061 Y116.085
G1 F1200 X165.94 Y115.205 E2271.31858
G0 F9000 X165.94 Y114.64
G1 F1200 X165.061 Y115.519 E2271.35993
G0 F9000 X165.061 Y114.954
G1 F1200 X165.94 Y114.074 E2271.4013
G0 F9000 X165.389 Y114.06
G1 F1200 X165.061 Y114.388 E2271.41672
G1 F2700 E2266.41672
G0 F9000 X164.6 Y114.388
G0 X164.672 Y113.672
G0 X167.076 Y112.924
G0 X167.076 Y111.835
G0 X167.076 Y109.252
G0 X167.076 Y108.157
G0 X181.502 Y107.586
;TYPE:WALL-INNER
G1 F2700 E2271.41672
G1 F1212.1 X70.1 Y107.586 E2275.08492
G1 F1188.1 X69.927 Y107.593 E2275.09073
G1 F1116.3 X69.099 Y107.612 E2275.12035
G1 F1132.1 X68.1 Y107.588 E2275.15558
G1 X68.92 Y107.972 E2275.1875
G1 F1071.4 X69.056 Y108.226 E2275.19823
G1 F1134.8 X69.1 Y108.588 E2275.21106
G1 X69.143 Y108.226 E2275.22388
G1 F1071.4 X69.279 Y107.971 E2275.23465
G1 F1116.3 X69.927 Y107.593 E2275.26147
G0 F9000 X69.262 Y107.749
G0 X69.1 Y108.588
G1 F1200 X69.1 Y110.512 E2275.32546
G0 F9000 X68.938 Y107.75
G0 X68.1 Y107.588
G1 F1200 X53.5 Y107.588 E2275.81106
G0 F9000 X68.938 Y107.75
G0 X69.19 Y108.225
G0 X69.619 Y108.225
G1 F1200 X70.009 Y107.984 E2275.82631
G1 X181.9 Y107.984 E2279.54782
G1 X181.9 Y107.188 E2279.57429
G1 X53.1 Y107.188 E2283.8582
G1 X53.1 Y107.988 E2283.88481
G1 X68.1 Y107.988 E2284.38371
G1 X68.58 Y108.227 E2284.40154
G1 X68.661 Y108.375 E2284.40715
G1 X68.7 Y108.588 E2284.41436
G1 X68.701 Y110.758 E2284.48653
G1 X68.662 Y110.964 E2284.4935
G1 X68.86 Y110.92 E2284.50025
G1 X69.306 Y110.905 E2284.51509
G1 X69.555 Y110.976 E2284.5237
G1 X69.5 Y110.847 E2284.52837
G1 X69.5 Y108.587 E2284.60354
G1 X69.538 Y108.374 E2284.61073
G1 X69.619 Y108.225 E2284.61637
G0 F9000 X69.19 Y108.225
G0 X69.724 Y111.186
G0 X70.179 Y111.524
G0 X70.415 Y111.875
G0 X70.553 Y112.438
G0 X70.527 Y112.774
G0 X70.327 Y113.285
G0 X69.1 Y114.493
G1 F1200 X69.1 Y120.508 E2284.81643
G0 F9000 X69.541 Y120.966
G1 F1200 X69.504 Y120.843 E2284.8207
G1 X69.5 Y114.232 E2285.04059
G1 X69.537 Y114.033 E2285.04732
G1 X69.132 Y114.095 E2285.06095
G1 X68.667 Y114.033 E2285.07655
G1 X68.7 Y114.228 E2285.08313
G1 X68.698 Y120.828 E2285.30264
G1 X68.665 Y120.96 E2285.30717
G1 X68.867 Y120.913 E2285.31407
G1 X69.333 Y120.913 E2285.32957
G1 X69.541 Y120.966 E2285.33671
G0 F9000 X69.22 Y120.631
G0 X70.194 Y121.545
G0 X70.415 Y121.875
G0 X70.553 Y122.438
G0 X70.527 Y122.774
G0 X70.327 Y123.285
G0 X69.1 Y124.485
G1 F1188.1 X69.1 Y126.499 E2285.40436
G0 F9000 X68.938 Y127.251
G0 X68.274 Y127.405
G1 F1176.5 X68.1 Y127.412 E2285.41027
G1 F1200 X53.5 Y127.412 E2285.89587
G0 F9000 X70.1 Y127.412
G1 F1200 X146.5 Y127.412 E2288.43694
G1 F1176.5 X146.674 Y127.405 E2288.44285
G0 F9000 X147.338 Y127.251
G0 X147.5 Y126.499
G1 F1188.1 X147.5 Y124.491 E2288.5103
G0 F9000 X147.662 Y127.25
G0 X148.5 Y127.412
G1 F1200 X181.5 Y127.412 E2289.60789
G1 F2700 E2284.60789
G0 F9000 X148.5 Y127.412
G1 F2700 E2289.60789
G1 F1129.4 X147.68 Y127.027 E2289.6399
G1 F1081.1 X147.545 Y126.77 E2289.65062
G1 F1134.8 X147.5 Y126.499 E2289.66028
G1 X147.455 Y126.77 E2289.66994
G1 F1081.1 X147.32 Y127.027 E2289.68066
G1 F1108.5 X146.674 Y127.405 E2289.70761
G1 X147.5 Y127.387 E2289.73736
G1 F1129.4 X148.5 Y127.412 E2289.77271
G1 F2700 E2284.77271
G0 F9000 X70.1 Y127.412
G1 F2700 E2289.77271
G1 F1129.4 X69.28 Y127.027 E2289.80472
G1 F1081.1 X69.145 Y126.77 E2289.81544
G1 F1134.8 X69.1 Y126.499 E2289.8251
G1 X69.055 Y126.77 E2289.83476
G1 F1081.1 X68.92 Y127.027 E2289.84548
G1 F1108.5 X68.274 Y127.405 E2289.87243
G1 X69.1 Y127.387 E2289.90217
G1 F1129.4 X70.1 Y127.412 E2289.93752
G1 F2700 E2284.93752
G0 F9000 X147.338 Y127.251
G0 X147.59 Y126.772
G0 X148.02 Y126.772
G1 F2700 E2289.93752
G1 F1200 X147.902 Y126.464 E2289.94849
G1 X147.9 Y124.232 E2290.02273
G1 X147.94 Y124.043 E2290.02915
G1 X147.755 Y124.096 E2290.03555
G1 X147.271 Y124.083 E2290.05166
G1 X147.061 Y124.035 E2290.05882
G1 X147.097 Y124.169 E2290.06344
G1 X147.098 Y126.464 E2290.13977
G1 X146.98 Y126.772 E2290.15074
G1 X146.591 Y127.012 E2290.16594
G1 X70.1 Y127.012 E2292.71004
G1 X69.62 Y126.772 E2292.72789
G1 X69.502 Y126.464 E2292.73886
G1 X69.503 Y124.169 E2292.8152
G1 X69.565 Y124.016 E2292.82069
G1 X69.264 Y124.099 E2292.83107
G1 X68.66 Y124.043 E2292.85125
G1 X68.7 Y124.14 E2292.85474
G1 X68.698 Y126.464 E2292.93203
G1 X68.58 Y126.772 E2292.943
G1 X68.191 Y127.012 E2292.95821
G1 X53.1 Y127.012 E2293.46013
G1 X53.1 Y127.812 E2293.48674
G1 X181.9 Y127.812 E2297.77065
G1 X181.9 Y127.012 E2297.79726
G1 X148.5 Y127.012 E2298.90814
G1 X148.02 Y126.772 E2298.92599
G0 F9000 X148.5 Y126.612
;TYPE:WALL-OUTER
G1 F1200 X148.34 Y126.532 E2298.93194
G1 X148.3 Y126.43 E2298.93559
G1 F1148.3 X148.301 Y124.144 E2299.01504
G1 F1012.7 X148.344 Y124.029 E2299.01988
G1 F948.6 X148.617 Y123.844 E2299.03376
G1 F956.2 X148.947 Y123.503 E2299.05356
G1 F954.3 X149.154 Y123.062 E2299.07394
G1 F944.9 X149.236 Y122.735 E2299.08818
G1 F948.6 X149.243 Y122.393 E2299.10257
G1 F952.4 X149.173 Y122.009 E2299.11893
G1 X149.061 Y121.711 E2299.13227
G1 F961.9 X148.877 Y121.425 E2299.14638
G1 F952.4 X148.654 Y121.186 E2299.16008
G1 F946.7 X148.424 Y121.017 E2299.17211
G1 F952.4 X148.111 Y120.861 E2299.18677
G1 X147.669 Y120.747 E2299.2059
G1 F956.2 X147.121 Y120.777 E2299.22881
G1 F961.9 X146.67 Y120.961 E2299.24902
G1 F956.2 X146.387 Y121.15 E2299.26322
G1 F952.4 X146.13 Y121.4 E2299.27825
G1 F948.6 X145.923 Y121.732 E2299.29471
G1 F941.2 X145.792 Y122.093 E2299.31099
G1 F948.6 X145.751 Y122.465 E2299.32674
G1 F956.2 X145.768 Y122.725 E2299.33762
G1 F954.3 X145.83 Y123.049 E2299.35141
G1 F952.4 X146.021 Y123.452 E2299.3701
G1 F950.5 X146.353 Y123.828 E2299.39117
G1 F948.6 X146.66 Y124.033 E2299.4067
G1 F1016.9 X146.699 Y124.141 E2299.4112
G1 F1145.6 X146.7 Y126.43 E2299.49095
G1 F1200 X146.66 Y126.532 E2299.4946
G1 X146.535 Y126.61 E2299.4995
G1 X70.1 Y126.612 E2302.04174
G1 X69.94 Y126.532 E2302.04769
G1 X69.9 Y126.43 E2302.05133
G1 F1148.3 X69.901 Y124.109 E2302.132
G1 F1021.3 X69.941 Y124.036 E2302.13525
G1 F956.2 X70.217 Y123.844 E2302.14929
G1 F960 X70.56 Y123.488 E2302.16984
G1 F952.4 X70.747 Y123.071 E2302.18899
G1 X70.831 Y122.748 E2302.20298
G1 F956.2 X70.85 Y122.362 E2302.21911
G1 F948.6 X70.753 Y121.943 E2302.23721
G1 F952.4 X70.659 Y121.71 E2302.24773
G1 F960 X70.471 Y121.42 E2302.2621
G1 X70.224 Y121.162 E2302.27695
G1 F954.3 X69.953 Y120.975 E2302.29072
G1 F1021.3 X69.905 Y120.862 E2302.29552
G1 F1093.4 X69.9 Y114.118 E2302.5417
G1 F1006.3 X69.96 Y114.02 E2302.54626
G1 F952.4 X70.147 Y113.901 E2302.55554
G1 F954.3 X70.333 Y113.732 E2302.56606
G1 F956.2 X70.558 Y113.462 E2302.58073
G1 F948.6 X70.733 Y113.138 E2302.59622
G1 F937.5 X70.856 Y112.649 E2302.61769
G1 F943 X70.817 Y112.202 E2302.63668
G1 F944.9 X70.729 Y111.857 E2302.65172
G1 X70.527 Y111.48 E2302.66978
G1 F941.2 X70.236 Y111.165 E2302.68797
G1 F943 X69.957 Y110.977 E2302.70221
G1 F1025.6 X69.9 Y110.878 E2302.70665
G1 F1156.6 X69.9 Y108.585 E2302.78578
G1 F1200 X69.939 Y108.464 E2302.79001
G1 X70.065 Y108.386 E2302.79494
G1 X182.3 Y108.384 E2306.52789
G1 X182.3 Y106.788 E2306.58097
G1 X52.7 Y106.788 E2310.89148
G1 X52.7 Y108.388 E2310.9447
G1 X68.1 Y108.388 E2311.45691
G1 X68.26 Y108.467 E2311.46284
G1 X68.3 Y108.588 E2311.46708
G1 X68.301 Y110.758 E2311.53925
G1 F1061.9 X68.248 Y110.972 E2311.54754
G1 F956.2 X67.978 Y111.153 E2311.56111
G1 F960 X67.642 Y111.506 E2311.58137
G1 F958.1 X67.446 Y111.928 E2311.60075
G1 F952.4 X67.368 Y112.254 E2311.6148
G1 F948.6 X67.346 Y112.633 E2311.63077
G1 F954.3 X67.478 Y113.194 E2311.65488
G1 F958.1 X67.725 Y113.58 E2311.67397
G1 F967.7 X67.968 Y113.836 E2311.68853
G1 F963.9 X68.259 Y114.029 E2311.70299
G1 F1059.6 X68.3 Y114.228 E2311.71064
G1 F1156.6 X68.3 Y120.878 E2311.94011
G1 F1025.6 X68.24 Y120.979 E2311.94468
G1 F954.3 X68.05 Y121.1 E2311.95411
G1 F956.2 X67.861 Y121.265 E2311.96458
G1 X67.64 Y121.533 E2311.97908
G1 X67.462 Y121.856 E2311.99447
G1 F946.7 X67.346 Y122.382 E2312.01718
G1 F941.2 X67.38 Y122.794 E2312.03471
G1 X67.467 Y123.143 E2312.04996
G1 F937.5 X67.67 Y123.513 E2312.06793
G1 F943 X67.962 Y123.834 E2312.0863
G1 F944.9 X68.253 Y124.027 E2312.10105
G1 F1023.5 X68.3 Y124.126 E2312.10532
G1 F1159.4 X68.3 Y126.43 E2312.18463
G1 F1200 X68.26 Y126.532 E2312.18828
G1 X68.135 Y126.61 E2312.19318
G1 X52.7 Y126.612 E2312.70655
G1 X52.7 Y128.212 E2312.75976
G1 X182.3 Y128.212 E2317.07028
G1 X182.3 Y126.612 E2317.12349
G1 X148.5 Y126.612 E2318.24769
G1 F2700 E2313.24769
G0 F9000 X148.5 Y126.922
G0 X148.062 Y126.85
G0 X148.055 Y124
G0 X148.071 Y123.599
G1 F2700 E2318.24769
G1 F1034.5 X147.793 Y123.697 E2318.25906
G1 F1176.5 X147.325 Y123.687 E2318.27494
G1 F1076.2 X146.989 Y123.642 E2318.28751
G1 F961.9 X146.705 Y123.463 E2318.30144
G1 F950.5 X146.451 Y123.184 E2318.31728
G1 F952.4 X146.304 Y122.872 E2318.33174
G1 F956.2 X146.247 Y122.532 E2318.34613
G1 X146.316 Y122.065 E2318.36583
G1 F954.3 X146.537 Y121.697 E2318.38379
G1 F956.2 X146.89 Y121.409 E2318.4028
G1 F960 X147.268 Y121.266 E2318.41961
G1 F956.2 X147.645 Y121.255 E2318.43535
G1 F954.3 X148.017 Y121.357 E2318.45148
G1 F963.9 X148.411 Y121.634 E2318.47143
G1 X148.642 Y121.977 E2318.48855
G1 F961.9 X148.755 Y122.468 E2318.50945
G1 F956.2 X148.668 Y122.949 E2318.52986
G1 F954.3 X148.463 Y123.291 E2318.54653
G1 F956.2 X148.27 Y123.48 E2318.55781
G1 F948.6 X148.071 Y123.599 E2318.56757
G1 F2700 E2313.56757
G0 F9000 X148.187 Y123.827
G0 X147.822 Y123.946
G0 X146.938 Y126.851
G0 X69.662 Y126.85
G0 X69.655 Y124
G0 X69.66 Y123.62
G1 F2700 E2318.56757
G1 F1004.2 X69.224 Y123.694 E2318.58514
G1 F1126.8 X68.784 Y123.652 E2318.6008
G1 F1054.9 X68.521 Y123.595 E2318.61098
G1 F944.9 X68.311 Y123.469 E2318.62133
G1 F952.4 X67.975 Y123.082 E2318.6428
G1 F948.6 X67.842 Y122.522 E2318.66702
G1 X67.942 Y122.016 E2318.68872
G1 F956.2 X68.071 Y121.787 E2318.69969
G1 F961.9 X68.34 Y121.505 E2318.71586
G1 F1000 X68.661 Y121.351 E2318.73007
G1 F1116.3 X68.923 Y121.309 E2318.73956
G1 F1200 X69.277 Y121.309 E2318.75133
G1 F1106 X69.553 Y121.354 E2318.76143
G1 F995.9 X69.848 Y121.501 E2318.77464
G1 F971.7 X70.026 Y121.664 E2318.78455
G1 F965.8 X70.237 Y121.972 E2318.79998
G1 F956.2 X70.349 Y122.427 E2318.81954
G1 X70.331 Y122.727 E2318.83208
G1 F960 X70.151 Y123.182 E2318.85243
G1 F961.9 X69.892 Y123.463 E2318.86828
G1 F956.2 X69.66 Y123.62 E2318.87998
G1 F2700 E2313.87998
G0 F9000 X69.795 Y123.838
G0 X70.327 Y123.285
G0 X70.527 Y122.774
G0 X70.553 Y122.438
G0 X70.415 Y121.875
G0 X69.868 Y121.146
G0 X69.655 Y120.999
G0 X69.655 Y113.993
G0 X70.071 Y113.653
G0 X69.878 Y113.475
G1 F2700 E2318.87998
G1 F1002.1 X69.534 Y113.647 E2318.89529
G1 F1098.4 X69.468 Y113.647 E2318.89769
G1 F1179.4 X69.164 Y113.696 E2318.90811
G1 F1200 X68.729 Y113.639 E2318.9227
G1 F1086 X68.605 Y113.649 E2318.92728
G1 F981.6 X68.236 Y113.431 E2318.9447
G1 F963.9 X67.966 Y113.037 E2318.96448
G1 F954.3 X67.849 Y112.571 E2318.98458
G1 F952.4 X67.882 Y112.18 E2319.00102
G1 F956.2 X68.054 Y111.805 E2319.01824
G1 F960 X68.298 Y111.538 E2319.03328
G1 F956.2 X68.529 Y111.387 E2319.0448
G1 F1061.9 X68.881 Y111.32 E2319.05827
G1 F1200 X69.277 Y111.309 E2319.07144
G1 F1061.9 X69.666 Y111.388 E2319.08636
G1 F952.4 X70.033 Y111.659 E2319.10548
G1 F956.2 X70.235 Y111.98 E2319.12131
G1 F960 X70.353 Y112.454 E2319.14162
G1 F963.9 X70.32 Y112.795 E2319.15581
G1 F967.7 X70.148 Y113.183 E2319.17331
G1 F963.9 X69.878 Y113.475 E2319.18978
G1 F2700 E2314.18978
;MESH:NONMESH
G0 F300 X69.878 Y113.475 Z6.6
G0 F9000 X70.071 Y113.653
G0 X70.414 Y113.359
G0 X71.366 Y113.895
G0 X162.835 Y113.359
G0 X163.93 Y113.359
G0 X164.672 Y121.328
G0 X166.5 Y121.5
;TIME_ELAPSED:4267.447061
;LAYER:32
;TYPE:WALL-INNER
;MESH:BtnFaceWithWings.stl
G1 F2700 E2319.18978
G1 F1200 X166.5 Y113.5 E2319.45586
G1 X164.5 Y113.5 E2319.52238
G1 X164.5 Y121.5 E2319.78846
G1 X166.5 Y121.5 E2319.85498
G0 F9000 X166.9 Y121.9
G1 F1200 X166.9 Y113.1 E2320.14767
G1 X164.1 Y113.1 E2320.2408
G1 X164.1 Y121.9 E2320.53349
G1 X166.9 Y121.9 E2320.62662
G0 F9000 X167.3 Y122.3
;TYPE:WALL-OUTER
G1 F1200 X167.3 Y112.7 E2320.94591
G1 X163.7 Y112.7 E2321.06565
G1 X163.7 Y122.3 E2321.38495
G1 X167.3 Y122.3 E2321.50468
G0 F9000 X167.02 Y122.02
G0 X166.4 Y121.14
G0 X166.14 Y121.14
;TYPE:SKIN
G1 F1200 X164.86 Y121.14 E2321.54726
G1 X164.86 Y113.86 E2321.78939
G1 X166.14 Y113.86 E2321.83196
G1 X166.14 Y121.14 E2322.0741
G0 F9000 X166.4 Y121.14
G0 X164.672 Y121.328
G0 X164.6 Y120.371
G0 X165.06 Y120.371
G1 F1200 X165.629 Y120.94 E2322.10086
G0 F9000 X165.94 Y120.685
G1 F1200 X165.06 Y119.805 E2322.14225
G0 F9000 X165.06 Y119.239
G1 F1200 X165.94 Y120.12 E2322.18367
G0 F9000 X165.94 Y119.554
G1 F1200 X165.06 Y118.674 E2322.22506
G0 F9000 X165.06 Y118.108
G1 F1200 X165.94 Y118.988 E2322.26645
G0 F9000 X165.94 Y118.423
G1 F1200 X165.06 Y117.542 E2322.30787
G0 F9000 X165.06 Y116.977
G1 F1200 X165.94 Y117.857 E2322.34926
G0 F9000 X165.94 Y117.291
G1 F1200 X165.06 Y116.411 E2322.39065
G0 F9000 X165.06 Y115.845
G1 F1200 X165.94 Y116.726 E2322.43207
G0 F9000 X165.94 Y116.16
G1 F1200 X165.06 Y115.28 E2322.47346
G0 F9000 X165.06 Y114.714
G1 F1200 X165.94 Y115.594 E2322.51486
G0 F9000 X165.94 Y115.029
G1 F1200 X165.06 Y114.148 E2322.55627
G0 F9000 X165.538 Y114.061
G1 F1200 X165.94 Y114.463 E2322.57518
G1 F2700 E2317.57518
G0 F9000 X166.4 Y114.463
G0 X167.076 Y112.924
G0 X167.076 Y111.835
G0 X167.078 Y109.137
G0 X167.078 Y108.042
G0 X181.5 Y107.472
;TYPE:WALL-INNER
G1 F2700 E2322.57518
G1 F1203 X144.367 Y107.471 E2323.80714
G1 F1206 X107.234 Y107.471 E2325.03602
G1 F1209.1 X70.101 Y107.47 E2326.2618
G1 F1188.1 X69.927 Y107.477 E2326.26765
G1 F1116.3 X69.099 Y107.496 E2326.29726
G1 F1132.1 X68.1 Y107.472 E2326.33249
G1 X68.92 Y107.856 E2326.36442
G1 F1071.4 X69.056 Y108.11 E2326.37515
G1 F1134.8 X69.1 Y108.472 E2326.38798
G1 X69.143 Y108.11 E2326.4008
G1 F1071.4 X69.279 Y107.855 E2326.41156
G1 F1116.3 X69.927 Y107.477 E2326.43839
G0 F9000 X69.262 Y107.633
G0 X69.1 Y108.472
G1 F1200 X69.1 Y110.506 E2326.50604
G0 F9000 X68.938 Y107.634
G0 X68.1 Y107.472
G1 F1200 X53.5 Y107.472 E2326.99164
G0 F9000 X68.938 Y107.634
G0 X69.19 Y108.109
G0 X69.619 Y108.109
G1 F1200 X70.009 Y107.868 E2327.00688
G1 X181.9 Y107.872 E2330.72839
G1 X181.9 Y107.072 E2330.755
G1 X53.1 Y107.072 E2335.03891
G1 X53.1 Y107.872 E2335.06551
G1 X68.1 Y107.872 E2335.56442
G1 X68.58 Y108.111 E2335.58225
G1 X68.661 Y108.259 E2335.58786
G1 X68.7 Y108.472 E2335.59506
G1 X68.698 Y110.827 E2335.67339
G1 X68.636 Y110.98 E2335.67888
G1 X68.917 Y110.902 E2335.68858
G1 X69.37 Y110.912 E2335.70365
G1 X69.548 Y110.96 E2335.70979
G1 X69.5 Y110.782 E2335.71592
G1 X69.5 Y108.471 E2335.79278
G1 X69.538 Y108.258 E2335.79998
G1 X69.619 Y108.109 E2335.80562
G0 F9000 X69.19 Y108.109
G0 X69.474 Y111.067
G0 X69.978 Y111.342
G0 X70.284 Y111.655
G0 X70.497 Y112.096
G0 X70.555 Y112.485
G0 X70.436 Y113.083
G0 X70.238 Y113.389
G0 X69.1 Y114.495
G1 F1200 X69.1 Y120.501 E2336.00538
G0 F9000 X69.526 Y120.957
G1 F1200 X69.5 Y120.768 E2336.01172
G1 X69.5 Y114.232 E2336.22911
G1 X69.538 Y114.03 E2336.23595
G1 X69.031 Y114.103 E2336.25299
G1 X68.665 Y114.034 E2336.26537
G1 X68.701 Y114.228 E2336.27194
G1 X68.7 Y120.768 E2336.48946
G1 X68.662 Y120.965 E2336.49613
G1 X69.022 Y120.893 E2336.50834
G1 X69.526 Y120.957 E2336.52524
G0 F9000 X69.225 Y120.643
G0 X70.284 Y121.655
G0 X70.506 Y122.117
G0 X70.538 Y122.748
G0 X70.329 Y123.28
G0 X69.1 Y124.487
G1 F1188.1 X69.1 Y126.615 E2336.59672
G0 F9000 X68.938 Y127.367
G0 X68.274 Y127.521
G1 F1176.5 X68.1 Y127.528 E2336.60263
G1 F1194 X53.502 Y127.526 E2337.09059
G0 F9000 X70.1 Y127.528
G1 F1200 X146.5 Y127.528 E2339.63166
G1 F1176.5 X146.674 Y127.521 E2339.63757
G0 F9000 X147.338 Y127.367
G0 X147.5 Y126.615
G1 F1188.1 X147.5 Y124.494 E2339.70882
G0 F9000 X147.662 Y127.366
G0 X148.5 Y127.528
G1 F1194 X181.498 Y127.526 E2340.81183
G1 F2700 E2335.81183
G0 F9000 X148.5 Y127.528
G1 F2700 E2340.81183
G1 F1129.4 X147.68 Y127.143 E2340.84384
G1 F1081.1 X147.545 Y126.886 E2340.85456
G1 F1134.8 X147.5 Y126.615 E2340.86422
G1 X147.455 Y126.886 E2340.87388
G1 F1081.1 X147.32 Y127.143 E2340.8846
G1 F1108.5 X146.674 Y127.521 E2340.91155
G1 X147.5 Y127.503 E2340.9413
G1 F1129.4 X148.5 Y127.528 E2340.97665
G1 F2700 E2335.97665
G0 F9000 X70.1 Y127.528
G1 F2700 E2340.97665
G1 F1129.4 X69.28 Y127.143 E2341.00866
G1 F1081.1 X69.145 Y126.886 E2341.01938
G1 F1134.8 X69.1 Y126.615 E2341.02904
G1 X69.055 Y126.886 E2341.0387
G1 F1081.1 X68.92 Y127.143 E2341.04942
G1 F1108.5 X68.274 Y127.521 E2341.07637
G1 X69.1 Y127.503 E2341.10611
G1 F1129.4 X70.1 Y127.528 E2341.14146
G1 F2700 E2336.14146
G0 F9000 X147.338 Y127.367
G0 X147.59 Y126.888
G0 X148.02 Y126.888
G1 F2700 E2341.14146
G1 F1200 X147.902 Y126.58 E2341.15243
G1 X147.9 Y124.214 E2341.23113
G1 X147.976 Y124.006 E2341.23849
G1 X147.609 Y124.107 E2341.25115
G1 X147.064 Y124.032 E2341.26945
G1 X147.1 Y124.232 E2341.27621
G1 X147.098 Y126.58 E2341.3543
G1 X146.98 Y126.888 E2341.36527
G1 X146.591 Y127.128 E2341.38048
G1 X70.1 Y127.128 E2343.92458
G1 X69.62 Y126.888 E2343.94243
G1 X69.502 Y126.58 E2343.9534
G1 X69.504 Y124.163 E2344.03379
G1 X69.551 Y124.021 E2344.03876
G1 X69.407 Y124.063 E2344.04375
G1 X68.943 Y124.098 E2344.05923
G1 X68.632 Y124.011 E2344.06997
G1 X68.699 Y124.182 E2344.07608
G1 X68.698 Y126.58 E2344.15583
G1 X68.58 Y126.888 E2344.1668
G1 X68.191 Y127.128 E2344.18201
G1 X53.1 Y127.124 E2344.68393
G1 X53.1 Y127.928 E2344.71068
G1 X181.9 Y127.928 E2348.99458
G1 X181.9 Y127.124 E2349.02132
G1 X148.5 Y127.128 E2350.13221
G1 X148.02 Y126.888 E2350.15006
G0 F9000 X148.5 Y126.728
;TYPE:WALL-OUTER
G1 F1200 X148.34 Y126.648 E2350.15601
G1 X148.3 Y126.546 E2350.15965
G1 F1148.3 X148.3 Y124.11 E2350.24432
G1 F1021.3 X148.343 Y124.034 E2350.24773
G1 F956.2 X148.692 Y123.792 E2350.26546
G1 F961.9 X149.034 Y123.365 E2350.28816
G1 F960 X149.2 Y122.898 E2350.30877
G1 F956.2 X149.24 Y122.643 E2350.31954
G1 F944.9 X149.236 Y122.356 E2350.33167
G1 X149.188 Y122.014 E2350.34625
G1 F956.2 X148.993 Y121.563 E2350.36676
G1 X148.698 Y121.229 E2350.38536
G1 F946.7 X148.351 Y120.966 E2350.40372
G1 F950.5 X147.939 Y120.807 E2350.42226
G1 F954.3 X147.508 Y120.74 E2350.44051
G1 F952.4 X147.049 Y120.801 E2350.45991
G1 F944.9 X146.649 Y120.967 E2350.4782
G1 F948.6 X146.383 Y121.15 E2350.49179
G1 F960 X146.143 Y121.397 E2350.50611
G1 F956.2 X145.962 Y121.663 E2350.51954
G1 F952.4 X145.809 Y122.015 E2350.53562
G1 F956.2 X145.747 Y122.409 E2350.55227
G1 X145.77 Y122.818 E2350.56937
G1 F946.7 X145.877 Y123.142 E2350.58375
G1 F948.6 X146.029 Y123.446 E2350.59805
G1 F960 X146.263 Y123.758 E2350.61427
G1 F952.4 X146.664 Y124.035 E2350.63469
G1 F1057.3 X146.7 Y124.232 E2350.64225
G1 F1200 X146.7 Y126.546 E2350.71922
G1 X146.66 Y126.648 E2350.72286
G1 X146.535 Y126.726 E2350.72776
G1 X70.1 Y126.728 E2353.27
G1 X69.94 Y126.648 E2353.27595
G1 X69.9 Y126.546 E2353.27959
G1 F1132.1 X69.906 Y124.12 E2353.36512
G1 F1000 X69.952 Y124.021 E2353.36948
G1 F946.7 X70.29 Y123.796 E2353.3866
G1 F960 X70.557 Y123.467 E2353.40421
G1 F952.4 X70.715 Y123.153 E2353.41895
G1 F948.6 X70.84 Y122.735 E2353.4373
G1 F944.9 X70.836 Y122.272 E2353.45686
G1 F941.2 X70.747 Y121.914 E2353.4725
G1 F948.6 X70.614 Y121.632 E2353.48562
G1 F952.4 X70.411 Y121.344 E2353.50039
G1 F956.2 X70.231 Y121.166 E2353.51096
G1 F952.4 X69.955 Y120.976 E2353.525
G1 F1059.6 X69.9 Y120.768 E2353.5331
G1 F1159.4 X69.9 Y114.124 E2353.76182
G1 F1030 X69.959 Y114.022 E2353.76638
G1 F952.4 X70.142 Y113.899 E2353.77562
G1 X70.414 Y113.663 E2353.79071
G1 X70.602 Y113.388 E2353.80467
G1 F956.2 X70.73 Y113.135 E2353.81651
G1 F944.9 X70.817 Y112.822 E2353.83023
G1 F948.6 X70.846 Y112.51 E2353.84342
G1 F958.1 X70.819 Y112.203 E2353.85625
G1 F952.4 X70.727 Y111.863 E2353.87102
G1 F956.2 X70.571 Y111.553 E2353.8855
G1 F960 X70.33 Y111.237 E2353.90202
G1 F952.4 X69.954 Y110.976 E2353.92121
G1 F1012.7 X69.906 Y110.876 E2353.92558
G1 F1140.1 X69.9 Y108.469 E2354.00984
G1 F1200 X69.939 Y108.348 E2354.01407
G1 X70.065 Y108.27 E2354.01899
G1 X182.3 Y108.272 E2357.75195
G1 X182.3 Y106.672 E2357.80516
G1 X52.7 Y106.672 E2362.11568
G1 X52.7 Y108.272 E2362.16889
G1 X68.1 Y108.272 E2362.6811
G1 X68.26 Y108.351 E2362.68703
G1 X68.3 Y108.472 E2362.69127
G1 F1153.8 X68.3 Y110.877 E2362.77446
G1 F1027.8 X68.245 Y110.97 E2362.77866
G1 F958.1 X67.891 Y111.215 E2362.79659
G1 F961.9 X67.643 Y111.532 E2362.81329
G1 F952.4 X67.481 Y111.845 E2362.82806
G1 F948.6 X67.356 Y112.261 E2362.84634
G1 F944.9 X67.359 Y112.725 E2362.86594
G1 X67.473 Y113.138 E2362.88404
G1 F956.2 X67.58 Y113.365 E2362.89451
G1 F948.6 X67.788 Y113.649 E2362.90932
G1 F944.9 X67.965 Y113.829 E2362.91998
G1 F952.4 X68.259 Y114.03 E2362.93491
G1 F1027.8 X68.3 Y114.15 E2362.93983
G1 F1113.7 X68.3 Y120.86 E2363.18031
G1 F1023.5 X68.236 Y120.981 E2363.18564
G1 F956.2 X68.051 Y121.097 E2363.19476
G1 F944.9 X67.783 Y121.341 E2363.21007
G1 X67.597 Y121.602 E2363.22361
G1 F954.3 X67.473 Y121.861 E2363.23562
G1 X67.376 Y122.174 E2363.24932
G1 X67.354 Y122.488 E2363.26249
G1 F956.2 X67.375 Y122.796 E2363.27537
G1 F960 X67.47 Y123.132 E2363.28989
G1 F956.2 X67.631 Y123.443 E2363.30451
G1 F954.3 X67.842 Y123.735 E2363.31957
G1 F952.4 X68.259 Y124.035 E2363.3411
G1 F1019.1 X68.3 Y124.11 E2363.34445
G1 F1148.3 X68.3 Y126.546 E2363.42912
G1 F1200 X68.26 Y126.648 E2363.43276
G1 X68.135 Y126.726 E2363.43766
G1 X52.7 Y126.724 E2363.95103
G1 X52.7 Y128.328 E2364.00438
G1 X182.3 Y128.328 E2368.3149
G1 X182.3 Y126.724 E2368.36825
G1 X148.5 Y126.728 E2369.49244
G1 F2700 E2364.49244
G0 F9000 X148.5 Y127.038
G0 X148.062 Y126.966
G0 X148.055 Y123.999
G0 X148.065 Y123.614
G1 F2700 E2369.49244
G1 F1061.9 X147.551 Y123.696 E2369.512
G1 F1200 X147.128 Y123.639 E2369.5262
G1 F1081.1 X147.006 Y123.651 E2369.53072
G1 F975.6 X146.72 Y123.475 E2369.54446
G1 F961.9 X146.465 Y123.199 E2369.56005
G1 F956.2 X146.271 Y122.774 E2369.57955
G1 X146.25 Y122.435 E2369.59373
G1 X146.294 Y122.156 E2369.60552
G1 F958.1 X146.446 Y121.817 E2369.621
G1 F965.8 X146.675 Y121.558 E2369.63528
G1 F950.5 X146.892 Y121.421 E2369.64606
G1 F944.9 X147.174 Y121.288 E2369.65923
G1 F952.4 X147.526 Y121.248 E2369.67408
G1 F960 X147.883 Y121.311 E2369.68915
G1 F967.7 X148.278 Y121.525 E2369.70768
G1 F963.9 X148.527 Y121.787 E2369.72264
G1 F960 X148.717 Y122.185 E2369.74098
G1 F956.2 X148.737 Y122.713 E2369.76303
G1 F960 X148.569 Y123.154 E2369.78265
G1 X148.3 Y123.457 E2369.7995
G1 F954.3 X148.065 Y123.614 E2369.81132
G1 F2700 E2364.81132
G0 F9000 X148.209 Y123.833
G0 X147.591 Y123.956
G0 X146.938 Y126.967
G0 X69.662 Y126.966
G0 X69.598 Y123.917
G0 X69.465 Y123.662
G1 F2700 E2369.81132
G1 F1132.1 X69.016 Y123.692 E2369.82719
G1 F1059.6 X68.541 Y123.617 E2369.8453
G1 F954.3 X68.159 Y123.324 E2369.86543
G1 F965.8 X67.972 Y123.037 E2369.87959
G1 X67.867 Y122.704 E2369.89402
G1 F960 X67.867 Y122.272 E2369.91198
G1 X68.039 Y121.819 E2369.93213
G1 F1010.5 X68.412 Y121.438 E2369.95318
G1 F1129.4 X68.768 Y121.347 E2369.96617
G1 F1200 X69.059 Y121.3 E2369.97597
G1 X69.469 Y121.357 E2369.98974
G1 F1111.1 X69.554 Y121.353 E2369.9928
G1 F1000 X69.847 Y121.5 E2370.00588
G1 F969.7 X70.099 Y121.739 E2370.02018
G1 F967.7 X70.316 Y122.17 E2370.04008
G1 F956.2 X70.336 Y122.686 E2370.06163
G1 F948.6 X70.242 Y122.965 E2370.07402
G1 F952.4 X70.136 Y123.196 E2370.08467
G1 F960 X69.9 Y123.457 E2370.0993
G1 F1012.7 X69.465 Y123.662 E2370.11825
G1 F2700 E2365.11825
G0 F9000 X69.598 Y123.917
G0 X70.024 Y123.625
G0 X70.329 Y123.28
G0 X70.538 Y122.748
G0 X70.506 Y122.117
G0 X70.284 Y121.655
G0 X69.978 Y121.342
G0 X69.668 Y121.176
G0 X69.655 Y113.994
G0 X69.856 Y113.804
G0 X69.744 Y113.575
G1 F2700 E2370.11825
G1 F1061.9 X69.469 Y113.638 E2370.12886
G1 F1200 X69.062 Y113.696 E2370.14253
G1 F1126.8 X68.576 Y113.633 E2370.15989
G1 F1004.2 X68.31 Y113.466 E2370.17237
G1 F952.4 X67.976 Y113.066 E2370.19421
G1 F944.9 X67.86 Y112.628 E2370.21335
G1 F948.6 X67.862 Y112.295 E2370.22736
G1 X67.952 Y112.038 E2370.23882
G1 F952.4 X68.061 Y111.804 E2370.24964
G1 F961.9 X68.283 Y111.552 E2370.26357
G1 F958.1 X68.526 Y111.385 E2370.27585
G1 F1061.9 X68.948 Y111.307 E2370.29198
G1 F1140.1 X69.464 Y111.318 E2370.31005
G1 F1021.3 X69.847 Y111.5 E2370.32662
G1 F963.9 X70.119 Y111.764 E2370.34232
G1 X70.295 Y112.133 E2370.35925
G1 X70.344 Y112.452 E2370.37261
G1 F948.6 X70.31 Y112.728 E2370.38431
G1 F941.2 X70.248 Y113.003 E2370.39627
G1 F952.4 X70.037 Y113.327 E2370.41247
G1 X69.744 Y113.575 E2370.42856
G1 F2700 E2365.42856
;MESH:NONMESH
G0 F300 X69.744 Y113.575 Z6.8
G0 F9000 X69.856 Y113.804
G0 X70.451 Y113.299
G0 X71.434 Y113.778
G0 X162.835 Y113.299
G0 X163.93 Y113.299
G0 X164.672 Y121.328
G0 X166.5 Y121.5
;TIME_ELAPSED:4358.046969
;LAYER:33
;TYPE:WALL-INNER
;MESH:BtnFaceWithWings.stl
G1 F2700 E2370.42856
G1 F1200 X166.5 Y113.5 E2370.69464
G1 X164.5 Y113.5 E2370.76116
G1 X164.5 Y121.5 E2371.02724
G1 X166.5 Y121.5 E2371.09376
G0 F9000 X166.9 Y121.9
G1 F1200 X166.9 Y113.1 E2371.38645
G1 X164.1 Y113.1 E2371.47958
G1 X164.1 Y121.9 E2371.77227
G1 X166.9 Y121.9 E2371.8654
G0 F9000 X167.3 Y122.3
;TYPE:WALL-OUTER
G1 F1200 X167.3 Y112.7 E2372.18469
G1 X163.7 Y112.7 E2372.30443
G1 X163.7 Y122.3 E2372.62373
G1 X167.3 Y122.3 E2372.74346
G0 F9000 X167.02 Y122.02
G0 X166.4 Y121.14
G0 X166.14 Y121.14
;TYPE:SKIN
G1 F1200 X164.86 Y121.14 E2372.78604
G1 X164.86 Y113.86 E2373.02817
G1 X166.14 Y113.86 E2373.07074
G1 X166.14 Y121.14 E2373.31288
G0 F9000 X165.863 Y120.94
G1 F1200 X165.94 Y120.862 E2373.31652
G0 F9000 X165.94 Y120.297
G1 F1200 X165.297 Y120.94 E2373.34677
G0 F9000 X165.061 Y120.61
G1 F1200 X165.94 Y119.731 E2373.38811
G0 F9000 X165.94 Y119.165
G1 F1200 X165.061 Y120.045 E2373.42948
G0 F9000 X165.061 Y119.479
G1 F1200 X165.94 Y118.599 E2373.47085
G0 F9000 X165.94 Y118.034
G1 F1200 X165.061 Y118.913 E2373.5122
G0 F9000 X165.061 Y118.348
G1 F1200 X165.94 Y117.468 E2373.55356
G0 F9000 X165.94 Y116.902
G1 F1200 X165.061 Y117.782 E2373.59493
G0 F9000 X165.061 Y117.216
G1 F1200 X165.94 Y116.337 E2373.63628
G0 F9000 X165.94 Y115.771
G1 F1200 X165.061 Y116.651 E2373.67765
G0 F9000 X165.061 Y116.085
G1 F1200 X165.94 Y115.205 E2373.71902
G0 F9000 X165.94 Y114.64
G1 F1200 X165.061 Y115.519 E2373.76036
G0 F9000 X165.061 Y114.954
G1 F1200 X165.94 Y114.074 E2373.80173
G0 F9000 X165.389 Y114.06
G1 F1200 X165.061 Y114.388 E2373.81716
G1 F2700 E2368.81716
G0 F9000 X164.6 Y114.388
G0 X164.672 Y113.672
G0 X167.076 Y112.924
G0 X167.076 Y111.835
G0 X167.076 Y109.021
G0 X167.076 Y107.926
G0 X181.5 Y107.356
;TYPE:WALL-INNER
G1 F2700 E2373.81716
G1 F1200 X70.1 Y107.356 E2377.52234
G1 F1176.5 X69.926 Y107.363 E2377.52825
G1 F1108.5 X69.1 Y107.381 E2377.55799
G1 F1129.4 X68.1 Y107.356 E2377.59334
G1 X68.92 Y107.741 E2377.62536
G1 F1071.4 X69.058 Y107.996 E2377.63616
G1 F1134.8 X69.1 Y108.356 E2377.6489
G1 X69.142 Y107.996 E2377.66165
G1 F1071.4 X69.28 Y107.741 E2377.67245
G1 F1108.5 X69.926 Y107.363 E2377.6994
G0 F9000 X69.262 Y107.518
G0 X69.1 Y108.356
G1 F1200 X69.1 Y110.506 E2377.77091
G0 F9000 X68.938 Y107.519
G0 X68.1 Y107.356
G1 F1200 X53.5 Y107.356 E2378.25651
G0 F9000 X68.938 Y107.519
G0 X69.19 Y107.996
G0 X69.62 Y107.996
G1 F1200 X70.009 Y107.756 E2378.27171
G1 X181.9 Y107.756 E2381.99322
G1 X181.9 Y106.956 E2382.01983
G1 X53.1 Y106.956 E2386.30373
G1 X53.1 Y107.756 E2386.33034
G1 X68.1 Y107.756 E2386.82924
G1 X68.58 Y107.996 E2386.84709
G1 X68.662 Y108.145 E2386.85275
G1 X68.7 Y108.356 E2386.85988
G1 X68.7 Y110.804 E2386.9413
G1 X68.66 Y110.965 E2386.94682
G1 X68.918 Y110.902 E2386.95565
G1 X69.309 Y110.911 E2386.96866
G1 X69.552 Y110.968 E2386.97696
G1 X69.506 Y110.83 E2386.9818
G1 X69.5 Y108.356 E2387.06409
G1 X69.538 Y108.145 E2387.07122
G1 X69.62 Y107.996 E2387.07687
G0 F9000 X69.19 Y107.996
G0 X69.613 Y111.14
G0 X70.026 Y111.379
G0 X70.288 Y111.661
G0 X70.502 Y112.112
G0 X70.554 Y112.482
G0 X70.458 Y113.026
G0 X70.245 Y113.376
G0 X69.1 Y114.495
G1 F1200 X69.1 Y120.501 E2387.27663
G0 F9000 X69.537 Y120.957
G1 F1200 X69.5 Y120.768 E2387.28304
G1 X69.5 Y114.232 E2387.50043
G1 X69.537 Y114.03 E2387.50726
G1 X69.03 Y114.103 E2387.5243
G1 X68.661 Y114.03 E2387.53681
G1 X68.701 Y114.232 E2387.54366
G1 X68.7 Y120.768 E2387.76104
G1 X68.658 Y120.968 E2387.76784
G1 X69.018 Y120.892 E2387.78008
G1 X69.537 Y120.957 E2387.79748
G0 F9000 X69.224 Y120.641
G0 X70.152 Y121.498
G0 X70.43 Y121.907
G0 X70.557 Y122.465
G0 X70.458 Y123.026
G0 X70.24 Y123.384
G0 X69.1 Y124.494
G1 F1188.1 X69.1 Y126.729 E2387.87256
G0 F9000 X68.938 Y127.482
G0 X68.274 Y127.637
G1 F1176.5 X68.1 Y127.644 E2387.87846
G1 F1194 X53.502 Y127.642 E2388.36642
G0 F9000 X70.1 Y127.642
G1 F1197 X146.5 Y127.644 E2390.91385
G1 F1176.5 X146.674 Y127.637 E2390.91976
G0 F9000 X147.338 Y127.482
G0 X147.5 Y126.729
G1 F1188.1 X147.5 Y124.494 E2390.99484
G0 F9000 X147.662 Y127.481
G0 X148.5 Y127.642
G1 F1188.1 X181.498 Y127.642 E2392.10333
G1 F2700 E2387.10333
G0 F9000 X148.5 Y127.642
G1 F2700 E2392.10333
G1 F1124.1 X147.681 Y127.258 E2392.13545
G1 F1081.1 X147.546 Y127.001 E2392.14616
G1 F1134.8 X147.5 Y126.729 E2392.15587
G1 X147.456 Y127.001 E2392.16556
G1 F1081.1 X147.322 Y127.259 E2392.17629
G1 F1108.5 X146.674 Y127.637 E2392.2033
G1 X147.502 Y127.618 E2392.23312
G1 F1124.1 X148.5 Y127.642 E2392.26856
G1 F2700 E2387.26856
G0 F9000 X70.1 Y127.642
G1 F2700 E2392.26856
G1 F1126.8 X69.281 Y127.258 E2392.30061
G1 F1081.1 X69.146 Y127.001 E2392.31132
G1 F1134.8 X69.1 Y126.729 E2392.32103
G1 X69.056 Y127.001 E2392.33072
G1 F1081.1 X68.922 Y127.259 E2392.34145
G1 F1108.5 X68.274 Y127.637 E2392.36846
G1 X69.102 Y127.618 E2392.39828
G1 F1126.8 X70.1 Y127.642 E2392.43364
G1 F2700 E2387.43364
G0 F9000 X147.338 Y127.482
G0 X147.59 Y127.002
G0 X148.02 Y127.002
G1 F2700 E2392.43364
G1 F1200 X147.902 Y126.694 E2392.44461
G1 X147.9 Y124.232 E2392.5265
G1 X147.941 Y124.027 E2392.53345
G1 X147.612 Y124.099 E2392.54465
G1 X147.288 Y124.085 E2392.55544
G1 X147.03 Y124.018 E2392.5643
G1 X147.1 Y124.161 E2392.5696
G1 X147.098 Y126.695 E2392.65388
G1 X146.981 Y127.004 E2392.66487
G1 X146.591 Y127.244 E2392.6801
G1 X70.1 Y127.241 E2395.2242
G1 X69.62 Y127.002 E2395.24204
G1 X69.502 Y126.694 E2395.25301
G1 X69.5 Y124.223 E2395.33519
G1 X69.571 Y124.011 E2395.34263
G1 X69.21 Y124.105 E2395.35504
G1 X68.653 Y124.04 E2395.37369
G1 X68.701 Y124.256 E2395.38105
G1 X68.698 Y126.695 E2395.46217
G1 X68.581 Y127.004 E2395.47316
G1 X68.191 Y127.244 E2395.48839
G1 X53.1 Y127.24 E2395.99032
G1 X53.1 Y128.044 E2396.01706
G1 X181.9 Y128.044 E2400.30096
G1 X181.9 Y127.24 E2400.32771
G1 X148.5 Y127.24 E2401.43859
G1 X148.02 Y127.002 E2401.45641
G0 F9000 X148.5 Y126.84
;TYPE:WALL-OUTER
G1 F1200 X148.34 Y126.761 E2401.46235
G1 X148.3 Y126.658 E2401.46602
G1 F1153.8 X148.303 Y124.116 E2401.55395
G1 F1025.6 X148.349 Y124.029 E2401.55778
G1 F952.4 X148.691 Y123.775 E2401.57564
G1 F948.6 X148.924 Y123.521 E2401.59014
G1 X149.085 Y123.234 E2401.60398
G1 F952.4 X149.195 Y122.902 E2401.61864
G1 X149.248 Y122.522 E2401.63472
G1 F948.6 X149.216 Y122.19 E2401.64875
G1 F944.9 X149.132 Y121.849 E2401.66359
G1 F952.4 X148.922 Y121.492 E2401.68094
G1 F958.1 X148.696 Y121.226 E2401.69549
G1 F952.4 X148.412 Y121.014 E2401.71034
G1 F944.9 X148.031 Y120.824 E2401.72832
G1 F960 X147.764 Y120.776 E2401.7396
G1 F956.2 X147.503 Y120.742 E2401.75059
G1 F950.5 X147.073 Y120.804 E2401.76883
G1 F956.2 X146.753 Y120.916 E2401.78298
G1 F952.4 X146.331 Y121.177 E2401.80378
G1 F944.9 X146.037 Y121.547 E2401.82374
G1 X145.869 Y121.843 E2401.83811
G1 F950.5 X145.756 Y122.273 E2401.85678
G1 F948.6 X145.758 Y122.713 E2401.8753
G1 X145.861 Y123.136 E2401.89361
G1 X146.073 Y123.519 E2401.91203
G1 X146.298 Y123.767 E2401.92612
G1 F941.2 X146.662 Y124.056 E2401.94583
G1 F1048 X146.7 Y124.256 E2401.95358
G1 F1200 X146.7 Y126.661 E2402.03357
G1 X146.661 Y126.764 E2402.03724
G1 X146.535 Y126.842 E2402.04217
G1 X70.1 Y126.841 E2404.5844
G1 X69.94 Y126.761 E2404.59035
G1 X69.9 Y126.658 E2404.59403
G1 F1151.1 X69.9 Y124.114 E2404.68224
G1 F1023.5 X69.941 Y124.036 E2404.68567
G1 F952.4 X70.29 Y123.775 E2404.70394
G1 F956.2 X70.465 Y123.589 E2404.7146
G1 F952.4 X70.694 Y123.231 E2404.73241
G1 F944.9 X70.82 Y122.789 E2404.75182
G1 F948.6 X70.845 Y122.55 E2404.76193
G1 F950.5 X70.816 Y122.192 E2404.77701
G1 F948.6 X70.7 Y121.777 E2404.79514
G1 F954.3 X70.47 Y121.417 E2404.81301
G1 F956.2 X70.224 Y121.163 E2404.82777
G1 F952.4 X69.953 Y120.975 E2404.84159
G1 F1034.5 X69.9 Y120.867 E2404.84624
G1 F1111.1 X69.9 Y114.126 E2405.08838
G1 F1016.9 X69.953 Y114.027 E2405.09279
G1 F948.6 X70.294 Y113.78 E2405.1105
G1 X70.522 Y113.511 E2405.12534
G1 X70.694 Y113.229 E2405.13924
G1 F946.7 X70.813 Y112.818 E2405.15727
G1 F952.4 X70.849 Y112.518 E2405.16994
G1 F956.2 X70.812 Y112.114 E2405.18687
G1 F948.6 X70.653 Y111.707 E2405.20526
G1 F941.2 X70.407 Y111.313 E2405.22495
G1 F926.6 X69.934 Y110.943 E2405.25082
G1 F983.6 X69.9 Y110.843 E2405.2551
G1 F1093.4 X69.9 Y108.306 E2405.34771
G1 F1162.2 X70.065 Y108.158 E2405.35532
G1 F1200 X182.3 Y108.156 E2409.08828
G1 X182.3 Y106.556 E2409.14149
G1 X52.7 Y106.556 E2413.45201
G1 X52.7 Y108.156 E2413.50522
G1 X68.1 Y108.156 E2414.01743
G1 X68.26 Y108.236 E2414.02338
G1 X68.3 Y108.356 E2414.02758
G1 F1153.8 X68.297 Y110.858 E2414.11413
G1 F1023.5 X68.25 Y110.973 E2414.11897
G1 F950.5 X67.907 Y111.222 E2414.13677
G1 F956.2 X67.729 Y111.409 E2414.14755
G1 F944.9 X67.506 Y111.768 E2414.1654
G1 F941.2 X67.345 Y112.294 E2414.18873
G1 F948.6 X67.381 Y112.85 E2414.21217
G1 F941.2 X67.5 Y113.217 E2414.22853
G1 F948.6 X67.726 Y113.58 E2414.24652
G1 F952.4 X67.973 Y113.835 E2414.2614
G1 F948.6 X68.252 Y114.028 E2414.27567
G1 F1030 X68.297 Y114.15 E2414.28071
G1 F1098.4 X68.298 Y117.544 E2414.40404
G1 F1045.8 X68.3 Y120.938 E2414.53357
G1 F985.6 X67.901 Y121.216 E2414.55327
G1 F948.6 X67.678 Y121.485 E2414.56797
G1 X67.5 Y121.768 E2414.58203
G1 F956.2 X67.378 Y122.177 E2414.59985
G1 F952.4 X67.351 Y122.478 E2414.61251
G1 F948.6 X67.384 Y122.883 E2414.62961
G1 F944.9 X67.545 Y123.292 E2414.64818
G1 F958.1 X67.784 Y123.675 E2414.66698
G1 F989.7 X68.225 Y124.034 E2414.68992
G1 F1090.9 X68.301 Y124.221 E2414.6973
G1 F1200 X68.3 Y126.661 E2414.77846
G1 X68.261 Y126.764 E2414.78212
G1 X68.135 Y126.842 E2414.78705
G1 X52.7 Y126.84 E2415.30042
G1 X52.7 Y128.444 E2415.35377
G1 X182.3 Y128.444 E2419.66428
G1 X182.3 Y126.84 E2419.71763
G1 X148.5 Y126.84 E2420.84182
G1 F2700 E2415.84182
G0 F9000 X148.5 Y127.153
G0 X148.062 Y127.081
G0 X148.055 Y124.007
G0 X148.246 Y123.81
G0 X148.133 Y123.576
G1 F2700 E2420.84182
G1 F1036.7 X147.885 Y123.644 E2420.85172
G1 F1086 X147.47 Y123.709 E2420.86716
G1 F987.7 X146.944 Y123.628 E2420.88867
G1 F937.5 X146.557 Y123.33 E2420.90946
G1 F948.6 X146.334 Y122.96 E2420.92764
G1 F952.4 X146.253 Y122.588 E2420.94359
G1 X146.261 Y122.303 E2420.95554
G1 X146.362 Y121.96 E2420.97053
G1 F956.2 X146.684 Y121.544 E2420.99249
G1 F961.9 X147.032 Y121.333 E2421.00937
G1 F967.7 X147.298 Y121.267 E2421.02068
G1 X147.713 Y121.268 E2421.03779
G1 F960 X147.906 Y121.317 E2421.04607
G1 F946.7 X148.139 Y121.447 E2421.05732
G1 F950.5 X148.416 Y121.635 E2421.07137
G1 F960 X148.647 Y121.999 E2421.0893
G1 X148.751 Y122.468 E2421.10927
G1 F958.1 X148.665 Y122.957 E2421.12995
G1 F960 X148.459 Y123.307 E2421.14684
G1 F961.9 X148.133 Y123.576 E2421.16438
G1 F2700 E2416.16438
G0 F9000 X148.246 Y123.81
G0 X146.946 Y124.043
G0 X146.938 Y127.082
G0 X69.662 Y127.081
G0 X69.655 Y124.007
G0 X69.66 Y123.62
G1 F2700 E2421.16438
G1 F1061.9 X69.151 Y123.696 E2421.18372
G1 F1179.4 X68.705 Y123.636 E2421.19895
G1 F1048 X68.356 Y123.511 E2421.21307
G1 F954.3 X68.077 Y123.224 E2421.22981
G1 X67.873 Y122.749 E2421.25143
G1 F956.2 X67.852 Y122.32 E2421.26936
G1 F954.3 X67.96 Y121.98 E2421.28428
G1 F952.4 X68.228 Y121.601 E2421.30373
G1 F943 X68.603 Y121.349 E2421.32285
G1 F1050.3 X69.059 Y121.3 E2421.34028
G1 F1200 X69.418 Y121.345 E2421.35231
G1 F1132.1 X69.489 Y121.342 E2421.35482
G1 F1012.7 X69.755 Y121.427 E2421.36582
G1 F960 X70.019 Y121.649 E2421.38017
G1 X70.241 Y121.984 E2421.39687
G1 F956.2 X70.356 Y122.451 E2421.41695
G1 F954.3 X70.264 Y122.964 E2421.43875
G1 X70.038 Y123.331 E2421.45677
G1 X69.66 Y123.62 E2421.47668
G1 F2700 E2416.47668
G0 F9000 X69.816 Y123.827
G0 X70.189 Y123.468
G0 X70.458 Y123.026
G0 X70.557 Y122.465
G0 X70.43 Y121.907
G0 X69.825 Y121.116
G0 X69.655 Y114.001
G0 X69.847 Y113.808
G0 X69.736 Y113.582
G1 F2700 E2421.47668
G1 F1066.7 X69.469 Y113.638 E2421.48688
G1 F1200 X69.062 Y113.696 E2421.50056
G1 F1126.8 X68.555 Y113.622 E2421.51871
G1 F1006.3 X68.36 Y113.503 E2421.52777
G1 F958.1 X68.103 Y113.25 E2421.54279
G1 F948.6 X67.965 Y113 E2421.5548
G1 X67.881 Y112.769 E2421.56515
G1 F956.2 X67.868 Y112.287 E2421.58527
G1 F960 X68.043 Y111.802 E2421.60671
G1 F965.8 X68.319 Y111.526 E2421.62284
G1 F993.8 X68.644 Y111.353 E2421.63763
G1 F1103.4 X68.988 Y111.304 E2421.65019
G1 F1200 X69.266 Y111.309 E2421.65944
G1 F1116.3 X69.605 Y111.35 E2421.67165
G1 F987.7 X69.899 Y111.536 E2421.68571
G1 F948.6 X70.12 Y111.772 E2421.69931
G1 F958.1 X70.312 Y112.183 E2421.71821
G1 F960 X70.349 Y112.494 E2421.73123
G1 F956.2 X70.264 Y112.964 E2421.75117
G1 F960 X70.039 Y113.321 E2421.76871
G1 F961.9 X69.736 Y113.582 E2421.78531
G1 F2700 E2416.78531
;MESH:NONMESH
G0 F300 X69.736 Y113.582 Z7
G0 F9000 X69.847 Y113.808
G0 X70.533 Y113.16
G0 X71.583 Y113.469
G0 X162.835 Y113.16
G0 X163.93 Y113.16
G0 X164.672 Y121.328
G0 X166.5 Y121.5
;TIME_ELAPSED:4448.832615
;LAYER:34
;TYPE:WALL-INNER
;MESH:BtnFaceWithWings.stl
G1 F2700 E2421.78531
G1 F1200 X166.5 Y113.5 E2422.05139
G1 X164.5 Y113.5 E2422.11791
G1 X164.5 Y121.5 E2422.38399
G1 X166.5 Y121.5 E2422.45051
G0 F9000 X166.9 Y121.9
G1 F1200 X166.9 Y113.1 E2422.7432
G1 X164.1 Y113.1 E2422.83633
G1 X164.1 Y121.9 E2423.12902
G1 X166.9 Y121.9 E2423.22214
G0 F9000 X167.3 Y122.3
;TYPE:WALL-OUTER
G1 F1200 X167.3 Y112.7 E2423.54144
G1 X163.7 Y112.7 E2423.66118
G1 X163.7 Y122.3 E2423.98048
G1 X167.3 Y122.3 E2424.10021
G0 F9000 X167.02 Y122.02
G0 X166.4 Y121.14
G0 X166.14 Y121.14
;TYPE:SKIN
G1 F1200 X164.86 Y121.14 E2424.14279
G1 X164.86 Y113.86 E2424.38492
G1 X166.14 Y113.86 E2424.42749
G1 X166.14 Y121.14 E2424.66963
G0 F9000 X166.4 Y121.14
G0 X164.672 Y121.328
G0 X164.6 Y120.371
G0 X165.06 Y120.371
G1 F1200 X165.629 Y120.94 E2424.69639
G0 F9000 X165.94 Y120.685
G1 F1200 X165.06 Y119.805 E2424.73778
G0 F9000 X165.06 Y119.239
G1 F1200 X165.94 Y120.12 E2424.7792
G0 F9000 X165.94 Y119.554
G1 F1200 X165.06 Y118.674 E2424.82059
G0 F9000 X165.06 Y118.108
G1 F1200 X165.94 Y118.988 E2424.86198
G0 F9000 X165.94 Y118.423
G1 F1200 X165.06 Y117.542 E2424.9034
G0 F9000 X165.06 Y116.977
G1 F1200 X165.94 Y117.857 E2424.94479
G0 F9000 X165.94 Y117.291
G1 F1200 X165.06 Y116.411 E2424.98618
G0 F9000 X165.06 Y115.845
G1 F1200 X165.94 Y116.726 E2425.0276
G0 F9000 X165.94 Y116.16
G1 F1200 X165.06 Y115.28 E2425.06899
G0 F9000 X165.06 Y114.714
G1 F1200 X165.94 Y115.594 E2425.11039
G0 F9000 X165.94 Y115.029
G1 F1200 X165.06 Y114.148 E2425.1518
G0 F9000 X165.538 Y114.061
G1 F1200 X165.94 Y114.463 E2425.17071
G1 F2700 E2420.17071
G0 F9000 X166.4 Y114.463
G0 X167.076 Y112.924
G0 X167.076 Y111.835
G0 X167.078 Y108.906
G0 X167.078 Y107.811
G0 X181.5 Y107.24
;TYPE:WALL-INNER
G1 F2700 E2425.17071
G1 F1200 X70.1 Y107.24 E2428.87589
G1 F1176.5 X69.926 Y107.247 E2428.8818
G1 F1108.5 X69.1 Y107.265 E2428.91154
G1 F1129.4 X68.1 Y107.24 E2428.94689
G1 X68.92 Y107.625 E2428.97891
G1 F1071.4 X69.058 Y107.88 E2428.98971
G1 F1134.8 X69.1 Y108.24 E2429.00246
G1 X69.142 Y107.88 E2429.0152
G1 F1071.4 X69.28 Y107.625 E2429.026
G1 F1108.5 X69.926 Y107.247 E2429.05295
G0 F9000 X69.262 Y107.402
G0 X69.1 Y108.24
G1 F1200 X69.1 Y110.501 E2429.12815
G0 F9000 X68.938 Y107.403
G0 X68.1 Y107.24
G1 F1200 X53.5 Y107.24 E2429.61375
G0 F9000 X68.938 Y107.403
G0 X69.19 Y107.88
G0 X69.62 Y107.88
G1 F1200 X70.009 Y107.64 E2429.62895
G1 X181.9 Y107.64 E2433.35046
G1 X181.9 Y106.84 E2433.37707
G1 X53.1 Y106.84 E2437.66098
G1 X53.1 Y107.64 E2437.68759
G1 X68.1 Y107.64 E2438.18649
G1 X68.58 Y107.88 E2438.20434
G1 X68.662 Y108.029 E2438.20999
G1 X68.7 Y108.24 E2438.21712
G1 F1194 X68.7 Y110.935 E2438.30721
G1 X69.084 Y110.9 E2438.3201
G1 F1200 X69.534 Y110.967 E2438.33523
G1 X69.5 Y110.768 E2438.34194
G1 X69.5 Y108.24 E2438.42603
G1 X69.538 Y108.029 E2438.43316
G1 X69.62 Y107.88 E2438.43881
G0 F9000 X69.19 Y107.88
G0 X69.594 Y111.13
G0 X70.026 Y111.379
G0 X70.287 Y111.66
G0 X70.506 Y112.117
G0 X70.538 Y112.748
G0 X70.329 Y113.28
G0 X69.1 Y114.495
G1 F1200 X69.1 Y120.501 E2438.63857
G0 F9000 X69.526 Y120.957
G1 F1200 X69.5 Y120.768 E2438.64492
G1 X69.5 Y114.232 E2438.86231
G1 X69.538 Y114.029 E2438.86918
G1 X69.029 Y114.104 E2438.88629
G1 X68.661 Y114.029 E2438.89878
G1 X68.7 Y114.228 E2438.90552
G1 X68.7 Y120.779 E2439.12341
G1 X68.612 Y120.999 E2439.13129
G1 X69 Y120.89 E2439.1447
G1 X69.526 Y120.957 E2439.16233
G0 F9000 X69.225 Y120.643
G0 X70.287 Y121.66
G0 X70.506 Y122.117
G0 X70.538 Y122.748
G0 X70.329 Y123.28
G0 X69.1 Y124.499
G1 F1188.1 X69.1 Y126.845 E2439.24114
G0 F9000 X68.938 Y127.598
G0 X68.273 Y127.751
G1 F1188.1 X68.1 Y127.758 E2439.24696
G1 F1206 X53.5 Y127.756 E2439.73013
G0 F9000 X70.1 Y127.756
G1 F1209.1 X146.5 Y127.758 E2442.25214
G1 F1188.1 X146.673 Y127.751 E2442.25796
G0 F9000 X147.338 Y127.598
G0 X147.5 Y126.845
G1 F1188.1 X147.5 Y124.514 E2442.33627
G0 F9000 X147.662 Y127.597
G0 X148.5 Y127.756
G1 F1200 X181.5 Y127.756 E2443.43385
G1 F2700 E2438.43385
G0 F9000 X148.5 Y127.756
G1 F2700 E2443.43385
G1 F1129.4 X147.68 Y127.372 E2443.46585
G1 F1081.1 X147.546 Y127.116 E2443.47652
G1 F1134.8 X147.5 Y126.845 E2443.48618
G1 X147.454 Y127.116 E2443.49585
G1 F1081.1 X147.321 Y127.373 E2443.50653
G1 F1113.7 X146.673 Y127.751 E2443.53342
G1 X147.501 Y127.731 E2443.5631
G1 F1129.4 X148.5 Y127.756 E2443.59842
G1 F2700 E2438.59842
G0 F9000 X70.1 Y127.756
G1 F2700 E2443.59842
G1 F1132.1 X69.28 Y127.372 E2443.63034
G1 F1081.1 X69.146 Y127.116 E2443.64101
G1 F1134.8 X69.1 Y126.845 E2443.65068
G1 X69.054 Y127.116 E2443.66034
G1 F1081.1 X68.921 Y127.373 E2443.67103
G1 F1113.7 X68.273 Y127.751 E2443.69791
G1 X69.101 Y127.731 E2443.72759
G1 F1132.1 X70.1 Y127.756 E2443.76283
G1 F2700 E2438.76283
G0 F9000 X147.338 Y127.598
G0 X147.59 Y127.117
G0 X148.02 Y127.117
G1 F2700 E2443.76283
G1 F1200 X147.902 Y126.81 E2443.77376
G1 X147.9 Y124.232 E2443.85951
G1 X147.936 Y124.033 E2443.86624
G1 X147.387 Y124.131 E2443.88478
G1 X147.012 Y124.007 E2443.89792
G1 X147.1 Y124.195 E2443.90483
G1 X147.098 Y126.811 E2443.99183
G1 X146.981 Y127.119 E2444.00279
G1 X146.591 Y127.36 E2444.01804
G1 X70.1 Y127.357 E2446.56214
G1 X69.62 Y127.117 E2446.57999
G1 X69.502 Y126.81 E2446.59093
G1 X69.5 Y124.146 E2446.67953
G1 X69.537 Y124.046 E2446.68308
G1 X69.114 Y124.1 E2446.69726
G1 X68.668 Y124.035 E2446.71225
G1 X68.701 Y124.232 E2446.7189
G1 X68.698 Y126.811 E2446.80468
G1 X68.581 Y127.119 E2446.81563
G1 X68.191 Y127.36 E2446.83088
G1 X53.1 Y127.356 E2447.33281
G1 X53.1 Y128.156 E2447.35942
G1 X181.9 Y128.156 E2451.64333
G1 X181.9 Y127.356 E2451.66993
G1 X148.5 Y127.356 E2452.78082
G1 X148.02 Y127.117 E2452.79866
G0 F9000 X148.5 Y126.956
;TYPE:WALL-OUTER
G1 F1200 X148.34 Y126.877 E2452.80459
G1 X148.3 Y126.774 E2452.80827
G1 F1165 X148.3 Y124.13 E2452.89884
G1 F1027.8 X148.354 Y124.023 E2452.9035
G1 F944.9 X148.693 Y123.789 E2452.9209
G1 F948.6 X148.96 Y123.457 E2452.93882
G1 F956.2 X149.123 Y123.15 E2452.95333
G1 F952.4 X149.246 Y122.692 E2452.97321
G1 F944.9 X149.224 Y122.132 E2452.99688
G1 F952.4 X148.99 Y121.556 E2453.02293
G1 X148.698 Y121.23 E2453.04127
G1 X148.324 Y120.94 E2453.06111
G1 F960 X147.944 Y120.808 E2453.07783
G1 F952.4 X147.544 Y120.746 E2453.0948
G1 F939.3 X147.146 Y120.782 E2453.11178
G1 F946.7 X146.74 Y120.915 E2453.12979
G1 F960 X146.38 Y121.154 E2453.14775
G1 F956.2 X146.138 Y121.403 E2453.16225
G1 F944.9 X145.906 Y121.767 E2453.18048
G1 X145.767 Y122.194 E2453.19945
G1 F948.6 X145.759 Y122.647 E2453.21851
G1 F956.2 X145.812 Y122.955 E2453.23155
G1 F960 X145.954 Y123.312 E2453.24753
G1 F952.4 X146.124 Y123.59 E2453.26118
G1 X146.358 Y123.823 E2453.27502
G1 F965.8 X146.664 Y124.04 E2453.29053
G1 F1076.2 X146.7 Y124.219 E2453.2973
G1 F1200 X146.7 Y126.777 E2453.38238
G1 X146.661 Y126.88 E2453.38604
G1 X146.535 Y126.958 E2453.39097
G1 X70.1 Y126.957 E2455.93321
G1 X69.94 Y126.877 E2455.93916
G1 X69.9 Y126.774 E2455.94283
G1 F1137.4 X69.906 Y124.123 E2456.03585
G1 F1002.1 X69.953 Y124.021 E2456.04033
G1 F941.2 X70.292 Y123.789 E2456.05775
G1 F954.3 X70.573 Y123.44 E2456.07649
G1 F952.4 X70.72 Y123.146 E2456.09026
G1 F948.6 X70.826 Y122.823 E2456.10457
G1 F952.4 X70.846 Y122.298 E2456.12658
G1 F948.6 X70.716 Y121.838 E2456.14669
G1 F952.4 X70.526 Y121.473 E2456.16394
G1 F956.2 X70.229 Y121.163 E2456.18186
G1 F952.4 X69.954 Y120.976 E2456.1958
G1 F1057.3 X69.9 Y120.768 E2456.20391
G1 F1200 X69.9 Y114.232 E2456.4213
G1 F1057.3 X69.954 Y114.023 E2456.42945
G1 F948.6 X70.286 Y113.794 E2456.44641
G1 F960 X70.56 Y113.459 E2456.46441
G1 F952.4 X70.755 Y113.074 E2456.48249
G1 F941.2 X70.84 Y112.69 E2456.49917
G1 X70.836 Y112.28 E2456.51656
G1 F944.9 X70.758 Y111.945 E2456.53109
G1 F952.4 X70.655 Y111.712 E2456.54176
G1 F950.5 X70.472 Y111.405 E2456.55677
G1 F956.2 X70.243 Y111.176 E2456.57029
G1 F952.4 X69.952 Y110.976 E2456.58509
G1 F1039 X69.904 Y110.837 E2456.59074
G1 F1170.7 X69.9 Y108.19 E2456.68098
G1 F1188.1 X70.065 Y108.042 E2456.68842
G1 F1200 X182.3 Y108.04 E2460.42138
G1 X182.3 Y106.44 E2460.47459
G1 X52.7 Y106.44 E2464.78511
G1 X52.7 Y108.04 E2464.83832
G1 X68.1 Y108.04 E2465.35053
G1 X68.26 Y108.12 E2465.35648
G1 X68.3 Y108.24 E2465.36068
G1 F1129.4 X68.294 Y110.883 E2465.45409
G1 F1008.4 X68.254 Y110.967 E2465.45777
G1 F956.2 X67.904 Y111.212 E2465.4756
G1 X67.627 Y111.558 E2465.4941
G1 X67.474 Y111.849 E2465.50782
G1 F952.4 X67.374 Y112.173 E2465.52204
G1 X67.349 Y112.686 E2465.54356
G1 X67.483 Y113.162 E2465.56428
G1 X67.671 Y113.519 E2465.58119
G1 X67.973 Y113.831 E2465.59939
G1 X68.252 Y114.025 E2465.61363
G1 F1032.3 X68.297 Y114.148 E2465.61869
G1 F1165 X68.3 Y120.772 E2465.84562
G1 F1076.2 X68.27 Y120.955 E2465.8525
G1 F952.4 X67.913 Y121.211 E2465.87091
G1 F948.6 X67.637 Y121.538 E2465.88891
G1 F956.2 X67.438 Y121.926 E2465.90711
G1 F950.5 X67.356 Y122.348 E2465.92516
G1 F948.6 X67.357 Y122.717 E2465.94069
G1 F952.4 X67.439 Y123.051 E2465.9551
G1 X67.542 Y123.284 E2465.96578
G1 F948.6 X67.724 Y123.591 E2465.98079
G1 F954.3 X67.958 Y123.823 E2465.99457
G1 F952.4 X68.258 Y124.032 E2466.0099
G1 F1032.3 X68.3 Y124.16 E2466.01511
G1 F1167.9 X68.3 Y126.777 E2466.10454
G1 F1200 X68.261 Y126.88 E2466.1082
G1 X68.135 Y126.958 E2466.11313
G1 X52.7 Y126.956 E2466.6265
G1 X52.7 Y128.556 E2466.67972
G1 X182.3 Y128.556 E2470.99023
G1 X182.3 Y126.956 E2471.04345
G1 X148.5 Y126.956 E2472.16764
G1 F2700 E2467.16764
G0 F9000 X148.5 Y127.269
G0 X148.062 Y127.197
G0 X148.055 Y124
G0 X148.335 Y123.75
G0 X148.217 Y123.519
G1 F2700 E2472.16764
G1 F1010.5 X147.898 Y123.654 E2472.18132
G1 F1126.8 X147.831 Y123.649 E2472.1837
G1 X147.429 Y123.719 E2472.19816
G1 F1008.4 X146.905 Y123.6 E2472.21942
G1 F960 X146.613 Y123.382 E2472.23457
G1 F963.9 X146.451 Y123.181 E2472.24526
G1 X146.268 Y122.769 E2472.26393
G1 F958.1 X146.264 Y122.279 E2472.28435
G1 F956.2 X146.424 Y121.846 E2472.30361
G1 F960 X146.697 Y121.539 E2472.32069
G1 X146.954 Y121.371 E2472.33346
G1 X147.403 Y121.242 E2472.35288
G1 F961.9 X147.885 Y121.303 E2472.37304
G1 F963.9 X148.211 Y121.474 E2472.38828
G1 X148.539 Y121.794 E2472.40726
G1 F960 X148.703 Y122.17 E2472.42431
G1 F963.9 X148.752 Y122.522 E2472.43903
G1 X148.651 Y122.985 E2472.45865
G1 X148.443 Y123.315 E2472.47481
G1 X148.217 Y123.519 E2472.48741
G1 F2700 E2467.48741
G0 F9000 X148.335 Y123.75
G0 X147.938 Y123.887
G0 X146.938 Y127.198
G0 X69.662 Y127.197
G0 X69.655 Y124
G0 X69.688 Y123.582
G1 F2700 E2472.48741
G1 F1050.3 X69.389 Y123.662 E2472.49918
G1 F1200 X69.128 Y123.7 E2472.50795
G1 F1167.9 X68.723 Y123.649 E2472.5219
G1 F1066.7 X68.641 Y123.649 E2472.52497
G1 F983.6 X68.325 Y123.483 E2472.53945
G1 F958.1 X68.097 Y123.248 E2472.55309
G1 F956.2 X67.906 Y122.869 E2472.57081
G1 X67.839 Y122.51 E2472.58605
G1 F952.4 X67.907 Y122.119 E2472.60268
G1 F956.2 X68.065 Y121.796 E2472.61769
G1 F948.6 X68.259 Y121.594 E2472.62947
G1 F946.7 X68.502 Y121.399 E2472.64261
G1 F1066.7 X69.059 Y121.3 E2472.66378
G1 F1200 X69.469 Y121.357 E2472.67755
G1 F1086 X69.6 Y121.351 E2472.68236
G1 F975.6 X69.903 Y121.543 E2472.69704
G1 F956.2 X70.116 Y121.769 E2472.71
G1 X70.307 Y122.151 E2472.72783
G1 X70.336 Y122.718 E2472.75153
G1 F961.9 X70.162 Y123.155 E2472.77104
G1 F956.2 X69.929 Y123.434 E2472.78622
G1 F941.2 X69.688 Y123.582 E2472.79821
G1 F2700 E2467.79821
G0 F9000 X69.805 Y123.808
G0 X70.329 Y123.28
G0 X70.538 Y122.748
G0 X70.506 Y122.117
G0 X70.287 Y121.66
G0 X69.655 Y120.999
G0 X69.655 Y114
G0 X69.6 Y113.645
G1 F2700 E2472.79821
G1 F1086 X69.465 Y113.639 E2472.80318
G1 F1200 X69.062 Y113.696 E2472.81671
G1 F1126.8 X68.555 Y113.621 E2472.83487
G1 F1008.4 X68.365 Y113.511 E2472.84356
G1 F958.1 X68.064 Y113.202 E2472.86153
G1 F956.2 X67.868 Y112.801 E2472.88016
G1 X67.87 Y112.271 E2472.90228
G1 F958.1 X67.97 Y111.951 E2472.91625
G1 F961.9 X68.209 Y111.613 E2472.93343
G1 F960 X68.51 Y111.394 E2472.9489
G1 F1054.9 X68.758 Y111.342 E2472.95849
G1 F1188.1 X69.068 Y111.3 E2472.969
G1 F1179.4 X69.473 Y111.355 E2472.98283
G1 F1066.7 X69.602 Y111.355 E2472.98766
G1 F975.6 X69.915 Y111.553 E2473.00281
G1 F963.9 X70.126 Y111.788 E2473.01589
G1 F960 X70.308 Y112.162 E2473.03318
G1 F956.2 X70.335 Y112.658 E2473.05391
G1 F946.7 X70.273 Y112.895 E2473.06424
G1 F952.4 X70.146 Y113.183 E2473.07743
G1 F960 X69.928 Y113.436 E2473.09132
G1 F971.7 X69.6 Y113.645 E2473.10729
G1 F2700 E2468.10729
;MESH:NONMESH
G0 F300 X69.6 Y113.645 Z7.2
G0 F9000 X69.726 Y113.865
G0 X70.409 Y113.365
G0 X71.379 Y113.872
G0 X162.835 Y113.365
G0 X163.93 Y113.365
G0 X164.672 Y121.328
G0 X166.5 Y121.5
;TIME_ELAPSED:4539.584107
;LAYER:35
;TYPE:WALL-INNER
;MESH:BtnFaceWithWings.stl
G1 F2700 E2473.10729
G1 F1200 X166.5 Y113.5 E2473.37337
G1 X164.5 Y113.5 E2473.43989
G1 X164.5 Y121.5 E2473.70597
G1 X166.5 Y121.5 E2473.77249
G0 F9000 X166.9 Y121.9
G1 F1200 X166.9 Y113.1 E2474.06518
G1 X164.1 Y113.1 E2474.15831
G1 X164.1 Y121.9 E2474.451
G1 X166.9 Y121.9 E2474.54413
G0 F9000 X167.3 Y122.3
;TYPE:WALL-OUTER
G1 F1200 X167.3 Y112.7 E2474.86343
G1 X163.7 Y112.7 E2474.98316
G1 X163.7 Y122.3 E2475.30246
G1 X167.3 Y122.3 E2475.4222
G0 F9000 X167.02 Y122.02
G0 X166.4 Y121.14
G0 X166.14 Y121.14
;TYPE:SKIN
G1 F1200 X164.86 Y121.14 E2475.46477
G1 X164.86 Y113.86 E2475.7069
G1 X166.14 Y113.86 E2475.74948
G1 X166.14 Y121.14 E2475.99161
G0 F9000 X165.863 Y120.94
G1 F1200 X165.94 Y120.862 E2475.99526
G0 F9000 X165.94 Y120.297
G1 F1200 X165.297 Y120.94 E2476.0255
G0 F9000 X165.061 Y120.61
G1 F1200 X165.94 Y119.731 E2476.06685
G0 F9000 X165.94 Y119.165
G1 F1200 X165.061 Y120.045 E2476.10821
G0 F9000 X165.061 Y119.479
G1 F1200 X165.94 Y118.599 E2476.14958
G0 F9000 X165.94 Y118.034
G1 F1200 X165.061 Y118.913 E2476.19093
G0 F9000 X165.061 Y118.348
G1 F1200 X165.94 Y117.468 E2476.2323
G0 F9000 X165.94 Y116.902
G1 F1200 X165.061 Y117.782 E2476.27367
G0 F9000 X165.061 Y117.216
G1 F1200 X165.94 Y116.337 E2476.31501
G0 F9000 X165.94 Y115.771
G1 F1200 X165.061 Y116.651 E2476.35638
G0 F9000 X165.061 Y116.085
G1 F1200 X165.94 Y115.205 E2476.39775
G0 F9000 X165.94 Y114.64
G1 F1200 X165.061 Y115.519 E2476.4391
G0 F9000 X165.061 Y114.954
G1 F1200 X165.94 Y114.074 E2476.48046
G0 F9000 X165.389 Y114.06
G1 F1200 X165.061 Y114.388 E2476.49589
G1 F2700 E2471.49589
G0 F9000 X164.6 Y114.388
G0 X164.672 Y113.672
G0 X167.076 Y112.924
G0 X167.076 Y111.835
G0 X167.076 Y108.79
G0 X167.076 Y107.695
G0 X181.5 Y107.124
;TYPE:WALL-INNER
G1 F2700 E2476.49589
G1 F1200 X70.1 Y107.124 E2480.20107
G1 F1176.5 X69.926 Y107.131 E2480.20698
G1 F1108.5 X69.1 Y107.149 E2480.23673
G1 F1129.4 X68.1 Y107.124 E2480.27208
G1 X68.92 Y107.509 E2480.30409
G1 F1071.4 X69.058 Y107.764 E2480.31489
G1 F1134.8 X69.1 Y108.124 E2480.32764
G1 X69.142 Y107.764 E2480.34039
G1 F1071.4 X69.28 Y107.509 E2480.35119
G1 F1108.5 X69.926 Y107.131 E2480.37813
G0 F9000 X69.262 Y107.287
G0 X69.1 Y108.124
G1 F1200 X69.1 Y110.501 E2480.45719
G0 F9000 X68.938 Y107.288
G0 X68.1 Y107.124
G1 F1200 X53.5 Y107.124 E2480.94279
G0 F9000 X68.938 Y107.288
G0 X69.19 Y107.764
G0 X69.62 Y107.764
G1 F1200 X70.009 Y107.524 E2480.95799
G1 X181.9 Y107.524 E2484.6795
G1 X181.9 Y106.724 E2484.70611
G1 X53.1 Y106.724 E2488.99002
G1 X53.1 Y107.524 E2489.01663
G1 X68.1 Y107.524 E2489.51553
G1 X68.58 Y107.764 E2489.53338
G1 X68.662 Y107.913 E2489.53903
G1 X68.7 Y108.124 E2489.54616
G1 F1194 X68.7 Y110.937 E2489.64019
G1 X69.08 Y110.9 E2489.65296
G1 F1200 X69.531 Y110.965 E2489.66811
G1 X69.5 Y110.768 E2489.67474
G1 X69.5 Y108.124 E2489.76268
G1 X69.538 Y107.913 E2489.76981
G1 X69.62 Y107.764 E2489.77547
G0 F9000 X69.19 Y107.764
G0 X69.593 Y111.129
G0 X70.026 Y111.379
G0 X70.287 Y111.66
G0 X70.497 Y112.096
G0 X70.554 Y112.48
G0 X70.458 Y113.026
G0 X70.245 Y113.377
G0 X69.1 Y114.491
G1 F1200 X69.1 Y120.501 E2489.97536
G0 F9000 X69.555 Y120.976
G1 F1200 X69.5 Y120.851 E2489.97991
G1 X69.5 Y114.121 E2490.20375
G1 X69.575 Y114.007 E2490.20829
G1 X69.333 Y114.083 E2490.21672
G1 X69.01 Y114.092 E2490.22747
G1 X68.66 Y114.033 E2490.23927
G1 X68.701 Y114.222 E2490.24571
G1 X68.701 Y120.768 E2490.46343
G1 X68.661 Y120.965 E2490.47011
G1 X68.93 Y120.911 E2490.47924
G1 X69.333 Y120.913 E2490.49264
G1 X69.555 Y120.976 E2490.50032
G0 F9000 X69.222 Y120.63
G0 X70.287 Y121.66
G0 X70.506 Y122.117
G0 X70.538 Y122.748
G0 X70.329 Y123.28
G0 X69.1 Y124.494
G1 F1188.1 X69.1 Y126.959 E2490.58312
G0 F9000 X68.938 Y127.713
G0 X68.274 Y127.865
G1 F1176.5 X68.1 Y127.872 E2490.58903
G1 F1200 X53.5 Y127.872 E2491.07463
G0 F9000 X70.1 Y127.872
G1 F1200 X146.5 Y127.872 E2493.6157
G1 F1176.5 X146.674 Y127.865 E2493.62161
G0 F9000 X147.338 Y127.713
G0 X147.5 Y126.959
G1 F1188.1 X147.5 Y124.483 E2493.70479
G0 F9000 X147.662 Y127.712
G0 X148.5 Y127.872
G1 F1200 X181.5 Y127.872 E2494.80237
G1 F2700 E2489.80237
G0 F9000 X148.5 Y127.872
G1 F2700 E2494.80237
G1 F1129.4 X147.68 Y127.487 E2494.83439
G1 F1081.1 X147.545 Y127.23 E2494.8451
G1 F1134.8 X147.5 Y126.959 E2494.85477
G1 X147.455 Y127.23 E2494.86443
G1 F1081.1 X147.32 Y127.487 E2494.87515
G1 F1108.5 X146.674 Y127.865 E2494.90209
G1 X147.5 Y127.847 E2494.93184
G1 F1129.4 X148.5 Y127.872 E2494.96719
G1 F2700 E2489.96719
G0 F9000 X70.1 Y127.872
G1 F2700 E2494.96719
G1 F1129.4 X69.28 Y127.487 E2494.9992
G1 F1081.1 X69.145 Y127.23 E2495.00992
G1 F1134.8 X69.1 Y126.959 E2495.01958
G1 X69.055 Y127.23 E2495.02924
G1 F1081.1 X68.92 Y127.487 E2495.03996
G1 F1108.5 X68.274 Y127.865 E2495.06691
G1 X69.1 Y127.847 E2495.09666
G1 F1129.4 X70.1 Y127.872 E2495.13201
G1 F2700 E2490.13201
G0 F9000 X147.338 Y127.713
G0 X147.59 Y127.232
G0 X148.02 Y127.232
G1 F2700 E2495.13201
G1 F1200 X147.902 Y126.924 E2495.14298
G1 X147.9 Y124.073 E2495.2378
G1 X147.269 Y124.084 E2495.25879
G1 X147.062 Y124.036 E2495.26586
G1 X147.097 Y124.163 E2495.27024
G1 X147.098 Y126.924 E2495.36207
G1 X146.98 Y127.232 E2495.37304
G1 X146.591 Y127.472 E2495.38824
G1 X70.1 Y127.472 E2497.93235
G1 X69.62 Y127.232 E2497.95019
G1 X69.502 Y126.924 E2497.96116
G1 X69.5 Y124.225 E2498.05093
G1 X69.57 Y124.011 E2498.05842
G1 X69.206 Y124.104 E2498.07092
G1 X68.661 Y124.042 E2498.08916
G1 X68.7 Y124.232 E2498.09561
G1 X68.698 Y126.924 E2498.18515
G1 X68.58 Y127.232 E2498.19612
G1 X68.191 Y127.472 E2498.21132
G1 X53.1 Y127.472 E2498.71325
G1 X53.1 Y128.272 E2498.73986
G1 X181.9 Y128.272 E2503.02376
G1 X181.9 Y127.472 E2503.05037
G1 X148.5 Y127.472 E2504.16126
G1 X148.02 Y127.232 E2504.17911
G0 F9000 X148.5 Y127.072
;TYPE:WALL-OUTER
G1 F1200 X148.34 Y126.992 E2504.18506
G1 X148.3 Y126.89 E2504.1887
G1 F1191.1 X148.304 Y124.175 E2504.27968
G1 F1057.3 X148.35 Y124.03 E2504.28543
G1 F958.1 X148.693 Y123.776 E2504.30321
G1 F954.3 X148.923 Y123.528 E2504.31735
G1 F952.4 X149.188 Y123.006 E2504.34189
G1 F944.9 X149.249 Y122.54 E2504.36174
G1 F948.6 X149.202 Y122.097 E2504.38048
G1 X149.098 Y121.778 E2504.3946
G1 X148.798 Y121.305 E2504.41816
G1 F956.2 X148.41 Y121.007 E2504.43859
G1 F952.4 X148.112 Y120.862 E2504.45247
G1 X147.681 Y120.749 E2504.47115
G1 F958.1 X147.242 Y120.769 E2504.48945
G1 F956.2 X146.993 Y120.827 E2504.50013
G1 X146.747 Y120.917 E2504.51106
G1 F961.9 X146.449 Y121.102 E2504.52561
G1 F952.4 X146.184 Y121.339 E2504.54051
G1 F941.2 X145.938 Y121.699 E2504.559
G1 F950.5 X145.797 Y122.097 E2504.57673
G1 F952.4 X145.755 Y122.448 E2504.59155
G1 F944.9 X145.78 Y122.804 E2504.60662
G1 X145.862 Y123.131 E2504.62086
G1 F956.2 X146.021 Y123.434 E2504.63515
G1 X146.342 Y123.83 E2504.65642
G1 F948.6 X146.66 Y124.033 E2504.6723
G1 F1014.8 X146.7 Y124.14 E2504.67679
G1 F1142.9 X146.7 Y126.89 E2504.77283
G1 F1200 X146.66 Y126.992 E2504.77647
G1 X146.535 Y127.07 E2504.78137
G1 X70.1 Y127.072 E2507.32361
G1 X69.94 Y126.992 E2507.32956
G1 X69.9 Y126.89 E2507.3332
G1 F1153.8 X69.9 Y124.117 E2507.42912
G1 F1025.6 X69.949 Y124.03 E2507.43301
G1 F954.3 X70.292 Y123.775 E2507.45089
G1 F952.4 X70.519 Y123.532 E2507.46482
G1 F948.6 X70.715 Y123.152 E2507.48281
G1 F956.2 X70.822 Y122.808 E2507.49785
G1 F954.3 X70.841 Y122.544 E2507.50892
G1 F943 X70.83 Y122.282 E2507.52002
G1 F948.6 X70.757 Y121.944 E2507.53457
G1 F954.3 X70.612 Y121.626 E2507.54918
G1 F952.4 X70.416 Y121.348 E2507.56344
G1 F958.1 X70.228 Y121.161 E2507.57449
G1 F956.2 X69.945 Y120.967 E2507.58881
G1 F1021.3 X69.9 Y120.888 E2507.59236
G1 F1126.8 X69.902 Y117.536 E2507.7111
G1 F1173.6 X69.904 Y114.184 E2507.82509
G1 F1086 X69.957 Y114.033 E2507.83097
G1 F971.7 X70.282 Y113.784 E2507.84779
G1 F950.5 X70.513 Y113.524 E2507.86239
G1 F952.4 X70.723 Y113.183 E2507.87918
G1 F944.9 X70.835 Y112.73 E2507.89889
G1 F943 X70.841 Y112.331 E2507.91578
G1 F952.4 X70.755 Y111.941 E2507.93251
G1 X70.655 Y111.711 E2507.94303
G1 F948.6 X70.417 Y111.338 E2507.96164
G1 F950.5 X70.159 Y111.105 E2507.97624
G1 F948.6 X69.963 Y110.982 E2507.98597
G1 F1057.3 X69.9 Y110.768 E2507.9944
G1 F1200 X69.9 Y108.074 E2508.084
G1 X70.065 Y107.926 E2508.09137
G1 X182.3 Y107.924 E2511.82432
G1 X182.3 Y106.324 E2511.87754
G1 X52.7 Y106.324 E2516.18805
G1 X52.7 Y107.924 E2516.24127
G1 X68.1 Y107.924 E2516.75347
G1 X68.26 Y108.004 E2516.75942
G1 X68.3 Y108.124 E2516.76363
G1 F1156.6 X68.3 Y110.874 E2516.85853
G1 F1021.3 X68.251 Y110.969 E2516.8627
G1 F946.7 X67.904 Y111.222 E2516.88081
G1 F952.4 X67.676 Y111.464 E2516.89474
G1 F946.7 X67.483 Y111.843 E2516.91267
G1 F950.5 X67.344 Y112.298 E2516.93265
G1 F956.2 X67.366 Y112.713 E2516.95
G1 F950.5 X67.446 Y113.051 E2516.96458
G1 F952.4 X67.586 Y113.375 E2516.97937
G1 F948.6 X67.787 Y113.645 E2516.99354
G1 X67.973 Y113.835 E2517.00472
G1 F952.4 X68.26 Y114.033 E2517.01933
G1 F1021.3 X68.299 Y114.148 E2517.02408
G1 F1086 X68.3 Y117.543 E2517.14885
G1 F1036.7 X68.301 Y120.938 E2517.27956
G1 F987.7 X67.916 Y121.215 E2517.29872
G1 F952.4 X67.684 Y121.474 E2517.3133
G1 F950.5 X67.547 Y121.693 E2517.32414
G1 F952.4 X67.447 Y121.923 E2517.33465
G1 X67.357 Y122.266 E2517.34951
G1 F956.2 X67.366 Y122.714 E2517.36822
G1 X67.441 Y123.055 E2517.38279
G1 X67.538 Y123.287 E2517.39329
G1 X67.777 Y123.658 E2517.41171
G1 X68.04 Y123.893 E2517.42643
G1 F952.4 X68.253 Y124.027 E2517.43698
G1 F1025.6 X68.3 Y124.123 E2517.44114
G1 F1159.4 X68.3 Y126.89 E2517.53639
G1 F1200 X68.26 Y126.992 E2517.54003
G1 X68.135 Y127.07 E2517.54493
G1 X52.7 Y127.072 E2518.0583
G1 X52.7 Y128.672 E2518.11152
G1 X182.3 Y128.672 E2522.42203
G1 X182.3 Y127.072 E2522.47525
G1 X148.5 Y127.072 E2523.59944
G1 F2700 E2518.59944
G0 F9000 X148.5 Y127.384
G0 X148.062 Y127.312
G0 X148.055 Y124.007
G0 X148.072 Y123.613
G1 F2700 E2523.59944
G1 F1064.3 X147.715 Y123.676 E2523.61304
G1 F1200 X147.321 Y123.687 E2523.62615
G1 F1081.1 X146.989 Y123.642 E2523.63852
G1 F969.7 X146.714 Y123.469 E2523.65189
G1 F960 X146.447 Y123.175 E2523.6684
G1 F961.9 X146.293 Y122.855 E2523.68313
G1 F960 X146.255 Y122.291 E2523.70664
G1 F958.1 X146.431 Y121.852 E2523.72634
G1 F960 X146.718 Y121.524 E2523.74446
G1 F961.9 X146.957 Y121.371 E2523.75623
G1 X147.307 Y121.264 E2523.77142
G1 F958.1 X147.626 Y121.253 E2523.78472
G1 X148.022 Y121.361 E2523.80182
G1 F965.8 X148.275 Y121.523 E2523.81423
G1 X148.494 Y121.745 E2523.82712
G1 F960 X148.704 Y122.12 E2523.84499
G1 X148.746 Y122.697 E2523.86904
G1 F956.2 X148.544 Y123.193 E2523.89139
G1 X148.339 Y123.423 E2523.90425
G1 F958.1 X148.072 Y123.613 E2523.91791
G1 F2700 E2518.91791
G0 F9000 X148.214 Y123.829
G0 X147.79 Y123.925
G0 X146.938 Y127.313
G0 X69.662 Y127.312
G0 X69.655 Y124.007
G0 X69.666 Y123.614
G1 F2700 E2523.91791
G1 F1061.9 X69.148 Y123.696 E2523.93762
G1 F1200 X68.775 Y123.651 E2523.95011
G1 F1121.5 X68.696 Y123.656 E2523.95293
G1 F1004.2 X68.355 Y123.505 E2523.96775
G1 F956.2 X68.159 Y123.327 E2523.9788
G1 X67.975 Y123.045 E2523.99286
G1 F961.9 X67.866 Y122.714 E2524.00732
G1 F960 X67.861 Y122.302 E2524.02445
G1 F954.3 X67.979 Y121.948 E2524.04006
G1 F956.2 X68.233 Y121.6 E2524.05804
G1 F946.7 X68.606 Y121.345 E2524.07709
G1 F993.8 X69.175 Y121.29 E2524.10005
G1 F1004.2 X69.657 Y121.381 E2524.11954
G1 F958.1 X69.919 Y121.554 E2524.13262
G1 F965.8 X70.114 Y121.772 E2524.14471
G1 F963.9 X70.307 Y122.158 E2524.16258
G1 F960 X70.337 Y122.696 E2524.18498
G1 F954.3 X70.243 Y122.964 E2524.19686
G1 F948.6 X70.123 Y123.215 E2524.20856
G1 F954.3 X69.927 Y123.431 E2524.22076
G1 F956.2 X69.666 Y123.614 E2524.23407
G1 F2700 E2519.23407
G0 F9000 X69.806 Y123.832
G0 X70.329 Y123.28
G0 X70.538 Y122.748
G0 X70.506 Y122.117
G0 X70.287 Y121.66
G0 X69.655 Y120.999
G0 X69.655 Y114.007
G0 X69.829 Y113.817
G0 X69.739 Y113.572
G1 F2700 E2524.23407
G1 F1071.4 X69.277 Y113.687 E2524.2518
G1 F1200 X69.004 Y113.692 E2524.26089
G1 F1081.1 X68.591 Y113.643 E2524.27624
G1 F971.7 X68.285 Y113.45 E2524.2911
G1 F963.9 X67.98 Y113.07 E2524.31128
G1 F967.7 X67.847 Y112.568 E2524.3327
G1 F965.8 X67.864 Y112.297 E2524.34392
G1 F952.4 X67.955 Y112.038 E2524.35542
G1 F946.7 X68.083 Y111.763 E2524.36821
G1 F960 X68.318 Y111.526 E2524.38209
G1 F1008.4 X68.565 Y111.371 E2524.39363
G1 F1121.5 X69.059 Y111.3 E2524.41139
G1 F1200 X69.471 Y111.362 E2524.42525
G1 F1111.1 X69.555 Y111.359 E2524.42827
G1 F997.9 X69.907 Y111.545 E2524.44419
G1 F960 X70.118 Y111.769 E2524.45698
G1 F956.2 X70.288 Y112.122 E2524.47334
G1 F960 X70.355 Y112.522 E2524.4902
G1 F963.9 X70.263 Y112.962 E2524.50881
G1 F960 X70.041 Y113.325 E2524.5265
G1 F963.9 X69.739 Y113.572 E2524.54266
G1 F2700 E2519.54266
;MESH:NONMESH
G0 F300 X69.739 Y113.572 Z7.4
G0 F9000 X69.829 Y113.817
G0 X70.491 Y113.228
G0 X71.495 Y113.661
G0 X162.835 Y113.228
G0 X163.93 Y113.228
G0 X164.672 Y121.328
G0 X166.5 Y121.5
;TIME_ELAPSED:4630.492661
;LAYER:36
;TYPE:WALL-INNER
;MESH:BtnFaceWithWings.stl
G1 F2700 E2524.54266
G1 F1200 X166.5 Y113.5 E2524.80874
G1 X164.5 Y113.5 E2524.87526
G1 X164.5 Y121.5 E2525.14134
G1 X166.5 Y121.5 E2525.20786
G0 F9000 X166.9 Y121.9
G1 F1200 X166.9 Y113.1 E2525.50055
G1 X164.1 Y113.1 E2525.59368
G1 X164.1 Y121.9 E2525.88637
G1 X166.9 Y121.9 E2525.9795
G0 F9000 X167.3 Y122.3
;TYPE:WALL-OUTER
G1 F1200 X167.3 Y112.7 E2526.29879
G1 X163.7 Y112.7 E2526.41853
G1 X163.7 Y122.3 E2526.73783
G1 X167.3 Y122.3 E2526.85756
G0 F9000 X167.02 Y122.02
G0 X166.4 Y121.14
G0 X166.14 Y121.14
;TYPE:SKIN
G1 F1200 X164.86 Y121.14 E2526.90014
G1 X164.86 Y113.86 E2527.14227
G1 X166.14 Y113.86 E2527.18484
G1 X166.14 Y121.14 E2527.42698
G0 F9000 X166.4 Y121.14
G0 X164.672 Y121.328
G0 X164.6 Y120.371
G0 X165.06 Y120.371
G1 F1200 X165.629 Y120.94 E2527.45374
G0 F9000 X165.94 Y120.685
G1 F1200 X165.06 Y119.805 E2527.49513
G0 F9000 X165.06 Y119.239
G1 F1200 X165.94 Y120.12 E2527.53655
G0 F9000 X165.94 Y119.554
G1 F1200 X165.06 Y118.674 E2527.57794
G0 F9000 X165.06 Y118.108
G1 F1200 X165.94 Y118.988 E2527.61933
G0 F9000 X165.94 Y118.423
G1 F1200 X165.06 Y117.542 E2527.66075
G0 F9000 X165.06 Y116.977
G1 F1200 X165.94 Y117.857 E2527.70214
G0 F9000 X165.94 Y117.291
G1 F1200 X165.06 Y116.411 E2527.74354
G0 F9000 X165.06 Y115.845
G1 F1200 X165.94 Y116.726 E2527.78495
G0 F9000 X165.94 Y116.16
G1 F1200 X165.06 Y115.28 E2527.82634
G0 F9000 X165.06 Y114.714
G1 F1200 X165.94 Y115.594 E2527.86774
G0 F9000 X165.94 Y115.029
G1 F1200 X165.06 Y114.148 E2527.90915
G0 F9000 X165.538 Y114.061
G1 F1200 X165.94 Y114.463 E2527.92806
G1 F2700 E2522.92806
G0 F9000 X166.4 Y114.463
G0 X167.076 Y112.924
G0 X167.076 Y111.835
G0 X167.078 Y108.675
G0 X167.078 Y107.58
G0 X181.5 Y107.008
;TYPE:WALL-INNER
G1 F2700 E2527.92806
G1 F1200 X70.1 Y107.008 E2531.63324
G1 F1176.5 X69.926 Y107.015 E2531.63915
G1 F1108.5 X69.1 Y107.033 E2531.66889
G1 F1129.4 X68.1 Y107.008 E2531.70424
G1 X68.92 Y107.393 E2531.73626
G1 F1071.4 X69.058 Y107.648 E2531.74706
G1 F1134.8 X69.1 Y108.008 E2531.75981
G1 X69.142 Y107.648 E2531.77255
G1 F1071.4 X69.28 Y107.393 E2531.78336
G1 F1108.5 X69.926 Y107.015 E2531.8103
G0 F9000 X69.262 Y107.171
G0 X69.1 Y108.008
G1 F1200 X69.1 Y110.507 E2531.89342
G0 F9000 X68.938 Y107.172
G0 X68.1 Y107.008
G1 F1200 X53.5 Y107.008 E2532.37902
G0 F9000 X68.938 Y107.172
G0 X69.19 Y107.648
G0 X69.62 Y107.648
G1 F1200 X70.009 Y107.408 E2532.39422
G1 X181.9 Y107.408 E2536.11573
G1 X181.9 Y106.608 E2536.14234
G1 X53.1 Y106.608 E2540.42624
G1 X53.1 Y107.408 E2540.45285
G1 X68.1 Y107.408 E2540.95175
G1 X68.58 Y107.648 E2540.9696
G1 X68.662 Y107.797 E2540.97526
G1 X68.7 Y108.008 E2540.98239
G1 X68.7 Y110.948 E2541.08018
G1 X69.011 Y110.904 E2541.09062
G1 X69.329 Y110.917 E2541.10121
G1 X69.557 Y110.978 E2541.10906
G1 X69.5 Y110.846 E2541.11384
G1 X69.5 Y108.008 E2541.20823
G1 X69.538 Y107.797 E2541.21536
G1 X69.62 Y107.648 E2541.22102
G0 F9000 X69.19 Y107.648
G0 X69.71 Y111.183
G0 X69.984 Y111.348
G0 X70.284 Y111.655
G0 X70.497 Y112.096
G0 X70.555 Y112.485
G0 X70.433 Y113.089
G0 X70.192 Y113.442
G0 X69.1 Y114.496
G1 F1200 X69.1 Y120.501 E2541.42075
G0 F9000 X69.554 Y120.974
G1 F1200 X69.5 Y120.847 E2541.42534
G1 X69.5 Y114.232 E2541.64535
G1 X69.533 Y114.034 E2541.65203
G1 X69.097 Y114.096 E2541.66668
G1 X68.659 Y114.03 E2541.68141
G1 X68.701 Y114.218 E2541.68782
G1 X68.701 Y120.768 E2541.90567
G1 X68.661 Y120.965 E2541.91236
G1 X69.005 Y120.896 E2541.92403
G1 X69.334 Y120.913 E2541.93498
G1 X69.554 Y120.974 E2541.94258
G0 F9000 X69.222 Y120.63
G0 X70.284 Y121.655
G0 X70.506 Y122.117
G0 X70.538 Y122.753
G0 X70.318 Y123.278
G0 X69.1 Y124.499
G1 F1188.1 X69.1 Y127.075 E2542.02911
G0 F9000 X68.938 Y127.829
G0 X68.274 Y127.981
G1 F1176.5 X68.1 Y127.988 E2542.03502
G1 F1200 X53.5 Y127.988 E2542.52062
G0 F9000 X70.1 Y127.988
G1 F1200 X146.5 Y127.988 E2545.06169
G1 F1176.5 X146.674 Y127.981 E2545.0676
G0 F9000 X147.338 Y127.829
G0 X147.5 Y127.075
G1 F1188.1 X147.5 Y124.495 E2545.15427
G0 F9000 X147.662 Y127.828
G0 X148.5 Y127.988
G1 F1200 X181.5 Y127.988 E2546.25185
G1 F2700 E2541.25185
G0 F9000 X148.5 Y127.988
G1 F2700 E2546.25185
G1 F1129.4 X147.68 Y127.603 E2546.28387
G1 F1081.1 X147.545 Y127.346 E2546.29458
G1 F1134.8 X147.5 Y127.075 E2546.30425
G1 X147.455 Y127.346 E2546.31391
G1 F1081.1 X147.32 Y127.603 E2546.32463
G1 F1108.5 X146.674 Y127.981 E2546.35157
G1 X147.5 Y127.963 E2546.38132
G1 F1129.4 X148.5 Y127.988 E2546.41667
G1 F2700 E2541.41667
G0 F9000 X70.1 Y127.988
G1 F2700 E2546.41667
G1 F1129.4 X69.28 Y127.603 E2546.44868
G1 F1081.1 X69.145 Y127.346 E2546.4594
G1 F1134.8 X69.1 Y127.075 E2546.46906
G1 X69.055 Y127.346 E2546.47872
G1 F1081.1 X68.92 Y127.603 E2546.48944
G1 F1108.5 X68.274 Y127.981 E2546.51639
G1 X69.1 Y127.963 E2546.54614
G1 F1129.4 X70.1 Y127.988 E2546.58149
G1 F2700 E2541.58149
G0 F9000 X147.338 Y127.829
G0 X147.59 Y127.348
G0 X148.02 Y127.348
G1 F2700 E2546.58149
G1 F1200 X147.902 Y127.04 E2546.59246
G1 X147.9 Y124.232 E2546.68585
G1 X147.933 Y124.031 E2546.69263
G1 X147.442 Y124.102 E2546.70913
G1 X147.063 Y124.042 E2546.72189
G1 X147.101 Y124.232 E2546.72833
G1 X147.098 Y127.04 E2546.82173
G1 X146.98 Y127.348 E2546.8327
G1 X146.591 Y127.588 E2546.8479
G1 X70.1 Y127.588 E2549.392
G1 X69.62 Y127.348 E2549.40985
G1 X69.502 Y127.04 E2549.42082
G1 X69.5 Y124.133 E2549.51751
G1 X69.539 Y124.042 E2549.5208
G1 X69.035 Y124.106 E2549.5377
G1 X68.659 Y124.039 E2549.5504
G1 X68.7 Y124.232 E2549.55696
G1 X68.698 Y127.04 E2549.65036
G1 X68.58 Y127.348 E2549.66133
G1 X68.191 Y127.588 E2549.67653
G1 X53.1 Y127.588 E2550.17846
G1 X53.1 Y128.388 E2550.20507
G1 X181.9 Y128.388 E2554.48897
G1 X181.9 Y127.588 E2554.51558
G1 X148.5 Y127.588 E2555.62647
G1 X148.02 Y127.348 E2555.64432
G0 F9000 X148.5 Y127.188
;TYPE:WALL-OUTER
G1 F1200 X148.34 Y127.108 E2555.65027
G1 X148.3 Y127.006 E2555.65391
G1 X148.3 Y124.232 E2555.74618
G1 F1052.6 X148.336 Y124.034 E2555.75381
G1 F948.6 X148.62 Y123.842 E2555.76823
G1 F952.4 X148.864 Y123.581 E2555.7832
G1 F950.5 X149.096 Y123.23 E2555.80087
G1 F944.9 X149.234 Y122.726 E2555.82294
G1 F952.4 X149.239 Y122.458 E2555.83418
G1 F956.2 X149.227 Y122.19 E2555.84538
G1 F943 X149.095 Y121.773 E2555.86389
G1 F952.4 X148.869 Y121.413 E2555.8817
G1 F956.2 X148.689 Y121.219 E2555.89275
G1 F954.3 X148.413 Y121.009 E2555.90725
G1 F952.4 X148.11 Y120.855 E2555.9215
G1 F956.2 X147.768 Y120.768 E2555.93623
G1 F950.5 X147.418 Y120.756 E2555.95093
G1 F943 X147.147 Y120.788 E2555.96248
G1 F948.6 X146.82 Y120.891 E2555.97691
G1 F944.9 X146.514 Y121.048 E2555.99143
G1 F941.2 X146.189 Y121.345 E2556.0101
G1 F937.5 X146.037 Y121.545 E2556.0208
G1 F946.7 X145.874 Y121.851 E2556.03541
G1 F948.6 X145.803 Y122.099 E2556.04627
G1 X145.752 Y122.447 E2556.06107
G1 F956.2 X145.781 Y122.815 E2556.07647
G1 F948.6 X145.898 Y123.215 E2556.09401
G1 F944.9 X146.097 Y123.551 E2556.1105
G1 F948.6 X146.298 Y123.77 E2556.12301
G1 F944.9 X146.651 Y124.026 E2556.14143
G1 F1054.9 X146.622 Y124.072 E2556.14349
G1 F1200 X146.701 Y124.197 E2556.14841
G1 X146.7 Y127.006 E2556.24183
G1 X146.66 Y127.108 E2556.24548
G1 X146.535 Y127.186 E2556.25038
G1 X70.1 Y127.188 E2558.79262
G1 X69.94 Y127.108 E2558.79857
G1 X69.9 Y127.006 E2558.80221
G1 F1162.2 X69.9 Y124.128 E2558.90104
G1 F1025.6 X69.953 Y124.023 E2558.90562
G1 F950.5 X70.221 Y123.841 E2558.91922
G1 F960 X70.47 Y123.583 E2558.93413
G1 F950.5 X70.646 Y123.307 E2558.94788
G1 F943 X70.748 Y123.065 E2558.95899
G1 F952.4 X70.831 Y122.732 E2558.97337
G1 X70.836 Y122.374 E2558.98838
G1 F950.5 X70.782 Y122.023 E2559.00329
G1 F952.4 X70.653 Y121.701 E2559.01783
G1 X70.472 Y121.417 E2559.03194
G1 F960 X70.221 Y121.159 E2559.04691
G1 F956.2 X69.943 Y120.966 E2559.06103
G1 F1023.5 X69.9 Y120.886 E2559.06457
G1 F1081.1 X69.9 Y117.473 E2559.19058
G1 F1030 X69.9 Y114.06 E2559.32283
G1 F973.6 X70.254 Y113.816 E2559.34045
G1 F939.3 X70.518 Y113.532 E2559.35693
G1 F948.6 X70.722 Y113.147 E2559.37526
G1 X70.845 Y112.699 E2559.3948
G1 F944.9 X70.839 Y112.275 E2559.41272
G1 F960 X70.774 Y112.026 E2559.42342
G1 F954.3 X70.697 Y111.779 E2559.43424
G1 F948.6 X70.461 Y111.405 E2559.45284
G1 F956.2 X70.298 Y111.228 E2559.46289
G1 F952.4 X69.944 Y110.967 E2559.48132
G1 F1023.5 X69.9 Y110.883 E2559.48502
G1 F1151.1 X69.9 Y107.958 E2559.58644
G1 F1200 X70.065 Y107.81 E2559.59381
G1 X182.3 Y107.808 E2563.32676
G1 X182.3 Y106.208 E2563.37998
G1 X52.7 Y106.208 E2567.69049
G1 X52.7 Y107.808 E2567.74371
G1 X68.1 Y107.808 E2568.25591
G1 X68.26 Y107.888 E2568.26186
G1 X68.3 Y108.008 E2568.26607
G1 F1159.4 X68.3 Y110.875 E2568.36476
G1 F1023.5 X68.245 Y110.978 E2568.36932
G1 F950.5 X67.978 Y111.157 E2568.38282
G1 F946.7 X67.73 Y111.417 E2568.39796
G1 F944.9 X67.551 Y111.689 E2568.41172
G1 F954.3 X67.448 Y111.932 E2568.42276
G1 F946.7 X67.37 Y112.266 E2568.43721
G1 F952.4 X67.354 Y112.625 E2568.45227
G1 F963.9 X67.417 Y112.972 E2568.46688
G1 F960 X67.545 Y113.297 E2568.4814
G1 F956.2 X67.726 Y113.579 E2568.49539
G1 F960 X67.974 Y113.837 E2568.51027
G1 F971.7 X68.265 Y114.037 E2568.52477
G1 F1076.2 X68.301 Y114.228 E2568.53198
G1 F1159.4 X68.301 Y117.583 E2568.64747
G1 F1083.5 X68.301 Y120.938 E2568.77105
G1 F995.9 X67.983 Y121.155 E2568.78648
G1 F946.7 X67.68 Y121.463 E2568.8047
G1 F948.6 X67.476 Y121.855 E2568.82329
G1 F950.5 X67.356 Y122.257 E2568.84091
G1 X67.357 Y122.723 E2568.86048
G1 F952.4 X67.496 Y123.22 E2568.8821
G1 F956.2 X67.735 Y123.594 E2568.90063
G1 X67.897 Y123.767 E2568.91052
G1 F950.5 X68.272 Y124.047 E2568.93017
G1 F1008.4 X68.303 Y124.142 E2568.93413
G1 F1134.8 X68.3 Y127.006 E2569.03486
G1 F1200 X68.26 Y127.108 E2569.03851
G1 X68.135 Y127.186 E2569.04341
G1 X52.7 Y127.188 E2569.55678
G1 X52.7 Y128.788 E2569.61
G1 X182.3 Y128.788 E2573.92051
G1 X182.3 Y127.188 E2573.97373
G1 X148.5 Y127.188 E2575.09792
G1 F2700 E2570.09792
G0 F9000 X148.5 Y127.5
G0 X148.062 Y127.428
G0 X148.055 Y124
G0 X147.991 Y123.648
G1 F2700 E2575.09792
G1 F1081.1 X147.871 Y123.634 E2575.10238
G1 F1200 X147.465 Y123.696 E2575.11604
G1 X147.172 Y123.654 E2575.12588
G1 X146.953 Y123.552 E2575.13392
G1 F1054.9 X146.919 Y123.595 E2575.13599
G1 F952.4 X146.715 Y123.468 E2575.14606
G1 F961.9 X146.475 Y123.216 E2575.1605
G1 F963.9 X146.294 Y122.817 E2575.17864
G1 F961.9 X146.248 Y122.515 E2575.19132
G1 F954.3 X146.354 Y121.984 E2575.21397
G1 X146.68 Y121.535 E2575.23717
G1 F960 X147.143 Y121.293 E2575.25889
G1 F961.9 X147.661 Y121.259 E2575.28043
G1 F963.9 X148.011 Y121.353 E2575.29544
G1 F965.8 X148.254 Y121.506 E2575.30731
G1 F963.9 X148.492 Y121.738 E2575.32107
G1 F961.9 X148.713 Y122.139 E2575.34007
G1 F960 X148.746 Y122.551 E2575.35725
G1 F958.1 X148.639 Y123.017 E2575.37717
G1 X148.346 Y123.43 E2575.39826
G1 F971.7 X147.991 Y123.648 E2575.41538
G1 F2700 E2570.41538
G0 F9000 X148.118 Y123.868
G0 X146.938 Y127.429
G0 X69.662 Y127.428
G0 X69.655 Y124
G0 X70.07 Y123.653
G0 X69.883 Y123.471
G1 F2700 E2575.41538
G1 F950.5 X69.69 Y123.589 E2575.42487
G1 F1054.9 X69.419 Y123.655 E2575.43543
G1 F1200 X69.068 Y123.7 E2575.4472
G1 F1061.9 X68.582 Y123.652 E2575.46555
G1 F952.4 X68.162 Y123.335 E2575.4876
G1 F956.2 X67.957 Y123.016 E2575.50343
G1 F952.4 X67.864 Y122.714 E2575.51667
G1 X67.86 Y122.308 E2575.53369
G1 F956.2 X67.985 Y121.922 E2575.55063
G1 X68.227 Y121.601 E2575.56741
G1 F941.2 X68.606 Y121.345 E2575.5868
G1 F993.8 X69.173 Y121.29 E2575.60968
G1 F1004.2 X69.656 Y121.377 E2575.62919
G1 F956.2 X69.879 Y121.525 E2575.64036
G1 F960 X70.137 Y121.789 E2575.6557
G1 X70.3 Y122.156 E2575.6724
G1 F950.5 X70.325 Y122.405 E2575.68291
G1 F952.4 X70.335 Y122.718 E2575.69603
G1 F960 X70.125 Y123.221 E2575.71869
G1 X69.883 Y123.471 E2575.73316
G1 F2700 E2570.73316
G0 F9000 X70.07 Y123.653
G0 X70.293 Y123.336
G0 X70.538 Y122.753
G0 X70.506 Y122.117
G0 X70.284 Y121.655
G0 X69.655 Y120.999
G0 X69.655 Y114
G0 X69.582 Y113.658
G1 F2700 E2575.73316
G1 F1043.5 X69.246 Y113.674 E2575.74603
G1 F1126.8 X69.003 Y113.705 E2575.7547
G1 F1008.4 X68.517 Y113.603 E2575.77436
G1 F960 X68.296 Y113.455 E2575.78542
G1 F965.8 X68.043 Y113.184 E2575.80074
G1 F967.7 X67.896 Y112.839 E2575.8162
G1 F963.9 X67.838 Y112.51 E2575.83004
G1 F961.9 X67.955 Y111.982 E2575.85248
G1 F960 X68.258 Y111.566 E2575.87387
G1 F979.6 X68.603 Y111.356 E2575.89033
G1 F1093.4 X68.954 Y111.307 E2575.90327
G1 F1200 X69.275 Y111.313 E2575.91394
G1 F1061.9 X69.659 Y111.38 E2575.92859
G1 F961.9 X69.847 Y111.501 E2575.93787
G1 F965.8 X70.116 Y111.764 E2575.95342
G1 F960 X70.285 Y112.121 E2575.96984
G1 X70.361 Y112.501 E2575.98595
G1 X70.248 Y112.981 E2576.00645
G1 F958.1 X70.027 Y113.357 E2576.02462
G1 F941.2 X69.582 Y113.658 E2576.0474
G1 F2700 E2571.0474
;MESH:NONMESH
G0 F300 X69.582 Y113.658 Z7.6
G0 F9000 X69.718 Y113.868
G0 X69.106 Y113.953
G0 X68.802 Y113.921
G0 X68.424 Y113.786
G0 X68.159 Y113.607
G0 X67.61 Y112.921
G0 X67.724 Y111.787
G0 X68.545 Y111
G0 X68.538 Y107.572
G0 X53.5 Y106.921
G0 X53.5 Y106.892
;TIME_ELAPSED:4720.923721
;LAYER:37
;TYPE:WALL-INNER
;MESH:BtnFaceWithWings.stl
G1 F2700 E2576.0474
G1 F1200 X68.1 Y106.892 E2576.533
G0 F9000 X68.938 Y107.057
G0 X69.1 Y107.892
G1 F1200 X69.1 Y110.507 E2576.61998
G0 F9000 X69.262 Y107.056
G0 X69.926 Y106.899
G1 F1176.5 X70.1 Y106.892 E2576.62588
G1 F1200 X181.5 Y106.892 E2580.33106
G1 F2700 E2575.33106
G0 F9000 X69.662 Y107.456
G0 X69.655 Y110.999
G0 X70.522 Y111.863
G0 X70.538 Y113.077
G0 X69.655 Y114
G0 X69.655 Y120.999
G0 X70.539 Y121.926
G0 X70.598 Y122.93
G0 X69.655 Y124.001
G0 X69.662 Y127.543
G0 X181.5 Y128.104
G1 F2700 E2580.33106
G1 F1200 X148.5 Y128.104 E2581.42865
G1 F1129.4 X147.68 Y127.719 E2581.46066
G1 F1081.1 X147.545 Y127.462 E2581.47138
G1 F1134.8 X147.5 Y127.191 E2581.48104
G1 X147.455 Y127.462 E2581.4907
G1 F1081.1 X147.32 Y127.719 E2581.50142
G1 F1108.5 X146.674 Y128.097 E2581.52837
G1 X147.5 Y128.079 E2581.55811
G1 F1129.4 X148.5 Y128.104 E2581.59346
G0 F9000 X147.662 Y127.943
G0 X147.5 Y127.191
G1 F1188.1 X147.5 Y124.493 E2581.6841
G0 F9000 X147.338 Y127.944
G0 X146.674 Y128.097
G1 F1176.5 X146.5 Y128.104 E2581.69001
G1 F1200 X70.1 Y128.104 E2584.23108
G1 F1129.4 X69.28 Y127.719 E2584.26309
G1 F1081.1 X69.145 Y127.462 E2584.27381
G1 F1134.8 X69.1 Y127.191 E2584.28347
G1 X69.055 Y127.462 E2584.29314
G1 F1081.1 X68.92 Y127.719 E2584.30385
G1 F1108.5 X68.274 Y128.097 E2584.3308
G1 X69.1 Y128.079 E2584.36055
G1 F1129.4 X70.1 Y128.104 E2584.3959
G0 F9000 X69.262 Y127.943
G0 X69.1 Y127.191
G1 F1188.1 X69.1 Y124.511 E2584.48593
G0 F9000 X68.938 Y127.944
G0 X68.274 Y128.097
G1 F1176.5 X68.1 Y128.104 E2584.49183
G1 F1200 X53.5 Y128.104 E2584.97743
G1 F2700 E2579.97743
G0 F9000 X147.338 Y127.944
G0 X147.59 Y127.464
G0 X148.02 Y127.464
G1 F2700 E2584.97743
G1 F1200 X147.902 Y127.156 E2584.9884
G1 X147.903 Y124.168 E2585.08778
G1 X147.968 Y124.013 E2585.09337
G1 X147.673 Y124.099 E2585.10359
G1 X147.267 Y124.083 E2585.11711
G1 X147.061 Y124.033 E2585.12416
G1 X147.096 Y124.156 E2585.12841
G1 X147.098 Y127.156 E2585.22819
G1 X146.98 Y127.464 E2585.23916
G1 X146.591 Y127.704 E2585.25436
G1 X70.1 Y127.704 E2587.79847
G1 X69.62 Y127.464 E2587.81631
G1 X69.502 Y127.156 E2587.82728
G1 X69.5 Y124.232 E2587.92454
G1 X69.544 Y124.031 E2587.93138
G1 X69.17 Y124.12 E2587.94417
G1 X68.673 Y124.049 E2587.96087
G1 X68.7 Y124.232 E2587.96702
G1 X68.698 Y127.156 E2588.06427
G1 X68.58 Y127.464 E2588.07524
G1 X68.191 Y127.704 E2588.09044
G1 X53.1 Y127.704 E2588.59237
G1 X53.1 Y128.504 E2588.61898
G1 X181.9 Y128.504 E2592.90289
G1 X181.9 Y127.704 E2592.92949
G1 X148.5 Y127.704 E2594.04038
G1 X148.02 Y127.464 E2594.05823
G1 F2700 E2589.05823
G0 F9000 X147.59 Y127.464
G0 X146.938 Y127.544
G0 X69.662 Y127.543
G0 X69.655 Y124.001
G0 X70.598 Y122.93
G0 X70.458 Y121.846
G0 X69.1 Y120.501
G1 F2700 E2594.05823
G1 F1200 X69.1 Y114.515 E2594.25733
G0 F9000 X69.224 Y120.641
G0 X69.537 Y120.957
G1 F1200 X69.5 Y120.768 E2594.26373
G1 X69.5 Y114.232 E2594.48112
G1 X69.559 Y114.024 E2594.48831
G1 X69.184 Y114.128 E2594.50125
G1 X68.664 Y114.033 E2594.51884
G1 X68.701 Y114.228 E2594.52544
G1 X68.7 Y120.768 E2594.74296
G1 X68.661 Y120.966 E2594.74967
G1 X69.023 Y120.893 E2594.76195
G1 X69.537 Y120.957 E2594.77918
G0 F9000 X69.224 Y120.641
G0 X69.694 Y113.829
G0 X70.182 Y113.476
G0 X70.436 Y113.083
G0 X70.555 Y112.485
G0 X70.497 Y112.096
G0 X70.282 Y111.65
G0 X69.655 Y110.999
G0 X69.662 Y107.456
G0 X69.926 Y106.899
G1 F1108.5 X69.1 Y106.917 E2594.80893
G1 F1129.4 X68.1 Y106.892 E2594.84428
G1 X68.92 Y107.277 E2594.87629
G1 F1071.4 X69.058 Y107.532 E2594.88709
G1 F1134.8 X69.1 Y107.892 E2594.89984
G1 X69.142 Y107.532 E2594.91259
G1 F1071.4 X69.28 Y107.277 E2594.92339
G1 F1108.5 X69.926 Y106.899 E2594.95034
G0 F9000 X69.62 Y107.532
G1 F1200 X70.009 Y107.292 E2594.96554
G1 X181.9 Y107.292 E2598.68705
G1 X181.9 Y106.492 E2598.71366
G1 X53.1 Y106.492 E2602.99756
G1 X53.1 Y107.292 E2603.02417
G1 X68.1 Y107.292 E2603.52307
G1 X68.58 Y107.532 E2603.54092
G1 X68.662 Y107.681 E2603.54658
G1 X68.7 Y107.892 E2603.55371
G1 X68.695 Y110.843 E2603.65186
G1 X68.62 Y110.992 E2603.65741
G1 X68.92 Y110.901 E2603.66783
G1 X69.329 Y110.917 E2603.68145
G1 X69.576 Y110.995 E2603.69006
G1 X69.5 Y110.885 E2603.69451
G1 X69.5 Y107.892 E2603.79406
G1 X69.538 Y107.681 E2603.80119
G1 X69.62 Y107.532 E2603.80685
G1 F2700 E2598.80685
G0 F9000 X69.19 Y107.532
G0 X69.693 Y111.206
G0 X70.282 Y111.65
G0 X70.497 Y112.096
G0 X70.555 Y112.485
G0 X70.436 Y113.083
G0 X70.292 Y113.306
G0 X69.777 Y113.844
G0 X69.627 Y113.636
;TYPE:WALL-OUTER
G1 F2700 E2603.80685
G1 F1057.3 X69.135 Y113.716 E2603.82566
G1 F1153.8 X68.718 Y113.651 E2603.84026
G1 F1043.5 X68.609 Y113.648 E2603.84443
G1 F979.6 X68.217 Y113.412 E2603.86307
G1 F971.7 X67.952 Y112.999 E2603.88323
G1 F963.9 X67.844 Y112.534 E2603.903
G1 F960 X67.939 Y112.006 E2603.9253
G1 F961.9 X68.219 Y111.606 E2603.94556
G1 X68.5 Y111.402 E2603.95997
G1 F1066.7 X68.95 Y111.307 E2603.97718
G1 F1200 X69.275 Y111.313 E2603.98799
G1 F1064.3 X69.792 Y111.448 E2604.00803
G1 F958.1 X70.092 Y111.742 E2604.02553
G1 F960 X70.296 Y112.109 E2604.04298
G1 F961.9 X70.353 Y112.52 E2604.0602
G1 F963.9 X70.25 Y112.987 E2604.08
G1 F961.9 X70.048 Y113.329 E2604.09648
G1 F952.4 X69.627 Y113.636 E2604.11832
G1 F2700 E2599.11832
G0 F9000 X69.777 Y113.844
G0 X69.655 Y120.999
G0 X70.282 Y121.65
G0 X70.497 Y122.096
G0 X70.555 Y122.485
G0 X70.431 Y123.1
G0 X70.12 Y123.511
G0 X69.727 Y123.866
G0 X69.599 Y123.645
G1 F2700 E2604.11832
G1 F1069 X69.125 Y123.712 E2604.13619
G1 F1197 X68.769 Y123.655 E2604.14821
G1 F1061.9 X68.441 Y123.576 E2604.16089
G1 F960 X68.079 Y123.229 E2604.18174
G1 F963.9 X67.894 Y122.841 E2604.19954
G1 X67.847 Y122.459 E2604.21548
G1 X67.897 Y122.158 E2604.22811
G1 F965.8 X68.031 Y121.84 E2604.24237
G1 F963.9 X68.301 Y121.536 E2604.25921
G1 F989.7 X68.633 Y121.356 E2604.27444
G1 F1076.2 X68.71 Y121.354 E2604.2773
G1 F1170.7 X69.059 Y121.3 E2604.28934
G1 F1200 X69.418 Y121.345 E2604.30137
G1 F1061.9 X69.766 Y121.426 E2604.3148
G1 F956.2 X70.118 Y121.767 E2604.33526
G1 F960 X70.286 Y122.121 E2604.35155
G1 F961.9 X70.345 Y122.498 E2604.36738
G1 F960 X70.245 Y123.012 E2604.38915
G1 F954.3 X69.936 Y123.44 E2604.41123
G1 F956.2 X69.599 Y123.645 E2604.42769
G1 F2700 E2599.42769
G0 F9000 X69.727 Y123.866
G0 X69.662 Y127.543
G0 X146.938 Y127.544
G0 X147.75 Y124.541
G0 X148.201 Y123.836
G0 X148.059 Y123.617
G1 F2700 E2604.42769
G1 F1059.6 X147.646 Y123.693 E2604.44351
G1 F1200 X147.323 Y123.687 E2604.45426
G1 F1064.3 X147.02 Y123.647 E2604.46572
G1 F960 X146.585 Y123.371 E2604.48714
G1 X146.334 Y122.962 E2604.50709
G1 X146.242 Y122.505 E2604.52647
G1 F956.2 X146.333 Y122.04 E2604.54625
G1 F958.1 X146.529 Y121.702 E2604.56252
G1 F963.9 X146.814 Y121.452 E2604.57822
G1 F965.8 X147.066 Y121.327 E2604.58985
G1 F963.9 X147.451 Y121.244 E2604.60615
G1 F958.1 X147.831 Y121.296 E2604.62213
G1 F960 X148.227 Y121.484 E2604.64036
G1 F965.8 X148.537 Y121.793 E2604.65845
G1 X148.702 Y122.168 E2604.67538
G1 F961.9 X148.751 Y122.479 E2604.68844
G1 F960 X148.65 Y122.998 E2604.71042
G1 F944.9 X148.5 Y123.221 E2604.72177
G1 F946.7 X148.311 Y123.45 E2604.73429
G1 F954.3 X148.059 Y123.617 E2604.74694
G1 F2700 E2599.74694
G0 F9000 X148.201 Y123.836
G0 X148.062 Y127.543
G0 X148.5 Y127.615
G0 X148.5 Y127.304
G1 F2700 E2604.74694
G1 F1200 X148.34 Y127.224 E2604.75289
G1 X148.3 Y127.122 E2604.75653
G1 F1145.6 X148.301 Y124.107 E2604.86157
G1 F1016.9 X148.341 Y124.035 E2604.8648
G1 F954.3 X148.636 Y123.829 E2604.87985
G1 F946.7 X148.915 Y123.53 E2604.89709
G1 F948.6 X149.09 Y123.227 E2604.91182
G1 X149.198 Y122.891 E2604.92666
G1 F941.2 X149.239 Y122.637 E2604.93758
G1 F946.7 X149.239 Y122.279 E2604.95267
G1 F950.5 X149.157 Y121.941 E2604.96727
G1 F948.6 X149.016 Y121.624 E2604.98187
G1 F946.7 X148.746 Y121.281 E2605.00027
G1 F952.4 X148.56 Y121.11 E2605.01086
G1 X148.264 Y120.929 E2605.0254
G1 X147.932 Y120.804 E2605.04027
G1 X147.507 Y120.74 E2605.05828
G1 F948.6 X147.063 Y120.806 E2605.07717
G1 F952.4 X146.742 Y120.923 E2605.09148
G1 F956.2 X146.45 Y121.103 E2605.1058
G1 F958.1 X146.251 Y121.276 E2605.11679
G1 F956.2 X146.035 Y121.546 E2605.13122
G1 F952.4 X145.862 Y121.859 E2605.14621
G1 F948.6 X145.75 Y122.36 E2605.16781
G1 F944.9 X145.783 Y122.813 E2605.18699
G1 F956.2 X145.867 Y123.144 E2605.20125
G1 F948.6 X146.073 Y123.519 E2605.21925
G1 F939.3 X146.336 Y123.806 E2605.23579
G1 X146.674 Y124.038 E2605.25321
G1 F993.8 X146.705 Y124.13 E2605.25711
G1 F1126.8 X146.7 Y127.122 E2605.36309
G1 F1200 X146.66 Y127.224 E2605.36673
G1 X146.535 Y127.302 E2605.37163
G1 X70.1 Y127.304 E2607.91387
G1 X69.94 Y127.224 E2607.91982
G1 X69.9 Y127.122 E2607.92347
G1 F1137.4 X69.898 Y124.138 E2608.02817
G1 F1004.2 X69.935 Y124.036 E2608.03249
G1 F948.6 X70.237 Y123.829 E2608.04789
G1 F950.5 X70.455 Y123.596 E2608.06129
G1 F948.6 X70.649 Y123.306 E2608.07597
G1 F944.9 X70.782 Y122.976 E2608.091
G1 X70.844 Y122.556 E2608.10893
G1 F956.2 X70.819 Y122.192 E2608.12416
G1 F952.4 X70.723 Y121.863 E2608.13852
G1 X70.609 Y121.625 E2608.14958
G1 F956.2 X70.468 Y121.41 E2608.16031
G1 F954.3 X70.224 Y121.162 E2608.17487
G1 F948.6 X69.955 Y120.976 E2608.18863
G1 F1000 X69.9 Y120.864 E2608.19361
G1 F1043.5 X69.902 Y114.109 E2608.45198
G1 F983.6 X69.93 Y114.042 E2608.45493
G1 F943 X70.206 Y113.845 E2608.46928
G1 F944.9 X70.52 Y113.529 E2608.48809
G1 F956.2 X70.719 Y113.155 E2608.50578
G1 F952.4 X70.815 Y112.803 E2608.52107
G1 F948.6 X70.844 Y112.549 E2608.53182
G1 F956.2 X70.819 Y112.191 E2608.5468
G1 F946.7 X70.7 Y111.783 E2608.56472
G1 F948.6 X70.467 Y111.413 E2608.58312
G1 F956.2 X70.227 Y111.168 E2608.59743
G1 F963.9 X69.957 Y110.969 E2608.61132
G1 F1076.2 X69.905 Y110.815 E2608.61735
G1 F1200 X69.9 Y107.842 E2608.71623
G1 X70.065 Y107.694 E2608.72361
G1 X182.3 Y107.692 E2612.45656
G1 X182.3 Y106.092 E2612.50977
G1 X52.7 Y106.092 E2616.82029
G1 X52.7 Y107.692 E2616.8735
G1 X68.1 Y107.692 E2617.38571
G1 X68.26 Y107.772 E2617.39166
G1 X68.3 Y107.892 E2617.39587
G1 X68.299 Y110.793 E2617.49235
G1 F1066.7 X68.243 Y110.974 E2617.49944
G1 F956.2 X67.964 Y111.169 E2617.51365
G1 F952.4 X67.742 Y111.398 E2617.52702
G1 F956.2 X67.55 Y111.691 E2617.54164
G1 F946.7 X67.414 Y112.021 E2617.55669
G1 F944.9 X67.353 Y112.44 E2617.57457
G1 F948.6 X67.38 Y112.804 E2617.58993
G1 F950.5 X67.471 Y113.134 E2617.6043
G1 F954.3 X67.588 Y113.374 E2617.61547
G1 F952.4 X67.727 Y113.584 E2617.62602
G1 F963.9 X67.972 Y113.838 E2617.64064
G1 F956.2 X68.264 Y114.031 E2617.65525
G1 F1021.3 X68.301 Y114.149 E2617.66008
G1 F1126.8 X68.295 Y120.849 E2617.89741
G1 F1034.5 X68.243 Y120.978 E2617.90277
G1 F954.3 X67.985 Y121.149 E2617.91572
G1 F952.4 X67.676 Y121.471 E2617.93442
G1 F948.6 X67.479 Y121.843 E2617.95213
G1 F956.2 X67.376 Y122.192 E2617.96732
G1 F960 X67.35 Y122.443 E2617.97781
G1 X67.378 Y122.804 E2617.99287
G1 F948.6 X67.499 Y123.214 E2618.01085
G1 F950.5 X67.73 Y123.585 E2618.0292
G1 F954.3 X67.97 Y123.831 E2618.04358
G1 F948.6 X68.25 Y124.026 E2618.05794
G1 F1030 X68.3 Y124.13 E2618.06241
G1 F1165 X68.3 Y127.122 E2618.16491
G1 F1200 X68.26 Y127.224 E2618.16855
G1 X68.135 Y127.302 E2618.17345
G1 X52.7 Y127.304 E2618.68682
G1 X52.7 Y128.904 E2618.74004
G1 X182.3 Y128.904 E2623.05055
G1 X182.3 Y127.304 E2623.10377
G1 X148.5 Y127.304 E2624.22796
G1 F2700 E2619.22796
;MESH:NONMESH
G0 F300 X148.5 Y127.304 Z7.8
G0 F9000 X148.5 Y127.615
G0 X69.662 Y127.543
G0 X69.655 Y124.001
G0 X70.598 Y122.93
G0 X70.443 Y121.726
G0 X69.655 Y120.999
G0 X69.655 Y114
G0 X70.538 Y113.077
G0 X70.522 Y111.863
G0 X68.549 Y110.101
G0 X68.538 Y107.457
G0 X53.5 Y106.805
G0 X53.5 Y106.78
;TIME_ELAPSED:4808.090913
;LAYER:38
;TYPE:WALL-INNER
;MESH:BtnFaceWithWings.stl
G1 F2700 E2624.22796
G1 F1206 X68.1 Y106.778 E2624.71113
G0 F9000 X68.938 Y106.941
G0 X69.1 Y107.776
G1 F1200 X69.1 Y110.501 E2624.80176
G0 F9000 X69.262 Y106.94
G0 X69.927 Y106.785
G1 F1188.1 X70.1 Y106.778 E2624.80758
G1 F1212.1 X181.502 Y106.778 E2628.47577
G1 F2700 E2623.47577
G0 F9000 X69.662 Y107.34
G0 X69.655 Y110.999
G0 X70.479 Y111.796
G0 X70.576 Y113.004
G0 X69.655 Y114
G0 X69.655 Y120.999
G0 X70.52 Y121.859
G0 X70.589 Y122.928
G0 X70.154 Y123.635
G0 X69.655 Y124.007
G0 X69.662 Y127.659
G0 X181.5 Y128.22
G1 F2700 E2628.47577
G1 F1200 X148.5 Y128.22 E2629.57336
G1 F1129.4 X147.68 Y127.835 E2629.60537
G1 F1081.1 X147.545 Y127.578 E2629.61609
G1 F1134.8 X147.5 Y127.307 E2629.62575
G1 X147.455 Y127.578 E2629.63541
G1 F1081.1 X147.32 Y127.835 E2629.64613
G1 F1108.5 X146.674 Y128.213 E2629.67308
G1 X147.5 Y128.195 E2629.70282
G1 F1129.4 X148.5 Y128.22 E2629.73817
G0 F9000 X147.662 Y128.059
G0 X147.5 Y127.307
G1 F1188.1 X147.5 Y124.483 E2629.83304
G0 F9000 X147.338 Y128.06
G0 X146.674 Y128.213
G1 F1176.5 X146.5 Y128.22 E2629.83895
G1 F1200 X70.1 Y128.22 E2632.38002
G1 F1129.4 X69.28 Y127.835 E2632.41203
G1 F1081.1 X69.145 Y127.578 E2632.42275
G1 F1134.8 X69.1 Y127.307 E2632.43241
G1 X69.055 Y127.578 E2632.44208
G1 F1081.1 X68.92 Y127.835 E2632.45279
G1 F1108.5 X68.274 Y128.213 E2632.47974
G1 X69.1 Y128.195 E2632.50949
G1 F1129.4 X70.1 Y128.22 E2632.54484
G0 F9000 X69.262 Y128.059
G0 X69.1 Y127.307
G1 F1188.1 X69.1 Y124.495 E2632.6393
G0 F9000 X68.938 Y128.06
G0 X68.274 Y128.213
G1 F1176.5 X68.1 Y128.22 E2632.64521
G1 F1200 X53.5 Y128.22 E2633.13081
G1 F2700 E2628.13081
G0 F9000 X147.338 Y128.06
G0 X147.59 Y127.58
G0 X148.02 Y127.58
G1 F2700 E2633.13081
G1 F1200 X147.902 Y127.272 E2633.14178
G1 F1197 X147.9 Y124.07 E2633.24854
G1 X147.299 Y124.09 E2633.26859
G1 F1200 X147.063 Y124.037 E2633.27664
G1 X147.098 Y124.162 E2633.28096
G1 X147.098 Y127.272 E2633.38439
G1 X146.98 Y127.58 E2633.39536
G1 X146.591 Y127.82 E2633.41057
G1 X70.1 Y127.82 E2635.95467
G1 X69.62 Y127.58 E2635.97252
G1 X69.502 Y127.272 E2635.98349
G1 X69.504 Y124.163 E2636.08689
G1 X69.533 Y124.055 E2636.09061
G1 X69.036 Y124.1 E2636.10721
G1 X68.668 Y124.045 E2636.11959
G1 X68.701 Y124.228 E2636.12577
G1 X68.698 Y127.272 E2636.22701
G1 X68.58 Y127.58 E2636.23799
G1 X68.191 Y127.82 E2636.25319
G1 X53.1 Y127.82 E2636.75512
G1 X53.1 Y128.62 E2636.78172
G1 X181.9 Y128.62 E2641.06563
G1 X181.9 Y127.82 E2641.09224
G1 X148.5 Y127.82 E2642.20313
G1 X148.02 Y127.58 E2642.22098
G1 F2700 E2637.22098
G0 F9000 X147.59 Y127.58
G0 X146.938 Y127.66
G0 X69.662 Y127.659
G0 X69.655 Y124.007
G0 X70.511 Y123.14
G0 X70.645 Y122.301
G0 X70.336 Y121.743
G0 X69.1 Y120.501
G1 F2700 E2642.22098
G1 F1200 X69.1 Y114.495 E2642.42074
G0 F9000 X69.224 Y120.64
G0 X69.537 Y120.956
G1 F1200 X69.5 Y120.768 E2642.42711
G1 X69.5 Y114.151 E2642.64719
G1 X69.558 Y114.021 E2642.65193
G1 X69.329 Y114.083 E2642.65982
G1 X69.005 Y114.099 E2642.67061
G1 X68.665 Y114.034 E2642.68212
G1 X68.7 Y114.228 E2642.68868
G1 X68.694 Y120.858 E2642.90919
G1 X68.666 Y120.944 E2642.9122
G1 X69.081 Y120.9 E2642.92608
G1 X69.537 Y120.956 E2642.94136
G0 F9000 X69.224 Y120.64
G0 X69.692 Y113.822
G0 X70.184 Y113.472
G0 X70.436 Y113.083
G0 X70.555 Y112.485
G0 X70.497 Y112.096
G0 X70.282 Y111.65
G0 X69.655 Y110.999
G0 X69.662 Y107.34
G0 X69.927 Y106.785
G1 F1116.3 X69.1 Y106.805 E2642.97094
G1 F1137.4 X68.1 Y106.778 E2643.00604
G1 X68.921 Y107.163 E2643.03786
G1 F1076.2 X69.057 Y107.418 E2643.04858
G1 F1137.4 X69.1 Y107.776 E2643.06123
G1 X69.143 Y107.418 E2643.07388
G1 F1076.2 X69.279 Y107.163 E2643.0846
G1 F1116.3 X69.927 Y106.785 E2643.11142
G0 F9000 X69.619 Y107.416
G1 F1200 X70.009 Y107.176 E2643.12665
G1 X181.9 Y107.176 E2646.84816
G1 X181.9 Y106.38 E2646.87464
G1 X53.1 Y106.38 E2651.15854
G1 X53.1 Y107.18 E2651.18515
G1 X68.1 Y107.176 E2651.68405
G1 X68.581 Y107.416 E2651.70193
G1 X68.662 Y107.565 E2651.70757
G1 X68.7 Y107.776 E2651.7147
G1 X68.7 Y110.768 E2651.81422
G1 X68.656 Y110.958 E2651.8207
G1 X69.033 Y110.893 E2651.83343
G1 X69.531 Y110.965 E2651.85016
G1 X69.5 Y110.768 E2651.8568
G1 X69.5 Y107.776 E2651.95631
G1 X69.538 Y107.565 E2651.96344
G1 X69.619 Y107.416 E2651.96908
G1 F2700 E2646.96908
G0 F9000 X69.19 Y107.416
G0 X69.582 Y111.127
G0 X69.928 Y111.306
G0 X70.282 Y111.65
G0 X70.497 Y112.096
G0 X70.555 Y112.485
G0 X70.436 Y113.083
G0 X70.293 Y113.303
G0 X69.813 Y113.828
G0 X69.656 Y113.62
;TYPE:WALL-OUTER
G1 F2700 E2651.96908
G1 F1000 X69.15 Y113.709 E2651.98959
G1 F1093.4 X68.716 Y113.649 E2652.00558
G1 F1071.4 X68.647 Y113.648 E2652.00815
G1 F993.8 X68.394 Y113.528 E2652.0194
G1 F963.9 X68.151 Y113.319 E2652.03267
G1 F956.2 X67.968 Y113.035 E2652.04677
G1 X67.843 Y112.533 E2652.06837
G1 F958.1 X67.938 Y112.025 E2652.0899
G1 X68.176 Y111.643 E2652.10864
G1 F961.9 X68.543 Y111.364 E2652.12777
G1 F1071.4 X69.059 Y111.3 E2652.14714
G1 F1200 X69.471 Y111.362 E2652.161
G1 F1118.9 X69.544 Y111.356 E2652.16361
G1 F1004.2 X69.832 Y111.486 E2652.17617
G1 F963.9 X70.135 Y111.784 E2652.19377
G1 F961.9 X70.301 Y112.164 E2652.21098
G1 F960 X70.351 Y112.477 E2652.22415
G1 X70.254 Y112.998 E2652.24619
G1 F958.1 X70.019 Y113.353 E2652.26392
G1 F952.4 X69.656 Y113.62 E2652.28281
G1 F2700 E2647.28281
G0 F9000 X69.813 Y113.828
G0 X69.655 Y120.999
G0 X70.282 Y121.65
G0 X70.497 Y122.096
G0 X70.555 Y122.485
G0 X70.436 Y123.083
G0 X70.295 Y123.301
G0 X69.783 Y123.846
G0 X69.688 Y123.602
G1 F2700 E2652.28281
G1 F1030 X69.434 Y123.667 E2652.29297
G1 F1159.4 X69.065 Y123.696 E2652.30571
G1 F1200 X68.772 Y123.654 E2652.31555
G1 F1057.3 X68.522 Y123.596 E2652.32524
G1 F956.2 X68.318 Y123.475 E2652.33514
G1 F960 X68.131 Y123.282 E2652.34631
G1 F956.2 X67.972 Y123.04 E2652.3584
G1 F961.9 X67.851 Y122.643 E2652.37562
G1 X67.893 Y122.148 E2652.39623
G1 F960 X68.064 Y121.796 E2652.4125
G1 F952.4 X68.31 Y121.526 E2652.42781
G1 F944.9 X68.499 Y121.417 E2652.43703
G1 F1016.9 X68.756 Y121.332 E2652.44765
G1 F1151.1 X69.062 Y121.3 E2652.45832
G1 F1200 X69.418 Y121.345 E2652.47025
G1 F1061.9 X69.766 Y121.426 E2652.48368
G1 F956.2 X70.115 Y121.764 E2652.50396
G1 F960 X70.285 Y122.121 E2652.5204
G1 X70.351 Y122.473 E2652.53529
G1 X70.261 Y122.974 E2652.55645
G1 X70.043 Y123.33 E2652.57381
G1 F956.2 X69.688 Y123.602 E2652.59248
G1 F2700 E2647.59248
G0 F9000 X69.783 Y123.846
G0 X69.662 Y127.659
G0 X146.938 Y127.66
G0 X147.931 Y124.196
G0 X148.239 Y123.811
G0 X148.089 Y123.612
G1 F2700 E2652.59248
G1 F1052.6 X147.77 Y123.671 E2652.60478
G1 F1185.2 X147.32 Y123.687 E2652.61994
G1 F1081.1 X146.991 Y123.642 E2652.6322
G1 F967.7 X146.713 Y123.468 E2652.64572
G1 F960 X146.478 Y123.215 E2652.66008
G1 X146.285 Y122.812 E2652.67866
G1 X146.256 Y122.312 E2652.69948
G1 F952.4 X146.347 Y122.051 E2652.71106
G1 F948.6 X146.47 Y121.788 E2652.72328
G1 F956.2 X146.699 Y121.538 E2652.73743
G1 F963.9 X146.966 Y121.371 E2652.75047
G1 X147.301 Y121.262 E2652.76506
G1 F956.2 X147.599 Y121.252 E2652.77751
G1 X148.042 Y121.359 E2652.79653
G1 F965.8 X148.34 Y121.578 E2652.81181
G1 X148.537 Y121.809 E2652.82436
G1 F963.9 X148.703 Y122.156 E2652.84029
G1 F960 X148.745 Y122.507 E2652.85498
G1 X148.66 Y122.999 E2652.87574
G1 F963.9 X148.435 Y123.326 E2652.89218
G1 F960 X148.089 Y123.612 E2652.91084
G1 F2700 E2647.91084
G0 F9000 X148.239 Y123.811
G0 X148.055 Y123.994
G0 X148.062 Y127.659
G0 X148.5 Y127.731
G0 X148.5 Y127.42
G1 F2700 E2652.91084
G1 F1200 X148.34 Y127.34 E2652.91679
G1 X148.3 Y127.238 E2652.92044
G1 F1185.2 X148.302 Y124.176 E2653.02355
G1 F1048 X148.342 Y124.035 E2653.02913
G1 F944.9 X148.545 Y123.895 E2653.03955
G1 F952.4 X148.808 Y123.658 E2653.05439
G1 F954.3 X149.04 Y123.336 E2653.07098
G1 F943 X149.183 Y122.982 E2653.08714
G1 F948.6 X149.245 Y122.548 E2653.10559
G1 F956.2 X149.218 Y122.188 E2653.12066
G1 F944.9 X149.1 Y121.786 E2653.13836
G1 F941.2 X148.847 Y121.366 E2653.15915
G1 F944.9 X148.417 Y121.003 E2653.18292
G1 X148.016 Y120.831 E2653.20135
G1 F946.7 X147.673 Y120.751 E2653.2162
G1 F956.2 X147.227 Y120.768 E2653.23483
G1 F958.1 X146.983 Y120.829 E2653.2453
G1 F952.4 X146.65 Y120.97 E2653.26046
G1 F958.1 X146.382 Y121.152 E2653.27395
G1 F956.2 X146.074 Y121.472 E2653.29249
G1 F948.6 X145.874 Y121.862 E2653.31093
G1 X145.745 Y122.295 E2653.32994
G1 X145.782 Y122.848 E2653.35326
G1 F943 X145.895 Y123.214 E2653.36947
G1 F948.6 X146.131 Y123.583 E2653.3879
G1 F956.2 X146.368 Y123.832 E2653.40225
G1 F952.4 X146.659 Y124.03 E2653.417
G1 F1016.9 X146.7 Y124.137 E2653.4215
G1 F1145.6 X146.7 Y127.238 E2653.52954
G1 F1200 X146.66 Y127.34 E2653.53318
G1 X146.535 Y127.418 E2653.53808
G1 X70.1 Y127.42 E2656.08032
G1 X69.94 Y127.34 E2656.08627
G1 X69.9 Y127.238 E2656.08992
G1 F1159.4 X69.903 Y124.146 E2656.19636
G1 F1039 X69.939 Y124.044 E2656.20051
G1 F961.9 X70.289 Y123.777 E2656.21878
G1 F952.4 X70.518 Y123.519 E2656.23323
G1 F958.1 X70.689 Y123.229 E2656.24726
G1 F954.3 X70.777 Y122.977 E2656.25842
G1 F944.9 X70.839 Y122.641 E2656.27285
G1 F946.7 X70.839 Y122.275 E2656.28828
G1 F943 X70.696 Y121.778 E2656.31017
G1 F948.6 X70.466 Y121.409 E2656.32847
G1 F952.4 X70.227 Y121.166 E2656.34275
G1 F948.6 X69.955 Y120.976 E2656.35671
G1 F1034.5 X69.9 Y120.867 E2656.36142
G1 F1100.9 X69.9 Y114.106 E2656.60653
G1 F1004.2 X69.94 Y114.036 E2656.60974
G1 F944.9 X70.288 Y113.788 E2656.62779
G1 F948.6 X70.568 Y113.445 E2656.64641
G1 X70.76 Y113.069 E2656.66418
G1 F944.9 X70.839 Y112.641 E2656.68256
G1 F952.4 X70.842 Y112.367 E2656.69405
G1 F960 X70.783 Y112.032 E2656.70819
G1 F956.2 X70.649 Y111.7 E2656.72313
G1 F954.3 X70.471 Y111.416 E2656.73715
G1 F956.2 X70.223 Y111.165 E2656.75188
G1 F952.4 X69.954 Y110.974 E2656.7657
G1 F1061.9 X69.9 Y110.768 E2656.77371
G1 F1200 X69.9 Y107.776 E2656.87322
G1 X69.939 Y107.656 E2656.87742
G1 X70.065 Y107.578 E2656.88235
G1 X182.3 Y107.576 E2660.6153
G1 X182.3 Y105.98 E2660.66838
G1 X52.7 Y105.98 E2664.9789
G1 X52.7 Y107.58 E2665.03211
G1 X68.1 Y107.576 E2665.54432
G1 X68.261 Y107.656 E2665.5503
G1 X68.3 Y107.776 E2665.5545
G1 F1153.8 X68.295 Y110.862 E2665.66124
G1 F1034.5 X68.246 Y110.969 E2665.66578
G1 F961.9 X67.906 Y111.219 E2665.68329
G1 F952.4 X67.682 Y111.478 E2665.69764
G1 X67.507 Y111.768 E2665.71184
G1 F948.6 X67.42 Y112.02 E2665.72305
G1 F941.2 X67.358 Y112.355 E2665.7375
G1 X67.359 Y112.724 E2665.75315
G1 F944.9 X67.497 Y113.218 E2665.77482
G1 F958.1 X67.732 Y113.588 E2665.79308
G1 F960 X67.971 Y113.832 E2665.80728
G1 F956.2 X68.255 Y114.027 E2665.82166
G1 F1034.5 X68.298 Y114.15 E2665.82668
G1 F1116.3 X68.294 Y120.866 E2666.06681
G1 F1016.9 X68.244 Y120.978 E2666.07162
G1 F944.9 X67.907 Y121.208 E2666.08886
G1 F952.4 X67.631 Y121.549 E2666.10724
G1 F956.2 X67.435 Y121.931 E2666.12517
G1 F944.9 X67.358 Y122.355 E2666.14337
G1 F952.4 X67.354 Y122.63 E2666.15489
G1 F956.2 X67.416 Y122.964 E2666.16907
G1 X67.541 Y123.297 E2666.18392
G1 X67.725 Y123.578 E2666.19794
G1 F960 X67.971 Y123.833 E2666.21267
G1 F956.2 X68.253 Y124.024 E2666.22689
G1 F1030 X68.301 Y124.125 E2666.23122
G1 F1159.4 X68.3 Y127.238 E2666.33838
G1 F1200 X68.26 Y127.34 E2666.34203
G1 X68.135 Y127.418 E2666.34693
G1 X52.7 Y127.42 E2666.8603
G1 X52.7 Y129.02 E2666.91352
G1 X182.3 Y129.02 E2671.22403
G1 X182.3 Y127.42 E2671.27725
G1 X148.5 Y127.42 E2672.40144
G1 F2700 E2667.40144
;MESH:NONMESH
G0 F300 X148.5 Y127.42 Z8
G0 F9000 X148.5 Y127.731
G0 X69.662 Y127.659
G0 X69.655 Y124.007
G0 X70.511 Y123.14
G0 X70.645 Y122.301
G0 X70.099 Y121.316
G0 X69.655 Y120.999
G0 X69.655 Y114
G0 X70.576 Y113.004
G0 X70.479 Y111.796
G0 X68.55 Y110.024
G0 X68.538 Y107.341
G0 X53.5 Y106.69
G0 X53.5 Y106.664
;TIME_ELAPSED:4895.291687
;LAYER:39
;TYPE:WALL-INNER
;MESH:BtnFaceWithWings.stl
G1 F2700 E2672.40144
G1 F1200 X68.1 Y106.664 E2672.88704
G0 F9000 X68.938 Y106.826
G0 X69.1 Y107.664
G1 F1200 X69.1 Y110.501 E2672.98139
G0 F9000 X69.262 Y106.825
G0 X69.927 Y106.669
G1 F1188.1 X70.1 Y106.662 E2672.98721
G1 F1212.1 X181.502 Y106.662 E2676.6554
G1 F2700 E2671.6554
G0 F9000 X69.662 Y107.225
G0 X69.655 Y110.999
G0 X70.571 Y112.014
G0 X70.545 Y113.063
G0 X69.655 Y113.994
G0 X69.655 Y120.999
G0 X70.541 Y121.934
G0 X70.509 Y123.146
G0 X69.655 Y124
G0 X69.662 Y127.774
G0 X181.5 Y128.336
G1 F2700 E2676.6554
G1 F1200 X148.5 Y128.336 E2677.75299
G1 F1129.4 X147.68 Y127.951 E2677.785
G1 F1081.1 X147.545 Y127.694 E2677.79572
G1 F1134.8 X147.5 Y127.423 E2677.80538
G1 X147.455 Y127.694 E2677.81504
G1 F1081.1 X147.32 Y127.951 E2677.82576
G1 F1108.5 X146.674 Y128.329 E2677.85271
G1 X147.5 Y128.311 E2677.88246
G1 F1129.4 X148.5 Y128.336 E2677.91781
G0 F9000 X147.662 Y128.174
G0 X147.5 Y127.423
G1 F1188.1 X147.5 Y124.495 E2678.01616
G0 F9000 X147.338 Y128.175
G0 X146.674 Y128.329
G1 F1176.5 X146.5 Y128.336 E2678.02207
G1 F1200 X70.1 Y128.336 E2680.56315
G1 F1129.4 X69.28 Y127.951 E2680.59516
G1 F1081.1 X69.145 Y127.694 E2680.60588
G1 F1134.8 X69.1 Y127.423 E2680.61554
G1 X69.055 Y127.694 E2680.6252
G1 F1081.1 X68.92 Y127.951 E2680.63592
G1 F1108.5 X68.274 Y128.329 E2680.66287
G1 X69.1 Y128.311 E2680.69261
G1 F1129.4 X70.1 Y128.336 E2680.72796
G0 F9000 X69.262 Y128.174
G0 X69.1 Y127.423
G1 F1188.1 X69.1 Y124.495 E2680.82632
G0 F9000 X68.938 Y128.175
G0 X68.274 Y128.329
G1 F1176.5 X68.1 Y128.336 E2680.83223
G1 F1200 X53.5 Y128.336 E2681.31783
G1 F2700 E2676.31783
G0 F9000 X147.338 Y128.175
G0 X147.59 Y127.696
G0 X148.02 Y127.696
G1 F2700 E2681.31783
G1 F1200 X147.902 Y127.388 E2681.3288
G1 F1185.2 X147.904 Y124.064 E2681.44074
G1 F1182.3 X147.437 Y124.099 E2681.45655
G1 F1194 X147.073 Y124.048 E2681.46883
G1 F1197 X147.1 Y124.228 E2681.4749
G1 F1200 X147.098 Y127.388 E2681.58
G1 X146.98 Y127.696 E2681.59097
G1 X146.591 Y127.936 E2681.60618
G1 X70.1 Y127.936 E2684.15028
G1 X69.62 Y127.696 E2684.16813
G1 X69.502 Y127.388 E2684.1791
G1 X69.503 Y124.166 E2684.28626
G1 X69.536 Y124.054 E2684.29015
G1 F1194 X69.03 Y124.101 E2684.30713
G1 X68.7 Y124.047 E2684.31831
G1 F1197 X68.698 Y127.388 E2684.42971
G1 F1200 X68.58 Y127.696 E2684.44068
G1 X68.191 Y127.936 E2684.45588
G1 X53.1 Y127.936 E2684.95781
G1 X53.1 Y128.736 E2684.98442
G1 X181.9 Y128.736 E2689.26832
G1 X181.9 Y127.936 E2689.29493
G1 X148.5 Y127.936 E2690.40582
G1 X148.02 Y127.696 E2690.42367
G1 F2700 E2685.42367
G0 F9000 X147.59 Y127.696
G0 X146.938 Y127.775
G0 X69.662 Y127.774
G0 X69.655 Y124
G0 X70.509 Y123.146
G0 X70.541 Y121.934
G0 X69.1 Y120.501
G1 F2700 E2690.42367
G1 F1200 X69.1 Y114.495 E2690.62343
G0 F9000 X69.224 Y120.641
G0 X69.535 Y120.952
G1 F1200 X69.5 Y120.768 E2690.62966
G1 X69.5 Y114.232 E2690.84705
G1 X69.536 Y114.032 E2690.85381
G1 F1197 X69.034 Y114.102 E2690.87071
G1 F1188.1 X68.675 Y114.043 E2690.88293
G1 F1194 X68.701 Y114.228 E2690.88917
G1 F1200 X68.7 Y120.768 E2691.1067
G1 X68.662 Y120.965 E2691.11337
G1 X69.023 Y120.893 E2691.12561
G1 X69.535 Y120.952 E2691.14275
G0 F9000 X69.224 Y120.641
G0 X69.587 Y113.872
G0 X69.982 Y113.656
G0 X70.293 Y113.336
G0 X70.527 Y112.781
G0 X70.552 Y112.442
G0 X70.432 Y111.912
G0 X70.196 Y111.547
G0 X69.655 Y110.999
G0 X69.662 Y107.225
G0 X69.927 Y106.669
G1 F1116.3 X69.099 Y106.688 E2691.17237
G1 F1132.1 X68.1 Y106.664 E2691.2076
G1 X68.92 Y107.048 E2691.23952
G1 F1071.4 X69.056 Y107.302 E2691.25025
G1 F1134.8 X69.1 Y107.664 E2691.26308
G1 X69.143 Y107.302 E2691.2759
G1 F1071.4 X69.279 Y107.047 E2691.28667
G1 F1116.3 X69.927 Y106.669 E2691.31349
G0 F9000 X69.619 Y107.301
G1 F1200 X70.009 Y107.06 E2691.32874
G1 X181.9 Y107.06 E2695.05025
G1 X181.9 Y106.264 E2695.07672
G1 X53.1 Y106.264 E2699.36063
G1 X53.1 Y107.064 E2699.38724
G1 X68.1 Y107.064 E2699.88614
G1 X68.58 Y107.303 E2699.90397
G1 X68.661 Y107.451 E2699.90958
G1 X68.7 Y107.664 E2699.91679
G1 X68.7 Y110.764 E2700.01989
G1 F1194 X68.67 Y110.957 E2700.02642
G1 X69.026 Y110.893 E2700.03851
G1 F1200 X69.526 Y110.957 E2700.05528
G1 X69.5 Y110.768 E2700.06162
G1 X69.5 Y107.663 E2700.1649
G1 X69.538 Y107.45 E2700.17209
G1 X69.619 Y107.301 E2700.17773
G1 F2700 E2695.17773
G0 F9000 X69.19 Y107.301
G0 X69.717 Y111.204
G0 X69.968 Y111.335
G0 X70.196 Y111.547
G0 X70.432 Y111.912
G0 X70.552 Y112.442
G0 X70.527 Y112.781
G0 X70.337 Y113.231
G0 X69.968 Y113.733
G0 X69.843 Y113.504
;TYPE:WALL-OUTER
G1 F2700 E2700.17773
G1 F1000 X69.551 Y113.642 E2700.19062
G1 F1113.7 X69.469 Y113.639 E2700.19356
G1 F1200 X69.059 Y113.696 E2700.20733
G1 F1194 X68.768 Y113.651 E2700.21717
G1 F1121.5 X68.703 Y113.655 E2700.21949
G1 F1012.7 X68.352 Y113.501 E2700.2346
G1 F963.9 X68.128 Y113.295 E2700.2472
G1 F960 X67.946 Y112.978 E2700.2624
G1 F958.1 X67.844 Y112.526 E2700.2817
G1 X67.938 Y112.014 E2700.30339
G1 F943 X68.096 Y111.78 E2700.31534
G1 F944.9 X68.299 Y111.537 E2700.32871
G1 F981.6 X68.628 Y111.34 E2700.3443
G1 F1088.4 X68.764 Y111.346 E2700.34929
G1 F1194 X69.059 Y111.3 E2700.35927
G1 F1200 X69.469 Y111.357 E2700.37304
G1 F1088.4 X69.606 Y111.351 E2700.37807
G1 F975.6 X69.896 Y111.54 E2700.39223
G1 F958.1 X70.06 Y111.702 E2700.40183
G1 X70.244 Y111.994 E2700.41621
G1 F956.2 X70.349 Y112.449 E2700.4357
G1 F958.1 X70.323 Y112.751 E2700.44833
G1 F960 X70.135 Y113.198 E2700.46849
G1 X69.843 Y113.504 E2700.48608
G1 F2700 E2695.48608
G0 F9000 X69.968 Y113.733
G0 X69.655 Y113.994
G0 X69.655 Y120.999
G0 X70.187 Y121.533
G0 X70.432 Y121.912
G0 X70.552 Y122.442
G0 X70.527 Y122.781
G0 X70.337 Y123.231
G0 X69.954 Y123.742
G0 X69.843 Y123.511
G1 F2700 E2700.48608
G1 F1066.7 X69.367 Y123.668 E2700.50483
G1 F1200 X69.062 Y123.696 E2700.51502
G1 F1194 X68.768 Y123.652 E2700.52496
G1 F1121.5 X68.703 Y123.655 E2700.52727
G1 F1012.7 X68.351 Y123.5 E2700.54243
G1 F963.9 X68.137 Y123.296 E2700.55467
G1 F960 X67.959 Y123.016 E2700.56847
G1 F956.2 X67.86 Y122.682 E2700.58301
G1 F958.1 X67.867 Y122.258 E2700.60067
G1 F961.9 X68.066 Y121.793 E2700.62166
G1 F960 X68.355 Y121.495 E2700.63892
G1 F995.9 X68.639 Y121.357 E2700.65157
G1 F1086 X68.711 Y121.355 E2700.65422
G1 F1173.6 X69.062 Y121.3 E2700.6663
G1 F1200 X69.412 Y121.341 E2700.67802
G1 F1066.7 X69.697 Y121.402 E2700.68893
G1 F961.9 X70.042 Y121.66 E2700.7068
G1 F963.9 X70.248 Y122.013 E2700.72373
G1 X70.348 Y122.456 E2700.74253
G1 X70.324 Y122.744 E2700.7545
G1 F961.9 X70.147 Y123.197 E2700.77468
G1 F960 X69.843 Y123.511 E2700.79285
G1 F2700 E2695.79285
G0 F9000 X69.954 Y123.742
G0 X69.655 Y124
G0 X69.662 Y127.774
G0 X146.938 Y127.775
G0 X147.893 Y124.22
G0 X148.219 Y123.825
G0 X148.062 Y123.617
G1 F2700 E2700.79285
G1 F1048 X147.768 Y123.674 E2700.80426
G1 F1185.2 X147.462 Y123.696 E2700.81459
G1 F1194 X147.172 Y123.655 E2700.82438
G1 F1054.9 X146.925 Y123.598 E2700.83397
G1 F956.2 X146.727 Y123.48 E2700.84359
G1 F961.9 X146.541 Y123.298 E2700.85439
G1 F956.2 X146.339 Y122.986 E2700.8699
G1 F952.4 X146.247 Y122.535 E2700.88919
G1 F950.5 X146.335 Y122.029 E2700.91076
G1 F956.2 X146.541 Y121.695 E2700.92714
G1 F960 X146.83 Y121.441 E2700.94313
G1 X147.086 Y121.315 E2700.955
G1 F958.1 X147.516 Y121.251 E2700.97311
G1 F963.9 X147.869 Y121.304 E2700.98789
G1 X148.225 Y121.481 E2701.00435
G1 F958.1 X148.439 Y121.671 E2701.01627
G1 F956.2 X148.659 Y122.013 E2701.03325
G1 F960 X148.76 Y122.52 E2701.05474
G1 X148.639 Y123.017 E2701.07601
G1 F956.2 X148.437 Y123.33 E2701.09156
G1 F952.4 X148.062 Y123.617 E2701.11135
G1 F2700 E2696.11135
G0 F9000 X148.219 Y123.825
G0 X148.062 Y127.774
G0 X148.5 Y127.846
G0 X148.5 Y127.536
G1 F2700 E2701.11135
G1 F1200 X148.34 Y127.456 E2701.1173
G1 X148.3 Y127.354 E2701.12094
G1 F1185.2 X148.302 Y124.176 E2701.22796
G1 F1048 X148.342 Y124.035 E2701.23354
G1 F948.6 X148.611 Y123.842 E2701.24747
G1 F952.4 X148.866 Y123.588 E2701.26256
G1 F958.1 X149.097 Y123.23 E2701.28031
G1 F948.6 X149.215 Y122.807 E2701.29878
G1 F956.2 X149.246 Y122.451 E2701.3137
G1 F952.4 X149.186 Y122.031 E2701.33148
G1 F948.6 X149.057 Y121.709 E2701.34607
G1 F956.2 X148.82 Y121.34 E2701.36438
G1 F958.1 X148.486 Y121.055 E2701.38267
G1 F956.2 X148.174 Y120.888 E2701.39744
G1 F948.6 X147.843 Y120.776 E2701.41214
G1 X147.414 Y120.753 E2701.43022
G1 F944.9 X147.064 Y120.801 E2701.44514
G1 F946.7 X146.654 Y120.959 E2701.46366
G1 F952.4 X146.385 Y121.152 E2701.47754
G1 F956.2 X146.129 Y121.413 E2701.4928
G1 X145.901 Y121.77 E2701.51048
G1 F946.7 X145.781 Y122.193 E2701.52902
G1 F952.4 X145.75 Y122.541 E2701.54366
G1 F948.6 X145.811 Y122.973 E2701.56202
G1 F944.9 X145.938 Y123.289 E2701.5764
G1 F958.1 X146.134 Y123.589 E2701.59133
G1 F960 X146.364 Y123.828 E2701.60512
G1 F952.4 X146.654 Y124.025 E2701.61981
G1 F1025.6 X146.7 Y124.121 E2701.62395
G1 F1159.4 X146.7 Y127.354 E2701.73525
G1 F1200 X146.66 Y127.456 E2701.73889
G1 X146.535 Y127.534 E2701.74379
G1 X70.1 Y127.536 E2704.28603
G1 X69.94 Y127.456 E2704.29198
G1 X69.9 Y127.354 E2704.29562
G1 X69.901 Y124.21 E2704.40019
G1 F1111.1 X69.964 Y124.043 E2704.40661
G1 F995.9 X70.214 Y123.845 E2704.41939
G1 F958.1 X70.52 Y123.532 E2704.43762
G1 F946.7 X70.685 Y123.224 E2704.45235
G1 F948.6 X70.802 Y122.899 E2704.46689
G1 F956.2 X70.845 Y122.549 E2704.48161
G1 F950.5 X70.816 Y122.196 E2704.49648
G1 X70.725 Y121.86 E2704.5111
G1 X70.523 Y121.474 E2704.52939
G1 F944.9 X70.223 Y121.162 E2704.54767
G1 F952.4 X69.957 Y120.974 E2704.56132
G1 F1043.5 X69.9 Y120.858 E2704.56627
G1 F1173.6 X69.9 Y114.232 E2704.79161
G1 F1057.3 X69.959 Y114.021 E2704.79988
G1 F954.3 X70.152 Y113.897 E2704.80947
G1 F956.2 X70.345 Y113.725 E2704.82026
G1 X70.569 Y113.447 E2704.83517
G1 F950.5 X70.719 Y113.142 E2704.84944
G1 F948.6 X70.803 Y112.895 E2704.86041
G1 F956.2 X70.841 Y112.637 E2704.8713
G1 F948.6 X70.837 Y112.277 E2704.88645
G1 F944.9 X70.752 Y111.941 E2704.90109
G1 F948.6 X70.611 Y111.627 E2704.91557
G1 F956.2 X70.468 Y111.41 E2704.92642
G1 F958.1 X70.229 Y111.164 E2704.94071
G1 F952.4 X69.955 Y110.976 E2704.95463
G1 F1059.6 X69.9 Y110.768 E2704.96274
G1 F1200 X69.9 Y107.661 E2705.06607
G1 X69.939 Y107.54 E2705.0703
G1 X70.065 Y107.462 E2705.07523
G1 X182.3 Y107.46 E2708.80818
G1 X182.3 Y105.864 E2708.86127
G1 X52.7 Y105.864 E2713.17178
G1 X52.7 Y107.464 E2713.225
G1 X68.1 Y107.464 E2713.7372
G1 X68.26 Y107.543 E2713.74314
G1 X68.3 Y107.664 E2713.74738
G1 F1159.4 X68.3 Y110.876 E2713.85795
G1 F1021.3 X68.247 Y110.974 E2713.8623
G1 F948.6 X67.982 Y111.152 E2713.87573
G1 F944.9 X67.681 Y111.468 E2713.89417
G1 F943 X67.507 Y111.769 E2713.90888
G1 F948.6 X67.403 Y112.098 E2713.9234
G1 X67.352 Y112.448 E2713.93828
G1 X67.38 Y112.804 E2713.9533
G1 F950.5 X67.47 Y113.135 E2713.96771
G1 F952.4 X67.673 Y113.522 E2713.98602
G1 X67.97 Y113.836 E2714.00413
G1 F954.3 X68.251 Y114.022 E2714.01823
G1 F1030 X68.301 Y114.126 E2714.0227
G1 F1162.2 X68.3 Y120.768 E2714.25079
G1 F1061.9 X68.238 Y120.98 E2714.2591
G1 F956.2 X68.044 Y121.103 E2714.26868
G1 F958.1 X67.854 Y121.275 E2714.27936
G1 F956.2 X67.627 Y121.55 E2714.29424
G1 F948.6 X67.478 Y121.852 E2714.30841
G1 F950.5 X67.396 Y122.105 E2714.31958
G1 F956.2 X67.356 Y122.361 E2714.3304
G1 F952.4 X67.356 Y122.72 E2714.34544
G1 F954.3 X67.442 Y123.056 E2714.35995
G1 X67.585 Y123.37 E2714.37438
G1 X67.729 Y123.59 E2714.38538
G1 F956.2 X67.962 Y123.828 E2714.39928
G1 F952.4 X68.251 Y124.022 E2714.41387
G1 F1030 X68.3 Y124.124 E2714.41825
G1 F1162.2 X68.3 Y127.354 E2714.52917
G1 F1200 X68.26 Y127.456 E2714.53282
G1 X68.135 Y127.534 E2714.53772
G1 X52.7 Y127.536 E2715.05109
G1 X52.7 Y129.136 E2715.1043
G1 X182.3 Y129.136 E2719.41482
G1 X182.3 Y127.536 E2719.46803
G1 X148.5 Y127.536 E2720.59223
G1 F2700 E2715.59223
;MESH:NONMESH
G0 F300 X148.5 Y127.536 Z8.2
G0 F9000 X148.5 Y127.846
G0 X69.662 Y127.774
G0 X69.655 Y124
G0 X70.509 Y123.146
G0 X70.541 Y121.934
G0 X69.655 Y120.999
G0 X69.655 Y113.994
G0 X70.545 Y113.063
G0 X70.571 Y112.014
G0 X69.655 Y110.999
G0 X68.538 Y107.226
G0 X53.5 Y106.574
G0 X53.5 Y106.548
;TIME_ELAPSED:4982.559896
;LAYER:40
;TYPE:WALL-INNER
;MESH:BtnFaceWithWings.stl
G1 F2700 E2720.59223
G1 F1200 X68.1 Y106.548 E2721.07782
G0 F9000 X68.938 Y106.71
G0 X69.1 Y107.548
G1 F1200 X69.1 Y110.501 E2721.17604
G0 F9000 X70.196 Y111.547
G0 X70.432 Y111.912
G0 X70.552 Y112.442
G0 X70.527 Y112.781
G0 X70.316 Y113.281
G0 X69.1 Y114.495
G1 F1200 X69.1 Y120.501 E2721.3758
G0 F9000 X69.537 Y120.967
G1 F1200 X69.5 Y120.768 E2721.38253
G1 X69.5 Y114.232 E2721.59992
G1 X69.536 Y114.032 E2721.60668
G1 X69.08 Y114.096 E2721.622
G1 X68.666 Y114.052 E2721.63584
G1 X68.694 Y114.137 E2721.63882
G1 X68.7 Y120.768 E2721.85937
G1 X68.661 Y120.967 E2721.86611
G1 X69.024 Y120.892 E2721.87844
G1 X69.537 Y120.967 E2721.89568
G0 F9000 X69.225 Y120.643
G0 X70.196 Y121.547
G0 X70.432 Y121.912
G0 X70.552 Y122.442
G0 X70.527 Y122.781
G0 X70.316 Y123.281
G0 X69.1 Y124.495
G1 F1188.1 X69.1 Y127.539 E2721.99794
G0 F9000 X68.938 Y128.291
G0 X68.274 Y128.445
G1 F1176.5 X68.1 Y128.452 E2722.00385
G1 F1194 X53.502 Y128.45 E2722.49181
G0 F9000 X70.1 Y128.452
G1 F1200 X146.5 Y128.452 E2725.03288
G1 F1176.5 X146.674 Y128.445 E2725.03879
G0 F9000 X147.338 Y128.291
G0 X147.5 Y127.539
G1 F1188.1 X147.5 Y124.483 E2725.14145
G0 F9000 X147.662 Y128.29
G0 X148.5 Y128.452
G1 F1194 X181.498 Y128.45 E2726.24445
G1 F2700 E2721.24445
G0 F9000 X148.062 Y127.89
G0 X69.662 Y127.89
G0 X69.655 Y124
G0 X70.542 Y123.066
G0 X70.521 Y121.86
G0 X69.655 Y120.999
G0 X69.655 Y113.993
G0 X70.552 Y113.065
G0 X70.541 Y111.934
G0 X69.655 Y110.999
G0 X69.662 Y107.109
G0 X181.5 Y106.548
G1 F2700 E2726.24445
G1 F1203 X144.367 Y106.547 E2727.47642
G1 F1206 X107.234 Y106.547 E2728.70529
G1 F1209.1 X70.101 Y106.546 E2729.93107
G1 F1188.1 X69.927 Y106.553 E2729.93692
G1 F1116.3 X69.099 Y106.572 E2729.96654
G1 F1132.1 X68.1 Y106.548 E2730.00177
G1 X68.92 Y106.932 E2730.03369
G1 F1071.4 X69.056 Y107.186 E2730.04442
G1 F1134.8 X69.1 Y107.548 E2730.05725
G1 X69.143 Y107.186 E2730.07007
G1 F1071.4 X69.279 Y106.931 E2730.08084
G1 F1116.3 X69.927 Y106.553 E2730.10766
G0 F9000 X69.619 Y107.185
G1 F1200 X70.009 Y106.944 E2730.12291
G1 X181.9 Y106.948 E2733.84442
G1 X181.9 Y106.148 E2733.87103
G1 X53.1 Y106.148 E2738.15493
G1 X53.1 Y106.948 E2738.18154
G1 X68.1 Y106.948 E2738.68044
G1 X68.58 Y107.187 E2738.69828
G1 X68.661 Y107.335 E2738.70389
G1 X68.7 Y107.548 E2738.71109
G1 X68.701 Y110.768 E2738.81819
G1 X68.662 Y110.964 E2738.82483
G1 X69.021 Y110.892 E2738.83701
G1 X69.526 Y110.957 E2738.85395
G1 X69.5 Y110.768 E2738.86029
G1 X69.5 Y107.547 E2738.96742
G1 X69.538 Y107.334 E2738.97462
G1 X69.619 Y107.185 E2738.98026
G0 F9000 X69.19 Y107.185
G0 X69.587 Y111.128
G0 X69.968 Y111.335
G0 X70.196 Y111.547
G0 X70.432 Y111.912
G0 X70.552 Y112.442
G0 X70.527 Y112.781
G0 X70.293 Y113.336
G0 X69.981 Y113.657
G0 X69.477 Y113.89
G0 X69.655 Y120.999
G0 X70.196 Y121.547
G0 X70.432 Y121.912
G0 X70.552 Y122.442
G0 X70.527 Y122.781
G0 X70.293 Y123.336
G0 X69.655 Y124
G0 X69.662 Y127.89
G0 X70.1 Y128.452
G1 F1129.4 X69.28 Y128.067 E2739.01227
G1 F1081.1 X69.145 Y127.81 E2739.02299
G1 F1134.8 X69.1 Y127.539 E2739.03265
G1 X69.055 Y127.81 E2739.04232
G1 F1081.1 X68.92 Y128.067 E2739.05303
G1 F1108.5 X68.274 Y128.445 E2739.07998
G1 X69.1 Y128.427 E2739.10973
G1 F1129.4 X70.1 Y128.452 E2739.14508
G1 F2700 E2734.14508
G0 F9000 X148.5 Y128.452
G1 F2700 E2739.14508
G1 F1129.4 X147.68 Y128.067 E2739.17709
G1 F1081.1 X147.545 Y127.81 E2739.18781
G1 F1134.8 X147.5 Y127.539 E2739.19747
G1 X147.455 Y127.81 E2739.20713
G1 F1081.1 X147.32 Y128.067 E2739.21785
G1 F1108.5 X146.674 Y128.445 E2739.2448
G1 X147.5 Y128.427 E2739.27454
G1 F1129.4 X148.5 Y128.452 E2739.30989
G0 F9000 X148.02 Y127.812
G1 F1200 X147.902 Y127.504 E2739.32086
G1 F1197 X147.9 Y124.071 E2739.43533
G1 X147.298 Y124.09 E2739.45541
G1 F1200 X147.063 Y124.037 E2739.46343
G1 X147.098 Y124.162 E2739.46774
G1 X147.098 Y127.504 E2739.5789
G1 X146.98 Y127.812 E2739.58987
G1 X146.591 Y128.052 E2739.60507
G1 X70.1 Y128.052 E2742.14917
G1 X69.62 Y127.812 E2742.16702
G1 X69.502 Y127.504 E2742.17799
G1 X69.503 Y124.166 E2742.28901
G1 X69.536 Y124.054 E2742.2929
G1 X69.04 Y124.1 E2742.30947
G1 F1194 X68.671 Y124.048 E2742.32192
G1 F1197 X68.701 Y124.232 E2742.32814
G1 F1200 X68.698 Y127.504 E2742.43697
G1 X68.58 Y127.812 E2742.44794
G1 X68.191 Y128.052 E2742.46314
G1 X53.1 Y128.048 E2742.96507
G1 X53.1 Y128.852 E2742.99181
G1 X181.9 Y128.852 E2747.27571
G1 X181.9 Y128.048 E2747.30245
G1 X148.5 Y128.052 E2748.41334
G1 X148.02 Y127.812 E2748.43119
G0 F9000 X148.5 Y127.652
;TYPE:WALL-OUTER
G1 F1200 X148.34 Y127.572 E2748.43714
G1 X148.3 Y127.47 E2748.44079
G1 F1188.1 X148.303 Y124.177 E2748.55141
G1 F1048 X148.341 Y124.035 E2748.55701
G1 F944.9 X148.618 Y123.837 E2748.57139
G1 F952.4 X148.863 Y123.591 E2748.58594
G1 F956.2 X149.1 Y123.223 E2748.60421
G1 F948.6 X149.215 Y122.807 E2748.62237
G1 F954.3 X149.246 Y122.455 E2748.63715
G1 F952.4 X149.186 Y122.027 E2748.65526
G1 F946.7 X149.057 Y121.709 E2748.66973
G1 F956.2 X148.869 Y121.412 E2748.6844
G1 X148.688 Y121.219 E2748.69544
G1 F950.5 X148.344 Y120.963 E2748.71345
G1 X148.024 Y120.828 E2748.72803
G1 F954.3 X147.668 Y120.75 E2748.74328
G1 F952.4 X147.234 Y120.771 E2748.76148
G1 F948.6 X146.9 Y120.849 E2748.77592
G1 X146.45 Y121.08 E2748.7972
G1 F941.2 X146.08 Y121.473 E2748.82009
G1 F944.9 X145.87 Y121.864 E2748.83883
G1 F948.6 X145.799 Y122.106 E2748.84945
G1 F950.5 X145.751 Y122.447 E2748.86391
G1 F954.3 X145.779 Y122.8 E2748.87872
G1 F948.6 X145.896 Y123.223 E2748.89718
G1 F956.2 X146.134 Y123.592 E2748.91551
G1 F960 X146.37 Y123.836 E2748.92962
G1 F956.2 X146.658 Y124.029 E2748.94409
G1 F1019.1 X146.699 Y124.137 E2748.94862
G1 F1148.3 X146.7 Y127.47 E2749.06446
G1 F1200 X146.66 Y127.572 E2749.06811
G1 X146.535 Y127.65 E2749.07301
G1 X70.1 Y127.652 E2751.61525
G1 X69.94 Y127.572 E2751.6212
G1 X69.9 Y127.47 E2751.62484
G1 F1148.3 X69.905 Y124.134 E2751.74079
G1 F1016.9 X69.951 Y124.025 E2751.74543
G1 F950.5 X70.22 Y123.841 E2751.75912
G1 F956.2 X70.522 Y123.527 E2751.7773
G1 F946.7 X70.718 Y123.144 E2751.79544
G1 F944.9 X70.856 Y122.697 E2751.8152
G1 F948.6 X70.816 Y122.196 E2751.83635
G1 X70.7 Y121.777 E2751.85464
G1 F956.2 X70.463 Y121.408 E2751.87295
G1 F960 X70.224 Y121.16 E2751.88726
G1 F952.4 X69.955 Y120.976 E2751.90092
G1 F1059.6 X69.9 Y120.768 E2751.90903
G1 F1176.5 X69.9 Y117.444 E2752.02179
G1 F1134.8 X69.9 Y114.12 E2752.13871
G1 F1025.6 X69.958 Y114.022 E2752.14314
G1 F956.2 X70.154 Y113.894 E2752.15291
G1 X70.345 Y113.721 E2752.16367
G1 X70.566 Y113.449 E2752.1783
G1 F946.7 X70.729 Y113.132 E2752.19332
G1 F937.5 X70.852 Y112.673 E2752.21355
G1 F941.2 X70.816 Y112.196 E2752.23384
G1 F950.5 X70.725 Y111.86 E2752.24846
G1 X70.523 Y111.474 E2752.26675
G1 X70.225 Y111.16 E2752.28493
G1 F952.4 X69.955 Y110.976 E2752.29862
G1 F1059.6 X69.9 Y110.768 E2752.30673
G1 F1200 X69.9 Y107.545 E2752.41392
G1 X69.939 Y107.424 E2752.41815
G1 X70.065 Y107.346 E2752.42308
G1 X182.3 Y107.348 E2756.15603
G1 X182.3 Y105.748 E2756.20925
G1 X52.7 Y105.748 E2760.51976
G1 X52.7 Y107.348 E2760.57298
G1 X68.1 Y107.348 E2761.08518
G1 X68.26 Y107.427 E2761.09112
G1 X68.3 Y107.548 E2761.09536
G1 F1159.4 X68.301 Y110.874 E2761.20985
G1 F1023.5 X68.244 Y110.979 E2761.21451
G1 F950.5 X67.974 Y111.156 E2761.22807
G1 F944.9 X67.68 Y111.473 E2761.24633
G1 X67.474 Y111.849 E2761.26444
G1 F956.2 X67.343 Y112.337 E2761.28553
G1 F952.4 X67.38 Y112.804 E2761.30516
G1 F948.6 X67.496 Y113.219 E2761.32329
G1 F956.2 X67.733 Y113.591 E2761.3417
G1 F960 X67.975 Y113.84 E2761.35614
G1 F948.6 X68.246 Y114.022 E2761.36988
G1 F1052.6 X68.217 Y114.068 E2761.37194
G1 F1200 X68.298 Y114.2 E2761.37709
G1 F1176.5 X68.299 Y117.542 E2761.49047
G1 F1132.1 X68.3 Y120.884 E2761.60829
G1 F1023.5 X68.239 Y120.98 E2761.61273
G1 F956.2 X68.059 Y121.093 E2761.6216
G1 F952.4 X67.852 Y121.277 E2761.63321
G1 F948.6 X67.63 Y121.548 E2761.64794
G1 F952.4 X67.463 Y121.862 E2761.66285
G1 F948.6 X67.347 Y122.362 E2761.68444
G1 F941.2 X67.382 Y122.803 E2761.7032
G1 F946.7 X67.47 Y123.135 E2761.71768
G1 F952.4 X67.673 Y123.522 E2761.736
G1 X67.975 Y123.84 E2761.75438
G1 X68.254 Y124.028 E2761.76848
G1 F1025.6 X68.301 Y124.127 E2761.77274
G1 F1159.4 X68.3 Y127.47 E2761.88782
G1 F1200 X68.26 Y127.572 E2761.89147
G1 X68.135 Y127.65 E2761.89637
G1 X52.7 Y127.648 E2762.40974
G1 X52.7 Y129.252 E2762.46309
G1 X182.3 Y129.252 E2766.7736
G1 X182.3 Y127.648 E2766.82695
G1 X148.5 Y127.652 E2767.95114
G1 F2700 E2762.95114
G0 F9000 X148.5 Y127.962
G0 X148.062 Y127.89
G0 X148.055 Y124
G0 X148.059 Y123.617
G1 F2700 E2767.95114
G1 F1059.6 X147.707 Y123.676 E2767.96458
G1 F1200 X147.32 Y123.687 E2767.97746
G1 F1081.1 X146.989 Y123.641 E2767.9898
G1 F973.6 X146.721 Y123.478 E2768.00266
G1 F960 X146.541 Y123.3 E2768.01318
G1 F956.2 X146.358 Y123.015 E2768.02732
G1 X146.237 Y122.541 E2768.04774
G1 F958.1 X146.345 Y122.023 E2768.06978
G1 F944.9 X146.496 Y121.781 E2768.08183
G1 X146.702 Y121.529 E2768.09558
G1 F954.3 X147.171 Y121.283 E2768.11773
G1 F950.5 X147.597 Y121.252 E2768.13567
G1 F954.3 X147.893 Y121.312 E2768.1483
G1 F963.9 X148.254 Y121.506 E2768.16527
G1 X148.46 Y121.701 E2768.17701
G1 F960 X148.663 Y122.031 E2768.19312
G1 F963.9 X148.759 Y122.519 E2768.21372
G1 F958.1 X148.641 Y123.013 E2768.23487
G1 F954.3 X148.436 Y123.331 E2768.2507
G1 F952.4 X148.059 Y123.617 E2768.27053
G1 F2700 E2763.27053
G0 F9000 X148.217 Y123.826
G0 X147.781 Y123.927
G0 X146.938 Y127.891
G0 X69.662 Y127.89
G0 X69.655 Y124
G0 X69.899 Y123.768
G0 X69.795 Y123.552
G1 F2700 E2768.27053
G1 F1064.3 X69.443 Y123.665 E2768.28439
G1 F1148.3 X69.062 Y123.696 E2768.29768
G1 F1194 X68.771 Y123.655 E2768.3075
G1 F1116.3 X68.699 Y123.659 E2768.31008
G1 F1004.2 X68.32 Y123.478 E2768.32677
G1 F952.4 X68.094 Y123.236 E2768.34065
G1 X67.946 Y122.978 E2768.35312
G1 F956.2 X67.838 Y122.493 E2768.37386
G1 F952.4 X67.917 Y122.083 E2768.39136
G1 X68.038 Y121.841 E2768.40269
G1 F960 X68.327 Y121.516 E2768.42078
G1 F995.9 X68.644 Y121.356 E2768.43501
G1 F1088.4 X68.714 Y121.355 E2768.43757
G1 F1173.6 X69.059 Y121.3 E2768.44945
G1 F1200 X69.465 Y121.357 E2768.46309
G1 F1113.7 X69.548 Y121.353 E2768.46607
G1 F1000 X69.846 Y121.499 E2768.47931
G1 F963.9 X70.056 Y121.696 E2768.49124
G1 F958.1 X70.238 Y121.985 E2768.50546
G1 X70.348 Y122.455 E2768.52557
G1 F961.9 X70.32 Y122.786 E2768.53936
G1 F956.2 X70.114 Y123.23 E2768.55979
G1 F991.7 X69.795 Y123.552 E2768.57803
G1 F2700 E2763.57803
G0 F9000 X69.899 Y123.768
G0 X70.293 Y123.336
G0 X70.527 Y122.781
G0 X70.552 Y122.442
G0 X70.432 Y121.912
G0 X69.92 Y121.182
G0 X69.655 Y120.999
G0 X69.655 Y113.993
G0 X69.979 Y113.728
G0 X69.853 Y113.497
G1 F2700 E2768.57803
G1 F1000 X69.551 Y113.643 E2768.59142
G1 F1113.7 X69.469 Y113.639 E2768.59436
G1 F1200 X69.059 Y113.696 E2768.60813
G1 X68.795 Y113.664 E2768.61697
G1 X68.533 Y113.537 E2768.62666
G1 F1052.6 X68.502 Y113.583 E2768.62876
G1 F952.4 X68.354 Y113.501 E2768.63585
G1 F963.9 X68.139 Y113.298 E2768.64809
G1 F956.2 X67.957 Y113.014 E2768.66217
G1 X67.836 Y112.537 E2768.68271
G1 F958.1 X67.949 Y112.012 E2768.70509
G1 F944.9 X68.096 Y111.78 E2768.71669
G1 F939.3 X68.294 Y111.537 E2768.73001
G1 F995.9 X68.69 Y111.344 E2768.74766
G1 F1121.5 X68.764 Y111.347 E2768.7503
G1 F1200 X69.059 Y111.3 E2768.76023
G1 X69.469 Y111.357 E2768.774
G1 F1111.1 X69.554 Y111.353 E2768.77706
G1 F1000 X69.846 Y111.499 E2768.79009
G1 F967.7 X70.062 Y111.695 E2768.80212
G1 F965.8 X70.248 Y112.013 E2768.81734
G1 F963.9 X70.34 Y112.421 E2768.83466
G1 X70.324 Y112.778 E2768.84946
G1 X70.135 Y113.195 E2768.86842
G1 F960 X69.853 Y113.497 E2768.88559
G1 F2700 E2763.88559
;MESH:NONMESH
G0 F300 X69.853 Y113.497 Z8.4
G0 F9000 X69.979 Y113.728
G0 X69.587 Y113.872
G0 X69.05 Y113.954
G0 X68.719 Y113.903
G0 X68.241 Y113.673
G0 X68.004 Y113.453
G0 X67.564 Y112.663
G0 X67.837 Y111.588
G0 X68.545 Y111
G0 X68.538 Y107.11
G0 X53.5 Y106.459
G0 X53.5 Y106.432
;TIME_ELAPSED:5067.083409
;LAYER:41
;TYPE:WALL-INNER
;MESH:BtnFaceWithWings.stl
G1 F2700 E2768.88559
G1 F1200 X68.1 Y106.432 E2769.37119
G0 F9000 X68.938 Y106.594
G0 X69.1 Y107.432
G1 F1200 X69.1 Y110.501 E2769.47327
G0 F9000 X69.993 Y111.35
G0 X70.399 Y111.834
G0 X70.559 Y112.463
G0 X70.432 Y113.094
G0 X70.156 Y113.479
G0 X69.1 Y114.495
G1 F1200 X69.1 Y120.501 E2769.67303
G0 F9000 X69.538 Y120.967
G1 F1200 X69.5 Y120.764 E2769.6799
G1 X69.5 Y114.228 E2769.89729
G1 X69.537 Y114.029 E2769.90402
G1 X69.032 Y114.103 E2769.92099
G1 X68.664 Y114.034 E2769.93345
G1 X68.701 Y114.232 E2769.94015
G1 X68.7 Y120.768 E2770.15753
G1 X68.662 Y120.965 E2770.16421
G1 X69.028 Y120.892 E2770.17662
G1 X69.538 Y120.967 E2770.19377
G0 F9000 X69.225 Y120.643
G0 X69.993 Y121.35
G0 X70.399 Y121.834
G0 X70.559 Y122.463
G0 X70.436 Y123.083
G0 X70.242 Y123.383
G0 X69.1 Y124.495
G1 F1188.1 X69.1 Y127.655 E2770.29992
G0 F9000 X68.938 Y128.406
G0 X68.274 Y128.561
G1 F1176.5 X68.1 Y128.568 E2770.30583
G1 F1194 X53.502 Y128.566 E2770.79379
G0 F9000 X70.1 Y128.568
G1 F1200 X146.5 Y128.568 E2773.33486
G1 F1176.5 X146.674 Y128.561 E2773.34077
G0 F9000 X147.338 Y128.406
G0 X147.5 Y127.655
G1 F1188.1 X147.5 Y124.483 E2773.44732
G0 F9000 X147.662 Y128.406
G0 X148.5 Y128.568
G1 F1194 X181.498 Y128.566 E2774.55033
G1 F2700 E2769.55033
G0 F9000 X148.062 Y128.006
G0 X69.662 Y128.006
G0 X69.655 Y124.001
G0 X70.543 Y123.065
G0 X70.521 Y121.86
G0 X69.655 Y121
G0 X69.655 Y113.994
G0 X70.442 Y113.272
G0 X70.572 Y112.016
G0 X69.655 Y111.006
G0 X69.662 Y106.994
G0 X181.5 Y106.432
G1 F2700 E2774.55033
G1 F1200 X70.1 Y106.432 E2778.25551
G1 F1176.5 X69.926 Y106.439 E2778.26142
G1 F1108.5 X69.1 Y106.457 E2778.29116
G1 F1129.4 X68.1 Y106.432 E2778.32651
G1 X68.92 Y106.817 E2778.35853
G1 F1071.4 X69.058 Y107.072 E2778.36933
G1 F1134.8 X69.1 Y107.432 E2778.38207
G1 X69.142 Y107.072 E2778.39482
G1 F1071.4 X69.28 Y106.817 E2778.40562
G1 F1108.5 X69.926 Y106.439 E2778.43257
G0 F9000 X69.62 Y107.072
G1 F1200 X70.009 Y106.832 E2778.44777
G1 X181.9 Y106.832 E2782.16928
G1 X181.9 Y106.032 E2782.19589
G1 X53.1 Y106.032 E2786.4798
G1 X53.1 Y106.832 E2786.5064
G1 X68.1 Y106.832 E2787.00531
G1 X68.58 Y107.072 E2787.02316
G1 X68.662 Y107.221 E2787.02881
G1 X68.7 Y107.432 E2787.03594
G1 X68.701 Y110.768 E2787.1469
G1 F1197 X68.668 Y110.959 E2787.15336
G1 F1194 X69.024 Y110.893 E2787.16546
G1 F1200 X69.526 Y110.957 E2787.1823
G1 X69.5 Y110.768 E2787.18864
G1 X69.5 Y107.432 E2787.2996
G1 X69.538 Y107.221 E2787.30673
G1 X69.62 Y107.072 E2787.31239
G0 F9000 X69.19 Y107.072
G0 X69.587 Y111.128
G0 X69.993 Y111.35
G0 X70.399 Y111.834
G0 X70.559 Y112.463
G0 X70.432 Y113.094
G0 X70.091 Y113.569
G0 X69.598 Y113.87
G0 X69.655 Y121
G0 X70.399 Y121.834
G0 X70.559 Y122.463
G0 X70.436 Y123.083
G0 X69.899 Y123.83
G0 X69.655 Y124.001
G0 X69.662 Y128.006
G0 X70.1 Y128.568
G1 F1129.4 X69.28 Y128.183 E2787.3444
G1 F1081.1 X69.145 Y127.926 E2787.35512
G1 F1134.8 X69.1 Y127.655 E2787.36478
G1 X69.055 Y127.926 E2787.37444
G1 F1081.1 X68.92 Y128.183 E2787.38516
G1 F1108.5 X68.274 Y128.561 E2787.41211
G1 X69.1 Y128.543 E2787.44185
G1 F1129.4 X70.1 Y128.568 E2787.4772
G1 F2700 E2782.4772
G0 F9000 X148.5 Y128.568
G1 F2700 E2787.4772
G1 F1129.4 X147.68 Y128.183 E2787.50921
G1 F1081.1 X147.545 Y127.926 E2787.51993
G1 F1134.8 X147.5 Y127.655 E2787.52959
G1 X147.455 Y127.926 E2787.53926
G1 F1081.1 X147.32 Y128.183 E2787.54997
G1 F1108.5 X146.674 Y128.561 E2787.57692
G1 X147.5 Y128.543 E2787.60667
G1 F1129.4 X148.5 Y128.568 E2787.64202
G0 F9000 X148.02 Y127.928
G1 F1200 X147.902 Y127.62 E2787.65299
G1 F1197 X147.9 Y124.073 E2787.77126
G1 X147.269 Y124.084 E2787.7923
G1 F1200 X147.062 Y124.036 E2787.79937
G1 X147.097 Y124.163 E2787.80375
G1 X147.098 Y127.62 E2787.91873
G1 X146.98 Y127.928 E2787.9297
G1 X146.591 Y128.168 E2787.9449
G1 X70.1 Y128.168 E2790.489
G1 X69.62 Y127.928 E2790.50685
G1 X69.502 Y127.62 E2790.51782
G1 X69.5 Y124.228 E2790.63064
G1 X69.535 Y124.034 E2790.6372
G1 X69.19 Y124.1 E2790.64888
G1 X68.869 Y124.084 E2790.65957
G1 X68.643 Y124.022 E2790.66736
G1 X68.7 Y124.15 E2790.67203
G1 X68.698 Y127.62 E2790.78744
G1 X68.58 Y127.928 E2790.79841
G1 X68.191 Y128.168 E2790.81361
G1 X53.1 Y128.164 E2791.31554
G1 X53.1 Y128.968 E2791.34228
G1 X181.9 Y128.968 E2795.62619
G1 X181.9 Y128.164 E2795.65293
G1 X148.5 Y128.168 E2796.76382
G1 X148.02 Y127.928 E2796.78166
G0 F9000 X148.5 Y127.768
;TYPE:WALL-OUTER
G1 F1200 X148.34 Y127.688 E2796.78761
G1 X148.3 Y127.586 E2796.79126
G1 F1148.3 X148.301 Y125.824 E2796.8525
G1 F1054.9 X148.302 Y124.062 E2796.91916
G1 F979.6 X148.623 Y123.833 E2796.93523
G1 F948.6 X148.867 Y123.59 E2796.94972
G1 F954.3 X149.1 Y123.227 E2796.96776
G1 F948.6 X149.215 Y122.804 E2796.9862
G1 F952.4 X149.245 Y122.451 E2797.00105
G1 F948.6 X149.197 Y122.105 E2797.01575
G1 F946.7 X149.094 Y121.784 E2797.02996
G1 F956.2 X148.919 Y121.484 E2797.04445
G1 F952.4 X148.683 Y121.217 E2797.05939
G1 F950.5 X148.411 Y121.009 E2797.07377
G1 F952.4 X148.097 Y120.857 E2797.08839
G1 F960 X147.758 Y120.768 E2797.10296
G1 F961.9 X147.409 Y120.751 E2797.11746
G1 F956.2 X147.067 Y120.806 E2797.13191
G1 F946.7 X146.664 Y120.955 E2797.15003
G1 F950.5 X146.384 Y121.151 E2797.16438
G1 F960 X146.131 Y121.411 E2797.17946
G1 F954.3 X145.933 Y121.71 E2797.19446
G1 F946.7 X145.797 Y122.106 E2797.21211
G1 F952.4 X145.751 Y122.447 E2797.22653
G1 F956.2 X145.778 Y122.8 E2797.24131
G1 F965.8 X145.865 Y123.137 E2797.25569
G1 F969.7 X146.033 Y123.446 E2797.27017
G1 F960 X146.187 Y123.653 E2797.2809
G1 F961.9 X146.447 Y123.899 E2797.29575
G1 F952.4 X146.658 Y124.032 E2797.3062
G1 F1014.8 X146.7 Y124.14 E2797.31076
G1 F1145.6 X146.7 Y127.586 E2797.43082
G1 F1200 X146.66 Y127.688 E2797.43446
G1 X146.535 Y127.766 E2797.43936
G1 X70.1 Y127.768 E2799.9816
G1 X69.94 Y127.688 E2799.98755
G1 X69.9 Y127.586 E2799.99119
G1 F1173.6 X69.904 Y124.152 E2800.10798
G1 F1039 X69.955 Y124.02 E2800.11342
G1 F948.6 X70.293 Y123.785 E2800.13074
G1 F952.4 X70.564 Y123.45 E2800.14879
G1 F958.1 X70.727 Y123.137 E2800.16349
G1 F950.5 X70.797 Y122.89 E2800.17427
G1 F948.6 X70.845 Y122.545 E2800.18893
G1 X70.815 Y122.196 E2800.20367
G1 F944.9 X70.699 Y121.777 E2800.22203
G1 X70.462 Y121.412 E2800.24042
G1 F948.6 X70.221 Y121.155 E2800.25524
G1 F952.4 X69.954 Y120.972 E2800.2688
G1 F1023.5 X69.9 Y120.876 E2800.2731
G1 F1134.8 X69.9 Y117.552 E2800.39001
G1 F1176.5 X69.9 Y114.228 E2800.50278
G1 F1052.6 X69.929 Y114.036 E2800.51014
G1 F943 X70.156 Y113.888 E2800.52161
G1 F948.6 X70.408 Y113.656 E2800.53602
G1 F944.9 X70.638 Y113.334 E2800.55274
G1 F941.2 X70.786 Y112.977 E2800.56913
G1 F946.7 X70.845 Y112.545 E2800.58751
G1 F948.6 X70.815 Y112.19 E2800.6025
G1 F939.3 X70.75 Y111.941 E2800.61343
G1 F948.6 X70.614 Y111.627 E2800.62783
G1 X70.407 Y111.349 E2800.64241
G1 F950.5 X70.149 Y111.097 E2800.65756
G1 F956.2 X69.963 Y110.98 E2800.66673
G1 F1061.9 X69.9 Y110.768 E2800.67504
G1 F1200 X69.9 Y107.382 E2800.78766
G1 X70.065 Y107.234 E2800.79503
G1 X182.3 Y107.232 E2804.52798
G1 X182.3 Y105.632 E2804.5812
G1 X52.7 Y105.632 E2808.89171
G1 X52.7 Y107.232 E2808.94493
G1 X68.1 Y107.232 E2809.45714
G1 X68.26 Y107.312 E2809.46309
G1 X68.3 Y107.432 E2809.46729
G1 F1159.4 X68.301 Y110.873 E2809.58575
G1 F1023.5 X68.246 Y110.977 E2809.59033
G1 F944.9 X67.902 Y111.215 E2809.608
G1 X67.635 Y111.548 E2809.62603
G1 F948.6 X67.47 Y111.863 E2809.64099
G1 X67.4 Y112.106 E2809.65163
G1 X67.352 Y112.443 E2809.66596
G1 X67.381 Y112.804 E2809.68119
G1 F944.9 X67.497 Y113.218 E2809.69935
G1 X67.737 Y113.585 E2809.71788
G1 F948.6 X67.976 Y113.84 E2809.73258
G1 F952.4 X68.26 Y114.033 E2809.74697
G1 F1025.6 X68.3 Y114.153 E2809.75189
G1 F1100.9 X68.3 Y120.881 E2809.99581
G1 F1012.7 X68.239 Y120.978 E2810.00032
G1 F956.2 X68.043 Y121.106 E2810.0101
G1 F960 X67.788 Y121.342 E2810.02454
G1 F950.5 X67.59 Y121.626 E2810.03908
G1 F944.9 X67.406 Y122.018 E2810.05737
G1 X67.357 Y122.447 E2810.07561
G1 F948.6 X67.376 Y122.811 E2810.09095
G1 F956.2 X67.442 Y123.056 E2810.10154
G1 F954.3 X67.583 Y123.369 E2810.11589
G1 F960 X67.784 Y123.651 E2810.13029
G1 F952.4 X68.051 Y123.895 E2810.14545
G1 F946.7 X68.259 Y124.036 E2810.15604
G1 F1019.1 X68.3 Y124.11 E2810.15936
G1 F1148.3 X68.3 Y127.586 E2810.28017
G1 F1200 X68.26 Y127.688 E2810.28382
G1 X68.135 Y127.766 E2810.28872
G1 X52.7 Y127.764 E2810.80209
G1 X52.7 Y129.368 E2810.85544
G1 X182.3 Y129.368 E2815.16595
G1 X182.3 Y127.764 E2815.2193
G1 X148.5 Y127.768 E2816.34349
G1 F2700 E2811.34349
G0 F9000 X148.5 Y128.078
G0 X148.062 Y128.006
G0 X148.055 Y124
G0 X148.056 Y123.62
G1 F2700 E2816.34349
G1 F1059.6 X147.707 Y123.676 E2816.35681
G1 F1200 X147.321 Y123.687 E2816.36965
G1 F1095.9 X147.041 Y123.649 E2816.37994
G1 F983.6 X146.747 Y123.5 E2816.39331
G1 F961.9 X146.562 Y123.326 E2816.40385
G1 F967.7 X146.311 Y122.947 E2816.4226
G1 F965.8 X146.25 Y122.464 E2816.44272
G1 F960 X146.332 Y122.035 E2816.46088
G1 X146.541 Y121.695 E2816.47747
G1 X146.727 Y121.516 E2816.4882
G1 X147.078 Y121.317 E2816.50498
G1 X147.435 Y121.25 E2816.52008
G1 F961.9 X147.685 Y121.261 E2816.53046
G1 F967.7 X148.071 Y121.382 E2816.54715
G1 F971.7 X148.434 Y121.672 E2816.56623
G1 F963.9 X148.627 Y121.966 E2816.58079
G1 F960 X148.752 Y122.421 E2816.60041
G1 F952.4 X148.711 Y122.712 E2816.61273
G1 F948.6 X148.64 Y123.018 E2816.62594
G1 F952.4 X148.437 Y123.33 E2816.64154
G1 F950.5 X148.056 Y123.62 E2816.66165
G1 F2700 E2811.66165
G0 F9000 X148.213 Y123.829
G0 X147.777 Y123.927
G0 X146.938 Y128.006
G0 X69.662 Y128.006
G0 X69.655 Y124.001
G0 X69.972 Y123.73
G0 X69.846 Y123.5
G1 F2700 E2816.66165
G1 F1000 X69.552 Y123.645 E2816.67473
G1 F1086 X69.48 Y123.646 E2816.67738
G1 F1173.6 X69.191 Y123.693 E2816.68734
G1 F1200 X68.921 Y123.687 E2816.69632
G1 F1061.9 X68.54 Y123.62 E2816.71086
G1 F958.1 X68.177 Y123.341 E2816.72993
G1 F967.7 X67.968 Y123.043 E2816.74494
G1 F963.9 X67.87 Y122.723 E2816.7588
G1 F948.6 X67.869 Y122.465 E2816.76965
G1 F944.9 X67.893 Y122.157 E2816.7827
G1 F952.4 X68.124 Y121.707 E2816.8039
G1 F960 X68.398 Y121.464 E2816.81913
G1 F1002.1 X68.646 Y121.355 E2816.82992
G1 F1093.4 X68.71 Y121.354 E2816.83225
G1 F1173.6 X69.062 Y121.3 E2816.84437
G1 F1126.8 X69.66 Y121.385 E2816.86576
G1 F1008.4 X69.881 Y121.523 E2816.87607
G1 F948.6 X70.064 Y121.733 E2816.88779
G1 F944.9 X70.227 Y121.962 E2816.89967
G1 F952.4 X70.355 Y122.452 E2816.92089
G1 F960 X70.249 Y123.004 E2816.94426
G1 F967.7 X70.042 Y123.315 E2816.95967
G1 X69.846 Y123.5 E2816.97078
G1 F2700 E2811.97078
G0 F9000 X69.972 Y123.73
G0 X70.436 Y123.083
G0 X70.559 Y122.463
G0 X70.399 Y121.834
G0 X69.655 Y121
G0 X69.655 Y113.994
G0 X69.589 Y113.65
G1 F2700 E2816.97078
G1 F1071.4 X69.469 Y113.638 E2816.97527
G1 F1200 X69.062 Y113.696 E2816.98895
G1 F1126.8 X68.575 Y113.633 E2817.00634
G1 F1004.2 X68.317 Y113.473 E2817.01841
G1 F956.2 X67.982 Y113.089 E2817.03968
G1 F954.3 X67.844 Y112.532 E2817.06368
G1 X67.938 Y112.004 E2817.08611
G1 F952.4 X68.265 Y111.566 E2817.10902
G1 F944.9 X68.513 Y111.41 E2817.12139
G1 F1052.6 X68.764 Y111.346 E2817.13122
G1 F1197 X69.059 Y111.3 E2817.14117
G1 F1200 X69.469 Y111.357 E2817.15494
G1 F1116.3 X69.55 Y111.354 E2817.15784
G1 F1000 X69.868 Y111.506 E2817.1719
G1 F954.3 X70.216 Y111.927 E2817.19475
G1 F952.4 X70.355 Y112.447 E2817.21731
G1 F958.1 X70.261 Y112.995 E2817.24047
G1 F961.9 X69.951 Y113.418 E2817.26223
G1 F965.8 X69.589 Y113.65 E2817.28
G1 F2700 E2812.28
;MESH:NONMESH
G0 F300 X69.589 Y113.65 Z8.6
G0 F9000 X69.723 Y114.133
;TIME_ELAPSED:5151.116323
;LAYER:42
;TYPE:WALL-OUTER
;MESH:BtnFaceWithWings.stl
G1 F2700 E2817.28
G1 F944.9 X69.296 Y114.242 E2817.29861
G1 F941.2 X68.864 Y114.235 E2817.31693
G1 F943 X68.407 Y114.114 E2817.33694
G1 F952.4 X68.044 Y113.893 E2817.35475
G1 F963.9 X67.784 Y113.654 E2817.36938
G1 F956.2 X67.536 Y113.301 E2817.38738
G1 F948.6 X67.401 Y112.891 E2817.40555
G1 F952.4 X67.35 Y112.54 E2817.42041
G1 X67.381 Y112.196 E2817.43488
G1 X67.47 Y111.86 E2817.44945
G1 X67.677 Y111.47 E2817.46795
G1 F950.5 X67.934 Y111.182 E2817.48416
G1 X68.19 Y111.007 E2817.49718
G1 F952.4 X68.477 Y110.863 E2817.51064
G1 F960 X68.811 Y110.772 E2817.52503
G1 X69.209 Y110.755 E2817.54159
G1 F950.5 X69.66 Y110.833 E2817.56081
G1 F948.6 X70.006 Y111.007 E2817.57711
G1 F952.4 X70.357 Y111.271 E2817.59551
G1 F948.6 X70.664 Y111.698 E2817.61764
G1 F943 X70.798 Y112.104 E2817.63574
G1 F954.3 X70.846 Y112.451 E2817.65039
G1 F956.2 X70.815 Y112.804 E2817.66518
G1 F952.4 X70.726 Y113.135 E2817.67954
G1 F956.2 X70.52 Y113.526 E2817.69799
G1 X70.22 Y113.839 E2817.71609
G1 X70.013 Y113.988 E2817.72673
G1 X69.723 Y114.133 E2817.74027
G0 F9000 X69.529 Y113.676
G1 F963.9 X69.824 Y113.515 E2817.75418
G1 X70.058 Y113.297 E2817.76743
G1 F961.9 X70.253 Y112.976 E2817.78301
G1 F963.9 X70.358 Y112.515 E2817.80259
G1 F952.4 X70.301 Y112.218 E2817.81526
G1 F943 X70.222 Y111.952 E2817.82701
G1 F948.6 X70.012 Y111.643 E2817.84273
G1 F960 X69.61 Y111.348 E2817.86346
G1 F967.7 X69.259 Y111.257 E2817.87841
G1 F963.9 X68.9 Y111.264 E2817.89328
G1 F960 X68.66 Y111.329 E2817.90362
G1 F963.9 X68.264 Y111.556 E2817.92252
G1 F956.2 X68.103 Y111.752 E2817.93311
G1 F952.4 X67.935 Y112.044 E2817.94722
G1 F961.9 X67.851 Y112.506 E2817.96671
G1 F954.3 X67.897 Y112.778 E2817.97825
G1 F950.5 X67.967 Y113.032 E2817.98931
G1 F960 X68.16 Y113.324 E2818.00386
G1 F963.9 X68.343 Y113.496 E2818.01426
G1 X68.691 Y113.685 E2818.03066
G1 X69.079 Y113.757 E2818.047
G1 X69.529 Y113.676 E2818.06593
G1 F2700 E2813.06593
G0 F9000 X69.653 Y113.905
G0 X69.279 Y114.071
G0 X69.254 Y115.165
G0 X69.143 Y119.842
G0 X69.723 Y124.133
G1 F2700 E2818.06593
G1 F954.3 X69.297 Y124.246 E2818.08437
G1 F952.4 X68.863 Y124.238 E2818.10256
G1 X68.406 Y124.117 E2818.12237
G1 F956.2 X68.044 Y123.893 E2818.14014
G1 F963.9 X67.784 Y123.654 E2818.15476
G1 F956.2 X67.536 Y123.301 E2818.17277
G1 F948.6 X67.401 Y122.894 E2818.19081
G1 F952.4 X67.35 Y122.54 E2818.2058
G1 X67.381 Y122.192 E2818.22044
G1 X67.469 Y121.861 E2818.2348
G1 F954.3 X67.677 Y121.47 E2818.25332
G1 F952.4 X67.973 Y121.159 E2818.27131
G1 F954.3 X68.19 Y121.006 E2818.28242
G1 F956.2 X68.476 Y120.863 E2818.29576
G1 X68.811 Y120.775 E2818.31022
G1 X69.209 Y120.755 E2818.32686
G1 F952.4 X69.66 Y120.833 E2818.34604
G1 F948.6 X70.006 Y121.007 E2818.36233
G1 F952.4 X70.357 Y121.271 E2818.38074
G1 F948.6 X70.664 Y121.698 E2818.40287
G1 F943 X70.798 Y122.104 E2818.42096
G1 F954.3 X70.846 Y122.451 E2818.43561
G1 F956.2 X70.815 Y122.804 E2818.4504
G1 F952.4 X70.726 Y123.14 E2818.46497
G1 X70.523 Y123.525 E2818.48321
G1 X70.22 Y123.838 E2818.50147
G1 F956.2 X70.013 Y123.988 E2818.51214
G1 X69.723 Y124.133 E2818.52567
G0 F9000 X69.551 Y123.664
G1 F963.9 X69.824 Y123.515 E2818.53855
G1 X70.068 Y123.295 E2818.55215
G1 F961.9 X70.252 Y122.978 E2818.56736
G1 X70.359 Y122.516 E2818.58704
G1 F952.4 X70.301 Y122.218 E2818.59976
G1 F943 X70.222 Y121.952 E2818.61151
G1 F948.6 X70.012 Y121.643 E2818.62722
G1 F960 X69.645 Y121.374 E2818.64614
G1 F967.7 X69.322 Y121.271 E2818.66012
G1 X68.996 Y121.256 E2818.67358
G1 F963.9 X68.65 Y121.331 E2818.68824
G1 F960 X68.376 Y121.48 E2818.70121
G1 F958.1 X68.133 Y121.705 E2818.71501
G1 F960 X67.946 Y122.017 E2818.73013
G1 F963.9 X67.842 Y122.453 E2818.74869
G1 F954.3 X67.898 Y122.781 E2818.76261
G1 F950.5 X67.967 Y123.032 E2818.77354
G1 F960 X68.16 Y123.324 E2818.78809
G1 F963.9 X68.343 Y123.496 E2818.79849
G1 F956.2 X68.629 Y123.66 E2818.81225
G1 F952.4 X68.923 Y123.738 E2818.825
G1 X69.257 Y123.741 E2818.839
G1 F956.2 X69.551 Y123.664 E2818.85168
G1 F2700 E2813.85168
G0 F9000 X69.675 Y123.893
G0 X70.379 Y123.424
G0 X71.352 Y123.925
G0 X145.433 Y124.172
G0 X148.123 Y124.133
G1 F2700 E2818.85168
G1 F954.3 X147.697 Y124.246 E2818.87012
G1 F952.4 X147.263 Y124.238 E2818.88831
G1 X146.806 Y124.117 E2818.90812
G1 F946.7 X146.447 Y123.889 E2818.92605
G1 F954.3 X146.184 Y123.654 E2818.9408
G1 F956.2 X145.936 Y123.3 E2818.95884
G1 F946.7 X145.801 Y122.895 E2818.97684
G1 F956.2 X145.749 Y122.541 E2818.99177
G1 F952.4 X145.781 Y122.196 E2819.00629
G1 F950.5 X145.87 Y121.86 E2819.02089
G1 F952.4 X146.076 Y121.47 E2819.03937
G1 X146.373 Y121.159 E2819.05739
G1 F948.6 X146.664 Y120.956 E2819.07232
G1 F944.9 X147.019 Y120.814 E2819.08847
G1 F952.4 X147.409 Y120.751 E2819.10503
G1 X147.757 Y120.773 E2819.11964
G1 F956.2 X148.098 Y120.855 E2819.13428
G1 F960 X148.412 Y121.009 E2819.14882
G1 F950.5 X148.757 Y121.271 E2819.16701
G1 F946.7 X149.064 Y121.698 E2819.18918
G1 F943 X149.198 Y122.104 E2819.20728
G1 F954.3 X149.246 Y122.451 E2819.22193
G1 F956.2 X149.215 Y122.804 E2819.23672
G1 F952.4 X149.126 Y123.14 E2819.25129
G1 X148.923 Y123.525 E2819.26953
G1 X148.62 Y123.838 E2819.28778
G1 F956.2 X148.413 Y123.988 E2819.29845
G1 X148.123 Y124.133 E2819.31199
G0 F9000 X147.951 Y123.664
G1 F963.9 X148.224 Y123.515 E2819.32487
G1 X148.468 Y123.295 E2819.33847
G1 F961.9 X148.652 Y122.978 E2819.35368
G1 X148.759 Y122.516 E2819.37336
G1 F952.4 X148.701 Y122.218 E2819.38608
G1 F943 X148.622 Y121.952 E2819.39782
G1 F948.6 X148.418 Y121.65 E2819.41316
G1 F958.1 X148.226 Y121.486 E2819.42368
G1 F963.9 X147.927 Y121.319 E2819.43786
G1 X147.437 Y121.25 E2819.45835
G1 F960 X147.106 Y121.315 E2819.47237
G1 X146.723 Y121.519 E2819.49041
G1 F952.4 X146.496 Y121.758 E2819.50423
G1 X146.345 Y122.013 E2819.51665
G1 F960 X146.235 Y122.497 E2819.53728
G1 F958.1 X146.357 Y123.018 E2819.55957
G1 F960 X146.562 Y123.326 E2819.57496
G1 F954.3 X146.755 Y123.485 E2819.58541
G1 F948.6 X146.968 Y123.633 E2819.59633
G1 F954.3 X147.323 Y123.738 E2819.61181
G1 F952.4 X147.657 Y123.741 E2819.62581
G1 F956.2 X147.951 Y123.664 E2819.63849
G1 F2700 E2814.63849
G0 F9000 X148.075 Y123.893
G0 X148.779 Y123.424
G0 X149.562 Y124.187
G0 X148.779 Y127.018
G0 X148.779 Y128.113
G0 X181.5 Y128.68
;TYPE:WALL-INNER
G1 F2700 E2819.63849
G1 F1200 X53.5 Y128.68 E2823.89579
G1 F2700 E2818.89579
G0 F9000 X181.62 Y128.803
G0 X181.9 Y129.08
G1 F2700 E2823.89579
G1 F1200 X181.9 Y128.28 E2823.9224
G1 X53.1 Y128.28 E2828.2063
G1 X53.1 Y129.08 E2828.23291
G1 X181.9 Y129.08 E2832.51682
G0 F9000 X182.3 Y129.48
;TYPE:WALL-OUTER
G1 F1200 X182.3 Y127.88 E2832.57003
G1 X52.7 Y127.88 E2836.88055
G1 X52.7 Y129.48 E2836.93376
G1 X182.3 Y129.48 E2841.24428
G1 F2700 E2836.24428
G0 F9000 X182.02 Y129.203
G0 X181.5 Y128.113
G0 X181.5 Y127.018
G0 X181.5 Y107.982
G0 X181.5 Y106.887
G0 X181.5 Y106.316
;TYPE:WALL-INNER
G1 F2700 E2841.24428
G1 F1200 X53.5 Y106.316 E2845.50158
G1 F2700 E2840.50158
G0 F9000 X181.62 Y106.437
G0 X181.9 Y106.716
G1 F2700 E2845.50158
G1 F1200 X181.9 Y105.916 E2845.52818
G1 X53.1 Y105.916 E2849.81209
G1 X53.1 Y106.716 E2849.8387
G1 X181.9 Y106.716 E2854.1226
G0 F9000 X182.3 Y107.116
;TYPE:WALL-OUTER
G1 F1200 X182.3 Y105.516 E2854.17582
G1 X52.7 Y105.516 E2858.48633
G1 X52.7 Y107.116 E2858.53955
G1 X182.3 Y107.116 E2862.85006
G1 F2700 E2857.85006
;MESH:NONMESH
G0 F300 X182.3 Y107.116 Z8.8
G0 F9000 X182.02 Y106.837
G0 X53.5 Y106.228
G0 X53.5 Y106.2
;TIME_ELAPSED:5228.858124
;LAYER:43
;TYPE:WALL-INNER
;MESH:BtnFaceWithWings.stl
G1 F2700 E2862.85006
G1 F1200 X181.5 Y106.2 E2867.10736
G0 F9000 X181.9 Y106.6
G1 F1200 X181.9 Y105.8 E2867.13397
G1 X53.1 Y105.8 E2871.41787
G1 X53.1 Y106.6 E2871.44448
G1 X181.9 Y106.6 E2875.72839
G0 F9000 X182.3 Y107
;TYPE:WALL-OUTER
G1 F1200 X182.3 Y105.4 E2875.7816
G1 X52.7 Y105.4 E2880.09212
G1 X52.7 Y107 E2880.14533
G1 X182.3 Y107 E2884.45585
G1 F2700 E2879.45585
G0 F9000 X182.02 Y106.721
G0 X181.5 Y106.771
G0 X181.5 Y107.866
G0 X181.5 Y127.134
G0 X181.5 Y128.229
G0 X181.5 Y128.796
;TYPE:WALL-INNER
G1 F2700 E2884.45585
G1 F1200 X53.5 Y128.796 E2888.71314
G1 F2700 E2883.71314
G0 F9000 X181.62 Y128.919
G0 X181.9 Y129.196
G1 F2700 E2888.71314
G1 F1200 X181.9 Y128.396 E2888.73975
G1 X53.1 Y128.396 E2893.02366
G1 X53.1 Y129.196 E2893.05026
G1 X181.9 Y129.196 E2897.33417
G0 F9000 X182.3 Y129.596
;TYPE:WALL-OUTER
G1 F1200 X182.3 Y127.996 E2897.38739
G1 X52.7 Y127.996 E2901.6979
G1 X52.7 Y129.596 E2901.75112
G1 X182.3 Y129.596 E2906.06163
G1 F2700 E2901.06163
;MESH:NONMESH
G0 F300 X182.3 Y129.596 Z9
G0 F9000 X182.02 Y129.319
G0 X53.5 Y128.229
G0 X53.5 Y127.134
G0 X53.5 Y107.866
G0 X53.5 Y106.771
G0 X53.5 Y106.112
G0 X53.5 Y106.084
;TIME_ELAPSED:5298.655149
;LAYER:44
;TYPE:WALL-INNER
;MESH:BtnFaceWithWings.stl
G1 F2700 E2906.06163
G1 F1200 X181.5 Y106.084 E2910.31893
G0 F9000 X181.9 Y106.484
G1 F1200 X181.9 Y105.684 E2910.34553
G1 X53.1 Y105.684 E2914.62944
G1 X53.1 Y106.484 E2914.65605
G1 X181.9 Y106.484 E2918.93995
G0 F9000 X182.3 Y106.884
;TYPE:WALL-OUTER
G1 F1200 X182.3 Y105.284 E2918.99317
G1 X52.7 Y105.284 E2923.30368
G1 X52.7 Y106.884 E2923.3569
G1 X182.3 Y106.884 E2927.66741
G1 F2700 E2922.66741
G0 F9000 X182.02 Y106.606
G0 X181.5 Y106.656
G0 X181.5 Y107.751
G0 X181.5 Y127.249
G0 X181.5 Y128.344
G0 X181.5 Y128.912
;TYPE:WALL-INNER
G1 F2700 E2927.66741
G1 F1200 X53.5 Y128.912 E2931.92471
G1 F2700 E2926.92471
G0 F9000 X181.62 Y129.034
G0 X181.9 Y129.312
G1 F2700 E2931.92471
G1 F1200 X181.9 Y128.512 E2931.95132
G1 X53.1 Y128.512 E2936.23522
G1 X53.1 Y129.312 E2936.26183
G1 X181.9 Y129.312 E2940.54574
G0 F9000 X182.3 Y129.712
;TYPE:WALL-OUTER
G1 F1200 X182.3 Y128.112 E2940.59895
G1 X52.7 Y128.112 E2944.90947
G1 X52.7 Y129.712 E2944.96268
G1 X182.3 Y129.712 E2949.2732
G1 F2700 E2944.2732
;MESH:NONMESH
G0 F300 X182.3 Y129.712 Z9.2
G0 F9000 X182.02 Y129.434
G0 X53.498 Y128.344
G0 X53.498 Y127.249
G0 X53.498 Y107.751
G0 X53.498 Y106.656
G0 X53.498 Y105.997
G0 X53.498 Y105.97
;TIME_ELAPSED:5368.456692
;LAYER:45
;TYPE:WALL-INNER
;MESH:BtnFaceWithWings.stl
G1 F2700 E2949.2732
G1 F1212.1 X181.502 Y105.97 E2953.48805
G0 F9000 X181.9 Y106.368
G1 F1200 X181.9 Y105.572 E2953.51453
G1 X53.1 Y105.572 E2957.79843
G1 X53.1 Y106.368 E2957.82491
G1 X181.9 Y106.368 E2962.10881
G0 F9000 X182.3 Y106.768
;TYPE:WALL-OUTER
G1 F1200 X182.3 Y105.172 E2962.1619
G1 X52.7 Y105.172 E2966.47241
G1 X52.7 Y106.768 E2966.52549
G1 X182.3 Y106.768 E2970.83601
G1 F2700 E2965.83601
G0 F9000 X182.02 Y106.491
G0 X181.5 Y106.541
G0 X181.5 Y107.636
G0 X181.5 Y127.364
G0 X181.5 Y128.459
G0 X181.5 Y129.028
;TYPE:WALL-INNER
G1 F2700 E2970.83601
G1 F1200 X53.5 Y129.028 E2975.0933
G1 F2700 E2970.0933
G0 F9000 X181.62 Y129.149
G0 X181.9 Y129.428
G1 F2700 E2975.0933
G1 F1200 X181.9 Y128.628 E2975.11991
G1 X53.1 Y128.628 E2979.40382
G1 X53.1 Y129.428 E2979.43043
G1 X181.9 Y129.428 E2983.71433
G0 F9000 X182.3 Y129.828
;TYPE:WALL-OUTER
G1 F1200 X182.3 Y128.228 E2983.76755
G1 X52.7 Y128.228 E2988.07806
G1 X52.7 Y129.828 E2988.13128
G1 X182.3 Y129.828 E2992.44179
G1 F2700 E2987.44179
;MESH:NONMESH
G0 F300 X182.3 Y129.828 Z9.4
G0 F9000 X182.02 Y129.549
G0 X53.498 Y128.459
G0 X53.498 Y127.364
G0 X53.498 Y107.636
G0 X53.498 Y106.541
G0 X53.498 Y105.882
G0 X53.498 Y105.854
;TIME_ELAPSED:5438.198219
;LAYER:46
;TYPE:WALL-INNER
;MESH:BtnFaceWithWings.stl
G1 F2700 E2992.44179
G1 F1212.1 X181.502 Y105.854 E2996.65665
G0 F9000 X181.9 Y106.252
G1 F1200 X181.9 Y105.456 E2996.68312
G1 X53.1 Y105.456 E3000.96703
G1 X53.1 Y106.252 E3000.9935
G1 X181.9 Y106.252 E3005.27741
G0 F9000 X182.3 Y106.652
;TYPE:WALL-OUTER
G1 F1200 X182.3 Y105.056 E3005.33049
G1 X52.7 Y105.056 E3009.641
G1 X52.7 Y106.652 E3009.69409
G1 X182.3 Y106.652 E3014.0046
G1 F2700 E3009.0046
G0 F9000 X182.02 Y106.375
G0 X181.5 Y106.425
G0 X181.5 Y107.52
G0 X181.5 Y127.48
G0 X181.5 Y128.575
G0 X181.5 Y129.144
;TYPE:WALL-INNER
G1 F2700 E3014.0046
G1 F1200 X53.5 Y129.144 E3018.2619
G1 F2700 E3013.2619
G0 F9000 X181.62 Y129.265
G0 X181.9 Y129.544
G1 F2700 E3018.2619
G1 F1200 X181.9 Y128.744 E3018.28851
G1 X53.1 Y128.744 E3022.57241
G1 X53.1 Y129.544 E3022.59902
G1 X181.9 Y129.544 E3026.88293
G0 F9000 X182.3 Y129.944
;TYPE:WALL-OUTER
G1 F1200 X182.3 Y128.344 E3026.93614
G1 X52.7 Y128.344 E3031.24665
G1 X52.7 Y129.944 E3031.29987
G1 X182.3 Y129.944 E3035.61038
G1 F2700 E3030.61038
;MESH:NONMESH
G0 F300 X182.3 Y129.944 Z9.6
G0 F9000 X182.02 Y129.665
G0 X53.5 Y128.575
G0 X53.5 Y127.48
G0 X53.5 Y107.52
G0 X53.5 Y106.425
G0 X53.5 Y105.766
G0 X53.5 Y105.74
;TIME_ELAPSED:5507.944067
;LAYER:47
;TYPE:WALL-INNER
;MESH:BtnFaceWithWings.stl
G1 F2700 E3035.61038
G1 F1200 X181.5 Y105.74 E3039.86768
G0 F9000 X181.9 Y106.14
G1 F1200 X181.9 Y105.34 E3039.89429
G1 X53.1 Y105.34 E3044.1782
G1 X53.1 Y106.14 E3044.2048
G1 X181.9 Y106.14 E3048.48871
G0 F9000 X182.3 Y106.54
;TYPE:WALL-OUTER
G1 F1200 X182.3 Y104.94 E3048.54193
G1 X52.7 Y104.94 E3052.85244
G1 X52.7 Y106.54 E3052.90565
G1 X182.3 Y106.54 E3057.21617
G1 F2700 E3052.21617
G0 F9000 X182.02 Y106.26
G0 X181.5 Y106.31
G0 X181.5 Y107.405
G0 X181.5 Y127.595
G0 X181.5 Y128.69
G0 X181.5 Y129.26
;TYPE:WALL-INNER
G1 F2700 E3057.21617
G1 F1200 X53.5 Y129.26 E3061.47347
G1 F2700 E3056.47347
G0 F9000 X181.62 Y129.38
G0 X181.9 Y129.66
G1 F2700 E3061.47347
G1 F1200 X181.9 Y128.86 E3061.50007
G1 X53.1 Y128.86 E3065.78398
G1 X53.1 Y129.66 E3065.81059
G1 X181.9 Y129.66 E3070.09449
G0 F9000 X182.3 Y130.06
;TYPE:WALL-OUTER
G1 F1200 X182.3 Y128.46 E3070.14771
G1 X52.7 Y128.46 E3074.45822
G1 X52.7 Y130.06 E3074.51144
G1 X182.3 Y130.06 E3078.82195
G1 F2700 E3073.82195
;MESH:NONMESH
G0 F300 X182.3 Y130.06 Z9.8
G0 F9000 X182.02 Y129.78
G0 X53.5 Y128.69
G0 X53.5 Y127.595
G0 X53.5 Y107.405
G0 X53.5 Y106.31
G0 X53.5 Y105.651
G0 X53.5 Y105.624
;TIME_ELAPSED:5577.759173
;LAYER:48
;TYPE:WALL-INNER
;MESH:BtnFaceWithWings.stl
G1 F2700 E3078.82195
G1 F1200 X181.5 Y105.624 E3083.07925
G0 F9000 X181.9 Y106.024
G1 F1200 X181.9 Y105.224 E3083.10586
G1 X53.1 Y105.224 E3087.38976
G1 X53.1 Y106.024 E3087.41637
G1 X181.9 Y106.024 E3091.70028
G0 F9000 X182.3 Y106.424
;TYPE:WALL-OUTER
G1 F1200 X182.3 Y104.824 E3091.75349
G1 X52.7 Y104.824 E3096.06401
G1 X52.7 Y106.424 E3096.11722
G1 X182.3 Y106.424 E3100.42774
G1 F2700 E3095.42774
G0 F9000 X182.02 Y106.144
G0 X181.5 Y106.194
G0 X181.5 Y107.289
G0 X181.5 Y127.711
G0 X181.5 Y128.806
G0 X181.5 Y129.376
;TYPE:WALL-INNER
G1 F2700 E3100.42774
G1 F1200 X53.5 Y129.376 E3104.68503
G1 F2700 E3099.68503
G0 F9000 X181.62 Y129.496
G0 X181.9 Y129.776
G1 F2700 E3104.68503
G1 F1200 X181.9 Y128.976 E3104.71164
G1 X53.1 Y128.976 E3108.99555
G1 X53.1 Y129.776 E3109.02215
G1 X181.9 Y129.776 E3113.30606
G0 F9000 X182.3 Y130.176
;TYPE:WALL-OUTER
G1 F1200 X182.3 Y128.576 E3113.35928
G1 X52.7 Y128.576 E3117.66979
G1 X52.7 Y130.176 E3117.72301
G1 X182.3 Y130.176 E3122.03352
G1 F2700 E3117.03352
;MESH:NONMESH
G0 F300 X182.3 Y130.176 Z10
G0 F9000 X182.02 Y129.896
G0 X53.5 Y128.806
G0 X53.5 Y127.711
G0 X53.5 Y107.289
G0 X53.5 Y106.194
G0 X53.5 Y105.535
G0 X53.5 Y105.508
;TIME_ELAPSED:5647.578589
;LAYER:49
;TYPE:WALL-INNER
;MESH:BtnFaceWithWings.stl
G1 F2700 E3122.03352
G1 F1200 X181.5 Y105.508 E3126.29082
G0 F9000 X181.9 Y105.908
G1 F1200 X181.9 Y105.108 E3126.31742
G1 X53.1 Y105.108 E3130.60133
G1 X53.1 Y105.908 E3130.62794
G1 X181.9 Y105.908 E3134.91184
G0 F9000 X182.3 Y106.308
;TYPE:WALL-OUTER
G1 F1200 X182.3 Y104.708 E3134.96506
G1 X52.7 Y104.708 E3139.27557
G1 X52.7 Y106.308 E3139.32879
G1 X182.3 Y106.308 E3143.6393
G1 F2700 E3138.6393
G0 F9000 X182.02 Y106.029
G0 X181.5 Y106.079
G0 X181.5 Y107.174
G0 X181.5 Y127.826
G0 X181.5 Y128.921
G0 X181.5 Y129.488
;TYPE:WALL-INNER
G1 F2700 E3143.6393
G1 F1200 X53.5 Y129.488 E3147.8966
G1 F2700 E3142.8966
G0 F9000 X181.62 Y129.611
G0 X181.9 Y129.888
G1 F2700 E3147.8966
G1 F1200 X181.9 Y129.088 E3147.92321
G1 X53.1 Y129.088 E3152.20711
G1 X53.1 Y129.888 E3152.23372
G1 X181.9 Y129.888 E3156.51763
G0 F9000 X182.3 Y130.288
;TYPE:WALL-OUTER
G1 F1200 X182.3 Y128.688 E3156.57084
G1 X52.7 Y128.688 E3160.88136
G1 X52.7 Y130.288 E3160.93457
G1 X182.3 Y130.288 E3165.24509
G1 F2700 E3160.24509
;MESH:NONMESH
G0 F300 X182.3 Y130.288 Z10.2
G0 F9000 X182.02 Y130.011
G0 X53.5 Y128.921
G0 X53.5 Y127.826
G0 X53.5 Y107.174
G0 X53.5 Y106.079
G0 X53.5 Y105.42
G0 X53.5 Y105.392
;TIME_ELAPSED:5717.401522
;LAYER:50
;TYPE:WALL-INNER
;MESH:BtnFaceWithWings.stl
G1 F2700 E3165.24509
G1 F1200 X181.5 Y105.392 E3169.50238
G0 F9000 X181.9 Y105.792
G1 F1200 X181.9 Y104.992 E3169.52899
G1 X53.1 Y104.992 E3173.8129
G1 X53.1 Y105.792 E3173.83951
G1 X181.9 Y105.792 E3178.12341
G0 F9000 X182.3 Y106.192
;TYPE:WALL-OUTER
G1 F1200 X182.3 Y104.592 E3178.17663
G1 X52.7 Y104.592 E3182.48714
G1 X52.7 Y106.192 E3182.54036
G1 X182.3 Y106.192 E3186.85087
G1 F2700 E3181.85087
G0 F9000 X182.02 Y105.913
G0 X181.5 Y105.963
G0 X181.5 Y107.058
G0 X181.5 Y127.942
G0 X181.5 Y129.037
G0 X181.5 Y129.604
;TYPE:WALL-INNER
G1 F2700 E3186.85087
G1 F1200 X53.5 Y129.604 E3191.10817
G1 F2700 E3186.10817
G0 F9000 X181.62 Y129.727
G0 X181.9 Y130.004
G1 F2700 E3191.10817
G1 F1200 X181.9 Y129.204 E3191.13478
G1 X53.1 Y129.204 E3195.41868
G1 X53.1 Y130.004 E3195.44529
G1 X181.9 Y130.004 E3199.72919
G0 F9000 X182.3 Y130.404
;TYPE:WALL-OUTER
G1 F1200 X182.3 Y128.804 E3199.78241
G1 X52.7 Y128.804 E3204.09292
G1 X52.7 Y130.404 E3204.14614
G1 X182.3 Y130.404 E3208.45665
G1 F2700 E3203.45665
;MESH:NONMESH
G0 F300 X182.3 Y130.404 Z10.4
G0 F9000 X182.02 Y130.127
G0 X53.5 Y129.037
G0 X53.5 Y127.942
G0 X53.5 Y107.058
G0 X53.5 Y105.963
G0 X53.5 Y105.304
G0 X53.5 Y105.276
;TIME_ELAPSED:5787.228723
;LAYER:51
;TYPE:WALL-INNER
;MESH:BtnFaceWithWings.stl
G1 F2700 E3208.45665
G1 F1200 X181.5 Y105.276 E3212.71395
G0 F9000 X181.9 Y105.676
G1 F1200 X181.9 Y104.876 E3212.74056
G1 X53.1 Y104.876 E3217.02447
G1 X53.1 Y105.676 E3217.05107
G1 X181.9 Y105.676 E3221.33498
G0 F9000 X182.3 Y106.076
;TYPE:WALL-OUTER
G1 F1200 X182.3 Y104.476 E3221.38819
G1 X52.7 Y104.476 E3225.69871
G1 X52.7 Y106.076 E3225.75192
G1 X182.3 Y106.076 E3230.06244
G1 F2700 E3225.06244
G0 F9000 X182.02 Y105.798
G0 X181.5 Y105.848
G0 X181.5 Y106.943
G0 X181.5 Y128.057
G0 X181.5 Y129.152
G0 X181.5 Y129.72
;TYPE:WALL-INNER
G1 F2700 E3230.06244
G1 F1200 X53.5 Y129.72 E3234.31974
G1 F2700 E3229.31974
G0 F9000 X181.62 Y129.842
G0 X181.9 Y130.12
G1 F2700 E3234.31974
G1 F1200 X181.9 Y129.32 E3234.34634
G1 X53.1 Y129.32 E3238.63025
G1 X53.1 Y130.12 E3238.65686
G1 X181.9 Y130.12 E3242.94076
G0 F9000 X182.3 Y130.52
;TYPE:WALL-OUTER
G1 F1200 X182.3 Y128.92 E3242.99398
G1 X52.7 Y128.92 E3247.30449
G1 X52.7 Y130.52 E3247.35771
G1 X182.3 Y130.52 E3251.66822
G1 F2700 E3246.66822
;MESH:NONMESH
G0 F300 X182.3 Y130.52 Z10.6
G0 F9000 X182.02 Y130.242
G0 X53.5 Y129.152
G0 X53.5 Y128.057
G0 X53.5 Y106.943
G0 X53.5 Y105.848
G0 X53.5 Y105.189
G0 X53.5 Y105.16
;TIME_ELAPSED:5857.060296
;LAYER:52
;TYPE:WALL-INNER
;MESH:BtnFaceWithWings.stl
G1 F2700 E3251.66822
G1 F1200 X181.5 Y105.16 E3255.92552
G0 F9000 X181.9 Y105.56
G1 F1200 X181.9 Y104.76 E3255.95213
G1 X53.1 Y104.76 E3260.23603
G1 X53.1 Y105.56 E3260.26264
G1 X181.9 Y105.56 E3264.54655
G0 F9000 X182.3 Y105.96
;TYPE:WALL-OUTER
G1 F1200 X182.3 Y104.36 E3264.59976
G1 X52.7 Y104.36 E3268.91028
G1 X52.7 Y105.96 E3268.96349
G1 X182.3 Y105.96 E3273.27401
G1 F2700 E3268.27401
G0 F9000 X182.02 Y105.682
G0 X181.5 Y105.732
G0 X181.5 Y106.827
G0 X181.5 Y128.173
G0 X181.5 Y129.268
G0 X181.5 Y129.836
;TYPE:WALL-INNER
G1 F2700 E3273.27401
G1 F1200 X53.5 Y129.836 E3277.5313
G1 F2700 E3272.5313
G0 F9000 X181.62 Y129.958
G0 X181.9 Y130.236
G1 F2700 E3277.5313
G1 F1200 X181.9 Y129.436 E3277.55791
G1 X53.1 Y129.436 E3281.84182
G1 X53.1 Y130.236 E3281.86842
G1 X181.9 Y130.236 E3286.15233
G0 F9000 X182.3 Y130.636
;TYPE:WALL-OUTER
G1 F1200 X182.3 Y129.036 E3286.20555
G1 X52.7 Y129.036 E3290.51606
G1 X52.7 Y130.636 E3290.56928
G1 X182.3 Y130.636 E3294.87979
G1 F2700 E3289.87979
;MESH:NONMESH
G0 F300 X182.3 Y130.636 Z10.8
G0 F9000 X182.02 Y130.358
G0 X53.498 Y129.268
G0 X53.498 Y128.173
G0 X53.498 Y106.827
G0 X53.498 Y105.732
G0 X53.498 Y105.073
G0 X53.498 Y105.046
;TIME_ELAPSED:5926.896091
;LAYER:53
;TYPE:WALL-INNER
;MESH:BtnFaceWithWings.stl
G1 F2700 E3294.87979
G1 F1212.1 X181.502 Y105.046 E3299.09465
G0 F9000 X181.9 Y105.444
G1 F1200 X181.9 Y104.648 E3299.12112
G1 X53.1 Y104.648 E3303.40503
G1 X53.1 Y105.444 E3303.4315
G1 X181.9 Y105.444 E3307.71541
G0 F9000 X182.3 Y105.844
;TYPE:WALL-OUTER
G1 F1200 X182.3 Y104.248 E3307.76849
G1 X52.7 Y104.248 E3312.079
G1 X52.7 Y105.844 E3312.13209
G1 X182.3 Y105.844 E3316.4426
G1 F2700 E3311.4426
G0 F9000 X182.02 Y105.567
G0 X181.5 Y105.617
G0 X181.5 Y106.712
G0 X181.5 Y128.288
G0 X181.5 Y129.383
G0 X181.5 Y129.952
;TYPE:WALL-INNER
G1 F2700 E3316.4426
G1 F1200 X53.5 Y129.952 E3320.6999
G1 F2700 E3315.6999
G0 F9000 X181.62 Y130.073
G0 X181.9 Y130.352
G1 F2700 E3320.6999
G1 F1200 X181.9 Y129.552 E3320.72651
G1 X53.1 Y129.552 E3325.01041
G1 X53.1 Y130.352 E3325.03702
G1 X181.9 Y130.352 E3329.32092
G0 F9000 X182.3 Y130.752
;TYPE:WALL-OUTER
G1 F1200 X182.3 Y129.152 E3329.37414
G1 X52.7 Y129.152 E3333.68465
G1 X52.7 Y130.752 E3333.73787
G1 X182.3 Y130.752 E3338.04838
G1 F2700 E3333.04838
;MESH:NONMESH
G0 F300 X182.3 Y130.752 Z11
G0 F9000 X182.02 Y130.473
G0 X53.498 Y129.383
G0 X53.498 Y128.288
G0 X53.498 Y106.712
G0 X53.498 Y105.617
G0 X53.498 Y104.958
G0 X53.498 Y104.93
;TIME_ELAPSED:5996.671701
;LAYER:54
;TYPE:WALL-INNER
;MESH:BtnFaceWithWings.stl
G1 F2700 E3338.04838
G1 F1212.1 X181.502 Y104.93 E3342.26324
G0 F9000 X181.9 Y105.328
G1 F1200 X181.9 Y104.532 E3342.28971
G1 X53.1 Y104.532 E3346.57362
G1 X53.1 Y105.328 E3346.60009
G1 X181.9 Y105.328 E3350.884
G0 F9000 X182.3 Y105.728
;TYPE:WALL-OUTER
G1 F1200 X182.3 Y104.132 E3350.93708
G1 X52.7 Y104.132 E3355.2476
G1 X52.7 Y105.728 E3355.30068
G1 X182.3 Y105.728 E3359.61119
G1 F2700 E3354.61119
G0 F9000 X182.02 Y105.451
G0 X181.5 Y105.501
G0 X181.5 Y106.596
G0 X181.5 Y128.404
G0 X181.5 Y129.499
G0 X181.5 Y130.068
;TYPE:WALL-INNER
G1 F2700 E3359.61119
G1 F1200 X53.5 Y130.068 E3363.86849
G1 F2700 E3358.86849
G0 F9000 X181.62 Y130.189
G0 X181.9 Y130.468
G1 F2700 E3363.86849
G1 F1200 X181.9 Y129.668 E3363.8951
G1 X53.1 Y129.668 E3368.179
G1 X53.1 Y130.468 E3368.20561
G1 X181.9 Y130.468 E3372.48952
G0 F9000 X182.3 Y130.868
;TYPE:WALL-OUTER
G1 F1200 X182.3 Y129.268 E3372.54273
G1 X52.7 Y129.268 E3376.85325
G1 X52.7 Y130.868 E3376.90646
G1 X182.3 Y130.868 E3381.21698
G1 F2700 E3376.21698
;MESH:NONMESH
G0 F300 X182.3 Y130.868 Z11.2
G0 F9000 X182.02 Y130.589
G0 X53.5 Y129.499
G0 X53.5 Y128.404
G0 X53.5 Y106.596
G0 X53.5 Y105.501
G0 X53.5 Y104.842
G0 X53.5 Y104.816
;TIME_ELAPSED:6066.451467
;LAYER:55
;TYPE:WALL-INNER
;MESH:BtnFaceWithWings.stl
G1 F2700 E3381.21698
G1 F1200 X181.5 Y104.816 E3385.47427
G0 F9000 X181.9 Y105.216
G1 F1200 X181.9 Y104.416 E3385.50088
G1 X53.1 Y104.416 E3389.78479
G1 X53.1 Y105.216 E3389.8114
G1 X181.9 Y105.216 E3394.0953
G0 F9000 X182.3 Y105.616
;TYPE:WALL-OUTER
G1 F1200 X182.3 Y104.016 E3394.14852
G1 X52.7 Y104.016 E3398.45903
G1 X52.7 Y105.616 E3398.51225
G1 X182.3 Y105.616 E3402.82276
G1 F2700 E3397.82276
G0 F9000 X182.02 Y105.336
G0 X181.5 Y105.386
G0 X181.5 Y106.481
G0 X181.5 Y128.519
G0 X181.5 Y129.614
G0 X181.5 Y130.184
;TYPE:WALL-INNER
G1 F2700 E3402.82276
G1 F1200 X53.5 Y130.184 E3407.08006
G1 F2700 E3402.08006
G0 F9000 X181.62 Y130.304
G0 X181.9 Y130.584
G1 F2700 E3407.08006
G1 F1200 X181.9 Y129.784 E3407.10667
G1 X53.1 Y129.784 E3411.39057
G1 X53.1 Y130.584 E3411.41718
G1 X181.9 Y130.584 E3415.70109
G0 F9000 X182.3 Y130.984
;TYPE:WALL-OUTER
G1 F1200 X182.3 Y129.384 E3415.7543
G1 X52.7 Y129.384 E3420.06482
G1 X52.7 Y130.984 E3420.11803
G1 X182.3 Y130.984 E3424.42854
G1 F2700 E3419.42854
;MESH:NONMESH
G0 F300 X182.3 Y130.984 Z11.4
G0 F9000 X182.02 Y130.704
G0 X53.5 Y129.614
G0 X53.5 Y128.519
G0 X53.5 Y106.481
G0 X53.5 Y105.386
G0 X53.5 Y104.727
G0 X53.5 Y104.7
;TIME_ELAPSED:6136.300327
;LAYER:56
;TYPE:WALL-INNER
;MESH:BtnFaceWithWings.stl
G1 F2700 E3424.42854
G1 F1200 X181.5 Y104.7 E3428.68584
G0 F9000 X181.9 Y105.1
G1 F1200 X181.9 Y104.3 E3428.71245
G1 X53.1 Y104.3 E3432.99636
G1 X53.1 Y105.1 E3433.02296
G1 X181.9 Y105.1 E3437.30687
G0 F9000 X182.3 Y105.5
;TYPE:WALL-OUTER
G1 F1200 X182.3 Y103.9 E3437.36009
G1 X52.7 Y103.9 E3441.6706
G1 X52.7 Y105.5 E3441.72382
G1 X182.3 Y105.5 E3446.03433
G1 F2700 E3441.03433
G0 F9000 X182.02 Y105.22
G0 X181.5 Y105.27
G0 X181.5 Y106.365
G0 X181.5 Y128.635
G0 X181.5 Y129.73
G0 X181.5 Y130.3
;TYPE:WALL-INNER
G1 F2700 E3446.03433
G1 F1200 X53.5 Y130.3 E3450.29163
G1 F2700 E3445.29163
G0 F9000 X181.62 Y130.42
G0 X181.9 Y130.7
G1 F2700 E3450.29163
G1 F1200 X181.9 Y129.9 E3450.31823
G1 X53.1 Y129.9 E3454.60214
G1 X53.1 Y130.7 E3454.62875
G1 X181.9 Y130.7 E3458.91265
G0 F9000 X182.3 Y131.1
;TYPE:WALL-OUTER
G1 F1200 X182.3 Y129.5 E3458.96587
G1 X52.7 Y129.5 E3463.27638
G1 X52.7 Y131.1 E3463.3296
G1 X182.3 Y131.1 E3467.64011
G1 F2700 E3462.64011
;MESH:NONMESH
G0 F300 X182.3 Y131.1 Z11.6
G0 F9000 X182.02 Y130.82
G0 X53.5 Y129.73
G0 X53.5 Y128.635
G0 X53.5 Y106.365
G0 X53.5 Y105.27
G0 X53.5 Y104.611
G0 X53.5 Y104.584
;TIME_ELAPSED:6206.153334
;LAYER:57
;TYPE:WALL-INNER
;MESH:BtnFaceWithWings.stl
G1 F2700 E3467.64011
G1 F1200 X181.5 Y104.584 E3471.89741
G0 F9000 X181.9 Y104.984
G1 F1200 X181.9 Y104.184 E3471.92402
G1 X53.1 Y104.184 E3476.20792
G1 X53.1 Y104.984 E3476.23453
G1 X181.9 Y104.984 E3480.51844
G0 F9000 X182.3 Y105.384
;TYPE:WALL-OUTER
G1 F1200 X182.3 Y103.784 E3480.57165
G1 X52.7 Y103.784 E3484.88217
G1 X52.7 Y105.384 E3484.93538
G1 X182.3 Y105.384 E3489.2459
G1 F2700 E3484.2459
G0 F9000 X182.02 Y105.105
G0 X181.5 Y105.155
G0 X181.5 Y106.25
G0 X181.5 Y128.75
G0 X181.5 Y129.845
G0 X181.5 Y130.412
;TYPE:WALL-INNER
G1 F2700 E3489.2459
G1 F1200 X53.5 Y130.412 E3493.50319
G1 F2700 E3488.50319
G0 F9000 X181.62 Y130.535
G0 X181.9 Y130.812
G1 F2700 E3493.50319
G1 F1200 X181.9 Y130.012 E3493.5298
G1 X53.1 Y130.012 E3497.81371
G1 X53.1 Y130.812 E3497.84031
G1 X181.9 Y130.812 E3502.12422
G0 F9000 X182.3 Y131.212
;TYPE:WALL-OUTER
G1 F1200 X182.3 Y129.612 E3502.17744
G1 X52.7 Y129.612 E3506.48795
G1 X52.7 Y131.212 E3506.54117
G1 X182.3 Y131.212 E3510.85168
G1 F2700 E3505.85168
;MESH:NONMESH
G0 F300 X182.3 Y131.212 Z11.8
G0 F9000 X182.02 Y130.935
G0 X53.5 Y129.845
G0 X53.5 Y128.75
G0 X53.5 Y106.25
G0 X53.5 Y105.155
G0 X53.5 Y104.496
G0 X53.5 Y104.468
;TIME_ELAPSED:6276.009701
;LAYER:58
;TYPE:WALL-INNER
;MESH:BtnFaceWithWings.stl
G1 F2700 E3510.85168
G1 F1200 X181.5 Y104.468 E3515.10898
G0 F9000 X181.9 Y104.868
G1 F1200 X181.9 Y104.068 E3515.13559
G1 X53.1 Y104.068 E3519.41949
G1 X53.1 Y104.868 E3519.4461
G1 X181.9 Y104.868 E3523.73
G0 F9000 X182.3 Y105.268
;TYPE:WALL-OUTER
G1 F1200 X182.3 Y103.668 E3523.78322
G1 X52.7 Y103.668 E3528.09373
G1 X52.7 Y105.268 E3528.14695
G1 X182.3 Y105.268 E3532.45746
G1 F2700 E3527.45746
G0 F9000 X182.02 Y104.989
G0 X181.5 Y105.039
G0 X181.5 Y106.134
G0 X181.5 Y128.866
G0 X181.5 Y129.961
G0 X181.5 Y130.528
;TYPE:WALL-INNER
G1 F2700 E3532.45746
G1 F1200 X53.5 Y130.528 E3536.71476
G1 F2700 E3531.71476
G0 F9000 X181.62 Y130.651
G0 X181.9 Y130.928
G1 F2700 E3536.71476
G1 F1200 X181.9 Y130.128 E3536.74137
G1 X53.1 Y130.128 E3541.02527
G1 X53.1 Y130.928 E3541.05188
G1 X181.9 Y130.928 E3545.33579
G0 F9000 X182.3 Y131.328
;TYPE:WALL-OUTER
G1 F1200 X182.3 Y129.728 E3545.389
G1 X52.7 Y129.728 E3549.69952
G1 X52.7 Y131.328 E3549.75273
G1 X182.3 Y131.328 E3554.06325
G1 F2700 E3549.06325
;MESH:NONMESH
G0 F300 X182.3 Y131.328 Z12
G0 F9000 X182.02 Y131.051
G0 X53.5 Y129.961
G0 X53.5 Y128.866
G0 X53.5 Y106.134
G0 X53.5 Y105.039
G0 X53.5 Y104.38
G0 X53.5 Y104.352
;TIME_ELAPSED:6345.870178
;LAYER:59
;TYPE:WALL-INNER
;MESH:BtnFaceWithWings.stl
G1 F2700 E3554.06325
G1 F1200 X181.5 Y104.352 E3558.32054
G0 F9000 X181.9 Y104.752
G1 F1200 X181.9 Y103.952 E3558.34715
G1 X53.1 Y103.952 E3562.63106
G1 X53.1 Y104.752 E3562.65767
G1 X181.9 Y104.752 E3566.94157
G0 F9000 X182.3 Y105.152
;TYPE:WALL-OUTER
G1 F1200 X182.3 Y103.552 E3566.99479
G1 X52.7 Y103.552 E3571.3053
G1 X52.7 Y105.152 E3571.35852
G1 X182.3 Y105.152 E3575.66903
G1 F2700 E3570.66903
G0 F9000 X182.02 Y104.874
G0 X181.5 Y104.924
G0 X181.5 Y106.019
G0 X181.5 Y128.981
G0 X181.5 Y130.076
G0 X181.5 Y130.644
;TYPE:WALL-INNER
G1 F2700 E3575.66903
G1 F1200 X53.5 Y130.644 E3579.92633
G1 F2700 E3574.92633
G0 F9000 X181.62 Y130.766
G0 X181.9 Y131.044
G1 F2700 E3579.92633
G1 F1200 X181.9 Y130.244 E3579.95294
G1 X53.1 Y130.244 E3584.23684
G1 X53.1 Y131.044 E3584.26345
G1 X181.9 Y131.044 E3588.54736
G0 F9000 X182.3 Y131.444
;TYPE:WALL-OUTER
G1 F1200 X182.3 Y129.844 E3588.60057
G1 X52.7 Y129.844 E3592.91108
G1 X52.7 Y131.444 E3592.9643
G1 X182.3 Y131.444 E3597.27481
G1 F2700 E3592.27481
;MESH:NONMESH
G0 F300 X182.3 Y131.444 Z12.2
G0 F9000 X182.02 Y131.166
G0 X53.5 Y130.076
G0 X53.5 Y128.981
G0 X53.5 Y106.019
G0 X53.5 Y104.924
G0 X53.5 Y104.265
G0 X53.5 Y104.236
;TIME_ELAPSED:6415.734872
;LAYER:60
;TYPE:WALL-INNER
;MESH:BtnFaceWithWings.stl
G1 F2700 E3597.27481
G1 F1200 X181.5 Y104.236 E3601.53211
G0 F9000 X181.9 Y104.636
G1 F1200 X181.9 Y103.836 E3601.55872
G1 X53.1 Y103.836 E3605.84263
G1 X53.1 Y104.636 E3605.86923
G1 X181.9 Y104.636 E3610.15314
G0 F9000 X182.3 Y105.036
;TYPE:WALL-OUTER
G1 F1200 X182.3 Y103.436 E3610.20636
G1 X52.7 Y103.436 E3614.51687
G1 X52.7 Y105.036 E3614.57008
G1 X182.3 Y105.036 E3618.8806
G1 F2700 E3613.8806
G0 F9000 X182.02 Y104.758
G0 X181.5 Y104.808
G0 X181.5 Y105.903
G0 X181.5 Y129.097
G0 X181.5 Y130.192
G0 X181.5 Y130.76
;TYPE:WALL-INNER
G1 F2700 E3618.8806
G1 F1200 X53.5 Y130.76 E3623.1379
G1 F2700 E3618.1379
G0 F9000 X181.62 Y130.882
G0 X181.9 Y131.16
G1 F2700 E3623.1379
G1 F1200 X181.9 Y130.36 E3623.1645
G1 X53.1 Y130.36 E3627.44841
G1 X53.1 Y131.16 E3627.47502
G1 X181.9 Y131.16 E3631.75892
G0 F9000 X182.3 Y131.56
;TYPE:WALL-OUTER
G1 F1200 X182.3 Y129.96 E3631.81214
G1 X52.7 Y129.96 E3636.12265
G1 X52.7 Y131.56 E3636.17587
G1 X182.3 Y131.56 E3640.48638
G1 F2700 E3635.48638
;MESH:NONMESH
G0 F300 X182.3 Y131.56 Z12.4
G0 F9000 X182.02 Y131.282
G0 X53.498 Y130.192
G0 X53.498 Y129.097
G0 X53.498 Y105.903
G0 X53.498 Y104.808
G0 X53.498 Y104.149
G0 X53.498 Y104.122
;TIME_ELAPSED:6485.603635
;LAYER:61
;TYPE:WALL-INNER
;MESH:BtnFaceWithWings.stl
G1 F2700 E3640.48638
G1 F1212.1 X181.502 Y104.122 E3644.70124
G0 F9000 X181.9 Y104.52
G1 F1200 X181.9 Y103.724 E3644.72771
G1 X53.1 Y103.724 E3649.01162
G1 X53.1 Y104.52 E3649.03809
G1 X181.9 Y104.52 E3653.322
G0 F9000 X182.3 Y104.92
;TYPE:WALL-OUTER
G1 F1200 X182.3 Y103.324 E3653.37508
G1 X52.7 Y103.324 E3657.6856
G1 X52.7 Y104.92 E3657.73868
G1 X182.3 Y104.92 E3662.04919
G1 F2700 E3657.04919
G0 F9000 X182.02 Y104.643
G0 X181.5 Y104.693
G0 X181.5 Y105.788
G0 X181.5 Y129.212
G0 X181.5 Y130.307
G0 X181.5 Y130.876
;TYPE:WALL-INNER
G1 F2700 E3662.04919
G1 F1200 X53.5 Y130.876 E3666.30649
G1 F2700 E3661.30649
G0 F9000 X181.62 Y130.997
G1 F2700 E3666.30649
G0 F9000 X181.9 Y131.276
G1 F1200 X181.9 Y130.476 E3666.3331
G1 X53.1 Y130.476 E3670.617
G1 X53.1 Y131.276 E3670.64361
G1 X181.9 Y131.276 E3674.92752
G0 F9000 X182.3 Y131.676
;TYPE:WALL-OUTER
G1 F1200 X182.3 Y130.076 E3674.98073
G1 X52.7 Y130.076 E3679.29125
G1 X52.7 Y131.676 E3679.34446
G1 X182.3 Y131.676 E3683.65498
;TIME_ELAPSED:6553.585964
G1 F2700 E3678.65498
M140 S0
M107
G91 ;Relative positioning
G1 E-2 F2700 ;Retract a bit
G1 E-2 Z0.2 F2400 ;Retract and raise Z
G1 X5 Y5 F3000 ;Wipe out
G1 Z10 ;Raise Z more
G90 ;Absolute positioning

G1 X0 Y235 ;Present print
M106 S0 ;Turn-off fan
M104 S0 ;Turn-off hotend
M140 S0 ;Turn-off bed

M84 X Y E ;Disable all steppers but Z

M82 ;absolute extrusion mode
M104 S0
;End of Gcode
;SETTING_3 {"global_quality": "[general]\\nversion = 4\\nname = Dynamic Quality 
;SETTING_3 #2\\ndefinition = creality_base\\n\\n[metadata]\\ntype = quality_chan
;SETTING_3 ges\\nquality_type = adaptive\\nsetting_version = 25\\n\\n[values]\\n
;SETTING_3 \\n", "extruder_quality": ["[general]\\nversion = 4\\nname = Dynamic 
;SETTING_3 Quality #2\\ndefinition = creality_ender3\\n\\n[metadata]\\ntype = qu
;SETTING_3 ality_changes\\nquality_type = adaptive\\nsetting_version = 25\\nposi
;SETTING_3 tion = 0\\n\\n[values]\\nretract_at_layer_change = True\\nspeed_print
;SETTING_3  = 40\\nz_seam_type = sharpest_corner\\n\\n"]}
